Observation night in CASLEO (UTC),,,,,,,,,,,,,,,,,,,
,,,,,,,,,,,,,,,,,,,
The meaning of each column is at the end of the table / ,,,,,,,,,,,,,,,,,,,
The rising and setting horizons are the geographical ones imposed by the Cordon del Tontal (E) and the Andes (W),,,,,,,,,,,,,,,,,,,
,,,,,,,,,,,,,,,,,,,
,FLATS,,,Observation night in CASLEO (UT),,,,,,,,FLATS,,,,,,,
,Sunset,*C,*N,*A,,,,,,A*,N*,C*,Sunrise,,,,,,
h☼ →,0°,-6°,-12°,-18°,Night,Moonless hours,,,,-18°,-12°,-6°,0°,Moon,,,,,
Date,Start flats,-,-,Start,Tt.hs,Dark,TD%,from,to,End,-,Start flats,-,Rise,Set,ILL%,,,
2021-Jul-25,21:54,22:19,22:49,23:18,"10,8","0,3",3,23:17,23:37,10:06,10:35,11:05,11:30,23:38,13:04,"98,2",,,
2021-Jul-26,21:54,22:20,22:49,23:18,"10,8","1,4",13,23:17,00:42,10:06,10:35,11:04,11:29,-,13:42,"94,1",,,
2021-Jul-27,21:55,22:20,22:50,23:19,"10,8","2,4",22,23:19,01:41,10:05,10:34,11:04,11:29,00:42,14:15,"87,9",,,
2021-Jul-28,21:56,22:21,22:50,23:19,"10,8","3,4",31,23:19,02:39,10:05,10:34,11:03,11:28,01:42,14:44,"80,2",,,
2021-Jul-29,21:56,22:21,22:51,23:20,"10,7","4,3",40,23:19,03:35,10:04,10:33,11:02,11:27,02:40,15:13,"71,5",,,
2021-Jul-30,21:57,22:22,22:51,23:20,"10,7","5,2",48,23:19,04:30,10:03,10:32,11:02,11:27,03:36,15:41,"62,2",,,
2021-Jul-31,21:57,22:22,22:52,23:21,"10,7","6,1",57,23:21,05:26,10:03,10:32,11:01,11:26,04:31,16:10,"52,6",,,
2021-Aug-01,21:58,22:23,22:52,23:21,"10,7","7,0",66,23:21,06:20,10:02,10:31,11:00,11:25,05:26,16:41,"43,1",,,
2021-Aug-02,21:59,22:24,22:53,23:22,"10,7","7,9",74,23:21,07:16,10:02,10:30,11:00,11:24,06:21,17:16,"33,9",,,
2021-Aug-03,21:59,22:24,22:54,23:22,"10,7","8,9",83,23:21,08:12,10:01,10:30,10:59,11:24,07:17,17:55,"25,3",,,
2021-Aug-04,22:00,22:25,22:54,23:23,"10,6","9,8",92,23:23,09:08,10:00,10:29,10:58,11:23,08:13,18:39,"17,6",,,
2021-Aug-05,22:01,22:25,22:55,23:24,"10,6","10,6",100,23:24,09:58,09:59,10:28,10:57,11:22,09:08,19:29,"10,9",,21:37,18:37:00
2021-Aug-06,22:01,22:26,22:55,23:24,"10,6","10,6",100,23:24,09:58,09:59,10:27,10:56,11:21,10:00,20:25,"5,7",PM,23:44,20:44:00
2021-Aug-07,22:02,22:27,22:56,23:25,"10,6","10,5",100,23:24,09:56,09:58,10:27,10:56,11:20,10:47,21:24,"2,0",AM,,21:00:00
2021-Aug-08,22:02,22:27,22:56,23:25,"10,5","10,5",100,23:24,09:56,09:57,10:26,10:55,11:19,11:30,22:26,"0,3",,,03:00:00
2021-Aug-09,22:03,22:28,22:57,23:26,"10,5","10,5",100,23:28,09:56,09:56,10:25,10:54,11:19,12:09,23:28,"0,6",,11:37,08:37:00
2021-Aug-10,22:04,22:28,22:58,23:26,"10,5","9,4",90,00:31,09:54,09:56,10:24,10:53,11:18,12:44,-,"3,2",,,
2021-Aug-11,22:04,22:29,22:58,23:27,"10,5","8,3",80,01:34,09:54,09:55,10:23,10:52,11:17,13:17,00:31,"7,9",,,
2021-Aug-12,22:05,22:30,22:59,23:27,"10,5","7,3",70,02:37,09:53,09:54,10:22,10:51,11:16,13:49,01:34,"14,7",,,
2021-Aug-13,22:06,22:30,22:59,23:28,"10,4","6,2",59,03:42,09:51,09:53,10:21,10:50,11:15,14:21,02:37,"23,4",,,
2021-Aug-14,22:06,22:31,23:00,23:28,"10,4","5,0",48,04:48,09:51,09:52,10:21,10:49,11:14,14:55,03:42,"33,4",,,
2021-Aug-15,22:07,22:31,23:00,23:29,"10,4","3,9",37,05:57,09:49,09:51,10:20,10:48,11:13,15:32,04:49,"44,5",,,
2021-Aug-16,22:07,22:32,23:01,23:29,"10,4","2,7",26,07:05,09:49,09:50,10:19,10:47,11:12,16:15,05:57,"55,9",,,
2021-Aug-17,22:08,22:33,23:01,23:30,"10,3","1,6",15,08:12,09:47,09:49,10:18,10:46,11:11,17:05,07:06,"67,2",,,
2021-Aug-18,22:09,22:33,23:02,23:30,"10,3","0,5",5,09:15,09:47,09:48,10:17,10:45,11:10,18:02,08:13,"77,5",,,
2021-Aug-19,22:09,22:34,23:03,23:31,"10,3","0,0",0,-,-,09:47,10:16,10:44,11:09,19:05,09:16,"86,4",,,
2021-Aug-20,22:10,22:34,23:03,23:31,"10,3","0,0",0,-,-,09:46,10:15,10:43,11:08,20:12,10:10,"93,2",,,
2021-Aug-21,22:10,22:35,23:04,23:32,"10,2","0,0",0,-,-,09:45,10:14,10:42,11:06,21:19,10:57,"97,8",,,
2021-Aug-22,22:11,22:36,23:04,23:33,"10,2","0,0",0,-,-,09:44,10:13,10:41,11:05,22:25,11:37,"99,7",,,
2021-Aug-23,22:12,22:36,23:05,23:33,"10,2","0,0",0,-,-,09:43,10:11,10:40,11:04,23:27,12:12,"99,2",,,
2021-Aug-24,22:12,22:37,23:05,23:34,"10,1","0,9",9,23:33,00:26,09:42,10:10,10:39,11:03,-,12:43,"96,4",,,
2021-Aug-25,22:13,22:37,23:06,23:34,"10,1","1,8",18,23:33,01:23,09:41,10:09,10:38,11:02,00:27,13:12,"91,5",,,
2021-Aug-26,22:13,22:38,23:06,23:35,"10,1","2,8",27,23:35,02:19,09:40,10:08,10:37,11:01,01:24,13:40,"85,1",,,
2021-Aug-27,22:14,22:39,23:07,23:35,"10,1","3,7",37,23:35,03:15,09:39,10:07,10:35,11:00,02:20,14:09,"77,3",,,
2021-Aug-28,22:15,22:39,23:08,23:36,"10,0","4,6",46,23:35,04:11,09:38,10:06,10:34,10:58,03:16,14:39,"68,8",,,
2021-Aug-29,22:15,22:40,23:08,23:36,"10,0","5,5",55,23:35,05:08,09:36,10:05,10:33,10:57,04:12,15:12,"59,6",,,
2021-Aug-30,22:16,22:40,23:09,23:37,"10,0","6,4",65,23:37,06:02,09:35,10:04,10:32,10:56,05:08,15:49,"50,2",,,
2021-Aug-31,22:16,22:41,23:09,23:37,"10,0","7,4",74,23:37,06:58,09:34,10:02,10:31,10:55,06:03,16:31,"40,8",,,
2021-Sep-01,22:17,22:41,23:10,23:38,"9,9","8,2",83,23:37,07:50,09:33,10:01,10:29,10:54,06:58,17:19,"31,7",,,
2021-Sep-02,22:18,22:42,23:10,23:39,"9,9","9,0",91,23:39,08:39,09:32,10:00,10:28,10:52,07:51,18:12,"23,1",,,
2021-Sep-03,22:18,22:43,23:11,23:39,"9,9","9,8",99,23:39,09:24,09:31,09:59,10:27,10:51,08:40,19:10,"15,4",,,
2021-Sep-04,22:19,22:43,23:11,23:40,"9,8","9,8",100,23:39,09:27,09:29,09:58,10:26,10:50,09:25,20:11,"8,9",,,
2021-Sep-05,22:19,22:44,23:12,23:40,"9,8","9,8",100,23:39,09:26,09:28,09:56,10:25,10:49,10:06,21:14,"4,0",,,
2021-Sep-06,22:20,22:44,23:13,23:41,"9,8","9,8",100,23:41,09:26,09:27,09:55,10:23,10:47,10:43,22:18,"1,0",,,
2021-Sep-07,22:21,22:45,23:13,23:41,"9,8","9,7",100,23:41,09:24,09:26,09:54,10:22,10:46,11:17,23:22,"0,3",,,
2021-Sep-08,22:21,22:45,23:14,23:42,"9,7","8,9",92,00:26,09:22,09:24,09:53,10:21,10:45,11:49,-,"1,9",,,
2021-Sep-09,22:22,22:46,23:14,23:43,"9,7","7,8",81,01:32,09:22,09:23,09:51,10:19,10:44,12:22,00:27,"6,0",,,
2021-Sep-10,22:22,22:47,23:15,23:43,"9,7","6,7",69,02:41,09:20,09:22,09:50,10:18,10:42,12:55,01:33,"12,5",,,
2021-Sep-11,22:23,22:47,23:15,23:44,"9,6","5,5",57,03:49,09:18,09:20,09:49,10:17,10:41,13:32,02:41,"20,9",,,
2021-Sep-12,22:23,22:48,23:16,23:44,"9,6","4,3",45,04:59,09:18,09:19,09:47,10:16,10:40,14:13,03:50,"31,0",,,
2021-Sep-13,22:24,22:48,23:17,23:45,"9,6","3,2",33,06:06,09:15,09:18,09:46,10:14,10:38,15:01,04:59,"42,0",,,
2021-Sep-14,22:25,22:49,23:17,23:46,"9,5","2,1",22,07:09,09:15,09:16,09:45,10:13,10:37,15:55,06:07,"53,4",,,
2021-Sep-15,22:25,22:50,23:18,23:46,"9,5","1,1",12,08:05,09:13,09:15,09:43,10:12,10:36,16:56,07:10,"64,6",,,
2021-Sep-16,22:26,22:50,23:18,23:47,"9,5","0,3",3,08:53,09:11,09:14,09:42,10:10,10:34,18:00,08:06,"75,0",,,
2021-Sep-17,22:26,22:51,23:19,23:48,"9,4","0,0",0,-,-,09:12,09:41,10:09,10:33,19:07,08:54,"83,9",,,
2021-Sep-18,22:27,22:51,23:20,23:48,"9,4","0,0",0,-,-,09:11,09:40,10:08,10:32,20:11,09:35,"91,1",,,
2021-Sep-19,22:28,22:52,23:20,23:49,"9,4","0,0",0,-,-,09:10,09:38,10:06,10:30,21:14,10:11,"96,3",,,
2021-Sep-20,22:28,22:53,23:21,23:49,"9,3","0,0",0,-,-,09:08,09:37,10:05,10:29,22:14,10:42,"99,2",,,
2021-Sep-21,22:29,22:53,23:22,23:50,"9,3","0,0",0,-,-,09:07,09:35,10:04,10:28,23:12,11:12,"99,8",,,
2021-Sep-22,22:30,22:54,23:22,23:51,"9,3","0,3",3,23:50,00:09,09:06,09:34,10:02,10:27,-,11:40,"98,3",,,
2021-Sep-23,22:30,22:54,23:23,23:52,"9,2","1,2",13,23:51,01:05,09:04,09:33,10:01,10:25,00:09,12:08,"94,8",,,
2021-Sep-24,22:31,22:55,23:24,23:52,"9,2","2,2",23,23:51,02:01,09:03,09:31,10:00,10:24,01:05,12:38,"89,7",,,
2021-Sep-25,22:31,22:56,23:24,23:53,"9,1","3,1",34,23:53,02:57,09:01,09:30,09:59,10:23,02:01,13:10,"83,1",,,
2021-Sep-26,22:32,22:56,23:25,23:54,"9,1","4,0",44,23:53,03:54,09:00,09:29,09:57,10:21,02:58,13:45,"75,4",,,
2021-Sep-27,22:33,22:57,23:25,23:54,"9,1","4,9",54,23:53,04:48,08:59,09:27,09:56,10:20,03:54,14:25,"66,8",,,
2021-Sep-28,22:33,22:58,23:26,23:55,"9,0","5,8",64,23:55,05:41,08:57,09:26,09:55,10:19,04:49,15:10,"57,7",,,
2021-Sep-29,22:34,22:58,23:27,23:56,"9,0","6,6",73,23:55,06:31,08:56,09:25,09:53,10:17,05:42,16:0,"48,2",,,
2021-Sep-30,22:35,22:59,23:28,23:57,"9,0","7,4",82,23:57,07:18,08:54,09:23,09:52,10:16,06:32,16:56,"38,6",,,
2021-Oct-01,22:35,23:00,23:28,23:57,"8,9","8,1",90,23:57,07:59,08:53,09:22,09:51,10:15,07:18,17:55,"29,3",,,
2021-Oct-02,22:36,23:00,23:29,23:58,"8,9","8,7",97,23:57,08:37,08:52,09:21,09:49,10:13,08:00,18:56,"20,6",,,
2021-Oct-03,22:37,23:01,23:30,23:59,"8,9","8,8",100,23:59,08:48,08:50,09:19,09:48,10:12,08:38,20:0,"12,9",,,
2021-Oct-04,22:37,23:02,23:30,00:00,"8,8","8,8",100,00:00,08:46,08:49,09:18,09:47,10:11,09:13,21:04,"6,6",,,
2021-Oct-05,22:38,23:02,23:31,00:00,"8,8","8,8",100,00:00,08:46,08:47,09:17,09:45,10:10,09:46,22:09,"2,3",,,
2021-Oct-06,22:39,23:03,23:32,00:01,"8,8","8,7",100,00:00,08:44,08:46,09:15,09:44,10:08,10:19,23:16,"0,2",,,
2021-Oct-07,22:39,23:04,23:33,00:02,"8,7","8,3",95,00:24,08:42,08:45,09:14,09:43,10:07,10:53,-,"0,9",,,
2021-Oct-08,22:40,23:04,23:33,00:03,"8,7","7,1",82,01:36,08:41,08:43,09:13,09:42,10:06,11:29,00:25,"4,2",,,
2021-Oct-09,22:41,23:05,23:34,00:04,"8,6","5,9",68,02:48,08:39,08:42,09:11,09:40,10:05,12:09,01:36,"10,2",,,
2021-Oct-10,22:41,23:06,23:35,00:05,"8,6","4,7",54,03:58,08:39,08:40,09:10,09:39,10:03,12:56,02:48,"18,3",,,
2021-Oct-11,22:42,23:07,23:36,00:05,"8,6","3,6",41,05:05,08:37,08:39,09:09,09:38,10:02,13:49,03:59,"28,2",,,
2021-Oct-12,22:43,23:07,23:37,00:06,"8,5","2,6",30,06:02,08:35,08:38,09:07,09:37,10:01,14:49,05:05,"39,1",,,
2021-Oct-13,22:44,23:08,23:37,00:07,"8,5","1,7",20,06:54,08:35,08:36,09:06,09:35,10:00,15:53,06:03,"50,3",,,
2021-Oct-14,22:44,23:09,23:38,00:08,"8,5","1,0",11,07:36,08:33,08:35,09:05,09:34,09:59,16:59,06:54,"61,3",,,
2021-Oct-15,22:45,23:10,23:39,00:09,"8,4","0,3",4,08:12,08:32,08:33,09:04,09:33,09:57,18:03,07:36,"71,6",,,
2021-Oct-16,22:46,23:10,23:40,00:10,"8,4","0,0",0,-,-,08:32,09:02,09:32,09:56,19:06,08:12,"80,7",,,
2021-Oct-17,22:46,23:11,23:41,00:11,"8,3","0,0",0,-,-,08:31,09:01,09:31,09:55,20:06,08:45,"88,3",,,
2021-Oct-18,22:47,23:12,23:41,00:12,"8,3","0,0",0,-,-,08:29,09:00,09:29,09:54,21:04,09:14,"94,1",,,
2021-Oct-19,22:48,23:13,23:42,00:13,"8,3","0,0",0,-,-,08:28,08:58,09:28,09:53,22:00,09:42,"98,0",,,
2021-Oct-20,22:49,23:14,23:43,00:14,"8,2","0,0",0,-,-,08:27,08:57,09:27,09:52,22:56,10:10,"99,8",,,
2021-Oct-21,22:50,23:14,23:44,00:15,"8,2","0,0",0,-,-,08:25,08:56,09:26,09:50,23:52,10:38,"99,6",,,
2021-Oct-22,22:50,23:15,23:45,00:16,"8,1","0,6",7,00:15,00:49,08:24,08:55,09:25,09:49,-,11:09,"97,6",,,
2021-Oct-23,22:51,23:16,23:46,00:17,"8,1","1,5",18,00:17,01:45,08:23,08:54,09:24,09:48,00:49,11:43,"93,8",,,
2021-Oct-24,22:52,23:17,23:47,00:18,"8,1","2,4",30,00:18,02:41,08:21,08:52,09:23,09:47,01:45,12:21,"88,4",,,
2021-Oct-25,22:53,23:18,23:48,00:19,"8,0","3,3",41,00:18,03:35,08:20,08:51,09:21,09:46,02:41,13:04,"81,7",,,
2021-Oct-26,22:54,23:18,23:49,00:20,"8,0","4,1",51,00:20,04:25,08:19,08:50,09:20,09:45,03:35,13:52,"73,8",,,
2021-Oct-27,22:54,23:19,23:50,00:21,"8,0","4,9",61,00:20,05:12,08:18,08:49,09:19,09:44,04:26,14:45,"65,1",,,
2021-Oct-28,22:55,23:20,23:51,00:22,"7,9","5,6",70,00:22,05:55,08:16,08:48,09:18,09:43,05:13,15:41,"55,7",,,
2021-Oct-29,22:56,23:21,23:51,00:23,"7,9","6,2",79,00:22,06:33,08:15,08:47,09:17,09:42,05:55,16:41,"45,8",,,
2021-Oct-30,22:57,23:22,23:52,00:24,"7,8","6,8",86,00:24,07:09,08:14,08:46,09:16,09:41,06:34,17:42,"35,9",,,
2021-Oct-31,22:58,23:23,23:53,00:25,"7,8","7,3",93,00:24,07:41,08:13,08:45,09:15,09:40,07:09,18:44,"26,3",,,
2021-Nov-01,22:59,23:24,23:54,00:26,"7,8","7,7",100,00:26,08:10,08:12,08:44,09:14,09:39,07:42,19:48,"17,4",,,
2021-Nov-02,23:00,23:25,23:55,00:27,"7,7","7,7",100,00:26,08:08,08:10,08:43,09:13,09:39,08:14,20:53,"9,8",,,
2021-Nov-03,23:00,23:25,23:56,00:29,"7,7","7,7",100,00:29,08:08,08:09,08:42,09:12,09:38,08:47,22:01,"4,1",,,
2021-Nov-04,23:01,23:26,23:57,00:30,"7,6","7,6",100,00:29,08:06,08:08,08:41,09:12,09:37,09:22,23:12,"0,7",,,
2021-Nov-05,23:02,23:27,23:58,00:31,"7,6","7,6",100,00:31,08:05,08:07,08:40,09:11,09:36,10:1,-,"0,2",,,
2021-Nov-06,23:03,23:28,23:59,00:32,"7,6","6,4",85,01:41,08:05,08:06,08:39,09:10,09:35,10:46,00:26,"2,6",,,
2021-Nov-07,23:04,23:29,00:00,00:33,"7,5","5,2",69,02:51,08:03,08:05,08:38,09:09,09:34,11:38,01:41,"7,8",,,
2021-Nov-08,23:05,23:30,00:01,00:34,"7,5","4,1",55,03:56,08:03,08:04,08:37,09:08,09:34,12:37,02:52,"15,4",,,
2021-Nov-09,23:06,23:31,00:02,00:35,"7,5","3,2",43,04:50,08:01,08:03,08:36,09:07,09:33,13:42,03:56,"24,7",,,
2021-Nov-10,23:07,23:32,00:04,00:37,"7,4","2,4",32,05:37,08:01,08:02,08:35,09:07,09:32,14:50,04:51,"35,2",,,
2021-Nov-11,23:08,23:33,00:05,00:38,"7,4","1,8",24,06:15,07:59,08:01,08:34,09:06,09:31,15:56,05:37,"46,1",,,
2021-Nov-12,23:08,23:34,00:06,00:39,"7,4","1,2",16,06:47,07:59,08:00,08:33,09:05,09:31,17:00,06:15,"57,0",,,
2021-Nov-13,23:09,23:35,00:07,00:40,"7,3","0,7",9,07:18,07:57,07:59,08:33,09:05,09:30,18:00,06:48,"67,2",,,
2021-Nov-14,23:10,23:36,00:08,00:41,"7,3","0,2",2,07:45,07:56,07:58,08:32,09:04,09:30,18:58,07:18,"76,4",,,
2021-Nov-15,23:11,23:37,00:09,00:42,"7,3","0,0",0,-,-,07:57,08:31,09:03,09:29,19:54,07:46,"84,4",,,
2021-Nov-16,23:12,23:38,00:10,00:44,"7,2","0,0",0,-,-,07:56,08:30,09:03,09:28,20:50,08:13,"90,9",,,
2021-Nov-17,23:13,23:39,00:11,00:45,"7,2","0,0",0,-,-,07:56,08:30,09:02,09:28,21:45,08:41,"95,7",,,
2021-Nov-18,23:14,23:40,00:12,00:46,"7,2","0,0",0,-,-,07:55,08:29,09:02,09:27,22:41,09:11,"98,8",,,
2021-Nov-19,23:15,23:40,00:13,00:47,"7,1","0,0",0,-,-,07:54,08:28,09:01,09:27,23:38,09:43,"100,0",,,
2021-Nov-20,23:16,23:41,00:14,00:48,"7,1","0,0",0,-,-,07:53,08:28,09:01,09:26,-,10:20,"99,3",,,
2021-Nov-21,23:17,23:42,00:15,00:49,"7,1","0,7",9,00:49,01:29,07:53,08:27,09:00,09:26,00:34,11:01,"96,9",,,
2021-Nov-22,23:18,23:43,00:16,00:51,"7,0","1,5",21,00:51,02:21,07:52,08:27,09:00,09:26,01:29,11:47,"92,8",,,
2021-Nov-23,23:19,23:44,00:17,00:52,"7,0","2,3",33,00:51,03:09,07:51,08:26,08:59,09:25,02:21,12:38,"87,2",,,
2021-Nov-24,23:19,23:45,00:18,00:53,"7,0","3,0",43,00:53,03:53,07:51,08:26,08:59,09:25,03:09,13:33,"80,1",,,
2021-Nov-25,23:20,23:46,00:19,00:54,"6,9","3,6",52,00:54,04:32,07:50,08:25,08:59,09:25,03:53,14:30,"71,9",,,
2021-Nov-26,23:21,23:47,00:20,00:55,"6,9","4,2",61,00:54,05:06,07:50,08:25,08:58,09:24,04:32,15:29,"62,7",,,
2021-Nov-27,23:22,23:48,00:21,00:56,"6,9","4,7",69,00:56,05:39,07:49,08:25,08:58,09:24,05:07,16:29,"52,8",,,
2021-Nov-28,23:23,23:49,00:22,00:57,"6,9","5,2",76,00:56,06:11,07:49,08:24,08:58,09:24,05:40,17:30,"42,4",,,
2021-Nov-29,23:24,23:50,00:23,00:58,"6,8","5,7",84,00:58,06:42,07:48,08:24,08:57,09:24,06:11,18:32,"32,1",,,
2021-Nov-30,23:25,23:51,00:24,00:59,"6,8","6,3",92,00:58,07:14,07:48,08:24,08:57,09:24,06:42,19:37,"22,2",,,
2021-Dec-01,23:26,23:51,00:25,01:00,"6,8","6,8",100,01:00,07:47,07:47,08:24,08:57,09:23,07:15,20:45,"13,5",,,
2021-Dec-02,23:26,23:52,00:26,01:02,"6,8","6,8",100,01:02,07:47,07:47,08:23,08:57,09:23,07:51,21:57,"6,5",,,
2021-Dec-03,23:27,23:53,00:27,01:03,"6,7","6,7",100,01:03,07:47,07:47,08:23,08:57,09:23,08:32,23:12,"1,8",,,
2021-Dec-04,23:28,23:54,00:28,01:04,"6,7","6,7",100,01:03,07:45,07:47,08:23,08:57,09:23,09:21,-,"0,0",,,
2021-Dec-05,23:29,23:55,00:29,01:05,"6,7","6,2",92,01:36,07:45,07:46,08:23,08:57,09:23,10:18,00:27,"1,2",,,
2021-Dec-06,23:30,23:56,00:29,01:05,"6,7","5,1",77,02:39,07:45,07:46,08:23,08:57,09:23,11:23,01:37,"5,4",,,
2021-Dec-07,23:30,23:56,00:30,01:06,"6,7","4,3",64,03:31,07:45,07:46,08:23,08:57,09:23,12:32,02:39,"12,0",,,
2021-Dec-08,23:31,23:57,00:31,01:07,"6,7","3,6",53,04:12,07:45,07:46,08:23,08:57,09:24,13:42,03:31,"20,6",,,
2021-Dec-09,23:32,23:58,00:32,01:08,"6,6","3,0",44,04:48,07:45,07:46,08:23,08:57,09:24,14:49,04:13,"30,3",,,
2021-Dec-10,23:33,23:59,00:33,01:09,"6,6","2,4",37,05:21,07:45,07:46,08:23,08:57,09:24,15:52,04:49,"40,7",,,
2021-Dec-11,23:33,23:59,00:33,01:10,"6,6","2,0",30,05:48,07:45,07:46,08:23,08:57,09:24,16:52,05:21,"51,2",,,
2021-Dec-12,23:34,00:00,00:34,01:11,"6,6","1,5",22,06:17,07:45,07:46,08:23,08:58,09:24,17:49,05:49,"61,3",,,
2021-Dec-13,23:35,00:01,00:35,01:11,"6,6","1,1",16,06:44,07:47,07:46,08:24,08:58,09:24,18:45,06:17,"70,7",,,
2021-Dec-14,23:35,00:02,00:36,01:12,"6,6","0,6",9,07:12,07:47,07:47,08:24,08:58,09:25,19:40,06:44,"79,2",,,
2021-Dec-15,23:36,00:02,00:36,01:13,"6,6","0,0",0,07:45,07:47,07:47,08:24,08:58,09:25,20:36,07:13,"86,4",,,
2021-Dec-16,23:37,00:03,00:37,01:14,"6,6","0,0",0,-,-,07:47,08:24,08:59,09:25,21:32,07:45,"92,2",,,
2021-Dec-17,23:37,00:03,00:38,01:14,"6,6","0,0",0,-,-,07:47,08:25,08:59,09:26,22:28,08:20,"96,5",,,
2021-Dec-18,23:38,00:04,00:38,01:15,"6,6","0,0",0,-,-,07:48,08:25,08:59,09:26,23:23,08:59,"99,1",,,
2021-Dec-19,23:38,00:05,00:39,01:15,"6,6","0,0",0,-,-,07:48,08:25,09:00,09:27,-,9:44,"99,9",,,
2021-Dec-20,23:39,00:05,00:39,01:16,"6,6","0,0",0,-,-,07:49,08:26,09:00,09:27,00:17,10:34,"99,0",,,
2021-Dec-21,23:39,00:06,00:40,01:16,"6,6","0,6",9,01:16,01:50,07:49,08:26,09:01,09:28,01:06,11:28,"96,2",,,
2021-Dec-22,23:40,00:06,00:40,01:17,"6,6","1,3",19,01:16,02:32,07:50,08:27,09:01,09:28,01:51,12:24,"91,6",,,
2021-Dec-23,23:40,00:06,00:41,01:17,"6,6","1,9",28,01:16,03:08,07:50,08:27,09:02,09:29,02:32,13:23,"85,5",,,
2021-Dec-24,23:41,00:07,00:41,01:18,"6,6","2,4",36,01:18,03:40,07:51,08:28,09:02,09:29,03:08,14:22,"77,8",,,
2021-Dec-25,23:41,00:07,00:41,01:18,"6,6","2,9",44,01:18,04:11,07:51,08:29,09:03,09:30,03:41,15:21,"68,9",,,
2021-Dec-26,23:42,00:08,00:42,01:18,"6,6","3,4",51,01:18,04:41,07:52,08:29,09:04,09:30,04:11,16:21,"59,0",,,
2021-Dec-27,23:42,00:08,00:42,01:19,"6,6","3,9",59,01:18,05:12,07:53,08:30,09:04,09:31,04:41,17:22,"48,4",,,
2021-Dec-28,23:42,00:08,00:42,01:19,"6,6","4,4",67,01:18,05:44,07:53,08:30,09:05,09:32,05:12,18:26,"37,6",,,
2021-Dec-29,23:42,00:09,00:43,01:19,"6,6","5,1",77,01:18,06:22,07:54,08:31,09:06,09:32,05:45,19:33,"27,0",,,
2021-Dec-30,23:43,00:09,00:43,01:19,"6,6","5,8",87,01:18,07:05,07:55,08:32,09:06,09:33,06:22,20:44,"17,4",,,
2021-Dec-31,23:43,00:09,00:43,01:19,"6,6","6,6",100,01:18,07:56,07:56,08:33,09:07,09:34,07:05,21:58,"9,3",,,
2022-Jan-01,23:43,00:09,00:43,01:19,"6,6","6,6",100,01:18,07:56,07:57,08:33,09:08,09:34,07:57,23:11,"3,5",,,
2022-Jan-02,23:43,00:09,00:43,01:19,"6,6","6,7",100,01:18,07:57,07:57,08:34,09:09,09:35,08:58,-,"0,5",,,
2022-Jan-03,23:44,00:10,00:43,01:19,"6,7","6,7",100,01:18,07:59,07:58,08:35,09:09,09:36,10:06,00:18,"0,4",,,
2022-Jan-04,23:44,00:10,00:43,01:19,"6,7","5,9",89,02:05,07:59,07:59,08:36,09:10,09:37,11:18,01:16,"3,2",,,
2022-Jan-05,23:44,00:10,00:43,01:19,"6,7","5,3",79,02:44,08:01,08:00,08:37,09:11,09:37,12:29,02:05,"8,5",,,
2022-Jan-06,23:44,00:10,00:43,01:19,"6,7","4,7",70,03:18,08:01,08:01,08:38,09:12,09:38,13:37,02:45,"15,9",,,
2022-Jan-07,23:44,00:10,00:43,01:19,"6,7","4,2",63,03:49,08:03,08:02,08:39,09:13,09:39,14:40,03:19,"24,7",,,
2022-Jan-08,23:44,00:10,00:43,01:19,"6,7","3,8",56,04:18,08:03,08:03,08:40,09:14,09:40,15:40,03:50,"34,3",,,
2022-Jan-09,23:44,00:10,00:43,01:19,"6,8","3,3",49,04:45,08:05,08:04,08:41,09:14,09:41,16:37,04:18,"44,3",,,
2022-Jan-10,23:44,00:10,00:43,01:18,"6,8","2,9",42,05:15,08:06,08:05,08:42,09:15,09:42,17:34,04:46,"54,2",,,
2022-Jan-11,23:44,00:09,00:43,01:18,"6,8","2,4",35,05:46,08:08,08:07,08:43,09:16,09:43,18:29,05:15,"63,7",,,
2022-Jan-12,23:43,00:09,00:42,01:18,"6,8","1,8",27,06:18,08:08,08:08,08:44,09:17,09:43,19:25,05:46,"72,5",,,
2022-Jan-13,23:43,00:09,00:42,01:17,"6,9","1,2",18,06:56,08:10,08:09,08:45,09:18,09:44,20:21,06:19,"80,5",,,
2022-Jan-14,23:43,00:09,00:42,01:17,"6,9","0,5",8,07:39,08:10,08:10,08:46,09:19,09:45,21:17,06:57,"87,4",,,
2022-Jan-15,23:43,00:09,00:42,01:16,"6,9","0,0",0,-,-,08:11,08:47,09:20,09:46,22:11,07:40,"92,9",,,
2022-Jan-16,23:43,00:08,00:41,01:16,"6,9","0,0",0,-,-,08:12,08:48,09:21,09:47,23:02,08:28,"96,9",,,
2022-Jan-17,23:42,00:08,00:41,01:15,"7,0","0,0",0,-,-,08:14,08:49,09:22,09:48,23:49,09:22,"99,2",,,
2022-Jan-18,23:42,00:08,00:40,01:15,"7,0","0,0",0,-,-,08:15,08:50,09:23,09:49,-,10:18,"99,8",,,
2022-Jan-19,23:42,00:07,00:40,01:14,"7,0","0,0",0,-,-,08:16,08:51,09:24,09:50,00:31,11:17,"98,4",,,
2022-Jan-20,23:41,00:07,00:39,01:14,"7,1","0,5",7,01:14,01:43,08:17,08:52,09:25,09:51,01:09,12:16,"95,0",,,
2022-Jan-21,23:41,00:06,00:39,01:13,"7,1","1,0",14,01:12,02:14,08:18,08:53,09:26,09:52,01:43,13:16,"89,8",,,
2022-Jan-22,23:40,00:06,00:38,01:12,"7,1","1,5",21,01:11,02:44,08:20,08:54,09:27,09:53,02:14,14:15,"82,7",,,
2022-Jan-23,23:40,00:06,00:38,01:12,"7,2","2,0",28,01:11,03:13,08:21,08:55,09:28,09:54,02:44,15:15,"74,1",,,
2022-Jan-24,23:40,00:05,00:37,01:11,"7,2","2,6",35,01:11,03:44,08:22,08:56,09:29,09:55,03:13,16:16,"64,3",,,
2022-Jan-25,23:39,00:05,00:36,01:10,"7,2","3,1",43,01:09,04:18,08:23,08:58,09:30,09:56,03:44,17:20,"53,5",,,
2022-Jan-26,23:39,00:04,00:36,01:09,"7,3","3,8",52,01:09,04:56,08:25,08:59,09:31,09:57,04:18,18:27,"42,4",,,
2022-Jan-27,23:38,00:03,00:35,01:09,"7,3","4,6",63,01:09,05:42,08:26,09:00,09:32,09:58,04:57,19:38,"31,3",,,
2022-Jan-28,23:37,00:03,00:34,01:08,"7,3","5,5",75,01:07,06:38,08:27,09:01,09:33,09:58,05:43,20:49,"21,1",,,
2022-Jan-29,23:37,00:02,00:34,01:07,"7,4","6,6",90,01:07,07:41,08:28,09:02,09:34,09:59,06:38,21:57,"12,4",,,
2022-Jan-30,23:36,00:01,00:33,01:06,"7,4","7,4",100,01:05,08:30,08:30,09:03,09:35,10:00,07:42,22:58,"5,7",,,
2022-Jan-31,23:35,00:01,00:32,01:05,"7,4","7,5",100,01:05,08:32,08:31,09:04,09:36,10:01,08:52,23:51,"1,5",,,
2022-Feb-01,23:35,00:00,00:31,01:04,"7,5","7,5",100,01:03,08:33,08:32,09:05,09:37,10:02,10:4,-,"0,1",,,
2022-Feb-02,23:34,23:59,00:30,01:03,"7,5","7,4",98,01:12,08:35,08:33,09:06,09:38,10:03,11:14,00:36,"1,5",,,
2022-Feb-03,23:33,23:59,00:30,01:02,"7,6","6,8",90,01:47,08:35,08:35,09:07,09:39,10:04,12:21,01:13,"5,3",,,
2022-Feb-04,23:33,23:58,00:29,01:01,"7,6","6,3",83,02:17,08:37,08:36,09:09,09:40,10:05,13:24,01:47,"11,3",,,
2022-Feb-05,23:32,23:57,00:28,01:00,"7,6","5,9",77,02:46,08:37,08:37,09:10,09:41,10:06,14:24,02:17,"18,8",,,
2022-Feb-06,23:31,23:56,00:27,00:59,"7,7","5,4",71,03:13,08:39,08:38,09:11,09:42,10:07,15:23,02:46,"27,4",,,
2022-Feb-07,23:30,23:55,00:26,00:58,"7,7","4,9",64,03:45,08:41,08:39,09:12,09:43,10:08,16:20,03:14,"36,6",,,
2022-Feb-08,23:29,23:54,00:25,00:57,"7,7","4,4",57,04:18,08:41,08:41,09:13,09:44,10:09,17:16,03:45,"46,2",,,
2022-Feb-09,23:28,23:53,00:24,00:56,"7,8","3,8",49,04:54,08:42,08:42,09:14,09:45,10:10,18:13,04:18,"55,6",,,
2022-Feb-10,23:28,23:53,00:23,00:55,"7,8","3,2",40,05:35,08:44,08:43,09:15,09:46,10:11,19:09,04:54,"64,8",,,
2022-Feb-11,23:27,23:52,00:22,00:53,"7,9","2,4",31,06:20,08:44,08:44,09:16,09:47,10:12,20:04,05:35,"73,5",,,
2022-Feb-12,23:26,23:51,00:21,00:52,"7,9","1,6",20,07:12,08:46,08:45,09:17,09:48,10:13,20:56,06:21,"81,3",,,
2022-Feb-13,23:25,23:50,00:20,00:51,"7,9","0,7",8,08:08,08:48,08:46,09:18,09:49,10:13,21:45,07:13,"88,1",,,
2022-Feb-14,23:24,23:49,00:19,00:50,"8,0","0,0",0,-,-,08:48,09:19,09:49,10:14,22:29,08:09,"93,5",,,
2022-Feb-15,23:23,23:48,00:18,00:49,"8,0","0,0",0,-,-,08:49,09:20,09:50,10:15,23:08,09:07,"97,4",,,
2022-Feb-16,23:22,23:47,00:17,00:48,"8,0","0,0",0,-,-,08:50,09:21,09:51,10:16,23:43,10:07,"99,5",,,
2022-Feb-17,23:21,23:46,00:15,00:46,"8,1","0,0",0,-,-,08:51,09:22,09:52,10:17,-,11:08,"99,5",,,
2022-Feb-18,23:20,23:45,00:14,00:45,"8,1","0,0",0,00:45,00:45,08:52,09:23,09:53,10:18,00:16,12:08,"97,4",,,
2022-Feb-19,23:19,23:43,00:13,00:44,"8,2","0,5",7,00:44,01:16,08:53,09:24,09:54,10:19,00:46,13:09,"93,1",,,
2022-Feb-20,23:18,23:42,00:12,00:43,"8,2","1,1",13,00:42,01:45,08:54,09:25,09:55,10:20,01:16,14:10,"86,6",,,
2022-Feb-21,23:17,23:41,00:11,00:41,"8,2","1,6",20,00:40,02:19,08:55,09:26,09:56,10:20,01:46,15:14,"78,3",,,
2022-Feb-22,23:16,23:40,00:10,00:40,"8,3","2,3",27,00:40,02:55,08:56,09:27,09:57,10:21,02:19,16:20,"68,5",,,
2022-Feb-23,23:14,23:39,00:08,00:39,"8,3","3,0",36,00:38,03:38,08:57,09:28,09:57,10:22,02:56,17:28,"57,7",,,
2022-Feb-24,23:13,23:38,00:07,00:37,"8,4","3,9",46,00:36,04:27,08:58,09:29,09:58,10:23,03:38,18:37,"46,3",,,
2022-Feb-25,23:12,23:37,00:06,00:36,"8,4","4,9",58,00:35,05:26,08:59,09:30,09:59,10:24,04:28,19:44,"35,0",,,
2022-Feb-26,23:11,23:36,00:05,00:35,"8,4","6,0",71,00:35,06:33,09:00,09:31,10:00,10:24,05:27,20:47,"24,5",,,
2022-Feb-27,23:10,23:34,00:04,00:33,"8,5","7,2",84,00:33,07:41,09:01,09:32,10:01,10:25,06:33,21:41,"15,3",,,
2022-Feb-28,23:09,23:33,00:02,00:32,"8,5","8,4",98,00:31,08:53,09:02,09:32,10:02,10:26,07:42,22:28,"8,0",,,
2022-Mar-01,23:08,23:32,00:01,00:31,"8,5","8,6",100,00:31,09:04,09:03,09:33,10:03,10:27,08:53,23:08,"3,0",,,
2022-Mar-02,23:06,23:31,00:00,00:29,"8,6","8,6",100,00:29,09:04,09:04,09:34,10:03,10:28,10:01,23:42,"0,5",,,
2022-Mar-03,23:05,23:30,23:59,00:28,"8,6","8,6",100,00:27,09:06,09:05,09:35,10:04,10:28,11:6,-,"0,4",,,
2022-Mar-04,23:04,23:28,23:57,00:27,"8,7","8,4",97,00:42,09:06,09:06,09:36,10:05,10:29,12:08,00:14,"2,8",,,
2022-Mar-05,23:03,23:27,23:56,00:25,"8,7","7,9",91,01:11,09:08,09:07,09:37,10:06,10:30,13:08,00:43,"7,2",,,
2022-Mar-06,23:02,23:26,23:55,00:24,"8,7","7,5",85,01:41,09:09,09:08,09:38,10:06,10:31,14:06,01:12,"13,3",,,
2022-Mar-07,23:00,23:25,23:53,00:23,"8,8","6,9",79,02:14,09:09,09:09,09:38,10:07,10:31,15:04,01:42,"20,7",,,
2022-Mar-08,22:59,23:23,23:52,00:21,"8,8","6,4",72,02:50,09:11,09:10,09:39,10:08,10:32,16:02,02:14,"29,1",,,
2022-Mar-09,22:58,23:22,23:51,00:20,"8,9","5,7",65,03:29,09:11,09:11,09:40,10:09,10:33,16:59,02:50,"38,0",,,
2022-Mar-10,22:57,23:21,23:50,00:19,"8,9","5,0",56,04:12,09:11,09:12,09:41,10:10,10:34,17:55,03:29,"47,3",,,
2022-Mar-11,22:55,23:20,23:48,00:17,"8,9","4,2",47,05:03,09:13,09:12,09:42,10:10,10:34,18:49,04:13,"56,7",,,
2022-Mar-12,22:54,23:18,23:47,00:16,"9,0","3,3",37,05:57,09:13,09:13,09:42,10:11,10:35,19:38,05:03,"65,8",,,
2022-Mar-13,22:53,23:17,23:46,00:15,"9,0","2,4",26,06:54,09:15,09:14,09:43,10:12,10:36,20:24,05:57,"74,5",,,
2022-Mar-14,22:52,23:16,23:44,00:13,"9,0","1,4",15,07:54,09:15,09:15,09:44,10:12,10:37,21:05,06:54,"82,5",,,
2022-Mar-15,22:50,23:15,23:43,00:12,"9,1","0,4",4,08:55,09:17,09:16,09:45,10:13,10:37,21:41,07:54,"89,3",,,
2022-Mar-16,22:49,23:13,23:42,00:11,"9,1","0,0",0,-,-,09:17,09:45,10:14,10:38,22:15,08:55,"94,7",,,
2022-Mar-17,22:48,23:12,23:40,00:09,"9,1","0,0",0,-,-,09:17,09:46,10:15,10:39,22:46,09:56,"98,3",,,
2022-Mar-18,22:46,23:11,23:39,00:08,"9,2","0,0",0,-,-,09:18,09:47,10:15,10:39,23:17,10:57,"99,8",,,
2022-Mar-19,22:45,23:10,23:38,00:06,"9,2","0,0",0,-,-,09:19,09:48,10:16,10:40,23:47,12:0,"98,9",,,
2022-Mar-20,22:44,23:08,23:37,00:05,"9,3","0,3",3,00:04,00:20,09:20,09:48,10:17,10:41,-,13:04,"95,5",,,
2022-Mar-21,22:43,23:07,23:35,00:04,"9,3","0,9",9,00:04,00:54,09:20,09:49,10:17,10:41,00:20,14:11,"89,7",,,
2022-Mar-22,22:41,23:06,23:34,00:02,"9,3","1,6",17,00:02,01:36,09:21,09:50,10:18,10:42,00:55,15:20,"81,7",,,
2022-Mar-23,22:40,23:04,23:33,00:01,"9,4","2,4",25,00:00,02:24,09:22,09:50,10:19,10:43,01:36,16:30,"71,9",,,
2022-Mar-24,22:39,23:03,23:31,00:00,"9,4","3,3",35,00:00,03:20,09:23,09:51,10:19,10:44,02:24,17:38,"61,0",,,
2022-Mar-25,22:38,23:02,23:30,23:59,"9,4","4,4",47,23:59,04:23,09:23,09:52,10:20,10:44,03:20,18:41,"49,6",,,
2022-Mar-26,22:36,23:01,23:29,23:57,"9,5","5,6",59,23:57,05:30,09:24,09:53,10:21,10:45,04:23,19:37,"38,2",,,
2022-Mar-27,22:35,22:59,23:28,23:56,"9,5","6,7",71,23:55,06:38,09:25,09:53,10:21,10:46,05:30,20:25,"27,6",,,
2022-Mar-28,22:34,22:58,23:26,23:55,"9,5","7,9",83,23:55,07:45,09:25,09:54,10:22,10:46,06:39,21:06,"18,2",,,
2022-Mar-29,22:32,22:57,23:25,23:53,"9,6","9,0",94,23:53,08:50,09:26,09:55,10:23,10:47,07:46,21:41,"10,4",,,
2022-Mar-30,22:31,22:56,23:24,23:52,"9,6","9,6",100,23:51,09:27,09:27,09:55,10:23,10:48,08:51,22:13,"4,8",,,
2022-Mar-31,22:30,22:54,23:23,23:51,"9,6","9,6",100,23:50,09:27,09:28,09:56,10:24,10:48,09:53,22:42,"1,3",,,
2022-Apr-01,22:29,22:53,23:21,23:50,"9,6","9,7",100,23:50,09:29,09:28,09:57,10:25,10:49,10:53,23:11,"0,1",,,
2022-Apr-02,22:27,22:52,23:20,23:48,"9,7","9,7",100,23:48,09:29,09:29,09:57,10:25,10:50,11:53,23:40,"1,0",,,
2022-Apr-03,22:26,22:51,23:19,23:47,"9,7","9,3",96,00:11,09:29,09:30,09:58,10:26,10:50,12:51,-,"4,0",,,
2022-Apr-04,22:25,22:49,23:18,23:46,"9,7","8,8",90,00:45,09:31,09:30,09:58,10:27,10:51,13:50,00:12,"8,7",,,
2022-Apr-05,22:24,22:48,23:16,23:45,"9,8","8,1",83,01:23,09:31,09:31,09:59,10:27,10:51,14:48,00:46,"14,9",,,
2022-Apr-06,22:23,22:47,23:15,23:43,"9,8","7,4",76,02:05,09:31,09:31,10:00,10:28,10:52,15:45,01:23,"22,2",,,
2022-Apr-07,22:21,22:46,23:14,23:42,"9,8","6,7",68,02:53,09:33,09:32,10:00,10:29,10:53,16:40,02:06,"30,5",,,
2022-Apr-08,22:20,22:45,23:13,23:41,"9,9","5,8",59,03:45,09:33,09:33,10:01,10:29,10:53,17:31,02:53,"39,4",,,
2022-Apr-09,22:19,22:43,23:12,23:40,"9,9","4,9",49,04:41,09:33,09:33,10:02,10:30,10:54,18:18,03:46,"48,8",,,
2022-Apr-10,22:18,22:42,23:10,23:39,"9,9","3,9",40,05:39,09:35,09:34,10:02,10:31,10:55,19:00,04:41,"58,3",,,
2022-Apr-11,22:17,22:41,23:09,23:38,"10,0","2,9",29,06:38,09:35,09:35,10:03,10:31,10:55,19:38,05:39,"67,6",,,
2022-Apr-12,22:15,22:40,23:08,23:36,"10,0","2,0",20,07:39,09:35,09:35,10:04,10:32,10:56,20:12,06:39,"76,6",,,
2022-Apr-13,22:14,22:39,23:07,23:35,"10,0","0,9",9,08:41,09:36,09:36,10:04,10:33,10:57,20:44,07:39,"84,7",,,
2022-Apr-14,22:13,22:38,23:06,23:34,"10,1","0,0",0,-,-,09:37,10:05,10:33,10:57,21:15,08:41,"91,5",,,
2022-Apr-15,22:12,22:36,23:05,23:33,"10,1","0,0",0,-,-,09:37,10:05,10:34,10:58,21:45,09:43,"96,6",,,
2022-Apr-16,22:11,22:35,23:04,23:32,"10,1","0,0",0,-,-,09:38,10:06,10:34,10:59,22:17,10:47,"99,4",,,
2022-Apr-17,22:10,22:34,23:03,23:31,"10,1","0,0",0,-,-,09:38,10:07,10:35,10:59,22:52,11:55,"99,7",,,
2022-Apr-18,22:09,22:33,23:02,23:30,"10,2","0,0",0,23:30,23:32,09:39,10:07,10:36,11:00,23:32,13:05,"97,2",,,
2022-Apr-19,22:07,22:32,23:01,23:29,"10,2","0,8",8,23:28,00:18,09:40,10:08,10:36,11:01,-,14:17,"92,0",,,
2022-Apr-20,22:06,22:31,23:00,23:28,"10,2","1,8",17,23:28,01:12,09:40,10:08,10:37,11:01,00:19,15:28,"84,3",,,
2022-Apr-21,22:05,22:30,22:59,23:27,"10,2","2,8",27,23:26,02:15,09:41,10:09,10:38,11:02,01:13,16:35,"74,8",,,
2022-Apr-22,22:04,22:29,22:58,23:26,"10,3","3,9",38,23:26,03:22,09:41,10:10,10:38,11:03,02:15,17:35,"63,9",,,
2022-Apr-23,22:03,22:28,22:57,23:25,"10,3","5,1",50,23:24,04:30,09:42,10:10,10:39,11:03,03:22,18:25,"52,5",,,
2022-Apr-24,22:02,22:27,22:56,23:24,"10,3","6,2",60,23:24,05:37,09:42,10:11,10:40,11:04,04:31,19:07,"41,2",,,
2022-Apr-25,22:01,22:26,22:55,23:23,"10,3","7,3",71,23:23,06:42,09:43,10:12,10:40,11:05,05:38,19:43,"30,6",,,
2022-Apr-26,22:00,22:25,22:54,23:22,"10,4","8,4",81,23:21,07:43,09:44,10:12,10:41,11:05,06:42,20:15,"21,1",,,
2022-Apr-27,21:59,22:24,22:53,23:21,"10,4","9,4",90,23:21,08:44,09:44,10:13,10:42,11:06,07:44,20:44,"13,1",,,
2022-Apr-28,21:58,22:23,22:52,23:20,"10,4","10,4",100,23:19,09:42,09:45,10:13,10:42,11:07,08:44,21:13,"6,9",,,
2022-Apr-29,21:57,22:22,22:51,23:20,"10,4","10,4",100,23:19,09:45,09:45,10:14,10:43,11:07,09:43,21:41,"2,6",,,
2022-Apr-30,21:56,22:21,22:50,23:19,"10,5","10,5",100,23:19,09:47,09:46,10:15,10:43,11:08,10:41,22:11,"0,4",,,
2022-May-01,21:56,22:20,22:49,23:18,"10,5","10,5",100,23:17,09:47,09:47,10:15,10:44,11:09,11:39,22:44,"0,1",,,
2022-May-02,21:55,22:19,22:48,23:17,"10,5","10,5",100,23:19,09:47,09:47,10:16,10:45,11:09,12:37,23:20,"1,8",,,
2022-May-03,21:54,22:19,22:48,23:16,"10,5","9,8",93,00:00,09:47,09:48,10:16,10:45,11:10,13:35,-,"5,2",,,
2022-May-04,21:53,22:18,22:47,23:16,"10,5","9,1",86,00:45,09:49,09:48,10:17,10:46,11:11,14:31,00:01,"10,2",,,
2022-May-05,21:52,22:17,22:46,23:15,"10,6","8,2",78,01:36,09:49,09:49,10:18,10:47,11:11,15:24,00:46,"16,5",,,
2022-May-06,21:51,22:16,22:45,23:14,"10,6","7,3",69,02:30,09:49,09:49,10:18,10:47,11:12,16:13,01:37,"24,1",,,
2022-May-07,21:50,22:15,22:45,23:13,"10,6","6,4",60,03:27,09:51,09:50,10:19,10:48,11:13,16:56,02:31,"32,5",,,
2022-May-08,21:50,22:15,22:44,23:13,"10,6","5,4",51,04:25,09:51,09:51,10:19,10:49,11:13,17:35,03:28,"41,7",,,
2022-May-09,21:49,22:14,22:43,23:12,"10,7","4,5",42,05:24,09:51,09:51,10:20,10:49,11:14,18:10,04:26,"51,3",,,
2022-May-10,21:48,22:13,22:43,23:11,"10,7","3,5",32,06:24,09:51,09:52,10:21,10:50,11:15,18:42,05:24,"61,2",,,
2022-May-11,21:47,22:12,22:42,23:11,"10,7","2,5",23,07:23,09:53,09:52,10:21,10:51,11:15,19:12,06:24,"70,9",,,
2022-May-12,21:47,22:12,22:41,23:10,"10,7","1,4",13,08:26,09:53,09:53,10:22,10:51,11:16,19:42,07:24,"80,0",,,
2022-May-13,21:46,22:11,22:41,23:10,"10,7","0,4",3,09:33,09:54,09:53,10:22,10:52,11:17,20:13,08:27,"88,1",,,
2022-May-14,21:45,22:10,22:40,23:09,"10,8","0,0",0,-,-,09:54,10:23,10:52,11:17,20:46,09:33,"94,4",,,
2022-May-15,21:45,22:10,22:39,23:09,"10,8","0,0",0,-,-,09:54,10:24,10:53,11:18,21:24,10:42,"98,6",,,
2022-May-16,21:44,22:09,22:39,23:08,"10,8","0,0",0,-,-,09:55,10:24,10:54,11:19,22:08,11:55,"100,0",,,
2022-May-17,21:44,22:09,22:38,23:08,"10,8","0,0",0,-,-,09:56,10:25,10:54,11:19,23:01,13:09,"98,4",,,
2022-May-18,21:43,22:08,22:38,23:07,"10,8","0,9",9,23:06,00:02,09:56,10:25,10:55,11:20,-,14:21,"93,8",,,
2022-May-19,21:43,22:08,22:37,23:07,"10,8","2,1",19,23:06,01:09,09:57,10:26,10:55,11:21,00:02,15:26,"86,6",,,
2022-May-20,21:42,22:07,22:37,23:06,"10,9","3,2",30,23:05,02:19,09:57,10:26,10:56,11:21,01:10,16:21,"77,3",,,
2022-May-21,21:42,22:07,22:37,23:06,"10,9","4,4",40,23:05,03:29,09:58,10:27,10:57,11:22,02:20,17:07,"66,8",,,
2022-May-22,21:41,22:06,22:36,23:05,"10,9","5,5",51,23:05,04:36,09:58,10:27,10:57,11:23,03:30,17:46,"55,6",,,
2022-May-23,21:41,22:06,22:36,23:05,"10,9","6,6",60,23:05,05:39,09:59,10:28,10:58,11:23,04:36,18:19,"44,5",,,
2022-May-24,21:40,22:05,22:35,23:05,"10,9","7,6",69,23:05,06:38,09:59,10:29,10:58,11:24,05:39,18:49,"34,0",,,
2022-May-25,21:40,22:05,22:35,23:05,"10,9","8,5",78,23:05,07:36,10:00,10:29,10:59,11:24,06:39,19:17,"24,4",,,
2022-May-26,21:39,22:05,22:35,23:04,"10,9","9,5",87,23:03,08:33,10:00,10:30,11:00,11:25,07:37,19:45,"16,2",,,
2022-May-27,21:39,22:04,22:34,23:04,"11,0","10,5",96,23:03,09:31,10:01,10:30,11:00,11:26,08:34,20:14,"9,6",,,
2022-May-28,21:39,22:04,22:34,23:04,"11,0","11,0",100,23:03,10:02,10:01,10:31,11:01,11:26,09:32,20:45,"4,6",,,
2022-May-29,21:38,22:04,22:34,23:04,"11,0","11,0",100,23:03,10:02,10:02,10:31,11:01,11:27,10:29,21:19,"1,4",,,
2022-May-30,21:38,22:04,22:34,23:03,"11,0","11,0",100,23:03,10:03,10:02,10:32,11:02,11:27,11:27,21:58,"0,1",,,
2022-May-31,21:38,22:03,22:34,23:03,"11,0","11,0",100,23:03,10:03,10:03,10:32,11:02,11:28,12:24,22:42,"0,5",,,
2022-Jun-01,21:38,22:03,22:33,23:03,"11,0","10,6",96,23:30,10:03,10:03,10:33,11:03,11:28,13:18,23:31,"2,8",,,
2022-Jun-02,21:37,22:03,22:33,23:03,"11,0","9,7",88,00:24,10:03,10:04,10:33,11:03,11:29,14:8,-,"6,6",,,
2022-Jun-03,21:37,22:03,22:33,23:03,"11,0","8,8",80,01:18,10:05,10:04,10:34,11:04,11:29,14:54,00:24,"12,0",,,
2022-Jun-04,21:37,22:03,22:33,23:03,"11,0","7,8",71,02:17,10:05,10:05,10:34,11:04,11:30,15:34,01:19,"18,8",,,
2022-Jun-05,21:37,22:02,22:33,23:03,"11,0","6,9",62,03:13,10:05,10:05,10:35,11:05,11:30,16:10,02:17,"26,7",,,
2022-Jun-06,21:37,22:02,22:33,23:03,"11,0","5,9",53,04:11,10:05,10:05,10:35,11:05,11:31,16:42,03:14,"35,6",,,
2022-Jun-07,21:37,22:02,22:33,23:02,"11,1","4,9",45,05:10,10:05,10:06,10:35,11:06,11:31,17:12,04:12,"45,3",,,
2022-Jun-08,21:37,22:02,22:33,23:02,"11,1","4,0",36,06:09,10:07,10:06,10:36,11:06,11:32,17:41,05:10,"55,5",,,
2022-Jun-09,21:37,22:02,22:33,23:02,"11,1","2,9",26,07:11,10:07,10:07,10:36,11:07,11:32,18:10,06:10,"65,7",,,
2022-Jun-10,21:37,22:02,22:33,23:03,"11,1","1,8",16,08:17,10:07,10:07,10:37,11:07,11:33,18:41,07:12,"75,7",,,
2022-Jun-11,21:37,22:02,22:33,23:03,"11,1","0,7",6,09:27,10:07,10:07,10:37,11:07,11:33,19:16,08:18,"84,7",,,
2022-Jun-12,21:37,22:02,22:33,23:03,"11,1","0,0",0,-,-,10:08,10:37,11:08,11:34,19:56,09:28,"92,2",,,
2022-Jun-13,21:37,22:02,22:33,23:03,"11,1","0,0",0,-,-,10:08,10:38,11:08,11:34,20:44,10:42,"97,4",,,
2022-Jun-14,21:37,22:02,22:33,23:03,"11,1","0,0",0,-,-,10:08,10:38,11:09,11:34,21:42,11:57,"99,8",,,
2022-Jun-15,21:37,22:02,22:33,23:03,"11,1","0,0",0,-,-,10:09,10:38,11:09,11:35,22:49,13:07,"99,1",,,
2022-Jun-16,21:37,22:03,22:33,23:03,"11,1","1,0",9,23:03,00:02,10:09,10:39,11:09,11:35,-,14:09,"95,3",,,
2022-Jun-17,21:37,22:03,22:33,23:03,"11,1","2,2",20,23:03,01:14,10:09,10:39,11:09,11:35,00:02,15:01,"88,7",,,
2022-Jun-18,21:37,22:03,22:33,23:03,"11,1","3,4",30,23:03,02:24,10:10,10:39,11:10,11:35,01:14,15:43,"80,0",,,
2022-Jun-19,21:37,22:03,22:34,23:04,"11,1","4,4",40,23:03,03:29,10:10,10:40,11:10,11:36,02:24,16:19,"69,9",,,
2022-Jun-20,21:38,22:03,22:34,23:04,"11,1","5,5",49,23:03,04:32,10:10,10:40,11:10,11:36,03:30,16:51,"59,2",,,
2022-Jun-21,21:38,22:03,22:34,23:04,"11,1","6,5",58,23:03,05:30,10:10,10:40,11:11,11:36,04:32,17:20,"48,4",,,
2022-Jun-22,21:38,22:04,22:34,23:04,"11,1","7,4",67,23:03,06:29,10:10,10:40,11:11,11:36,05:31,17:48,"38,1",,,
2022-Jun-23,21:38,22:04,22:35,23:04,"11,1","8,4",75,23:03,07:27,10:11,10:40,11:11,11:37,06:29,18:17,"28,5",,,
2022-Jun-24,21:39,22:04,22:35,23:05,"11,1","9,3",84,23:05,08:24,10:11,10:41,11:11,11:37,07:27,18:47,"20,1",,,
2022-Jun-25,21:39,22:05,22:35,23:05,"11,1","10,3",93,23:05,09:20,10:11,10:41,11:11,11:37,08:24,19:20,"12,9",,,
2022-Jun-26,21:39,22:05,22:35,23:05,"11,1","11,1",100,23:05,10:11,10:11,10:41,11:11,11:37,09:21,19:58,"7,2",,,
2022-Jun-27,21:40,22:05,22:36,23:06,"11,1","11,1",100,23:05,10:11,10:11,10:41,11:11,11:37,10:18,20:40,"3,2",,,
2022-Jun-28,21:40,22:06,22:36,23:06,"11,1","11,1",100,23:05,10:11,10:11,10:41,11:12,11:37,11:13,21:27,"0,8",,,
2022-Jun-29,21:40,22:06,22:36,23:06,"11,1","11,1",100,23:05,10:11,10:11,10:41,11:12,11:37,12:05,22:19,"0,1",,,
2022-Jun-30,21:41,22:06,22:37,23:07,"11,1","11,0",99,23:14,10:11,10:11,10:41,11:12,11:37,12:52,23:14,"1,2",,,
2022-Jul-01,21:41,22:07,22:37,23:07,"11,1","10,0",90,00:11,10:11,10:12,10:41,11:12,11:37,13:33,-,"4,0",,,
2022-Jul-02,21:42,22:07,22:38,23:07,"11,1","9,1",82,01:07,10:11,10:12,10:41,11:12,11:37,14:10,00:11,"8,5",,,
2022-Jul-03,21:42,22:07,22:38,23:08,"11,1","8,1",73,02:05,10:11,10:12,10:41,11:12,11:37,14:43,01:08,"14,5",,,
2022-Jul-04,21:42,22:08,22:38,23:08,"11,1","7,2",65,03:02,10:11,10:12,10:41,11:12,11:37,15:14,02:05,"21,9",,,
2022-Jul-05,21:43,22:08,22:39,23:08,"11,1","6,2",56,04:00,10:11,10:12,10:41,11:11,11:37,15:42,03:02,"30,6",,,
2022-Jul-06,21:43,22:09,22:39,23:09,"11,0","5,2",47,04:59,10:11,10:11,10:41,11:11,11:37,16:10,04:0,"40,2",,,
2022-Jul-07,21:44,22:09,22:40,23:09,"11,0","4,2",38,06:02,10:11,10:11,10:41,11:11,11:37,16:39,05:0,"50,6",,,
2022-Jul-08,21:44,22:10,22:40,23:10,"11,0","3,1",28,07:07,10:11,10:11,10:41,11:11,11:37,17:11,06:02,"61,3",,,
2022-Jul-09,21:45,22:10,22:40,23:10,"11,0","1,9",17,08:17,10:11,10:11,10:41,11:11,11:36,17:47,07:08,"71,9",,,
2022-Jul-10,21:45,22:11,22:41,23:11,"11,0","0,7",6,09:31,10:11,10:11,10:41,11:11,11:36,18:30,08:18,"81,7",,,
2022-Jul-11,21:46,22:11,22:41,23:11,"11,0","0,0",0,-,-,10:11,10:40,11:11,11:36,19:23,09:31,"90,0",,,
2022-Jul-12,21:46,22:12,22:42,23:11,"11,0","0,0",0,-,-,10:11,10:40,11:10,11:36,20:25,10:43,"96,1",,,
2022-Jul-13,21:47,22:12,22:42,23:12,"11,0","0,0",0,-,-,10:10,10:40,11:10,11:35,21:36,11:49,"99,4",,,
2022-Jul-14,21:47,22:13,22:43,23:12,"11,0","0,0",0,-,-,10:10,10:40,11:10,11:35,22:50,12:47,"99,5",,,
2022-Jul-15,21:48,22:13,22:43,23:13,"11,0","0,9",8,23:12,00:04,10:10,10:39,11:09,11:35,-,13:35,"96,6",,,
2022-Jul-16,21:48,22:14,22:44,23:13,"11,0","2,0",18,23:12,01:14,10:10,10:39,11:09,11:34,00:04,14:15,"90,9",,,
2022-Jul-17,21:49,22:14,22:44,23:14,"10,9","3,1",28,23:14,02:19,10:09,10:39,11:09,11:34,01:14,14:50,"83,0",,,
2022-Jul-18,21:50,22:15,22:45,23:14,"10,9","4,1",38,23:14,03:22,10:09,10:38,11:08,11:34,02:20,15:20,"73,7",,,
2022-Jul-19,21:50,22:15,22:45,23:15,"10,9","5,1",47,23:15,04:21,10:09,10:38,11:08,11:33,03:22,15:50,"63,6",,,
2022-Jul-20,21:51,22:16,22:46,23:15,"10,9","6,1",56,23:15,05:19,10:08,10:38,11:07,11:33,04:22,16:19,"53,2",,,
2022-Jul-21,21:51,22:17,22:46,23:16,"10,9","7,0",65,23:15,06:18,10:08,10:37,11:07,11:32,05:20,16:49,"43,1",,,
2022-Jul-22,21:52,22:17,22:47,23:16,"10,9","8,0",74,23:15,07:16,10:08,10:37,11:07,11:32,06:18,17:21,"33,5",,,
2022-Jul-23,21:52,22:18,22:47,23:17,"10,8","8,9",82,23:17,08:12,10:07,10:36,11:06,11:31,07:16,17:57,"24,8",,,
2022-Jul-24,21:53,22:18,22:48,23:17,"10,8","9,9",91,23:17,09:09,10:07,10:36,11:06,11:31,08:13,18:38,"17,1",,,
2022-Jul-25,21:54,22:19,22:49,23:18,"10,8","10,7",99,23:17,10:00,10:06,10:35,11:05,11:30,09:09,19:23,"10,7",,,
2022-Jul-26,21:54,22:19,22:49,23:18,"10,8","10,8",100,23:17,10:05,10:06,10:35,11:04,11:30,10:01,20:14,"5,7",,,
2022-Jul-27,21:55,22:20,22:50,23:19,"10,8","10,8",100,23:19,10:05,10:05,10:34,11:04,11:29,10:50,21:08,"2,2",,,
2022-Jul-28,21:56,22:21,22:50,23:19,"10,8","10,8",100,23:19,10:03,10:05,10:34,11:03,11:28,11:33,22:05,"0,4",,,
2022-Jul-29,21:56,22:21,22:51,23:20,"10,7","10,7",100,23:19,10:03,10:04,10:33,11:03,11:28,12:11,23:03,"0,4",,,
2022-Jul-30,21:57,22:22,22:51,23:20,"10,7","10,1",94,00:00,10:03,10:04,10:33,11:02,11:27,12:46,-,"2,2",,,
2022-Jul-31,21:57,22:22,22:52,23:21,"10,7","9,1",85,00:58,10:02,10:03,10:32,11:01,11:26,13:17,00:0,"5,7",,,
2022-Aug-01,21:58,22:23,22:52,23:21,"10,7","8,1",76,01:54,10:02,10:02,10:31,11:01,11:25,13:45,00:58,"11,1",,,
2022-Aug-02,21:59,22:24,22:53,23:22,"10,7","7,1",67,02:53,10:00,10:02,10:31,11:00,11:25,14:13,01:55,"18,0",,,
2022-Aug-03,21:59,22:24,22:54,23:22,"10,7","6,1",57,03:53,10:00,10:01,10:30,10:59,11:24,14:41,02:53,"26,4",,,
2022-Aug-04,22:00,22:25,22:54,23:23,"10,6","5,1",48,04:56,10:00,10:00,10:29,10:58,11:23,15:11,03:53,"36,1",,,
2022-Aug-05,22:00,22:25,22:55,23:23,"10,6","4,0",37,06:02,09:58,10:00,10:28,10:58,11:22,15:44,04:56,"46,6",,,
2022-Aug-06,22:01,22:26,22:55,23:24,"10,6","2,8",26,07:11,09:58,09:59,10:28,10:57,11:21,16:23,06:02,"57,7",,,
2022-Aug-07,22:02,22:27,22:56,23:24,"10,6","1,6",15,08:21,09:56,09:58,10:27,10:56,11:21,17:09,07:12,"68,6",,,
2022-Aug-08,22:02,22:27,22:56,23:25,"10,5","0,5",4,09:29,09:56,09:57,10:26,10:55,11:20,18:05,08:22,"79,0",,,
2022-Aug-09,22:03,22:28,22:57,23:26,"10,5","0,0",0,-,-,09:57,10:25,10:54,11:19,19:11,09:30,"87,8",,,
2022-Aug-10,22:04,22:28,22:57,23:26,"10,5","0,0",0,-,-,09:56,10:24,10:53,11:18,20:24,10:31,"94,6",,,
2022-Aug-11,22:04,22:29,22:58,23:27,"10,5","0,0",0,-,-,09:55,10:23,10:52,11:17,21:38,11:23,"98,7",,,
2022-Aug-12,22:05,22:30,22:59,23:27,"10,5","0,0",0,-,-,09:54,10:23,10:51,11:16,22:51,12:07,"99,8",,,
2022-Aug-13,22:05,22:30,22:59,23:28,"10,4","0,5",5,23:28,00:00,09:53,10:22,10:50,11:15,-,12:44,"97,9",,,
2022-Aug-14,22:06,22:31,23:00,23:28,"10,4","1,6",16,23:28,01:05,09:52,10:21,10:50,11:14,00:00,13:17,"93,3",,,
2022-Aug-15,22:07,22:31,23:00,23:29,"10,4","2,7",26,23:28,02:08,09:51,10:20,10:49,11:13,01:06,13:48,"86,5",,,
2022-Aug-16,22:07,22:32,23:01,23:29,"10,4","3,7",35,23:28,03:09,09:50,10:19,10:48,11:12,02:08,14:17,"78,1",,,
2022-Aug-17,22:08,22:33,23:01,23:30,"10,3","4,7",45,23:30,04:09,09:49,10:18,10:47,11:11,03:09,14:48,"68,8",,,
2022-Aug-18,22:08,22:33,23:02,23:30,"10,3","5,6",54,23:30,05:06,09:49,10:17,10:46,11:10,04:09,15:20,"59,0",,,
2022-Aug-19,22:09,22:34,23:02,23:31,"10,3","6,6",64,23:30,06:06,09:48,10:16,10:45,11:09,05:07,15:55,"49,1",,,
2022-Aug-20,22:10,22:34,23:03,23:31,"10,3","7,5",73,23:30,07:02,09:47,10:15,10:43,11:08,06:06,16:35,"39,6",,,
2022-Aug-21,22:10,22:35,23:03,23:32,"10,2","8,4",82,23:32,07:56,09:46,10:14,10:42,11:07,07:02,17:19,"30,5",,,
2022-Aug-22,22:11,22:35,23:04,23:32,"10,2","9,2",90,23:32,08:46,09:44,10:13,10:41,11:06,07:56,18:08,"22,3",,,
2022-Aug-23,22:12,22:36,23:05,23:33,"10,2","10,0",98,23:33,09:31,09:43,10:12,10:40,11:05,08:46,19:01,"15,0",,,
2022-Aug-24,22:12,22:37,23:05,23:33,"10,2","10,1",100,23:33,09:40,09:42,10:11,10:39,11:03,09:31,19:58,"9,0",,,
2022-Aug-25,22:13,22:37,23:06,23:34,"10,1","10,1",100,23:33,09:40,09:41,10:10,10:38,11:02,10:11,20:55,"4,4",,,
2022-Aug-26,22:13,22:38,23:06,23:35,"10,1","10,1",100,23:35,09:38,09:40,10:08,10:37,11:01,10:47,21:54,"1,4",,,
2022-Aug-27,22:14,22:38,23:07,23:35,"10,1","10,1",100,23:35,09:38,09:39,10:07,10:36,11:00,11:19,22:52,"0,2",,,
2022-Aug-28,22:14,22:39,23:07,23:36,"10,0","9,8",97,23:50,09:36,09:38,10:06,10:35,10:59,11:48,23:50,"0,9",,,
2022-Aug-29,22:15,22:40,23:08,23:36,"10,0","8,8",88,00:47,09:35,09:37,10:05,10:33,10:58,12:16,-,"3,6",,,
2022-Aug-30,22:16,22:40,23:09,23:37,"10,0","7,8",78,01:48,09:33,09:36,10:04,10:32,10:56,12:44,00:48,"8,2",,,
2022-Aug-31,22:16,22:41,23:09,23:37,"10,0","6,7",68,02:48,09:33,09:34,10:03,10:31,10:55,13:13,01:48,"14,7",,,
2022-Sep-01,22:17,22:41,23:10,23:38,"9,9","5,6",57,03:54,09:31,09:33,10:01,10:30,10:54,13:45,02:49,"22,9",,,
2022-Sep-02,22:17,22:42,23:10,23:38,"9,9","4,5",45,05:01,09:31,09:32,10:00,10:29,10:53,14:21,03:54,"32,6",,,
2022-Sep-03,22:18,22:42,23:11,23:39,"9,9","3,3",34,06:09,09:29,09:31,09:59,10:27,10:51,15:04,05:02,"43,3",,,
2022-Sep-04,22:19,22:43,23:11,23:40,"9,8","2,2",22,07:16,09:27,09:30,09:58,10:26,10:50,15:55,06:10,"54,6",,,
2022-Sep-05,22:19,22:44,23:12,23:40,"9,8","1,1",12,08:19,09:26,09:28,09:57,10:25,10:49,16:55,07:17,"65,9",,,
2022-Sep-06,22:20,22:44,23:12,23:41,"9,8","0,2",2,09:13,09:26,09:27,09:55,10:24,10:48,18:03,08:19,"76,5",,,
2022-Sep-07,22:20,22:45,23:13,23:41,"9,8","0,0",0,-,-,09:26,09:54,10:22,10:46,19:15,09:13,"85,8",,,
2022-Sep-08,22:21,22:45,23:14,23:42,"9,7","0,0",0,-,-,09:25,09:53,10:21,10:45,20:28,09:59,"93,0",,,
2022-Sep-09,22:22,22:46,23:14,23:42,"9,7","0,0",0,-,-,09:23,09:52,10:20,10:44,21:38,10:38,"97,8",,,
2022-Sep-10,22:22,22:47,23:15,23:43,"9,7","0,0",0,-,-,09:22,09:50,10:19,10:43,22:46,11:13,"99,8",,,
2022-Sep-11,22:23,22:47,23:15,23:44,"9,6","0,1",1,23:44,23:50,09:21,09:49,10:17,10:41,23:50,11:44,"99,0",,,
2022-Sep-12,22:23,22:48,23:16,23:44,"9,6","1,2",12,23:44,00:53,09:19,09:48,10:16,10:40,-,12:15,"95,7",,,
2022-Sep-13,22:24,22:48,23:17,23:45,"9,6","2,2",23,23:44,01:54,09:18,09:46,10:15,10:39,00:53,12:45,"90,2",,,
2022-Sep-14,22:25,22:49,23:17,23:46,"9,5","3,2",33,23:46,02:55,09:17,09:45,10:13,10:37,01:54,13:17,"83,0",,,
2022-Sep-15,22:25,22:49,23:18,23:46,"9,5","4,2",44,23:46,03:54,09:15,09:44,10:12,10:36,02:55,13:51,"74,7",,,
2022-Sep-16,22:26,22:50,23:18,23:47,"9,5","5,1",54,23:46,04:52,09:14,09:42,10:11,10:35,03:55,14:29,"65,6",,,
2022-Sep-17,22:26,22:51,23:19,23:47,"9,4","6,0",64,23:46,05:48,09:13,09:41,10:09,10:33,04:53,15:12,"56,1",,,
2022-Sep-18,22:27,22:51,23:20,23:48,"9,4","6,9",73,23:48,06:40,09:11,09:40,10:08,10:32,05:49,16:0,"46,6",,,
2022-Sep-19,22:28,22:52,23:20,23:49,"9,4","7,7",82,23:48,07:27,09:10,09:38,10:07,10:31,06:41,16:52,"37,3",,,
2022-Sep-20,22:28,22:52,23:21,23:49,"9,3","8,3",89,23:48,08:08,09:09,09:37,10:05,10:29,07:28,17:48,"28,5",,,
2022-Sep-21,22:29,22:53,23:21,23:50,"9,3","8,9",96,23:50,08:46,09:07,09:36,10:04,10:28,08:09,18:45,"20,4",,,
2022-Sep-22,22:29,22:54,23:22,23:51,"9,3","9,2",100,23:50,09:04,09:06,09:34,10:03,10:27,08:46,19:43,"13,3",,,
2022-Sep-23,22:30,22:54,23:23,23:51,"9,2","9,2",100,23:50,09:02,09:05,09:33,10:02,10:26,09:20,20:42,"7,5",,,
2022-Sep-24,22:31,22:55,23:23,23:52,"9,2","9,2",100,23:51,09:02,09:03,09:32,10:00,10:24,09:50,21:40,"3,2",,,
2022-Sep-25,22:31,22:56,23:24,23:53,"9,2","9,1",100,23:53,09:00,09:02,09:30,09:59,10:23,10:19,22:39,"0,7",,,
2022-Sep-26,22:32,22:56,23:25,23:53,"9,1","9,1",100,23:53,08:59,09:00,09:29,09:58,10:22,10:47,23:39,"0,2",,,
2022-Sep-27,22:32,22:57,23:25,23:54,"9,1","8,3",91,00:42,08:57,08:59,09:28,09:56,10:20,11:16,-,"1,9",,,
2022-Sep-28,22:33,22:58,23:26,23:55,"9,1","7,2",79,01:47,08:55,08:58,09:26,09:55,10:19,11:47,00:42,"5,8",,,
2022-Sep-29,22:34,22:58,23:27,23:56,"9,0","6,0",67,02:53,08:55,08:56,09:25,09:54,10:18,12:22,01:47,"11,9",,,
2022-Sep-30,22:34,22:59,23:27,23:56,"9,0","4,8",54,04:03,08:53,08:55,09:24,09:52,10:16,13:02,02:54,"20,0",,,
2022-Oct-01,22:35,22:59,23:28,23:57,"8,9","3,7",41,05:10,08:51,08:53,09:22,09:51,10:15,13:51,04:03,"29,6",,,
2022-Oct-02,22:36,23:00,23:29,23:58,"8,9","2,6",29,06:13,08:50,08:52,09:21,09:50,10:14,14:47,05:11,"40,4",,,
2022-Oct-03,22:36,23:01,23:30,23:59,"8,9","1,7",19,07:09,08:48,08:50,09:20,09:48,10:13,15:52,06:13,"51,8",,,
2022-Oct-04,22:37,23:02,23:30,23:59,"8,8","0,9",10,07:56,08:48,08:49,09:18,09:47,10:11,17:01,07:09,"63,2",,,
2022-Oct-05,22:38,23:02,23:31,00:00,"8,8","0,2",2,08:35,08:46,08:48,09:17,09:46,10:10,18:12,07:56,"74,0",,,
2022-Oct-06,22:38,23:03,23:32,00:01,"8,8","0,0",0,-,-,08:46,09:16,09:44,10:09,19:21,08:36,"83,4",,,
2022-Oct-07,22:39,23:04,23:32,00:02,"8,7","0,0",0,-,-,08:45,09:14,09:43,10:07,20:28,09:11,"91,1",,,
2022-Oct-08,22:40,23:04,23:33,00:03,"8,7","0,0",0,-,-,08:43,09:13,09:42,10:06,21:33,09:42,"96,5",,,
2022-Oct-09,22:40,23:05,23:34,00:04,"8,6","0,0",0,-,-,08:42,09:12,09:41,10:05,22:36,10:12,"99,4",,,
2022-Oct-10,22:41,23:06,23:35,00:04,"8,6","0,0",0,-,-,08:41,09:10,09:39,10:04,23:38,10:42,"99,8",,,
2022-Oct-11,22:42,23:06,23:36,00:05,"8,6","0,6",7,00:04,00:38,08:39,09:09,09:38,10:02,-,11:13,"97,9",,,
2022-Oct-12,22:43,23:07,23:36,00:06,"8,5","1,6",19,00:06,01:41,08:38,09:08,09:37,10:01,00:39,11:47,"93,8",,,
2022-Oct-13,22:43,23:08,23:37,00:07,"8,5","2,6",30,00:06,02:41,08:36,09:06,09:36,10:00,01:41,12:24,"87,9",,,
2022-Oct-14,22:44,23:09,23:38,00:08,"8,5","3,5",41,00:08,03:38,08:35,09:05,09:34,09:59,02:41,13:05,"80,7",,,
2022-Oct-15,22:45,23:09,23:39,00:09,"8,4","4,4",52,00:09,04:32,08:34,09:04,09:33,09:58,03:38,13:51,"72,5",,,
2022-Oct-16,22:46,23:10,23:40,00:10,"8,4","5,2",62,00:09,05:21,08:32,09:03,09:32,09:56,04:33,14:42,"63,6",,,
2022-Oct-17,22:46,23:11,23:40,00:11,"8,3","5,9",71,00:11,06:04,08:31,09:01,09:31,09:55,05:22,15:36,"54,3",,,
2022-Oct-18,22:47,23:12,23:41,00:12,"8,3","6,5",79,00:11,06:44,08:30,09:00,09:30,09:54,06:05,16:33,"44,9",,,
2022-Oct-19,22:48,23:13,23:42,00:13,"8,3","7,1",86,00:13,07:18,08:28,08:59,09:28,09:53,06:44,17:31,"35,6",,,
2022-Oct-20,22:49,23:13,23:43,00:14,"8,2","7,6",92,00:13,07:48,08:27,08:58,09:27,09:52,07:18,18:29,"26,7",,,
2022-Oct-21,22:49,23:14,23:44,00:15,"8,2","8,1",98,00:15,08:17,08:26,08:56,09:26,09:51,07:49,19:27,"18,6",,,
2022-Oct-22,22:50,23:15,23:45,00:16,"8,1","8,1",100,00:15,08:23,08:24,08:55,09:25,09:50,08:18,20:25,"11,5",,,
2022-Oct-23,22:51,23:16,23:46,00:17,"8,1","8,1",100,00:17,08:21,08:23,08:54,09:24,09:49,08:47,21:25,"5,8",,,
2022-Oct-24,22:52,23:17,23:47,00:18,"8,1","8,0",100,00:18,08:19,08:22,08:53,09:23,09:48,09:15,22:28,"1,9",,,
2022-Oct-25,22:53,23:17,23:48,00:19,"8,0","8,0",100,00:18,08:19,08:20,08:52,09:22,09:46,09:46,23:33,"0,1",,,
2022-Oct-26,22:53,23:18,23:48,00:20,"8,0","7,6",95,00:40,08:17,08:19,08:50,09:21,09:45,10:20,-,"0,7",,,
2022-Oct-27,22:54,23:19,23:49,00:21,"8,0","6,4",81,01:52,08:17,08:18,08:49,09:20,09:44,10:59,00:41,"3,8",,,
2022-Oct-28,22:55,23:20,23:50,00:22,"7,9","5,2",66,03:02,08:15,08:17,08:48,09:19,09:43,11:46,01:52,"9,4",,,
2022-Oct-29,22:56,23:21,23:51,00:23,"7,9","4,1",52,04:07,08:14,08:15,08:47,09:18,09:42,12:41,03:02,"17,2",,,
2022-Oct-30,22:57,23:22,23:52,00:24,"7,8","3,1",40,05:05,08:12,08:14,08:46,09:17,09:41,13:44,04:08,"26,7",,,
2022-Oct-31,22:58,23:23,23:53,00:25,"7,8","2,3",29,05:55,08:12,08:13,08:45,09:16,09:41,14:53,05:06,"37,5",,,
2022-Nov-01,22:58,23:24,23:54,00:26,"7,8","1,6",20,06:36,08:10,08:12,08:44,09:15,09:40,16:03,05:55,"48,9",,,
2022-Nov-02,22:59,23:24,23:55,00:27,"7,7","1,0",13,07:11,08:10,08:11,08:43,09:14,09:39,17:12,06:37,"60,2",,,
2022-Nov-03,23:00,23:25,23:56,00:28,"7,7","0,4",5,07:43,08:08,08:10,08:42,09:13,09:38,18:18,07:12,"70,9",,,
2022-Nov-04,23:01,23:26,23:57,00:29,"7,7","0,0",0,-,-,08:08,08:41,09:12,09:37,19:21,07:44,"80,5",,,
2022-Nov-05,23:02,23:27,23:58,00:31,"7,6","0,0",0,-,-,08:07,08:40,09:11,09:36,20:23,08:14,"88,5",,,
2022-Nov-06,23:03,23:28,23:59,00:32,"7,6","0,0",0,-,-,08:06,08:39,09:10,09:35,21:24,08:43,"94,5",,,
2022-Nov-07,23:04,23:29,00:00,00:33,"7,5","0,0",0,-,-,08:05,08:38,09:09,09:35,22:25,09:12,"98,3",,,
2022-Nov-08,23:05,23:30,00:01,00:34,"7,5","0,0",0,-,-,08:04,08:37,09:08,09:34,23:27,09:44,"99,9",,,
2022-Nov-09,23:06,23:31,00:02,00:35,"7,5","0,0",0,-,-,08:03,08:36,09:08,09:33,-,10:19,"99,4",,,
2022-Nov-10,23:06,23:32,00:03,00:36,"7,4","0,9",11,00:35,01:27,08:02,08:35,09:07,09:32,00:27,10:59,"96,8",,,
2022-Nov-11,23:07,23:33,00:04,00:37,"7,4","1,8",24,00:36,02:23,08:01,08:34,09:06,09:32,01:27,11:43,"92,4",,,
2022-Nov-12,23:08,23:34,00:05,00:39,"7,4","2,6",35,00:38,03:15,08:00,08:34,09:05,09:31,02:23,12:33,"86,5",,,
2022-Nov-13,23:09,23:35,00:06,00:40,"7,3","3,4",46,00:40,04:00,07:59,08:33,09:05,09:30,03:15,13:26,"79,3",,,
2022-Nov-14,23:10,23:35,00:07,00:41,"7,3","4,0",55,00:40,04:41,07:58,08:32,09:04,09:30,04:01,14:22,"71,2",,,
2022-Nov-15,23:11,23:36,00:08,00:42,"7,3","4,6",63,00:42,05:17,07:57,08:31,09:03,09:29,04:41,15:19,"62,3",,,
2022-Nov-16,23:12,23:37,00:09,00:43,"7,2","5,1",70,00:42,05:48,07:57,08:31,09:03,09:29,05:17,16:16,"52,9",,,
2022-Nov-17,23:13,23:38,00:11,00:44,"7,2","5,6",77,00:44,06:18,07:56,08:30,09:02,09:28,05:48,17:13,"43,4",,,
2022-Nov-18,23:14,23:39,00:12,00:46,"7,2","6,0",84,00:45,06:45,07:55,08:29,09:02,09:27,06:18,18:10,"33,9",,,
2022-Nov-19,23:15,23:40,00:13,00:47,"7,1","6,4",90,00:47,07:12,07:54,08:29,09:01,09:27,06:45,19:08,"24,7",,,
2022-Nov-20,23:16,23:41,00:14,00:48,"7,1","6,9",97,00:47,07:41,07:53,08:28,09:01,09:27,07:13,20:09,"16,4",,,
2022-Nov-21,23:16,23:42,00:15,00:49,"7,1","7,1",100,00:49,07:52,07:53,08:27,09:00,09:26,07:42,21:12,"9,3",,,
2022-Nov-22,23:17,23:43,00:16,00:50,"7,0","7,0",100,00:49,07:50,07:52,08:27,09:00,09:26,08:15,22:20,"3,9",,,
2022-Nov-23,23:18,23:44,00:17,00:51,"7,0","7,0",100,00:51,07:50,07:51,08:26,08:59,09:25,08:52,23:31,"0,7",,,
2022-Nov-24,23:19,23:45,00:18,00:53,"7,0","7,0",100,00:53,07:50,07:51,08:26,08:59,09:25,09:36,-,"0,1",,,
2022-Nov-25,23:20,23:46,00:19,00:54,"6,9","5,9",86,01:54,07:50,07:50,08:26,08:59,09:25,10:29,00:44,"2,2",,,
2022-Nov-26,23:21,23:47,00:20,00:55,"6,9","4,9",70,02:57,07:48,07:50,08:25,08:58,09:24,11:31,01:54,"7,1",,,
2022-Nov-27,23:22,23:48,00:21,00:56,"6,9","4,0",57,03:51,07:48,07:49,08:25,08:58,09:24,12:41,02:58,"14,4",,,
2022-Nov-28,23:23,23:49,00:22,00:57,"6,9","3,2",46,04:36,07:48,07:49,08:24,08:58,09:24,13:53,03:52,"23,6",,,
2022-Nov-29,23:24,23:50,00:23,00:58,"6,8","2,6",37,05:15,07:48,07:48,08:24,08:58,09:24,15:03,04:37,"34,1",,,
2022-Nov-30,23:25,23:50,00:24,00:59,"6,8","2,0",30,05:46,07:48,07:48,08:24,08:57,09:24,16:11,05:15,"45,2",,,
2022-Dec-01,23:25,23:51,00:25,01:00,"6,8","1,5",22,06:17,07:47,07:48,08:24,08:57,09:23,17:15,05:47,"56,4",,,
2022-Dec-02,23:26,23:52,00:26,01:01,"6,8","1,0",15,06:45,07:47,07:47,08:23,08:57,09:23,18:17,06:17,"67,0",,,
2022-Dec-03,23:27,23:53,00:26,01:02,"6,8","0,5",8,07:14,07:47,07:47,08:23,08:57,09:23,19:17,06:46,"76,6",,,
2022-Dec-04,23:28,23:54,00:27,01:03,"6,7","0,0",0,07:45,07:47,07:47,08:23,08:57,09:23,20:17,07:15,"84,9",,,
2022-Dec-05,23:29,23:55,00:28,01:04,"6,7","0,0",0,-,-,07:47,08:23,08:57,09:23,21:17,07:45,"91,5",,,
2022-Dec-06,23:29,23:55,00:29,01:05,"6,7","0,0",0,-,-,07:46,08:23,08:57,09:23,22:17,08:18,"96,2",,,
2022-Dec-07,23:30,23:56,00:30,01:06,"6,7","0,0",0,-,-,07:46,08:23,08:57,09:23,23:17,08:56,"99,0",,,
2022-Dec-08,23:31,23:57,00:31,01:07,"6,7","0,0",0,-,-,07:46,08:23,08:57,09:23,-,9:38,"99,9",,,
2022-Dec-09,23:32,23:58,00:32,01:08,"6,6","0,0",0,-,-,07:46,08:23,08:57,09:24,00:14,10:26,"98,8",,,
2022-Dec-10,23:32,23:59,00:32,01:09,"6,6","0,8",12,01:09,01:56,07:46,08:23,08:57,09:24,01:07,11:18,"96,0",,,
2022-Dec-11,23:33,23:59,00:33,01:10,"6,6","1,5",22,01:09,02:37,07:46,08:23,08:57,09:24,01:56,12:13,"91,4",,,
2022-Dec-12,23:34,00:00,00:34,01:10,"6,6","2,1",32,01:09,03:15,07:46,08:23,08:58,09:24,02:38,13:09,"85,5",,,
2022-Dec-13,23:35,00:01,00:35,01:11,"6,6","2,6",40,01:11,03:47,07:46,08:23,08:58,09:24,03:15,14:06,"78,2",,,
2022-Dec-14,23:35,00:01,00:35,01:12,"6,6","3,1",47,01:11,04:16,07:47,08:24,08:58,09:25,03:48,15:02,"70,0",,,
2022-Dec-15,23:36,00:02,00:36,01:13,"6,6","3,5",54,01:12,04:45,07:47,08:24,08:58,09:25,04:17,15:58,"60,9",,,
2022-Dec-16,23:37,00:03,00:37,01:13,"6,6","4,0",61,01:12,05:12,07:47,08:24,08:59,09:25,04:45,16:55,"51,2",,,
2022-Dec-17,23:37,00:03,00:37,01:14,"6,6","4,4",68,01:14,05:39,07:47,08:25,08:59,09:26,05:12,17:52,"41,3",,,
2022-Dec-18,23:38,00:04,00:38,01:15,"6,6","4,9",75,01:14,06:09,07:48,08:25,08:59,09:26,05:40,18:53,"31,4",,,
2022-Dec-19,23:38,00:04,00:39,01:15,"6,6","5,5",84,01:14,06:42,07:48,08:25,09:00,09:26,06:09,19:56,"22,0",,,
2022-Dec-20,23:39,00:05,00:39,01:16,"6,5","6,1",94,01:16,07:23,07:48,08:26,09:00,09:27,06:43,21:05,"13,6",,,
2022-Dec-21,23:39,00:05,00:40,01:16,"6,6","6,6",100,01:16,07:48,07:49,08:26,09:01,09:27,07:23,22:17,"6,8",,,
2022-Dec-22,23:40,00:06,00:40,01:17,"6,5","6,6",100,01:16,07:50,07:49,08:27,09:01,09:28,08:12,23:30,"2,1",,,
2022-Dec-23,23:40,00:06,00:41,01:17,"6,6","6,6",100,01:16,07:50,07:50,08:27,09:02,09:28,09:10,-,"0,1",,,
2022-Dec-24,23:41,00:07,00:41,01:18,"6,6","6,2",94,01:39,07:50,07:51,08:28,09:02,09:29,10:19,00:39,"1,1",,,
2022-Dec-25,23:41,00:07,00:41,01:18,"6,6","5,4",82,02:30,07:52,07:51,08:28,09:03,09:30,11:33,01:40,"4,9",,,
2022-Dec-26,23:41,00:08,00:42,01:18,"6,6","4,7",71,03:11,07:52,07:52,08:29,09:03,09:30,12:47,02:30,"11,4",,,
2022-Dec-27,23:42,00:08,00:42,01:19,"6,6","4,1",62,03:47,07:52,07:52,08:30,09:04,09:31,13:59,03:12,"19,9",,,
2022-Dec-28,23:42,00:08,00:42,01:19,"6,6","3,6",55,04:18,07:54,07:53,08:30,09:05,09:31,15:06,03:48,"29,9",,,
2022-Dec-29,23:42,00:09,00:43,01:19,"6,6","3,1",47,04:48,07:54,07:54,08:31,09:05,09:32,16:10,04:19,"40,6",,,
2022-Dec-30,23:43,00:09,00:43,01:19,"6,6","2,6",40,05:17,07:56,07:55,08:32,09:06,09:33,17:11,04:49,"51,4",,,
2022-Dec-31,23:43,00:09,00:43,01:19,"6,6","2,1",32,05:48,07:56,07:56,08:33,09:07,09:33,18:11,05:18,"61,8",,,
2023-Jan-01,23:43,00:09,00:43,01:19,"6,6","1,6",24,06:20,07:56,07:56,08:33,09:08,09:34,19:11,05:48,"71,5",,,
2023-Jan-02,23:43,00:09,00:43,01:19,"6,6","1,1",16,06:54,07:57,07:57,08:34,09:08,09:35,20:11,06:20,"80,1",,,
2023-Jan-03,23:43,00:10,00:43,01:19,"6,7","0,4",6,07:36,07:59,07:58,08:35,09:09,09:36,21:10,06:55,"87,3",,,
2023-Jan-04,23:44,00:10,00:43,01:19,"6,7","0,0",0,-,-,07:59,08:36,09:10,09:36,22:07,07:36,"93,0",,,
2023-Jan-05,23:44,00:10,00:43,01:19,"6,7","0,0",0,-,-,08:00,08:37,09:11,09:37,23:02,08:21,"97,0",,,
2023-Jan-06,23:44,00:10,00:43,01:19,"6,7","0,0",0,-,-,08:01,08:38,09:12,09:38,23:52,09:12,"99,3",,,
2023-Jan-07,23:44,00:10,00:43,01:19,"6,7","0,0",0,-,-,08:02,08:38,09:12,09:39,-,10:06,"99,7",,,
2023-Jan-08,23:44,00:10,00:43,01:19,"6,7","0,0",0,-,-,08:03,08:39,09:13,09:40,00:36,11:02,"98,4",,,
2023-Jan-09,23:44,00:10,00:43,01:19,"6,8","0,5",7,01:18,01:48,08:04,08:40,09:14,09:41,01:15,11:59,"95,3",,,
2023-Jan-10,23:44,00:10,00:43,01:18,"6,8","1,0",15,01:18,02:19,08:05,08:41,09:15,09:41,01:49,12:56,"90,6",,,
2023-Jan-11,23:44,00:09,00:43,01:18,"6,8","1,5",22,01:18,02:46,08:06,08:42,09:16,09:42,02:19,13:51,"84,4",,,
2023-Jan-12,23:43,00:09,00:42,01:18,"6,8","1,9",28,01:18,03:13,08:07,08:43,09:17,09:43,02:47,14:47,"76,8",,,
2023-Jan-13,23:43,00:09,00:42,01:17,"6,9","2,4",35,01:16,03:40,08:09,08:44,09:18,09:44,03:13,15:43,"68,1",,,
2023-Jan-14,23:43,00:09,00:42,01:17,"6,9","2,9",41,01:16,04:07,08:10,08:45,09:19,09:45,03:40,16:40,"58,5",,,
2023-Jan-15,23:43,00:09,00:42,01:17,"6,9","3,4",49,01:16,04:38,08:11,08:46,09:20,09:46,04:08,17:40,"48,3",,,
2023-Jan-16,23:43,00:08,00:41,01:16,"6,9","4,0",57,01:16,05:14,08:12,08:47,09:21,09:47,04:38,18:44,"37,9",,,
2023-Jan-17,23:42,00:08,00:41,01:16,"7,0","4,7",67,01:16,05:55,08:13,08:49,09:22,09:48,05:14,19:52,"27,7",,,
2023-Jan-18,23:42,00:08,00:40,01:15,"7,0","5,6",80,01:14,06:49,08:14,08:50,09:23,09:49,05:56,21:03,"18,2",,,
2023-Jan-19,23:42,00:07,00:40,01:14,"7,0","6,6",94,01:14,07:52,08:16,08:51,09:24,09:50,06:49,22:14,"10,1",,,
2023-Jan-20,23:41,00:07,00:40,01:14,"7,1","7,1",100,01:14,08:17,08:17,08:52,09:25,09:51,07:52,23:19,"4,1",,,
2023-Jan-21,23:41,00:07,00:39,01:13,"7,1","7,1",100,01:12,08:19,08:18,08:53,09:26,09:52,09:4,-,"0,7",,,
2023-Jan-22,23:41,00:06,00:38,01:13,"7,1","7,1",100,01:12,08:21,08:19,08:54,09:27,09:52,10:20,00:16,"0,3",,,
2023-Jan-23,23:40,00:06,00:38,01:12,"7,2","6,7",93,01:43,08:21,08:21,08:55,09:28,09:53,11:36,01:03,"2,9",,,
2023-Jan-24,23:40,00:05,00:37,01:11,"7,2","6,1",85,02:17,08:23,08:22,08:56,09:29,09:54,12:48,01:43,"8,3",,,
2023-Jan-25,23:39,00:05,00:37,01:10,"7,2","5,6",78,02:48,08:24,08:23,08:57,09:30,09:55,13:56,02:17,"15,8",,,
2023-Jan-26,23:39,00:04,00:36,01:10,"7,2","5,1",71,03:18,08:26,08:24,08:58,09:31,09:56,15:01,02:48,"24,9",,,
2023-Jan-27,23:38,00:04,00:35,01:09,"7,3","4,7",64,03:47,08:26,08:26,08:59,09:32,09:57,16:03,03:18,"34,9",,,
2023-Jan-28,23:38,00:03,00:35,01:08,"7,3","4,1",56,04:20,08:28,08:27,09:01,09:33,09:58,17:04,03:48,"45,2",,,
2023-Jan-29,23:37,00:02,00:34,01:07,"7,4","3,6",49,04:54,08:28,08:28,09:02,09:34,09:59,18:04,04:20,"55,5",,,
2023-Jan-30,23:36,00:02,00:33,01:06,"7,4","3,0",40,05:33,08:30,08:29,09:03,09:35,10:00,19:04,04:55,"65,2",,,
2023-Jan-31,23:36,00:01,00:32,01:05,"7,4","2,2",30,06:18,08:32,08:31,09:04,09:36,10:01,20:02,05:34,"74,1",,,
2023-Feb-01,23:35,00:00,00:32,01:04,"7,5","1,4",19,07:07,08:33,08:32,09:05,09:37,10:02,20:58,06:18,"82,0",,,
2023-Feb-02,23:34,23:59,00:31,01:03,"7,5","0,6",8,07:59,08:33,08:33,09:06,09:38,10:03,21:49,07:07,"88,7",,,
2023-Feb-03,23:33,23:59,00:30,01:02,"7,5","0,0",0,-,-,08:34,09:07,09:39,10:04,22:35,08:0,"93,9",,,
2023-Feb-04,23:33,23:58,00:29,01:01,"7,6","0,0",0,-,-,08:35,09:08,09:40,10:05,23:15,08:56,"97,5",,,
2023-Feb-05,23:32,23:57,00:28,01:00,"7,6","0,0",0,-,-,08:37,09:09,09:41,10:06,23:50,09:53,"99,5",,,
2023-Feb-06,23:31,23:56,00:27,00:59,"7,7","0,0",0,-,-,08:38,09:10,09:42,10:07,-,10:50,"99,6",,,
2023-Feb-07,23:30,23:55,00:26,00:58,"7,7","0,0",0,-,-,08:39,09:11,09:43,10:08,00:22,11:46,"97,9",,,
2023-Feb-08,23:30,23:55,00:25,00:57,"7,7","0,3",4,00:56,01:16,08:40,09:13,09:44,10:09,00:50,12:42,"94,5",,,
2023-Feb-09,23:29,23:54,00:24,00:56,"7,8","0,8",10,00:56,01:43,08:41,09:14,09:44,10:10,01:17,13:38,"89,3",,,
2023-Feb-10,23:28,23:53,00:23,00:55,"7,8","1,3",16,00:54,02:10,08:43,09:15,09:45,10:10,01:43,14:34,"82,5",,,
2023-Feb-11,23:27,23:52,00:22,00:54,"7,8","1,7",22,00:54,02:37,08:44,09:16,09:46,10:11,02:10,15:32,"74,2",,,
2023-Feb-12,23:26,23:51,00:21,00:53,"7,9","2,3",29,00:53,03:11,08:45,09:17,09:47,10:12,02:38,16:33,"64,7",,,
2023-Feb-13,23:25,23:50,00:20,00:51,"7,9","3,0",38,00:51,03:49,08:46,09:18,09:48,10:13,03:11,17:38,"54,4",,,
2023-Feb-14,23:24,23:49,00:19,00:50,"8,0","3,8",47,00:49,04:34,08:47,09:19,09:49,10:14,03:49,18:45,"43,5",,,
2023-Feb-15,23:23,23:48,00:18,00:49,"8,0","4,7",59,00:49,05:30,08:48,09:20,09:50,10:15,04:35,19:54,"32,7",,,
2023-Feb-16,23:22,23:47,00:17,00:48,"8,0","5,8",72,00:47,06:36,08:50,09:21,09:51,10:16,05:31,21:0,"22,4",,,
2023-Feb-17,23:21,23:46,00:16,00:47,"8,1","7,1",87,00:47,07:50,08:51,09:22,09:52,10:17,06:37,21:59,"13,4",,,
2023-Feb-18,23:20,23:45,00:15,00:45,"8,1","8,1",100,00:45,08:53,08:52,09:23,09:53,10:18,07:50,22:50,"6,4",,,
2023-Feb-19,23:19,23:44,00:13,00:44,"8,2","8,2",100,00:44,08:53,08:53,09:24,09:54,10:18,09:06,23:33,"1,8",,,
2023-Feb-20,23:18,23:43,00:12,00:43,"8,2","8,2",100,00:42,08:55,08:54,09:25,09:55,10:19,10:21,-,"0,1",,,
2023-Feb-21,23:17,23:42,00:11,00:42,"8,2","8,2",100,00:42,08:55,08:55,09:26,09:56,10:20,11:32,00:10,"1,4",,,
2023-Feb-22,23:16,23:40,00:10,00:40,"8,3","7,7",93,01:14,08:57,08:56,09:27,09:56,10:21,12:41,00:43,"5,4",,,
2023-Feb-23,23:15,23:39,00:09,00:39,"8,3","7,2",87,01:45,08:57,08:57,09:28,09:57,10:22,13:46,01:15,"11,6",,,
2023-Feb-24,23:14,23:38,00:08,00:38,"8,3","6,7",80,02:17,08:59,08:58,09:29,09:58,10:23,14:50,01:46,"19,6",,,
2023-Feb-25,23:12,23:37,00:06,00:36,"8,4","6,1",73,02:53,09:00,08:59,09:29,09:59,10:23,15:53,02:18,"28,7",,,
2023-Feb-26,23:11,23:36,00:05,00:35,"8,4","5,5",65,03:31,09:00,09:00,09:30,10:00,10:24,16:55,02:53,"38,4",,,
2023-Feb-27,23:10,23:35,00:04,00:34,"8,5","4,8",57,04:14,09:02,09:01,09:31,10:01,10:25,17:55,03:31,"48,3",,,
2023-Feb-28,23:09,23:34,00:03,00:32,"8,5","4,0",47,05:01,09:02,09:02,09:32,10:01,10:26,18:52,04:14,"58,0",,,
2023-Mar-01,23:08,23:32,00:01,00:31,"8,5","3,2",37,05:53,09:04,09:03,09:33,10:02,10:27,19:45,05:02,"67,3",,,
2023-Mar-02,23:07,23:31,00:00,00:30,"8,6","2,3",26,06:49,09:04,09:04,09:34,10:03,10:27,20:33,05:54,"75,8",,,
2023-Mar-03,23:05,23:30,23:59,00:28,"8,6","1,3",15,07:45,09:06,09:05,09:35,10:04,10:28,21:15,06:49,"83,3",,,
2023-Mar-04,23:04,23:29,23:58,00:27,"8,7","0,4",5,08:42,09:06,09:06,09:36,10:05,10:29,21:52,07:46,"89,7",,,
2023-Mar-05,23:03,23:27,23:56,00:26,"8,7","0,0",0,-,-,09:07,09:37,10:06,10:30,22:24,08:43,"94,7",,,
2023-Mar-06,23:02,23:26,23:55,00:24,"8,7","0,0",0,-,-,09:08,09:37,10:06,10:31,22:53,09:40,"98,1",,,
2023-Mar-07,23:01,23:25,23:54,00:23,"8,8","0,0",0,-,-,09:09,09:38,10:07,10:31,23:20,10:36,"99,7",,,
2023-Mar-08,22:59,23:24,23:52,00:22,"8,8","0,0",0,-,-,09:10,09:39,10:08,10:32,23:47,11:32,"99,5",,,
2023-Mar-09,22:58,23:23,23:51,00:20,"8,8","0,0",0,-,-,09:10,09:40,10:09,10:33,-,12:29,"97,2",,,
2023-Mar-10,22:57,23:21,23:50,00:19,"8,9","0,4",4,00:18,00:40,09:11,09:41,10:09,10:34,00:13,13:27,"93,0",,,
2023-Mar-11,22:56,23:20,23:49,00:18,"8,9","0,9",10,00:18,01:11,09:12,09:41,10:10,10:34,00:41,14:27,"86,8",,,
2023-Mar-12,22:54,23:19,23:47,00:16,"9,0","1,5",17,00:15,01:48,09:13,09:42,10:11,10:35,01:12,15:30,"79,0",,,
2023-Mar-13,22:53,23:17,23:46,00:15,"9,0","2,3",25,00:15,02:30,09:14,09:43,10:12,10:36,01:48,16:36,"69,6",,,
2023-Mar-14,22:52,23:16,23:45,00:14,"9,0","3,1",35,00:13,03:20,09:15,09:44,10:12,10:36,02:30,17:43,"59,1",,,
2023-Mar-15,22:51,23:15,23:43,00:12,"9,1","4,2",46,00:11,04:20,09:16,09:44,10:13,10:37,03:21,18:48,"48,0",,,
2023-Mar-16,22:49,23:14,23:42,00:11,"9,1","5,3",59,00:11,05:30,09:16,09:45,10:14,10:38,04:21,19:48,"36,7",,,
2023-Mar-17,22:48,23:12,23:41,00:09,"9,1","6,6",72,00:09,06:42,09:17,09:46,10:14,10:39,05:30,20:41,"26,0",,,
2023-Mar-18,22:47,23:11,23:39,00:08,"9,2","7,8",85,00:08,07:56,09:18,09:47,10:15,10:39,06:42,21:25,"16,4",,,
2023-Mar-19,22:46,23:10,23:38,00:07,"9,2","9,0",98,00:06,09:08,09:19,09:47,10:16,10:40,07:56,22:04,"8,6",,,
2023-Mar-20,22:44,23:09,23:37,00:05,"9,2","9,3",100,00:04,09:20,09:19,09:48,10:17,10:41,09:08,22:38,"3,2",,,
2023-Mar-21,22:43,23:07,23:36,00:04,"9,3","9,3",100,00:04,09:20,09:20,09:49,10:17,10:41,10:17,23:10,"0,4",,,
2023-Mar-22,22:42,23:06,23:34,00:03,"9,3","9,3",100,00:02,09:22,09:21,09:50,10:18,10:42,11:24,23:41,"0,4",,,
2023-Mar-23,22:40,23:05,23:33,00:01,"9,4","9,2",98,00:13,09:22,09:22,09:50,10:19,10:43,12:30,-,"3,0",,,
2023-Mar-24,22:39,23:03,23:32,00:00,"9,4","8,6",92,00:47,09:22,09:22,09:51,10:19,10:43,13:35,00:13,"7,9",,,
2023-Mar-25,22:38,23:02,23:30,23:59,"9,4","8,0",85,01:25,09:24,09:23,09:52,10:20,10:44,14:39,00:47,"14,6",,,
2023-Mar-26,22:37,23:01,23:29,23:58,"9,4","7,3",77,02:06,09:24,09:24,09:52,10:21,10:45,15:42,01:25,"22,6",,,
2023-Mar-27,22:35,23:00,23:28,23:56,"9,5","6,5",69,02:53,09:24,09:25,09:53,10:21,10:45,16:42,02:07,"31,5",,,
2023-Mar-28,22:34,22:58,23:27,23:55,"9,5","5,7",60,03:45,09:26,09:25,09:54,10:22,10:46,17:38,02:53,"40,9",,,
2023-Mar-29,22:33,22:57,23:25,23:54,"9,5","4,8",50,04:39,09:26,09:26,09:54,10:23,10:47,18:28,03:45,"50,5",,,
2023-Mar-30,22:32,22:56,23:24,23:52,"9,6","3,9",40,05:35,09:26,09:27,09:55,10:23,10:47,19:13,04:40,"59,9",,,
2023-Mar-31,22:30,22:55,23:23,23:51,"9,6","2,9",30,06:33,09:27,09:27,09:56,10:24,10:48,19:51,05:36,"68,9",,,
2023-Apr-01,22:29,22:53,23:22,23:50,"9,6","2,0",20,07:30,09:29,09:28,09:56,10:25,10:49,20:25,06:34,"77,3",,,
2023-Apr-02,22:28,22:52,23:20,23:49,"9,7","1,0",11,08:26,09:29,09:29,09:57,10:25,10:49,20:55,07:31,"84,8",,,
2023-Apr-03,22:27,22:51,23:19,23:47,"9,7","0,1",1,09:22,09:29,09:29,09:58,10:26,10:50,21:23,08:27,"91,0",,,
2023-Apr-04,22:25,22:50,23:18,23:46,"9,7","0,0",0,-,-,09:30,09:58,10:27,10:51,21:49,09:23,"95,8",,,
2023-Apr-05,22:24,22:48,23:17,23:45,"9,8","0,0",0,-,-,09:31,09:59,10:27,10:51,22:16,10:20,"98,9",,,
2023-Apr-06,22:23,22:47,23:15,23:44,"9,8","0,0",0,-,-,09:31,10:00,10:28,10:52,22:44,11:18,"100,0",,,
2023-Apr-07,22:22,22:46,23:14,23:42,"9,8","0,0",0,-,-,09:32,10:00,10:29,10:53,23:14,12:19,"98,9",,,
2023-Apr-08,22:20,22:45,23:13,23:41,"9,9","0,1",1,23:41,23:48,09:33,10:01,10:29,10:53,23:48,13:23,"95,6",,,
2023-Apr-09,22:19,22:44,23:12,23:40,"9,9","0,8",8,23:39,00:29,09:33,10:01,10:30,10:54,-,14:29,"90,0",,,
2023-Apr-10,22:18,22:42,23:11,23:39,"9,9","1,6",16,23:39,01:16,09:34,10:02,10:30,10:55,00:29,15:36,"82,5",,,
2023-Apr-11,22:17,22:41,23:10,23:38,"9,9","2,6",26,23:37,02:14,09:34,10:03,10:31,10:55,01:17,16:42,"73,2",,,
2023-Apr-12,22:16,22:40,23:08,23:37,"10,0","3,7",37,23:37,03:18,09:35,10:03,10:32,10:56,02:14,17:43,"62,6",,,
2023-Apr-13,22:14,22:39,23:07,23:36,"10,0","4,9",49,23:35,04:29,09:36,10:04,10:32,10:57,03:19,18:37,"51,3",,,
2023-Apr-14,22:13,22:38,23:06,23:34,"10,0","6,1",61,23:33,05:41,09:36,10:05,10:33,10:57,04:29,19:23,"39,8",,,
2023-Apr-15,22:12,22:37,23:05,23:33,"10,1","7,3",73,23:33,06:51,09:37,10:05,10:34,10:58,05:41,20:02,"28,8",,,
2023-Apr-16,22:11,22:36,23:04,23:32,"10,1","8,5",84,23:32,07:59,09:38,10:06,10:34,10:59,06:51,20:37,"18,9",,,
2023-Apr-17,22:10,22:34,23:03,23:31,"10,1","9,6",95,23:30,09:04,09:38,10:06,10:35,10:59,07:59,21:08,"10,8",,,
2023-Apr-18,22:09,22:33,23:02,23:30,"10,2","10,2",100,23:30,09:38,09:39,10:07,10:36,11:00,09:05,21:39,"4,7",,,
2023-Apr-19,22:08,22:32,23:01,23:29,"10,2","10,2",100,23:28,09:40,09:39,10:08,10:36,11:01,10:11,22:09,"1,1",,,
2023-Apr-20,22:07,22:31,23:00,23:28,"10,2","10,2",100,23:28,09:40,09:40,10:08,10:37,11:01,11:16,22:42,"0,0",,,
2023-Apr-21,22:06,22:30,22:59,23:27,"10,2","10,2",100,23:26,09:40,09:41,10:09,10:37,11:02,12:20,23:18,"1,3",,,
2023-Apr-22,22:05,22:29,22:58,23:26,"10,3","9,7",95,23:57,09:42,09:41,10:10,10:38,11:03,13:25,23:58,"4,8",,,
2023-Apr-23,22:03,22:28,22:57,23:25,"10,3","9,0",87,00:44,09:42,09:42,10:10,10:39,11:03,14:28,-,"10,2",,,
2023-Apr-24,22:02,22:27,22:56,23:24,"10,3","8,2",79,01:34,09:42,09:42,10:11,10:39,11:04,15:27,00:44,"17,1",,,
2023-Apr-25,22:01,22:26,22:55,23:23,"10,3","7,3",70,02:28,09:44,09:43,10:11,10:40,11:05,16:20,01:34,"25,1",,,
2023-Apr-26,22:00,22:25,22:54,23:22,"10,4","6,3",61,03:24,09:44,09:44,10:12,10:41,11:05,17:08,02:29,"33,8",,,
2023-Apr-27,21:59,22:24,22:53,23:21,"10,4","5,4",52,04:23,09:45,09:44,10:13,10:41,11:06,17:49,03:25,"43,1",,,
2023-Apr-28,21:59,22:23,22:52,23:21,"10,4","4,4",43,05:19,09:45,09:45,10:13,10:42,11:07,18:24,04:23,"52,5",,,
2023-Apr-29,21:58,22:22,22:51,23:20,"10,4","3,5",34,06:15,09:45,09:45,10:14,10:43,11:07,18:55,05:20,"61,8",,,
2023-Apr-30,21:57,22:21,22:50,23:19,"10,5","2,6",25,07:11,09:45,09:46,10:14,10:43,11:08,19:24,06:16,"70,9",,,
2023-May-01,21:56,22:20,22:49,23:18,"10,5","1,7",16,08:08,09:47,09:46,10:15,10:44,11:09,19:51,07:12,"79,2",,,
2023-May-02,21:55,22:20,22:49,23:17,"10,5","0,7",7,09:06,09:47,09:47,10:16,10:45,11:09,20:17,08:08,"86,7",,,
2023-May-03,21:54,22:19,22:48,23:16,"10,5","0,0",0,-,-,09:48,10:16,10:45,11:10,20:44,09:06,"92,8",,,
2023-May-04,21:53,22:18,22:47,23:16,"10,5","0,0",0,-,-,09:48,10:17,10:46,11:11,21:13,10:06,"97,3",,,
2023-May-05,21:52,22:17,22:46,23:15,"10,6","0,0",0,-,-,09:49,10:17,10:47,11:11,21:47,11:09,"99,7",,,
2023-May-06,21:51,22:16,22:45,23:14,"10,6","0,0",0,-,-,09:49,10:18,10:47,11:12,22:25,12:16,"99,7",,,
2023-May-07,21:51,22:16,22:45,23:14,"10,6","0,0",0,-,-,09:50,10:19,10:48,11:13,23:12,13:25,"97,3",,,
2023-May-08,21:50,22:15,22:44,23:13,"10,6","0,9",8,23:12,00:06,09:50,10:19,10:48,11:13,-,14:33,"92,3",,,
2023-May-09,21:49,22:14,22:43,23:12,"10,7","2,0",19,23:12,01:11,09:51,10:20,10:49,11:14,00:07,15:38,"85,0",,,
2023-May-10,21:48,22:13,22:43,23:12,"10,7","3,2",30,23:12,02:21,09:52,10:20,10:50,11:15,01:11,16:34,"75,8",,,
2023-May-11,21:48,22:13,22:42,23:11,"10,7","4,4",41,23:10,03:31,09:52,10:21,10:50,11:15,02:21,17:23,"65,2",,,
2023-May-12,21:47,22:12,22:41,23:10,"10,7","5,5",52,23:10,04:41,09:53,10:22,10:51,11:16,03:32,18:03,"53,8",,,
2023-May-13,21:46,22:11,22:41,23:10,"10,7","6,7",62,23:10,05:48,09:53,10:22,10:52,11:17,04:42,18:38,"42,3",,,
2023-May-14,21:46,22:11,22:40,23:09,"10,8","7,8",72,23:08,06:54,09:54,10:23,10:52,11:17,05:49,19:10,"31,3",,,
2023-May-15,21:45,22:10,22:40,23:09,"10,8","8,8",82,23:08,07:57,09:54,10:23,10:53,11:18,06:54,19:40,"21,3",,,
2023-May-16,21:44,22:09,22:39,23:08,"10,8","9,9",92,23:08,09:02,09:55,10:24,10:53,11:19,07:58,20:09,"13,0",,,
2023-May-17,21:44,22:09,22:39,23:08,"10,8","10,8",100,23:08,09:56,09:55,10:25,10:54,11:19,09:02,20:41,"6,5",,,
2023-May-18,21:43,22:08,22:38,23:07,"10,8","10,8",100,23:06,09:56,09:56,10:25,10:55,11:20,10:05,21:14,"2,3",,,
2023-May-19,21:43,22:08,22:38,23:07,"10,8","10,8",100,23:06,09:56,09:57,10:26,10:55,11:20,11:09,21:53,"0,2",,,
2023-May-20,21:42,22:07,22:37,23:06,"10,9","10,9",100,23:05,09:58,09:57,10:26,10:56,11:21,12:13,22:36,"0,4",,,
2023-May-21,21:42,22:07,22:37,23:06,"10,9","10,6",97,23:24,09:58,09:58,10:27,10:57,11:22,13:14,23:24,"2,6",,,
2023-May-22,21:41,22:06,22:36,23:06,"10,9","9,7",89,00:18,09:58,09:58,10:27,10:57,11:22,14:10,-,"6,7",,,
2023-May-23,21:41,22:06,22:36,23:05,"10,9","8,8",80,01:14,09:58,09:59,10:28,10:58,11:23,15:01,00:18,"12,4",,,
2023-May-24,21:40,22:06,22:36,23:05,"10,9","7,8",72,02:10,10:00,09:59,10:28,10:58,11:24,15:44,01:14,"19,4",,,
2023-May-25,21:40,22:05,22:35,23:05,"10,9","6,9",63,03:09,10:00,10:00,10:29,10:59,11:24,16:22,02:11,"27,3",,,
2023-May-26,21:39,22:05,22:35,23:04,"10,9","5,9",54,04:05,10:00,10:00,10:30,10:59,11:25,16:55,03:09,"36,1",,,
2023-May-27,21:39,22:04,22:35,23:04,"11,0","5,0",46,05:01,10:00,10:01,10:30,11:00,11:25,17:24,04:05,"45,3",,,
2023-May-28,21:39,22:04,22:34,23:04,"11,0","4,1",37,05:55,10:02,10:01,10:31,11:01,11:26,17:51,05:01,"54,9",,,
2023-May-29,21:38,22:04,22:34,23:04,"11,0","3,2",29,06:51,10:02,10:02,10:31,11:01,11:27,18:17,05:56,"64,3",,,
2023-May-30,21:38,22:04,22:34,23:03,"11,0","2,2",20,07:50,10:03,10:02,10:32,11:02,11:27,18:43,06:52,"73,5",,,
2023-May-31,21:38,22:03,22:34,23:03,"11,0","1,2",11,08:51,10:03,10:03,10:32,11:02,11:28,19:11,07:50,"82,0",,,
2023-Jun-01,21:38,22:03,22:33,23:03,"11,0","0,1",1,09:56,10:03,10:03,10:33,11:03,11:28,19:43,08:52,"89,3",,,
2023-Jun-02,21:37,22:03,22:33,23:03,"11,0","0,0",0,-,-,10:04,10:33,11:03,11:29,20:19,09:57,"95,1",,,
2023-Jun-03,21:37,22:03,22:33,23:03,"11,0","0,0",0,-,-,10:04,10:34,11:04,11:29,21:03,11:06,"98,7",,,
2023-Jun-04,21:37,22:03,22:33,23:03,"11,0","0,0",0,-,-,10:04,10:34,11:04,11:30,21:56,12:16,"99,9",,,
2023-Jun-05,21:37,22:02,22:33,23:03,"11,0","0,0",0,-,-,10:05,10:34,11:05,11:30,22:58,13:25,"98,3",,,
2023-Jun-06,21:37,22:02,22:33,23:03,"11,0","1,1",10,23:03,00:08,10:05,10:35,11:05,11:31,-,14:26,"93,9",,,
2023-Jun-07,21:37,22:02,22:33,23:02,"11,1","2,3",21,23:01,01:20,10:06,10:35,11:06,11:31,00:08,15:19,"87,0",,,
2023-Jun-08,21:37,22:02,22:33,23:02,"11,1","3,5",32,23:01,02:33,10:06,10:36,11:06,11:32,01:21,16:03,"77,9",,,
2023-Jun-09,21:37,22:02,22:33,23:02,"11,1","4,7",42,23:01,03:42,10:06,10:36,11:07,11:32,02:33,16:40,"67,4",,,
2023-Jun-10,21:37,22:02,22:33,23:02,"11,1","5,8",52,23:01,04:48,10:07,10:37,11:07,11:33,03:42,17:13,"56,1",,,
2023-Jun-11,21:37,22:02,22:33,23:03,"11,1","6,8",61,23:03,05:50,10:07,10:37,11:07,11:33,04:48,17:43,"44,7",,,
2023-Jun-12,21:37,22:02,22:33,23:03,"11,1","7,9",71,23:03,06:54,10:08,10:37,11:08,11:33,05:51,18:12,"33,8",,,
2023-Jun-13,21:37,22:02,22:33,23:03,"11,1","8,9",80,23:03,07:56,10:08,10:38,11:08,11:34,06:54,18:42,"24,0",,,
2023-Jun-14,21:37,22:02,22:33,23:03,"11,1","9,9",90,23:03,08:59,10:08,10:38,11:08,11:34,07:56,19:15,"15,5",,,
2023-Jun-15,21:37,22:02,22:33,23:03,"11,1","11,0",99,23:03,10:02,10:09,10:38,11:09,11:34,08:59,19:51,"8,8",,,
2023-Jun-16,21:37,22:03,22:33,23:03,"11,1","11,1",100,23:03,10:09,10:09,10:39,11:09,11:35,10:02,20:31,"3,9",,,
2023-Jun-17,21:37,22:03,22:33,23:03,"11,1","11,1",100,23:03,10:09,10:09,10:39,11:09,11:35,11:03,21:17,"1,0",,,
2023-Jun-18,21:37,22:03,22:33,23:03,"11,1","11,1",100,23:03,10:09,10:09,10:39,11:10,11:35,12:01,22:09,"0,1",,,
2023-Jun-19,21:37,22:03,22:34,23:04,"11,1","11,1",100,23:03,10:09,10:10,10:40,11:10,11:36,12:54,23:04,"1,2",,,
2023-Jun-20,21:38,22:03,22:34,23:04,"11,1","10,1",91,00:02,10:09,10:10,10:40,11:10,11:36,13:40,-,"4,0",,,
2023-Jun-21,21:38,22:03,22:34,23:04,"11,1","9,2",83,00:58,10:09,10:10,10:40,11:10,11:36,14:20,00:02,"8,5",,,
2023-Jun-22,21:38,22:04,22:34,23:04,"11,1","8,3",74,01:56,10:11,10:10,10:40,11:11,11:36,14:54,00:59,"14,5",,,
2023-Jun-23,21:38,22:04,22:35,23:04,"11,1","7,3",66,02:51,10:11,10:11,10:40,11:11,11:37,15:25,01:56,"21,6",,,
2023-Jun-24,21:39,22:04,22:35,23:05,"11,1","6,4",58,03:45,10:11,10:11,10:41,11:11,11:37,15:52,02:52,"29,8",,,
2023-Jun-25,21:39,22:04,22:35,23:05,"11,1","5,5",50,04:41,10:11,10:11,10:41,11:11,11:37,16:18,03:46,"38,7",,,
2023-Jun-26,21:39,22:05,22:35,23:05,"11,1","4,6",41,05:37,10:11,10:11,10:41,11:11,11:37,16:44,04:41,"48,3",,,
2023-Jun-27,21:40,22:05,22:36,23:06,"11,1","3,6",32,06:35,10:11,10:11,10:41,11:11,11:37,17:10,05:37,"58,1",,,
2023-Jun-28,21:40,22:05,22:36,23:06,"11,1","2,6",23,07:38,10:11,10:11,10:41,11:12,11:37,17:39,06:36,"67,9",,,
2023-Jun-29,21:40,22:06,22:36,23:06,"11,1","1,5",13,08:44,10:11,10:11,10:41,11:12,11:37,18:12,07:38,"77,2",,,
2023-Jun-30,21:41,22:06,22:37,23:07,"11,1","0,3",3,09:54,10:11,10:11,10:41,11:12,11:37,18:52,08:44,"85,7",,,
2023-Jul-01,21:41,22:07,22:37,23:07,"11,1","0,0",0,-,-,10:12,10:41,11:12,11:37,19:40,09:54,"92,6",,,
2023-Jul-02,21:41,22:07,22:37,23:07,"11,1","0,0",0,-,-,10:12,10:41,11:12,11:37,20:39,11:04,"97,5",,,
2023-Jul-03,21:42,22:07,22:38,23:08,"11,1","0,0",0,-,-,10:12,10:41,11:12,11:37,21:47,12:10,"99,7",,,
2023-Jul-04,21:42,22:08,22:38,23:08,"11,1","0,0",0,-,-,10:12,10:41,11:12,11:37,23:02,13:08,"99,0",,,
2023-Jul-05,21:43,22:08,22:39,23:08,"11,1","1,2",10,23:08,00:17,10:12,10:41,11:11,11:37,-,13:57,"95,3",,,
2023-Jul-06,21:43,22:09,22:39,23:09,"11,0","2,3",21,23:08,01:29,10:11,10:41,11:11,11:37,00:17,14:38,"88,8",,,
2023-Jul-07,21:44,22:09,22:39,23:09,"11,0","3,5",32,23:08,02:37,10:11,10:41,11:11,11:37,01:29,15:13,"80,1",,,
2023-Jul-08,21:44,22:10,22:40,23:10,"11,0","4,6",41,23:10,03:44,10:11,10:41,11:11,11:37,02:38,15:45,"69,9",,,
2023-Jul-09,21:45,22:10,22:40,23:10,"11,0","5,6",51,23:10,04:48,10:11,10:41,11:11,11:37,03:44,16:15,"58,9",,,
2023-Jul-10,21:45,22:10,22:41,23:10,"11,0","6,7",61,23:10,05:50,10:11,10:41,11:11,11:36,04:48,16:45,"47,7",,,
2023-Jul-11,21:46,22:11,22:41,23:11,"11,0","7,7",70,23:10,06:53,10:11,10:40,11:11,11:36,05:51,17:17,"37,0",,,
2023-Jul-12,21:46,22:11,22:42,23:11,"11,0","8,7",79,23:10,07:54,10:11,10:40,11:10,11:36,06:53,17:51,"27,2",,,
2023-Jul-13,21:47,22:12,22:42,23:12,"11,0","9,7",89,23:12,08:55,10:11,10:40,11:10,11:36,07:55,18:30,"18,7",,,
2023-Jul-14,21:47,22:13,22:43,23:12,"11,0","10,7",98,23:12,09:54,10:10,10:40,11:10,11:35,08:56,19:14,"11,5",,,
2023-Jul-15,21:48,22:13,22:43,23:13,"11,0","11,0",100,23:12,10:09,10:10,10:39,11:10,11:35,09:55,20:04,"6,1",,,
2023-Jul-16,21:48,22:14,22:44,23:13,"11,0","11,0",100,23:12,10:09,10:10,10:39,11:09,11:35,10:49,20:57,"2,4",,,
2023-Jul-17,21:49,22:14,22:44,23:14,"10,9","10,9",100,23:14,10:09,10:10,10:39,11:09,11:34,11:37,21:54,"0,5",,,
2023-Jul-18,21:49,22:15,22:45,23:14,"10,9","10,9",100,23:14,10:09,10:09,10:39,11:08,11:34,12:19,22:52,"0,4",,,
2023-Jul-19,21:50,22:15,22:45,23:15,"10,9","10,3",95,23:48,10:09,10:09,10:38,11:08,11:33,12:55,23:49,"2,1",,,
2023-Jul-20,21:51,22:16,22:46,23:15,"10,9","9,4",86,00:45,10:07,10:09,10:38,11:08,11:33,13:26,-,"5,4",,,
2023-Jul-21,21:51,22:16,22:46,23:16,"10,9","8,5",78,01:39,10:07,10:08,10:37,11:07,11:32,13:54,00:45,"10,3",,,
2023-Jul-22,21:52,22:17,22:47,23:16,"10,9","7,6",69,02:33,10:07,10:08,10:37,11:07,11:32,14:20,01:40,"16,6",,,
2023-Jul-23,21:52,22:18,22:47,23:17,"10,8","6,7",61,03:27,10:07,10:07,10:36,11:06,11:31,14:46,02:34,"24,2",,,
2023-Jul-24,21:53,22:18,22:48,23:17,"10,8","5,7",52,04:25,10:05,10:07,10:36,11:06,11:31,15:11,03:28,"32,8",,,
2023-Jul-25,21:54,22:19,22:48,23:18,"10,8","4,7",44,05:24,10:05,10:06,10:36,11:05,11:30,15:38,04:25,"42,3",,,
2023-Jul-26,21:54,22:19,22:49,23:18,"10,8","3,7",34,06:26,10:05,10:06,10:35,11:05,11:30,16:08,05:24,"52,3",,,
2023-Jul-27,21:55,22:20,22:50,23:19,"10,8","2,5",23,07:32,10:05,10:05,10:34,11:04,11:29,16:44,06:26,"62,6",,,
2023-Jul-28,21:55,22:20,22:50,23:19,"10,8","1,4",13,08:41,10:03,10:05,10:34,11:03,11:28,17:27,07:33,"72,7",,,
2023-Jul-29,21:56,22:21,22:51,23:20,"10,7","0,3",2,09:49,10:03,10:04,10:33,11:03,11:28,18:19,08:42,"82,1",,,
2023-Jul-30,21:57,22:22,22:51,23:20,"10,7","0,0",0,-,-,10:04,10:33,11:02,11:27,19:23,09:49,"90,1",,,
2023-Jul-31,21:57,22:22,22:52,23:21,"10,7","0,0",0,-,-,10:03,10:32,11:01,11:26,20:35,10:51,"96,0",,,
2023-Aug-01,21:58,22:23,22:52,23:21,"10,7","0,0",0,-,-,10:02,10:31,11:01,11:26,21:51,11:45,"99,3",,,
2023-Aug-02,21:58,22:23,22:53,23:22,"10,7","0,0",0,-,-,10:02,10:31,11:00,11:25,23:07,12:30,"99,5",,,
2023-Aug-03,21:59,22:24,22:53,23:22,"10,7","1,0",9,23:21,00:20,10:01,10:30,10:59,11:24,-,13:09,"96,6",,,
2023-Aug-04,22:00,22:25,22:54,23:23,"10,6","2,1",20,23:23,01:30,10:00,10:29,10:58,11:23,00:20,13:43,"90,8",,,
2023-Aug-05,22:00,22:25,22:54,23:23,"10,6","3,2",30,23:23,02:37,10:00,10:29,10:58,11:22,01:30,14:15,"82,7",,,
2023-Aug-06,22:01,22:26,22:55,23:24,"10,6","4,3",41,23:24,03:42,09:59,10:28,10:57,11:22,02:37,14:45,"73,0",,,
2023-Aug-07,22:02,22:26,22:56,23:24,"10,6","5,4",51,23:24,04:45,09:58,10:27,10:56,11:21,03:42,15:17,"62,4",,,
2023-Aug-08,22:02,22:27,22:56,23:25,"10,6","6,4",61,23:24,05:48,09:58,10:26,10:55,11:20,04:46,15:51,"51,7",,,
2023-Aug-09,22:03,22:28,22:57,23:25,"10,5","7,4",71,23:24,06:51,09:57,10:25,10:54,11:19,05:49,16:29,"41,2",,,
2023-Aug-10,22:03,22:28,22:57,23:26,"10,5","8,4",80,23:26,07:50,09:56,10:25,10:53,11:18,06:51,17:12,"31,4",,,
2023-Aug-11,22:04,22:29,22:58,23:26,"10,5","9,3",89,23:26,08:46,09:55,10:24,10:53,11:17,07:51,18:0,"22,7",,,
2023-Aug-12,22:05,22:29,22:58,23:27,"10,5","10,1",97,23:26,09:35,09:54,10:23,10:52,11:16,08:46,18:52,"15,1",,,
2023-Aug-13,22:05,22:30,22:59,23:27,"10,4","10,4",100,23:26,09:51,09:53,10:22,10:51,11:15,09:35,19:48,"9,0",,,
2023-Aug-14,22:06,22:31,22:59,23:28,"10,4","10,4",100,23:28,09:51,09:52,10:21,10:50,11:14,10:19,20:46,"4,4",,,
2023-Aug-15,22:07,22:31,23:00,23:29,"10,4","10,4",100,23:28,09:51,09:52,10:20,10:49,11:13,10:56,21:43,"1,4",,,
2023-Aug-16,22:07,22:32,23:01,23:29,"10,4","10,4",100,23:28,09:49,09:51,10:19,10:48,11:12,11:29,22:39,"0,2",,,
2023-Aug-17,22:08,22:32,23:01,23:30,"10,3","10,2",99,23:35,09:49,09:50,10:18,10:47,11:11,11:58,23:35,"0,7",,,
2023-Aug-18,22:08,22:33,23:02,23:30,"10,3","9,3",90,00:29,09:47,09:49,10:17,10:46,11:10,12:24,-,"3,0",,,
2023-Aug-19,22:09,22:34,23:02,23:31,"10,3","8,4",82,01:23,09:47,09:48,10:16,10:45,11:09,12:49,00:29,"6,9",,,
2023-Aug-20,22:10,22:34,23:03,23:31,"10,3","7,5",73,02:17,09:45,09:47,10:15,10:44,11:08,13:14,01:23,"12,4",,,
2023-Aug-21,22:10,22:35,23:03,23:32,"10,2","6,5",63,03:15,09:45,09:46,10:14,10:43,11:07,13:40,02:18,"19,4",,,
2023-Aug-22,22:11,22:35,23:04,23:32,"10,2","5,5",54,04:16,09:44,09:45,10:13,10:42,11:06,14:09,03:16,"27,7",,,
2023-Aug-23,22:11,22:36,23:04,23:33,"10,2","4,4",43,05:19,09:42,09:44,10:12,10:40,11:05,14:41,04:16,"37,0",,,
2023-Aug-24,22:12,22:37,23:05,23:33,"10,2","3,3",32,06:24,09:42,09:43,10:11,10:39,11:04,15:19,05:19,"47,3",,,
2023-Aug-25,22:13,22:37,23:06,23:34,"10,1","2,2",21,07:30,09:40,09:42,10:10,10:38,11:03,16:06,06:25,"57,9",,,
2023-Aug-26,22:13,22:38,23:06,23:34,"10,1","1,1",11,08:33,09:38,09:40,10:09,10:37,11:01,17:03,07:31,"68,6",,,
2023-Aug-27,22:14,22:38,23:07,23:35,"10,1","0,1",1,09:31,09:38,09:39,10:08,10:36,11:00,18:10,08:34,"78,8",,,
2023-Aug-28,22:14,22:39,23:07,23:36,"10,0","0,0",0,-,-,09:38,10:06,10:35,10:59,19:23,09:31,"87,6",,,
2023-Aug-29,22:15,22:39,23:08,23:36,"10,0","0,0",0,-,-,09:37,10:05,10:34,10:58,20:39,10:19,"94,5",,,
2023-Aug-30,22:16,22:40,23:08,23:37,"10,0","0,0",0,-,-,09:36,10:04,10:32,10:57,21:54,11:01,"98,7",,,
2023-Aug-31,22:16,22:41,23:09,23:37,"10,0","0,0",0,-,-,09:35,10:03,10:31,10:55,23:07,11:37,"99,9",,,
2023-Sep-01,22:17,22:41,23:09,23:38,"9,9","0,7",7,23:37,00:17,09:34,10:02,10:30,10:54,-,12:10,"97,9",,,
2023-Sep-02,22:17,22:42,23:10,23:38,"9,9","1,8",18,23:37,01:25,09:32,10:01,10:29,10:53,00:17,12:42,"93,0",,,
2023-Sep-03,22:18,22:42,23:11,23:39,"9,9","2,9",29,23:39,02:30,09:31,09:59,10:28,10:52,01:25,13:14,"85,8",,,
2023-Sep-04,22:18,22:43,23:11,23:39,"9,9","4,0",40,23:39,03:36,09:30,09:58,10:26,10:50,02:31,13:49,"76,9",,,
2023-Sep-05,22:19,22:43,23:12,23:40,"9,8","5,0",51,23:39,04:41,09:29,09:57,10:25,10:49,03:37,14:26,"67,0",,,
2023-Sep-06,22:20,22:44,23:12,23:41,"9,8","6,1",62,23:41,05:44,09:27,09:56,10:24,10:48,04:42,15:08,"56,7",,,
2023-Sep-07,22:20,22:45,23:13,23:41,"9,8","7,0",72,23:41,06:40,09:26,09:54,10:23,10:47,05:44,15:55,"46,5",,,
2023-Sep-08,22:21,22:45,23:13,23:42,"9,7","7,9",81,23:41,07:32,09:25,09:53,10:21,10:45,06:41,16:47,"36,8",,,
2023-Sep-09,22:21,22:46,23:14,23:42,"9,7","8,6",89,23:41,08:17,09:24,09:52,10:20,10:44,07:33,17:42,"27,7",,,
2023-Sep-10,22:22,22:46,23:15,23:43,"9,7","9,2",96,23:42,08:57,09:22,09:51,10:19,10:43,08:18,18:39,"19,7",,,
2023-Sep-11,22:23,22:47,23:15,23:44,"9,6","9,6",100,23:44,09:20,09:21,09:49,10:18,10:42,08:57,19:37,"12,8",,,
2023-Sep-12,22:23,22:48,23:16,23:44,"9,6","9,6",100,23:44,09:18,09:20,09:48,10:16,10:40,09:31,20:34,"7,2",,,
2023-Sep-13,22:24,22:48,23:16,23:45,"9,6","9,5",100,23:44,09:17,09:18,09:47,10:15,10:39,10:01,21:29,"3,2",,,
2023-Sep-14,22:24,22:49,23:17,23:45,"9,5","9,5",100,23:44,09:15,09:17,09:45,10:14,10:38,10:28,22:24,"0,8",,,
2023-Sep-15,22:25,22:49,23:18,23:46,"9,5","9,5",100,23:46,09:13,09:16,09:44,10:12,10:36,10:54,23:19,"0,1",,,
2023-Sep-16,22:26,22:50,23:18,23:47,"9,5","9,0",95,00:13,09:13,09:14,09:43,10:11,10:35,11:19,-,"1,2",,,
2023-Sep-17,22:26,22:51,23:19,23:47,"9,4","8,0",85,01:09,09:11,09:13,09:41,10:10,10:34,11:44,00:14,"4,1",,,
2023-Sep-18,22:27,22:51,23:19,23:48,"9,4","7,0",74,02:10,09:09,09:12,09:40,10:08,10:32,12:12,01:10,"8,9",,,
2023-Sep-19,22:27,22:52,23:20,23:49,"9,4","6,0",64,03:11,09:09,09:10,09:39,10:07,10:31,12:42,02:10,"15,3",,,
2023-Sep-20,22:28,22:52,23:21,23:49,"9,3","4,9",52,04:16,09:08,09:09,09:37,10:06,10:30,13:18,03:12,"23,3",,,
2023-Sep-21,22:29,22:53,23:21,23:50,"9,3","3,8",40,05:21,09:06,09:08,09:36,10:04,10:29,14:01,04:16,"32,6",,,
2023-Sep-22,22:29,22:54,23:22,23:51,"9,3","2,7",29,06:22,09:04,09:06,09:35,10:03,10:27,14:53,05:21,"42,9",,,
2023-Sep-23,22:30,22:54,23:23,23:51,"9,2","1,7",18,07:20,09:02,09:05,09:33,10:02,10:26,15:53,06:23,"53,9",,,
2023-Sep-24,22:30,22:55,23:23,23:52,"9,2","0,9",9,08:10,09:02,09:03,09:32,10:00,10:25,17:02,07:21,"65,0",,,
2023-Sep-25,22:31,22:55,23:24,23:53,"9,2","0,1",1,08:53,09:00,09:02,09:31,09:59,10:23,18:15,08:11,"75,7",,,
2023-Sep-26,22:32,22:56,23:25,23:53,"9,1","0,0",0,-,-,09:01,09:29,09:58,10:22,19:29,08:54,"85,1",,,
2023-Sep-27,22:32,22:57,23:25,23:54,"9,1","0,0",0,-,-,08:59,09:28,09:57,10:21,20:41,09:31,"92,7",,,
2023-Sep-28,22:33,22:57,23:26,23:55,"9,1","0,0",0,-,-,08:58,09:27,09:55,10:19,21:52,10:05,"97,8",,,
2023-Sep-29,22:34,22:58,23:27,23:55,"9,0","0,0",0,-,-,08:56,09:25,09:54,10:18,23:01,10:37,"99,9",,,
2023-Sep-30,22:34,22:59,23:27,23:56,"9,0","0,2",3,23:55,00:09,08:55,09:24,09:53,10:17,-,11:09,"99,0",,,
2023-Oct-01,22:35,22:59,23:28,23:57,"9,0","1,4",15,23:57,01:18,08:54,09:23,09:51,10:15,00:10,11:43,"95,3",,,
2023-Oct-02,22:36,23:00,23:29,23:58,"8,9","2,5",28,23:57,02:24,08:52,09:21,09:50,10:14,01:18,12:19,"89,3",,,
2023-Oct-03,22:36,23:01,23:29,23:58,"8,9","3,6",40,23:57,03:31,08:51,09:20,09:49,10:13,02:25,13:01,"81,5",,,
2023-Oct-04,22:37,23:01,23:30,23:59,"8,8","4,6",52,23:59,04:32,08:49,09:19,09:47,10:12,03:31,13:47,"72,5",,,
2023-Oct-05,22:38,23:02,23:31,00:00,"8,8","5,5",62,00:00,05:26,08:48,09:17,09:46,10:10,04:32,14:38,"62,9",,,
2023-Oct-06,22:38,23:03,23:32,00:01,"8,8","6,3",71,00:00,06:15,08:47,09:16,09:45,10:09,05:27,15:33,"53,0",,,
2023-Oct-07,22:39,23:03,23:32,00:02,"8,7","6,9",79,00:02,06:56,08:45,09:15,09:43,10:08,06:16,16:31,"43,3",,,
2023-Oct-08,22:40,23:04,23:33,00:02,"8,7","7,5",86,00:02,07:32,08:44,09:13,09:42,10:06,06:57,17:29,"34,0",,,
2023-Oct-09,22:40,23:05,23:34,00:03,"8,7","8,0",93,00:02,08:03,08:42,09:12,09:41,10:05,07:33,18:26,"25,4",,,
2023-Oct-10,22:41,23:06,23:35,00:04,"8,6","8,5",98,00:04,08:32,08:41,09:11,09:40,10:04,08:04,19:22,"17,8",,,
2023-Oct-11,22:42,23:06,23:35,00:05,"8,6","8,6",100,00:04,08:37,08:40,09:09,09:38,10:03,08:32,20:17,"11,2",,,
2023-Oct-12,22:42,23:07,23:36,00:06,"8,5","8,5",100,00:06,08:37,08:38,09:08,09:37,10:02,08:57,21:12,"6,0",,,
2023-Oct-13,22:43,23:08,23:37,00:07,"8,5","8,5",100,00:06,08:35,08:37,09:07,09:36,10:00,09:22,22:07,"2,3",,,
2023-Oct-14,22:44,23:08,23:38,00:08,"8,5","8,4",100,00:08,08:33,08:35,09:05,09:35,09:59,09:48,23:04,"0,3",,,
2023-Oct-15,22:45,23:09,23:39,00:09,"8,4","8,4",100,00:09,08:33,08:34,09:04,09:33,09:58,10:15,-,"0,2",,,
2023-Oct-16,22:45,23:10,23:39,00:10,"8,4","7,4",89,01:05,08:30,08:33,09:03,09:32,09:57,10:45,00:03,"2,1",,,
2023-Oct-17,22:46,23:11,23:40,00:10,"8,4","6,4",76,02:08,08:30,08:31,09:02,09:31,09:56,11:19,01:05,"6,0",,,
2023-Oct-18,22:47,23:12,23:41,00:11,"8,3","5,3",63,03:13,08:28,08:30,09:00,09:30,09:54,12:00,02:09,"11,9",,,
2023-Oct-19,22:48,23:12,23:42,00:12,"8,3","4,2",50,04:16,08:26,08:29,08:59,09:29,09:53,12:48,03:14,"19,5",,,
2023-Oct-20,22:48,23:13,23:43,00:13,"8,2","3,2",39,05:15,08:26,08:27,08:58,09:28,09:52,13:46,04:17,"28,7",,,
2023-Oct-21,22:49,23:14,23:44,00:14,"8,2","2,3",28,06:06,08:24,08:26,08:57,09:26,09:51,14:51,05:16,"39,1",,,
2023-Oct-22,22:50,23:15,23:45,00:15,"8,2","1,5",19,06:51,08:23,08:25,08:55,09:25,09:50,16:00,06:07,"50,3",,,
2023-Oct-23,22:51,23:16,23:45,00:16,"8,1","0,9",11,07:27,08:21,08:23,08:54,09:24,09:49,17:12,06:51,"61,7",,,
2023-Oct-24,22:52,23:16,23:46,00:17,"8,1","0,3",4,08:01,08:21,08:22,08:53,09:23,09:48,18:22,07:28,"72,6",,,
2023-Oct-25,22:52,23:17,23:47,00:18,"8,1","0,0",0,-,-,08:21,08:52,09:22,09:47,19:31,08:02,"82,5",,,
2023-Oct-26,22:53,23:18,23:48,00:19,"8,0","0,0",0,-,-,08:19,08:51,09:21,09:46,20:39,08:34,"90,6",,,
2023-Oct-27,22:54,23:19,23:49,00:20,"8,0","0,0",0,-,-,08:18,08:50,09:20,09:45,21:47,09:05,"96,3",,,
2023-Oct-28,22:55,23:20,23:50,00:21,"7,9","0,0",0,-,-,08:17,08:48,09:19,09:44,22:55,09:37,"99,5",,,
2023-Oct-29,22:56,23:21,23:51,00:23,"7,9","0,0",0,-,-,08:16,08:47,09:18,09:43,-,10:12,"99,8",,,
2023-Oct-30,22:57,23:22,23:52,00:24,"7,9","0,8",10,00:24,01:11,08:15,08:46,09:17,09:42,00:03,10:51,"97,5",,,
2023-Oct-31,22:57,23:22,23:53,00:25,"7,8","1,9",24,00:24,02:15,08:13,08:45,09:16,09:41,01:11,11:36,"92,9",,,
2023-Nov-01,22:58,23:23,23:54,00:26,"7,8","2,8",36,00:26,03:15,08:12,08:44,09:15,09:40,02:16,12:26,"86,4",,,
2023-Nov-02,22:59,23:24,23:55,00:27,"7,7","3,7",48,00:26,04:07,08:11,08:43,09:14,09:39,03:16,13:21,"78,5",,,
2023-Nov-03,23:00,23:25,23:56,00:28,"7,7","4,4",57,00:27,04:52,08:10,08:42,09:13,09:38,04:08,14:19,"69,8",,,
2023-Nov-04,23:01,23:26,23:57,00:29,"7,7","5,0",66,00:29,05:30,08:09,08:41,09:12,09:37,04:53,15:18,"60,5",,,
2023-Nov-05,23:02,23:27,23:58,00:30,"7,6","5,6",73,00:29,06:04,08:08,08:40,09:11,09:36,05:31,16:16,"51,0",,,
2023-Nov-06,23:03,23:28,23:59,00:31,"7,6","6,0",80,00:31,06:33,08:06,08:39,09:10,09:36,06:04,17:12,"41,6",,,
2023-Nov-07,23:03,23:29,00:00,00:33,"7,5","6,5",86,00:33,07:00,08:05,08:38,09:09,09:35,06:33,18:08,"32,5",,,
2023-Nov-08,23:04,23:30,00:01,00:34,"7,5","6,9",91,00:33,07:25,08:04,08:37,09:09,09:34,07:00,19:02,"24,0",,,
2023-Nov-09,23:05,23:31,00:02,00:35,"7,5","7,3",97,00:35,07:50,08:03,08:36,09:08,09:33,07:25,19:57,"16,4",,,
2023-Nov-10,23:06,23:32,00:03,00:36,"7,4","7,4",100,00:35,08:01,08:02,08:35,09:07,09:32,07:50,20:53,"9,9",,,
2023-Nov-11,23:07,23:32,00:04,00:37,"7,4","7,4",100,00:36,07:59,08:01,08:35,09:06,09:32,08:16,21:52,"4,8",,,
2023-Nov-12,23:08,23:33,00:05,00:38,"7,4","7,4",100,00:38,07:59,08:00,08:34,09:06,09:31,08:45,22:53,"1,5",,,
2023-Nov-13,23:09,23:34,00:06,00:40,"7,3","7,3",100,00:40,07:57,07:59,08:33,09:05,09:30,09:18,23:58,"0,0",,,
2023-Nov-14,23:10,23:35,00:07,00:41,"7,3","6,9",94,01:05,07:57,07:58,08:32,09:04,09:30,09:57,-,"0,8",,,
2023-Nov-15,23:11,23:36,00:08,00:42,"7,3","5,8",80,02:10,07:56,07:58,08:31,09:04,09:29,10:44,01:05,"3,8",,,
2023-Nov-16,23:12,23:37,00:09,00:43,"7,2","4,8",66,03:11,07:56,07:57,08:31,09:03,09:29,11:40,02:10,"9,0",,,
2023-Nov-17,23:13,23:38,00:10,00:44,"7,2","3,8",53,04:05,07:54,07:56,08:30,09:02,09:28,12:43,03:11,"16,3",,,
2023-Nov-18,23:14,23:39,00:11,00:45,"7,2","3,1",43,04:50,07:54,07:55,08:29,09:02,09:28,13:52,04:05,"25,3",,,
2023-Nov-19,23:14,23:40,00:12,00:47,"7,1","2,4",34,05:28,07:54,07:54,08:29,09:01,09:27,15:03,04:50,"35,7",,,
2023-Nov-20,23:15,23:41,00:13,00:48,"7,1","1,8",26,06:02,07:52,07:54,08:28,09:01,09:27,16:12,05:29,"46,9",,,
2023-Nov-21,23:16,23:42,00:14,00:49,"7,1","1,3",18,06:35,07:52,07:53,08:28,09:00,09:26,17:20,06:03,"58,3",,,
2023-Nov-22,23:17,23:43,00:15,00:50,"7,0","0,8",11,07:05,07:52,07:52,08:27,09:00,09:26,18:26,06:35,"69,4",,,
2023-Nov-23,23:18,23:44,00:16,00:51,"7,0","0,3",4,07:34,07:50,07:52,08:27,08:59,09:25,19:31,07:05,"79,4",,,
2023-Nov-24,23:19,23:45,00:18,00:52,"7,0","0,0",0,-,-,07:51,08:26,08:59,09:25,20:37,07:35,"87,8",,,
2023-Nov-25,23:20,23:46,00:19,00:53,"7,0","0,0",0,-,-,07:50,08:26,08:59,09:25,21:44,08:08,"94,2",,,
2023-Nov-26,23:21,23:47,00:20,00:55,"6,9","0,0",0,-,-,07:50,08:25,08:58,09:24,22:51,08:45,"98,3",,,
2023-Nov-27,23:22,23:47,00:21,00:56,"6,9","0,0",0,-,-,07:49,08:25,08:58,09:24,23:58,09:26,"99,8",,,
2023-Nov-28,23:23,23:48,00:22,00:57,"6,9","0,1",1,00:56,01:00,07:49,08:24,08:58,09:24,-,10:14,"99,0",,,
2023-Nov-29,23:23,23:49,00:22,00:58,"6,8","1,0",14,00:58,01:56,07:48,08:24,08:58,09:24,01:00,11:07,"96,0",,,
2023-Nov-30,23:24,23:50,00:23,00:59,"6,8","1,8",26,00:58,02:46,07:48,08:24,08:57,09:24,01:57,12:05,"91,1",,,
2023-Dec-01,23:25,23:51,00:24,01:00,"6,8","2,5",36,01:00,03:26,07:48,08:24,08:57,09:24,02:46,13:04,"84,6",,,
2023-Dec-02,23:26,23:52,00:25,01:01,"6,8","3,0",45,01:00,04:03,07:47,08:23,08:57,09:23,03:27,14:04,"76,9",,,
2023-Dec-03,23:27,23:53,00:26,01:02,"6,8","3,5",52,01:02,04:32,07:47,08:23,08:57,09:23,04:03,15:01,"68,4",,,
2023-Dec-04,23:28,23:54,00:27,01:03,"6,7","4,0",59,01:03,04:59,07:47,08:23,08:57,09:23,04:33,15:57,"59,3",,,
2023-Dec-05,23:28,23:54,00:28,01:04,"6,7","4,4",65,01:03,05:26,07:47,08:23,08:57,09:23,05:00,16:52,"49,9",,,
2023-Dec-06,23:29,23:55,00:29,01:05,"6,7","4,8",71,01:05,05:50,07:46,08:23,08:57,09:23,05:26,17:46,"40,5",,,
2023-Dec-07,23:30,23:56,00:30,01:06,"6,7","5,2",78,01:05,06:15,07:46,08:23,08:57,09:23,05:51,18:41,"31,4",,,
2023-Dec-08,23:31,23:57,00:31,01:07,"6,7","5,6",84,01:07,06:42,07:46,08:23,08:57,09:23,06:16,19:38,"22,8",,,
2023-Dec-09,23:32,23:58,00:31,01:08,"6,6","6,1",92,01:07,07:14,07:46,08:23,08:57,09:24,06:43,20:38,"15,1",,,
2023-Dec-10,23:32,23:58,00:32,01:09,"6,6","6,6",100,01:09,07:45,07:46,08:23,08:57,09:24,07:14,21:41,"8,6",,,
2023-Dec-11,23:33,23:59,00:33,01:09,"6,6","6,6",100,01:09,07:45,07:46,08:23,08:57,09:24,07:51,22:48,"3,7",,,
2023-Dec-12,23:34,00:00,00:34,01:10,"6,6","6,6",100,01:09,07:45,07:46,08:23,08:57,09:24,08:35,23:55,"0,8",,,
2023-Dec-13,23:34,00:01,00:35,01:11,"6,6","6,6",100,01:11,07:47,07:46,08:23,08:58,09:24,09:29,-,"0,2",,,
2023-Dec-14,23:35,00:01,00:35,01:12,"6,6","5,8",88,01:57,07:47,07:47,08:24,08:58,09:25,10:31,01:0,"2,1",,,
2023-Dec-15,23:36,00:02,00:36,01:13,"6,6","5,0",76,02:48,07:47,07:47,08:24,08:58,09:25,11:41,01:58,"6,5",,,
2023-Dec-16,23:36,00:03,00:37,01:13,"6,6","4,3",65,03:29,07:47,07:47,08:24,08:59,09:25,12:53,02:48,"13,3",,,
2023-Dec-17,23:37,00:03,00:37,01:14,"6,6","3,7",57,04:05,07:48,07:47,08:24,08:59,09:26,14:04,03:29,"22,0",,,
2023-Dec-18,23:38,00:04,00:38,01:15,"6,6","3,2",49,04:36,07:48,07:48,08:25,08:59,09:26,15:13,04:05,"32,2",,,
2023-Dec-19,23:38,00:04,00:38,01:15,"6,6","2,7",41,05:06,07:48,07:48,08:25,09:00,09:26,16:19,04:37,"43,3",,,
2023-Dec-20,23:39,00:05,00:39,01:16,"6,5","2,2",34,05:37,07:48,07:48,08:26,09:00,09:27,17:24,05:07,"54,6",,,
2023-Dec-21,23:39,00:05,00:39,01:16,"6,6","1,7",26,06:08,07:48,07:49,08:26,09:01,09:27,18:28,05:37,"65,6",,,
2023-Dec-22,23:40,00:06,00:40,01:17,"6,5","1,1",17,06:42,07:50,07:49,08:27,09:01,09:28,19:33,06:08,"75,6",,,
2023-Dec-23,23:40,00:06,00:40,01:17,"6,6","0,5",7,07:20,07:50,07:50,08:27,09:02,09:28,20:38,06:43,"84,3",,,
2023-Dec-24,23:41,00:07,00:41,01:18,"6,5","0,0",0,-,-,07:50,08:28,09:02,09:29,21:44,07:21,"91,3",,,
2023-Dec-25,23:41,00:07,00:41,01:18,"6,6","0,0",0,-,-,07:51,08:28,09:03,09:29,22:47,08:06,"96,3",,,
2023-Dec-26,23:41,00:08,00:42,01:18,"6,6","0,0",0,-,-,07:52,08:29,09:03,09:30,23:46,08:56,"99,1",,,
2023-Dec-27,23:42,00:08,00:42,01:19,"6,6","0,0",0,-,-,07:52,08:29,09:04,09:31,-,9:52,"99,7",,,
2023-Dec-28,23:42,00:08,00:42,01:19,"6,6","0,1",1,01:18,01:21,07:53,08:30,09:05,09:31,00:38,10:52,"98,3",,,
2023-Dec-29,23:42,00:08,00:42,01:19,"6,6","0,7",10,01:18,01:59,07:54,08:31,09:05,09:32,01:22,11:51,"95,0",,,
2023-Dec-30,23:43,00:09,00:43,01:19,"6,6","1,2",18,01:18,02:32,07:55,08:32,09:06,09:33,02:00,12:50,"90,0",,,
2023-Dec-31,23:43,00:09,00:43,01:19,"6,6","1,7",26,01:18,03:00,07:55,08:32,09:07,09:33,02:32,13:47,"83,6",,,
2024-Jan-01,23:43,00:09,00:43,01:19,"6,6","2,1",32,01:18,03:26,07:56,08:33,09:07,09:34,03:01,14:42,"76,0",,,
2024-Jan-02,23:43,00:09,00:43,01:19,"6,6","2,5",38,01:18,03:51,07:57,08:34,09:08,09:35,03:27,15:36,"67,6",,,
2024-Jan-03,23:43,00:09,00:43,01:19,"6,7","3,0",44,01:18,04:16,07:58,08:35,09:09,09:35,03:51,16:30,"58,5",,,
2024-Jan-04,23:44,00:10,00:43,01:19,"6,7","3,4",51,01:18,04:41,07:59,08:36,09:10,09:36,04:16,17:25,"49,0",,,
2024-Jan-05,23:44,00:10,00:43,01:19,"6,7","3,9",58,01:18,05:10,08:00,08:36,09:11,09:37,04:42,18:22,"39,4",,,
2024-Jan-06,23:44,00:10,00:43,01:19,"6,7","4,4",66,01:18,05:44,08:01,08:37,09:11,09:38,05:11,19:23,"30,0",,,
2024-Jan-07,23:44,00:10,00:43,01:19,"6,7","5,1",76,01:18,06:24,08:02,08:38,09:12,09:39,05:44,20:27,"21,1",,,
2024-Jan-08,23:44,00:10,00:43,01:19,"6,7","5,9",87,01:18,07:11,08:03,08:39,09:13,09:40,06:24,21:34,"13,2",,,
2024-Jan-09,23:44,00:10,00:43,01:19,"6,8","6,8",100,01:18,08:05,08:04,08:40,09:14,09:40,07:12,22:40,"6,7",,,
2024-Jan-10,23:44,00:10,00:43,01:19,"6,8","6,8",100,01:18,08:05,08:05,08:41,09:15,09:41,08:11,23:43,"2,3",,,
2024-Jan-11,23:44,00:09,00:43,01:18,"6,8","6,8",100,01:18,08:06,08:06,08:42,09:16,09:42,09:19,-,"0,2",,,
2024-Jan-12,23:44,00:09,00:43,01:18,"6,8","6,7",99,01:23,08:08,08:07,08:43,09:17,09:43,10:33,00:38,"0,9",,,
2024-Jan-13,23:43,00:09,00:42,01:18,"6,8","6,1",89,02:03,08:08,08:08,08:44,09:18,09:44,11:47,01:24,"4,3",,,
2024-Jan-14,23:43,00:09,00:42,01:17,"6,9","5,6",81,02:37,08:10,08:09,08:45,09:19,09:45,13:00,02:03,"10,4",,,
2024-Jan-15,23:43,00:09,00:42,01:17,"6,9","5,1",73,03:09,08:12,08:11,08:46,09:20,09:46,14:09,02:38,"18,6",,,
2024-Jan-16,23:43,00:08,00:41,01:16,"6,9","4,6",66,03:40,08:12,08:12,08:47,09:20,09:47,15:16,03:09,"28,4",,,
2024-Jan-17,23:42,00:08,00:41,01:16,"7,0","4,1",58,04:11,08:14,08:13,08:48,09:21,09:48,16:21,03:40,"39,1",,,
2024-Jan-18,23:42,00:08,00:41,01:15,"7,0","3,5",50,04:43,08:15,08:14,08:49,09:22,09:48,17:26,04:11,"50,2",,,
2024-Jan-19,23:42,00:08,00:40,01:15,"7,0","2,9",42,05:21,08:17,08:15,08:50,09:23,09:49,18:31,04:44,"61,0",,,
2024-Jan-20,23:42,00:07,00:40,01:14,"7,1","2,3",32,06:02,08:17,08:17,08:52,09:24,09:50,19:36,05:21,"71,1",,,
2024-Jan-21,23:41,00:07,00:39,01:13,"7,1","1,5",21,06:51,08:19,08:18,08:53,09:25,09:51,20:39,06:03,"80,1",,,
2024-Jan-22,23:41,00:06,00:39,01:13,"7,1","0,6",8,07:43,08:19,08:19,08:54,09:26,09:52,21:39,06:51,"87,6",,,
2024-Jan-23,23:40,00:06,00:38,01:12,"7,1","0,0",0,-,-,08:20,08:55,09:27,09:53,22:32,07:44,"93,4",,,
2024-Jan-24,23:40,00:05,00:37,01:11,"7,2","0,0",0,-,-,08:21,08:56,09:28,09:54,23:19,08:42,"97,4",,,
2024-Jan-25,23:39,00:05,00:37,01:11,"7,2","0,0",0,-,-,08:23,08:57,09:29,09:55,23:58,09:41,"99,5",,,
2024-Jan-26,23:39,00:04,00:36,01:10,"7,2","0,0",0,-,-,08:24,08:58,09:30,09:56,-,10:41,"99,6",,,
2024-Jan-27,23:38,00:04,00:35,01:09,"7,3","0,0",0,-,-,08:25,08:59,09:31,09:57,00:32,11:38,"97,9",,,
2024-Jan-28,23:38,00:03,00:35,01:08,"7,3","0,4",5,01:07,01:29,08:26,09:00,09:32,09:58,01:02,12:34,"94,4",,,
2024-Jan-29,23:37,00:02,00:34,01:07,"7,4","0,8",10,01:07,01:52,08:28,09:01,09:33,09:59,01:29,13:28,"89,3",,,
2024-Jan-30,23:36,00:02,00:33,01:06,"7,4","1,2",16,01:05,02:17,08:29,09:03,09:34,10:00,01:53,14:22,"82,8",,,
2024-Jan-31,23:36,00:01,00:33,01:05,"7,4","1,6",22,01:05,02:42,08:30,09:04,09:35,10:01,02:18,15:16,"75,1",,,
2024-Feb-01,23:35,00:00,00:32,01:05,"7,4","2,1",28,01:05,03:09,08:31,09:05,09:36,10:02,02:43,16:11,"66,5",,,
2024-Feb-02,23:34,00:00,00:31,01:04,"7,5","2,6",35,01:03,03:40,08:33,09:06,09:37,10:03,03:09,17:09,"57,0",,,
2024-Feb-03,23:34,23:59,00:30,01:03,"7,5","3,2",43,01:03,04:14,08:34,09:07,09:38,10:04,03:40,18:10,"47,1",,,
2024-Feb-04,23:33,23:58,00:29,01:02,"7,6","3,9",52,01:02,04:57,08:35,09:08,09:39,10:05,04:15,19:14,"37,1",,,
2024-Feb-05,23:32,23:57,00:28,01:01,"7,6","4,8",64,01:00,05:50,08:36,09:09,09:40,10:06,04:58,20:20,"27,3",,,
2024-Feb-06,23:31,23:56,00:27,01:00,"7,6","5,9",77,01:00,06:54,08:38,09:10,09:41,10:07,05:51,21:23,"18,2",,,
2024-Feb-07,23:31,23:56,00:26,00:58,"7,7","7,1",93,00:58,08:05,08:39,09:11,09:42,10:08,06:54,22:21,"10,3",,,
2024-Feb-08,23:30,23:55,00:25,00:57,"7,7","7,7",100,00:56,08:41,08:40,09:12,09:43,10:08,08:05,23:12,"4,4",,,
2024-Feb-09,23:29,23:54,00:24,00:56,"7,8","7,8",100,00:56,08:41,08:41,09:13,09:44,10:09,09:20,23:55,"0,9",,,
2024-Feb-10,23:28,23:53,00:23,00:55,"7,8","7,8",100,00:54,08:44,08:42,09:14,09:45,10:10,10:36,-,"0,2",,,
2024-Feb-11,23:27,23:52,00:22,00:54,"7,8","7,7",98,01:05,08:44,08:44,09:15,09:46,10:11,11:49,00:33,"2,5",,,
2024-Feb-12,23:26,23:51,00:21,00:53,"7,9","7,1",91,01:38,08:46,08:45,09:17,09:47,10:12,13:00,01:06,"7,5",,,
2024-Feb-13,23:25,23:50,00:20,00:52,"7,9","6,6",84,02:10,08:46,08:46,09:18,09:48,10:13,14:08,01:38,"15,0",,,
2024-Feb-14,23:24,23:49,00:19,00:51,"7,9","6,1",77,02:42,08:48,08:47,09:19,09:49,10:14,15:16,02:10,"24,2",,,
2024-Feb-15,23:23,23:48,00:18,00:49,"8,0","5,5",69,03:20,08:48,08:48,09:20,09:50,10:15,16:23,02:43,"34,4",,,
2024-Feb-16,23:22,23:47,00:17,00:48,"8,0","4,8",60,04:00,08:50,08:49,09:21,09:51,10:16,17:29,03:20,"45,1",,,
2024-Feb-17,23:21,23:46,00:16,00:47,"8,1","4,1",51,04:47,08:51,08:50,09:22,09:52,10:17,18:34,04:01,"55,8",,,
2024-Feb-18,23:20,23:45,00:15,00:46,"8,1","3,2",40,05:39,08:53,08:52,09:23,09:53,10:17,19:34,04:47,"65,9",,,
2024-Feb-19,23:19,23:44,00:14,00:44,"8,2","2,3",28,06:35,08:53,08:53,09:24,09:54,10:18,20:29,05:39,"75,1",,,
2024-Feb-20,23:18,23:43,00:13,00:43,"8,2","1,4",16,07:34,08:55,08:54,09:25,09:54,10:19,21:17,06:36,"83,1",,,
2024-Feb-21,23:17,23:42,00:11,00:42,"8,2","0,4",5,08:33,08:55,08:55,09:26,09:55,10:20,21:59,07:34,"89,8",,,
2024-Feb-22,23:16,23:41,00:10,00:41,"8,3","0,0",0,-,-,08:56,09:26,09:56,10:21,22:34,08:33,"94,8",,,
2024-Feb-23,23:15,23:40,00:09,00:39,"8,3","0,0",0,-,-,08:57,09:27,09:57,10:22,23:05,09:31,"98,2",,,
2024-Feb-24,23:14,23:38,00:08,00:38,"8,3","0,0",0,-,-,08:58,09:28,09:58,10:22,23:32,10:28,"99,8",,,
2024-Feb-25,23:13,23:37,00:07,00:37,"8,4","0,0",0,-,-,08:59,09:29,09:59,10:23,23:57,11:22,"99,5",,,
2024-Feb-26,23:12,23:36,00:05,00:35,"8,4","0,0",0,-,-,09:00,09:30,10:00,10:24,-,12:16,"97,5",,,
2024-Feb-27,23:10,23:35,00:04,00:34,"8,5","0,2",2,00:33,00:45,09:01,09:31,10:00,10:25,00:21,13:10,"93,7",,,
2024-Feb-28,23:09,23:34,00:03,00:33,"8,5","0,6",7,00:33,01:11,09:02,09:32,10:01,10:26,00:46,14:05,"88,2",,,
2024-Feb-29,23:08,23:33,00:02,00:31,"8,5","1,2",13,00:31,01:39,09:03,09:33,10:02,10:26,01:11,15:01,"81,4",,,
2024-Mar-01,23:07,23:31,00:00,00:30,"8,6","1,7",20,00:29,02:12,09:04,09:34,10:03,10:27,01:40,16:0,"73,2",,,
2024-Mar-02,23:06,23:30,23:59,00:29,"8,6","2,4",28,00:29,02:50,09:05,09:35,10:04,10:28,02:13,17:02,"63,9",,,
2024-Mar-03,23:05,23:29,23:58,00:27,"8,7","3,2",37,00:26,03:38,09:06,09:35,10:05,10:29,02:51,18:05,"53,9",,,
2024-Mar-04,23:03,23:28,23:57,00:26,"8,7","4,2",48,00:26,04:34,09:07,09:36,10:05,10:30,03:38,19:08,"43,4",,,
2024-Mar-05,23:02,23:27,23:55,00:25,"8,7","5,3",60,00:24,05:39,09:08,09:37,10:06,10:30,04:35,20:07,"32,9",,,
2024-Mar-06,23:01,23:25,23:54,00:23,"8,8","6,5",74,00:22,06:51,09:09,09:38,10:07,10:31,05:40,20:59,"22,9",,,
2024-Mar-07,23:00,23:24,23:53,00:22,"8,8","7,8",88,00:22,08:06,09:09,09:39,10:08,10:32,06:52,21:45,"14,0",,,
2024-Mar-08,22:58,23:23,23:52,00:21,"8,8","8,8",100,00:20,09:11,09:10,09:40,10:08,10:33,08:07,22:25,"6,8",,,
2024-Mar-09,22:57,23:22,23:50,00:19,"8,9","8,9",100,00:18,09:11,09:11,09:40,10:09,10:33,09:21,23:0,"2,0",,,
2024-Mar-10,22:56,23:20,23:49,00:18,"8,9","8,9",100,00:18,09:13,09:12,09:41,10:10,10:34,10:34,23:33,"0,1",,,
2024-Mar-11,22:55,23:19,23:48,00:17,"8,9","9,0",100,00:17,09:13,09:13,09:42,10:11,10:35,11:45,-,"1,1",,,
2024-Mar-12,22:53,23:18,23:46,00:15,"9,0","8,6",96,00:38,09:15,09:14,09:43,10:11,10:36,12:55,00:05,"5,1",,,
2024-Mar-13,22:52,23:17,23:45,00:14,"9,0","8,0",89,01:14,09:15,09:15,09:44,10:12,10:36,14:05,00:39,"11,5",,,
2024-Mar-14,22:51,23:15,23:44,00:13,"9,0","7,3",81,01:56,09:15,09:15,09:44,10:13,10:37,15:15,01:15,"19,8",,,
2024-Mar-15,22:50,23:14,23:42,00:11,"9,1","6,6",72,02:41,09:17,09:16,09:45,10:14,10:38,16:22,01:56,"29,3",,,
2024-Mar-16,22:48,23:13,23:41,00:10,"9,1","5,8",63,03:33,09:18,09:17,09:46,10:14,10:38,17:27,02:42,"39,5",,,
2024-Mar-17,22:47,23:11,23:40,00:08,"9,2","4,8",53,04:29,09:18,09:18,09:47,10:15,10:39,18:25,03:33,"49,9",,,
2024-Mar-18,22:46,23:10,23:39,00:07,"9,2","3,9",42,05:28,09:18,09:19,09:47,10:16,10:40,19:16,04:29,"59,9",,,
2024-Mar-19,22:45,23:09,23:37,00:06,"9,2","2,9",31,06:26,09:20,09:19,09:48,10:16,10:40,19:59,05:28,"69,4",,,
2024-Mar-20,22:43,23:08,23:36,00:04,"9,3","1,9",21,07:25,09:20,09:20,09:49,10:17,10:41,20:36,06:27,"77,9",,,
2024-Mar-21,22:42,23:06,23:35,00:03,"9,3","1,0",11,08:21,09:22,09:21,09:49,10:18,10:42,21:08,07:25,"85,3",,,
2024-Mar-22,22:41,23:05,23:33,00:02,"9,3","0,1",1,09:17,09:22,09:22,09:50,10:18,10:43,21:36,08:22,"91,4",,,
2024-Mar-23,22:39,23:04,23:32,00:00,"9,4","0,0",0,-,-,09:22,09:51,10:19,10:43,22:02,09:17,"96,0",,,
2024-Mar-24,22:38,23:02,23:31,23:59,"9,4","0,0",0,-,-,09:23,09:51,10:20,10:44,22:26,10:11,"98,9",,,
2024-Mar-25,22:37,23:01,23:29,23:58,"9,4","0,0",0,-,-,09:24,09:52,10:20,10:45,22:50,11:05,"100,0",,,
2024-Mar-26,22:36,23:00,23:28,23:57,"9,5","0,0",0,-,-,09:24,09:53,10:21,10:45,23:15,11:59,"99,3",,,
2024-Mar-27,22:34,22:59,23:27,23:55,"9,5","0,0",0,-,-,09:25,09:54,10:22,10:46,23:43,12:55,"96,7",,,
2024-Mar-28,22:33,22:57,23:26,23:54,"9,5","0,3",3,23:53,00:13,09:26,09:54,10:22,10:47,-,13:54,"92,3",,,
2024-Mar-29,22:32,22:56,23:24,23:53,"9,6","1,0",10,23:53,00:49,09:27,09:55,10:23,10:47,00:14,14:55,"86,1",,,
2024-Mar-30,22:31,22:55,23:23,23:51,"9,6","1,7",18,23:50,01:34,09:27,09:56,10:24,10:48,00:50,15:57,"78,4",,,
2024-Mar-31,22:29,22:54,23:22,23:50,"9,6","2,6",27,23:50,02:26,09:28,09:56,10:24,10:49,01:34,16:59,"69,4",,,
2024-Apr-01,22:28,22:52,23:21,23:49,"9,7","3,6",37,23:48,03:26,09:29,09:57,10:25,10:49,02:26,17:58,"59,3",,,
2024-Apr-02,22:27,22:51,23:19,23:48,"9,7","4,8",49,23:48,04:32,09:29,09:57,10:26,10:50,03:26,18:51,"48,5",,,
2024-Apr-03,22:26,22:50,23:18,23:46,"9,7","6,0",61,23:46,05:44,09:30,09:58,10:26,10:50,04:33,19:38,"37,5",,,
2024-Apr-04,22:24,22:49,23:17,23:45,"9,8","7,2",74,23:44,06:56,09:31,09:59,10:27,10:51,05:44,20:19,"26,8",,,
2024-Apr-05,22:23,22:47,23:16,23:44,"9,8","8,4",86,23:44,08:08,09:31,09:59,10:28,10:52,06:56,20:55,"17,2",,,
2024-Apr-06,22:22,22:46,23:15,23:43,"9,8","9,6",98,23:42,09:18,09:32,10:00,10:28,10:52,08:08,21:28,"9,1",,,
2024-Apr-07,22:21,22:45,23:13,23:42,"9,8","9,9",100,23:41,09:33,09:32,10:01,10:29,10:53,09:18,22:0,"3,4",,,
2024-Apr-08,22:19,22:44,23:12,23:40,"9,9","9,9",100,23:39,09:33,09:33,10:01,10:30,10:54,10:29,22:32,"0,4",,,
2024-Apr-09,22:18,22:43,23:11,23:39,"9,9","9,9",100,23:39,09:33,09:34,10:02,10:30,10:54,11:40,23:07,"0,3",,,
2024-Apr-10,22:17,22:42,23:10,23:38,"9,9","9,8",99,23:46,09:35,09:34,10:03,10:31,10:55,12:51,23:47,"3,1",,,
2024-Apr-11,22:16,22:40,23:09,23:37,"10,0","9,1",91,00:31,09:35,09:35,10:03,10:32,10:56,14:2,-,"8,3",,,
2024-Apr-12,22:15,22:39,23:08,23:36,"10,0","8,2",82,01:21,09:35,09:36,10:04,10:32,10:56,15:11,00:31,"15,6",,,
2024-Apr-13,22:14,22:38,23:06,23:35,"10,0","7,3",73,02:17,09:36,09:36,10:04,10:33,10:57,16:14,01:22,"24,2",,,
2024-Apr-14,22:12,22:37,23:05,23:34,"10,1","6,3",63,03:18,09:36,09:37,10:05,10:34,10:58,17:10,02:18,"33,7",,,
2024-Apr-15,22:11,22:36,23:04,23:33,"10,1","5,3",53,04:18,09:38,09:37,10:06,10:34,10:58,17:57,03:18,"43,6",,,
2024-Apr-16,22:10,22:35,23:03,23:31,"10,1","4,4",43,05:17,09:38,09:38,10:06,10:35,10:59,18:36,04:18,"53,5",,,
2024-Apr-17,22:09,22:34,23:02,23:30,"10,2","3,4",33,06:15,09:38,09:39,10:07,10:35,11:00,19:10,05:17,"63,0",,,
2024-Apr-18,22:08,22:33,23:01,23:29,"10,2","2,5",25,07:09,09:40,09:39,10:08,10:36,11:00,19:39,06:15,"72,0",,,
2024-Apr-19,22:07,22:31,23:00,23:28,"10,2","1,6",15,08:05,09:40,09:40,10:08,10:37,11:01,20:05,07:10,"80,1",,,
2024-Apr-20,22:06,22:30,22:59,23:27,"10,2","0,7",7,08:57,09:40,09:40,10:09,10:37,11:02,20:30,08:05,"87,1",,,
2024-Apr-21,22:05,22:29,22:58,23:26,"10,3","0,0",0,-,-,09:41,10:09,10:38,11:02,20:54,08:58,"92,8",,,
2024-Apr-22,22:04,22:28,22:57,23:25,"10,3","0,0",0,-,-,09:42,10:10,10:39,11:03,21:19,09:53,"96,9",,,
2024-Apr-23,22:03,22:27,22:56,23:24,"10,3","0,0",0,-,-,09:42,10:11,10:39,11:04,21:46,10:49,"99,4",,,
2024-Apr-24,22:02,22:26,22:55,23:23,"10,3","0,0",0,-,-,09:43,10:11,10:40,11:04,22:16,11:47,"99,9",,,
2024-Apr-25,22:01,22:25,22:54,23:23,"10,3","0,0",0,-,-,09:43,10:12,10:41,11:05,22:51,12:48,"98,5",,,
2024-Apr-26,22:00,22:24,22:53,23:22,"10,4","0,2",2,23:21,23:32,09:44,10:12,10:41,11:06,23:32,13:50,"95,0",,,
2024-Apr-27,21:59,22:23,22:52,23:21,"10,4","1,0",10,23:21,00:22,09:45,10:13,10:42,11:06,-,14:53,"89,6",,,
2024-Apr-28,21:58,22:22,22:51,23:20,"10,4","2,0",19,23:19,01:18,09:45,10:14,10:42,11:07,00:22,15:53,"82,3",,,
2024-Apr-29,21:57,22:22,22:50,23:19,"10,5","3,1",29,23:19,02:24,09:46,10:14,10:43,11:08,01:19,16:48,"73,4",,,
2024-Apr-30,21:56,22:21,22:50,23:18,"10,5","4,2",40,23:17,03:31,09:46,10:15,10:44,11:08,02:24,17:35,"63,3",,,
2024-May-01,21:55,22:20,22:49,23:17,"10,5","5,4",52,23:17,04:41,09:47,10:15,10:44,11:09,03:32,18:17,"52,3",,,
2024-May-02,21:54,22:19,22:48,23:17,"10,5","6,6",63,23:17,05:50,09:47,10:16,10:45,11:10,04:42,18:53,"41,0",,,
2024-May-03,21:53,22:18,22:47,23:16,"10,5","7,7",73,23:15,06:58,09:48,10:17,10:46,11:10,05:51,19:26,"29,9",,,
2024-May-04,21:52,22:17,22:46,23:15,"10,6","8,9",84,23:15,08:06,09:49,10:17,10:46,11:11,06:59,19:57,"19,8",,,
2024-May-05,21:52,22:16,22:46,23:14,"10,6","10,0",95,23:14,09:15,09:49,10:18,10:47,11:12,08:07,20:28,"11,3",,,
2024-May-06,21:51,22:16,22:45,23:14,"10,6","10,6",100,23:14,09:49,09:50,10:18,10:48,11:12,09:16,21:01,"5,0",,,
2024-May-07,21:50,22:15,22:44,23:13,"10,6","10,6",100,23:12,09:51,09:50,10:19,10:48,11:13,10:27,21:38,"1,2",,,
2024-May-08,21:49,22:14,22:43,23:12,"10,7","10,7",100,23:12,09:51,09:51,10:20,10:49,11:14,11:38,22:20,"0,1",,,
2024-May-09,21:49,22:13,22:43,23:12,"10,7","10,7",100,23:12,09:51,09:51,10:20,10:50,11:14,12:49,23:08,"1,7",,,
2024-May-10,21:48,22:13,22:42,23:11,"10,7","9,8",92,00:02,09:53,09:52,10:21,10:50,11:15,13:56,-,"5,7",,,
2024-May-11,21:47,22:12,22:42,23:10,"10,7","8,8",82,01:03,09:53,09:53,10:21,10:51,11:16,14:57,00:03,"11,7",,,
2024-May-12,21:46,22:11,22:41,23:10,"10,7","7,8",73,02:05,09:54,09:53,10:22,10:51,11:16,15:49,01:03,"19,3",,,
2024-May-13,21:46,22:11,22:40,23:09,"10,8","6,8",63,03:06,09:54,09:54,10:23,10:52,11:17,16:33,02:05,"27,9",,,
2024-May-14,21:45,22:10,22:40,23:09,"10,8","5,8",54,04:05,09:54,09:54,10:23,10:53,11:18,17:09,03:06,"37,2",,,
2024-May-15,21:44,22:10,22:39,23:08,"10,8","4,9",45,05:01,09:54,09:55,10:24,10:53,11:18,17:40,04:05,"46,7",,,
2024-May-16,21:44,22:09,22:39,23:08,"10,8","4,0",37,05:57,09:56,09:55,10:24,10:54,11:19,18:08,05:02,"56,3",,,
2024-May-17,21:43,22:08,22:38,23:07,"10,8","3,1",28,06:51,09:56,09:56,10:25,10:55,11:20,18:33,05:57,"65,5",,,
2024-May-18,21:43,22:08,22:38,23:07,"10,8","2,2",20,07:45,09:56,09:56,10:26,10:55,11:20,18:57,06:51,"74,2",,,
2024-May-19,21:42,22:07,22:37,23:06,"10,9","1,3",12,08:39,09:56,09:57,10:26,10:56,11:21,19:22,07:45,"82,1",,,
2024-May-20,21:42,22:07,22:37,23:06,"10,9","0,4",3,09:36,09:58,09:57,10:27,10:56,11:22,19:48,08:40,"88,8",,,
2024-May-21,21:41,22:06,22:36,23:06,"10,9","0,0",0,-,-,09:58,10:27,10:57,11:22,20:17,09:37,"94,2",,,
2024-May-22,21:41,22:06,22:36,23:05,"10,9","0,0",0,-,-,09:58,10:28,10:58,11:23,20:50,10:37,"97,9",,,
2024-May-23,21:40,22:06,22:36,23:05,"10,9","0,0",0,-,-,09:59,10:28,10:58,11:23,21:30,11:40,"99,8",,,
2024-May-24,21:40,22:05,22:35,23:05,"10,9","0,0",0,-,-,10:00,10:29,10:59,11:24,22:17,12:44,"99,4",,,
2024-May-25,21:40,22:05,22:35,23:04,"10,9","0,2",1,23:03,23:12,10:00,10:29,10:59,11:25,23:13,13:46,"96,9",,,
2024-May-26,21:39,22:05,22:35,23:04,"11,0","1,2",11,23:03,00:15,10:01,10:30,11:00,11:25,-,14:43,"92,1",,,
2024-May-27,21:39,22:04,22:34,23:04,"11,0","2,3",21,23:03,01:23,10:01,10:30,11:00,11:26,00:16,15:34,"85,1",,,
2024-May-28,21:39,22:04,22:34,23:04,"11,0","3,5",32,23:03,02:33,10:02,10:31,11:01,11:26,01:24,16:17,"76,4",,,
2024-May-29,21:38,22:04,22:34,23:03,"11,0","4,7",42,23:03,03:42,10:02,10:31,11:02,11:27,02:33,16:54,"66,2",,,
2024-May-30,21:38,22:03,22:34,23:03,"11,0","5,8",53,23:03,04:48,10:02,10:32,11:02,11:28,03:42,17:27,"55,0",,,
2024-May-31,21:38,22:03,22:33,23:03,"11,0","6,9",62,23:03,05:55,10:03,10:32,11:03,11:28,04:49,17:58,"43,6",,,
2024-Jun-01,21:38,22:03,22:33,23:03,"11,0","8,0",73,23:03,07:02,10:03,10:33,11:03,11:29,05:55,18:28,"32,4",,,
2024-Jun-02,21:37,22:03,22:33,23:03,"11,0","9,1",83,23:03,08:08,10:04,10:33,11:04,11:29,07:02,18:59,"22,1",,,
2024-Jun-03,21:37,22:03,22:33,23:03,"11,0","10,3",93,23:03,09:18,10:04,10:34,11:04,11:30,08:09,19:33,"13,4",,,
2024-Jun-04,21:37,22:02,22:33,23:03,"11,0","11,0",100,23:03,10:05,10:05,10:34,11:05,11:30,09:18,20:12,"6,6",,,
2024-Jun-05,21:37,22:02,22:33,23:03,"11,0","11,1",100,23:03,10:05,10:05,10:35,11:05,11:31,10:28,20:57,"2,2",,,
2024-Jun-06,21:37,22:02,22:33,23:02,"11,1","11,1",100,23:01,10:05,10:06,10:35,11:06,11:31,11:37,21:49,"0,3",,,
2024-Jun-07,21:37,22:02,22:33,23:02,"11,1","11,1",100,23:01,10:05,10:06,10:36,11:06,11:32,12:41,22:47,"0,8",,,
2024-Jun-08,21:37,22:02,22:33,23:02,"11,1","10,3",93,23:48,10:07,10:06,10:36,11:06,11:32,13:38,23:49,"3,6",,,
2024-Jun-09,21:37,22:02,22:33,23:02,"11,1","9,3",83,00:51,10:07,10:07,10:36,11:07,11:32,14:26,-,"8,3",,,
2024-Jun-10,21:37,22:02,22:33,23:03,"11,1","8,2",74,01:52,10:07,10:07,10:37,11:07,11:33,15:05,00:52,"14,7",,,
2024-Jun-11,21:37,22:02,22:33,23:03,"11,1","7,3",66,02:50,10:07,10:07,10:37,11:08,11:33,15:39,01:53,"22,3",,,
2024-Jun-12,21:37,22:02,22:33,23:03,"11,1","6,4",57,03:47,10:07,10:08,10:38,11:08,11:34,16:08,02:51,"30,8",,,
2024-Jun-13,21:37,22:02,22:33,23:03,"11,1","5,4",49,04:41,10:07,10:08,10:38,11:08,11:34,16:34,03:47,"39,9",,,
2024-Jun-14,21:37,22:02,22:33,23:03,"11,1","4,6",41,05:35,10:09,10:08,10:38,11:09,11:34,16:59,04:42,"49,3",,,
2024-Jun-15,21:37,22:03,22:33,23:03,"11,1","3,7",33,06:29,10:09,10:09,10:39,11:09,11:35,17:23,05:35,"58,7",,,
2024-Jun-16,21:37,22:03,22:33,23:03,"11,1","2,7",25,07:25,10:09,10:09,10:39,11:09,11:35,17:48,06:30,"67,9",,,
2024-Jun-17,21:37,22:03,22:33,23:03,"11,1","1,8",16,08:24,10:09,10:09,10:39,11:10,11:35,18:16,07:26,"76,5",,,
2024-Jun-18,21:37,22:03,22:34,23:03,"11,1","0,7",7,09:26,10:09,10:10,10:39,11:10,11:36,18:47,08:24,"84,3",,,
2024-Jun-19,21:38,22:03,22:34,23:04,"11,1","0,0",0,-,-,10:10,10:40,11:10,11:36,19:24,09:26,"90,9",,,
2024-Jun-20,21:38,22:03,22:34,23:04,"11,1","0,0",0,-,-,10:10,10:40,11:10,11:36,20:09,10:30,"95,9",,,
2024-Jun-21,21:38,22:04,22:34,23:04,"11,1","0,0",0,-,-,10:10,10:40,11:11,11:36,21:03,11:34,"99,0",,,
2024-Jun-22,21:38,22:04,22:34,23:04,"11,1","0,0",0,-,-,10:11,10:40,11:11,11:37,22:05,12:34,"99,8",,,
2024-Jun-23,21:39,22:04,22:35,23:05,"11,1","0,1",1,23:05,23:12,10:11,10:41,11:11,11:37,23:13,13:28,"98,1",,,
2024-Jun-24,21:39,22:04,22:35,23:05,"11,1","1,3",12,23:05,00:24,10:11,10:41,11:11,11:37,-,14:15,"93,9",,,
2024-Jun-25,21:39,22:05,22:35,23:05,"11,1","2,5",22,23:05,01:34,10:11,10:41,11:11,11:37,00:24,14:55,"87,3",,,
2024-Jun-26,21:39,22:05,22:36,23:05,"11,1","3,6",33,23:05,02:41,10:11,10:41,11:11,11:37,01:34,15:29,"78,7",,,
2024-Jun-27,21:40,22:05,22:36,23:06,"11,1","4,7",42,23:05,03:47,10:11,10:41,11:11,11:37,02:42,16:01,"68,4",,,
2024-Jun-28,21:40,22:06,22:36,23:06,"11,1","5,8",52,23:05,04:54,10:11,10:41,11:12,11:37,03:48,16:31,"57,3",,,
2024-Jun-29,21:40,22:06,22:37,23:06,"11,1","6,9",62,23:05,06:00,10:11,10:41,11:12,11:37,04:54,17:01,"45,8",,,
2024-Jun-30,21:41,22:06,22:37,23:07,"11,1","8,0",72,23:06,07:07,10:11,10:41,11:12,11:37,06:00,17:33,"34,6",,,
2024-Jul-01,21:41,22:07,22:37,23:07,"11,1","9,1",82,23:06,08:15,10:12,10:41,11:12,11:37,07:07,18:10,"24,4",,,
2024-Jul-02,21:42,22:07,22:38,23:07,"11,1","10,3",93,23:06,09:22,10:12,10:41,11:12,11:37,08:15,18:51,"15,5",,,
2024-Jul-03,21:42,22:08,22:38,23:08,"11,1","11,1",100,23:08,10:11,10:12,10:41,11:12,11:37,09:23,19:40,"8,5",,,
2024-Jul-04,21:43,22:08,22:38,23:08,"11,1","11,1",100,23:08,10:11,10:12,10:41,11:12,11:37,10:28,20:35,"3,5",,,
2024-Jul-05,21:43,22:08,22:39,23:09,"11,0","11,0",100,23:08,10:11,10:11,10:41,11:11,11:37,11:27,21:35,"0,8",,,
2024-Jul-06,21:43,22:09,22:39,23:09,"11,0","11,0",100,23:08,10:11,10:11,10:41,11:11,11:37,12:18,22:37,"0,3",,,
2024-Jul-07,21:44,22:09,22:40,23:09,"11,0","10,5",95,23:39,10:11,10:11,10:41,11:11,11:37,13:01,23:40,"1,9",,,
2024-Jul-08,21:44,22:10,22:40,23:10,"11,0","9,5",86,00:40,10:11,10:11,10:41,11:11,11:37,13:37,-,"5,4",,,
2024-Jul-09,21:45,22:10,22:41,23:10,"11,0","8,6",78,01:36,10:11,10:11,10:41,11:11,11:36,14:08,00:40,"10,5",,,
2024-Jul-10,21:45,22:11,22:41,23:11,"11,0","7,7",70,02:32,10:11,10:11,10:40,11:11,11:36,14:35,01:37,"17,1",,,
2024-Jul-11,21:46,22:11,22:42,23:11,"11,0","6,8",61,03:26,10:11,10:11,10:40,11:10,11:36,15:00,02:32,"24,8",,,
2024-Jul-12,21:47,22:12,22:42,23:12,"11,0","5,8",53,04:20,10:09,10:11,10:40,11:10,11:36,15:25,03:26,"33,3",,,
2024-Jul-13,21:47,22:12,22:43,23:12,"11,0","4,9",45,05:15,10:09,10:10,10:40,11:10,11:35,15:49,04:20,"42,4",,,
2024-Jul-14,21:48,22:13,22:43,23:13,"11,0","4,0",36,06:11,10:09,10:10,10:40,11:10,11:35,16:15,05:15,"51,9",,,
2024-Jul-15,21:48,22:13,22:44,23:13,"11,0","3,0",27,07:11,10:09,10:10,10:39,11:09,11:35,16:44,06:12,"61,4",,,
2024-Jul-16,21:49,22:14,22:44,23:14,"10,9","1,9",18,08:14,10:09,10:10,10:39,11:09,11:34,17:19,07:11,"70,7",,,
2024-Jul-17,21:49,22:15,22:45,23:14,"10,9","0,9",8,09:18,10:09,10:09,10:39,11:09,11:34,17:59,08:14,"79,5",,,
2024-Jul-18,21:50,22:15,22:45,23:14,"10,9","0,0",0,-,-,10:09,10:38,11:08,11:33,18:49,09:18,"87,2",,,
2024-Jul-19,21:50,22:16,22:46,23:15,"10,9","0,0",0,-,-,10:09,10:38,11:08,11:33,19:48,10:20,"93,5",,,
2024-Jul-20,21:51,22:16,22:46,23:15,"10,9","0,0",0,-,-,10:08,10:37,11:07,11:33,20:55,11:17,"97,8",,,
2024-Jul-21,21:52,22:17,22:47,23:16,"10,9","0,0",0,-,-,10:08,10:37,11:07,11:32,22:07,12:08,"99,8",,,
2024-Jul-22,21:52,22:17,22:47,23:16,"10,9","0,1",0,23:15,23:19,10:07,10:37,11:06,11:32,23:19,12:51,"99,0",,,
2024-Jul-23,21:53,22:18,22:48,23:17,"10,8","1,2",11,23:17,00:29,10:07,10:36,11:06,11:31,-,13:28,"95,4",,,
2024-Jul-24,21:53,22:19,22:48,23:17,"10,8","2,4",22,23:17,01:39,10:06,10:36,11:05,11:30,00:30,14:02,"89,2",,,
2024-Jul-25,21:54,22:19,22:49,23:18,"10,8","3,5",32,23:17,02:46,10:06,10:35,11:05,11:30,01:39,14:33,"80,8",,,
2024-Jul-26,21:55,22:20,22:49,23:18,"10,8","4,6",42,23:17,03:53,10:05,10:35,11:04,11:29,02:46,15:03,"70,7",,,
2024-Jul-27,21:55,22:20,22:50,23:19,"10,8","5,7",53,23:19,04:59,10:05,10:34,11:03,11:29,03:53,15:35,"59,6",,,
2024-Jul-28,21:56,22:21,22:50,23:20,"10,7","6,8",63,23:19,06:06,10:04,10:33,11:03,11:28,05:00,16:10,"48,2",,,
2024-Jul-29,21:56,22:21,22:51,23:20,"10,7","7,9",74,23:19,07:14,10:04,10:33,11:02,11:27,06:07,16:50,"37,1",,,
2024-Jul-30,21:57,22:22,22:52,23:21,"10,7","9,0",84,23:21,08:19,10:03,10:32,11:02,11:27,07:15,17:35,"26,9",,,
2024-Jul-31,21:58,22:23,22:52,23:21,"10,7","10,0",93,23:21,09:20,10:03,10:32,11:01,11:26,08:20,18:27,"18,0",,,
2024-Aug-01,21:58,22:23,22:53,23:22,"10,7","10,7",100,23:21,10:00,10:02,10:31,11:00,11:25,09:20,19:25,"10,7",,,
2024-Aug-02,21:59,22:24,22:53,23:22,"10,7","10,7",100,23:21,10:00,10:01,10:30,10:59,11:24,10:13,20:27,"5,3",,,
2024-Aug-03,22:00,22:24,22:54,23:23,"10,6","10,6",100,23:23,10:00,10:01,10:29,10:59,11:23,10:58,21:29,"1,7",,,
2024-Aug-04,22:00,22:25,22:54,23:23,"10,6","10,6",100,23:23,09:58,10:00,10:29,10:58,11:23,11:36,22:29,"0,2",,,
2024-Aug-05,22:01,22:26,22:55,23:24,"10,6","10,5",99,23:26,09:58,09:59,10:28,10:57,11:22,12:08,23:27,"0,7",,,
2024-Aug-06,22:01,22:26,22:55,23:24,"10,6","9,6",91,00:22,09:58,09:58,10:27,10:56,11:21,12:37,-,"2,9",,,
2024-Aug-07,22:02,22:27,22:56,23:25,"10,6","8,7",82,01:18,09:56,09:58,10:26,10:55,11:20,13:03,00:23,"6,9",,,
2024-Aug-08,22:03,22:27,22:57,23:25,"10,5","7,8",74,02:10,09:56,09:57,10:26,10:55,11:19,13:27,01:18,"12,4",,,
2024-Aug-09,22:03,22:28,22:57,23:26,"10,5","6,8",65,03:06,09:54,09:56,10:25,10:54,11:18,13:51,02:11,"19,2",,,
2024-Aug-10,22:04,22:29,22:58,23:26,"10,5","5,9",56,04:00,09:54,09:55,10:24,10:53,11:17,14:16,03:06,"27,1",,,
2024-Aug-11,22:05,22:29,22:58,23:27,"10,5","4,9",47,04:59,09:54,09:54,10:23,10:52,11:16,14:43,04:01,"35,9",,,
2024-Aug-12,22:05,22:30,22:59,23:27,"10,5","3,9",37,05:59,09:53,09:54,10:22,10:51,11:16,15:15,04:59,"45,3",,,
2024-Aug-13,22:06,22:30,22:59,23:28,"10,4","2,8",27,07:02,09:51,09:53,10:21,10:50,11:15,15:52,05:59,"55,1",,,
2024-Aug-14,22:06,22:31,23:00,23:28,"10,4","1,8",17,08:03,09:51,09:52,10:20,10:49,11:14,16:36,07:02,"64,9",,,
2024-Aug-15,22:07,22:32,23:00,23:29,"10,4","0,8",8,09:02,09:49,09:51,10:19,10:48,11:13,17:30,08:04,"74,5",,,
2024-Aug-16,22:08,22:32,23:01,23:29,"10,4","0,0",0,-,-,09:50,10:18,10:47,11:12,18:33,09:03,"83,3",,,
2024-Aug-17,22:08,22:33,23:02,23:30,"10,3","0,0",0,-,-,09:49,10:17,10:46,11:10,19:43,09:56,"90,8",,,
2024-Aug-18,22:09,22:33,23:02,23:31,"10,3","0,0",0,-,-,09:48,10:16,10:45,11:09,20:56,10:43,"96,4",,,
2024-Aug-19,22:09,22:34,23:03,23:31,"10,3","0,0",0,-,-,09:47,10:15,10:44,11:08,22:09,11:23,"99,4",,,
2024-Aug-20,22:10,22:35,23:03,23:32,"10,2","0,0",0,-,-,09:46,10:14,10:43,11:07,23:21,11:58,"99,6",,,
2024-Aug-21,22:11,22:35,23:04,23:32,"10,2","1,0",10,23:32,00:31,09:45,10:13,10:42,11:06,-,12:31,"96,8",,,
2024-Aug-22,22:11,22:36,23:04,23:33,"10,2","2,1",21,23:33,01:39,09:44,10:12,10:41,11:05,00:31,13:03,"91,1",,,
2024-Aug-23,22:12,22:36,23:05,23:33,"10,2","3,3",32,23:33,02:48,09:43,10:11,10:40,11:04,01:40,13:35,"83,0",,,
2024-Aug-24,22:12,22:37,23:05,23:34,"10,1","4,4",43,23:33,03:58,09:42,10:10,10:38,11:03,02:49,14:10,"73,2",,,
2024-Aug-25,22:13,22:38,23:06,23:34,"10,1","5,6",55,23:33,05:06,09:41,10:09,10:37,11:02,03:58,14:48,"62,4",,,
2024-Aug-26,22:14,22:38,23:07,23:35,"10,1","6,7",66,23:35,06:13,09:40,10:08,10:36,11:00,05:07,15:33,"51,3",,,
2024-Aug-27,22:14,22:39,23:07,23:35,"10,1","7,7",76,23:35,07:16,09:38,10:07,10:35,10:59,06:14,16:23,"40,4",,,
2024-Aug-28,22:15,22:39,23:08,23:36,"10,0","8,6",86,23:35,08:10,09:37,10:06,10:34,10:58,07:16,17:19,"30,3",,,
2024-Aug-29,22:15,22:40,23:08,23:36,"10,0","9,4",94,23:35,08:57,09:36,10:04,10:33,10:57,08:10,18:20,"21,3",,,
2024-Aug-30,22:16,22:40,23:09,23:37,"10,0","10,0",100,23:37,09:33,09:35,10:03,10:32,10:56,08:57,19:21,"13,7",,,
2024-Aug-31,22:17,22:41,23:09,23:38,"9,9","9,9",100,23:37,09:33,09:34,10:02,10:30,10:54,09:37,20:22,"7,6",,,
2024-Sep-01,22:17,22:42,23:10,23:38,"9,9","9,9",100,23:37,09:31,09:33,10:01,10:29,10:53,10:11,21:20,"3,3",,,
2024-Sep-02,22:18,22:42,23:10,23:39,"9,9","9,9",100,23:39,09:29,09:31,10:00,10:28,10:52,10:40,22:17,"0,8",,,
2024-Sep-03,22:18,22:43,23:11,23:39,"9,9","9,8",100,23:39,09:29,09:30,09:58,10:27,10:51,11:06,23:11,"0,1",,,
2024-Sep-04,22:19,22:43,23:12,23:40,"9,8","9,4",96,00:04,09:27,09:29,09:57,10:25,10:50,11:30,-,"1,2",,,
2024-Sep-05,22:20,22:44,23:12,23:40,"9,8","8,5",86,00:58,09:26,09:28,09:56,10:24,10:48,11:54,00:05,"4,0",,,
2024-Sep-06,22:20,22:44,23:13,23:41,"9,8","7,5",77,01:54,09:24,09:26,09:55,10:23,10:47,12:19,00:59,"8,4",,,
2024-Sep-07,22:21,22:45,23:13,23:42,"9,7","6,6",68,02:50,09:24,09:25,09:53,10:22,10:46,12:45,01:54,"14,3",,,
2024-Sep-08,22:21,22:46,23:14,23:42,"9,7","5,6",57,03:49,09:22,09:24,09:52,10:20,10:44,13:15,02:50,"21,5",,,
2024-Sep-09,22:22,22:46,23:14,23:43,"9,7","4,5",47,04:50,09:20,09:23,09:51,10:19,10:43,13:49,03:49,"29,8",,,
2024-Sep-10,22:22,22:47,23:15,23:43,"9,6","3,5",36,05:50,09:20,09:21,09:50,10:18,10:42,14:29,04:50,"39,1",,,
2024-Sep-11,22:23,22:47,23:16,23:44,"9,6","2,5",26,06:49,09:18,09:20,09:48,10:17,10:41,15:18,05:51,"49,0",,,
2024-Sep-12,22:24,22:48,23:16,23:45,"9,6","1,6",16,07:43,09:17,09:19,09:47,10:15,10:39,16:15,06:50,"59,3",,,
2024-Sep-13,22:24,22:49,23:17,23:45,"9,5","0,7",8,08:33,09:15,09:17,09:46,10:14,10:38,17:20,07:44,"69,6",,,
2024-Sep-14,22:25,22:49,23:17,23:46,"9,5","0,0",0,-,-,09:16,09:44,10:13,10:37,18:30,08:33,"79,3",,,
2024-Sep-15,22:25,22:50,23:18,23:46,"9,5","0,0",0,-,-,09:15,09:43,10:11,10:35,19:43,09:15,"87,8",,,
2024-Sep-16,22:26,22:50,23:19,23:47,"9,4","0,0",0,-,-,09:13,09:42,10:10,10:34,20:55,09:52,"94,5",,,
2024-Sep-17,22:27,22:51,23:19,23:48,"9,4","0,0",0,-,-,09:12,09:40,10:09,10:33,22:07,10:26,"98,7",,,
2024-Sep-18,22:27,22:52,23:20,23:48,"9,4","0,0",0,-,-,09:11,09:39,10:07,10:31,23:18,10:58,"100,0",,,
2024-Sep-19,22:28,22:52,23:20,23:49,"9,3","0,7",7,23:48,00:29,09:09,09:38,10:06,10:30,-,11:31,"98,0",,,
2024-Sep-20,22:28,22:53,23:21,23:50,"9,3","1,9",20,23:50,01:41,09:08,09:36,10:05,10:29,00:29,12:05,"93,1",,,
2024-Sep-21,22:29,22:53,23:22,23:50,"9,3","3,1",33,23:50,02:53,09:07,09:35,10:03,10:27,01:41,12:44,"85,7",,,
2024-Sep-22,22:30,22:54,23:22,23:51,"9,2","4,2",45,23:50,04:03,09:05,09:34,10:02,10:26,02:53,13:27,"76,5",,,
2024-Sep-23,22:30,22:55,23:23,23:52,"9,2","5,3",57,23:51,05:08,09:04,09:32,10:01,10:25,04:03,14:17,"66,2",,,
2024-Sep-24,22:31,22:55,23:24,23:52,"9,2","6,3",68,23:51,06:06,09:02,09:31,09:59,10:24,05:09,15:13,"55,5",,,
2024-Sep-25,22:32,22:56,23:24,23:53,"9,1","7,1",77,23:53,06:56,09:01,09:30,09:58,10:22,06:07,16:13,"44,9",,,
2024-Sep-26,22:32,22:57,23:25,23:54,"9,1","7,7",85,23:53,07:38,09:00,09:28,09:57,10:21,06:56,17:14,"34,9",,,
2024-Sep-27,22:33,22:57,23:26,23:55,"9,1","8,3",92,23:55,08:12,08:58,09:27,09:56,10:20,07:38,18:15,"25,7",,,
2024-Sep-28,22:33,22:58,23:26,23:55,"9,0","8,8",98,23:55,08:44,08:57,09:26,09:54,10:18,08:13,19:14,"17,7",,,
2024-Sep-29,22:34,22:58,23:27,23:56,"9,0","9,0",100,23:55,08:53,08:55,09:24,09:53,10:17,08:44,20:11,"11,0",,,
2024-Sep-30,22:35,22:59,23:28,23:57,"9,0","8,9",100,23:57,08:53,08:54,09:23,09:52,10:16,09:10,21:06,"5,8",,,
2024-Oct-01,22:35,23:00,23:28,23:58,"8,9","8,9",100,23:57,08:50,08:53,09:22,09:50,10:14,09:35,22:0,"2,2",,,
2024-Oct-02,22:36,23:00,23:29,23:58,"8,9","8,9",100,23:57,08:50,08:51,09:20,09:49,10:13,09:59,22:54,"0,3",,,
2024-Oct-03,22:37,23:01,23:30,23:59,"8,9","8,8",100,23:59,08:48,08:50,09:19,09:48,10:12,10:23,23:48,"0,2",,,
2024-Oct-04,22:37,23:02,23:31,00:00,"8,8","8,1",91,00:44,08:46,08:48,09:18,09:46,10:11,10:49,-,"1,8",,,
2024-Oct-05,22:38,23:03,23:31,00:01,"8,8","7,1",81,01:41,08:46,08:47,09:16,09:45,10:09,11:17,00:44,"5,1",,,
2024-Oct-06,22:39,23:03,23:32,00:01,"8,8","6,0",69,02:41,08:44,08:46,09:15,09:44,10:08,11:49,01:42,"10,1",,,
2024-Oct-07,22:39,23:04,23:33,00:02,"8,7","5,0",58,03:42,08:42,08:44,09:14,09:43,10:07,12:27,02:42,"16,6",,,
2024-Oct-08,22:40,23:05,23:34,00:03,"8,7","4,0",46,04:41,08:41,08:43,09:12,09:41,10:06,13:12,03:42,"24,5",,,
2024-Oct-09,22:41,23:05,23:34,00:04,"8,6","3,1",36,05:35,08:39,08:41,09:11,09:40,10:04,14:05,04:41,"33,5",,,
2024-Oct-10,22:42,23:06,23:35,00:05,"8,6","2,2",26,06:24,08:39,08:40,09:10,09:39,10:03,15:05,05:36,"43,5",,,
2024-Oct-11,22:42,23:07,23:36,00:06,"8,6","1,5",17,07:09,08:37,08:39,09:08,09:37,10:02,16:11,06:25,"54,1",,,
2024-Oct-12,22:43,23:08,23:37,00:07,"8,5","0,8",10,07:47,08:35,08:37,09:07,09:36,10:01,17:20,07:09,"64,8",,,
2024-Oct-13,22:44,23:08,23:38,00:07,"8,5","0,2",3,08:21,08:33,08:36,09:06,09:35,09:59,18:31,07:47,"75,2",,,
2024-Oct-14,22:44,23:09,23:38,00:08,"8,4","0,0",0,-,-,08:34,09:04,09:34,09:58,19:41,08:21,"84,6",,,
2024-Oct-15,22:45,23:10,23:39,00:09,"8,4","0,0",0,-,-,08:33,09:03,09:33,09:57,20:51,08:53,"92,3",,,
2024-Oct-16,22:46,23:11,23:40,00:10,"8,4","0,0",0,-,-,08:32,09:02,09:31,09:56,22:02,09:25,"97,5",,,
2024-Oct-17,22:47,23:11,23:41,00:11,"8,3","0,0",0,-,-,08:30,09:01,09:30,09:55,23:15,09:58,"99,9",,,
2024-Oct-18,22:47,23:12,23:42,00:12,"8,3","0,3",3,00:11,00:29,08:29,08:59,09:29,09:54,-,10:35,"99,1",,,
2024-Oct-19,22:48,23:13,23:43,00:13,"8,3","1,5",18,00:13,01:41,08:28,08:58,09:28,09:52,00:29,11:17,"95,3",,,
2024-Oct-20,22:49,23:14,23:43,00:14,"8,2","2,7",32,00:13,02:53,08:26,08:57,09:27,09:51,01:42,12:05,"88,9",,,
2024-Oct-21,22:50,23:15,23:44,00:15,"8,2","3,7",45,00:15,03:56,08:25,08:56,09:26,09:50,02:53,13:01,"80,6",,,
2024-Oct-22,22:51,23:15,23:45,00:16,"8,1","4,6",56,00:15,04:50,08:24,08:54,09:24,09:49,03:57,14:01,"71,1",,,
2024-Oct-23,22:51,23:16,23:46,00:17,"8,1","5,3",66,00:17,05:37,08:22,08:53,09:23,09:48,04:51,15:05,"61,0",,,
2024-Oct-24,22:52,23:17,23:47,00:18,"8,1","5,9",74,00:18,06:13,08:21,08:52,09:22,09:47,05:37,16:07,"50,8",,,
2024-Oct-25,22:53,23:18,23:48,00:19,"8,0","6,5",80,00:18,06:45,08:20,08:51,09:21,09:46,06:14,17:08,"40,8",,,
2024-Oct-26,22:54,23:19,23:49,00:20,"8,0","6,9",87,00:20,07:14,08:18,08:50,09:20,09:45,06:46,18:05,"31,5",,,
2024-Oct-27,22:55,23:20,23:50,00:21,"7,9","7,3",92,00:20,07:39,08:17,08:49,09:19,09:44,07:14,19:01,"23,0",,,
2024-Oct-28,22:55,23:20,23:51,00:22,"7,9","7,7",97,00:22,08:03,08:16,08:48,09:18,09:43,07:40,19:55,"15,6",,,
2024-Oct-29,22:56,23:21,23:52,00:23,"7,9","7,9",100,00:22,08:14,08:15,08:46,09:17,09:42,08:04,20:48,"9,4",,,
2024-Oct-30,22:57,23:22,23:53,00:24,"7,8","7,8",100,00:24,08:12,08:14,08:45,09:16,09:41,08:28,21:42,"4,7",,,
2024-Oct-31,22:58,23:23,23:54,00:26,"7,8","7,8",100,00:26,08:10,08:12,08:44,09:15,09:40,08:53,22:38,"1,6",,,
2024-Nov-01,22:59,23:24,23:55,00:27,"7,7","7,7",100,00:26,08:10,08:11,08:43,09:14,09:39,09:20,23:36,"0,1",,,
2024-Nov-02,23:00,23:25,23:56,00:28,"7,7","7,6",98,00:35,08:08,08:10,08:42,09:13,09:38,09:51,-,"0,5",,,
2024-Nov-03,23:01,23:26,23:57,00:29,"7,7","6,5",85,01:36,08:08,08:09,08:41,09:12,09:37,10:27,00:36,"2,7",,,
2024-Nov-04,23:02,23:27,23:58,00:30,"7,6","5,5",72,02:35,08:06,08:08,08:40,09:11,09:37,11:10,01:36,"6,7",,,
2024-Nov-05,23:02,23:28,23:59,00:31,"7,6","4,6",60,03:31,08:05,08:07,08:39,09:10,09:36,12:01,02:36,"12,4",,,
2024-Nov-06,23:03,23:28,00:00,00:32,"7,6","3,7",49,04:21,08:05,08:06,08:38,09:10,09:35,12:58,03:32,"19,8",,,
2024-Nov-07,23:04,23:29,00:01,00:33,"7,5","3,0",39,05:05,08:03,08:05,08:37,09:09,09:34,14:02,04:22,"28,6",,,
2024-Nov-08,23:05,23:30,00:02,00:35,"7,5","2,3",31,05:44,08:03,08:04,08:37,09:08,09:33,15:08,05:06,"38,5",,,
2024-Nov-09,23:06,23:31,00:03,00:36,"7,5","1,7",23,06:18,08:01,08:03,08:36,09:07,09:33,16:15,05:44,"49,2",,,
2024-Nov-10,23:07,23:32,00:04,00:37,"7,4","1,2",16,06:49,08:01,08:02,08:35,09:06,09:32,17:23,06:19,"60,3",,,
2024-Nov-11,23:08,23:33,00:05,00:38,"7,4","0,7",9,07:20,07:59,08:01,08:34,09:06,09:31,18:30,06:50,"71,2",,,
2024-Nov-12,23:09,23:34,00:06,00:39,"7,4","0,1",2,07:52,07:59,08:00,08:33,09:05,09:31,19:38,07:21,"81,2",,,
2024-Nov-13,23:10,23:35,00:07,00:40,"7,3","0,0",0,-,-,07:59,08:32,09:04,09:30,20:48,07:52,"89,6",,,
2024-Nov-14,23:11,23:36,00:08,00:42,"7,3","0,0",0,-,-,07:58,08:32,09:04,09:29,22:01,08:27,"95,8",,,
2024-Nov-15,23:11,23:37,00:09,00:43,"7,2","0,0",0,-,-,07:57,08:31,09:03,09:29,23:15,09:05,"99,2",,,
2024-Nov-16,23:12,23:38,00:10,00:44,"7,2","0,0",0,-,-,07:56,08:30,09:02,09:28,-,9:51,"99,7",,,
2024-Nov-17,23:13,23:39,00:11,00:45,"7,2","0,9",12,00:45,01:36,07:55,08:30,09:02,09:28,00:28,10:44,"97,2",,,
2024-Nov-18,23:14,23:40,00:12,00:46,"7,2","1,9",26,00:45,02:37,07:55,08:29,09:01,09:27,01:37,11:44,"92,3",,,
2024-Nov-19,23:15,23:41,00:13,00:47,"7,1","2,7",38,00:47,03:29,07:54,08:28,09:01,09:27,02:38,12:48,"85,3",,,
2024-Nov-20,23:16,23:42,00:14,00:49,"7,1","3,4",48,00:49,04:11,07:53,08:28,09:00,09:26,03:29,13:53,"76,9",,,
2024-Nov-21,23:17,23:43,00:15,00:50,"7,0","3,9",56,00:49,04:45,07:52,08:27,09:00,09:26,04:11,14:56,"67,6",,,
2024-Nov-22,23:18,23:44,00:16,00:51,"7,0","4,4",63,00:51,05:15,07:52,08:27,09:00,09:26,04:46,15:56,"57,9",,,
2024-Nov-23,23:19,23:44,00:17,00:52,"7,0","4,8",69,00:51,05:41,07:51,08:26,08:59,09:25,05:16,16:53,"48,2",,,
2024-Nov-24,23:20,23:45,00:18,00:53,"7,0","5,2",75,00:53,06:06,07:50,08:26,08:59,09:25,05:42,17:48,"38,7",,,
2024-Nov-25,23:21,23:46,00:19,00:54,"6,9","5,6",81,00:54,06:31,07:50,08:25,08:58,09:25,06:07,18:42,"29,7",,,
2024-Nov-26,23:21,23:47,00:20,00:55,"6,9","6,0",87,00:54,06:56,07:49,08:25,08:58,09:24,06:31,19:35,"21,6",,,
2024-Nov-27,23:22,23:48,00:21,00:57,"6,9","6,4",93,00:56,07:21,07:49,08:25,08:58,09:24,06:56,20:30,"14,4",,,
2024-Nov-28,23:23,23:49,00:22,00:58,"6,9","6,8",100,00:58,07:48,07:49,08:24,08:58,09:24,07:22,21:27,"8,5",,,
2024-Nov-29,23:24,23:50,00:23,00:59,"6,8","6,8",100,00:58,07:48,07:48,08:24,08:57,09:24,07:52,22:27,"4,0",,,
2024-Nov-30,23:25,23:51,00:24,01:00,"6,8","6,8",100,01:00,07:47,07:48,08:24,08:57,09:24,08:27,23:28,"1,1",,,
2024-Dec-01,23:26,23:52,00:25,01:01,"6,8","6,8",100,01:00,07:47,07:47,08:23,08:57,09:23,09:8,-,"0,1",,,
2024-Dec-02,23:27,23:53,00:26,01:02,"6,8","6,3",94,01:27,07:47,07:47,08:23,08:57,09:23,09:56,00:29,"1,0",,,
2024-Dec-03,23:27,23:53,00:27,01:03,"6,7","5,5",81,02:19,07:47,07:47,08:23,08:57,09:23,10:53,01:27,"4,0",,,
2024-Dec-04,23:28,23:54,00:28,01:04,"6,7","4,7",70,03:04,07:45,07:47,08:23,08:57,09:23,11:55,02:19,"8,9",,,
2024-Dec-05,23:29,23:55,00:29,01:05,"6,7","4,0",60,03:45,07:45,07:46,08:23,08:57,09:23,13:01,03:05,"15,8",,,
2024-Dec-06,23:30,23:56,00:30,01:06,"6,7","3,4",51,04:20,07:45,07:46,08:23,08:57,09:23,14:08,03:45,"24,2",,,
2024-Dec-07,23:31,23:57,00:30,01:07,"6,7","2,9",44,04:50,07:45,07:46,08:23,08:57,09:23,15:14,04:20,"34,1",,,
2024-Dec-08,23:31,23:57,00:31,01:08,"6,6","2,4",36,05:21,07:45,07:46,08:23,08:57,09:24,16:19,04:51,"44,9",,,
2024-Dec-09,23:32,23:58,00:32,01:08,"6,6","1,9",29,05:50,07:45,07:46,08:23,08:57,09:24,17:25,05:21,"56,1",,,
2024-Dec-10,23:33,23:59,00:33,01:09,"6,6","1,4",21,06:22,07:45,07:46,08:23,08:57,09:24,18:31,05:51,"67,2",,,
2024-Dec-11,23:34,00:00,00:34,01:10,"6,6","0,8",12,06:58,07:45,07:46,08:23,08:57,09:24,19:40,06:23,"77,6",,,
2024-Dec-12,23:34,00:00,00:34,01:11,"6,6","0,1",2,07:39,07:47,07:46,08:23,08:58,09:24,20:51,06:58,"86,5",,,
2024-Dec-13,23:35,00:01,00:35,01:12,"6,6","0,0",0,-,-,07:47,08:24,08:58,09:25,22:03,07:39,"93,4",,,
2024-Dec-14,23:36,00:02,00:36,01:12,"6,6","0,0",0,-,-,07:47,08:24,08:58,09:25,23:14,08:28,"97,9",,,
2024-Dec-15,23:36,00:02,00:36,01:13,"6,6","0,0",0,-,-,07:47,08:24,08:58,09:25,-,9:24,"99,7",,,
2024-Dec-16,23:37,00:03,00:37,01:14,"6,6","0,0",0,01:14,01:16,07:47,08:24,08:59,09:25,00:20,10:27,"98,8",,,
2024-Dec-17,23:37,00:04,00:38,01:14,"6,6","0,8",12,01:14,02:03,07:48,08:25,08:59,09:26,01:16,11:33,"95,5",,,
2024-Dec-18,23:38,00:04,00:38,01:15,"6,6","1,5",22,01:14,02:41,07:48,08:25,09:00,09:26,02:03,12:39,"90,1",,,
2024-Dec-19,23:39,00:05,00:39,01:16,"6,5","2,0",30,01:16,03:15,07:48,08:26,09:00,09:27,02:42,13:42,"83,0",,,
2024-Dec-20,23:39,00:05,00:39,01:16,"6,6","2,5",37,01:16,03:42,07:49,08:26,09:00,09:27,03:15,14:41,"74,8",,,
2024-Dec-21,23:40,00:06,00:40,01:17,"6,5","2,9",44,01:16,04:07,07:49,08:26,09:01,09:28,03:43,15:38,"65,8",,,
2024-Dec-22,23:40,00:06,00:40,01:17,"6,6","3,3",50,01:16,04:32,07:50,08:27,09:01,09:28,04:08,16:32,"56,5",,,
2024-Dec-23,23:40,00:07,00:41,01:17,"6,6","3,7",56,01:16,04:56,07:50,08:28,09:02,09:29,04:33,17:26,"47,0",,,
2024-Dec-24,23:41,00:07,00:41,01:18,"6,6","4,1",62,01:18,05:23,07:51,08:28,09:03,09:29,04:57,18:21,"37,7",,,
2024-Dec-25,23:41,00:07,00:41,01:18,"6,6","4,6",69,01:18,05:50,07:51,08:29,09:03,09:30,05:23,19:17,"28,8",,,
2024-Dec-26,23:42,00:08,00:42,01:18,"6,6","5,1",78,01:18,06:24,07:52,08:29,09:04,09:30,05:51,20:15,"20,7",,,
2024-Dec-27,23:42,00:08,00:42,01:19,"6,6","5,7",87,01:18,07:02,07:53,08:30,09:04,09:31,06:24,21:16,"13,5",,,
2024-Dec-28,23:42,00:08,00:42,01:19,"6,6","6,5",98,01:18,07:48,07:54,08:31,09:05,09:32,07:02,22:17,"7,6",,,
2024-Dec-29,23:43,00:09,00:43,01:19,"6,6","6,6",100,01:18,07:54,07:54,08:31,09:06,09:32,07:48,23:17,"3,2",,,
2024-Dec-30,23:43,00:09,00:43,01:19,"6,6","6,6",100,01:18,07:56,07:55,08:32,09:06,09:33,08:43,-,"0,7",,,
2024-Dec-31,23:43,00:09,00:43,01:19,"6,6","6,6",100,01:18,07:56,07:56,08:33,09:07,09:34,09:44,00:12,"0,2",,,
2025-Jan-01,23:43,00:09,00:43,01:19,"6,6","6,2",94,01:43,07:57,07:57,08:34,09:08,09:35,10:51,01:02,"2,0",,,
2025-Jan-02,23:43,00:09,00:43,01:19,"6,7","5,6",85,02:21,07:59,07:58,08:35,09:09,09:35,11:59,01:44,"6,0",,,
2025-Jan-03,23:44,00:10,00:43,01:19,"6,7","5,1",77,02:53,07:59,07:59,08:35,09:10,09:36,13:07,02:21,"12,3",,,
2025-Jan-04,23:44,00:10,00:43,01:19,"6,7","4,6",69,03:24,08:01,08:00,08:36,09:10,09:37,14:13,02:54,"20,4",,,
2025-Jan-05,23:44,00:10,00:43,01:19,"6,7","4,1",62,03:54,08:01,08:01,08:37,09:11,09:38,15:18,03:24,"30,1",,,
2025-Jan-06,23:44,00:10,00:43,01:19,"6,7","3,7",54,04:23,08:03,08:02,08:38,09:12,09:38,16:23,03:54,"40,8",,,
2025-Jan-07,23:44,00:10,00:43,01:19,"6,7","3,1",46,04:56,08:03,08:03,08:39,09:13,09:39,17:29,04:24,"52,1",,,
2025-Jan-08,23:44,00:10,00:43,01:19,"6,8","2,5",37,05:35,08:05,08:04,08:40,09:14,09:40,18:38,04:57,"63,3",,,
2025-Jan-09,23:44,00:10,00:43,01:19,"6,8","1,8",26,06:18,08:05,08:05,08:41,09:15,09:41,19:48,05:35,"73,8",,,
2025-Jan-10,23:44,00:10,00:43,01:18,"6,8","0,9",14,07:11,08:06,08:06,08:42,09:16,09:42,20:57,06:19,"83,1",,,
2025-Jan-11,23:44,00:09,00:43,01:18,"6,8","0,0",0,-,-,08:07,08:43,09:16,09:43,22:04,07:11,"90,7",,,
2025-Jan-12,23:43,00:09,00:42,01:18,"6,8","0,0",0,-,-,08:08,08:44,09:17,09:44,23:03,08:10,"96,1",,,
2025-Jan-13,23:43,00:09,00:42,01:17,"6,9","0,0",0,-,-,08:09,08:45,09:18,09:45,23:54,09:14,"99,1",,,
2025-Jan-14,23:43,00:09,00:42,01:17,"6,9","0,0",0,-,-,08:10,08:46,09:19,09:45,-,10:20,"99,7",,,
2025-Jan-15,23:43,00:09,00:41,01:16,"6,9","0,0",0,-,-,08:11,08:47,09:20,09:46,00:36,11:25,"98,0",,,
2025-Jan-16,23:43,00:08,00:41,01:16,"7,0","0,4",6,01:16,01:41,08:13,08:48,09:21,09:47,01:11,12:27,"94,2",,,
2025-Jan-17,23:42,00:08,00:41,01:15,"7,0","0,9",13,01:14,02:08,08:14,08:49,09:22,09:48,01:42,13:25,"88,7",,,
2025-Jan-18,23:42,00:08,00:40,01:15,"7,0","1,3",19,01:14,02:33,08:15,08:50,09:23,09:49,02:08,14:21,"81,7",,,
2025-Jan-19,23:42,00:07,00:40,01:14,"7,0","1,7",25,01:14,02:57,08:16,08:51,09:24,09:50,02:33,15:16,"73,7",,,
2025-Jan-20,23:41,00:07,00:39,01:14,"7,1","2,2",30,01:14,03:22,08:17,08:52,09:25,09:51,02:58,16:10,"64,9",,,
2025-Jan-21,23:41,00:06,00:39,01:13,"7,1","2,6",37,01:12,03:49,08:19,08:53,09:26,09:52,03:23,17:06,"55,7",,,
2025-Jan-22,23:40,00:06,00:38,01:12,"7,1","3,1",44,01:11,04:20,08:20,08:55,09:27,09:53,03:50,18:03,"46,2",,,
2025-Jan-23,23:40,00:05,00:38,01:11,"7,2","3,8",52,01:11,04:56,08:21,08:56,09:28,09:54,04:20,19:02,"36,8",,,
2025-Jan-24,23:39,00:05,00:37,01:11,"7,2","4,5",62,01:11,05:37,08:22,08:57,09:29,09:55,04:56,20:02,"27,8",,,
2025-Jan-25,23:39,00:04,00:36,01:10,"7,2","5,3",74,01:09,06:29,08:24,08:58,09:30,09:56,05:38,21:03,"19,5",,,
2025-Jan-26,23:38,00:04,00:36,01:09,"7,3","6,3",87,01:09,07:27,08:25,08:59,09:31,09:57,06:29,22:0,"12,1",,,
2025-Jan-27,23:38,00:03,00:35,01:08,"7,3","7,3",100,01:07,08:26,08:26,09:00,09:32,09:58,07:28,22:53,"6,2",,,
2025-Jan-28,23:37,00:03,00:34,01:07,"7,3","7,4",101,01:07,08:28,08:27,09:01,09:33,09:59,08:33,23:39,"2,1",,,
2025-Jan-29,23:37,00:02,00:33,01:07,"7,4","7,4",100,01:07,08:30,08:29,09:02,09:34,10:00,09:42,-,"0,2",,,
2025-Jan-30,23:36,00:01,00:33,01:06,"7,4","7,4",100,01:05,08:30,08:30,09:03,09:35,10:01,10:52,00:18,"0,7",,,
2025-Jan-31,23:35,00:01,00:32,01:05,"7,4","7,1",96,01:25,08:32,08:31,09:04,09:36,10:02,12:01,00:53,"3,7",,,
2025-Feb-01,23:35,00:00,00:31,01:04,"7,5","6,6",89,01:56,08:33,08:32,09:06,09:37,10:03,13:08,01:25,"9,2",,,
2025-Feb-02,23:34,23:59,00:30,01:03,"7,5","6,2",82,02:26,08:35,08:34,09:07,09:38,10:04,14:15,01:56,"16,9",,,
2025-Feb-03,23:33,23:58,00:29,01:02,"7,6","5,6",74,02:59,08:35,08:35,09:08,09:39,10:04,15:22,02:26,"26,4",,,
2025-Feb-04,23:32,23:57,00:29,01:01,"7,6","5,0",66,03:35,08:37,08:36,09:09,09:40,10:05,16:30,02:59,"37,0",,,
2025-Feb-05,23:32,23:57,00:28,01:00,"7,6","4,4",58,04:16,08:39,08:37,09:10,09:41,10:06,17:39,03:35,"48,2",,,
2025-Feb-06,23:31,23:56,00:27,00:59,"7,7","3,6",47,05:05,08:39,08:39,09:11,09:42,10:07,18:48,04:16,"59,4",,,
2025-Feb-07,23:30,23:55,00:26,00:58,"7,7","2,7",35,06:00,08:41,08:40,09:12,09:43,10:08,19:55,05:05,"70,0",,,
2025-Feb-08,23:29,23:54,00:25,00:57,"7,7","1,7",22,07:02,08:41,08:41,09:13,09:44,10:09,20:55,06:01,"79,5",,,
2025-Feb-09,23:28,23:53,00:24,00:55,"7,8","0,6",8,08:06,08:42,08:42,09:14,09:45,10:10,21:48,07:02,"87,5",,,
2025-Feb-10,23:27,23:52,00:23,00:54,"7,8","0,0",0,-,-,08:43,09:15,09:46,10:11,22:32,08:07,"93,7",,,
2025-Feb-11,23:26,23:51,00:22,00:53,"7,9","0,0",0,-,-,08:44,09:16,09:47,10:12,23:10,09:11,"97,8",,,
2025-Feb-12,23:25,23:50,00:21,00:52,"7,9","0,0",0,-,-,08:46,09:17,09:48,10:13,23:41,10:14,"99,7",,,
2025-Feb-13,23:25,23:49,00:20,00:51,"7,9","0,0",0,-,-,08:47,09:18,09:49,10:14,-,11:13,"99,5",,,
2025-Feb-14,23:24,23:48,00:18,00:50,"8,0","0,0",0,-,-,08:48,09:19,09:50,10:15,00:09,12:10,"97,4",,,
2025-Feb-15,23:23,23:47,00:17,00:48,"8,0","0,2",2,00:47,00:58,08:49,09:20,09:51,10:15,00:35,13:06,"93,3",,,
2025-Feb-16,23:22,23:46,00:16,00:47,"8,1","0,6",8,00:47,01:23,08:50,09:21,09:52,10:16,00:59,14:0,"87,7",,,
2025-Feb-17,23:21,23:45,00:15,00:46,"8,1","1,1",13,00:45,01:50,08:51,09:22,09:52,10:17,01:24,14:55,"80,8",,,
2025-Feb-18,23:19,23:44,00:14,00:45,"8,1","1,6",19,00:45,02:19,08:52,09:23,09:53,10:18,01:50,15:52,"72,7",,,
2025-Feb-19,23:18,23:43,00:13,00:43,"8,2","2,1",26,00:42,02:50,08:53,09:24,09:54,10:19,02:19,16:49,"63,9",,,
2025-Feb-20,23:17,23:42,00:12,00:42,"8,2","2,8",34,00:42,03:29,08:55,09:25,09:55,10:20,02:51,17:49,"54,5",,,
2025-Feb-21,23:16,23:41,00:11,00:41,"8,3","3,6",43,00:40,04:16,08:56,09:26,09:56,10:21,03:30,18:48,"44,8",,,
2025-Feb-22,23:15,23:40,00:09,00:40,"8,3","4,5",54,00:40,05:10,08:57,09:27,09:57,10:21,04:16,19:46,"35,2",,,
2025-Feb-23,23:14,23:39,00:08,00:38,"8,3","5,6",67,00:38,06:11,08:58,09:28,09:58,10:22,05:10,20:40,"25,8",,,
2025-Feb-24,23:13,23:38,00:07,00:37,"8,4","6,7",80,00:36,07:18,08:59,09:29,09:59,10:23,06:12,21:29,"17,3",,,
2025-Feb-25,23:12,23:36,00:06,00:36,"8,4","7,9",94,00:35,08:28,09:00,09:30,09:59,10:24,07:19,22:11,"9,9",,,
2025-Feb-26,23:11,23:35,00:05,00:34,"8,5","8,5",100,00:33,09:02,09:01,09:31,10:00,10:25,08:29,22:49,"4,3",,,
2025-Feb-27,23:10,23:34,00:03,00:33,"8,5","8,5",100,00:33,09:02,09:02,09:32,10:01,10:26,09:39,23:22,"0,9",,,
2025-Feb-28,23:08,23:33,00:02,00:32,"8,5","8,5",100,00:31,09:04,09:03,09:33,10:02,10:26,10:49,23:54,"0,1",,,
2025-Mar-01,23:07,23:32,00:01,00:30,"8,6","8,6",100,00:29,09:04,09:04,09:34,10:03,10:27,11:58,-,"2,0",,,
2025-Mar-02,23:06,23:31,00:00,00:29,"8,6","8,1",95,00:58,09:06,09:05,09:34,10:04,10:28,13:08,00:25,"6,7",,,
2025-Mar-03,23:05,23:29,23:58,00:28,"8,6","7,6",87,01:32,09:06,09:06,09:35,10:04,10:29,14:18,00:58,"13,8",,,
2025-Mar-04,23:04,23:28,23:57,00:26,"8,7","6,9",79,02:14,09:06,09:06,09:36,10:05,10:29,15:29,01:33,"22,9",,,
2025-Mar-05,23:02,23:27,23:56,00:25,"8,7","6,1",70,03:00,09:08,09:07,09:37,10:06,10:30,16:40,02:14,"33,2",,,
2025-Mar-06,23:01,23:26,23:54,00:24,"8,7","5,2",60,03:54,09:09,09:08,09:38,10:07,10:31,17:48,03:01,"44,2",,,
2025-Mar-07,23:00,23:24,23:53,00:22,"8,8","4,3",48,04:54,09:09,09:09,09:39,10:07,10:32,18:51,03:55,"55,3",,,
2025-Mar-08,22:59,23:23,23:52,00:21,"8,8","3,2",36,05:59,09:11,09:10,09:39,10:08,10:32,19:46,04:55,"65,8",,,
2025-Mar-09,22:57,23:22,23:51,00:20,"8,9","2,2",24,07:03,09:11,09:11,09:40,10:09,10:33,20:32,05:59,"75,5",,,
2025-Mar-10,22:56,23:21,23:49,00:18,"8,9","1,1",13,08:05,09:13,09:12,09:41,10:10,10:34,21:10,07:03,"83,9",,,
2025-Mar-11,22:55,23:19,23:48,00:17,"8,9","0,2",2,09:04,09:13,09:13,09:42,10:10,10:35,21:43,08:05,"90,7",,,
2025-Mar-12,22:54,23:18,23:47,00:16,"9,0","0,0",0,-,-,09:14,09:43,10:11,10:35,22:12,09:05,"95,7",,,
2025-Mar-13,22:52,23:17,23:45,00:14,"9,0","0,0",0,-,-,09:14,09:43,10:12,10:36,22:38,10:02,"98,8",,,
2025-Mar-14,22:51,23:16,23:44,00:13,"9,0","0,0",0,-,-,09:15,09:44,10:13,10:37,23:02,10:57,"100,0",,,
2025-Mar-15,22:50,23:14,23:43,00:11,"9,1","0,0",0,-,-,09:16,09:45,10:13,10:37,23:27,11:52,"99,2",,,
2025-Mar-16,22:49,23:13,23:41,00:10,"9,1","0,0",0,-,-,09:17,09:46,10:14,10:38,23:52,12:47,"96,6",,,
2025-Mar-17,22:47,23:12,23:40,00:09,"9,2","0,2",2,00:09,00:20,09:18,09:46,10:15,10:39,-,13:43,"92,3",,,
2025-Mar-18,22:46,23:10,23:39,00:07,"9,2","0,7",8,00:06,00:51,09:18,09:47,10:16,10:40,00:20,14:40,"86,5",,,
2025-Mar-19,22:45,23:09,23:38,00:06,"9,2","1,4",15,00:06,01:27,09:19,09:48,10:16,10:40,00:51,15:39,"79,3",,,
2025-Mar-20,22:44,23:08,23:36,00:05,"9,3","2,1",22,00:04,02:08,09:20,09:49,10:17,10:41,01:27,16:38,"71,0",,,
2025-Mar-21,22:42,23:07,23:35,00:03,"9,3","2,9",32,00:02,02:59,09:21,09:49,10:18,10:42,02:09,17:35,"61,9",,,
2025-Mar-22,22:41,23:05,23:34,00:02,"9,3","3,9",42,00:02,03:56,09:21,09:50,10:18,10:42,02:59,18:30,"52,1",,,
2025-Mar-23,22:40,23:04,23:32,00:01,"9,4","5,0",53,00:00,04:59,09:22,09:51,10:19,10:43,03:56,19:20,"42,0",,,
2025-Mar-24,22:38,23:03,23:31,23:59,"9,4","6,1",65,23:59,06:06,09:23,09:51,10:20,10:44,04:59,20:03,"31,9",,,
2025-Mar-25,22:37,23:02,23:30,23:58,"9,4","7,3",77,23:57,07:14,09:24,09:52,10:20,10:44,06:06,20:42,"22,3",,,
2025-Mar-26,22:36,23:00,23:28,23:57,"9,5","8,5",89,23:57,08:24,09:24,09:53,10:21,10:45,07:15,21:17,"13,8",,,
2025-Mar-27,22:35,22:59,23:27,23:56,"9,5","9,5",100,23:55,09:26,09:25,09:53,10:22,10:46,08:24,21:49,"6,9",,,
2025-Mar-28,22:33,22:58,23:26,23:54,"9,5","9,5",100,23:53,09:26,09:26,09:54,10:22,10:46,09:34,22:20,"2,1",,,
2025-Mar-29,22:32,22:56,23:25,23:53,"9,6","9,6",100,23:53,09:26,09:26,09:55,10:23,10:47,10:44,22:53,"0,1",,,
2025-Mar-30,22:31,22:55,23:23,23:52,"9,6","9,6",100,23:51,09:27,09:27,09:55,10:24,10:48,11:55,23:28,"0,9",,,
2025-Mar-31,22:30,22:54,23:22,23:50,"9,6","9,3",97,00:08,09:27,09:28,09:56,10:24,10:48,13:9,-,"4,7",,,
2025-Apr-01,22:28,22:53,23:21,23:49,"9,7","8,6",89,00:54,09:29,09:28,09:57,10:25,10:49,14:23,00:08,"11,1",,,
2025-Apr-02,22:27,22:51,23:20,23:48,"9,7","7,7",80,01:47,09:29,09:29,09:57,10:26,10:50,15:35,00:54,"19,5",,,
2025-Apr-03,22:26,22:50,23:18,23:47,"9,7","6,7",69,02:46,09:29,09:30,09:58,10:26,10:50,16:43,01:47,"29,3",,,
2025-Apr-04,22:25,22:49,23:17,23:45,"9,8","5,7",58,03:51,09:31,09:30,09:59,10:27,10:51,17:41,02:47,"39,9",,,
2025-Apr-05,22:23,22:48,23:16,23:44,"9,8","4,6",47,04:56,09:31,09:31,09:59,10:28,10:52,18:31,03:51,"50,7",,,
2025-Apr-06,22:22,22:47,23:15,23:43,"9,8","3,6",36,05:59,09:31,09:32,10:00,10:28,10:52,19:12,04:56,"61,2",,,
2025-Apr-07,22:21,22:45,23:14,23:42,"9,8","2,6",26,06:58,09:33,09:32,10:01,10:29,10:53,19:46,05:59,"70,9",,,
2025-Apr-08,22:20,22:44,23:12,23:41,"9,9","1,6",17,07:56,09:33,09:33,10:01,10:29,10:54,20:16,06:59,"79,6",,,
2025-Apr-09,22:19,22:43,23:11,23:40,"9,9","0,7",7,08:51,09:33,09:34,10:02,10:30,10:54,20:42,07:56,"86,9",,,
2025-Apr-10,22:17,22:42,23:10,23:38,"9,9","0,0",0,-,-,09:34,10:02,10:31,10:55,21:07,08:52,"92,8",,,
2025-Apr-11,22:16,22:41,23:09,23:37,"10,0","0,0",0,-,-,09:35,10:03,10:31,10:56,21:31,09:46,"97,0",,,
2025-Apr-12,22:15,22:39,23:08,23:36,"10,0","0,0",0,-,-,09:35,10:04,10:32,10:56,21:56,10:41,"99,4",,,
2025-Apr-13,22:14,22:38,23:07,23:35,"10,0","0,0",0,-,-,09:36,10:04,10:33,10:57,22:23,11:36,"99,9",,,
2025-Apr-14,22:13,22:37,23:06,23:34,"10,1","0,0",0,-,-,09:37,10:05,10:33,10:58,22:52,12:33,"98,7",,,
2025-Apr-15,22:12,22:36,23:05,23:33,"10,1","0,0",0,-,-,09:37,10:06,10:34,10:58,23:27,13:31,"95,6",,,
2025-Apr-16,22:10,22:35,23:03,23:32,"10,1","0,6",6,23:32,00:06,09:38,10:06,10:35,10:59,-,14:30,"90,8",,,
2025-Apr-17,22:09,22:34,23:02,23:31,"10,1","1,4",14,23:30,00:53,09:38,10:07,10:35,11:00,00:07,15:28,"84,5",,,
2025-Apr-18,22:08,22:33,23:01,23:30,"10,2","2,3",22,23:30,01:47,09:39,10:07,10:36,11:00,00:53,16:23,"76,8",,,
2025-Apr-19,22:07,22:32,23:00,23:29,"10,2","3,3",32,23:28,02:46,09:40,10:08,10:37,11:01,01:47,17:14,"67,9",,,
2025-Apr-20,22:06,22:31,22:59,23:28,"10,2","4,4",43,23:28,03:51,09:40,10:09,10:37,11:02,02:47,17:59,"58,2",,,
2025-Apr-21,22:05,22:30,22:58,23:27,"10,2","5,5",54,23:26,04:56,09:41,10:09,10:38,11:02,03:51,18:38,"47,8",,,
2025-Apr-22,22:04,22:29,22:57,23:26,"10,3","6,6",65,23:26,06:02,09:41,10:10,10:38,11:03,04:57,19:13,"37,2",,,
2025-Apr-23,22:03,22:28,22:56,23:25,"10,3","7,8",75,23:24,07:09,09:42,10:10,10:39,11:04,06:03,19:45,"26,9",,,
2025-Apr-24,22:02,22:27,22:55,23:24,"10,3","8,9",86,23:24,08:19,09:43,10:11,10:40,11:04,07:10,20:16,"17,5",,,
2025-Apr-25,22:01,22:26,22:54,23:23,"10,3","10,1",98,23:23,09:29,09:43,10:12,10:40,11:05,08:19,20:47,"9,5",,,
2025-Apr-26,22:00,22:25,22:53,23:22,"10,4","10,4",100,23:21,09:44,09:44,10:12,10:41,11:06,09:29,21:20,"3,7",,,
2025-Apr-27,21:59,22:24,22:52,23:21,"10,4","10,4",100,23:21,09:45,09:44,10:13,10:42,11:06,10:41,21:58,"0,6",,,
2025-Apr-28,21:58,22:23,22:52,23:20,"10,4","10,4",100,23:19,09:45,09:45,10:13,10:42,11:07,11:56,22:42,"0,4",,,
2025-Apr-29,21:57,22:22,22:51,23:19,"10,5","10,2",98,23:33,09:45,09:46,10:14,10:43,11:08,13:12,23:33,"3,2",,,
2025-Apr-30,21:56,22:21,22:50,23:18,"10,5","9,2",88,00:33,09:47,09:46,10:15,10:44,11:08,14:25,-,"8,6",,,
2025-May-01,21:55,22:20,22:49,23:18,"10,5","8,2",78,01:38,09:47,09:47,10:15,10:44,11:09,15:30,00:33,"16,1",,,
2025-May-02,21:54,22:19,22:48,23:17,"10,5","7,1",67,02:44,09:47,09:47,10:16,10:45,11:10,16:25,01:38,"25,2",,,
2025-May-03,21:53,22:18,22:47,23:16,"10,5","6,0",57,03:49,09:47,09:48,10:17,10:46,11:10,17:10,02:44,"35,3",,,
2025-May-04,21:53,22:17,22:47,23:15,"10,6","5,0",47,04:52,09:49,09:48,10:17,10:46,11:11,17:47,03:50,"45,6",,,
2025-May-05,21:52,22:17,22:46,23:15,"10,6","4,0",38,05:50,09:49,09:49,10:18,10:47,11:12,18:19,04:52,"55,9",,,
2025-May-06,21:51,22:16,22:45,23:14,"10,6","3,1",29,06:47,09:49,09:50,10:18,10:47,11:12,18:46,05:51,"65,6",,,
2025-May-07,21:50,22:15,22:44,23:13,"10,6","2,2",20,07:41,09:51,09:50,10:19,10:48,11:13,19:11,06:47,"74,6",,,
2025-May-08,21:49,22:14,22:44,23:13,"10,6","1,3",12,08:35,09:51,09:51,10:20,10:49,11:14,19:35,07:42,"82,5",,,
2025-May-09,21:49,22:14,22:43,23:12,"10,7","0,4",3,09:31,09:51,09:51,10:20,10:49,11:14,20:00,08:36,"89,1",,,
2025-May-10,21:48,22:13,22:42,23:11,"10,7","0,0",0,-,-,09:52,10:21,10:50,11:15,20:26,09:31,"94,3",,,
2025-May-11,21:47,22:12,22:42,23:11,"10,7","0,0",0,-,-,09:52,10:21,10:51,11:16,20:55,10:27,"97,8",,,
2025-May-12,21:47,22:12,22:41,23:10,"10,7","0,0",0,-,-,09:53,10:22,10:51,11:16,21:28,11:24,"99,7",,,
2025-May-13,21:46,22:11,22:40,23:09,"10,8","0,0",0,-,-,09:54,10:22,10:52,11:17,22:06,12:23,"99,6",,,
2025-May-14,21:45,22:10,22:40,23:09,"10,8","0,0",0,-,-,09:54,10:23,10:53,11:18,22:51,13:22,"97,7",,,
2025-May-15,21:45,22:10,22:39,23:08,"10,8","0,6",5,23:08,23:42,09:55,10:24,10:53,11:18,23:43,14:18,"94,0",,,
2025-May-16,21:44,22:09,22:39,23:08,"10,8","1,5",14,23:08,00:40,09:55,10:24,10:54,11:19,-,15:10,"88,5",,,
2025-May-17,21:43,22:09,22:38,23:07,"10,8","2,6",24,23:06,01:41,09:56,10:25,10:54,11:20,00:40,15:57,"81,3",,,
2025-May-18,21:43,22:08,22:38,23:07,"10,8","3,7",34,23:06,02:46,09:56,10:25,10:55,11:20,01:42,16:37,"72,7",,,
2025-May-19,21:42,22:08,22:37,23:07,"10,8","4,7",44,23:06,03:51,09:57,10:26,10:56,11:21,02:46,17:12,"63,0",,,
2025-May-20,21:42,22:07,22:37,23:06,"10,9","5,8",54,23:05,04:56,09:57,10:26,10:56,11:21,03:51,17:44,"52,4",,,
2025-May-21,21:41,22:07,22:36,23:06,"10,9","6,9",64,23:05,06:00,09:58,10:27,10:57,11:22,04:56,18:14,"41,4",,,
2025-May-22,21:41,22:06,22:36,23:05,"10,9","8,0",74,23:05,07:07,09:58,10:28,10:57,11:23,06:01,18:44,"30,6",,,
2025-May-23,21:40,22:06,22:36,23:05,"10,9","9,2",84,23:05,08:17,09:59,10:28,10:58,11:23,07:07,19:15,"20,6",,,
2025-May-24,21:40,22:05,22:35,23:05,"10,9","10,4",95,23:05,09:29,09:59,10:29,10:59,11:24,08:17,19:50,"11,9",,,
2025-May-25,21:40,22:05,22:35,23:04,"10,9","10,9",100,23:03,10:00,10:00,10:29,10:59,11:25,09:29,20:30,"5,3",,,
2025-May-26,21:39,22:05,22:35,23:04,"10,9","11,0",100,23:03,10:00,10:00,10:30,11:00,11:25,10:44,21:17,"1,3",,,
2025-May-27,21:39,22:04,22:34,23:04,"11,0","11,0",100,23:03,10:00,10:01,10:30,11:00,11:26,11:59,22:13,"0,2",,,
2025-May-28,21:39,22:04,22:34,23:04,"11,0","10,8",98,23:17,10:02,10:01,10:31,11:01,11:26,13:10,23:17,"1,9",,,
2025-May-29,21:38,22:04,22:34,23:03,"11,0","9,6",87,00:26,10:02,10:02,10:31,11:01,11:27,14:11,-,"6,3",,,
2025-May-30,21:38,22:03,22:34,23:03,"11,0","8,5",77,01:34,10:03,10:02,10:32,11:02,11:27,15:02,00:26,"12,9",,,
2025-May-31,21:38,22:03,22:33,23:03,"11,0","7,4",67,02:39,10:03,10:03,10:32,11:02,11:28,15:44,01:34,"21,0",,,
2025-Jun-01,21:38,22:03,22:33,23:03,"11,0","6,4",58,03:40,10:03,10:03,10:33,11:03,11:29,16:18,02:40,"30,2",,,
2025-Jun-02,21:37,22:03,22:33,23:03,"11,0","5,4",49,04:39,10:03,10:04,10:33,11:04,11:29,16:48,03:41,"40,0",,,
2025-Jun-03,21:37,22:03,22:33,23:03,"11,0","4,5",41,05:35,10:05,10:04,10:34,11:04,11:30,17:14,04:39,"50,0",,,
2025-Jun-04,21:37,22:03,22:33,23:03,"11,0","3,6",32,06:29,10:05,10:05,10:34,11:04,11:30,17:39,05:35,"59,7",,,
2025-Jun-05,21:37,22:02,22:33,23:03,"11,0","2,7",24,07:23,10:05,10:05,10:35,11:05,11:31,18:03,06:30,"68,9",,,
2025-Jun-06,21:37,22:02,22:33,23:02,"11,1","1,8",16,08:19,10:05,10:05,10:35,11:05,11:31,18:29,07:24,"77,3",,,
2025-Jun-07,21:37,22:02,22:33,23:02,"11,1","0,8",7,09:17,10:05,10:06,10:36,11:06,11:31,18:57,08:20,"84,7",,,
2025-Jun-08,21:37,22:02,22:33,23:02,"11,1","0,0",0,-,-,10:06,10:36,11:06,11:32,19:28,09:17,"90,9",,,
2025-Jun-09,21:37,22:02,22:33,23:02,"11,1","0,0",0,-,-,10:07,10:36,11:07,11:32,20:05,10:16,"95,6",,,
2025-Jun-10,21:37,22:02,22:33,23:02,"11,1","0,0",0,-,-,10:07,10:37,11:07,11:33,20:48,11:15,"98,6",,,
2025-Jun-11,21:37,22:02,22:33,23:03,"11,1","0,0",0,-,-,10:07,10:37,11:08,11:33,21:38,12:13,"99,8",,,
2025-Jun-12,21:37,22:02,22:33,23:03,"11,1","0,0",0,-,-,10:08,10:37,11:08,11:34,22:35,13:07,"99,0",,,
2025-Jun-13,21:37,22:02,22:33,23:03,"11,1","0,6",5,23:03,23:35,10:08,10:38,11:08,11:34,23:36,13:55,"96,2",,,
2025-Jun-14,21:37,22:02,22:33,23:03,"11,1","1,6",15,23:03,00:40,10:08,10:38,11:09,11:34,-,14:37,"91,4",,,
2025-Jun-15,21:37,22:02,22:33,23:03,"11,1","2,7",24,23:03,01:43,10:09,10:38,11:09,11:35,00:40,15:14,"84,8",,,
2025-Jun-16,21:37,22:03,22:33,23:03,"11,1","3,8",34,23:03,02:48,10:09,10:39,11:09,11:35,01:44,15:46,"76,4",,,
2025-Jun-17,21:37,22:03,22:33,23:03,"11,1","4,8",43,23:03,03:51,10:09,10:39,11:10,11:35,02:48,16:16,"66,6",,,
2025-Jun-18,21:37,22:03,22:34,23:03,"11,1","5,9",53,23:03,04:56,10:10,10:39,11:10,11:36,03:52,16:45,"55,9",,,
2025-Jun-19,21:38,22:03,22:34,23:04,"11,1","7,0",63,23:03,06:02,10:10,10:40,11:10,11:36,04:56,17:15,"44,6",,,
2025-Jun-20,21:38,22:03,22:34,23:04,"11,1","8,1",73,23:03,07:09,10:10,10:40,11:10,11:36,06:02,17:47,"33,5",,,
2025-Jun-21,21:38,22:04,22:34,23:04,"11,1","9,3",84,23:03,08:21,10:10,10:40,11:11,11:36,07:10,18:23,"23,1",,,
2025-Jun-22,21:38,22:04,22:34,23:04,"11,1","10,5",95,23:03,09:35,10:10,10:40,11:11,11:36,08:22,19:06,"14,0",,,
2025-Jun-23,21:38,22:04,22:35,23:05,"11,1","11,1",100,23:05,10:11,10:11,10:40,11:11,11:37,09:36,19:57,"6,9",,,
2025-Jun-24,21:39,22:04,22:35,23:05,"11,1","11,1",100,23:05,10:11,10:11,10:41,11:11,11:37,10:48,20:57,"2,2",,,
2025-Jun-25,21:39,22:05,22:35,23:05,"11,1","11,1",100,23:05,10:11,10:11,10:41,11:11,11:37,11:53,22:04,"0,3",,,
2025-Jun-26,21:39,22:05,22:36,23:05,"11,1","11,0",99,23:12,10:11,10:11,10:41,11:11,11:37,12:50,23:13,"1,0",,,
2025-Jun-27,21:40,22:05,22:36,23:06,"11,1","9,8",89,00:22,10:11,10:11,10:41,11:11,11:37,13:36,-,"4,2",,,
2025-Jun-28,21:40,22:06,22:36,23:06,"11,1","8,7",79,01:27,10:11,10:11,10:41,11:12,11:37,14:14,00:22,"9,6",,,
2025-Jun-29,21:40,22:06,22:36,23:06,"11,1","7,7",70,02:28,10:11,10:11,10:41,11:12,11:37,14:47,01:27,"16,7",,,
2025-Jun-30,21:41,22:06,22:37,23:07,"11,1","6,8",61,03:24,10:11,10:11,10:41,11:12,11:37,15:15,02:28,"25,0",,,
2025-Jul-01,21:41,22:07,22:37,23:07,"11,1","5,9",53,04:20,10:11,10:12,10:41,11:12,11:37,15:40,03:25,"34,1",,,
2025-Jul-02,21:42,22:07,22:38,23:07,"11,1","4,9",44,05:15,10:11,10:12,10:41,11:12,11:37,16:05,04:21,"43,6",,,
2025-Jul-03,21:42,22:08,22:38,23:08,"11,1","4,0",36,06:11,10:11,10:12,10:41,11:12,11:37,16:31,05:16,"53,2",,,
2025-Jul-04,21:42,22:08,22:38,23:08,"11,1","3,1",28,07:07,10:11,10:12,10:41,11:12,11:37,16:57,06:12,"62,6",,,
2025-Jul-05,21:43,22:08,22:39,23:09,"11,0","2,1",19,08:05,10:11,10:11,10:41,11:11,11:37,17:28,07:08,"71,5",,,
2025-Jul-06,21:43,22:09,22:39,23:09,"11,0","1,1",10,09:06,10:11,10:11,10:41,11:11,11:37,18:02,08:06,"79,7",,,
2025-Jul-07,21:44,22:09,22:40,23:09,"11,0","0,1",1,10:03,10:11,10:11,10:41,11:11,11:37,18:43,09:06,"86,8",,,
2025-Jul-08,21:44,22:10,22:40,23:10,"11,0","0,0",0,-,-,10:11,10:41,11:11,11:37,19:31,10:04,"92,7",,,
2025-Jul-09,21:45,22:10,22:41,23:10,"11,0","0,0",0,-,-,10:11,10:41,11:11,11:36,20:26,11:0,"96,9",,,
2025-Jul-10,21:45,22:11,22:41,23:11,"11,0","0,0",0,-,-,10:11,10:41,11:11,11:36,21:27,11:51,"99,4",,,
2025-Jul-11,21:46,22:11,22:41,23:11,"11,0","0,0",0,-,-,10:11,10:40,11:10,11:36,22:31,12:35,"99,7",,,
2025-Jul-12,21:46,22:12,22:42,23:12,"11,0","0,4",4,23:12,23:37,10:11,10:40,11:10,11:36,23:37,13:14,"97,9",,,
2025-Jul-13,21:47,22:12,22:42,23:12,"11,0","1,5",13,23:12,00:40,10:10,10:40,11:10,11:35,-,13:48,"93,7",,,
2025-Jul-14,21:47,22:13,22:43,23:12,"11,0","2,6",23,23:12,01:45,10:10,10:40,11:10,11:35,00:41,14:19,"87,4",,,
2025-Jul-15,21:48,22:13,22:43,23:13,"11,0","3,6",33,23:12,02:48,10:10,10:39,11:09,11:35,01:45,14:48,"79,2",,,
2025-Jul-16,21:49,22:14,22:44,23:13,"11,0","4,7",43,23:12,03:54,10:10,10:39,11:09,11:34,02:49,15:18,"69,4",,,
2025-Jul-17,21:49,22:14,22:44,23:14,"10,9","5,8",53,23:14,04:59,10:09,10:39,11:09,11:34,03:54,15:48,"58,5",,,
2025-Jul-18,21:50,22:15,22:45,23:14,"10,9","6,9",63,23:14,06:09,10:09,10:38,11:08,11:34,05:00,16:22,"47,1",,,
2025-Jul-19,21:50,22:16,22:45,23:15,"10,9","8,1",74,23:15,07:20,10:09,10:38,11:08,11:33,06:09,17:01,"35,8",,,
2025-Jul-20,21:51,22:16,22:46,23:15,"10,9","9,3",85,23:15,08:30,10:08,10:38,11:07,11:33,07:20,17:47,"25,2",,,
2025-Jul-21,21:51,22:17,22:47,23:16,"10,9","10,4",95,23:15,09:38,10:08,10:37,11:07,11:32,08:31,18:42,"15,9",,,
2025-Jul-22,21:52,22:17,22:47,23:16,"10,9","10,9",100,23:15,10:07,10:08,10:37,11:06,11:32,09:38,19:45,"8,5",,,
2025-Jul-23,21:53,22:18,22:48,23:17,"10,8","10,8",100,23:17,10:07,10:07,10:36,11:06,11:31,10:37,20:53,"3,3",,,
2025-Jul-24,21:53,22:18,22:48,23:17,"10,8","10,8",100,23:17,10:05,10:07,10:36,11:05,11:31,11:28,22:02,"0,6",,,
2025-Jul-25,21:54,22:19,22:49,23:18,"10,8","10,8",100,23:17,10:05,10:06,10:35,11:05,11:30,12:09,23:09,"0,3",,,
2025-Jul-26,21:54,22:20,22:49,23:18,"10,8","9,9",91,00:11,10:05,10:06,10:35,11:04,11:29,12:44,-,"2,4",,,
2025-Jul-27,21:55,22:20,22:50,23:19,"10,8","8,9",82,01:11,10:05,10:05,10:34,11:04,11:29,13:14,00:12,"6,6",,,
2025-Jul-28,21:56,22:21,22:50,23:19,"10,8","7,9",73,02:10,10:03,10:05,10:34,11:03,11:28,13:41,01:12,"12,5",,,
2025-Jul-29,21:56,22:21,22:51,23:20,"10,7","7,0",65,03:06,10:03,10:04,10:33,11:02,11:27,14:06,02:10,"19,8",,,
2025-Jul-30,21:57,22:22,22:51,23:20,"10,7","6,0",56,04:00,10:03,10:03,10:32,11:02,11:27,14:31,03:06,"28,1",,,
2025-Jul-31,21:58,22:23,22:52,23:21,"10,7","5,1",47,04:57,10:02,10:03,10:32,11:01,11:26,14:58,04:01,"37,0",,,
2025-Aug-01,21:58,22:23,22:53,23:21,"10,7","4,1",38,05:55,10:02,10:02,10:31,11:00,11:25,15:26,04:58,"46,4",,,
2025-Aug-02,21:59,22:24,22:53,23:22,"10,7","3,1",29,06:54,10:00,10:02,10:30,11:00,11:24,15:59,05:56,"55,9",,,
2025-Aug-03,21:59,22:24,22:54,23:23,"10,6","2,1",20,07:52,10:00,10:01,10:30,10:59,11:24,16:37,06:54,"65,2",,,
2025-Aug-04,22:00,22:25,22:54,23:23,"10,6","1,2",11,08:50,09:58,10:00,10:29,10:58,11:23,17:22,07:53,"74,1",,,
2025-Aug-05,22:01,22:26,22:55,23:24,"10,6","0,3",3,09:42,09:58,09:59,10:28,10:57,11:22,18:14,08:50,"82,2",,,
2025-Aug-06,22:01,22:26,22:55,23:24,"10,6","0,0",0,-,-,09:59,10:27,10:56,11:21,19:13,09:43,"89,2",,,
2025-Aug-07,22:02,22:27,22:56,23:25,"10,6","0,0",0,-,-,09:58,10:27,10:56,11:20,20:17,10:30,"94,7",,,
2025-Aug-08,22:03,22:27,22:56,23:25,"10,5","0,0",0,-,-,09:57,10:26,10:55,11:19,21:23,11:12,"98,4",,,
2025-Aug-09,22:03,22:28,22:57,23:26,"10,5","0,0",0,-,-,09:56,10:25,10:54,11:19,22:30,11:48,"99,9",,,
2025-Aug-10,22:04,22:29,22:58,23:26,"10,5","0,2",1,23:26,23:35,09:56,10:24,10:53,11:18,23:35,12:20,"99,0",,,
2025-Aug-11,22:04,22:29,22:58,23:27,"10,5","1,2",12,23:26,00:40,09:55,10:23,10:52,11:17,-,12:51,"95,5",,,
2025-Aug-12,22:05,22:30,22:59,23:27,"10,5","2,3",22,23:26,01:45,09:54,10:22,10:51,11:16,00:41,13:20,"89,6",,,
2025-Aug-13,22:06,22:30,22:59,23:28,"10,4","3,4",33,23:28,02:53,09:53,10:21,10:50,11:15,01:46,13:50,"81,5",,,
2025-Aug-14,22:06,22:31,23:00,23:28,"10,4","4,6",44,23:28,04:00,09:52,10:20,10:49,11:14,02:53,14:23,"71,7",,,
2025-Aug-15,22:07,22:32,23:00,23:29,"10,4","5,7",55,23:28,05:10,09:51,10:20,10:48,11:13,04:01,15:01,"60,8",,,
2025-Aug-16,22:07,22:32,23:01,23:29,"10,4","6,9",66,23:28,06:22,09:50,10:19,10:47,11:12,05:11,15:44,"49,3",,,
2025-Aug-17,22:08,22:33,23:01,23:30,"10,3","8,0",77,23:30,07:29,09:49,10:18,10:46,11:11,06:22,16:35,"38,0",,,
2025-Aug-18,22:09,22:33,23:02,23:30,"10,3","9,0",87,23:30,08:30,09:48,10:17,10:45,11:10,07:29,17:35,"27,4",,,
2025-Aug-19,22:09,22:34,23:03,23:31,"10,3","9,9",96,23:30,09:22,09:47,10:16,10:44,11:09,08:30,18:40,"18,0",,,
2025-Aug-20,22:10,22:34,23:03,23:31,"10,3","10,2",100,23:30,09:45,09:46,10:15,10:43,11:08,09:22,19:47,"10,4",,,
2025-Aug-21,22:10,22:35,23:04,23:32,"10,2","10,2",100,23:32,09:44,09:45,10:14,10:42,11:06,10:05,20:54,"4,7",,,
2025-Aug-22,22:11,22:36,23:04,23:33,"10,2","10,2",100,23:33,09:42,09:44,10:12,10:41,11:05,10:42,21:58,"1,3",,,
2025-Aug-23,22:12,22:36,23:05,23:33,"10,2","10,2",100,23:33,09:42,09:43,10:11,10:40,11:04,11:13,22:59,"0,0",,,
2025-Aug-24,22:12,22:37,23:05,23:34,"10,1","9,7",96,23:57,09:40,09:42,10:10,10:39,11:03,11:41,23:57,"1,0",,,
2025-Aug-25,22:13,22:37,23:06,23:34,"10,1","8,8",87,00:54,09:40,09:41,10:09,10:38,11:02,12:7,-,"3,9",,,
2025-Aug-26,22:13,22:38,23:06,23:35,"10,1","7,8",78,01:50,09:38,09:40,10:08,10:37,11:01,12:33,00:54,"8,6",,,
2025-Aug-27,22:14,22:39,23:07,23:35,"10,1","6,9",68,02:46,09:38,09:39,10:07,10:35,11:00,12:58,01:50,"14,8",,,
2025-Aug-28,22:15,22:39,23:08,23:36,"10,0","5,9",59,03:44,09:35,09:38,10:06,10:34,10:58,13:26,02:47,"22,2",,,
2025-Aug-29,22:15,22:40,23:08,23:36,"10,0","4,9",49,04:43,09:35,09:36,10:05,10:33,10:57,13:57,03:44,"30,5",,,
2025-Aug-30,22:16,22:40,23:09,23:37,"10,0","3,9",39,05:41,09:33,09:35,10:04,10:32,10:56,14:32,04:43,"39,5",,,
2025-Aug-31,22:16,22:41,23:09,23:38,"9,9","2,9",29,06:38,09:33,09:34,10:02,10:31,10:55,15:14,05:41,"48,9",,,
2025-Sep-01,22:17,22:41,23:10,23:38,"9,9","2,0",20,07:32,09:31,09:33,10:01,10:29,10:54,16:02,06:39,"58,5",,,
2025-Sep-02,22:18,22:42,23:10,23:39,"9,9","1,2",12,08:21,09:31,09:32,10:00,10:28,10:52,16:58,07:33,"68,0",,,
2025-Sep-03,22:18,22:43,23:11,23:39,"9,9","0,4",4,09:04,09:29,09:31,09:59,10:27,10:51,17:59,08:22,"77,0",,,
2025-Sep-04,22:19,22:43,23:12,23:40,"9,8","0,0",0,-,-,09:29,09:58,10:26,10:50,19:04,09:05,"85,1",,,
2025-Sep-05,22:19,22:44,23:12,23:40,"9,8","0,0",0,-,-,09:28,09:56,10:25,10:49,20:11,09:44,"91,9",,,
2025-Sep-06,22:20,22:44,23:13,23:41,"9,8","0,0",0,-,-,09:27,09:55,10:23,10:47,21:18,10:18,"96,9",,,
2025-Sep-07,22:21,22:45,23:13,23:41,"9,8","0,0",0,-,-,09:26,09:54,10:22,10:46,22:25,10:49,"99,6",,,
2025-Sep-08,22:21,22:46,23:14,23:42,"9,7","0,0",0,-,-,09:24,09:53,10:21,10:45,23:32,11:20,"99,7",,,
2025-Sep-09,22:22,22:46,23:14,23:43,"9,7","1,0",10,23:42,00:40,09:23,09:51,10:19,10:44,-,11:50,"97,0",,,
2025-Sep-10,22:22,22:47,23:15,23:43,"9,7","2,1",22,23:42,01:50,09:22,09:50,10:18,10:42,00:40,12:23,"91,6",,,
2025-Sep-11,22:23,22:47,23:16,23:44,"9,6","3,3",34,23:44,03:00,09:20,09:49,10:17,10:41,01:50,13:0,"83,7",,,
2025-Sep-12,22:24,22:48,23:16,23:44,"9,6","4,5",47,23:44,04:12,09:19,09:47,10:16,10:40,03:01,13:42,"74,1",,,
2025-Sep-13,22:24,22:48,23:17,23:45,"9,6","5,6",59,23:44,05:21,09:18,09:46,10:14,10:38,04:13,14:31,"63,3",,,
2025-Sep-14,22:25,22:49,23:17,23:46,"9,5","6,7",70,23:46,06:24,09:16,09:45,10:13,10:37,05:22,15:29,"51,9",,,
2025-Sep-15,22:25,22:50,23:18,23:46,"9,5","7,6",80,23:46,07:18,09:15,09:43,10:12,10:36,06:25,16:32,"40,7",,,
2025-Sep-16,22:26,22:50,23:19,23:47,"9,5","8,3",88,23:46,08:05,09:14,09:42,10:10,10:34,07:19,17:38,"30,2",,,
2025-Sep-17,22:27,22:51,23:19,23:48,"9,4","8,9",95,23:48,08:42,09:12,09:41,10:09,10:33,08:05,18:44,"20,8",,,
2025-Sep-18,22:27,22:51,23:20,23:48,"9,4","9,4",100,23:48,09:09,09:11,09:39,10:08,10:32,08:43,19:48,"12,9",,,
2025-Sep-19,22:28,22:52,23:20,23:49,"9,4","9,3",100,23:48,09:08,09:10,09:38,10:06,10:30,09:15,20:49,"6,8",,,
2025-Sep-20,22:28,22:53,23:21,23:50,"9,3","9,3",100,23:50,09:06,09:08,09:37,10:05,10:29,09:44,21:48,"2,6",,,
2025-Sep-21,22:29,22:53,23:22,23:50,"9,3","9,3",100,23:50,09:06,09:07,09:35,10:04,10:28,10:10,22:45,"0,4",,,
2025-Sep-22,22:30,22:54,23:22,23:51,"9,3","9,2",100,23:50,09:04,09:06,09:34,10:02,10:27,10:35,23:41,"0,1",,,
2025-Sep-23,22:30,22:55,23:23,23:52,"9,2","8,4",92,00:36,09:02,09:04,09:33,10:01,10:25,11:1,-,"1,8",,,
2025-Sep-24,22:31,22:55,23:24,23:52,"9,2","7,5",81,01:34,09:00,09:03,09:31,10:00,10:24,11:27,00:37,"5,3",,,
2025-Sep-25,22:31,22:56,23:24,23:53,"9,1","6,5",71,02:32,09:00,09:01,09:30,09:58,10:23,11:57,01:34,"10,3",,,
2025-Sep-26,22:32,22:56,23:25,23:54,"9,1","5,5",60,03:31,08:59,09:00,09:29,09:57,10:21,12:30,02:32,"16,7",,,
2025-Sep-27,22:33,22:57,23:26,23:54,"9,1","4,5",49,04:27,08:57,08:59,09:27,09:56,10:20,13:09,03:31,"24,2",,,
2025-Sep-28,22:33,22:58,23:26,23:55,"9,0","3,6",39,05:23,08:55,08:57,09:26,09:55,10:19,13:54,04:28,"32,7",,,
2025-Sep-29,22:34,22:58,23:27,23:56,"9,0","2,7",30,06:13,08:53,08:56,09:25,09:53,10:17,14:46,05:23,"41,9",,,
2025-Sep-30,22:35,22:59,23:28,23:57,"9,0","1,9",21,06:58,08:53,08:54,09:23,09:52,10:16,15:44,06:13,"51,6",,,
2025-Oct-01,22:35,23:00,23:28,23:57,"8,9","1,2",14,07:38,08:51,08:53,09:22,09:51,10:15,16:46,06:58,"61,5",,,
2025-Oct-02,22:36,23:00,23:29,23:58,"8,9","0,6",7,08:12,08:50,08:52,09:21,09:49,10:13,17:51,07:38,"71,3",,,
2025-Oct-03,22:37,23:01,23:30,23:59,"8,9","0,1",1,08:46,08:48,08:50,09:19,09:48,10:12,18:57,08:13,"80,4",,,
2025-Oct-04,22:37,23:02,23:30,00:00,"8,8","0,0",0,-,-,08:49,09:18,09:47,10:11,20:03,08:46,"88,4",,,
2025-Oct-05,22:38,23:02,23:31,00:00,"8,8","0,0",0,-,-,08:47,09:17,09:45,10:10,21:10,09:16,"94,7",,,
2025-Oct-06,22:39,23:03,23:32,00:01,"8,8","0,0",0,-,-,08:46,09:15,09:44,10:08,22:18,09:47,"98,7",,,
2025-Oct-07,22:39,23:04,23:33,00:02,"8,7","0,0",0,-,-,08:44,09:14,09:43,10:07,23:29,10:19,"99,9",,,
2025-Oct-08,22:40,23:04,23:33,00:03,"8,7","0,7",7,00:02,00:42,08:43,09:13,09:42,10:06,-,10:55,"98,2",,,
2025-Oct-09,22:41,23:05,23:34,00:04,"8,6","1,9",22,00:04,01:56,08:42,09:11,09:40,10:05,00:42,11:36,"93,5",,,
2025-Oct-10,22:41,23:06,23:35,00:05,"8,6","3,1",36,00:04,03:09,08:40,09:10,09:39,10:03,01:57,12:24,"86,2",,,
2025-Oct-11,22:42,23:07,23:36,00:05,"8,6","4,2",49,00:04,04:16,08:39,09:09,09:38,10:02,03:10,13:21,"77,0",,,
2025-Oct-12,22:43,23:07,23:37,00:06,"8,5","5,2",60,00:06,05:15,08:37,09:07,09:37,10:01,04:17,14:24,"66,5",,,
2025-Oct-13,22:44,23:08,23:37,00:07,"8,5","6,0",70,00:06,06:04,08:36,09:06,09:35,10:00,05:15,15:30,"55,5",,,
2025-Oct-14,22:44,23:09,23:38,00:08,"8,5","6,6",78,00:08,06:44,08:35,09:05,09:34,09:58,06:04,16:37,"44,5",,,
2025-Oct-15,22:45,23:10,23:39,00:09,"8,4","7,2",85,00:09,07:18,08:33,09:03,09:33,09:57,06:44,17:42,"34,1",,,
2025-Oct-16,22:46,23:10,23:40,00:10,"8,4","7,6",91,00:09,07:47,08:32,09:02,09:32,09:56,07:18,18:43,"24,7",,,
2025-Oct-17,22:47,23:11,23:41,00:11,"8,3","8,1",97,00:11,08:14,08:31,09:01,09:30,09:55,07:47,19:42,"16,5",,,
2025-Oct-18,22:47,23:12,23:42,00:12,"8,3","8,3",100,00:11,08:28,08:29,09:00,09:29,09:54,08:14,20:38,"9,8",,,
2025-Oct-19,22:48,23:13,23:42,00:13,"8,3","8,2",100,00:13,08:26,08:28,08:58,09:28,09:53,08:39,21:34,"4,8",,,
2025-Oct-20,22:49,23:14,23:43,00:14,"8,2","8,2",100,00:13,08:24,08:27,08:57,09:27,09:52,09:04,22:30,"1,6",,,
2025-Oct-21,22:50,23:14,23:44,00:15,"8,2","8,2",100,00:15,08:24,08:25,08:56,09:26,09:50,09:30,23:26,"0,1",,,
2025-Oct-22,22:50,23:15,23:45,00:16,"8,1","8,0",98,00:24,08:23,08:24,08:55,09:25,09:49,09:59,-,"0,5",,,
2025-Oct-23,22:51,23:16,23:46,00:17,"8,1","7,0",86,01:21,08:21,08:23,08:54,09:24,09:48,10:31,00:24,"2,6",,,
2025-Oct-24,22:52,23:17,23:47,00:18,"8,1","6,0",75,02:19,08:19,08:21,08:52,09:22,09:47,11:08,01:22,"6,4",,,
2025-Oct-25,22:53,23:18,23:48,00:19,"8,0","5,1",63,03:15,08:19,08:20,08:51,09:21,09:46,11:50,02:20,"11,7",,,
2025-Oct-26,22:54,23:19,23:49,00:20,"8,0","4,2",52,04:07,08:17,08:19,08:50,09:20,09:45,12:39,03:16,"18,4",,,
2025-Oct-27,22:54,23:19,23:50,00:21,"8,0","3,4",43,04:52,08:15,08:18,08:49,09:19,09:44,13:34,04:07,"26,3",,,
2025-Oct-28,22:55,23:20,23:51,00:22,"7,9","2,7",34,05:33,08:15,08:16,08:48,09:18,09:43,14:34,04:53,"35,2",,,
2025-Oct-29,22:56,23:21,23:52,00:23,"7,9","2,1",26,06:09,08:14,08:15,08:47,09:17,09:42,15:36,05:34,"44,9",,,
2025-Oct-30,22:57,23:22,23:53,00:24,"7,8","1,5",19,06:42,08:12,08:14,08:46,09:16,09:41,16:39,06:10,"55,0",,,
2025-Oct-31,22:58,23:23,23:53,00:25,"7,8","1,0",13,07:12,08:12,08:13,08:45,09:15,09:40,17:43,06:42,"65,3",,,
2025-Nov-01,22:59,23:24,23:54,00:26,"7,8","0,5",6,07:41,08:10,08:12,08:44,09:14,09:39,18:47,07:13,"75,3",,,
2025-Nov-02,23:00,23:25,23:55,00:27,"7,7","0,0",0,-,-,08:10,08:43,09:13,09:38,19:54,07:42,"84,3",,,
2025-Nov-03,23:00,23:26,23:56,00:29,"7,7","0,0",0,-,-,08:09,08:42,09:12,09:38,21:02,08:13,"91,8",,,
2025-Nov-04,23:01,23:26,23:57,00:30,"7,6","0,0",0,-,-,08:08,08:41,09:12,09:37,22:15,08:47,"97,1",,,
2025-Nov-05,23:02,23:27,23:58,00:31,"7,6","0,0",0,-,-,08:07,08:40,09:11,09:36,23:30,09:25,"99,6",,,
2025-Nov-06,23:03,23:28,23:59,00:32,"7,6","0,3",3,00:31,00:47,08:06,08:39,09:10,09:35,-,10:11,"99,1",,,
2025-Nov-07,23:04,23:29,00:00,00:33,"7,5","1,5",19,00:33,01:59,08:05,08:38,09:09,09:34,00:47,11:06,"95,4",,,
2025-Nov-08,23:05,23:30,00:01,00:34,"7,5","2,5",33,00:33,03:04,08:04,08:37,09:08,09:34,02:00,12:08,"89,1",,,
2025-Nov-09,23:06,23:31,00:03,00:35,"7,5","3,4",46,00:35,03:58,08:03,08:36,09:07,09:33,03:04,13:17,"80,7",,,
2025-Nov-10,23:07,23:32,00:04,00:37,"7,4","4,1",55,00:36,04:43,08:02,08:35,09:07,09:32,03:59,14:26,"70,9",,,
2025-Nov-11,23:08,23:33,00:05,00:38,"7,4","4,7",63,00:38,05:19,08:01,08:34,09:06,09:31,04:43,15:33,"60,4",,,
2025-Nov-12,23:08,23:34,00:06,00:39,"7,4","5,2",70,00:38,05:50,08:00,08:33,09:05,09:31,05:19,16:37,"49,7",,,
2025-Nov-13,23:09,23:35,00:07,00:40,"7,3","5,6",77,00:40,06:18,07:59,08:33,09:05,09:30,05:50,17:36,"39,5",,,
2025-Nov-14,23:10,23:36,00:08,00:41,"7,3","6,0",83,00:40,06:42,07:58,08:32,09:04,09:30,06:18,18:33,"29,9",,,
2025-Nov-15,23:11,23:37,00:09,00:42,"7,3","6,4",89,00:42,07:07,07:57,08:31,09:03,09:29,06:43,19:29,"21,4",,,
2025-Nov-16,23:12,23:38,00:10,00:44,"7,2","6,8",95,00:44,07:34,07:56,08:30,09:03,09:28,07:08,20:24,"14,1",,,
2025-Nov-17,23:13,23:39,00:11,00:45,"7,2","7,2",100,00:45,07:54,07:55,08:30,09:02,09:28,07:34,21:20,"8,1",,,
2025-Nov-18,23:14,23:40,00:12,00:46,"7,2","7,1",100,00:45,07:54,07:55,08:29,09:02,09:27,08:02,22:17,"3,8",,,
2025-Nov-19,23:15,23:41,00:13,00:47,"7,1","7,1",100,00:47,07:52,07:54,08:28,09:01,09:27,08:32,23:16,"1,1",,,
2025-Nov-20,23:16,23:41,00:14,00:48,"7,1","7,1",100,00:47,07:52,07:53,08:28,09:01,09:26,09:8,-,"0,1",,,
2025-Nov-21,23:17,23:42,00:15,00:49,"7,1","6,7",95,01:09,07:52,07:53,08:27,09:00,09:26,09:49,00:14,"0,9",,,
2025-Nov-22,23:18,23:43,00:16,00:51,"7,0","5,8",83,02:03,07:50,07:52,08:27,09:00,09:26,10:36,01:10,"3,4",,,
2025-Nov-23,23:19,23:44,00:17,00:52,"7,0","5,0",72,02:50,07:50,07:51,08:26,08:59,09:25,11:29,02:03,"7,6",,,
2025-Nov-24,23:19,23:45,00:18,00:53,"7,0","4,3",62,03:31,07:50,07:51,08:26,08:59,09:25,12:27,02:51,"13,4",,,
2025-Nov-25,23:20,23:46,00:19,00:54,"6,9","3,7",53,04:09,07:50,07:50,08:25,08:59,09:25,13:27,03:32,"20,6",,,
2025-Nov-26,23:21,23:47,00:20,00:55,"6,9","3,1",45,04:41,07:48,07:50,08:25,08:58,09:24,14:29,04:09,"29,1",,,
2025-Nov-27,23:22,23:48,00:21,00:56,"6,9","2,6",38,05:12,07:48,07:49,08:25,08:58,09:24,15:30,04:42,"38,6",,,
2025-Nov-28,23:23,23:49,00:22,00:57,"6,9","2,1",31,05:39,07:48,07:49,08:24,08:58,09:24,16:32,05:12,"48,9",,,
2025-Nov-29,23:24,23:50,00:23,00:58,"6,8","1,7",24,06:09,07:48,07:48,08:24,08:57,09:24,17:35,05:40,"59,5",,,
2025-Nov-30,23:25,23:51,00:24,01:00,"6,8","1,1",16,06:40,07:47,07:48,08:24,08:57,09:24,18:40,06:09,"70,1",,,
2025-Dec-01,23:26,23:52,00:25,01:01,"6,8","0,5",8,07:14,07:47,07:47,08:24,08:57,09:23,19:48,06:40,"80,0",,,
2025-Dec-02,23:26,23:52,00:26,01:02,"6,8","0,0",0,-,-,07:47,08:23,08:57,09:23,21:01,07:15,"88,5",,,
2025-Dec-03,23:27,23:53,00:27,01:03,"6,7","0,0",0,-,-,07:47,08:23,08:57,09:23,22:16,07:56,"95,0",,,
2025-Dec-04,23:28,23:54,00:28,01:04,"6,7","0,0",0,-,-,07:47,08:23,08:57,09:23,23:32,08:46,"98,8",,,
2025-Dec-05,23:29,23:55,00:29,01:05,"6,7","0,0",0,-,-,07:46,08:23,08:57,09:23,-,9:46,"99,6",,,
2025-Dec-06,23:30,23:56,00:29,01:06,"6,7","0,6",9,01:05,01:43,07:46,08:23,08:57,09:23,00:43,10:53,"97,4",,,
2025-Dec-07,23:30,23:56,00:30,01:06,"6,7","1,5",22,01:05,02:35,07:46,08:23,08:57,09:23,01:44,12:05,"92,3",,,
2025-Dec-08,23:31,23:57,00:31,01:07,"6,7","2,2",32,01:07,03:15,07:46,08:23,08:57,09:24,02:35,13:16,"85,1",,,
2025-Dec-09,23:32,23:58,00:32,01:08,"6,6","2,7",41,01:07,03:49,07:46,08:23,08:57,09:24,03:16,14:24,"76,2",,,
2025-Dec-10,23:33,23:59,00:33,01:09,"6,6","3,2",48,01:09,04:18,07:46,08:23,08:57,09:24,03:50,15:27,"66,5",,,
2025-Dec-11,23:33,00:00,00:33,01:10,"6,6","3,6",55,01:09,04:45,07:46,08:23,08:57,09:24,04:19,16:26,"56,3",,,
2025-Dec-12,23:34,00:00,00:34,01:11,"6,6","4,0",61,01:11,05:10,07:46,08:23,08:58,09:24,04:46,17:23,"46,2",,,
2025-Dec-13,23:35,00:01,00:35,01:11,"6,6","4,4",67,01:11,05:37,07:46,08:24,08:58,09:24,05:11,18:19,"36,5",,,
2025-Dec-14,23:35,00:02,00:36,01:12,"6,6","4,9",74,01:11,06:04,07:47,08:24,08:58,09:25,05:37,19:15,"27,6",,,
2025-Dec-15,23:36,00:02,00:36,01:13,"6,6","5,4",81,01:12,06:33,07:47,08:24,08:58,09:25,06:04,20:11,"19,6",,,
2025-Dec-16,23:37,00:03,00:37,01:14,"6,6","5,9",90,01:14,07:07,07:47,08:24,08:59,09:25,06:34,21:09,"12,7",,,
2025-Dec-17,23:37,00:03,00:38,01:14,"6,6","6,6",100,01:14,07:47,07:47,08:25,08:59,09:26,07:08,22:07,"7,2",,,
2025-Dec-18,23:38,00:04,00:38,01:15,"6,6","6,6",100,01:14,07:48,07:48,08:25,08:59,09:26,07:47,23:04,"3,2",,,
2025-Dec-19,23:38,00:05,00:39,01:15,"6,6","6,6",100,01:14,07:48,07:48,08:25,09:00,09:27,08:32,23:59,"0,8",,,
2025-Dec-20,23:39,00:05,00:39,01:16,"6,6","6,6",100,01:16,07:48,07:49,08:26,09:00,09:27,09:24,-,"0,1",,,
2025-Dec-21,23:39,00:06,00:40,01:16,"6,6","6,3",96,01:32,07:50,07:49,08:26,09:01,09:28,10:21,00:48,"1,3",,,
2025-Dec-22,23:40,00:06,00:40,01:17,"6,6","5,7",87,02:10,07:50,07:50,08:27,09:01,09:28,11:21,01:32,"4,3",,,
2025-Dec-23,23:40,00:07,00:41,01:17,"6,6","5,1",78,02:44,07:50,07:50,08:27,09:02,09:29,12:23,02:10,"9,2",,,
2025-Dec-24,23:41,00:07,00:41,01:18,"6,6","4,6",71,03:13,07:50,07:51,08:28,09:02,09:29,13:24,02:44,"15,7",,,
2025-Dec-25,23:41,00:07,00:41,01:18,"6,6","4,2",64,03:42,07:52,07:51,08:29,09:03,09:30,14:25,03:14,"23,7",,,
2025-Dec-26,23:42,00:08,00:42,01:18,"6,6","3,7",57,04:09,07:52,07:52,08:29,09:04,09:30,15:26,03:42,"33,0",,,
2025-Dec-27,23:42,00:08,00:42,01:19,"6,6","3,2",49,04:39,07:52,07:53,08:30,09:04,09:31,16:28,04:10,"43,3",,,
2025-Dec-28,23:42,00:08,00:42,01:19,"6,6","2,7",41,05:10,07:54,07:53,08:31,09:05,09:32,17:32,04:39,"54,2",,,
2025-Dec-29,23:43,00:09,00:43,01:19,"6,6","2,1",32,05:48,07:54,07:54,08:31,09:06,09:32,18:40,05:11,"65,2",,,
2025-Dec-30,23:43,00:09,00:43,01:19,"6,6","1,4",22,06:31,07:56,07:55,08:32,09:06,09:33,19:51,05:48,"75,7",,,
2025-Dec-31,23:43,00:09,00:43,01:19,"6,6","0,5",8,07:25,07:56,07:56,08:33,09:07,09:34,21:05,06:31,"85,1",,,
2026-Jan-01,23:43,00:09,00:43,01:19,"6,6","0,0",0,-,-,07:57,08:34,09:08,09:34,22:18,07:25,"92,5",,,
2026-Jan-02,23:43,00:09,00:43,01:19,"6,6","0,0",0,-,-,07:57,08:34,09:09,09:35,23:24,08:27,"97,5",,,
2026-Jan-03,23:44,00:10,00:43,01:19,"6,7","0,0",0,-,-,07:58,08:35,09:09,09:36,-,9:38,"99,7",,,
2026-Jan-04,23:44,00:10,00:43,01:19,"6,7","0,0",0,-,-,07:59,08:36,09:10,09:37,00:20,10:51,"99,0",,,
2026-Jan-05,23:44,00:10,00:43,01:19,"6,7","0,4",6,01:18,01:45,08:00,08:37,09:11,09:37,01:07,12:02,"95,5",,,
2026-Jan-06,23:44,00:10,00:43,01:19,"6,7","1,0",14,01:18,02:17,08:01,08:38,09:12,09:38,01:45,13:09,"89,6",,,
2026-Jan-07,23:44,00:10,00:43,01:19,"6,7","1,5",22,01:18,02:46,08:02,08:39,09:13,09:39,02:17,14:12,"82,0",,,
2026-Jan-08,23:44,00:10,00:43,01:19,"6,7","1,9",28,01:18,03:11,08:03,08:40,09:14,09:40,02:46,15:12,"73,2",,,
2026-Jan-09,23:44,00:10,00:43,01:19,"6,8","2,3",34,01:18,03:38,08:04,08:41,09:14,09:41,03:12,16:09,"63,7",,,
2026-Jan-10,23:44,00:10,00:43,01:18,"6,8","2,8",41,01:18,04:05,08:05,08:42,09:15,09:42,03:38,17:06,"54,0",,,
2026-Jan-11,23:44,00:09,00:43,01:18,"6,8","3,3",48,01:18,04:34,08:07,08:43,09:16,09:43,04:05,18:03,"44,3",,,
2026-Jan-12,23:43,00:09,00:42,01:18,"6,8","3,8",56,01:18,05:05,08:08,08:44,09:17,09:43,04:34,19:01,"35,0",,,
2026-Jan-13,23:43,00:09,00:42,01:17,"6,9","4,5",65,01:16,05:44,08:09,08:45,09:18,09:44,05:06,19:59,"26,3",,,
2026-Jan-14,23:43,00:09,00:42,01:17,"6,9","5,2",75,01:16,06:26,08:10,08:46,09:19,09:45,05:44,20:56,"18,5",,,
2026-Jan-15,23:43,00:09,00:42,01:16,"6,9","6,0",87,01:16,07:16,08:11,08:47,09:20,09:46,06:27,21:52,"11,8",,,
2026-Jan-16,23:43,00:08,00:41,01:16,"6,9","7,0",100,01:16,08:12,08:12,08:48,09:21,09:47,07:17,22:43,"6,4",,,
2026-Jan-17,23:42,00:08,00:41,01:15,"7,0","7,0",100,01:14,08:15,08:14,08:49,09:22,09:48,08:13,23:30,"2,5",,,
2026-Jan-18,23:42,00:08,00:40,01:15,"7,0","7,0",100,01:14,08:15,08:15,08:50,09:23,09:49,09:13,-,"0,4",,,
2026-Jan-19,23:42,00:07,00:40,01:14,"7,0","7,1",100,01:14,08:17,08:16,08:51,09:24,09:50,10:15,00:10,"0,2",,,
2026-Jan-20,23:41,00:07,00:39,01:14,"7,1","7,0",100,01:16,08:17,08:17,08:52,09:25,09:51,11:17,00:45,"2,0",,,
2026-Jan-21,23:41,00:06,00:39,01:13,"7,1","6,6",93,01:45,08:19,08:18,08:53,09:26,09:52,12:19,01:17,"5,8",,,
2026-Jan-22,23:40,00:06,00:38,01:12,"7,1","6,1",86,02:14,08:21,08:20,08:54,09:27,09:53,13:21,01:46,"11,6",,,
2026-Jan-23,23:40,00:06,00:38,01:12,"7,2","5,7",79,02:41,08:21,08:21,08:55,09:28,09:54,14:22,02:14,"19,2",,,
2026-Jan-24,23:40,00:05,00:37,01:11,"7,2","5,2",72,03:11,08:23,08:22,08:56,09:29,09:55,15:25,02:42,"28,4",,,
2026-Jan-25,23:39,00:05,00:36,01:10,"7,2","4,7",64,03:45,08:24,08:23,08:58,09:30,09:56,16:30,03:12,"38,7",,,
2026-Jan-26,23:39,00:04,00:36,01:09,"7,3","4,0",55,04:25,08:26,08:25,08:59,09:31,09:57,17:38,03:46,"49,8",,,
2026-Jan-27,23:38,00:03,00:35,01:09,"7,3","3,2",44,05:12,08:26,08:26,09:00,09:32,09:58,18:49,04:26,"61,0",,,
2026-Jan-28,23:37,00:03,00:34,01:08,"7,3","2,3",31,06:09,08:28,08:27,09:01,09:33,09:59,19:59,05:13,"71,9",,,
2026-Jan-29,23:37,00:02,00:34,01:07,"7,4","1,3",17,07:14,08:30,08:28,09:02,09:34,09:59,21:06,06:10,"81,7",,,
2026-Jan-30,23:36,00:01,00:33,01:06,"7,4","0,1",1,08:26,08:30,08:30,09:03,09:35,10:00,22:06,07:15,"89,9",,,
2026-Jan-31,23:35,00:01,00:32,01:05,"7,4","0,0",0,-,-,08:31,09:04,09:36,10:01,22:56,08:26,"95,8",,,
2026-Feb-01,23:35,00:00,00:31,01:04,"7,5","0,0",0,-,-,08:32,09:05,09:37,10:02,23:38,09:38,"99,2",,,
2026-Feb-02,23:34,23:59,00:30,01:03,"7,5","0,0",0,-,-,08:33,09:06,09:38,10:03,-,10:47,"99,8",,,
2026-Feb-03,23:33,23:58,00:30,01:02,"7,6","0,0",0,-,-,08:35,09:07,09:39,10:04,00:13,11:53,"97,9",,,
2026-Feb-04,23:33,23:58,00:29,01:01,"7,6","0,2",2,01:00,01:11,08:36,09:09,09:40,10:05,00:43,12:55,"93,7",,,
2026-Feb-05,23:32,23:57,00:28,01:00,"7,6","0,6",8,01:00,01:38,08:37,09:10,09:41,10:06,01:11,13:55,"87,5",,,
2026-Feb-06,23:31,23:56,00:27,00:59,"7,7","1,1",14,00:58,02:05,08:38,09:11,09:42,10:07,01:38,14:53,"79,9",,,
2026-Feb-07,23:30,23:55,00:26,00:58,"7,7","1,6",21,00:58,02:33,08:39,09:12,09:43,10:08,02:05,15:51,"71,3",,,
2026-Feb-08,23:29,23:54,00:25,00:57,"7,7","2,1",27,00:56,03:04,08:41,09:13,09:44,10:09,02:33,16:49,"62,1",,,
2026-Feb-09,23:28,23:53,00:24,00:56,"7,8","2,7",35,00:56,03:40,08:42,09:14,09:45,10:10,03:04,17:48,"52,6",,,
2026-Feb-10,23:28,23:52,00:23,00:55,"7,8","3,4",44,00:54,04:20,08:43,09:15,09:46,10:11,03:40,18:46,"43,1",,,
2026-Feb-11,23:27,23:52,00:22,00:53,"7,9","4,3",54,00:53,05:08,08:44,09:16,09:47,10:12,04:21,19:43,"33,9",,,
2026-Feb-12,23:26,23:51,00:21,00:52,"7,9","5,2",65,00:51,06:00,08:45,09:17,09:48,10:13,05:08,20:36,"25,2",,,
2026-Feb-13,23:25,23:50,00:20,00:51,"7,9","6,2",78,00:51,07:00,08:46,09:18,09:49,10:13,06:01,21:24,"17,4",,,
2026-Feb-14,23:24,23:49,00:19,00:50,"8,0","7,2",90,00:49,08:01,08:48,09:19,09:49,10:14,07:00,22:06,"10,7",,,
2026-Feb-15,23:23,23:48,00:18,00:49,"8,0","8,0",100,00:49,08:50,08:49,09:20,09:50,10:15,08:02,22:44,"5,3",,,
2026-Feb-16,23:22,23:47,00:17,00:47,"8,1","8,1",100,00:47,08:50,08:50,09:21,09:51,10:16,09:05,23:17,"1,7",,,
2026-Feb-17,23:21,23:46,00:15,00:46,"8,1","8,1",100,00:45,08:51,08:51,09:22,09:52,10:17,10:08,23:48,"0,1",,,
2026-Feb-18,23:20,23:45,00:14,00:45,"8,1","8,1",100,00:45,08:53,08:52,09:23,09:53,10:18,11:11,-,"0,6",,,
2026-Feb-19,23:19,23:43,00:13,00:44,"8,2","8,2",100,00:45,08:53,08:53,09:24,09:54,10:19,12:14,00:16,"3,4",,,
2026-Feb-20,23:18,23:42,00:12,00:42,"8,2","7,7",94,01:14,08:55,08:54,09:25,09:55,10:20,13:17,00:45,"8,5",,,
2026-Feb-21,23:17,23:41,00:11,00:41,"8,2","7,1",87,01:48,08:55,08:55,09:26,09:56,10:20,14:23,01:15,"15,7",,,
2026-Feb-22,23:15,23:40,00:10,00:40,"8,3","6,5",79,02:26,08:57,08:56,09:27,09:57,10:21,15:30,01:48,"24,6",,,
2026-Feb-23,23:14,23:39,00:08,00:39,"8,3","5,8",70,03:09,08:57,08:57,09:28,09:58,10:22,16:40,02:26,"34,9",,,
2026-Feb-24,23:13,23:38,00:07,00:37,"8,4","4,9",59,04:03,08:59,08:58,09:29,09:58,10:23,17:50,03:10,"46,0",,,
2026-Feb-25,23:12,23:37,00:06,00:36,"8,4","3,9",47,05:03,09:00,08:59,09:30,09:59,10:24,18:57,04:03,"57,4",,,
2026-Feb-26,23:11,23:36,00:05,00:35,"8,4","2,8",34,06:11,09:00,09:00,09:31,10:00,10:25,19:57,05:04,"68,4",,,
2026-Feb-27,23:10,23:34,00:04,00:33,"8,5","1,7",20,07:20,09:02,09:01,09:32,10:01,10:25,20:49,06:11,"78,5",,,
2026-Feb-28,23:09,23:33,00:02,00:32,"8,5","0,6",7,08:28,09:02,09:02,09:32,10:02,10:26,21:33,07:21,"87,0",,,
2026-Mar-01,23:07,23:32,00:01,00:31,"8,5","0,0",0,-,-,09:03,09:33,10:03,10:27,22:10,08:29,"93,6",,,
2026-Mar-02,23:06,23:31,00:00,00:29,"8,6","0,0",0,-,-,09:04,09:34,10:03,10:28,22:42,09:35,"98,0",,,
2026-Mar-03,23:05,23:30,23:59,00:28,"8,6","0,0",0,-,-,09:05,09:35,10:04,10:28,23:10,10:38,"99,9",,,
2026-Mar-04,23:04,23:28,23:57,00:27,"8,7","0,0",0,-,-,09:06,09:36,10:05,10:29,23:38,11:39,"99,4",,,
2026-Mar-05,23:03,23:27,23:56,00:25,"8,7","0,0",0,-,-,09:07,09:37,10:06,10:30,-,12:38,"96,7",,,
2026-Mar-06,23:01,23:26,23:55,00:24,"8,7","0,1",1,00:24,00:31,09:08,09:38,10:06,10:31,00:04,13:37,"92,1",,,
2026-Mar-07,23:00,23:25,23:53,00:23,"8,8","0,7",8,00:22,01:03,09:09,09:38,10:07,10:31,00:32,14:36,"85,8",,,
2026-Mar-08,22:59,23:23,23:52,00:21,"8,8","1,3",14,00:20,01:36,09:10,09:39,10:08,10:32,01:03,15:35,"78,3",,,
2026-Mar-09,22:58,23:22,23:51,00:20,"8,9","1,9",22,00:20,02:15,09:11,09:40,10:09,10:33,01:36,16:34,"69,8",,,
2026-Mar-10,22:57,23:21,23:50,00:19,"8,9","2,7",30,00:18,02:59,09:12,09:41,10:10,10:34,02:15,17:32,"60,7",,,
2026-Mar-11,22:55,23:20,23:48,00:17,"8,9","3,6",40,00:17,03:49,09:12,09:42,10:10,10:34,02:59,18:26,"51,3",,,
2026-Mar-12,22:54,23:18,23:47,00:16,"9,0","4,5",50,00:15,04:45,09:13,09:42,10:11,10:35,03:50,19:16,"41,8",,,
2026-Mar-13,22:53,23:17,23:46,00:15,"9,0","5,5",61,00:15,05:46,09:14,09:43,10:12,10:36,04:46,20:01,"32,5",,,
2026-Mar-14,22:52,23:16,23:44,00:13,"9,0","6,6",73,00:13,06:47,09:15,09:44,10:12,10:37,05:46,20:40,"23,7",,,
2026-Mar-15,22:50,23:15,23:43,00:12,"9,1","7,7",84,00:11,07:50,09:16,09:45,10:13,10:37,06:48,21:15,"15,7",,,
2026-Mar-16,22:49,23:13,23:42,00:10,"9,1","8,7",96,00:09,08:53,09:17,09:45,10:14,10:38,07:51,21:46,"9,0",,,
2026-Mar-17,22:48,23:12,23:40,00:09,"9,1","9,2",100,00:09,09:18,09:17,09:46,10:15,10:39,08:54,22:16,"3,9",,,
2026-Mar-18,22:46,23:11,23:39,00:08,"9,2","9,2",100,00:08,09:18,09:18,09:47,10:15,10:39,09:58,22:45,"0,8",,,
2026-Mar-19,22:45,23:09,23:38,00:06,"9,2","9,2",100,00:06,09:20,09:19,09:48,10:16,10:40,11:03,23:15,"0,1",,,
2026-Mar-20,22:44,23:08,23:37,00:05,"9,3","9,3",100,00:04,09:20,09:20,09:48,10:17,10:41,12:09,23:47,"1,9",,,
2026-Mar-21,22:43,23:07,23:35,00:04,"9,3","9,0",97,00:24,09:20,09:20,09:49,10:17,10:41,13:18,-,"6,2",,,
2026-Mar-22,22:41,23:06,23:34,00:02,"9,3","8,2",88,01:07,09:22,09:21,09:50,10:18,10:42,14:29,00:24,"12,9",,,
2026-Mar-23,22:40,23:04,23:33,00:01,"9,4","7,4",79,01:59,09:22,09:22,09:50,10:19,10:43,15:41,01:08,"21,5",,,
2026-Mar-24,22:39,23:03,23:31,00:00,"9,4","6,4",68,02:57,09:22,09:23,09:51,10:19,10:44,16:50,01:59,"31,7",,,
2026-Mar-25,22:37,23:02,23:30,23:58,"9,4","5,4",57,04:03,09:24,09:23,09:52,10:20,10:44,17:53,02:58,"42,7",,,
2026-Mar-26,22:36,23:01,23:29,23:57,"9,5","4,2",45,05:10,09:24,09:24,09:53,10:21,10:45,18:47,04:03,"54,0",,,
2026-Mar-27,22:35,22:59,23:28,23:56,"9,5","3,1",33,06:18,09:24,09:25,09:53,10:21,10:46,19:32,05:11,"65,0",,,
2026-Mar-28,22:34,22:58,23:26,23:55,"9,5","2,0",21,07:25,09:26,09:25,09:54,10:22,10:46,20:10,06:19,"75,2",,,
2026-Mar-29,22:32,22:57,23:25,23:53,"9,6","1,0",10,08:26,09:26,09:26,09:55,10:23,10:47,20:43,07:25,"84,0",,,
2026-Mar-30,22:31,22:55,23:24,23:52,"9,6","0,0",0,-,-,09:27,09:55,10:23,10:48,21:12,08:27,"91,0",,,
2026-Mar-31,22:30,22:54,23:22,23:51,"9,6","0,0",0,-,-,09:28,09:56,10:24,10:48,21:39,09:28,"96,1",,,
2026-Apr-01,22:29,22:53,23:21,23:49,"9,7","0,0",0,-,-,09:28,09:57,10:25,10:49,22:06,10:27,"99,1",,,
2026-Apr-02,22:27,22:52,23:20,23:48,"9,7","0,0",0,-,-,09:29,09:57,10:25,10:50,22:33,11:25,"99,9",,,
2026-Apr-03,22:26,22:51,23:19,23:47,"9,7","0,0",0,-,-,09:30,09:58,10:26,10:50,23:02,12:24,"98,7",,,
2026-Apr-04,22:25,22:49,23:18,23:46,"9,7","0,0",0,-,-,09:30,09:58,10:27,10:51,23:35,13:23,"95,5",,,
2026-Apr-05,22:24,22:48,23:16,23:45,"9,8","0,4",4,23:44,00:11,09:31,09:59,10:27,10:51,-,14:22,"90,5",,,
2026-Apr-06,22:22,22:47,23:15,23:43,"9,8","1,2",12,23:42,00:54,09:31,10:00,10:28,10:52,00:11,15:21,"84,2",,,
2026-Apr-07,22:21,22:46,23:14,23:42,"9,8","2,0",20,23:41,01:41,09:32,10:00,10:29,10:53,00:54,16:16,"76,6",,,
2026-Apr-08,22:20,22:44,23:13,23:41,"9,9","2,9",29,23:41,02:35,09:33,10:01,10:29,10:53,01:42,17:08,"68,1",,,
2026-Apr-09,22:19,22:43,23:12,23:40,"9,9","3,9",39,23:39,03:33,09:33,10:02,10:30,10:54,02:35,17:54,"58,9",,,
2026-Apr-10,22:18,22:42,23:10,23:39,"9,9","4,9",49,23:39,04:32,09:34,10:02,10:31,10:55,03:33,18:35,"49,3",,,
2026-Apr-11,22:16,22:41,23:09,23:37,"10,0","6,0",60,23:37,05:33,09:35,10:03,10:31,10:55,04:33,19:11,"39,5",,,
2026-Apr-12,22:15,22:40,23:08,23:36,"10,0","7,0",70,23:35,06:35,09:35,10:04,10:32,10:56,05:34,19:43,"30,0",,,
2026-Apr-13,22:14,22:39,23:07,23:35,"10,0","8,1",81,23:35,07:39,09:36,10:04,10:33,10:57,06:36,20:13,"21,0",,,
2026-Apr-14,22:13,22:37,23:06,23:34,"10,0","9,2",91,23:33,08:42,09:36,10:05,10:33,10:57,07:39,20:42,"13,1",,,
2026-Apr-15,22:12,22:36,23:05,23:33,"10,1","10,1",100,23:33,09:38,09:37,10:05,10:34,10:58,08:43,21:12,"6,6",,,
2026-Apr-16,22:11,22:35,23:04,23:32,"10,1","10,1",100,23:32,09:38,09:38,10:06,10:34,10:59,09:48,21:43,"2,2",,,
2026-Apr-17,22:10,22:34,23:03,23:31,"10,1","10,1",100,23:30,09:38,09:38,10:07,10:35,10:59,10:57,22:19,"0,2",,,
2026-Apr-18,22:09,22:33,23:02,23:30,"10,2","10,2",100,23:30,09:40,09:39,10:07,10:36,11:00,12:09,23:01,"0,9",,,
2026-Apr-19,22:07,22:32,23:01,23:29,"10,2","9,8",97,23:50,09:40,09:40,10:08,10:36,11:01,13:23,23:50,"4,4",,,
2026-Apr-20,22:06,22:31,22:59,23:28,"10,2","8,9",87,00:47,09:40,09:40,10:08,10:37,11:01,14:36,-,"10,5",,,
2026-Apr-21,22:05,22:30,22:58,23:27,"10,2","7,8",76,01:54,09:40,09:41,10:09,10:38,11:02,15:44,00:48,"18,8",,,
2026-Apr-22,22:04,22:29,22:57,23:26,"10,3","6,7",65,03:02,09:42,09:41,10:10,10:38,11:03,16:42,01:54,"28,7",,,
2026-Apr-23,22:03,22:28,22:56,23:25,"10,3","5,5",54,04:11,09:42,09:42,10:10,10:39,11:03,17:31,03:03,"39,4",,,
2026-Apr-24,22:02,22:27,22:56,23:24,"10,3","4,4",43,05:17,09:42,09:43,10:11,10:40,11:04,18:11,04:12,"50,6",,,
2026-Apr-25,22:01,22:26,22:55,23:23,"10,3","3,4",33,06:20,09:44,09:43,10:12,10:40,11:05,18:45,05:18,"61,4",,,
2026-Apr-26,22:00,22:25,22:54,23:22,"10,4","2,4",23,07:20,09:44,09:44,10:12,10:41,11:05,19:15,06:21,"71,5",,,
2026-Apr-27,21:59,22:24,22:53,23:21,"10,4","1,4",14,08:19,09:45,09:44,10:13,10:42,11:06,19:43,07:21,"80,5",,,
2026-Apr-28,21:58,22:23,22:52,23:20,"10,4","0,5",5,09:17,09:45,09:45,10:13,10:42,11:07,20:09,08:20,"87,9",,,
2026-Apr-29,21:57,22:22,22:51,23:19,"10,4","0,0",0,-,-,09:45,10:14,10:43,11:07,20:36,09:17,"93,7",,,
2026-Apr-30,21:56,22:21,22:50,23:19,"10,5","0,0",0,-,-,09:46,10:15,10:43,11:08,21:04,10:15,"97,6",,,
2026-May-01,21:55,22:20,22:49,23:18,"10,5","0,0",0,-,-,09:47,10:15,10:44,11:09,21:35,11:14,"99,6",,,
2026-May-02,21:55,22:19,22:48,23:17,"10,5","0,0",0,-,-,09:47,10:16,10:45,11:09,22:10,12:13,"99,6",,,
2026-May-03,21:54,22:18,22:48,23:16,"10,5","0,0",0,-,-,09:48,10:16,10:45,11:10,22:50,13:12,"97,8",,,
2026-May-04,21:53,22:18,22:47,23:15,"10,6","0,4",3,23:15,23:35,09:48,10:17,10:46,11:11,23:36,14:08,"94,1",,,
2026-May-05,21:52,22:17,22:46,23:15,"10,6","1,2",12,23:15,00:27,09:49,10:18,10:47,11:11,-,15:01,"88,9",,,
2026-May-06,21:51,22:16,22:45,23:14,"10,6","2,2",21,23:14,01:23,09:49,10:18,10:47,11:12,00:28,15:49,"82,3",,,
2026-May-07,21:50,22:15,22:45,23:13,"10,6","3,2",30,23:12,02:21,09:50,10:19,10:48,11:13,01:24,16:32,"74,4",,,
2026-May-08,21:50,22:15,22:44,23:13,"10,6","4,2",39,23:12,03:22,09:51,10:19,10:49,11:13,02:22,17:09,"65,6",,,
2026-May-09,21:49,22:14,22:43,23:12,"10,7","5,2",49,23:12,04:21,09:51,10:20,10:49,11:14,03:22,17:41,"56,0",,,
2026-May-10,21:48,22:13,22:42,23:11,"10,7","6,2",58,23:10,05:23,09:52,10:21,10:50,11:15,04:22,18:11,"46,0",,,
2026-May-11,21:47,22:12,22:42,23:11,"10,7","7,2",68,23:10,06:24,09:52,10:21,10:50,11:15,05:23,18:40,"35,9",,,
2026-May-12,21:47,22:12,22:41,23:10,"10,7","8,3",77,23:10,07:27,09:53,10:22,10:51,11:16,06:24,19:08,"26,1",,,
2026-May-13,21:46,22:11,22:41,23:10,"10,7","9,4",88,23:10,08:33,09:53,10:22,10:52,11:17,07:27,19:38,"17,1",,,
2026-May-14,21:45,22:10,22:40,23:09,"10,8","10,6",98,23:08,09:44,09:54,10:23,10:52,11:17,08:34,20:12,"9,5",,,
2026-May-15,21:45,22:10,22:39,23:09,"10,8","10,8",100,23:08,09:54,09:54,10:23,10:53,11:18,09:44,20:50,"3,9",,,
2026-May-16,21:44,22:09,22:39,23:08,"10,8","10,8",100,23:08,09:56,09:55,10:24,10:54,11:19,10:58,21:36,"0,7",,,
2026-May-17,21:44,22:09,22:38,23:08,"10,8","10,8",100,23:08,09:56,09:56,10:25,10:54,11:19,12:13,22:32,"0,4",,,
2026-May-18,21:43,22:08,22:38,23:07,"10,8","10,3",96,23:37,09:56,09:56,10:25,10:55,11:20,13:26,23:37,"3,1",,,
2026-May-19,21:42,22:08,22:37,23:07,"10,8","9,2",85,00:47,09:56,09:57,10:26,10:55,11:21,14:30,-,"8,5",,,
2026-May-20,21:42,22:07,22:37,23:06,"10,9","8,0",74,01:59,09:58,09:57,10:26,10:56,11:21,15:25,00:47,"16,1",,,
2026-May-21,21:41,22:07,22:37,23:06,"10,9","6,8",63,03:09,09:58,09:58,10:27,10:57,11:22,16:09,01:59,"25,5",,,
2026-May-22,21:41,22:06,22:36,23:05,"10,9","5,8",53,04:14,09:58,09:58,10:27,10:57,11:23,16:46,03:09,"35,9",,,
2026-May-23,21:41,22:06,22:36,23:05,"10,9","4,7",43,05:15,09:58,09:59,10:28,10:58,11:23,17:18,04:14,"46,6",,,
2026-May-24,21:40,22:05,22:35,23:05,"10,9","3,8",34,06:15,10:00,09:59,10:29,10:58,11:24,17:46,05:16,"57,3",,,
2026-May-25,21:40,22:05,22:35,23:04,"10,9","2,8",26,07:11,10:00,10:00,10:29,10:59,11:24,18:13,06:15,"67,3",,,
2026-May-26,21:39,22:05,22:35,23:04,"10,9","1,9",17,08:10,10:00,10:00,10:30,11:00,11:25,18:39,07:12,"76,4",,,
2026-May-27,21:39,22:04,22:34,23:04,"11,0","0,9",8,09:08,10:00,10:01,10:30,11:00,11:26,19:07,08:10,"84,3",,,
2026-May-28,21:39,22:04,22:34,23:04,"11,0","0,0",0,-,-,10:01,10:31,11:01,11:26,19:37,09:08,"90,7",,,
2026-May-29,21:38,22:04,22:34,23:03,"11,0","0,0",0,-,-,10:02,10:31,11:01,11:27,20:10,10:06,"95,5",,,
2026-May-30,21:38,22:03,22:34,23:03,"11,0","0,0",0,-,-,10:02,10:32,11:02,11:27,20:49,11:05,"98,6",,,
2026-May-31,21:38,22:03,22:33,23:03,"11,0","0,0",0,-,-,10:03,10:32,11:02,11:28,21:33,12:02,"99,8",,,
2026-Jun-01,21:38,22:03,22:33,23:03,"11,0","0,0",0,-,-,10:03,10:33,11:03,11:28,22:23,12:56,"99,2",,,
2026-Jun-02,21:37,22:03,22:33,23:03,"11,0","0,3",2,23:03,23:17,10:04,10:33,11:03,11:29,23:18,13:46,"96,8",,,
2026-Jun-03,21:37,22:03,22:33,23:03,"11,0","1,2",11,23:03,00:15,10:04,10:34,11:04,11:29,-,14:30,"92,6",,,
2026-Jun-04,21:37,22:03,22:33,23:03,"11,0","2,2",20,23:03,01:14,10:05,10:34,11:04,11:30,00:16,15:08,"86,8",,,
2026-Jun-05,21:37,22:02,22:33,23:03,"11,0","3,2",29,23:03,02:14,10:05,10:35,11:05,11:30,01:15,15:42,"79,6",,,
2026-Jun-06,21:37,22:02,22:33,23:02,"11,1","4,2",38,23:01,03:13,10:05,10:35,11:05,11:31,02:14,16:12,"71,1",,,
2026-Jun-07,21:37,22:02,22:33,23:02,"11,1","5,2",47,23:01,04:11,10:06,10:35,11:06,11:31,03:13,16:40,"61,6",,,
2026-Jun-08,21:37,22:02,22:33,23:02,"11,1","6,2",56,23:01,05:12,10:06,10:36,11:06,11:32,04:12,17:08,"51,4",,,
2026-Jun-09,21:37,22:02,22:33,23:02,"11,1","7,2",65,23:01,06:15,10:07,10:36,11:07,11:32,05:12,17:36,"40,9",,,
2026-Jun-10,21:37,22:02,22:33,23:02,"11,1","8,3",75,23:01,07:20,10:07,10:37,11:07,11:33,06:15,18:07,"30,4",,,
2026-Jun-11,21:37,22:02,22:33,23:03,"11,1","9,5",86,23:03,08:32,10:07,10:37,11:07,11:33,07:21,18:42,"20,6",,,
2026-Jun-12,21:37,22:02,22:33,23:03,"11,1","10,7",97,23:03,09:45,10:08,10:37,11:08,11:33,08:32,19:23,"12,1",,,
2026-Jun-13,21:37,22:02,22:33,23:03,"11,1","11,1",100,23:03,10:07,10:08,10:38,11:08,11:34,09:46,20:13,"5,5",,,
2026-Jun-14,21:37,22:02,22:33,23:03,"11,1","11,1",100,23:03,10:09,10:08,10:38,11:09,11:34,11:00,21:14,"1,4",,,
2026-Jun-15,21:37,22:02,22:33,23:03,"11,1","11,1",100,23:03,10:09,10:09,10:38,11:09,11:35,12:10,22:24,"0,2",,,
2026-Jun-16,21:37,22:03,22:33,23:03,"11,1","10,5",95,23:37,10:09,10:09,10:39,11:09,11:35,13:11,23:37,"1,9",,,
2026-Jun-17,21:37,22:03,22:33,23:03,"11,1","9,3",84,00:51,10:09,10:09,10:39,11:09,11:35,14:1,-,"6,5",,,
2026-Jun-18,21:37,22:03,22:33,23:03,"11,1","8,2",74,01:59,10:09,10:09,10:39,11:10,11:35,14:43,00:51,"13,4",,,
2026-Jun-19,21:37,22:03,22:34,23:04,"11,1","7,1",64,03:04,10:09,10:10,10:40,11:10,11:36,15:17,02:0,"22,0",,,
2026-Jun-20,21:38,22:03,22:34,23:04,"11,1","6,1",55,04:07,10:09,10:10,10:40,11:10,11:36,15:48,03:05,"31,8",,,
2026-Jun-21,21:38,22:03,22:34,23:04,"11,1","5,1",46,05:05,10:09,10:10,10:40,11:11,11:36,16:15,04:07,"42,1",,,
2026-Jun-22,21:38,22:04,22:34,23:04,"11,1","4,1",37,06:04,10:11,10:10,10:40,11:11,11:36,16:42,05:06,"52,4",,,
2026-Jun-23,21:38,22:04,22:35,23:04,"11,1","3,2",28,07:02,10:11,10:11,10:40,11:11,11:37,17:09,06:04,"62,4",,,
2026-Jun-24,21:39,22:04,22:35,23:05,"11,1","2,2",20,07:59,10:11,10:11,10:41,11:11,11:37,17:39,07:02,"71,7",,,
2026-Jun-25,21:39,22:05,22:35,23:05,"11,1","1,2",11,08:59,10:11,10:11,10:41,11:11,11:37,18:11,08:0,"80,0",,,
2026-Jun-26,21:39,22:05,22:35,23:05,"11,1","0,3",2,09:56,10:11,10:11,10:41,11:11,11:37,18:48,08:59,"87,1",,,
2026-Jun-27,21:40,22:05,22:36,23:06,"11,1","0,0",0,-,-,10:11,10:41,11:11,11:37,19:31,09:56,"92,8",,,
2026-Jun-28,21:40,22:05,22:36,23:06,"11,1","0,0",0,-,-,10:11,10:41,11:12,11:37,20:19,10:52,"96,9",,,
2026-Jun-29,21:40,22:06,22:36,23:06,"11,1","0,0",0,-,-,10:11,10:41,11:12,11:37,21:12,11:43,"99,3",,,
2026-Jun-30,21:41,22:06,22:37,23:07,"11,1","0,0",0,-,-,10:11,10:41,11:12,11:37,22:10,12:29,"99,8",,,
2026-Jul-01,21:41,22:07,22:37,23:07,"11,1","0,0",0,23:06,23:08,10:12,10:41,11:12,11:37,23:09,13:09,"98,6",,,
2026-Jul-02,21:41,22:07,22:37,23:07,"11,1","1,0",9,23:06,00:08,10:12,10:41,11:12,11:37,-,13:44,"95,4",,,
2026-Jul-03,21:42,22:07,22:38,23:08,"11,1","2,0",18,23:08,01:07,10:12,10:41,11:12,11:37,00:08,14:15,"90,4",,,
2026-Jul-04,21:42,22:08,22:38,23:08,"11,1","3,0",27,23:08,02:05,10:12,10:41,11:12,11:37,01:07,14:43,"83,7",,,
2026-Jul-05,21:43,22:08,22:39,23:08,"11,1","4,0",36,23:08,03:04,10:11,10:41,11:11,11:37,02:06,15:11,"75,6",,,
2026-Jul-06,21:43,22:09,22:39,23:09,"11,0","4,9",45,23:08,04:05,10:11,10:41,11:11,11:37,03:05,15:38,"66,1",,,
2026-Jul-07,21:44,22:09,22:40,23:09,"11,0","6,0",54,23:08,05:06,10:11,10:41,11:11,11:37,04:05,16:06,"55,8",,,
2026-Jul-08,21:44,22:10,22:40,23:10,"11,0","7,1",64,23:10,06:13,10:11,10:41,11:11,11:37,05:07,16:38,"44,9",,,
2026-Jul-09,21:45,22:10,22:40,23:10,"11,0","8,2",75,23:10,07:23,10:11,10:41,11:11,11:36,06:14,17:15,"33,9",,,
2026-Jul-10,21:45,22:11,22:41,23:11,"11,0","9,4",86,23:10,08:35,10:11,10:41,11:11,11:36,07:24,18:0,"23,5",,,
2026-Jul-11,21:46,22:11,22:41,23:11,"11,0","10,6",97,23:10,09:47,10:11,10:40,11:11,11:36,08:36,18:54,"14,4",,,
2026-Jul-12,21:46,22:12,22:42,23:11,"11,0","11,0",100,23:10,10:09,10:11,10:40,11:10,11:36,09:48,19:59,"7,1",,,
2026-Jul-13,21:47,22:12,22:42,23:12,"11,0","11,0",100,23:12,10:09,10:10,10:40,11:10,11:35,10:53,21:11,"2,2",,,
2026-Jul-14,21:47,22:13,22:43,23:12,"11,0","11,0",100,23:12,10:09,10:10,10:40,11:10,11:35,11:48,22:25,"0,1",,,
2026-Jul-15,21:48,22:13,22:43,23:13,"11,0","10,5",96,23:37,10:09,10:10,10:39,11:09,11:35,12:34,23:38,"1,0",,,
2026-Jul-16,21:48,22:14,22:44,23:13,"11,0","9,4",86,00:47,10:09,10:10,10:39,11:09,11:34,13:13,-,"4,6",,,
2026-Jul-17,21:49,22:14,22:44,23:14,"10,9","8,3",76,01:52,10:09,10:09,10:39,11:09,11:34,13:46,00:47,"10,5",,,
2026-Jul-18,21:50,22:15,22:45,23:14,"10,9","7,3",66,02:53,10:09,10:09,10:38,11:08,11:34,14:15,01:52,"18,3",,,
2026-Jul-19,21:50,22:15,22:45,23:15,"10,9","6,2",57,03:54,10:07,10:09,10:38,11:08,11:33,14:43,02:54,"27,2",,,
2026-Jul-20,21:51,22:16,22:46,23:15,"10,9","5,3",48,04:52,10:07,10:08,10:38,11:07,11:33,15:11,03:54,"36,9",,,
2026-Jul-21,21:51,22:17,22:46,23:16,"10,9","4,3",39,05:51,10:07,10:08,10:37,11:07,11:32,15:40,04:53,"46,9",,,
2026-Jul-22,21:52,22:17,22:47,23:16,"10,9","3,3",30,06:51,10:07,10:08,10:37,11:07,11:32,16:11,05:52,"56,8",,,
2026-Jul-23,21:53,22:18,22:47,23:17,"10,8","2,3",21,07:50,10:07,10:07,10:36,11:06,11:31,16:47,06:51,"66,2",,,
2026-Jul-24,21:53,22:18,22:48,23:17,"10,8","1,3",12,08:46,10:05,10:07,10:36,11:06,11:31,17:27,07:50,"74,9",,,
2026-Jul-25,21:54,22:19,22:49,23:18,"10,8","0,5",4,09:38,10:05,10:06,10:35,11:05,11:30,18:14,08:46,"82,7",,,
2026-Jul-26,21:54,22:19,22:49,23:18,"10,8","0,0",0,-,-,10:06,10:35,11:04,11:29,19:06,09:39,"89,3",,,
2026-Jul-27,21:55,22:20,22:50,23:19,"10,8","0,0",0,-,-,10:05,10:34,11:04,11:29,20:02,10:26,"94,5",,,
2026-Jul-28,21:56,22:21,22:50,23:19,"10,8","0,0",0,-,-,10:05,10:34,11:03,11:28,21:02,11:08,"98,0",,,
2026-Jul-29,21:56,22:21,22:51,23:20,"10,7","0,0",0,-,-,10:04,10:33,11:03,11:28,22:02,11:45,"99,8",,,
2026-Jul-30,21:57,22:22,22:51,23:20,"10,7","0,0",0,-,-,10:04,10:32,11:02,11:27,23:01,12:18,"99,6",,,
2026-Jul-31,21:57,22:22,22:52,23:21,"10,7","0,7",6,23:21,00:00,10:03,10:32,11:01,11:26,-,12:47,"97,4",,,
2026-Aug-01,21:58,22:23,22:52,23:21,"10,7","1,6",15,23:21,00:58,10:02,10:31,11:00,11:25,00:00,13:15,"93,2",,,
2026-Aug-02,21:59,22:24,22:53,23:22,"10,7","2,6",25,23:21,01:59,10:02,10:30,11:00,11:25,00:59,13:42,"87,0",,,
2026-Aug-03,21:59,22:24,22:54,23:22,"10,7","3,6",34,23:21,03:00,10:01,10:30,10:59,11:24,01:59,14:10,"79,1",,,
2026-Aug-04,22:00,22:25,22:54,23:23,"10,6","4,7",44,23:23,04:03,10:00,10:29,10:58,11:23,03:00,14:40,"69,7",,,
2026-Aug-05,22:00,22:25,22:55,23:23,"10,6","5,8",55,23:23,05:10,10:00,10:28,10:57,11:22,04:04,15:14,"59,1",,,
2026-Aug-06,22:01,22:26,22:55,23:24,"10,6","7,0",66,23:24,06:20,09:59,10:28,10:57,11:21,05:11,15:55,"48,0",,,
2026-Aug-07,22:02,22:27,22:56,23:24,"10,6","8,1",77,23:24,07:30,09:58,10:27,10:56,11:21,06:21,16:43,"36,7",,,
2026-Aug-08,22:02,22:27,22:56,23:25,"10,5","9,2",87,23:24,08:37,09:57,10:26,10:55,11:20,07:31,17:42,"26,0",,,
2026-Aug-09,22:03,22:28,22:57,23:26,"10,5","10,2",97,23:26,09:35,09:57,10:25,10:54,11:19,08:37,18:49,"16,4",,,
2026-Aug-10,22:04,22:28,22:57,23:26,"10,5","10,5",100,23:26,09:54,09:56,10:24,10:53,11:18,09:35,20:01,"8,7",,,
2026-Aug-11,22:04,22:29,22:58,23:27,"10,5","10,5",100,23:26,09:54,09:55,10:23,10:52,11:17,10:25,21:14,"3,2",,,
2026-Aug-12,22:05,22:30,22:59,23:27,"10,5","10,4",100,23:26,09:53,09:54,10:23,10:51,11:16,11:06,22:25,"0,4",,,
2026-Aug-13,22:05,22:30,22:59,23:28,"10,4","10,3",99,23:33,09:51,09:53,10:22,10:50,11:15,11:42,23:33,"0,3",,,
2026-Aug-14,22:06,22:31,23:00,23:28,"10,4","9,2",89,00:36,09:51,09:52,10:21,10:50,11:14,12:13,-,"2,8",,,
2026-Aug-15,22:07,22:31,23:00,23:29,"10,4","8,2",79,01:39,09:49,09:51,10:20,10:49,11:13,12:42,00:37,"7,6",,,
2026-Aug-16,22:07,22:32,23:01,23:29,"10,4","7,2",69,02:39,09:49,09:50,10:19,10:48,11:12,13:10,01:39,"14,3",,,
2026-Aug-17,22:08,22:33,23:01,23:30,"10,3","6,1",59,03:40,09:47,09:49,10:18,10:47,11:11,13:39,02:40,"22,3",,,
2026-Aug-18,22:09,22:33,23:02,23:30,"10,3","5,1",50,04:39,09:47,09:48,10:17,10:46,11:10,14:10,03:40,"31,2",,,
2026-Aug-19,22:09,22:34,23:02,23:31,"10,3","4,1",40,05:39,09:45,09:47,10:16,10:44,11:09,14:44,04:40,"40,7",,,
2026-Aug-20,22:10,22:34,23:03,23:31,"10,3","3,1",30,06:38,09:45,09:46,10:15,10:43,11:08,15:23,05:40,"50,4",,,
2026-Aug-21,22:10,22:35,23:04,23:32,"10,2","2,2",22,07:32,09:44,09:45,10:14,10:42,11:07,16:08,06:38,"59,9",,,
2026-Aug-22,22:11,22:36,23:04,23:32,"10,2","1,4",13,08:21,09:42,09:44,10:13,10:41,11:06,16:58,07:32,"69,0",,,
2026-Aug-23,22:12,22:36,23:05,23:33,"10,2","0,6",6,09:06,09:42,09:43,10:12,10:40,11:04,17:53,08:22,"77,4",,,
2026-Aug-24,22:12,22:37,23:05,23:34,"10,1","0,0",0,-,-,09:42,10:11,10:39,11:03,18:51,09:06,"84,9",,,
2026-Aug-25,22:13,22:37,23:06,23:34,"10,1","0,0",0,-,-,09:41,10:09,10:38,11:02,19:51,09:44,"91,2",,,
2026-Aug-26,22:13,22:38,23:06,23:35,"10,1","0,0",0,-,-,09:40,10:08,10:37,11:01,20:52,10:18,"96,0",,,
2026-Aug-27,22:14,22:38,23:07,23:35,"10,1","0,0",0,-,-,09:39,10:07,10:36,11:00,21:52,10:49,"99,0",,,
2026-Aug-28,22:15,22:39,23:07,23:36,"10,0","0,0",0,-,-,09:38,10:06,10:34,10:59,22:52,11:17,"100,0",,,
2026-Aug-29,22:15,22:40,23:08,23:36,"10,0","0,3",3,23:35,23:51,09:37,10:05,10:33,10:58,23:52,11:45,"98,8",,,
2026-Aug-30,22:16,22:40,23:09,23:37,"10,0","1,3",13,23:37,00:53,09:36,10:04,10:32,10:56,-,12:13,"95,3",,,
2026-Aug-31,22:16,22:41,23:09,23:37,"10,0","2,3",23,23:37,01:56,09:34,10:03,10:31,10:55,00:53,12:43,"89,6",,,
2026-Sep-01,22:17,22:41,23:10,23:38,"9,9","3,4",34,23:37,03:02,09:33,10:01,10:30,10:54,01:57,13:16,"81,9",,,
2026-Sep-02,22:17,22:42,23:10,23:38,"9,9","4,6",46,23:37,04:11,09:32,10:00,10:29,10:53,03:03,13:54,"72,5",,,
2026-Sep-03,22:18,22:42,23:11,23:39,"9,9","5,7",58,23:39,05:21,09:31,09:59,10:27,10:51,04:12,14:40,"61,9",,,
2026-Sep-04,22:19,22:43,23:11,23:40,"9,8","6,8",69,23:39,06:26,09:30,09:58,10:26,10:50,05:21,15:34,"50,6",,,
2026-Sep-05,22:19,22:44,23:12,23:40,"9,8","7,8",79,23:39,07:25,09:28,09:57,10:25,10:49,06:27,16:36,"39,2",,,
2026-Sep-06,22:20,22:44,23:12,23:41,"9,8","8,6",88,23:41,08:17,09:27,09:55,10:24,10:48,07:26,17:45,"28,3",,,
2026-Sep-07,22:20,22:45,23:13,23:41,"9,8","9,3",96,23:41,09:00,09:26,09:54,10:22,10:46,08:18,18:56,"18,6",,,
2026-Sep-08,22:21,22:45,23:14,23:42,"9,7","9,7",100,23:41,09:22,09:25,09:53,10:21,10:45,09:01,20:06,"10,5",,,
2026-Sep-09,22:22,22:46,23:14,23:43,"9,7","9,7",100,23:42,09:22,09:23,09:52,10:20,10:44,09:38,21:14,"4,6",,,
2026-Sep-10,22:22,22:47,23:15,23:43,"9,7","9,6",100,23:42,09:20,09:22,09:50,10:18,10:43,10:11,22:19,"1,1",,,
2026-Sep-11,22:23,22:47,23:15,23:44,"9,6","9,6",100,23:44,09:18,09:21,09:49,10:17,10:41,10:40,23:22,"0,0",,,
2026-Sep-12,22:23,22:48,23:16,23:44,"9,6","8,9",93,00:24,09:18,09:19,09:48,10:16,10:40,11:9,-,"1,4",,,
2026-Sep-13,22:24,22:48,23:17,23:45,"9,6","7,9",82,01:25,09:17,09:18,09:46,10:15,10:39,11:38,00:24,"4,9",,,
2026-Sep-14,22:25,22:49,23:17,23:46,"9,5","6,8",72,02:26,09:15,09:17,09:45,10:13,10:37,12:08,01:25,"10,3",,,
2026-Sep-15,22:25,22:50,23:18,23:46,"9,5","5,8",61,03:26,09:13,09:15,09:44,10:12,10:36,12:41,02:26,"17,2",,,
2026-Sep-16,22:26,22:50,23:18,23:47,"9,5","4,8",51,04:25,09:13,09:14,09:42,10:11,10:35,13:19,03:27,"25,2",,,
2026-Sep-17,22:26,22:51,23:19,23:47,"9,4","3,8",40,05:21,09:11,09:13,09:41,10:09,10:33,14:01,04:26,"34,0",,,
2026-Sep-18,22:27,22:51,23:20,23:48,"9,4","2,9",31,06:13,09:09,09:11,09:40,10:08,10:32,14:49,05:22,"43,3",,,
2026-Sep-19,22:28,22:52,23:20,23:49,"9,4","2,2",23,07:00,09:09,09:10,09:38,10:07,10:31,15:42,06:14,"52,8",,,
2026-Sep-20,22:28,22:53,23:21,23:49,"9,3","1,4",15,07:41,09:06,09:09,09:37,10:05,10:29,16:39,07:0,"62,2",,,
2026-Sep-21,22:29,22:53,23:21,23:50,"9,3","0,8",9,08:17,09:06,09:07,09:36,10:04,10:28,17:38,07:41,"71,2",,,
2026-Sep-22,22:29,22:54,23:22,23:51,"9,3","0,3",3,08:48,09:04,09:06,09:34,10:03,10:27,18:38,08:17,"79,6",,,
2026-Sep-23,22:30,22:54,23:23,23:51,"9,2","0,0",0,-,-,09:04,09:33,10:01,10:26,19:39,08:48,"87,0",,,
2026-Sep-24,22:31,22:55,23:23,23:52,"9,2","0,0",0,-,-,09:03,09:32,10:00,10:24,20:39,09:18,"93,1",,,
2026-Sep-25,22:31,22:56,23:24,23:53,"9,2","0,0",0,-,-,09:02,09:30,09:59,10:23,21:40,09:46,"97,4",,,
2026-Sep-26,22:32,22:56,23:25,23:53,"9,1","0,0",0,-,-,09:00,09:29,09:57,10:22,22:42,10:14,"99,7",,,
2026-Sep-27,22:33,22:57,23:25,23:54,"9,1","0,0",0,-,-,08:59,09:28,09:56,10:20,23:46,10:44,"99,5",,,
2026-Sep-28,22:33,22:58,23:26,23:55,"9,0","1,0",11,23:55,00:53,08:57,09:26,09:55,10:19,-,11:16,"96,9",,,
2026-Sep-29,22:34,22:58,23:27,23:56,"9,0","2,1",23,23:55,02:01,08:56,09:25,09:54,10:18,00:53,11:54,"91,8",,,
2026-Sep-30,22:34,22:59,23:27,23:56,"9,0","3,3",37,23:55,03:13,08:55,09:24,09:52,10:16,02:02,12:38,"84,4",,,
2026-Oct-01,22:35,23:00,23:28,23:57,"8,9","4,4",49,23:57,04:20,08:53,09:22,09:51,10:15,03:13,13:30,"75,2",,,
2026-Oct-02,22:36,23:00,23:29,23:58,"8,9","5,4",60,23:57,05:21,08:52,09:21,09:50,10:14,04:20,14:30,"64,7",,,
2026-Oct-03,22:36,23:01,23:30,23:59,"8,9","6,3",71,23:59,06:15,08:50,09:20,09:48,10:12,05:21,15:37,"53,4",,,
2026-Oct-04,22:37,23:02,23:30,23:59,"8,8","7,0",79,23:59,06:58,08:49,09:18,09:47,10:11,06:15,16:46,"42,0",,,
2026-Oct-05,22:38,23:02,23:31,00:00,"8,8","7,6",87,00:00,07:36,08:48,09:17,09:46,10:10,06:59,17:55,"31,1",,,
2026-Oct-06,22:38,23:03,23:32,00:01,"8,8","8,2",93,00:00,08:10,08:46,09:16,09:44,10:09,07:37,19:02,"21,3",,,
2026-Oct-07,22:39,23:04,23:32,00:02,"8,7","8,7",99,00:02,08:41,08:45,09:14,09:43,10:07,08:11,20:06,"13,0",,,
2026-Oct-08,22:40,23:04,23:33,00:03,"8,7","8,7",100,00:02,08:41,08:43,09:13,09:42,10:06,08:41,21:08,"6,6",,,
2026-Oct-09,22:41,23:05,23:34,00:04,"8,6","8,6",100,00:04,08:41,08:42,09:12,09:41,10:05,09:09,22:10,"2,3",,,
2026-Oct-10,22:41,23:06,23:35,00:04,"8,6","8,6",100,00:04,08:39,08:41,09:10,09:39,10:04,09:37,23:11,"0,3",,,
2026-Oct-11,22:42,23:06,23:36,00:05,"8,6","8,4",98,00:11,08:37,08:39,09:09,09:38,10:02,10:7,-,"0,4",,,
2026-Oct-12,22:43,23:07,23:36,00:06,"8,5","7,4",86,01:12,08:35,08:38,09:08,09:37,10:01,10:39,00:12,"2,6",,,
2026-Oct-13,22:43,23:08,23:37,00:07,"8,5","6,4",75,02:12,08:35,08:36,09:06,09:36,10:00,11:15,01:13,"6,7",,,
2026-Oct-14,22:44,23:09,23:38,00:08,"8,5","5,4",64,03:11,08:33,08:35,09:05,09:34,09:59,11:56,02:13,"12,3",,,
2026-Oct-15,22:45,23:09,23:39,00:09,"8,4","4,5",53,04:05,08:32,08:34,09:04,09:33,09:58,12:42,03:11,"19,2",,,
2026-Oct-16,22:46,23:10,23:40,00:10,"8,4","3,6",43,04:54,08:30,08:32,09:03,09:32,09:56,13:33,04:05,"27,2",,,
2026-Oct-17,22:46,23:11,23:40,00:11,"8,3","2,9",35,05:35,08:30,08:31,09:01,09:31,09:55,14:28,04:54,"35,9",,,
2026-Oct-18,22:47,23:12,23:41,00:12,"8,3","2,3",27,06:13,08:28,08:30,09:00,09:30,09:54,15:26,05:36,"45,2",,,
2026-Oct-19,22:48,23:13,23:42,00:13,"8,3","1,7",20,06:45,08:26,08:28,08:59,09:28,09:53,16:25,06:13,"54,7",,,
2026-Oct-20,22:49,23:13,23:43,00:14,"8,2","1,2",14,07:16,08:26,08:27,08:58,09:27,09:52,17:24,06:46,"64,2",,,
2026-Oct-21,22:49,23:14,23:44,00:15,"8,2","0,7",8,07:43,08:24,08:26,08:56,09:26,09:51,18:23,07:16,"73,4",,,
2026-Oct-22,22:50,23:15,23:45,00:16,"8,1","0,2",2,08:12,08:23,08:24,08:55,09:25,09:50,19:23,07:44,"81,9",,,
2026-Oct-23,22:51,23:16,23:46,00:17,"8,1","0,0",0,-,-,08:23,08:54,09:24,09:49,20:24,08:12,"89,2",,,
2026-Oct-24,22:52,23:17,23:47,00:18,"8,1","0,0",0,-,-,08:22,08:53,09:23,09:47,21:28,08:41,"94,9",,,
2026-Oct-25,22:53,23:17,23:48,00:19,"8,0","0,0",0,-,-,08:20,08:52,09:22,09:46,22:35,09:13,"98,6",,,
2026-Oct-26,22:53,23:18,23:48,00:20,"8,0","0,0",0,-,-,08:19,08:50,09:21,09:45,23:45,09:49,"99,8",,,
2026-Oct-27,22:54,23:19,23:49,00:21,"8,0","0,6",8,00:20,00:56,08:18,08:49,09:20,09:44,-,10:31,"98,2",,,
2026-Oct-28,22:55,23:20,23:50,00:22,"7,9","1,8",22,00:22,02:08,08:17,08:48,09:19,09:43,00:57,11:22,"93,9",,,
2026-Oct-29,22:56,23:21,23:51,00:23,"7,9","2,9",36,00:22,03:13,08:15,08:47,09:17,09:42,02:08,12:21,"87,1",,,
2026-Oct-30,22:57,23:22,23:52,00:24,"7,8","3,8",48,00:24,04:11,08:14,08:46,09:16,09:41,03:14,13:28,"78,2",,,
2026-Oct-31,22:58,23:23,23:53,00:25,"7,8","4,6",59,00:24,04:59,08:13,08:45,09:16,09:41,04:11,14:38,"67,8",,,
2026-Nov-01,22:58,23:24,23:54,00:26,"7,8","5,2",67,00:26,05:39,08:12,08:44,09:15,09:40,04:59,15:47,"56,7",,,
2026-Nov-02,22:59,23:24,23:55,00:27,"7,7","5,8",75,00:26,06:13,08:11,08:43,09:14,09:39,05:39,16:55,"45,5",,,
2026-Nov-03,23:00,23:25,23:56,00:28,"7,7","6,3",81,00:27,06:42,08:09,08:42,09:13,09:38,06:13,17:59,"34,7",,,
2026-Nov-04,23:01,23:26,23:57,00:29,"7,7","6,7",88,00:29,07:11,08:08,08:41,09:12,09:37,06:43,19:01,"24,8",,,
2026-Nov-05,23:02,23:27,23:58,00:31,"7,6","7,1",94,00:31,07:39,08:07,08:40,09:11,09:36,07:11,20:01,"16,3",,,
2026-Nov-06,23:03,23:28,23:59,00:32,"7,6","7,6",100,00:31,08:05,08:06,08:39,09:10,09:35,07:39,21:01,"9,4",,,
2026-Nov-07,23:04,23:29,00:00,00:33,"7,5","7,5",100,00:33,08:03,08:05,08:38,09:09,09:35,08:08,22:01,"4,4",,,
2026-Nov-08,23:05,23:30,00:01,00:34,"7,5","7,5",100,00:33,08:03,08:04,08:37,09:08,09:34,08:39,23:02,"1,3",,,
2026-Nov-09,23:06,23:31,00:02,00:35,"7,5","7,5",100,00:35,08:01,08:03,08:36,09:08,09:33,09:13,-,"0,1",,,
2026-Nov-10,23:06,23:32,00:03,00:36,"7,4","7,0",94,01:00,08:01,08:02,08:35,09:07,09:32,09:52,00:02,"0,9",,,
2026-Nov-11,23:07,23:33,00:04,00:37,"7,4","6,1",82,01:56,07:59,08:01,08:34,09:06,09:32,10:36,01:01,"3,6",,,
2026-Nov-12,23:08,23:34,00:05,00:39,"7,4","5,2",71,02:46,07:59,08:00,08:34,09:05,09:31,11:26,01:57,"7,9",,,
2026-Nov-13,23:09,23:35,00:06,00:40,"7,3","4,4",61,03:31,07:57,07:59,08:33,09:05,09:30,12:20,02:47,"13,6",,,
2026-Nov-14,23:10,23:36,00:07,00:41,"7,3","3,8",52,04:09,07:56,07:58,08:32,09:04,09:30,13:16,03:32,"20,6",,,
2026-Nov-15,23:11,23:37,00:08,00:42,"7,3","3,2",44,04:43,07:56,07:57,08:31,09:03,09:29,14:14,04:10,"28,6",,,
2026-Nov-16,23:12,23:37,00:10,00:43,"7,2","2,7",37,05:15,07:56,07:57,08:31,09:03,09:29,15:12,04:44,"37,5",,,
2026-Nov-17,23:13,23:38,00:11,00:45,"7,2","2,2",31,05:42,07:54,07:56,08:30,09:02,09:28,16:10,05:15,"47,0",,,
2026-Nov-18,23:14,23:39,00:12,00:46,"7,2","1,7",24,06:09,07:54,07:55,08:29,09:02,09:27,17:08,05:43,"56,7",,,
2026-Nov-19,23:15,23:40,00:13,00:47,"7,1","1,3",18,06:38,07:52,07:54,08:29,09:01,09:27,18:07,06:10,"66,5",,,
2026-Nov-20,23:16,23:41,00:14,00:48,"7,1","0,8",11,07:07,07:52,07:53,08:28,09:01,09:27,19:08,06:38,"76,0",,,
2026-Nov-21,23:17,23:42,00:15,00:49,"7,1","0,2",3,07:41,07:52,07:53,08:27,09:00,09:26,20:12,07:08,"84,5",,,
2026-Nov-22,23:17,23:43,00:16,00:50,"7,0","0,0",0,-,-,07:52,08:27,09:00,09:26,21:20,07:41,"91,7",,,
2026-Nov-23,23:18,23:44,00:17,00:51,"7,0","0,0",0,-,-,07:51,08:26,08:59,09:25,22:32,08:20,"96,9",,,
2026-Nov-24,23:19,23:45,00:18,00:53,"7,0","0,0",0,-,-,07:51,08:26,08:59,09:25,23:46,09:08,"99,5",,,
2026-Nov-25,23:20,23:46,00:19,00:54,"6,9","0,1",1,00:54,00:56,07:50,08:25,08:59,09:25,-,10:05,"99,2",,,
2026-Nov-26,23:21,23:47,00:20,00:55,"6,9","1,1",16,00:54,01:59,07:50,08:25,08:58,09:24,00:57,11:11,"96,0",,,
2026-Nov-27,23:22,23:48,00:21,00:56,"6,9","2,0",28,00:56,02:53,07:49,08:25,08:58,09:24,02:00,12:22,"90,0",,,
2026-Nov-28,23:23,23:49,00:22,00:57,"6,9","2,7",39,00:56,03:36,07:49,08:24,08:58,09:24,02:53,13:35,"81,7",,,
2026-Nov-29,23:24,23:50,00:23,00:58,"6,8","3,3",48,00:58,04:14,07:48,08:24,08:58,09:24,03:37,14:45,"71,8",,,
2026-Nov-30,23:25,23:50,00:24,00:59,"6,8","3,8",55,00:58,04:45,07:48,08:24,08:57,09:24,04:14,15:52,"61,1",,,
2026-Dec-01,23:25,23:51,00:25,01:00,"6,8","4,3",63,01:00,05:15,07:48,08:24,08:57,09:23,04:46,16:55,"50,1",,,
2026-Dec-02,23:26,23:52,00:26,01:01,"6,8","4,7",69,01:00,05:42,07:47,08:23,08:57,09:23,05:15,17:56,"39,4",,,
2026-Dec-03,23:27,23:53,00:27,01:02,"6,8","5,2",76,01:02,06:11,07:47,08:23,08:57,09:23,05:43,18:55,"29,5",,,
2026-Dec-04,23:28,23:54,00:27,01:03,"6,7","5,6",84,01:03,06:40,07:47,08:23,08:57,09:23,06:11,19:55,"20,6",,,
2026-Dec-05,23:29,23:55,00:28,01:04,"6,7","6,2",92,01:03,07:12,07:47,08:23,08:57,09:23,06:41,20:54,"13,2",,,
2026-Dec-06,23:29,23:56,00:29,01:05,"6,7","6,7",100,01:05,07:45,07:46,08:23,08:57,09:23,07:13,21:54,"7,3",,,
2026-Dec-07,23:30,23:56,00:30,01:06,"6,7","6,7",100,01:05,07:45,07:46,08:23,08:57,09:23,07:50,22:53,"3,1",,,
2026-Dec-08,23:31,23:57,00:31,01:07,"6,7","6,7",100,01:07,07:45,07:46,08:23,08:57,09:23,08:33,23:50,"0,7",,,
2026-Dec-09,23:32,23:58,00:32,01:08,"6,6","6,6",100,01:07,07:45,07:46,08:23,08:57,09:24,09:20,-,"0,1",,,
2026-Dec-10,23:33,23:59,00:33,01:09,"6,6","6,3",95,01:27,07:45,07:46,08:23,08:57,09:24,10:13,00:42,"1,3",,,
2026-Dec-11,23:33,23:59,00:33,01:10,"6,6","5,6",85,02:08,07:45,07:46,08:23,08:57,09:24,11:09,01:28,"4,2",,,
2026-Dec-12,23:34,00:00,00:34,01:11,"6,6","5,0",76,02:44,07:45,07:46,08:23,08:58,09:24,12:07,02:09,"8,7",,,
2026-Dec-13,23:35,00:01,00:35,01:11,"6,6","4,5",69,03:15,07:47,07:46,08:23,08:58,09:24,13:04,02:44,"14,7",,,
2026-Dec-14,23:35,00:01,00:35,01:12,"6,6","4,1",62,03:44,07:47,07:47,08:24,08:58,09:25,14:01,03:16,"21,9",,,
2026-Dec-15,23:36,00:02,00:36,01:13,"6,6","3,6",55,04:11,07:47,07:47,08:24,08:58,09:25,14:58,03:44,"30,3",,,
2026-Dec-16,23:37,00:03,00:37,01:13,"6,6","3,2",48,04:36,07:47,07:47,08:24,08:59,09:25,15:55,04:11,"39,5",,,
2026-Dec-17,23:37,00:03,00:37,01:14,"6,6","2,7",42,05:05,07:48,07:47,08:25,08:59,09:26,16:53,04:37,"49,5",,,
2026-Dec-18,23:38,00:04,00:38,01:15,"6,6","2,2",34,05:35,07:48,07:48,08:25,08:59,09:26,17:53,05:05,"59,7",,,
2026-Dec-19,23:38,00:04,00:39,01:15,"6,6","1,7",25,06:09,07:48,07:48,08:25,09:00,09:27,18:57,05:35,"69,9",,,
2026-Dec-20,23:39,00:05,00:39,01:16,"6,6","1,0",15,06:51,07:48,07:49,08:26,09:00,09:27,20:06,06:10,"79,5",,,
2026-Dec-21,23:39,00:05,00:40,01:16,"6,6","0,1",1,07:43,07:48,07:49,08:26,09:01,09:27,21:18,06:52,"87,9",,,
2026-Dec-22,23:40,00:06,00:40,01:17,"6,5","0,0",0,-,-,07:49,08:27,09:01,09:28,22:30,07:44,"94,5",,,
2026-Dec-23,23:40,00:06,00:41,01:17,"6,6","0,0",0,-,-,07:50,08:27,09:02,09:28,23:39,08:45,"98,6",,,
2026-Dec-24,23:41,00:07,00:41,01:18,"6,6","0,0",0,-,-,07:51,08:28,09:02,09:29,-,9:56,"99,8",,,
2026-Dec-25,23:41,00:07,00:41,01:18,"6,6","0,2",3,01:18,01:27,07:51,08:28,09:03,09:30,00:38,11:11,"97,9",,,
2026-Dec-26,23:41,00:08,00:42,01:18,"6,6","0,9",13,01:18,02:10,07:52,08:29,09:03,09:30,01:28,12:26,"93,0",,,
2026-Dec-27,23:42,00:08,00:42,01:19,"6,6","1,4",22,01:18,02:44,07:52,08:30,09:04,09:31,02:10,13:37,"85,7",,,
2026-Dec-28,23:42,00:08,00:42,01:19,"6,6","2,0",30,01:18,03:15,07:53,08:30,09:05,09:31,02:45,14:44,"76,5",,,
2026-Dec-29,23:42,00:09,00:43,01:19,"6,6","2,4",37,01:18,03:45,07:54,08:31,09:05,09:32,03:16,15:47,"66,4",,,
2026-Dec-30,23:43,00:09,00:43,01:19,"6,6","2,9",44,01:18,04:12,07:55,08:32,09:06,09:33,03:45,16:48,"55,7",,,
2026-Dec-31,23:43,00:09,00:43,01:19,"6,6","3,4",51,01:18,04:43,07:56,08:33,09:07,09:33,04:13,17:49,"45,2",,,
2027-Jan-01,23:43,00:09,00:43,01:19,"6,6","3,9",59,01:18,05:15,07:56,08:33,09:08,09:34,04:43,18:49,"35,2",,,
2027-Jan-02,23:43,00:09,00:43,01:19,"6,6","4,5",68,01:18,05:50,07:57,08:34,09:08,09:35,05:15,19:48,"26,1",,,
2027-Jan-03,23:43,00:10,00:43,01:19,"6,7","5,2",78,01:18,06:31,07:58,08:35,09:09,09:36,05:50,20:48,"18,0",,,
2027-Jan-04,23:44,00:10,00:43,01:19,"6,7","6,0",90,01:18,07:16,07:59,08:36,09:10,09:36,06:31,21:45,"11,3",,,
2027-Jan-05,23:44,00:10,00:43,01:19,"6,7","6,7",100,01:18,08:01,08:00,08:37,09:11,09:37,07:17,22:38,"6,0",,,
2027-Jan-06,23:44,00:10,00:43,01:19,"6,7","6,7",100,01:18,08:01,08:01,08:38,09:12,09:38,08:08,23:26,"2,4",,,
2027-Jan-07,23:44,00:10,00:43,01:19,"6,7","6,7",100,01:18,08:03,08:02,08:39,09:12,09:39,09:3,-,"0,4",,,
2027-Jan-08,23:44,00:10,00:43,01:19,"6,7","6,8",100,01:18,08:03,08:03,08:39,09:13,09:40,10:00,00:09,"0,2",,,
2027-Jan-09,23:44,00:10,00:43,01:19,"6,8","6,8",100,01:18,08:05,08:04,08:40,09:14,09:41,10:58,00:46,"1,7",,,
2027-Jan-10,23:44,00:10,00:43,01:18,"6,8","6,3",93,01:47,08:05,08:05,08:41,09:15,09:41,11:56,01:18,"4,9",,,
2027-Jan-11,23:44,00:09,00:43,01:18,"6,8","5,9",86,02:14,08:06,08:06,08:42,09:16,09:42,12:52,01:47,"9,8",,,
2027-Jan-12,23:43,00:09,00:42,01:18,"6,8","5,5",80,02:39,08:08,08:07,08:43,09:17,09:43,13:48,02:14,"16,2",,,
2027-Jan-13,23:43,00:09,00:42,01:17,"6,9","5,1",74,03:06,08:10,08:09,08:44,09:18,09:44,14:45,02:40,"24,0",,,
2027-Jan-14,23:43,00:09,00:42,01:17,"6,9","4,6",67,03:35,08:10,08:10,08:45,09:19,09:45,15:43,03:07,"33,0",,,
2027-Jan-15,23:43,00:09,00:42,01:17,"6,9","4,1",59,04:07,08:12,08:11,08:46,09:20,09:46,16:43,03:35,"42,9",,,
2027-Jan-16,23:43,00:08,00:41,01:16,"6,9","3,5",50,04:43,08:12,08:12,08:48,09:21,09:47,17:47,04:07,"53,5",,,
2027-Jan-17,23:42,00:08,00:41,01:16,"7,0","2,8",40,05:28,08:14,08:13,08:49,09:22,09:48,18:55,04:44,"64,2",,,
2027-Jan-18,23:42,00:08,00:40,01:15,"7,0","1,9",27,06:22,08:15,08:14,08:50,09:23,09:49,20:05,05:29,"74,6",,,
2027-Jan-19,23:42,00:07,00:40,01:14,"7,0","0,8",12,07:27,08:17,08:16,08:51,09:24,09:50,21:14,06:23,"84,0",,,
2027-Jan-20,23:41,00:07,00:39,01:14,"7,1","0,0",0,-,-,08:17,08:52,09:25,09:51,22:18,07:28,"91,8",,,
2027-Jan-21,23:41,00:07,00:39,01:13,"7,1","0,0",0,-,-,08:18,08:53,09:26,09:52,23:13,08:40,"97,2",,,
2027-Jan-22,23:41,00:06,00:38,01:13,"7,1","0,0",0,-,-,08:19,08:54,09:27,09:53,23:59,09:56,"99,8",,,
2027-Jan-23,23:40,00:06,00:38,01:12,"7,2","0,0",0,-,-,08:21,08:55,09:28,09:53,-,11:11,"99,3",,,
2027-Jan-24,23:40,00:05,00:37,01:11,"7,2","0,0",0,01:11,01:11,08:22,08:56,09:29,09:54,00:38,12:22,"95,8",,,
2027-Jan-25,23:39,00:05,00:37,01:10,"7,2","0,6",8,01:09,01:43,08:23,08:57,09:30,09:55,01:12,13:29,"89,7",,,
2027-Jan-26,23:39,00:04,00:36,01:10,"7,2","1,1",15,01:09,02:12,08:24,08:58,09:31,09:56,01:43,14:34,"81,6",,,
2027-Jan-27,23:38,00:03,00:35,01:09,"7,3","1,6",22,01:09,02:42,08:26,09:00,09:32,09:57,02:13,15:37,"72,3",,,
2027-Jan-28,23:37,00:03,00:35,01:08,"7,3","2,1",29,01:07,03:15,08:27,09:01,09:33,09:58,02:43,16:39,"62,2",,,
2027-Jan-29,23:37,00:02,00:34,01:07,"7,4","2,7",37,01:07,03:49,08:28,09:02,09:34,09:59,03:15,17:40,"52,0",,,
2027-Jan-30,23:36,00:02,00:33,01:06,"7,4","3,4",46,01:05,04:29,08:29,09:03,09:35,10:00,03:50,18:40,"42,0",,,
2027-Jan-31,23:36,00:01,00:32,01:05,"7,4","4,1",56,01:05,05:12,08:31,09:04,09:36,10:01,04:29,19:39,"32,6",,,
2027-Feb-01,23:35,00:00,00:31,01:04,"7,5","5,0",67,01:03,06:02,08:32,09:05,09:37,10:02,05:13,20:34,"24,0",,,
2027-Feb-02,23:34,23:59,00:31,01:03,"7,5","5,9",78,01:03,06:56,08:33,09:06,09:38,10:03,06:02,21:23,"16,4",,,
2027-Feb-03,23:33,23:59,00:30,01:02,"7,5","6,9",91,01:02,07:52,08:34,09:07,09:39,10:04,06:56,22:08,"10,1",,,
2027-Feb-04,23:33,23:58,00:29,01:01,"7,6","7,6",100,01:00,08:37,08:35,09:08,09:40,10:05,07:53,22:46,"5,2",,,
2027-Feb-05,23:32,23:57,00:28,01:00,"7,6","7,6",100,01:00,08:37,08:37,09:09,09:41,10:06,08:51,23:20,"1,8",,,
2027-Feb-06,23:31,23:56,00:27,00:59,"7,7","7,7",100,00:58,08:39,08:38,09:10,09:42,10:07,09:49,23:50,"0,2",,,
2027-Feb-07,23:30,23:55,00:26,00:58,"7,7","7,7",100,00:58,08:39,08:39,09:12,09:43,10:08,10:47,-,"0,3",,,
2027-Feb-08,23:29,23:55,00:25,00:57,"7,7","7,8",100,00:56,08:41,08:40,09:13,09:44,10:09,11:43,00:18,"2,3",,,
2027-Feb-09,23:29,23:54,00:24,00:56,"7,8","7,5",97,01:11,08:42,08:42,09:14,09:45,10:10,12:40,00:44,"6,1",,,
2027-Feb-10,23:28,23:53,00:23,00:55,"7,8","7,1",91,01:38,08:44,08:43,09:15,09:46,10:11,13:37,01:11,"11,8",,,
2027-Feb-11,23:27,23:52,00:22,00:54,"7,8","6,6",85,02:08,08:44,08:44,09:16,09:46,10:11,14:37,01:38,"19,0",,,
2027-Feb-12,23:26,23:51,00:21,00:53,"7,9","6,1",77,02:42,08:46,08:45,09:17,09:47,10:12,15:39,02:08,"27,7",,,
2027-Feb-13,23:25,23:50,00:20,00:51,"7,9","5,4",68,03:22,08:46,08:46,09:18,09:48,10:13,16:43,02:43,"37,6",,,
2027-Feb-14,23:24,23:49,00:19,00:50,"8,0","4,6",58,04:11,08:48,08:47,09:19,09:49,10:14,17:51,03:23,"48,3",,,
2027-Feb-15,23:23,23:48,00:18,00:49,"8,0","3,7",46,05:10,08:50,08:49,09:20,09:50,10:15,18:58,04:12,"59,3",,,
2027-Feb-16,23:22,23:47,00:17,00:48,"8,0","2,6",32,06:17,08:50,08:50,09:21,09:51,10:16,20:01,05:10,"70,2",,,
2027-Feb-17,23:21,23:46,00:16,00:47,"8,1","1,4",17,07:29,08:51,08:51,09:22,09:52,10:17,20:59,06:17,"80,3",,,
2027-Feb-18,23:20,23:45,00:15,00:45,"8,1","0,2",2,08:42,08:53,08:52,09:23,09:53,10:18,21:48,07:29,"88,9",,,
2027-Feb-19,23:19,23:44,00:13,00:44,"8,2","0,0",0,-,-,08:53,09:24,09:54,10:19,22:30,08:43,"95,3",,,
2027-Feb-20,23:18,23:43,00:12,00:43,"8,2","0,0",0,-,-,08:54,09:25,09:55,10:19,23:06,09:55,"99,1",,,
2027-Feb-21,23:17,23:42,00:11,00:42,"8,2","0,0",0,-,-,08:55,09:26,09:56,10:20,23:39,11:05,"99,9",,,
2027-Feb-22,23:16,23:40,00:10,00:40,"8,3","0,0",0,-,-,08:56,09:27,09:56,10:21,-,12:12,"97,9",,,
2027-Feb-23,23:15,23:39,00:09,00:39,"8,3","0,0",0,00:38,00:40,08:57,09:28,09:57,10:22,00:10,13:18,"93,2",,,
2027-Feb-24,23:14,23:38,00:08,00:38,"8,3","0,6",7,00:38,01:11,08:58,09:29,09:58,10:23,00:40,14:22,"86,5",,,
2027-Feb-25,23:12,23:37,00:06,00:36,"8,4","1,2",14,00:35,01:47,08:59,09:30,09:59,10:24,01:12,15:25,"78,3",,,
2027-Feb-26,23:11,23:36,00:05,00:35,"8,4","1,8",22,00:35,02:24,09:00,09:30,10:00,10:24,01:47,16:28,"69,1",,,
2027-Feb-27,23:10,23:35,00:04,00:34,"8,5","2,6",30,00:33,03:08,09:01,09:31,10:01,10:25,02:25,17:29,"59,4",,,
2027-Feb-28,23:09,23:33,00:03,00:32,"8,5","3,4",40,00:31,03:56,09:02,09:32,10:02,10:26,03:08,18:26,"49,6",,,
2027-Mar-01,23:08,23:32,00:01,00:31,"8,5","4,3",50,00:31,04:48,09:03,09:33,10:02,10:27,03:56,19:18,"40,0",,,
2027-Mar-02,23:07,23:31,00:00,00:30,"8,6","5,2",61,00:29,05:44,09:04,09:34,10:03,10:28,04:48,20:04,"30,9",,,
2027-Mar-03,23:05,23:30,23:59,00:28,"8,6","6,2",72,00:27,06:42,09:05,09:35,10:04,10:28,05:44,20:45,"22,6",,,
2027-Mar-04,23:04,23:29,23:58,00:27,"8,7","7,2",83,00:26,07:39,09:06,09:36,10:05,10:29,06:42,21:20,"15,2",,,
2027-Mar-05,23:03,23:27,23:56,00:26,"8,7","8,2",94,00:26,08:37,09:07,09:37,10:06,10:30,07:40,21:52,"9,1",,,
2027-Mar-06,23:02,23:26,23:55,00:24,"8,7","8,8",100,00:24,09:09,09:08,09:37,10:06,10:31,08:38,22:21,"4,4",,,
2027-Mar-07,23:01,23:25,23:54,00:23,"8,8","8,8",100,00:22,09:09,09:09,09:38,10:07,10:31,09:35,22:48,"1,3",,,
2027-Mar-08,22:59,23:24,23:52,00:22,"8,8","8,8",100,00:22,09:11,09:10,09:39,10:08,10:32,10:33,23:14,"0,1",,,
2027-Mar-09,22:58,23:23,23:51,00:20,"8,9","8,9",100,00:20,09:11,09:11,09:40,10:09,10:33,11:31,23:42,"0,8",,,
2027-Mar-10,22:57,23:21,23:50,00:19,"8,9","8,9",100,00:18,09:11,09:11,09:41,10:09,10:34,12:30,-,"3,6",,,
2027-Mar-11,22:56,23:20,23:49,00:18,"8,9","8,5",95,00:45,09:13,09:12,09:41,10:10,10:34,13:32,00:12,"8,4",,,
2027-Mar-12,22:54,23:19,23:47,00:16,"9,0","7,9",88,01:23,09:13,09:13,09:42,10:11,10:35,14:36,00:45,"15,1",,,
2027-Mar-13,22:53,23:17,23:46,00:15,"9,0","7,1",79,02:08,09:15,09:14,09:43,10:12,10:36,15:43,01:23,"23,6",,,
2027-Mar-14,22:52,23:16,23:45,00:13,"9,0","6,2",69,03:02,09:15,09:15,09:44,10:12,10:36,16:49,02:09,"33,4",,,
2027-Mar-15,22:51,23:15,23:43,00:12,"9,1","5,2",57,04:05,09:15,09:16,09:45,10:13,10:37,17:53,03:03,"44,2",,,
2027-Mar-16,22:49,23:14,23:42,00:11,"9,1","4,1",45,05:14,09:17,09:16,09:45,10:14,10:38,18:50,04:05,"55,4",,,
2027-Mar-17,22:48,23:12,23:41,00:09,"9,1","2,9",32,06:24,09:18,09:17,09:46,10:14,10:39,19:41,05:14,"66,6",,,
2027-Mar-18,22:47,23:11,23:39,00:08,"9,2","1,7",19,07:34,09:18,09:18,09:47,10:15,10:39,20:24,06:24,"77,0",,,
2027-Mar-19,22:45,23:10,23:38,00:07,"9,2","0,6",7,08:44,09:20,09:19,09:47,10:16,10:40,21:02,07:35,"86,1",,,
2027-Mar-20,22:44,23:09,23:37,00:05,"9,3","0,0",0,-,-,09:20,09:48,10:17,10:41,21:35,08:44,"93,2",,,
2027-Mar-21,22:43,23:07,23:36,00:04,"9,3","0,0",0,-,-,09:20,09:49,10:17,10:41,22:06,09:51,"97,9",,,
2027-Mar-22,22:42,23:06,23:34,00:03,"9,3","0,0",0,-,-,09:21,09:50,10:18,10:42,22:37,10:57,"99,9",,,
2027-Mar-23,22:40,23:05,23:33,00:01,"9,4","0,0",0,-,-,09:22,09:50,10:19,10:43,23:08,12:02,"99,2",,,
2027-Mar-24,22:39,23:03,23:32,00:00,"9,4","0,0",0,-,-,09:22,09:51,10:19,10:43,23:42,13:06,"96,0",,,
2027-Mar-25,22:38,23:02,23:30,23:59,"9,4","0,3",4,23:59,00:18,09:23,09:52,10:20,10:44,-,14:11,"90,7",,,
2027-Mar-26,22:37,23:01,23:29,23:57,"9,5","1,1",11,23:57,01:00,09:24,09:52,10:21,10:45,00:19,15:14,"83,8",,,
2027-Mar-27,22:35,23:00,23:28,23:56,"9,5","1,9",20,23:55,01:48,09:25,09:53,10:21,10:45,01:01,16:14,"75,6",,,
2027-Mar-28,22:34,22:58,23:27,23:55,"9,5","2,7",29,23:55,02:39,09:25,09:54,10:22,10:46,01:48,17:09,"66,7",,,
2027-Mar-29,22:33,22:57,23:25,23:54,"9,5","3,7",38,23:53,03:33,09:26,09:54,10:23,10:47,02:39,17:58,"57,3",,,
2027-Mar-30,22:31,22:56,23:24,23:52,"9,6","4,7",49,23:51,04:32,09:27,09:55,10:23,10:47,03:34,18:41,"47,7",,,
2027-Mar-31,22:30,22:55,23:23,23:51,"9,6","5,7",59,23:50,05:30,09:27,09:56,10:24,10:48,04:32,19:18,"38,4",,,
2027-Apr-01,22:29,22:53,23:22,23:50,"9,6","6,6",69,23:50,06:26,09:28,09:56,10:25,10:49,05:30,19:51,"29,4",,,
2027-Apr-02,22:28,22:52,23:20,23:49,"9,7","7,6",78,23:48,07:23,09:29,09:57,10:25,10:49,06:27,20:21,"21,2",,,
2027-Apr-03,22:26,22:51,23:19,23:47,"9,7","8,6",88,23:46,08:21,09:29,09:58,10:26,10:50,07:24,20:49,"13,9",,,
2027-Apr-04,22:25,22:50,23:18,23:46,"9,7","9,6",98,23:46,09:20,09:30,09:58,10:27,10:51,08:22,21:16,"7,8",,,
2027-Apr-05,22:24,22:48,23:17,23:45,"9,8","9,8",100,23:44,09:31,09:31,09:59,10:27,10:51,09:20,21:43,"3,4",,,
2027-Apr-06,22:23,22:47,23:15,23:44,"9,8","9,8",100,23:44,09:31,09:31,10:00,10:28,10:52,10:19,22:12,"0,8",,,
2027-Apr-07,22:22,22:46,23:14,23:42,"9,8","9,9",100,23:41,09:33,09:32,10:00,10:29,10:53,11:21,22:45,"0,2",,,
2027-Apr-08,22:20,22:45,23:13,23:41,"9,9","9,9",100,23:41,09:33,09:33,10:01,10:29,10:53,12:26,23:23,"2,0",,,
2027-Apr-09,22:19,22:44,23:12,23:40,"9,9","9,5",96,00:06,09:33,09:33,10:02,10:30,10:54,13:33,-,"6,0",,,
2027-Apr-10,22:18,22:42,23:11,23:39,"9,9","8,6",87,00:58,09:35,09:34,10:02,10:30,10:55,14:41,00:07,"12,2",,,
2027-Apr-11,22:17,22:41,23:10,23:38,"10,0","7,6",76,01:59,09:35,09:35,10:03,10:31,10:55,15:46,00:59,"20,4",,,
2027-Apr-12,22:16,22:40,23:08,23:37,"10,0","6,5",65,03:06,09:35,09:35,10:03,10:32,10:56,16:46,02:0,"30,1",,,
2027-Apr-13,22:14,22:39,23:07,23:36,"10,0","5,4",54,04:14,09:35,09:36,10:04,10:32,10:57,17:38,03:06,"41,0",,,
2027-Apr-14,22:13,22:38,23:06,23:34,"10,0","4,2",42,05:24,09:36,09:36,10:05,10:33,10:57,18:23,04:15,"52,3",,,
2027-Apr-15,22:12,22:37,23:05,23:33,"10,1","3,1",31,06:31,09:38,09:37,10:05,10:34,10:58,19:01,05:24,"63,6",,,
2027-Apr-16,22:11,22:36,23:04,23:32,"10,1","2,0",20,07:38,09:38,09:38,10:06,10:34,10:59,19:35,06:32,"74,1",,,
2027-Apr-17,22:10,22:34,23:03,23:31,"10,1","1,0",9,08:41,09:38,09:38,10:07,10:35,10:59,20:06,07:38,"83,4",,,
2027-Apr-18,22:09,22:33,23:02,23:30,"10,2","0,0",0,-,-,09:39,10:07,10:36,11:00,20:36,08:42,"90,9",,,
2027-Apr-19,22:08,22:32,23:01,23:29,"10,2","0,0",0,-,-,09:39,10:08,10:36,11:01,21:06,09:46,"96,2",,,
2027-Apr-20,22:07,22:31,23:00,23:28,"10,2","0,0",0,-,-,09:40,10:08,10:37,11:01,21:39,10:49,"99,2",,,
2027-Apr-21,22:06,22:30,22:59,23:27,"10,2","0,0",0,-,-,09:41,10:09,10:38,11:02,22:14,11:54,"99,8",,,
2027-Apr-22,22:04,22:29,22:58,23:26,"10,3","0,0",0,-,-,09:41,10:10,10:38,11:03,22:54,12:57,"98,0",,,
2027-Apr-23,22:03,22:28,22:57,23:25,"10,3","0,3",2,23:24,23:39,09:42,10:10,10:39,11:03,23:40,13:59,"94,2",,,
2027-Apr-24,22:02,22:27,22:56,23:24,"10,3","1,1",11,23:24,00:29,09:42,10:11,10:39,11:04,-,14:57,"88,6",,,
2027-Apr-25,22:01,22:26,22:55,23:23,"10,3","2,0",20,23:23,01:23,09:43,10:11,10:40,11:05,00:30,15:49,"81,6",,,
2027-Apr-26,22:00,22:25,22:54,23:22,"10,4","3,0",29,23:21,02:21,09:44,10:12,10:41,11:05,01:24,16:35,"73,5",,,
2027-Apr-27,21:59,22:24,22:53,23:21,"10,4","4,0",38,23:21,03:18,09:44,10:13,10:41,11:06,02:21,17:15,"64,7",,,
2027-Apr-28,21:58,22:23,22:52,23:21,"10,4","4,9",47,23:21,04:16,09:45,10:13,10:42,11:07,03:18,17:49,"55,4",,,
2027-Apr-29,21:58,22:22,22:51,23:20,"10,4","5,9",56,23:19,05:12,09:45,10:14,10:43,11:07,04:16,18:20,"45,9",,,
2027-Apr-30,21:57,22:21,22:50,23:19,"10,5","6,8",65,23:19,06:09,09:46,10:14,10:43,11:08,05:13,18:48,"36,5",,,
2027-May-01,21:56,22:20,22:49,23:18,"10,5","7,8",75,23:17,07:05,09:46,10:15,10:44,11:09,06:09,19:15,"27,4",,,
2027-May-02,21:55,22:20,22:49,23:17,"10,5","8,8",84,23:17,08:03,09:47,10:16,10:45,11:09,07:06,19:42,"19,1",,,
2027-May-03,21:54,22:19,22:48,23:16,"10,5","9,8",93,23:15,09:04,09:48,10:16,10:45,11:10,08:04,20:11,"11,8",,,
2027-May-04,21:53,22:18,22:47,23:16,"10,5","10,6",100,23:15,09:49,09:48,10:17,10:46,11:11,09:05,20:42,"6,0",,,
2027-May-05,21:52,22:17,22:46,23:15,"10,6","10,6",100,23:15,09:49,09:49,10:17,10:47,11:11,10:09,21:18,"2,0",,,
2027-May-06,21:51,22:16,22:45,23:14,"10,6","10,6",100,23:14,09:49,09:49,10:18,10:47,11:12,11:17,22:0,"0,3",,,
2027-May-07,21:51,22:15,22:45,23:14,"10,6","10,6",100,23:14,09:49,09:50,10:19,10:48,11:13,12:26,22:51,"1,0",,,
2027-May-08,21:50,22:15,22:44,23:13,"10,6","10,0",94,23:50,09:51,09:50,10:19,10:48,11:13,13:34,23:50,"4,2",,,
2027-May-09,21:49,22:14,22:43,23:12,"10,7","8,9",84,00:56,09:51,09:51,10:20,10:49,11:14,14:38,-,"10,0",,,
2027-May-10,21:48,22:13,22:43,23:12,"10,7","7,8",73,02:06,09:51,09:52,10:20,10:50,11:15,15:34,00:57,"17,9",,,
2027-May-11,21:48,22:13,22:42,23:11,"10,7","6,6",62,03:17,09:53,09:52,10:21,10:50,11:15,16:21,02:07,"27,5",,,
2027-May-12,21:47,22:12,22:41,23:10,"10,7","5,5",51,04:25,09:53,09:53,10:22,10:51,11:16,17:02,03:17,"38,2",,,
2027-May-13,21:46,22:11,22:41,23:10,"10,7","4,4",41,05:30,09:54,09:53,10:22,10:52,11:17,17:37,04:25,"49,5",,,
2027-May-14,21:46,22:11,22:40,23:09,"10,8","3,3",31,06:33,09:54,09:54,10:23,10:52,11:17,18:08,05:31,"60,7",,,
2027-May-15,21:45,22:10,22:40,23:09,"10,8","2,3",21,07:36,09:54,09:54,10:23,10:53,11:18,18:38,06:34,"71,2",,,
2027-May-16,21:44,22:09,22:39,23:08,"10,8","1,3",12,08:39,09:54,09:55,10:24,10:54,11:19,19:08,07:37,"80,6",,,
2027-May-17,21:44,22:09,22:39,23:08,"10,8","0,2",2,09:42,09:56,09:55,10:25,10:54,11:19,19:39,08:39,"88,4",,,
2027-May-18,21:43,22:08,22:38,23:07,"10,8","0,0",0,-,-,09:56,10:25,10:55,11:20,20:12,09:42,"94,3",,,
2027-May-19,21:43,22:08,22:38,23:07,"10,8","0,0",0,-,-,09:57,10:26,10:55,11:21,20:50,10:45,"98,1",,,
2027-May-20,21:42,22:07,22:37,23:06,"10,9","0,0",0,-,-,09:57,10:26,10:56,11:21,21:33,11:47,"99,8",,,
2027-May-21,21:42,22:07,22:37,23:06,"10,9","0,0",0,-,-,09:58,10:27,10:57,11:22,22:22,12:46,"99,3",,,
2027-May-22,21:41,22:06,22:36,23:06,"10,9","0,2",1,23:05,23:15,09:58,10:27,10:57,11:22,23:15,13:41,"96,8",,,
2027-May-23,21:41,22:06,22:36,23:05,"10,9","1,1",10,23:05,00:11,09:59,10:28,10:58,11:23,-,14:29,"92,5",,,
2027-May-24,21:40,22:06,22:35,23:05,"10,9","2,1",19,23:05,01:09,09:59,10:28,10:58,11:24,00:11,15:11,"86,7",,,
2027-May-25,21:40,22:05,22:35,23:05,"10,9","3,0",28,23:05,02:05,10:00,10:29,10:59,11:24,01:09,15:48,"79,5",,,
2027-May-26,21:39,22:05,22:35,23:04,"10,9","4,0",36,23:03,03:02,10:00,10:30,10:59,11:25,02:06,16:20,"71,3",,,
2027-May-27,21:39,22:04,22:35,23:04,"11,0","4,9",45,23:03,03:58,10:01,10:30,11:00,11:25,03:03,16:48,"62,4",,,
2027-May-28,21:39,22:04,22:34,23:04,"11,0","5,8",53,23:03,04:54,10:01,10:31,11:01,11:26,03:58,17:15,"52,9",,,
2027-May-29,21:38,22:04,22:34,23:04,"11,0","6,8",62,23:03,05:50,10:02,10:31,11:01,11:27,04:54,17:42,"43,2",,,
2027-May-30,21:38,22:04,22:34,23:03,"11,0","7,8",71,23:03,06:49,10:02,10:32,11:02,11:27,05:50,18:09,"33,5",,,
2027-May-31,21:38,22:03,22:34,23:03,"11,0","8,8",80,23:03,07:50,10:03,10:32,11:02,11:28,06:49,18:38,"24,3",,,
2027-Jun-01,21:38,22:03,22:33,23:03,"11,0","9,9",90,23:03,08:55,10:03,10:33,11:03,11:28,07:50,19:11,"15,9",,,
2027-Jun-02,21:37,22:03,22:33,23:03,"11,0","11,0",100,23:03,10:03,10:04,10:33,11:03,11:29,08:56,19:51,"8,8",,,
2027-Jun-03,21:37,22:03,22:33,23:03,"11,0","11,0",100,23:03,10:03,10:04,10:34,11:04,11:29,10:05,20:38,"3,6",,,
2027-Jun-04,21:37,22:03,22:33,23:03,"11,0","11,0",100,23:03,10:05,10:04,10:34,11:04,11:30,11:15,21:34,"0,7",,,
2027-Jun-05,21:37,22:02,22:33,23:03,"11,0","11,0",100,23:03,10:05,10:05,10:34,11:05,11:30,12:22,22:40,"0,4",,,
2027-Jun-06,21:37,22:02,22:33,23:03,"11,0","10,3",93,23:50,10:05,10:05,10:35,11:05,11:31,13:23,23:51,"2,9",,,
2027-Jun-07,21:37,22:02,22:33,23:02,"11,1","9,0",82,01:03,10:05,10:06,10:35,11:06,11:31,14:16,-,"8,1",,,
2027-Jun-08,21:37,22:02,22:33,23:02,"11,1","7,9",71,02:15,10:05,10:06,10:36,11:06,11:32,15:00,01:04,"15,6",,,
2027-Jun-09,21:37,22:02,22:33,23:02,"11,1","6,7",61,03:22,10:07,10:06,10:36,11:07,11:32,15:37,02:15,"25,0",,,
2027-Jun-10,21:37,22:02,22:33,23:03,"11,1","5,7",51,04:27,10:07,10:07,10:37,11:07,11:33,16:10,03:23,"35,5",,,
2027-Jun-11,21:37,22:02,22:33,23:03,"11,1","4,6",42,05:30,10:07,10:07,10:37,11:07,11:33,16:41,04:28,"46,6",,,
2027-Jun-12,21:37,22:02,22:33,23:03,"11,1","3,6",32,06:33,10:07,10:08,10:37,11:08,11:33,17:10,05:31,"57,7",,,
2027-Jun-13,21:37,22:02,22:33,23:03,"11,1","2,6",23,07:34,10:07,10:08,10:38,11:08,11:34,17:41,06:33,"68,1",,,
2027-Jun-14,21:37,22:02,22:33,23:03,"11,1","1,5",14,08:37,10:09,10:08,10:38,11:08,11:34,18:13,07:35,"77,5",,,
2027-Jun-15,21:37,22:02,22:33,23:03,"11,1","0,5",5,09:38,10:09,10:09,10:38,11:09,11:35,18:49,08:37,"85,6",,,
2027-Jun-16,21:37,22:03,22:33,23:03,"11,1","0,0",0,-,-,10:09,10:39,11:09,11:35,19:30,09:39,"92,0",,,
2027-Jun-17,21:37,22:03,22:33,23:03,"11,1","0,0",0,-,-,10:09,10:39,11:09,11:35,20:16,10:38,"96,6",,,
2027-Jun-18,21:37,22:03,22:33,23:03,"11,1","0,0",0,-,-,10:09,10:39,11:10,11:35,21:08,11:34,"99,2",,,
2027-Jun-19,21:37,22:03,22:34,23:04,"11,1","0,0",0,-,-,10:10,10:39,11:10,11:36,22:03,12:25,"99,9",,,
2027-Jun-20,21:38,22:03,22:34,23:04,"11,1","0,0",0,-,-,10:10,10:40,11:10,11:36,23:00,13:09,"98,6",,,
2027-Jun-21,21:38,22:03,22:34,23:04,"11,1","0,9",8,23:03,23:57,10:10,10:40,11:10,11:36,23:58,13:47,"95,6",,,
2027-Jun-22,21:38,22:04,22:34,23:04,"11,1","1,9",17,23:03,00:54,10:10,10:40,11:11,11:36,-,14:20,"90,8",,,
2027-Jun-23,21:38,22:04,22:35,23:04,"11,1","2,8",25,23:03,01:50,10:11,10:40,11:11,11:37,00:55,14:50,"84,6",,,
2027-Jun-24,21:39,22:04,22:35,23:05,"11,1","3,7",33,23:05,02:44,10:11,10:41,11:11,11:37,01:50,15:17,"77,1",,,
2027-Jun-25,21:39,22:04,22:35,23:05,"11,1","4,6",41,23:05,03:40,10:11,10:41,11:11,11:37,02:45,15:43,"68,5",,,
2027-Jun-26,21:39,22:05,22:35,23:05,"11,1","5,5",50,23:05,04:36,10:11,10:41,11:11,11:37,03:40,16:09,"59,1",,,
2027-Jun-27,21:40,22:05,22:36,23:06,"11,1","6,5",58,23:05,05:35,10:11,10:41,11:11,11:37,04:37,16:37,"49,2",,,
2027-Jun-28,21:40,22:05,22:36,23:06,"11,1","7,5",68,23:05,06:36,10:11,10:41,11:11,11:37,05:35,17:07,"39,1",,,
2027-Jun-29,21:40,22:06,22:36,23:06,"11,1","8,6",78,23:05,07:43,10:11,10:41,11:12,11:37,06:37,17:43,"29,1",,,
2027-Jun-30,21:41,22:06,22:37,23:07,"11,1","9,8",88,23:06,08:51,10:11,10:41,11:12,11:37,07:43,18:25,"19,8",,,
2027-Jul-01,21:41,22:07,22:37,23:07,"11,1","10,9",98,23:06,10:00,10:12,10:41,11:12,11:37,08:52,19:16,"11,6",,,
2027-Jul-02,21:41,22:07,22:37,23:07,"11,1","11,1",100,23:06,10:11,10:12,10:41,11:12,11:37,10:01,20:17,"5,3",,,
2027-Jul-03,21:42,22:07,22:38,23:08,"11,1","11,1",100,23:08,10:11,10:12,10:41,11:12,11:37,11:06,21:27,"1,3",,,
2027-Jul-04,21:42,22:08,22:38,23:08,"11,1","11,1",100,23:08,10:11,10:12,10:41,11:12,11:37,12:03,22:41,"0,1",,,
2027-Jul-05,21:43,22:08,22:39,23:08,"11,1","10,3",93,23:55,10:11,10:12,10:41,11:11,11:37,12:52,23:55,"1,8",,,
2027-Jul-06,21:43,22:09,22:39,23:09,"11,0","9,1",82,01:07,10:11,10:11,10:41,11:11,11:37,13:33,-,"6,4",,,
2027-Jul-07,21:44,22:09,22:39,23:09,"11,0","7,9",72,02:15,10:11,10:11,10:41,11:11,11:37,14:09,01:07,"13,4",,,
2027-Jul-08,21:44,22:10,22:40,23:10,"11,0","6,8",62,03:20,10:11,10:11,10:41,11:11,11:37,14:42,02:16,"22,3",,,
2027-Jul-09,21:45,22:10,22:40,23:10,"11,0","5,8",52,04:25,10:11,10:11,10:41,11:11,11:37,15:12,03:21,"32,5",,,
2027-Jul-10,21:45,22:11,22:41,23:10,"11,0","4,7",43,05:28,10:11,10:11,10:41,11:11,11:36,15:43,04:25,"43,2",,,
2027-Jul-11,21:46,22:11,22:41,23:11,"11,0","3,7",33,06:31,10:11,10:11,10:40,11:11,11:36,16:15,05:28,"54,0",,,
2027-Jul-12,21:46,22:12,22:42,23:11,"11,0","2,6",24,07:32,10:11,10:11,10:40,11:10,11:36,16:50,06:31,"64,3",,,
2027-Jul-13,21:47,22:12,22:42,23:12,"11,0","1,6",15,08:33,10:09,10:11,10:40,11:10,11:36,17:29,07:33,"73,8",,,
2027-Jul-14,21:47,22:13,22:43,23:12,"11,0","0,7",6,09:29,10:09,10:10,10:40,11:10,11:35,18:14,08:33,"82,2",,,
2027-Jul-15,21:48,22:13,22:43,23:13,"11,0","0,0",0,-,-,10:10,10:39,11:09,11:35,19:03,09:30,"89,1",,,
2027-Jul-16,21:48,22:14,22:44,23:13,"11,0","0,0",0,-,-,10:10,10:39,11:09,11:35,19:57,10:22,"94,4",,,
2027-Jul-17,21:49,22:14,22:44,23:14,"10,9","0,0",0,-,-,10:09,10:39,11:09,11:34,20:54,11:07,"98,0",,,
2027-Jul-18,21:49,22:15,22:45,23:14,"10,9","0,0",0,-,-,10:09,10:39,11:08,11:34,21:51,11:47,"99,8",,,
2027-Jul-19,21:50,22:15,22:45,23:15,"10,9","0,0",0,-,-,10:09,10:38,11:08,11:33,22:48,12:22,"99,7",,,
2027-Jul-20,21:51,22:16,22:46,23:15,"10,9","0,5",4,23:15,23:44,10:08,10:38,11:08,11:33,23:44,12:52,"97,8",,,
2027-Jul-21,21:51,22:16,22:46,23:16,"10,9","1,4",13,23:15,00:40,10:08,10:37,11:07,11:32,-,13:20,"94,1",,,
2027-Jul-22,21:52,22:17,22:47,23:16,"10,9","2,3",21,23:15,01:34,10:08,10:37,11:07,11:32,00:40,13:47,"88,8",,,
2027-Jul-23,21:52,22:18,22:47,23:17,"10,8","3,2",30,23:17,02:28,10:07,10:36,11:06,11:31,01:34,14:12,"81,9",,,
2027-Jul-24,21:53,22:18,22:48,23:17,"10,8","4,2",38,23:17,03:26,10:07,10:36,11:06,11:31,02:29,14:39,"73,7",,,
2027-Jul-25,21:54,22:19,22:48,23:18,"10,8","5,1",47,23:17,04:25,10:06,10:35,11:05,11:30,03:26,15:07,"64,5",,,
2027-Jul-26,21:54,22:19,22:49,23:18,"10,8","6,2",57,23:17,05:26,10:06,10:35,11:05,11:30,04:25,15:40,"54,4",,,
2027-Jul-27,21:55,22:20,22:50,23:19,"10,8","7,2",67,23:19,06:33,10:05,10:34,11:04,11:29,05:27,16:18,"43,9",,,
2027-Jul-28,21:55,22:20,22:50,23:19,"10,8","8,4",78,23:19,07:39,10:05,10:34,11:03,11:28,06:33,17:03,"33,4",,,
2027-Jul-29,21:56,22:21,22:51,23:20,"10,7","9,4",88,23:19,08:46,10:04,10:33,11:03,11:28,07:40,17:58,"23,3",,,
2027-Jul-30,21:57,22:22,22:51,23:20,"10,7","10,4",97,23:19,09:45,10:04,10:33,11:02,11:27,08:46,19:02,"14,3",,,
2027-Jul-31,21:57,22:22,22:52,23:21,"10,7","10,7",100,23:21,10:02,10:03,10:32,11:01,11:26,09:46,20:14,"7,1",,,
2027-Aug-01,21:58,22:23,22:52,23:21,"10,7","10,7",100,23:21,10:02,10:02,10:31,11:01,11:26,10:39,21:29,"2,2",,,
2027-Aug-02,21:58,22:23,22:53,23:22,"10,7","10,7",100,23:21,10:00,10:02,10:31,11:00,11:25,11:25,22:43,"0,1",,,
2027-Aug-03,21:59,22:24,22:53,23:22,"10,7","10,1",95,23:55,10:00,10:01,10:30,10:59,11:24,12:04,23:55,"1,0",,,
2027-Aug-04,22:00,22:25,22:54,23:23,"10,6","8,9",84,01:03,10:00,10:00,10:29,10:58,11:23,12:39,-,"4,7",,,
2027-Aug-05,22:00,22:25,22:54,23:23,"10,6","7,8",73,02:10,09:58,10:00,10:29,10:58,11:22,13:11,01:04,"11,0",,,
2027-Aug-06,22:01,22:26,22:55,23:24,"10,6","6,7",63,03:15,09:58,09:59,10:28,10:57,11:22,13:43,02:11,"19,2",,,
2027-Aug-07,22:02,22:26,22:56,23:24,"10,6","5,6",53,04:20,09:58,09:58,10:27,10:56,11:21,14:15,03:16,"28,8",,,
2027-Aug-08,22:02,22:27,22:56,23:25,"10,6","4,6",43,05:24,09:56,09:58,10:26,10:55,11:20,14:50,04:21,"39,0",,,
2027-Aug-09,22:03,22:28,22:57,23:25,"10,5","3,5",33,06:26,09:56,09:57,10:25,10:54,11:19,15:28,05:24,"49,5",,,
2027-Aug-10,22:03,22:28,22:57,23:26,"10,5","2,5",24,07:25,09:54,09:56,10:24,10:53,11:18,16:11,06:26,"59,6",,,
2027-Aug-11,22:04,22:29,22:58,23:26,"10,5","1,6",15,08:17,09:54,09:55,10:24,10:53,11:17,16:59,07:25,"69,2",,,
2027-Aug-12,22:05,22:29,22:58,23:27,"10,5","0,8",7,09:06,09:53,09:54,10:23,10:52,11:16,17:52,08:18,"77,8",,,
2027-Aug-13,22:05,22:30,22:59,23:28,"10,4","0,1",1,09:47,09:51,09:53,10:22,10:51,11:15,18:48,09:06,"85,3",,,
2027-Aug-14,22:06,22:31,22:59,23:28,"10,4","0,0",0,-,-,09:52,10:21,10:50,11:14,19:45,09:47,"91,4",,,
2027-Aug-15,22:07,22:31,23:00,23:29,"10,4","0,0",0,-,-,09:52,10:20,10:49,11:13,20:42,10:24,"96,0",,,
2027-Aug-16,22:07,22:32,23:01,23:29,"10,4","0,0",0,-,-,09:51,10:19,10:48,11:12,21:39,10:55,"98,9",,,
2027-Aug-17,22:08,22:32,23:01,23:30,"10,3","0,0",0,-,-,09:50,10:18,10:47,11:11,22:34,11:24,"100,0",,,
2027-Aug-18,22:08,22:33,23:02,23:30,"10,3","0,0",0,-,-,09:49,10:17,10:46,11:10,23:29,11:51,"99,2",,,
2027-Aug-19,22:09,22:34,23:02,23:31,"10,3","0,9",9,23:30,00:24,09:48,10:16,10:45,11:09,-,12:17,"96,5",,,
2027-Aug-20,22:10,22:34,23:03,23:31,"10,3","1,8",18,23:30,01:20,09:47,10:15,10:44,11:08,00:25,12:43,"92,0",,,
2027-Aug-21,22:10,22:35,23:03,23:32,"10,2","2,8",27,23:32,02:17,09:46,10:14,10:43,11:07,01:21,13:11,"85,8",,,
2027-Aug-22,22:11,22:35,23:04,23:32,"10,2","3,8",37,23:32,03:18,09:45,10:13,10:42,11:06,02:18,13:41,"78,1",,,
2027-Aug-23,22:11,22:36,23:04,23:33,"10,2","4,8",47,23:33,04:21,09:44,10:12,10:40,11:05,03:19,14:16,"69,0",,,
2027-Aug-24,22:12,22:37,23:05,23:33,"10,2","5,9",58,23:33,05:26,09:43,10:11,10:39,11:04,04:22,14:58,"58,9",,,
2027-Aug-25,22:13,22:37,23:06,23:34,"10,1","7,0",69,23:33,06:31,09:41,10:10,10:38,11:02,05:26,15:47,"48,1",,,
2027-Aug-26,22:13,22:38,23:06,23:34,"10,1","8,0",79,23:33,07:30,09:40,10:09,10:37,11:01,06:31,16:45,"37,1",,,
2027-Aug-27,22:14,22:38,23:07,23:35,"10,1","8,9",88,23:35,08:26,09:39,10:08,10:36,11:00,07:31,17:52,"26,6",,,
2027-Aug-28,22:14,22:39,23:07,23:36,"10,0","9,6",96,23:35,09:13,09:38,10:06,10:35,10:59,08:26,19:03,"17,0",,,
2027-Aug-29,22:15,22:39,23:08,23:36,"10,0","10,0",100,23:35,09:35,09:37,10:05,10:34,10:58,09:14,20:17,"9,0",,,
2027-Aug-30,22:16,22:40,23:08,23:37,"10,0","10,0",100,23:37,09:35,09:36,10:04,10:32,10:57,09:56,21:29,"3,4",,,
2027-Aug-31,22:16,22:41,23:09,23:37,"10,0","9,9",100,23:37,09:33,09:35,10:03,10:31,10:55,10:33,22:40,"0,4",,,
2027-Sep-01,22:17,22:41,23:10,23:38,"9,9","9,7",98,23:48,09:31,09:33,10:02,10:30,10:54,11:06,23:49,"0,4",,,
2027-Sep-02,22:17,22:42,23:10,23:38,"9,9","8,6",87,00:56,09:31,09:32,10:01,10:29,10:53,11:39,-,"3,2",,,
2027-Sep-03,22:18,22:42,23:11,23:39,"9,9","7,4",75,02:03,09:29,09:31,09:59,10:28,10:52,12:12,00:57,"8,4",,,
2027-Sep-04,22:19,22:43,23:11,23:39,"9,9","6,3",64,03:09,09:29,09:30,09:58,10:26,10:50,12:47,02:04,"15,7",,,
2027-Sep-05,22:19,22:43,23:12,23:40,"9,8","5,2",53,04:14,09:26,09:29,09:57,10:25,10:49,13:24,03:10,"24,4",,,
2027-Sep-06,22:20,22:44,23:12,23:41,"9,8","4,2",43,05:15,09:26,09:27,09:56,10:24,10:48,14:07,04:14,"33,9",,,
2027-Sep-07,22:20,22:45,23:13,23:41,"9,8","3,2",33,06:11,09:24,09:26,09:54,10:23,10:47,14:54,05:16,"43,9",,,
2027-Sep-08,22:21,22:45,23:14,23:42,"9,7","2,4",24,07:02,09:24,09:25,09:53,10:21,10:45,15:45,06:12,"53,8",,,
2027-Sep-09,22:21,22:46,23:14,23:42,"9,7","1,6",16,07:45,09:22,09:24,09:52,10:20,10:44,16:41,07:02,"63,4",,,
2027-Sep-10,22:22,22:46,23:15,23:43,"9,7","1,0",10,08:24,09:20,09:22,09:51,10:19,10:43,17:38,07:46,"72,4",,,
2027-Sep-11,22:23,22:47,23:15,23:44,"9,6","0,4",4,08:57,09:20,09:21,09:49,10:17,10:42,18:35,08:24,"80,4",,,
2027-Sep-12,22:23,22:48,23:16,23:44,"9,6","0,0",0,-,-,09:20,09:48,10:16,10:40,19:32,08:57,"87,4",,,
2027-Sep-13,22:24,22:48,23:16,23:45,"9,6","0,0",0,-,-,09:18,09:47,10:15,10:39,20:28,09:27,"93,0",,,
2027-Sep-14,22:24,22:49,23:17,23:45,"9,5","0,0",0,-,-,09:17,09:45,10:14,10:38,21:23,09:54,"97,1",,,
2027-Sep-15,22:25,22:49,23:18,23:46,"9,5","0,0",0,-,-,09:16,09:44,10:12,10:36,22:19,10:21,"99,4",,,
2027-Sep-16,22:26,22:50,23:18,23:47,"9,5","0,0",0,-,-,09:14,09:43,10:11,10:35,23:15,10:47,"99,8",,,
2027-Sep-17,22:26,22:51,23:19,23:47,"9,4","0,4",5,23:46,00:13,09:13,09:41,10:10,10:34,-,11:15,"98,2",,,
2027-Sep-18,22:27,22:51,23:19,23:48,"9,4","1,4",15,23:48,01:11,09:12,09:40,10:08,10:32,00:13,11:45,"94,6",,,
2027-Sep-19,22:27,22:52,23:20,23:49,"9,4","2,4",26,23:48,02:15,09:10,09:39,10:07,10:31,01:12,12:18,"89,1",,,
2027-Sep-20,22:28,22:52,23:21,23:49,"9,3","3,5",37,23:48,03:18,09:09,09:37,10:06,10:30,02:15,12:58,"81,8",,,
2027-Sep-21,22:29,22:53,23:21,23:50,"9,3","4,5",49,23:50,04:21,09:08,09:36,10:04,10:28,03:18,13:44,"72,9",,,
2027-Sep-22,22:29,22:54,23:22,23:51,"9,3","5,5",60,23:50,05:23,09:06,09:35,10:03,10:27,04:22,14:38,"62,7",,,
2027-Sep-23,22:30,22:54,23:23,23:51,"9,2","6,5",70,23:50,06:18,09:05,09:33,10:02,10:26,05:23,15:40,"51,8",,,
2027-Sep-24,22:30,22:55,23:23,23:52,"9,2","7,3",79,23:51,07:07,09:03,09:32,10:00,10:24,06:18,16:47,"40,6",,,
2027-Sep-25,22:31,22:55,23:24,23:53,"9,2","8,0",87,23:53,07:50,09:02,09:31,09:59,10:23,07:07,17:58,"29,7",,,
2027-Sep-26,22:32,22:56,23:25,23:53,"9,1","8,6",94,23:53,08:26,09:01,09:29,09:58,10:22,07:50,19:08,"19,7",,,
2027-Sep-27,22:32,22:57,23:25,23:54,"9,1","9,1",100,23:53,08:57,08:59,09:28,09:56,10:21,08:27,20:18,"11,2",,,
2027-Sep-28,22:33,22:57,23:26,23:55,"9,1","9,0",100,23:55,08:55,08:58,09:27,09:55,10:19,09:02,21:26,"4,9",,,
2027-Sep-29,22:34,22:58,23:27,23:55,"9,0","9,0",100,23:55,08:55,08:56,09:25,09:54,10:18,09:34,22:34,"1,2",,,
2027-Sep-30,22:34,22:59,23:27,23:56,"9,0","9,0",100,23:55,08:53,08:55,09:24,09:53,10:17,10:07,23:42,"0,1",,,
2027-Oct-01,22:35,22:59,23:28,23:57,"9,0","8,1",90,00:49,08:51,08:54,09:23,09:51,10:15,10:41,-,"1,7",,,
2027-Oct-02,22:36,23:00,23:29,23:58,"8,9","6,9",78,01:56,08:50,08:52,09:21,09:50,10:14,11:18,00:49,"5,8",,,
2027-Oct-03,22:36,23:01,23:29,23:59,"8,9","5,8",65,03:00,08:48,08:51,09:20,09:49,10:13,12:00,01:56,"11,8",,,
2027-Oct-04,22:37,23:01,23:30,23:59,"8,8","4,8",54,04:00,08:48,08:49,09:19,09:47,10:11,12:46,03:01,"19,4",,,
2027-Oct-05,22:38,23:02,23:31,00:00,"8,8","3,9",44,04:54,08:46,08:48,09:17,09:46,10:10,13:37,04:0,"28,0",,,
2027-Oct-06,22:38,23:03,23:32,00:01,"8,8","3,1",35,05:41,08:44,08:47,09:16,09:45,10:09,14:31,04:54,"37,3",,,
2027-Oct-07,22:39,23:03,23:32,00:02,"8,7","2,4",27,06:22,08:44,08:45,09:15,09:43,10:08,15:28,05:41,"46,9",,,
2027-Oct-08,22:40,23:04,23:33,00:03,"8,7","1,8",20,06:56,08:41,08:44,09:13,09:42,10:06,16:26,06:22,"56,4",,,
2027-Oct-09,22:40,23:05,23:34,00:03,"8,7","1,2",14,07:27,08:41,08:42,09:12,09:41,10:05,17:23,06:57,"65,7",,,
2027-Oct-10,22:41,23:06,23:35,00:04,"8,6","0,7",8,07:56,08:39,08:41,09:11,09:40,10:04,18:19,07:28,"74,3",,,
2027-Oct-11,22:42,23:06,23:35,00:05,"8,6","0,3",3,08:23,08:37,08:40,09:09,09:38,10:03,19:15,07:56,"82,1",,,
2027-Oct-12,22:42,23:07,23:36,00:06,"8,5","0,0",0,-,-,08:38,09:08,09:37,10:01,20:10,08:23,"88,9",,,
2027-Oct-13,22:43,23:08,23:37,00:07,"8,5","0,0",0,-,-,08:37,09:07,09:36,10:00,21:06,08:49,"94,2",,,
2027-Oct-14,22:44,23:09,23:38,00:08,"8,5","0,0",0,-,-,08:35,09:05,09:35,09:59,22:04,09:17,"97,9",,,
2027-Oct-15,22:45,23:09,23:39,00:09,"8,4","0,0",0,-,-,08:34,09:04,09:33,09:58,23:04,09:46,"99,6",,,
2027-Oct-16,22:45,23:10,23:39,00:10,"8,4","0,0",0,-,-,08:33,09:03,09:32,09:57,-,10:19,"99,3",,,
2027-Oct-17,22:46,23:11,23:40,00:10,"8,4","1,0",12,00:09,01:11,08:31,09:02,09:31,09:56,00:06,10:57,"96,7",,,
2027-Oct-18,22:47,23:12,23:41,00:11,"8,3","2,1",25,00:11,02:15,08:30,09:00,09:30,09:54,01:11,11:42,"91,9",,,
2027-Oct-19,22:48,23:12,23:42,00:12,"8,3","3,1",37,00:11,03:17,08:29,08:59,09:29,09:53,02:15,12:35,"85,1",,,
2027-Oct-20,22:48,23:13,23:43,00:13,"8,2","4,0",49,00:13,04:14,08:27,08:58,09:28,09:52,03:17,13:34,"76,4",,,
2027-Oct-21,22:49,23:14,23:44,00:14,"8,2","4,8",59,00:13,05:03,08:26,08:57,09:26,09:51,04:14,14:40,"66,3",,,
2027-Oct-22,22:50,23:15,23:45,00:15,"8,2","5,5",68,00:15,05:46,08:25,08:55,09:25,09:50,05:04,15:48,"55,3",,,
2027-Oct-23,22:51,23:16,23:45,00:16,"8,1","6,2",76,00:15,06:26,08:23,08:54,09:24,09:49,05:47,16:57,"44,0",,,
2027-Oct-24,22:52,23:16,23:46,00:17,"8,1","6,7",83,00:17,07:00,08:22,08:53,09:23,09:48,06:26,18:04,"32,9",,,
2027-Oct-25,22:52,23:17,23:47,00:18,"8,1","7,2",90,00:18,07:32,08:21,08:52,09:22,09:47,07:00,19:11,"22,6",,,
2027-Oct-26,22:53,23:18,23:48,00:19,"8,0","7,8",97,00:18,08:03,08:19,08:51,09:21,09:46,07:32,20:17,"13,8",,,
2027-Oct-27,22:54,23:19,23:49,00:20,"8,0","8,0",100,00:20,08:17,08:18,08:50,09:20,09:45,08:04,21:23,"7,0",,,
2027-Oct-28,22:55,23:20,23:50,00:21,"7,9","7,9",100,00:20,08:15,08:17,08:48,09:19,09:44,08:37,22:29,"2,4",,,
2027-Oct-29,22:56,23:21,23:51,00:23,"7,9","7,9",100,00:22,08:14,08:16,08:47,09:18,09:43,09:12,23:36,"0,3",,,
2027-Oct-30,22:57,23:22,23:52,00:24,"7,8","7,5",96,00:42,08:12,08:14,08:46,09:17,09:42,09:52,-,"0,6",,,
2027-Oct-31,22:57,23:22,23:53,00:25,"7,8","6,5",83,01:45,08:12,08:13,08:45,09:16,09:41,10:36,00:42,"3,3",,,
2027-Nov-01,22:58,23:23,23:54,00:26,"7,8","5,5",71,02:41,08:10,08:12,08:44,09:15,09:40,11:26,01:45,"7,9",,,
2027-Nov-02,22:59,23:24,23:55,00:27,"7,7","4,6",60,03:33,08:10,08:11,08:43,09:14,09:39,12:20,02:42,"14,1",,,
2027-Nov-03,23:00,23:25,23:56,00:28,"7,7","3,9",50,04:16,08:08,08:10,08:42,09:13,09:38,13:17,03:33,"21,7",,,
2027-Nov-04,23:01,23:26,23:57,00:29,"7,7","3,2",42,04:54,08:08,08:09,08:41,09:12,09:37,14:15,04:17,"30,1",,,
2027-Nov-05,23:02,23:27,23:58,00:30,"7,6","2,7",35,05:26,08:05,08:08,08:40,09:11,09:36,15:13,04:54,"39,2",,,
2027-Nov-06,23:03,23:28,23:59,00:31,"7,6","2,2",28,05:55,08:05,08:06,08:39,09:10,09:36,16:09,05:27,"48,5",,,
2027-Nov-07,23:04,23:29,00:00,00:33,"7,5","1,7",22,06:22,08:03,08:05,08:38,09:09,09:35,17:04,05:56,"57,9",,,
2027-Nov-08,23:04,23:30,00:01,00:34,"7,5","1,2",16,06:49,08:03,08:04,08:37,09:09,09:34,17:59,06:23,"67,1",,,
2027-Nov-09,23:05,23:31,00:02,00:35,"7,5","0,8",10,07:16,08:01,08:03,08:36,09:08,09:33,18:54,06:49,"75,7",,,
2027-Nov-10,23:06,23:32,00:03,00:36,"7,4","0,3",4,07:45,08:01,08:02,08:35,09:07,09:32,19:51,07:16,"83,6",,,
2027-Nov-11,23:07,23:32,00:04,00:37,"7,4","0,0",0,-,-,08:01,08:35,09:06,09:32,20:50,07:45,"90,3",,,
2027-Nov-12,23:08,23:33,00:05,00:38,"7,4","0,0",0,-,-,08:00,08:34,09:06,09:31,21:52,08:17,"95,4",,,
2027-Nov-13,23:09,23:34,00:06,00:40,"7,3","0,0",0,-,-,07:59,08:33,09:05,09:30,22:57,08:53,"98,7",,,
2027-Nov-14,23:10,23:35,00:07,00:41,"7,3","0,0",0,-,-,07:58,08:32,09:04,09:30,-,9:36,"99,8",,,
2027-Nov-15,23:11,23:36,00:08,00:42,"7,3","0,4",6,00:42,01:07,07:58,08:31,09:04,09:29,00:03,10:27,"98,4",,,
2027-Nov-16,23:12,23:37,00:09,00:43,"7,2","1,4",20,00:42,02:08,07:57,08:31,09:03,09:29,01:08,11:26,"94,5",,,
2027-Nov-17,23:13,23:38,00:10,00:44,"7,2","2,3",32,00:44,03:00,07:56,08:30,09:02,09:28,02:08,12:31,"88,2",,,
2027-Nov-18,23:14,23:39,00:11,00:45,"7,2","3,0",42,00:45,03:47,07:55,08:29,09:02,09:28,03:01,13:40,"79,8",,,
2027-Nov-19,23:14,23:40,00:12,00:47,"7,1","3,7",51,00:47,04:25,07:54,08:29,09:01,09:27,03:47,14:49,"69,9",,,
2027-Nov-20,23:15,23:41,00:13,00:48,"7,1","4,2",59,00:47,05:01,07:54,08:28,09:01,09:27,04:26,15:57,"58,9",,,
2027-Nov-21,23:16,23:42,00:14,00:49,"7,1","4,8",67,00:49,05:33,07:53,08:28,09:00,09:26,05:01,17:03,"47,5",,,
2027-Nov-22,23:17,23:43,00:15,00:50,"7,0","5,3",75,00:49,06:04,07:52,08:27,09:00,09:26,05:34,18:07,"36,4",,,
2027-Nov-23,23:18,23:44,00:17,00:51,"7,0","5,8",82,00:51,06:35,07:52,08:27,08:59,09:25,06:05,19:12,"26,0",,,
2027-Nov-24,23:19,23:45,00:18,00:52,"7,0","6,3",90,00:51,07:09,07:51,08:26,08:59,09:25,06:36,20:16,"16,9",,,
2027-Nov-25,23:20,23:46,00:19,00:53,"7,0","6,9",99,00:53,07:47,07:50,08:26,08:59,09:25,07:10,21:21,"9,6",,,
2027-Nov-26,23:21,23:47,00:20,00:55,"6,9","6,9",100,00:54,07:48,07:50,08:25,08:58,09:24,07:47,22:27,"4,2",,,
2027-Nov-27,23:22,23:48,00:21,00:56,"6,9","6,9",100,00:56,07:48,07:49,08:25,08:58,09:24,08:29,23:30,"1,1",,,
2027-Nov-28,23:23,23:48,00:22,00:57,"6,9","6,9",100,00:56,07:48,07:49,08:24,08:58,09:24,09:16,-,"0,1",,,
2027-Nov-29,23:23,23:49,00:23,00:58,"6,8","6,4",94,01:23,07:48,07:48,08:24,08:58,09:24,10:08,00:30,"1,3",,,
2027-Nov-30,23:24,23:50,00:23,00:59,"6,8","5,6",83,02:10,07:48,07:48,08:24,08:57,09:24,11:05,01:24,"4,4",,,
2027-Dec-01,23:25,23:51,00:24,01:00,"6,8","5,0",73,02:50,07:47,07:48,08:24,08:57,09:24,12:03,02:10,"9,2",,,
2027-Dec-02,23:26,23:52,00:25,01:01,"6,8","4,4",65,03:24,07:47,07:47,08:23,08:57,09:23,13:01,02:50,"15,5",,,
2027-Dec-03,23:27,23:53,00:26,01:02,"6,8","3,9",57,03:54,07:47,07:47,08:23,08:57,09:23,13:58,03:25,"22,9",,,
2027-Dec-04,23:28,23:54,00:27,01:03,"6,7","3,4",50,04:23,07:47,07:47,08:23,08:57,09:23,14:54,03:55,"31,3",,,
2027-Dec-05,23:29,23:54,00:28,01:04,"6,7","3,0",44,04:48,07:45,07:47,08:23,08:57,09:23,15:48,04:23,"40,2",,,
2027-Dec-06,23:29,23:55,00:29,01:05,"6,7","2,5",38,05:15,07:45,07:46,08:23,08:57,09:23,16:43,04:49,"49,6",,,
2027-Dec-07,23:30,23:56,00:30,01:06,"6,7","2,1",31,05:42,07:45,07:46,08:23,08:57,09:23,17:38,05:15,"59,1",,,
2027-Dec-08,23:31,23:57,00:31,01:07,"6,7","1,6",24,06:11,07:45,07:46,08:23,08:57,09:23,18:34,05:43,"68,5",,,
2027-Dec-09,23:32,23:58,00:32,01:08,"6,6","1,0",15,06:45,07:45,07:46,08:23,08:57,09:24,19:34,06:12,"77,4",,,
2027-Dec-10,23:32,23:58,00:32,01:09,"6,6","0,3",5,07:25,07:45,07:46,08:23,08:57,09:24,20:37,06:46,"85,4",,,
2027-Dec-11,23:33,23:59,00:33,01:09,"6,6","0,0",0,-,-,07:46,08:23,08:57,09:24,21:43,07:26,"92,1",,,
2027-Dec-12,23:34,00:00,00:34,01:10,"6,6","0,0",0,-,-,07:46,08:23,08:58,09:24,22:50,08:14,"96,9",,,
2027-Dec-13,23:34,00:01,00:35,01:11,"6,6","0,0",0,-,-,07:46,08:23,08:58,09:24,23:54,09:10,"99,5",,,
2027-Dec-14,23:35,00:01,00:35,01:12,"6,6","0,0",0,-,-,07:47,08:24,08:58,09:25,-,10:15,"99,5",,,
2027-Dec-15,23:36,00:02,00:36,01:13,"6,6","0,5",7,01:12,01:41,07:47,08:24,08:58,09:25,00:51,11:25,"96,7",,,
2027-Dec-16,23:36,00:03,00:37,01:13,"6,6","1,2",18,01:12,02:24,07:47,08:24,08:59,09:25,01:42,12:37,"91,1",,,
2027-Dec-17,23:37,00:03,00:37,01:14,"6,6","1,8",27,01:14,03:02,07:47,08:24,08:59,09:26,02:25,13:47,"83,3",,,
2027-Dec-18,23:38,00:04,00:38,01:15,"6,6","2,4",36,01:14,03:35,07:48,08:25,08:59,09:26,03:02,14:55,"73,6",,,
2027-Dec-19,23:38,00:04,00:38,01:15,"6,6","2,9",44,01:14,04:07,07:48,08:25,09:00,09:26,03:36,16:01,"62,8",,,
2027-Dec-20,23:39,00:05,00:39,01:16,"6,5","3,4",52,01:16,04:39,07:48,08:26,09:00,09:27,04:07,17:05,"51,5",,,
2027-Dec-21,23:39,00:05,00:39,01:16,"6,6","3,9",60,01:16,05:10,07:49,08:26,09:01,09:27,04:39,18:09,"40,4",,,
2027-Dec-22,23:40,00:06,00:40,01:17,"6,5","4,5",69,01:16,05:46,07:49,08:27,09:01,09:28,05:11,19:13,"30,0",,,
2027-Dec-23,23:40,00:06,00:40,01:17,"6,6","5,2",79,01:16,06:26,07:50,08:27,09:02,09:28,05:46,20:17,"20,7",,,
2027-Dec-24,23:41,00:07,00:41,01:18,"6,5","5,9",90,01:18,07:09,07:50,08:28,09:02,09:29,06:26,21:20,"12,9",,,
2027-Dec-25,23:41,00:07,00:41,01:18,"6,6","6,6",100,01:18,07:52,07:51,08:28,09:03,09:29,07:10,22:21,"6,8",,,
2027-Dec-26,23:41,00:08,00:42,01:18,"6,6","6,6",100,01:18,07:52,07:52,08:29,09:03,09:30,08:00,23:16,"2,6",,,
2027-Dec-27,23:42,00:08,00:42,01:19,"6,6","6,6",100,01:18,07:52,07:52,08:30,09:04,09:31,08:55,-,"0,4",,,
2027-Dec-28,23:42,00:08,00:42,01:19,"6,6","6,6",100,01:18,07:54,07:53,08:30,09:05,09:31,09:53,00:05,"0,2",,,
2027-Dec-29,23:42,00:08,00:42,01:19,"6,6","6,5",99,01:23,07:54,07:54,08:31,09:05,09:32,10:51,00:47,"1,8",,,
2027-Dec-30,23:43,00:09,00:43,01:19,"6,6","6,0",91,01:56,07:54,07:55,08:32,09:06,09:33,11:49,01:24,"5,2",,,
2027-Dec-31,23:43,00:09,00:43,01:19,"6,6","5,5",84,02:24,07:56,07:55,08:32,09:07,09:33,12:45,01:56,"10,1",,,
2028-Jan-01,23:43,00:09,00:43,01:19,"6,6","5,1",77,02:50,07:56,07:56,08:33,09:07,09:34,13:40,02:24,"16,4",,,
2028-Jan-02,23:43,00:09,00:43,01:19,"6,6","4,7",71,03:17,07:57,07:57,08:34,09:08,09:35,14:34,02:51,"23,9",,,
2028-Jan-03,23:43,00:09,00:43,01:19,"6,7","4,3",64,03:42,07:59,07:58,08:35,09:09,09:36,15:27,03:17,"32,3",,,
2028-Jan-04,23:44,00:10,00:43,01:19,"6,7","3,8",57,04:11,07:59,07:59,08:36,09:10,09:36,16:22,03:43,"41,5",,,
2028-Jan-05,23:44,00:10,00:43,01:19,"6,7","3,3",50,04:41,08:01,08:00,08:37,09:11,09:37,17:19,04:11,"51,1",,,
2028-Jan-06,23:44,00:10,00:43,01:19,"6,7","2,8",41,05:17,08:01,08:01,08:37,09:11,09:38,18:19,04:42,"61,0",,,
2028-Jan-07,23:44,00:10,00:43,01:19,"6,7","2,1",31,06:00,08:03,08:02,08:38,09:12,09:39,19:22,05:17,"70,7",,,
2028-Jan-08,23:44,00:10,00:43,01:19,"6,7","1,2",18,06:51,08:03,08:03,08:39,09:13,09:40,20:27,06:0,"79,8",,,
2028-Jan-09,23:44,00:10,00:43,01:19,"6,8","0,2",3,07:50,08:05,08:04,08:40,09:14,09:40,21:32,06:51,"87,9",,,
2028-Jan-10,23:44,00:10,00:43,01:19,"6,8","0,0",0,-,-,08:05,08:41,09:15,09:41,22:34,07:51,"94,4",,,
2028-Jan-11,23:44,00:09,00:43,01:18,"6,8","0,0",0,-,-,08:06,08:42,09:16,09:42,23:29,09:0,"98,5",,,
2028-Jan-12,23:43,00:09,00:43,01:18,"6,8","0,0",0,-,-,08:07,08:43,09:17,09:43,-,10:13,"100,0",,,
2028-Jan-13,23:43,00:09,00:42,01:18,"6,8","0,0",0,-,-,08:08,08:44,09:18,09:44,00:17,11:26,"98,4",,,
2028-Jan-14,23:43,00:09,00:42,01:17,"6,9","0,3",4,01:16,01:34,08:09,08:45,09:19,09:45,00:58,12:38,"93,9",,,
2028-Jan-15,23:43,00:09,00:42,01:17,"6,9","0,9",12,01:16,02:08,08:11,08:46,09:20,09:46,01:34,13:48,"86,7",,,
2028-Jan-16,23:43,00:08,00:41,01:16,"6,9","1,4",20,01:16,02:39,08:12,08:47,09:20,09:47,02:08,14:55,"77,6",,,
2028-Jan-17,23:42,00:08,00:41,01:16,"7,0","2,0",28,01:16,03:13,08:13,08:48,09:21,09:48,02:40,16:01,"67,2",,,
2028-Jan-18,23:42,00:08,00:41,01:15,"7,0","2,5",36,01:14,03:47,08:14,08:49,09:22,09:48,03:13,17:06,"56,2",,,
2028-Jan-19,23:42,00:07,00:40,01:15,"7,0","3,2",45,01:14,04:25,08:15,08:50,09:23,09:49,03:47,18:11,"45,2",,,
2028-Jan-20,23:41,00:07,00:40,01:14,"7,1","3,9",55,01:14,05:08,08:17,08:52,09:24,09:50,04:26,19:14,"34,8",,,
2028-Jan-21,23:41,00:07,00:39,01:13,"7,1","4,7",67,01:12,05:55,08:18,08:53,09:25,09:51,05:08,20:15,"25,3",,,
2028-Jan-22,23:41,00:06,00:39,01:13,"7,1","5,6",79,01:12,06:49,08:19,08:54,09:26,09:52,05:56,21:11,"17,0",,,
2028-Jan-23,23:40,00:06,00:38,01:12,"7,1","6,6",92,01:11,07:45,08:20,08:55,09:27,09:53,06:49,22:02,"10,3",,,
2028-Jan-24,23:40,00:05,00:37,01:11,"7,2","7,2",100,01:11,08:23,08:22,08:56,09:28,09:54,07:45,22:46,"5,1",,,
2028-Jan-25,23:39,00:05,00:37,01:11,"7,2","7,2",100,01:11,08:24,08:23,08:57,09:29,09:55,08:43,23:24,"1,7",,,
2028-Jan-26,23:39,00:04,00:36,01:10,"7,2","7,3",100,01:09,08:24,08:24,08:58,09:30,09:56,09:41,23:57,"0,1",,,
2028-Jan-27,23:38,00:04,00:35,01:09,"7,3","7,3",100,01:09,08:26,08:25,08:59,09:31,09:57,10:38,-,"0,3",,,
2028-Jan-28,23:38,00:03,00:35,01:08,"7,3","7,3",100,01:07,08:28,08:27,09:00,09:32,09:58,11:33,00:27,"2,3",,,
2028-Jan-29,23:37,00:02,00:34,01:07,"7,4","7,2",97,01:20,08:28,08:28,09:01,09:33,09:59,12:27,00:54,"5,9",,,
2028-Jan-30,23:36,00:02,00:33,01:06,"7,4","6,7",91,01:45,08:30,08:29,09:03,09:34,10:00,13:21,01:20,"11,1",,,
2028-Jan-31,23:36,00:01,00:32,01:05,"7,4","6,3",85,02:12,08:32,08:30,09:04,09:35,10:01,14:15,01:46,"17,6",,,
2028-Feb-01,23:35,00:00,00:32,01:05,"7,5","5,9",79,02:41,08:33,08:32,09:05,09:36,10:02,15:10,02:13,"25,4",,,
2028-Feb-02,23:34,00:00,00:31,01:04,"7,5","5,3",71,03:13,08:33,08:33,09:06,09:37,10:03,16:07,02:42,"34,1",,,
2028-Feb-03,23:34,23:59,00:30,01:03,"7,5","4,7",63,03:53,08:35,08:34,09:07,09:38,10:04,17:07,03:14,"43,7",,,
2028-Feb-04,23:33,23:58,00:29,01:02,"7,6","4,0",53,04:38,08:35,08:35,09:08,09:39,10:05,18:09,03:53,"53,9",,,
2028-Feb-05,23:32,23:57,00:28,01:01,"7,6","3,1",41,05:32,08:37,08:36,09:09,09:40,10:06,19:13,04:38,"64,2",,,
2028-Feb-06,23:31,23:56,00:27,00:59,"7,7","2,1",27,06:33,08:39,08:38,09:10,09:41,10:07,20:14,05:32,"74,2",,,
2028-Feb-07,23:31,23:56,00:26,00:58,"7,7","0,9",12,07:43,08:39,08:39,09:11,09:42,10:08,21:12,06:34,"83,5",,,
2028-Feb-08,23:30,23:55,00:25,00:57,"7,7","0,0",0,-,-,08:40,09:12,09:43,10:08,22:03,07:44,"91,2",,,
2028-Feb-09,23:29,23:54,00:24,00:56,"7,8","0,0",0,-,-,08:41,09:13,09:44,10:09,22:48,08:57,"96,8",,,
2028-Feb-10,23:28,23:53,00:23,00:55,"7,8","0,0",0,-,-,08:42,09:14,09:45,10:10,23:27,10:11,"99,7",,,
2028-Feb-11,23:27,23:52,00:22,00:54,"7,8","0,0",0,-,-,08:44,09:16,09:46,10:11,-,11:23,"99,5",,,
2028-Feb-12,23:26,23:51,00:21,00:53,"7,9","0,0",0,-,-,08:45,09:17,09:47,10:12,00:03,12:34,"96,1",,,
2028-Feb-13,23:25,23:50,00:20,00:52,"7,9","0,3",4,00:51,01:11,08:46,09:18,09:48,10:13,00:37,13:43,"90,0",,,
2028-Feb-14,23:24,23:49,00:19,00:50,"8,0","0,9",12,00:49,01:45,08:47,09:19,09:49,10:14,01:11,14:52,"81,7",,,
2028-Feb-15,23:23,23:48,00:18,00:49,"8,0","1,6",20,00:49,02:24,08:48,09:20,09:50,10:15,01:46,15:59,"72,0",,,
2028-Feb-16,23:22,23:47,00:17,00:48,"8,0","2,3",29,00:47,03:06,08:49,09:21,09:51,10:16,02:24,17:05,"61,5",,,
2028-Feb-17,23:21,23:46,00:16,00:47,"8,1","3,1",39,00:47,03:53,08:50,09:22,09:52,10:17,03:06,18:08,"50,8",,,
2028-Feb-18,23:20,23:45,00:15,00:46,"8,1","4,0",49,00:45,04:45,08:52,09:23,09:53,10:17,03:53,19:07,"40,5",,,
2028-Feb-19,23:19,23:44,00:14,00:44,"8,2","4,9",60,00:44,05:39,08:53,09:24,09:54,10:18,04:45,19:59,"30,9",,,
2028-Feb-20,23:18,23:43,00:13,00:43,"8,2","5,9",72,00:42,06:36,08:54,09:25,09:54,10:19,05:40,20:45,"22,2",,,
2028-Feb-21,23:17,23:42,00:11,00:42,"8,2","6,9",84,00:42,07:34,08:55,09:26,09:55,10:20,06:37,21:25,"14,8",,,
2028-Feb-22,23:16,23:41,00:10,00:41,"8,3","7,9",95,00:40,08:32,08:56,09:27,09:56,10:21,07:35,21:59,"8,7",,,
2028-Feb-23,23:15,23:40,00:09,00:39,"8,3","8,3",100,00:38,08:57,08:57,09:27,09:57,10:22,08:32,22:30,"4,2",,,
2028-Feb-24,23:14,23:38,00:08,00:38,"8,3","8,4",100,00:38,08:59,08:58,09:28,09:58,10:23,09:27,22:58,"1,3",,,
2028-Feb-25,23:13,23:37,00:07,00:37,"8,4","8,4",100,00:36,09:00,08:59,09:29,09:59,10:23,10:22,23:24,"0,1",,,
2028-Feb-26,23:12,23:36,00:05,00:35,"8,4","8,4",100,00:35,09:00,09:00,09:30,10:00,10:24,11:16,23:50,"0,7",,,
2028-Feb-27,23:10,23:35,00:04,00:34,"8,5","8,5",100,00:33,09:02,09:01,09:31,10:01,10:25,12:10,-,"3,0",,,
2028-Feb-28,23:09,23:34,00:03,00:33,"8,5","8,3",98,00:45,09:02,09:02,09:32,10:01,10:26,13:04,00:17,"7,0",,,
2028-Feb-29,23:08,23:33,00:02,00:31,"8,5","7,8",91,01:16,09:04,09:03,09:33,10:02,10:27,14:01,00:45,"12,6",,,
2028-Mar-01,23:07,23:31,00:00,00:30,"8,6","7,2",84,01:52,09:04,09:04,09:34,10:03,10:27,14:59,01:16,"19,7",,,
2028-Mar-02,23:06,23:30,23:59,00:29,"8,6","6,6",76,02:33,09:06,09:05,09:35,10:04,10:28,15:59,01:52,"28,0",,,
2028-Mar-03,23:05,23:29,23:58,00:27,"8,7","5,8",66,03:22,09:06,09:06,09:36,10:05,10:29,17:00,02:33,"37,5",,,
2028-Mar-04,23:03,23:28,23:57,00:26,"8,7","4,8",56,04:18,09:08,09:07,09:36,10:05,10:30,18:01,03:22,"47,8",,,
2028-Mar-05,23:02,23:27,23:55,00:25,"8,7","3,8",43,05:23,09:09,09:08,09:37,10:06,10:30,18:58,04:19,"58,5",,,
2028-Mar-06,23:01,23:25,23:54,00:23,"8,8","2,6",30,06:31,09:09,09:09,09:38,10:07,10:31,19:50,05:23,"69,2",,,
2028-Mar-07,23:00,23:24,23:53,00:22,"8,8","1,4",16,07:43,09:09,09:09,09:39,10:08,10:32,20:37,06:32,"79,2",,,
2028-Mar-08,22:58,23:23,23:51,00:21,"8,8","0,3",3,08:55,09:11,09:10,09:40,10:08,10:33,21:18,07:44,"88,0",,,
2028-Mar-09,22:57,23:22,23:50,00:19,"8,9","0,0",0,-,-,09:11,09:40,10:09,10:33,21:55,08:56,"94,7",,,
2028-Mar-10,22:56,23:20,23:49,00:18,"8,9","0,0",0,-,-,09:12,09:41,10:10,10:34,22:30,10:07,"98,8",,,
2028-Mar-11,22:55,23:19,23:48,00:17,"8,9","0,0",0,-,-,09:13,09:42,10:11,10:35,23:05,11:18,"99,9",,,
2028-Mar-12,22:53,23:18,23:46,00:15,"9,0","0,0",0,-,-,09:14,09:43,10:11,10:36,23:40,12:28,"97,8",,,
2028-Mar-13,22:52,23:16,23:45,00:14,"9,0","0,1",1,00:13,00:18,09:15,09:44,10:12,10:36,-,13:38,"93,0",,,
2028-Mar-14,22:51,23:15,23:44,00:12,"9,1","0,8",9,00:11,01:00,09:15,09:44,10:13,10:37,00:18,14:47,"85,8",,,
2028-Mar-15,22:50,23:14,23:42,00:11,"9,1","1,6",18,00:11,01:47,09:16,09:45,10:14,10:38,01:00,15:54,"77,1",,,
2028-Mar-16,22:48,23:13,23:41,00:10,"9,1","2,5",27,00:09,02:37,09:17,09:46,10:14,10:38,01:47,16:57,"67,3",,,
2028-Mar-17,22:47,23:11,23:40,00:08,"9,2","3,4",37,00:08,03:33,09:18,09:47,10:15,10:39,02:38,17:53,"57,1",,,
2028-Mar-18,22:46,23:10,23:38,00:07,"9,2","4,4",48,00:06,04:30,09:19,09:47,10:16,10:40,03:33,18:42,"47,0",,,
2028-Mar-19,22:44,23:09,23:37,00:06,"9,2","5,4",58,00:06,05:28,09:19,09:48,10:16,10:40,04:31,19:24,"37,3",,,
2028-Mar-20,22:43,23:08,23:36,00:04,"9,3","6,4",69,00:04,06:26,09:20,09:49,10:17,10:41,05:29,20:0,"28,3",,,
2028-Mar-21,22:42,23:06,23:35,00:03,"9,3","7,3",79,00:02,07:21,09:21,09:49,10:18,10:42,06:26,20:32,"20,2",,,
2028-Mar-22,22:41,23:05,23:33,00:02,"9,3","8,2",88,00:02,08:15,09:22,09:50,10:18,10:43,07:22,21:01,"13,3",,,
2028-Mar-23,22:39,23:04,23:32,00:00,"9,4","9,2",98,00:00,09:09,09:22,09:51,10:19,10:43,08:16,21:28,"7,6",,,
2028-Mar-24,22:38,23:02,23:31,23:59,"9,4","9,4",100,23:59,09:24,09:23,09:52,10:20,10:44,09:10,21:54,"3,5",,,
2028-Mar-25,22:37,23:01,23:29,23:58,"9,4","9,4",100,23:57,09:24,09:24,09:52,10:21,10:45,10:04,22:20,"1,0",,,
2028-Mar-26,22:36,23:00,23:28,23:56,"9,5","9,5",100,23:55,09:24,09:24,09:53,10:21,10:45,10:59,22:48,"0,2",,,
2028-Mar-27,22:34,22:59,23:27,23:55,"9,5","9,5",100,23:55,09:26,09:25,09:54,10:22,10:46,11:55,23:19,"1,2",,,
2028-Mar-28,22:33,22:57,23:26,23:54,"9,5","9,6",100,23:53,09:26,09:26,09:54,10:23,10:47,12:53,23:54,"4,1",,,
2028-Mar-29,22:32,22:56,23:24,23:53,"9,6","8,9",93,00:33,09:26,09:27,09:55,10:23,10:47,13:53,-,"8,8",,,
2028-Mar-30,22:31,22:55,23:23,23:51,"9,6","8,1",85,01:20,09:27,09:27,09:56,10:24,10:48,14:54,00:33,"15,3",,,
2028-Mar-31,22:29,22:54,23:22,23:50,"9,6","7,3",75,02:12,09:29,09:28,09:56,10:24,10:49,15:54,01:20,"23,3",,,
2028-Apr-01,22:28,22:52,23:21,23:49,"9,7","6,3",65,03:13,09:29,09:29,09:57,10:25,10:49,16:51,02:13,"32,6",,,
2028-Apr-02,22:27,22:51,23:19,23:48,"9,7","5,2",53,04:18,09:29,09:29,09:58,10:26,10:50,17:43,03:14,"43,0",,,
2028-Apr-03,22:26,22:50,23:18,23:46,"9,7","4,1",42,05:26,09:31,09:30,09:58,10:26,10:51,18:30,04:19,"54,0",,,
2028-Apr-04,22:24,22:49,23:17,23:45,"9,8","2,9",30,06:35,09:31,09:31,09:59,10:27,10:51,19:12,05:27,"65,0",,,
2028-Apr-05,22:23,22:47,23:16,23:44,"9,8","1,8",18,07:45,09:31,09:31,09:59,10:28,10:52,19:49,06:36,"75,6",,,
2028-Apr-06,22:22,22:46,23:15,23:43,"9,8","0,6",6,08:53,09:31,09:32,10:00,10:28,10:53,20:25,07:45,"85,0",,,
2028-Apr-07,22:21,22:45,23:13,23:42,"9,8","0,0",0,-,-,09:32,10:01,10:29,10:53,20:59,08:54,"92,5",,,
2028-Apr-08,22:19,22:44,23:12,23:40,"9,9","0,0",0,-,-,09:33,10:01,10:30,10:54,21:33,10:03,"97,6",,,
2028-Apr-09,22:18,22:43,23:11,23:39,"9,9","0,0",0,-,-,09:34,10:02,10:30,10:54,22:10,11:13,"99,8",,,
2028-Apr-10,22:17,22:41,23:10,23:38,"9,9","0,0",0,-,-,09:34,10:03,10:31,10:55,22:51,12:23,"99,0",,,
2028-Apr-11,22:16,22:40,23:09,23:37,"10,0","0,0",0,-,-,09:35,10:03,10:32,10:56,23:36,13:33,"95,5",,,
2028-Apr-12,22:15,22:39,23:08,23:36,"10,0","0,9",9,23:35,00:26,09:36,10:04,10:32,10:56,-,14:39,"89,6",,,
2028-Apr-13,22:14,22:38,23:06,23:35,"10,0","1,8",18,23:35,01:21,09:36,10:04,10:33,10:57,00:27,15:40,"82,1",,,
2028-Apr-14,22:12,22:37,23:05,23:34,"10,1","2,8",28,23:33,02:19,09:37,10:05,10:34,10:58,01:22,16:34,"73,3",,,
2028-Apr-15,22:11,22:36,23:04,23:32,"10,1","3,8",37,23:32,03:18,09:37,10:06,10:34,10:58,02:20,17:19,"63,8",,,
2028-Apr-16,22:10,22:35,23:03,23:31,"10,1","4,8",47,23:30,04:16,09:38,10:06,10:35,10:59,03:19,17:58,"54,0",,,
2028-Apr-17,22:09,22:34,23:02,23:30,"10,2","5,7",56,23:30,05:14,09:39,10:07,10:35,11:00,04:17,18:32,"44,4",,,
2028-Apr-18,22:08,22:32,23:01,23:29,"10,2","6,7",66,23:28,06:09,09:39,10:08,10:36,11:00,05:14,19:02,"35,1",,,
2028-Apr-19,22:07,22:31,23:00,23:28,"10,2","7,6",74,23:28,07:03,09:40,10:08,10:37,11:01,06:09,19:30,"26,4",,,
2028-Apr-20,22:06,22:30,22:59,23:27,"10,2","8,5",83,23:26,07:56,09:40,10:09,10:37,11:02,07:03,19:56,"18,6",,,
2028-Apr-21,22:05,22:29,22:58,23:26,"10,3","9,4",92,23:26,08:50,09:41,10:09,10:38,11:02,07:57,20:23,"11,9",,,
2028-Apr-22,22:04,22:28,22:57,23:25,"10,3","10,3",100,23:24,09:42,09:42,10:10,10:39,11:03,08:51,20:50,"6,5",,,
2028-Apr-23,22:03,22:27,22:56,23:24,"10,3","10,3",100,23:24,09:42,09:42,10:11,10:39,11:04,09:47,21:20,"2,6",,,
2028-Apr-24,22:02,22:26,22:55,23:23,"10,3","10,3",100,23:23,09:42,09:43,10:11,10:40,11:04,10:45,21:54,"0,5",,,
2028-Apr-25,22:01,22:25,22:54,23:23,"10,3","10,4",100,23:23,09:44,09:43,10:12,10:41,11:05,11:45,22:33,"0,4",,,
2028-Apr-26,22:00,22:24,22:53,23:22,"10,4","10,4",100,23:21,09:45,09:44,10:12,10:41,11:06,12:47,23:18,"2,2",,,
2028-Apr-27,21:59,22:23,22:52,23:21,"10,4","9,6",92,00:09,09:45,09:45,10:13,10:42,11:06,13:48,-,"6,1",,,
2028-Apr-28,21:58,22:22,22:51,23:20,"10,4","8,6",83,01:07,09:45,09:45,10:14,10:43,11:07,14:46,00:10,"12,0",,,
2028-Apr-29,21:57,22:22,22:50,23:19,"10,5","7,6",72,02:12,09:45,09:46,10:14,10:43,11:08,15:40,01:08,"19,7",,,
2028-Apr-30,21:56,22:21,22:50,23:18,"10,5","6,5",62,03:18,09:47,09:46,10:15,10:44,11:08,16:28,02:12,"29,0",,,
2028-May-01,21:55,22:20,22:49,23:17,"10,5","5,4",51,04:25,09:47,09:47,10:16,10:44,11:09,17:10,03:18,"39,4",,,
2028-May-02,21:54,22:19,22:48,23:17,"10,5","4,3",41,05:32,09:47,09:47,10:16,10:45,11:10,17:48,04:26,"50,6",,,
2028-May-03,21:53,22:18,22:47,23:16,"10,5","3,2",30,06:38,09:49,09:48,10:17,10:46,11:10,18:23,05:32,"61,9",,,
2028-May-04,21:52,22:17,22:46,23:15,"10,6","2,1",19,07:45,09:49,09:49,10:17,10:46,11:11,18:56,06:39,"72,8",,,
2028-May-05,21:52,22:16,22:46,23:14,"10,6","1,0",9,08:53,09:49,09:49,10:18,10:47,11:12,19:29,07:46,"82,5",,,
2028-May-06,21:51,22:16,22:45,23:14,"10,6","0,0",0,-,-,09:50,10:19,10:48,11:12,20:04,08:53,"90,5",,,
2028-May-07,21:50,22:15,22:44,23:13,"10,6","0,0",0,-,-,09:50,10:19,10:48,11:13,20:43,10:02,"96,2",,,
2028-May-08,21:49,22:14,22:43,23:12,"10,7","0,0",0,-,-,09:51,10:20,10:49,11:14,21:26,11:11,"99,3",,,
2028-May-09,21:48,22:13,22:43,23:12,"10,7","0,0",0,-,-,09:51,10:20,10:50,11:14,22:14,12:19,"99,7",,,
2028-May-10,21:48,22:13,22:42,23:11,"10,7","0,0",0,-,-,09:52,10:21,10:50,11:15,23:08,13:23,"97,5",,,
2028-May-11,21:47,22:12,22:41,23:10,"10,7","0,9",9,23:10,00:06,09:53,10:21,10:51,11:16,-,14:21,"93,0",,,
2028-May-12,21:46,22:11,22:41,23:10,"10,7","1,9",18,23:10,01:05,09:53,10:22,10:51,11:16,00:06,15:11,"86,7",,,
2028-May-13,21:46,22:11,22:40,23:09,"10,8","3,0",27,23:08,02:05,09:54,10:23,10:52,11:17,01:06,15:54,"79,0",,,
2028-May-14,21:45,22:10,22:40,23:09,"10,8","3,9",36,23:08,03:04,09:54,10:23,10:53,11:18,02:06,16:30,"70,3",,,
2028-May-15,21:44,22:10,22:39,23:08,"10,8","4,9",45,23:08,04:00,09:55,10:24,10:53,11:18,03:04,17:02,"61,1",,,
2028-May-16,21:44,22:09,22:39,23:08,"10,8","5,8",54,23:08,04:54,09:55,10:24,10:54,11:19,04:00,17:30,"51,6",,,
2028-May-17,21:43,22:08,22:38,23:07,"10,8","6,7",62,23:06,05:48,09:56,10:25,10:55,11:20,04:54,17:57,"42,1",,,
2028-May-18,21:43,22:08,22:38,23:07,"10,8","7,6",70,23:06,06:42,09:56,10:26,10:55,11:20,05:48,18:24,"33,0",,,
2028-May-19,21:42,22:07,22:37,23:06,"10,9","8,5",79,23:05,07:36,09:57,10:26,10:56,11:21,06:42,18:51,"24,4",,,
2028-May-20,21:42,22:07,22:37,23:06,"10,9","9,5",87,23:05,08:33,09:57,10:27,10:56,11:22,07:37,19:20,"16,7",,,
2028-May-21,21:41,22:06,22:36,23:06,"10,9","10,5",96,23:05,09:33,09:58,10:27,10:57,11:22,08:34,19:52,"10,1",,,
2028-May-22,21:41,22:06,22:36,23:05,"10,9","10,9",100,23:05,09:58,09:59,10:28,10:58,11:23,09:33,20:29,"4,9",,,
2028-May-23,21:40,22:06,22:36,23:05,"10,9","10,9",100,23:05,10:00,09:59,10:28,10:58,11:23,10:35,21:12,"1,5",,,
2028-May-24,21:40,22:05,22:35,23:05,"10,9","10,9",100,23:05,10:00,10:00,10:29,10:59,11:24,11:37,22:02,"0,1",,,
2028-May-25,21:40,22:05,22:35,23:04,"10,9","11,0",100,23:03,10:00,10:00,10:29,10:59,11:25,12:38,23:0,"1,0",,,
2028-May-26,21:39,22:05,22:35,23:04,"11,0","10,0",91,00:04,10:00,10:01,10:30,11:00,11:25,13:35,-,"4,1",,,
2028-May-27,21:39,22:04,22:34,23:04,"11,0","8,9",81,01:11,10:02,10:01,10:30,11:00,11:26,14:25,00:04,"9,5",,,
2028-May-28,21:39,22:04,22:34,23:04,"11,0","7,7",70,02:17,10:02,10:02,10:31,11:01,11:26,15:10,01:11,"17,0",,,
2028-May-29,21:38,22:04,22:34,23:03,"11,0","6,6",60,03:24,10:02,10:02,10:31,11:02,11:27,15:49,02:18,"26,3",,,
2028-May-30,21:38,22:03,22:34,23:03,"11,0","5,5",50,04:30,10:03,10:02,10:32,11:02,11:28,16:25,03:25,"36,8",,,
2028-May-31,21:38,22:03,22:33,23:03,"11,0","4,4",40,05:37,10:03,10:03,10:32,11:03,11:28,16:58,04:31,"48,1",,,
2028-Jun-01,21:38,22:03,22:33,23:03,"11,0","3,4",31,06:42,10:03,10:03,10:33,11:03,11:29,17:30,05:37,"59,6",,,
2028-Jun-02,21:37,22:03,22:33,23:03,"11,0","2,3",20,07:48,10:03,10:04,10:33,11:04,11:29,18:03,06:42,"70,5",,,
2028-Jun-03,21:37,22:03,22:33,23:03,"11,0","1,2",10,08:55,10:05,10:04,10:34,11:04,11:30,18:39,07:49,"80,4",,,
2028-Jun-04,21:37,22:02,22:33,23:03,"11,0","0,0",0,10:03,10:05,10:05,10:34,11:05,11:30,19:19,08:56,"88,6",,,
2028-Jun-05,21:37,22:02,22:33,23:03,"11,0","0,0",0,-,-,10:05,10:35,11:05,11:31,20:05,10:03,"94,7",,,
2028-Jun-06,21:37,22:02,22:33,23:02,"11,1","0,0",0,-,-,10:06,10:35,11:06,11:31,20:56,11:08,"98,5",,,
2028-Jun-07,21:37,22:02,22:33,23:02,"11,1","0,0",0,-,-,10:06,10:36,11:06,11:32,21:52,12:08,"99,9",,,
2028-Jun-08,21:37,22:02,22:33,23:02,"11,1","0,0",0,-,-,10:06,10:36,11:06,11:32,22:52,13:02,"98,9",,,
2028-Jun-09,21:37,22:02,22:33,23:02,"11,1","0,8",7,23:01,23:51,10:07,10:36,11:07,11:32,23:52,13:47,"95,8",,,
2028-Jun-10,21:37,22:02,22:33,23:03,"11,1","1,8",16,23:03,00:51,10:07,10:37,11:07,11:33,-,14:27,"90,7",,,
2028-Jun-11,21:37,22:02,22:33,23:03,"11,1","2,8",25,23:03,01:48,10:07,10:37,11:08,11:33,00:52,15:0,"84,2",,,
2028-Jun-12,21:37,22:02,22:33,23:03,"11,1","3,7",33,23:03,02:44,10:08,10:38,11:08,11:34,01:49,15:30,"76,4",,,
2028-Jun-13,21:37,22:02,22:33,23:03,"11,1","4,6",42,23:03,03:38,10:08,10:38,11:08,11:34,02:45,15:58,"67,8",,,
2028-Jun-14,21:37,22:02,22:33,23:03,"11,1","5,5",49,23:03,04:32,10:08,10:38,11:09,11:34,03:39,16:24,"58,6",,,
2028-Jun-15,21:37,22:03,22:33,23:03,"11,1","6,4",57,23:03,05:26,10:09,10:39,11:09,11:35,04:32,16:51,"49,1",,,
2028-Jun-16,21:37,22:03,22:33,23:03,"11,1","7,3",66,23:03,06:22,10:09,10:39,11:09,11:35,05:26,17:19,"39,6",,,
2028-Jun-17,21:37,22:03,22:33,23:03,"11,1","8,3",75,23:03,07:18,10:09,10:39,11:10,11:35,06:22,17:49,"30,3",,,
2028-Jun-18,21:37,22:03,22:34,23:03,"11,1","9,3",83,23:03,08:19,10:10,10:39,11:10,11:36,07:19,18:24,"21,7",,,
2028-Jun-19,21:38,22:03,22:34,23:04,"11,1","10,3",93,23:03,09:22,10:10,10:40,11:10,11:36,08:20,19:04,"14,0",,,
2028-Jun-20,21:38,22:03,22:34,23:04,"11,1","11,1",100,23:03,10:09,10:10,10:40,11:10,11:36,09:22,19:51,"7,6",,,
2028-Jun-21,21:38,22:04,22:34,23:04,"11,1","11,1",100,23:03,10:11,10:10,10:40,11:11,11:36,10:24,20:47,"3,0",,,
2028-Jun-22,21:38,22:04,22:34,23:04,"11,1","11,1",100,23:03,10:11,10:11,10:40,11:11,11:37,11:24,21:49,"0,4",,,
2028-Jun-23,21:39,22:04,22:35,23:05,"11,1","11,1",100,23:05,10:11,10:11,10:41,11:11,11:37,12:18,22:57,"0,3",,,
2028-Jun-24,21:39,22:04,22:35,23:05,"11,1","10,1",91,00:06,10:11,10:11,10:41,11:11,11:37,13:6,-,"2,7",,,
2028-Jun-25,21:39,22:05,22:35,23:05,"11,1","8,9",80,01:14,10:11,10:11,10:41,11:11,11:37,13:48,00:06,"7,7",,,
2028-Jun-26,21:39,22:05,22:36,23:05,"11,1","7,8",70,02:23,10:11,10:11,10:41,11:11,11:37,14:25,01:15,"15,0",,,
2028-Jun-27,21:40,22:05,22:36,23:06,"11,1","6,7",60,03:29,10:11,10:11,10:41,11:11,11:37,15:00,02:23,"24,1",,,
2028-Jun-28,21:40,22:06,22:36,23:06,"11,1","5,6",51,04:34,10:11,10:11,10:41,11:12,11:37,15:32,03:30,"34,7",,,
2028-Jun-29,21:41,22:06,22:37,23:06,"11,1","4,5",41,05:41,10:11,10:11,10:41,11:12,11:37,16:05,04:35,"45,9",,,
2028-Jun-30,21:41,22:06,22:37,23:07,"11,1","3,4",31,06:47,10:11,10:11,10:41,11:12,11:37,16:40,05:41,"57,3",,,
2028-Jul-01,21:41,22:07,22:37,23:07,"11,1","2,3",21,07:52,10:11,10:12,10:41,11:12,11:37,17:18,06:47,"68,2",,,
2028-Jul-02,21:42,22:07,22:38,23:08,"11,1","1,2",11,08:57,10:11,10:12,10:41,11:12,11:37,18:01,07:53,"78,1",,,
2028-Jul-03,21:42,22:08,22:38,23:08,"11,1","0,2",2,09:58,10:11,10:12,10:41,11:12,11:37,18:49,08:58,"86,4",,,
2028-Jul-04,21:43,22:08,22:39,23:08,"11,1","0,0",0,-,-,10:12,10:41,11:11,11:37,19:43,09:59,"92,9",,,
2028-Jul-05,21:43,22:09,22:39,23:09,"11,0","0,0",0,-,-,10:11,10:41,11:11,11:37,20:41,10:54,"97,4",,,
2028-Jul-06,21:43,22:09,22:39,23:09,"11,0","0,0",0,-,-,10:11,10:41,11:11,11:37,21:41,11:42,"99,7",,,
2028-Jul-07,21:44,22:09,22:40,23:09,"11,0","0,0",0,-,-,10:11,10:41,11:11,11:37,22:40,12:24,"99,8",,,
2028-Jul-08,21:44,22:10,22:40,23:10,"11,0","0,5",4,23:10,23:39,10:11,10:41,11:11,11:37,23:39,12:59,"97,9",,,
2028-Jul-09,21:45,22:10,22:41,23:10,"11,0","1,4",13,23:10,00:35,10:11,10:41,11:11,11:36,-,13:31,"94,1",,,
2028-Jul-10,21:45,22:11,22:41,23:11,"11,0","2,3",21,23:10,01:30,10:11,10:40,11:11,11:36,00:35,13:59,"88,6",,,
2028-Jul-11,21:46,22:11,22:42,23:11,"11,0","3,2",29,23:10,02:23,10:11,10:40,11:10,11:36,01:30,14:26,"81,8",,,
2028-Jul-12,21:47,22:12,22:42,23:12,"11,0","4,1",37,23:12,03:17,10:11,10:40,11:10,11:36,02:23,14:52,"73,9",,,
2028-Jul-13,21:47,22:12,22:43,23:12,"11,0","5,0",45,23:12,04:11,10:10,10:40,11:10,11:35,03:17,15:19,"65,1",,,
2028-Jul-14,21:48,22:13,22:43,23:13,"11,0","5,9",54,23:12,05:06,10:10,10:40,11:10,11:35,04:11,15:48,"55,7",,,
2028-Jul-15,21:48,22:13,22:44,23:13,"11,0","6,9",63,23:12,06:04,10:10,10:39,11:09,11:35,05:07,16:20,"46,0",,,
2028-Jul-16,21:49,22:14,22:44,23:14,"10,9","7,9",72,23:14,07:05,10:10,10:39,11:09,11:34,06:05,16:57,"36,3",,,
2028-Jul-17,21:49,22:15,22:45,23:14,"10,9","8,9",81,23:14,08:06,10:09,10:39,11:08,11:34,07:06,17:40,"26,8",,,
2028-Jul-18,21:50,22:15,22:45,23:15,"10,9","9,9",91,23:15,09:08,10:09,10:38,11:08,11:33,08:07,18:31,"18,1",,,
2028-Jul-19,21:50,22:16,22:46,23:15,"10,9","10,8",99,23:15,10:05,10:09,10:38,11:08,11:33,09:08,19:30,"10,6",,,
2028-Jul-20,21:51,22:16,22:46,23:15,"10,9","10,9",100,23:15,10:07,10:08,10:37,11:07,11:32,10:05,20:36,"4,8",,,
2028-Jul-21,21:52,22:17,22:47,23:16,"10,9","10,9",100,23:15,10:07,10:08,10:37,11:07,11:32,10:56,21:46,"1,1",,,
2028-Jul-22,21:52,22:17,22:47,23:16,"10,9","10,9",100,23:15,10:07,10:07,10:37,11:06,11:31,11:42,22:57,"0,0",,,
2028-Jul-23,21:53,22:18,22:48,23:17,"10,8","10,0",92,00:08,10:05,10:07,10:36,11:06,11:31,12:22,-,"1,7",,,
2028-Jul-24,21:53,22:19,22:48,23:17,"10,8","8,8",82,01:16,10:05,10:06,10:36,11:05,11:30,12:59,00:08,"6,2",,,
2028-Jul-25,21:54,22:19,22:49,23:18,"10,8","7,7",71,02:24,10:05,10:06,10:35,11:05,11:30,13:33,01:17,"13,1",,,
2028-Jul-26,21:55,22:20,22:49,23:19,"10,8","6,6",61,03:31,10:05,10:05,10:35,11:04,11:29,14:07,02:25,"22,1",,,
2028-Jul-27,21:55,22:20,22:50,23:19,"10,8","5,4",50,04:39,10:03,10:05,10:34,11:03,11:29,14:41,03:32,"32,4",,,
2028-Jul-28,21:56,22:21,22:50,23:20,"10,7","4,3",40,05:46,10:03,10:04,10:33,11:03,11:28,15:19,04:39,"43,5",,,
2028-Jul-29,21:56,22:22,22:51,23:20,"10,7","3,2",30,06:51,10:03,10:04,10:33,11:02,11:27,16:00,05:46,"54,6",,,
2028-Jul-30,21:57,22:22,22:52,23:21,"10,7","2,2",20,07:52,10:03,10:03,10:32,11:02,11:26,16:46,06:51,"65,4",,,
2028-Jul-31,21:58,22:23,22:52,23:21,"10,7","1,2",11,08:50,10:02,10:03,10:31,11:01,11:26,17:38,07:53,"75,1",,,
2028-Aug-01,21:58,22:23,22:53,23:22,"10,7","0,4",3,09:38,10:00,10:02,10:31,11:00,11:25,18:34,08:50,"83,6",,,
2028-Aug-02,21:59,22:24,22:53,23:22,"10,7","0,0",0,-,-,10:01,10:30,10:59,11:24,19:32,09:39,"90,5",,,
2028-Aug-03,22:00,22:24,22:54,23:23,"10,6","0,0",0,-,-,10:01,10:29,10:59,11:23,20:32,10:23,"95,6",,,
2028-Aug-04,22:00,22:25,22:54,23:23,"10,6","0,0",0,-,-,10:00,10:29,10:58,11:23,21:30,11:0,"98,8",,,
2028-Aug-05,22:01,22:26,22:55,23:24,"10,6","0,0",0,-,-,09:59,10:28,10:57,11:22,22:27,11:32,"100,0",,,
2028-Aug-06,22:01,22:26,22:55,23:24,"10,6","0,0",0,-,-,09:58,10:27,10:56,11:21,23:22,12:02,"99,2",,,
2028-Aug-07,22:02,22:27,22:56,23:25,"10,6","0,9",8,23:24,00:15,09:58,10:26,10:55,11:20,-,12:29,"96,6",,,
2028-Aug-08,22:03,22:27,22:57,23:25,"10,5","1,8",17,23:24,01:09,09:57,10:26,10:55,11:19,00:16,12:55,"92,3",,,
2028-Aug-09,22:03,22:28,22:57,23:26,"10,5","2,6",25,23:26,02:03,09:56,10:25,10:54,11:18,01:10,13:22,"86,5",,,
2028-Aug-10,22:04,22:29,22:58,23:26,"10,5","3,5",34,23:26,02:57,09:55,10:24,10:53,11:17,02:03,13:50,"79,3",,,
2028-Aug-11,22:05,22:29,22:58,23:27,"10,5","4,5",43,23:26,03:54,09:54,10:23,10:52,11:16,02:58,14:20,"71,0",,,
2028-Aug-12,22:05,22:30,22:59,23:27,"10,5","5,4",52,23:26,04:52,09:54,10:22,10:51,11:15,03:54,14:54,"61,9",,,
2028-Aug-13,22:06,22:30,22:59,23:28,"10,4","6,4",61,23:28,05:51,09:53,10:21,10:50,11:15,04:53,15:34,"52,1",,,
2028-Aug-14,22:06,22:31,23:00,23:28,"10,4","7,4",71,23:28,06:51,09:52,10:20,10:49,11:14,05:52,16:20,"42,0",,,
2028-Aug-15,22:07,22:32,23:00,23:29,"10,4","8,3",80,23:28,07:48,09:51,10:19,10:48,11:13,06:52,17:14,"32,0",,,
2028-Aug-16,22:08,22:32,23:01,23:29,"10,4","9,2",89,23:28,08:42,09:50,10:18,10:47,11:11,07:49,18:15,"22,4",,,
2028-Aug-17,22:08,22:33,23:02,23:30,"10,3","10,0",97,23:30,09:31,09:49,10:17,10:46,11:10,08:43,19:22,"13,9",,,
2028-Aug-18,22:09,22:33,23:02,23:31,"10,3","10,3",100,23:30,09:47,09:48,10:16,10:45,11:09,09:31,20:33,"7,0",,,
2028-Aug-19,22:09,22:34,23:03,23:31,"10,3","10,3",100,23:30,09:45,09:47,10:15,10:44,11:08,10:14,21:44,"2,2",,,
2028-Aug-20,22:10,22:35,23:03,23:32,"10,2","10,2",100,23:32,09:45,09:46,10:14,10:43,11:07,10:53,22:55,"0,1",,,
2028-Aug-21,22:11,22:35,23:04,23:32,"10,2","9,6",94,00:06,09:44,09:45,10:13,10:42,11:06,11:29,-,"1,0",,,
2028-Aug-22,22:11,22:36,23:04,23:33,"10,2","8,5",83,01:16,09:42,09:44,10:12,10:41,11:05,12:04,00:06,"4,7",,,
2028-Aug-23,22:12,22:36,23:05,23:33,"10,2","7,3",72,02:24,09:42,09:43,10:11,10:40,11:04,12:40,01:16,"11,1",,,
2028-Aug-24,22:12,22:37,23:05,23:34,"10,1","6,1",60,03:35,09:40,09:42,10:10,10:38,11:03,13:17,02:25,"19,6",,,
2028-Aug-25,22:13,22:38,23:06,23:34,"10,1","5,0",49,04:41,09:40,09:41,10:09,10:37,11:02,13:58,03:35,"29,5",,,
2028-Aug-26,22:14,22:38,23:07,23:35,"10,1","3,9",38,05:46,09:38,09:40,10:08,10:36,11:00,14:44,04:42,"40,1",,,
2028-Aug-27,22:14,22:39,23:07,23:35,"10,1","2,9",29,06:45,09:36,09:38,10:07,10:35,10:59,15:34,05:46,"51,0",,,
2028-Aug-28,22:15,22:39,23:08,23:36,"10,0","2,0",20,07:36,09:35,09:37,10:06,10:34,10:58,16:29,06:45,"61,5",,,
2028-Aug-29,22:15,22:40,23:08,23:37,"10,0","1,2",12,08:21,09:35,09:36,10:04,10:33,10:57,17:27,07:37,"71,2",,,
2028-Aug-30,22:16,22:40,23:09,23:37,"10,0","0,6",6,09:00,09:33,09:35,10:03,10:31,10:56,18:26,08:22,"79,9",,,
2028-Aug-31,22:17,22:41,23:09,23:38,"9,9","0,0",0,-,-,09:34,10:02,10:30,10:54,19:24,09:01,"87,2",,,
2028-Sep-01,22:17,22:42,23:10,23:38,"9,9","0,0",0,-,-,09:33,10:01,10:29,10:53,20:21,09:35,"93,0",,,
2028-Sep-02,22:18,22:42,23:11,23:39,"9,9","0,0",0,-,-,09:31,10:00,10:28,10:52,21:17,10:05,"97,0",,,
2028-Sep-03,22:18,22:43,23:11,23:39,"9,9","0,0",0,-,-,09:30,09:58,10:27,10:51,22:11,10:33,"99,3",,,
2028-Sep-04,22:19,22:43,23:12,23:40,"9,8","0,0",0,-,-,09:29,09:57,10:25,10:49,23:04,10:59,"99,8",,,
2028-Sep-05,22:20,22:44,23:12,23:40,"9,8","0,3",3,23:39,23:57,09:28,09:56,10:24,10:48,23:58,11:26,"98,4",,,
2028-Sep-06,22:20,22:45,23:13,23:41,"9,8","1,2",12,23:41,00:51,09:26,09:55,10:23,10:47,-,11:53,"95,3",,,
2028-Sep-07,22:21,22:45,23:13,23:42,"9,7","2,1",21,23:41,01:47,09:25,09:53,10:22,10:46,00:52,12:23,"90,5",,,
2028-Sep-08,22:21,22:46,23:14,23:42,"9,7","3,0",31,23:41,02:44,09:24,09:52,10:20,10:44,01:47,12:55,"84,1",,,
2028-Sep-09,22:22,22:46,23:15,23:43,"9,7","4,0",41,23:42,03:42,09:23,09:51,10:19,10:43,02:44,13:32,"76,4",,,
2028-Sep-10,22:22,22:47,23:15,23:43,"9,6","5,0",52,23:42,04:41,09:21,09:50,10:18,10:42,03:43,14:15,"67,6",,,
2028-Sep-11,22:23,22:47,23:16,23:44,"9,6","5,9",61,23:44,05:37,09:20,09:48,10:17,10:41,04:41,15:04,"57,8",,,
2028-Sep-12,22:24,22:48,23:16,23:45,"9,6","6,8",71,23:44,06:31,09:19,09:47,10:15,10:39,05:38,16:01,"47,5",,,
2028-Sep-13,22:24,22:49,23:17,23:45,"9,5","7,6",80,23:44,07:20,09:17,09:46,10:14,10:38,06:31,17:03,"37,0",,,
2028-Sep-14,22:25,22:49,23:17,23:46,"9,5","8,3",87,23:46,08:03,09:16,09:44,10:13,10:37,07:20,18:10,"26,7",,,
2028-Sep-15,22:25,22:50,23:18,23:46,"9,5","9,0",95,23:46,08:44,09:15,09:43,10:11,10:35,08:04,19:19,"17,3",,,
2028-Sep-16,22:26,22:50,23:19,23:47,"9,4","9,4",100,23:46,09:11,09:13,09:42,10:10,10:34,08:45,20:30,"9,4",,,
2028-Sep-17,22:27,22:51,23:19,23:48,"9,4","9,4",100,23:48,09:11,09:12,09:40,10:09,10:33,09:22,21:40,"3,7",,,
2028-Sep-18,22:27,22:52,23:20,23:48,"9,4","9,4",100,23:48,09:09,09:11,09:39,10:07,10:31,09:58,22:51,"0,6",,,
2028-Sep-19,22:28,22:52,23:21,23:49,"9,3","9,1",97,00:02,09:08,09:09,09:38,10:06,10:30,10:34,-,"0,4",,,
2028-Sep-20,22:28,22:53,23:21,23:50,"9,3","7,9",85,01:14,09:06,09:08,09:36,10:05,10:29,11:11,00:03,"3,3",,,
2028-Sep-21,22:29,22:53,23:22,23:50,"9,3","6,7",72,02:24,09:04,09:07,09:35,10:03,10:27,11:52,01:14,"8,8",,,
2028-Sep-22,22:30,22:54,23:22,23:51,"9,2","5,5",60,03:33,09:04,09:05,09:34,10:02,10:26,12:37,02:25,"16,4",,,
2028-Sep-23,22:30,22:55,23:23,23:52,"9,2","4,4",48,04:36,09:02,09:04,09:32,10:01,10:25,13:27,03:33,"25,6",,,
2028-Sep-24,22:31,22:55,23:24,23:52,"9,2","3,5",38,05:32,09:00,09:02,09:31,09:59,10:24,14:22,04:36,"35,6",,,
2028-Sep-25,22:32,22:56,23:24,23:53,"9,1","2,7",29,06:20,09:00,09:01,09:30,09:58,10:22,15:21,05:32,"46,0",,,
2028-Sep-26,22:32,22:57,23:25,23:54,"9,1","2,0",21,07:00,08:57,09:00,09:28,09:57,10:21,16:20,06:20,"56,2",,,
2028-Sep-27,22:33,22:57,23:26,23:55,"9,1","1,4",15,07:36,08:57,08:58,09:27,09:55,10:20,17:19,07:01,"66,0",,,
2028-Sep-28,22:33,22:58,23:26,23:55,"9,0","0,8",9,08:08,08:55,08:57,09:26,09:54,10:18,18:16,07:36,"74,9",,,
2028-Sep-29,22:34,22:59,23:27,23:56,"9,0","0,3",3,08:35,08:53,08:55,09:24,09:53,10:17,19:12,08:08,"82,7",,,
2028-Sep-30,22:35,22:59,23:28,23:57,"9,0","0,0",0,-,-,08:54,09:23,09:52,10:16,20:06,08:36,"89,3",,,
2028-Oct-01,22:35,23:00,23:28,23:58,"8,9","0,0",0,-,-,08:53,09:22,09:50,10:14,20:59,09:03,"94,4",,,
2028-Oct-02,22:36,23:01,23:29,23:58,"8,9","0,0",0,-,-,08:51,09:20,09:49,10:13,21:53,09:30,"97,8",,,
2028-Oct-03,22:37,23:01,23:30,23:59,"8,9","0,0",0,-,-,08:50,09:19,09:48,10:12,22:47,09:57,"99,6",,,
2028-Oct-04,22:37,23:02,23:31,00:00,"8,8","0,0",0,-,-,08:48,09:18,09:46,10:11,23:42,10:26,"99,5",,,
2028-Oct-05,22:38,23:03,23:31,00:01,"8,8","0,6",7,00:00,00:38,08:47,09:16,09:45,10:09,-,10:58,"97,6",,,
2028-Oct-06,22:39,23:03,23:32,00:01,"8,7","1,6",18,00:00,01:36,08:45,09:15,09:44,10:08,00:39,11:33,"93,8",,,
2028-Oct-07,22:39,23:04,23:33,00:02,"8,7","2,6",29,00:02,02:35,08:44,09:14,09:42,10:07,01:37,12:14,"88,3",,,
2028-Oct-08,22:40,23:05,23:34,00:03,"8,7","3,5",40,00:02,03:31,08:43,09:12,09:41,10:05,02:35,13:01,"81,2",,,
2028-Oct-09,22:41,23:05,23:34,00:04,"8,6","4,3",50,00:04,04:23,08:41,09:11,09:40,10:04,03:31,13:55,"72,7",,,
2028-Oct-10,22:42,23:06,23:35,00:05,"8,6","5,2",60,00:04,05:14,08:40,09:10,09:39,10:03,04:24,14:53,"63,0",,,
2028-Oct-11,22:42,23:07,23:36,00:06,"8,5","5,9",69,00:06,05:57,08:38,09:08,09:37,10:02,05:14,15:57,"52,5",,,
2028-Oct-12,22:43,23:08,23:37,00:07,"8,5","6,5",77,00:06,06:38,08:37,09:07,09:36,10:01,05:58,17:02,"41,6",,,
2028-Oct-13,22:44,23:08,23:38,00:07,"8,5","7,2",84,00:06,07:16,08:36,09:06,09:35,09:59,06:38,18:10,"30,9",,,
2028-Oct-14,22:44,23:09,23:38,00:08,"8,4","7,7",92,00:08,07:50,08:34,09:04,09:34,09:58,07:16,19:18,"20,8",,,
2028-Oct-15,22:45,23:10,23:39,00:09,"8,4","8,3",99,00:09,08:26,08:33,09:03,09:33,09:57,07:51,20:26,"12,1",,,
2028-Oct-16,22:46,23:11,23:40,00:10,"8,4","8,3",100,00:09,08:30,08:32,09:02,09:31,09:56,08:26,21:36,"5,5",,,
2028-Oct-17,22:47,23:11,23:41,00:11,"8,3","8,3",100,00:11,08:28,08:30,09:01,09:30,09:55,09:03,22:48,"1,4",,,
2028-Oct-18,22:47,23:12,23:42,00:12,"8,3","8,3",100,00:11,08:28,08:29,08:59,09:29,09:54,09:42,-,"0,1",,,
2028-Oct-19,22:48,23:13,23:43,00:13,"8,3","7,3",88,01:11,08:26,08:28,08:58,09:28,09:52,10:26,00:0,"1,8",,,
2028-Oct-20,22:49,23:14,23:44,00:14,"8,2","6,1",74,02:19,08:24,08:26,08:57,09:27,09:51,11:15,01:11,"6,2",,,
2028-Oct-21,22:50,23:15,23:44,00:15,"8,2","5,1",62,03:20,08:24,08:25,08:56,09:26,09:50,12:10,02:19,"12,7",,,
2028-Oct-22,22:51,23:15,23:45,00:16,"8,1","4,2",51,04:11,08:21,08:24,08:54,09:24,09:49,13:09,03:20,"20,8",,,
2028-Oct-23,22:51,23:16,23:46,00:17,"8,1","3,4",42,04:56,08:21,08:22,08:53,09:23,09:48,14:10,04:12,"30,0",,,
2028-Oct-24,22:52,23:17,23:47,00:18,"8,1","2,8",34,05:35,08:19,08:21,08:52,09:22,09:47,15:10,04:57,"39,8",,,
2028-Oct-25,22:53,23:18,23:48,00:19,"8,0","2,2",27,06:08,08:17,08:20,08:51,09:21,09:46,16:09,05:35,"49,7",,,
2028-Oct-26,22:54,23:19,23:49,00:20,"8,0","1,7",21,06:38,08:17,08:18,08:50,09:20,09:45,17:05,06:08,"59,4",,,
2028-Oct-27,22:55,23:20,23:50,00:21,"7,9","1,2",15,07:05,08:15,08:17,08:49,09:19,09:44,18:00,06:38,"68,6",,,
2028-Oct-28,22:56,23:20,23:51,00:22,"7,9","0,7",9,07:32,08:15,08:16,08:48,09:18,09:43,18:53,07:06,"77,0",,,
2028-Oct-29,22:56,23:21,23:52,00:23,"7,9","0,3",3,07:59,08:14,08:15,08:46,09:17,09:42,19:47,07:32,"84,4",,,
2028-Oct-30,22:57,23:22,23:53,00:24,"7,8","0,0",0,-,-,08:14,08:45,09:16,09:41,20:40,07:59,"90,6",,,
2028-Oct-31,22:58,23:23,23:54,00:26,"7,8","0,0",0,-,-,08:12,08:44,09:15,09:40,21:35,08:28,"95,3",,,
2028-Nov-01,22:59,23:24,23:55,00:27,"7,7","0,0",0,-,-,08:11,08:43,09:14,09:39,22:32,08:59,"98,4",,,
2028-Nov-02,23:00,23:25,23:56,00:28,"7,7","0,0",0,-,-,08:10,08:42,09:13,09:38,23:30,09:34,"99,8",,,
2028-Nov-03,23:01,23:26,23:57,00:29,"7,7","0,0",0,00:29,00:29,08:09,08:41,09:12,09:37,-,10:14,"99,1",,,
2028-Nov-04,23:02,23:27,23:58,00:30,"7,6","0,9",12,00:29,01:25,08:08,08:40,09:11,09:37,00:29,10:59,"96,5",,,
2028-Nov-05,23:02,23:28,23:59,00:31,"7,6","1,8",24,00:31,02:21,08:07,08:39,09:10,09:36,01:26,11:51,"91,9",,,
2028-Nov-06,23:03,23:29,00:00,00:32,"7,6","2,7",35,00:31,03:11,08:06,08:38,09:10,09:35,02:21,12:49,"85,4",,,
2028-Nov-07,23:04,23:29,00:01,00:33,"7,5","3,4",45,00:33,03:56,08:05,08:37,09:09,09:34,03:11,13:50,"77,3",,,
2028-Nov-08,23:05,23:30,00:02,00:35,"7,5","4,0",54,00:35,04:36,08:04,08:37,09:08,09:33,03:56,14:54,"67,7",,,
2028-Nov-09,23:06,23:31,00:03,00:36,"7,4","4,6",62,00:35,05:14,08:02,08:36,09:07,09:33,04:37,15:59,"57,1",,,
2028-Nov-10,23:07,23:32,00:04,00:37,"7,4","5,2",70,00:36,05:48,08:01,08:35,09:06,09:32,05:14,17:04,"46,0",,,
2028-Nov-11,23:08,23:33,00:05,00:38,"7,4","5,7",78,00:38,06:22,08:01,08:34,09:06,09:31,05:48,18:10,"34,8",,,
2028-Nov-12,23:09,23:34,00:06,00:39,"7,4","6,3",86,00:38,06:56,08:00,08:33,09:05,09:31,06:22,19:17,"24,3",,,
2028-Nov-13,23:10,23:35,00:07,00:40,"7,3","6,9",94,00:40,07:34,07:59,08:32,09:04,09:30,06:57,20:25,"15,0",,,
2028-Nov-14,23:11,23:36,00:08,00:42,"7,3","7,3",100,00:42,07:56,07:58,08:32,09:04,09:29,07:34,21:36,"7,6",,,
2028-Nov-15,23:12,23:37,00:09,00:43,"7,2","7,2",100,00:42,07:56,07:57,08:31,09:03,09:29,08:15,22:47,"2,6",,,
2028-Nov-16,23:12,23:38,00:10,00:44,"7,2","7,2",100,00:44,07:54,07:56,08:30,09:02,09:28,09:01,23:56,"0,2",,,
2028-Nov-17,23:13,23:39,00:11,00:45,"7,2","6,9",96,01:00,07:54,07:55,08:30,09:02,09:28,09:54,-,"0,6",,,
2028-Nov-18,23:14,23:40,00:12,00:46,"7,2","5,9",83,01:59,07:54,07:55,08:29,09:01,09:27,10:52,01:01,"3,6",,,
2028-Nov-19,23:15,23:41,00:13,00:47,"7,1","5,1",71,02:48,07:52,07:54,08:28,09:01,09:27,11:53,01:59,"8,7",,,
2028-Nov-20,23:16,23:42,00:14,00:49,"7,1","4,4",62,03:31,07:52,07:53,08:28,09:00,09:26,12:55,02:49,"15,6",,,
2028-Nov-21,23:17,23:43,00:15,00:50,"7,0","3,8",54,04:05,07:52,07:52,08:27,09:00,09:26,13:56,03:31,"23,7",,,
2028-Nov-22,23:18,23:44,00:16,00:51,"7,0","3,2",46,04:38,07:50,07:52,08:27,09:00,09:26,14:55,04:06,"32,7",,,
2028-Nov-23,23:19,23:45,00:17,00:52,"7,0","2,8",39,05:05,07:50,07:51,08:26,08:59,09:25,15:51,04:38,"42,1",,,
2028-Nov-24,23:20,23:45,00:18,00:53,"7,0","2,3",33,05:33,07:50,07:51,08:26,08:59,09:25,16:45,05:06,"51,6",,,
2028-Nov-25,23:21,23:46,00:19,00:54,"6,9","1,8",26,06:00,07:48,07:50,08:25,08:58,09:25,17:39,05:34,"61,0",,,
2028-Nov-26,23:22,23:47,00:20,00:55,"6,9","1,4",20,06:27,07:48,07:49,08:25,08:58,09:24,18:32,06:0,"69,9",,,
2028-Nov-27,23:22,23:48,00:21,00:57,"6,9","0,9",12,06:58,07:48,07:49,08:25,08:58,09:24,19:26,06:28,"78,2",,,
2028-Nov-28,23:23,23:49,00:22,00:58,"6,9","0,3",4,07:32,07:48,07:49,08:24,08:58,09:24,20:22,06:58,"85,5",,,
2028-Nov-29,23:24,23:50,00:23,00:59,"6,8","0,0",0,-,-,07:48,08:24,08:57,09:24,21:20,07:32,"91,6",,,
2028-Nov-30,23:25,23:51,00:24,01:00,"6,8","0,0",0,-,-,07:48,08:24,08:57,09:24,22:19,08:10,"96,2",,,
2028-Dec-01,23:26,23:52,00:25,01:01,"6,8","0,0",0,-,-,07:47,08:23,08:57,09:23,23:18,08:54,"99,1",,,
2028-Dec-02,23:27,23:53,00:26,01:02,"6,8","0,0",0,-,-,07:47,08:23,08:57,09:23,-,9:44,"99,9",,,
2028-Dec-03,23:27,23:53,00:27,01:03,"6,7","0,1",1,01:03,01:07,07:47,08:23,08:57,09:23,00:14,10:41,"98,5",,,
2028-Dec-04,23:28,23:54,00:28,01:04,"6,7","0,9",13,01:03,01:54,07:47,08:23,08:57,09:23,01:07,11:43,"94,9",,,
2028-Dec-05,23:29,23:55,00:29,01:05,"6,7","1,5",23,01:05,02:37,07:46,08:23,08:57,09:23,01:55,12:47,"89,1",,,
2028-Dec-06,23:30,23:56,00:30,01:06,"6,7","2,2",32,01:05,03:15,07:46,08:23,08:57,09:23,02:37,13:53,"81,3",,,
2028-Dec-07,23:31,23:57,00:30,01:07,"6,7","2,7",41,01:07,03:49,07:46,08:23,08:57,09:23,03:15,14:58,"71,8",,,
2028-Dec-08,23:31,23:57,00:31,01:08,"6,6","3,3",49,01:07,04:23,07:46,08:23,08:57,09:24,03:50,16:02,"61,2",,,
2028-Dec-09,23:32,23:58,00:32,01:08,"6,6","3,8",57,01:07,04:56,07:46,08:23,08:57,09:24,04:23,17:07,"49,9",,,
2028-Dec-10,23:33,23:59,00:33,01:09,"6,6","4,4",66,01:09,05:30,07:46,08:23,08:57,09:24,04:56,18:13,"38,5",,,
2028-Dec-11,23:34,00:00,00:34,01:10,"6,6","5,0",75,01:09,06:09,07:46,08:23,08:57,09:24,05:31,19:20,"27,7",,,
2028-Dec-12,23:34,00:00,00:34,01:11,"6,6","5,7",86,01:11,06:51,07:46,08:23,08:58,09:24,06:09,20:28,"18,0",,,
2028-Dec-13,23:35,00:01,00:35,01:12,"6,6","6,5",98,01:11,07:39,07:47,08:24,08:58,09:25,06:51,21:37,"10,1",,,
2028-Dec-14,23:36,00:02,00:36,01:12,"6,6","6,6",100,01:11,07:47,07:47,08:24,08:58,09:25,07:40,22:43,"4,3",,,
2028-Dec-15,23:36,00:02,00:36,01:13,"6,6","6,6",100,01:12,07:47,07:47,08:24,08:59,09:25,08:35,23:44,"0,9",,,
2028-Dec-16,23:37,00:03,00:37,01:14,"6,6","6,6",100,01:14,07:48,07:47,08:24,08:59,09:26,09:35,-,"0,0",,,
2028-Dec-17,23:37,00:04,00:38,01:14,"6,6","6,4",98,01:23,07:48,07:48,08:25,08:59,09:26,10:38,00:37,"1,5",,,
2028-Dec-18,23:38,00:04,00:38,01:15,"6,6","5,8",88,02:01,07:48,07:48,08:25,09:00,09:26,11:40,01:23,"5,1",,,
2028-Dec-19,23:39,00:05,00:39,01:16,"6,5","5,2",80,02:35,07:48,07:48,08:26,09:00,09:27,12:41,02:02,"10,5",,,
2028-Dec-20,23:39,00:05,00:39,01:16,"6,6","4,7",72,03:06,07:48,07:49,08:26,09:00,09:27,13:39,02:36,"17,4",,,
2028-Dec-21,23:40,00:06,00:40,01:17,"6,5","4,3",65,03:33,07:50,07:49,08:27,09:01,09:28,14:35,03:06,"25,3",,,
2028-Dec-22,23:40,00:06,00:40,01:17,"6,6","3,8",58,04:00,07:50,07:50,08:27,09:01,09:28,15:29,03:34,"34,1",,,
2028-Dec-23,23:41,00:07,00:41,01:17,"6,6","3,4",52,04:27,07:50,07:50,08:28,09:02,09:29,16:22,04:01,"43,2",,,
2028-Dec-24,23:41,00:07,00:41,01:18,"6,6","2,9",45,04:56,07:52,07:51,08:28,09:03,09:29,17:16,04:28,"52,6",,,
2028-Dec-25,23:41,00:07,00:42,01:18,"6,6","2,4",36,05:28,07:52,07:52,08:29,09:03,09:30,18:11,04:57,"61,9",,,
2028-Dec-26,23:42,00:08,00:42,01:18,"6,6","1,8",28,06:04,07:52,07:52,08:29,09:04,09:30,19:07,05:29,"70,9",,,
2028-Dec-27,23:42,00:08,00:42,01:19,"6,6","1,1",17,06:45,07:54,07:53,08:30,09:04,09:31,20:05,06:04,"79,3",,,
2028-Dec-28,23:42,00:08,00:42,01:19,"6,6","0,4",5,07:32,07:54,07:54,08:31,09:05,09:32,21:04,06:46,"86,7",,,
2028-Dec-29,23:43,00:09,00:43,01:19,"6,6","0,0",0,-,-,07:54,08:31,09:06,09:32,22:02,07:33,"92,9",,,
2028-Dec-30,23:43,00:09,00:43,01:19,"6,6","0,0",0,-,-,07:55,08:32,09:07,09:33,22:58,08:28,"97,3",,,
2028-Dec-31,23:43,00:09,00:43,01:19,"6,6","0,0",0,-,-,07:56,08:33,09:07,09:34,23:48,09:29,"99,7",,,
2029-Jan-01,23:43,00:09,00:43,01:19,"6,6","0,0",0,-,-,07:57,08:34,09:08,09:35,-,10:34,"99,7",,,
2029-Jan-02,23:43,00:09,00:43,01:19,"6,7","0,0",0,-,-,07:58,08:35,09:09,09:35,00:34,11:41,"97,2",,,
2029-Jan-03,23:44,00:10,00:43,01:19,"6,7","0,5",8,01:18,01:50,07:59,08:35,09:10,09:36,01:14,12:48,"92,1",,,
2029-Jan-04,23:44,00:10,00:43,01:19,"6,7","1,1",16,01:18,02:24,08:00,08:36,09:10,09:37,01:51,13:54,"84,8",,,
2029-Jan-05,23:44,00:10,00:43,01:19,"6,7","1,7",25,01:18,02:59,08:01,08:37,09:11,09:38,02:25,15:0,"75,5",,,
2029-Jan-06,23:44,00:10,00:43,01:19,"6,7","2,2",33,01:18,03:33,08:02,08:38,09:12,09:39,02:59,16:06,"64,9",,,
2029-Jan-07,23:44,00:10,00:43,01:19,"6,7","2,8",42,01:18,04:09,08:03,08:39,09:13,09:39,03:33,17:12,"53,6",,,
2029-Jan-08,23:44,00:10,00:43,01:19,"6,8","3,5",52,01:18,04:48,08:04,08:40,09:14,09:40,04:09,18:19,"42,2",,,
2029-Jan-09,23:44,00:10,00:43,01:19,"6,8","4,3",63,01:18,05:33,08:05,08:41,09:15,09:41,04:49,19:26,"31,3",,,
2029-Jan-10,23:44,00:10,00:43,01:18,"6,8","5,1",75,01:18,06:26,08:06,08:42,09:16,09:42,05:34,20:32,"21,4",,,
2029-Jan-11,23:44,00:09,00:43,01:18,"6,8","6,1",89,01:18,07:21,08:07,08:43,09:16,09:43,06:26,21:33,"13,1",,,
2029-Jan-12,23:43,00:09,00:42,01:18,"6,8","6,9",100,01:18,08:08,08:08,08:44,09:17,09:44,07:22,22:28,"6,7",,,
2029-Jan-13,23:43,00:09,00:42,01:17,"6,9","6,9",100,01:16,08:10,08:09,08:45,09:18,09:45,08:23,23:16,"2,4",,,
2029-Jan-14,23:43,00:09,00:42,01:17,"6,9","6,9",101,01:16,08:12,08:10,08:46,09:19,09:46,09:25,23:58,"0,3",,,
2029-Jan-15,23:43,00:09,00:41,01:16,"6,9","7,0",100,01:16,08:12,08:12,08:47,09:20,09:46,10:27,-,"0,3",,,
2029-Jan-16,23:43,00:08,00:41,01:16,"7,0","7,0",100,01:16,08:14,08:13,08:48,09:21,09:47,11:26,00:34,"2,4",,,
2029-Jan-17,23:42,00:08,00:41,01:15,"7,0","6,7",96,01:34,08:15,08:14,08:49,09:22,09:48,12:23,01:05,"6,3",,,
2029-Jan-18,23:42,00:08,00:40,01:15,"7,0","6,2",89,02:01,08:15,08:15,08:50,09:23,09:49,13:18,01:34,"11,7",,,
2029-Jan-19,23:42,00:07,00:40,01:14,"7,0","5,8",83,02:28,08:17,08:16,08:51,09:24,09:50,14:12,02:02,"18,5",,,
2029-Jan-20,23:41,00:07,00:39,01:14,"7,1","5,4",76,02:57,08:19,08:18,08:52,09:25,09:51,15:06,02:29,"26,3",,,
2029-Jan-21,23:41,00:06,00:39,01:13,"7,1","4,9",69,03:26,08:19,08:19,08:53,09:26,09:52,16:00,02:57,"34,9",,,
2029-Jan-22,23:40,00:06,00:38,01:12,"7,1","4,3",61,04:00,08:21,08:20,08:55,09:27,09:53,16:55,03:27,"44,1",,,
2029-Jan-23,23:40,00:05,00:38,01:11,"7,2","3,7",52,04:38,08:21,08:21,08:56,09:28,09:54,17:51,04:01,"53,5",,,
2029-Jan-24,23:39,00:05,00:37,01:11,"7,2","3,0",42,05:21,08:24,08:22,08:57,09:29,09:55,18:49,04:38,"63,0",,,
2029-Jan-25,23:39,00:04,00:36,01:10,"7,2","2,2",30,06:13,08:24,08:24,08:58,09:30,09:56,19:47,05:22,"72,3",,,
2029-Jan-26,23:38,00:04,00:36,01:09,"7,3","1,3",17,07:09,08:26,08:25,08:59,09:31,09:57,20:43,06:13,"80,9",,,
2029-Jan-27,23:38,00:03,00:35,01:08,"7,3","0,2",3,08:14,08:26,08:26,09:00,09:32,09:58,21:36,07:10,"88,5",,,
2029-Jan-28,23:37,00:03,00:34,01:07,"7,3","0,0",0,-,-,08:27,09:01,09:33,09:59,22:24,08:14,"94,5",,,
2029-Jan-29,23:37,00:02,00:33,01:07,"7,4","0,0",0,-,-,08:29,09:02,09:34,10:00,23:08,09:21,"98,5",,,
2029-Jan-30,23:36,00:01,00:33,01:06,"7,4","0,0",0,-,-,08:30,09:03,09:35,10:01,23:47,10:29,"100,0",,,
2029-Jan-31,23:35,00:01,00:32,01:05,"7,4","0,0",0,-,-,08:31,09:05,09:36,10:02,-,11:38,"98,7",,,
2029-Feb-01,23:35,00:00,00:31,01:04,"7,5","0,0",0,-,-,08:32,09:06,09:37,10:03,00:24,12:46,"94,6",,,
2029-Feb-02,23:34,23:59,00:30,01:03,"7,5","0,5",7,01:03,01:34,08:34,09:07,09:38,10:04,00:59,13:54,"87,8",,,
2029-Feb-03,23:33,23:58,00:29,01:02,"7,6","1,1",15,01:02,02:10,08:35,09:08,09:39,10:05,01:34,15:02,"79,0",,,
2029-Feb-04,23:32,23:57,00:28,01:01,"7,6","1,8",24,01:00,02:50,08:36,09:09,09:40,10:05,02:10,16:11,"68,6",,,
2029-Feb-05,23:32,23:57,00:28,01:00,"7,6","2,6",33,01:00,03:33,08:37,09:10,09:41,10:06,02:50,17:19,"57,4",,,
2029-Feb-06,23:31,23:56,00:27,00:59,"7,7","3,4",44,00:58,04:21,08:39,09:11,09:42,10:07,03:33,18:25,"46,1",,,
2029-Feb-07,23:30,23:55,00:26,00:58,"7,7","4,3",56,00:58,05:17,08:40,09:12,09:43,10:08,04:22,19:27,"35,3",,,
2029-Feb-08,23:29,23:54,00:25,00:57,"7,7","5,3",69,00:56,06:15,08:41,09:13,09:44,10:09,05:17,20:23,"25,4",,,
2029-Feb-09,23:28,23:53,00:24,00:55,"7,8","6,4",82,00:54,07:16,08:42,09:14,09:45,10:10,06:15,21:13,"16,8",,,
2029-Feb-10,23:27,23:52,00:23,00:54,"7,8","7,4",94,00:54,08:17,08:43,09:15,09:46,10:11,07:16,21:56,"9,8",,,
2029-Feb-11,23:26,23:51,00:22,00:53,"7,9","7,9",100,00:53,08:46,08:45,09:16,09:47,10:12,08:17,22:33,"4,7",,,
2029-Feb-12,23:25,23:50,00:21,00:52,"7,9","7,9",100,00:51,08:46,08:46,09:17,09:48,10:13,09:16,23:06,"1,4",,,
2029-Feb-13,23:24,23:49,00:20,00:51,"7,9","8,0",100,00:51,08:48,08:47,09:18,09:49,10:14,10:14,23:36,"0,1",,,
2029-Feb-14,23:24,23:48,00:18,00:50,"8,0","8,0",100,00:49,08:48,08:48,09:19,09:50,10:15,11:9,-,"0,8",,,
2029-Feb-15,23:23,23:47,00:17,00:48,"8,0","8,0",100,00:47,08:50,08:49,09:20,09:51,10:15,12:04,00:04,"3,2",,,
2029-Feb-16,23:22,23:46,00:16,00:47,"8,1","7,9",98,00:58,08:50,08:50,09:21,09:52,10:16,12:57,00:31,"7,2",,,
2029-Feb-17,23:21,23:45,00:15,00:46,"8,1","7,4",92,01:27,08:51,08:51,09:22,09:53,10:17,13:51,00:59,"12,7",,,
2029-Feb-18,23:19,23:44,00:14,00:45,"8,1","6,9",85,01:59,08:53,08:52,09:23,09:53,10:18,14:45,01:28,"19,5",,,
2029-Feb-19,23:18,23:43,00:13,00:43,"8,2","6,3",77,02:35,08:55,08:54,09:24,09:54,10:19,15:41,02:0,"27,4",,,
2029-Feb-20,23:17,23:42,00:12,00:42,"8,2","5,7",69,03:15,08:55,08:55,09:25,09:55,10:20,16:37,02:35,"36,1",,,
2029-Feb-21,23:16,23:41,00:11,00:41,"8,3","4,9",60,04:02,08:57,08:56,09:26,09:56,10:21,17:33,03:16,"45,5",,,
2029-Feb-22,23:15,23:40,00:09,00:40,"8,3","4,1",49,04:54,08:57,08:57,09:27,09:57,10:21,18:29,04:02,"55,3",,,
2029-Feb-23,23:14,23:39,00:08,00:38,"8,3","3,1",37,05:53,08:59,08:58,09:28,09:58,10:22,19:22,04:55,"65,2",,,
2029-Feb-24,23:13,23:38,00:07,00:37,"8,4","2,0",24,06:58,09:00,08:59,09:29,09:59,10:23,20:12,05:54,"74,7",,,
2029-Feb-25,23:12,23:36,00:06,00:36,"8,4","0,9",11,08:05,09:00,09:00,09:30,09:59,10:24,20:57,06:58,"83,5",,,
2029-Feb-26,23:11,23:35,00:04,00:34,"8,5","0,0",0,-,-,09:01,09:31,10:00,10:25,21:39,08:05,"91,0",,,
2029-Feb-27,23:10,23:34,00:03,00:33,"8,5","0,0",0,-,-,09:02,09:32,10:01,10:26,22:17,09:14,"96,5",,,
2029-Feb-28,23:08,23:33,00:02,00:32,"8,5","0,0",0,-,-,09:03,09:33,10:02,10:26,22:54,10:23,"99,5",,,
2029-Mar-01,23:07,23:32,00:01,00:30,"8,6","0,0",0,-,-,09:04,09:34,10:03,10:27,23:30,11:33,"99,5",,,
2029-Mar-02,23:06,23:30,23:59,00:29,"8,6","0,0",0,-,-,09:05,09:34,10:04,10:28,-,12:43,"96,5",,,
2029-Mar-03,23:05,23:29,23:58,00:28,"8,6","0,3",4,00:27,00:47,09:06,09:35,10:04,10:29,00:07,13:54,"90,6",,,
2029-Mar-04,23:04,23:28,23:57,00:26,"8,7","1,1",12,00:26,01:30,09:07,09:36,10:05,10:29,00:47,15:05,"82,4",,,
2029-Mar-05,23:02,23:27,23:56,00:25,"8,7","1,9",22,00:24,02:19,09:07,09:37,10:06,10:30,01:30,16:14,"72,5",,,
2029-Mar-06,23:01,23:26,23:54,00:24,"8,7","2,8",32,00:24,03:13,09:08,09:38,10:07,10:31,02:19,17:20,"61,7",,,
2029-Mar-07,23:00,23:24,23:53,00:22,"8,8","3,8",43,00:22,04:11,09:09,09:39,10:07,10:32,03:13,18:19,"50,7",,,
2029-Mar-08,22:59,23:23,23:52,00:21,"8,8","4,8",55,00:20,05:10,09:10,09:39,10:08,10:32,04:11,19:11,"40,0",,,
2029-Mar-09,22:57,23:22,23:50,00:20,"8,9","5,9",66,00:20,06:11,09:11,09:40,10:09,10:33,05:11,19:56,"30,0",,,
2029-Mar-10,22:56,23:21,23:49,00:18,"8,9","6,9",77,00:18,07:09,09:12,09:41,10:10,10:34,06:11,20:34,"21,2",,,
2029-Mar-11,22:55,23:19,23:48,00:17,"8,9","7,8",88,00:17,08:06,09:13,09:42,10:11,10:35,07:10,21:08,"13,7",,,
2029-Mar-12,22:54,23:18,23:47,00:15,"9,0","8,8",98,00:15,09:02,09:14,09:43,10:11,10:35,08:07,21:39,"7,8",,,
2029-Mar-13,22:52,23:17,23:45,00:14,"9,0","9,0",100,00:13,09:15,09:14,09:43,10:12,10:36,09:03,22:07,"3,5",,,
2029-Mar-14,22:51,23:16,23:44,00:13,"9,0","9,1",100,00:13,09:15,09:15,09:44,10:13,10:37,09:57,22:35,"1,0",,,
2029-Mar-15,22:50,23:14,23:43,00:11,"9,1","9,1",100,00:11,09:17,09:16,09:45,10:13,10:38,10:51,23:02,"0,2",,,
2029-Mar-16,22:49,23:13,23:41,00:10,"9,1","9,1",100,00:09,09:18,09:17,09:46,10:14,10:38,11:45,23:31,"1,2",,,
2029-Mar-17,22:47,23:12,23:40,00:09,"9,2","9,2",100,00:09,09:18,09:18,09:46,10:15,10:39,12:39,-,"3,9",,,
2029-Mar-18,22:46,23:10,23:39,00:07,"9,2","8,7",95,00:35,09:18,09:18,09:47,10:16,10:40,13:34,00:02,"8,2",,,
2029-Mar-19,22:45,23:09,23:37,00:06,"9,2","8,1",88,01:14,09:20,09:19,09:48,10:16,10:40,14:29,00:36,"14,0",,,
2029-Mar-20,22:44,23:08,23:36,00:05,"9,3","7,4",80,01:57,09:20,09:20,09:49,10:17,10:41,15:25,01:14,"21,1",,,
2029-Mar-21,22:42,23:07,23:35,00:03,"9,3","6,6",71,02:46,09:20,09:21,09:49,10:18,10:42,16:20,01:58,"29,3",,,
2029-Mar-22,22:41,23:05,23:34,00:02,"9,3","5,7",61,03:42,09:22,09:21,09:50,10:18,10:42,17:13,02:47,"38,5",,,
2029-Mar-23,22:40,23:04,23:32,00:01,"9,4","4,7",50,04:41,09:22,09:22,09:51,10:19,10:43,18:02,03:42,"48,4",,,
2029-Mar-24,22:38,23:03,23:31,23:59,"9,4","3,7",39,05:44,09:24,09:23,09:51,10:20,10:44,18:48,04:42,"58,7",,,
2029-Mar-25,22:37,23:01,23:30,23:58,"9,4","2,6",27,06:51,09:24,09:24,09:52,10:20,10:44,19:30,05:45,"69,0",,,
2029-Mar-26,22:36,23:00,23:28,23:57,"9,5","1,5",15,07:57,09:24,09:24,09:53,10:21,10:45,20:09,06:51,"78,8",,,
2029-Mar-27,22:35,22:59,23:27,23:55,"9,5","0,3",3,09:06,09:26,09:25,09:53,10:22,10:46,20:46,07:58,"87,5",,,
2029-Mar-28,22:33,22:58,23:26,23:54,"9,5","0,0",0,-,-,09:26,09:54,10:22,10:46,21:22,09:07,"94,3",,,
2029-Mar-29,22:32,22:56,23:25,23:53,"9,6","0,0",0,-,-,09:26,09:55,10:23,10:47,21:59,10:17,"98,5",,,
2029-Mar-30,22:31,22:55,23:23,23:52,"9,6","0,0",0,-,-,09:27,09:55,10:24,10:48,22:38,11:29,"99,8",,,
2029-Mar-31,22:30,22:54,23:22,23:50,"9,6","0,0",0,-,-,09:28,09:56,10:24,10:48,23:21,12:42,"97,9",,,
2029-Apr-01,22:28,22:53,23:21,23:49,"9,7","0,4",4,23:48,00:09,09:28,09:57,10:25,10:49,-,13:54,"93,1",,,
2029-Apr-02,22:27,22:51,23:20,23:48,"9,7","1,3",13,23:48,01:03,09:29,09:57,10:26,10:50,00:10,15:04,"85,7",,,
2029-Apr-03,22:26,22:50,23:18,23:47,"9,7","2,3",23,23:46,02:01,09:30,09:58,10:26,10:50,01:03,16:08,"76,6",,,
2029-Apr-04,22:25,22:49,23:17,23:45,"9,8","3,3",34,23:44,03:02,09:30,09:59,10:27,10:51,02:02,17:05,"66,4",,,
2029-Apr-05,22:23,22:48,23:16,23:44,"9,8","4,4",44,23:44,04:05,09:31,09:59,10:28,10:52,03:03,17:53,"55,8",,,
2029-Apr-06,22:22,22:47,23:15,23:43,"9,8","5,4",55,23:42,05:05,09:32,10:00,10:28,10:52,04:05,18:34,"45,4",,,
2029-Apr-07,22:21,22:45,23:14,23:42,"9,8","6,4",65,23:41,06:02,09:32,10:01,10:29,10:53,05:05,19:10,"35,4",,,
2029-Apr-08,22:20,22:44,23:12,23:41,"9,9","7,3",74,23:41,06:58,09:33,10:01,10:30,10:54,06:03,19:41,"26,3",,,
2029-Apr-09,22:19,22:43,23:11,23:39,"9,9","8,2",83,23:39,07:52,09:34,10:02,10:30,10:54,06:59,20:10,"18,3",,,
2029-Apr-10,22:17,22:42,23:10,23:38,"9,9","9,1",92,23:37,08:46,09:34,10:02,10:31,10:55,07:53,20:38,"11,6",,,
2029-Apr-11,22:16,22:41,23:09,23:37,"10,0","10,0",100,23:37,09:35,09:35,10:03,10:31,10:56,08:46,21:06,"6,3",,,
2029-Apr-12,22:15,22:39,23:08,23:36,"10,0","10,0",100,23:35,09:35,09:35,10:04,10:32,10:56,09:40,21:34,"2,6",,,
2029-Apr-13,22:14,22:38,23:07,23:35,"10,0","10,0",100,23:35,09:36,09:36,10:04,10:33,10:57,10:34,22:04,"0,6",,,
2029-Apr-14,22:13,22:37,23:06,23:34,"10,1","10,1",100,23:33,09:36,09:37,10:05,10:33,10:58,11:28,22:38,"0,3",,,
2029-Apr-15,22:12,22:36,23:04,23:33,"10,1","10,1",100,23:33,09:38,09:37,10:06,10:34,10:58,12:24,23:15,"1,7",,,
2029-Apr-16,22:10,22:35,23:03,23:32,"10,1","9,7",96,23:57,09:38,09:38,10:06,10:35,10:59,13:19,23:57,"4,9",,,
2029-Apr-17,22:09,22:34,23:02,23:31,"10,1","8,9",88,00:44,09:38,09:39,10:07,10:35,11:00,14:14,-,"9,7",,,
2029-Apr-18,22:08,22:33,23:01,23:30,"10,2","8,1",79,01:36,09:40,09:39,10:07,10:36,11:00,15:08,00:44,"16,1",,,
2029-Apr-19,22:07,22:32,23:00,23:29,"10,2","7,1",70,02:33,09:40,09:40,10:08,10:37,11:01,15:57,01:37,"23,9",,,
2029-Apr-20,22:06,22:31,22:59,23:28,"10,2","6,1",60,03:33,09:40,09:40,10:09,10:37,11:02,16:43,02:34,"32,9",,,
2029-Apr-21,22:05,22:30,22:58,23:27,"10,2","5,1",50,04:36,09:40,09:41,10:09,10:38,11:02,17:25,03:34,"42,9",,,
2029-Apr-22,22:04,22:29,22:57,23:26,"10,3","4,0",39,05:41,09:42,09:41,10:10,10:38,11:03,18:04,04:37,"53,5",,,
2029-Apr-23,22:03,22:28,22:56,23:25,"10,3","3,0",29,06:45,09:42,09:42,10:10,10:39,11:04,18:40,05:41,"64,4",,,
2029-Apr-24,22:02,22:27,22:55,23:24,"10,3","1,8",18,07:54,09:42,09:43,10:11,10:40,11:04,19:15,06:46,"74,9",,,
2029-Apr-25,22:01,22:26,22:54,23:23,"10,3","0,7",7,09:02,09:44,09:43,10:12,10:40,11:05,19:51,07:54,"84,4",,,
2029-Apr-26,22:00,22:25,22:53,23:22,"10,4","0,0",0,-,-,09:44,10:12,10:41,11:06,20:28,09:03,"92,1",,,
2029-Apr-27,21:59,22:24,22:52,23:21,"10,4","0,0",0,-,-,09:44,10:13,10:42,11:06,21:09,10:14,"97,4",,,
2029-Apr-28,21:58,22:23,22:52,23:20,"10,4","0,0",0,-,-,09:45,10:14,10:42,11:07,21:55,11:27,"99,8",,,
2029-Apr-29,21:57,22:22,22:51,23:19,"10,5","0,0",0,-,-,09:46,10:14,10:43,11:08,22:48,12:40,"99,0",,,
2029-Apr-30,21:56,22:21,22:50,23:18,"10,5","0,5",4,23:17,23:46,09:46,10:15,10:44,11:08,23:46,13:49,"95,3",,,
2029-May-01,21:55,22:20,22:49,23:18,"10,5","1,5",14,23:17,00:49,09:47,10:15,10:44,11:09,-,14:51,"89,0",,,
2029-May-02,21:54,22:19,22:48,23:17,"10,5","2,6",25,23:17,01:52,09:47,10:16,10:45,11:10,00:49,15:45,"80,9",,,
2029-May-03,21:53,22:18,22:47,23:16,"10,5","3,7",35,23:15,02:55,09:48,10:17,10:46,11:10,01:52,16:30,"71,5",,,
2029-May-04,21:53,22:17,22:47,23:15,"10,6","4,7",44,23:15,03:54,09:48,10:17,10:46,11:11,02:55,17:08,"61,5",,,
2029-May-05,21:52,22:17,22:46,23:15,"10,6","5,6",53,23:15,04:52,09:49,10:18,10:47,11:12,03:55,17:42,"51,3",,,
2029-May-06,21:51,22:16,22:45,23:14,"10,6","6,6",62,23:14,05:48,09:50,10:18,10:47,11:12,04:52,18:12,"41,4",,,
2029-May-07,21:50,22:15,22:44,23:13,"10,6","7,5",70,23:12,06:40,09:50,10:19,10:48,11:13,05:48,18:41,"32,1",,,
2029-May-08,21:49,22:14,22:44,23:12,"10,7","8,4",79,23:12,07:34,09:51,10:20,10:49,11:14,06:41,19:08,"23,6",,,
2029-May-09,21:49,22:14,22:43,23:12,"10,7","9,3",87,23:12,08:28,09:51,10:20,10:49,11:14,07:35,19:36,"16,1",,,
2029-May-10,21:48,22:13,22:42,23:11,"10,7","10,2",95,23:10,09:22,09:52,10:21,10:50,11:15,08:28,20:06,"9,8",,,
2029-May-11,21:47,22:12,22:42,23:11,"10,7","10,7",100,23:10,09:53,09:52,10:21,10:51,11:16,09:22,20:39,"5,0",,,
2029-May-12,21:47,22:12,22:41,23:10,"10,7","10,7",100,23:10,09:54,09:53,10:22,10:51,11:16,10:18,21:15,"1,8",,,
2029-May-13,21:46,22:11,22:40,23:09,"10,8","10,8",100,23:08,09:54,09:54,10:22,10:52,11:17,11:14,21:55,"0,2",,,
2029-May-14,21:45,22:10,22:40,23:09,"10,8","10,8",100,23:08,09:54,09:54,10:23,10:53,11:18,12:09,22:42,"0,5",,,
2029-May-15,21:45,22:10,22:39,23:08,"10,8","10,4",96,23:33,09:54,09:55,10:24,10:53,11:18,13:04,23:33,"2,6",,,
2029-May-16,21:44,22:09,22:39,23:08,"10,8","9,5",88,00:29,09:56,09:55,10:24,10:54,11:19,13:55,-,"6,6",,,
2029-May-17,21:43,22:09,22:38,23:07,"10,8","8,5",78,01:27,09:56,09:56,10:25,10:54,11:20,14:42,00:29,"12,3",,,
2029-May-18,21:43,22:08,22:38,23:07,"10,8","7,5",69,02:30,09:56,09:56,10:25,10:55,11:20,15:25,01:28,"19,8",,,
2029-May-19,21:42,22:08,22:37,23:07,"10,8","6,4",59,03:31,09:56,09:57,10:26,10:56,11:21,16:03,02:30,"28,7",,,
2029-May-20,21:42,22:07,22:37,23:06,"10,9","5,4",50,04:34,09:58,09:57,10:27,10:56,11:21,16:39,03:32,"38,8",,,
2029-May-21,21:41,22:07,22:36,23:06,"10,9","4,3",40,05:39,09:58,09:58,10:27,10:57,11:22,17:14,04:35,"49,7",,,
2029-May-22,21:41,22:06,22:36,23:05,"10,9","3,2",30,06:45,09:58,09:58,10:28,10:57,11:23,17:48,05:39,"60,9",,,
2029-May-23,21:40,22:06,22:36,23:05,"10,9","2,1",19,07:52,09:58,09:59,10:28,10:58,11:23,18:23,06:45,"71,9",,,
2029-May-24,21:40,22:05,22:35,23:05,"10,9","0,9",9,09:04,10:00,09:59,10:29,10:59,11:24,19:01,07:53,"81,9",,,
2029-May-25,21:40,22:05,22:35,23:04,"10,9","0,0",0,-,-,10:00,10:29,10:59,11:25,19:43,09:04,"90,2",,,
2029-May-26,21:39,22:05,22:35,23:04,"10,9","0,0",0,-,-,10:00,10:30,11:00,11:25,20:32,10:15,"96,2",,,
2029-May-27,21:39,22:04,22:34,23:04,"11,0","0,0",0,-,-,10:01,10:30,11:00,11:26,21:27,11:26,"99,4",,,
2029-May-28,21:39,22:04,22:34,23:04,"11,0","0,0",0,-,-,10:01,10:31,11:01,11:26,22:29,12:32,"99,7",,,
2029-May-29,21:38,22:04,22:34,23:03,"11,0","0,5",5,23:03,23:33,10:02,10:31,11:01,11:27,23:33,13:31,"97,1",,,
2029-May-30,21:38,22:03,22:34,23:03,"11,0","1,6",14,23:03,00:38,10:02,10:32,11:02,11:27,-,14:21,"92,0",,,
2029-May-31,21:38,22:03,22:33,23:03,"11,0","2,6",24,23:03,01:41,10:03,10:32,11:02,11:28,00:38,15:03,"85,0",,,
2029-Jun-01,21:38,22:03,22:33,23:03,"11,0","3,6",33,23:03,02:41,10:03,10:33,11:03,11:29,01:41,15:40,"76,6",,,
2029-Jun-02,21:37,22:03,22:33,23:03,"11,0","4,6",42,23:03,03:38,10:04,10:33,11:04,11:29,02:41,16:12,"67,3",,,
2029-Jun-03,21:37,22:03,22:33,23:03,"11,0","5,5",50,23:03,04:34,10:04,10:34,11:04,11:30,03:39,16:42,"57,5",,,
2029-Jun-04,21:37,22:02,22:33,23:03,"11,0","6,4",58,23:03,05:28,10:05,10:34,11:04,11:30,04:34,17:10,"47,8",,,
2029-Jun-05,21:37,22:02,22:33,23:03,"11,0","7,3",66,23:03,06:20,10:05,10:35,11:05,11:31,05:28,17:38,"38,3",,,
2029-Jun-06,21:37,22:02,22:33,23:02,"11,1","8,2",74,23:01,07:14,10:05,10:35,11:05,11:31,06:21,18:07,"29,3",,,
2029-Jun-07,21:37,22:02,22:33,23:02,"11,1","9,1",82,23:01,08:10,10:06,10:36,11:06,11:31,07:15,18:38,"21,2",,,
2029-Jun-08,21:37,22:02,22:33,23:02,"11,1","10,1",91,23:01,09:06,10:06,10:36,11:06,11:32,08:10,19:13,"14,0",,,
2029-Jun-09,21:37,22:02,22:33,23:02,"11,1","11,0",99,23:01,10:02,10:07,10:36,11:07,11:32,09:06,19:52,"8,1",,,
2029-Jun-10,21:37,22:02,22:33,23:03,"11,1","11,1",100,23:03,10:07,10:07,10:37,11:07,11:33,10:02,20:37,"3,6",,,
2029-Jun-11,21:37,22:02,22:33,23:03,"11,1","11,1",100,23:03,10:07,10:07,10:37,11:08,11:33,10:57,21:27,"0,9",,,
2029-Jun-12,21:37,22:02,22:33,23:03,"11,1","11,1",100,23:03,10:07,10:08,10:37,11:08,11:34,11:50,22:22,"0,0",,,
2029-Jun-13,21:37,22:02,22:33,23:03,"11,1","10,8",97,23:21,10:07,10:08,10:38,11:08,11:34,12:39,23:22,"1,2",,,
2029-Jun-14,21:37,22:02,22:33,23:03,"11,1","9,8",88,00:24,10:09,10:08,10:38,11:09,11:34,13:24,-,"4,4",,,
2029-Jun-15,21:37,22:02,22:33,23:03,"11,1","8,7",79,01:25,10:09,10:09,10:38,11:09,11:35,14:04,00:24,"9,6",,,
2029-Jun-16,21:37,22:03,22:33,23:03,"11,1","7,7",69,02:28,10:09,10:09,10:39,11:09,11:35,14:41,01:26,"16,8",,,
2029-Jun-17,21:37,22:03,22:33,23:03,"11,1","6,6",60,03:31,10:09,10:09,10:39,11:10,11:35,15:16,02:29,"25,7",,,
2029-Jun-18,21:37,22:03,22:34,23:03,"11,1","5,6",50,04:36,10:09,10:10,10:39,11:10,11:36,15:49,03:32,"35,9",,,
2029-Jun-19,21:38,22:03,22:34,23:04,"11,1","4,5",40,05:41,10:09,10:10,10:40,11:10,11:36,16:23,04:36,"47,0",,,
2029-Jun-20,21:38,22:03,22:34,23:04,"11,1","3,4",30,06:49,10:09,10:10,10:40,11:10,11:36,16:59,05:42,"58,5",,,
2029-Jun-21,21:38,22:04,22:34,23:04,"11,1","2,2",20,07:57,10:09,10:10,10:40,11:11,11:36,17:38,06:49,"69,7",,,
2029-Jun-22,21:38,22:04,22:34,23:04,"11,1","1,1",10,09:06,10:11,10:10,10:40,11:11,11:36,18:22,07:58,"79,9",,,
2029-Jun-23,21:38,22:04,22:35,23:05,"11,1","0,0",0,-,-,10:11,10:40,11:11,11:37,19:13,09:07,"88,5",,,
2029-Jun-24,21:39,22:04,22:35,23:05,"11,1","0,0",0,-,-,10:11,10:41,11:11,11:37,20:11,10:14,"94,9",,,
2029-Jun-25,21:39,22:05,22:35,23:05,"11,1","0,0",0,-,-,10:11,10:41,11:11,11:37,21:14,11:15,"98,8",,,
2029-Jun-26,21:39,22:05,22:36,23:05,"11,1","0,0",0,-,-,10:11,10:41,11:11,11:37,22:19,12:09,"100,0",,,
2029-Jun-27,21:40,22:05,22:36,23:06,"11,1","0,3",3,23:05,23:24,10:11,10:41,11:11,11:37,23:24,12:56,"98,5",,,
2029-Jun-28,21:40,22:06,22:36,23:06,"11,1","1,3",12,23:05,00:26,10:11,10:41,11:12,11:37,-,13:35,"94,7",,,
2029-Jun-29,21:40,22:06,22:36,23:06,"11,1","2,3",21,23:05,01:25,10:11,10:41,11:12,11:37,00:26,14:10,"88,8",,,
2029-Jun-30,21:41,22:06,22:37,23:07,"11,1","3,3",30,23:06,02:23,10:11,10:41,11:12,11:37,01:26,14:41,"81,5",,,
2029-Jul-01,21:41,22:07,22:37,23:07,"11,1","4,2",38,23:06,03:18,10:12,10:41,11:12,11:37,02:23,15:10,"73,1",,,
2029-Jul-02,21:42,22:07,22:38,23:07,"11,1","5,1",46,23:06,04:11,10:12,10:41,11:12,11:37,03:18,15:39,"63,9",,,
2029-Jul-03,21:42,22:08,22:38,23:08,"11,1","6,0",54,23:08,05:05,10:12,10:41,11:12,11:37,04:12,16:07,"54,4",,,
2029-Jul-04,21:42,22:08,22:38,23:08,"11,1","6,9",62,23:08,06:00,10:12,10:41,11:11,11:37,05:06,16:38,"44,9",,,
2029-Jul-05,21:43,22:08,22:39,23:09,"11,0","7,8",71,23:08,06:56,10:11,10:41,11:11,11:37,06:00,17:11,"35,6",,,
2029-Jul-06,21:43,22:09,22:39,23:09,"11,0","8,7",79,23:08,07:52,10:11,10:41,11:11,11:37,06:56,17:48,"26,8",,,
2029-Jul-07,21:44,22:09,22:40,23:09,"11,0","9,7",87,23:08,08:48,10:11,10:41,11:11,11:37,07:52,18:30,"18,8",,,
2029-Jul-08,21:44,22:10,22:40,23:10,"11,0","10,5",96,23:10,09:42,10:11,10:41,11:11,11:37,08:48,19:18,"11,8",,,
2029-Jul-09,21:45,22:10,22:41,23:10,"11,0","11,0",100,23:10,10:11,10:11,10:41,11:11,11:36,09:42,20:12,"6,2",,,
2029-Jul-10,21:45,22:11,22:41,23:11,"11,0","11,0",100,23:10,10:11,10:11,10:40,11:11,11:36,10:33,21:11,"2,2",,,
2029-Jul-11,21:46,22:11,22:42,23:11,"11,0","11,0",100,23:10,10:11,10:11,10:40,11:10,11:36,11:20,22:13,"0,2",,,
2029-Jul-12,21:46,22:12,22:42,23:12,"11,0","10,9",99,23:15,10:09,10:11,10:40,11:10,11:36,12:03,23:16,"0,4",,,
2029-Jul-13,21:47,22:12,22:42,23:12,"11,0","9,8",90,00:20,10:09,10:10,10:40,11:10,11:35,12:42,-,"2,9",,,
2029-Jul-14,21:47,22:13,22:43,23:12,"11,0","8,8",80,01:25,10:09,10:10,10:40,11:10,11:35,13:17,00:21,"7,7",,,
2029-Jul-15,21:48,22:13,22:43,23:13,"11,0","7,7",70,02:28,10:09,10:10,10:39,11:09,11:35,13:52,01:25,"14,6",,,
2029-Jul-16,21:49,22:14,22:44,23:13,"11,0","6,6",60,03:33,10:09,10:10,10:39,11:09,11:34,14:25,02:29,"23,5",,,
2029-Jul-17,21:49,22:14,22:44,23:14,"10,9","5,5",50,04:41,10:09,10:09,10:39,11:09,11:34,15:00,03:34,"33,7",,,
2029-Jul-18,21:50,22:15,22:45,23:14,"10,9","4,4",40,05:48,10:09,10:09,10:38,11:08,11:34,15:38,04:41,"44,9",,,
2029-Jul-19,21:50,22:16,22:46,23:15,"10,9","3,2",29,06:56,10:07,10:09,10:38,11:08,11:33,16:20,05:48,"56,4",,,
2029-Jul-20,21:51,22:16,22:46,23:15,"10,9","2,1",19,08:01,10:07,10:08,10:38,11:07,11:33,17:07,06:56,"67,6",,,
2029-Jul-21,21:51,22:17,22:47,23:16,"10,9","1,1",10,09:04,10:07,10:08,10:37,11:07,11:32,18:01,08:02,"77,9",,,
2029-Jul-22,21:52,22:17,22:47,23:16,"10,9","0,1",1,10:00,10:07,10:07,10:37,11:06,11:32,19:00,09:04,"86,6",,,
2029-Jul-23,21:53,22:18,22:48,23:17,"10,8","0,0",0,-,-,10:07,10:36,11:06,11:31,20:04,10:0,"93,3",,,
2029-Jul-24,21:53,22:18,22:48,23:17,"10,8","0,0",0,-,-,10:07,10:36,11:05,11:30,21:08,10:49,"97,8",,,
2029-Jul-25,21:54,22:19,22:49,23:18,"10,8","0,0",0,-,-,10:06,10:35,11:05,11:30,22:11,11:31,"99,8",,,
2029-Jul-26,21:54,22:20,22:49,23:18,"10,8","0,0",0,-,-,10:06,10:35,11:04,11:29,23:12,12:07,"99,4",,,
2029-Jul-27,21:55,22:20,22:50,23:19,"10,8","0,9",8,23:19,00:09,10:05,10:34,11:04,11:29,-,12:40,"96,8",,,
2029-Jul-28,21:56,22:21,22:50,23:19,"10,8","1,8",17,23:19,01:07,10:05,10:34,11:03,11:28,00:10,13:10,"92,3",,,
2029-Jul-29,21:56,22:21,22:51,23:20,"10,7","2,7",25,23:19,02:01,10:04,10:33,11:02,11:27,01:07,13:39,"86,1",,,
2029-Jul-30,21:57,22:22,22:51,23:20,"10,7","3,6",34,23:19,02:55,10:03,10:32,11:02,11:27,02:02,14:08,"78,6",,,
2029-Jul-31,21:58,22:23,22:52,23:21,"10,7","4,5",42,23:21,03:49,10:03,10:32,11:01,11:26,02:56,14:38,"70,2",,,
2029-Aug-01,21:58,22:23,22:53,23:21,"10,7","5,4",51,23:21,04:45,10:02,10:31,11:00,11:25,03:50,15:10,"61,2",,,
2029-Aug-02,21:59,22:24,22:53,23:22,"10,7","6,3",59,23:21,05:41,10:01,10:30,11:00,11:24,04:45,15:45,"51,8",,,
2029-Aug-03,21:59,22:24,22:54,23:23,"10,6","7,2",68,23:23,06:35,10:01,10:30,10:59,11:24,05:41,16:25,"42,3",,,
2029-Aug-04,22:00,22:25,22:54,23:23,"10,6","8,1",76,23:23,07:30,10:00,10:29,10:58,11:23,06:36,17:10,"33,0",,,
2029-Aug-05,22:01,22:26,22:55,23:24,"10,6","9,0",85,23:24,08:23,09:59,10:28,10:57,11:22,07:30,18:0,"24,1",,,
2029-Aug-06,22:01,22:26,22:55,23:24,"10,6","9,8",93,23:24,09:11,09:59,10:27,10:56,11:21,08:23,18:56,"16,1",,,
2029-Aug-07,22:02,22:27,22:56,23:25,"10,6","10,5",100,23:24,09:56,09:58,10:27,10:56,11:20,09:12,19:57,"9,3",,,
2029-Aug-08,22:03,22:27,22:56,23:25,"10,5","10,5",100,23:24,09:56,09:57,10:26,10:55,11:19,09:57,21:01,"4,2",,,
2029-Aug-09,22:03,22:28,22:57,23:26,"10,5","10,5",100,23:26,09:54,09:56,10:25,10:54,11:19,10:38,22:06,"1,0",,,
2029-Aug-10,22:04,22:29,22:58,23:26,"10,5","10,5",100,23:26,09:54,09:55,10:24,10:53,11:18,11:15,23:12,"0,1",,,
2029-Aug-11,22:04,22:29,22:58,23:27,"10,5","9,6",92,00:18,09:54,09:55,10:23,10:52,11:17,11:51,-,"1,8",,,
2029-Aug-12,22:05,22:30,22:59,23:27,"10,5","8,5",81,01:23,09:53,09:54,10:22,10:51,11:16,12:26,00:18,"6,1",,,
2029-Aug-13,22:06,22:30,22:59,23:28,"10,4","7,3",70,02:32,09:51,09:53,10:21,10:50,11:15,13:02,01:24,"12,7",,,
2029-Aug-14,22:06,22:31,23:00,23:28,"10,4","6,2",59,03:40,09:51,09:52,10:20,10:49,11:14,13:39,02:32,"21,4",,,
2029-Aug-15,22:07,22:32,23:00,23:29,"10,4","5,0",49,04:48,09:49,09:51,10:20,10:48,11:13,14:20,03:40,"31,7",,,
2029-Aug-16,22:07,22:32,23:01,23:29,"10,4","3,9",38,05:55,09:49,09:50,10:19,10:47,11:12,15:06,04:48,"42,8",,,
2029-Aug-17,22:08,22:33,23:01,23:30,"10,3","2,8",27,06:58,09:47,09:49,10:18,10:46,11:11,15:57,05:55,"54,2",,,
2029-Aug-18,22:09,22:33,23:02,23:30,"10,3","1,9",18,07:54,09:47,09:48,10:17,10:45,11:10,16:54,06:58,"65,2",,,
2029-Aug-19,22:09,22:34,23:03,23:31,"10,3","1,0",10,08:44,09:45,09:47,10:16,10:44,11:09,17:55,07:55,"75,4",,,
2029-Aug-20,22:10,22:34,23:03,23:31,"10,3","0,3",3,09:27,09:45,09:46,10:15,10:43,11:07,18:58,08:45,"84,2",,,
2029-Aug-21,22:10,22:35,23:04,23:32,"10,2","0,0",0,-,-,09:45,10:13,10:42,11:06,20:00,09:28,"91,2",,,
2029-Aug-22,22:11,22:36,23:04,23:33,"10,2","0,0",0,-,-,09:44,10:12,10:41,11:05,21:01,10:06,"96,2",,,
2029-Aug-23,22:12,22:36,23:05,23:33,"10,2","0,0",0,-,-,09:43,10:11,10:40,11:04,22:00,10:40,"99,1",,,
2029-Aug-24,22:12,22:37,23:05,23:34,"10,1","0,0",0,-,-,09:42,10:10,10:39,11:03,22:56,11:11,"99,8",,,
2029-Aug-25,22:13,22:37,23:06,23:34,"10,1","0,3",3,23:33,23:51,09:41,10:09,10:38,11:02,23:52,11:40,"98,5",,,
2029-Aug-26,22:13,22:38,23:06,23:35,"10,1","1,2",12,23:35,00:47,09:40,10:08,10:36,11:01,-,12:09,"95,2",,,
2029-Aug-27,22:14,22:39,23:07,23:35,"10,1","2,1",21,23:35,01:41,09:39,10:07,10:35,11:00,00:47,12:39,"90,3",,,
2029-Aug-28,22:15,22:39,23:08,23:36,"10,0","3,0",30,23:35,02:35,09:38,10:06,10:34,10:58,01:41,13:10,"83,9",,,
2029-Aug-29,22:15,22:40,23:08,23:36,"10,0","3,9",39,23:35,03:29,09:36,10:05,10:33,10:57,02:36,13:44,"76,3",,,
2029-Aug-30,22:16,22:40,23:09,23:37,"10,0","4,8",48,23:37,04:25,09:35,10:03,10:32,10:56,03:30,14:21,"67,9",,,
2029-Aug-31,22:16,22:41,23:09,23:37,"10,0","5,7",57,23:37,05:19,09:34,10:02,10:31,10:55,04:25,15:03,"58,7",,,
2029-Sep-01,22:17,22:41,23:10,23:38,"9,9","6,6",66,23:37,06:11,09:33,10:01,10:29,10:54,05:19,15:51,"49,2",,,
2029-Sep-02,22:18,22:42,23:10,23:39,"9,9","7,4",75,23:39,07:00,09:32,10:00,10:28,10:52,06:12,16:44,"39,5",,,
2029-Sep-03,22:18,22:43,23:11,23:39,"9,9","8,1",83,23:39,07:47,09:30,09:59,10:27,10:51,07:01,17:41,"29,9",,,
2029-Sep-04,22:19,22:43,23:11,23:40,"9,8","8,8",90,23:39,08:30,09:29,09:57,10:26,10:50,07:47,18:42,"21,0",,,
2029-Sep-05,22:19,22:44,23:12,23:40,"9,8","9,5",97,23:39,09:09,09:28,09:56,10:24,10:49,08:30,19:46,"13,1",,,
2029-Sep-06,22:20,22:44,23:13,23:41,"9,8","9,7",100,23:41,09:24,09:27,09:55,10:23,10:47,09:09,20:52,"6,6",,,
2029-Sep-07,22:21,22:45,23:13,23:41,"9,7","9,7",100,23:41,09:24,09:25,09:54,10:22,10:46,09:46,21:58,"2,2",,,
2029-Sep-08,22:21,22:46,23:14,23:42,"9,7","9,7",100,23:41,09:22,09:24,09:52,10:21,10:45,10:22,23:06,"0,2",,,
2029-Sep-09,22:22,22:46,23:14,23:43,"9,7","9,1",94,00:15,09:22,09:23,09:51,10:19,10:43,10:59,-,"1,0",,,
2029-Sep-10,22:22,22:47,23:15,23:43,"9,7","7,9",82,01:25,09:20,09:22,09:50,10:18,10:42,11:36,00:15,"4,6",,,
2029-Sep-11,22:23,22:47,23:16,23:44,"9,6","6,7",70,02:35,09:18,09:20,09:49,10:17,10:41,12:17,01:26,"10,8",,,
2029-Sep-12,22:24,22:48,23:16,23:44,"9,6","5,6",58,03:45,09:18,09:19,09:47,10:16,10:40,13:03,02:36,"19,1",,,
2029-Sep-13,22:24,22:48,23:17,23:45,"9,6","4,4",46,04:50,09:15,09:18,09:46,10:14,10:38,13:54,03:45,"29,1",,,
2029-Sep-14,22:25,22:49,23:17,23:46,"9,5","3,4",36,05:50,09:15,09:16,09:45,10:13,10:37,14:50,04:51,"40,0",,,
2029-Sep-15,22:25,22:50,23:18,23:46,"9,5","2,5",27,06:42,09:13,09:15,09:43,10:12,10:36,15:50,05:50,"51,1",,,
2029-Sep-16,22:26,22:50,23:19,23:47,"9,5","1,7",18,07:27,09:11,09:14,09:42,10:10,10:34,16:52,06:42,"61,9",,,
2029-Sep-17,22:27,22:51,23:19,23:48,"9,4","1,1",11,08:06,09:11,09:12,09:41,10:09,10:33,17:54,07:28,"72,0",,,
2029-Sep-18,22:27,22:51,23:20,23:48,"9,4","0,5",5,08:41,09:09,09:11,09:39,10:08,10:32,18:54,08:07,"80,9",,,
2029-Sep-19,22:28,22:52,23:20,23:49,"9,4","0,0",0,-,-,09:10,09:38,10:06,10:30,19:53,08:41,"88,2",,,
2029-Sep-20,22:28,22:53,23:21,23:50,"9,3","0,0",0,-,-,09:08,09:37,10:05,10:29,20:49,09:13,"93,9",,,
2029-Sep-21,22:29,22:53,23:22,23:50,"9,3","0,0",0,-,-,09:07,09:35,10:04,10:28,21:45,09:42,"97,7",,,
2029-Sep-22,22:30,22:54,23:22,23:51,"9,2","0,0",0,-,-,09:05,09:34,10:02,10:26,22:39,10:11,"99,6",,,
2029-Sep-23,22:30,22:55,23:23,23:52,"9,2","0,0",0,-,-,09:04,09:33,10:01,10:25,23:34,10:41,"99,5",,,
2029-Sep-24,22:31,22:55,23:24,23:52,"9,2","0,6",7,23:51,00:27,09:03,09:31,10:00,10:24,-,11:11,"97,6",,,
2029-Sep-25,22:31,22:56,23:24,23:53,"9,1","1,5",16,23:53,01:23,09:01,09:30,09:58,10:22,00:28,11:44,"93,9",,,
2029-Sep-26,22:32,22:56,23:25,23:54,"9,1","2,4",26,23:53,02:17,09:00,09:29,09:57,10:21,01:23,12:20,"88,7",,,
2029-Sep-27,22:33,22:57,23:26,23:54,"9,1","3,3",36,23:53,03:11,08:58,09:27,09:56,10:20,02:17,13:01,"82,1",,,
2029-Sep-28,22:33,22:58,23:26,23:55,"9,0","4,1",46,23:55,04:03,08:57,09:26,09:54,10:19,03:11,13:46,"74,3",,,
2029-Sep-29,22:34,22:58,23:27,23:56,"9,0","5,0",55,23:55,04:52,08:56,09:25,09:53,10:17,04:03,14:35,"65,5",,,
2029-Sep-30,22:35,22:59,23:28,23:57,"9,0","5,7",64,23:57,05:39,08:54,09:23,09:52,10:16,04:53,15:30,"56,0",,,
2029-Oct-01,22:35,23:00,23:28,23:57,"8,9","6,4",72,23:57,06:22,08:53,09:22,09:51,10:15,05:39,16:28,"46,0",,,
2029-Oct-02,22:36,23:00,23:29,23:58,"8,9","7,1",80,23:57,07:02,08:51,09:21,09:49,10:13,06:22,17:29,"35,9",,,
2029-Oct-03,22:37,23:01,23:30,23:59,"8,9","7,7",87,23:59,07:39,08:50,09:19,09:48,10:12,07:02,18:32,"26,2",,,
2029-Oct-04,22:37,23:02,23:30,00:00,"8,8","8,3",94,00:00,08:15,08:49,09:18,09:47,10:11,07:39,19:36,"17,2",,,
2029-Oct-05,22:38,23:02,23:31,00:00,"8,8","8,8",100,00:00,08:46,08:47,09:17,09:45,10:10,08:15,20:43,"9,5",,,
2029-Oct-06,22:39,23:03,23:32,00:01,"8,8","8,7",100,00:00,08:44,08:46,09:15,09:44,10:08,08:51,21:51,"3,8",,,
2029-Oct-07,22:39,23:04,23:33,00:02,"8,7","8,7",100,00:02,08:42,08:44,09:14,09:43,10:07,09:29,23:02,"0,7",,,
2029-Oct-08,22:40,23:04,23:33,00:03,"8,7","8,5",98,00:13,08:41,08:43,09:13,09:41,10:06,10:9,-,"0,4",,,
2029-Oct-09,22:41,23:05,23:34,00:04,"8,6","7,2",84,01:27,08:39,08:42,09:11,09:40,10:05,10:54,00:14,"3,1",,,
2029-Oct-10,22:41,23:06,23:35,00:05,"8,6","6,0",70,02:37,08:39,08:40,09:10,09:39,10:03,11:44,01:27,"8,5",,,
2029-Oct-11,22:42,23:07,23:36,00:06,"8,6","4,9",58,03:40,08:37,08:39,09:09,09:38,10:02,12:41,02:37,"16,2",,,
2029-Oct-12,22:43,23:07,23:37,00:06,"8,5","4,0",47,04:36,08:35,08:37,09:07,09:36,10:01,13:41,03:41,"25,7",,,
2029-Oct-13,22:44,23:08,23:37,00:07,"8,5","3,2",37,05:24,08:35,08:36,09:06,09:35,10:00,14:44,04:37,"36,1",,,
2029-Oct-14,22:44,23:09,23:38,00:08,"8,5","2,4",29,06:06,08:33,08:35,09:05,09:34,09:58,15:47,05:25,"46,8",,,
2029-Oct-15,22:45,23:10,23:39,00:09,"8,4","1,8",22,06:42,08:32,08:33,09:03,09:33,09:57,16:49,06:07,"57,4",,,
2029-Oct-16,22:46,23:10,23:40,00:10,"8,4","1,3",15,07:14,08:30,08:32,09:02,09:32,09:56,17:48,06:43,"67,4",,,
2029-Oct-17,22:47,23:11,23:41,00:11,"8,3","0,7",9,07:45,08:28,08:31,09:01,09:30,09:55,18:45,07:15,"76,5",,,
2029-Oct-18,22:47,23:12,23:42,00:12,"8,3","0,2",3,08:14,08:28,08:29,09:00,09:29,09:54,19:40,07:45,"84,3",,,
2029-Oct-19,22:48,23:13,23:42,00:13,"8,3","0,0",0,-,-,08:28,08:58,09:28,09:53,20:34,08:14,"90,7",,,
2029-Oct-20,22:49,23:14,23:43,00:14,"8,2","0,0",0,-,-,08:27,08:57,09:27,09:52,21:28,08:43,"95,5",,,
2029-Oct-21,22:50,23:14,23:44,00:15,"8,2","0,0",0,-,-,08:25,08:56,09:26,09:50,22:22,09:13,"98,5",,,
2029-Oct-22,22:50,23:15,23:45,00:16,"8,1","0,0",0,-,-,08:24,08:55,09:25,09:49,23:17,09:46,"99,8",,,
2029-Oct-23,22:51,23:16,23:46,00:17,"8,1","0,0",0,-,-,08:23,08:54,09:24,09:48,-,10:21,"99,2",,,
2029-Oct-24,22:52,23:17,23:47,00:18,"8,1","0,8",10,00:18,01:05,08:21,08:52,09:22,09:47,00:11,11:0,"96,9",,,
2029-Oct-25,22:53,23:18,23:48,00:19,"8,0","1,7",21,00:18,01:57,08:20,08:51,09:21,09:46,01:06,11:43,"92,9",,,
2029-Oct-26,22:54,23:19,23:49,00:20,"8,0","2,5",31,00:20,02:48,08:19,08:50,09:20,09:45,01:58,12:31,"87,2",,,
2029-Oct-27,22:54,23:19,23:50,00:21,"8,0","3,2",41,00:20,03:35,08:18,08:49,09:19,09:44,02:48,13:24,"80,1",,,
2029-Oct-28,22:55,23:20,23:51,00:22,"7,9","3,9",50,00:22,04:18,08:16,08:48,09:18,09:43,03:35,14:19,"71,8",,,
2029-Oct-29,22:56,23:21,23:52,00:23,"7,9","4,6",58,00:22,04:56,08:15,08:47,09:17,09:42,04:18,15:18,"62,4",,,
2029-Oct-30,22:57,23:22,23:53,00:24,"7,8","5,2",66,00:24,05:33,08:14,08:46,09:16,09:41,04:57,16:18,"52,3",,,
2029-Oct-31,22:58,23:23,23:53,00:25,"7,8","5,8",74,00:24,06:09,08:13,08:45,09:15,09:40,05:34,17:19,"41,8",,,
2029-Nov-01,22:59,23:24,23:54,00:26,"7,8","6,3",81,00:26,06:44,08:11,08:44,09:14,09:39,06:10,18:22,"31,3",,,
2029-Nov-02,23:00,23:25,23:55,00:27,"7,7","6,9",89,00:26,07:20,08:10,08:42,09:13,09:38,06:44,19:28,"21,4",,,
2029-Nov-03,23:00,23:26,23:56,00:29,"7,7","7,5",98,00:29,07:57,08:09,08:41,09:12,09:38,07:20,20:36,"12,7",,,
2029-Nov-04,23:01,23:26,23:57,00:30,"7,6","7,6",100,00:29,08:06,08:08,08:40,09:12,09:37,07:58,21:47,"5,9",,,
2029-Nov-05,23:02,23:27,23:58,00:31,"7,6","7,6",100,00:31,08:05,08:07,08:40,09:11,09:36,08:41,23:0,"1,5",,,
2029-Nov-06,23:03,23:28,23:59,00:32,"7,6","7,6",100,00:31,08:05,08:06,08:39,09:10,09:35,09:29,-,"0,1",,,
2029-Nov-07,23:04,23:29,00:00,00:33,"7,5","6,7",89,01:21,08:03,08:05,08:38,09:09,09:34,10:24,00:12,"1,6",,,
2029-Nov-08,23:05,23:30,00:02,00:34,"7,5","5,7",75,02:24,08:03,08:04,08:37,09:08,09:34,11:24,01:22,"6,0",,,
2029-Nov-09,23:06,23:31,00:03,00:35,"7,5","4,8",64,03:17,08:01,08:03,08:36,09:07,09:33,12:29,02:24,"12,8",,,
2029-Nov-10,23:07,23:32,00:04,00:37,"7,4","4,0",54,04:03,08:01,08:02,08:35,09:07,09:32,13:35,03:17,"21,4",,,
2029-Nov-11,23:08,23:33,00:05,00:38,"7,4","3,3",45,04:41,07:59,08:01,08:34,09:06,09:31,14:39,04:03,"31,0",,,
2029-Nov-12,23:09,23:34,00:06,00:39,"7,4","2,7",37,05:15,07:59,08:00,08:33,09:05,09:31,15:40,04:42,"41,3",,,
2029-Nov-13,23:09,23:35,00:07,00:40,"7,3","2,2",30,05:46,07:57,07:59,08:33,09:05,09:30,16:39,05:16,"51,6",,,
2029-Nov-14,23:10,23:36,00:08,00:41,"7,3","1,7",23,06:17,07:56,07:58,08:32,09:04,09:30,17:35,05:47,"61,5",,,
2029-Nov-15,23:11,23:37,00:09,00:42,"7,3","1,2",16,06:45,07:56,07:57,08:31,09:03,09:29,18:29,06:17,"70,8",,,
2029-Nov-16,23:12,23:38,00:10,00:44,"7,2","0,7",9,07:16,07:54,07:56,08:30,09:03,09:28,19:23,06:46,"79,1",,,
2029-Nov-17,23:13,23:39,00:11,00:45,"7,2","0,1",2,07:47,07:54,07:55,08:30,09:02,09:28,20:17,07:16,"86,3",,,
2029-Nov-18,23:14,23:40,00:12,00:46,"7,2","0,0",0,-,-,07:55,08:29,09:02,09:27,21:11,07:47,"92,1",,,
2029-Nov-19,23:15,23:41,00:13,00:47,"7,1","0,0",0,-,-,07:54,08:28,09:01,09:27,22:06,08:21,"96,4",,,
2029-Nov-20,23:16,23:41,00:14,00:48,"7,1","0,0",0,-,-,07:53,08:28,09:01,09:26,23:00,08:59,"99,1",,,
2029-Nov-21,23:17,23:42,00:15,00:49,"7,1","0,0",0,-,-,07:53,08:27,09:00,09:26,23:54,09:41,"99,9",,,
2029-Nov-22,23:18,23:43,00:16,00:51,"7,0","0,0",0,-,-,07:52,08:27,09:00,09:26,-,10:28,"99,0",,,
2029-Nov-23,23:19,23:44,00:17,00:52,"7,0","0,7",10,00:51,01:32,07:51,08:26,08:59,09:25,00:45,11:20,"96,2",,,
2029-Nov-24,23:19,23:45,00:18,00:53,"7,0","1,4",20,00:53,02:17,07:51,08:26,08:59,09:25,01:33,12:14,"91,5",,,
2029-Nov-25,23:20,23:46,00:19,00:54,"6,9","2,1",30,00:54,02:57,07:50,08:25,08:59,09:25,02:17,13:12,"85,2",,,
2029-Nov-26,23:21,23:47,00:20,00:55,"6,9","2,7",38,00:54,03:33,07:50,08:25,08:58,09:24,02:57,14:11,"77,4",,,
2029-Nov-27,23:22,23:48,00:21,00:56,"6,9","3,2",47,00:56,04:09,07:49,08:25,08:58,09:24,03:34,15:10,"68,2",,,
2029-Nov-28,23:23,23:49,00:22,00:57,"6,9","3,8",55,00:56,04:41,07:49,08:24,08:58,09:24,04:09,16:11,"58,0",,,
2029-Nov-29,23:24,23:50,00:23,00:58,"6,8","4,3",63,00:58,05:15,07:48,08:24,08:57,09:24,04:42,17:13,"47,2",,,
2029-Nov-30,23:25,23:51,00:24,01:00,"6,8","4,9",72,01:00,05:51,07:48,08:24,08:57,09:24,05:16,18:17,"36,2",,,
2029-Dec-01,23:26,23:52,00:25,01:01,"6,8","5,5",81,01:00,06:29,07:47,08:24,08:57,09:23,05:52,19:24,"25,6",,,
2029-Dec-02,23:26,23:52,00:26,01:02,"6,8","6,2",92,01:02,07:14,07:47,08:23,08:57,09:23,06:30,20:34,"16,1",,,
2029-Dec-03,23:27,23:53,00:27,01:03,"6,7","6,7",100,01:03,07:47,07:47,08:23,08:57,09:23,07:14,21:45,"8,3",,,
2029-Dec-04,23:28,23:54,00:28,01:04,"6,7","6,7",100,01:03,07:47,07:47,08:23,08:57,09:23,08:05,22:56,"2,9",,,
2029-Dec-05,23:29,23:55,00:29,01:05,"6,7","6,7",100,01:05,07:45,07:47,08:23,08:57,09:23,09:2,-,"0,2",,,
2029-Dec-06,23:30,23:56,00:29,01:06,"6,7","6,7",100,01:05,07:45,07:46,08:23,08:57,09:23,10:06,00:03,"0,5",,,
2029-Dec-07,23:30,23:57,00:30,01:06,"6,7","5,9",88,01:52,07:45,07:46,08:23,08:57,09:23,11:13,01:02,"3,6",,,
2029-Dec-08,23:31,23:57,00:31,01:07,"6,7","5,2",78,02:35,07:45,07:46,08:23,08:57,09:24,12:21,01:53,"9,1",,,
2029-Dec-09,23:32,23:58,00:32,01:08,"6,6","4,5",68,03:13,07:45,07:46,08:23,08:57,09:24,13:25,02:36,"16,5",,,
2029-Dec-10,23:33,23:59,00:33,01:09,"6,6","4,0",60,03:47,07:45,07:46,08:23,08:57,09:24,14:27,03:14,"25,2",,,
2029-Dec-11,23:33,00:00,00:33,01:10,"6,6","3,5",53,04:18,07:45,07:46,08:23,08:57,09:24,15:25,03:47,"34,7",,,
2029-Dec-12,23:34,00:00,00:34,01:11,"6,6","3,0",45,04:47,07:45,07:46,08:23,08:58,09:24,16:22,04:18,"44,5",,,
2029-Dec-13,23:35,00:01,00:35,01:11,"6,6","2,5",38,05:17,07:47,07:46,08:24,08:58,09:25,17:16,04:47,"54,3",,,
2029-Dec-14,23:35,00:02,00:36,01:12,"6,6","2,0",30,05:48,07:47,07:47,08:24,08:58,09:25,18:10,05:17,"63,7",,,
2029-Dec-15,23:36,00:02,00:36,01:13,"6,6","1,4",22,06:20,07:47,07:47,08:24,08:58,09:25,19:04,05:48,"72,5",,,
2029-Dec-16,23:37,00:03,00:37,01:14,"6,6","0,8",13,06:56,07:47,07:47,08:24,08:59,09:25,19:59,06:21,"80,5",,,
2029-Dec-17,23:37,00:03,00:38,01:14,"6,6","0,2",3,07:38,07:48,07:47,08:25,08:59,09:26,20:54,06:57,"87,4",,,
2029-Dec-18,23:38,00:04,00:38,01:15,"6,6","0,0",0,-,-,07:48,08:25,09:00,09:26,21:48,07:38,"93,0",,,
2029-Dec-19,23:38,00:05,00:39,01:15,"6,6","0,0",0,-,-,07:48,08:25,09:00,09:27,22:40,08:24,"97,1",,,
2029-Dec-20,23:39,00:05,00:39,01:16,"6,6","0,0",0,-,-,07:49,08:26,09:00,09:27,23:30,09:14,"99,5",,,
2029-Dec-21,23:39,00:06,00:40,01:16,"6,6","0,0",0,-,-,07:49,08:26,09:01,09:28,-,10:08,"99,9",,,
2029-Dec-22,23:40,00:06,00:40,01:17,"6,6","0,0",0,-,-,07:50,08:27,09:01,09:28,00:15,11:06,"98,4",,,
2029-Dec-23,23:40,00:07,00:41,01:17,"6,6","0,3",5,01:16,01:36,07:50,08:27,09:02,09:29,00:57,12:05,"94,9",,,
2029-Dec-24,23:41,00:07,00:41,01:18,"6,6","0,9",13,01:18,02:10,07:51,08:28,09:02,09:29,01:36,13:05,"89,4",,,
2029-Dec-25,23:41,00:07,00:41,01:18,"6,6","1,5",22,01:18,02:44,07:51,08:29,09:03,09:30,02:11,14:05,"82,0",,,
2029-Dec-26,23:42,00:08,00:42,01:18,"6,6","2,0",30,01:18,03:18,07:52,08:29,09:04,09:30,02:45,15:06,"73,0",,,
2029-Dec-27,23:42,00:08,00:42,01:19,"6,6","2,5",39,01:18,03:51,07:53,08:30,09:04,09:31,03:18,16:08,"62,8",,,
2029-Dec-28,23:42,00:08,00:42,01:19,"6,6","3,1",48,01:18,04:27,07:53,08:31,09:05,09:32,03:51,17:12,"51,8",,,
2029-Dec-29,23:43,00:09,00:43,01:19,"6,6","3,8",58,01:18,05:06,07:54,08:31,09:06,09:32,04:27,18:18,"40,5",,,
2029-Dec-30,23:43,00:09,00:43,01:19,"6,6","4,6",69,01:18,05:53,07:55,08:32,09:06,09:33,05:07,19:26,"29,5",,,
2029-Dec-31,23:43,00:09,00:43,01:19,"6,6","5,4",82,01:18,06:45,07:56,08:33,09:07,09:34,05:53,20:35,"19,5",,,
2030-Jan-01,23:43,00:09,00:43,01:19,"6,6","6,4",97,01:18,07:45,07:57,08:34,09:08,09:34,06:45,21:42,"11,1",,,
2030-Jan-02,23:43,00:09,00:43,01:19,"6,7","6,7",100,01:18,07:57,07:58,08:34,09:09,09:35,07:45,22:44,"4,8",,,
2030-Jan-03,23:44,00:10,00:43,01:19,"6,7","6,7",100,01:18,07:59,07:58,08:35,09:09,09:36,08:50,23:39,"1,1",,,
2030-Jan-04,23:44,00:10,00:43,01:19,"6,7","6,7",100,01:18,07:59,07:59,08:36,09:10,09:37,09:57,-,"0,1",,,
2030-Jan-05,23:44,00:10,00:43,01:19,"6,7","6,7",100,01:18,08:01,08:00,08:37,09:11,09:38,11:04,00:26,"1,7",,,
2030-Jan-06,23:44,00:10,00:43,01:19,"6,7","6,3",94,01:43,08:01,08:01,08:38,09:12,09:38,12:09,01:07,"5,7",,,
2030-Jan-07,23:44,00:10,00:43,01:19,"6,7","5,8",86,02:15,08:03,08:02,08:39,09:13,09:39,13:10,01:43,"11,6",,,
2030-Jan-08,23:44,00:10,00:43,01:19,"6,7","5,3",78,02:46,08:03,08:03,08:40,09:14,09:40,14:09,02:16,"19,1",,,
2030-Jan-09,23:44,00:10,00:43,01:19,"6,8","4,8",71,03:17,08:05,08:04,08:41,09:14,09:41,15:05,02:47,"27,6",,,
2030-Jan-10,23:44,00:10,00:43,01:18,"6,8","4,3",64,03:47,08:06,08:06,08:42,09:15,09:42,16:01,03:17,"36,7",,,
2030-Jan-11,23:44,00:09,00:43,01:18,"6,8","3,8",56,04:20,08:08,08:07,08:43,09:16,09:43,16:55,03:48,"46,1",,,
2030-Jan-12,23:43,00:09,00:42,01:18,"6,8","3,2",47,04:54,08:08,08:08,08:44,09:17,09:43,17:50,04:20,"55,6",,,
2030-Jan-13,23:43,00:09,00:42,01:17,"6,9","2,6",38,05:33,08:10,08:09,08:45,09:18,09:44,18:44,04:55,"64,8",,,
2030-Jan-14,23:43,00:09,00:42,01:17,"6,9","1,9",28,06:17,08:10,08:10,08:46,09:19,09:45,19:39,05:34,"73,5",,,
2030-Jan-15,23:43,00:09,00:41,01:16,"6,9","1,1",16,07:05,08:12,08:11,08:47,09:20,09:46,20:32,06:17,"81,4",,,
2030-Jan-16,23:43,00:08,00:41,01:16,"6,9","0,3",4,07:59,08:14,08:12,08:48,09:21,09:47,21:22,07:06,"88,2",,,
2030-Jan-17,23:42,00:08,00:41,01:15,"7,0","0,0",0,-,-,08:14,08:49,09:22,09:48,22:10,07:59,"93,8",,,
2030-Jan-18,23:42,00:08,00:40,01:15,"7,0","0,0",0,-,-,08:15,08:50,09:23,09:49,22:54,08:56,"97,7",,,
2030-Jan-19,23:42,00:07,00:40,01:14,"7,0","0,0",0,-,-,08:16,08:51,09:24,09:50,23:35,09:55,"99,7",,,
2030-Jan-20,23:41,00:07,00:39,01:14,"7,1","0,0",0,-,-,08:17,08:52,09:25,09:51,-,10:56,"99,6",,,
2030-Jan-21,23:41,00:06,00:39,01:13,"7,1","0,0",0,-,-,08:18,08:53,09:26,09:52,00:12,11:57,"97,2",,,
2030-Jan-22,23:40,00:06,00:38,01:12,"7,1","0,1",2,01:11,01:20,08:20,08:54,09:27,09:53,00:47,12:59,"92,6",,,
2030-Jan-23,23:40,00:06,00:38,01:12,"7,2","0,7",10,01:11,01:54,08:21,08:55,09:28,09:54,01:20,14:02,"85,7",,,
2030-Jan-24,23:40,00:05,00:37,01:11,"7,2","1,3",18,01:11,02:28,08:22,08:56,09:29,09:55,01:54,15:05,"77,0",,,
2030-Jan-25,23:39,00:04,00:36,01:10,"7,2","2,0",27,01:09,03:08,08:23,08:58,09:30,09:56,02:29,16:10,"66,9",,,
2030-Jan-26,23:38,00:04,00:36,01:09,"7,3","2,7",37,01:09,03:49,08:25,08:59,09:31,09:57,03:08,17:16,"55,8",,,
2030-Jan-27,23:38,00:03,00:35,01:09,"7,3","3,5",48,01:09,04:39,08:26,09:00,09:32,09:58,03:50,18:24,"44,4",,,
2030-Jan-28,23:37,00:03,00:34,01:08,"7,3","4,4",60,01:07,05:33,08:27,09:01,09:33,09:59,04:39,19:29,"33,2",,,
2030-Jan-29,23:37,00:02,00:34,01:07,"7,4","5,5",74,01:07,06:33,08:28,09:02,09:34,10:00,05:33,20:31,"22,9",,,
2030-Jan-30,23:36,00:01,00:33,01:06,"7,4","6,6",89,01:05,07:39,08:30,09:03,09:35,10:00,06:34,21:28,"14,1",,,
2030-Jan-31,23:35,00:01,00:32,01:05,"7,4","7,5",100,01:05,08:32,08:31,09:04,09:36,10:01,07:39,22:17,"7,2",,,
2030-Feb-01,23:35,00:00,00:31,01:04,"7,5","7,5",100,01:03,08:33,08:32,09:05,09:37,10:02,08:45,23:01,"2,6",,,
2030-Feb-02,23:34,23:59,00:30,01:03,"7,5","7,5",100,01:03,08:35,08:33,09:06,09:38,10:03,09:50,23:39,"0,4",,,
2030-Feb-03,23:33,23:58,00:30,01:02,"7,6","7,6",100,01:02,08:35,08:35,09:08,09:39,10:04,10:53,-,"0,6",,,
2030-Feb-04,23:33,23:58,00:29,01:01,"7,6","7,6",100,01:00,08:37,08:36,09:09,09:40,10:05,11:53,00:13,"3,0",,,
2030-Feb-05,23:32,23:57,00:28,01:00,"7,6","7,4",97,01:16,08:37,08:37,09:10,09:41,10:06,12:52,00:45,"7,4",,,
2030-Feb-06,23:31,23:56,00:27,00:59,"7,7","6,9",90,01:47,08:39,08:38,09:11,09:42,10:07,13:48,01:16,"13,4",,,
2030-Feb-07,23:30,23:55,00:26,00:58,"7,7","6,4",83,02:19,08:41,08:39,09:12,09:43,10:08,14:44,01:47,"20,7",,,
2030-Feb-08,23:29,23:54,00:25,00:57,"7,7","5,8",75,02:53,08:41,08:41,09:13,09:44,10:09,15:39,02:19,"28,9",,,
2030-Feb-09,23:28,23:53,00:24,00:56,"7,8","5,2",67,03:29,08:42,08:42,09:14,09:45,10:10,16:34,02:53,"37,8",,,
2030-Feb-10,23:27,23:52,00:23,00:55,"7,8","4,5",58,04:11,08:44,08:43,09:15,09:46,10:11,17:28,03:30,"47,0",,,
2030-Feb-11,23:27,23:52,00:22,00:53,"7,9","3,8",48,04:56,08:44,08:44,09:16,09:47,10:12,18:21,04:12,"56,4",,,
2030-Feb-12,23:26,23:51,00:21,00:52,"7,9","3,0",38,05:48,08:46,08:45,09:17,09:48,10:13,19:13,04:57,"65,6",,,
2030-Feb-13,23:25,23:50,00:20,00:51,"7,9","2,1",26,06:42,08:48,08:47,09:18,09:49,10:14,20:01,05:48,"74,4",,,
2030-Feb-14,23:24,23:49,00:19,00:50,"8,0","1,1",14,07:41,08:48,08:48,09:19,09:50,10:14,20:47,06:42,"82,4",,,
2030-Feb-15,23:23,23:48,00:18,00:49,"8,0","0,2",2,08:41,08:50,08:49,09:20,09:50,10:15,21:29,07:41,"89,4",,,
2030-Feb-16,23:22,23:47,00:17,00:47,"8,1","0,0",0,-,-,08:50,09:21,09:51,10:16,22:08,08:41,"94,9",,,
2030-Feb-17,23:21,23:46,00:15,00:46,"8,1","0,0",0,-,-,08:51,09:22,09:52,10:17,22:45,09:43,"98,5",,,
2030-Feb-18,23:20,23:44,00:14,00:45,"8,1","0,0",0,-,-,08:52,09:23,09:53,10:18,23:20,10:46,"99,9",,,
2030-Feb-19,23:19,23:43,00:13,00:44,"8,2","0,0",0,-,-,08:53,09:24,09:54,10:19,23:55,11:50,"98,7",,,
2030-Feb-20,23:18,23:42,00:12,00:42,"8,2","0,0",0,-,-,08:54,09:25,09:55,10:20,-,12:55,"95,0",,,
2030-Feb-21,23:17,23:41,00:11,00:41,"8,2","0,5",5,00:40,01:07,08:55,09:26,09:56,10:20,00:30,14:01,"88,8",,,
2030-Feb-22,23:15,23:40,00:10,00:40,"8,3","1,2",14,00:40,01:50,08:56,09:27,09:57,10:21,01:08,15:08,"80,4",,,
2030-Feb-23,23:14,23:39,00:08,00:39,"8,3","2,0",24,00:38,02:37,08:57,09:28,09:58,10:22,01:50,16:16,"70,4",,,
2030-Feb-24,23:13,23:38,00:07,00:37,"8,4","2,9",34,00:36,03:29,08:58,09:29,09:58,10:23,02:37,17:22,"59,4",,,
2030-Feb-25,23:12,23:37,00:06,00:36,"8,4","3,9",46,00:35,04:27,09:00,09:30,09:59,10:24,03:30,18:25,"47,9",,,
2030-Feb-26,23:11,23:36,00:05,00:35,"8,4","4,9",58,00:35,05:30,09:01,09:31,10:00,10:25,04:28,19:22,"36,7",,,
2030-Feb-27,23:10,23:34,00:04,00:33,"8,5","6,0",71,00:33,06:33,09:02,09:32,10:01,10:25,05:30,20:13,"26,4",,,
2030-Feb-28,23:09,23:33,00:02,00:32,"8,5","7,1",84,00:31,07:38,09:02,09:32,10:02,10:26,06:34,20:57,"17,3",,,
2030-Mar-01,23:07,23:32,00:01,00:31,"8,5","8,2",96,00:31,08:39,09:03,09:33,10:03,10:27,07:38,21:36,"10,0",,,
2030-Mar-02,23:06,23:31,00:00,00:29,"8,6","8,6",100,00:29,09:04,09:04,09:34,10:03,10:28,08:40,22:11,"4,6",,,
2030-Mar-03,23:05,23:30,23:59,00:28,"8,6","8,6",100,00:27,09:06,09:05,09:35,10:04,10:28,09:40,22:44,"1,3",,,
2030-Mar-04,23:04,23:28,23:57,00:27,"8,7","8,7",100,00:26,09:06,09:06,09:36,10:05,10:29,10:39,23:15,"0,2",,,
2030-Mar-05,23:03,23:27,23:56,00:25,"8,7","8,7",100,00:24,09:08,09:07,09:37,10:06,10:30,11:36,23:46,"1,2",,,
2030-Mar-06,23:01,23:26,23:55,00:24,"8,7","8,8",100,00:24,09:09,09:08,09:38,10:07,10:31,12:32,-,"4,0",,,
2030-Mar-07,23:00,23:25,23:53,00:23,"8,8","8,3",95,00:51,09:09,09:09,09:38,10:07,10:32,13:28,00:18,"8,6",,,
2030-Mar-08,22:59,23:23,23:52,00:21,"8,8","7,7",88,01:27,09:11,09:10,09:39,10:08,10:32,14:23,00:52,"14,6",,,
2030-Mar-09,22:58,23:22,23:51,00:20,"8,9","7,1",80,02:06,09:11,09:11,09:40,10:09,10:33,15:18,01:28,"21,8",,,
2030-Mar-10,22:57,23:21,23:50,00:19,"8,9","6,4",72,02:50,09:13,09:12,09:41,10:10,10:34,16:11,02:07,"29,9",,,
2030-Mar-11,22:55,23:20,23:48,00:17,"8,9","5,6",62,03:38,09:13,09:13,09:42,10:10,10:34,17:03,02:51,"38,8",,,
2030-Mar-12,22:54,23:18,23:47,00:16,"9,0","4,7",53,04:30,09:13,09:13,09:42,10:11,10:35,17:52,03:39,"48,1",,,
2030-Mar-13,22:53,23:17,23:46,00:14,"9,0","3,8",42,05:26,09:15,09:14,09:43,10:12,10:36,18:38,04:31,"57,6",,,
2030-Mar-14,22:51,23:16,23:44,00:13,"9,0","2,9",32,06:24,09:15,09:15,09:44,10:13,10:37,19:21,05:26,"67,1",,,
2030-Mar-15,22:50,23:15,23:43,00:12,"9,1","1,9",21,07:25,09:17,09:16,09:45,10:13,10:37,20:01,06:25,"76,1",,,
2030-Mar-16,22:49,23:13,23:42,00:10,"9,1","0,8",9,08:26,09:17,09:17,09:45,10:14,10:38,20:39,07:25,"84,4",,,
2030-Mar-17,22:48,23:12,23:40,00:09,"9,1","0,0",0,-,-,09:17,09:46,10:15,10:39,21:14,08:27,"91,4",,,
2030-Mar-18,22:46,23:11,23:39,00:08,"9,2","0,0",0,-,-,09:18,09:47,10:15,10:39,21:50,09:31,"96,5",,,
2030-Mar-19,22:45,23:09,23:38,00:06,"9,2","0,0",0,-,-,09:19,09:48,10:16,10:40,22:26,10:36,"99,4",,,
2030-Mar-20,22:44,23:08,23:36,00:05,"9,3","0,0",0,-,-,09:20,09:48,10:17,10:41,23:04,11:43,"99,6",,,
2030-Mar-21,22:43,23:07,23:35,00:04,"9,3","0,0",0,-,-,09:20,09:49,10:17,10:42,23:46,12:52,"96,8",,,
2030-Mar-22,22:41,23:06,23:34,00:02,"9,3","0,5",6,00:02,00:33,09:21,09:50,10:18,10:42,-,14:02,"91,3",,,
2030-Mar-23,22:40,23:04,23:33,00:01,"9,4","1,4",15,00:00,01:25,09:22,09:50,10:19,10:43,00:33,15:11,"83,4",,,
2030-Mar-24,22:39,23:03,23:31,00:00,"9,4","2,4",25,00:00,02:23,09:23,09:51,10:20,10:44,01:25,16:17,"73,7",,,
2030-Mar-25,22:37,23:02,23:30,23:58,"9,4","3,5",37,23:57,03:24,09:23,09:52,10:20,10:44,02:23,17:17,"62,9",,,
2030-Mar-26,22:36,23:01,23:29,23:57,"9,5","4,5",48,23:57,04:27,09:24,09:53,10:21,10:45,03:25,18:10,"51,6",,,
2030-Mar-27,22:35,22:59,23:27,23:56,"9,5","5,6",59,23:55,05:30,09:25,09:53,10:22,10:46,04:28,18:56,"40,5",,,
2030-Mar-28,22:34,22:58,23:26,23:55,"9,5","6,6",70,23:55,06:33,09:26,09:54,10:22,10:46,05:31,19:36,"30,1",,,
2030-Mar-29,22:32,22:57,23:25,23:53,"9,6","7,7",80,23:53,07:32,09:26,09:55,10:23,10:47,06:33,20:12,"20,9",,,
2030-Mar-30,22:31,22:55,23:24,23:52,"9,6","8,7",90,23:51,08:30,09:27,09:55,10:24,10:48,07:33,20:45,"13,2",,,
2030-Mar-31,22:30,22:54,23:22,23:51,"9,6","9,6",100,23:50,09:27,09:28,09:56,10:24,10:48,08:31,21:16,"7,1",,,
2030-Apr-01,22:29,22:53,23:21,23:49,"9,7","9,7",100,23:48,09:29,09:28,09:57,10:25,10:49,09:28,21:47,"2,9",,,
2030-Apr-02,22:27,22:52,23:20,23:48,"9,7","9,7",100,23:48,09:29,09:29,09:57,10:25,10:50,10:24,22:19,"0,6",,,
2030-Apr-03,22:26,22:50,23:19,23:47,"9,7","9,7",100,23:46,09:29,09:30,09:58,10:26,10:50,11:19,22:51,"0,3",,,
2030-Apr-04,22:25,22:49,23:17,23:46,"9,7","9,8",100,23:46,09:31,09:30,09:59,10:27,10:51,12:14,23:27,"1,7",,,
2030-Apr-05,22:24,22:48,23:16,23:45,"9,8","9,5",97,00:04,09:31,09:31,09:59,10:27,10:52,13:9,-,"4,9",,,
2030-Apr-06,22:22,22:47,23:15,23:43,"9,8","8,8",89,00:47,09:31,09:32,10:00,10:28,10:52,14:03,00:05,"9,7",,,
2030-Apr-07,22:21,22:46,23:14,23:42,"9,8","8,0",81,01:32,09:33,09:32,10:00,10:29,10:53,14:55,00:47,"15,8",,,
2030-Apr-08,22:20,22:44,23:13,23:41,"9,9","7,2",73,02:23,09:33,09:33,10:01,10:29,10:54,15:45,01:33,"23,1",,,
2030-Apr-09,22:19,22:43,23:12,23:40,"9,9","6,3",64,03:17,09:33,09:33,10:02,10:30,10:54,16:32,02:23,"31,5",,,
2030-Apr-10,22:18,22:42,23:10,23:39,"9,9","5,4",54,04:11,09:35,09:34,10:02,10:31,10:55,17:15,03:17,"40,6",,,
2030-Apr-11,22:16,22:41,23:09,23:37,"10,0","4,4",44,05:10,09:35,09:35,10:03,10:31,10:55,17:55,04:12,"50,3",,,
2030-Apr-12,22:15,22:40,23:08,23:36,"10,0","3,4",34,06:09,09:35,09:35,10:04,10:32,10:56,18:33,05:10,"60,3",,,
2030-Apr-13,22:14,22:39,23:07,23:35,"10,0","2,4",24,07:11,09:36,09:36,10:04,10:33,10:57,19:08,06:10,"70,1",,,
2030-Apr-14,22:13,22:37,23:06,23:34,"10,1","1,4",14,08:14,09:36,09:37,10:05,10:33,10:57,19:43,07:11,"79,5",,,
2030-Apr-15,22:12,22:36,23:05,23:33,"10,1","0,3",3,09:20,09:38,09:37,10:05,10:34,10:58,20:19,08:14,"87,7",,,
2030-Apr-16,22:11,22:35,23:04,23:32,"10,1","0,0",0,-,-,09:38,10:06,10:35,10:59,20:56,09:20,"94,3",,,
2030-Apr-17,22:10,22:34,23:03,23:31,"10,1","0,0",0,-,-,09:38,10:07,10:35,10:59,21:37,10:29,"98,5",,,
2030-Apr-18,22:08,22:33,23:02,23:30,"10,2","0,0",0,-,-,09:39,10:07,10:36,11:00,22:22,11:40,"99,9",,,
2030-Apr-19,22:07,22:32,23:00,23:29,"10,2","0,0",0,-,-,09:40,10:08,10:36,11:01,23:14,12:51,"98,2",,,
2030-Apr-20,22:06,22:31,22:59,23:28,"10,2","0,7",7,23:28,00:11,09:40,10:09,10:37,11:01,-,14:01,"93,5",,,
2030-Apr-21,22:05,22:30,22:58,23:27,"10,2","1,8",17,23:26,01:14,09:41,10:09,10:38,11:02,00:11,15:06,"86,2",,,
2030-Apr-22,22:04,22:29,22:57,23:26,"10,3","2,9",28,23:26,02:19,09:41,10:10,10:38,11:03,01:14,16:04,"77,0",,,
2030-Apr-23,22:03,22:28,22:56,23:25,"10,3","4,0",39,23:24,03:24,09:42,10:10,10:39,11:03,02:19,16:53,"66,5",,,
2030-Apr-24,22:02,22:27,22:55,23:24,"10,3","5,1",49,23:24,04:27,09:43,10:11,10:40,11:04,03:24,17:36,"55,5",,,
2030-Apr-25,22:01,22:26,22:55,23:23,"10,3","6,1",59,23:23,05:28,09:43,10:12,10:40,11:05,04:27,18:14,"44,6",,,
2030-Apr-26,22:00,22:25,22:54,23:22,"10,4","7,1",68,23:21,06:26,09:44,10:12,10:41,11:05,05:28,18:47,"34,3",,,
2030-Apr-27,21:59,22:24,22:53,23:21,"10,4","8,0",77,23:21,07:23,09:44,10:13,10:42,11:06,06:26,19:19,"24,9",,,
2030-Apr-28,21:58,22:23,22:52,23:20,"10,4","9,0",86,23:19,08:17,09:45,10:13,10:42,11:07,07:23,19:50,"16,8",,,
2030-Apr-29,21:57,22:22,22:51,23:19,"10,4","9,9",95,23:19,09:13,09:45,10:14,10:43,11:07,08:18,20:21,"10,1",,,
2030-Apr-30,21:56,22:21,22:50,23:19,"10,5","10,5",100,23:19,09:47,09:46,10:15,10:43,11:08,09:13,20:53,"5,1",,,
2030-May-01,21:55,22:20,22:49,23:18,"10,5","10,5",100,23:17,09:47,09:47,10:15,10:44,11:09,10:08,21:27,"1,8",,,
2030-May-02,21:55,22:19,22:48,23:17,"10,5","10,5",100,23:17,09:47,09:47,10:16,10:45,11:09,11:03,22:04,"0,2",,,
2030-May-03,21:54,22:19,22:48,23:16,"10,5","10,5",100,23:15,09:47,09:48,10:16,10:45,11:10,11:57,22:45,"0,4",,,
2030-May-04,21:53,22:18,22:47,23:15,"10,6","10,3",98,23:30,09:49,09:48,10:17,10:46,11:11,12:50,23:30,"2,4",,,
2030-May-05,21:52,22:17,22:46,23:15,"10,6","9,5",90,00:18,09:49,09:49,10:18,10:47,11:11,13:40,-,"6,0",,,
2030-May-06,21:51,22:16,22:45,23:14,"10,6","8,7",82,01:11,09:49,09:49,10:18,10:47,11:12,14:28,00:19,"11,1",,,
2030-May-07,21:50,22:15,22:45,23:13,"10,6","7,8",73,02:05,09:51,09:50,10:19,10:48,11:13,15:12,01:11,"17,7",,,
2030-May-08,21:50,22:15,22:44,23:13,"10,6","6,8",64,03:00,09:51,09:51,10:19,10:49,11:13,15:53,02:05,"25,6",,,
2030-May-09,21:49,22:14,22:43,23:12,"10,7","5,9",55,03:58,09:51,09:51,10:20,10:49,11:14,16:30,03:01,"34,5",,,
2030-May-10,21:48,22:13,22:42,23:11,"10,7","4,9",46,04:56,09:51,09:52,10:21,10:50,11:15,17:05,03:59,"44,2",,,
2030-May-11,21:47,22:12,22:42,23:11,"10,7","3,9",37,05:57,09:53,09:52,10:21,10:51,11:15,17:39,04:57,"54,5",,,
2030-May-12,21:47,22:12,22:41,23:10,"10,7","2,9",27,07:00,09:53,09:53,10:22,10:51,11:16,18:13,05:58,"65,0",,,
2030-May-13,21:46,22:11,22:41,23:10,"10,7","1,8",17,08:05,09:54,09:53,10:22,10:52,11:17,18:49,07:0,"75,2",,,
2030-May-14,21:45,22:10,22:40,23:09,"10,8","0,7",6,09:13,09:54,09:54,10:23,10:52,11:17,19:27,08:05,"84,4",,,
2030-May-15,21:45,22:10,22:39,23:09,"10,8","0,0",0,-,-,09:55,10:24,10:53,11:18,20:09,09:14,"92,1",,,
2030-May-16,21:44,22:09,22:39,23:08,"10,8","0,0",0,-,-,09:55,10:24,10:54,11:19,20:57,10:25,"97,4",,,
2030-May-17,21:44,22:09,22:38,23:08,"10,8","0,0",0,-,-,09:56,10:25,10:54,11:19,21:53,11:37,"99,9",,,
2030-May-18,21:43,22:08,22:38,23:07,"10,8","0,0",0,-,-,09:56,10:25,10:55,11:20,22:55,12:46,"99,1",,,
2030-May-19,21:42,22:08,22:37,23:07,"10,8","0,9",8,23:06,00:02,09:57,10:26,10:56,11:21,-,13:49,"95,3",,,
2030-May-20,21:42,22:07,22:37,23:06,"10,9","2,1",19,23:05,01:09,09:57,10:26,10:56,11:21,00:02,14:44,"88,8",,,
2030-May-21,21:41,22:07,22:37,23:06,"10,9","3,2",29,23:05,02:15,09:58,10:27,10:57,11:22,01:10,15:31,"80,3",,,
2030-May-22,21:41,22:06,22:36,23:05,"10,9","4,2",39,23:05,03:18,09:58,10:28,10:57,11:23,02:16,16:12,"70,4",,,
2030-May-23,21:41,22:06,22:36,23:05,"10,9","5,3",48,23:05,04:20,09:59,10:28,10:58,11:23,03:19,16:48,"59,8",,,
2030-May-24,21:40,22:05,22:35,23:05,"10,9","6,2",57,23:05,05:17,09:59,10:29,10:58,11:24,04:20,17:21,"49,2",,,
2030-May-25,21:40,22:05,22:35,23:04,"10,9","7,2",66,23:03,06:13,10:00,10:29,10:59,11:24,05:18,17:52,"39,0",,,
2030-May-26,21:39,22:05,22:35,23:04,"10,9","8,1",74,23:03,07:09,10:00,10:30,11:00,11:25,06:14,18:23,"29,5",,,
2030-May-27,21:39,22:04,22:34,23:04,"11,0","9,0",82,23:03,08:03,10:01,10:30,11:00,11:26,07:09,18:55,"21,0",,,
2030-May-28,21:39,22:04,22:34,23:04,"11,0","9,9",90,23:03,08:57,10:01,10:31,11:01,11:26,08:03,19:28,"13,8",,,
2030-May-29,21:38,22:04,22:34,23:03,"11,0","10,8",99,23:03,09:51,10:02,10:31,11:01,11:27,08:58,20:04,"7,9",,,
2030-May-30,21:38,22:04,22:34,23:03,"11,0","11,0",100,23:03,10:03,10:02,10:32,11:02,11:27,09:52,20:44,"3,6",,,
2030-May-31,21:38,22:03,22:34,23:03,"11,0","11,0",100,23:03,10:03,10:03,10:32,11:02,11:28,10:45,21:28,"1,0",,,
2030-Jun-01,21:38,22:03,22:33,23:03,"11,0","11,0",100,23:03,10:03,10:03,10:33,11:03,11:28,11:37,22:15,"0,0",,,
2030-Jun-02,21:37,22:03,22:33,23:03,"11,0","11,0",100,23:05,10:03,10:04,10:33,11:03,11:29,12:26,23:06,"0,8",,,
2030-Jun-03,21:37,22:03,22:33,23:03,"11,0","10,1",91,00:00,10:05,10:04,10:34,11:04,11:29,13:11,-,"3,4",,,
2030-Jun-04,21:37,22:03,22:33,23:03,"11,0","9,2",83,00:56,10:05,10:05,10:34,11:04,11:30,13:52,00:0,"7,7",,,
2030-Jun-05,21:37,22:02,22:33,23:03,"11,0","8,2",75,01:52,10:05,10:05,10:35,11:05,11:30,14:31,00:56,"13,6",,,
2030-Jun-06,21:37,22:02,22:33,23:03,"11,0","7,3",66,02:50,10:05,10:05,10:35,11:05,11:31,15:06,01:52,"21,0",,,
2030-Jun-07,21:37,22:02,22:33,23:03,"11,1","6,3",57,03:47,10:05,10:06,10:35,11:06,11:31,15:40,02:50,"29,7",,,
2030-Jun-08,21:37,22:02,22:33,23:02,"11,1","5,3",48,04:48,10:07,10:06,10:36,11:06,11:32,16:13,03:48,"39,5",,,
2030-Jun-09,21:37,22:02,22:33,23:03,"11,1","4,3",39,05:50,10:07,10:07,10:36,11:07,11:32,16:46,04:48,"50,0",,,
2030-Jun-10,21:37,22:02,22:33,23:03,"11,1","3,2",29,06:54,10:07,10:07,10:37,11:07,11:33,17:21,05:50,"60,9",,,
2030-Jun-11,21:37,22:02,22:33,23:03,"11,1","2,1",19,08:01,10:07,10:07,10:37,11:07,11:33,18:00,06:54,"71,7",,,
2030-Jun-12,21:37,22:02,22:33,23:03,"11,1","0,9",8,09:11,10:07,10:08,10:37,11:08,11:34,18:44,08:02,"81,6",,,
2030-Jun-13,21:37,22:02,22:33,23:03,"11,1","0,0",0,-,-,10:08,10:38,11:08,11:34,19:35,09:12,"90,0",,,
2030-Jun-14,21:37,22:02,22:33,23:03,"11,1","0,0",0,-,-,10:08,10:38,11:09,11:34,20:33,10:22,"96,2",,,
2030-Jun-15,21:37,22:02,22:33,23:03,"11,1","0,0",0,-,-,10:09,10:38,11:09,11:35,21:38,11:28,"99,5",,,
2030-Jun-16,21:37,22:03,22:33,23:03,"11,1","0,0",0,-,-,10:09,10:39,11:09,11:35,22:47,12:29,"99,7",,,
2030-Jun-17,21:37,22:03,22:33,23:03,"11,1","0,9",8,23:03,23:55,10:09,10:39,11:10,11:35,23:56,13:21,"96,8",,,
2030-Jun-18,21:37,22:03,22:34,23:03,"11,1","2,0",18,23:03,01:03,10:10,10:39,11:10,11:36,-,14:06,"91,3",,,
2030-Jun-19,21:38,22:03,22:34,23:04,"11,1","3,1",27,23:03,02:06,10:10,10:40,11:10,11:36,01:03,14:45,"83,6",,,
2030-Jun-20,21:38,22:03,22:34,23:04,"11,1","4,1",37,23:03,03:08,10:10,10:40,11:10,11:36,02:07,15:20,"74,6",,,
2030-Jun-21,21:38,22:04,22:34,23:04,"11,1","5,0",45,23:03,04:05,10:10,10:40,11:11,11:36,03:08,15:53,"64,7",,,
2030-Jun-22,21:38,22:04,22:34,23:04,"11,1","6,0",54,23:03,05:01,10:10,10:40,11:11,11:36,04:06,16:24,"54,5",,,
2030-Jun-23,21:38,22:04,22:35,23:05,"11,1","6,9",62,23:05,05:57,10:11,10:40,11:11,11:37,05:02,16:56,"44,4",,,
2030-Jun-24,21:39,22:04,22:35,23:05,"11,1","7,8",70,23:05,06:51,10:11,10:41,11:11,11:37,05:58,17:29,"34,8",,,
2030-Jun-25,21:39,22:05,22:35,23:05,"11,1","8,7",78,23:05,07:47,10:11,10:41,11:11,11:37,06:52,18:04,"26,0",,,
2030-Jun-26,21:39,22:05,22:35,23:05,"11,1","9,6",86,23:05,08:39,10:11,10:41,11:11,11:37,07:47,18:43,"18,2",,,
2030-Jun-27,21:40,22:05,22:36,23:06,"11,1","10,4",94,23:05,09:31,10:11,10:41,11:11,11:37,08:40,19:25,"11,5",,,
2030-Jun-28,21:40,22:06,22:36,23:06,"11,1","11,1",100,23:05,10:11,10:11,10:41,11:12,11:37,09:32,20:11,"6,3",,,
2030-Jun-29,21:40,22:06,22:36,23:06,"11,1","11,1",100,23:05,10:11,10:11,10:41,11:12,11:37,10:22,21:02,"2,5",,,
2030-Jun-30,21:41,22:06,22:37,23:07,"11,1","11,1",100,23:06,10:11,10:11,10:41,11:12,11:37,11:09,21:55,"0,4",,,
2030-Jul-01,21:41,22:07,22:37,23:07,"11,1","11,1",100,23:06,10:11,10:12,10:41,11:12,11:37,11:52,22:50,"0,1",,,
2030-Jul-02,21:42,22:07,22:38,23:07,"11,1","10,4",94,23:46,10:11,10:12,10:41,11:12,11:37,12:32,23:47,"1,7",,,
2030-Jul-03,21:42,22:07,22:38,23:08,"11,1","9,5",85,00:45,10:11,10:12,10:41,11:12,11:37,13:8,-,"5,2",,,
2030-Jul-04,21:42,22:08,22:38,23:08,"11,1","8,5",77,01:43,10:11,10:12,10:41,11:12,11:37,13:43,00:45,"10,4",,,
2030-Jul-05,21:43,22:08,22:39,23:09,"11,1","7,5",68,02:41,10:11,10:12,10:41,11:11,11:37,14:15,01:43,"17,5",,,
2030-Jul-06,21:43,22:09,22:39,23:09,"11,0","6,5",59,03:40,10:11,10:11,10:41,11:11,11:37,14:48,02:41,"26,0",,,
2030-Jul-07,21:44,22:09,22:40,23:09,"11,0","5,5",49,04:43,10:11,10:11,10:41,11:11,11:37,15:22,03:41,"35,8",,,
2030-Jul-08,21:44,22:10,22:40,23:10,"11,0","4,4",40,05:48,10:11,10:11,10:41,11:11,11:37,15:58,04:44,"46,6",,,
2030-Jul-09,21:45,22:10,22:41,23:10,"11,0","3,3",30,06:54,10:11,10:11,10:41,11:11,11:36,16:39,05:48,"57,8",,,
2030-Jul-10,21:45,22:11,22:41,23:11,"11,0","2,1",19,08:03,10:11,10:11,10:41,11:11,11:36,17:25,06:55,"68,9",,,
2030-Jul-11,21:46,22:11,22:41,23:11,"11,0","1,0",9,09:09,10:11,10:11,10:40,11:11,11:36,18:18,08:03,"79,2",,,
2030-Jul-12,21:46,22:12,22:42,23:11,"11,0","0,0",0,-,-,10:11,10:40,11:10,11:36,19:18,09:09,"88,1",,,
2030-Jul-13,21:47,22:12,22:42,23:12,"11,0","0,0",0,-,-,10:10,10:40,11:10,11:35,20:24,10:11,"94,8",,,
2030-Jul-14,21:47,22:13,22:43,23:12,"11,0","0,0",0,-,-,10:10,10:40,11:10,11:35,21:33,11:07,"98,8",,,
2030-Jul-15,21:48,22:13,22:43,23:13,"11,0","0,0",0,-,-,10:10,10:39,11:09,11:35,22:42,11:56,"99,9",,,
2030-Jul-16,21:48,22:14,22:44,23:13,"11,0","0,6",5,23:12,23:48,10:10,10:39,11:09,11:34,23:48,12:38,"98,1",,,
2030-Jul-17,21:49,22:14,22:44,23:14,"10,9","1,6",15,23:14,00:51,10:09,10:39,11:09,11:34,-,13:16,"93,6",,,
2030-Jul-18,21:50,22:15,22:45,23:14,"10,9","2,7",24,23:14,01:52,10:09,10:38,11:08,11:34,00:52,13:51,"87,1",,,
2030-Jul-19,21:50,22:15,22:45,23:15,"10,9","3,6",33,23:15,02:50,10:09,10:38,11:08,11:33,01:53,14:24,"79,0",,,
2030-Jul-20,21:51,22:16,22:46,23:15,"10,9","4,6",42,23:15,03:47,10:08,10:38,11:07,11:33,02:51,14:56,"69,9",,,
2030-Jul-21,21:51,22:17,22:46,23:16,"10,9","5,5",50,23:15,04:43,10:08,10:37,11:07,11:32,03:48,15:29,"60,3",,,
2030-Jul-22,21:52,22:17,22:47,23:16,"10,9","6,4",59,23:15,05:39,10:08,10:37,11:07,11:32,04:44,16:04,"50,5",,,
2030-Jul-23,21:53,22:18,22:48,23:17,"10,8","7,3",67,23:17,06:33,10:07,10:36,11:06,11:31,05:39,16:41,"41,0",,,
2030-Jul-24,21:53,22:18,22:48,23:17,"10,8","8,2",75,23:17,07:25,10:07,10:36,11:05,11:31,06:33,17:22,"31,9",,,
2030-Jul-25,21:54,22:19,22:49,23:18,"10,8","9,0",83,23:17,08:17,10:06,10:35,11:05,11:30,07:26,18:07,"23,5",,,
2030-Jul-26,21:54,22:19,22:49,23:18,"10,8","9,8",91,23:17,09:04,10:06,10:35,11:04,11:29,08:17,18:56,"16,0",,,
2030-Jul-27,21:55,22:20,22:50,23:19,"10,8","10,5",98,23:19,09:49,10:05,10:34,11:04,11:29,09:05,19:48,"9,7",,,
2030-Jul-28,21:56,22:21,22:50,23:19,"10,8","10,8",100,23:19,10:03,10:05,10:34,11:03,11:28,09:49,20:43,"4,8",,,
2030-Jul-29,21:56,22:21,22:51,23:20,"10,7","10,7",100,23:19,10:03,10:04,10:33,11:03,11:28,10:31,21:40,"1,6",,,
2030-Jul-30,21:57,22:22,22:51,23:20,"10,7","10,7",100,23:19,10:03,10:04,10:32,11:02,11:27,11:09,22:38,"0,2",,,
2030-Jul-31,21:57,22:22,22:52,23:21,"10,7","10,4",97,23:35,10:02,10:03,10:32,11:01,11:26,11:44,23:36,"0,7",,,
2030-Aug-01,21:58,22:23,22:52,23:21,"10,7","9,4",88,00:35,10:02,10:02,10:31,11:00,11:25,12:18,-,"3,3",,,
2030-Aug-02,21:59,22:24,22:53,23:22,"10,7","8,4",79,01:36,10:00,10:02,10:30,11:00,11:25,12:51,00:36,"8,0",,,
2030-Aug-03,21:59,22:24,22:54,23:22,"10,7","7,4",69,02:37,10:00,10:01,10:30,10:59,11:24,13:25,01:36,"14,7",,,
2030-Aug-04,22:00,22:25,22:54,23:23,"10,6","6,3",60,03:40,10:00,10:00,10:29,10:58,11:23,14:00,02:37,"23,1",,,
2030-Aug-05,22:01,22:25,22:55,23:23,"10,6","5,2",49,04:45,09:58,10:00,10:28,10:57,11:22,14:39,03:41,"33,0",,,
2030-Aug-06,22:01,22:26,22:55,23:24,"10,6","4,1",39,05:51,09:58,09:59,10:28,10:57,11:21,15:22,04:46,"43,9",,,
2030-Aug-07,22:02,22:27,22:56,23:25,"10,6","3,0",28,06:56,09:56,09:58,10:27,10:56,11:21,16:11,05:52,"55,2",,,
2030-Aug-08,22:02,22:27,22:56,23:25,"10,5","2,0",19,07:59,09:56,09:57,10:26,10:55,11:20,17:06,06:57,"66,5",,,
2030-Aug-09,22:03,22:28,22:57,23:26,"10,5","1,0",10,08:55,09:56,09:56,10:25,10:54,11:19,18:08,07:59,"77,0",,,
2030-Aug-10,22:04,22:28,22:57,23:26,"10,5","0,2",1,09:45,09:54,09:56,10:24,10:53,11:18,19:14,08:56,"86,1",,,
2030-Aug-11,22:04,22:29,22:58,23:27,"10,5","0,0",0,-,-,09:55,10:23,10:52,11:17,20:22,09:46,"93,2",,,
2030-Aug-12,22:05,22:30,22:59,23:27,"10,5","0,0",0,-,-,09:54,10:23,10:51,11:16,21:29,10:31,"97,8",,,
2030-Aug-13,22:05,22:30,22:59,23:28,"10,4","0,0",0,-,-,09:53,10:22,10:50,11:15,22:34,11:11,"99,7",,,
2030-Aug-14,22:06,22:31,23:00,23:28,"10,4","0,1",1,23:28,23:35,09:52,10:21,10:49,11:14,23:36,11:47,"99,0",,,
2030-Aug-15,22:07,22:31,23:00,23:29,"10,4","1,1",11,23:28,00:35,09:51,10:20,10:48,11:13,-,12:21,"95,8",,,
2030-Aug-16,22:07,22:32,23:01,23:29,"10,4","2,1",20,23:28,01:34,09:50,10:19,10:47,11:12,00:36,12:54,"90,6",,,
2030-Aug-17,22:08,22:33,23:01,23:30,"10,3","3,0",29,23:30,02:32,09:49,10:18,10:46,11:11,01:35,13:27,"83,7",,,
2030-Aug-18,22:09,22:33,23:02,23:30,"10,3","4,0",39,23:30,03:27,09:48,10:17,10:45,11:10,02:32,14:02,"75,6",,,
2030-Aug-19,22:09,22:34,23:02,23:31,"10,3","4,9",47,23:30,04:23,09:47,10:16,10:44,11:09,03:28,14:39,"66,7",,,
2030-Aug-20,22:10,22:34,23:03,23:31,"10,3","5,8",56,23:30,05:17,09:46,10:15,10:43,11:08,04:23,15:18,"57,3",,,
2030-Aug-21,22:10,22:35,23:04,23:32,"10,2","6,6",65,23:32,06:09,09:45,10:14,10:42,11:07,05:17,16:02,"47,8",,,
2030-Aug-22,22:11,22:36,23:04,23:32,"10,2","7,4",73,23:32,06:58,09:44,10:13,10:41,11:06,06:09,16:49,"38,5",,,
2030-Aug-23,22:12,22:36,23:05,23:33,"10,2","8,2",80,23:33,07:43,09:43,10:12,10:40,11:04,06:58,17:39,"29,6",,,
2030-Aug-24,22:12,22:37,23:05,23:34,"10,1","8,9",88,23:33,08:26,09:42,10:11,10:39,11:03,07:44,18:33,"21,3",,,
2030-Aug-25,22:13,22:37,23:06,23:34,"10,1","9,5",94,23:33,09:06,09:41,10:09,10:38,11:02,08:26,19:29,"14,0",,,
2030-Aug-26,22:13,22:38,23:06,23:35,"10,1","10,1",100,23:35,09:38,09:40,10:08,10:37,11:01,09:06,20:27,"7,9",,,
2030-Aug-27,22:14,22:38,23:07,23:35,"10,1","10,1",100,23:35,09:38,09:39,10:07,10:36,11:00,09:43,21:26,"3,4",,,
2030-Aug-28,22:15,22:39,23:07,23:36,"10,0","10,0",100,23:35,09:36,09:38,10:06,10:34,10:59,10:18,22:26,"0,8",,,
2030-Aug-29,22:15,22:40,23:08,23:36,"10,0","10,0",100,23:35,09:35,09:37,10:05,10:33,10:57,10:52,23:27,"0,2",,,
2030-Aug-30,22:16,22:40,23:09,23:37,"10,0","9,1",91,00:29,09:33,09:36,10:04,10:32,10:56,11:26,-,"2,0",,,
2030-Aug-31,22:16,22:41,23:09,23:37,"10,0","8,0",80,01:32,09:33,09:34,10:03,10:31,10:55,12:02,00:29,"6,0",,,
2030-Sep-01,22:17,22:41,23:10,23:38,"9,9","6,9",70,02:37,09:31,09:33,10:01,10:30,10:54,12:40,01:33,"12,3",,,
2030-Sep-02,22:17,22:42,23:10,23:39,"9,9","5,8",58,03:44,09:31,09:32,10:00,10:28,10:53,13:22,02:38,"20,6",,,
2030-Sep-03,22:18,22:43,23:11,23:39,"9,9","4,7",47,04:48,09:29,09:31,09:59,10:27,10:51,14:09,03:44,"30,5",,,
2030-Sep-04,22:19,22:43,23:11,23:40,"9,8","3,6",37,05:51,09:27,09:30,09:58,10:26,10:50,15:02,04:49,"41,4",,,
2030-Sep-05,22:19,22:44,23:12,23:40,"9,8","2,6",27,06:49,09:26,09:28,09:57,10:25,10:49,16:01,05:52,"52,8",,,
2030-Sep-06,22:20,22:44,23:13,23:41,"9,8","1,8",18,07:41,09:26,09:27,09:55,10:24,10:48,17:04,06:49,"64,1",,,
2030-Sep-07,22:20,22:45,23:13,23:41,"9,8","1,0",10,08:26,09:24,09:26,09:54,10:22,10:46,18:09,07:41,"74,7",,,
2030-Sep-08,22:21,22:45,23:14,23:42,"9,7","0,3",3,09:06,09:22,09:25,09:53,10:21,10:45,19:15,08:26,"83,9",,,
2030-Sep-09,22:22,22:46,23:14,23:43,"9,7","0,0",0,-,-,09:23,09:51,10:20,10:44,20:19,09:07,"91,2",,,
2030-Sep-10,22:22,22:47,23:15,23:43,"9,7","0,0",0,-,-,09:22,09:50,10:18,10:42,21:21,09:44,"96,4",,,
2030-Sep-11,22:23,22:47,23:15,23:44,"9,6","0,0",0,-,-,09:21,09:49,10:17,10:41,22:22,10:18,"99,2",,,
2030-Sep-12,22:23,22:48,23:16,23:44,"9,6","0,0",0,-,-,09:19,09:48,10:16,10:40,23:21,10:52,"99,6",,,
2030-Sep-13,22:24,22:48,23:17,23:45,"9,6","0,6",6,23:44,00:18,09:18,09:46,10:15,10:39,-,11:25,"97,8",,,
2030-Sep-14,22:25,22:49,23:17,23:46,"9,5","1,5",16,23:46,01:16,09:17,09:45,10:13,10:37,00:19,12:0,"93,9",,,
2030-Sep-15,22:25,22:50,23:18,23:46,"9,5","2,4",26,23:46,02:12,09:15,09:44,10:12,10:36,01:16,12:36,"88,3",,,
2030-Sep-16,22:26,22:50,23:18,23:47,"9,5","3,3",35,23:46,03:06,09:14,09:42,10:11,10:35,02:12,13:15,"81,3",,,
2030-Sep-17,22:26,22:51,23:19,23:47,"9,4","4,2",45,23:46,04:00,09:13,09:41,10:09,10:33,03:07,13:57,"73,3",,,
2030-Sep-18,22:27,22:51,23:20,23:48,"9,4","5,0",54,23:48,04:50,09:11,09:40,10:08,10:32,04:00,14:42,"64,5",,,
2030-Sep-19,22:28,22:52,23:20,23:49,"9,4","5,8",62,23:48,05:35,09:10,09:38,10:07,10:31,04:50,15:31,"55,3",,,
2030-Sep-20,22:28,22:53,23:21,23:49,"9,3","6,5",70,23:48,06:20,09:09,09:37,10:05,10:29,05:36,16:23,"45,8",,,
2030-Sep-21,22:29,22:53,23:21,23:50,"9,3","7,2",77,23:50,07:00,09:07,09:36,10:04,10:28,06:20,17:17,"36,4",,,
2030-Sep-22,22:29,22:54,23:22,23:51,"9,3","7,8",84,23:50,07:38,09:06,09:34,10:03,10:27,07:00,18:14,"27,4",,,
2030-Sep-23,22:30,22:54,23:23,23:51,"9,2","8,4",91,23:50,08:14,09:04,09:33,10:01,10:25,07:38,19:12,"19,1",,,
2030-Sep-24,22:31,22:55,23:23,23:52,"9,2","9,0",97,23:51,08:48,09:03,09:32,10:00,10:24,08:14,20:11,"11,8",,,
2030-Sep-25,22:31,22:56,23:24,23:53,"9,2","9,1",100,23:53,09:00,09:02,09:30,09:59,10:23,08:49,21:11,"5,9",,,
2030-Sep-26,22:32,22:56,23:25,23:53,"9,1","9,1",100,23:53,08:59,09:00,09:29,09:57,10:22,09:23,22:14,"1,9",,,
2030-Sep-27,22:33,22:57,23:25,23:54,"9,1","9,1",100,23:53,08:57,08:59,09:28,09:56,10:20,09:59,23:19,"0,2",,,
2030-Sep-28,22:33,22:58,23:26,23:55,"9,0","8,5",94,00:24,08:55,08:57,09:26,09:55,10:19,10:37,-,"0,9",,,
2030-Sep-29,22:34,22:58,23:27,23:56,"9,0","7,4",82,01:32,08:55,08:56,09:25,09:53,10:18,11:19,00:25,"4,3",,,
2030-Sep-30,22:34,22:59,23:27,23:56,"9,0","6,2",69,02:39,08:53,08:55,09:24,09:52,10:16,12:06,01:33,"10,1",,,
2030-Oct-01,22:35,23:00,23:28,23:57,"8,9","5,1",57,03:45,08:51,08:53,09:22,09:51,10:15,12:58,02:40,"18,1",,,
2030-Oct-02,22:36,23:00,23:29,23:58,"8,9","4,1",46,04:43,08:50,08:52,09:21,09:50,10:14,13:56,03:45,"27,9",,,
2030-Oct-03,22:36,23:01,23:30,23:59,"8,9","3,2",36,05:37,08:48,08:50,09:20,09:48,10:12,14:58,04:44,"38,7",,,
2030-Oct-04,22:37,23:02,23:30,23:59,"8,8","2,4",27,06:24,08:48,08:49,09:18,09:47,10:11,16:03,05:38,"50,0",,,
2030-Oct-05,22:38,23:02,23:31,00:00,"8,8","1,7",19,07:05,08:46,08:48,09:17,09:46,10:10,17:07,06:25,"61,2",,,
2030-Oct-06,22:38,23:03,23:32,00:01,"8,8","1,0",12,07:43,08:44,08:46,09:16,09:44,10:09,18:11,07:06,"71,7",,,
2030-Oct-07,22:39,23:04,23:32,00:02,"8,7","0,4",5,08:17,08:42,08:45,09:14,09:43,10:07,19:12,07:43,"81,0",,,
2030-Oct-08,22:40,23:04,23:33,00:03,"8,7","0,0",0,-,-,08:43,09:13,09:42,10:06,20:12,08:18,"88,7",,,
2030-Oct-09,22:41,23:05,23:34,00:04,"8,6","0,0",0,-,-,08:42,09:12,09:41,10:05,21:11,08:51,"94,5",,,
2030-Oct-10,22:41,23:06,23:35,00:04,"8,6","0,0",0,-,-,08:41,09:10,09:39,10:04,22:08,09:24,"98,2",,,
2030-Oct-11,22:42,23:06,23:36,00:05,"8,6","0,0",0,-,-,08:39,09:09,09:38,10:02,23:06,09:58,"99,8",,,
2030-Oct-12,22:43,23:07,23:36,00:06,"8,5","0,0",0,-,-,08:38,09:08,09:37,10:01,-,10:34,"99,3",,,
2030-Oct-13,22:43,23:08,23:37,00:07,"8,5","0,8",10,00:06,00:56,08:36,09:06,09:36,10:00,00:02,11:11,"96,8",,,
2030-Oct-14,22:44,23:09,23:38,00:08,"8,5","1,7",20,00:08,01:50,08:35,09:05,09:34,09:59,00:57,11:52,"92,6",,,
2030-Oct-15,22:45,23:09,23:39,00:09,"8,4","2,6",30,00:09,02:41,08:34,09:04,09:33,09:58,01:51,12:37,"86,8",,,
2030-Oct-16,22:46,23:10,23:40,00:10,"8,4","3,3",40,00:09,03:29,08:32,09:02,09:32,09:56,02:42,13:24,"79,8",,,
2030-Oct-17,22:46,23:11,23:40,00:11,"8,3","4,1",49,00:11,04:14,08:31,09:01,09:31,09:55,03:30,14:15,"71,7",,,
2030-Oct-18,22:47,23:12,23:41,00:12,"8,3","4,7",57,00:11,04:54,08:30,09:00,09:30,09:54,04:14,15:08,"62,8",,,
2030-Oct-19,22:48,23:13,23:42,00:13,"8,3","5,3",65,00:13,05:33,08:28,08:59,09:28,09:53,04:55,16:02,"53,4",,,
2030-Oct-20,22:49,23:13,23:43,00:14,"8,2","5,9",72,00:13,06:09,08:27,08:57,09:27,09:52,05:33,16:58,"43,7",,,
2030-Oct-21,22:49,23:14,23:44,00:15,"8,2","6,5",79,00:15,06:44,08:26,08:56,09:26,09:51,06:09,17:55,"34,1",,,
2030-Oct-22,22:50,23:15,23:45,00:16,"8,1","7,0",86,00:15,07:18,08:24,08:55,09:25,09:50,06:44,18:54,"24,8",,,
2030-Oct-23,22:51,23:16,23:46,00:17,"8,1","7,6",94,00:17,07:52,08:23,08:54,09:24,09:49,07:18,19:55,"16,3",,,
2030-Oct-24,22:52,23:17,23:47,00:18,"8,1","8,0",100,00:18,08:19,08:22,08:53,09:23,09:47,07:53,20:58,"9,1",,,
2030-Oct-25,22:53,23:17,23:48,00:19,"8,0","8,0",100,00:18,08:19,08:20,08:51,09:22,09:46,08:30,22:04,"3,7",,,
2030-Oct-26,22:53,23:18,23:48,00:20,"8,0","8,0",100,00:20,08:17,08:19,08:50,09:21,09:45,09:10,23:13,"0,6",,,
2030-Oct-27,22:54,23:19,23:49,00:21,"8,0","7,9",99,00:22,08:17,08:18,08:49,09:20,09:44,09:56,-,"0,2",,,
2030-Oct-28,22:55,23:20,23:50,00:22,"7,9","6,7",85,01:30,08:15,08:17,08:48,09:18,09:43,10:48,00:23,"2,7",,,
2030-Oct-29,22:56,23:21,23:51,00:23,"7,9","5,7",72,02:35,08:14,08:15,08:47,09:17,09:42,11:46,01:31,"7,8",,,
2030-Oct-30,22:57,23:22,23:52,00:24,"7,8","4,7",60,03:31,08:12,08:14,08:46,09:16,09:41,12:49,02:35,"15,4",,,
2030-Oct-31,22:58,23:23,23:53,00:25,"7,8","3,8",49,04:21,08:12,08:13,08:45,09:15,09:40,13:54,03:32,"24,8",,,
2030-Nov-01,22:58,23:24,23:54,00:26,"7,8","3,1",40,05:05,08:10,08:12,08:44,09:15,09:40,15:00,04:22,"35,4",,,
2030-Nov-02,22:59,23:24,23:55,00:27,"7,7","2,4",31,05:44,08:08,08:11,08:43,09:14,09:39,16:05,05:06,"46,4",,,
2030-Nov-03,23:00,23:25,23:56,00:28,"7,7","1,8",23,06:20,08:08,08:09,08:42,09:13,09:38,17:07,05:45,"57,4",,,
2030-Nov-04,23:01,23:26,23:57,00:29,"7,7","1,2",16,06:53,08:06,08:08,08:41,09:12,09:37,18:06,06:20,"67,8",,,
2030-Nov-05,23:02,23:27,23:58,00:31,"7,6","0,7",9,07:25,08:05,08:07,08:40,09:11,09:36,19:05,06:53,"77,2",,,
2030-Nov-06,23:03,23:28,23:59,00:32,"7,6","0,1",1,07:59,08:05,08:06,08:39,09:10,09:35,20:02,07:26,"85,2",,,
2030-Nov-07,23:04,23:29,00:00,00:33,"7,5","0,0",0,-,-,08:05,08:38,09:09,09:34,20:58,07:59,"91,7",,,
2030-Nov-08,23:05,23:30,00:01,00:34,"7,5","0,0",0,-,-,08:04,08:37,09:08,09:34,21:54,08:33,"96,3",,,
2030-Nov-09,23:06,23:31,00:02,00:35,"7,5","0,0",0,-,-,08:03,08:36,09:08,09:33,22:50,09:10,"99,1",,,
2030-Nov-10,23:06,23:32,00:03,00:36,"7,4","0,0",0,-,-,08:02,08:35,09:07,09:32,23:44,09:50,"100,0",,,
2030-Nov-11,23:07,23:33,00:04,00:37,"7,4","0,0",0,-,-,08:01,08:34,09:06,09:32,-,10:33,"98,9",,,
2030-Nov-12,23:08,23:34,00:05,00:39,"7,4","0,8",10,00:38,01:25,08:00,08:34,09:05,09:31,00:36,11:19,"96,1",,,
2030-Nov-13,23:09,23:35,00:06,00:40,"7,3","1,5",21,00:40,02:10,07:59,08:33,09:05,09:30,01:25,12:09,"91,6",,,
2030-Nov-14,23:10,23:36,00:07,00:41,"7,3","2,2",30,00:40,02:51,07:58,08:32,09:04,09:30,02:10,13:01,"85,7",,,
2030-Nov-15,23:11,23:36,00:08,00:42,"7,3","2,8",39,00:42,03:31,07:57,08:31,09:03,09:29,02:52,13:54,"78,4",,,
2030-Nov-16,23:12,23:37,00:10,00:43,"7,2","3,4",47,00:42,04:07,07:56,08:31,09:03,09:28,03:31,14:49,"70,1",,,
2030-Nov-17,23:13,23:38,00:11,00:45,"7,2","3,9",55,00:45,04:41,07:56,08:30,09:02,09:28,04:07,15:44,"60,9",,,
2030-Nov-18,23:14,23:39,00:12,00:46,"7,2","4,5",63,00:45,05:14,07:55,08:29,09:02,09:27,04:41,16:41,"51,0",,,
2030-Nov-19,23:15,23:40,00:13,00:47,"7,1","5,0",70,00:47,05:46,07:54,08:29,09:01,09:27,05:14,17:38,"40,9",,,
2030-Nov-20,23:16,23:41,00:14,00:48,"7,1","5,6",79,00:47,06:22,07:53,08:28,09:01,09:26,05:47,18:39,"30,8",,,
2030-Nov-21,23:17,23:42,00:15,00:49,"7,1","6,2",87,00:49,07:00,07:53,08:27,09:00,09:26,06:22,19:42,"21,3",,,
2030-Nov-22,23:17,23:43,00:16,00:50,"7,0","6,9",98,00:49,07:41,07:52,08:27,09:00,09:26,07:00,20:48,"12,9",,,
2030-Nov-23,23:18,23:44,00:17,00:51,"7,0","7,0",100,00:51,07:50,07:51,08:26,08:59,09:25,07:42,21:57,"6,1",,,
2030-Nov-24,23:19,23:45,00:18,00:53,"7,0","7,0",100,00:53,07:50,07:51,08:26,08:59,09:25,08:31,23:07,"1,7",,,
2030-Nov-25,23:20,23:46,00:19,00:54,"6,9","6,9",100,00:54,07:50,07:50,08:25,08:59,09:25,09:27,-,"0,0",,,
2030-Nov-26,23:21,23:47,00:20,00:55,"6,9","6,5",94,01:18,07:48,07:50,08:25,08:58,09:24,10:29,00:15,"1,3",,,
2030-Nov-27,23:22,23:48,00:21,00:56,"6,9","5,6",81,02:12,07:48,07:49,08:25,08:58,09:24,11:37,01:18,"5,6",,,
2030-Nov-28,23:23,23:49,00:22,00:57,"6,9","4,8",70,03:00,07:48,07:49,08:24,08:58,09:24,12:45,02:13,"12,3",,,
2030-Nov-29,23:24,23:50,00:23,00:58,"6,8","4,1",60,03:42,07:48,07:48,08:24,08:58,09:24,13:53,03:01,"21,1",,,
2030-Nov-30,23:25,23:50,00:24,00:59,"6,8","3,5",51,04:20,07:48,07:48,08:24,08:57,09:24,14:58,03:43,"31,1",,,
2030-Dec-01,23:25,23:51,00:25,01:00,"6,8","2,9",42,04:54,07:47,07:48,08:24,08:57,09:23,16:00,04:21,"41,7",,,
2030-Dec-02,23:26,23:52,00:26,01:01,"6,8","2,3",34,05:28,07:47,07:47,08:23,08:57,09:23,16:59,04:55,"52,4",,,
2030-Dec-03,23:27,23:53,00:27,01:02,"6,8","1,8",26,06:00,07:47,07:47,08:23,08:57,09:23,17:57,05:28,"62,7",,,
2030-Dec-04,23:28,23:54,00:27,01:03,"6,7","1,2",18,06:35,07:47,07:47,08:23,08:57,09:23,18:53,06:01,"72,2",,,
2030-Dec-05,23:29,23:55,00:28,01:04,"6,7","0,6",9,07:09,07:45,07:47,08:23,08:57,09:23,19:49,06:35,"80,6",,,
2030-Dec-06,23:29,23:56,00:29,01:05,"6,7","0,0",0,-,-,07:46,08:23,08:57,09:23,20:44,07:10,"87,7",,,
2030-Dec-07,23:30,23:56,00:30,01:06,"6,7","0,0",0,-,-,07:46,08:23,08:57,09:23,21:38,07:49,"93,3",,,
2030-Dec-08,23:31,23:57,00:31,01:07,"6,7","0,0",0,-,-,07:46,08:23,08:57,09:23,22:31,08:30,"97,3",,,
2030-Dec-09,23:32,23:58,00:32,01:08,"6,6","0,0",0,-,-,07:46,08:23,08:57,09:24,23:21,09:16,"99,5",,,
2030-Dec-10,23:33,23:59,00:32,01:09,"6,6","0,0",0,-,-,07:46,08:23,08:57,09:24,-,10:04,"99,9",,,
2030-Dec-11,23:33,23:59,00:33,01:10,"6,6","0,0",0,-,-,07:46,08:23,08:57,09:24,00:08,10:56,"98,6",,,
2030-Dec-12,23:34,00:00,00:34,01:10,"6,6","0,4",5,01:09,01:30,07:46,08:23,08:58,09:24,00:51,11:49,"95,4",,,
2030-Dec-13,23:35,00:01,00:35,01:11,"6,6","0,9",14,01:11,02:06,07:46,08:23,08:58,09:24,01:31,12:43,"90,6",,,
2030-Dec-14,23:35,00:01,00:35,01:12,"6,6","1,5",23,01:11,02:41,07:47,08:24,08:58,09:25,02:07,13:38,"84,3",,,
2030-Dec-15,23:36,00:02,00:36,01:13,"6,6","2,0",31,01:12,03:13,07:47,08:24,08:58,09:25,02:42,14:33,"76,5",,,
2030-Dec-16,23:37,00:03,00:37,01:13,"6,6","2,6",39,01:12,03:47,07:47,08:24,08:59,09:25,03:14,15:29,"67,6",,,
2030-Dec-17,23:37,00:03,00:37,01:14,"6,6","3,1",47,01:14,04:18,07:47,08:25,08:59,09:26,03:47,16:26,"57,8",,,
2030-Dec-18,23:38,00:04,00:38,01:15,"6,6","3,7",56,01:14,04:54,07:48,08:25,08:59,09:26,04:19,17:26,"47,4",,,
2030-Dec-19,23:38,00:04,00:39,01:15,"6,6","4,3",66,01:14,05:33,07:48,08:25,09:00,09:26,04:54,18:28,"36,8",,,
2030-Dec-20,23:39,00:05,00:39,01:16,"6,6","5,0",77,01:16,06:17,07:49,08:26,09:00,09:27,05:33,19:33,"26,4",,,
2030-Dec-21,23:39,00:05,00:40,01:16,"6,6","5,9",89,01:16,07:07,07:49,08:26,09:01,09:27,06:17,20:41,"17,0",,,
2030-Dec-22,23:40,00:06,00:40,01:17,"6,5","6,6",100,01:16,07:50,07:49,08:27,09:01,09:28,07:07,21:49,"9,1",,,
2030-Dec-23,23:40,00:06,00:41,01:17,"6,6","6,6",100,01:16,07:50,07:50,08:27,09:02,09:28,08:05,22:55,"3,4",,,
2030-Dec-24,23:41,00:07,00:41,01:18,"6,6","6,6",100,01:18,07:50,07:51,08:28,09:02,09:29,09:11,23:56,"0,4",,,
2030-Dec-25,23:41,00:07,00:41,01:18,"6,6","6,6",100,01:18,07:52,07:51,08:28,09:03,09:30,10:20,-,"0,5",,,
2030-Dec-26,23:41,00:08,00:42,01:18,"6,6","6,3",96,01:36,07:52,07:52,08:29,09:03,09:30,11:31,00:49,"3,5",,,
2030-Dec-27,23:42,00:08,00:42,01:19,"6,6","5,6",85,02:17,07:52,07:53,08:30,09:04,09:31,12:40,01:36,"9,1",,,
2030-Dec-28,23:42,00:08,00:42,01:19,"6,6","5,0",76,02:53,07:54,07:53,08:30,09:05,09:31,13:46,02:17,"16,8",,,
2030-Dec-29,23:42,00:09,00:43,01:19,"6,6","4,5",68,03:27,07:54,07:54,08:31,09:05,09:32,14:48,02:54,"25,9",,,
2030-Dec-30,23:43,00:09,00:43,01:19,"6,6","3,9",59,04:02,07:56,07:55,08:32,09:06,09:33,15:48,03:28,"35,9",,,
2030-Dec-31,23:43,00:09,00:43,01:19,"6,6","3,3",50,04:36,07:56,07:56,08:33,09:07,09:33,16:46,04:02,"46,1",,,
2031-Jan-01,23:43,00:09,00:43,01:19,"6,6","2,8",42,05:10,07:56,07:56,08:33,09:08,09:34,17:43,04:36,"56,2",,,
2031-Jan-02,23:43,00:09,00:43,01:19,"6,6","2,2",32,05:48,07:57,07:57,08:34,09:08,09:35,18:39,05:11,"65,8",,,
2031-Jan-03,23:43,00:10,00:43,01:19,"6,7","1,5",23,06:29,07:59,07:58,08:35,09:09,09:36,19:33,05:49,"74,6",,,
2031-Jan-04,23:44,00:10,00:43,01:19,"6,7","0,8",12,07:12,07:59,07:59,08:36,09:10,09:37,20:26,06:29,"82,4",,,
2031-Jan-05,23:44,00:10,00:43,01:19,"6,7","0,0",0,07:59,08:01,08:00,08:37,09:11,09:37,21:17,07:13,"89,0",,,
2031-Jan-06,23:44,00:10,00:43,01:19,"6,7","0,0",0,-,-,08:01,08:38,09:12,09:38,22:05,08:0,"94,2",,,
2031-Jan-07,23:44,00:10,00:43,01:19,"6,7","0,0",0,-,-,08:02,08:39,09:12,09:39,22:50,08:51,"97,8",,,
2031-Jan-08,23:44,00:10,00:43,01:19,"6,7","0,0",0,-,-,08:03,08:40,09:13,09:40,23:31,09:43,"99,7",,,
2031-Jan-09,23:44,00:10,00:43,01:19,"6,8","0,0",0,-,-,08:04,08:40,09:14,09:41,-,10:38,"99,8",,,
2031-Jan-10,23:44,00:10,00:43,01:18,"6,8","0,0",0,-,-,08:05,08:41,09:15,09:41,00:09,11:33,"98,0",,,
2031-Jan-11,23:44,00:09,00:43,01:18,"6,8","0,0",0,-,-,08:06,08:42,09:16,09:42,00:44,12:28,"94,4",,,
2031-Jan-12,23:43,00:09,00:42,01:18,"6,8","0,5",8,01:18,01:48,08:07,08:43,09:17,09:43,01:17,13:24,"89,0",,,
2031-Jan-13,23:43,00:09,00:42,01:17,"6,9","1,1",16,01:16,02:21,08:09,08:44,09:18,09:44,01:49,14:20,"81,9",,,
2031-Jan-14,23:43,00:09,00:42,01:17,"6,9","1,6",24,01:16,02:55,08:10,08:45,09:19,09:45,02:22,15:18,"73,4",,,
2031-Jan-15,23:43,00:09,00:42,01:17,"6,9","2,2",32,01:16,03:31,08:11,08:46,09:20,09:46,02:55,16:18,"63,7",,,
2031-Jan-16,23:43,00:08,00:41,01:16,"6,9","2,9",42,01:16,04:11,08:12,08:48,09:21,09:47,03:31,17:20,"53,1",,,
2031-Jan-17,23:42,00:08,00:41,01:16,"7,0","3,7",53,01:16,04:56,08:13,08:49,09:22,09:48,04:11,18:24,"42,1",,,
2031-Jan-18,23:42,00:08,00:40,01:15,"7,0","4,6",65,01:14,05:48,08:15,08:50,09:23,09:49,04:56,19:29,"31,2",,,
2031-Jan-19,23:42,00:07,00:40,01:14,"7,0","5,6",79,01:14,06:47,08:16,08:51,09:24,09:50,05:49,20:34,"21,0",,,
2031-Jan-20,23:41,00:07,00:39,01:14,"7,1","6,7",95,01:14,07:54,08:17,08:52,09:25,09:51,06:48,21:36,"12,3",,,
2031-Jan-21,23:41,00:07,00:39,01:13,"7,1","7,1",100,01:12,08:19,08:18,08:53,09:26,09:52,07:54,22:32,"5,6",,,
2031-Jan-22,23:41,00:06,00:38,01:13,"7,1","7,1",100,01:12,08:21,08:19,08:54,09:27,09:53,09:04,23:23,"1,5",,,
2031-Jan-23,23:40,00:06,00:38,01:12,"7,2","7,2",100,01:11,08:21,08:21,08:55,09:28,09:54,10:14,-,"0,2",,,
2031-Jan-24,23:40,00:05,00:37,01:11,"7,2","7,2",100,01:11,08:23,08:22,08:56,09:29,09:54,11:23,00:07,"1,8",,,
2031-Jan-25,23:39,00:05,00:37,01:10,"7,2","7,0",97,01:23,08:24,08:23,08:57,09:30,09:55,12:29,00:47,"6,0",,,
2031-Jan-26,23:39,00:04,00:36,01:10,"7,2","6,5",89,01:59,08:26,08:24,08:58,09:31,09:56,13:32,01:24,"12,3",,,
2031-Jan-27,23:38,00:03,00:35,01:09,"7,3","5,9",81,02:33,08:26,08:26,09:00,09:32,09:57,14:33,01:59,"20,3",,,
2031-Jan-28,23:37,00:03,00:35,01:08,"7,3","5,3",72,03:09,08:28,08:27,09:01,09:33,09:58,15:32,02:34,"29,3",,,
2031-Jan-29,23:37,00:02,00:34,01:07,"7,4","4,7",64,03:47,08:28,08:28,09:02,09:34,09:59,16:30,03:10,"38,8",,,
2031-Jan-30,23:36,00:02,00:33,01:06,"7,4","4,1",55,04:27,08:30,08:29,09:03,09:35,10:00,17:25,03:47,"48,6",,,
2031-Jan-31,23:36,00:01,00:32,01:05,"7,4","3,4",45,05:10,08:32,08:31,09:04,09:36,10:01,18:19,04:27,"58,2",,,
2031-Feb-01,23:35,00:00,00:31,01:04,"7,5","2,6",35,05:55,08:33,08:32,09:05,09:37,10:02,19:11,05:10,"67,3",,,
2031-Feb-02,23:34,23:59,00:31,01:03,"7,5","1,8",24,06:45,08:33,08:33,09:06,09:38,10:03,20:00,05:56,"75,8",,,
2031-Feb-03,23:33,23:59,00:30,01:02,"7,5","1,0",13,07:36,08:35,08:34,09:07,09:39,10:04,20:46,06:45,"83,3",,,
2031-Feb-04,23:33,23:58,00:29,01:01,"7,6","0,1",1,08:30,08:37,08:36,09:08,09:40,10:05,21:29,07:37,"89,7",,,
2031-Feb-05,23:32,23:57,00:28,01:00,"7,6","0,0",0,-,-,08:37,09:09,09:41,10:06,22:08,08:31,"94,7",,,
2031-Feb-06,23:31,23:56,00:27,00:59,"7,7","0,0",0,-,-,08:38,09:11,09:42,10:07,22:45,09:26,"98,1",,,
2031-Feb-07,23:30,23:55,00:26,00:58,"7,7","0,0",0,-,-,08:39,09:12,09:43,10:08,23:19,10:21,"99,8",,,
2031-Feb-08,23:29,23:54,00:25,00:57,"7,7","0,0",0,-,-,08:40,09:13,09:44,10:09,23:52,11:18,"99,4",,,
2031-Feb-09,23:29,23:54,00:24,00:56,"7,8","0,0",0,-,-,08:42,09:14,09:45,10:10,-,12:15,"97,0",,,
2031-Feb-10,23:28,23:53,00:23,00:55,"7,8","0,1",1,00:54,00:58,08:43,09:15,09:46,10:11,00:25,13:13,"92,6",,,
2031-Feb-11,23:27,23:52,00:22,00:54,"7,8","0,7",8,00:54,01:32,08:44,09:16,09:46,10:11,00:58,14:12,"86,2",,,
2031-Feb-12,23:26,23:51,00:21,00:53,"7,9","1,3",17,00:53,02:12,08:45,09:17,09:47,10:12,01:33,15:13,"78,0",,,
2031-Feb-13,23:25,23:50,00:20,00:51,"7,9","2,1",26,00:51,02:53,08:46,09:18,09:48,10:13,02:12,16:15,"68,4",,,
2031-Feb-14,23:24,23:49,00:19,00:50,"8,0","2,9",36,00:49,03:42,08:47,09:19,09:49,10:14,02:54,17:19,"57,8",,,
2031-Feb-15,23:23,23:48,00:18,00:49,"8,0","3,8",48,00:49,04:36,08:49,09:20,09:50,10:15,03:43,18:22,"46,5",,,
2031-Feb-16,23:22,23:47,00:17,00:48,"8,0","4,8",60,00:47,05:37,08:50,09:21,09:51,10:16,04:37,19:23,"35,3",,,
2031-Feb-17,23:21,23:46,00:16,00:46,"8,1","6,0",74,00:45,06:44,08:51,09:22,09:52,10:17,05:38,20:20,"24,7",,,
2031-Feb-18,23:20,23:45,00:15,00:45,"8,1","7,1",88,00:45,07:52,08:52,09:23,09:53,10:18,06:44,21:11,"15,4",,,
2031-Feb-19,23:19,23:44,00:13,00:44,"8,2","8,2",100,00:44,08:53,08:53,09:24,09:54,10:19,07:52,21:57,"8,0",,,
2031-Feb-20,23:18,23:43,00:12,00:43,"8,2","8,2",100,00:42,08:55,08:54,09:25,09:55,10:19,09:00,22:39,"2,9",,,
2031-Feb-21,23:17,23:41,00:11,00:41,"8,2","8,3",100,00:40,08:55,08:55,09:26,09:56,10:20,10:07,23:18,"0,5",,,
2031-Feb-22,23:16,23:40,00:10,00:40,"8,3","8,3",100,00:40,08:57,08:56,09:27,09:56,10:21,11:12,23:54,"0,7",,,
2031-Feb-23,23:15,23:39,00:09,00:39,"8,3","8,3",100,00:38,08:57,08:57,09:28,09:57,10:22,12:15,-,"3,4",,,
2031-Feb-24,23:13,23:38,00:07,00:38,"8,3","7,9",95,01:05,08:59,08:58,09:29,09:58,10:23,13:16,00:30,"8,2",,,
2031-Feb-25,23:12,23:37,00:06,00:36,"8,4","7,3",87,01:43,09:00,08:59,09:30,09:59,10:24,14:16,01:06,"14,8",,,
2031-Feb-26,23:11,23:36,00:05,00:35,"8,4","6,6",79,02:23,09:00,09:00,09:30,10:00,10:24,15:13,01:44,"22,6",,,
2031-Feb-27,23:10,23:35,00:04,00:34,"8,5","6,0",70,03:04,09:02,09:01,09:31,10:01,10:25,16:09,02:23,"31,3",,,
2031-Feb-28,23:09,23:33,00:03,00:32,"8,5","5,2",61,03:51,09:02,09:02,09:32,10:02,10:26,17:03,03:05,"40,6",,,
2031-Mar-01,23:08,23:32,00:01,00:31,"8,5","4,4",52,04:39,09:04,09:03,09:33,10:02,10:27,17:53,03:51,"50,0",,,
2031-Mar-02,23:07,23:31,00:00,00:30,"8,6","3,6",42,05:28,09:04,09:04,09:34,10:03,10:28,18:40,04:39,"59,3",,,
2031-Mar-03,23:05,23:30,23:59,00:28,"8,6","2,7",32,06:22,09:06,09:05,09:35,10:04,10:28,19:24,05:29,"68,3",,,
2031-Mar-04,23:04,23:29,23:58,00:27,"8,7","1,9",21,07:16,09:06,09:06,09:36,10:05,10:29,20:05,06:22,"76,7",,,
2031-Mar-05,23:03,23:27,23:56,00:26,"8,7","0,9",11,08:12,09:08,09:07,09:37,10:06,10:30,20:42,07:16,"84,3",,,
2031-Mar-06,23:02,23:26,23:55,00:24,"8,7","0,0",0,09:08,09:09,09:08,09:37,10:06,10:31,21:18,08:12,"90,7",,,
2031-Mar-07,23:01,23:25,23:54,00:23,"8,8","0,0",0,-,-,09:09,09:38,10:07,10:31,21:52,09:08,"95,6",,,
2031-Mar-08,22:59,23:24,23:52,00:22,"8,8","0,0",0,-,-,09:10,09:39,10:08,10:32,22:25,10:05,"98,7",,,
2031-Mar-09,22:58,23:22,23:51,00:20,"8,9","0,0",0,-,-,09:11,09:40,10:09,10:33,22:59,11:04,"99,9",,,
2031-Mar-10,22:57,23:21,23:50,00:19,"8,9","0,0",0,-,-,09:11,09:41,10:09,10:34,23:34,12:04,"98,7",,,
2031-Mar-11,22:56,23:20,23:49,00:18,"8,9","0,0",0,-,-,09:12,09:41,10:10,10:34,-,13:05,"95,3",,,
2031-Mar-12,22:54,23:19,23:47,00:16,"9,0","0,6",7,00:15,00:54,09:13,09:42,10:11,10:35,00:13,14:08,"89,5",,,
2031-Mar-13,22:53,23:17,23:46,00:15,"9,0","1,4",16,00:15,01:41,09:14,09:43,10:12,10:36,00:54,15:12,"81,7",,,
2031-Mar-14,22:52,23:16,23:45,00:13,"9,0","2,4",26,00:13,02:33,09:15,09:44,10:12,10:36,01:41,16:16,"72,2",,,
2031-Mar-15,22:51,23:15,23:43,00:12,"9,1","3,3",37,00:11,03:31,09:16,09:45,10:13,10:37,02:34,17:17,"61,5",,,
2031-Mar-16,22:49,23:14,23:42,00:11,"9,1","4,4",48,00:11,04:34,09:16,09:45,10:14,10:38,03:32,18:14,"50,1",,,
2031-Mar-17,22:48,23:12,23:41,00:09,"9,1","5,5",60,00:09,05:39,09:17,09:46,10:15,10:39,04:35,19:05,"38,7",,,
2031-Mar-18,22:47,23:11,23:39,00:08,"9,2","6,6",72,00:08,06:45,09:18,09:47,10:15,10:39,05:40,19:52,"27,9",,,
2031-Mar-19,22:45,23:10,23:38,00:07,"9,2","7,7",84,00:06,07:50,09:19,09:47,10:16,10:40,06:46,20:34,"18,3",,,
2031-Mar-20,22:44,23:08,23:37,00:05,"9,3","8,8",95,00:04,08:55,09:20,09:48,10:17,10:41,07:51,21:13,"10,4",,,
2031-Mar-21,22:43,23:07,23:36,00:04,"9,3","9,3",100,00:04,09:20,09:20,09:49,10:17,10:41,08:55,21:50,"4,7",,,
2031-Mar-22,22:42,23:06,23:34,00:03,"9,3","9,3",100,00:02,09:22,09:21,09:50,10:18,10:42,09:58,22:25,"1,2",,,
2031-Mar-23,22:40,23:05,23:33,00:01,"9,4","9,4",100,00:00,09:22,09:22,09:50,10:19,10:43,10:59,23:01,"0,2",,,
2031-Mar-24,22:39,23:03,23:32,00:00,"9,4","9,4",100,00:00,09:22,09:23,09:51,10:19,10:43,12:00,23:39,"1,4",,,
2031-Mar-25,22:38,23:02,23:30,23:59,"9,4","9,1",97,00:18,09:24,09:23,09:52,10:20,10:44,12:59,-,"4,8",,,
2031-Mar-26,22:37,23:01,23:29,23:57,"9,5","8,4",89,00:58,09:24,09:24,09:52,10:21,10:45,13:56,00:18,"9,9",,,
2031-Mar-27,22:35,23:00,23:28,23:56,"9,5","7,7",81,01:43,09:24,09:25,09:53,10:21,10:45,14:51,00:59,"16,5",,,
2031-Mar-28,22:34,22:58,23:27,23:55,"9,5","6,9",73,02:30,09:26,09:25,09:54,10:22,10:46,15:44,01:44,"24,3",,,
2031-Mar-29,22:33,22:57,23:25,23:54,"9,5","6,1",64,03:20,09:26,09:26,09:54,10:23,10:47,16:33,02:31,"32,8",,,
2031-Mar-30,22:31,22:56,23:24,23:52,"9,6","5,2",55,04:12,09:26,09:27,09:55,10:23,10:47,17:18,03:21,"41,9",,,
2031-Mar-31,22:30,22:55,23:23,23:51,"9,6","4,4",46,05:05,09:27,09:27,09:56,10:24,10:48,18:00,04:13,"51,3",,,
2031-Apr-01,22:29,22:53,23:21,23:50,"9,6","3,5",36,06:00,09:29,09:28,09:56,10:25,10:49,18:38,05:06,"60,6",,,
2031-Apr-02,22:28,22:52,23:20,23:49,"9,7","2,6",26,06:56,09:29,09:29,09:57,10:25,10:49,19:14,06:0,"69,8",,,
2031-Apr-03,22:26,22:51,23:19,23:47,"9,7","1,6",17,07:52,09:29,09:29,09:58,10:26,10:50,19:49,06:56,"78,3",,,
2031-Apr-04,22:25,22:50,23:18,23:46,"9,7","0,7",7,08:50,09:31,09:30,09:58,10:27,10:51,20:22,07:52,"86,0",,,
2031-Apr-05,22:24,22:48,23:17,23:45,"9,8","0,0",0,-,-,09:31,09:59,10:27,10:51,20:56,08:50,"92,3",,,
2031-Apr-06,22:23,22:47,23:15,23:44,"9,8","0,0",0,-,-,09:31,10:00,10:28,10:52,21:31,09:50,"97,0",,,
2031-Apr-07,22:22,22:46,23:14,23:42,"9,8","0,0",0,-,-,09:32,10:00,10:29,10:53,22:09,10:51,"99,6",,,
2031-Apr-08,22:20,22:45,23:13,23:41,"9,9","0,0",0,-,-,09:33,10:01,10:29,10:53,22:51,11:55,"99,7",,,
2031-Apr-09,22:19,22:44,23:12,23:40,"9,9","0,0",0,-,-,09:33,10:02,10:30,10:54,23:37,13:01,"97,1",,,
2031-Apr-10,22:18,22:42,23:11,23:39,"9,9","0,8",8,23:39,00:29,09:34,10:02,10:30,10:55,-,14:06,"92,0",,,
2031-Apr-11,22:17,22:41,23:10,23:38,"10,0","1,8",18,23:37,01:27,09:35,10:03,10:31,10:55,00:29,15:10,"84,6",,,
2031-Apr-12,22:16,22:40,23:08,23:37,"10,0","2,9",29,23:37,02:28,09:35,10:03,10:32,10:56,01:27,16:09,"75,2",,,
2031-Apr-13,22:14,22:39,23:07,23:35,"10,0","4,0",40,23:35,03:33,09:36,10:04,10:32,10:57,02:29,17:03,"64,5",,,
2031-Apr-14,22:13,22:38,23:06,23:34,"10,0","5,1",51,23:33,04:39,09:36,10:05,10:33,10:57,03:33,17:50,"53,1",,,
2031-Apr-15,22:12,22:37,23:05,23:33,"10,1","6,2",61,23:33,05:42,09:37,10:05,10:34,10:58,04:39,18:33,"41,6",,,
2031-Apr-16,22:11,22:35,23:04,23:32,"10,1","7,2",72,23:32,06:45,09:38,10:06,10:34,10:59,05:43,19:12,"30,8",,,
2031-Apr-17,22:10,22:34,23:03,23:31,"10,1","8,3",82,23:30,07:48,09:38,10:07,10:35,10:59,06:46,19:49,"21,1",,,
2031-Apr-18,22:09,22:33,23:02,23:30,"10,2","9,3",92,23:30,08:48,09:39,10:07,10:36,11:00,07:48,20:24,"12,9",,,
2031-Apr-19,22:08,22:32,23:01,23:29,"10,2","10,2",100,23:28,09:40,09:39,10:08,10:36,11:01,08:48,20:59,"6,6",,,
2031-Apr-20,22:07,22:31,23:00,23:28,"10,2","10,2",100,23:28,09:40,09:40,10:08,10:37,11:01,09:48,21:35,"2,4",,,
2031-Apr-21,22:06,22:30,22:59,23:27,"10,2","10,2",100,23:26,09:40,09:41,10:09,10:38,11:02,10:47,22:13,"0,3",,,
2031-Apr-22,22:04,22:29,22:58,23:26,"10,3","10,3",100,23:26,09:42,09:41,10:10,10:38,11:03,11:44,22:54,"0,3",,,
2031-Apr-23,22:03,22:28,22:57,23:25,"10,3","10,1",98,23:37,09:42,09:42,10:10,10:39,11:03,12:41,23:38,"2,3",,,
2031-Apr-24,22:02,22:27,22:56,23:24,"10,3","9,3",90,00:24,09:42,09:42,10:11,10:39,11:04,13:34,-,"6,1",,,
2031-Apr-25,22:01,22:26,22:55,23:23,"10,3","8,5",82,01:12,09:44,09:43,10:11,10:40,11:05,14:25,00:24,"11,5",,,
2031-Apr-26,22:00,22:25,22:54,23:22,"10,4","7,7",74,02:03,09:44,09:44,10:12,10:41,11:05,15:12,01:13,"18,2",,,
2031-Apr-27,21:59,22:24,22:53,23:21,"10,4","6,8",65,02:57,09:45,09:44,10:13,10:41,11:06,15:55,02:04,"26,0",,,
2031-Apr-28,21:58,22:23,22:52,23:21,"10,4","5,9",57,03:49,09:45,09:45,10:13,10:42,11:07,16:34,02:57,"34,6",,,
2031-Apr-29,21:58,22:22,22:51,23:20,"10,4","5,0",48,04:43,09:45,09:45,10:14,10:43,11:07,17:11,03:50,"43,8",,,
2031-Apr-30,21:57,22:21,22:50,23:19,"10,5","4,1",39,05:39,09:45,09:46,10:14,10:43,11:08,17:45,04:44,"53,3",,,
2031-May-01,21:56,22:20,22:49,23:18,"10,5","3,2",31,06:35,09:47,09:46,10:15,10:44,11:09,18:19,05:39,"63,0",,,
2031-May-02,21:55,22:20,22:49,23:17,"10,5","2,3",21,07:32,09:47,09:47,10:16,10:45,11:09,18:52,06:35,"72,4",,,
2031-May-03,21:54,22:19,22:48,23:16,"10,5","1,3",12,08:33,09:47,09:48,10:16,10:45,11:10,19:26,07:33,"81,1",,,
2031-May-04,21:53,22:18,22:47,23:16,"10,5","0,2",2,09:35,09:49,09:48,10:17,10:46,11:11,20:02,08:33,"88,8",,,
2031-May-05,21:52,22:17,22:46,23:15,"10,6","0,0",0,-,-,09:49,10:17,10:47,11:11,20:42,09:36,"94,8",,,
2031-May-06,21:51,22:16,22:45,23:14,"10,6","0,0",0,-,-,09:49,10:18,10:47,11:12,21:27,10:42,"98,7",,,
2031-May-07,21:51,22:15,22:45,23:14,"10,6","0,0",0,-,-,09:50,10:19,10:48,11:13,22:18,11:49,"100,0",,,
2031-May-08,21:50,22:15,22:44,23:13,"10,6","0,0",0,23:12,23:15,09:50,10:19,10:48,11:13,23:15,12:55,"98,4",,,
2031-May-09,21:49,22:14,22:43,23:12,"10,7","1,1",10,23:12,00:18,09:51,10:20,10:49,11:14,-,13:58,"93,9",,,
2031-May-10,21:48,22:13,22:43,23:12,"10,7","2,2",21,23:12,01:23,09:52,10:20,10:50,11:15,00:18,14:56,"86,9",,,
2031-May-11,21:48,22:13,22:42,23:11,"10,7","3,3",31,23:10,02:30,09:52,10:21,10:50,11:15,01:24,15:47,"77,7",,,
2031-May-12,21:47,22:12,22:41,23:10,"10,7","4,4",41,23:10,03:35,09:53,10:22,10:51,11:16,02:31,16:33,"67,1",,,
2031-May-13,21:46,22:11,22:41,23:10,"10,7","5,5",51,23:10,04:39,09:53,10:22,10:52,11:17,03:36,17:13,"55,9",,,
2031-May-14,21:46,22:11,22:40,23:09,"10,8","6,6",61,23:08,05:41,09:54,10:23,10:52,11:17,04:40,17:50,"44,6",,,
2031-May-15,21:45,22:10,22:40,23:09,"10,8","7,6",70,23:08,06:42,09:54,10:23,10:53,11:18,05:42,18:26,"33,9",,,
2031-May-16,21:44,22:09,22:39,23:08,"10,8","8,6",79,23:08,07:41,09:55,10:24,10:54,11:19,06:42,19:0,"24,1",,,
2031-May-17,21:44,22:09,22:39,23:08,"10,8","9,5",88,23:08,08:39,09:55,10:25,10:54,11:19,07:41,19:35,"15,8",,,
2031-May-18,21:43,22:08,22:38,23:07,"10,8","10,5",97,23:06,09:35,09:56,10:25,10:55,11:20,08:39,20:12,"9,0",,,
2031-May-19,21:43,22:08,22:38,23:07,"10,8","10,8",100,23:06,09:56,09:57,10:26,10:55,11:21,09:36,20:51,"4,1",,,
2031-May-20,21:42,22:07,22:37,23:06,"10,9","10,9",100,23:05,09:58,09:57,10:26,10:56,11:21,10:33,21:33,"1,1",,,
2031-May-21,21:42,22:07,22:37,23:06,"10,9","10,9",100,23:05,09:58,09:58,10:27,10:57,11:22,11:27,22:19,"0,0",,,
2031-May-22,21:41,22:06,22:36,23:06,"10,9","10,9",100,23:06,09:58,09:58,10:27,10:57,11:22,12:19,23:07,"0,8",,,
2031-May-23,21:41,22:06,22:36,23:05,"10,9","10,0",92,23:57,09:58,09:59,10:28,10:58,11:23,13:07,23:57,"3,4",,,
2031-May-24,21:40,22:06,22:36,23:05,"10,9","9,2",84,00:49,10:00,09:59,10:29,10:58,11:24,13:52,-,"7,6",,,
2031-May-25,21:40,22:05,22:35,23:05,"10,9","8,3",76,01:41,10:00,10:00,10:29,10:59,11:24,14:32,00:49,"13,3",,,
2031-May-26,21:39,22:05,22:35,23:04,"10,9","7,4",68,02:35,10:00,10:00,10:30,11:00,11:25,15:10,01:42,"20,2",,,
2031-May-27,21:39,22:04,22:35,23:04,"11,0","6,5",60,03:29,10:00,10:01,10:30,11:00,11:25,15:44,02:36,"28,3",,,
2031-May-28,21:39,22:04,22:34,23:04,"11,0","5,6",51,04:23,10:02,10:01,10:31,11:01,11:26,16:18,03:30,"37,2",,,
2031-May-29,21:38,22:04,22:34,23:04,"11,0","4,7",43,05:19,10:02,10:02,10:31,11:01,11:27,16:50,04:24,"46,8",,,
2031-May-30,21:38,22:04,22:34,23:03,"11,0","3,8",34,06:17,10:03,10:02,10:32,11:02,11:27,17:23,05:20,"56,8",,,
2031-May-31,21:38,22:03,22:34,23:03,"11,0","2,8",25,07:18,10:03,10:03,10:32,11:02,11:28,17:57,06:17,"66,8",,,
2031-Jun-01,21:38,22:03,22:33,23:03,"11,0","1,7",16,08:21,10:03,10:03,10:33,11:03,11:28,18:34,07:18,"76,4",,,
2031-Jun-02,21:38,22:03,22:33,23:03,"11,0","0,6",6,09:26,10:03,10:04,10:33,11:03,11:29,19:15,08:21,"85,2",,,
2031-Jun-03,21:37,22:03,22:33,23:03,"11,0","0,0",0,-,-,10:04,10:34,11:04,11:29,20:03,09:26,"92,4",,,
2031-Jun-04,21:37,22:03,22:33,23:03,"11,0","0,0",0,-,-,10:04,10:34,11:04,11:30,20:57,10:34,"97,5",,,
2031-Jun-05,21:37,22:02,22:33,23:03,"11,0","0,0",0,-,-,10:05,10:35,11:05,11:30,21:59,11:40,"99,9",,,
2031-Jun-06,21:37,22:02,22:33,23:03,"11,0","0,0",0,23:03,23:05,10:05,10:35,11:05,11:31,23:05,12:42,"99,2",,,
2031-Jun-07,21:37,22:02,22:33,23:02,"11,1","1,2",11,23:01,00:13,10:06,10:35,11:06,11:31,-,13:38,"95,4",,,
2031-Jun-08,21:37,22:02,22:33,23:02,"11,1","2,4",21,23:01,01:23,10:06,10:36,11:06,11:32,00:14,14:27,"88,9",,,
2031-Jun-09,21:37,22:02,22:33,23:02,"11,1","3,5",31,23:01,02:30,10:06,10:36,11:07,11:32,01:23,15:11,"80,1",,,
2031-Jun-10,21:37,22:02,22:33,23:03,"11,1","4,5",41,23:03,03:33,10:07,10:37,11:07,11:33,02:30,15:51,"70,0",,,
2031-Jun-11,21:37,22:02,22:33,23:03,"11,1","5,6",50,23:03,04:36,10:07,10:37,11:07,11:33,03:34,16:27,"59,0",,,
2031-Jun-12,21:37,22:02,22:33,23:03,"11,1","6,6",59,23:03,05:35,10:08,10:37,11:08,11:33,04:36,17:02,"48,0",,,
2031-Jun-13,21:37,22:02,22:33,23:03,"11,1","7,5",68,23:03,06:33,10:08,10:38,11:08,11:34,05:36,17:38,"37,4",,,
2031-Jun-14,21:37,22:02,22:33,23:03,"11,1","8,5",76,23:03,07:30,10:08,10:38,11:08,11:34,06:34,18:14,"27,7",,,
2031-Jun-15,21:37,22:02,22:33,23:03,"11,1","9,4",85,23:03,08:26,10:09,10:38,11:09,11:35,07:31,18:52,"19,2",,,
2031-Jun-16,21:37,22:03,22:33,23:03,"11,1","10,3",93,23:03,09:22,10:09,10:39,11:09,11:35,08:27,19:32,"12,0",,,
2031-Jun-17,21:37,22:03,22:33,23:03,"11,1","11,1",100,23:03,10:09,10:09,10:39,11:09,11:35,09:22,20:16,"6,5",,,
2031-Jun-18,21:37,22:03,22:33,23:03,"11,1","11,1",100,23:03,10:09,10:09,10:39,11:10,11:35,10:14,21:03,"2,6",,,
2031-Jun-19,21:37,22:03,22:34,23:04,"11,1","11,1",100,23:03,10:09,10:10,10:40,11:10,11:36,11:04,21:52,"0,5",,,
2031-Jun-20,21:38,22:03,22:34,23:04,"11,1","11,1",100,23:03,10:09,10:10,10:40,11:10,11:36,11:49,22:44,"0,1",,,
2031-Jun-21,21:38,22:03,22:34,23:04,"11,1","10,6",95,23:37,10:09,10:10,10:40,11:10,11:36,12:31,23:37,"1,6",,,
2031-Jun-22,21:38,22:04,22:34,23:04,"11,1","9,7",87,00:29,10:11,10:10,10:40,11:11,11:36,13:10,-,"4,7",,,
2031-Jun-23,21:38,22:04,22:35,23:04,"11,1","8,8",79,01:23,10:11,10:11,10:40,11:11,11:37,13:46,00:30,"9,4",,,
2031-Jun-24,21:39,22:04,22:35,23:05,"11,1","7,9",71,02:17,10:11,10:11,10:41,11:11,11:37,14:19,01:24,"15,6",,,
2031-Jun-25,21:39,22:05,22:35,23:05,"11,1","7,0",63,03:11,10:11,10:11,10:41,11:11,11:37,14:51,02:17,"23,1",,,
2031-Jun-26,21:39,22:05,22:35,23:05,"11,1","6,1",55,04:07,10:11,10:11,10:41,11:11,11:37,15:23,03:12,"31,7",,,
2031-Jun-27,21:40,22:05,22:36,23:06,"11,1","5,1",46,05:03,10:11,10:11,10:41,11:11,11:37,15:56,04:07,"41,2",,,
2031-Jun-28,21:40,22:05,22:36,23:06,"11,1","4,1",37,06:04,10:11,10:11,10:41,11:12,11:37,16:30,05:04,"51,4",,,
2031-Jun-29,21:40,22:06,22:36,23:06,"11,1","3,1",28,07:07,10:11,10:11,10:41,11:12,11:37,17:08,06:04,"61,9",,,
2031-Jun-30,21:41,22:06,22:37,23:07,"11,1","2,0",18,08:12,10:11,10:11,10:41,11:12,11:37,17:51,07:07,"72,2",,,
2031-Jul-01,21:41,22:07,22:37,23:07,"11,1","0,9",8,09:18,10:11,10:12,10:41,11:12,11:37,18:41,08:12,"81,8",,,
2031-Jul-02,21:41,22:07,22:37,23:07,"11,1","0,0",0,-,-,10:12,10:41,11:12,11:37,19:38,09:18,"90,0",,,
2031-Jul-03,21:42,22:07,22:38,23:08,"11,1","0,0",0,-,-,10:12,10:41,11:12,11:37,20:42,10:22,"96,0",,,
2031-Jul-04,21:42,22:08,22:38,23:08,"11,1","0,0",0,-,-,10:12,10:41,11:12,11:37,21:51,11:21,"99,4",,,
2031-Jul-05,21:43,22:08,22:39,23:08,"11,1","0,0",0,-,-,10:12,10:41,11:11,11:37,23:02,12:15,"99,6",,,
2031-Jul-06,21:43,22:09,22:39,23:09,"11,0","1,1",10,23:08,00:11,10:11,10:41,11:11,11:37,-,13:03,"96,6",,,
2031-Jul-07,21:44,22:09,22:39,23:09,"11,0","2,2",20,23:08,01:18,10:11,10:41,11:11,11:37,00:12,13:46,"90,8",,,
2031-Jul-08,21:44,22:10,22:40,23:10,"11,0","3,2",29,23:10,02:24,10:11,10:41,11:11,11:37,01:19,14:25,"82,8",,,
2031-Jul-09,21:45,22:10,22:40,23:10,"11,0","4,3",39,23:10,03:26,10:11,10:41,11:11,11:36,02:24,15:02,"73,2",,,
2031-Jul-10,21:45,22:11,22:41,23:10,"11,0","5,3",48,23:10,04:27,10:11,10:41,11:11,11:36,03:27,15:38,"62,8",,,
2031-Jul-11,21:46,22:11,22:41,23:11,"11,0","6,2",57,23:10,05:24,10:11,10:40,11:11,11:36,04:27,16:15,"52,2",,,
2031-Jul-12,21:46,22:12,22:42,23:11,"11,0","7,2",65,23:10,06:22,10:11,10:40,11:10,11:36,05:25,16:52,"41,9",,,
2031-Jul-13,21:47,22:12,22:42,23:12,"11,0","8,1",74,23:12,07:18,10:11,10:40,11:10,11:36,06:22,17:32,"32,2",,,
2031-Jul-14,21:47,22:13,22:43,23:12,"11,0","9,0",82,23:12,08:10,10:10,10:40,11:10,11:35,07:18,18:15,"23,4",,,
2031-Jul-15,21:48,22:13,22:43,23:13,"11,0","9,8",89,23:12,09:00,10:10,10:39,11:09,11:35,08:11,19:01,"15,8",,,
2031-Jul-16,21:48,22:14,22:44,23:13,"11,0","10,6",97,23:12,09:47,10:10,10:39,11:09,11:35,09:01,19:49,"9,6",,,
2031-Jul-17,21:49,22:14,22:44,23:14,"10,9","10,9",100,23:14,10:09,10:09,10:39,11:09,11:34,09:48,20:40,"4,8",,,
2031-Jul-18,21:49,22:15,22:45,23:14,"10,9","10,9",100,23:14,10:09,10:09,10:38,11:08,11:34,10:31,21:32,"1,7",,,
2031-Jul-19,21:50,22:15,22:45,23:15,"10,9","10,9",100,23:15,10:07,10:09,10:38,11:08,11:33,11:11,22:25,"0,2",,,
2031-Jul-20,21:51,22:16,22:46,23:15,"10,9","10,8",99,23:19,10:07,10:08,10:38,11:08,11:33,11:47,23:19,"0,5",,,
2031-Jul-21,21:51,22:16,22:46,23:16,"10,9","9,9",91,00:13,10:07,10:08,10:37,11:07,11:32,12:22,-,"2,6",,,
2031-Jul-22,21:52,22:17,22:47,23:16,"10,9","9,0",83,01:07,10:07,10:08,10:37,11:07,11:32,12:54,00:13,"6,4",,,
2031-Jul-23,21:52,22:18,22:47,23:17,"10,8","8,1",75,02:01,10:07,10:07,10:36,11:06,11:31,13:26,01:07,"11,8",,,
2031-Jul-24,21:53,22:18,22:48,23:17,"10,8","7,2",66,02:57,10:05,10:07,10:36,11:06,11:31,13:58,02:02,"18,7",,,
2031-Jul-25,21:54,22:19,22:48,23:18,"10,8","6,2",57,03:54,10:05,10:06,10:35,11:05,11:30,14:31,02:57,"27,1",,,
2031-Jul-26,21:54,22:19,22:49,23:18,"10,8","5,2",48,04:54,10:05,10:06,10:35,11:05,11:30,15:07,03:55,"36,6",,,
2031-Jul-27,21:55,22:20,22:50,23:19,"10,8","4,1",38,05:57,10:05,10:05,10:34,11:04,11:29,15:47,04:55,"46,9",,,
2031-Jul-28,21:55,22:21,22:50,23:19,"10,8","3,1",29,07:00,10:03,10:05,10:34,11:03,11:28,16:32,05:57,"57,7",,,
2031-Jul-29,21:56,22:21,22:51,23:20,"10,7","2,0",19,08:03,10:03,10:04,10:33,11:03,11:28,17:23,07:0,"68,6",,,
2031-Jul-30,21:57,22:22,22:51,23:20,"10,7","1,0",9,09:04,10:03,10:04,10:33,11:02,11:27,18:22,08:03,"78,8",,,
2031-Jul-31,21:57,22:22,22:52,23:21,"10,7","0,0",0,10:00,10:02,10:03,10:32,11:01,11:26,19:27,09:04,"87,7",,,
2031-Aug-01,21:58,22:23,22:52,23:21,"10,7","0,0",0,-,-,10:02,10:31,11:01,11:26,20:36,10:0,"94,5",,,
2031-Aug-02,21:59,22:23,22:53,23:22,"10,7","0,0",0,-,-,10:02,10:31,11:00,11:25,21:47,10:51,"98,7",,,
2031-Aug-03,21:59,22:24,22:53,23:22,"10,7","0,0",0,-,-,10:01,10:30,10:59,11:24,22:57,11:37,"99,8",,,
2031-Aug-04,22:00,22:25,22:54,23:23,"10,6","0,7",7,23:23,00:04,10:00,10:29,10:58,11:23,-,12:19,"97,8",,,
2031-Aug-05,22:00,22:25,22:55,23:23,"10,6","1,8",17,23:23,01:09,10:00,10:28,10:58,11:22,00:05,12:58,"93,0",,,
2031-Aug-06,22:01,22:26,22:55,23:24,"10,6","2,8",27,23:24,02:14,09:59,10:28,10:57,11:22,01:10,13:35,"85,9",,,
2031-Aug-07,22:02,22:26,22:56,23:24,"10,6","3,9",36,23:24,03:15,09:58,10:27,10:56,11:21,02:14,14:13,"77,2",,,
2031-Aug-08,22:02,22:27,22:56,23:25,"10,5","4,8",46,23:24,04:14,09:57,10:26,10:55,11:20,03:15,14:51,"67,5",,,
2031-Aug-09,22:03,22:28,22:57,23:25,"10,5","5,8",55,23:24,05:10,09:57,10:25,10:54,11:19,04:14,15:31,"57,4",,,
2031-Aug-10,22:03,22:28,22:57,23:26,"10,5","6,7",63,23:26,06:04,09:56,10:24,10:53,11:18,05:11,16:13,"47,4",,,
2031-Aug-11,22:04,22:29,22:58,23:26,"10,5","7,5",72,23:26,06:56,09:55,10:24,10:53,11:17,06:05,16:58,"37,7",,,
2031-Aug-12,22:05,22:29,22:58,23:27,"10,5","8,3",79,23:26,07:43,09:54,10:23,10:52,11:16,06:56,17:46,"28,7",,,
2031-Aug-13,22:05,22:30,22:59,23:28,"10,4","9,0",87,23:28,08:28,09:53,10:22,10:51,11:15,07:44,18:36,"20,6",,,
2031-Aug-14,22:06,22:31,23:00,23:28,"10,4","9,7",93,23:28,09:09,09:52,10:21,10:50,11:14,08:29,19:27,"13,6",,,
2031-Aug-15,22:07,22:31,23:00,23:29,"10,4","10,3",99,23:28,09:47,09:52,10:20,10:49,11:13,09:10,20:20,"7,9",,,
2031-Aug-16,22:07,22:32,23:01,23:29,"10,4","10,4",100,23:28,09:49,09:51,10:19,10:48,11:12,09:48,21:14,"3,6",,,
2031-Aug-17,22:08,22:32,23:01,23:30,"10,3","10,3",100,23:30,09:49,09:50,10:18,10:47,11:11,10:23,22:08,"1,0",,,
2031-Aug-18,22:08,22:33,23:02,23:30,"10,3","10,3",100,23:30,09:47,09:49,10:17,10:46,11:10,10:57,23:02,"0,2",,,
2031-Aug-19,22:09,22:34,23:02,23:31,"10,3","9,8",96,23:57,09:47,09:48,10:16,10:45,11:09,11:29,23:57,"1,1",,,
2031-Aug-20,22:10,22:34,23:03,23:31,"10,3","8,9",86,00:53,09:45,09:47,10:15,10:44,11:08,12:1,-,"4,0",,,
2031-Aug-21,22:10,22:35,23:03,23:32,"10,2","7,9",77,01:50,09:45,09:46,10:14,10:43,11:07,12:34,00:53,"8,7",,,
2031-Aug-22,22:11,22:35,23:04,23:32,"10,2","6,9",68,02:48,09:44,09:45,10:13,10:41,11:06,13:09,01:50,"15,2",,,
2031-Aug-23,22:11,22:36,23:05,23:33,"10,2","5,9",58,03:49,09:42,09:44,10:12,10:40,11:05,13:47,02:49,"23,2",,,
2031-Aug-24,22:12,22:37,23:05,23:33,"10,2","4,9",48,04:50,09:40,09:43,10:11,10:39,11:04,14:30,03:49,"32,7",,,
2031-Aug-25,22:13,22:37,23:06,23:34,"10,1","3,8",38,05:50,09:40,09:41,10:10,10:38,11:02,15:17,04:50,"43,1",,,
2031-Aug-26,22:13,22:38,23:06,23:34,"10,1","2,8",28,06:51,09:38,09:40,10:09,10:37,11:01,16:11,05:51,"54,2",,,
2031-Aug-27,22:14,22:38,23:07,23:35,"10,1","1,9",18,07:47,09:38,09:39,10:07,10:36,11:00,17:12,06:51,"65,4",,,
2031-Aug-28,22:14,22:39,23:07,23:36,"10,0","1,0",10,08:39,09:36,09:38,10:06,10:35,10:59,18:17,07:47,"76,0",,,
2031-Aug-29,22:15,22:39,23:08,23:36,"10,0","0,2",2,09:26,09:35,09:37,10:05,10:34,10:58,19:25,08:39,"85,4",,,
2031-Aug-30,22:16,22:40,23:08,23:37,"10,0","0,0",0,-,-,09:36,10:04,10:32,10:57,20:34,09:26,"92,8",,,
2031-Aug-31,22:16,22:41,23:09,23:37,"10,0","0,0",0,-,-,09:35,10:03,10:31,10:55,21:42,10:10,"97,7",,,
2031-Sep-01,22:17,22:41,23:10,23:38,"9,9","0,0",0,-,-,09:33,10:02,10:30,10:54,22:49,10:50,"99,7",,,
2031-Sep-02,22:17,22:42,23:10,23:38,"9,9","0,3",3,23:37,23:53,09:32,10:00,10:29,10:53,23:54,11:29,"98,8",,,
2031-Sep-03,22:18,22:42,23:11,23:39,"9,9","1,3",13,23:39,00:58,09:31,09:59,10:28,10:52,-,12:07,"95,2",,,
2031-Sep-04,22:19,22:43,23:11,23:39,"9,9","2,3",24,23:39,01:59,09:30,09:58,10:26,10:50,00:58,12:46,"89,3",,,
2031-Sep-05,22:19,22:43,23:12,23:40,"9,8","3,3",34,23:39,02:59,09:29,09:57,10:25,10:49,01:59,13:26,"81,8",,,
2031-Sep-06,22:20,22:44,23:12,23:41,"9,8","4,2",43,23:41,03:54,09:27,09:56,10:24,10:48,02:59,14:09,"73,0",,,
2031-Sep-07,22:20,22:45,23:13,23:41,"9,8","5,1",53,23:41,04:48,09:26,09:54,10:23,10:47,03:55,14:53,"63,6",,,
2031-Sep-08,22:21,22:45,23:14,23:42,"9,7","6,0",61,23:41,05:39,09:25,09:53,10:21,10:45,04:49,15:41,"53,9",,,
2031-Sep-09,22:21,22:46,23:14,23:42,"9,7","6,7",69,23:41,06:24,09:24,09:52,10:20,10:44,05:39,16:30,"44,3",,,
2031-Sep-10,22:22,22:46,23:15,23:43,"9,7","7,4",77,23:42,07:07,09:22,09:51,10:19,10:43,06:25,17:21,"35,0",,,
2031-Sep-11,22:23,22:47,23:15,23:44,"9,6","8,0",83,23:44,07:45,09:21,09:49,10:17,10:41,07:07,18:14,"26,4",,,
2031-Sep-12,22:23,22:48,23:16,23:44,"9,6","8,7",90,23:44,08:23,09:20,09:48,10:16,10:40,07:46,19:07,"18,6",,,
2031-Sep-13,22:24,22:48,23:16,23:45,"9,6","9,2",96,23:44,08:57,09:18,09:47,10:15,10:39,08:23,20:01,"11,8",,,
2031-Sep-14,22:24,22:49,23:17,23:45,"9,5","9,5",100,23:44,09:15,09:17,09:45,10:14,10:38,08:57,20:55,"6,4",,,
2031-Sep-15,22:25,22:49,23:18,23:46,"9,5","9,5",100,23:46,09:13,09:16,09:44,10:12,10:36,09:30,21:50,"2,6",,,
2031-Sep-16,22:26,22:50,23:18,23:47,"9,5","9,4",100,23:46,09:13,09:14,09:43,10:11,10:35,10:03,22:46,"0,5",,,
2031-Sep-17,22:26,22:51,23:19,23:47,"9,4","9,4",100,23:46,09:11,09:13,09:41,10:10,10:34,10:36,23:44,"0,3",,,
2031-Sep-18,22:27,22:51,23:19,23:48,"9,4","8,5",90,00:42,09:09,09:12,09:40,10:08,10:32,11:11,-,"2,2",,,
2031-Sep-19,22:27,22:52,23:20,23:49,"9,4","7,4",79,01:43,09:09,09:10,09:39,10:07,10:31,11:49,00:42,"6,1",,,
2031-Sep-20,22:28,22:52,23:21,23:49,"9,3","6,4",69,02:44,09:08,09:09,09:37,10:06,10:30,12:30,01:43,"12,1",,,
2031-Sep-21,22:29,22:53,23:21,23:50,"9,3","5,4",58,03:45,09:06,09:08,09:36,10:04,10:28,13:16,02:44,"20,0",,,
2031-Sep-22,22:29,22:54,23:22,23:51,"9,3","4,3",47,04:45,09:04,09:06,09:35,10:03,10:27,14:08,03:45,"29,4",,,
2031-Sep-23,22:30,22:54,23:23,23:51,"9,2","3,4",36,05:41,09:02,09:05,09:33,10:02,10:26,15:05,04:45,"40,0",,,
2031-Sep-24,22:30,22:55,23:23,23:52,"9,2","2,5",27,06:31,09:02,09:03,09:32,10:00,10:24,16:07,05:41,"51,2",,,
2031-Sep-25,22:31,22:55,23:24,23:53,"9,2","1,7",18,07:20,09:00,09:02,09:31,09:59,10:23,17:12,06:32,"62,6",,,
2031-Sep-26,22:32,22:56,23:25,23:53,"9,1","0,9",10,08:03,08:59,09:01,09:29,09:58,10:22,18:18,07:20,"73,5",,,
2031-Sep-27,22:32,22:57,23:25,23:54,"9,1","0,2",3,08:44,08:57,08:59,09:28,09:56,10:21,19:24,08:03,"83,1",,,
2031-Sep-28,22:33,22:57,23:26,23:55,"9,1","0,0",0,-,-,08:58,09:27,09:55,10:19,20:30,08:44,"91,0",,,
2031-Sep-29,22:34,22:58,23:27,23:55,"9,0","0,0",0,-,-,08:56,09:25,09:54,10:18,21:35,09:22,"96,5",,,
2031-Sep-30,22:34,22:59,23:27,23:56,"9,0","0,0",0,-,-,08:55,09:24,09:52,10:17,22:39,10:01,"99,4",,,
2031-Oct-01,22:35,22:59,23:28,23:57,"9,0","0,0",0,-,-,08:54,09:23,09:51,10:15,23:42,10:39,"99,7",,,
2031-Oct-02,22:36,23:00,23:29,23:58,"8,9","0,8",8,23:57,00:42,08:52,09:21,09:50,10:14,-,11:19,"97,4",,,
2031-Oct-03,22:36,23:01,23:29,23:59,"8,9","1,7",19,23:59,01:41,08:51,09:20,09:49,10:13,00:43,12:01,"92,9",,,
2031-Oct-04,22:37,23:01,23:30,23:59,"8,8","2,7",30,23:59,02:37,08:49,09:19,09:47,10:11,01:42,12:46,"86,6",,,
2031-Oct-05,22:38,23:02,23:31,00:00,"8,8","3,5",40,00:00,03:29,08:48,09:17,09:46,10:10,02:38,13:33,"79,0",,,
2031-Oct-06,22:38,23:03,23:32,00:01,"8,8","4,3",49,00:00,04:18,08:46,09:16,09:45,10:09,03:30,14:22,"70,4",,,
2031-Oct-07,22:39,23:03,23:32,00:02,"8,7","5,0",57,00:02,05:01,08:45,09:15,09:43,10:08,04:18,15:13,"61,2",,,
2031-Oct-08,22:40,23:04,23:33,00:03,"8,7","5,7",65,00:02,05:42,08:44,09:13,09:42,10:06,05:02,16:05,"51,8",,,
2031-Oct-09,22:40,23:05,23:34,00:03,"8,7","6,3",73,00:02,06:20,08:42,09:12,09:41,10:05,05:43,16:58,"42,3",,,
2031-Oct-10,22:41,23:06,23:35,00:04,"8,6","6,9",80,00:04,06:54,08:41,09:11,09:40,10:04,06:20,17:51,"33,2",,,
2031-Oct-11,22:42,23:06,23:35,00:05,"8,6","7,4",86,00:04,07:27,08:39,09:09,09:38,10:03,06:55,18:45,"24,6",,,
2031-Oct-12,22:42,23:07,23:36,00:06,"8,5","7,9",93,00:06,08:01,08:38,09:08,09:37,10:01,07:28,19:40,"16,8",,,
2031-Oct-13,22:43,23:08,23:37,00:07,"8,5","8,5",100,00:06,08:35,08:37,09:07,09:36,10:00,08:01,20:35,"10,2",,,
2031-Oct-14,22:44,23:09,23:38,00:08,"8,5","8,4",100,00:08,08:33,08:35,09:05,09:35,09:59,08:35,21:33,"5,0",,,
2031-Oct-15,22:45,23:09,23:39,00:09,"8,4","8,4",100,00:09,08:33,08:34,09:04,09:33,09:58,09:09,22:32,"1,5",,,
2031-Oct-16,22:45,23:10,23:39,00:10,"8,4","8,4",100,00:09,08:30,08:33,09:03,09:32,09:57,09:46,23:33,"0,0",,,
2031-Oct-17,22:46,23:11,23:40,00:10,"8,4","7,9",95,00:35,08:30,08:31,09:02,09:31,09:55,10:27,-,"0,9",,,
2031-Oct-18,22:47,23:12,23:41,00:11,"8,3","6,9",82,01:38,08:28,08:30,09:00,09:30,09:54,11:13,00:35,"4,0",,,
2031-Oct-19,22:48,23:12,23:42,00:12,"8,3","5,8",70,02:39,08:26,08:29,08:59,09:29,09:53,12:04,01:38,"9,5",,,
2031-Oct-20,22:48,23:13,23:43,00:13,"8,2","4,8",59,03:35,08:26,08:27,08:58,09:27,09:52,13:00,02:39,"17,1",,,
2031-Oct-21,22:49,23:14,23:44,00:14,"8,2","3,9",48,04:30,08:24,08:26,08:57,09:26,09:51,14:01,03:36,"26,4",,,
2031-Oct-22,22:50,23:15,23:45,00:15,"8,2","3,1",38,05:17,08:23,08:25,08:55,09:25,09:50,15:05,04:30,"37,0",,,
2031-Oct-23,22:51,23:16,23:45,00:16,"8,1","2,4",29,06:00,08:21,08:23,08:54,09:24,09:49,16:10,05:18,"48,4",,,
2031-Oct-24,22:52,23:16,23:46,00:17,"8,1","1,7",20,06:42,08:21,08:22,08:53,09:23,09:48,17:15,06:01,"59,8",,,
2031-Oct-25,22:52,23:17,23:47,00:18,"8,1","1,0",12,07:20,08:19,08:21,08:52,09:22,09:47,18:19,06:42,"70,7",,,
2031-Oct-26,22:53,23:18,23:48,00:19,"8,0","0,4",4,07:56,08:17,08:19,08:51,09:21,09:46,19:22,07:20,"80,4",,,
2031-Oct-27,22:54,23:19,23:49,00:20,"8,0","0,0",0,-,-,08:18,08:49,09:20,09:45,20:25,07:57,"88,6",,,
2031-Oct-28,22:55,23:20,23:50,00:21,"7,9","0,0",0,-,-,08:17,08:48,09:19,09:44,21:27,08:35,"94,7",,,
2031-Oct-29,22:56,23:21,23:51,00:23,"7,9","0,0",0,-,-,08:16,08:47,09:18,09:43,22:28,09:13,"98,5",,,
2031-Oct-30,22:57,23:22,23:52,00:24,"7,8","0,0",0,-,-,08:14,08:46,09:17,09:42,23:27,09:54,"100,0",,,
2031-Oct-31,22:57,23:22,23:53,00:25,"7,8","0,0",0,00:24,00:25,08:13,08:45,09:16,09:41,-,10:38,"99,1",,,
2031-Nov-01,22:58,23:23,23:54,00:26,"7,8","0,9",11,00:26,01:18,08:12,08:44,09:15,09:40,00:25,11:24,"96,1",,,
2031-Nov-02,22:59,23:24,23:55,00:27,"7,7","1,7",22,00:26,02:10,08:11,08:43,09:14,09:39,01:19,12:13,"91,2",,,
2031-Nov-03,23:00,23:25,23:56,00:28,"7,7","2,5",32,00:27,02:55,08:10,08:42,09:13,09:38,02:10,13:04,"84,8",,,
2031-Nov-04,23:01,23:26,23:57,00:29,"7,7","3,2",41,00:29,03:38,08:09,08:41,09:12,09:37,02:56,13:56,"77,3",,,
2031-Nov-05,23:02,23:27,23:58,00:30,"7,6","3,8",50,00:29,04:16,08:07,08:40,09:11,09:36,03:38,14:48,"68,8",,,
2031-Nov-06,23:03,23:28,23:59,00:31,"7,6","4,4",57,00:31,04:52,08:06,08:39,09:10,09:35,04:17,15:41,"59,8",,,
2031-Nov-07,23:04,23:29,00:00,00:33,"7,5","4,9",65,00:33,05:26,08:05,08:38,09:09,09:35,04:52,16:35,"50,4",,,
2031-Nov-08,23:04,23:30,00:01,00:34,"7,5","5,4",72,00:33,05:59,08:04,08:37,09:09,09:34,05:26,17:28,"40,9",,,
2031-Nov-09,23:05,23:31,00:02,00:35,"7,5","5,9",79,00:35,06:31,08:03,08:36,09:08,09:33,05:59,18:22,"31,6",,,
2031-Nov-10,23:06,23:32,00:03,00:36,"7,4","6,5",87,00:35,07:05,08:02,08:35,09:07,09:32,06:31,19:18,"22,8",,,
2031-Nov-11,23:07,23:32,00:04,00:37,"7,4","7,1",96,00:36,07:41,08:01,08:35,09:06,09:32,07:05,20:16,"15,0",,,
2031-Nov-12,23:08,23:33,00:05,00:38,"7,4","7,4",100,00:38,07:59,08:00,08:34,09:06,09:31,07:41,21:16,"8,3",,,
2031-Nov-13,23:09,23:34,00:06,00:40,"7,3","7,3",100,00:40,07:57,07:59,08:33,09:05,09:30,08:20,22:19,"3,4",,,
2031-Nov-14,23:10,23:35,00:07,00:41,"7,3","7,3",100,00:40,07:57,07:58,08:32,09:04,09:30,09:04,23:23,"0,6",,,
2031-Nov-15,23:11,23:36,00:08,00:42,"7,3","7,3",100,00:42,07:56,07:58,08:31,09:04,09:29,09:54,-,"0,2",,,
2031-Nov-16,23:12,23:37,00:09,00:43,"7,2","6,5",89,01:27,07:56,07:57,08:31,09:03,09:29,10:50,00:27,"2,4",,,
2031-Nov-17,23:13,23:38,00:10,00:44,"7,2","5,5",77,02:24,07:54,07:56,08:30,09:02,09:28,11:51,01:28,"7,2",,,
2031-Nov-18,23:14,23:39,00:11,00:45,"7,2","4,7",65,03:15,07:54,07:55,08:29,09:02,09:28,12:56,02:24,"14,4",,,
2031-Nov-19,23:14,23:40,00:12,00:47,"7,1","3,9",55,04:00,07:54,07:54,08:29,09:01,09:27,14:02,03:15,"23,4",,,
2031-Nov-20,23:15,23:41,00:13,00:48,"7,1","3,2",45,04:43,07:52,07:54,08:28,09:01,09:27,15:08,04:01,"33,9",,,
2031-Nov-21,23:16,23:42,00:14,00:49,"7,1","2,5",36,05:21,07:52,07:53,08:28,09:00,09:26,16:12,04:43,"45,1",,,
2031-Nov-22,23:17,23:43,00:16,00:50,"7,0","1,9",27,05:57,07:52,07:52,08:27,09:00,09:26,17:15,05:21,"56,4",,,
2031-Nov-23,23:18,23:44,00:17,00:51,"7,0","1,3",18,06:33,07:50,07:52,08:27,08:59,09:25,18:17,05:58,"67,2",,,
2031-Nov-24,23:19,23:45,00:18,00:52,"7,0","0,6",9,07:11,07:50,07:51,08:26,08:59,09:25,19:18,06:34,"77,0",,,
2031-Nov-25,23:20,23:46,00:19,00:53,"7,0","0,0",0,-,-,07:50,08:26,08:59,09:25,20:18,07:12,"85,4",,,
2031-Nov-26,23:21,23:47,00:20,00:55,"6,9","0,0",0,-,-,07:50,08:25,08:58,09:24,21:17,07:51,"92,1",,,
2031-Nov-27,23:22,23:48,00:21,00:56,"6,9","0,0",0,-,-,07:49,08:25,08:58,09:24,22:14,08:32,"96,8",,,
2031-Nov-28,23:23,23:48,00:22,00:57,"6,9","0,0",0,-,-,07:49,08:24,08:58,09:24,23:10,09:17,"99,4",,,
2031-Nov-29,23:23,23:49,00:23,00:58,"6,8","0,0",0,-,-,07:48,08:24,08:58,09:24,-,10:05,"99,9",,,
2031-Nov-30,23:24,23:50,00:23,00:59,"6,8","0,0",0,-,-,07:48,08:24,08:57,09:24,00:02,10:55,"98,4",,,
2031-Dec-01,23:25,23:51,00:24,01:00,"6,8","0,6",8,01:00,01:34,07:48,08:24,08:57,09:24,00:50,11:47,"95,1",,,
2031-Dec-02,23:26,23:52,00:25,01:01,"6,8","1,2",18,01:00,02:14,07:47,08:23,08:57,09:23,01:34,12:39,"90,1",,,
2031-Dec-03,23:27,23:53,00:26,01:02,"6,8","1,8",27,01:02,02:50,07:47,08:23,08:57,09:23,02:14,13:32,"83,7",,,
2031-Dec-04,23:28,23:54,00:27,01:03,"6,7","2,4",35,01:03,03:24,07:47,08:23,08:57,09:23,02:51,14:25,"76,2",,,
2031-Dec-05,23:28,23:54,00:28,01:04,"6,7","2,9",43,01:03,03:56,07:47,08:23,08:57,09:23,03:25,15:18,"67,7",,,
2031-Dec-06,23:29,23:55,00:29,01:05,"6,7","3,4",51,01:05,04:29,07:46,08:23,08:57,09:23,03:57,16:11,"58,5",,,
2031-Dec-07,23:30,23:56,00:30,01:06,"6,7","3,9",59,01:05,05:01,07:46,08:23,08:57,09:23,04:29,17:05,"48,9",,,
2031-Dec-08,23:31,23:57,00:31,01:07,"6,7","4,5",67,01:07,05:35,07:46,08:23,08:57,09:23,05:02,18:01,"39,2",,,
2031-Dec-09,23:32,23:58,00:31,01:08,"6,6","5,1",76,01:07,06:11,07:46,08:23,08:57,09:24,05:36,18:59,"29,6",,,
2031-Dec-10,23:32,23:58,00:32,01:09,"6,6","5,7",87,01:09,06:53,07:46,08:23,08:57,09:24,06:12,19:59,"20,6",,,
2031-Dec-11,23:33,23:59,00:33,01:09,"6,6","6,5",99,01:09,07:39,07:46,08:23,08:57,09:24,06:53,21:02,"12,6",,,
2031-Dec-12,23:34,00:00,00:34,01:10,"6,6","6,6",100,01:09,07:45,07:46,08:23,08:58,09:24,07:40,22:06,"6,2",,,
2031-Dec-13,23:34,00:01,00:35,01:11,"6,6","6,6",100,01:11,07:47,07:46,08:23,08:58,09:24,08:33,23:10,"1,9",,,
2031-Dec-14,23:35,00:01,00:35,01:12,"6,6","6,6",100,01:11,07:47,07:47,08:24,08:58,09:25,09:33,-,"0,1",,,
2031-Dec-15,23:36,00:02,00:36,01:13,"6,6","6,6",100,01:12,07:47,07:47,08:24,08:58,09:25,10:38,00:10,"1,2",,,
2031-Dec-16,23:36,00:03,00:37,01:13,"6,6","5,9",89,01:56,07:47,07:47,08:24,08:59,09:25,11:46,01:06,"5,1",,,
2031-Dec-17,23:37,00:03,00:37,01:14,"6,6","5,1",78,02:41,07:48,07:47,08:25,08:59,09:26,12:55,01:56,"11,6",,,
2031-Dec-18,23:38,00:04,00:38,01:15,"6,6","4,5",68,03:20,07:48,07:48,08:25,08:59,09:26,14:02,02:41,"20,1",,,
2031-Dec-19,23:38,00:04,00:38,01:15,"6,6","3,8",58,04:00,07:48,07:48,08:25,09:00,09:26,15:08,03:21,"30,2",,,
2031-Dec-20,23:39,00:05,00:39,01:16,"6,5","3,2",49,04:36,07:48,07:48,08:26,09:00,09:27,16:11,04:0,"41,0",,,
2031-Dec-21,23:39,00:05,00:39,01:16,"6,6","2,6",39,05:14,07:48,07:49,08:26,09:01,09:27,17:12,04:37,"52,0",,,
2031-Dec-22,23:40,00:06,00:40,01:17,"6,5","2,0",30,05:51,07:50,07:49,08:27,09:01,09:28,18:12,05:14,"62,7",,,
2031-Dec-23,23:40,00:06,00:40,01:17,"6,6","1,3",20,06:31,07:50,07:50,08:27,09:02,09:28,19:11,05:52,"72,5",,,
2031-Dec-24,23:41,00:07,00:41,01:18,"6,5","0,6",9,07:14,07:50,07:50,08:28,09:02,09:29,20:08,06:32,"81,2",,,
2031-Dec-25,23:41,00:07,00:41,01:18,"6,6","0,0",0,-,-,07:51,08:28,09:03,09:29,21:04,07:15,"88,4",,,
2031-Dec-26,23:41,00:08,00:42,01:18,"6,6","0,0",0,-,-,07:52,08:29,09:03,09:30,21:56,08:0,"94,0",,,
2031-Dec-27,23:42,00:08,00:42,01:18,"6,6","0,0",0,-,-,07:52,08:30,09:04,09:31,22:46,08:49,"97,8",,,
2031-Dec-28,23:42,00:08,00:42,01:19,"6,6","0,0",0,-,-,07:53,08:30,09:05,09:31,23:31,09:40,"99,7",,,
2031-Dec-29,23:42,00:08,00:42,01:19,"6,6","0,0",0,-,-,07:54,08:31,09:05,09:32,-,10:32,"99,7",,,
2031-Dec-30,23:43,00:09,00:43,01:19,"6,6",0,0,-,-,07:55,08:32,09:06,09:33,00:13,11:25,"97,9",,,
2031-Dec-31,23:42,00:09,00:43,01:19,"6,6","0,35",5,01:19,01:40,07:55,08:32,09:07,09:33,00:51,12:18,"94,4",,,
,,,,,,,,,,,,,,,,,,,
Date: Date corresponding to the Night of Observation.,,,,,,,,,,,,,,,,,,,
*C: Civil Twilight.,,,,,,,,,,,,,,,,,,,
*N: Nautical Twilight.,,,,,,,,,,,,,,,,,,,
*A: Astronomical Twilight.,,,,,,,,,,,,,,,,,,,
C*: Civil Dawn.,,,,,,,,,,,,,,,,,,,
N*: Nautical Dawn.,,,,,,,,,,,,,,,,,,,
A*: Astronomical Dawn.,,,,,,,,,,,,,,,,,,,
h☼: Sun apparent elevation.,,,,,,,,,,,,,,,,,,,
Start flats: Recommended time to start the acquisition of sky flats (you have at most 15 min. to acquire around 20 sky flats for each of the five filters). ,,,,,,,,,,,,,,,,,,,
Start: Recommended time for the start of the Night of Observation (Astronomical Twilight).,,,,,,,,,,,,,,,,,,,
Tt.h: Total number of hours to observe (from *A to A*).,,,,,,,,,,,,,,,,,,,
Dark: Total number of hours without Moon in the night (dark hours).,,,,,,,,,,,,,,,,,,,
TD%: Percentage of dark hours in relation to the total amount of observation hours available.             ,,,,,,,,,,,,,,,,,,,
from: Time when dark hours begin .,,,,,,,,,,,,,,,,,,,
to: Time when dark hours end.,,,,,,,,,,,,,,,,,,,
End: Recommended time for the end of the Night of Observation (Astronomical Dawn).,,,,,,,,,,,,,,,,,,,
ILL%: Percent of the lunar disk illuminated by the Sun.,,,,,,,,,,,,,,,,,,,
,,,,,,,,,,,,,,,,,,,
Note 1: All times are in UTC.,,,,,,,,,,,,,,,,,,,
"Note 2: The hours referred to the observation, correspond to the night of the date, and if it is an hour ",,,,,,,,,,,,,,,,,,,
"              less than ""Start hours"", it refers to the immediate morning, and not at dawn of the day to which it belongs that night.",,,,,,,,,,,,,,,,,,,
