#   1 NUMBER                 Running object number                                     
#   2 X_IMAGE                Object position along x                                    [pixel]
#   3 Y_IMAGE                Object position along y                                    [pixel]
#   4 FLUX_AUTO              Flux within a Kron-like elliptical aperture                [count]
#   5 FLUXERR_AUTO           RMS error for AUTO flux                                    [count]
#   6 MAG_AUTO               Kron-like elliptical aperture magnitude                    [mag]
#   7 MAGERR_AUTO            RMS error for AUTO magnitude                               [mag]
#   8 FWHM_IMAGE             FWHM assuming a gaussian core                              [pixel]
#   9 ELLIPTICITY            1 - B_IMAGE/A_IMAGE                                       
#  10 THETA_IMAGE            Position angle (CCW/x)                                     [deg]
#  11 FLAGS                  Extraction flags                                          
#  12 SNR_WIN                Gaussian-weighted SNR                                     
#  13 FLUX_APER              Flux vector within fixed circular aperture(s)              [count]
#  14 FLUXERR_APER           RMS error vector for aperture flux(es)                     [count]
         1    832.4136     32.3352     155374.2     907.9282  12.0216   0.0063    26.23    0.404  -3.38  16      286.3     4898.086     89.69761
         2    557.3105     34.4574     21777.59     790.3808  14.1550   0.0394    13.36    0.242 -53.95   0      43.59     970.9145     78.70723
         3    316.0023     28.7205     104903.1     626.8121  12.4480   0.0065    11.53    0.138 -46.71   0        233     4640.753      89.0432
         4    948.5266     24.6070     21125.03     738.5797  14.1880   0.0380    15.40    0.326 -36.47   0      45.02     1130.024     79.37271
         5    119.1093     11.1759     194581.7     819.2642  11.7772   0.0046    20.30    0.429 -51.52  24      311.5      5957.75     91.80792
         6    579.7015     15.9429     4808.283     426.8349  15.7950   0.0964     7.24    0.309  58.49   2      17.94     728.2449     78.00336
         7    442.2921     19.5559     14583.19     682.7057  14.5904   0.0508    10.76    0.453  -3.61  19      33.05     981.1719     78.52779
         8    444.0830     14.3232     14817.27       701.78  14.5731   0.0514    10.10    0.394  -9.43  19      30.16     1010.751     78.61335
         9    246.1919     19.2788     5819.152     425.4453  15.5879   0.0794     6.67    0.542 -18.60   2      21.55     692.3067     78.31949
        10    877.6241     11.5281     16608.31     734.3959  14.4492   0.0480     7.71    0.146 -54.45  16      34.56     689.9075     78.31253
        11    597.6824     11.8908     9116.363     557.4256  15.1004   0.0664     9.84    0.472 -17.33  18      28.34     942.4711     78.83385
        12      6.5492     10.4435      12081.8     544.4764  14.7947   0.0489     9.24    0.240 -14.16  18      30.57      977.555     79.35035
        13    811.8984     10.9554     16389.61     681.5001  14.4636   0.0452     9.92    0.582 -19.63  18      31.59     639.7639     77.32109
        14    822.5431      2.9607     13848.87     512.5786  14.6465   0.0402     9.80    0.536  -5.45  26      32.61     1224.188     79.84802
        15    697.3807      7.1470     43315.93     681.4343  13.4084   0.0171    10.47    0.393   3.83  18      101.8     4263.784     88.26221
        16    699.2117      2.3908     22782.06     325.1142  14.1060   0.0155     9.73    0.648   5.92  19      66.77     4128.031     87.72477
        17    786.4342      7.1719     19153.25      661.629  14.2944   0.0375    10.02    0.424  13.67  18      37.45     1534.396     81.13239
        18    788.1075      2.8296     12095.25     453.9257  14.7935   0.0408     9.81    0.543  11.14  19         36     1520.216     79.86712
        19    429.9991      4.6205     73774.55      526.922  12.8302   0.0078    11.58    0.351  -9.60  24      193.6     6674.744     94.09162
        20    308.3063      4.3430     12625.45     375.9749  14.7469   0.0323    12.55    0.305 -19.63  24      42.97     1154.341     79.02738
        21    756.0726      4.6307     6865.404     419.1965  15.4083   0.0663    11.20    0.225  -6.97  24      22.07     713.9207     78.38219
        22     93.3315   1006.5843     23307.77     843.1358  14.0812   0.0393     0.00    0.239 -66.96  16      31.37     524.6359     78.04234
        23    774.0987   1022.3743     5574.508     369.4703  15.6345   0.0720     4.23    0.121  29.59  25      20.16     1054.101     78.52953
        24    718.6453   1022.1507     6706.716     424.9532  15.4337   0.0688     8.26    0.511  -9.45  24       19.5     683.9518     78.50492
        25    584.0388   1022.7559      32913.1     366.2516  13.7066   0.0121    11.14    0.719   1.96  19      123.8     6703.279     94.16051
        26    584.8580   1017.3710     59024.62     564.4592  13.0724   0.0104    10.67    0.402  -0.69  19      170.9      8284.01     97.90157
        27    556.3096   1022.1331     5732.113      377.271  15.6042   0.0715     7.33    0.363   2.36  24      17.42     726.0551     77.99698
        28    297.9354   1020.6677     26100.15     427.5803  13.9584   0.0178    10.98    0.503   2.43  19       86.4     3648.313     86.28271
        29    298.9738   1015.1023     28055.01      425.732  13.8800   0.0165     9.61    0.445   4.20  19      92.26     4344.532     87.53592
        30    200.4893   1021.9009     10837.07     446.9039  14.9127   0.0448    10.24    0.448   9.09  19      36.79      1577.02     80.23374
        31    202.0425   1016.1859     11943.03      529.882  14.8072   0.0482     9.61    0.430  11.41  19      38.76     1887.217     82.11478
        32    711.4352    988.1390     101727.1     633.4927  12.4814   0.0068    10.54    0.320   8.73   3      257.2     13755.57     109.8717
        33     29.4650   1003.2147      7512.46     503.2705  15.3105   0.0728     9.51    0.506 -13.85   2      24.41      978.729     79.14629
        34     31.0048    997.5126      7838.46     496.0161  15.2644   0.0687     8.16    0.332  11.16   3      26.31       1231.3     79.86826
        35    376.5968    999.7824     5781.882     160.1316  15.5948   0.0301     1.03    0.058   7.31   0      73.62     5646.287     91.57375
        36    709.8369    994.1475     137512.4     794.0142  12.1541   0.0063     9.37    0.432 -34.04  19      265.4     11743.66     105.6281
        37    290.3238    990.9106     19374.63     513.4244  14.2819   0.0288    15.52    0.186 -70.92   0      50.65      904.423       78.515
        38    655.1718    988.4199     10450.91      624.688  14.9521   0.0649    11.85    0.401 -69.66   0      26.12      649.327       78.614
        39    776.8077    984.3621     8658.281     394.9588  15.1564   0.0495    11.21    0.405   5.58   3      28.75     1073.293     79.83028
        40    778.2450    978.6071     7820.345     406.7858  15.2669   0.0565    10.63    0.481   4.19   3      27.12     1154.738     80.06181
        41    866.5239    980.6508      14771.4     689.9534  14.5764   0.0507    11.58    0.418   0.87   2      30.93     1054.166     79.15521
        42    866.8684    974.9031     9349.861     561.1943  15.0730   0.0652     9.78    0.460   8.93   3      26.28     752.0594     78.07272
        43   1012.5176    980.3031      5108.45     371.4032  15.7293   0.0790     9.35    0.443   4.17  18      19.75     858.4586     78.38184
        44   1015.2068    975.0446     6505.172     448.3768  15.4669   0.0749     9.92    0.442  14.89  19      21.85     968.6736     79.53188
        45    321.3902    975.6239     11934.13     711.8998  14.8080   0.0648    11.23    0.708 -45.35   2      25.91     625.1096     78.33438
        46    823.8149    978.0803     7342.344     473.7471  15.3354   0.0701     6.83    0.568  -3.56   0      20.87     666.7422      78.0349
        47    451.5451    965.0370     774716.3     905.8937  10.2771   0.0013    12.67    0.093 -58.74   0      993.1     27312.23     135.1547
        48    430.1696    970.4688     12758.56     607.5294  14.7355   0.0517     8.89    0.286  18.59   3      28.46     914.0886     78.96045
        49    162.3870    973.5961     23417.41     458.6644  14.0762   0.0213    10.00    0.513  -7.41   3      76.54     3329.792     85.63177
        50    163.5258    967.9615     30443.17     543.8377  13.7913   0.0194     9.94    0.430  -1.80   3      87.82     4018.203     87.43977
        51    802.0447    974.7885     5741.063     458.8656  15.6025   0.0868     8.13    0.554  -2.58   0      19.42     661.9651     78.65053
        52    991.9948    969.5447     22731.19     511.7056  14.1084   0.0244    12.64    0.183 -55.92   0      59.15     1175.285     79.91468
        53    575.7811    973.5192      5363.12     420.3412  15.6765   0.0851     8.06    0.516 -15.50   2      19.88     851.9488     78.78139
        54    576.4340    968.2021     6997.581     463.0513  15.3876   0.0719     7.91    0.561  13.04   2       21.8     840.9933     79.16617
        55    542.6625    967.0961     48304.24     796.4255  13.2900   0.0179    12.35    0.153 -63.42   0      103.9     1589.633       80.474
        56    688.8213    970.8727     7245.235     481.4453  15.3499   0.0722    10.46    0.423  -2.83   2      24.38      937.996     79.23697
        57    688.8774    965.7388     6230.669     440.8419  15.5137   0.0768     8.45    0.463  23.20   3      22.26     873.0966     78.42427
        58    495.2796    965.9833     24966.95     683.1525  14.0066   0.0297    13.07    0.196 -65.30   0      58.18     909.1445     78.94622
        59    803.5212    969.5126     6311.744     441.8148  15.4996   0.0760     7.15    0.459  18.92   0      20.14     835.0341     78.31388
        60    517.2449    968.7092     9246.045     537.2059  15.0851   0.0631    11.82    0.454  12.67   3      30.05     992.2289     78.76875
        61    518.3625    962.8154     9731.898     531.2585  15.0295   0.0593     8.98    0.344  14.86   3      30.78     1310.955     80.70798
        62    764.7015    966.8132     6017.947     360.7415  15.5514   0.0651     9.69    0.492  -4.32   2      22.89     844.2958     78.75931
        63    766.6059    961.1799     5386.649      436.658  15.6717   0.0880     9.33    0.543   8.24   2      20.07     915.2312     78.96374
        64    922.0614    966.4092     10533.36     533.9154  14.9436   0.0550     7.71    0.457 -23.08   2      25.39      699.952     78.55122
        65    840.6179    964.2355     5510.783     418.4615  15.6470   0.0825     8.60    0.547   2.72   2      21.24     869.4449     79.45496
        66    842.2080    958.9488     7124.827     456.8597  15.3681   0.0696     7.52    0.321  45.59   2      21.87      887.688     79.09254
        67    621.9796    964.6257     15063.82     663.3278  14.5552   0.0478    10.52    0.540 -16.97   2      27.07     809.7421      79.0764
        68    623.4924    958.8954     7178.544     480.5594  15.3599   0.0727     8.13    0.398  21.25   3      23.58      908.159     78.73487
        69    710.9556    958.4243     7308.188     495.7731  15.3405   0.0737     8.45    0.431 -17.07   2      21.59     790.3173     79.02055
        70    711.9673    952.7539     5226.279     415.3491  15.7045   0.0863     6.15    0.343  26.05   3      18.86     850.4456     78.98545
        71    378.9561    957.9402      3468.58     145.9552  16.1496   0.0457     4.76    0.240  90.00   0      42.99     3328.067     85.62719
        72    641.5396    954.7352     11031.59     702.3106  14.8934   0.0691    11.67    0.068  17.23   0       24.8     689.6072     78.31166
        73    192.8275    955.2643     34763.46       490.09  13.6472   0.0153    10.25    0.491  -1.51   3      110.5     4905.739     89.53358
        74    194.1275    949.7885     42270.38     596.8289  13.4349   0.0153    10.38    0.465   3.83   3      121.3     5821.964     92.18722
        75    903.7087    944.7308     184960.2     740.5827  11.8323   0.0043    14.51    0.088 -68.55   0      358.9      7412.98     95.68656
        76    949.9159    946.9794     80376.96     733.4246  12.7372   0.0099    12.17    0.119 -63.99   0      176.5     2880.131      84.0396
        77    752.8434    956.9845     4789.505     394.8136  15.7993   0.0895     6.50    0.550  -4.33   0      18.32     640.6256     78.58884
        78    973.9059    937.2690        24871     797.4779  14.0108   0.0348    13.89    0.534   2.46   2       45.2     1858.473      81.2297
        79    149.0840    942.5115     8950.594     527.0397  15.1204   0.0639    11.61    0.493   7.63   3      29.01     1066.285        79.19
        80    150.8678    937.3237     8286.284     506.8734  15.2041   0.0664    11.80    0.481   9.26   3       28.3     1256.761     79.52835
        81     43.6417    941.2863     19255.25     668.4613  14.2886   0.0377    10.72    0.502  -0.03   3      48.15     1965.971     81.52991
        82     44.7017    935.7948     15575.31     588.6734  14.5189   0.0410    10.67    0.495   0.20   3      46.49     2187.855     82.54536
        83    972.9374    942.9157     13786.33      582.364  14.6514   0.0459    10.11    0.490  -4.25   3      38.75     1504.662     80.23367
        84    118.5106    931.8306     59610.67     656.2491  13.0617   0.0120    19.41    0.158 -60.95   0      135.1     2197.901      82.1739
        85    755.2504    951.1271     5475.207     452.4193  15.6540   0.0897     6.99    0.445  18.31   0      18.97     680.8038     78.07584
        86    437.7465    924.1748     18890.13     592.7317  14.3094   0.0341    11.18    0.509   3.81   3      53.53     2267.425     82.76416
        87    435.8566    929.7329     20601.18     613.1431  14.2153   0.0323    10.05    0.447   2.65   3      55.94     1924.928     81.81824
        88    727.9830    922.4897      58871.1     549.6415  13.0752   0.0101     9.92    0.456  -0.74   3        164     6975.623      94.4682
        89    728.8553    916.6532     61124.46     581.0775  13.0345   0.0103     9.26    0.401   3.48   3      171.3     8042.668     97.67686
        90    277.9660    920.6863     28567.19     723.4659  13.8603   0.0275    12.08    0.199 -60.83   0      64.37     1011.467     79.03252
        91    378.9235    920.4276     25309.42     828.4371  13.9918   0.0355    13.05    0.188 -58.92   0      50.51      866.823     78.82429
        92    492.7957    920.0914     35032.21     497.7024  13.6388   0.0154    10.59    0.455  -5.29   3      103.8     4283.625     88.12695
        93    493.7411    914.1913     73108.78     784.8433  12.8401   0.0117    17.68    0.419  68.68   3      135.4     4938.172     89.98199
        94    772.1132    914.9656     33968.36     511.0743  13.6723   0.0163    10.62    0.451   8.49   3        104     4734.917     88.91422
        95    896.2849    917.3489     77135.54     492.1257  12.7819   0.0069     9.47    0.443   1.01   3      213.4     9627.257     100.6456
        96    897.6684    911.8416     80400.12     491.1271  12.7369   0.0066    10.06    0.405   5.41   3      222.3     11688.24     105.5087
        97    710.8146    915.4723     14878.86     578.5437  14.5686   0.0422    11.24    0.477  -3.28   3       43.2     1708.141     81.41599
        98    711.2410    909.8500     14818.13      591.863  14.5730   0.0434    12.13    0.501  -4.18   3      40.77     1740.591     81.50652
        99    256.9838    910.2310      85644.1     650.8394  12.6683   0.0083    12.93    0.122 -60.01   0      192.1      3250.88     85.80609
       100    646.3562    910.3702     18547.86     579.9832  14.3293   0.0340    14.70    0.109 -64.84   0      46.76      756.883     78.92433
       101    204.6911    913.8331     5073.568     397.0526  15.7367   0.0850     6.06    0.554 -24.38   0      17.53     575.1174     77.13084
       102    190.5535    907.5381     5224.726     428.0178  15.7048   0.0890     6.59    0.556  48.80   0      18.04     632.3918     78.14543
       103    384.4982    904.1888     19323.95     762.6717  14.2848   0.0429    11.49    0.460   0.22   2      34.55     1225.054     79.85049
       104    385.9065    898.7735     12360.25       586.03  14.7699   0.0515    10.53    0.448   3.23   3      32.63     1452.616     79.88058
       105    103.6670    895.7789     80560.92     727.2923  12.7347   0.0098    10.06    0.326 -10.19   3      183.2     8007.833      97.4272
       106    105.1508    890.1845     95323.59     926.6512  12.5520   0.0106     9.92    0.123 -24.43   3      177.6     9385.626     100.7532
       107     36.7255    890.6786     275474.8     938.3862  11.3998   0.0037    14.13    0.191  45.93   0      445.1     13064.58     107.9772
       108    507.7782    891.2435      17973.8     632.6374  14.3634   0.0382     9.59    0.467   5.55   3       46.2     2163.986     82.87727
       109    123.5607    891.4207     65534.23     792.0421  12.9588   0.0131    12.65    0.134 -60.88   1      142.2     2250.401     83.31145
       110    900.3191    895.6614     13821.69     645.9467  14.6486   0.0508    12.44    0.358   0.30   2       36.4     1253.702     79.51961
       111    901.8552    889.9196     7321.399     319.3108  15.3385   0.0474    10.55    0.496   2.54   3      28.85     1426.933     80.01318
       112    837.4035    894.6697     15948.75     618.7657  14.4932   0.0421    10.08    0.568  13.43   3      44.95       1439.8     80.45938
       113    839.9996    889.5233     27374.03     855.8344  13.9067   0.0340    10.76    0.369  15.71   2      46.45     1690.193     81.16359
       114    770.0707    920.4806     38129.73     619.6064  13.5468   0.0176     9.97    0.456   3.46   3      108.8     4222.228     87.59394
       115    740.3470    884.4531     39286.29     1177.093  13.5144   0.0325    21.16    0.444 -13.02   0       48.6     755.6363     78.92074
       116    585.3366    888.4241     5583.065     427.2473  15.6328   0.0831     6.96    0.629 -23.51   0      22.09      667.261     78.45658
       117    781.1448    883.8111     9196.379     570.5738  15.0910   0.0674     9.08    0.601   1.52   0      25.51     680.1117      78.4938
       118    271.6404    882.2120     8843.275     535.5028  15.1335   0.0658     7.43    0.311  47.06   2      23.73     825.2151     79.32835
       119    426.4255    879.5558     22821.98      570.239  14.1041   0.0271    10.23    0.455  -0.43   3      64.69     2548.365     83.92473
       120    427.9627    873.4640     20526.08     484.2918  14.2192   0.0256    10.50    0.465   0.27   3      66.79     3089.034     84.99038
       121    516.1617    872.1326     158251.9     925.2313  12.0016   0.0063    15.76    0.303 -58.88   0        281     6193.084     92.92091
       122    844.1727    871.2153     11150.04     596.6841  14.8818   0.0581    10.14    0.386   5.60   3      28.77     1072.649     79.82844
       123    845.6832    865.6142     12950.67     625.5968  14.7193   0.0525    11.04    0.422   1.02   3      30.76     1202.531     79.78635
       124    353.4244    868.8245     9215.297     520.0901  15.0887   0.0613    11.20    0.519  -1.41   2      31.01     780.2081     78.99147
       125    352.6150    863.2335     13837.45     564.4668  14.6474   0.0443     5.91    0.216 -80.04   3      28.98     979.2143     79.76833
       126    122.9980    868.3174     12907.56     596.6647  14.7229   0.0502    10.34    0.462  -1.68   3      37.53      1406.81     80.57043
       127    124.2402    862.7677     14839.87     617.0276  14.5714   0.0452    11.18    0.506  -3.29   3      41.34     1769.594     81.78859
       128    462.7895    866.1887     10639.34     560.9843  14.9327   0.0573     8.08    0.514 -19.31   2      24.29       707.17     78.36261
       129    713.9362    856.9471      85650.8     1123.737  12.6682   0.0142    20.51    0.475  75.61   0      137.5     3324.066     85.61657
       130    757.9990    864.5052     13743.61     720.5073  14.6547   0.0569     6.11    0.254   1.00   2      28.75     1045.812     79.33868
       131    761.5026    857.9973     13068.25     665.7374  14.7095   0.0553    10.72    0.405  65.73   2      30.23     952.2925     79.07034
       132    604.0530    862.9819     12696.12     608.8575  14.7408   0.0521    10.67    0.472  -0.88   3      37.51     1102.984     79.70879
       133    605.4723    857.2239     13912.61     667.8742  14.6415   0.0521     9.34    0.367  -1.12   2      30.57     1359.554     80.23239
       134    584.1699    861.8762     9252.014     517.7303  15.0844   0.0608    10.73    0.397  -7.23   3      28.14     1090.908     79.46777
       135    585.0685    855.8843     9591.019     526.5358  15.0453   0.0596    11.76    0.405  -6.61   3      30.75     1166.901     79.27114
       136   1007.8837    841.4716     39112.89     980.9052  13.5192   0.0272    22.46    0.444  78.78  19      73.46     1080.653     79.02348
       137   1014.1691    857.6686     28858.09     512.0174  13.8493   0.0193     9.29    0.449   1.38  19      89.92     3705.702     86.62372
       138   1015.7252    852.1680     26888.15      468.346  13.9261   0.0189     8.43    0.424   9.37  19      86.88     4206.639     87.92819
       139    979.6145    853.6938     27941.54      907.714  13.8844   0.0353    13.70    0.514 -18.89   2      36.72     1042.349     78.91323
       140    312.0034    856.7639     12529.02     498.1607  14.7552   0.0432    11.07    0.451  -5.22   3      40.85     1544.655     81.16113
       141    313.4149    851.2228     14913.07     556.8397  14.5661   0.0406     9.12    0.436   3.05   3      41.08     1949.657     82.08741
       142    506.2147    897.1799     20966.01     680.0095  14.1962   0.0352    10.91    0.438   6.54   3      50.58     1915.132     81.99177
       143    842.6382    856.1419     21638.05     778.2892  14.1620   0.0391    16.10    0.543 -18.26   2      42.08     990.7609     79.18083
       144    227.9383    857.7308     5572.868     421.4309  15.6348   0.0821     6.36    0.586 -27.46   0      21.12      653.488     78.20676
       145    348.4294    851.6600     16078.21     807.2798  14.4844   0.0545    12.81    0.328  88.94   0      26.97     510.2387     77.57775
       146    444.0234    853.4173     7098.064     526.2402  15.3722   0.0805     8.51    0.555 -19.66   2      22.94     782.9161     78.99926
       147    201.7817    850.9278     15013.61     642.5397  14.5588   0.0465    15.22    0.382 -79.31   0      34.68     824.2675     78.91009
       148    518.9930    849.7183     16826.44     746.1213  14.4350   0.0482    12.50    0.389  -0.82   2      29.92     1053.297     79.56699
       149    520.5605    844.1991     9844.634     599.6234  15.0170   0.0661    10.95    0.562   5.70   3      27.12     1264.855     80.37379
       150    431.6110    848.1624     14964.78     711.1351  14.5623   0.0516    11.24    0.423  -7.38   3      25.02     976.7094     79.76119
       151    433.5347    842.1467     9466.996     583.4999  15.0595   0.0669    10.32    0.497  10.23   2      26.84     1151.585     79.64111
       152    937.0360    843.3858     19624.88     510.3241  14.2680   0.0282     9.38    0.473   3.05   3      60.83     2493.603     83.97229
       153    938.2225    837.7916     23626.91     588.2912  14.0665   0.0270    14.43    0.309   2.05   3      66.53     2728.819     84.21703
       154    107.6402    841.8128     19607.82     565.3334  14.2689   0.0313    10.07    0.525  -7.14   3      55.52     2364.897     83.62322
       155    109.0774    836.2739     20270.89     565.5999  14.2328   0.0303    11.16    0.491  -3.08   3       59.9     2641.902     83.39285
       156    400.7133    836.9383     60227.56     504.2108  13.0505   0.0091    10.17    0.493  -1.95   3      171.4     7806.087     96.44545
       157    402.1802    831.2070     68598.57     566.1274  12.9092   0.0090    10.73    0.430   2.34   3      189.2     9495.374     100.6744
       158    877.8447    837.7319     19828.92     465.7909  14.2568   0.0255     9.29    0.509  -3.43   3      60.32      2366.67     83.03624
       159    876.4214    831.5043     61722.14      764.527  13.0239   0.0135    14.13    0.222  -5.34   2        116     3101.453     84.44157
       160    854.4219    839.3143     4951.629     361.2086  15.7631   0.0792     8.33    0.558 -13.75   2       20.2     832.9966     78.30797
       161    855.2131    834.0109     7688.001     513.8541  15.2855   0.0726    10.45    0.443   8.79   3       24.2     962.7689     79.10045
       162    670.1567    837.5958     7971.714     510.7713  15.2461   0.0696    10.71    0.460  -9.16   3      26.08     862.6928     79.22844
       163    671.0803    832.2937     6517.913     435.3626  15.4647   0.0725     9.90    0.439  -4.64   3       23.2     993.6061     78.98114
       164    450.3014    835.9021      5932.96     155.1353  15.5668   0.0284     0.99    0.084 -11.73   0      69.37     5210.536     89.57286
       165    276.0421    827.9838     8976.847     543.1788  15.1172   0.0657    10.60    0.362  -3.02   3      27.19     1046.491     79.75394
       166    277.6851    822.3535     7634.615      480.775  15.2930   0.0684    11.00    0.401   7.71   3      26.59     1140.321     79.19489
       167    180.0690    820.1163     55945.54     576.9153  13.1306   0.0112    10.46    0.489   0.90   3      139.2     5239.938     90.19586
       168    181.6095    814.8892     47606.62     518.6907  13.3058   0.0118    10.21    0.516   5.69   3      130.4     6125.239     92.57743
       169    476.9900    821.1946     8914.166     543.1526  15.1248   0.0662     8.03    0.476  51.30   0      21.69     643.7742     78.17854
       170    335.5032    821.7831     9699.109     391.3794  15.0332   0.0438    10.92    0.501  -3.55   3      34.05     1286.835      79.4075
       171    336.8861    816.1155     11626.33     537.4479  14.8364   0.0502    13.44    0.321  15.29   3      36.83     1497.311     80.41752
       172    533.1944    811.8387     62930.01     692.1139  13.0029   0.0119    16.29    0.185  15.46   2      138.4     2245.481     83.10046
       173    545.6796    819.5978     24008.99     505.8142  14.0491   0.0229     8.66    0.425  -8.66   3      73.28     3101.947      85.0249
       174    547.5182    813.9718     22067.32     421.5497  14.1406   0.0207    11.72    0.313  25.59   3      75.62     3504.781     86.09495
       175    601.0504    818.1605     14488.71     688.6678  14.5974   0.0516    11.40    0.387   0.66   2      32.53     1132.061     79.79166
       176    602.4492    812.7100     7315.152     456.0542  15.3394   0.0677    11.23    0.548   4.56   3      27.81     1284.161     79.60661
       177     29.4385    813.1836     20535.38      823.641  14.2187   0.0436    15.80    0.251 -61.00   0      39.52     725.1349     79.04111
       178    806.5879    811.7567     105378.7     520.2328  12.4431   0.0054     9.44    0.429   3.83   3      271.3     13141.65     108.8967
       179    808.1442    806.2935     112073.6     547.7107  12.3762   0.0053    10.13    0.431  10.03   3        279     14773.71     111.5166
       180    740.0466    815.5373     8470.271     551.2297  15.1803   0.0707     9.54    0.565  -4.82   2      27.36     739.9415      78.4576
       181    741.6794    810.0489     8418.066     514.1769  15.1870   0.0663     6.68    0.380  39.15   2      23.66     932.4101     78.59597
       182    397.5823    788.9139     206867.1     1241.881  11.7108   0.0065    36.59    0.607  86.47   3      339.6     3912.867     86.97676
       183    402.3399    807.6678     235391.2     549.3571  11.5705   0.0025     9.90    0.486 -12.12   3      501.8      31675.9     142.1879
       184    403.7841    802.0861     191327.3     472.6597  11.7956   0.0027     8.58    0.367   9.60   3      469.9     37270.98     150.7572
       185    210.1518    812.4697     13425.32     375.3649  14.6802   0.0304     9.55    0.497   1.58   3      47.69     1950.496     81.88924
       186    212.0852    806.9738      16856.7     503.4073  14.4331   0.0324    10.56    0.420   5.17   3      53.99     2335.986     82.55492
       187    562.9370    795.3379     37351.39     721.1092  13.5692   0.0210    18.38    0.365 -10.33   2      73.88     1674.011     80.91536
       188    576.4067    806.1959     6700.242     305.7086  15.4348   0.0496    10.18    0.519  -2.11   3      25.73      1081.24     79.44011
       189    577.5373    800.4536     11725.39     528.2349  14.8272   0.0489     9.92    0.387  20.33   3      34.22       1150.3     79.63744
       190     82.5493    806.4565     9004.332     576.2313  15.1139   0.0695     8.95    0.477 -21.49   2      25.24     786.2599     78.80054
       191    695.9380    804.5847     19092.53     769.0423  14.2978   0.0437    12.38    0.229   2.95   2       36.6     1107.766     79.51596
       192    697.8736    799.1226     12758.37     635.9519  14.7355   0.0541    10.24    0.515  15.32   3      29.39     1037.733     78.89994
       193    670.7226    799.9407     16595.07     736.0687  14.4501   0.0482    11.22    0.313   9.42   2       30.8     985.9873     78.95921
       194    625.5458    800.6361     5666.402     453.4227  15.6167   0.0869     7.68    0.652 -16.72   0      19.38     722.3345     78.61596
       195    244.6700    794.5566     23410.14     706.3051  14.0765   0.0328     9.74    0.349  -5.03   3      49.57     1588.714     80.87893
       196    245.3896    788.1597     25881.37      771.046  13.9675   0.0324    10.01    0.307  -3.03   3      50.96     1614.238     81.55755
       197     40.7848    796.5230     11636.16     496.0992  14.8355   0.0463    10.09    0.446  -4.64   3      37.71     1508.719     80.85738
       198     42.1191    790.8204     12723.87     506.4306  14.7385   0.0432    13.10    0.388  -5.54   3      39.63      1733.52      81.4868
       199    626.6890    794.8165     4032.724     371.8511  15.9860   0.1001     6.24    0.654  16.13   0      16.12     694.2925     77.90437
       200    755.9038    792.0720     13351.25     621.7892  14.6862   0.0506     8.32    0.665  -5.59   0      23.98     602.1774     77.42315
       201    768.9059    783.6562      6585.66     482.8391  15.4535   0.0796     7.36    0.495  38.77   2      21.65      642.587     77.54168
       202    981.1970    786.7430     7634.337     493.4303  15.2931   0.0702    10.97    0.386   0.70   3      25.27     1034.559     79.51345
       203    982.0314    781.4240     6800.485     451.2669  15.4187   0.0721     9.79    0.506   0.66   3      23.81      964.793     79.52078
       204    930.7590    783.1956     14050.37     686.1315  14.6308   0.0530    10.73    0.271  -5.56   0      30.88     1104.383     79.91874
       205    184.5114    785.2402     11289.05     643.7795  14.8684   0.0619     9.53    0.669  25.90   0      23.82     611.6364     77.66286
       206    102.8236    781.7964     30035.13     499.5457  13.8059   0.0181    10.12    0.442   1.15   3      96.59     4057.223     87.54114
       207    104.3463    776.0851     28037.73     421.8438  13.8806   0.0163     9.98    0.494   5.11   3      93.02     4597.791     88.56302
       208    288.8400    783.1843     15607.81     656.6657  14.5166   0.0457     8.96    0.519 -19.66   2      30.07     837.8842     79.36464
       209    156.7662    773.0557     407235.3     795.1329  10.9754   0.0021    13.13    0.122 -62.50   0      649.3     14463.98     111.1797
       210    425.0591    774.5197      7312.15     481.4769  15.3399   0.0715    10.23    0.447  -5.20   3      24.61      916.053     78.54865
       211    426.5220    768.4791     8130.398     505.9919  15.2247   0.0676    10.52    0.417   7.55   3      26.02     1134.879     78.97139
       212    963.5048    774.0425     10497.88     546.0773  14.9472   0.0565     6.75    0.196  17.79   0      23.36      907.028     78.10272
       213      7.0100    766.0680      12536.5      151.522  14.7546   0.0131     0.00    0.131  78.20   0      147.2     11840.02     105.8352
       214     37.2345    765.3586     10534.22      562.405  14.9435   0.0580    10.30    0.473 -13.44   3      32.98     1385.391     80.50999
       215     38.6256    759.8802        16557     736.0569  14.4525   0.0483    10.11    0.474  -2.48   3      38.03     1666.116     81.09614
       216    546.5395    764.8953     5081.316     419.2096  15.7351   0.0896     6.99    0.463 -31.22   2      19.44     732.3141     78.01521
       217    933.9153    763.2956     5989.385      439.784  15.5565   0.0797     6.25    0.443  18.13   0      20.85     618.1237     77.68185
       218    222.4323    758.2402      6443.28     393.6822  15.4772   0.0664     9.88    0.483 -19.08   2      23.37     873.8948     79.26057
       219    223.1281    752.8315     6200.226     440.8262  15.5190   0.0772     9.08    0.411   2.73   3      22.34     936.6775     79.02544
       220    404.6951    754.9296     20846.81     538.2877  14.2024   0.0280    11.04    0.477   0.56   3      67.33     2708.522      83.3773
       221    406.0310    749.1478     21885.41     513.7354  14.1496   0.0255    10.13    0.397   5.88   3       68.9     3165.819     85.19547
       222    715.9496    753.1387     12056.47     695.5882  14.7969   0.0627    12.82    0.247  35.18   2      28.51      703.223     78.35117
       223     28.9782    751.2833     32638.98     541.7286  13.7157   0.0180    10.64    0.493  -5.26   3      95.04     4108.626     87.48679
       224     30.3327    745.8743     29664.88     474.9123  13.8194   0.0174    10.52    0.496   0.93   3      95.24     4640.489     88.85772
       225    277.9181    743.7674     74057.32     952.5613  12.8261   0.0140    19.19    0.283  -2.98   0      131.8     1686.661     80.95088
       226     95.5557    750.7321     27983.73     530.5569  13.8827   0.0206    12.51    0.491   0.06   3      77.59      2959.67     84.64374
       227     97.3828    745.0964     26918.34     576.1649  13.9249   0.0232    11.44    0.529   6.98   3      77.27     3571.413     85.69712
       228    245.1305    747.8187      18289.7     732.1147  14.3445   0.0435    17.27    0.180 -77.86   2      42.42     627.4086     78.34106
       229    240.1948    737.8837     12776.02     553.7448  14.7340   0.0471    10.63    0.452   9.33   3      36.37     1511.248     80.86449
       230    241.6206    732.1449     10766.23     477.1127  14.9198   0.0481     9.40    0.457   8.19   3      35.31     1690.284     81.36612
       231    135.8621    746.5331     9139.451     529.4548  15.0977   0.0629     6.08    0.551 -49.05   2      27.14     1076.822     79.42747
       232    801.8388    744.2106     13784.33     741.8777  14.6515   0.0584    15.42    0.232 -59.62   0      31.75     507.8648     78.41389
       233    948.5776    739.5850     26899.98     721.2346  13.9256   0.0291    14.34    0.353 -89.15   0      59.74     1714.769     81.43449
       234    430.9785    744.7294     15486.13     734.6082  14.5251   0.0515    13.19    0.382   7.03   2      32.14      1099.99     79.49374
       235    432.5701    739.1635     9883.524      557.001  15.0127   0.0612    11.55    0.630   2.55   3      30.35     1414.494     80.79581
       236    894.9125    735.9718     207198.2     593.5206  11.7090   0.0031     9.78    0.415   4.66   3      440.2     24946.48     130.7395
       237    896.0768    730.3554     203778.8     585.2291  11.7271   0.0031     9.83    0.398   8.22   3      438.6     27491.16     135.2123
       238    671.4935    742.7567     6581.621     496.2687  15.4542   0.0819     9.14    0.455  -8.26   3      21.45     708.7079     77.73523
       239    672.7417    736.8881     6841.363      455.818  15.4121   0.0724     5.09    0.198  21.85   3      22.36     991.4603     78.76654
       240    590.8322    733.8035     32481.78     633.3018  13.7209   0.0212    10.33    0.479   1.33   3       90.4     3716.868     87.03159
       241    592.4829    728.0155     36473.06     667.5519  13.5951   0.0199    10.77    0.476   2.64   3      92.77     4366.736     88.34103
       242    725.6959    728.2560      29564.3     986.2198  13.8231   0.0362    18.34    0.363 -34.83   0      52.43     1422.999     79.79626
       243    371.8309    732.7881     10059.62     590.7291  14.9935   0.0638    10.52    0.484 -17.65   2      27.67     1007.408     79.64249
       244    372.9248    727.7705     9916.824     589.2809  15.0091   0.0645    10.37    0.580  15.14   2      26.29     1143.614     79.61835
       245    701.5013    732.5241     10985.38     577.0121  14.8980   0.0570    11.17    0.518   6.91   2      29.46     1125.925     78.94562
       246    703.0340    726.6981     8313.759      526.765  15.2005   0.0688     9.82    0.325   4.38   3      27.32     1199.275     78.94855
       247    581.0844    721.4670     19686.19      777.719  14.2646   0.0429    12.09    0.297  38.34   3      38.82     1030.734     78.87978
       248    583.0089    715.4832     8799.629     491.4644  15.1388   0.0607     9.00    0.407  26.45   3      27.13     1288.027     80.02953
       249    903.4495    713.3950     24010.78     602.9275  14.0490   0.0273    10.88    0.461   1.79   3      63.79     2404.722     83.33781
       250    905.0919    708.1107     23326.64      589.571  14.0804   0.0274    10.12    0.396   8.77   3      65.53      2755.23     83.89731
       251    981.1395    707.0162     11333.31     597.4421  14.8641   0.0572    10.14    0.458  -9.01   2      25.12     830.1808     78.71857
       252    983.1846    701.4839     6210.018     450.0572  15.5173   0.0787     8.91    0.478  19.40   2      20.75     871.4805     78.83772
       253    724.6561    704.7454     27906.11      447.308  13.8858   0.0174     9.56    0.459   6.81   3      87.78     3489.764      86.4365
       254    726.4401    699.1398     27267.01     510.5063  13.9109   0.0203    11.15    0.475   6.33   3      83.76     3820.598     86.92464
       255    945.3455    705.2222      7841.23     428.4468  15.2640   0.0593    11.55    0.321  -4.16   3      28.11     950.7436     79.27352
       256    946.3072    699.3967     6804.209     455.7995  15.4181   0.0727     7.54    0.341   3.23   3      24.03     988.1305     79.17328
       257    152.4584    701.0100      25609.7     575.6484  13.9790   0.0244    13.18    0.171 -67.61   0      63.74     1042.412      79.5359
       258    575.7267    703.9853     8027.065     499.4051  15.2386   0.0676     9.86    0.570 -10.65   2      25.13     916.3951     79.17499
       259    576.7101    698.3398      9117.74     548.5078  15.1003   0.0653     8.89    0.447  37.35   3      25.09     901.8438     78.50753
       260     22.1145    704.7814     4934.776     409.2076  15.7668   0.0901     6.70    0.505 -24.81   0      17.87     646.7492     77.97665
       261    236.4382    699.5108     11365.05     429.3559  14.8611   0.0410    14.27    0.377 -70.14   0      30.93     659.6912     77.80336
       262    433.3374    699.1145     6279.099     474.1044  15.5053   0.0820     8.81    0.520 -10.59   2      20.79      718.777     77.97577
       263    434.6497    693.0667     8744.345     563.8719  15.1457   0.0700     9.94    0.293  17.21   2      23.05     768.9158     78.54149
       264    142.6369    696.7195     9734.819     555.4626  15.0292   0.0620    10.41    0.529 -16.77   3      25.46     895.7204     78.90756
       265    142.6152    691.4208     8600.341     543.7776  15.1637   0.0687    10.41    0.448  13.24   3      25.27     1068.188     79.60951
       266    301.9622    693.2833     3471.252     277.8405  16.1488   0.0869     4.77    0.196  86.85   0      16.84     1128.389     79.16064
       267    739.3566    692.3077      5259.02      441.273  15.6977   0.0911     0.00    0.717  15.23   0      19.64     544.5583     77.25382
       268    452.6309    693.0353     7577.804     552.3517  15.3011   0.0792    10.23    0.496   7.91   2       24.8     760.6656     78.93523
       269    455.0746    687.1249     8880.301     594.4378  15.1289   0.0727    10.87    0.273   9.45   2      22.52     899.3281     78.29057
       270    183.8769    691.8599     11836.01     609.8855  14.8170   0.0560     8.28    0.487 -35.62   2      26.08     651.2493     77.98976
       271    696.9262    685.4298     44013.14     611.7658  13.3910   0.0151    10.29    0.482   2.41   3      116.2     4740.783     89.29815
       272    698.7988    679.8978     45112.04     641.0318  13.3643   0.0154    11.04    0.459   6.71   3      117.5     5586.681      91.4257
       273    667.7660    680.7704     39370.48      899.674  13.5121   0.0248    18.96    0.384 -34.97   0      74.51     1591.033     81.29089
       274    303.6777    684.0853     9008.172     527.8436  15.1134   0.0636     7.78    0.600  47.27   0      25.15     601.4067     77.42088
       275    493.8961    680.8180     30703.77     748.6916  13.7820   0.0265    10.90    0.522   2.38   3      58.49     2152.365     81.84726
       276    495.4939    675.0034     32426.86     799.6284  13.7227   0.0268    11.02    0.426   0.46   3       80.2     2694.948     83.92994
       277    469.7791    679.1085     36784.68     549.4813  13.5858   0.0162    10.00    0.464  -0.27   3      107.1     4358.168     87.75883
       278    471.3752    673.4858     37286.46     554.8975  13.5711   0.0162    10.65    0.455   4.26   3      108.1     5083.661     89.80122
       279     16.3013    681.6394     6895.307     493.0898  15.4036   0.0777     9.61    0.405 -15.61   3      24.97     979.9072     78.31451
       280     16.8818    675.5367     8761.768     536.2352  15.1435   0.0665     9.25    0.405   3.92   2      26.09      1055.37     78.95073
       281    519.5449    677.0945      41404.1     822.4131  13.4574   0.0216    10.60    0.560   1.61   3      74.15     2872.511      83.8231
       282    521.0959    671.2777      27797.9      616.472  13.8900   0.0241    10.13    0.463   3.29   3      75.86     3495.992     85.68892
       283    951.9785    672.9484     43730.93     471.2454  13.3980   0.0117    10.25    0.433   7.63   3      135.5     5725.086     91.94807
       284    953.5692    667.2184     38792.67     433.3271  13.5281   0.0121    10.44    0.457   8.56   3      128.3     6369.989     93.70412
       285    178.3737    669.7402     142487.9     759.4926  12.1156   0.0058    12.92    0.128 -60.93   3      287.2       5131.8     90.46973
       286    183.1581    653.1892     60256.68     847.7215  13.0500   0.0153    11.86    0.300 -35.43   3      124.2     1984.574     82.58311
       287    715.2628    671.6326     36600.55     573.5588  13.5913   0.0170    10.09    0.462   2.05   3        104     4171.858     87.83824
       288    716.9407    666.2344     32165.34     489.7235  13.7315   0.0165    11.70    0.474   6.35   3      98.66     4746.542     89.31281
       289   1022.7628    673.3610       6085.2     332.3232  15.5393   0.0593     5.66    0.125 -71.33  24      19.16      683.417     78.29369
       290    831.4185    673.0006     6114.051     425.6028  15.5342   0.0756     6.89    0.695 -30.55   0      18.58     841.9083     78.75242
       291    865.9705    672.8680     5194.795      324.195  15.7111   0.0678     0.91    0.194  61.96   0      19.84     1106.176     79.51142
       292    584.1874    670.0832      9538.37     533.4917  15.0513   0.0607    10.71    0.427  -6.54   3      31.58     1012.766     79.03625
       293    584.1373    665.7003     10207.85     551.2006  14.9777   0.0586    11.28    0.396  -3.23   3      28.09     863.0208     78.18509
       294    438.8928    669.5820     6160.827     369.8308  15.5259   0.0652    11.43    0.481   6.32   2      22.15     677.3919     77.64362
       295    440.6486    663.6168      6495.53      418.014  15.4685   0.0699    10.88    0.415   2.55   3      23.47     923.9282      79.4039
       296    144.5727    668.4434     10899.58     534.0713  14.9065   0.0532    11.42    0.485  -1.29   3      35.17      1544.54      81.1608
       297    145.3236    663.0657     11252.02     526.4723  14.8719   0.0508     9.76    0.515  -0.46   3      34.43     1638.155     80.61092
       298    832.1198    666.8997     7442.332      508.115  15.3207   0.0741     7.26    0.541  12.05   0      19.48     625.9534     77.49291
       299    221.3178    653.6382     63020.26      780.338  13.0013   0.0134    19.43    0.305  27.66   0      124.7     1740.412     81.10165
       300     81.0948    666.1342     9458.984     592.5822  15.0604   0.0680     8.93    0.418  20.90   2      23.21     855.8041     78.37414
       301    941.2162    651.7679     45344.71      571.287  13.3587   0.0137    10.08    0.461   8.64   3      126.4     5375.018     91.25899
       302    942.3734    646.2455     39439.03      525.369  13.5102   0.0145     8.81    0.494  12.01   3      122.5     5789.592     92.28568
       303    697.2673    653.8179     9270.128     553.7902  15.0823   0.0649    11.73    0.506 -10.18   3      27.62     1015.733     79.45963
       304    697.5326    648.0370     12207.33     590.1637  14.7834   0.0525    10.25    0.482  -9.51   3      31.98     1227.835     79.85841
       305    623.4855    650.3110     10510.74     678.9316  14.9459   0.0701    12.93    0.335  17.48   2       29.4     679.2582     78.07134
       306    626.8467    644.8793     9304.096     521.7068  15.0783   0.0609     7.83    0.319  15.71   3      26.68     1151.421     79.43396
       307    464.5493    650.0009     25300.45     680.2494  13.9922   0.0292    11.37    0.448   6.32   3      62.61     2339.583     82.96207
       308    466.3109    644.1957     26047.54     678.6848  13.9606   0.0283     9.63    0.438  12.04   3      63.65     2869.737     84.40192
       309    787.1946    648.8502     15962.51     739.2166  14.4922   0.0503    11.00    0.609   0.64   3      31.39     678.6364     78.48953
       310    351.0480    641.3206     10378.27     571.7635  14.9597   0.0598     8.16    0.465  66.52   2      25.53     761.9282     78.10144
       311     30.6357    641.5504     76665.46     523.4781  12.7885   0.0074     9.83    0.404  -3.26   3      203.1     9352.326      100.351
       312     32.1474    635.8892     69944.31     496.3027  12.8881   0.0077     9.74    0.439   7.37   3      194.6     10436.67      102.457
       313    393.0108    640.7173      70604.5     550.0069  12.8779   0.0085    10.28    0.444  -0.08   3      186.8     8316.609     97.97722
       314    394.6896    635.0813     65582.07      527.288  12.9580   0.0087    10.47    0.421   6.53   3      183.1     9581.086     100.7046
       315    170.8801    637.8741     26494.79     455.6997  13.9421   0.0187    10.11    0.431   3.50   3      85.78      3456.93     85.39297
       316    172.5657    632.1758     23647.61     407.5457  14.0655   0.0187    10.00    0.453  11.43   3      81.79     4177.959     88.22746
       317    964.2361    638.6568      8307.59     545.9183  15.2013   0.0714     8.76    0.584   5.98   0      24.22     610.6591      78.0822
       318    271.8597    630.4777     29741.32     567.9473  13.8166   0.0207     9.57    0.414   9.30   3       86.9     4220.703     87.58998
       319    270.0024    636.3048     26070.26     507.5499  13.9596   0.0211     9.69    0.477   6.02   3      83.31     3614.482     86.38406
       320    799.1882    646.8543     18424.02     754.2746  14.3365   0.0445    19.42    0.243  19.66   2      38.01     651.5414     78.41103
       321    228.7045    619.7875      7098.83     429.0118  15.3720   0.0656     9.90    0.441   3.92   3      24.39     1077.028     79.42805
       322    738.9686    622.7437     23819.61     476.4393  14.0577   0.0217    10.22    0.459   4.63   3      71.61     2841.875     84.32686
       323    740.5963    617.4211     24499.56     512.4904  14.0271   0.0227    10.27    0.458   8.80   3      73.54     3328.777     85.62907
       324    864.2025    623.6169     3782.001     363.8761  16.0557   0.1045     5.96    0.682   8.36   0         17     614.0286     78.09201
       325    346.6427    621.2245     14073.11     651.1043  14.6290   0.0502     9.36    0.454  52.58   2       29.6     802.7543     79.05631
       326    710.3315    616.0231     8603.407     511.8558  15.1633   0.0646     7.95    0.394  25.00   3      24.14     1067.494     79.40077
       327    904.8469    617.6003     7116.155     493.1915  15.3694   0.0753    10.02    0.542  -7.72   2      24.29     855.2971     78.79105
       328    907.1048    612.2903     10103.38     609.2395  14.9888   0.0655     9.82    0.427  19.98   2      24.63     1020.065     79.05724
       329    227.4265    625.1763     8768.807     471.8251  15.1426   0.0584    11.79    0.458  -6.26   3      27.81     1049.635     79.76289
       330    660.0556    611.6798     10577.67     583.9324  14.9390   0.0600    13.13    0.464   3.06   3       31.9     1171.284      79.2837
       331    661.2330    605.7331     10826.25     564.7104  14.9138   0.0566     9.26    0.436   2.66   3      31.23     1436.542     80.45018
       332    569.9631    609.5934     4564.229     410.0052  15.8516   0.0976     7.16    0.598 -15.02   0      19.06     720.5728      78.8197
       333    548.5362    606.8367     35875.37     508.7003  13.6130   0.0154    10.53    0.480   1.24   3      109.5     4714.163     89.23037
       334    549.9560    601.2952     36820.08      557.662  13.5848   0.0164    11.38    0.464   5.71   3      111.9     5223.903     89.97293
       335    980.2194    608.1474     11438.47     501.7749  14.8541   0.0476    10.88    0.486  10.13   3       40.3     1649.171     81.25121
       336    982.1947    602.5169     16333.47     661.9026  14.4673   0.0440    12.15    0.470   7.34   3      40.86     1845.035     81.79723
       337    514.3509    608.2554     9940.897     494.4915  15.0064   0.0540     6.75    0.546  -2.46   0       25.4      636.204     78.36657
       338    708.3399    621.5314     8913.352     544.6635  15.1249   0.0664    10.00    0.458  -9.07   2      26.29     890.3892      78.8922
       339    719.8389    596.5737     23481.93     762.8331  14.0732   0.0353    11.18    0.331 -16.31   2      49.41     1674.043     81.52264
       340    722.1215    591.3167     13215.75     502.5792  14.6973   0.0413    10.37    0.474  12.08   3      43.12     2055.822     81.57874
       341    869.0479    636.5707     3197.995     151.0754  16.2378   0.0513     1.10    0.203  87.82   0      43.78     2795.071     84.59019
       342    129.0987    597.2663      7482.47      483.261  15.3149   0.0701     6.19    0.228  79.67   2      24.79     838.3911     78.11346
       343     77.8958    602.4494     8723.689     429.8717  15.1482   0.0535     5.40    0.518 -52.10   2       19.5      581.628      77.3628
       344    405.8751    598.3596     10758.49     614.8544  14.9206   0.0621    14.47    0.351 -61.89   0      26.99     499.1554     77.75697
       345    185.7962    596.8113     58624.98     538.9684  13.0798   0.0100    10.20    0.452   0.04   3      168.1     7380.191     95.78043
       346    187.5454    591.1880     54623.01      529.574  13.1566   0.0105    10.39    0.466   8.69   3      166.9     8663.447     98.94476
       347    530.5336    576.4619     17256.37     788.0374  14.4076   0.0496    13.23    0.213  69.85   3      28.75     789.7308     78.60169
       348    521.6749    587.5187     11624.52     605.7496  14.8366   0.0566    11.27    0.544  -8.83   3      28.85     1077.826     78.80702
       349    523.3094    582.4885     14726.03     630.8184  14.5798   0.0465    12.03    0.442  -2.21   3      33.63      1264.02     79.75547
       350    165.0073    585.0161     11640.01     487.7467  14.8351   0.0455     9.25    0.386  -3.24   3      39.44     1602.151     80.91668
       351    166.6876    579.3279     12094.54     492.9858  14.7935   0.0443    10.22    0.452   6.11   3      41.07     1773.966     80.99291
       352    882.6309    581.6238      11166.4     583.4575  14.8802   0.0567     8.92    0.680  -5.83   2      26.46     742.1795     78.88198
       353    142.2548    568.9235      18620.8     584.9506  14.3250   0.0341    13.25    0.309 -57.03   2       41.2     1106.107     79.30421
       354    357.4001    576.3730     7228.198      425.232  15.3524   0.0639     5.81    0.138  48.13   0      20.69     695.2115     78.74654
       355      3.4536    568.1573     7297.545     384.6772  15.3421   0.0572     8.33    0.390  70.20  19      23.87     979.8605     79.35696
       356    822.2517    567.9899     22437.36     826.1578  14.1226   0.0400    13.47    0.112 -68.88   0      45.14     896.7194     79.11848
       357    908.8339    567.6890     17779.97     549.8476  14.3752   0.0336    14.13    0.152 -80.20   0       46.1     832.3514      78.3061
       358    663.8494    560.7235     247202.8     830.2765  11.5174   0.0036    13.48    0.133 -86.64   0      428.6      8538.83      98.3243
       359    312.4320    568.7446     10635.96     651.1669  14.9331   0.0665    12.88    0.386  -3.73   2      28.79     1014.786     79.24976
       360    314.1329    562.9272     7204.435      491.563  15.3560   0.0741    10.67    0.520  -5.29   3       24.5     1183.339     79.52523
       361    869.5035    563.6948     12866.06     516.9349  14.7264   0.0436    10.08    0.507   5.59   3      37.29     1522.447     80.28403
       362    870.7029    558.1432     32921.45     1148.994  13.7063   0.0379    20.78    0.559  39.40   2      47.19     1570.707     80.21586
       363    520.5515    558.1613     8177.353     545.1107  15.2185   0.0724    10.00    0.503  22.10   3      29.77     939.8727     79.03463
       364    499.4199    560.1411     12938.54     435.8822  14.7203   0.0366     9.79    0.486   0.16   3      44.37      1814.94     81.51215
       365    501.1125    554.4458      15826.5     538.4584  14.5015   0.0369    10.70    0.450   2.25   3      48.64     2068.561     81.81539
       366    256.2966    559.5347     21270.49       669.76  14.1806   0.0342    10.39    0.435   9.51   2      52.76     2038.665      81.7323
       367    258.3856    554.0644     13500.71     539.0029  14.6741   0.0434    11.30    0.530   9.69   3      43.84     2156.696     82.45953
       368      2.0217    556.7539     14823.41     431.1826  14.5726   0.0316    10.01    0.696 -89.52  25      45.89     2186.342     82.93856
       369    982.5807    556.6898     54934.98     647.0506  13.1504   0.0128     9.98    0.392  14.32   3      138.9     5806.098     91.43173
       370    984.5830    551.1906     41245.16     474.3965  13.4616   0.0125    10.16    0.426  14.94   3      128.5     6342.737     93.28623
       371    447.9823    554.5350     18926.11     791.1204  14.3073   0.0454    15.82    0.271 -82.70   0      38.29     990.0715     79.17885
       372    353.6117    556.7025     19830.17     516.8167  14.2567   0.0283    12.59    0.531  -5.81   3      58.65     2141.434     82.41746
       373    355.0628    551.2905      28111.9     654.1042  13.8778   0.0253    11.65    0.407  -1.12   3      69.31     2736.197     83.64944
       374    576.3170    555.2998     6570.763      461.953  15.4560   0.0764     7.87    0.475 -35.48   2      22.94     771.4244     77.91838
       375    577.5068    549.7131     6690.909     492.9955  15.4363   0.0800     8.43    0.266  15.15   2      21.33     806.4584     78.44076
       376    519.8750    563.1407     9567.006     584.2427  15.0481   0.0663    10.96    0.507 -10.22   2      26.91     893.1119     78.69143
       377    106.0077    538.0822       784615      828.394  10.2634   0.0011     9.94    0.431  -5.38   3       1025     96279.25     222.7452
       378    107.8300    532.4707     814423.2     828.1384  10.2229   0.0011    10.21    0.394  18.75   3       1027     108814.6     235.1179
       379    768.5031    546.4901     11994.98     517.3467  14.8025   0.0468    11.76    0.465  13.79   3      37.92     1349.884     79.79403
       380    770.5989    541.2072     15047.68     594.0303  14.5563   0.0429    10.72    0.440  16.28   3      41.55      1591.89     80.88785
       381    646.0190    538.4775     57059.25     512.4954  13.1092   0.0098    10.09    0.476   3.49   3      158.7     6910.037     94.83175
       382    647.8918    533.1302     71547.08     617.2676  12.8635   0.0094    10.33    0.316   6.61   3        174     8263.632     97.68612
       383    351.0863    539.7697     11309.24     625.6574  14.8664   0.0601    10.99    0.441  -2.52   2      27.26     794.9219     78.40733
       384    352.3838    534.1266     5570.314     428.2013  15.6353   0.0835     9.63    0.523   7.08   2      20.78     799.1126     78.83761
       385    551.9731    537.2042     13070.29     637.9987  14.7093   0.0530    11.93    0.414  -0.05   2      32.89     1191.162     79.95982
       386    553.5957    531.7399     8930.215     567.5788  15.1228   0.0690    11.40    0.486   7.04   3      29.67     1313.901     80.30792
       387    178.7205    532.1805     28181.88     837.1168  13.8751   0.0323    14.07    0.114 -32.67   2      54.99     833.1554     78.93568
       388    191.9719    534.9543     14093.75     628.6324  14.6274   0.0484     9.16    0.441 -26.04   3      28.25     886.6199     79.29704
       389    192.7680    528.9455     7286.839      485.714  15.3437   0.0724     8.41    0.498   5.73   3      22.23     862.2287     78.81104
       390    385.4316    525.8712     9381.881      568.483  15.0693   0.0658     8.54    0.371  74.98   2      23.17     844.3593     78.75949
       391    224.9008    530.1195     5605.985     508.1024  15.6284   0.0984     8.91    0.665 -24.05   2      21.03     651.7045      77.5684
       392     47.0211    526.7192     15007.35      575.746  14.5592   0.0417     9.75    0.473   0.76   3       44.1     1753.124     81.33961
       393     48.7874    521.2464     22237.45     716.3299  14.1323   0.0350    10.43    0.426   3.28   3      45.04     2036.931     82.52811
       394    163.6974    519.6448     16216.79      710.379  14.4751   0.0476    12.50    0.447  -2.79   3      33.48     1042.137     78.49489
       395    814.0887    517.9103     10759.03     425.1862  14.9206   0.0429    10.23    0.425   2.86   3      36.73     1510.067     80.45356
       396    815.0002    512.5156     9238.854     452.4933  15.0860   0.0532    10.78    0.512   4.62   3      33.33     1488.583     81.00395
       397    163.0329    525.4739     9038.562     558.1307  15.1098   0.0671    10.39    0.512 -13.76   3      25.71     982.3437     79.15667
       398    157.2720    513.7797     12510.85     571.8925  14.7568   0.0496     8.62    0.510 -15.32   2      29.08      765.183     78.73973
       399    611.2874    510.9964     8006.986     461.7699  15.2413   0.0626    11.55    0.454  -0.90   3      27.74     1118.034      79.5453
       400    613.2357    505.2225     8218.099     523.5935  15.2131   0.0692    10.24    0.355   7.52   3      26.72      1197.44     80.38769
       401    725.6115    496.5241     22254.25     524.1915  14.1315   0.0256    10.82    0.456   5.71   3      70.41     2782.545     84.36189
       402    727.3248    491.1955     21627.18     516.0159  14.1625   0.0259    10.38    0.465  11.90   3      70.68     3209.115     85.31088
       403    212.2975    493.4166     37376.07     694.4069  13.5685   0.0202     4.17    0.173 -52.56   0      83.86     1161.067     79.25441
       404      7.5538    496.6508     15923.69     359.0035  14.4949   0.0245     9.62    0.523  -8.48  19       57.8     2466.161      83.5052
       405      7.9886    490.3275      37177.8     585.1349  13.5743   0.0171    13.49    0.228  70.92  19      84.37     2826.527     84.48029
       406    129.1780    491.8224     123824.4     569.4143  12.2680   0.0050    10.08    0.428   2.08   3      303.4      15924.8     114.5581
       407    131.1947    486.2587     135788.5     547.0462  12.1678   0.0044    10.02    0.388  20.07   3      317.6     18120.64     118.6962
       408    854.9077    490.9034     5867.633     380.6059  15.5788   0.0704     5.54    0.512 -18.96   0      20.72     729.9569     78.00835
       409    672.9314    491.3003     3652.544     395.1998  16.0935   0.1175     6.60    0.724  -2.70   0      15.41     523.5638     77.19203
       410    744.5854    488.8112     4083.502     157.7027  15.9724   0.0419     1.03    0.054  11.81   0       53.8     3715.861     86.65037
       411    948.2638    466.5767     237818.7     997.8892  11.5594   0.0046    29.54    0.398  75.55   3      361.8     7030.417     95.11981
       412    954.5216    482.2894     124593.5     502.2474  12.2613   0.0044     9.57    0.483  -2.09   3      319.6     17223.59     116.5436
       413    956.3380    477.0695     86306.47     387.5444  12.6599   0.0049     7.43    0.372  16.74   3      286.1     19659.11     121.4711
       414     87.5946    486.8395     7194.745     505.5715  15.3575   0.0763     8.37    0.489 -28.64   2      23.97     798.1461     79.04307
       415    997.0010    479.3106     10256.52     461.0966  14.9725   0.0488     9.90    0.431  10.81   3      36.88     1562.482     80.80518
       416    998.8953    473.7849      10998.5     473.7661  14.8967   0.0468    11.83    0.474   4.79   3      37.34     1670.307     80.70152
       417    528.5818    479.7678     7615.686     509.8073  15.2957   0.0727    11.33    0.395  10.12   3      25.25      907.426     79.35665
       418    530.1652    473.8357     10054.48     642.7044  14.9941   0.0694    11.56    0.424  -3.36   2      33.11     1028.483     79.49609
       419    479.5314    472.9677     23920.26     969.7807  14.0531   0.0440    14.74    0.304 -68.64   0       33.7     718.4235     78.39524
       420    291.2536    462.4099     127294.5     548.7733  12.2380   0.0047    10.10    0.432  15.05   3      301.2     17417.48     117.3421
       421    289.5465    467.8310     130232.8     615.5706  12.2132   0.0051    10.45    0.400   2.67   3        313     15552.08      113.527
       422    666.3143    463.2081     9309.664     564.0998  15.0777   0.0658    11.21    0.412   1.27   2      27.23     866.0831     78.82216
       423    667.2188    457.3833     10061.19     583.0269  14.9934   0.0629     9.33    0.421  14.39   3      24.54     938.8784     79.23949
       424    593.4355    452.8210     18734.52     453.6283  14.3184   0.0263    10.67    0.457   5.77   3      61.86     2889.073      85.0359
       425    989.5850    456.0203     31697.91     551.1144  13.7474   0.0189     9.47    0.435   4.01   3       94.1     3916.531     87.36347
       426    991.4379    450.8197     30645.71     530.9225  13.7841   0.0188    11.10    0.503   7.95   3      94.02     4309.633     88.75141
       427    106.3583    451.7021      27103.6     776.1861  13.9174   0.0311    13.30    0.235 -61.50   0      62.29     950.5792     78.22935
       428    592.0918    458.1021     19896.02     472.8289  14.2531   0.0258    10.37    0.460   2.84   3      64.42     2607.466     83.10137
       429     45.6360    455.2893     6653.739      453.011  15.4423   0.0739     8.85    0.557 -21.18   2      26.07     828.9454     78.29621
       430     47.5516    450.0726     6451.652     450.1792  15.4758   0.0758     8.38    0.311  50.02   3      25.96     805.1636     78.64631
       431    352.4430    453.5378     14800.15     610.9891  14.5743   0.0448     6.01    0.506  -4.32   3      41.56     1626.777     80.98581
       432    353.5772    448.2079     14354.76     602.6957  14.6075   0.0456    11.06    0.477   1.87   3      38.92     1454.349     80.70441
       433    315.1641    448.4242     66297.48     652.9203  12.9463   0.0107    10.35    0.456   3.95   3      169.9     7254.313     95.82498
       434    316.9221    442.7912      60101.6     614.3783  13.0528   0.0111     9.95    0.485  13.59   3        158     8223.583     97.76119
       435    205.4120    446.8699     21370.28     538.5087  14.1755   0.0274    10.61    0.418   5.88   3      67.14     2805.821     84.22963
       436    207.0249    441.4849     21802.06     538.6909  14.1538   0.0268     9.16    0.485  11.70   3      64.61     3057.137     84.51693
       437    425.0026    444.9979     37155.46     184.7954  13.5749   0.0054     0.00    0.001  38.54   3      277.9     37091.46     150.5955
       438    424.6741    437.9778     16255.14     494.9002  14.4725   0.0331    16.36    0.198 -52.66   2      42.48     566.1527     78.16315
       439    749.8630    441.7009     12453.49     590.2585  14.7618   0.0515    10.97    0.536   5.85   3      33.46     1276.505     79.37793
       440    751.1276    436.2367     10675.51     491.4957  14.9290   0.0500    11.05    0.408   1.18   3      36.28     1586.776     80.87348
       441    572.9993    440.7440     6254.819      483.534  15.5095   0.0840     8.72    0.554 -11.98   2      20.53     664.1273     78.23768
       442    575.4689    435.0467     5376.015     445.0424  15.6738   0.0899     7.79    0.317  10.91   2      18.47     784.3826     78.58623
       443     97.5350    427.6566     23938.69     937.0253  14.0522   0.0425    14.70    0.565 -68.63   2      36.74     853.5098      78.7859
       444    493.9951    437.3973     10887.78     671.1442  14.9077   0.0669    11.88    0.581 -65.33   2      27.22     796.4038     78.62099
       445    894.6240    429.2446     110443.4     527.1393  12.3922   0.0052     9.42    0.471   5.22   3      278.2      14099.4     110.8775
       446    896.7914    423.8847     119546.9     594.5768  12.3062   0.0054    12.96    0.445  12.11   3      282.8     15487.13     113.5418
       447     20.3680    424.1380     125330.8     811.5544  12.2549   0.0070    12.07    0.094  22.79  18      245.7     5671.768     91.63697
       448     15.0967    409.8917     23724.61     849.5602  14.0620   0.0389    18.67    0.136  -6.41  19      43.33     560.2687      77.5124
       449    330.4839    424.0932     81223.62     1417.296  12.7258   0.0189    25.80    0.601 -48.06   3      119.6      4618.86     88.80238
       450    332.1225    418.7946     57536.46     916.8885  13.1001   0.0173    11.34    0.286 -36.09   3      112.5     5074.869     90.32659
       451    517.9500    423.9992     17305.54     656.0013  14.4045   0.0412    11.15    0.466   7.84   3      46.12     1749.183      81.3286
       452    519.8552    418.6191     16289.69     608.8489  14.4702   0.0406    10.98    0.484  10.28   3      43.86     2058.508     82.38823
       453    356.1311    418.4455     14927.03     671.2874  14.5651   0.0488    11.05    0.270  20.38   2      38.42     1342.074     80.18286
       454    358.2072    412.8662     8808.271     509.5328  15.1378   0.0628     9.34    0.467  30.44   3      28.51     1251.294     79.92514
       455     41.7563    415.0067     9215.417     562.6027  15.0887   0.0663     9.79    0.544  -8.62   2      24.65     986.7895     79.58363
       456     43.3511    409.2370     9997.523      562.188  15.0003   0.0611     8.07    0.286  12.97   2         25     1116.946     79.33526
       457    833.2833    408.5118     29290.75     485.0101  13.8332   0.0180    10.66    0.426   7.83   3      91.87      3662.22     86.31933
       458    834.9166    402.8170     26499.41     548.9665  13.9419   0.0225    10.25    0.522   9.70   3      82.91     3992.161     87.37206
       459    530.9903    403.8861     18664.88     541.9349  14.3224   0.0315    10.20    0.460   9.34   3      56.59     2217.093     82.42664
       460    533.1110    398.2737     23509.48     703.4219  14.0719   0.0325    11.69    0.478   7.94   3      55.37      2265.68     82.36115
       461    631.0481    404.4238     7248.173     477.1595  15.3494   0.0715     7.25    0.563   8.79   0      20.64     682.2899     78.70924
       462    851.7476    399.5652     8987.258     586.8251  15.1159   0.0709    12.27    0.385  -5.70   3      27.11     946.7145     79.05431
       463    853.6680    393.9334     5905.091      419.656  15.5719   0.0772    10.19    0.500   7.27   3      23.99     1066.771      79.1914
       464    245.8442    394.5854     71356.48     554.0389  12.8664   0.0084     9.77    0.430  -1.17   3      195.6      9152.03     100.2249
       465    247.8636    389.1186     71002.47     542.6501  12.8718   0.0083    10.73    0.482  11.18   3      188.8     10104.56     101.7177
       466    363.9808    389.6956       306847     747.4354  11.2827   0.0026    12.67    0.119 -54.22   0      531.7     10796.04     103.0918
       467    423.1352    388.8651     30151.77     469.0517  13.8017   0.0169    10.50    0.465  12.47   3      94.23      4445.95     88.35874
       468    216.1450    396.0999     13928.61     707.3263  14.6402   0.0551    11.98    0.501   0.12   2      39.68     1010.894     78.61376
       469    217.8776    390.8672     13729.77     694.3614  14.6558   0.0549    11.03    0.436   6.44   3      28.85     1165.872     79.26819
       470    753.7283    390.9859        10371     555.7228  14.9604   0.0582     3.91    0.515  -9.91   2      28.76     1189.852     79.95609
       471    548.8332    391.7244     9964.081     584.3972  15.0039   0.0637     8.81    0.603 -20.93   2      25.16     670.3196     78.25566
       472   1016.1646    385.7817     26210.38     613.2115  13.9538   0.0254    12.60    0.264 -52.68  16      61.37     1291.044     80.65189
       473    936.0173    390.5621     8777.188     522.2647  15.1416   0.0646     8.66    0.562  -5.00   3      23.69     916.2101     79.58862
       474    936.7385    384.9906     15678.86     795.3708  14.5117   0.0551    11.82    0.442  -0.80   2      28.51     714.2397     78.59255
       475    619.6534    389.2061     17169.48     797.3444  14.4131   0.0504    13.07    0.356  35.59   2      30.33     713.4188     78.59018
       476    136.2785    385.4485     35168.41     737.8929  13.6346   0.0228    12.52    0.279 -20.10   2      73.93     2099.853     82.10274
       477    140.1821    380.0943     15084.26     521.8616  14.5537   0.0376     7.33    0.476  30.30   3      41.94     2092.892     81.68195
       478     53.8967    387.9032     30802.69     513.6805  13.7785   0.0181     9.58    0.427   1.47   3      92.12     3828.684     86.37672
       479     55.7598    382.5850     25178.23      457.744  13.9974   0.0197     8.65    0.433   9.69   3      83.46     4154.113     88.35226
       480    521.3636    385.2256     18560.98     737.2331  14.3285   0.0431    13.03    0.518   4.68   3      35.43     1197.037     80.18179
       481    523.0325    379.4828     11697.49     573.7221  14.8298   0.0533    12.32    0.478  -1.82   3      34.81     1512.755     80.46115
       482    849.7173    381.2260     24144.87     505.8753  14.0429   0.0228     9.63    0.410   5.82   3      75.15     3045.421     84.87367
       483    851.3058    375.8970     20237.22     406.6513  14.2346   0.0218    10.07    0.497  10.57   3      71.15     3245.096     85.02087
       484    303.2459    375.2944     8625.281      563.824  15.1606   0.0710     8.87    0.332  49.21   2      24.08     752.3799     77.86281
       485     23.3251    380.4778     8576.722     337.6936  15.1667   0.0428    10.31    0.500 -14.17   3      33.07     1396.156     79.71978
       486     23.1563    374.4469        17106      490.287  14.4171   0.0311    13.06    0.209  20.12   3      44.22      1307.74     80.29049
       487    476.0073    376.7254     14100.81     576.1019  14.6269   0.0444    12.83    0.267 -56.85   0      34.46     994.9744     78.98508
       488    742.5621    377.1287     13750.62     707.2691  14.6542   0.0559    11.18    0.315   1.89   2      30.15     936.9037     79.02609
       489    744.3664    371.7496     7267.202     481.4557  15.3466   0.0719    10.58    0.539   5.31   3      24.51     877.9007     78.85622
       490    109.8310    368.9975     93590.56     666.6817  12.5719   0.0077     9.51    0.446  13.04   3      222.8     10323.28     102.8466
       491    111.9017    363.7589     83551.67     544.1174  12.6951   0.0071    10.08    0.450  15.85   3        214     10893.07     103.1462
       492    965.7632    372.7346     14567.07     549.2667  14.5916   0.0409     9.36    0.453   5.13   3      45.21     1872.676     81.67297
       493    967.6963    367.3536     19580.18     644.7906  14.2705   0.0358    10.94    0.492   3.51   3      44.08     1903.987     81.15463
       494    443.0162    367.7267     11986.23     638.9002  14.8033   0.0579    12.75    0.399  19.55   2      32.94     1178.911     79.92499
       495    445.0184    362.4635     6785.996     354.3331  15.4210   0.0567     7.66    0.447  22.61   3      26.88     1325.197     80.13502
       496    978.7686    365.8193     11173.45     597.3813  14.8795   0.0581     8.98    0.342  10.96   3      29.42      1137.83      80.0138
       497    980.5331    360.2659      6332.94     444.6075  15.4960   0.0762     9.06    0.538   4.55   3      21.43     892.2692       78.689
       498    702.4357    352.4156      21082.2     827.2766  14.1902   0.0426    21.63    0.476 -38.21   3      44.78     716.0134     79.01487
       499    693.2061    364.8716     10852.96     489.0633  14.9111   0.0489    11.34    0.481   6.65   3      36.16     1480.757     80.57499
       500    694.7303    359.3541     9996.335     478.4667  15.0004   0.0520     8.85    0.418  26.58   3      32.27     1668.889      81.1039
       501    949.9332    362.0572     14328.25     644.8515  14.6095   0.0489    16.48    0.179  -6.12   0      33.05     533.6422     77.85771
       502    136.8687    362.8849     22138.48     626.3066  14.1371   0.0307    10.25    0.455   4.66   3      61.56       2426.8     82.80456
       503    138.5415    357.3552     16419.79     428.2013  14.4616   0.0283     9.45    0.489   9.71   3      57.77     2772.695     84.14021
       504    394.3691    354.7072     5099.394     388.6992  15.7312   0.0828     5.61    0.602  -8.38   0       20.3     593.8076     77.18589
       505    257.0334    352.4830     23543.46     783.0552  14.0703   0.0361    14.59    0.524  -4.07   2      44.95     1621.684     80.76825
       506    258.8170    346.8804     18195.68     673.6144  14.3501   0.0402    10.66    0.488   2.82   3      43.21     1896.815     81.74012
       507    553.5175    351.5118     4605.915     301.4331  15.8417   0.0711     3.55    0.435 -70.71   2      17.83     600.3076     77.84117
       508    421.1201    394.1911     32662.98      531.012  13.7149   0.0177     9.98    0.443   3.05   3      95.58     3899.834     87.13157
       509    848.4646    344.6859     18794.47     491.0691  14.3149   0.0284     9.09    0.495 -10.80   3      60.07     2345.287     82.58052
       510    852.4920    338.0681     59833.68     944.8219  13.0576   0.0171    20.70    0.437 -41.54   2        101     2808.919     83.84679
       511    483.6147    342.6340     13714.45     448.3648  14.6571   0.0355    11.04    0.463   6.99   3      46.39     1935.349     82.44752
       512    485.0258    337.1473     13974.79     457.5682  14.6366   0.0356    10.19    0.442  12.75   3      47.11     2106.301     82.32052
       513     63.6624    343.6116     7285.944     417.4602  15.3438   0.0622    10.36    0.454  -7.56   3      27.63     1080.022     79.43662
       514     65.9612    338.3056     14596.83     653.1774  14.5894   0.0486    12.75    0.520   1.17   2      35.77     1573.635     80.01898
       515    900.1590    338.4510     5777.709     402.5922  15.5956   0.0757     8.89    0.518  -8.20   2      21.92     926.9547     79.20529
       516    902.0859    332.7327     5925.775     429.3482  15.5681   0.0787     7.22    0.484  27.78   2      22.22     1003.125     78.80019
       517    756.9329    333.2937     49143.67     604.2205  13.2713   0.0134    10.29    0.411   2.13   3      137.8     5693.561     91.51154
       518    758.5438    327.9984     45471.36     559.7102  13.3557   0.0134    10.79    0.438  13.85   3      126.6     5966.068     92.36399
       519    233.7436    333.1292     18134.87     943.9252  14.3537   0.0565    15.04    0.307 -58.94   0      23.96     452.0565     77.40711
       520    575.3847    328.2854      6878.33     496.4046  15.4063   0.0784     8.55    0.640  -2.38   2       22.3     686.7551     78.09316
       521    577.5726    323.2966     5310.456     397.1881  15.6872   0.0812     5.65    0.466  72.30   3      18.54     668.8881     77.40665
       522    907.1786    321.2200     50810.75     546.2985  13.2351   0.0117    13.68    0.415  -1.57   3      151.2     6459.749     93.92158
       523    908.8976    315.7776     55537.01     568.1394  13.1385   0.0111    10.63    0.416  -1.83   3      145.1     6955.072      94.0699
       524    710.9399    321.9095     37442.55     569.5795  13.5666   0.0165    10.24    0.448   7.53   3      108.2     4572.191      88.4973
       525    712.8455    316.4790     32869.18     537.2549  13.7080   0.0178    10.32    0.451  12.92   3      99.75      4869.41     89.44131
       526    648.6500    324.1358     10342.75     586.6498  14.9634   0.0616    12.46    0.404   2.70   2      29.47     1040.652     79.32391
       527    650.9009    318.7686     11484.62     643.2099  14.8497   0.0608    10.64    0.498   5.49   3      26.37     1030.068     78.45994
       528    304.5083    321.7050     26797.78     542.3121  13.9298   0.0220    14.84    0.480   9.12   3      76.35     3010.747     84.58665
       529    306.5761    316.1877     22604.28     500.2779  14.1145   0.0240    11.13    0.505   8.33   3      70.45     3213.411     85.51477
       530     46.7752    325.6883     32103.91     785.5359  13.7336   0.0266    12.83    0.259 -61.26   0      69.82     1349.667     79.79341
       531    949.3298    320.6671      9537.97     567.0979  15.0514   0.0646     9.79    0.322   4.62   2       29.1       993.24     78.98008
       532    950.4903    315.1794     9320.995     520.9258  15.0763   0.0607     7.38    0.403  10.52   3      24.82     1013.094     78.62012
       533    786.9432    319.7563     7185.923     480.5629  15.3588   0.0726     9.75    0.394   1.16   3      23.84     980.7418     79.35948
       534    788.9454    313.9579     7688.918     538.8397  15.2853   0.0761     9.46    0.252   5.56   3      24.78     1010.844     79.44564
       535    417.0292    319.4081     5531.675     425.2917  15.6429   0.0835     7.75    0.523  -8.56   0      20.11     792.2549     79.02612
       536     29.8147    315.7987     24628.09     565.1707  14.0214   0.0249     9.75    0.415   2.43   3      80.36     3383.286     85.77363
       537     31.8259    310.4688      23272.2     547.6288  14.0829   0.0256     9.31    0.497  11.77   3      75.73     3729.953     86.68732
       538    849.9583    314.4651     25798.74     614.3982  13.9710   0.0259     9.86    0.413  10.80   3      69.29     2797.551     84.20731
       539    851.9054    308.7839     18549.85     473.0509  14.3291   0.0277    11.14    0.506  11.16   3      62.74      2863.94      83.9958
       540    374.8648    314.3456     10148.24     537.5875  14.9840   0.0575     8.40    0.589  36.88   0      23.96       778.43     78.56902
       541    488.5871    312.1533     6604.574     541.4268  15.4504   0.0890    10.13    0.532  -0.12   2      25.33     809.8151     79.07661
       542    933.9979    280.2214      22003.1     936.1168  14.1438   0.0462    21.46    0.607 -61.91   3         53     703.9396     78.35324
       543    931.8054    302.8105     62307.35     1155.504  13.0137   0.0201    13.69    0.175  14.74   3      81.91     1154.296     79.64884
       544    928.0316    294.0741     33766.15      866.588  13.6788   0.0279     9.95    0.333  -1.51   3      51.63     1936.261     81.84972
       545    575.2947    305.7284     18351.01     575.6383  14.3408   0.0341    10.75    0.347  18.42   3      51.68     1875.375     81.07447
       546    577.5140    300.3366     14022.39      507.013  14.6329   0.0393     9.83    0.456  16.75   3      44.72     1931.476      81.4337
       547    403.3231    302.4326     9809.254      564.301  15.0209   0.0625     8.37    0.456  83.51   2      26.53     753.1103     78.49574
       548    351.4952    304.1713     58633.97     532.0655  13.0796   0.0099    10.12    0.495   2.64   3      163.2     7245.499     94.76897
       549    353.5067    298.8401        66562     592.2903  12.9419   0.0097    10.82    0.449  11.35   3      173.1     8077.797     96.74438
       550    275.8481    298.9337     8428.176     418.0816  15.1857   0.0539    11.59    0.518  -6.88   3      29.43     999.2671     79.20525
       551    277.4549    293.8359     10163.98     508.5234  14.9823   0.0543    11.82    0.472  -3.89   3      31.59     1319.352     80.32335
       552    202.7221    297.9456     37987.29     548.4819  13.5509   0.0157     9.69    0.445   2.36   3      114.5      4877.45     89.46175
       553    204.8888    292.7651     40993.68     583.8062  13.4682   0.0155    10.97    0.478  13.16   3      113.8     5255.234      90.2344
       554    625.0926    296.3052         5165     405.2996  15.7173   0.0852     6.48    0.568  24.24   0      18.46     614.9127      77.8838
       555     55.9457    291.8438     69977.03     590.8234  12.8876   0.0092     9.81    0.413   4.40   3      187.6     8427.821     98.40205
       556     58.1271    286.6499     65297.98       543.29  12.9628   0.0090     9.67    0.422  18.29   3      178.9     9276.959     100.0159
       557    549.8686    292.2184     9735.281     537.4128  15.0291   0.0600    11.61    0.485   4.34   3       30.7     1202.624     79.99239
       558    551.0937    286.4976      9598.14     591.9417  15.0445   0.0670    12.26    0.559  -6.20   3      28.95     1204.541     79.17162
       559    105.5376    281.3875     265233.5     730.1843  11.4409   0.0030    12.44    0.142 -54.94   0      476.9     10247.96     102.3593
       560    904.8032    286.1851     26724.83     755.1407  13.9327   0.0307    10.63    0.399  17.73   2      58.08     2217.368     82.62659
       561    906.9900    280.9806     16940.37     589.8973  14.4277   0.0378    10.86    0.462  19.19   3      50.51      2220.96     82.63647
       562    281.0167    283.0898      44706.7     482.9087  13.3741   0.0117     9.89    0.492   3.33   3        135     6163.779     92.49445
       563    283.1208    277.8349     50106.08     543.7425  13.2503   0.0118    11.03    0.453  11.67   3      141.3      6721.56     94.20463
       564    490.9391    280.5812     108790.3     622.3046  12.4085   0.0062    10.39    0.488   5.65   3      268.1     12443.47     107.1232
       565    492.7440    275.1891     100727.3     621.3403  12.4921   0.0067    10.47    0.556  14.81   3      243.3     13529.82     109.5539
       566    571.3575    281.7804     23150.21     508.6702  14.0886   0.0239     9.81    0.454  -1.21   3      75.57     3099.524     85.40425
       567    573.0293    276.5081     22138.77     462.4948  14.1371   0.0227    10.68    0.514   6.21   3      71.31     3247.001      84.6384
       568   1016.7791    278.7350        14072     627.3157  14.6291   0.0484    12.41    0.393  14.02  18      32.26     1128.969     79.78285
       569   1018.3257    273.4477     8141.798      465.382  15.2232   0.0621    10.05    0.465  12.43  19      23.48     925.4065     78.78465
       570     74.8535    276.3544     15812.07     710.8279  14.5025   0.0488    15.58    0.217 -54.41   2      34.26     811.6943     78.87387
       571    528.5975    275.8604      12142.1     551.9976  14.7893   0.0494    11.17    0.491   2.39   3      39.88     1593.116     81.09426
       572    530.2333    270.3011     12422.64     530.0876  14.7645   0.0463    11.59    0.462  -0.01   3      37.87     1671.282     80.29585
       573    448.0972    269.7053     15982.45     731.3981  14.4909   0.0497    11.30    0.568  41.09   2      29.97     823.0634     78.06886
       574    699.7313    271.0183     3892.334     369.5478  16.0245   0.1031     5.72    0.607 -13.73   0      16.36     651.0579     78.40963
       575      5.5071    266.4271     4842.641     354.2465  15.7873   0.0794     8.14    0.505 -29.48  19      19.82     867.9796     78.19951
       576      7.8599    261.3167     5360.564     370.4497  15.6770   0.0750     9.66    0.407  21.65  18      21.32     985.8418     78.75032
       577   1022.8067    258.4801     5596.875     342.9491  15.6301   0.0665     8.72    0.574  87.54  24      21.46     927.6187      79.2072
       578    616.4021    253.1547     440180.1     699.5719  10.8909   0.0017     9.99    0.436   2.79   3      726.6      53673.2     173.9225
       579    618.2021    247.9809     428234.2     687.3601  10.9208   0.0017    10.52    0.383  17.04   3      710.5     57430.46     178.6729
       580    918.6250    259.1503     8782.129     360.2041  15.1410   0.0445    11.94    0.517   8.56   3      31.28     1341.497     80.59022
       581    919.5337    254.1757     8278.755     385.2565  15.2051   0.0505    10.05    0.446   3.03   3      29.93     1420.859     80.61005
       582    301.9886    250.9658       127997     692.1041  12.2320   0.0059     9.87    0.346  24.30   3      259.7     12040.54      106.728
       583    303.8963    245.7679     93918.56     540.8851  12.5681   0.0063    10.43    0.438  18.08   3      236.1      12305.4     106.2126
       584    420.9991    259.4196     4237.631     152.6314  15.9322   0.0391     1.52    0.178 -86.95   0      58.13     3806.067     86.88664
       585    232.3456    258.5374      10969.1     478.0697  14.8996   0.0473    10.44    0.444   0.43   3      37.69      1564.37     81.01366
       586    234.2923    253.2596     10757.62     364.8435  14.9207   0.0368     9.38    0.421   8.32   3      39.59     1758.166     80.94856
       587    842.2510    258.1335     9509.119     615.7288  15.0546   0.0703    11.78    0.436  17.86   2      28.73     1097.185     79.48571
       588    843.5370    252.8183     10009.95     601.7384  14.9989   0.0653    10.14    0.493  17.27   3      28.12     1136.415      79.5978
       589    126.6796    254.3904     73564.04     547.4881  12.8333   0.0081     9.99    0.474  -0.42   3      200.7      9736.73     101.2178
       590    128.5318    249.1695     78243.55     634.1495  12.7664   0.0088    17.14    0.522  10.21   3      198.7     10716.65     103.3947
       591    349.4506    256.5786     7042.178     477.0614  15.3807   0.0736     8.98    0.483 -16.29   2      24.69     901.4891     79.33965
       592    351.4620    250.9942     7183.832     481.4163  15.3591   0.0728     8.17    0.454  27.61   2      25.08     846.2451     78.97337
       593    433.3515    252.4884     19481.16     754.0482  14.2760   0.0420    11.24    0.450   6.26   2      41.54     1637.549     80.60921
       594    435.4849    247.0000     12100.42     568.1239  14.7930   0.0510    12.03    0.555   7.37   3      37.26     1748.871     81.73099
       595    368.5141    250.2975     8562.408     570.3212  15.1685   0.0723    13.48    0.466 -68.71   0      24.29     444.6816     77.17274
       596    828.3081    243.7644     40071.35     794.0726  13.4929   0.0215    11.54    0.518 -48.19   0      74.36     1798.475     80.65506
       597    447.2567    275.7563     7579.913      528.785  15.3008   0.0758     8.68    0.545 -18.74   2      26.32     763.1834     78.73396
       598    183.9274    241.6965     19624.61      600.588  14.2680   0.0332    10.30    0.430 -16.21   3      56.71     2219.825     82.03437
       599    186.8119    232.2469     46145.78     754.4548  13.3397   0.0178    12.63    0.274 -38.03   3      100.5     3166.958     85.58352
       600    189.1049    225.8028     23984.31     549.4222  14.0502   0.0249     8.94    0.457  21.58   3      73.95     3287.563     85.51962
       601    402.5990    231.9805     20264.65     796.6801  14.2332   0.0427    16.37    0.172   0.05   0      39.91      892.721     78.89893
       602    656.0073    223.3444     38300.45     1110.054  13.5420   0.0315    14.72    0.444  80.09   0      53.74     1523.897     80.90004
       603    266.4378    226.1470      6963.49      477.024  15.3929   0.0744     7.97    0.505 -12.99   2      23.76     790.0325     78.81142
       604     91.9900    219.3627     43983.75     804.9512  13.3918   0.0199    23.64    0.247  50.92   0      86.26     2472.378     83.91483
       605    892.3826    220.8650     11392.13     658.3337  14.8585   0.0628    10.61    0.441  -5.42   2      26.62     718.5268     78.39555
       606    498.7545    222.3507     7821.486     489.3351  15.2668   0.0679     9.26    0.538 -12.72   2       24.9      1007.15     79.43507
       607    499.7021    216.6186     6309.235     453.7448  15.5001   0.0781     8.26    0.467  24.49   2      22.14     858.5229     78.17201
       608    832.5261    220.5128     11973.19     560.0587  14.8045   0.0508    11.04    0.367   3.56   2      32.49     1033.776     78.67989
       609    834.6045    215.4492     5935.163     422.5998  15.5664   0.0773     9.33    0.579  -2.10   3      21.57      944.512     79.04797
       610    181.0108    216.9939     17775.74     714.3378  14.3754   0.0436    11.97    0.425 -14.29   3      33.44     1097.628     79.48698
       611    182.1736    212.1819      12885.7     575.6223  14.7247   0.0485     7.89    0.387  11.43   3      33.15     1180.696     80.13546
       612    128.3869    212.9549     29839.14     849.2609  13.8130   0.0309    14.59    0.165 -68.88   3      58.62     1074.721     79.83434
       613    119.1097    204.8183     29570.24     840.9216  13.8229   0.0309    12.58    0.149 -61.45   3      57.94     1067.217     78.77643
       614    929.3812    214.1549     5486.131     415.4913  15.6518   0.0822     9.46    0.467  -2.78   2      21.15     908.5781     79.35995
       615    930.8192    209.0592     5905.937     464.2888  15.5718   0.0854     9.85    0.477 -11.37   3      21.43     1013.718      79.2467
       616    162.4721    206.3249     78152.68     709.9461  12.7676   0.0099    20.42    0.064 -65.96   0      172.7     2964.289     84.46174
       617    248.8205    203.4297     281685.5     620.7275  11.3756   0.0024    10.13    0.466  -5.66   3      549.1     37390.02     151.2629
       618    250.6888    198.2912     324122.5     677.9833  11.2232   0.0023    11.21    0.414  13.25   3      573.8     40618.08     155.7214
       619     51.1004    207.1696     21887.69     825.5089  14.1495   0.0410    15.74    0.332 -54.56   0       38.7     657.0122     77.37177
       620     62.9914    206.4914     9348.947     552.3364  15.0731   0.0642     9.84    0.423   1.71   3      26.03     975.2546     79.13631
       621     65.4179    201.3528     9247.558     559.6863  15.0849   0.0657    10.38    0.482  17.72   3      25.89     1108.365     79.93006
       622    694.9454    205.5972     3542.941     151.5935  16.1266   0.0465     1.36    0.202  83.44   0      46.43     3191.626     85.45686
       623      2.2066    200.5913     11050.88      389.007  14.8915   0.0382     9.40    0.596 -86.18  24      40.61     1884.914     81.70702
       624    974.0323    226.0602     8799.682     526.9746  15.1388   0.0650     7.84    0.583 -30.86   2      23.99     673.8622     78.26595
       625   1007.3346    189.5898     26097.17     785.8906  13.9585   0.0327    12.17    0.152 -86.84  19      53.82     874.0787     78.84521
       626   1003.9041    174.6325     41036.59     1188.547  13.4671   0.0315    20.50    0.381  57.90  18      48.36     591.2209     77.17828
       627    869.9235    188.5889      9408.98     529.5706  15.0661   0.0611    10.82    0.495  27.17   3       29.4     1357.812     80.22746
       628    587.8979    185.2173     168188.2      724.155  11.9355   0.0047    11.74    0.081 -20.70   2        329     6208.075     92.60322
       629    567.7108    185.7085     29688.92        609.8  13.8185   0.0223    13.02    0.283 -31.17   3      70.64     1268.707     79.76883
       630    281.8188    191.5763     6910.877     515.9056  15.4012   0.0811    10.41    0.518  -5.63   2      23.89     957.4248     79.49972
       631    284.0533    186.3669     7021.128     484.7426  15.3840   0.0750    10.59    0.446   4.30   3      23.42     1098.052     79.69473
       632    519.8694    188.8856      8196.73     477.6111  15.2159   0.0633    11.74    0.377  -3.61   3      26.49     924.5096     78.57312
       633    521.1644    183.5738     6914.576     423.1262  15.4006   0.0665     9.31    0.501  25.60   3      24.38     1114.203     79.94666
       634    980.7064    185.4784      10489.4      614.755  14.9481   0.0636     9.68    0.401 -36.41   0      24.15     735.9697     78.23626
       635    496.4422    184.0627     6378.504     468.0456  15.4882   0.0797     7.34    0.647  -5.43   0      21.04     693.6172      78.3233
       636    742.1410    179.5201     17557.43     629.2306  14.3888   0.0389    10.70    0.364  20.91   2      48.64     1754.177     80.93736
       637    744.2706    174.6181     14205.82     544.6082  14.6188   0.0416     8.82    0.442  31.14   3      41.17     1858.628     81.83499
       638    412.8740    178.3801      6330.63     439.9603  15.4964   0.0755     5.76    0.471 -15.89   0      20.17     822.2693     78.69572
       639    125.0411    175.4223     8192.977     522.7971  15.2164   0.0693    10.08    0.396  -5.60   3      25.37     993.4224     79.60256
       640    126.8585    169.8868     7820.585     490.1738  15.2669   0.0681     8.30    0.440   9.23   3      24.21     1064.732     78.97768
       641    177.7747    174.7323      4852.51     175.9921  15.7851   0.0394     3.61    0.336 -70.82   0      48.88     3661.529     86.50774
       642    550.9771    162.9508     35027.86     677.4522  13.6390   0.0210    10.35    0.456   4.25   3      90.73     3765.082      87.1574
       643    552.8531    157.4750     31068.86     611.6593  13.7692   0.0214    10.22    0.477   7.02   3      84.59     3987.753     87.17222
       644    249.7746    163.5397     11318.54     562.7219  14.8655   0.0540    10.08    0.480 -18.16   2      31.27     1090.646     79.67361
       645    251.1828    158.3971     8013.157      541.259  15.2405   0.0734     9.05    0.494  10.99   2      28.83     1035.086     79.30795
       646    867.8322    193.5902     8187.501     458.2857  15.2171   0.0608    10.36    0.410  24.60   3      29.93     1273.029      80.3969
       647    137.4475    155.8546     11556.15     662.7453  14.8430   0.0623    10.73    0.649 -15.35   2      27.88     932.5331      79.2213
       648    139.2718    150.7074     11146.83     617.6652  14.8821   0.0602     9.11    0.491   7.91   3      25.94     906.5175     78.52106
       649    681.8328    154.1697      26341.3     516.4991  13.9484   0.0213     9.96    0.467   9.15   3      83.93     3429.387      86.2776
       650    684.1407    148.8852     31172.19     591.8937  13.7656   0.0206    10.24    0.376  10.54   3      83.98     3842.615     86.60339
       651    205.0767    154.6529     5586.974     437.7022  15.6321   0.0851     7.58    0.578 -10.10   0      18.87     633.8043     77.93891
       652    625.8087    148.6808     60183.77     1234.873  13.0513   0.0223    26.24    0.680   5.04   2      100.5     2631.508     83.75797
       653    628.2440    143.3722     30864.41     776.2283  13.7764   0.0273    15.65    0.657  10.22   3      65.37     2919.792     84.92461
       654    430.3667    143.3415     14160.21     648.6052  14.6223   0.0497    10.05    0.111  82.04   2      33.29     1208.545     79.80348
       655     29.0854    145.8815     8926.455     514.4016  15.1233   0.0626    10.46    0.498 -14.89   2      28.68     1123.748     79.35474
       656     30.4834    140.9751     7528.696     490.0385  15.3082   0.0707     9.44    0.474  14.28   2      24.16      1149.42     79.42823
       657    820.6122    136.7163     32306.48     808.7927  13.7268   0.0272    22.23    0.494 -51.93   3      63.13     1515.308     80.46836
       658    837.7813    123.8015     143876.8     856.5202  12.1050   0.0065    11.24    0.045  40.58   2        270     5270.022     90.63511
       659    465.6125    135.1200     21229.26     683.1121  14.1827   0.0349    14.64    0.349 -56.79   3      43.87     1746.228     81.32034
       660    904.5745    140.2629      10061.7     509.2853  14.9933   0.0550    11.80    0.456  11.87   3      32.99     1307.693     80.29035
       661    906.8920    135.3241     9686.758     524.2306  15.0346   0.0588    10.84    0.436   8.81   3         30     1237.432      79.4731
       662    499.7459    139.3801     8604.702     429.8088  15.1632   0.0542    13.67    0.478  -5.19   3      30.32     1238.257     80.09357
       663    502.3429    134.0796     7519.817     417.5875  15.3095   0.0603    11.51    0.562   7.65   3      27.47     1239.668     79.47948
       664    724.8787    130.8542     23668.01     605.5192  14.0646   0.0278    10.53    0.436  12.65   3      70.28     2899.076     84.09082
       665    726.9784    125.9762     22017.43      553.827  14.1431   0.0273    11.96    0.506  19.89   3      69.02     3096.584     85.39643
       666    689.6783    121.5905     309160.8     705.7385  11.2745   0.0025    10.21    0.354   3.73   3      583.5     35812.07     148.6522
       667    691.9962    116.6542     255604.8     594.7449  11.4811   0.0025     9.92    0.387  34.83   3        514      37276.9      150.984
       668    121.2073    124.8215     28231.99     490.4152  13.8731   0.0189     9.41    0.454   1.88   3      91.15     3998.267     87.38794
       669    123.1478    119.8558     27213.02     496.6078  13.9131   0.0198    10.02    0.463  14.43   3      85.84     4080.251      87.9754
       670    419.4958    118.8045     232838.3     763.7908  11.5824   0.0036    12.22    0.112 -53.12   0      430.7     8908.809     99.34142
       671    204.8621    124.2533      26670.1      529.218  13.9349   0.0215    10.89    0.436   9.05   3       81.1     3204.189     85.29776
       672    207.0203    119.0140     21966.33     439.6304  14.1456   0.0217    11.64    0.535  14.38   3      73.42     3488.224     86.24205
       673    581.8069    126.2107     3584.719     336.7666  16.1139   0.1020     5.86    0.652   3.78   0      15.33      543.066     77.88522
       674    996.9874    120.2798     7495.864     463.2958  15.3129   0.0671     6.62    0.353  17.61   3      23.97     1035.718     79.30977
       675    999.7423    114.7882      13810.3     647.8485  14.6495   0.0509    10.09    0.212  49.93   2       31.1       1145.2     79.82907
       676    868.0743    118.1035      5029.83     424.0554  15.7461   0.0916     8.33    0.627   3.59   0      18.87     686.9427     77.67158
       677    869.1871    112.7987     6613.373     465.5186  15.4489   0.0764     7.97    0.349  13.40   1      19.86     684.0446     78.29552
       678    954.0585    112.3274     6903.072     463.0049  15.4024   0.0728     9.59    0.485  -7.13   2      22.98     899.9153     78.71107
       679    955.8109    107.0205     5830.142     462.4779  15.5858   0.0861     8.61    0.507  12.34   2      20.42     887.0631     78.88263
       680    463.9484    106.3025     22005.84      796.145  14.1437   0.0393    15.87    0.394 -53.19   0      45.52     1114.808     78.91361
       681     28.8114    109.2550     12027.46     565.1937  14.7996   0.0510     9.35    0.428   0.50   3      39.46     1689.741     81.36461
       682     31.1404    103.8995     12471.39      561.726  14.7602   0.0489    10.44    0.510   1.72   3      37.52     1749.101     80.71972
       683    464.1598    140.5130      10706.9     383.4847  14.9258   0.0389    10.53    0.463   0.83   3      38.72     1604.306     80.51543
       684    652.3845    106.8883     28588.01     558.7278  13.8595   0.0212     9.66    0.484   5.33   3      94.27     3980.964     87.15452
       685    654.6536    101.7663     29219.44      454.351  13.8358   0.0169    10.76    0.468  11.68   3       90.6     4127.491     87.72337
       686    165.4172    107.4459     5275.844     395.0934  15.6943   0.0813     9.48    0.535 -14.58   2      22.17     786.9232     79.01079
       687    167.6613    102.4451     9668.675      482.588  15.0366   0.0542     6.04    0.110 -36.11   3       23.2     1025.402      79.2802
       688   1016.0388    102.1709     20444.73     811.5522  14.2235   0.0431    17.49    0.428 -33.24  16         32     849.9753     79.19195
       689    356.4665    100.6059     17676.29     810.7766  14.3815   0.0498    14.97    0.262 -54.73   0      33.95     696.6243     78.33202
       690    373.9106     98.9460     19100.63     710.1446  14.2974   0.0404    10.42    0.438  -2.97   3       46.7     1745.953     80.91427
       691    376.1208     93.8555     16418.68     623.5688  14.4617   0.0412    11.48    0.491   9.27   3      42.36     1736.786     80.88852
       692    747.7541     98.9983     8655.611     517.4684  15.1568   0.0649     7.59    0.493 -14.51   2      22.29      738.236     78.66192
       693    718.9843     98.2824     8341.758     517.3306  15.1969   0.0674     9.52    0.472   9.70   3      28.14     1286.182     80.02428
       694    720.4667     92.9449     11836.22     653.4751  14.8170   0.0600    11.58    0.460   2.07   3      29.04     1140.424     79.40249
       695      1.4372     96.6392     2919.317     239.2031  16.3368   0.0890     5.17    0.682  87.01  24       14.1     742.6771     73.26518
       696    486.2242     80.3614     7954.323     703.0699  15.2485   0.0960    14.20    0.299 -78.00   3      23.29     852.8762     79.40756
       697    472.5930     90.2258     27613.47     816.0791  13.8972   0.0321    12.18    0.434  -0.41   3      59.21     1657.439     81.27433
       698    475.0604     84.6940     30947.16     876.2281  13.7734   0.0307    12.45    0.590   8.72   3      48.92     2008.102     81.44569
       699    460.2564     85.1733     13784.22     674.5656  14.6515   0.0531    10.54    0.439 -15.03   1      28.57     771.2397     78.54821
       700     97.7007     79.2939     9852.401     545.8086  15.0161   0.0602     6.53    0.172  85.49   2      26.74     898.4406     78.28799
       701    549.1622     83.5809     7113.338      511.997  15.3698   0.0782     8.16    0.572  -9.06   2      23.04     776.2599     79.18797
       702    722.0836     77.9477      30109.6     877.8854  13.8032   0.0317    16.12    0.211 -23.38   0      57.34     941.2136     78.62142
       703    139.4391     76.7583     35001.45     535.0929  13.6398   0.0166    11.53    0.202 -50.83   0      91.13     1848.985     81.60702
       704    472.4594     75.6455     20560.74     776.9173  14.2174   0.0410    11.17    0.345   2.67   3      33.73     1200.682     79.78109
       705    474.5912     70.5802     9572.223     602.2558  15.0475   0.0683    11.20    0.549   8.63   3      29.82     1125.867     79.56768
       706    393.6261     69.9868     65515.52     807.4528  12.9591   0.0134    16.86    0.384 -24.78   0        130     2632.481     83.95664
       707    968.1893     70.1878     11498.26      545.741  14.8484   0.0515    11.53    0.435  14.61   3      37.33     1604.495     80.92326
       708    970.0073     65.4804     15272.27     609.8184  14.5402   0.0434    12.35    0.435  16.58   3      38.35     1567.975     80.82063
       709    873.4788     67.1027     13009.48     557.5384  14.7143   0.0465    15.89    0.301 -81.00   0      32.73     822.4824     78.27745
       710    244.3109     68.4504     30588.74     648.0254  13.7861   0.0230     9.79    0.478  -0.61   3      83.04      3611.47     85.99466
       711    246.2500     63.4147     29231.53      641.812  13.8354   0.0238    10.20    0.428  12.59   3      81.34     3792.399     87.03995
       712     86.5997     69.0033     9472.366     538.8292  15.0589   0.0618     7.96    0.543 -36.01   2      23.51     726.0473     78.41734
       713     44.8446     66.0885     30331.75     955.4985  13.7953   0.0342    15.54    0.237 -61.75   0      41.59     821.7524     78.27533
       714    206.9777     64.9890     4581.039     367.7428  15.8476   0.0872     5.75    0.419 -13.30   0      17.89     745.3597      78.6825
       715    299.6880     58.6007     7819.052     511.5074  15.2671   0.0710     7.59    0.560 -25.38   2      22.45     678.6292     78.27979
       716    972.4207     54.5437     28535.88     614.0728  13.8615   0.0234    10.09    0.391   8.78   3      78.34     3018.615     84.80186
       717    974.1572     49.8644     23591.06      555.213  14.0681   0.0256     9.49    0.435  19.08   3      67.45     3015.404     84.79326
       718   1003.2025     56.3646     9116.733     589.6697  15.1004   0.0702    10.88    0.446  11.19   2      33.13     1066.651     79.81136
       719   1005.2773     51.8372     10321.83     616.6955  14.9656   0.0649    11.17    0.573  11.86   2      26.68     1092.381     79.47198
       720    351.3561     49.7063     40540.45     890.7899  13.4803   0.0239    17.39    0.210  55.45   0      74.11     1112.529     78.90704
       721    763.2092     47.6258     10220.91     601.1348  14.9763   0.0639    10.67    0.485   1.37   2       29.9     855.5701     79.00019
       722    367.4027     42.5925     16764.36     635.4447  14.4390   0.0412    10.00    0.507   0.75   3      42.19     1912.497     81.78371
       723    369.1399     37.8383     14500.89     596.5829  14.5965   0.0447    11.25    0.472  12.41   3      44.11     1867.841     81.65952
       724    153.0122     42.1403     10528.26     618.7673  14.9441   0.0638     9.65    0.516  -8.89   2       28.7     775.8041     78.77039
       725    589.0923     41.6518     5294.449     435.6678  15.6904   0.0894     7.69    0.507 -12.51   0      19.44     673.9349     77.84496
       726    718.6227     39.2080     9995.646      601.733  15.0005   0.0654     9.65    0.420  -9.48   2      28.26     878.2727     79.06548
       727    612.8329   1012.2908     336208.8     839.2476  11.1835   0.0027    13.69    0.226 -22.24  16      535.4     15815.75     113.4757
       728     76.8400   1017.9000     32359.91     554.3607  13.7250   0.0186    10.28    0.454  -1.81  19      95.45     3943.137      86.2972
       729    591.1326     35.7536     7251.582      479.738  15.3489   0.0718     7.23    0.068  64.16   1      19.69     768.6573     78.54074
       730     77.5230   1012.2814      32839.4     569.1857  13.7090   0.0188     8.86    0.445   5.26  19      96.64     4521.244     88.18014
       731    992.5812   1018.5027     11410.17     551.6961  14.8568   0.0525     9.20    0.450   6.21  19       31.4     1205.305     79.17381
       732    455.4509     27.9407     10605.61     625.4018  14.9362   0.0640    11.50    0.487  -2.41   3      35.89     1085.802     79.45316
       733    457.0015     23.0198        15479     696.7055  14.5256   0.0489     9.49    0.418   8.03  19      28.39     1187.965     79.74486
       734    887.3707     26.2726     8417.891     540.6694  15.1870   0.0698     8.96    0.478 -11.33   2      25.99      960.374     79.09356
       735     83.9854     25.5211     6383.538     494.5187  15.4873   0.0841     7.86    0.470 -35.09   2      21.14     687.6607     78.30601
       736    994.2178   1013.3580     12265.87     628.6253  14.7783   0.0557     9.15    0.373  10.90  19      32.65     1335.245     80.57259
       737    577.5323     21.3465     7680.382     538.0728  15.2865   0.0761     7.97    0.606  -6.26   2      20.68     637.9568     78.16161
       738    351.4261   1018.7971     7317.526     462.3202  15.3391   0.0686     8.81    0.447 -20.98  19      23.71     809.9708      78.8689
       739    353.0719   1013.2464     7202.917     502.3132  15.3562   0.0757     9.66    0.374   7.43  18         24     1007.755     79.22959
       740    884.1487   1017.0681     16487.23     538.7372  14.4571   0.0355    10.68    0.501  11.12  19      47.02     1877.589     81.68665
       741    885.5203   1011.5131     13412.14     479.2297  14.6813   0.0388    10.11    0.448   8.38  19       48.1     2170.757     82.09879
       742    386.1811   1010.2039     78606.79     675.6908  12.7613   0.0093    12.45    0.258 -88.07  16      167.4     4569.799     88.86192
       743    781.4666   1016.4207     15380.15     481.8708  14.5326   0.0340     9.57    0.430   5.38  19      48.59      1961.32     82.11969
       744    782.8995   1010.4829     11745.97     364.3324  14.8253   0.0337     9.87    0.480   0.86  19      45.22     2143.148     81.82166
       745    720.3726   1016.2795     4981.787     405.1968  15.7565   0.0883     6.51    0.505  24.41  16      18.04     708.0634      78.3652
       746    424.1542   1015.6667     7059.252     424.1739  15.3781   0.0653    10.74    0.463  -6.57  19       24.9     1016.865     79.25572
       747    424.8558   1010.0695     7258.705     431.0077  15.3479   0.0645    11.25    0.464  -3.82  19      25.59     1122.783     79.35198
       748    975.6625   1015.0693     12633.51     596.5604  14.7462   0.0513    11.30    0.475  10.49  19      33.64     1275.251     79.99323
       749    977.1586   1009.4680     16124.27     677.7833  14.4813   0.0456    10.50    0.417   5.24  19      37.84     1461.509     80.52068
       750    489.6114   1011.1733     20943.05     405.0213  14.1974   0.0210    10.95    0.484  -2.93  19      71.63     2981.646     84.89658
       751    490.4401   1005.7009     21612.59     465.7789  14.1632   0.0234     9.81    0.473   2.87  19      71.98     3346.475     84.90509
       752    851.4630   1006.6230     48060.18     658.5074  13.2955   0.0149    11.62    0.152 -78.45  16      112.1     2295.932      83.0406
