#   1 NUMBER                 Running object number                                     
#   2 X_IMAGE                Object position along x                                    [pixel]
#   3 Y_IMAGE                Object position along y                                    [pixel]
#   4 FLUX_AUTO              Flux within a Kron-like elliptical aperture                [count]
#   5 FLUXERR_AUTO           RMS error for AUTO flux                                    [count]
#   6 MAG_AUTO               Kron-like elliptical aperture magnitude                    [mag]
#   7 MAGERR_AUTO            RMS error for AUTO magnitude                               [mag]
#   8 FWHM_IMAGE             FWHM assuming a gaussian core                              [pixel]
#   9 ELLIPTICITY            1 - B_IMAGE/A_IMAGE                                       
#  10 THETA_IMAGE            Position angle (CCW/x)                                     [deg]
#  11 FLAGS                  Extraction flags                                          
#  12 SNR_WIN                Gaussian-weighted SNR                                     
#  13 FLUX_APER              Flux vector within fixed circular aperture(s)              [count]
#  14 FLUXERR_APER           RMS error vector for aperture flux(es)                     [count]
         1    829.4337     29.0166     103949.4     779.6801  12.4579   0.0081    11.96    0.649   0.90  19      205.6      7696.66     96.34161
         2    552.9811     32.4672     23238.77     910.5217  14.0845   0.0426    17.30    0.187 -55.25   0      40.48     681.8219      77.6459
         3    312.1838     25.1422     67665.99     545.3697  12.9241   0.0088    12.55    0.464  -5.49   3      169.4     6026.393     91.96867
         4    451.0205     21.6585     23335.93     834.6028  14.0799   0.0388    13.14    0.390  -5.28  18      36.15     937.8417      78.1865
         5    944.0659     22.9780     20455.45     768.6567  14.2230   0.0408    15.59    0.308 -26.51   0      42.17     1026.538     78.64842
         6    882.7340     25.0817     6978.616     501.3669  15.3906   0.0780     8.02    0.553  14.79   0      23.93     650.8619      76.9313
         7    116.5563      8.2461     146107.3     694.0317  12.0883   0.0052    13.34    0.251 -19.21  19      276.1      8766.61     98.50781
         8    437.8172     18.7391     13839.24     656.0439  14.6472   0.0515    11.08    0.544   5.51  19      30.32     624.6966     77.27089
         9    438.5547     13.2467     16749.65     733.3091  14.4400   0.0475    11.49    0.446   9.89  19      31.88     726.2534     77.77584
        10    115.0311     14.6387     86972.57      752.628  12.6515   0.0094    12.59    0.649 -13.88  19      175.1     6700.514     93.61973
        11    873.7643     12.4873     8114.762     519.9609  15.2268   0.0696    10.10    0.583   0.40  19      23.89     659.7036     76.95742
        12    873.2480      7.5930     13556.22     656.5579  14.6697   0.0526    10.94    0.553   3.73  18      27.16     819.8023     78.04872
        13    809.3217     11.3496     7103.789     415.5834  15.3713   0.0635     6.76    0.633  42.87  16      22.29     1501.153     79.60559
        14    592.9857     10.6356     6192.834     479.7163  15.5203   0.0841    10.51    0.576   5.12  18      19.72     585.5163     77.77768
        15    593.4474      5.0043     5410.684     389.6913  15.6669   0.0782     9.10    0.663  -3.76  18      19.84     737.8504     77.60299
        16    692.7776      4.7798     48193.56     659.9752  13.2925   0.0149    15.13    0.310  -3.63  24      108.6     2425.478     82.78638
        17      3.3610      9.1314     7327.841     407.9039  15.3376   0.0605     8.69    0.593 -38.16  26      22.97     762.6323     77.67553
        18    781.8052      4.6018     20210.55     670.9377  14.2361   0.0361    15.67    0.230   6.24  24       42.1     884.2784     78.03065
        19    425.6172      4.0387     59566.36     511.4855  13.0625   0.0093    11.88    0.461  -2.14  24      161.8     5716.936     91.55235
        20    303.7871      3.8140     10353.36     356.0847  14.9623   0.0374    12.33    0.415  -3.82  24      35.41     1070.126     78.57008
        21    814.9371      2.9716     20644.05     709.4838  14.2130   0.0373    14.02    0.744  -6.48  24      35.37     692.6992       77.263
        22    752.8441      4.0855     4451.029     352.2974  15.8788   0.0860     5.57    0.381  -8.74  16      16.75     642.2426     76.90584
        23    847.0917   1005.1348     50857.41     724.6606  13.2341   0.0155    12.44    0.049  51.06  16      108.9     2121.216     81.15891
        24    769.9850   1023.0000     6219.461     351.1564  15.5156   0.0613     7.64    0.663   4.78  18      23.89     991.2889     78.34171
        25    579.1955   1022.0610     39425.21     433.8253  13.5106   0.0120    12.03    0.642   0.83  19      125.1     5248.578     90.02602
        26    579.6166   1016.1633     61124.29     579.8468  13.0345   0.0103    11.17    0.491   0.18  19      165.9       6562.9     93.62885
        27   1023.2106   1005.8253     5251.212      276.195  15.6994   0.0571     7.70    0.675  88.87  24      24.07     1176.515     78.05832
        28    705.1681    993.0490     131739.4     812.3367  12.2007   0.0067    11.20    0.431 -29.96  19      244.1     9008.239     98.90142
        29    705.7991    986.9135     107613.9     582.1339  12.4203   0.0059    10.91    0.432  -2.05   3      256.7     11012.06     103.5589
        30     88.6386   1002.6039     11616.96     553.6154  14.8373   0.0518     7.97    0.518   5.99  16      24.39     675.6334     77.83444
        31     24.7431   1002.2360     7430.551     508.7271  15.3224   0.0744     9.23    0.588  -0.57   0      22.41     740.6915     77.61131
        32     25.0070    996.1580     7870.809      486.326  15.2600   0.0671    10.27    0.476   5.10   0      25.05     902.2135     78.49326
        33    286.5301    992.5026     10993.92     433.7426  14.8971   0.0428    12.62    0.475  -0.29   3      33.36     1076.012     77.97144
        34    286.3354    986.6164     12140.67     550.1926  14.7894   0.0492    13.29    0.461  -2.11   3      37.37     1313.328     79.27045
        35    773.9669    983.4429     6255.029     370.1106  15.5094   0.0643    10.06    0.597 -11.35   3      22.33     824.0836     78.26672
        36    772.8149    977.6306     10519.92       571.73  14.9450   0.0590    13.81    0.466 -12.73   2      29.22     916.1985     78.53374
        37     72.3687   1016.9245     27602.41     587.4367  13.8976   0.0231    12.54    0.510  -3.24  19      77.59     2823.403     83.48773
        38    861.9275    979.6448     14858.66     692.7148  14.5701   0.0506    12.19    0.571   5.37   2      31.44     886.5974      78.0374
        39    862.6142    973.5099     10003.53     575.7255  14.9996   0.0625    10.21    0.417   0.51   3      25.77     839.6334     77.48697
        40   1008.3695    979.3254     5742.755     455.4479  15.6022   0.0861     8.00    0.584  -5.24   0      19.35     727.4434      77.5725
        41    319.0170    971.5287     10216.38     597.0399  14.9768   0.0635     9.14    0.650 -35.06   2      25.55     575.6296     77.33444
        42    447.4362    966.9360     368468.5     662.5526  11.0840   0.0020    11.91    0.478  -2.38   3        642     37803.15     151.2286
        43    447.7393    960.9667     471503.4     715.7628  10.8163   0.0016    11.19    0.446   0.08   3      746.9     47487.04     165.1419
        44    423.8464    975.1247       7077.5     486.7809  15.3753   0.0747     7.67    0.677 -10.76   1      21.03     617.1955     77.04058
        45    157.9302    972.6043     21770.39     493.5932  14.1553   0.0246    12.69    0.530  -2.24   3      65.69     2524.746     82.67072
        46    158.1524    966.5164     29813.85     496.4747  13.8140   0.0181    10.68    0.470  -2.41   3         84     2941.323     83.42388
        47   1009.4932    973.1085     7159.255     478.4982  15.3628   0.0726     8.41    0.644  -0.83  16      21.12      812.018     77.61319
        48    987.7813    971.1247     12659.93     530.3403  14.7439   0.0455    12.30    0.538   2.23   3      37.45     1141.192     78.77538
        49    988.4590    965.6100     15402.28     482.3976  14.5310   0.0340    11.94    0.455  -0.96   3      46.27     1557.383     80.16774
        50    683.1538    970.0255     8223.962     541.9433  15.2123   0.0716     9.17    0.541  -7.71   0      26.14     677.6479     77.84033
        51    538.2155    968.8849     21810.83     588.6132  14.1533   0.0293    12.55    0.551   3.13   3      61.26     1995.497     81.00465
        52    538.5122    963.2651     29959.11     652.4358  13.8087   0.0237    11.08    0.499   1.36   3      76.37     2681.857     82.71399
        53    571.4219    966.7140     10471.83      681.915  14.9499   0.0707    11.74    0.478  -5.27   0      26.19     645.5114     76.91549
        54    490.4665    968.6117     10582.76     573.1581  14.9385   0.0588    12.04    0.516   1.73   3      31.24     1025.888     78.44202
        55    491.4731    962.3654     23484.82     762.2106  14.0730   0.0352    11.84    0.385   0.51   2      47.67     1578.543     80.02722
        56    425.3071    968.9869     10320.09     584.8467  14.9658   0.0615     9.85    0.607  10.45   1      26.43     717.7712     77.12872
        57    798.0989    968.2645     7983.996     528.3327  15.2444   0.0719     9.00    0.612  -3.42   0      22.92     716.3434     76.91593
        58    513.0580    967.5402     7317.807          491  15.3390   0.0729    11.13    0.520  -2.98   3      22.89     752.8479     78.05959
        59    513.2772    961.5937     11699.72     632.2197  14.8296   0.0587    12.48    0.436  -5.69   2      30.47      1124.34     78.72675
        60    760.4018    965.3948     5802.292     388.8883  15.5910   0.0728     9.82    0.542   8.07   2      19.66     574.3132     77.12255
        61    761.5452    959.7830     7107.659     532.5002  15.3707   0.0814     9.74    0.577  -2.77   2      21.55     784.2273     77.94506
        62    686.1976    964.3820       6196.5     434.0065  15.5196   0.0761     6.45    0.435  16.69   2      21.13     743.1923     77.61863
        63    618.5657    958.0189     12613.18     696.6052  14.7479   0.0600    10.90    0.505  -1.17   0       29.6     797.5413     78.39479
        64    837.4399    957.1808     6807.708     484.1729  15.4175   0.0772     8.48    0.620   5.92   0      22.26     718.9462      78.1666
        65    188.3021    954.3161     31659.17     503.7378  13.7488   0.0173    12.02    0.513  -3.78   3       95.2     3620.568     85.06564
        66    188.6787    948.3179     43943.25       597.77  13.3928   0.0148    10.86    0.498  -2.54   3      118.2      4346.34     86.98309
        67    636.4116    953.3819     10194.42     558.0914  14.9791   0.0595     8.44    0.571 -14.13   0      24.86     667.8298     77.39764
        68    945.8259    948.9443     34652.71     514.5397  13.6507   0.0161    11.68    0.533  -2.64   3      103.9     4111.749     86.92419
        69    945.8722    943.2407     55992.79      665.679  13.1297   0.0129    11.10    0.464  -3.60   3      133.6     4779.018     88.65166
        70    899.4025    943.3531     187319.2     775.1231  11.8185   0.0045    13.72    0.031 -27.12   0      352.9     6584.316     93.16495
        71    706.7735    951.4255     6221.389     477.2117  15.5153   0.0833     8.54    0.528  -1.56   0      19.72     663.6323     77.79939
        72    748.9287    949.9688     7193.322     518.7845  15.3577   0.0783     8.50    0.461  -8.43   0      22.22     699.7035     77.49119
        73    969.5994    942.0604        11881     565.2094  14.8129   0.0517    11.39    0.611  -4.48   3      31.79     1257.326     79.31253
        74    968.8748    936.1290     24009.44     769.7068  14.0490   0.0348     8.45    0.427  -3.39   2      48.03      1453.41     79.46917
        75    144.5855    941.7680     5930.758     389.9945  15.5672   0.0714    10.49    0.478  -7.41   3      21.56     848.9475     78.54368
        76    144.1570    935.9147     8945.741     477.6674  15.1210   0.0580    12.79    0.394  -8.05   3      27.19     780.1423     77.31229
        77     38.7644    940.2069      18869.8     685.8803  14.3106   0.0395    12.59    0.534  -0.31   3      41.18     1456.964      80.0834
        78     39.1523    934.4924     16877.32     621.2815  14.4317   0.0400    11.48    0.516  -0.11   3      43.49     1589.767     79.45484
        79    114.8165    933.9177     24565.39     456.9021  14.0242   0.0202    12.08    0.545  -8.32   3      76.04       2896.1      83.6854
        80    114.9761    928.0933      39575.7      578.325  13.5064   0.0159    16.17    0.481  -6.75   3        105     3529.602     84.82225
        81    431.2633    925.4918     34857.91     812.4231  13.6442   0.0253    14.51    0.038 -33.90   0         74     1105.392     78.26257
        82    723.6091    921.4985     51480.19     564.7894  13.2209   0.0119    11.72    0.514   0.51   3      141.3     5463.617      90.3897
        83    723.9780    915.5011     66527.59     600.3045  12.9425   0.0098    11.28    0.456  -0.15   3      168.5     6409.184     92.04122
        84    273.8931    922.5432      15515.8     588.2294  14.5231   0.0412    12.93    0.480  -2.02   3      41.65     1347.358      78.9621
        85    273.9928    916.6505      17339.7     553.7884  14.4024   0.0347    11.39    0.497  -4.41   3      48.36     1712.989     80.60767
        86    376.0414    922.4464     14829.96     689.2179  14.5722   0.0505    12.77    0.538 -10.24   3      43.93     1078.031     78.59295
        87    374.8879    916.5218     22805.42     826.7219  14.1049   0.0394    12.70    0.429 -10.64   2      40.93     1179.949     78.47878
        88    765.7879    916.0333      66508.7     828.0479  12.9428   0.0135    13.25    0.093 -27.97   0      138.8     2242.414     82.47729
        89    487.0574    902.6274      20894.7     712.3885  14.1999   0.0370    15.04    0.289 -11.15   3      50.65     1436.503     79.62282
        90    488.2092    919.0769     29806.53     447.0981  13.8142   0.0163    11.50    0.502  -3.41   3      88.93     3139.439     84.34367
        91    488.1719    913.0242     50868.48     643.6558  13.2339   0.0137    11.05    0.339   4.15   3        125     4144.771     87.37896
        92    891.5708    916.3334     68106.01      487.223  12.9170   0.0078    11.58    0.509   5.82   3      187.1     7446.147     95.24416
        93    892.4531    910.5170     85631.18     527.5267  12.6684   0.0067    10.88    0.495   2.82   3      219.5     9106.701     98.80277
        94    705.6791    914.3550     11626.92     550.7101  14.8363   0.0514    12.78    0.531   1.42   3       34.1     1102.689     78.45973
        95    706.2219    908.5906     14518.36     588.5267  14.5952   0.0440    11.62    0.503   4.02   3      40.66     1413.058     79.75754
        96    252.9103    912.2642     39092.88     523.4486  13.5198   0.0145    11.36    0.541  -2.29   3      113.1     4482.742     87.52251
        97    253.3530    906.2271     52613.71     558.8141  13.1973   0.0115    11.46    0.486  -3.41   3      145.2     5436.561     90.67667
        98    642.3491    912.0816     12079.65     605.0942  14.7949   0.0544    12.82    0.436   6.73   3      31.09     978.2861     77.89259
        99    642.7552    906.4014     11031.67     541.6385  14.8934   0.0533    11.44    0.556   5.26   3      32.33     1208.713     79.37575
       100    379.9572    899.9733     21517.55     881.8527  14.1680   0.0445    17.79    0.102 -43.64   0      41.42      577.746      77.5481
       101     99.4515    894.7612     68875.81     720.3229  12.9048   0.0114    12.22    0.405  -6.73   3      151.1     5790.917      91.3849
       102     99.8706    888.7972     88023.67     720.7887  12.6385   0.0089    11.78    0.398  -6.63   3      189.5     6991.865      94.1539
       103     31.2906    891.8114     162440.8     782.3029  11.9733   0.0052    11.47    0.571  18.80  19      284.9     11809.34     104.8354
       104     31.7694    885.8830     147878.9     618.7772  12.0752   0.0045    11.31    0.421  -4.60   3      327.4     14455.96     110.5694
       105    501.8577    895.9938     18753.08     681.1409  14.3173   0.0394    11.73    0.511  -1.72   3      40.86     1444.129     79.84603
       106    502.3329    890.1329     22676.32     735.1437  14.1111   0.0352    12.02    0.498  -4.50   3      48.75     1638.789     79.99757
       107    896.2766    893.9645     13333.39     634.0748  14.6876   0.0516    13.08    0.442  -0.72   3      32.32     901.1284      78.0797
       108    896.2701    888.3482     8250.417     451.3904  15.2088   0.0594    12.32    0.544  -1.26   3      27.65     1014.286     78.20324
       109    119.5682    893.4089      29211.8     516.8146  13.8361   0.0192    11.72    0.531  -2.39   3      86.08     3238.761     84.98975
       110    120.0261    887.4893     38925.51     560.4316  13.5244   0.0156    11.19    0.497  -1.82   3      105.1     3726.262     85.53558
       111    834.3159    890.2826     33886.47     1008.875  13.6749   0.0323    15.96    0.194  -8.95   0      54.69     879.0319     77.80917
       112    734.9920    882.5293     35539.26     1110.424  13.6232   0.0339    20.22    0.348 -19.71   0      47.09     530.9985      76.9948
       113    776.9467    881.9771     8679.087     554.5848  15.1538   0.0694     9.13    0.585  -0.92   0      25.35     689.3276     77.66786
       114    581.4129    881.6157      5499.43     492.6095  15.6492   0.0973     9.21    0.643   3.47   0      19.31     589.8279     77.16826
       115    265.6605    881.1360     7742.238     556.3705  15.2778   0.0780     8.43    0.625 -19.49   0      22.35     624.8557     77.27135
       116    422.1492    878.4623     21270.29     573.1918  14.1806   0.0293    12.55    0.516   3.31   3      58.45     2049.331     81.35325
       117    423.2085    872.5811     22935.39     494.1293  14.0987   0.0234    11.52    0.528   2.19   3      67.77     2424.356     82.39428
       118    511.5822    875.1715     65535.04     568.3009  12.9588   0.0094    11.96    0.516  -0.90   3      169.4     6599.639     93.54641
       119    511.8981    869.1297     123040.2      913.814  12.2749   0.0081    11.13    0.325 -26.40   3      224.3     8191.788     96.34241
       120    840.0048    869.8422     8754.843     558.9437  15.1444   0.0693    10.79    0.563  -1.98   3      22.85      732.449     78.00017
       121    840.2586    863.9534     12767.08     628.1436  14.7348   0.0534    12.75    0.527   1.88   3      30.91      918.506     78.13027
       122    118.7428    867.3662     11079.81      579.625  14.8887   0.0568    11.85    0.509  -6.75   3      30.96     1113.897     78.69659
       123    118.9469    861.3965     15498.11     649.2372  14.5243   0.0455    11.99    0.464  -4.57   3      38.49     1266.376     79.33846
       124    349.4626    861.9971     14506.88     692.0192  14.5961   0.0518    11.57    0.506   2.22   2      32.51     1018.979     78.62658
       125    755.7457    863.0077     15475.77      711.787  14.5259   0.0499    10.79    0.536  14.55   2       28.4     632.4655     77.50129
       126    756.0327    856.4637      11610.5      610.864  14.8379   0.0571    10.93    0.420   2.96   2      27.08     761.3781     77.67186
       127    459.5229    865.5889     3872.102     372.9767  16.0301   0.1046     5.68    0.734  -0.60   0       17.9     524.3188     76.97508
       128    710.6818    861.3219     28278.71     520.2781  13.8714   0.0200    11.42    0.543  -3.58   3      81.42     2914.232     83.15708
       129    710.6874    855.5427     81457.93     1300.951  12.7227   0.0173    27.84    0.464  58.93   2      110.1     3565.177     85.10648
       130    599.4064    861.5769     17205.73     687.6688  14.4108   0.0434    10.77    0.533   1.16   3      31.53     840.5375     78.10908
       131    599.9613    856.0315     17679.32     771.4881  14.3813   0.0474    12.85    0.483  -8.54   3      35.46     875.1989     78.20987
       132    580.4985    860.8892     7353.749     492.6498  15.3337   0.0728    10.02    0.669   1.41   3      22.71     780.5486     77.10542
       133    580.2674    854.9925     12899.84     667.8556  14.7235   0.0562    13.91    0.414 -10.58   2      32.38     999.0994     78.36436
       134   1003.5815    839.9747      39612.2     1029.851  13.5054   0.0282    21.75    0.235  62.45  19      70.48     998.5162     78.77161
       135   1009.4427    856.6262     27815.81     584.0914  13.8893   0.0228    11.32    0.543   2.33  19      76.62     2783.009     83.76215
       136   1009.9154    851.0103     38438.54     651.0792  13.5381   0.0184    11.33    0.521  -2.90  19      91.44     3456.957     85.19496
       137    307.5063    855.8362     11156.55     462.5038  14.8812   0.0450    13.27    0.499  -2.36   3      35.01     996.4569     77.53229
       138    308.6608    850.2138     15028.02     606.2006  14.5577   0.0438    12.44    0.532  -2.99   3      39.65     1371.831       79.438
       139    973.0642    853.0956     23584.95     865.8452  14.0684   0.0399    12.88    0.464 -22.39   0      35.27     730.0071     77.16476
       140    840.6595    849.5356     12148.37     641.2104  14.7887   0.0573    10.00    0.350   2.73   3      38.28      1088.99     78.62463
       141    199.5364    851.0332     11290.51     686.8814  14.8682   0.0661    12.49    0.634 -87.08   2      30.87     820.1375     77.84361
       142    194.7835    851.5141     9502.614     610.0792  15.0554   0.0697    12.44    0.701 -81.63   2      30.52     824.7601     77.65049
       143    343.4825    847.6632     8833.383      577.354  15.1347   0.0710     9.89    0.603  10.97   0      24.69     585.9346     76.73925
       144    515.9051    848.3663     12822.97     642.7005  14.7300   0.0544    10.91    0.575 -13.25   3      27.35      968.471     77.45021
       145    514.8641    842.4090     11844.44     709.4953  14.8162   0.0651    13.20    0.503  -7.99   2      35.07     872.7057     77.99693
       146    427.2709    846.9517     17769.63      770.994  14.3758   0.0471    11.27    0.652   0.54   2      28.72     695.2302     77.47807
       147    428.0082    841.1101        10665      609.195  14.9301   0.0620    11.12    0.468   6.00   3      27.62     878.3636     78.01342
       148    837.7870    855.0027     17553.63     740.0989  14.3891   0.0458    12.68    0.624   8.47   3      34.17     802.2082     77.79124
       149    933.3561    842.3252     16458.06     498.4462  14.4591   0.0329    12.63    0.599  -8.70   3      49.48     1961.249      81.1068
       150    932.7331    836.7156     23489.24     577.5583  14.0728   0.0267    12.38    0.433  -8.03   3      64.92     2187.964     81.34561
       151    103.2755    840.6929     21621.79     623.0146  14.1628   0.0313    11.71    0.537  -2.84   3      52.38     1617.431     79.73566
       152    103.6248    834.8651     22041.08     568.5742  14.1419   0.0280    11.58    0.478  -4.30   3       60.8     2099.278     81.68955
       153    396.1150    835.8926     54678.36      496.532  13.1555   0.0099    11.66    0.539  -1.36   3      151.5     5922.147     91.35969
       154    396.6744    829.9045     77264.27     601.6917  12.7801   0.0085    11.36    0.460  -0.82   3      188.7     7040.071     93.75757
       155    872.1120    830.7714     68903.03     806.1037  12.9044   0.0127    15.69    0.174  36.11   0      123.7     3413.501     84.70048
       156    850.0535    832.6807     12020.61     700.4371  14.8002   0.0633    11.62    0.436  -7.71   3      28.41     674.3666     77.00071
       157    665.0826    836.5549     10584.56     640.6559  14.9383   0.0657    11.36    0.433  -4.80   2      25.95     643.8059     76.91045
       158    666.6065    830.5676     7241.654     516.4781  15.3504   0.0775    11.27    0.564  -3.68   2      22.79     756.2935     78.06961
       159    270.6759    826.7783     7806.243     515.1697  15.2689   0.0717    11.96    0.606   2.66   2         23     625.8927     77.48202
       160    271.8110    820.8998      7548.63     445.6624  15.3053   0.0641    11.74    0.452   2.40   3      25.61     805.4575     77.80074
       161    175.9949    819.4736     43705.66     503.5919  13.3987   0.0125    11.51    0.546   3.77   3      116.7     4502.446      87.7569
       162    176.6268    813.5016     50535.97     542.6427  13.2410   0.0117    11.67    0.540   4.05   3      132.2     5006.407     88.50966
       163    330.7173    820.7201     9583.854     509.6881  15.0461   0.0578    11.76    0.527  -2.77   3      30.35     988.4496      77.7158
       164    331.9809    814.6981     14111.61     648.7516  14.6261   0.0499    13.98    0.380  -7.99   3      37.33     1244.346     78.46057
       165    541.3228    814.9745     47981.01     729.2858  13.2973   0.0165    21.25    0.137 -19.69   3      104.1     1560.932     79.97719
       166    529.3824    813.6763     28029.32     456.8672  13.8810   0.0177    13.50    0.545  -3.95   3      83.34     3055.031     84.11591
       167    529.1707    807.6631     33515.64     472.5143  13.6869   0.0153    11.66    0.504  -2.63   3      100.1     3556.877      85.4611
       168    471.5917    819.9724     6285.478     452.1799  15.5042   0.0781     6.68    0.503   3.48   0      21.07     703.7238     77.70998
       169    596.1208    817.6490     12835.22     648.3043  14.7290   0.0549    11.18    0.575  -4.87   3      27.02     835.3809     77.68157
       170    596.8809    811.6910      11180.2     653.2804  14.8789   0.0635    13.83    0.471  -4.50   2      30.65      952.455     78.02334
       171     25.2218    812.0107     22982.69     912.6607  14.0965   0.0431    17.57    0.206 -72.77   0      38.39     640.1954     77.52396
       172    802.4826    810.9971     88291.87     490.8554  12.6352   0.0060    11.70    0.544   1.36   3      231.3     10274.84     101.9281
       173    802.9208    804.9080     121613.6     567.4062  12.2875   0.0051    11.49    0.471  -0.24   3      284.4     12036.52     105.4792
       174    736.6014    809.6331     11216.28      675.656  14.8754   0.0654    12.86    0.276  51.31   0      25.35     620.3944     77.67298
       175    206.9863    811.6925     11242.19     367.7399  14.8729   0.0355    12.26    0.515  -7.29   3       40.1     1618.667     79.73918
       176    206.3573    805.5118     19118.38     503.6605  14.2964   0.0286    12.77    0.425  -7.49   3      53.47     1638.039     79.79437
       177    393.2462    787.5040     138932.4     972.1588  12.1430   0.0076    28.36    0.248  76.65   3        239      3391.29     84.45084
       178    398.0642    806.6525       226633     585.8152  11.6117   0.0028    11.77    0.508  -4.32   3      464.2      24294.7      129.344
       179    398.3811    800.5856     255702.1     576.4511  11.4807   0.0024    11.69    0.563  -6.59   3      517.3     28751.09     136.9508
       180    572.9050    798.7248     13893.95     585.5484  14.6429   0.0458    13.50    0.359  20.93   3      36.66     1085.379     77.99874
       181    558.7481    793.6499      39752.3     932.8941  13.5016   0.0255    31.55    0.448  29.97   2      71.75     1643.559     80.61121
       182    691.5827    797.3367     13920.37      687.751  14.6409   0.0537    11.21    0.520  -3.31   3      30.75     777.0676     77.71775
       183    960.0103    801.2217      7741.84     148.3011  15.2779   0.0208     0.77    0.134 -88.92   0      95.31     7257.025     94.96112
       184    665.8831    798.3478     12017.91     589.6073  14.8004   0.0533     9.24    0.562   3.78   0      27.56      737.566     77.18702
       185    240.3298    793.9353     19065.91     692.3557  14.2994   0.0394    11.58    0.405  -3.75   3      43.79     1243.787     78.86739
       186    241.0788    787.3083     27822.59     808.9647  13.8890   0.0316    11.84    0.413  -0.00   3       51.2     1573.718     79.81249
       187     35.9871    795.4565     10090.54     512.2714  14.9902   0.0551    12.17    0.542   6.72   3      30.68     1129.427     78.94518
       188     36.8376    789.6279     13611.11     560.9149  14.6653   0.0448    12.10    0.451   3.40   3      39.94     1352.356     79.78598
       189    691.9882    803.1586     20751.94     824.6975  14.2074   0.0432    13.58    0.454  -4.91   2      38.13     1004.943     78.99377
       190    752.2873    791.0077        10569     546.6119  14.9399   0.0562     8.08    0.737   3.87   0       24.3     582.9173      77.1479
       191    976.3261    779.6609     6822.321     455.9864  15.4152   0.0726     9.74    0.591   3.34   3      23.86     904.4953     78.08951
       192     98.4256    780.7693     26266.27     504.4931  13.9515   0.0209    11.64    0.515  -2.88   3      78.37     2871.351     84.00152
       193     98.8027    774.9254     33730.86     514.9129  13.6799   0.0166    11.29    0.489  -2.26   3      96.17     3615.273     85.61626
       194    926.4915    782.0861     13584.81     651.0393  14.6674   0.0520    10.86    0.534   3.97   0      29.95     937.3924     77.97945
       195    280.1646    782.0187     13349.52     553.6012  14.6863   0.0450     7.51    0.510  -0.51   2      26.41     803.8441     78.41306
       196    976.9595    785.5726      8402.29     512.3064  15.1890   0.0662    14.26    0.331   3.35   2      30.65     778.3248     78.13373
       197    153.1020    775.0667     192668.7     583.6032  11.7880   0.0033    12.32    0.493  -4.94   3      414.4     21287.07     123.6872
       198    153.1317    768.9837     250730.3     633.0244  11.5020   0.0027    11.49    0.454  -1.79   3      486.3     25108.72     130.8893
       199    284.5960    775.7656      7987.85     506.6033  15.2439   0.0689     7.36    0.454  -0.49   0       25.9     719.6321     77.96281
       200    959.1749    773.2388     7471.336     497.5707  15.3165   0.0723     7.61    0.498   5.86   0      21.82     643.5752     77.74078
       201    421.0537    773.4614     6722.184     483.3024  15.4312   0.0781     9.67    0.585  -5.92   2      21.54     715.5598     77.53767
       202    421.3450    767.3610     9073.924     507.8816  15.1055   0.0608    10.97    0.544   6.61   2      26.34     896.0564     78.27045
       203     32.7760    764.4999     11941.68     644.2616  14.8073   0.0586    11.93    0.555  -2.46   3      28.53     1020.885     77.39658
       204     33.0268    758.4238     19126.54     753.4844  14.2959   0.0428    14.19    0.509  -8.70   3      39.81      1156.36     79.22571
       205    218.3009    751.5916     7909.893     540.3271  15.2546   0.0742     9.44    0.635  14.74   2      25.14        758.8     77.66431
       206    400.5823    753.7778     17235.65     462.8859  14.4089   0.0292    13.00    0.556  -1.46   3      53.95     1922.837     81.39479
       207    400.7244    747.8828     24435.22     548.6996  14.0300   0.0244    12.59    0.499  -1.17   3      68.51     2241.212     81.29688
       208    712.1198    753.1281     6513.538     467.1457  15.4655   0.0779     7.93    0.394 -25.07   3      24.99     616.7332     76.83041
       209    711.0797    748.1569     6156.147     447.6513  15.5267   0.0790     8.85    0.743 -18.71   2      23.24     640.8919     77.11046
       210     24.3965    750.5197     28674.08     525.8247  13.8563   0.0199    12.33    0.519  -1.20   3      82.69     3111.941     84.45996
       211     25.1275    744.3230     33406.39     502.9309  13.6904   0.0163    12.01    0.518  -3.77   3      95.18     3484.184     84.88992
       212     90.8557    749.6331     27220.52     569.2314  13.9128   0.0227    11.89    0.521   0.16   3       70.4     2174.483     81.50527
       213     91.6817    743.8777     32321.28      627.546  13.7263   0.0211    11.53    0.538   2.43   3      80.64     2767.795      82.7559
       214    241.2591    749.8180     6789.791     396.6176  15.4204   0.0634    10.33    0.478  -5.71   3      23.52      910.716     78.10761
       215    241.8192    743.9114     13915.94     660.9495  14.6412   0.0516    11.53    0.449  -1.69   3      33.24     979.5111     77.89616
       216    273.5122    742.1703     70350.71      953.046  12.8818   0.0147    17.99    0.332  -1.37   0      127.5     2061.061     80.99027
       217    131.5601    743.0510     10005.53     665.6644  14.9994   0.0723    13.00    0.396  65.01   0      24.66     541.5177     77.23412
       218    796.9465    745.5001      8804.19     572.4524  15.1383   0.0706     9.92    0.585   8.29   2      22.19     707.5311     76.88988
       219    798.0147    739.5817     6335.706     482.2887  15.4955   0.0827     9.88    0.483  -0.98   2      21.27     634.0313     77.29834
       220    944.9092    737.7924     29154.09     733.8674  13.8383   0.0273    14.35    0.237 -80.57   2      59.85     1815.734     80.69802
       221    426.1357    743.6974     13334.07     689.3073  14.6876   0.0561    11.98    0.522  -0.90   3      37.03     782.6807     77.31974
       222    427.2087    738.0580     11152.18     621.7727  14.8816   0.0605     9.03    0.473  -2.94   3      29.72     1103.661     78.87097
       223    890.4059    731.6996       373631     812.2806  11.0689   0.0024    12.86    0.016  14.47   0      596.9     11819.61     105.1636
       224    235.9430    736.9697     10045.15     502.7551  14.9951   0.0544    11.82    0.547   2.09   3      29.78     1070.991     78.57259
       225    235.9671    730.8280      11852.4     534.5214  14.8155   0.0490    13.38    0.490  -7.78   3      34.41     1189.985     79.32211
       226    668.4041    735.9118     6863.114     485.0276  15.4087   0.0767     7.61    0.572  10.16   0      23.35     719.2559     77.54851
       227    577.2161    713.9948     27491.38     1024.432  13.9020   0.0405    19.89    0.265 -67.67   3      40.17     1038.139      78.4775
       228    586.4765    732.6062     28450.59     605.9327  13.8648   0.0231    12.06    0.556   0.06   3      75.35     2595.456     82.86488
       229    586.7060    726.8782     44589.73     739.7188  13.3769   0.0180    13.48    0.493  10.23   3      96.36     3204.794     84.32931
       230    720.6003    727.1648     27680.66     923.8827  13.8946   0.0362    18.53    0.311 -34.56   0      50.27     1093.181     79.04426
       231    366.6242    732.0080     10592.83     677.2277  14.9375   0.0694    12.18    0.542  -1.01   2      23.53      595.851     77.39384
       232    367.5552    725.9506     7749.729     455.5676  15.2768   0.0638    10.31    0.556  16.71   2      24.49     886.3638     78.24231
       233    696.9048    731.3845      7852.31     495.3182  15.2625   0.0685    10.65    0.491   5.63   3      24.45     854.2516     77.52983
       234    697.7876    725.4279     7343.963     481.9309  15.3352   0.0713    10.64    0.450  -2.78   3      25.19     967.5308     78.47772
       235    646.6830    726.2983     5955.027     401.1761  15.5628   0.0732     5.56    0.316 -28.57   0      18.81     670.0032     76.77888
       236    899.4009    712.3499     17650.51     520.2669  14.3831   0.0320    13.09    0.610  -4.17   3      50.89     1693.051     80.35176
       237    899.4771    706.5328      28143.6     667.6309  13.8766   0.0258    11.73    0.414  -7.48   3      66.14     2064.468     80.99983
       238    271.1727    708.7632     7144.251     434.5026  15.3651   0.0660     6.16    0.551  15.27   0      21.27     614.9126     77.65694
       239    976.9719    706.4316     9677.841     510.5173  15.0356   0.0573     7.60    0.488  -8.66   0      24.46     736.7858      78.0128
       240    720.5430    703.9999     22943.42     426.0468  14.0984   0.0202    13.78    0.584  -1.78   3      70.99      2684.54     83.10886
       241    721.0719    697.8961     31812.26     558.2594  13.7435   0.0191    12.28    0.492  -3.46   3      87.69      3001.27     83.39462
       242    940.9777    704.1537     6625.285     449.6792  15.4470   0.0737    11.44    0.436  12.98   3      22.15     685.4736     77.86317
       243    941.5397    698.2844     6410.645     417.1342  15.4827   0.0707    10.32    0.554  -3.81   2      22.98     878.6025     77.60118
       244    148.5607    702.9567     11773.37     491.4263  14.8227   0.0453    11.60    0.577  -4.33   3       33.8     1303.834     79.24323
       245    148.5471    697.1404     24030.65     830.4508  14.0481   0.0375    18.97    0.664   1.42   3      50.77     1572.382     80.21025
       246    230.4960    700.5293     6559.861     427.6731  15.4578   0.0708     9.51    0.596   6.94   0      22.68     707.5792     76.68082
       247    570.8551    697.1867      11823.2     680.5973  14.8182   0.0625    10.84    0.493 -11.49   0      29.06      691.877     77.67532
       248    232.8020    694.9178     5334.758     420.3865  15.6822   0.0856     8.64    0.604  13.47   0      19.25     694.9599     77.68434
       249    430.2125    691.9362     10627.43     598.5398  14.9339   0.0612     9.31    0.586   6.59   0      24.32     644.3233     77.32859
       250    137.0673    690.2432      8777.65     480.9393  15.1416   0.0595    10.64    0.487  -0.84   1      25.74       883.83     78.02934
       251    692.6747    684.3936     38645.79     592.3722  13.5322   0.0166    11.92    0.525  -2.43   3      102.4     3544.296     85.23938
       252    692.9782    678.4408     47309.09     680.0551  13.3126   0.0156    12.06    0.525  -2.99   3      115.2     4281.167       87.733
       253    449.8591    685.4827     11201.48     606.0909  14.8768   0.0588     8.98    0.582   1.28   0      26.92     747.0122     77.21483
       254    662.6044    683.4346        17658     607.8469  14.3826   0.0374    12.15    0.535   1.61   3      44.61     1517.034     80.25369
       255    662.9730    677.5282     27234.19     743.0657  13.9122   0.0296    12.02    0.509  -6.51   3      56.46     1728.934     80.45319
       256    296.7690    681.9977      17256.1     663.3091  14.4076   0.0417     9.75    0.280  -7.49   0      32.46     2094.641      81.8731
       257    489.2366    679.5975     33577.55     823.8488  13.6849   0.0266    12.56    0.498   2.36   3      54.83     1631.718     80.57782
       258    490.3068    673.4965     25324.02     715.4861  13.9912   0.0307    12.22    0.515   1.67   3      56.59      1870.84     80.45471
       259    465.0800    678.2037     31865.91     533.2619  13.7417   0.0182    11.59    0.519   0.54   3      92.36     3371.754     85.15622
       260    465.5869    672.2780     39367.37     554.8501  13.5122   0.0153    11.28    0.507   0.67   3      107.9     3856.528      86.2543
       261     12.0906    680.5483      7539.54     504.0173  15.3066   0.0726     9.87    0.506 -14.70  19      22.64     740.4296     77.19545
       262     12.0864    674.5681     11038.69     571.2336  14.8927   0.0562    11.12    0.490   2.35  18      29.06     887.9271     77.83515
       263    515.1628    675.9433     38736.84      830.123  13.5297   0.0233    13.41    0.593   4.29   3      65.13     2248.512      81.9078
       264    515.6299    670.0836     32792.24      703.158  13.7106   0.0233    11.39    0.494   0.34   3      77.49     2749.249     83.09251
       265    178.9136    651.7332     66653.18     1066.368  12.9404   0.0174    24.10    0.343 -53.40   3      118.8     1603.441     79.69577
       266    174.1644    671.6271      71780.3     574.3003  12.8600   0.0087    11.87    0.528  -1.35   3      182.9     7135.374     94.83906
       267    174.7538    665.8390     77093.18     531.4469  12.7825   0.0075    11.34    0.558  -1.04   3      201.6     8307.708     97.11302
       268    947.4260    671.9707     37728.52      458.174  13.5583   0.0132    10.86    0.535   0.74   3      112.7     4576.895     88.49577
       269    947.7401    666.1939     47171.32     489.8151  13.3158   0.0113    11.43    0.486  -0.66   3      130.2      4722.55      88.6881
       270    710.8296    670.6727     29528.63      514.618  13.8244   0.0189    13.70    0.568  -0.17   3      86.75     3111.767     84.26907
       271    711.3964    664.9559     39208.23     556.2308  13.5166   0.0154    11.90    0.483  -2.13   3      105.2     3639.659     86.05513
       272   1018.8900    671.0908     9878.153     483.9551  15.0133   0.0532     7.26    0.513 -48.41  16      23.35     568.3449     76.89634
       273    581.0125    668.8895     8404.333     507.5819  15.1887   0.0656    11.96    0.537 -10.94   3      26.88     771.1132     77.28574
       274    579.6747    663.8647     10119.27     596.3298  14.9871   0.0640    12.57    0.458 -15.65   3      31.55     878.0595     77.80634
       275    138.9034    667.5112      10072.4     516.1685  14.9922   0.0557    12.78    0.514   4.33   3      28.57      876.826     77.59598
       276    140.0363    661.7466     13508.68     638.5554  14.6735   0.0513    12.58    0.487   3.10   3      35.66     1306.764     79.25163
       277    827.1651    665.9995     9498.126     581.0817  15.0559   0.0664     8.63    0.501  -8.33   0       23.2     666.5744     77.80799
       278     76.2530    664.1884     7095.126     463.1127  15.3726   0.0709     7.19    0.628  17.64   0      22.21     707.1769     77.72008
       279    434.3997    662.8207     10122.54     635.4559  14.9868   0.0682    10.38    0.549  -7.03   0      27.61     618.4205     77.25243
       280    218.2975    656.1354     26293.91     497.2895  13.9504   0.0205    12.38    0.568  -2.81   3      75.82     2626.003     82.56038
       281    219.1431    650.3900     50102.98     901.3017  13.2503   0.0195    18.75    0.649   7.06   2      91.59     3102.486     84.43451
       282    936.4050    650.9219     35582.31     462.3497  13.6219   0.0141    11.61    0.555   1.99   3      103.3     3955.847     86.70109
       283    937.1420    645.2370     47347.64      560.264  13.3118   0.0129    11.31    0.500   0.93   3      125.1     4474.206     87.86676
       284    688.6667    651.6936     6811.379     476.6508  15.4169   0.0760     7.78    0.340  66.33   3      24.16     852.8585     77.73269
       285    692.8255    646.6654     12633.67      609.929  14.7462   0.0524    10.89    0.416  11.60   2      33.66     1097.612     78.64955
       286    460.4637    648.8326     22551.26     666.9299  14.1171   0.0321    13.14    0.545   4.60   3      53.76     1690.463     80.34444
       287    460.9955    642.8887     27332.27     667.9562  13.9083   0.0265    11.88    0.473   1.31   3      63.93     2141.846      81.6113
       288    620.1624    646.1755     14269.24     530.2727  14.6140   0.0404    17.96    0.256 -23.25   0       32.3     547.6535     77.66696
       289    794.1719    644.1592     21451.65     851.2469  14.1713   0.0431    21.05    0.554 -22.63   2      38.87      401.134     77.02876
       290     26.6317    634.6466     77169.41     568.7134  12.7814   0.0080    11.51    0.475  -3.87   3      195.4     7984.741      96.8531
       291     26.1172    640.6898     67314.96     521.8894  12.9297   0.0084    11.25    0.469  -6.64   3      177.8     6833.641     93.59972
       292    388.5642    639.6216     62848.34     531.4007  13.0043   0.0092    11.74    0.477  -0.30   3      164.4     6246.167     92.85683
       293    389.0163    633.7938     75834.88     568.1799  12.8003   0.0081    11.57    0.474   1.28   3      187.6     6992.459     94.15533
       294    345.6618    638.5686     8869.165     537.7513  15.1303   0.0658     8.17    0.555   1.82   0      25.02     636.7405      77.3063
       295    166.5627    636.7957     22443.49      441.524  14.1223   0.0214    12.30    0.573  -2.56   3      69.18      2673.62     83.46482
       296    166.9171    630.8827     28727.92     462.4549  13.8542   0.0175    11.61    0.470  -1.59   3      85.46     3049.626     83.91008
       297    266.2056    635.1352     25107.23     525.8106  14.0005   0.0227    12.33    0.508  -5.27   3       74.3     2778.535     83.55798
       298    266.4319    629.1987     31922.33     627.4014  13.7398   0.0213    11.20    0.528  -2.58   3      84.61     3219.619     84.93855
       299    223.6281    624.1871     7240.236     519.5786  15.3506   0.0779    10.40    0.552  -4.74   2      23.46     746.2451     77.83424
       300    223.4814    618.3215     7055.529     429.8093  15.3787   0.0662    11.56    0.491   6.66   2      23.27     689.9671     76.83795
       301   1023.2778    620.7524     4198.397     279.6691  15.9423   0.0723     7.58    0.691  89.18  24      19.03     858.8512     76.29018
       302    734.3308    621.6650      21244.1     477.6335  14.1819   0.0244    11.85    0.533   5.07   3       62.5     2055.228     81.17205
       303    734.8613    615.8477     25395.47     520.5624  13.9881   0.0223    11.03    0.494   1.29   3      70.58     2458.275     82.48779
       304    703.9240    620.5938     7441.942      537.895  15.3208   0.0785    10.41    0.593  -2.93   2      22.07     693.4792      77.2653
       305    704.1336    614.7609     11793.82     645.4551  14.8209   0.0594    11.15    0.590 -11.69   2      25.16     699.4017      77.4903
       306    343.2390    617.6670     18223.62     837.5363  14.3484   0.0499    14.02    0.392 -73.33   2      29.11     460.1964     76.78552
       307    899.7958    610.8671     9206.152     560.5619  15.0898   0.0661    10.43    0.564  -2.84   2      24.85      751.509     77.64297
       308    652.5953    610.2770     12937.64     519.7518  14.7204   0.0436    12.06    0.613   7.06   3      41.67     921.7469      78.1397
       309    656.5173    604.8148     14226.73     685.5128  14.6172   0.0523    13.15    0.454   3.61   3      30.67      1001.36     78.37092
       310    543.5063    605.9731     30799.62     520.6073  13.7786   0.0184    11.42    0.551   0.66   3      91.53     3385.175     84.24391
       311    544.0524    600.0447     41719.72     676.9991  13.4491   0.0176    11.90    0.487  -1.05   3      108.8     3892.962     86.53609
       312    976.5981    601.1896     14160.38     573.1753  14.6223   0.0440    12.37    0.491  -0.60   3      40.83     1196.027     78.93343
       313    900.6772    616.4279      6526.03     484.8696  15.4634   0.0807    11.03    0.507  -1.45   3      21.58     616.4505     77.24663
       314    961.5251    631.9900     5422.361     415.6302  15.6645   0.0832     6.87    0.524   1.01   0      21.13     711.2703     77.73204
       315    727.1083    604.7211     5421.701     152.8014  15.6647   0.0306     1.17    0.127  78.58   0      72.45     5508.997     90.32606
       316    976.2247    606.7292     10338.72     511.5971  14.9638   0.0537    11.70    0.584  -1.74   3      33.16     1193.781     78.92696
       317    403.1837    599.1001     8497.292     681.2567  15.1768   0.0871    11.66    0.522 -17.04   2      25.52      693.657     77.05762
       318    402.0101    593.7733     7856.342     525.9921  15.2619   0.0727     9.29    0.585   2.92   2      24.82     686.9836       77.661
       319    715.4347    595.5262     21028.73     735.7267  14.1930   0.0380    14.74    0.525 -13.36   3      45.18     1213.542     78.98384
       320    715.7153    589.5212     15630.96     594.3864  14.5150   0.0413    12.18    0.514  -1.76   3      44.43     1454.051     79.06568
       321    181.2957    595.8489     49360.38     509.3015  13.2666   0.0112    12.24    0.563  -2.13   3      137.7     5311.834     89.47021
       322    181.8866    589.9539     64159.21     578.2637  12.9819   0.0098    11.75    0.486  -1.96   3      168.1     6412.032     92.39664
       323    121.0971    595.7240     7597.549     475.3387  15.2983   0.0679     6.62    0.404 -22.41   2      23.51     645.3669     76.91507
       324    516.6687    586.8098     8527.589      530.841  15.1729   0.0676    10.27    0.672   0.73   3      24.99     813.9194     77.82545
       325    518.4388    580.8878     18435.59     767.5362  14.3359   0.0452    13.76    0.522  -4.49   2       37.5     951.9498      77.8157
       326    161.2525    578.2153     13173.92     591.4124  14.7007   0.0488    12.77    0.442  -9.11   3      39.68     1321.269     79.49555
       327    876.7245    575.1408     9391.084     498.4468  15.0682   0.0576     7.04    0.601 -25.21   2      25.07     679.7716     77.22496
       328    161.0030    584.0204        12835      613.287  14.7290   0.0519    12.60    0.564  -2.87   3      33.17     1171.526     78.86285
       329    904.6496    569.3115     8495.476      434.285  15.1770   0.0555    11.48    0.538   6.78   3       26.9      1054.05     78.11333
       330    904.9471    563.6217     11438.15     558.5976  14.8541   0.0530    13.08    0.490  -2.20   3      33.92     1090.924     78.83426
       331    817.4127    569.0229     14466.14     666.5834  14.5991   0.0500    13.62    0.470  15.34   3      33.15     820.0725     78.04951
       332    818.9278    563.8193      10054.7     523.8837  14.9941   0.0566    12.21    0.512   9.63   3       30.7     972.6315     78.49249
       333    136.8272    569.4350     21338.11     795.1094  14.1771   0.0405    11.57    0.538   0.53   0      40.68      1257.89     79.51643
       334    659.8840    557.6565     178031.8     773.9535  11.8738   0.0047    13.87    0.264   8.98   3      335.9     12788.29     106.9366
       335    307.5896    567.7857     7534.218     548.2865  15.3074   0.0790    10.63    0.544   2.81   3      22.29      789.608     77.75442
       336    309.0293    561.6178      11000.4     685.6149  14.8965   0.0677    13.22    0.415  -9.31   2       27.9     886.0163     78.44635
       337    866.0664    562.3327      11793.2     558.7421  14.8209   0.0515    12.25    0.567   0.10   3      32.91     1124.175     78.52195
       338    865.1259    556.8359     23349.74     784.5013  14.0793   0.0365    14.53    0.460   7.94   2      46.37     1343.675     79.35741
       339    659.5814    563.4374     105871.3     545.8264  12.4381   0.0056    11.43    0.504   0.62   3      260.2     10851.12     103.5159
       340    978.5822    555.5660     45913.71     609.1602  13.3451   0.0144    11.20    0.463   1.45   3        119     4501.881     88.48465
       341    978.7048    550.0455     49652.71     569.0158  13.2601   0.0124    11.68    0.484   0.18   3      131.7     4567.415     87.55882
       342    494.9348    559.2182     11699.58     507.4749  14.8296   0.0471    12.05    0.539  -4.51   3       36.1     1362.025     79.40994
       343    495.4113    553.3300     17529.71     574.5098  14.3906   0.0356    12.08    0.472  -5.18   3      48.93      1638.53      80.1974
       344    251.7482    558.5654     16536.74     628.8677  14.4539   0.0413    12.66    0.504   3.26   3         43     1459.391     79.68812
       345    252.4943    552.5616     15640.44     554.5409  14.5144   0.0385    11.80    0.492  -1.53   3      45.76     1631.266     79.37131
       346    443.5407    552.6872     20127.66     851.3653  14.2405   0.0459    16.98    0.141 -75.84   0      37.81     714.6722     77.11958
       347    350.0616    555.8292      16307.3      529.631  14.4690   0.0353    12.06    0.564  -7.24   3      46.29     1849.229     80.59322
       348    349.9384    549.8911     31971.13     764.7368  13.7381   0.0260    12.78    0.398  -6.23   3      68.17     2064.885     81.00101
       349    572.7176    548.3762     4948.136     422.0847  15.7639   0.0926     7.58    0.636  17.76   0      18.81     688.2401     77.45756
       350    514.7881    556.7932     10291.09     672.9618  14.9688   0.0710    10.40    0.539  -3.72   2      28.66     512.8097     76.94109
       351    101.9885    537.1752     651081.9     760.7113  10.4659   0.0013    12.46    0.497  -3.53   3      923.1     73714.88     198.0549
       352    102.3214    531.1393     829819.9     847.6802  10.2025   0.0011    11.88    0.443  -0.08   3       1066     79096.58     203.9009
       353    764.4617    545.8222     9330.096     430.0775  15.0753   0.0501    11.69    0.550   4.31   3      32.24     1107.198     78.67725
       354    765.1235    539.7156     15974.36     584.9838  14.4914   0.0398    12.46    0.432   1.75   3      42.33     1275.139     78.54972
       355    641.9105    537.4804     46880.33     519.1396  13.3225   0.0120    11.89    0.552  -1.38   3      131.7     5291.947     89.77827
       356    642.2302    531.7045     75763.38     595.7557  12.8014   0.0085    11.15    0.404  -6.32   3      176.4     6324.229     91.83121
       357    347.5101    538.8506      11136.5     611.3448  14.8831   0.0596     9.19    0.367 -15.18   3      25.11     717.4857     77.12787
       358    347.5635    532.9431     7022.157     498.1723  15.3838   0.0770     8.31    0.591  19.55   2      24.68     683.9403     77.44494
       359    547.8661    536.4223     9010.322     561.1986  15.1131   0.0676    10.78    0.571  -7.93   3      26.26     887.9749     78.24699
       360    548.1187    530.8022     11877.97     663.2828  14.8131   0.0606    13.24    0.471  -8.89   2       30.7     910.7111       78.313
       361    174.3935    533.8895     19503.52     732.5192  14.2747   0.0408    12.25    0.599  -0.51   3      40.65     1101.957      78.6621
       362    174.9263    528.1714     29724.13     866.5287  13.8172   0.0317    13.54    0.532   0.27   3      47.14     1292.105     79.20958
       363     42.8174    525.7893     12369.53     534.7413  14.7691   0.0469    10.87    0.573  -1.39   3      35.23     1392.998     79.49854
       364     43.1804    520.0120     26078.13     788.8632  13.9593   0.0329    11.83    0.474  -3.52   2      46.44     1523.948     79.87203
       365    153.4156    512.9173     10217.43     549.3976  14.9766   0.0584     8.84    0.631  -0.88   2      27.84     704.9601      77.5066
       366    158.7677    524.2444     8070.975     551.4299  15.2327   0.0742    10.93    0.568   8.57   3      25.15     726.0343     77.98148
       367    159.5858    518.2603     13859.59     665.1701  14.6456   0.0521    12.87    0.428  -3.16   3      31.18     948.3181     78.21694
       368    381.7036    523.9832     7226.368     430.8328  15.3527   0.0647     5.80    0.416  -8.18   2      20.73     578.5905     76.50781
       369    809.3261    516.8594     8658.875     440.7951  15.1563   0.0553    11.41    0.562   0.62   3      30.04     1113.068     78.48979
       370    809.5710    511.3145     13237.04     569.9977  14.6955   0.0468    12.91    0.483  -1.14   3      37.48     1168.523      78.6502
       371    607.7204    509.7778     6905.578     480.0539  15.4020   0.0755    10.15    0.466 -32.10   3      21.78     823.7463     77.85414
       372    607.1983    504.1963      9217.17     547.5186  15.0885   0.0645    12.74    0.434 -18.02   2      27.37     789.3904     77.75378
       373    721.5867    495.6251     20041.46     542.4526  14.2452   0.0294    11.15    0.520  -6.53   3      59.33     2222.642     82.03205
       374    721.4258    489.9993     30184.86     692.5252  13.8005   0.0249    13.16    0.499  -5.53   3      73.25      2370.63     82.63567
       375    207.5065    495.0854     26098.27     688.8546  13.9585   0.0287    13.29    0.569   2.00   3       58.4     1616.188     79.93334
       376    208.6590    489.3482     24240.45     654.1348  14.0386   0.0293    11.73    0.495   0.29   3      59.06     1898.062     80.92955
       377      4.0244    495.6035     9906.388     279.9994  15.0102   0.0307     8.59    0.348 -16.69  19      43.42     2006.002     81.42963
       378      4.1440    489.2669     28037.54      469.872  13.8807   0.0182    13.65    0.425  83.52  27       71.9     2508.223     82.43063
       379    125.0159    490.6615     106382.4     520.4316  12.4328   0.0053    11.81    0.525  -4.89   3      265.6      11755.3     105.0245
       380    125.3482    484.8126     137408.6     569.4822  12.1550   0.0045    11.70    0.465  -3.23   3        311     13220.09     108.2963
       381    949.9868    478.0774     262895.6      787.342  11.4505   0.0033    12.41    0.072 -18.36   3      456.7     8690.503     98.16856
       382    944.0007    465.1360       187662     835.0801  11.8166   0.0048    12.45    0.070 -33.47   3      334.1     5994.091     92.06347
       383     84.5956    479.0014     5541.855     477.7294  15.6409   0.0936     8.59    0.444  19.08   0      21.01     644.8906     77.33026
       384    992.9564    477.9881     10625.06     527.1871  14.9342   0.0539    12.70    0.542   6.57   3      31.57     1116.577      79.1115
       385    993.2274    472.5167     10946.44     468.4409  14.9018   0.0465    11.83    0.537   2.99   3      34.81     1298.243     79.02416
       386    524.2523    472.9377     13138.67     670.3376  14.7036   0.0554    11.37    0.515   7.70   2      30.08     709.8412     77.52091
       387    473.2965    471.8692     28536.06     966.5767  13.8615   0.0368    14.26    0.416 -29.98   0       36.4     624.3713     76.64368
       388    284.8802    466.7236     113232.9     555.4293  12.3651   0.0053    11.58    0.464   0.12   3      272.1      10775.3     102.4125
       389    285.4515    461.0746     133733.9      579.909  12.1844   0.0047    11.67    0.462  -0.36   3      304.5     12878.11     107.2772
       390    661.2101    461.8836     8294.117     545.6653  15.2031   0.0714    11.14    0.456   9.10   2      23.81     705.0477     77.50686
       391    662.7827    456.2881     9522.342      544.704  15.0531   0.0621     9.75    0.561   3.76   3      23.89     734.0667     77.38459
       392    248.0153    461.8981     4104.444       136.87  15.9669   0.0362     4.31    0.076 -88.84   0      72.44     4083.051     86.47839
       393    587.3738    457.0735     16842.93     406.3103  14.4340   0.0262    11.41    0.526  -3.97   3      53.31     1949.957     81.07516
       394    588.0504    450.9081     21657.11     488.6342  14.1610   0.0245    14.39    0.355  -8.34   3      65.03     2171.992     81.30097
       395    985.1670    451.9077     55294.52     712.0879  13.1433   0.0140    12.97    0.089  -0.73   0      123.4     1907.713     80.15899
       396    102.5126    453.3797     12163.98     502.1148  14.7873   0.0448    11.79    0.528  -7.06   3      37.65     1390.645      79.0866
       397    103.1384    447.5100        16471     615.2861  14.4582   0.0406    14.46    0.528  -9.88   3      44.91     1518.051     79.45188
       398     42.2109    454.1456     5486.571     428.9789  15.6517   0.0849     6.65    0.493 -18.31   1       19.2     713.5364     77.73867
       399    347.4182    452.7607     13042.28     650.8499  14.7116   0.0542    12.75    0.566  -2.99   3      30.35     927.0366     78.76931
       400    348.3230    447.0777      17266.6     672.9304  14.4070   0.0423    12.49    0.487  -3.46   3      43.58     1230.938     78.42173
       401    310.6871    447.4791     55413.64     598.0998  13.1410   0.0117    11.75    0.545  -4.60   3        140     5343.199     89.72906
       402    311.2101    441.5445     69296.02     670.2055  12.8982   0.0105    12.34    0.499  -4.22   3      162.2     6008.049     91.92332
       403     42.0508    448.7031     7129.465     509.3816  15.3674   0.0776     9.92    0.626  -1.73   0      22.51     747.4393     77.00776
       404    200.8691    445.7102     17653.97     439.0517  14.3829   0.0270    12.50    0.587  -0.54   3      54.95      1926.89     80.61289
       405    201.4120    440.0853     26546.78     628.0143  13.9400   0.0257    12.03    0.434  -1.06   3         66     2123.413     81.36274
       406    745.5956    440.6505     9885.835     503.4813  15.0125   0.0553    11.83    0.544   4.07   3      29.08     933.2369     78.37834
       407    745.7649    434.9845     11296.22     507.2942  14.8677   0.0488    11.05    0.471   5.01   3      34.93     1350.331     79.98132
       408    421.2463    439.7844       6277.3     329.9683  15.5056   0.0571     9.54    0.544  -9.85   3      23.88     1068.268      78.9726
       409    420.0856    433.6530     11334.47     459.1054  14.8640   0.0440    15.47    0.279  -5.80   3      34.56     1072.061     78.16572
       410    490.8648    432.7551     9698.252     590.7555  15.0333   0.0662     5.92    0.262  53.70   0      24.88     744.6238     77.62282
       411    890.6279    428.0850     97097.43      521.777  12.5320   0.0058    11.20    0.528   2.70   3      245.9     10616.95     102.3748
       412    890.9283    422.3510     126868.5     607.7162  12.2416   0.0052    11.70    0.435   1.04   3      288.6     11434.21     104.3274
       413    569.6072    433.5743     6497.281     513.0286  15.4682   0.0858     9.05    0.634   5.06   0      21.16       641.35     77.52734
       414     93.1141    429.2736     21912.02     844.7399  14.1483   0.0419    13.18    0.036 -69.65   0      35.71     730.8731     76.95885
       415     16.0776    425.7169        70341     612.9875  12.8820   0.0095    12.24    0.519   0.99  19      164.7     6424.458     92.25323
       416     16.3751    419.8732     102211.6     932.1817  12.4762   0.0099    12.08    0.425  48.42  19      179.3     6501.471     92.96263
       417    326.0325    423.2876     34080.37     578.9429  13.6687   0.0184    12.04    0.549  -0.23   3      92.17     3480.933     85.07027
       418    326.5167    417.4635        70878     1103.894  12.8737   0.0169    15.11    0.555 -34.81   3      110.1     3977.799     86.20132
       419    514.4352    417.2539     18778.25      666.246  14.3159   0.0385    11.90    0.507   1.29   3      46.16     1582.949     80.03973
       420    351.5344    417.0954     13399.58     666.8222  14.6823   0.0540    12.34    0.498  -3.22   3       32.7     991.6193     77.93147
       421    352.6107    411.6570     13883.03     706.7467  14.6438   0.0553    13.00    0.565  -1.23   3      30.73      1004.51     78.58474
       422    207.3282    414.3544     7699.559     163.6867  15.2838   0.0231     1.90    0.263  51.12   0      83.01     7139.642     94.50994
       423     37.8787    413.7523     7663.354     588.6091  15.2890   0.0834    10.12    0.569  -7.28   3      26.99      869.537     77.78144
       424     38.1533    408.2490     11566.39     639.7498  14.8420   0.0601    11.65    0.515  -5.00   2      27.64        886.9     78.24387
       425    828.6844    407.4857     22354.64     408.3995  14.1266   0.0198    11.99    0.563   3.53   3      72.02      2701.23     82.96107
       426    828.7637    401.7887     35045.73     643.0602  13.6384   0.0199    11.81    0.480   0.07   3      89.39     3047.271     84.66609
       427    525.9156    402.7272     15871.73     570.3435  14.4984   0.0390    13.45    0.507   4.42   3      45.46     1435.477     79.21533
       428    527.3306    397.0385     26049.53     752.9073  13.9605   0.0314    12.57    0.515   1.83   3      54.84     1809.041     80.67917
       429    848.1076    393.3391     12080.32     636.1557  14.7948   0.0572    12.30    0.445   0.02   2      32.33     749.1199     77.22103
       430    359.5887    391.6385     148921.7     537.1952  12.0676   0.0039    11.68    0.511   0.56   3      344.6     16161.65     114.5837
       431    360.3282    385.7041     181484.3     594.9648  11.8529   0.0036    12.05    0.458   0.84   3      395.4     17478.41     116.3408
       432    241.3181    393.5098     59332.78     496.2358  13.0668   0.0091    11.46    0.532  -0.98   3      164.6     6431.494     92.61811
       433    242.0174    387.7956     79743.53     584.3567  12.7458   0.0080    11.66    0.467  -0.23   3      196.7     7309.569     94.91769
       434    416.5811    393.2371     27050.03     496.8272  13.9196   0.0199    11.37    0.547   0.73   3       80.8     2968.782     84.45514
       435    417.3342    387.5222     33315.92     511.5993  13.6934   0.0167    12.06    0.502  -2.09   3       92.7     3156.979     84.00934
       436    211.1050    394.7962     16251.09     749.9438  14.4728   0.0501    12.59    0.466  -1.64   3      38.46     743.8121     77.62045
       437    211.8541    389.2431     15007.56     660.1091  14.5592   0.0478    11.74    0.530  -1.85   3      36.41     1010.457     78.60194
       438    750.0088    386.0682     11496.92     592.1257  14.8485   0.0559     8.45    0.472  47.51   2      27.12     663.4068     77.38466
       439   1011.1191    387.8412     11714.23     478.9828  14.8282   0.0444    12.00    0.532   7.96  19      34.51     1167.809     78.44362
       440   1012.5453    382.8499     21903.25     601.4722  14.1487   0.0298    11.82    0.302   1.28  19      52.15      1497.56     79.99797
       441    931.8696    383.8243     17230.76     782.7266  14.4092   0.0493    11.19    0.481  -7.92   2      31.59       685.73     77.65733
       442    615.9761    387.0081     14367.03     798.1619  14.6066   0.0603    15.36    0.215  76.77   0      27.91     345.2475      76.6544
       443    132.1351    382.7932     42764.16     977.3412  13.4223   0.0248    22.66    0.324 -33.07   0      79.02     1446.895     79.65247
       444     49.2952    386.9378     27343.89     478.0133  13.9078   0.0190    11.81    0.516  -5.48   3      79.22     2648.847     82.62325
       445     49.9111    381.3441     29299.88     454.8576  13.8328   0.0169    11.12    0.509  -2.50   3      85.97     2935.708     83.40858
       446    516.2839    381.2796     24299.69     805.4852  14.0360   0.0360    18.92    0.139 -41.04   2      48.43     587.2797     76.53362
       447    845.2697    380.3216     18104.76     387.8148  14.3555   0.0233    11.72    0.565   3.68   3      59.82     2317.438     81.70655
       448    845.3696    374.6851     23505.21     440.2495  14.0721   0.0203    11.35    0.494   2.08   3      71.45     2508.495     82.43138
       449     19.0487    379.6582     7110.858     340.1232  15.3702   0.0519    10.67    0.507 -11.50   3      26.16     1090.144     78.83201
       450     18.5289    373.5560     21098.93      547.316  14.1893   0.0282    14.38    0.138  41.50  19      47.43     1424.372     79.58818
       451    471.0858    374.4559     13898.53     612.3708  14.6426   0.0478    15.17    0.221  88.43   0      31.55     694.1979     77.05922
       452    738.3026    372.9430      21779.5     945.6484  14.1549   0.0472    16.92    0.054 -15.61   0      35.75      541.485      76.6075
       453    105.8981    367.9304     83817.69      684.564  12.6917   0.0089    11.66    0.475   3.24   3      188.2     7547.987      94.9808
       454    106.2763    362.3503     91325.14     630.9861  12.5985   0.0075    15.19    0.504  -3.69   3      213.2     7945.402     96.26138
       455    513.0935    422.9166     14413.15     583.0009  14.6031   0.0439    12.70    0.569   3.31   3      37.07     1283.483      78.9817
       456    974.9423    362.3125     15968.89     711.3801  14.4918   0.0484    17.48    0.197 -35.30   3      34.52     450.5643     76.33728
       457    962.1247    371.4280     12663.02     516.5309  14.7437   0.0443    11.13    0.525   6.04   3      37.78     1343.303     79.35634
       458    962.6230    365.9211     22345.26     713.4143  14.1270   0.0347    12.47    0.534  -0.63   3      46.28     1491.713     79.78025
       459    439.2096    366.9231     8820.732     539.9668  15.1362   0.0665    10.88    0.502  -9.55   3      26.58     966.7948     78.27061
       460    439.2694    361.3166     11459.43     591.4326  14.8521   0.0560    12.94    0.506  -9.84   3      32.54     1004.569     77.96923
       461    697.7046    350.8873     18100.54     752.1077  14.3558   0.0451    18.28    0.125 -49.46   3      39.95      444.313     76.52887
       462    688.3973    363.6958     9799.352     486.4015  15.0220   0.0539    12.13    0.566   4.21   3      30.02     992.8656     78.34628
       463    689.1655    358.0518     13997.76     624.1003  14.6349   0.0484    13.36    0.533  -6.72   3      35.37       1044.5     78.49593
       464    945.3865    360.1882     14930.02      588.003  14.5648   0.0428    17.02    0.097  -4.12   0      34.26     597.2506     77.19012
       465    132.3759    361.8714     20598.13     628.4194  14.2154   0.0331    11.52    0.550  -4.06   3      51.41     1907.152     80.95507
       466    133.0576    356.1845     21528.94     625.5541  14.1674   0.0316    13.41    0.533  -7.00   3      57.55     1979.776     81.35641
       467    252.0842    351.8141     20528.79     734.4794  14.2191   0.0389    13.68    0.512  -4.70   3      41.03     1371.775     79.43784
       468    253.2709    345.8576     21122.87     721.9805  14.1881   0.0371    13.60    0.543   1.02   3      46.63     1280.632      78.9735
       469    847.5030    336.9536     61454.01     954.7155  13.0286   0.0169    25.31    0.479 -47.52   0      103.2      2519.75     81.87589
       470     60.4366    342.8701     7219.212     503.0751  15.3538   0.0757    11.00    0.580   3.54   3      23.49     998.0818     78.36141
       471     61.1175    336.8091     18419.98     733.8267  14.3368   0.0433    13.46    0.449  -4.01   2      37.67     1179.228     78.88504
       472    478.9962    341.6129     10697.13     354.0426  14.9268   0.0359    11.43    0.563  -8.14   3      37.22     1427.091     79.59595
       473    479.0699    335.8691     16508.59     430.1357  14.4557   0.0283    12.46    0.465  -9.10   3      49.46     1619.291     79.94216
       474    895.1755    337.5628     5253.225     335.3054  15.6989   0.0693     9.94    0.669  -3.32   2      18.64     624.0587     77.89022
       475    896.9744    331.8604     9891.579     582.6158  15.0118   0.0640    11.61    0.522  -8.01   2      25.84     731.7137     77.79179
       476    752.7721    332.1410     41548.16     548.4684  13.4536   0.0143    11.70    0.520  -3.30   3      117.3     4350.844     87.73039
       477    753.1248    326.6207     51809.22     617.8901  13.2140   0.0130    12.43    0.482  -0.39   3      130.2      4650.32     88.50281
       478     42.6133    327.9502     12354.84     525.6451  14.7704   0.0462    12.45    0.541  -4.67   3      38.88     1477.177     79.94004
       479     42.9622    322.0792     22613.99     643.6625  14.1141   0.0309    10.64    0.428  -4.72   3      54.41     1861.322     80.82631
       480    706.5426    320.8445     32576.41     528.2695  13.7177   0.0176    11.57    0.520   1.43   3      93.19     3292.163      84.7542
       481    707.0774    315.2624     37767.91     581.0802  13.5572   0.0167    11.75    0.528  -0.85   3      103.1     3449.737     84.98689
       482    643.8455    322.7173     11687.07      638.536  14.8307   0.0593    11.53    0.364   6.64   3      33.53     769.5079     77.28101
       483    645.3383    317.1689        11742     634.7708  14.8256   0.0587    11.08    0.539   3.73   3      33.22     819.1727     77.84079
       484    902.8405    319.8159     42705.61     494.2821  13.4238   0.0126    10.90    0.523  -1.94   3        125     4700.618     88.99364
       485    903.1748    314.4441     57454.79     583.9351  13.1017   0.0110    12.03    0.513  -7.05   3      142.2     5192.455     90.06277
       486    300.0147    320.6478     21527.86     473.5468  14.1675   0.0239    12.62    0.549   1.25   3      64.71     2196.846     82.15632
       487    300.6322    315.0563     27186.21     569.2178  13.9141   0.0227    11.78    0.512   0.08   3      74.72     2442.392     82.24892
       488    944.6122    319.6516     6629.334     467.2021  15.4463   0.0765    10.02    0.560  14.40   2      22.08     816.1819     78.03818
       489    944.9942    314.2596     9530.316      562.124  15.0522   0.0641    10.48    0.537   3.03   2      25.01     863.7687     78.17664
       490    779.2243    317.4022     10600.58     699.9761  14.9367   0.0717    12.90    0.540  13.04   2      28.98     693.9537      77.6814
       491     25.2250    314.7892      19206.7     442.5854  14.2914   0.0250    11.45    0.521  -4.58   3         63     2394.566       82.507
       492     26.1399    309.2484     24166.45     517.7035  14.0420   0.0233    12.18    0.518  -3.46   3      72.08     2558.215     82.76269
       493    845.5949    313.1269     19420.12      545.147  14.2794   0.0305    11.58    0.561   2.34   3      56.51      1900.51      80.7377
       494    846.5359    307.6191     20695.84     568.0362  14.2103   0.0298    12.50    0.537  -0.70   3      60.06     2110.543     81.52407
       495    369.6562    312.6990     8536.924     524.7577  15.1717   0.0668     8.29    0.602   2.91   0      22.72     632.4902     76.66776
       496    484.4819    311.1659     4019.103     365.4529  15.9897   0.0987     7.16    0.664  -6.58   0      17.17     672.6833      77.2041
       497    929.5343    278.3347     30852.91      1291.77  13.7768   0.0455    31.71    0.703 -62.74   3      64.48     577.2263     76.92258
       498    928.4487    304.5289     26695.61     733.1056  13.9339   0.0298    12.02    0.542  -1.62   3      49.96     1808.578     80.67786
       499    927.1815    299.1479     62277.62     1198.483  13.0142   0.0209    19.64    0.434  19.40   3      70.75     1777.077     80.78817
       500    571.7505    304.6686     13186.01     486.3326  14.6997   0.0401    11.79    0.528 -10.37   3      40.58      1408.59      79.5431
       501    571.2941    299.2010     17629.99     550.2703  14.3844   0.0339    14.42    0.505 -10.12   3      48.47     1603.987     80.09945
       502    483.7808    305.3113      5843.97     447.4928  15.5832   0.0832     9.12    0.640 -12.03   0      20.11     638.5106     76.89481
       503    399.1796    300.9612     10835.04     633.1786  14.9129   0.0635     9.36    0.267  57.38   2      24.75     678.2135     78.04808
       504    347.4131    302.9657     50392.66     526.0466  13.2441   0.0113    12.16    0.559  -2.86   3      141.8     5860.121      91.9071
       505    347.9131    297.3032     70517.35     597.1235  12.8793   0.0092    12.22    0.479  -0.60   3      172.9      6147.72     91.74419
       506    198.7081    297.0114     31395.95      515.442  13.7578   0.0178    11.92    0.543  -3.89   3      93.43     3660.389     85.36037
       507    198.9185    291.2532     45741.07     633.6562  13.3492   0.0150    11.93    0.497  -4.12   3      112.7     3920.054     86.04895
       508    271.5027    298.2812     7342.538     471.8242  15.3354   0.0698    10.85    0.565  -4.91   3       23.9     885.3994     77.62109
       509    271.7958    292.5109     11830.64     555.1519  14.8175   0.0510    12.08    0.465  -9.93   3      32.25     1030.808     78.45627
       510     51.7021    290.7231     59279.83     501.8451  13.0677   0.0092    11.12    0.540  -6.50   3      160.5     6126.335      91.6912
       511     52.2200    285.0552     72282.94     618.9202  12.8524   0.0093    12.02    0.472  -3.75   3      177.7     6810.321     93.88593
       512    545.9915    291.2523     6620.168     450.5689  15.4478   0.0739    10.03    0.597 -13.07   3       22.3     1016.549     78.61955
       513    544.9718    286.3584     13130.11     665.5245  14.7043   0.0550    11.96    0.468 -17.64   2      33.82     949.5042     78.63007
       514    101.5714    283.3873     123251.8     523.1612  12.2730   0.0046    11.54    0.528  -7.07   3      299.7     14735.26     111.4307
       515    102.2824    277.5416     164917.6     613.3287  11.9568   0.0040    12.39    0.472  -3.18   3      352.2     15412.36     112.3753
       516    900.6947    284.8626     20197.11     647.7875  14.2368   0.0348    12.12    0.556   1.56   3      46.84     1559.802     79.57122
       517    900.8729    279.4880     17107.23     567.3069  14.4171   0.0360    12.67    0.508   2.46   3      49.63       1658.5     79.85263
       518    276.9088    281.8374     38998.86     478.5134  13.5224   0.0133    12.15    0.566  -2.10   3      115.1     4681.662     88.03753
       519    277.2774    276.3440     54138.49     560.8679  13.1662   0.0113    11.67    0.470  -1.46   3      140.4     4977.907     88.97973
       520    486.0190    276.2115     187105.2     801.5524  11.8198   0.0047    13.84    0.147   2.43   0        343     6093.862     91.96072
       521    566.9773    280.7961     18478.55     477.1581  14.3333   0.0280    12.35    0.571  -1.30   3      59.25     2220.393     81.82974
       522    567.5749    275.3645     26829.78     527.3168  13.9285   0.0213    12.72    0.503  -2.32   3      74.83     2503.004     82.99894
       523   1012.6448    275.0305     20998.76     855.3622  14.1945   0.0442    16.36    0.145 -53.69  16       34.3     470.3112     77.23259
       524     71.0446    272.1540     14964.41     724.4877  14.5624   0.0526    12.37    0.573  -5.75   2      32.75     830.3547     78.07944
       525    524.1852    274.9257     10577.82     506.1795  14.9390   0.0520    11.48    0.557  -2.55   3      31.93     1201.445     79.15224
       526    524.2424    269.3102     13581.88      529.978  14.6676   0.0424    12.91    0.483  -6.48   3      37.85     1153.663     78.40262
       527    443.7028    269.9801     16375.37     785.5517  14.4645   0.0521    13.81    0.387  77.78   0      32.45     651.2235     76.72327
       528   1021.2996    259.5364     8175.327     398.4201  15.2187   0.0529    10.52    0.336   2.51  27      28.89     1074.725     77.96769
       529   1020.8253    254.3808     8405.286     376.7962  15.1886   0.0487    10.63    0.405 -14.57  27       30.4     1099.883     79.06353
       530    611.8285    252.1219     375889.2     655.3605  11.0624   0.0019    11.22    0.471   0.44   3      654.9     40058.75     154.5812
       531    612.6362    246.5007     458544.2     721.7228  10.8465   0.0017    11.94    0.446   1.82   3        728        41898      156.853
       532    913.4946    258.2624     6221.235     334.7633  15.5153   0.0584    10.91    0.586   2.33   3      22.71     819.1714     77.42693
       533    913.7032    252.8726      10625.3     396.7903  14.9341   0.0406    13.07    0.465   0.17   3      32.71     1041.285     77.87016
       534    297.9035    249.9457     113239.3     658.0308  12.3650   0.0063    11.23    0.363  17.84   3      232.3     9136.025      98.7076
       535    298.1001    244.3737     99279.91     567.6619  12.5078   0.0062    11.98    0.477  -1.78   3      235.6     8894.186     97.82128
       536    228.7517    257.3957     8972.034     470.0522  15.1178   0.0569    11.89    0.560  -3.21   3      32.07     1293.633     79.21397
       537    229.1058    251.6701     11737.44     429.4816  14.8261   0.0397    12.57    0.536 -10.01   3      38.63     1339.179     78.93856
       538    837.6241    256.4535     7141.263     496.6119  15.3656   0.0755    11.54    0.593   2.93   3      23.99       854.29     77.94325
       539    837.7535    251.3679     11596.05     627.7197  14.8392   0.0588    12.02    0.557  -6.44   3      29.06     987.2009     78.53467
       540    122.0635    253.5310     63203.23     529.2809  12.9982   0.0091    11.29    0.523  -4.87   3      173.5     7217.627      94.5275
       541    122.2081    247.7111     82693.13     607.0557  12.7063   0.0080    16.90    0.497  -3.64   3      198.4     7900.882     96.15621
       542    345.9504    249.8882     14747.06     724.9737  14.5782   0.0534    10.71    0.556  -2.63   2      27.01     674.7792     77.00193
       543    430.2953    245.4456     11201.22     515.1083  14.8768   0.0499    12.23    0.613   7.52   3      32.96     1248.249     78.47188
       544    824.6193    243.1984     39225.84     834.1176  13.5161   0.0231    22.84    0.458 -48.59   2      71.03     1764.627     80.55396
       545    428.3571    251.1856     20366.54     826.0511  14.2277   0.0440    14.50    0.456  10.02   2      39.78     1120.565     79.12296
       546    179.5663    240.6190     17452.94     599.1182  14.3953   0.0373    10.52    0.488  -3.72   3       47.9     1752.319     81.11555
       547    181.8665    231.9079     38904.86     719.2289  13.5250   0.0201    14.57    0.340 -23.49   3      89.77     2512.984     82.44376
       548    183.5049    224.5254     27606.63     626.4775  13.8975   0.0246    11.41    0.489   0.22   3       72.6     2448.614     81.87463
       549    397.8240    230.3294     21634.17     838.9401  14.1621   0.0421    16.13    0.076 -41.80   0      40.08     996.8346     78.56254
       550    651.5013    221.6895     36709.88     1071.274  13.5880   0.0317    19.17    0.413  74.54   2      53.43     1334.394     78.72098
       551     87.7031    218.0921     44005.91     755.1239  13.3912   0.0186    13.08    0.251  44.67   0      86.48     2231.679     81.46765
       552    494.9625    215.7549     11006.89      546.794  14.8958   0.0539    14.29    0.402  45.92   2      32.77     765.1588     77.68292
       553    889.7709    219.4005     8402.691     412.4161  15.1890   0.0533     4.33    0.301 -18.24   2      24.32     741.5765     78.02676
       554    827.3351    219.7214     8676.876     513.9933  15.1541   0.0643    10.97    0.506   5.69   3      25.42     785.8884     77.53664
       555    829.0383    214.1045     7271.982     464.0657  15.3459   0.0693    10.93    0.529   4.10   3      24.15      818.647     77.00931
       556    175.8077    210.8645     20575.35     820.7435  14.2166   0.0433    12.81    0.425 -11.48   3      37.84     777.8438     77.72002
       557    178.2851    216.7818      10554.4     514.0421  14.9414   0.0529     5.50    0.235 -22.60   3      27.48     913.7819     77.91061
       558    123.4606    214.7878     14068.08     614.3979  14.6294   0.0474    13.19    0.496  -0.94   3      37.49     1160.061     79.03333
       559    115.5864    200.6226     19934.42     717.1401  14.2510   0.0391    13.48    0.451  -6.02   3      43.01     1270.387     79.34995
       560    124.6918    209.2831     26990.21     786.5771  13.9220   0.0316    13.76    0.611  -2.21   3      42.94     1287.286     78.99265
       561    115.3496    206.4775     20668.78     740.5128  14.2117   0.0389    13.95    0.601  -0.95   3      39.24     1336.716     79.13474
       562    924.5541    212.9396     5022.003      449.762  15.7478   0.0973     9.70    0.611   2.22   2      18.64     660.9827     77.37754
       563    925.2166    207.5427     6466.586     486.4956  15.4733   0.0817    11.14    0.559  -2.77   2       22.1     724.2659     77.77003
       564    158.1920    208.2470     45636.17     641.8057  13.3517   0.0153    11.08    0.516   0.62   3      114.7     4217.213     87.56718
       565    159.1937    202.6256     49851.84     666.5983  13.2558   0.0145    15.94    0.487   1.33   3      126.4     4579.389     88.32047
       566     59.4089    199.8658      11371.2     649.0297  14.8605   0.0620    12.46    0.477  -2.50   3      28.44      854.353     77.94344
       567     58.7041    205.6378     7170.108     449.9545  15.3612   0.0682     9.41    0.694  -7.75   3      23.18     775.8696     76.88296
       568     46.8674    208.8416     16696.76     669.1465  14.4434   0.0435    10.63    0.590  -9.82   3      32.48     896.2299     78.06544
       569     47.4218    203.7256      20653.1     867.3934  14.2125   0.0456    13.62    0.613  -5.61   3      33.95     778.5851     77.92861
       570    244.4421    202.6466     246591.1     591.4741  11.5201   0.0026    11.96    0.516  -4.69   3      498.1     28771.03     137.1011
       571    244.8505    196.7826     314770.8     665.9459  11.2550   0.0023    12.17    0.464  -2.80   3      565.3     29822.13     138.8326
       572    659.9969    195.0533     4456.107     173.6041  15.8776   0.0423     0.00    0.080  88.49   0      64.73     3288.934     84.74554
       573   1002.8608    188.1155     25605.57     799.8508  13.9792   0.0339    13.73    0.061  83.85   3       51.9     809.2234     77.39773
       574    999.7192    174.3372     40085.08     1116.042  13.4925   0.0302    19.50    0.294  51.84  19      48.01     692.7281     77.05489
       575    583.7018    187.0685     75175.68     466.1611  12.8098   0.0067    11.63    0.535  -1.84   3      203.3     8246.963     96.80495
       576    583.9835    181.7807     110403.2     596.8351  12.3925   0.0059    11.98    0.435  -5.65   3      252.9     9006.949     99.06076
       577    277.7995    190.7991     6708.771     482.4644  15.4334   0.0781     9.71    0.594  -5.98   2      22.33     796.1546     77.77355
       578    278.8888    184.8112     7419.544     493.4946  15.3241   0.0722    10.05    0.531  13.67   2      23.68     752.3344     77.23049
       579    515.0109    187.6176     5546.739     325.7872  15.6399   0.0638     9.48    0.604  -9.26   3      20.44     807.8288     77.80766
       580    515.5544    182.4901     8133.713      460.144  15.2243   0.0614    11.67    0.470 -13.58   3      26.36     851.3752      77.5214
       581    863.4691    192.1298     5732.705     387.8134  15.6041   0.0735     9.05    0.581   2.09   3      21.28     825.4488      77.6525
       582    737.5226    178.1268     14378.78     578.1451  14.6057   0.0437    12.76    0.510   1.49   3      38.65     1239.654      78.6515
       583    738.0041    173.0255     16417.35     604.0677  14.4617   0.0400    13.10    0.530  -0.23   3      42.11     1360.542     79.60775
       584    121.0719    174.1401     9633.117     579.7507  15.0406   0.0654    11.14    0.566  -4.52   3      32.39     830.5996     77.87415
       585    121.1465    169.0875     11655.63     620.0165  14.8337   0.0578    11.32    0.504  -9.95   3      27.74     791.7006     77.34625
       586    408.8781    170.9916     4297.886     375.3819  15.9169   0.0949     5.88    0.615   5.51   0      17.38     543.5014      77.0317
       587    546.6698    162.0062     27391.98     580.4774  13.9059   0.0230    11.90    0.563   0.42   3      73.71     2844.002     83.54379
       588    547.4922    156.3538     33847.06      622.962  13.6762   0.0200    16.10    0.567  -1.44   3      85.51     2742.665     82.68685
       589    246.5521    161.8857      10694.5     586.3636  14.9271   0.0595    11.74    0.524 -11.01   2      28.06      940.941     77.78354
       590    246.2414    156.8365     6788.413     503.6785  15.4206   0.0806    10.44    0.508  -8.50   3       26.3     756.8409     77.65858
       591    863.2946    187.1019     9416.475     526.6658  15.0653   0.0607    12.86    0.476   0.64   2      28.78     806.1779     77.18092
       592    677.6652    153.0744     21146.05     467.3868  14.1869   0.0240    11.32    0.559   0.03   3      66.49     2514.346     82.44751
       593    678.3286    147.6194     34815.65     617.4892  13.6456   0.0193    12.38    0.486  -3.60   3      83.66     2747.543     83.47364
       594    135.3332    149.3761      16018.7     766.8202  14.4884   0.0520    12.92    0.441  -4.72   2      30.24     645.4659     77.53941
       595    563.6799    184.1010     34837.24     1090.572  13.6449   0.0340    29.32    0.527 -12.03   3      69.25     1043.895     77.87778
       596    617.8037    145.2189      67131.6     1091.778  12.9327   0.0177    25.01    0.485 -10.37   0      104.9     1995.982     81.20407
       597     23.5052    145.0983     8222.238     501.1295  15.2125   0.0662    10.64    0.535  -4.86   3      25.77     861.4547     77.34352
       598     24.3757    139.6815     10896.13     647.0038  14.9068   0.0645    11.64    0.507  -3.35   2       25.3     825.5592     77.85943
       599    425.1514    141.2867     15818.26     717.5156  14.5021   0.0493    12.33    0.354   6.20   0      33.65     871.5482     77.58052
       600    815.3666    135.7220     56031.38     1804.896  13.1289   0.0350    45.51    0.570 -23.43   2      74.23      988.199     78.33274
       601    833.6301    125.0598     66259.29     544.7832  12.9469   0.0089    13.58    0.569   7.79   3      172.9      7139.07     94.33843
       602    834.0695    119.7986     77747.12     539.2266  12.7733   0.0075    12.02    0.503   0.68   3      192.2     6849.804     93.98145
       603    459.9317    136.0194     23562.91     716.6097  14.0694   0.0330    15.91    0.212 -45.39   0      51.81      796.115     77.97972
       604    900.7187    139.3279      7313.55     382.4898  15.3397   0.0568    10.83    0.517  -0.92   3      25.28     923.1258     77.73147
       605    900.8442    133.8127     10733.22     562.6102  14.9232   0.0569    12.73    0.480  -4.55   3      30.93     964.6912     78.67396
       606    495.5878    138.1120     6972.216     343.5556  15.3916   0.0535    11.51    0.542   0.83   3      24.68     856.8783     77.74444
       607    496.5513    132.5764     9245.875     430.9659  15.0851   0.0506    12.71    0.532  -3.36   3      30.16     935.5154     78.58962
       608    401.1356    127.3248     13379.16     607.5684  14.6839   0.0493     8.72    0.569  13.76   3      28.16     651.5981     77.14201
       609    720.2448    129.8762     18051.49     465.8796  14.3587   0.0280    11.37    0.552   0.87   3      56.03     2130.842     81.58064
       610    720.9582    124.3185      25615.1     627.0369  13.9788   0.0266    12.29    0.509  -1.58   3       67.4      2180.29     81.32417
       611    685.6470    120.4438     244530.2      598.785  11.5292   0.0027    11.60    0.493  -2.59   3      492.6     27125.23     134.3451
       612    685.8948    115.1229     297774.3     670.3828  11.3153   0.0024    11.64    0.460  -0.49   3      540.9     27154.57     134.1555
       613    415.1544    120.4814     118628.4     554.7443  12.3145   0.0051    12.41    0.503   0.50   3      285.9     12305.33     105.9052
       614    415.9745    115.1102       135028      572.754  12.1739   0.0046    11.67    0.461   3.24   3      307.2     12768.18     106.8939
       615    116.5990    123.6337      25248.4     503.2369  13.9944   0.0216    11.35    0.528   1.97   3      77.96     2840.802     83.91882
       616    117.4436    118.3361     28489.21     524.2148  13.8633   0.0200    11.45    0.521   1.44   3      82.98     2907.615     83.71667
       617    200.5338    123.0780     23905.83     499.4239  14.0537   0.0227    11.23    0.570  -3.51   3      69.05     2481.698     82.16218
       618    201.0276    117.5589     25384.78      472.003  13.9886   0.0202    12.50    0.562  -3.55   3       72.4     2561.731      83.1596
       619    993.9990    114.8261      15696.1     811.0162  14.5105   0.0561    16.46    0.084 -48.58   0      32.05     511.9811     77.35512
       620    950.3834    111.1094     5471.361     428.9708  15.6548   0.0851    10.54    0.554   1.75   3       19.5     655.4633     76.94489
       621    950.2547    106.0210     6107.532     395.2116  15.5353   0.0703    10.82    0.522  -0.91   3      20.96     653.2711     77.56228
       622    459.8206    104.5212     25589.13     946.9878  13.9799   0.0402    19.16    0.317 -53.21   0      44.72     846.8398     78.12742
       623     24.5330    107.9556       9618.2     441.2894  15.0423   0.0498    12.20    0.581  -2.03   3      31.22     1085.503     78.61455
       624     25.6551    102.9281     13853.93     551.6284  14.6461   0.0432    13.05    0.534  -0.31   3      38.45     1208.738     78.76633
       625    647.9091    105.6153      26179.4     513.9188  13.9551   0.0213    11.61    0.557   3.08   3      79.92     3001.525     83.58773
       626    648.7021    100.2581     32298.13     551.9469  13.7271   0.0186    11.95    0.500   1.80   3      90.03     2971.816     83.50691
       627    162.7627    101.1292      11116.3     593.3348  14.8851   0.0580     8.40    0.312   2.48   2      24.93     669.6724     77.40306
       628   1010.9048    100.3971      19959.6     813.6921  14.2496   0.0443    14.82    0.418 -15.74  16      31.92     812.3786     77.82095
       629    352.0637     98.6205     17634.77     811.0643  14.3841   0.0499    15.16    0.177  32.90   0      32.61     610.2975     77.22852
       630    368.9816     98.0508     16286.02     639.5432  14.4705   0.0426    12.38    0.496  -1.70   3      43.72     1433.621     79.81612
       631    370.4924     92.3667     19093.59     720.2271  14.2978   0.0410    13.39    0.487  -0.31   3      40.47     1214.049     78.16752
       632    714.6627     94.1805     18325.57     803.7977  14.3424   0.0476    16.08    0.109 -22.42   0      37.63      610.803     77.23001
       633    742.2939     93.1997     6237.808     391.2014  15.5124   0.0681     5.29    0.354 -50.81   0      20.67     577.6051     77.13226
       634    467.9823     89.0137     22031.09     725.0413  14.1424   0.0357    12.41    0.496  -2.08   3      51.35     1205.154      78.9597
       635    469.7430     83.4602     38009.54     1000.614  13.5503   0.0286    21.95    0.703  -6.45   2      53.21     1404.646     79.93478
       636    718.0668     78.9498     21721.89     784.5416  14.1578   0.0392    14.05    0.545   8.15   2      42.16      1189.38     78.91428
       637    719.3159     73.5874     13631.97     636.0787  14.6636   0.0507    12.55    0.571   7.30   3      34.58     1273.979     79.15755
       638    135.0496     78.2798     17639.19     443.5942  14.3838   0.0273    11.34    0.536  -0.69   3      58.66     2164.554     81.28017
       639    136.2409     72.8694     21059.61     493.2658  14.1914   0.0254    11.60    0.483   1.37   3      63.86     2165.454     81.67701
       640    542.2491     77.3757     6268.798     450.3916  15.5070   0.0780     6.61    0.692 -36.31   2      20.46     633.5839     77.71156
       641     92.6788     77.8433     6804.171     469.8584  15.4181   0.0750     7.81    0.610   4.09   0      22.18      592.901     76.96888
       642    467.6020     74.4136     21103.87     784.3626  14.1891   0.0404    12.71    0.446   9.93   3      39.25     898.9856     78.07347
       643    469.0222     68.6849       9536.4     530.5163  15.0515   0.0604    10.32    0.422   2.37   3      27.83     913.5065     77.70334
       644    389.4261     68.4922     64653.13     776.9775  12.9735   0.0131    15.88    0.369 -18.62   0        126     2770.196     82.76249
       645    869.0509     65.5332     13572.62      596.299  14.6683   0.0477    15.07    0.108  73.28   0      32.03      693.326     77.47248
       646    963.4530     65.7908     19409.27     528.6865  14.2800   0.0296    14.50    0.021  38.71   1      47.16     829.6351     78.07735
       647    239.6142     67.4433     26981.69     598.0396  13.9223   0.0241    11.66    0.522   0.50   3      75.42     2671.953     83.46028
       648    240.8130     61.9948     31500.34     685.9667  13.7542   0.0236    12.34    0.527   0.51   3      78.24     2774.056     83.35329
       649     41.0999     67.3106     12927.18     651.4265  14.7212   0.0547    11.50    0.512  -6.15   3      29.41     903.0336      77.4656
       650     41.3538     61.5597     12892.72       700.72  14.7241   0.0590    12.41    0.475 -13.80   2      35.19        866.6     77.77286
       651     81.7123     68.3535     8038.203     498.6356  15.2371   0.0674     7.44    0.755  -5.48   0      23.74     617.1398     76.83161
       652    968.2556     53.7698     18829.33     500.3295  14.3129   0.0289    10.43    0.530  -1.75   3      57.37     2189.515     81.54717
       653    968.1234     48.6218      27924.7      688.291  13.8850   0.0268    12.81    0.482  -5.97   3       68.3     2223.479     82.03437
       654    997.9751     55.0228     6351.579     413.2326  15.4928   0.0707    10.70    0.519  15.89   3      21.08     780.9954     78.14149
       655    998.8609     49.7885     10757.37     635.6829  14.9207   0.0642    12.18    0.560   4.38   2      29.34     833.7739      78.0894
       656    347.0292     48.2477      39945.9     922.9871  13.4963   0.0251    16.03    0.229  43.86   0      72.06     1432.677     80.01445
       657    759.3712     45.3067      9968.11     572.9143  15.0035   0.0624    12.74    0.436 -30.30   2      26.74     642.3591     76.48727
       658    362.5651     41.4761        15528     629.7797  14.5222   0.0440    11.89    0.595  -1.70   3      36.01     1306.553     79.25102
       659    363.1876     36.4403     18437.61      690.988  14.3357   0.0407    12.50    0.494  -3.72   3      44.17     1252.137     79.70181
       660    149.8666     36.6423     11904.97     654.1467  14.8107   0.0597     9.91    0.560   3.20   2      26.52     593.5595     77.17925
       661    828.7869     34.0227      74152.8     613.7451  12.8247   0.0090    17.12    0.669   1.36   3      186.7     7786.689     96.22043
       662    293.1424   1019.6380     23949.97     447.7137  14.0517   0.0203    12.03    0.521   1.54  19       74.7     2641.068     82.98989
       663    715.7169     32.1916     7303.631     544.5155  15.3412   0.0810     9.52    0.449  12.18   2      23.99     718.2639      77.5456
       664    293.8344   1013.7865     31699.97     460.4373  13.7474   0.0158    10.87    0.475   3.23  19      93.31     3357.951     85.49599
       665    586.9120     34.2847     6964.335     446.2652  15.3928   0.0696     6.84    0.446  16.88   0      20.35     626.9949     77.06949
       666    311.7114     30.4199     48532.84      452.098  13.2849   0.0101    11.56    0.543  -3.69   3      144.1     5976.998      91.3203
       667    196.5163   1020.7359     10413.11     457.7726  14.9560   0.0477    12.20    0.574   0.91  19      32.77     1253.808     78.69238
       668    196.7745   1014.8330     12358.59     505.3916  14.7701   0.0444    10.95    0.485   1.56  19       38.3     1488.487     80.17281
       669    608.3408   1010.8635     336567.3     853.2845  11.1823   0.0028    13.21    0.236 -17.71  16      525.5     11955.77     105.4575
       670     72.5878   1011.1196     38246.79     690.5287  13.5435   0.0196    10.81    0.486  -1.62  19      93.89     3455.791     85.19185
       671    988.1622   1017.4160     12469.04     605.2404  14.7604   0.0527    10.92    0.516   1.37  19      37.64     892.2187     78.66879
       672    574.2245     20.1924     8863.771     588.3902  15.1310   0.0721     9.45    0.666   8.50  18      23.42     631.4517     77.49832
       673    988.6287   1011.8793     13889.06     674.1758  14.6433   0.0527    12.23    0.503   3.24  19      40.86     962.4219     78.25792
       674    880.0953   1015.8359     15275.84     553.6666  14.5400   0.0394    12.66    0.522   0.90  19      42.58     1494.329     78.97823
       675    879.9495   1010.5126     18960.68      556.622  14.3054   0.0319    11.00    0.463  -2.11  19      52.39     1680.687     79.91575
       676    347.6761   1017.7763     6300.966     444.1223  15.5015   0.0765     7.42    0.509 -18.01  16      19.03     701.0546     77.49515
       677    777.2065   1015.4311     18019.41     605.9971  14.3606   0.0365    12.09    0.546   0.44  19      45.62     1515.404     80.24908
       678    777.3701   1009.6078     15827.64     507.7408  14.5015   0.0348    10.81    0.465  -0.85  19      49.91     1769.451     80.96536
       679    381.7613   1008.7030     78613.14      695.653  12.7613   0.0096    13.25    0.155  86.75  16      160.7     3641.352     84.93221
       680    418.8899   1014.5906      7795.63     464.3221  15.2704   0.0647    11.70    0.552   6.49  19      24.25     736.6361     77.39214
       681    419.6057   1008.6638     8080.499     512.1636  15.2314   0.0688    11.78    0.473  -5.58  19      26.15     946.4779     78.41673
       682    970.7567   1013.4936     12792.92     622.3721  14.7326   0.0528    11.94    0.518   5.00  19      30.99     971.4169     77.66597
       683    971.8123   1008.1030     14199.34     667.0947  14.6193   0.0510    12.32    0.497   2.26  19      34.24     1159.437       78.828
       684    484.7341   1010.4634     18246.51     404.1242  14.3471   0.0241    12.46    0.539   2.03  19      58.86     2118.853        81.35
       685    485.1381   1004.4060     25403.69     494.4517  13.9878   0.0211    10.53    0.462   3.19  19      75.44     2649.855     83.20724
       686    346.9122   1011.7578     6787.688     471.5569  15.4207   0.0754     9.53    0.512  -0.55  16      22.69     753.9745     77.23532
