#   1 NUMBER                 Running object number                                     
#   2 X_IMAGE                Object position along x                                    [pixel]
#   3 Y_IMAGE                Object position along y                                    [pixel]
#   4 FLUX_AUTO              Flux within a Kron-like elliptical aperture                [count]
#   5 FLUXERR_AUTO           RMS error for AUTO flux                                    [count]
#   6 MAG_AUTO               Kron-like elliptical aperture magnitude                    [mag]
#   7 MAGERR_AUTO            RMS error for AUTO magnitude                               [mag]
#   8 FWHM_IMAGE             FWHM assuming a gaussian core                              [pixel]
#   9 ELLIPTICITY            1 - B_IMAGE/A_IMAGE                                       
#  10 THETA_IMAGE            Position angle (CCW/x)                                     [deg]
#  11 FLAGS                  Extraction flags                                          
#  12 SNR_WIN                Gaussian-weighted SNR                                     
#  13 FLUX_APER              Flux vector within fixed circular aperture(s)              [count]
#  14 FLUXERR_APER           RMS error vector for aperture flux(es)                     [count]
         1    830.1113     34.6640     93855.73     849.7349  12.5688   0.0098    23.78    0.638  11.54  19      212.6     9485.495     99.86568
         2    832.8289     29.4384     86837.38     682.4268  12.6532   0.0085     9.72    0.430   9.46   3      205.2     9609.842     100.7923
         3    555.1711     33.0166     25101.81     895.3225  14.0007   0.0387    16.21    0.293 -50.50   0      43.62     799.9465     78.45116
         4    315.4716     25.3773     61416.88     535.4728  13.0293   0.0095    10.62    0.398   5.46   3      169.2     8024.441     96.98502
         5    946.3809     23.8293     21317.36     773.6229  14.1782   0.0394    16.20    0.381 -34.49   0      43.32     1261.259     79.77638
         6    454.6605     23.6027      22739.8     899.6808  14.1080   0.0430    15.59    0.131  34.44   2       38.2     838.8467      78.3576
         7    116.2948     14.8838     91825.37     745.7428  12.5926   0.0088     9.86    0.590 -14.14  19        187     8087.824     96.79979
         8    574.7317     20.4602     10556.64     572.2828  14.9412   0.0589     8.60    0.583  -4.03   0      24.93      737.204     77.85474
         9    441.2036     13.2774     14805.79     658.0005  14.5739   0.0483    10.16    0.497  16.34  19      28.95     915.3619     78.37309
        10    118.7426      8.4775     149802.9     686.7902  12.0612   0.0050    13.31    0.120 -33.73  19      283.2     10232.87     101.7114
        11    243.5343     17.8927     7614.154     519.1863  15.2959   0.0741     8.01    0.564 -39.17   2      22.27     534.7949     77.05196
        12    438.4181     18.7387     21541.22     835.0251  14.1668   0.0421    12.58    0.320  11.16  19      30.65     970.2585     78.53212
        13    875.0916     12.5775     10357.21     546.9087  14.9619   0.0573     6.42    0.458 -10.48  19      32.12      1283.27     78.81952
        14    876.9893      8.3328     12173.84     620.3695  14.7864   0.0553    10.56    0.613  -4.57  19      29.85     1047.534     78.75544
        15    810.1279     10.8988     10606.61     485.9388  14.9361   0.0498     8.00    0.132 -83.01  19      25.67     1435.546     78.84814
        16    817.3867      3.2826      23545.9     736.8105  14.0702   0.0340    15.56    0.740  -9.56  26      39.64     951.8076     78.47871
        17    594.9481     11.0926     6016.796      437.246  15.5516   0.0789     8.55    0.447 -13.32  17      21.37     879.5452     77.85472
        18      4.1570      9.6439     9203.634     465.7215  15.0901   0.0550     8.83    0.332 -18.23  18      27.26     984.5509     78.16065
        19    783.4896      6.4318     14889.71     581.0035  14.5678   0.0424    10.08    0.365  11.28  18      36.85       1341.2     78.98638
        20    785.8249      1.8672     9368.731     418.2275  15.0708   0.0485     9.64    0.697   3.16  27      23.89     1376.972     79.08925
        21    694.7291      4.8068     49740.23     626.2814  13.2582   0.0137    13.59    0.304 -10.82  24      119.3     2748.254      83.5193
        22    427.4827      4.2124     65905.73     495.8885  12.9527   0.0082    10.89    0.433  -5.64  24        180      6811.63     93.92797
        23    595.8846      5.9129     7339.174     496.7728  15.3359   0.0735     9.30    0.675 -10.69  16      22.61     794.8356      77.8152
        24    305.5883      3.9264     11748.74     370.3699  14.8250   0.0342    13.03    0.360  -3.33  24      39.81     1221.395     79.45942
        25    753.4046      4.0053     5540.014     325.6439  15.6412   0.0638     9.05    0.550 -27.97  24      20.38     686.4645     77.70648
        26     89.3978   1009.0287     6487.591     447.5431  15.4698   0.0749     7.08    0.476   1.40   1      19.32     756.3086     78.32463
        27    773.2717   1022.5200     5913.825     363.4491  15.5703   0.0667     4.29    0.410  -7.71  25      22.56     871.2445     77.83048
        28    580.1638   1022.3632     40221.03     416.6184  13.4889   0.0112    10.01    0.613   2.31  27      133.9     6474.604     93.10891
        29    582.1310   1016.6689     61533.05     558.4412  13.0272   0.0099    10.46    0.421   1.15  19      170.4     7486.196     95.37679
        30    294.1713   1019.9279        23236     399.2243  14.0846   0.0187     9.77    0.494   6.79  19      79.67     3421.674     85.33214
        31    296.5765   1014.0448     28526.36     435.9961  13.8619   0.0166    10.43    0.443   4.16  19      92.17     4294.261      87.9938
        32     92.0967   1003.9995     15312.37     730.9544  14.5374   0.0518    11.62    0.569   6.71  16      25.59     740.2055      77.8635
        33    706.6535    993.4119     136765.4     793.6876  12.1601   0.0063     9.43    0.362 -31.70   3        267     11496.03      104.805
        34    708.5938    987.3383     103445.7      578.051  12.4632   0.0061    10.99    0.367   1.46   3      254.6     12201.76     106.3244
        35     24.9914   1001.9728     7397.429     493.5327  15.3273   0.0725    11.10    0.290  34.42   3      24.22     803.0663     78.25375
        36     28.3776    996.9200     8318.353     514.8027  15.1999   0.0672     8.47    0.339  11.35   3      25.52     1083.696     78.85973
        37    286.9790    993.3156     8822.377     388.8584  15.1360   0.0479    10.44    0.501   7.99   3      31.16     1295.303     79.05908
        38    289.7400    987.4969     12357.93     470.7074  14.7701   0.0414    11.85    0.423  -7.30   3      40.24     1664.566     80.11358
        39    651.6780    989.7148     7806.153     498.6111  15.2689   0.0694     8.05    0.620  -8.07   0      22.05     720.8964     77.39021
        40    774.4916    983.7313     8093.506     438.3242  15.2297   0.0588    10.89    0.474  -1.26   3      26.51     970.1504     78.11877
        41    775.5812    977.8181     7877.533     446.4404  15.2590   0.0615    10.61    0.473   4.33   3      26.42     1162.634     79.49491
        42    864.0027    979.9661     16192.23     708.7612  14.4767   0.0475    11.78    0.452   7.14   2      32.03     1077.699     79.25172
        43    864.2318    974.0673     9118.749     553.7455  15.1002   0.0659     9.67    0.516  -0.16   3      25.43     845.4222     78.17001
        44   1011.6208    974.0094     9961.937      570.631  15.0041   0.0622    11.22    0.401  -4.89  18      27.94     876.2454     78.25957
        45    318.4420    976.1180     9269.278     561.7823  15.0824   0.0658     8.78    0.631  12.89   0      23.86      642.997      77.1611
        46    448.8103    967.4763     374347.3     648.7559  11.0668   0.0019     9.90    0.460   1.10   3      659.2      47541.8     165.3366
        47    450.4790    961.4094       463577     703.8555  10.8347   0.0016    10.85    0.390   0.80   3      748.9     55330.14     175.7166
        48    424.2627    975.4757     5585.104     433.3044  15.6324   0.0843     7.25    0.572   5.94   0       19.2     724.5964     77.81792
        49    798.8923    974.6694     5001.705     403.0073  15.7522   0.0875     7.13    0.589  -7.37   0      18.62     668.1605     77.44434
        50    158.9148    972.8494     20625.48     438.3638  14.2140   0.0231     9.57    0.516   4.50   3      69.99     3093.796     84.07042
        51    160.9645    966.9755     29597.96     528.7222  13.8218   0.0194    10.25    0.423   1.32   3      87.98     3831.265     86.78972
        52    988.8779    971.7001     10437.81       427.41  14.9535   0.0445     9.24    0.476  -0.57   3      37.15     1459.568     79.32624
        53    990.3405    966.1644      13705.4     448.4967  14.6578   0.0355    10.13    0.458  -1.04   3      43.98     1687.701     80.58167
        54    571.6234    973.1255     3611.588      346.014  16.1058   0.1040     6.42    0.723  11.89   0      16.16     662.7147     77.63699
        55    539.6625    969.3341     23704.71     592.6866  14.0629   0.0272     9.90    0.487   3.67   3      70.08     2719.151     83.24598
        56    541.4944    963.5051     27780.56     605.7059  13.8906   0.0237    10.32    0.462   2.55   3      76.06     3220.435     84.60349
        57    427.2601    969.6426        10957     586.4005  14.9008   0.0581     9.13    0.271   8.72   1      25.52     899.9171     78.32829
        58    686.6125    965.1510     10091.76     552.6833  14.9901   0.0595    11.62    0.261  21.98   2      29.23     782.5813     78.40083
        59    491.8029    968.6597      12259.2     493.3133  14.7788   0.0437    11.54    0.498  -1.62   3      37.16     1355.886     79.84317
        60    493.8695    962.5713     22323.36     728.1497  14.1281   0.0354    10.33    0.403  -6.22   2      48.56     1911.914     81.21157
        61    800.7347    968.4440     7093.104      498.286  15.3729   0.0763     8.18    0.528   7.96   0      22.46      821.162     78.09944
        62    514.4786    967.7177     8994.429     554.4244  15.1151   0.0669    11.58    0.446  -6.17   3      28.06     1068.016     78.19638
        63    516.0811    961.9304     11046.44      582.977  14.8919   0.0573    11.37    0.529  -4.59   3      29.91     1219.901     78.84203
        64    573.3939    967.2280     8346.887     534.0923  15.1962   0.0695    10.04    0.577  -0.03   0      24.12     781.2183     78.39688
        65    762.0571    965.6705      6109.09     450.9523  15.5351   0.0802    10.98    0.422   4.19   3      21.71     737.2023     77.64669
        66    763.5812    960.3240      6388.29     480.6078  15.4865   0.0817     9.54    0.538  -4.90   3      20.69     823.1788     78.31214
        67    621.1643    958.6227     11946.18     629.3472  14.8069   0.0572     8.59    0.261  14.21   2      31.26     904.0316     78.95724
        68    838.5170    957.5225     7886.269     525.4984  15.2578   0.0724     9.19    0.582 -11.18   2      24.11     696.7298     77.10971
        69    708.4323    957.3417     6374.435     485.6237  15.4889   0.0827     8.66    0.572 -10.66   0      20.18     576.1901     77.17397
        70    189.6012    954.7000     34045.27     475.9943  13.6699   0.0152     9.69    0.505   4.87   3      106.2     4569.989     88.33762
        71    191.3574    948.7043     41327.87      594.665  13.4594   0.0156    11.00    0.438   0.97   3      120.9     5146.699     89.08574
        72    639.1398    953.3698     11859.42     679.9704  14.8148   0.0623    11.45    0.513 -25.76   0      27.21     738.3044     77.64991
        73    900.7377    946.8801      92101.8     517.2216  12.5893   0.0061     9.78    0.467   5.67   3      243.1     10906.89     103.0497
        74    902.2777    941.4758     112985.6     596.8859  12.3674   0.0057    11.63    0.387   5.21   3      270.1     12005.66     105.2917
        75    946.9637    949.2416     37473.25     455.9702  13.5657   0.0132     9.45    0.511   5.69   3      117.6     5038.719     89.53544
        76    948.6270    943.4568     57960.82     705.6013  13.0922   0.0132    10.23    0.274 -11.68   3      140.5     5803.772     91.45679
        77    753.0557    950.4845      8153.74     491.4183  15.2216   0.0655     7.54    0.252  20.22   0      24.02     791.1711     77.59631
        78    709.1774    951.8109     5002.258     404.0098  15.7521   0.0877     7.69    0.491  -0.39   0       18.8     770.1328     78.15804
        79    969.5693    942.1940     11587.51     486.3973  14.8400   0.0456     8.94    0.508   8.87   3      36.92     1552.941     80.60306
        80    971.0944    936.6711     24300.58     796.1267  14.0360   0.0356    14.71    0.454   8.32   2      49.02     1657.809     80.09441
        81    147.3676    936.1938     8976.422     509.5678  15.1172   0.0616     9.86    0.374   2.91   3      28.94     1113.197     79.35345
        82     40.1946    940.6019     18517.35     625.9279  14.3311   0.0367     9.38    0.466   2.55   3      45.85     1681.636     80.56455
        83     41.8083    934.8334     17109.53     617.6085  14.4169   0.0392    11.01    0.439  -1.36   3      46.56     1912.191     81.60974
        84    115.4425    934.4666     25364.46     436.2029  13.9894   0.0187     9.41    0.509   2.60   3      82.97      3641.35     85.91523
        85    117.9187    928.5674     38640.16     559.2618  13.5324   0.0157    11.84    0.410  -0.78   3      107.9     4992.662     89.41845
        86    432.6109    929.1025     19389.36      562.277  14.2811   0.0315     9.84    0.504   7.96   3      53.36     1998.473     81.45345
        87    434.9900    923.5772     20936.84     630.0234  14.1977   0.0327    10.92    0.437   6.98   3      56.25     2079.022     81.87569
        88    145.5008    941.9935     6525.011     381.2005  15.4635   0.0634    10.64    0.479   0.99   3      22.37     831.1181     78.12841
        89    724.9446    921.9133     54153.38       524.73  13.1659   0.0105     9.77    0.475   7.57   3      157.3     6852.761     93.68274
        90    726.8466    915.8853     64237.61     591.8534  12.9805   0.0100    10.82    0.431   6.48   3      170.1     7862.823      96.1019
        91    375.8489    922.7562     11947.94     590.2202  14.8068   0.0536    11.99    0.432   4.75   3      35.02     1163.203      79.2928
        92    377.7488    917.0398     15726.79     651.5264  14.5084   0.0450    12.72    0.469  -3.88   3       37.2     1408.232     79.99203
        93    275.3525    923.1429     14792.62     508.9871  14.5749   0.0374    11.13    0.537   6.00   3      42.96     1646.682     80.66666
        94    276.7467    917.1826     16360.97     573.1739  14.4655   0.0380    12.96    0.427  -7.66   3      49.65     1977.646     81.59381
        95    767.3720    919.5587     37295.02     620.4465  13.5709   0.0181     9.58    0.535  -1.63   3      98.71     3925.892     87.03716
        96    769.1689    914.0524     41392.46     621.2951  13.4577   0.0163    12.28    0.420  -6.08   3      109.9     4289.859     87.61395
        97    489.2399    902.8977     19971.64     686.2214  14.2490   0.0373    12.71    0.299 -12.53   3      49.48     1721.462      79.8708
        98    489.5088    919.5356     32267.94     497.5944  13.7281   0.0167     9.59    0.463   3.48   3      97.29     3937.416      86.3209
        99    490.5784    913.4684      51834.9     659.7256  13.2134   0.0138    10.88    0.305  16.44   3      125.7     4410.207     88.10935
       100    893.0014    916.8974      68499.2     477.9978  12.9108   0.0076     9.66    0.486   9.10   3      202.4     9607.882     100.4663
       101    894.9551    911.1305     85063.59     521.1508  12.6756   0.0067    10.37    0.403   6.15   3      225.7     10735.51     102.9857
       102    706.9571    914.9404     12190.72     468.0417  14.7849   0.0417     9.44    0.485   5.76   3      39.04     1660.802     80.50576
       103    709.0696    909.2816      15416.9     586.7496  14.5300   0.0413    12.95    0.441   2.78   3      43.78     1655.423     80.08763
       104    254.2349    912.5923     43028.16     522.9912  13.4156   0.0132    10.10    0.497   1.36   3      127.1     5602.024     91.30907
       105    256.0020    906.5433     50657.05     540.6982  13.2384   0.0116    10.51    0.456  -1.70   3      143.7     6708.794     93.85133
       106    643.3981    912.7495     9962.979     517.0947  15.0040   0.0564    11.47    0.534  17.48   3      33.27     1081.446     78.85324
       107    645.6910    907.1890     12907.45     587.8442  14.7229   0.0495    10.53    0.321  13.67   3      37.26     1436.942     79.66851
       108    187.7628    908.9695     5836.653     468.4122  15.5846   0.0872     7.50    0.756 -77.37   0      20.21     539.8594     77.48555
       109    381.4106    903.7014     14625.99     680.3002  14.5872   0.0505    10.94    0.459  14.62   3      33.82     1133.761     79.00388
       110    383.2792    897.8462     11085.69     516.0229  14.8881   0.0506     8.49    0.390   4.69   3      33.19     1607.885     80.15468
       111    100.5902    895.2430     75037.59     724.0425  12.8118   0.0105     9.51    0.317  -5.29   3      165.7     7302.502     95.44785
       112    102.4765    889.1802     88568.92     782.8699  12.6318   0.0096    10.76    0.208  -2.42   3      191.2     8610.583     98.34898
       113     32.5737    892.2517     129131.8     582.5359  12.2224   0.0049     9.48    0.502   8.44   3      299.8     15070.78     112.4336
       114     34.6419    886.2162     169657.5     859.4831  11.9261   0.0055    11.32    0.506  42.64  19        335     18465.17     119.0976
       115    503.0015    896.4041     18290.45     634.8273  14.3444   0.0377    10.14    0.470  -0.55   3      44.42     1624.566      80.4034
       116    504.9340    890.4824     17694.52     609.2551  14.3804   0.0374    10.83    0.508  -1.26   3      47.34     1994.248     81.04345
       117    120.6962    893.8411      31251.8     520.1859  13.7628   0.0181     9.20    0.496   2.40   3      92.57     3989.391     86.08263
       118    122.6959    887.8810     39605.81     604.1321  13.5056   0.0166    11.63    0.443  -1.44   3      107.8     4520.243     87.84202
       119    897.3339    894.6594     13385.58      586.652  14.6834   0.0476    11.09    0.504   0.37   3      33.83     1094.068     78.88961
       120    898.4462    889.3670       9761.2     498.6912  15.0262   0.0555    12.25    0.493  -6.45   3      31.55     1067.979     79.01939
       121    835.1080    893.9371     18893.78     720.3732  14.3092   0.0414    12.66    0.613  16.47   3      48.96     1352.074     79.22211
       122    837.9745    888.6082     27643.79     844.8612  13.8960   0.0332    13.57    0.502   8.94   3      44.31     1607.138     80.55518
       123    820.2632    891.3538     12246.04     588.2763  14.7800   0.0522     8.06    0.524 -23.24   1      27.54     688.0696     77.71117
       124    779.8612    882.8842     7450.052     484.4602  15.3196   0.0706     8.03    0.404   5.64   2      22.09     927.9023     77.99576
       125    735.0349    886.0527     24095.17      847.731  14.0452   0.0382    13.80    0.653   2.97   3      43.28      1003.61     78.62859
       126    737.8051    881.0618     25521.96     846.6818  13.9827   0.0360    12.86    0.616   1.77   3      38.95     951.3187     78.68314
       127    777.4490    888.4569     7844.115     555.4108  15.2636   0.0769    10.11    0.560   4.64   2      21.95     679.8757     77.89514
       128    584.4761    882.0621     5874.801     421.1532  15.5775   0.0779     6.11    0.283  17.64   0      18.78     664.0658     77.64095
       129    268.7727    881.3721     9724.057     612.9085  15.0304   0.0685     8.66    0.260   5.78   0      24.04     769.8064     78.36378
       130    348.0992    881.3450     3806.797     150.8609  16.0486   0.0430     1.07    0.111 -65.35   0      54.07     3778.015     85.71168
       131    423.8172    878.7433     21896.46     560.4103  14.1491   0.0278    10.14    0.509   6.48   3      62.74     2462.102     82.93224
       132    425.7955    872.8794     21635.76     443.4704  14.1621   0.0223    11.51    0.469   0.63   3       68.1     3043.465     84.51043
       133    512.7116    875.6584     65661.29     555.0419  12.9567   0.0092    10.00    0.475   4.51   3      178.1     7780.498     95.90701
       134    514.5306    869.5828     115404.8     860.1932  12.3444   0.0081    11.20    0.300 -30.78   3      219.5     9714.974     100.8688
       135     43.4897    871.1097     11160.79     626.4869  14.8808   0.0610     8.96    0.490  59.67   2      27.46     584.3818     77.19808
       136    841.1440    870.5170     10038.75     568.5316  14.9958   0.0615     9.13    0.454   0.02   3      25.65     918.9765     77.96974
       137    843.0067    864.9457     14636.45     674.3332  14.5864   0.0500    11.97    0.476   4.65   3      31.32     989.6295     78.79372
       138    349.1682    868.0604     6848.322     377.1281  15.4110   0.0598    10.06    0.595   4.43   3      21.96     923.4762     78.39662
       139    351.8761    862.0427     15360.86     723.1827  14.5340   0.0511     8.37    0.389   2.12   2       33.9     1211.834     79.22816
       140    119.5664    867.8522     10356.44       489.14  14.9620   0.0513     9.24    0.505   2.34   3       34.3     1481.002     79.99657
       141    121.6495    861.9147      17216.7     701.6365  14.4101   0.0443    12.02    0.385  -5.87   2      43.58     1591.157     79.90505
       142    756.3564    862.9787      16563.3     755.8166  14.4521   0.0496    11.66    0.474   3.60   3      29.21     792.4374      78.4294
       143    757.7686    857.1744     14745.02     720.7484  14.5784   0.0531    12.03    0.493 -11.19   2      32.54     796.2632     78.44048
       144    711.6319    861.6998     29215.05     486.3198  13.8360   0.0181     9.94    0.527  -0.05   3      89.36      3443.33     84.43731
       145    712.9131    855.9727     75454.77     1224.677  12.8058   0.0176    19.09    0.493  61.66   2      106.3     3847.653     86.08424
       146    459.6743    865.0331     7061.351     473.2977  15.3778   0.0728     7.65    0.628   0.53   0      21.02     652.6839     77.60762
       147    601.6996    861.9023     18208.83     783.6224  14.3493   0.0467    12.24    0.461   7.48   3      33.26     954.1614     77.44817
       148    603.0358    856.2165      14075.4      662.038  14.6288   0.0511    11.50    0.447   0.41   3      35.08     1208.946     79.83009
       149    581.2608    861.4266     6737.906     441.3015  15.4287   0.0711    11.28    0.471   1.32   3      24.82      1010.84     78.85488
       150    583.7698    855.2872     12122.55     652.1309  14.7910   0.0584    13.44    0.478  -5.53   3       32.1     1200.643     78.99154
       151    463.7560    859.4551     10859.34     605.3655  14.9105   0.0605     9.72    0.669   6.52   0      25.81     742.8989     78.07881
       152   1004.7709    843.4509     25913.72     756.4878  13.9662   0.0317    10.74    0.498   7.96  19      46.89     1829.799     81.18095
       153   1005.8098    838.0895     20513.21     636.2585  14.2199   0.0337    12.34    0.505  -4.93  19      49.72     1717.254     80.46419
       154   1011.0032    856.8458     27081.63     537.5106  13.9183   0.0216    10.00    0.516   3.49  19      82.01     3452.568     85.60355
       155   1012.4341    851.4987     34953.27     595.6281  13.6413   0.0185    10.53    0.447  -1.84  19       94.9     3582.858     85.00254
       156    974.1451    858.7762     7375.281      480.233  15.3306   0.0707     8.31    0.549 -11.51   3      23.01     722.7507     77.81254
       157    976.8350    852.5634     23718.38     829.3023  14.0623   0.0380    12.40    0.568  -6.99   2      36.28     964.3861     78.72088
       158    308.8103    856.2274     11686.21      510.775  14.8308   0.0475    10.80    0.442  -0.02   3      37.77     1397.344     79.96109
       159    310.5686    850.4661     15745.73     545.4489  14.5071   0.0376    12.15    0.498  -4.78   3      41.38      1618.42     80.38602
       160    106.6445    875.6248     6929.466     471.5222  15.3983   0.0739     7.52    0.636  -0.51   0      19.39     663.1532     78.05386
       161    199.4814    849.9856     14097.61     564.4491  14.6271   0.0435    15.89    0.281 -71.01   0      33.31     626.2856     77.53027
       162    345.8682    849.2908     10445.95     652.1667  14.9526   0.0678    10.76    0.437  79.74   0      24.99     622.1702     77.09973
       163    515.8878    848.8781     11729.66     629.9114  14.8268   0.0583    11.27    0.383   5.10   3      26.91     918.4621     77.96825
       164    517.1473    843.0397     9270.729     580.8936  15.0822   0.0680    10.18    0.440  -2.28   3      26.19     1114.921     79.15429
       165    428.9956    847.3872     12460.84     624.3729  14.7611   0.0544     9.84    0.470  -6.58   3       26.5     1072.417     78.82722
       166    430.6258    841.4523     9123.891     586.3796  15.0996   0.0698    12.10    0.498  -3.87   2      27.69     1065.784     79.01308
       167    839.6826    855.3464     23696.07     857.5845  14.0633   0.0393    18.60    0.378  -6.66   2      44.16     896.7398      77.9049
       168    443.2045    846.9199     7057.894     433.1436  15.3783   0.0666     6.43    0.539   3.00   0      22.89     780.3845     78.18785
       169    934.0862    842.5229      20822.3     526.4749  14.2037   0.0275    13.76    0.479   2.28   3      60.42     2318.638      81.9481
       170    936.1029    837.0947     23441.27     579.4744  14.0750   0.0268    14.15    0.437  -0.08   3      63.48     2604.198     82.54053
       171    104.3924    841.4664     19012.28     564.2786  14.3024   0.0322     9.72    0.470   1.54   3      54.23     2147.204     81.86739
       172    106.5685    835.3380     22139.08      602.915  14.1371   0.0296    11.75    0.463  -4.78   3       61.4     2555.729     82.99375
       173    397.6542    836.3647     58025.12     485.6469  13.0910   0.0091    10.13    0.484   2.42   3      170.3     7351.728     95.22585
       174    399.5063    830.2105     68056.53     547.2245  12.9178   0.0087    11.34    0.446   0.20   3      187.7      8767.08     98.54595
       175    874.3690    831.1784     67958.26     777.9039  12.9194   0.0124    15.61    0.092  42.37   0      125.5     3022.049     84.64413
       176    850.9545    838.4357     5793.426     455.2565  15.5927   0.0853     9.69    0.379  10.55   3      20.48     757.8895     78.12244
       177    853.5147    833.1434     7535.349     544.9933  15.3072   0.0785    11.17    0.519  -2.84   3      23.52     865.1212      77.8126
       178    666.4794    836.8354     9369.522     583.7101  15.0707   0.0677    11.35    0.409  -3.08   2      24.83     830.5164     78.12666
       179    667.3027    831.0071     6663.083     450.3343  15.4408   0.0734     9.89    0.550  -6.86   3      22.19     874.4816     78.25446
       180    273.1778    827.2022     8799.365     525.1236  15.1389   0.0648    11.92    0.493   6.93   3      24.66      917.207     78.37844
       181    275.1019    821.2606     8059.246      524.032  15.2343   0.0706    11.74    0.459  -6.30   3      27.26     1164.714     78.68278
       182    331.8865    821.3179     8969.357      461.244  15.1181   0.0558    10.02    0.503   7.16   3      31.26     1341.841     79.39675
       183    333.8943    815.3030     13642.59     601.0508  14.6628   0.0478    13.89    0.264  -6.94   3      39.44     1497.303     79.63766
       184    176.8315    820.0050     43599.16     507.5465  13.4013   0.0126    10.61    0.560   9.29   3      120.5     5199.097      90.3006
       185    179.4706    814.1788     49061.56     540.0272  13.2731   0.0120    11.09    0.499  10.07   3      133.1     5657.445     91.26985
       186    474.7000    820.4233     6974.492      495.791  15.3912   0.0772     8.06    0.489  33.51   0       20.8     654.1575     76.56274
       187    542.4649    818.6614     26038.41     546.7703  13.9610   0.0228    11.02    0.536   2.38   3      72.61     2810.559     83.68867
       188    544.3936    812.5781     24064.06     472.0619  14.0466   0.0213    13.14    0.486  -0.02   3      76.11     3123.669     84.53471
       189    530.2580    813.9431     28839.46     424.8875  13.8500   0.0160     9.95    0.497   6.46   3      91.03     3517.452     85.96402
       190    531.8087    808.3140     32641.09     438.1357  13.7156   0.0146    10.39    0.456   1.88   3      100.3     4205.674     87.39529
       191    597.4605    817.6886     17641.45     744.2817  14.3837   0.0458    10.89    0.417   3.16   2      32.93     1106.558     78.51462
       192    599.5591    811.8423     9523.883     541.3583  15.0530   0.0617    11.07    0.494  -5.99   3      28.36     1190.662     78.96281
       193    803.7718    811.1488     97380.58     498.0765  12.5288   0.0056     9.71    0.491   3.17   3        256      12472.3     106.9011
       194    805.3153    805.3420       117248     552.8459  12.3272   0.0051    11.41    0.427  -1.65   3      282.8     13462.97     108.5407
       195     27.0708    811.9374     20439.27     815.1161  14.2238   0.0433    15.86    0.254 -56.06   0      38.62     780.5819     77.98127
       196    737.3120    814.6429     7073.526     508.7184  15.3759   0.0781     8.53    0.587 -10.68   2      21.52      758.752      77.5013
       197    738.9376    808.6429     6420.678     478.0923  15.4810   0.0809     7.99    0.350  19.10   2      20.45     778.1241      77.9741
       198    398.9903    807.0251     236893.8     570.3024  11.5636   0.0026    10.21    0.464  -0.01   3      504.2     30641.74     140.3092
       199    401.2682    800.8589     210436.6     497.7011  11.6922   0.0026    10.26    0.505   1.79   3      480.6     35210.85     147.4151
       200    207.0510    811.8953     12022.04     360.5814  14.8001   0.0326    11.00    0.515   4.58   3      44.78     1754.552     80.16693
       201    209.4443    806.1093     17577.91     471.5088  14.3876   0.0291    10.64    0.414   4.05   3      54.41     2234.136     81.71341
       202    693.8492    803.3749        23880     838.0776  14.0549   0.0381    12.69    0.291 -11.45   2      40.06     987.0121     78.99122
       203    574.2768    801.8811     17007.31     517.8441  14.4234   0.0331    17.33    0.193 -55.25   3      43.06     722.4261     77.18541
       204    560.3232    794.3584     37715.06     693.8238  13.5587   0.0200    19.98    0.401 -12.72   2      73.39     1573.173       80.258
       205    666.5881    804.2760     13567.06     697.5607  14.6688   0.0558    10.74    0.499 -10.91   2      28.25     641.8983     77.78426
       206    667.2548    798.6414     12586.63     652.2927  14.7502   0.0563    10.39    0.586  -7.64   2      30.73     694.4327     77.93761
       207    621.8595    800.0552     6261.463     494.6471  15.5083   0.0858     8.22    0.615  -5.25   0      19.45      635.795     77.97416
       208     82.3416    799.3066     6845.712     439.5207  15.4115   0.0697     6.33    0.175   7.95   0      21.47       707.83     77.14242
       209    241.7455    794.1687     23701.18     740.1439  14.0631   0.0339     8.81    0.269   7.64   3      49.13     1635.965     80.23426
       210    243.3489    787.6027     27065.99     799.9547  13.9189   0.0321    10.75    0.369   1.96   3      52.43     1651.964      80.4808
       211     37.4486    796.0267     11929.26     573.5332  14.8085   0.0522    11.58    0.417  -1.44   3      36.43     1486.875     80.41656
       212     39.4974    789.8300      14351.6     543.3813  14.6077   0.0411    13.09    0.447  -8.97   3      40.92     1676.298     79.74217
       213    625.5060    793.8049     3609.206     325.5381  16.1065   0.0980     4.57    0.254   1.46   0      16.08     789.3391     78.00678
       214    395.3040    788.0272     178598.1     1126.991  11.8703   0.0069    33.99    0.497  85.86   3      260.8     3755.914       85.464
       215    925.9343    789.0776     4923.756     425.4195  15.7693   0.0938     7.11    0.618   5.44   0      17.56     693.1709     77.30875
       216    977.3986    786.2443     7066.461     465.5468  15.3770   0.0715    11.60    0.472  -1.45   3      23.64     947.6414     78.87786
       217    979.0085    780.5219     7085.517     470.7391  15.3741   0.0722    11.73    0.466  -0.24   3       25.1       913.71      78.3683
       218    928.7991    782.4814     12619.66     582.2025  14.7474   0.0501     8.56    0.395   5.15   0      28.77     1046.145     78.95657
       219     99.7506    781.3754     26372.57     474.0259  13.9471   0.0195     9.51    0.492  -1.23   3      87.14     3648.823     86.31065
       220    101.6112    775.3452     32138.41     469.0866  13.7324   0.0159    10.97    0.476  -1.99   3      98.61     4350.168     87.95435
       221    283.6774    782.1499     14903.61     682.7663  14.5668   0.0498    11.17    0.646  -2.21   2      27.89     715.3007     77.58255
       222    286.8737    776.1781     6348.386     459.0707  15.4933   0.0785     7.61    0.475   3.42   2      21.22     678.9456     77.89243
       223    153.7079    775.5745     193787.3     557.2286  11.7817   0.0031     9.54    0.462   4.85   3      427.4      25763.4     131.6808
       224    156.1676    769.4269     241068.8     612.2593  11.5446   0.0028    10.93    0.395   5.56   3      489.7     31538.87      141.869
       225    961.4075    773.2293     8180.133     496.3433  15.2181   0.0659     7.25    0.352  17.52   0      22.77     819.1832     78.50686
       226    421.3578    773.7522     6314.614     489.7419  15.4991   0.0842    10.25    0.619   4.16   2      21.36     876.2054     78.46588
       227    424.4839    767.7806     9080.038     514.3532  15.1048   0.0615    11.70    0.380   2.42   3      28.12     1102.294     78.91331
       228      6.9805    766.0374     12440.91     150.4648  14.7629   0.0131     0.00    0.055 -57.74   0      147.1     11726.69     105.6108
       229     33.5046    764.9213     10635.29     589.7145  14.9331   0.0602     9.66    0.452   6.19   3      30.19     1355.307     79.23139
       230     36.2091    758.8586      14739.1     654.8973  14.5788   0.0483    11.56    0.407   1.16   3       38.4     1599.092     80.53248
       231    543.7595    758.6132     4446.103     398.6567  15.8801   0.0974     6.42    0.621  10.40   0      18.09     645.6432     78.20995
       232    218.9276    758.1161     6076.187     453.6181  15.5409   0.0811     9.25    0.587 -15.50   2      20.56     749.1226     77.47306
       233    220.0511    751.9671     7204.507     490.9791  15.3560   0.0740     9.13    0.350  17.31   2      23.95      923.584     78.39693
       234    401.1245    753.9877     19112.66     488.2472  14.2967   0.0277    10.15    0.507   3.73   3      61.51     2547.399     83.16566
       235    403.5780    748.2170     22917.96     505.4524  14.0996   0.0240    10.74    0.409   3.99   3      72.02     3059.711      84.7452
       236    714.2492    748.2975       8372.2     559.2541  15.1929   0.0725     9.45    0.547 -21.72   2      24.57     546.8819     76.66678
       237     25.4037    750.7679     29248.56     495.3977  13.8347   0.0184     9.66    0.461   0.24   3      90.08      3637.76     86.28151
       238     27.6628    744.7261     28846.33     447.1505  13.8498   0.0168    10.84    0.482  -2.16   3      94.76     4386.283     87.86372
       239     92.4429    750.1274     25364.33     509.7345  13.9894   0.0218    10.28    0.531   0.87   3       73.4     2850.639     83.79745
       240     93.9513    744.3403     31976.87     620.4539  13.7379   0.0211    10.13    0.460  -1.32   3      82.99     3138.303     84.57404
       241    242.3189    749.9376     10833.67     613.3198  14.9131   0.0615    11.54    0.378   6.72   3      29.25     993.5626     78.18685
       242    244.4360    744.2390     11944.13     556.3596  14.8071   0.0506    11.34    0.493  -1.34   3      33.45     1372.869     79.68877
       243    276.3184    745.8861     36450.39     684.0145  13.5957   0.0204    15.68    0.683   3.53   3      85.29     3192.023     84.52713
       244    278.5171    740.2836     43150.94     741.7435  13.4125   0.0187    17.80    0.676   2.50   3      96.48     3332.038     84.90276
       245    798.1598    746.0225     7909.149     527.8118  15.2547   0.0725     9.77    0.472   3.22   2      22.21     792.2646     78.42889
       246    800.3143    740.1772     7381.624     507.2641  15.3296   0.0746    10.00    0.395   0.23   2      24.27     985.3215     78.16289
       247    945.1953    744.4692     7179.581     428.5145  15.3598   0.0648    10.28    0.528   9.03   3      26.82     1141.857     79.02717
       248    946.5046    738.5597     28798.93     794.3611  13.8516   0.0300    12.27    0.103  71.77   2      58.82     1670.972     79.72699
       249    427.7042    744.0066     11457.04     604.2528  14.8523   0.0573    11.09    0.495  -1.92   3      28.22     1137.616     79.01498
       250    429.1674    738.3831       8946.9     511.1394  15.1208   0.0620    11.67    0.458  -3.96   3      30.04     1134.296     79.41386
       251    891.6075    735.2255     193867.9     577.9233  11.7812   0.0032     9.70    0.468   7.40   3      425.1     23682.73     128.5438
       252    893.6146    729.4465     217562.4     604.8093  11.6560   0.0030    11.44    0.381   3.10   3      462.3     26449.59     133.4673
       253    670.2213    736.6129     7801.256     524.6914  15.2696   0.0730     9.49    0.459   1.87   2      24.32      758.312     78.12366
       254    132.9719    741.5009     7788.773     513.7823  15.2713   0.0716     7.97    0.525 -10.27   0      23.93     711.3139     76.94274
       255    237.1611    737.1105      13922.1     602.5004  14.6407   0.0470     9.29    0.380   1.11   3      36.98     1320.491     79.13145
       256    238.9757    731.1328     10980.78     484.4471  14.8984   0.0479    10.32    0.510  -1.93   3      33.57     1500.468     80.05185
       257      4.0032    737.6304     6765.607     155.2544  15.4242   0.0249     0.86    0.176  88.72  16      86.02      6423.47     93.33129
       258    588.3274    729.7480     60074.68     782.8628  13.0533   0.0142    20.55    0.044 -33.06   2      126.5     1906.602     80.99724
       259    578.9480    717.2577     21610.79     838.4272  14.1633   0.0421    16.97    0.186 -63.53   3      40.58     587.6053     77.83357
       260    368.1367    732.4887     7053.995     474.1478  15.3789   0.0730    10.22    0.479  -4.36   3      23.82     877.0304     77.84738
       261    369.4671    726.7294     8967.057     589.7573  15.1184   0.0714    12.04    0.502  -4.64   2      26.51     980.5578     78.35575
       262    723.1603    727.3271     28022.42     934.5026  13.8812   0.0362    18.44    0.364 -36.61   0      52.42         1378     79.70339
       263    698.9580    731.4648     8406.638     547.5765  15.1884   0.0707    12.07    0.424  -1.27   3      26.33     913.4128     78.36744
       264    700.9551    725.6180     6989.089     480.0502  15.3889   0.0746    10.55    0.543  -1.15   3      25.06     1184.038     79.55608
       265    899.8548    712.8305      18895.9     537.8112  14.3091   0.0309     9.98    0.523  10.36   3       53.5     2182.427     81.76752
       266    902.2854    707.3452     26537.91     660.2054  13.9403   0.0270    10.83    0.383   1.53   3       65.9     2287.465      81.8616
       267    274.4389    709.5045     7491.593     448.0527  15.3136   0.0650     6.15    0.375  28.26   2      22.33     650.1975       76.762
       268    978.2121    706.4754     8834.509     505.5204  15.1345   0.0621     7.06    0.390  -2.17   0      23.17     817.3961     78.29536
       269    721.5613    704.1939     24088.35     403.7359  14.0455   0.0182    13.00    0.536   6.29   3      79.38     3670.045     86.36651
       270    723.5483    698.5237     30081.19     563.0021  13.8043   0.0203    10.95    0.422   1.60   3      88.94      3525.98     85.42033
       271    944.0467    698.9697     7612.153     496.0832  15.2962   0.0708    10.62    0.409  -7.66   3      25.01     908.8207     78.76593
       272    138.8490    696.6632     7980.751     493.8012  15.2449   0.0672     9.69    0.553   2.63   3       24.7     814.1727      78.0791
       273    140.6205    690.7450     8846.799     542.5667  15.1330   0.0666    11.06    0.380  -6.13   3      25.93     1001.269     78.82729
       274    149.2541    703.4982     12053.75     488.2744  14.7972   0.0440     9.83    0.467   2.85   3      39.41     1668.287     79.92199
       275    150.7595    697.3931     17106.87     627.9966  14.4171   0.0399    11.55    0.503   0.90   3      45.83      1717.87     81.06677
       276    572.6633    703.5157     8120.205     540.7687  15.2261   0.0723    10.88    0.520   0.81   2      23.73      698.574     77.32462
       277    574.0042    697.3419     8484.064      558.576  15.1785   0.0715    11.09    0.535  -6.49   2       24.8     979.3597      78.7641
       278     18.3553    704.2417     4571.645     413.6619  15.8498   0.0983     6.34    0.603  -5.93   0       17.4     538.2144     77.06204
       279    232.7914    701.3179     7979.981     504.3349  15.2450   0.0686    10.89    0.393  -9.48   2      26.12     1034.543     78.71794
       280    235.3563    695.1415     5595.352     402.3381  15.6304   0.0781     9.71    0.359  -2.87   3      20.55     874.4198     78.25427
       281    979.9696    700.2905     5795.097     448.9963  15.5923   0.0841     7.84    0.537   1.23   0      19.97     728.4028      76.9932
       282    430.3824    697.7991     5669.282     463.1211  15.6162   0.0887     8.21    0.662 -10.61   0      19.31     615.8538     77.49969
       283    942.4839    704.5012     6778.062     391.8122  15.4222   0.0628     9.97    0.501  -1.29   3      24.44     1006.669     78.01788
       284    449.7468    692.3375     6798.395     446.7967  15.4190   0.0714     6.06    0.463   3.31   0      24.29     770.6504     77.95232
       285    431.5804    692.6025       8653.4     546.9401  15.1570   0.0686     9.15    0.628  -9.28   0      21.66     702.0614     77.75208
       286    693.8578    684.6611     40484.95     571.4482  13.4818   0.0153    10.14    0.506   2.05   3        111     4347.532     87.94754
       287    695.4747    679.0588     47089.95     650.6732  13.3177   0.0150    10.86    0.464  -1.30   3      118.1     4771.606     88.67258
       288    452.1897    686.7104     9066.087     535.9096  15.1065   0.0642     8.71    0.451   7.53   0      24.05     820.8864     77.89124
       289    664.0757    683.5845     21247.87     685.4651  14.1817   0.0350    12.09    0.463   2.11   3      52.63     1824.659     81.16656
       290    666.2900    677.8149     26892.02      721.212  13.9259   0.0291    12.19    0.554  -6.44   3      56.14     2193.787      81.6011
       291    490.4695    679.9778     31453.97      789.506  13.7558   0.0273    10.40    0.491  11.11   3      54.68     2109.538     81.96036
       292    492.9894    673.9985     25806.76     681.6564  13.9707   0.0287    11.34    0.472   1.79   3      59.58     2556.215     82.99509
       293    302.3797    682.5239     7850.087     423.1745  15.2628   0.0585     4.94    0.324  52.42   0       23.6     663.7894      77.8482
       294    466.6553    678.5645     33195.14     518.7006  13.6973   0.0170    10.01    0.497   2.63   3      100.1     4207.789     87.40079
       295    468.8079    672.6062     38667.54     568.5953  13.5316   0.0160    11.59    0.428   1.39   3      112.7     4870.853     89.10831
       296     13.1115    680.9108     7480.887      480.283  15.3151   0.0697     9.43    0.527 -14.38  19      24.97      1023.19     78.47931
       297     14.9338    675.1468     10864.25     582.2118  14.9100   0.0582     9.36    0.433  -1.86  18      29.33     1379.131     79.70662
       298    516.3542    676.3966     36055.79     761.1243  13.6076   0.0229    10.80    0.570   4.65   3      72.71     2790.273     83.82676
       299    518.3259    670.5974     30046.04     652.1762  13.8055   0.0236    10.47    0.469   1.07   3      78.13      3122.49     84.53154
       300    948.7474    672.0995     40657.02     435.8268  13.4772   0.0116     9.30    0.474   2.03   3      125.2     5302.979     89.66414
       301    950.2794    666.4503     44733.89     498.4112  13.3734   0.0121    10.75    0.451  -1.09   3      130.6     5402.803     90.09653
       302    180.9774    652.2797      71758.1     1058.893  12.8603   0.0160    27.01    0.493 -57.25   3      124.1     1808.589      80.9219
       303    175.3571    671.9946     72030.69     561.2581  12.8562   0.0085     9.77    0.509   3.38   3      191.4     8674.952     98.66171
       304    177.6031    666.1414     72958.55     483.4709  12.8423   0.0072    10.87    0.519   2.11   3      206.9     10385.19     102.3678
       305   1021.5755    672.6355     9386.348     402.4693  15.0688   0.0466     5.90    0.281  30.17  16      24.33     725.2468     78.23445
       306    829.6498    672.5979     7439.828     466.5966  15.3211   0.0681     7.48    0.155  -0.00   0      24.35      847.362     78.17565
       307    712.1404    670.8944     31041.92     507.5009  13.7701   0.0178    11.63    0.529   4.37   3      92.56     3738.607     85.60712
       308    713.8645    665.2496     33563.76     492.4709  13.6853   0.0159    12.90    0.463  -0.44   3      103.7     4200.857     87.38277
       309    864.3875    671.3274     8017.675     556.9359  15.2399   0.0754    10.00    0.399  60.95   0      22.84     585.0198      77.6179
       310     78.5187    665.0671      9840.18     533.2127  15.0175   0.0588     7.13    0.415  24.76   2      25.29     824.4354     77.69368
       311    581.8007    669.4501     10765.27     601.9806  14.9199   0.0607    12.40    0.432  -1.69   2      36.85      923.717     78.39732
       312    582.9243    664.1602     8998.991     591.8231  15.1145   0.0714    10.90    0.555  -6.11   3      25.92     829.1228     78.12261
       313    435.2872    668.6278     6148.923     535.4269  15.5280   0.0946    11.10    0.450  14.36   2      20.39     647.3093      77.1738
       314    438.3817    663.1321     6956.334      476.653  15.3940   0.0744    10.30    0.438  -7.01   3      23.12     859.7245     78.41813
       315    140.4104    668.3624     9500.957     510.5943  15.0556   0.0584    11.53    0.482   7.42   3      31.85     1325.518     80.16128
       316    142.7897    662.1351     13715.44     588.1566  14.6570   0.0466    10.15    0.405  -7.54   3       39.4     1632.315      80.4253
       317    830.6981    666.1446     8205.221     452.0075  15.2148   0.0598     6.84    0.452  19.84   0      22.36     711.8112     77.36353
       318    219.9815    656.6443     25289.84     459.6387  13.9926   0.0197     9.83    0.510  -0.32   3      80.98     3485.525     85.87957
       319    221.5931    650.7031     47603.54      921.431  13.3059   0.0210    18.68    0.667  10.65   2      87.26      3887.28     86.56335
       320    938.0607    651.0995     39279.08      468.235  13.5146   0.0129    10.04    0.508   7.76   3        118     4841.847     88.48758
       321    940.0102    645.5272     44107.89     528.0751  13.3887   0.0130    10.66    0.462   5.35   3      124.9     5406.711     90.46471
       322    693.6140    653.2348     8667.251     494.9348  15.1553   0.0620    10.67    0.476  -4.04   3      26.56     1038.348     79.34293
       323    695.0089    647.1017     11879.63     567.8445  14.8130   0.0519    11.11    0.452  -3.37   3      32.27     1211.993     79.22861
       324    624.6946    644.3375     13691.69     755.4881  14.6589   0.0599    13.65    0.544 -13.91   2      31.48     967.5922     78.11132
       325    461.4461    649.0366     24409.98     681.7839  14.0311   0.0303    10.40    0.510   4.52   3      55.08     2153.134     81.88385
       326    463.5276    643.3725     26707.81     671.1979  13.9334   0.0273    10.97    0.417   4.07   3      63.48     2471.625     82.76311
       327    796.2424    647.9200     19641.23     869.6288  14.2671   0.0481    13.79    0.300  -4.25   2      38.01     851.3377     77.98005
       328     27.5829    641.1608     69341.89     503.1191  12.8975   0.0079     9.57    0.450   1.38   3      188.8     8784.749     99.07771
       329     29.6632    635.0622     74769.96     538.8639  12.8157   0.0078    11.10    0.433   2.45   3      205.5     9901.605     100.9685
       330    389.9072    639.9048     62482.64     508.0344  13.0106   0.0088     9.74    0.460   4.80   3      174.7     7634.982     95.73067
       331    392.0468    634.2117      68691.2     535.5394  12.9077   0.0085    11.39    0.421   5.40   3      185.2     9056.741     99.53729
       332    344.9692    645.7598     7406.739     431.4561  15.3259   0.0633     6.08    0.548 -11.45   0      23.85     782.4329      78.4004
       333    963.0950    632.7853     7714.144     539.8494  15.2818   0.0760    11.51    0.501   0.75   2      25.33     515.5419     76.78477
       334    167.9401    637.3979     24275.75     432.8414  14.0371   0.0194    10.18    0.500   2.77   3      79.24     3270.268     85.11819
       335    169.9325    631.2380     25189.12      426.738  13.9970   0.0184    11.35    0.468  -1.11   3      84.27     3804.833     86.34661
       336      5.2106    638.9905     3096.614     149.7872  16.2728   0.0525     0.99    0.115  -0.96  16      47.74     2803.085     83.66838
       337    267.0704    635.5872     25793.18     523.2339  13.9712   0.0220     9.99    0.494  -1.16   3      79.26     3226.427     84.81052
       338    269.3110    629.4424     33483.18     640.8746  13.6879   0.0208    11.39    0.516  -3.63   3      86.04     3795.086     85.94535
       339    859.5518    628.8036     7595.481     537.5472  15.2986   0.0769     8.10    0.603  -1.40   0      20.23     625.5116       77.528
       340    223.8045    624.5572     8130.681     473.8109  15.2247   0.0633    10.90    0.549  -8.14   2      25.63     905.3188     78.75582
       341    225.5540    618.6686     7112.685     446.0509  15.3699   0.0681    10.88    0.561  -4.70   2      24.18     947.4683     78.46614
       342    735.8683    621.8434     23022.13     532.7638  14.0946   0.0251    10.26    0.448   1.95   3      68.81      2550.23     82.97869
       343    737.7754    616.1513     21462.02     502.3882  14.1708   0.0254    12.50    0.532  -2.33   3      67.12     3024.633     84.65108
       344     10.1387    632.4704     8291.732     183.5603  15.2034   0.0240     5.94    0.292 -41.15   0      77.71     6502.868     93.17788
       345    704.8992    620.9291     8249.163     542.3163  15.2090   0.0714    10.63    0.383   1.99   3       24.1     920.5638     77.34951
       346    706.8753    614.8286     12672.12     635.3638  14.7429   0.0545    10.27    0.432  -4.81   3      26.91     931.7695     78.42065
       347    344.8042    618.6980     18396.37     841.4092  14.3382   0.0497    15.72    0.302 -76.38   2      31.83      666.814     77.64899
       348    904.0400    611.4266     9745.693     585.9308  15.0280   0.0653    10.47    0.515  -0.21   2      24.39     879.8409     78.68227
       349    656.9811    611.0660     15935.71     660.2308  14.4941   0.0450    13.43    0.365   2.47   3      37.67     1153.296      79.2644
       350    659.2890    605.1803     17577.62     748.5965  14.3876   0.0463     9.92    0.401   9.18   3      41.26     1384.351     79.31466
       351    902.0605    616.6202     7213.286     475.0761  15.3547   0.0715     9.50    0.550  -0.81   2      22.86     797.9928     78.03199
       352    977.2418    606.9962     11304.16     491.2294  14.8669   0.0472    10.94    0.443   9.52   3      39.39     1488.392     80.42085
       353    979.4389    601.4142     13936.38     570.7965  14.6396   0.0445    11.13    0.488   6.29   3      40.81     1718.153     81.26685
       354    567.5343    608.8195     5493.682     478.4973  15.6503   0.0946     7.74    0.633 -11.19   0      20.59     586.0475      77.6209
       355    545.0002    606.1927     33781.41     474.1656  13.6783   0.0152    10.17    0.485   5.01   3      105.6     4179.129     87.32624
       356    547.3418    600.3223     37733.34      585.053  13.5582   0.0168    11.31    0.455   1.56   3      111.8     4924.894      88.8828
       357    270.5781    606.9273     8215.702     436.5387  15.2134   0.0577     5.71    0.411  -6.21   0      22.82     647.0339     77.79927
       358    123.9114    601.3010     8185.981     557.0046  15.2173   0.0739    11.10    0.373  -9.36   2      25.43     751.9338     77.27225
       359     75.3779    600.8837     8651.441     447.7383  15.1573   0.0562     6.27    0.235 -81.23   0      20.02     694.8524     77.31369
       360    402.2776    600.3453     6834.767     520.4016  15.4132   0.0827     9.40    0.536 -14.60   2      21.01     732.6468     77.63335
       361    404.1735    594.4346     7313.538     499.1973  15.3397   0.0741     9.70    0.470   2.50   2       22.7     881.9216     78.68828
       362    717.3923    595.8115     20228.55     676.2153  14.2351   0.0363    11.67    0.489 -12.50   3      48.02     1592.424     80.31249
       363    718.9943    590.2861     17232.67     584.0004  14.4091   0.0368    12.94    0.450  -4.33   3      45.96     1670.951     80.53441
       364    183.0240    596.3076     51670.66      475.914  13.2169   0.0100    10.24    0.524  -0.90   3        156     6641.031     92.99389
       365    184.8091    590.2952     62352.21     532.8425  13.0129   0.0093    12.50    0.460  -1.86   3      171.1     8075.561     96.93801
       366    518.2479    587.2616      7809.89     496.1737  15.2684   0.0690     8.81    0.534 -10.75   3      23.64     973.6272     78.54187
       367    520.6266    581.3113     15250.88     606.3453  14.5418   0.0432    13.45    0.541 -11.53   3      36.48     1262.222     78.96392
       368    162.0961    584.4301      11402.2     559.7621  14.8575   0.0533    10.16    0.432   2.60   3      38.49     1447.117     79.08629
       369    164.7425    578.5157     11397.92     542.1445  14.8579   0.0517    12.38    0.498  -0.92   3       37.2     1657.064     80.09229
       370    880.4166    580.7259      9252.86     542.7368  15.0843   0.0637     8.45    0.605  -8.22   0      24.71     664.6974     77.85085
       371    139.1341    571.1925     21445.02      751.386  14.1717   0.0381    11.68    0.162 -49.28   0      43.34     1029.854     78.70441
       372    527.7858    574.6007     10518.84     563.7241  14.9451   0.0582     8.85    0.458  15.35   0      26.14     681.4388     77.69178
       373    819.9169    567.0027     24219.68     856.7797  14.0396   0.0384    16.85    0.157 -72.01   0      45.83      818.485     78.29852
       374    906.1300    569.5779     11281.65     505.8205  14.8691   0.0487    10.14    0.453   7.23   3      34.48      1320.42     79.53904
       375    907.8082    564.1512     10688.36     516.6313  14.9277   0.0525    11.82    0.461   7.54   3      33.32     1343.662     79.80836
       376    660.9924    563.7542     107831.5     520.9922  12.4181   0.0052     9.97    0.472   6.37   3      282.9     13449.66     109.1075
       377    663.0814    557.8708     168433.6     712.4944  11.9339   0.0046    11.19    0.308  13.41   3      337.1     15700.31     113.1286
       378    309.7688    567.8436     8275.506     541.5811  15.2055   0.0711    11.26    0.492   2.50   3      25.87     900.0641     78.74066
       379    311.7664    562.2484     9635.529     581.0364  15.0403   0.0655    11.26    0.491  -1.66   3      26.72     1109.407     78.93379
       380    867.0217    562.8840     12694.48     563.1663  14.7410   0.0482    10.87    0.516   6.62   3      35.73     1354.348     79.22864
       381    868.4803    557.3149     21678.12     800.4459  14.1599   0.0401    15.82    0.607  10.47   3      44.73     1510.345     79.67487
       382    882.3320    575.1165     7136.555     482.6403  15.3663   0.0734     7.39    0.569  15.58   0      21.66     736.1989     77.43513
       383    516.7865    559.3129     11235.58     628.4474  14.8735   0.0607    14.90    0.252 -59.23   0      28.99     518.9646     77.00525
       384    979.9614    555.9224     47135.68     594.8445  13.3166   0.0137     9.93    0.411   5.37   3      127.6     5423.951     90.50801
       385    981.6481    550.3542     47234.88     520.9491  13.3143   0.0120    11.91    0.439   0.84   3      133.1     5614.658     91.16324
       386    496.2311    559.2784      12163.1     538.7249  14.7874   0.0481    11.04    0.462   3.64   3      42.13     1632.681     80.42634
       387    498.0757    553.5450     15003.99     516.1813  14.5595   0.0374     9.35    0.487   3.79   3      46.25       1903.2     80.98769
       388    253.4816    558.8578     17535.96     619.7261  14.3902   0.0384    10.69    0.441   9.57   3      48.99     1778.234     80.43539
       389    255.6765    553.2197     14305.56     511.9391  14.6112   0.0389    12.13    0.520   4.94   3      45.36     1945.657     81.50465
       390      1.5338    555.2877     4189.591     265.8043  15.9446   0.0689     5.17    0.672 -86.79  26      16.87     748.8243     74.05613
       391    442.9963    555.9260     11291.68     608.8578  14.8681   0.0586    10.45    0.437  63.54   3      29.51      807.875     78.06077
       392    446.5460    551.8101     16249.84     740.0414  14.4729   0.0495    13.27    0.362  56.99   2      37.96     898.7166     78.53106
       393    350.6240    556.0398     17434.95     466.2648  14.3964   0.0290    13.13    0.595   2.64   3      52.53     2121.436     82.19039
       394    352.8103    550.4576     30642.38     685.6301  13.7842   0.0243    10.86    0.269   3.59   3      70.01     2655.263     83.45992
       395    571.9186    554.7952      6703.57     470.5547  15.4342   0.0762     7.33    0.598  15.54   0         20     694.9872     77.93922
       396    574.7951    548.8729     6999.701     466.3821  15.3873   0.0724     7.96    0.303  25.19   0      21.54     746.9963     77.67535
       397    861.4001    548.4532     9166.561     538.2111  15.0945   0.0638     8.11    0.490   5.23   0      23.43     675.6703      77.6749
       398    102.4778    537.6223     674756.2     766.3936  10.4271   0.0012     9.75    0.475   8.26   3      943.9     89228.41     215.1386
       399    105.3487    531.4785     788216.6     819.8126  10.2584   0.0011    11.38    0.374   9.09   3       1053     101918.1     228.0797
       400    889.1973    546.9609     4428.437     348.8761  15.8844   0.0856     2.18    0.207  31.17   0      17.74     950.7592     78.88685
       401    765.0211    545.9510     10451.28     430.2462  14.9521   0.0447    11.83    0.509  12.18   3       36.8     1474.677     80.38208
       402    767.8539    539.9972     14965.72      614.191  14.5623   0.0446    11.69    0.422   3.40   3      41.51     1539.415     80.16235
       403    643.2326    537.7958     48738.91      482.121  13.2803   0.0107    10.13    0.538  -1.69   3        145         6663     93.91277
       404    644.7978    532.0248     73871.27     575.5123  12.8288   0.0085    11.08    0.377  -8.96   3      177.6     7473.859      95.6861
       405    347.8462    539.1829     15279.53     716.4152  14.5397   0.0509    10.40    0.365   9.70   2      31.07     843.7719     78.57801
       406    548.5379    536.7936      10605.7     503.1111  14.9362   0.0515     9.99    0.421   0.95   3      30.86     1070.346      79.0262
       407    551.0872    531.1503     11233.87     610.8256  14.8737   0.0590    12.20    0.475  -0.27   3      29.79     1148.961     78.63726
       408    189.8425    531.2408     17958.75      865.926  14.3643   0.0524    15.90    0.298 -78.15   2       31.9     533.1515     77.04711
       409    175.2299    534.4923     14327.42     634.6826  14.6096   0.0481    12.29    0.505   4.35   3      37.26     1348.936     78.80363
       410    177.1825    528.7286     23270.11     748.7041  14.0830   0.0349    10.88    0.510   6.64   3      46.85     1621.422     80.59547
       411    220.3202    529.8571     5075.481      483.345  15.7363   0.1034     9.35    0.618 -31.34   2      19.07     470.0819      76.6501
       412     44.1765    526.1998     12605.54     514.3386  14.7486   0.0443     9.77    0.504   0.08   3       39.3     1601.696     80.33873
       413     46.3052    520.3447     24809.88     742.6656  14.0134   0.0325    11.75    0.496  -7.49   3      47.34      1892.78     80.55785
       414    154.2728    510.8545     26708.31     1037.162  13.9334   0.0422    16.31    0.115 -70.81   3      31.76     384.2459     76.60661
       415    382.1527    524.0192     6960.089     476.6548  15.3935   0.0744     7.47    0.512   3.19   0      21.19     673.1139     78.08286
       416    160.9985    521.3558     19340.41     805.3246  14.2838   0.0452    16.90    0.132 -53.48   2      39.77     574.4795     77.79523
       417    810.5845    517.7501     8269.644     389.5746  15.2063   0.0512     9.68    0.491  -4.68   3      32.32     1400.434     79.96987
       418    812.3106    511.9150     12799.24     595.3221  14.7320   0.0505    12.85    0.456  -6.29   3      37.32     1293.785     79.25907
       419    608.8097    510.0329     6992.983     398.0794  15.3883   0.0618    10.78    0.445  -9.64   3      26.24     1123.847     79.38395
       420    609.9212    504.2780     8058.863     483.9108  15.2343   0.0652    11.87    0.447  -6.57   3      25.57     860.2255      77.5901
       421    208.8366    495.4686     27313.46     724.7007  13.9091   0.0288    12.46    0.453   8.60   3      66.75     2181.192     81.96169
       422    211.8267    489.6031     20727.28     563.5355  14.2086   0.0295    11.16    0.471   7.40   3      62.32     2287.021       82.647
       423    722.5467    495.7142     21530.04     511.9867  14.1674   0.0258    10.19    0.522   4.13   3      68.55     2664.582     82.90198
       424    724.2121    490.1967     24588.22     588.2325  14.0232   0.0260    11.20    0.447  -0.75   3      71.37     2906.515     83.94886
       425      4.4569    495.8780     13460.84     313.5621  14.6773   0.0253     9.09    0.426  -5.28  19      51.45     2125.201     81.40985
       426      5.5180    489.7282     35817.88     535.9357  13.6148   0.0162    14.33    0.370  82.87  19      82.69     2668.395     82.91243
       427    126.2837    490.8960     114029.6      532.875  12.3575   0.0051     9.54    0.468   6.32   3      285.6     13937.92     109.5307
       428    128.6055    485.2864     127722.4     539.4335  12.2343   0.0046    11.57    0.423   8.92   3      311.3     16703.47     115.4069
       429    851.7668    489.8188     7421.971     425.8033  15.3237   0.0623     5.61    0.416  10.06   0      21.58     639.2411      77.9842
       430    945.9163    465.7893     204521.7      905.131  11.7232   0.0048    16.69    0.108  66.62   3      348.2     6477.573     93.11616
       431    951.3887    481.5943     132571.4     536.2192  12.1939   0.0044     9.93    0.487   1.90   3      321.5     16294.37     114.5984
       432    952.6524    476.2441     124184.9     481.6183  12.2648   0.0042    10.48    0.575  -2.85   3      311.1     16312.12     114.7747
       433     83.2188    486.1795     5383.741     414.1078  15.6723   0.0835     8.14    0.690  -2.88   2      19.69     772.1754     78.37066
       434     86.1231    480.0235     6067.011     453.6135  15.5426   0.0812    10.98    0.367  42.49   2      21.27     726.3149     77.82294
       435    994.1638    478.4290     10729.22      490.139  14.9236   0.0496     9.35    0.434   0.24   3      36.02     1493.989     80.43667
       436    995.7542    473.2522     12125.27      473.166  14.7908   0.0424    11.25    0.486   1.16   3      37.96     1408.416     79.99255
       437    525.2126    478.9560      5555.55     423.8529  15.6382   0.0829     8.68    0.579   1.76   3      19.75     800.4539     78.45262
       438    526.9401    473.2599     9885.249     543.7457  15.0125   0.0597    12.19    0.314  -7.65   2      27.43     924.5814     78.81139
       439    475.9630    472.2150     28738.88      1014.75  13.8538   0.0383    15.62    0.367 -25.49   0      34.17     719.3292     78.42379
       440    286.2080    467.4802     110614.1     536.7167  12.3905   0.0053    10.03    0.427   8.33   3      286.6     14396.08     110.7698
       441    288.7464    461.3778     125903.1      562.177  12.2499   0.0048    12.09    0.426   3.52   3      304.2     16232.63     114.6171
       442    923.2297    471.8483     4571.515     176.6199  15.8498   0.0420     2.82    0.356 -44.64   0      47.24     3550.641     86.05172
       443    865.8869    465.1158     12762.64      575.271  14.7351   0.0490     7.84    0.328  27.11   0      24.74     635.4186     77.34819
       444    665.0391    456.8023     14157.17     702.9498  14.6226   0.0539     8.95    0.176   9.29   2      29.83     828.7827     78.53465
       445    589.0588    457.5892     18678.88     431.7699  14.3216   0.0251    10.62    0.439   2.78   3      62.58       2263.9     82.38729
       446    590.8808    451.7952     18735.28     413.6228  14.3183   0.0240    11.64    0.525  -0.01   3      61.67     2607.101     83.32866
       447    986.5403    455.1917     30932.75      528.531  13.7740   0.0186     9.82    0.481   5.59   3      90.83     3573.935     85.92517
       448    988.7759    449.8561     29212.09     513.0261  13.8361   0.0191    11.98    0.511   4.03   3      88.42     3743.938     86.18618
       449    103.5772    453.7575     15398.86     555.5897  14.5313   0.0392    10.04    0.472   2.38   3      44.95     1590.209     80.70808
       450    105.7520    448.1698      16870.5     615.5528  14.4322   0.0396    10.12    0.448   1.36   3      46.39     1929.134     81.65691
       451    349.8393    453.1399     17422.09     743.1272  14.3972   0.0463    13.90    0.485   3.68   2      38.65     1196.187     79.18327
       452    351.4329    447.2867     14208.12     577.2446  14.6187   0.0441    12.50    0.524   0.30   3      37.22     1459.348     79.73241
       453     45.8445    449.1534     10997.95     703.6538  14.8967   0.0695    11.82    0.467  -1.94   2      25.36     855.3631     78.40549
       454    312.0381    447.7737     57228.43     593.2598  13.1060   0.0113     9.79    0.492   5.52   3      156.7     6662.311     94.08319
       455    314.3146    442.1165     64206.73     625.0729  12.9810   0.0106    11.46    0.467   8.30   3      163.4     7424.561      95.2298
       456    202.0998    446.3090     17558.35     393.9311  14.3888   0.0244     9.56    0.510   0.35   3      61.36     2501.181     82.25639
       457    204.7251    440.3607     22776.44     556.4234  14.1063   0.0265    12.96    0.527  -2.33   3      66.63     2924.487      83.9975
       458    746.6889    440.8159     11147.43     534.5267  14.8821   0.0521    11.07    0.524   2.99   3       33.2       1287.4     79.03636
       459    748.8945    435.4646     10183.25     484.9075  14.9803   0.0517    12.64    0.523  -4.20   3       34.7      1349.95     79.21602
       460    421.3438    439.9669     8366.027     357.1391  15.1937   0.0464    11.17    0.416   5.12   3      30.36     1217.824     79.04095
       461    423.1081    434.2357     9200.632     364.3906  15.0905   0.0430    11.84    0.498   0.29   3      31.02     1121.247     78.14422
       462    571.1212    439.5872     6026.292     495.3561  15.5499   0.0893     8.62    0.605 -18.65   2      19.82     560.2309      77.3364
       463    572.6572    433.8162     5865.151     475.2824  15.5793   0.0880     8.53    0.537  -4.59   2      19.47      693.743      77.9356
       464     94.1380    427.7878      18667.7     764.9549  14.3223   0.0445    10.44    0.459  -8.96   2      36.16     778.0467     77.97388
       465    491.9675    434.4384     10436.33     624.2837  14.9536   0.0650     6.00    0.116  79.86   0      26.53     770.8553     78.16015
       466    891.7117    428.6619     99805.25     498.3708  12.5021   0.0054     9.81    0.477   4.50   3      262.4     13132.39     107.8463
       467    893.8534    422.7972     117956.6     576.0573  12.3207   0.0053    12.57    0.440   2.98   3      281.2     13810.09     109.5609
       468     16.9570    426.0264     72571.04     611.1378  12.8481   0.0091    10.53    0.544   1.65  19      171.4     7399.919     95.67952
       469     19.0911    420.2660     96033.41     949.1965  12.5439   0.0107    11.14    0.555  49.54  19      174.7     8327.141     97.19376
       470    327.2989    423.6361     35500.66     543.2963  13.6244   0.0166     9.95    0.515   1.94   3      102.7     4089.063     86.34538
       471    329.3912    417.7802     70054.21     1101.586  12.8864   0.0171    14.98    0.554 -37.61   3      111.9     4748.681     88.79617
       472    514.9668    423.2084     18232.14     674.3456  14.3479   0.0402    11.57    0.423   5.37   3      46.77     1720.218     81.07336
       473    517.2233    417.4911     16864.56      608.281  14.4326   0.0392    12.37    0.524   3.17   3      44.21     1837.027      80.4004
       474    353.5248    417.6255     15030.74     654.3808  14.5575   0.0473    10.39    0.439   4.65   3      35.25     1276.464     79.41334
       475    355.6973    411.9287     13414.28      661.811  14.6811   0.0536    12.07    0.481  -3.99   3      30.99     1179.557     78.31361
       476    693.4576    414.4823     9165.558     499.2304  15.0946   0.0592     6.58    0.404 -39.32   0      22.82     645.2319     77.16768
       477     38.6205    414.5525     5731.746     462.2778  15.6043   0.0876    10.33    0.500   8.71   3      21.94     896.9311     78.73161
       478     41.5338    408.5924     11557.75     634.3278  14.8428   0.0596    12.63    0.466  -1.80   2      28.15     1117.816       78.958
       479    958.7372    411.1566     4812.546     167.5379  15.7941   0.0378     2.38    0.344 -56.81   0      53.81     4090.295     87.09473
       480    829.9689    407.9143     23871.86     401.6051  14.0553   0.0183     9.92    0.534   5.47   3      80.06     3507.278     85.37057
       481    832.0422    402.2692     32722.74      598.842  13.7129   0.0199    12.43    0.458   1.38   3      90.22     3512.214     85.57294
       482    528.4317    403.0695     17989.45     542.6697  14.3625   0.0328    10.26    0.479  -1.90   3      53.23     2042.529     81.57629
       483    529.9296    397.4509     25329.14     716.2165  13.9909   0.0307    12.82    0.510  -7.05   3      54.41     1950.061     81.11909
       484    848.8170    398.9948     8186.951     526.3972  15.2172   0.0698     8.92    0.443   7.87   3      26.48     1058.303     78.78651
       485    851.1681    393.8109     8320.036     534.0809  15.1997   0.0697    11.80    0.421   6.80   3      28.22     1096.778     79.30641
       486    361.0352    392.0936     155459.5     535.3612  12.0210   0.0037     9.89    0.482   6.19   3      363.9     19734.62     120.6944
       487    363.5883    386.1941       170009     569.1742  11.9238   0.0036    11.77    0.431   7.28   3      391.4      22603.5     126.4934
       488    242.8115    394.1552     61369.23     474.5956  13.0301   0.0084     9.86    0.516   2.48   3        177     8511.657     98.28483
       489    245.1061    388.2430     71560.57     549.4144  12.8633   0.0083    11.56    0.441   2.20   3      196.4     9298.384     99.27613
       490    212.1763    395.5927     13066.22     626.5326  14.7096   0.0521    11.19    0.485  -8.46   3      29.53     999.9833     78.82359
       491    214.0106    389.8254     13940.06     660.1564  14.6393   0.0514    12.12    0.510 -11.45   2      32.45     1066.633     79.01553
       492    418.1299    393.6546     30218.44     538.0843  13.7993   0.0193    10.57    0.451   5.72   3      89.28     3523.172     85.41286
       493    420.4979    387.9740     31662.27     499.7512  13.7486   0.0171    11.31    0.466   5.65   3      94.97     4146.685     86.49692
       494    750.6386    388.0569     13332.63     730.8921  14.6877   0.0595    14.00    0.445 -55.33   2      29.74     599.0114     77.45028
       495    545.2935    391.0271     11401.99     574.7332  14.8575   0.0547     8.24    0.323   0.04   0      25.15     711.5892     76.94355
       496   1013.8251    384.7936     25233.57     553.7869  13.9951   0.0238    13.01    0.237 -43.90  16      61.24     1400.992     79.97146
       497    932.9438    389.5204     14660.62     667.1062  14.5846   0.0494    10.21    0.467   4.96   3      28.92     840.7316     77.74133
       498    933.7161    384.1528     15209.32     699.8313  14.5447   0.0500    10.95    0.532 -13.36   3      29.06     851.6368     77.77321
       499    133.6341    384.6280     36064.91     752.0404  13.6073   0.0226    12.69    0.278 -20.61   2      75.02      2242.16     82.52354
       500    137.8511    379.3880     15575.84      543.149  14.5189   0.0379     7.86    0.431  27.08   3      44.26     1984.183     81.61201
       501     50.8050    387.4608     29146.02      466.769  13.8386   0.0174     9.84    0.425   8.44   3      90.65     3650.177     86.12659
       502     53.3995    381.6074     25992.24     442.0533  13.9629   0.0185    10.82    0.465   8.92   3      83.77     3904.899     86.60959
       503    618.2499    389.8559     9952.112     573.4548  15.0052   0.0626     8.85    0.626  11.99   0      23.82     661.0984     77.84034
       504    517.9214    384.7368     16522.23     706.5814  14.4548   0.0464    11.45    0.492   1.70   3      44.91     1223.053     79.05599
       505    519.2377    378.9565     16517.22     662.8757  14.4552   0.0436    12.94    0.464  -4.61   3       43.1     1128.535     79.19337
       506    619.5881    383.6777      7716.01     599.4806  15.2815   0.0844    10.24    0.642 -10.75   0      23.99     558.2512     77.33057
       507    846.5792    380.6036     19903.11     397.3224  14.2527   0.0217     9.58    0.528   4.50   3      67.75     2837.517     83.76185
       508    847.5798    375.1885      24219.1     472.9923  14.0396   0.0212    10.85    0.480  -2.40   3      72.53     2649.448        83.25
       509    301.6616    374.7832     8078.209     598.9431  15.2317   0.0805     9.46    0.191  25.81   2      23.36      905.217     78.34367
       510     20.0622    379.6750     8724.143     378.2568  15.1482   0.0471    10.09    0.470  -1.69   3      31.48     1204.031     79.20577
       511     20.7532    373.9206     19865.21     534.4506  14.2548   0.0292    14.66    0.164  33.85   3      47.44     1350.011     79.42014
       512    473.5384    375.2398     14268.79     655.9682  14.6140   0.0499    14.43    0.149 -14.41   0      34.92     970.7162     78.53345
       513    740.3323    377.0272     15624.08     764.5792  14.5155   0.0531    12.58    0.406  17.95   3      28.71     1031.459     78.70904
       514    742.6569    371.0584     9070.753     555.9125  15.1059   0.0666    11.37    0.379   0.03   3      26.48     1025.171     79.10094
       515    107.0803    368.3116     81742.63     599.8874  12.7189   0.0080     9.85    0.501   8.84   3      200.6     9133.108     99.22363
       516    109.2732    362.6444     81591.77     617.1102  12.7209   0.0082    10.98    0.337  13.13   3      216.1      10466.8     102.3909
       517    963.4915    371.7827     12215.88     507.0383  14.7827   0.0451     9.94    0.508   1.99   3      40.18     1595.229     79.71397
       518    964.5021    366.5154     18863.95     639.4747  14.3109   0.0368    11.53    0.497  -4.01   3      44.23     1620.502     79.78599
       519    440.2295    366.9597     9477.437     556.0787  15.0583   0.0637    11.93    0.487   1.50   3      29.66     1105.485     79.33136
       520    442.2825    361.2300     7709.998     413.4308  15.2824   0.0582    10.67    0.465  -2.17   3      29.14     1215.149     79.03326
       521    976.6263    365.3348     9779.927     548.8835  15.0242   0.0610    10.58    0.412   1.67   3      25.69     905.8579     78.13879
       522    977.6755    360.0231     7473.939     478.5927  15.3161   0.0695    11.51    0.558  -4.18   3      23.23     653.3179     77.60947
       523    690.4367    363.8588     10379.68     485.8326  14.9595   0.0508    11.91    0.481  -1.58   3      32.25     1171.868     79.11343
       524    691.7936    358.5116     12148.87     532.6797  14.7887   0.0476    12.57    0.541 -10.10   3      35.21     1309.727     79.50848
       525    699.2009    354.5786     10954.56     563.1821  14.9010   0.0558    10.76    0.433   4.76   3      31.54     1277.201     79.41545
       526    701.7063    348.9743     9716.513     501.9042  15.0312   0.0561    11.68    0.463   3.04   3      30.65     1274.554     78.79439
       527    947.6635    360.8283     15453.79     595.6561  14.5274   0.0419    16.60    0.161 -16.72   0      34.65     541.5637     77.28152
       528    133.7527    362.3359     19400.16     568.7173  14.2805   0.0318    10.52    0.501   4.57   3      59.29     2258.353     82.17537
       529    135.8226    356.4234     16918.06     464.2739  14.4291   0.0298    11.12    0.488  -3.01   3      56.71      2478.88     83.17292
       530    253.5103    352.0005     21356.17      727.292  14.1762   0.0370    13.16    0.514  -7.67   3      42.25     1576.454     80.26729
       531    255.8428    346.2460     20072.72     731.8807  14.2435   0.0396    11.64    0.519  -1.89   3      46.46     1663.535     80.71413
       532    392.3988    348.3204     10714.08     576.5691  14.9251   0.0584     8.15    0.251 -27.52   0      24.73      676.593      77.6776
       533    845.6133    343.7285     19752.32     538.9238  14.2610   0.0296     9.85    0.531   1.88   3      56.93     2326.775     82.56055
       534    849.7035    337.2540     62583.06     900.7554  13.0089   0.0156    22.42    0.483 -42.18   2      104.3     3030.951     83.70733
       535    480.3926    341.8206     12106.61     416.8121  14.7924   0.0374    10.64    0.478   7.20   3      42.38     1670.494     80.53312
       536    482.2831    336.1024     14442.86     424.8009  14.6009   0.0319    11.68    0.455   3.37   3      46.68     1863.015     80.67459
       537     60.8668    342.8392     7665.646     458.8419  15.2886   0.0650     9.66    0.501  -5.33   3      25.91     989.5508     78.58794
       538     63.3916    337.3504     17469.13     677.6784  14.3943   0.0421    10.47    0.456  -4.03   2      37.18     1422.801     80.03342
       539    896.7622    337.7723     5623.781     416.1874  15.6249   0.0804    10.54    0.541  -1.61   3      20.66     797.2917     78.44347
       540    899.1458    332.3818     8254.045      522.571  15.2083   0.0688    10.63    0.481   2.41   2       24.8     844.3191     78.37347
       541    753.9984    332.7495     43161.32     526.1326  13.4123   0.0132    10.23    0.493   3.92   3      125.4     5402.165     90.45329
       542    756.0635    327.0435     49324.73      590.909  13.2673   0.0130    12.15    0.483   4.74   3      131.1     5825.563     91.51093
       543    230.1758    335.6513      6280.75     461.6725  15.5050   0.0798     7.14    0.712  -3.30   0      22.22     637.4314     77.97893
       544     45.9142    322.5909     22203.64     640.0291  14.1339   0.0313    10.11    0.354  -3.57   3      58.49     2313.044     82.32649
       545     43.2797    328.4401     12887.28     502.5338  14.7246   0.0423     9.50    0.498  -1.39   3      44.26     1805.168     80.91229
       546    572.9253    327.4485     7474.596     491.9268  15.3160   0.0715     7.85    0.561  -8.17   0      22.42     698.9774     77.53472
       547    645.4888    323.7008     10818.16     680.8113  14.9146   0.0683    12.83    0.314  23.96   2      35.99     1032.948     78.09439
       548    648.2916    317.9118     11890.54       652.05  14.8120   0.0596    11.13    0.462   9.08   3      28.16     983.3685     78.36391
       549    903.9542    320.1242     47649.79     481.6074  13.3048   0.0110    11.31    0.468   8.39   3      142.3     5701.458     91.02466
       550    905.9242    314.9184      58025.8     575.5789  13.0909   0.0108    10.53    0.508  -5.98   3      145.4     6218.888      91.9564
       551    707.7337    321.1037     33672.74     512.6373  13.6818   0.0165     9.81    0.512   7.72   3       99.4     4257.756     87.16024
       552    710.3488    315.7216     34173.93     532.2074  13.6658   0.0169    12.21    0.439   6.81   3      101.8     4395.372     87.70297
       553    301.5651    320.9535     23351.84     487.7354  14.0792   0.0227     9.61    0.478   3.24   3      72.51     2875.982     83.86616
       554    303.2099    315.3698     25253.49     541.9855  13.9942   0.0233    11.02    0.477   2.13   3      73.28     2813.164     84.08141
       555    916.9725    321.5542      9091.85     158.6232  15.1034   0.0189     0.83    0.044  85.84   0      101.2     8566.009     98.41042
       556    946.5753    320.2446      7152.43      454.157  15.3639   0.0690    10.35    0.474  -1.93   3      24.03     974.7176     78.95584
       557    948.5938    314.5486     10083.23      583.295  14.9910   0.0628    10.32    0.460  -4.84   2      28.24      1053.31     78.97719
       558    783.6210    318.5444     8875.026     552.9146  15.1296   0.0677    10.90    0.394  19.47   2      25.76     974.3585     78.54398
       559    786.2739    313.0013     5976.573     480.4131  15.5589   0.0873     9.94    0.497  -1.70   3      21.18     782.1504     77.98584
       560    414.9283    318.3455      6311.44     458.1706  15.4997   0.0788     7.41    0.523  -8.49   0       21.1     682.7179     77.48705
       561     27.0978    315.2177     24003.28     530.9019  14.0493   0.0240     9.84    0.484   3.97   3       74.2     2997.876     83.61749
       562     29.3336    309.4843     24796.69     577.2101  14.0140   0.0253    11.59    0.461   3.00   3      78.15     3475.617     85.09636
       563    847.0601    313.5104     20724.55     545.2992  14.2088   0.0286    10.23    0.494   3.73   3      61.15     2385.759     82.13404
       564    848.5009    308.0317     21074.37     545.4449  14.1906   0.0281    10.98    0.513   2.07   3       62.5     2413.091     81.81516
       565    372.1942    313.6428     9284.704      502.514  15.0806   0.0588     7.06    0.423  26.67   0      23.68     665.2125     78.05985
       566    484.9385    311.3767     4987.759     473.1564  15.7552   0.1030     8.72    0.568   3.86   0      18.55     669.2404     77.65609
       567    931.3392    279.3810     23497.32     973.2754  14.0725   0.0450    22.87    0.564 -64.09   3      53.43     623.2032     77.52123
       568    929.6968    302.0282     62806.02     1163.338  13.0050   0.0201    14.11    0.187  15.63   3      81.95      1209.38     78.40012
       569    925.4238    293.1267     28874.49     805.5045  13.8487   0.0303     9.93    0.323   0.79   3      50.55     1983.254     81.41097
       570    572.9240    305.0317     14357.18     468.2297  14.6073   0.0354    10.75    0.513   7.54   3      45.36     1799.328     80.89589
       571    575.0605    299.4790     15122.27     489.7006  14.5510   0.0352    12.30    0.491   2.21   3      48.37      2052.39     81.20634
       572    487.8159    305.7307      6135.06     438.2313  15.5305   0.0776     7.23    0.392  20.04   0      20.16     872.8137     78.45606
       573    400.6808    301.4565     10954.58     602.7234  14.9010   0.0598     9.09    0.309   4.15   2      27.08     683.7074     77.28091
       574    348.5714    303.4531     51489.45     480.0581  13.2207   0.0101    10.01    0.516   5.14   3      152.9     6985.446      94.5189
       575    350.8323    297.7688     65182.17     565.6727  12.9647   0.0094    11.95    0.429   5.41   3      172.7     7539.681     96.01093
       576    272.4841    298.4519     8289.791     443.9257  15.2036   0.0582     9.93    0.441  -9.27   3      28.54     1168.946       78.695
       577    273.8817    292.7451     10640.24       495.84  14.9326   0.0506    11.52    0.506  -8.62   3      31.29     1169.503     78.69661
       578    199.6385    297.4027     34412.28     490.3946  13.6582   0.0155     9.56    0.478   1.98   3      107.3     4537.272     88.61923
       579    202.1065    291.6420     39398.36     580.1495  13.5113   0.0160    11.02    0.485   1.92   3      107.7     4749.466     88.24999
       580    622.9836    295.4825     7483.491        442.6  15.3147   0.0642     3.72    0.122 -39.38   0      19.84     787.1533     78.00041
       581     53.0197    291.1581        61961     518.8304  13.0197   0.0091     9.62    0.487   0.05   3      170.8     7841.154     96.72193
       582     55.3899    285.4717     68641.19     571.3236  12.9085   0.0090    10.84    0.451   3.38   3      182.2     8720.569     98.43862
       583    307.1773    293.3175     2515.535     143.3684  16.4984   0.0619     1.19    0.182  76.97   0      39.26     2493.019     82.82185
       584    543.5250    287.6835     5036.961     348.1126  15.7446   0.0751     3.15    0.145 -56.83   3      20.56     1194.966     78.56448
       585    546.2599    291.7175      7898.21     471.1313  15.2562   0.0648    10.97    0.571 -13.88   3      26.48     1086.064     78.45527
       586    549.6047    285.9028     7628.626     432.5089  15.2939   0.0616     7.29    0.394   6.77   3      27.27     1176.092     79.12556
       587    102.7341    283.6698     141152.1     537.5919  12.1258   0.0041     9.60    0.452   2.63   3      336.9     17644.37     117.1071
       588    105.3076    277.9864     148476.7     569.8124  12.0709   0.0042    11.07    0.416   7.95   3      345.9     19797.33     121.0799
       589    901.7421    285.2729     19681.36     646.0553  14.2649   0.0356    10.53    0.502   4.64   3      52.09     1937.918     81.08507
       590    904.0836    279.9832     15821.07     547.6998  14.5019   0.0376    12.59    0.538   0.14   3      47.44     1826.742     80.97286
       591    278.0611    282.2872     42595.47     476.6779  13.4266   0.0122     9.97    0.496   2.43   3      132.3     5609.908     90.61745
       592    280.4629    276.5656     47540.89     523.4056  13.3073   0.0120    12.21    0.473   3.02   3      136.2      6349.75     92.80365
       593    568.1411    281.0104     22052.16     463.3021  14.1414   0.0228     9.78    0.489   9.57   3       70.3     2832.753     83.94186
       594    570.5350    275.5723      22815.1     484.1556  14.1044   0.0230    11.18    0.474   5.50   3      71.54      3045.16     84.32337
       595    487.9196    279.7987      95221.8     568.4414  12.5532   0.0065    10.09    0.552  10.13   3      245.3     11546.16     104.7594
       596    490.2787    274.2403     102268.8     626.6179  12.4756   0.0067    12.59    0.500   7.82   3        250     12405.37     106.6071
       597   1013.7831    278.2691     11466.38      584.526  14.8514   0.0554    11.07    0.472   2.98  19      27.89     990.8254     78.79717
       598   1015.0009    272.8583     12461.25     583.5283  14.7611   0.0509    11.87    0.530  -4.80  19      29.21     959.2912     78.50038
       599     72.7421    275.0147     18722.62     822.0499  14.3191   0.0477    17.26    0.360 -36.33   0      35.44     677.2061     77.88736
       600    525.4902    275.2020     11694.69      508.398  14.8300   0.0472    10.24    0.496   9.60   3      36.46      1414.17     79.80647
       601    527.8179    269.6570     12398.39     557.2713  14.7666   0.0488    12.41    0.439   3.61   3      39.03     1582.015     80.48427
       602    443.5916    275.0969     7114.804     485.1372  15.3696   0.0741     7.55    0.380 -21.90   3      24.23     744.8166     77.87696
       603    445.5079    268.8020     16180.04     757.8389  14.4776   0.0509    12.06    0.542  28.22   2      31.25     635.5999     77.55757
       604      5.4881    260.4386     5694.012     383.8782  15.6115   0.0732     7.73    0.064 -63.27  18      20.61     876.2987     77.84524
       605    613.1257    252.6714     396793.4     662.7028  11.0036   0.0018    10.10    0.446   8.93   3      686.6      50399.3     169.1233
       606    615.8486    246.9082     422802.2     693.4858  10.9347   0.0018    12.10    0.401  10.29   3      709.7     53260.98     172.8326
       607   1022.1088    259.6507     7149.882     350.6445  15.3643   0.0533     5.90    0.236  41.47  27      27.62     1329.074     79.15611
       608   1022.3544    254.2698     4267.165     298.8134  15.9247   0.0760     7.35    0.229 -28.41  27       19.6     877.9048      78.2644
       609    914.2347    258.4651     8034.442     353.5127  15.2376   0.0478    10.44    0.456   4.77   3      29.54      1269.47     79.39332
       610    916.8791    252.9797     8577.402     445.8905  15.1666   0.0565     9.53    0.432  -0.42   3      30.45     1244.005     79.52406
       611    299.0148    250.4846       119118     669.9526  12.3101   0.0061    10.04    0.421  22.47   3      253.7     10849.73     103.0806
       612    301.4137    244.8149     91483.42     536.1501  12.5966   0.0064    11.78    0.449   9.30   3        234     11541.28     104.7488
       613    229.7663    257.8316     9827.665     443.8021  15.0189   0.0490    10.28    0.454   6.35   3      37.66     1467.443     80.36163
       614    231.9319    252.2080      10183.1     389.6528  14.9803   0.0416    12.15    0.439   3.00   3      36.62     1569.611     80.24792
       615    839.9533    257.2689     7454.007     501.6853  15.3190   0.0731    10.53    0.532   7.57   3      25.67     973.3935      78.5412
       616    840.4396    252.0146     12447.38     647.8895  14.7623   0.0565    12.71    0.463   2.51   3      32.78     1022.332     79.29704
       617    346.6283    255.6793     6248.283     427.0744  15.5106   0.0742     9.01    0.507  -4.63   3      21.39     772.0492     77.95639
       618    348.4510    250.4861     9700.865     580.3655  15.0330   0.0650     9.81    0.488  -2.88   2       24.8      725.026     77.40234
       619    123.2354    253.7996     68365.29     518.5179  12.9129   0.0082     9.70    0.470   7.72   3      196.5     9204.282      99.8736
       620    126.0686    248.2515     76193.24     561.5025  12.7952   0.0080    15.87    0.473   9.15   3      203.2     10062.05     101.4885
       621    430.1046    251.5420      15631.8     619.6804  14.5150   0.0431    10.99    0.498   3.63   3      42.41      1507.67     79.46394
       622    432.9401    246.1088     13150.79     579.6257  14.7026   0.0479    12.41    0.509   1.51   3      38.16     1585.538     79.88907
       623    821.0460    250.5636     9269.855     563.9379  15.0823   0.0661    11.30    0.518   2.36   3      26.75     1031.351     78.70872
       624    827.3732    243.2143     28198.64     717.6901  13.8744   0.0276    16.92    0.570 -14.14   3       61.4     1954.136     81.72646
       625    829.3745    237.3828     13987.29     521.1934  14.6357   0.0405    11.79    0.508  -2.07   3      41.79     1413.096     80.20778
       626    367.0411    247.3970     9123.501     497.5885  15.0996   0.0592     7.25    0.297  12.14   0      23.64     779.5412     78.39201
       627    180.9353    240.9161     18232.34     566.1115  14.3479   0.0337    11.13    0.453  -4.00   3      52.19     1987.599      81.0248
       628    183.8617    231.7919     42448.47     720.5067  13.4303   0.0184    12.24    0.088 -32.73   3      98.86     3107.446     84.68232
       629    186.7180    225.1449     24850.72     537.3196  14.0117   0.0235     8.92    0.411  16.27   3      73.98      3102.63      84.0943
       630    399.8656    231.0691     22447.53     845.3779  14.1221   0.0409    15.72    0.012   6.76   0      41.62     885.7132     78.08017
       631    653.3931    222.5134     35066.53     1045.588  13.6378   0.0324    11.09    0.371  75.11   0      54.94     1118.878     78.96106
       632    888.0029    225.1864     6596.701     489.8728  15.4517   0.0806     8.97    0.555  -5.21   2      22.32     748.4254     77.88749
       633    890.3283    219.8548     8129.823       520.19  15.2248   0.0695     8.42    0.467   3.72   2       22.4     849.7452      77.9754
       634     89.7110    218.6712     42105.84     714.1971  13.4391   0.0184    20.76    0.222  48.00   0      85.16     2182.206     81.76691
       635    494.4149    221.1292     6981.868     352.8354  15.3901   0.0549    11.82    0.467  17.87   2      25.55     891.4844     78.51012
       636    498.3210    216.1244     6596.866     433.8347  15.4517   0.0714     7.90    0.302  14.68   3      22.94     965.5496       77.898
       637    954.5313    220.5481     3949.279     195.4249  16.0087   0.0537     6.46    0.566  71.57   0      29.56     1756.957     80.77676
       638    972.2478    220.5968     5634.575     441.6496  15.6228   0.0851     7.00    0.669 -24.00   0      20.76     552.1353      77.3126
       639    829.0872    219.1709      11001.2     486.1233  14.8964   0.0480    13.17    0.221  25.75   2      31.55     930.4253     78.00311
       640    833.3782    214.7697     4728.499     307.1676  15.8132   0.0705     7.18    0.334  33.28   3       20.2     954.6503     78.89806
       641    265.9926    219.5163     7853.128     451.8304  15.2624   0.0625     3.96    0.184  -1.05   0      23.01     879.4162     78.47518
       642    177.7480    217.0026     11824.17     594.2697  14.8181   0.0546    10.69    0.540  -8.97   3      28.26     940.1804     78.44503
       643    178.6275    211.3594     15079.42     679.8572  14.5540   0.0490    10.83    0.456  -2.38   3      35.51     895.5705     78.72768
       644    125.7975    212.0576     28931.45     859.9119  13.8466   0.0323    18.13    0.198 -45.66   3      58.45     1016.538      78.8713
       645    116.7088    203.8779     27435.47     802.5829  13.9042   0.0318    15.22    0.209 -42.21   3      57.15     976.9128     78.13844
       646    925.9199    213.2101     5515.221     393.1416  15.6461   0.0774    10.66    0.391   2.80   3      21.87     896.7722     78.31917
       647    927.9590    207.9515     6903.458      511.022  15.4023   0.0804    10.60    0.512  -8.83   3       22.3      863.687     78.42962
       648    159.8781    208.5994        42651     584.1979  13.4252   0.0149     9.54    0.503   3.04   3      120.5     5104.304     89.70176
       649    162.2239    203.1669     45597.84     634.4111  13.3526   0.0151    15.80    0.462  10.35   3      125.4      5800.12     91.80081
       650    779.9990    209.9747     6719.557     410.9225  15.4316   0.0664     5.77    0.444 -15.31   0      20.88     676.7127     77.88592
       651    245.4690    203.1641     249342.4     579.4446  11.5080   0.0025     9.72    0.508  -0.67   3      511.3     34692.79     146.6142
       652    248.2130    197.3553     312225.7     672.0782  11.2638   0.0023    12.92    0.381   4.34   3      572.4     37840.24     151.6281
       653     59.8711    205.9044     11801.11     729.8619  14.8202   0.0672    13.36    0.547  10.28   3      30.33     987.1132     77.96089
       654     62.9983    200.3763     9690.796     583.1422  15.0341   0.0653    11.35    0.489  -1.48   3      26.37     996.5015     78.60803
       655     47.5396    209.2404     15306.04     613.6583  14.5378   0.0435     9.59    0.522  -7.22   3      36.65     1104.518     78.91972
       656     50.3398    203.8762     14958.12     602.8911  14.5628   0.0438     8.96    0.432  -1.07   3      32.56     1240.377     79.10577
       657      1.7414    199.6920     5056.517     312.6279  15.7404   0.0671     6.76    0.630  89.91  24      19.28     981.0824     76.89864
       658    660.2166    194.7426     7436.051     275.9919  15.3216   0.0403     5.51    0.423 -46.26   0      40.18     3260.727      85.0927
       659   1001.5048    174.3851     45003.51     1283.648  13.3669   0.0310    22.27    0.450  56.14  18      49.84      696.731     77.31921
       660   1005.9408    185.6506      15348.3     602.3672  14.5348   0.0426     8.90    0.407  12.05   3      36.55     1482.171     79.99989
       661    867.3043    187.4064     8780.949     515.7915  15.1411   0.0638    11.24    0.479   8.67   3      27.13      1164.19     79.09137
       662    585.7321    184.3914     168535.3     713.0942  11.9333   0.0046    12.56    0.120 -19.57   2        328     6495.295      93.1594
       663    565.6055    184.6847     30263.01     595.1962  13.7977   0.0214    15.64    0.327 -25.85   3      70.83     1278.192      79.6217
       664    278.0459    190.5702     7276.063     493.4768  15.3453   0.0737    10.18    0.497   1.97   2      23.23     851.0416     78.59904
       665    280.3606    185.3062     6433.252     432.8157  15.4789   0.0731     8.80    0.462  -2.21   3      21.93     852.4279     77.35844
       666    516.4846    187.9935     7255.692     475.0964  15.3483   0.0711    11.84    0.418  12.03   3      24.44     881.8877     78.48234
       667    518.7155    182.6071     8058.783     471.2087  15.2343   0.0635    11.04    0.458  -0.55   3      26.95     1064.183     79.00848
       668    494.4367    183.9382     8240.522     551.1883  15.2101   0.0726     8.96    0.560  -7.03   0      22.29     680.1014     77.68787
       669    865.0086    192.4809     6892.688      465.462  15.4040   0.0733    11.56    0.460  15.07   3      26.99     1026.215     78.69389
       670    739.2386    178.7231     14867.56     560.4462  14.5694   0.0409    10.22    0.477   6.50   3      42.18     1628.733     80.41518
       671    741.6416    173.3315     17250.02     626.1138  14.4080   0.0394    12.46    0.481   4.20   3      44.39     1737.051     80.72073
       672    409.2661    177.4616     4071.151     354.3954  15.9757   0.0945     5.24    0.688  -2.99   0      18.66     604.1431     77.46533
       673    122.0640    174.8398     8266.119     533.3002  15.2067   0.0701     9.99    0.395  20.62   3      24.76     952.8745      78.4818
       674    125.1679    169.3186     8510.557     532.6457  15.1751   0.0680    10.63    0.324  -2.38   3      26.19     1009.636       78.646
       675    548.1396    162.2100     32804.55     609.5815  13.7102   0.0202     9.97    0.481   3.48   3      86.35     3541.921     85.84045
       676    550.4522    156.8101     34393.18     618.0755  13.6588   0.0195    12.57    0.476   1.82   3      90.03     3785.486     86.48292
       677    432.7975    164.1744     4523.728     382.1279  15.8613   0.0917     6.05    0.501   0.80   0       18.4     709.3215     77.98101
       678    247.1939    160.4896     13843.99     537.9321  14.6468   0.0422    15.57    0.190 -49.92   0      34.37     697.7935     77.73961
       679    679.0633    153.4667     23277.12     468.2409  14.0827   0.0218     9.89    0.502   0.36   3      78.05     3285.231     84.77737
       680    681.5941    147.9732     32010.23     611.2733  13.7368   0.0207    12.88    0.508  -0.20   3      83.48      3439.62     85.56918
       681    134.5446    155.0051     11315.85     627.1882  14.8658   0.0602     9.68    0.652 -14.67   2      27.54     706.5448     77.97292
       682    137.1495    149.6547     11260.43     621.3378  14.8711   0.0599     9.37    0.404  21.93   3      28.13     897.5544     78.73341
       683    202.3455    153.7765     7450.903     491.0931  15.3195   0.0716     7.70    0.531  -8.01   0         21     731.1725     77.83713
       684   1004.4740    191.3991     13611.35     539.3354  14.6652   0.0430    10.01    0.419  11.85   3      39.88     1399.419     79.76445
       685    612.8988    149.8386     11364.63     423.1508  14.8611   0.0404     9.90    0.596   5.46   3      39.57      1850.47     80.23705
       686    622.6572    145.2388     60232.68     967.2927  13.0504   0.0174    22.03    0.450  -0.24   2      103.5     1383.701     79.71965
       687    427.6641    141.9513     14838.03     643.7213  14.5716   0.0471     9.24    0.302   5.95   2       34.7     1162.943     79.08779
       688     25.3260    145.6301     7010.346     431.2472  15.3857   0.0668    10.32    0.515  -9.95   3      25.89     898.3116     78.32363
       689     27.9229    140.2236     8891.191     545.5584  15.1276   0.0666    10.32    0.375   3.05   3      23.93     918.3667     78.38181
       690    817.5071    136.0166     32579.22     822.4371  13.7176   0.0274    22.76    0.500 -48.00   3      63.16     1222.871     78.85059
       691    835.4167    122.9885     147405.4      901.505  12.0787   0.0066    12.66    0.088  48.25   2      269.4     4809.675     88.95214
       692    903.8078    134.3672     11591.34     611.6202  14.8397   0.0573    11.86    0.415  -1.17   3      30.72     1196.442     79.59151
       693    460.7388    139.7405      10866.4      365.428  14.9098   0.0365    10.02    0.452   6.51   3      37.33     1416.383     80.01519
       694    463.6081    134.3524     18587.24     691.0497  14.3270   0.0404    10.90    0.336  12.60   3      44.03     1726.555     81.09112
       695    497.0804    138.5723     7170.542      360.888  15.3611   0.0547    11.34    0.499   8.72   3      26.71     1099.741     78.90596
       696    499.5648    133.3094     9919.476     412.6885  15.0088   0.0452    12.04    0.463  -1.63   3      32.54     1313.781     78.90745
       697    399.7219    133.2664      10366.2     579.9291  14.9610   0.0608     8.60    0.696  -7.95   2      27.37     629.0805      77.1201
       698    722.0562    130.0303     19699.87     478.4837  14.2638   0.0264    10.48    0.487   6.23   3      63.85     2659.519     83.27749
       699    724.4183    124.8208     21994.42     568.3318  14.1442   0.0281    13.02    0.491   5.59   3      66.92      2797.97     84.04032
       700    686.8699    120.8514     266048.4     613.6043  11.4376   0.0025    10.19    0.448   7.89   3      534.7     33531.17     144.6906
       701    689.3113    115.4591     270207.4     627.5092  11.4208   0.0025    10.87    0.395  12.89   3      524.8     33832.12      145.051
       702    118.3335    124.1665     26275.66     456.5968  13.9511   0.0189     9.29    0.444   3.33   3      84.42      3640.52     85.91303
       703    120.6532    118.8731     26544.52     474.1083  13.9401   0.0194    11.52    0.489   4.27   3       86.5     3803.767     86.15626
       704    416.7982    120.8371     127218.7     564.8605  12.2386   0.0048    10.04    0.455   4.09   3      313.4     15607.61     113.5136
       705    419.2342    115.3621     128619.5     552.4001  12.2267   0.0047    11.40    0.408  10.41   3      308.8     16492.16     115.1306
       706    201.9047    123.4961     23142.55     498.3021  14.0890   0.0234     9.46    0.576  -8.88   3      70.69     2976.208     83.94485
       707    203.4751    118.0336     26156.84     481.5409  13.9560   0.0200    12.18    0.491  -9.78   3      76.25     2844.715     83.78138
       708    995.5861    119.2572     7627.251      541.309  15.2941   0.0771    11.11    0.519  15.63   3      26.42       850.41     78.39113
       709    997.5536    113.6876     12830.26     633.5082  14.7294   0.0536     9.95    0.375  -4.40   3       28.7     1080.519     78.43921
       710    901.4650    139.6942     8209.205      469.562  15.2142   0.0621    10.81    0.498  10.34   3      27.75     1130.852     78.58491
       711    951.8851    111.4821      6831.33     473.1872  15.4137   0.0752    10.29    0.469  -7.53   2      23.98     920.5398     78.18147
       712    954.4949    106.4779     5011.689     402.0082  15.7500   0.0871     8.49    0.421   8.11   3      19.42     897.3222     78.11395
       713    867.1486    111.5822     7038.321     431.2619  15.3813   0.0665     6.19    0.494  28.95   0      23.88     690.7357     77.92683
       714    461.5807    105.2398     22573.39     828.9885  14.1160   0.0399    16.17    0.360 -51.99   0      45.92     1239.575     79.91724
       715     25.9438    108.2796     11021.54     535.2293  14.8944   0.0527    10.95    0.465   7.53   3       36.5     1432.352     79.45208
       716     28.6965    103.2903      12895.9     546.4847  14.7239   0.0460    12.43    0.499   2.19   3      38.85     1594.656       79.915
       717    649.5591    105.8795     28141.95     489.9624  13.8766   0.0189     9.76    0.496   3.70   3      89.85     3645.838      85.9271
       718    651.8019    100.7552     29055.28     501.7982  13.8419   0.0188    11.91    0.505   4.12   3      88.97     3837.242     86.80537
       719    352.1135    101.7350      17387.3     806.2794  14.3994   0.0504    13.23    0.250  46.03   2      34.27     687.2023      77.2912
       720   1013.3519    100.8168     18085.49      722.361  14.3567   0.0434    13.18    0.445  -5.87  16      31.18     822.0093     78.51505
       721    163.1695    104.0928     13514.93     753.2906  14.6730   0.0605    14.34    0.373 -53.95   0      28.53     456.7413     76.18707
       722    370.9451     98.4637     22882.61     760.9099  14.1012   0.0361    10.09    0.457   3.24   3      54.28     1720.964     80.87568
       723    373.3138     92.7353     18873.69     658.1765  14.3104   0.0379    12.17    0.509  -2.45   3      41.34     1753.839     80.36643
       724    716.7073     97.7238     6911.766     428.3724  15.4010   0.0673    11.06    0.461   3.13   3      26.04     1025.537     78.27974
       725    718.7611     92.4398     10064.11     585.3638  14.9931   0.0632    11.62    0.478  -3.83   2      29.49      1133.93     79.00437
       726    745.9793     97.9358     6948.523     474.0972  15.3953   0.0741     7.60    0.538 -15.58   0      20.53     637.7676     77.77219
       727    469.8750     89.4147     29409.76     803.1418  13.8288   0.0297    10.44    0.424  -2.34   3      56.06     1475.827     80.18385
       728    472.2149     83.5339     35861.97     932.5124  13.6134   0.0282    16.05    0.630   1.22   3      50.87     1747.546     80.75027
       729     93.1328     83.6895     5950.357     456.2221  15.5636   0.0833     8.72    0.495 -12.16   2      23.86     648.1878     77.17639
       730     95.2223     78.4352      6121.75      428.897  15.5328   0.0761     5.57    0.278 -13.71   3       20.7      836.607     78.76293
       731    543.7399     82.6161     5629.639     420.0593  15.6238   0.0810     5.76    0.079  81.46   2      21.49     654.5673     77.61313
       732    136.3465     78.7262     18799.55     410.7148  14.3146   0.0237     9.54    0.495   1.09   3      63.82     2706.148     83.21047
       733    139.2179     73.3519     20194.93     473.6232  14.2369   0.0255    12.12    0.442  -1.17   3       66.9     2862.517      84.2147
       734    720.1634     77.0209     33709.48     943.2018  13.6806   0.0304    19.99    0.440 -32.77   2      55.74     885.6588     78.90434
       735    548.1689     76.9518     5699.128     422.0178  15.6105   0.0804     6.48    0.557   3.77   0      21.15      644.701     78.00011
       736    469.3012     75.1381     23877.34     826.9042  14.0550   0.0376    12.82    0.387  15.51   3      44.86     1122.165     78.35361
       737    471.8379     69.1751     7658.007      502.583  15.2897   0.0713    10.05    0.410   2.73   3      26.82     1222.271     79.86803
       738    391.4222     69.0435     66020.82      811.445  12.9508   0.0133    16.40    0.412 -21.87   0      130.8     2790.827       84.021
       739    870.7993     66.2905     14772.17      707.163  14.5764   0.0520    16.10    0.300  89.71   0      33.67     756.8841     77.91217
       740    965.2497     69.3295     10230.82     467.0891  14.9752   0.0496    12.15    0.445   9.73   3      35.58     1229.631      79.2792
       741    967.2123     64.2588     15212.37     598.9495  14.5445   0.0428    11.37    0.454   6.59   3      39.98     1412.534     80.00425
       742    240.8097     67.7897     27972.46     600.4136  13.8832   0.0233    10.30    0.447  12.61   3      80.35     3351.839     85.14594
       743     82.8390     68.9102     6454.698     450.2291  15.4753   0.0758     7.26    0.568 -16.13   0      20.95     805.1833     77.63734
       744     41.5396     67.7563     14481.45     689.1115  14.5980   0.0517     8.95    0.312  14.79   3      29.59     1188.096     79.16003
       745     44.6272     62.2162     9005.193     544.1215  15.1138   0.0656    10.98    0.445   0.14   3      27.56     1094.626     79.30025
       746    243.8403     62.4656     28011.38     607.1262  13.8817   0.0235    10.41    0.406  11.35   3      80.76     3576.606     85.74379
       747     85.1336     63.2051     5360.714     426.6018  15.6769   0.0864     6.76    0.474 -10.35   0      19.07      695.575     77.73312
       748    969.8093     53.8456     23855.09     538.4026  14.0560   0.0245     9.74    0.499   8.79   3      70.63     2788.852     84.01566
       749    971.4961     48.9684     23779.93      581.001  14.0595   0.0265    10.37    0.464   7.27   3      68.91     2644.825     82.45638
       750    999.8774     55.4911     7094.327     462.0729  15.3727   0.0707     8.10    0.464   5.64   3      23.77     1035.892      78.3098
       751   1001.6782     50.6346     9636.835      568.371  15.0402   0.0641    11.36    0.524  -4.91   2       26.3     803.2809     78.04739
       752    349.4774     53.0531      13072.7     483.7585  14.7091   0.0402     8.94    0.498  -3.65   3      44.23     1929.464     81.06136
       753    350.7674     47.7438     37598.85     944.1385  13.5621   0.0273    17.10    0.425  21.92   3      66.29     1717.037     80.46358
       754    298.9660     52.4097     7740.901     487.9232  15.2780   0.0685     5.94    0.175   8.15   0      21.82     831.9705     78.54387
       755    760.6055     46.8828     10034.63     584.6611  14.9962   0.0633    11.78    0.401  15.90   2      29.11     788.5754     78.21165
       756    364.5618     41.6167     21162.92     718.2792  14.1861   0.0369    11.78    0.501   4.73   3      43.18     1524.339     80.72301
       757    366.1708     36.4391     14552.02      602.738  14.5927   0.0450    12.11    0.519   2.66   3       39.3     1634.064     80.83147
       758    150.2864     41.5863     6485.226     472.1653  15.4702   0.0791     8.40    0.498 -11.89   3      24.88     643.0491     77.37061
       759    153.2773     36.5629     7368.914     556.6711  15.3315   0.0820     9.85    0.582  -0.99   2      23.29     785.0616     77.99432
       760    584.4986     41.1991     4398.748     365.8319  15.8917   0.0903     5.09    0.265   2.30   0      17.17     681.1542     77.69095
       761    553.9640   1021.4213     8927.109     500.7397  15.1232   0.0609     9.38    0.631   0.73  16      20.99     708.3659     78.39201
       762    197.6096   1020.9974     10939.44     463.9603  14.9025   0.0461     9.86    0.563  -3.07  19      35.14     1468.179     79.96013
       763    715.7646     38.2912      4853.71     350.3094  15.7848   0.0784     8.28    0.480  -1.54   0      20.02     847.3215     77.34343
       764    199.1013   1015.4744     14783.38     563.2911  14.5756   0.0414    10.60    0.441  -5.29  19       43.3      1722.97     80.07734
       765    588.6782     35.2486     6559.688     448.4823  15.4578   0.0742     7.38    0.422  29.91   0      21.09     760.3515     77.71442
       766    717.7047     33.2903     5700.545     375.3599  15.6102   0.0715     8.83    0.524   6.51   0      20.36     825.8952     77.90586
       767    313.0982     30.6878      57848.6     483.8957  13.0943   0.0091     9.73    0.485   2.68   3      167.2      7355.37     94.72361
       768    608.3129   1015.0867     141219.5     542.8602  12.1253   0.0042    10.90    0.537   5.99  19      331.9     17821.18     117.4498
       769    610.7764   1009.3157     240971.5      727.528  11.5451   0.0033    10.72    0.445   1.42  19      432.1     22380.28     125.8349
       770     73.5739   1017.2628     28401.26     534.2972  13.8667   0.0204     9.89    0.491  -1.42  19      84.31     3506.481     85.74657
       771    884.9898     25.3255     5477.706     420.9389  15.6535   0.0835     8.95    0.533   7.55   3      19.27     825.9432     78.32017
       772    886.7101     20.4319     8726.834     619.1054  15.1479   0.0770    11.03    0.541   2.40   2      21.71      783.732     77.36572
       773     81.9580     25.1102     4706.228     404.8434  15.8183   0.0934     6.46    0.671 -12.75   0      20.54     644.0757     77.16428
       774     75.6104   1011.5290      36046.5      643.042  13.6078   0.0194    11.91    0.460  -4.63  19      97.97     4342.423     87.75019
       775    989.6672   1017.5711     12315.66     584.8561  14.7739   0.0516    10.82    0.456  -1.99  19      30.12     1053.686     78.77319
       776    990.9156   1012.1151     12663.44     619.2441  14.7436   0.0531    11.25    0.469  -7.18  19      31.82     1286.114     79.23708
       777    347.4473   1018.2819     6343.869     473.8073  15.4941   0.0811     8.88    0.551 -14.90  18      21.47     856.9735      77.7888
       778    349.8597   1012.2822     5941.079     415.3882  15.5653   0.0759     9.36    0.453  15.89  18      21.67     802.4935     77.62946
       779    881.0610   1016.4384     14451.81     508.8349  14.6002   0.0382    10.06    0.492   6.37  19      46.68     1823.581       80.964
       780    882.9103   1010.7020     15648.58     477.4034  14.5138   0.0331    11.29    0.476  -0.35  19      50.19     2045.619     80.98789
       781    383.9471   1009.2614     78274.27     681.3519  12.7660   0.0095    12.66    0.216 -85.79  16      164.4      4318.15      87.6873
       782    778.3871   1015.8361     12989.83      481.205  14.7160   0.0402     9.41    0.549   6.00  19      42.98     1915.786      81.8177
       783    779.7668   1010.0367     15297.69     443.8697  14.5384   0.0315    10.27    0.408  -1.06  19      50.39      1951.76     81.52168
       784    717.2701   1015.4763     7730.304     540.6048  15.2795   0.0759     8.58    0.550 -11.20  16      20.74     586.8731     76.99561
       785    420.6425   1014.6660     7365.784     409.3085  15.3320   0.0603    10.54    0.472  -6.98  19      25.39     925.6455     78.40291
       786    422.2372   1008.8464     7271.827     396.2025  15.3459   0.0592    11.15    0.506  -8.02  19      26.07     1100.089     78.90696
       787    972.5389   1014.3909     9573.837     512.9971  15.0473   0.0582    11.18    0.500   3.27  19      31.68      1319.81     79.74041
       788    974.0991   1008.5483     15531.99      678.818  14.5219   0.0475    10.58    0.387  -1.60  19      37.43      1321.89      78.9308
       789    485.9546   1010.7784     18687.88     391.4955  14.3211   0.0228     9.43    0.489   3.67  19       65.4     2868.046     84.22962
       790    487.8244   1004.8555     23395.04     425.7814  14.0772   0.0198    10.19    0.443  -1.12  19      76.87     3356.636     85.15874
       791    849.1248   1005.6976      48144.9     632.1323  13.2936   0.0143    12.03    0.105 -66.81  16      109.3      2169.26     81.53276
