#   1 NUMBER                 Running object number                                     
#   2 X_IMAGE                Object position along x                                    [pixel]
#   3 Y_IMAGE                Object position along y                                    [pixel]
#   4 FLUX_AUTO              Flux within a Kron-like elliptical aperture                [count]
#   5 FLUXERR_AUTO           RMS error for AUTO flux                                    [count]
#   6 MAG_AUTO               Kron-like elliptical aperture magnitude                    [mag]
#   7 MAGERR_AUTO            RMS error for AUTO magnitude                               [mag]
#   8 FWHM_IMAGE             FWHM assuming a gaussian core                              [pixel]
#   9 ELLIPTICITY            1 - B_IMAGE/A_IMAGE                                       
#  10 THETA_IMAGE            Position angle (CCW/x)                                     [deg]
#  11 FLAGS                  Extraction flags                                          
#  12 SNR_WIN                Gaussian-weighted SNR                                     
#  13 FLUX_APER              Flux vector within fixed circular aperture(s)              [count]
#  14 FLUXERR_APER           RMS error vector for aperture flux(es)                     [count]
         1    837.8802     33.0590     155055.9     903.9572  12.0238   0.0063    15.20    0.364  -1.47   0      278.4     6890.789     94.75494
         2    563.3635     34.7355     22917.14     858.5051  14.0996   0.0407    15.18    0.326 -50.59   2      40.08     1033.198     79.89225
         3    460.7750     26.2509     23646.76     929.2342  14.0656   0.0427    15.86    0.280 -43.11   0      38.08     870.9459     79.84883
         4    954.3458     25.0633     20993.55     811.4703  14.1948   0.0420    17.63    0.363 -31.01   0      42.62     1038.901     79.90848
         5    893.1973     26.4906     8923.024     537.4526  15.1237   0.0654     7.52    0.392   1.74   0      25.22     846.1915     79.35848
         6    124.6783     11.5448     199877.6     872.1667  11.7481   0.0047    19.32    0.395 -50.96  24      304.8     8081.645     97.56944
         7    321.3815     29.2975     106469.8     664.0286  12.4319   0.0068    11.62    0.177 -24.87   0      225.4     5878.853     92.11471
         8    450.1370     15.3063     18456.21     723.6716  14.3346   0.0426    10.15    0.582   8.58  19      31.22     754.2726      78.6713
         9    883.2309     14.4989     6373.898     451.8603  15.4890   0.0770     8.98    0.591  -8.16  19      22.44      919.968      78.7253
        10    884.2078      9.8565     10946.87     601.3331  14.9018   0.0597     9.28    0.389  -1.38  19      25.53     936.2169     79.82542
        11    603.6675     10.1209     9673.969     521.2079  15.0360   0.0585    13.15    0.310 -61.36  16      27.12     659.5223     78.39709
        12    702.5545      5.7225     56358.32     692.1885  13.1226   0.0133    11.78    0.240 -15.20  24      122.7     3176.521     85.57805
        13     12.1811     11.0205     9726.727      546.267  15.0301   0.0610     8.97    0.409  -7.65  18      25.51     823.5885     79.71393
        14    823.1270      6.1079     22152.04     766.8244  14.1365   0.0376     8.69    0.340 -29.24  18      33.26     1218.734     80.00182
        15    828.2248      3.4093     13099.92     520.2974  14.7068   0.0431    10.42    0.489  -7.92  19      26.72     1113.921     80.32977
        16    435.4483      4.8665     81838.42     574.7613  12.7176   0.0076    13.90    0.389 -10.68  24      196.1     6847.854      95.0042
        17    791.8071      5.4364     24523.06     716.3067  14.0261   0.0317    13.12    0.105 -30.44  24      47.51     1076.281     80.43115
        18    314.1919      4.4851        14331     415.5919  14.6093   0.0315    14.20    0.272 -19.53  24      43.04     1223.744     80.63988
        19    761.1176      4.8336     6793.894     430.3014  15.4197   0.0688     9.45    0.398 -89.91  26      22.17     695.4789     78.71376
        20    495.2289   1006.6832     25136.18     525.5286  13.9993   0.0227    10.77    0.453   3.91  19      74.52     2766.313     84.48162
        21    588.8378   1019.7125     84969.43     594.5491  12.6768   0.0076    12.50    0.284  -6.41  24      198.2     5887.736     92.31774
        22    302.9668   1021.1622     24798.67     406.1365  14.0139   0.0178    10.19    0.579  -0.70  19       80.4     3654.395     87.22175
        23    303.9924   1015.9252     30833.62      476.433  13.7774   0.0168    10.76    0.506  -0.75  19      90.04     3511.343     86.46268
        24    205.8527   1022.1828     10014.27      404.027  14.9985   0.0438    10.12    0.599  -0.23  19      33.82      1558.21      81.5771
        25    206.5487   1016.8323     11867.29     464.6093  14.8141   0.0425    10.33    0.463   8.18  19      38.78      1589.94     81.46065
        26    357.9749   1013.9747     5369.746     419.7142  15.6751   0.0849     6.99    0.577   6.03  16      19.32     811.4359     79.67928
        27     97.1619   1005.1183     12849.66     570.7171  14.7278   0.0482     0.00    0.639   3.77  18      28.71     763.4873     78.90988
        28    715.3768    994.6155     136612.5     781.5469  12.1613   0.0062    11.07    0.472 -33.91  19      255.2     11818.44     106.5456
        29    716.1909    988.9886     102934.9     590.8696  12.4686   0.0062    10.84    0.487  -2.08   3      242.5     11262.22     105.0349
        30     35.3025    998.4843     10738.08     619.0488  14.9227   0.0626    10.08    0.308  10.22   2      27.96     821.6897     78.86581
        31    848.1355    999.3051     4265.459        164.3  15.9251   0.0418     0.78    0.064  87.71   0      55.18     3602.897     86.51012
        32    114.3950    998.4820     5206.534     395.0207  15.7086   0.0824     5.39    0.383 -22.26   0      16.99     583.8804     78.81589
        33    295.6160    994.6436     9844.238     373.8653  15.0170   0.0412    10.52    0.466  -3.97   3      33.04     1393.441      81.3224
        34    296.6005    988.7768     12700.33     532.0297  14.7405   0.0455    11.53    0.506   4.06   3      36.39     1282.969     80.59966
        35    783.0350    979.5295     7901.729     478.6362  15.2557   0.0658     9.05    0.406  13.61   3      26.36     1101.967     80.08765
        36    783.4108    984.8665     6313.223     434.8755  15.4994   0.0748    10.36    0.611  -9.07   2      22.95     946.2965     79.64466
        37    871.7776    981.4635     17231.09     704.5692  14.4092   0.0444     9.35    0.486  -0.98   2      34.52     1159.972     80.45995
        38   1018.8548    980.6810     7200.281     447.6353  15.3566   0.0675     8.46    0.277  -3.30  19      23.14      772.019     78.72255
        39   1019.6088    975.2640     8174.767     450.9167  15.2188   0.0599     9.46    0.475   0.19  19       23.6     714.8247     78.98137
        40    457.0116    968.8157     371397.7     648.2353  11.0754   0.0019     9.87    0.431  -4.23   3      665.1     51857.82     171.7116
        41    458.0497    963.1456     470028.5     763.4152  10.8197   0.0018    10.98    0.457   0.09   3      727.1     49010.13     167.9996
        42    807.7009    970.4317     10499.82      570.513  14.9470   0.0590     8.49    0.505  26.15   2      25.69     784.3787     78.33289
        43    435.2882    971.3656      13155.5     646.9645  14.7022   0.0534     9.98    0.569  -1.12   3      27.27     654.3092     78.38198
        44    167.5574    974.0894     23442.97     491.0886  14.0750   0.0227     9.96    0.577   0.40   3      69.95     3145.477     85.29996
        45    168.4739    968.5398     29800.03     557.5596  13.8145   0.0203    10.53    0.482   1.95   3      82.01     3155.304     85.71677
        46    997.5138    970.1117     24326.29     598.7453  14.0348   0.0267    12.60    0.152 -25.13   0      58.08     1373.928     80.64888
        47    660.1501    990.9557     8368.194     488.3562  15.1934   0.0634     6.86    0.563  -3.29   0      22.14     689.8507     79.12087
        48    693.1488    971.5704     10308.32     624.2656  14.9670   0.0658     9.44    0.338 -19.71   2      27.62     748.1422     79.28814
        49    547.9795    970.6815     24378.64     583.9355  14.0325   0.0260     9.94    0.512  -3.07   3      68.32     3008.002     85.52087
        50    548.6939    965.2824     29047.64      653.802  13.8422   0.0244    10.15    0.531   0.60   3      74.41     2844.056     84.69051
        51    500.6630    970.0648      11185.5      552.193  14.8784   0.0536    11.31    0.565  -3.02   3      33.45     1520.151      81.0599
        52    501.3887    964.5126     21463.96     700.5891  14.1707   0.0354     9.45    0.426   4.70   2       46.1     1759.051     81.72697
        53    581.9451    968.8584     10104.94     594.7285  14.9887   0.0639     9.17    0.438   1.72   0      26.53     904.4943     79.94427
        54    522.6501    969.0879     7193.661     448.5639  15.3576   0.0677     6.71    0.331  -1.82   3       23.4     1085.662     79.62289
        55    523.5280    963.5844     10745.93     632.3992  14.9219   0.0639    11.62    0.318   9.78   2      33.22     990.1611     79.97886
        56    770.4877    967.3300     5351.124     401.3953  15.6789   0.0815     6.10    0.564   0.06   0      18.56     723.5895      78.5826
        57    628.0632    960.1022     11254.22     613.1389  14.8717   0.0592     9.22    0.519  10.86   2      28.26     799.2018     78.80099
        58    846.1402    959.6703     8913.697     577.8851  15.1249   0.0704     8.29    0.289 -28.56   2       23.6     734.0326     79.03662
        59    771.5777    961.9736     5985.396     441.3774  15.5573   0.0801     7.03    0.563   0.11   0      20.51     749.0694     79.50118
        60    715.6053    959.0273      7141.84     450.3958  15.3655   0.0685     5.73    0.475  11.40   0      22.45     728.2451     79.23109
        61    198.7267    950.4160     46019.24     639.7504  13.3427   0.0151    10.99    0.474  -3.71   3      117.3     4659.303     89.80206
        62    647.3322    954.5964     11211.25     595.8524  14.8759   0.0577     8.08    0.350 -44.37   0      24.81      625.791     78.72475
        63    955.4573    950.3719     39057.36     508.2201  13.5207   0.0141     9.23    0.499  -2.06   3      113.8     5482.913      91.6808
        64    955.9570    945.2160     53288.19     665.3206  13.1834   0.0136    10.76    0.484  -0.14   3      132.1     5477.807     92.03187
        65    197.9745    955.9930      32314.2     466.5181  13.7265   0.0157    10.11    0.528  -5.05   3      99.59     4782.458      90.1132
        66    909.2512    945.4304     183448.4     744.0409  11.8412   0.0044    11.45    0.107 -25.50   0      347.4     9753.641     101.8824
        67    759.7892    951.8572     4911.835      415.465  15.7719   0.0919     7.76    0.611   9.39   0       18.5     646.1777     78.99532
        68    978.6736    943.4207     13366.55     574.5685  14.6850   0.0467    10.50    0.512  -0.37   3      39.75     1685.946     81.93219
        69    979.4857    938.2890     21693.65     713.6551  14.1592   0.0357    10.31    0.482   8.43   3      43.83     1589.655     81.25453
        70    155.4692    937.9070      8539.27     517.4951  15.1714   0.0658    10.66    0.493   3.89   3      25.67     940.1121     79.20634
        71     48.2959    941.9582     18137.03     663.9818  14.3536   0.0398    10.89    0.544  -2.12   3      42.59     1739.058     81.05546
        72     49.5244    936.4881     16082.11     665.7917  14.4841   0.0450    14.09    0.546  -5.24   3      42.82     1530.056      80.8814
        73    123.8298    932.5023     59309.09     711.0005  13.0672   0.0130    21.10    0.081 -35.37   0      127.8     2890.097     84.22106
        74    441.1416    927.6147     35402.39     760.9265  13.6274   0.0233    13.23    0.158 -27.66   0      75.78     1679.819     81.91519
        75    153.9523    943.2798     8452.141     498.5501  15.1826   0.0641     8.85    0.435 -14.56   3      26.49     1087.035     79.62681
        76    733.5392    923.0938     57040.12      554.424  13.1095   0.0106    10.43    0.531  -0.33   3      151.2      7109.03     95.10148
        77    733.9882    917.4904     66196.91     629.8709  12.9479   0.0103     9.97    0.466   4.39   3      164.1     7071.489     95.18737
        78    384.0743    924.1829     13020.91       586.66  14.7134   0.0489     9.61    0.456   4.51   3      35.69     1287.486     80.81934
        79    385.1230    918.9485     18792.98     719.7273  14.3150   0.0416    12.96    0.451   5.88   2      38.15     1232.268     80.24869
        80    283.3336    924.0989     16068.19      569.803  14.4851   0.0385     9.73    0.504  -3.98   3      43.98     1844.666     81.55611
        81    283.9380    918.6015     15357.33     595.3311  14.5342   0.0421    11.49    0.445  -9.65   3      45.97     1750.404     82.11079
        82    775.7305    920.8383     34206.15     616.1904  13.6647   0.0196    10.12    0.482  -5.35   3         91     4078.086     88.12952
        83    776.6389    915.5834     40588.52       659.07  13.4790   0.0176    12.40    0.503  -4.80   3      106.5     4016.669      88.5388
        84    497.8040    920.6707     35482.97      518.836  13.6250   0.0159     9.91    0.464  -1.40   3       97.4     4206.388     88.45977
        85    498.7449    915.2054      74754.8     840.4203  12.8159   0.0122    17.83    0.381  67.81   3      130.3     3981.119     88.06897
        86    901.7271    918.1773     72345.47     481.3099  12.8515   0.0072     9.70    0.529  -1.45   3      196.4     10222.84     102.9237
        87    902.5623    912.7972      88815.1     538.6018  12.6288   0.0066    10.14    0.486  -0.02   3      220.8     9884.436     102.3371
        88    715.5495    916.0936     12842.16     542.1969  14.7284   0.0459    12.00    0.578  -2.61   3         37     1546.774      80.7217
        89    716.1631    910.8666     16229.74     612.2583  14.4742   0.0410    10.72    0.486   5.85   3      40.06     1623.786     81.55502
        90    262.7744    913.7091     46619.31     556.9254  13.3286   0.0130    10.03    0.510  -4.47   3      126.5     5614.237      91.4595
        91    263.5420    908.2778     53775.43     595.2671  13.1735   0.0120    10.73    0.523  -1.13   3      139.3     5654.165     91.74092
        92    652.2480    911.0505     18241.14     569.2036  14.3474   0.0339    14.27    0.075 -59.15   0      43.98     1001.676     80.01157
        93    390.1739    904.8168     17980.62     729.2711  14.3630   0.0440    12.05    0.524  -5.83   3       32.1     1243.234     80.90154
        94    390.7515    899.7119     14871.75     673.4879  14.5691   0.0492    11.91    0.518   3.02   3      43.78     1042.516     79.49964
        95    108.9792    896.1763     87511.35     828.3803  12.6448   0.0103    10.07    0.283  -7.84   3      169.8     7824.094     97.65428
        96    110.0194    891.0139     89278.74     811.0399  12.6231   0.0099    10.40    0.346  -1.79   3      183.1     7288.451     96.22617
        97     40.8831    893.3789       169501     767.4742  11.9271   0.0049    10.15    0.567  24.54   3      297.2      15538.1     113.7651
        98     41.9029    888.0765     145855.1     664.9306  12.0902   0.0050     9.80    0.524  13.61   3      316.1      14668.6     111.8654
        99    512.5679    892.2791     22171.33     746.9683  14.1355   0.0366    11.14    0.500  -1.89   3      47.36     1602.204     81.49486
       100    129.3062    895.0703     29812.62     509.0154  13.8140   0.0185     9.91    0.564  -3.63   3      90.15     4227.568     88.32526
       101    129.9223    889.4349     38079.18       599.78  13.5483   0.0171    13.07    0.527  -3.18   3      101.4     4103.409      88.1948
       102    905.4650    895.8182        11000     526.5658  14.8965   0.0520    10.60    0.479  -3.32   3      29.98     1212.136     80.39967
       103    905.6251    890.9215     10851.88     488.6569  14.9112   0.0489    11.30    0.512  14.92   3      34.22     1309.182     80.67354
       104    844.4224    892.5521     36546.57     1059.041  13.5929   0.0315    14.66    0.162 -19.33   0       53.4     981.8459     80.16386
       105    786.3182    889.9518      6177.41     422.1345  15.5230   0.0742     6.14    0.476   5.68   0      21.74     715.7936     78.56006
       106    744.0381    887.6340     23958.18     864.5962  14.0514   0.0392    12.57    0.592   5.36   3      37.96      1032.24     80.09834
       107    746.6880    883.3629     29552.36     964.6088  13.8235   0.0354    14.22    0.435  23.27   2      39.23     730.9222     78.60381
       108    592.3795    883.8577     6235.006     483.9229  15.5129   0.0843     7.20    0.513 -10.77   2      19.76     643.6769     78.77637
       109    787.0969    885.0359     5974.578     456.2589  15.5592   0.0829     7.15    0.660  17.28   0      23.17     688.4935      78.0542
       110    276.0860    882.5331     5356.695     403.4738  15.6778   0.0818     6.16    0.520   0.03   0      19.46     673.7041     78.43819
       111    431.8342    880.0869     22405.34     585.3113  14.1241   0.0284     9.80    0.551   0.19   3      62.54     2758.274     84.26199
       112    432.6246    874.3647     24114.35     578.0823  14.0443   0.0260     9.89    0.484   1.99   3       67.3     2639.391     84.73296
       113    521.0178    876.9872     63587.95     551.8296  12.9916   0.0094    10.08    0.526  -0.90   3      167.3     8487.665     98.84921
       114    521.9167    871.1807     118629.1     913.6869  12.3145   0.0084    10.58    0.299 -24.67   3      217.4     8567.921     99.03356
       115    511.5492    897.6447     20714.65     699.7495  14.2093   0.0367    11.27    0.537  -2.34   3      43.69     1792.897     82.22832
       116    849.9499    871.8057     12827.89     651.3527  14.7296   0.0551     9.52    0.347  -1.31   3      33.71     951.9582     79.87022
       117    850.8010    866.2552     13953.28     652.3857  14.6383   0.0508    10.52    0.484   8.82   3      29.34     965.8439     79.70042
       118    358.9478    865.9847     14125.22     776.9044  14.6250   0.0597    16.31    0.072 -33.91   0      31.72     628.0416     78.94313
       119    128.8328    863.5910     15880.74     672.5876  14.4978   0.0460     9.77    0.466  -1.70   2      37.52     1472.735     81.54371
       120    470.0378    861.8527     12334.83     674.4911  14.7722   0.0594    10.45    0.152  37.92   2       26.4     627.6825      78.9421
       121    906.2969    865.9407     2867.739     221.1544  16.3562   0.0838     1.53    0.125  -4.68   0      26.81     1796.857     81.62766
       122    720.1929    863.0079     30094.59     539.4089  13.8038   0.0195    10.17    0.517  -0.70   3      86.45       3936.5     87.76363
       123    720.6777    857.5125     80824.09     1332.517  12.7311   0.0179    18.00    0.456  61.10   2      103.8     3960.332     87.44411
       124    764.5441    864.3470      8047.18     476.0811  15.2359   0.0642     5.63    0.232  -4.34   1       22.7     877.5048      79.8675
       125    609.6187    863.1490     17739.16     665.1025  14.3777   0.0407    10.08    0.546  -3.51   3      33.56     1108.842      80.3154
       126    610.6812    858.0862      19191.7     754.9638  14.2922   0.0427    11.57    0.459   4.55   3      35.92     846.6669     79.14909
       127    589.5952    862.8175     11361.41     621.2973  14.8614   0.0594    10.65    0.541 -13.77   3      33.37     976.5994     79.73108
       128    590.4190    857.0738     12545.96     608.1488  14.7537   0.0526    10.68    0.382   4.11   3       31.5     1168.442     80.48387
       129   1013.4058    842.2279     39715.14     976.4547  13.5026   0.0267    24.13    0.327  81.70  19      69.87     1402.006     81.34634
       130   1019.8227    858.3143     22658.29      408.019  14.1119   0.0196     9.81    0.464  -4.71  19      78.87      3785.84     86.98941
       131   1019.9748    853.0846      24999.8      451.062  14.0052   0.0196     9.76    0.435  -8.36  19      81.58     3732.612     86.85023
       132     67.0969    860.0996     6030.132     416.0763  15.5492   0.0749     5.61    0.483  -4.66   0       19.4     522.4657     77.35363
       133    765.5014    858.2727     10482.07     584.2479  14.9489   0.0605     9.30    0.546   2.74   0      25.79     829.3972      78.4634
       134    316.9365    857.6093     11654.55     455.4264  14.8338   0.0424    10.87    0.520  -0.15   3       36.4     1492.423     81.18812
       135    318.0609    852.2278     14111.27     563.1202  14.6261   0.0433     9.66    0.466  11.94   3      39.61     1468.974     81.12245
       136    848.7757    856.6412     17856.88     766.0956  14.3705   0.0466    13.76    0.638   0.65   2      35.08     1079.355     80.43984
       137    849.4401    851.9136     12715.41     654.5114  14.7392   0.0559    11.97    0.577  -3.18   3      33.19     858.6962     78.97239
       138    207.1798    851.5876     15950.54     680.6345  14.4931   0.0463    14.88    0.363 -85.24   0      34.94     795.4805     79.42371
       139    984.8053    854.2140     23571.89     761.7829  14.0690   0.0351    10.49    0.602  -8.71   0      34.19     984.7186     79.75423
       140    232.9539    852.8446     5286.082     414.6638  15.6922   0.0852     5.82    0.393  -0.20   0      18.59     767.0851     79.34242
       141    523.6860    849.7570     14787.72     682.6972  14.5752   0.0501    11.28    0.449  -6.64   3      28.91     1062.484      79.5567
       142    524.5467    844.5316     12142.22      613.468  14.7893   0.0549    10.45    0.509   8.16   3      36.02     964.8317     79.48766
       143    127.9913    868.9861     11658.42     555.4033  14.8334   0.0517    10.85    0.571  -6.82   3      34.44     1399.661     80.92803
       144    437.6612    848.5800     18565.67     753.1136  14.3282   0.0441    10.60    0.365 -13.02   2      28.53     968.9235      79.7092
       145    438.0490    843.0879     9562.991      565.728  15.0485   0.0642     8.71    0.407  -1.58   3      31.71     982.1504     79.32688
       146    942.6528    843.8874      18170.7     455.0103  14.3516   0.0272    11.06    0.561   0.56   3      55.91      2530.87     83.64638
       147    943.6581    838.6933     22238.06     554.4686  14.1323   0.0271    11.79    0.533   0.74   3      61.29     2256.331     82.69534
       148    112.5958    842.6439     21441.24     601.1326  14.1719   0.0304    10.27    0.524   0.76   3      53.71     2303.222     83.82643
       149    113.6078    836.9724     20207.19      555.142  14.2362   0.0298    11.41    0.507   1.60   3      56.38     2144.641     83.19484
       150    859.7122    834.6559     12568.22     656.3718  14.7518   0.0567    10.73    0.312   7.26   2      29.07     845.9632     78.93574
       151    405.9261    837.5827     59734.84     487.4626  13.0594   0.0089    10.09    0.534   1.03   3      162.9     8056.301     98.02296
       152    406.9001    832.0754     71439.34     582.2256  12.8652   0.0089    10.20    0.469   5.22   3      179.3     7480.525     95.98517
       153    881.9992    832.7778     66933.84     799.0256  12.9359   0.0130    14.53    0.139  28.46   0      121.2     3360.646     86.25951
       154    675.6493    838.0848     8098.443     524.5164  15.2290   0.0703    10.20    0.552  -1.66   3      24.63     877.4777     79.02642
       155    675.4251    832.8447     9535.728     586.7335  15.0516   0.0668    10.63    0.348   6.25   3      26.08     975.7267     80.14651
       156    280.7912    828.5011     7829.162     499.1034  15.2657   0.0692     9.85    0.436 -14.59   3      24.83     950.7115     79.65726
       157    281.5388    822.8391     8584.983     523.9307  15.1657   0.0663    10.09    0.465   6.75   2      26.29     966.5939     79.70256
       158    185.6659    821.0031     49172.12     552.7024  13.2707   0.0122    11.04    0.585   5.69   3        123     4792.354     90.13815
       159    186.7188    815.6301     49102.74      557.189  13.2722   0.0123    10.70    0.520   9.14   3      127.6     4820.118     90.02277
       160    341.0261    822.6107     8332.236     418.3313  15.1981   0.0545    11.35    0.475  -4.48   3      28.15     1228.225     80.65252
       161    342.1464    817.0973     11092.47     539.9183  14.8874   0.0529    10.55    0.528   0.09   3      32.71     1240.927     79.85594
       162    551.6807    817.1742      47895.3     780.8607  13.2993   0.0177    13.49    0.095 -16.44   3      102.2     2144.385     82.99312
       163    538.6091    815.3908     30978.69     488.6174  13.7723   0.0171    10.77    0.530   2.65   3      89.45      3991.98     87.90718
       164    539.6014    810.0954     36043.55     481.5206  13.6079   0.0145    15.03    0.523   5.51   3      98.63     3829.777     87.48682
       165    482.1092    822.0054     10908.38     610.9636  14.9056   0.0608     8.04    0.267  66.06   0      21.57      569.445     78.56192
       166    606.4852    819.1311     17237.35     734.7451  14.4088   0.0463    12.22    0.571  -5.14   3      32.53     1226.781     80.02468
       167    606.6680    813.5098     11004.46     597.8726  14.8961   0.0590    11.88    0.364   2.34   3      30.72     1017.426      79.2173
       168     34.9763    813.7106      23944.9     873.7214  14.0520   0.0396    15.36    0.240 -69.21   0      38.81     833.6718     78.90034
       169    812.2218    812.4290     99873.46     515.6422  12.5014   0.0056     9.84    0.475  -0.93   3      251.8     13740.14     110.5689
       170    812.9102    807.0834     118385.4      620.791  12.3168   0.0057    10.82    0.479   3.24   3      269.8     12586.15     107.7066
       171    744.9183    810.3755     10171.45     557.7971  14.9815   0.0596     7.67    0.323 -73.88   2      26.61     779.9925     79.16867
       172    407.4604    805.1513     482688.3     844.3934  10.7908   0.0019    12.00    0.113 -27.85   3      712.4     22346.53     126.7701
       173    403.1492    789.5332     113390.2     749.0034  12.3636   0.0072    11.81    0.104 -29.80   3      224.8     5029.409     90.54961
       174    215.6723    813.0231     12571.22     367.6526  14.7516   0.0318     9.80    0.533  -2.43   3      42.33     1952.219     82.66751
       175    216.4697    807.4662      17410.5     534.8193  14.3980   0.0334    10.09    0.442   5.79   3      51.39     1899.433     82.11642
       176    582.4573    800.8680     16838.91     723.7408  14.4342   0.0467    13.92    0.309  33.89   3      37.48     1153.232     80.23299
       177    568.5457    795.7676     41996.98     892.5527  13.4420   0.0231    29.51    0.390  25.60   2      72.72     1302.653     80.65514
       178     87.8287    806.4543     7688.676     502.3755  15.2854   0.0710     7.10    0.567 -10.97   2      22.48     642.0356     78.77164
       179    701.9929    804.8887     18056.65     780.7326  14.3584   0.0470    12.63    0.427  -6.71   2      36.07     967.5559      79.7053
       180    703.0673    799.6596     10839.33     564.7636  14.9125   0.0566     8.98    0.494   4.35   3      28.21     854.3983     79.38199
       181    675.3028    800.3095     15937.36     709.4691  14.4940   0.0483    10.31    0.401   1.94   2      29.62       792.79     78.78249
       182    631.9560    801.7081      5418.89     375.6387  15.6652   0.0753     5.31    0.617  12.47   0      19.72     572.3562     77.92995
       183    250.6182    795.5067     22514.05     766.9317  14.1189   0.0370    12.24    0.423  -6.68   3      47.28     1384.184     80.26262
       184    251.3509    789.4310     28078.26     852.0646  13.8791   0.0330    10.35    0.332  11.32   3      49.71     1604.345     81.70552
       185     45.6522    797.0941     11923.66     561.4934  14.8090   0.0511    11.45    0.567  -5.37   3      33.07     1439.749     80.41981
       186     46.4190    791.6057     13048.23      558.968  14.7111   0.0465    10.43    0.432   6.37   3      37.65     1531.574     81.29764
       187    986.5467    787.6228     7630.708     485.4389  15.2936   0.0691     8.54    0.477   5.26   3      25.17     1127.137     80.36715
       188    987.4011    782.2689     7305.825      480.965  15.3408   0.0715     9.33    0.384  -1.01   3      22.72     810.7866      79.4675
       189    936.3671    784.1158     15219.42     727.2626  14.5440   0.0519    10.87    0.407  -0.33   0      29.97     755.8559     78.88789
       190    187.7715    784.8925      9906.18     544.8109  15.0102   0.0597     7.91    0.721  22.95   0      24.48     569.7311     77.70763
       191    293.5056    783.7451     14171.68     562.4026  14.6214   0.0431     7.62    0.455  -4.37   2      28.41     786.4022      78.5517
       192    109.0238    777.1064     32809.82     499.6014  13.7100   0.0165    10.21    0.480   3.10   3      93.59     3587.522     86.27634
       193    162.4409    776.5425     215291.9     591.6815  11.6674   0.0030    10.31    0.471  -4.29   3      441.6     27057.12     134.9512
       194    163.5003    771.1982     236935.5     648.1193  11.5634   0.0030    10.41    0.470   2.68   3      464.8     25352.78     132.0497
       195    107.9016    782.4003      27903.6     504.0367  13.8858   0.0196     9.89    0.534  -2.65   3         83     3782.464     87.36383
       196    431.5189    774.8442     6780.935     469.2881  15.4218   0.0752     8.69    0.491 -14.93   3      21.38     753.5043     78.66908
       197    431.4568    769.4939     9395.996     549.1794  15.0676   0.0635    10.55    0.390   7.37   2      26.42     950.2363     79.02429
       198    969.2890    774.7480     6954.963     440.9303  15.3943   0.0689     6.27    0.500 -31.33   0      19.65     669.0072     78.42459
       199     41.6639    766.0865     10087.62     552.4973  14.9905   0.0595    10.00    0.550  -3.08   3      29.37     1292.515     80.21115
       200     43.5748    760.4639      18438.7     759.1506  14.3357   0.0447    14.22    0.512  -4.61   3      38.87     1259.855      80.7416
       201    227.2663    759.1046      6909.14     510.2731  15.4014   0.0802     8.66    0.235 -21.86   3      21.68     844.5735     78.93173
       202    227.7930    753.7239      7008.68     531.1674  15.3859   0.0823     9.35    0.556   7.46   2      25.28     750.2492     79.08324
       203    409.8501    755.2301     19813.94     491.9593  14.2576   0.0270    10.14    0.548  -3.49   3      60.55     2703.677     84.70826
       204    410.9101    750.0635     23286.78     571.9453  14.0822   0.0267    10.47    0.495  -0.01   3      66.61     2486.394     83.52545
       205    722.3055    752.8273     9081.985     555.1008  15.1045   0.0664     8.70    0.507  79.08   0      25.59     757.4507     78.25473
       206     33.6705    751.9976      30737.7     531.8857  13.7808   0.0188    10.25    0.547  -3.08   3      85.39     3917.683     87.71489
       207     34.9308    746.4689     30858.01       507.84  13.7766   0.0179     9.99    0.502  -0.74   3         90     3537.237     86.53072
       208    100.8194    751.1137     26821.12     552.5782  13.9288   0.0224    11.59    0.566  -5.34   3      73.56     3141.291     85.28881
       209    101.8295    745.9345     31921.43     666.1807  13.7398   0.0227    11.31    0.551  -5.56   3      79.33       3184.5     85.79416
       210    250.6603    751.3118     8855.393     518.4399  15.1320   0.0636     8.60    0.427  -5.77   3      27.64     1161.838     79.84003
       211    251.6713    745.9136     13858.15     603.1251  14.6457   0.0473    10.93    0.419   7.07   3      33.55     1196.157     79.93766
       212    284.8865    747.2123     39141.87     736.4036  13.5184   0.0204    15.95    0.687   1.17   3      86.31     3492.635     86.41349
       213    286.0479    741.6820     40987.53     749.8923  13.4684   0.0199    17.66    0.693   1.19   3      89.78     3348.908     85.84028
       214    807.1077    747.2449     8517.385     503.5801  15.1742   0.0642     8.83    0.420  -7.85   3      22.86     955.2048     79.03859
       215    807.3275    741.8177     7358.935     536.0123  15.3330   0.0791    10.24    0.481  14.04   2      22.34     889.1127     79.69119
       216    954.2119    740.3610     27081.89     713.6156  13.9183   0.0286    14.48    0.337 -88.69   0      56.29     1725.226     82.44727
       217    436.9088    745.6010     12369.37     626.3504  14.7691   0.0550    10.36    0.480  -6.04   3      35.83     1143.633      80.2058
       218    437.1989    739.8511     11535.75     588.9276  14.8449   0.0554     9.12    0.382   6.11   3      32.93      1142.41     80.20233
       219    900.3230    736.5095     197915.7     597.6806  11.7588   0.0033    10.26    0.467   0.72   3      413.1      24947.2     131.0952
       220    900.9214    731.1808     215613.2     637.3309  11.6658   0.0032    10.03    0.448   3.51   3      433.2     23871.92     129.6048
       221    677.9715    738.4100     9158.455     595.0689  15.0954   0.0706     9.48    0.406   2.91   2      26.73     733.0634      79.2449
       222    140.6459    743.2452     8337.228     479.7143  15.1974   0.0625     6.42    0.384  -7.61   0      23.49      657.033      78.8149
       223    245.2406    738.5625     12046.28     551.0335  14.7979   0.0497     9.33    0.458  -6.34   3      32.64     1446.817     81.06035
       224    246.5054    732.8087     11585.75     555.3735  14.8402   0.0521     9.93    0.424   6.33   3      34.13     1267.141     80.55502
       225    586.9167    719.6196     41207.67     1309.261  13.4626   0.0345    24.19    0.425  81.24   3       44.5      817.517     79.27632
       226    596.3127    734.2986     33464.55      667.333  13.6885   0.0217    14.45    0.521  -0.20   3      80.73     3588.536     86.27901
       227    597.1552    729.0174     38124.38     683.1257  13.5470   0.0195    10.16    0.483  -2.56   3      91.01     3547.016     87.13342
       228    731.0266    728.9138     26192.96     876.6909  13.9545   0.0363    19.11    0.215 -41.81   0      51.57     1226.446     80.02373
       229    376.0564    733.8159     7657.572     510.6064  15.2898   0.0724     8.95    0.418 -13.92   3         24     927.4831     79.80055
       230    377.0856    728.1608     8114.368     508.3512  15.2269   0.0680     9.53    0.342   1.60   2      24.96     894.2683     79.07469
       231    707.3945    733.1205      11250.4     627.2771  14.8721   0.0606    10.26    0.390 -11.16   2       28.3     1131.092     80.37833
       232    708.0433    727.3171     7588.153     482.8313  15.2997   0.0691    10.09    0.544   6.17   3      23.47     909.7897     79.11929
       233    909.1732    714.0245     21089.46     605.1543  14.1898   0.0312    11.27    0.550  -3.53   3      54.92     2432.677     84.17668
       234    909.9925    708.5672     26222.04      679.769  13.9533   0.0282    12.78    0.422  -3.51   3      65.83     2153.773     83.42026
       235    279.2943    710.9783     7817.683     412.0146  15.2673   0.0572     5.37    0.422  15.39   0      21.51     677.5695     78.23618
       236    986.5521    707.4946      9021.91     516.0912  15.1118   0.0621     7.57    0.501  -1.34   0      23.58     819.6489     78.64783
       237    730.2498    705.3686     26746.15     468.2779  13.9318   0.0190    11.41    0.555  -0.30   3      78.71     3527.398     86.69775
       238    731.2175    700.1003     29639.06     589.5319  13.8203   0.0216    10.64    0.530   1.41   3      82.68     3260.433     85.60571
       239    950.9609    705.5689     11516.86     607.7641  14.8467   0.0573    10.78    0.264  -9.45   2      32.42     946.4388     79.85452
       240    581.2160    705.3854     8419.585     472.7385  15.1868   0.0610     6.39    0.263 -20.68   3      22.79      891.998     79.48956
       241    581.6326    699.2816     11780.93     607.8629  14.8221   0.0560     9.94    0.474  11.10   2      28.37     775.3194     79.15526
       242    147.4945    697.5280     10908.41     598.5342  14.9056   0.0596    11.42    0.448  -5.28   3      27.89     845.3658     78.93401
       243    147.4375    692.2291     7863.047     521.2194  15.2610   0.0720    10.04    0.406   2.69   3      24.43     920.1542     79.77967
       244    157.4693    704.3593      13750.7     547.9387  14.6542   0.0433     8.97    0.449   2.77   3      39.94     1727.272      81.8429
       245    158.7698    699.1352     19356.98     695.1157  14.2829   0.0390    11.09    0.477   8.24   3      44.77     1639.762     81.59953
       246     26.8150    705.2109     5563.817     439.2631  15.6366   0.0857     6.36    0.212  32.56   0      17.82     693.5033        78.92
       247    987.8683    702.0117     6373.765     477.9102  15.4890   0.0814     7.53    0.532   2.78   0      20.13      610.399     78.68031
       248    240.7833    702.5658      10933.2     625.1614  14.9031   0.0621     9.67    0.313  -4.94   2      28.49     925.7679     80.21323
       249    440.0726    694.0497     8973.882     537.4741  15.1175   0.0650     7.86    0.566   3.96   0      23.17     709.1187     78.75314
       250    457.5849    693.6540     7749.078     509.0089  15.2769   0.0713     7.89    0.511  -7.22   0      24.14     695.9567     79.13841
       251    702.3536    686.0821     41886.19     614.9556  13.4448   0.0159    10.81    0.556  -0.80   3        107     4789.608     89.57352
       252    703.1599    680.5120     45657.35     660.8157  13.3512   0.0157    10.61    0.519   1.44   3      111.8     4455.395     88.72148
       253    459.8178    687.5709     6969.309      480.806  15.3920   0.0749     7.34    0.631  -1.75   0      20.39     629.4839     79.15858
       254    672.3931    684.6230     21359.75     657.5062  14.1760   0.0334    10.55    0.490  -4.51   3      48.77     2051.857     82.94098
       255    673.3220    679.3247     29137.56     783.9517  13.8389   0.0292    10.64    0.458  -4.70   2      59.48     1871.841      81.6318
       256    309.6526    684.9988     12398.13     621.6764  14.7666   0.0545     8.40    0.321  -0.36   0      25.11     583.9354     78.60383
       257    499.0081    681.1658     33798.86     807.8441  13.6777   0.0260    11.15    0.544   0.60   3      54.98     2246.894     83.67358
       258    499.9413    675.8871     30749.29      809.569  13.7804   0.0286    11.32    0.492   1.72   3       59.3      2190.68      82.7169
       259    475.1089    679.7986     32995.27     545.2446  13.7039   0.0179    10.52    0.513  -0.30   3      97.75     4609.239      89.4888
       260    475.7351    674.3052     39271.79      584.011  13.5148   0.0161    10.17    0.495   2.51   3      106.7     4201.044     88.06751
       261     21.2386    682.2142     7620.441     483.7106  15.2950   0.0689     8.21    0.407 -13.52   3      23.48     1006.196      80.4408
       262     22.2969    677.0925     11516.76     609.1367  14.8467   0.0574    10.28    0.437  13.12   2      27.83     939.9066     79.20576
       263    524.8490    677.7855     37344.43     776.1714  13.5694   0.0226    11.27    0.547  -2.31   3      71.52     3182.988     86.17868
       264    526.0358    672.1400      36527.2     810.6744  13.5935   0.0241    13.06    0.545  -4.32   3      76.68     2863.606     84.93984
       265    188.5392    653.7708     87796.83     1384.706  12.6413   0.0171    35.89    0.566 -62.55   3      119.1     2384.181     83.44727
       266    183.8078    673.1083     74841.65     553.4351  12.8146   0.0080     9.89    0.446  -5.61   3      194.6     9436.557     101.0073
       267    184.9669    667.9211     63127.84     482.1623  12.9994   0.0083    10.12    0.600   3.58   3      180.4     8730.788     99.40662
       268    957.4270    673.6174     40990.19     453.5573  13.4683   0.0120    10.09    0.493  -2.30   3      120.8      5880.93     93.02205
       269    957.8966    668.3809      50283.4       570.99  13.2464   0.0123    11.01    0.475   0.67   3      132.6     5218.892     90.47175
       270    720.8232    672.3218     31387.13     522.6618  13.7581   0.0181    10.56    0.564  -1.62   3      91.31     4335.037     88.78968
       271    721.6422    667.0902        35708     520.5415  13.6181   0.0158     9.99    0.489   2.95   3      99.46     3777.207     86.96686
       272    836.5286    668.4633     8703.084     498.6645  15.1508   0.0622     5.19    0.137  79.66   2      22.15     708.5323     78.96326
       273    589.1765    668.4984     14849.81     536.0721  14.5707   0.0392    15.57    0.286 -64.85   0      36.66     820.0574     78.43634
       274    149.1646    669.4615     9684.247     483.8169  15.0348   0.0543     9.16    0.471  -7.33   3       31.3     1426.979     81.00471
       275    150.2325    664.1434     13557.92     601.6254  14.6695   0.0482    10.31    0.463   6.91   3      34.39     1339.183     80.55091
       276    444.7597    669.6993     7089.216     454.9818  15.3735   0.0697     6.51    0.249  -2.08   3      24.17     879.3085     78.60783
       277    445.1084    664.5123     7494.864     503.9478  15.3131   0.0730     8.98    0.435  -3.93   2      23.26     872.7251     79.22388
       278      2.2941    669.0364     5083.713     270.7431  15.7345   0.0578     6.66    0.215  -1.19  27      26.59     1393.754     80.08141
       279      3.7864    663.9263      8599.18     376.4503  15.1639   0.0475     9.93    0.311  31.29  27      33.65     1338.009     80.96129
       280     85.6074    667.0613     8552.134     519.9159  15.1698   0.0660     7.75    0.399   0.30   0      21.81     755.6879     79.30977
       281    228.2860    657.6710     28696.51     523.0896  13.8554   0.0198    11.02    0.568  -1.95   3      81.89     3508.531     86.26186
       282    229.2351    652.2828      48076.6     933.4023  13.2952   0.0211    19.40    0.670  11.18   2      86.89     3223.654     85.70313
       283    946.8330    652.5046     40149.88     502.9294  13.4908   0.0136    10.42    0.538   0.88   3      115.3     5280.194     90.44111
       284    947.0370    647.1844     46371.95     603.6064  13.3344   0.0141    10.31    0.500   2.65   3      118.7      5093.33     91.26067
       285    701.8625    654.5669     8723.619     522.3945  15.1483   0.0650     9.86    0.437 -14.10   3      26.19      1109.24     80.10828
       286    703.1228    648.4643     10483.66     531.8676  14.9487   0.0551     9.67    0.399   5.84   3       29.8     1102.404     79.88004
       287    469.9429    650.4105     26252.77     704.5158  13.9521   0.0291    10.86    0.523   0.67   3      54.98     2329.196     83.69749
       288    471.2305    645.1207     29492.75      766.277  13.8257   0.0282    11.61    0.487   1.86   3      61.79     2235.512     83.24229
       289    632.0974    646.1721     12421.88     677.6089  14.7645   0.0592    11.01    0.431   4.62   2      30.01     764.9438     78.27649
       290    804.6324    647.4225     20209.35     850.9451  14.2361   0.0457    13.83    0.209 -38.20   0      36.94     770.5881     79.56268
       291     35.5062    642.2114      73106.6     527.9922  12.8401   0.0078     9.65    0.465  -5.13   3      188.2     9098.015     100.2427
       292     36.5945    636.8044     79250.91     576.6412  12.7525   0.0079    10.03    0.483  -1.02   3      195.4       8336.2     98.50034
       293    353.4644    642.0164     8415.273     471.8523  15.1873   0.0609     6.43    0.357 -65.61   2      23.75     603.6478      78.6608
       294    398.2201    641.1598     64440.09     493.8972  12.9771   0.0083    10.14    0.522  -2.50   3      173.3     8583.784      99.4066
       295    399.2162    635.8209     71989.62     553.0183  12.8568   0.0083    10.23    0.481   1.30   3      183.6     7997.807     97.88724
       296    175.9251    638.3998     24637.05     435.8085  14.0210   0.0192    10.10    0.523  -4.24   3      76.56     3466.285      86.5374
       297    176.9715    633.0362     27079.13     457.6169  13.9184   0.0184    10.79    0.517  -2.09   3      80.32     3374.597     86.68253
       298    970.1586    639.3215     10337.15     596.2197  14.9640   0.0626     8.48    0.440  -8.00   0      25.41     852.8556     79.37757
       299    276.5437    631.2775     34115.33     638.7845  13.6676   0.0203    10.73    0.509  -1.22   3      84.17     3145.901     85.49669
       300    275.9035    636.8134        24562     509.9518  14.0243   0.0225    11.43    0.585  -1.66   3      74.68     3438.529     86.27106
       301    232.1436    626.0273     8594.042     529.4845  15.1645   0.0669     9.26    0.370 -13.42   3      24.36     950.1592     79.65568
       302    232.8623    620.4399     6986.145     454.9303  15.3894   0.0707     9.49    0.328   7.52   3         23     837.7753     79.33438
       303    744.4529    623.3205        21801     502.1098  14.1538   0.0250    10.96    0.544  -0.37   3       65.6      2743.71     84.22269
       304    745.1617    617.9352     23458.83     529.5555  14.0742   0.0245    10.45    0.556   1.40   3      65.61     2466.396     83.87029
       305    714.1751    617.0721     16095.71     749.0303  14.4832   0.0505    11.46    0.183 -17.54   2      28.82     840.8947     79.34332
       306    353.1695    622.1901     13509.92     612.6127  14.6734   0.0492     8.33    0.255 -11.53   0      29.18     683.7487     79.31423
       307    910.0783    613.0328     11365.11     616.5758  14.8611   0.0589     9.75    0.319  21.79   3      25.36     860.0598     79.39819
       308    910.4595    618.4999     8563.312     563.8469  15.1684   0.0715     9.86    0.529  -9.72   2      27.98     876.5567     78.81211
       309    665.1642    611.9338     11642.85     594.6141  14.8349   0.0555    11.26    0.448   0.90   3      33.41     1191.306     80.34077
       310    666.8145    606.9286     14160.06     637.5671  14.6223   0.0489    10.69    0.434  15.38   3      35.21      1085.21      80.2485
       311    985.9551    608.3151     11531.07     537.7784  14.8453   0.0506    10.89    0.521   1.87   3      35.15     1535.891      80.8978
       312    986.6115    603.1823     15861.78      645.978  14.4991   0.0442    10.04    0.480   8.90   3      41.01     1474.129     81.13689
       313    553.6334    607.5385     34086.17     530.9604  13.6686   0.0169    10.07    0.551  -2.95   3      100.7      4753.94     89.85555
       314    554.5154    602.2045     38347.99     639.6362  13.5406   0.0181    10.50    0.499  -1.48   3        105     4199.969     88.63194
       315    133.4551    597.8083     9037.294      564.038  15.1099   0.0678     8.20    0.181   9.13   2      24.15     668.3893      79.0592
       316    410.6941    601.8486     5998.464     447.0247  15.5549   0.0809     6.98    0.627  -7.55   0      19.35     655.1227     78.17095
       317    725.2535    597.2225     21044.36     718.1156  14.1922   0.0371    10.55    0.481 -16.03   3       45.7     1767.944     82.15933
       318    726.3133    591.6922     14578.39     580.1087  14.5907   0.0432    12.92    0.536   1.89   3      41.07     1438.337     80.83018
       319    190.9164    597.4078     56064.28     529.3546  13.1283   0.0103    10.41    0.530  -2.19   3      150.6     7341.892     96.35231
       320    191.9070    592.0688     62573.25     598.6167  13.0090   0.0104    10.65    0.503   1.74   3      160.8     6716.167     94.33517
       321    411.2690    596.1018     8720.816     555.7048  15.1486   0.0692     9.31    0.493 -10.93   0      23.77     743.9319     78.64142
       322    527.0126    588.3639     8407.371     515.0103  15.1883   0.0665     8.81    0.524 -16.46   3      23.31     1096.266     80.69487
       323    528.2565    583.1227     15128.73     650.8732  14.5505   0.0467    12.49    0.516   0.03   3      34.12     1099.166     79.87083
       324    170.5062    585.6102     15050.47     657.8658  14.5561   0.0475    10.87    0.543   0.92   3      38.35     1551.291     81.35275
       325    171.3955    580.2482     12580.73      576.435  14.7507   0.0498     9.47    0.484   2.88   3      36.51     1430.764     81.01533
       326    889.4165    582.1817     9993.588     557.7247  15.0007   0.0606     7.75    0.505  -6.85   2      25.52     756.8694     79.31315
       327    536.7120    576.6645     11133.02     578.7573  14.8835   0.0565     8.79    0.479 -16.06   1      26.36      821.304      78.8647
       328    147.5208    571.1907     19704.76     633.6367  14.2636   0.0349    19.36    0.369 -61.80   0      42.09     1249.114     80.50414
       329      6.7162    573.9603     9528.652     496.5239  15.0524   0.0566     7.59    0.203 -45.02  18       25.1     680.8692     78.45895
       330    828.0650    568.1545     23734.87     852.3763  14.0615   0.0390    12.97    0.100  82.96   0      44.14     1005.043     79.81212
       331    913.6283    570.6403     10264.33     468.3045  14.9717   0.0495    11.16    0.482   6.28   3       31.9     1364.352     81.24107
       332    915.5712    565.9316     10863.04     479.1696  14.9101   0.0479    11.92    0.534   7.52   3      31.97     1127.332     80.15959
       333    669.6464    564.7698     117108.4     554.9448  12.3285   0.0051    10.28    0.454  -1.52   3      278.6      14578.2     112.2783
       334    670.2245    559.4398       169235     744.1893  11.9288   0.0048    10.47    0.338   9.21   3      323.1      14276.9     111.6667
       335    318.4822    569.2143      8489.73     501.0737  15.1778   0.0641     9.17    0.533  -7.12   3      25.76     969.4816     79.71079
       336    318.0835    564.3625     12052.72     649.1552  14.7973   0.0585    11.45    0.446  -2.83   2      31.46     926.9039     79.16844
       337    875.3174    563.9597     13924.83     570.4135  14.6405   0.0445    10.53    0.529  -4.04   3      38.75     1601.607     81.08221
       338    875.5347    558.7080     29264.21     1056.686  13.8342   0.0392    19.26    0.587  39.25   2      43.08     1466.599      80.7029
       339      2.5650    560.8884     27997.61     415.0268  13.8822   0.0161     7.26    0.237  19.79  27      103.6     5564.988     91.51974
       340      3.4926    555.8114      32485.5     401.1535  13.7208   0.0134     8.74    0.331  11.80  19        108     4541.849     89.31749
       341    524.5783    563.5560     13603.69     641.2878  14.6659   0.0512     8.05    0.255  -8.09   2      27.47     970.1725     80.13076
       342    988.2115    557.1497     48422.54     619.3924  13.2874   0.0139     9.58    0.475   1.01   3      125.6     5945.917     93.00126
       343    988.9166    552.0864     47276.51     549.6478  13.3134   0.0126     9.89    0.473   3.19   3        128     5261.168     90.94597
       344    505.0344    560.7771     12772.97     554.3546  14.7343   0.0471    11.16    0.575  -1.83   3      37.56     1725.248     82.24448
       345    506.0863    555.3861     18208.63     641.6173  14.3493   0.0383     9.86    0.463   4.83   3      47.13     1751.658     81.70641
       346    261.6109    560.3292     18365.99     622.5142  14.3400   0.0368    10.91    0.570   1.25   3      44.87     1974.242     82.52587
       347    262.7989    554.8817     16640.73     579.4766  14.4471   0.0378    10.72    0.431   4.55   3      46.62     1713.481     82.00854
       348    358.5218    557.1848     19699.78     507.7802  14.2638   0.0280    10.23    0.534   1.06   3      54.84     2352.513     83.76078
       349    359.7846    551.9402     28428.79     715.2131  13.8656   0.0273    10.78    0.455   2.92   3      63.09     2275.596     83.35165
       350    453.2317    554.4827     18455.54     775.4824  14.3347   0.0456    15.16    0.164  88.39   0      36.76     929.4815     79.38653
       351    581.9227    550.8915      7390.98     514.5616  15.3282   0.0756     8.34    0.336 -13.53   2      21.52     679.0391     78.45365
       352    774.4862    547.2016     11868.61     508.3867  14.8140   0.0465    10.58    0.512  -0.88   3      35.94     1526.173     81.69251
       353    775.3735    542.0856     16445.71     646.8293  14.4599   0.0427    14.05    0.457  -5.15   3      44.06     1359.991     80.40211
       354    111.2016    538.6505     714987.3     773.3699  10.3643   0.0012    10.11    0.418  -5.78   3      965.1     91768.49      218.234
       355    112.2361    533.2580     862060.3     890.3573  10.1612   0.0011    10.34    0.449   2.72   3       1052     85398.72     211.4964
       356    651.6776    539.0138     52974.74     497.0662  13.1898   0.0102    10.34    0.545  -2.23   3      146.7     7194.304     95.82941
       357    652.6600    533.5862     71744.88     592.2991  12.8605   0.0090    11.01    0.422  -3.63   3      168.4     6792.908     95.04856
       358    356.4761    540.3818     9815.115     504.1655  15.0203   0.0558     6.05    0.363 -10.93   0      24.26     819.5546     79.28217
       359    557.6724    538.1025     9276.578     559.6753  15.0815   0.0655    11.30    0.546  -1.13   3      26.75     1137.859     79.56207
       360    557.8172    532.6671     9581.226     537.7308  15.0464   0.0609    10.72    0.529   2.42   3      29.21     1145.464     80.41896
       361    184.2910    532.8069     34743.03     963.6667  13.6478   0.0301    17.09    0.235 -11.02   2      54.79     1169.894     80.28017
       362    356.3729    535.0595     5911.955     426.9108  15.5707   0.0784     7.43    0.400   5.70   0      19.78     768.2987     79.34589
       363    684.8727    532.8970     8806.795     165.4943  15.1380   0.0204     0.98    0.067  78.35   0      97.79     7977.578     97.15496
       364    197.1817    535.8204        14386     625.7484  14.6052   0.0472     8.71    0.545 -17.52   3      29.65     812.6027      79.6826
       365    388.5255    526.0959     8495.615     524.6885  15.1770   0.0671     7.73    0.191  18.45   2      23.17     731.0048     78.39126
       366     52.8336    527.3633     14697.98     631.8383  14.5819   0.0467    12.20    0.552  -3.40   3      40.38      1759.13     82.13494
       367     53.5163    522.1652     23104.23     753.9283  14.0908   0.0354    10.29    0.551  -4.50   3      41.01     1643.648     81.40542
       368    168.8327    525.9315     9111.854     518.5524  15.1010   0.0618     7.05    0.433 -15.89   3      28.36     1059.278     79.96641
       369    169.4891    520.5514      14917.8      684.573  14.5657   0.0498    12.01    0.452 -18.43   2      33.49     980.5831     79.32239
       370    819.4152    518.6874     9775.975     450.7977  15.0246   0.0501     9.89    0.522   1.58   3      32.29     1467.988     80.91351
       371    819.6376    513.4999     12001.78      579.819  14.8019   0.0525    12.42    0.508   1.55   3      33.54     1184.861     79.27592
       372    162.2784    514.5733     12484.76     563.9464  14.7590   0.0491     7.73    0.519  -9.01   0       29.3     725.6571     79.01254
       373    617.4790    511.2950     7151.691     464.9988  15.3640   0.0706     7.71    0.416 -15.16   3      23.55     1077.381     79.80882
       374    618.2166    506.0248     7955.643      489.872  15.2483   0.0669    10.33    0.459   0.29   3      25.31      822.603     79.71112
       375    217.0772    494.2825     39205.94     706.3212  13.5166   0.0196     2.49    0.244 -34.22   0      83.14     1610.622     80.90127
       376    731.0691    496.8203     22370.55     567.1806  14.1258   0.0275    10.07    0.513  -1.40   3      64.85     2870.703     85.15521
       377    732.0490    491.8754      25180.3     593.4666  13.9973   0.0256    11.25    0.535   1.49   3      69.59     2413.797      83.5279
       378     12.6501    497.0214      16921.3      442.277  14.4289   0.0284     9.59    0.520  -4.83  19      54.53     2372.098     84.01297
       379     12.9086    491.1690     44074.29     716.0972  13.3895   0.0176    15.68    0.252  58.35  19      84.65     2623.502     83.49855
       380    134.3886    492.1674     120415.2     544.1541  12.2983   0.0049    10.11    0.504  -3.53   3      286.3     15393.44     113.9165
       381    135.5805    486.8092     129257.8     568.0433  12.2214   0.0048     9.92    0.484   1.98   3        298     13998.26      110.797
       382    959.8047    480.1336       260091     838.3646  11.4622   0.0035    11.63    0.119 -29.83   3      450.5     12274.37     107.2026
       383    953.7919    467.2386     197357.2     865.7407  11.7619   0.0048    11.55    0.131 -28.64   3      336.4     8376.241     98.93096
       384     92.6464    487.3193     8818.537     532.7257  15.1365   0.0656     6.97    0.126 -15.88   2      24.08     812.1746     78.83839
       385   1002.4282    479.7840     11469.19     576.7211  14.8512   0.0546    10.48    0.475  11.66   3       34.9     1433.712     81.43488
       386   1002.2933    474.6894     11983.54     560.0283  14.8035   0.0508    12.57    0.552  11.02   3      36.04       1369.4     80.63612
       387    533.9224    479.7883     7237.085      503.002  15.3511   0.0755     9.31    0.317  -4.03   3      24.08     835.2147     79.32704
       388    534.6790    474.7430     9554.398     570.8683  15.0495   0.0649    10.28    0.509   5.91   2      26.91     806.8314     78.82298
       389    484.8773    474.5918     24678.02     910.8799  14.0192   0.0401    13.47    0.253 -86.34   2      35.44     673.6809     78.86289
       390    294.8090    468.4991     117749.1     567.1136  12.3226   0.0052    10.36    0.439  -2.29   3        279     15172.26     113.1796
       391    295.7448    463.0543     125460.6     581.7956  12.2537   0.0050    10.55    0.496   1.47   3      288.2     13841.73     110.7775
       392    671.8057    459.2570     12412.85     644.1154  14.7653   0.0564    10.28    0.275 -33.24   2      28.44     785.1002       79.394
       393    597.2899    458.8302      17603.4     423.3382  14.3860   0.0261    10.43    0.543   1.27   3      55.75     2503.075     83.57082
       394    598.2429    453.5986     19305.16     491.7242  14.2858   0.0277    10.04    0.510   4.55   3      57.48     2189.444     83.51739
       395    995.3192    456.5117     30159.57     518.1133  13.8014   0.0187    10.41    0.506   0.86   3      86.69     3940.236     87.58279
       396    996.2250    451.5912     35028.56     629.8953  13.6389   0.0195    11.97    0.509   0.68   3       88.4     3375.394      86.4917
       397    111.9502    455.0865     12642.83     472.1184  14.7454   0.0406    11.19    0.564  -2.74   3       39.8     1727.485     81.43428
       398    112.9072    449.7957     16989.55      609.122  14.4245   0.0389    10.60    0.489  -2.47   3      45.19     1595.829     81.47707
       399    355.6838    453.9384     12741.41     547.5198  14.7370   0.0467     5.83    0.461  12.54   3      36.16     1279.231      80.1735
       400    358.6251    449.1585     15126.19     655.9849  14.5507   0.0471    10.64    0.360  11.55   2       36.9     1218.938     80.83325
       401     51.0140    452.2833     9754.298     547.0424  15.0270   0.0609     0.00    0.365 -33.38   2      27.62     1407.581     80.95027
       402    320.4722    449.0124     58133.52     589.1832  13.0889   0.0110    10.39    0.533  -5.41   3        149     7264.967     96.17069
       403    321.3307    443.7074     64038.35     672.0966  12.9839   0.0114    11.08    0.519   0.47   3        154     6544.671      93.9211
       404    210.4014    447.4276     18064.11     431.4002  14.3580   0.0259    11.18    0.573  -2.97   3       56.3     2582.452      84.5801
       405    211.7680    442.3423     24813.08     593.3259  14.0133   0.0260    10.73    0.509   0.52   3       66.3     2339.673     83.32597
       406    425.0021    444.9969     36854.49     185.1783  13.5838   0.0055     4.19    0.003 -47.24   3      276.9     36839.54      150.527
       407    430.4952    438.2720     17166.78     504.1664  14.4133   0.0319    15.93    0.137 -64.70   2      42.39     817.4767     78.64156
       408    755.2416    442.2706     10070.75     508.4044  14.9923   0.0548    10.16    0.580   2.92   3      30.09     1477.547     81.14647
       409    756.0683    437.1433     12596.14     574.9904  14.7494   0.0496    11.16    0.444   3.85   3      35.54     1303.095     80.44902
       410    579.4365    440.9971     8402.932     530.1907  15.1889   0.0685     7.99    0.421   9.95   0      24.42     824.9821      79.7179
       411    103.1316    430.4592      23102.5     973.4387  14.0909   0.0458    16.08    0.715  87.37   0      35.59     679.4558     78.87953
       412    500.0640    437.1097     10350.13     564.5667  14.9626   0.0592     8.15    0.325 -56.84   0      24.65     718.3298     78.56739
       413    900.4084    429.6199     110839.1     537.8154  12.3883   0.0053    10.00    0.516   1.80   3      264.9     13911.73     110.6194
       414    900.9854    424.4856     115653.8     604.0948  12.3421   0.0057    17.56    0.494   7.41   3      266.3     12543.75     107.6171
       415     25.1175    423.4213     141533.6     974.9198  12.1229   0.0075    13.37    0.321  58.44  16      239.4     6184.905      93.2258
       416    335.7722    424.7097     39189.06     596.0113  13.5171   0.0165    10.49    0.538  -4.75   3      102.5     4371.987     88.31863
       417    336.6619    419.5662     68732.64     1145.974  12.9071   0.0181    15.71    0.537 -33.63   3      106.1     4104.633     88.19795
       418    523.3878    424.5862     16122.09     599.1182  14.4814   0.0404    11.87    0.584   1.09   3       42.4      1769.91     81.96121
       419    524.7070    419.2118     18068.22     674.5656  14.3577   0.0405    12.11    0.543   3.26   3      44.32     1506.131     81.02058
       420      2.1705    423.1949     6142.181     289.4913  15.5292   0.0512     7.05    0.292  26.31  27       28.3     1469.636     81.53507
       421      2.8582    418.2247     12314.59     513.4889  14.7740   0.0453     9.83    0.321  22.81  19      34.16     1383.632       80.883
       422    361.6927    418.9718     14664.46     653.9119  14.5843   0.0484    11.24    0.499  -6.67   2       35.3     1335.439     79.91573
       423    361.9875    413.8983     12098.67     605.9176  14.7932   0.0544    10.78    0.440   3.86   3      31.32     1069.633     79.99583
       424     47.3510    415.2516     7650.741      508.965  15.2907   0.0722     8.84    0.473 -20.03   3      27.68     902.3928     79.93829
       425     48.3170    410.1209      10192.1     574.0394  14.9793   0.0612    10.02    0.415  -2.23   2      27.39     919.6771     78.93636
       426    838.8878    408.9083     27080.78      504.494  13.9183   0.0202    10.51    0.539  -1.14   3      80.48     3558.426     86.58635
       427    839.6713    403.8727     33138.84      648.818  13.6992   0.0213    11.10    0.528   3.77   3      84.03     2990.167      85.0817
       428    537.1410    404.2729     18606.09      582.402  14.3259   0.0340    12.04    0.580  -3.79   3      49.26     2150.664     82.80884
       429    537.5187    399.0427     27025.51     781.2039  13.9206   0.0314    11.31    0.527  -2.00   3      51.22     1870.386     81.83212
       430    637.1627    405.4669     8110.904     526.1117  15.2273   0.0704     7.79    0.551 -10.89   0      20.26     593.8816     78.63258
       431    857.3511    400.1285     9043.763     529.6775  15.1091   0.0636     7.14    0.349  -3.42   3      27.68     1034.895     79.89708
       432    858.2186    395.2397     10164.04     578.3766  14.9823   0.0618     8.64    0.303  18.79   2         29      966.333     80.32809
       433    369.4852    393.0923     163287.8     548.2316  11.9676   0.0036    10.17    0.516  -3.46   3      363.3     21463.93     125.0442
       434    370.6742    387.9821     185420.3     622.4592  11.8296   0.0036    10.82    0.468   2.18   3      383.4     18959.46     120.6834
       435    251.2860    395.0937      97273.4      640.986  12.5300   0.0072    10.32    0.543  -4.60   3      161.9      8762.58     99.31123
       436    252.1963    390.0998     98452.15     802.2352  12.5169   0.0088    10.62    0.478   0.52   3      191.7     7954.754     97.61626
       437    426.3698    394.6333     30453.64     478.0022  13.7909   0.0170    10.24    0.507  -3.97   3      87.18     3801.905     87.79573
       438    427.0748    389.4101     33639.55     571.6783  13.6829   0.0185    11.28    0.490  -1.66   3      89.18     3526.306     86.88734
       439    221.1197    396.7144     14215.46     658.8461  14.6181   0.0503    10.35    0.458  -6.34   3      30.99     1195.552     79.93594
       440    222.0058    391.2289     13431.19     659.2093  14.6797   0.0533    11.29    0.587   6.42   3      36.91     1000.141     80.21572
       441    759.0883    389.7666     9774.019     614.6317  15.0248   0.0683    10.90    0.445 -68.50   2      25.57     719.8712     78.57185
       442    754.1132    391.1491     5528.543     332.0426  15.6435   0.0652     0.88    0.173 -87.96   3      21.19     987.1006     79.34106
       443    627.2841    390.8452     10355.12     544.9981  14.9621   0.0572     7.43    0.362 -39.62   2      26.93      753.647     78.66949
       444    142.0192    384.9595     41932.68     905.0807  13.4436   0.0234    16.14    0.388 -36.37   0      78.76     2010.436     83.02883
       445     58.9062    388.5984     28600.04     488.3656  13.8591   0.0185     9.45    0.489  -2.40   3      82.97     3684.561     87.10876
       446     60.1228    383.3973     28616.46     465.6109  13.8585   0.0177    10.06    0.502   2.82   3      82.51     3191.578      85.8129
       447   1020.9923    389.3293     9826.881     385.9461  15.0190   0.0427     8.56    0.476  -3.73  19      34.63     1672.549      81.6908
       448   1021.4308    384.8288      14341.9     464.0218  14.6085   0.0351    10.68    0.200 -11.77  19      42.51     1632.494     81.98777
       449    941.1005    388.2089     14512.85     783.4404  14.5956   0.0586    14.47    0.231 -60.55   0      29.52     624.8809     78.72213
       450    553.9500    387.1903     9903.084     561.4193  15.0106   0.0616     7.32    0.258   8.45   0      24.97     578.2947     78.79978
       451    527.3049    386.0631     14615.36       658.35  14.5880   0.0489    12.34    0.592  -2.19   3      33.91      1311.11     80.26382
       452    527.3012    380.2497     13149.88     647.6076  14.7027   0.0535    13.68    0.476 -10.85   3      34.29     1206.439     79.75773
       453    855.1639    381.8883     20353.63     443.0958  14.2284   0.0236     9.93    0.545  -2.59   3      64.71      2979.54     84.85669
       454    855.6833    376.5919     22987.11     457.4097  14.0963   0.0216    10.27    0.512   1.33   3      68.19     2638.479     84.53315
       455     28.3631    381.0717     8957.998     426.5759  15.1195   0.0517     8.28    0.462  -5.73   3      29.05     1328.281     80.72733
       456     28.1128    375.5786      19598.1     663.2236  14.2695   0.0368    10.73    0.435  10.33   2      43.82     1386.497       80.477
       457    481.3341    377.2275     14273.38      662.658  14.6137   0.0504    14.27    0.272 -65.51   0      31.68     744.0269     79.06536
       458    748.6859    377.6007     9829.162      558.406  15.0187   0.0617     9.97    0.440  -7.62   3      27.07     1024.561     80.28487
       459    749.5548    372.5045      7681.21     460.7479  15.2864   0.0651     9.27    0.443   6.38   3      25.15     819.2479     78.64668
       460    307.1827    376.3818      8562.17     507.7295  15.1685   0.0644     6.87    0.327  -7.09   0       22.2     689.1887     79.11897
       461    115.2921    369.5121     89389.24     669.4801  12.6218   0.0081    10.32    0.497   8.26   3      197.9     9664.729     101.3548
       462    116.3285    364.3656      83603.1     588.3758  12.6944   0.0076     9.99    0.484   5.04   3      204.3     8595.564     99.09698
       463    985.0081    366.4762     11406.21     616.5909  14.8571   0.0587    10.59    0.514  -3.04   3      27.62      1023.43     79.86446
       464    985.3993    361.3906     7922.567     513.9845  15.2528   0.0705    10.07    0.490   3.22   3      24.79     976.1092     79.72968
       465    971.9227    373.2578     14058.13     571.1982  14.6302   0.0441    10.51    0.584   4.16   3      39.58     1858.279     82.00245
       466    972.7053    368.2635     24697.11     780.5262  14.0184   0.0343    10.86    0.524   0.17   3       45.3     1566.331     80.98328
       467    448.8227    368.4224      10360.8     583.4855  14.9615   0.0612    10.92    0.433  -6.85   3      27.68     1073.014     80.42192
       468    449.7893    363.1157     10138.44     578.3666  14.9851   0.0620    11.36    0.509  13.34   3      28.85     1001.792     79.80286
       469    707.4915    355.5578     9862.358     530.8159  15.0150   0.0585    11.06    0.528  -7.03   3      28.73     1207.691     79.97044
       470    708.4976    350.3412     9443.693      446.908  15.0621   0.0514    11.57    0.497  -2.63   3      28.73     1048.732     79.51741
       471    698.9104    365.3450     10218.46     514.1872  14.9765   0.0546    10.18    0.493  -4.57   3      32.47     1392.718     80.49457
       472    699.3654    359.9886     12431.15     554.2144  14.7637   0.0484     9.96    0.494  -2.26   3      32.44     1216.603     81.03308
       473    141.8599    363.5698      19764.8     599.8027  14.2603   0.0330    10.02    0.529   0.06   3      53.51      2394.72     83.47598
       474    143.2148    358.2581     18582.86     549.9393  14.3272   0.0321    11.55    0.520   3.22   3      55.79     2150.502     83.21085
       475    955.3297    364.4631     13381.78     694.9643  14.6837   0.0564    11.32    0.591   3.80   3      31.49     746.0153     79.07108
       476    955.2868    359.8995     9425.496     550.7103  15.0642   0.0635     9.89    0.645   2.80   3      29.78     761.8776     78.48071
       477    262.7601    352.8122     20122.36     694.1638  14.2408   0.0375    10.06    0.528   1.26   3      42.23     1695.375     82.36494
       478    264.5374    348.1971     18872.72     661.0827  14.3104   0.0380    12.33    0.549  15.17   3      49.95     1382.162     81.08514
       479    854.4735    345.0337     18295.47     560.3527  14.3441   0.0333    10.25    0.553  -8.02   3      52.35     2333.946      83.5106
       480    857.7156    338.7415     39532.29     775.1974  13.5076   0.0213    17.49    0.569 -15.46   3      79.59     2593.658     83.81681
       481    488.6742    343.0187     12674.72     391.9052  14.7427   0.0336    10.44    0.574  -3.04   3      41.84      1920.11     82.57919
       482    489.3202    337.6818     14689.19     462.3891  14.5825   0.0342    11.31    0.497  -1.36   3      45.29     1711.841     81.18512
       483     68.3781    344.5404     8201.074     500.1084  15.2153   0.0662     8.43    0.463  -7.24   3      25.75     1174.544     80.29333
       484     70.8669    339.0458     17120.87     693.1804  14.4162   0.0440    11.05    0.450   0.80   2      35.48     1159.223     80.24996
       485    906.7170    333.5830     11692.16     642.5626  14.8303   0.0597     9.90    0.439  -6.83   2      27.74     707.1621     78.95932
       486    762.4099    333.7289     46417.17     534.6527  13.3333   0.0125     9.88    0.531  -0.52   3      127.3     5887.903     92.67932
       487    763.2465    328.8459     50078.95     590.3277  13.2509   0.0128    10.00    0.488   4.50   3      129.2     4972.918     90.59229
       488    862.0364    332.1092     16972.31     585.3421  14.4256   0.0375    11.58    0.565   3.85   3      45.92     1747.753     81.49083
       489     52.0792    326.3228     33978.35     901.6928  13.6720   0.0288    12.87    0.192 -51.43   0      66.95     1560.859     80.76134
       490    580.6151    328.8701     8243.613     555.5096  15.2097   0.0732     8.38    0.500 -10.36   0      22.03     663.1568     79.04416
       491    716.3126    322.4905     34609.84     534.3198  13.6520   0.0168    10.25    0.561   1.14   3      96.56     4411.709     88.79781
       492    717.1677    317.1919     33619.08     563.5776  13.6835   0.0182    14.95    0.529   6.02   3       93.9     3835.999     87.88394
       493    912.3389    321.7505     42592.64     494.8346  13.4267   0.0126     9.36    0.514  -3.17   3      132.2     6424.136      93.9851
       494    913.3235    316.6956     60384.12     642.8876  13.0477   0.0116    18.10    0.545  -6.36   3      139.6     5402.467     91.11525
       495    654.5143    324.2131     10101.46     553.2582  14.9890   0.0595     8.22    0.362  -7.99   3      31.17     972.0189     79.50821
       496    655.2303    319.5021     10014.23     571.7821  14.9985   0.0620    10.28    0.508   5.02   2      33.23     849.7156     78.52223
       497    310.0537    322.2784     21745.79     432.3707  14.1566   0.0216    11.08    0.555  -1.16   3      66.85     3041.341     85.02206
       498    311.1707    316.8017     26316.21     552.3705  13.9494   0.0228    11.21    0.562   1.56   3       70.8     2723.167     84.95737
       499    955.7830    316.7014     13439.39     658.5784  14.6791   0.0532    10.27    0.456  11.68   2      33.21     919.7298     79.14784
       500    791.9470    320.0239     9392.743     563.4405  15.0680   0.0651     9.88    0.460  -7.60   2      24.86     924.8103     79.79294
       501    793.0234    314.5637     6419.812     457.3945  15.4812   0.0774     8.93    0.519  -2.57   2      21.41     849.0927     79.99569
       502    423.1436    319.8351     6865.447     445.5949  15.4083   0.0705     6.56    0.251 -16.10   0      19.93     724.2145     79.00838
       503     34.8884    316.3878     22307.55     526.6879  14.1289   0.0256     9.74    0.531  -1.06   3      68.77     3197.633     85.43881
       504     36.0184    311.2996     27339.29     619.0725  13.9080   0.0246     9.56    0.475   3.89   3      75.45     2921.807     84.70193
       505    855.6117    314.6750     22334.88     556.7629  14.1275   0.0271    10.67    0.559   2.94   3      61.88     2685.163     84.65857
       506    856.6650    309.7159     19627.72     571.2209  14.2678   0.0316    11.12    0.548   6.80   3         58     2342.546     83.13312
       507    380.7004    316.3368     10143.62     569.6385  14.9845   0.0610     4.59    0.414  11.95   0      23.15     849.0601     78.73278
       508    493.6348    312.5771     5550.464     434.4767  15.6392   0.0850     7.14    0.388 -11.52   1      23.28     837.2927     79.75299
       509    495.6614    307.8001      7321.96     483.5703  15.3384   0.0717     7.75    0.315  -0.08   1      21.85     760.3328     79.32307
       510    939.9457    280.4755     19182.36     805.2787  14.2927   0.0456    16.91    0.279 -42.56   3      41.13     806.2761     79.03302
       511    937.6155    303.2681     65569.16     1232.116  12.9583   0.0204    14.50    0.210   8.72   3      78.02     1647.554     81.62122
       512    934.1793    293.1222     48793.76     1165.181  13.2791   0.0259    16.12    0.304 -47.19   3       64.5     1343.499      80.9767
       513    580.9030    306.4273     14983.75     482.8529  14.5609   0.0350    10.57    0.548   1.07   3       44.5     1884.111     81.46116
       514    582.3052    301.2807     15765.11     549.5339  14.5058   0.0379    10.27    0.474   8.34   3       46.5     1612.586     81.31865
       515    410.4492    303.9210      10468.6     614.2089  14.9503   0.0637     9.03    0.579  17.53   2      25.13      650.788     78.58462
       516    356.9070    304.5932     57785.17     544.0882  13.0955   0.0102    10.51    0.535  -0.40   3      153.1     7397.695     96.31057
       517    357.8253    299.4654     68487.67     623.3711  12.9110   0.0099    10.40    0.474   4.42   3      166.9     6669.851     94.57742
       518    280.9117    299.6324     10398.21     534.9626  14.9576   0.0559    11.10    0.495  -6.39   3      32.46     1211.705     79.98185
       519    282.0146    294.6524     11010.27     526.5702  14.8955   0.0519     9.43    0.444   9.82   3      30.73     1042.036     80.12613
       520    207.9939    298.5038     36550.56      528.075  13.5928   0.0157    10.32    0.541  -0.98   3        102     4749.813     89.84511
       521    209.2841    293.4011     42689.61     634.6306  13.4242   0.0161    10.84    0.539   2.75   3      107.2     4156.715     88.70946
       522     61.2139    289.6397     118056.4     752.0856  12.3198   0.0069    11.92    0.174 -33.31   0      238.3     6147.598     93.84946
       523    555.3221    292.7884     11934.59     658.6931  14.8080   0.0599    12.09    0.532  -8.65   2      38.19     1129.021     80.16438
       524    556.2244    287.6013     11989.88     657.4431  14.8030   0.0595    10.53    0.492  -3.06   3      35.65     991.9946     79.77496
       525    879.8898    291.2953     9443.385     176.1207  15.0622   0.0203     1.36    0.263 -30.34   0      95.21     7835.163     97.16566
       526    110.9844    284.8610     136708.8     547.1142  12.1605   0.0043    10.17    0.509  -8.50   3      319.6     18760.31     120.1688
       527    112.3187    279.7085     159400.6     649.9222  11.9938   0.0044    10.65    0.471  -0.64   3      337.3     16309.04      115.295
       528    910.2949    284.3753     34694.67     832.0295  13.6493   0.0260    11.89    0.103 -21.75   0      70.57     1633.115     80.96443
       529    286.2661    283.2903     45708.39     553.5441  13.3500   0.0132    10.19    0.529   0.00   3      125.2     5992.857     92.57617
       530    287.3198    278.2627     52094.55     583.2803  13.2080   0.0122    10.05    0.477   4.18   3      135.2     5259.148     90.75706
       531    495.7359    278.1889       186536     794.3567  11.8231   0.0046    12.74    0.190  -1.25   0      341.8     8464.979     98.79704
       532    576.4956    282.2299      22947.4     505.9408  14.0982   0.0239     9.77    0.505  -2.76   3      69.32     2947.682     84.37631
       533    577.7153    277.4276     25585.61     541.3764  13.9800   0.0230    12.83    0.526  -1.72   3      70.45     2593.859      84.0164
       534   1021.9960    275.2053     9898.789     438.6535  15.0110   0.0481     7.59    0.291 -84.32  18       28.8      910.189     79.54156
       535    400.8327    279.9323     5209.067     212.0434  15.7081   0.0442     6.37    0.614   0.85   0      33.94     2264.205     83.32059
       536     81.5545    274.4812     16855.34     764.7071  14.4332   0.0493    12.93    0.556 -13.83   2      34.67     791.1939     78.77789
       537    534.2780    276.2059      13674.7     589.0439  14.6602   0.0468    11.96    0.610  -5.23   3      36.14     1548.191     81.54917
       538    534.5231    271.4164     13527.67     514.0255  14.6719   0.0413    10.22    0.492   7.23   3      37.71     1434.285      81.2311
       539    453.9263    271.0385     19053.38     781.5573  14.3001   0.0445    11.73    0.319  40.63   2      35.03      725.648     79.01251
       540     11.8714    261.7081     7426.979     518.6193  15.3230   0.0758     8.17    0.390  18.54  18      24.59     827.6046     78.88286
       541    621.6270    250.9902     754192.7     924.9977  10.3063   0.0013    11.88    0.099 -23.30   0      960.3     37190.67     151.1668
       542    923.8609    259.3862     9040.137     451.3527  15.1096   0.0542    10.46    0.491  -2.89   3      31.47     1146.613     80.21424
       543    924.2891    254.7375     9015.616     465.9089  15.1125   0.0561    10.02    0.517   1.41   3      30.58     1138.766     79.77432
       544    307.6432    249.7283     182944.5     806.3806  11.8442   0.0048    12.14    0.135  50.40   0      323.2     8275.999     98.36134
       545    237.8205    259.0753     10915.57     512.8693  14.9049   0.0510    12.37    0.585  -0.88   3      33.48      1505.33     81.42963
       546    238.8864    253.9418     11641.25     458.1623  14.8350   0.0427    10.42    0.488   5.32   3      37.31     1334.001     80.32861
       547    847.7330    258.2961     8117.955     497.5591  15.2264   0.0666    10.32    0.538   4.93   3      27.75     1234.374     80.04624
       548    848.4291    253.3895     11311.94     576.6591  14.8662   0.0554    11.59    0.579   9.48   3      29.03     923.5026     79.78921
       549    131.6310    252.2085     132619.2     731.2104  12.1935   0.0060    11.93    0.137 -26.63   0      267.1     6850.123      95.3606
       550    354.9126    256.9936     7116.144     474.7576  15.3694   0.0725     7.97    0.359 -17.44   3      25.35     718.4511     78.99181
       551    355.8939    252.0815     8723.475     509.4438  15.1483   0.0634     7.75    0.397  -2.99   2      25.11     694.7314      78.7116
       552    439.1135    252.7303     18555.82      720.812  14.3288   0.0422    13.88    0.586   0.36   2      43.07     1595.061     81.06386
       553    440.4070    247.7976     13896.92     622.8949  14.6427   0.0487    11.16    0.543   6.55   3       36.1     1323.578     80.71408
       554    374.0850    253.7661     10410.58     563.1098  14.9563   0.0587     8.16    0.326   7.22   2      23.53     735.1386     78.82819
       555    834.1904    244.2641      40642.2     855.4092  13.4776   0.0229    22.53    0.466 -39.35   2      71.14     1620.835      81.5468
       556    192.1147    232.0639     74485.66     1219.461  12.8198   0.0178    26.87    0.530 -65.91   2      107.2     3074.131     85.10966
       557    193.4364    226.5286     27435.25     598.5305  13.9042   0.0237    10.14    0.478   1.00   3      71.15     2637.545     84.33279
       558    407.9879    232.3269      21673.6     852.8064  14.1602   0.0427    15.94    0.098  23.17   0      39.92       866.45     79.62653
       559    661.1266    223.9770     38142.93     1105.674  13.5465   0.0315    21.06    0.358  72.61   0      53.62     1280.415     80.79945
       560    980.0006    226.6949     7943.235     483.8622  15.2500   0.0662     6.71    0.226  11.15   0      21.16     655.1803     78.80956
       561    896.6263    226.7188     6078.123     435.7121  15.5406   0.0779     7.83    0.632   5.04   2      20.39     808.9232     79.25168
       562    898.8062    221.9822     8272.244     519.7935  15.2059   0.0682     8.58    0.345  14.72   2       21.7     705.0549     78.95325
       563    270.9794    226.4666     9841.089     550.1232  15.0174   0.0607     7.18    0.335 -59.50   2      24.88     747.3494     79.28587
       564    101.1280    225.5027     11539.17     553.8485  14.8446   0.0521     8.46    0.449  -9.45   3      31.21     1313.815     80.06312
       565     96.9903    218.6064     38205.38     805.9801  13.5447   0.0229    23.22    0.219   3.26   2      79.89     1581.295     81.43652
       566    504.5751    223.0526     5430.296     393.0301  15.6629   0.0786     8.22    0.645  -7.32   2      20.67     789.0042     79.40518
       567    505.4732    218.0323     8083.791     558.4435  15.2310   0.0750     9.87    0.373  18.20   2      23.34     765.4858     79.12701
       568    838.4237    219.2745     14432.59     542.0933  14.6016   0.0408    15.17    0.318 -37.64   0      34.67     807.8433     79.24858
       569    185.8010    218.3658     15844.77     687.9226  14.5003   0.0472    10.72    0.526 -11.34   3      31.19     994.3343     80.19926
       570    186.5555    213.1492     13112.15     605.6085  14.7058   0.0502     9.68    0.493   3.39   3      32.58     822.6094      79.5013
       571    125.7284    205.2088     36833.48     1023.817  13.5844   0.0302    19.97    0.180  76.26   2      59.07     1088.736     80.05009
       572    133.2141    216.6315     12315.33     519.9545  14.7739   0.0459    10.08    0.503  -7.92   3      37.03     1670.895     82.09415
       573    134.4501    211.4754      21347.9     702.3374  14.1766   0.0357     9.60    0.431  -0.49   3      40.14     1509.179     81.02913
       574     40.7506    216.9901     6525.412     441.6554  15.4635   0.0735     6.34    0.633 -11.66   0      20.33     669.5225     79.06246
       575    934.2032    214.5801     6766.707     471.0576  15.4241   0.0756     7.63    0.313  16.20   3      22.38     873.2368     79.43591
       576    935.1619    209.3406     6462.754     471.7968  15.4740   0.0793     9.43    0.492   7.30   2      22.31     728.0031     79.01929
       577    167.8235    209.7175     43906.16      591.487  13.3937   0.0146    10.25    0.520  -4.66   3      118.3     5364.493     91.38677
       578    169.4052    204.8677     48917.82       685.49  13.2763   0.0152    11.00    0.535  -0.88   3      121.6     4623.851      89.5259
       579    790.9810    210.4600     8504.472     452.0077  15.1759   0.0577     5.66    0.106 -56.41   0      21.38     623.6185     78.71848
       580    253.7205    201.3010     505587.6     851.0254  10.7405   0.0018    12.00    0.128 -23.89   0      737.9     25276.02     131.5371
       581     69.2928    206.8221     9370.477     562.6899  15.0706   0.0652     9.37    0.438  -5.74   3      25.61     967.5381     79.07404
       582     70.3689    201.9819      9165.92     566.3063  15.0946   0.0671    10.08    0.468   8.97   3       28.9     906.7773     79.95076
       583     55.8384    210.1940     15363.57     619.3977  14.5338   0.0438     9.89    0.504  -4.22   3      28.09     1106.571      80.5167
       584     58.4046    205.9138     16793.24     692.4702  14.4372   0.0448    12.82    0.459  17.77   3      35.16     933.2147     79.81687
       585      4.9200    202.1986     31376.14     560.4415  13.7585   0.0194    12.82    0.179 -74.58  24       80.6     1907.123     82.34082
       586   1013.3724    190.0308     27308.84     779.6812  13.9092   0.0310    12.54    0.172 -76.10  19      53.02     1128.065     80.57735
       587   1010.0608    175.9130     39008.32      1053.64  13.5221   0.0293    19.49    0.460  56.37  19      47.68     940.8293      79.2084
       588    873.9072    193.5550      9042.35     540.6017  15.1093   0.0649    11.16    0.524  -9.21   3      27.25     1013.296     79.20545
       589    874.2708    188.7697     9924.875     521.3173  15.0082   0.0570     9.08    0.539   1.38   3      30.96     1083.303     80.03466
       590    593.3429    185.8554     170748.3     750.7947  11.9191   0.0048    12.17    0.182  -5.17   2      321.5     8811.615     99.92613
       591    573.5823    186.3761     31325.41     644.3054  13.7603   0.0223    12.65    0.249 -22.10   3      70.26     1471.978      81.5416
       592    287.4211    192.1811     11318.02     610.4323  14.8656   0.0586     8.49    0.446 -19.65   2      28.98     959.0793      80.0993
       593    525.0593    189.4433     7864.435     467.1384  15.2608   0.0645     8.34    0.459  -3.55   3      24.82     1047.361     79.93253
       594    526.4177    184.7594     8141.423     483.0916  15.2232   0.0644    10.05    0.513  21.99   3       26.3     905.1044     80.15466
       595    501.3641    184.6841      7520.17     485.3872  15.3094   0.0701     7.38    0.628  -5.91   0       21.5     678.2888     78.66411
       596    987.8199    183.4891     6863.847     413.5128  15.4086   0.0654     5.17    0.263  88.56   0      20.77     594.8877      78.2095
       597    747.8342    179.9180      14497.8     582.9496  14.5967   0.0437    11.93    0.526  -0.87   3      41.92     1719.656     81.61735
       598    749.1804    174.8491     15706.96     563.7639  14.5098   0.0390    12.04    0.575  -2.14   3      40.73     1421.922     81.40197
       599    131.3517    176.0869     7254.393     489.5466  15.3485   0.0733     8.09    0.404  -7.82   3      24.07     967.7531     79.28562
       600    131.9286    170.8249      9168.98     542.1976  15.0942   0.0642    10.61    0.497  -7.11   2       27.5     913.2162     79.55021
       601    556.2352    163.3783     34120.36     639.4397  13.6675   0.0204    10.22    0.562  -0.33   3       81.9     3693.489     87.70529
       602    557.4744    158.4264     34561.18      649.316  13.6535   0.0204    10.23    0.502   2.93   3      85.68     3242.069     85.94652
       603    255.3451    162.3797     13811.71     534.8516  14.6494   0.0421    14.39    0.119 -34.78   0      33.92     746.5651     79.28362
       604   1011.5690    161.8160     18370.97     731.1083  14.3397   0.0432    10.74    0.268  80.79  17      30.35     562.4917       78.966
       605    687.8228    154.5040     25878.91     519.4578  13.9676   0.0218    10.86    0.557  -4.83   3      75.75     3358.845     85.67183
       606    688.2347    149.4954     32931.16     650.6735  13.7060   0.0215    10.35    0.526  -3.00   3      79.08     3010.223      84.5446
       607    144.3334    154.0006     15030.15     731.2121  14.5576   0.0528    14.16    0.032 -85.13   0      32.15     634.8657     79.17403
       608    627.8145    147.2495     67051.65     1082.287  12.9340   0.0175    25.22    0.493  -9.92   0      103.7     1534.703     81.71624
       609     33.6419    146.4931     9421.723     558.2401  15.0647   0.0643     9.87    0.457 -11.91   2      25.76     1087.506      79.4181
       610     34.3091    141.8777     7571.152     503.9822  15.3021   0.0723     8.88    0.536   5.54   3      27.83     896.3689     79.08073
       611    435.3348    143.5222     14794.68     670.9769  14.5747   0.0493    10.82    0.513  -1.92   0      32.09     987.9414     79.34347
       612    826.0039    137.0934     30622.64     876.4102  13.7849   0.0311    21.63    0.451 -46.18   3      59.29      1324.28     80.71606
       613    843.1863    124.4216     149744.6     959.1445  12.0616   0.0070    11.63    0.080  23.71   2      262.8      6686.95     94.79487
       614    470.5416    136.0629     20879.11     737.5712  14.2007   0.0384    13.36    0.396 -12.14   2      44.16     1552.764     81.56191
       615    910.0159    140.5202     10577.59     532.6923  14.9390   0.0547     9.60    0.449   0.71   3      32.34     1338.345     80.75565
       616    911.2360    135.6535     9912.355     563.6501  15.0096   0.0618    10.84    0.534   3.61   3      29.44     1102.989     80.09055
       617    505.8032    137.1716     15830.08     512.6044  14.5013   0.0352     6.59    0.154 -56.67   0      43.41     1494.652     81.60477
       618    730.0751    128.7533     37635.71      701.662  13.5610   0.0202    11.85    0.172 -25.74   0      87.82     2067.724     82.58089
       619    695.1909    119.3744     492836.5     855.9478  10.7682   0.0019    11.61    0.129 -20.05   0      723.8      25631.4     132.6544
       620    424.9078    119.4084     232893.2     788.6743  11.5821   0.0037    11.72    0.127 -23.13   0      419.3     12106.93      106.847
       621    126.4062    122.8366      47765.4     608.9503  13.3022   0.0138    11.90    0.138 -25.97   0        113     2801.459     85.16656
       622    210.0005    124.5377     24312.38     491.4908  14.0354   0.0220    10.67    0.549  -3.16   3      71.47      3145.69     85.88599
       623    211.0964    119.7699      26288.7     470.7247  13.9506   0.0194    11.23    0.549   0.80   3      74.78     2754.992     83.85568
       624   1004.2920    117.4594     18834.29     828.1902  14.3126   0.0478    15.00    0.320 -56.20   0      33.66     733.5637     78.61145
       625     95.1797    119.3754     3090.465     221.3832  16.2749   0.0778     1.55    0.207  56.42   0      30.99     2082.428     83.22565
       626    469.6119    141.0980     10650.54     428.4525  14.9316   0.0437    10.72    0.565  -6.36   3      34.77     1563.176     81.38594
       627    960.1583    112.7176     9688.516      566.516  15.0344   0.0635     9.11    0.414  -4.89   2      28.94     964.6127     79.27662
       628    469.7455    106.7663      24048.2     835.1384  14.0473   0.0377    16.29    0.350 -55.79   0      45.35     1147.606     80.21706
       629     34.5623    109.5686     12139.74     525.4705  14.7895   0.0470    10.63    0.519  -7.61   3      36.27     1442.691     81.25462
       630     35.6017    104.8092     13101.13     536.8881  14.7067   0.0445    10.99    0.491   6.25   3      36.87     1277.787     80.58504
       631    657.9944    107.2907     27434.13     580.1063  13.9043   0.0230    10.10    0.558  -1.47   3       82.3     3942.451     87.77904
       632    658.3560    102.2864      29894.3     525.9969  13.8110   0.0191    10.28    0.502  -0.10   3       85.1     3378.936     85.91974
       633    172.1788    103.1213     8889.578     502.0874  15.1278   0.0613     7.98    0.521   5.33   2      23.14     687.4997     79.11412
       634    361.9521    100.9553     19024.91     833.2692  14.3017   0.0476    14.86    0.136  63.13   0      34.28     800.8543     79.43909
       635      3.5213     97.9974     31121.38     412.7061  13.7674   0.0144    14.18    0.405 -84.54  24      98.81     3044.549     85.42262
       636   1020.5326    103.0054     7815.455     409.9813  15.2676   0.0570     7.27    0.613  -0.16  24      21.82     648.5316     78.79038
       637    170.9545    108.0562     5737.422     416.9192  15.6032   0.0789     7.60    0.552  -5.89   2       19.9     829.5457     79.52113
       638    379.2922     96.8543     32738.84     921.9924  13.7123   0.0306    13.38    0.225 -32.66   0      56.88     1246.714     80.08127
       639    724.9144     96.1091     19555.81     838.4097  14.2718   0.0466    15.62    0.117 -84.47   0      36.48     892.3466     79.28014
       640    478.6120     86.9691        51810     1221.397  13.2140   0.0256    26.06    0.516 -12.23   0      66.06     1409.855     81.36827
       641    889.4011     89.5969     5476.842     391.9932  15.6537   0.0777     5.30    0.757  62.64   2      20.85     566.5497     78.55354
       642    100.6820     84.9736     7587.719     506.4693  15.2997   0.0725     7.52    0.467 -15.87   2       23.4     803.3579     79.23572
       643    554.0251     83.5404     9089.854     514.5004  15.1036   0.0615     5.33    0.293 -86.70   2      24.19     833.9648     79.32346
       644    727.4597     78.5098     34249.62     976.8931  13.6634   0.0310    17.62    0.316 -18.06   0      55.74     1233.352     80.04333
       645    144.7469     77.3511     35772.75     574.7098  13.6161   0.0174    12.04    0.185 -29.33   0      87.46     2098.753     83.06939
       646    478.0737     73.9895     25283.47     899.9627  13.9929   0.0387    16.79    0.237 -48.63   1      41.39     852.8421     79.58768
       647    399.2357     70.6061     65635.47     819.3041  12.9572   0.0136    17.30    0.393 -19.37   0      127.8     2878.539       85.372
       648    973.2928     70.7017     10432.26      452.976  14.9541   0.0472     9.19    0.507   0.99   3      33.68     1538.035      80.6971
       649    973.1881     66.0084     15956.25     608.7363  14.4927   0.0414    11.72    0.526   1.49   3       39.9     1498.133      81.2041
       650    878.5925     67.6182     15366.89     667.4272  14.5335   0.0472    14.20    0.226 -73.61   0      33.97     970.7816     79.71449
       651    249.3878     66.4620     51386.03      841.057  13.2229   0.0178    12.03    0.191 -28.13   0      106.6     2602.219     84.23754
       652     50.4506     66.9424     24788.79     938.4557  14.0144   0.0411    13.42    0.281 -53.25   0      38.14     870.7782     79.63889
       653     91.2096     68.3392     8186.347     595.3993  15.2173   0.0790    10.30    0.482  86.96   0      22.78     565.5478     78.76301
       654    977.8514     52.7348      40930.1     797.3763  13.4699   0.0212    11.21    0.135 -21.70   0      90.13     2143.716     82.99128
       655   1008.8575     56.4260     11029.29     609.6402  14.8936   0.0600    11.55    0.518 -15.86  18      31.67     930.9747     79.60092
       656    357.8688     54.2612     16952.88     637.2526  14.4269   0.0408    11.91    0.623   1.16   3      40.42     1898.684     82.31753
       657    358.6988     49.3066     37356.05     961.2466  13.5691   0.0279    16.76    0.501  23.01   3      61.26     1776.875     81.36697
       658    769.7631     47.7044     7152.701     500.4669  15.3638   0.0760     8.74    0.487 -16.09   3      26.75     699.3168     78.08571
       659    769.4375     43.4813     7627.558     530.6458  15.2940   0.0756     9.09    0.467 -14.61   3      27.91     725.3877     78.80006
       660    372.3518     43.0894     19810.12     698.8583  14.2578   0.0383    10.60    0.510  -1.27   3      40.68     1682.068     81.30743
       661    373.8333     38.4654     17116.09     687.7355  14.4165   0.0436    12.03    0.509   7.79   3      38.81     1239.176     80.47607
       662    160.7730     37.7080     8979.168     571.3705  15.1169   0.0691     8.39    0.638  -9.39   2      24.22     657.5607     78.17803
       663    616.9902   1016.1638     155810.2     560.9794  12.0185   0.0039    10.34    0.514   1.59  19      344.3     19027.46     120.9496
       664    725.3579     34.5431     8487.066      584.901  15.1781   0.0748     9.89    0.445   4.35   2      25.06     748.7786     79.07902
       665    568.5668     38.9748     3386.154     177.7806  16.1757   0.0570     2.68    0.321   0.55   3      37.69     2539.367     84.46425
       666    618.0084   1010.9348     237709.6     749.3713  11.5599   0.0034    10.57    0.508   0.18  19      416.3     18584.41     119.8357
       667     81.9010   1018.6049     30519.48     560.0939  13.7886   0.0199    10.20    0.507  -3.80  19      85.23     3758.061     87.30032
       668     82.7035   1013.2165     40112.55     751.2965  13.4918   0.0203    10.49    0.477  -0.44  19      94.06     3505.649     86.06039
       669    998.4942   1018.9968      11980.2      594.743  14.8038   0.0539    10.93    0.611  -3.38  19      35.47     1018.463     79.85033
       670    998.8525   1013.9608     14359.04     651.8868  14.6072   0.0493    11.40    0.467   2.60  19      37.58     1178.328     80.51179
       671     90.3804     25.2879     6322.988     505.0753  15.4977   0.0867     9.16    0.584 -41.81   0      20.61     572.2823     78.14378
       672    889.1182   1017.5742     16001.08     552.6623  14.4896   0.0375    10.65    0.552   2.27  19      44.12     1856.977     82.20229
       673    447.5113     19.8453     16691.85     671.6193  14.4437   0.0437    10.09    0.562 -10.73  19       34.7     1113.115     79.70121
       674    890.5098   1012.5113     16721.59     525.8626  14.4418   0.0342    10.12    0.495   3.58  19      48.76      1837.36     81.94445
       675    356.4257   1019.4045     6561.542     443.5609  15.4575   0.0734     8.05    0.473  -2.52  16      21.42     871.3955     79.64065
       676    787.2845   1016.7168     17315.12     579.0203  14.4039   0.0363    11.60    0.595  -4.17  19      46.16      1749.39      81.7001
       677    252.3932     14.7795     7413.366     476.6553  15.3250   0.0698     6.45    0.536  -3.29  16      21.25     591.6987     78.62627
       678    787.7582   1011.5303     14083.13     396.9516  14.6283   0.0306    10.11    0.515  -1.31  19      46.13      1865.02     82.22453
       679    391.6320   1010.8427     76567.58     704.7431  12.7899   0.0100    12.01    0.143 -85.86  16      157.6     4863.492      90.5021
       680    981.5948   1015.3293      15246.4     676.0894  14.5421   0.0482    11.72    0.533   1.97  19      32.53       1303.1      80.6564
       681    981.5658   1010.2457      14089.9     677.5521  14.6277   0.0522    10.55    0.514   1.34  19      36.98     1404.641     81.14812
       682    429.6706   1016.2308     7341.869      448.639  15.3355   0.0664     9.24    0.531 -11.57  19      23.47     999.5101     79.79636
       683    430.1931   1010.5577     7796.132     495.7302  15.2703   0.0691    10.71    0.418   3.52  18      24.61     861.6813     79.82246
       684    856.8113   1007.2873     49718.44     758.6133  13.2587   0.0166    11.41    0.046 -43.78  16      107.9     2850.671     84.70825
       685    494.5590   1012.1068     18966.77     391.2913  14.3050   0.0224    10.12    0.540   0.77  19      63.21     2772.328     84.10151
