#   1 NUMBER                 Running object number                                     
#   2 X_IMAGE                Object position along x                                    [pixel]
#   3 Y_IMAGE                Object position along y                                    [pixel]
#   4 FLUX_AUTO              Flux within a Kron-like elliptical aperture                [count]
#   5 FLUXERR_AUTO           RMS error for AUTO flux                                    [count]
#   6 MAG_AUTO               Kron-like elliptical aperture magnitude                    [mag]
#   7 MAGERR_AUTO            RMS error for AUTO magnitude                               [mag]
#   8 FWHM_IMAGE             FWHM assuming a gaussian core                              [pixel]
#   9 ELLIPTICITY            1 - B_IMAGE/A_IMAGE                                       
#  10 THETA_IMAGE            Position angle (CCW/x)                                     [deg]
#  11 FLAGS                  Extraction flags                                          
#  12 SNR_WIN                Gaussian-weighted SNR                                     
#  13 FLUX_APER              Flux vector within fixed circular aperture(s)              [count]
#  14 FLUXERR_APER           RMS error vector for aperture flux(es)                     [count]
         1    368.8779     38.6175     35374.31     368.9366  13.6283   0.0113     4.50    0.085 -27.55   0      146.8      10621.2     104.1464
         2    477.4450     23.9114     20543.65     397.6353  14.2183   0.0210     3.78    0.095  -6.17   3      88.73     5795.376     92.47421
         3    887.8085     18.0230     8778.507     343.6685  15.1414   0.0425     3.87    0.129 -32.71   0      43.91     2809.026     85.41362
         4    417.8726     14.5587     5167.233     341.2719  15.7169   0.0717     3.59    0.058   8.34   0      24.65     1485.498     81.60925
         5     40.0121     15.1414     5627.911     389.0166  15.6241   0.0751     4.55    0.088  35.35   0       22.2     1286.581     81.26171
         6    491.7229     12.8695     21128.07     432.5739  14.1878   0.0222     3.82    0.080  20.57   2      78.13      5057.12     90.64165
         7    475.2505     12.9410     4610.011     356.6544  15.8407   0.0840     4.36    0.036 -29.35   0      22.34     1330.765      81.1772
         8    277.9503     12.3290     8398.846     399.1941  15.1895   0.0516     9.58    0.040  33.09   0      37.55     2122.347     83.36395
         9    714.2519     11.8723     6335.415     301.3182  15.4956   0.0517     3.80    0.098  -7.66   0      34.92     2143.849     83.21964
        10    681.9738      7.1699     15264.81     489.2859  14.5408   0.0348    10.82    0.436 -71.71  16      48.99     2319.979     84.30305
        11    958.4643      5.5709     98890.81     445.8677  12.5121   0.0049     3.87    0.314 -17.64  24      309.4     28124.15     136.9984
        12    310.4225      9.6307     2913.649     262.5828  16.3389   0.0979     5.12    0.152  42.81   0      15.88     898.7936     80.38042
        13    762.8191      7.6742     4543.733     320.4029  15.8565   0.0766     4.34    0.124 -31.12  16      23.88     1382.252     81.32122
        14    929.6385      7.1595     3436.055     320.9359  16.1598   0.1014     3.92    0.077 -68.25  16      17.62     1008.373     80.26952
        15    262.1578      7.1924     3369.294     333.8004  16.1812   0.1076     4.27    0.032 -31.51  16      15.21     856.5572     80.26091
        16    939.8538      4.9721     6261.625     372.7495  15.5083   0.0646     4.56    0.302 -14.12  19      26.84     1577.436     81.86489
        17    945.8756      2.3816     7960.399     330.5797  15.2477   0.0451     4.63    0.201 -13.25  27      30.64     1783.714     82.43557
        18    440.7980      2.4951     60084.68     299.7744  13.0531   0.0054     4.71    0.347   0.12  24      247.1     22079.31     126.5737
        19    813.1463      4.3520      2311.41     225.6642  16.5903   0.1060     3.61    0.275  72.24  16      15.17      937.869     80.28051
        20    728.6885      3.4237     2789.879     257.5995  16.3860   0.1003     3.40    0.117 -51.28  16      17.03     1057.279     79.98624
        21    655.0299      2.7072     3913.996     280.5404  16.0184   0.0778     7.23    0.400 -43.68  24      19.81     972.3401     79.31939
        22    843.9041      9.2396      8004.02     328.0429  15.2417   0.0445     3.92    0.076 -21.07  16      41.96     2606.319     83.87064
        23    693.3371      1.7798     2132.854     188.7524  16.6776   0.0961     5.10    0.406 -18.54  24      14.61      847.729     78.53215
        24    142.0976    998.5738     3719.889      299.339  16.0737   0.0874     3.96    0.170  15.44   0      20.54     1234.461     80.06692
        25    188.3411   1022.9216     3269.583      261.278  16.2138   0.0868     6.48    0.334 -22.08  24      18.68     1048.911     79.96247
        26    707.9319    993.2790     75657.95     384.2687  12.8029   0.0055     3.51    0.083 -12.38   0      266.7     24318.86     130.2737
        27    790.5329    995.0103     5518.606     300.7015  15.6454   0.0592     3.70    0.137  -4.86   0      29.96     1881.013     82.70338
        28    336.0724    994.9533     4110.525     324.0325  15.9653   0.0856     3.67    0.179  -7.75   0      19.92     1217.398     80.85918
        29    862.4609    994.2116     2802.284     252.6405  16.3812   0.0979     4.72    0.260  -4.82   0      15.96     966.6968     80.36208
        30    382.9850    994.5790     3210.982       262.84  16.2334   0.0889     3.32    0.165   1.97   0      18.11     1109.307     80.76439
        31    895.3431    993.5180     3086.118     312.6802  16.2765   0.1100     5.16    0.205  -0.27   0       13.5       791.09     79.22629
        32    843.8759    992.3351      6222.27     282.4042  15.5151   0.0493     3.79    0.121 -18.90   0       35.3     2187.799     83.33958
        33    771.5108    994.1903     2986.774     297.3639  16.3120   0.1081     4.31    0.239   0.51   0      14.31     848.1548     79.60249
        34    421.8416    990.6733     40709.12      355.956  13.4758   0.0095     3.61    0.063  -3.78   0      167.6     12947.85     108.9506
        35    324.6055    991.8734     18075.96     369.7357  14.3572   0.0222     3.61    0.110 -14.31   0      86.39     5819.102     92.71503
        36    737.4866    985.3553     255155.1     657.3645  11.4830   0.0028     7.75    0.424 -16.13   0      535.1     43704.84      160.571
        37    200.6115    988.0476     42121.71     361.5634  13.4387   0.0093     3.66    0.071 -10.69   0      171.2     13377.89     110.1514
        38   1008.7509    987.4990     21265.64     364.8047  14.1808   0.0186     3.89    0.233  13.27   0      94.29     6325.502     93.40675
        39    511.1993    986.1984      27440.2     362.8533  13.9040   0.0144    10.03    0.211  47.63   3      112.2     7149.012     96.09576
        40    510.4862    981.4650     42969.54     397.6978  13.4171   0.0101     4.30    0.016 -34.13   3      165.5     12030.21     106.7028
        41    906.1461    986.6677     19879.17     346.0816  14.2540   0.0189     3.97    0.165 -13.69   0      91.82     6064.348     93.31427
        42    365.3802    985.4238      5662.46     405.0054  15.6175   0.0777     5.24    0.256 -21.10   2      22.58     1362.505     81.68102
        43     85.7810    988.7281     2725.988     273.4623  16.4112   0.1089     5.33    0.395 -30.68   0      15.33     927.6069     80.25146
        44    548.1169    985.6028     11284.99     332.8575  14.8687   0.0320     3.88    0.042   7.83   0      56.48     3591.426      87.4707
        45    355.8180    987.3168     3334.246     316.8874  16.1925   0.1032     3.56    0.198 -25.34   0      16.87     993.4238     80.22718
        46    250.9572    985.5872      5710.96     384.6952  15.6082   0.0732     4.13    0.169  82.21   0      23.48     1429.426     81.86702
        47    588.3354    984.2390      6134.95     325.4493  15.5305   0.0576     4.21    0.153 -36.66   0      30.56     1779.008     82.42259
        48    119.8895    984.7015     7454.166     286.3612  15.3190   0.0417     3.73    0.138 -17.52   0      40.52     2536.389     83.88271
        49    613.3456    981.5179      31235.4     336.3034  13.7634   0.0117     3.60    0.043 -30.62   0      138.8     10135.92     102.5888
        50    976.0719    979.8530     35991.35     417.6529  13.6095   0.0126     4.97    0.085  55.29   0      131.4     7593.352     96.96677
        51    217.1929    980.1483     9200.588      406.986  15.0905   0.0480     5.59    0.136  31.71   0      40.74     2545.776     84.71026
        52    252.5802    974.3622     6333.088     403.2909  15.4960   0.0692     4.69    0.084 -23.57   0      24.57      1309.02     81.73916
        53    828.9443    972.7473     25393.75       407.72  13.9882   0.0174     3.68    0.099   4.41   3      103.8     7281.968     96.75978
        54    834.5798    964.1351     125608.8     436.6406  12.2524   0.0038     3.61    0.054 -12.84   3      371.6     39688.08     155.1087
        55    232.0416    973.4271     6965.435     402.5986  15.3926   0.0628     3.92    0.157   3.62   0      30.43     1891.573     83.14009
        56    153.3865    973.2753     8374.526     257.6044  15.1926   0.0334     3.60    0.118  12.79   0      47.36     3010.079     85.94693
        57    970.9841    972.4039     4498.791      154.994  15.8673   0.0374     0.70    0.181  88.25   1       62.6     4023.317     88.39471
        58     58.9150    969.7822     8578.239      368.468  15.1665   0.0466     4.04    0.068  16.92   0      38.37     2280.888     83.59306
        59    379.1366    970.9449     3138.416     141.5045  16.2582   0.0490     4.51    0.204 -30.59   0      56.48     2513.249     84.62294
        60    807.4426    969.1616     4151.555     355.1741  15.9545   0.0929     7.17    0.390  78.19   0      17.33     931.4734     80.05149
        61    916.2271    968.4821     3200.026     276.9255  16.2371   0.0940     3.81    0.187 -30.35   0      18.38     1090.441     80.50154
        62    414.8893    964.0185     16468.64     364.1327  14.4584   0.0240     4.62    0.171  23.40   0      73.79     4295.565     88.52082
        63    389.0889    966.1292     2705.897     257.5254  16.4192   0.1034     4.86    0.260 -45.96   0      16.79     1025.952     79.89719
        64    117.7375    963.0314     3497.082     201.1819  16.1407   0.0625     4.21    0.088  27.27   0      21.69     1317.841       81.141
        65     50.3689    961.4927     12602.71     323.4665  14.7488   0.0279     3.78    0.095  -4.84   0      61.92     3839.089     87.14719
        66    690.8137    992.3528     5319.053     365.2969  15.6854   0.0746     3.93    0.121  41.09   0      23.09     1402.559      81.7924
        67    778.3254    960.6546     7513.762     394.4266  15.3104   0.0570     4.01    0.203 -36.16   0      31.41      1903.72     82.56124
        68    369.3745    961.0517     3051.104      278.326  16.2889   0.0991     3.38    0.274  16.70   0      16.75     1089.316     80.91732
        69    798.9977    958.4236     3065.564     256.1982  16.2837   0.0908     3.21    0.029 -85.25   0      19.67     1291.016     81.06583
        70    991.6544    957.0093      4419.71     342.0118  15.8865   0.0840     3.84    0.078  -5.27   3      21.25     1301.399     81.30315
        71    990.3761    950.7194     8755.914     398.3377  15.1442   0.0494     3.89    0.080 -83.61   2      35.15     2129.724     83.38405
        72    640.9916    956.9156     4639.806     279.6203  15.8338   0.0654     3.18    0.006  73.13   0       26.5     1754.227     82.55927
        73    296.0593    956.7440     6196.496     355.2926  15.5196   0.0623     3.66    0.122  53.29   0      29.08     1814.152     82.92818
        74    901.3210    954.6191     12268.88     338.5597  14.7780   0.0300     2.36    0.108 -22.14   0      63.52     4410.208     89.57285
        75     92.4388    956.3340     2295.935     225.6486  16.5976   0.1067     5.35    0.129 -23.56   0      14.41     812.3765     79.71265
        76    660.3022    955.1868     4226.325     296.8895  15.9351   0.0763     4.04    0.134  -0.22   1       23.7     1422.952     81.43488
        77    475.4731    988.6636     8448.427     311.1672  15.1831   0.0400     4.40    0.121 -26.40   0      43.96     2666.381     84.83416
        78    282.8323    956.0562     5960.678     151.6476  15.5618   0.0276     4.69    0.240 -18.27   0       91.4     5221.355     91.23801
        79    946.8839    953.7039     8105.329     463.6954  15.2281   0.0621     4.73    0.212  -3.87   0      24.03      1162.71     80.28526
        80    832.7069    948.6215     7793.442     461.7153  15.2707   0.0643     6.19    0.411  19.82   2      25.44     1362.637     80.63985
        81    440.4678    953.3783     4326.449     308.1419  15.9097   0.0773     3.90    0.264 -13.38   0      23.31     1419.289     81.63203
        82    745.7947    947.7085     4093.005     306.5942  15.9699   0.0813     3.58    0.130 -20.43   0       23.3     1467.651     81.55953
        83    450.5497    947.9489      6544.74     369.5063  15.4603   0.0613     3.93    0.145   2.72   0      31.49     1926.443     83.23536
        84    576.1372    938.0989     587735.8     678.1481  10.5770   0.0013     3.60    0.073 -26.03   0        914     178903.4     295.3018
        85    552.6099    946.2282     7981.613     344.3706  15.2448   0.0469     3.82    0.100 -14.70   0       40.7     2583.515     84.81145
        86    926.6036    945.4096      7664.26     344.1611  15.2888   0.0488     3.69    0.114 -32.05   0      39.89     2490.018     84.36036
        87    286.4132    943.4244     36640.57     380.9763  13.5901   0.0113     3.68    0.081 -13.59   0      152.7      11368.2      105.764
        88    699.9214    943.7612      8181.78     265.5165  15.2179   0.0352     3.98    0.139   3.79   0       44.9       2791.8      85.1695
        89    844.1192    943.5607     3659.266     317.1205  16.0915   0.0941     3.96    0.214 -10.51   0      17.78     1080.304     80.26256
        90    729.7484    943.6815     2651.626     281.0239  16.4412   0.1151     4.02    0.208 -42.05   0      14.87     852.8578     79.40328
        91    812.0142    941.3151     9847.989     350.4579  15.0166   0.0386     4.23    0.188  -8.43   0      45.82     2764.838     84.89862
        92    667.1194    940.2297     31506.29     338.9893  13.7540   0.0117     3.62    0.128 -31.10   0      138.4     10295.02     103.2686
        93    619.5839    939.6600     17277.14     387.1259  14.4063   0.0243     4.42    0.122 -22.62   2      77.53     4966.603     90.78761
        94    621.1308    932.5015     3874.332     292.3139  16.0295   0.0819     3.89    0.061  47.63   3      22.82     1410.252     80.77394
        95    641.6705    938.8627      11825.2      283.916  14.8180   0.0261     3.72    0.089 -14.11   0      60.47     3849.883     87.94765
        96    889.6743    937.1080     9355.403     348.9291  15.0723   0.0405     3.59    0.072  17.37   0      47.15     2999.897     85.32765
        97    402.7648    937.1402     11438.22      184.228  14.8541   0.0175     5.59    0.430 -29.56   0      138.1     10342.99     103.3741
        98    131.7000    937.9746     4964.912     235.6093  15.7602   0.0515     4.17    0.303 -15.17   0       27.2     1636.119     80.99056
        99    747.1615    934.9686     9900.325     398.9901  15.0109   0.0438     4.90    0.213  10.60   0      42.69      2422.41     84.37862
       100    110.4054    935.6963     5694.854     370.1269  15.6113   0.0706     4.30    0.094 -52.73   3      25.43      1479.34      81.5921
       101    115.6639    933.0703     6979.403     427.0593  15.3905   0.0665     4.09    0.290 -54.64   3      23.73     1179.431     80.54276
       102    120.9960    925.9911     5211.927     141.8475  15.7075   0.0296     0.00    0.003  -0.76   2      91.33     5123.045      91.1784
       103    965.2811    934.4489      7673.69     253.6747  15.2875   0.0359     8.25    0.138  -1.28   0      43.32     2579.187     84.19962
       104     15.4727    931.4637     6238.177     243.8683  15.5124   0.0425     3.73    0.117 -36.72   0      35.86     2212.603     83.60964
       105    835.0207    929.1178     8144.949     337.0363  15.2228   0.0449     9.23    0.302 -47.12   0      38.18     2277.417     83.58362
       106    658.5532    931.5900     3436.108     274.0519  16.1598   0.0866     5.69    0.348 -10.31   0      16.91     913.8983     80.42311
       107    350.0167    931.4532     4509.828     339.5915  15.8646   0.0818     5.05    0.224 -14.46   0      23.34     1367.592     81.48797
       108    765.5016    930.4957     7824.347     470.7953  15.2664   0.0653     4.92    0.093  56.24   2      24.15     1365.091     80.64677
       109    763.2362    926.3953     6374.792     407.4847  15.4888   0.0694     5.76    0.358 -17.84   3      22.52     1152.588     81.09484
       110    424.5200    929.6420     2102.782     219.7579  16.6930   0.1135     3.57    0.120 -20.57   0      13.34     788.3421     79.43153
       111    316.8468    925.4503     55638.78     386.7195  13.1366   0.0075    11.62    0.122 -68.68   0      207.6     17017.42     117.2768
       112    878.5648    927.0955     8166.477     339.5495  15.2199   0.0452     3.91    0.085  -2.68   0      40.11     2431.602     83.39584
       113    919.1370    927.0668     3887.734     314.6086  16.0258   0.0879     3.97    0.097  20.17   0       19.5     1130.425     80.40436
       114    853.7056    923.1579     6337.505     370.5213  15.4952   0.0635     4.11    0.166 -19.91   0       28.5     1623.863     81.37276
       115   1023.3693    918.6549     5185.447     287.5102  15.7130   0.0602     6.69    0.652 -89.65  24      24.53     1365.958     78.30936
       116    990.5920    920.3762     3475.241     328.7698  16.1475   0.1027     6.68    0.336  12.27   0      18.01     994.1861     80.43978
       117     62.6351    920.8690     3601.795     315.7435  16.1087   0.0952     4.18    0.248  -4.65   0      18.16     1061.948     80.42107
       118    603.5333    917.4394     4018.134      283.621  15.9899   0.0767     3.91    0.272  -4.74   0      22.65     1351.088     81.23407
       119    302.6515    917.2048     5048.697     251.3119  15.7421   0.0541     3.60    0.164 -17.51   0      30.93     1982.993     83.18664
       120    835.5175    916.9008     4320.109     154.7318  15.9113   0.0389     1.00    0.131   4.18   0      58.14     4009.736      87.7839
       121    218.0933    916.6403     4088.498     291.0317  15.9711   0.0773     4.27    0.200 -16.70   0      22.51     1351.671     80.60894
       122    167.2814    911.7181     19589.06     377.4443  14.2700   0.0209     3.92    0.184 -75.89   0      87.06     5683.806     92.01605
       123     14.6703    906.3041     483134.4      666.679  10.7898   0.0015     3.76    0.266 -14.98  24      806.2     135580.5     259.8286
       124    272.9261    912.6914     11061.31     318.4242  14.8905   0.0313     3.72    0.061 -34.38   0      55.29     3551.756      86.7851
       125    153.4050    913.3939     3953.551     307.8667  16.0075   0.0846     7.36    0.487 -41.05   0      21.86     968.1328     80.15549
       126    455.0849    911.3599     2122.001     229.1918  16.6831   0.1173     2.90    0.240  74.01   0      16.12     1085.396      80.0661
       127    135.8612    911.3626     2855.121     285.6622  16.3609   0.1087     4.96    0.214 -20.88   0      15.94     962.8063      80.1404
       128     66.3577    909.0248     20780.53     355.1048  14.2059   0.0186     3.73    0.101  36.53   0      94.48     6511.301     94.93235
       129    411.9005    910.6870     3660.497     327.6102  16.0912   0.0972     5.80    0.109  39.08   0      16.98     957.0173     79.48845
       130    105.1504    907.7681      7234.82     311.6388  15.3514   0.0468     4.02    0.150 -45.40   0      38.08     2342.375     83.96165
       131    242.9493    904.8035     42720.48     374.5647  13.4234   0.0095     3.80    0.164 -25.24   0      170.6     13155.67     109.3832
       132    934.8350    906.7624      4362.78     240.3622  15.9006   0.0598     3.71    0.074   4.62   0      26.37      1656.79      82.0849
       133    402.0497    906.0165     4444.816     324.2669  15.8804   0.0792     3.95    0.037   5.88   0      21.92      1336.01     81.60727
       134    915.8749    904.8518     4182.654     309.4049  15.9464   0.0803     3.97    0.134 -45.10   0      20.54     1148.978     80.45678
       135    560.1706    900.0839     25550.42     408.8424  13.9815   0.0174     4.14    0.220 -15.10   0      101.6     6647.969     94.72505
       136    321.2250    900.8107     3671.802     345.2072  16.0878   0.1021     6.41    0.397   7.55   0       16.3     839.0869     80.00037
       137     86.2544    898.2972     11573.68     283.7146  14.8413   0.0266     3.78    0.126 -13.45   0      59.73     3840.639     87.34501
       138    352.5691    896.8574     4399.705     184.7212  15.8914   0.0456     2.27    0.468 -62.45   0      45.33     3829.497     87.70241
       139    876.0977    896.1255     5921.125     338.0432  15.5690   0.0620     3.56    0.073 -28.05   0      29.75     1861.167     82.03286
       140    852.5502    892.6926      78100.2       410.14  12.7684   0.0057     3.60    0.053 -11.82   0      269.1     24123.06     129.8015
       141    983.2683    894.7552     4785.816     272.0796  15.8001   0.0617     3.65    0.207  -8.49   0       27.5     1748.562      82.3386
       142    503.3475    893.6018      14362.1     355.7573  14.6070   0.0269     4.49    0.201 -33.66   0      63.69     3902.739     88.08414
       143    402.3028    893.6188     20663.05     357.4026  14.2120   0.0188     3.59    0.125   1.80   0      93.11     6267.117     93.44568
       144    894.7998    890.7432     48344.07     418.3024  13.2891   0.0094     3.79    0.285 -26.53   0      178.5     13647.68     110.4008
       145    616.9213    890.2120     46651.39      381.401  13.3278   0.0089     3.68    0.035 -37.79   2      183.8     14613.25     112.3709
       146    615.5041    879.5772     18971.95     382.6359  14.3047   0.0219     3.75    0.043   3.67   3      86.26     5575.893     91.74913
       147   1020.7403    887.7491     103434.9     385.2972  12.4633   0.0040     3.70    0.074 -80.15  24      334.7     33744.56     146.0249
       148    470.9217    892.5164      4391.88     357.6989  15.8934   0.0884     3.41    0.182  -2.66   0      18.21     1111.078     79.92773
       149    187.1027    891.4245     3595.423     318.4049  16.1106   0.0962     3.39    0.119  25.23   0      18.56     1150.868     79.82928
       150    105.5966    890.2731     6930.265     290.3456  15.3981   0.0455     4.25    0.199 -52.14   0      36.53     2118.584     83.35368
       151     75.6682    889.7188     4791.543     364.9686  15.7988   0.0827     3.97    0.040 -25.38   0      21.76     1277.081     80.60837
       152    709.8430    889.2955     3233.266     226.5907  16.2259   0.0761     4.51    0.255   3.45   0      18.49     1078.127     79.62193
       153    684.5886    888.9329     5333.489     352.3492  15.6825   0.0717     3.56    0.115  16.69   0      26.24     1668.122     82.11626
       154    301.9114    886.5975     4779.347     238.9938  15.8016   0.0543     4.40    0.227 -36.60   0      26.98     1627.779     82.00453
       155    542.0308    885.7076     3486.133     294.8925  16.1441   0.0919     3.33    0.042   2.71   0      19.61     1224.993     80.04004
       156    381.5809    883.1542     80592.63     490.2595  12.7343   0.0066     3.62    0.063 -11.34   2        241     20833.92     124.5891
       157    770.8958    883.3771     14637.52     381.1632  14.5863   0.0283     3.80    0.045  27.13   0      66.54     4186.202     88.23959
       158    834.6890    885.8613     17423.64     345.6901  14.3972   0.0215     3.56    0.064  11.10   0      83.18     5531.674     91.82383
       159    444.1476    883.8148      7616.89     440.0665  15.2956   0.0627     8.03    0.498 -28.32   0      26.61     1153.989     80.89003
       160    328.6110    884.0020     5435.894     269.5035  15.6618   0.0538     3.59    0.150  -1.72   0      30.15     1888.704     82.72452
       161    312.9023    882.9328     5332.364     249.8826  15.6827   0.0509     3.91    0.039 -17.79   0      30.03     1826.128     82.14181
       162     50.5085    881.6140     17050.66     436.2783  14.4206   0.0278    11.43    0.461  -7.43   0      65.84     3355.674     86.27007
       163     73.3545    882.6560     3062.491       269.07  16.2848   0.0954     4.70    0.126 -42.77   0      16.67     962.9486     80.35148
       164    660.9498    881.4822     4151.367      279.223  15.9545   0.0730     3.79    0.242 -23.10   0      22.94     1392.117     80.93206
       165    161.9991    880.8271     4010.671     139.9096  15.9920   0.0379     1.02    0.107  89.85   0      62.24     3746.283     88.06432
       166    234.7371    879.7017     3729.197     322.4568  16.0710   0.0939     3.93    0.121 -11.05   0      19.09     1136.599     80.21131
       167    223.8399    878.6471     10054.73     576.6743  14.9941   0.0623     7.68    0.558  42.99   0      23.31     1055.566     80.19248
       168    508.4615    874.3331      15263.6     395.6755  14.5409   0.0282     3.71    0.122   3.32   0         67     4295.138     89.09085
       169    751.1613    873.2576      3294.49     269.2659  16.2055   0.0888     3.19    0.207  -5.88   0       19.6     1276.844     81.02609
       170    169.3846    870.4680     34239.98     463.7439  13.6637   0.0147    10.64    0.285  -5.99   3      123.5     7942.471     97.95436
       171    159.7703    862.7620     179602.7     483.5231  11.8642   0.0029     3.66    0.081  -8.44   3        464     55502.79     176.7688
       172    592.6874    871.2171     5392.564     365.3427  15.6705   0.0736     4.11    0.167 -19.63   0      24.98     1405.144     81.17717
       173    685.0071    870.7641     2423.993      218.161  16.5387   0.0977     0.00    0.163  87.66   0      19.36     1270.492      81.4246
       174    227.8232    865.6492     86185.48     436.4481  12.6614   0.0055     3.64    0.052  28.69   0        284     26332.23     134.2448
       175    630.5531    867.2374     19348.93     344.5086  14.2834   0.0193     3.73    0.090 -17.04   0      92.05     6257.327      93.9632
       176    963.5642    865.2084     18885.62     492.6836  14.3097   0.0283     7.07    0.329  21.93   0       66.6     3002.077     86.12229
       177    950.5964    867.6071     5000.926     361.6093  15.7524   0.0785     3.54    0.015  16.49   2      19.48     1095.984     80.51719
       178    946.5487    862.4824     8361.035     446.1711  15.1944   0.0580     4.03    0.244  68.26   2      24.06     1382.298     80.90449
       179    248.1534    864.3336     57668.84     380.2071  13.0976   0.0072     3.67    0.098  -7.71   0      217.2      18118.4     119.2497
       180   1023.1983    865.6403     5125.592     207.1353  15.7256   0.0439     3.98    0.465  85.18  24      36.78     2539.706      83.8917
       181     89.8246    863.8828     9019.585     396.3611  15.1120   0.0477     8.16    0.035   5.02   0      41.31     2578.744     84.59906
       182     29.7363    862.8282     17946.67     336.1203  14.3650   0.0203     3.68    0.115 -16.27   0      85.46     5734.862     92.69088
       183    855.0148    861.9860     3871.709      303.659  16.0302   0.0852     6.42    0.356 -38.75   0      18.72     1184.519     80.76671
       184    679.0331    861.4188     3811.187     347.7385  16.0473   0.0991     3.70    0.156   0.62   0      18.16     1092.991     80.92764
       185    530.9323    860.8544     5342.304     381.1651  15.6807   0.0775     3.98    0.165  26.07   0      22.38     1375.354     81.09373
       186    925.3531    860.9514     3726.509      161.889  16.0717   0.0472     0.00    0.352 -12.58   0      55.75     2897.665     85.64915
       187    905.7067    859.4830     7347.679      321.072  15.3346   0.0475     4.45    0.088 -25.16   0      39.25     2425.309     83.98479
       188     45.3343    860.1498     4898.177     288.7505  15.7749   0.0640     4.18    0.155 -48.06   0      26.24     1550.403      81.7898
       189    709.7869    858.5651     6349.419     313.6987  15.4932   0.0537     4.10    0.163  13.30   0      33.38     2002.802     83.64596
       190    394.3817    858.3668     8917.872      327.387  15.1243   0.0399     3.93    0.149 -21.59   2       39.9     2507.765     84.80779
       191     67.3100    858.9415      4415.11     271.7697  15.8876   0.0668     3.85    0.152  -1.60   0      24.77     1507.109     81.25434
       192    863.6304    857.3856     10008.05     325.5566  14.9991   0.0353     3.96    0.013 -76.76   0      51.89     3334.006     86.99383
       193    872.9294    856.6639     5041.322     315.4409  15.7436   0.0680     3.57    0.096 -19.20   0      28.01      1753.24     82.14596
       194    550.9420    849.4388     37482.67     459.8483  13.5654   0.0133     3.78    0.102  -2.69   2      128.2     9044.228     100.4781
       195    233.3246    851.9221     7115.322     359.4252  15.3695   0.0549     3.86    0.093 -32.30   0      32.72     2047.131     82.54647
       196    640.1720    846.2781     95804.03     420.8412  12.5465   0.0048     3.62    0.064 -15.84   3      309.6     29809.48     139.7663
       197    644.2353    837.9924     16315.84     504.2309  14.4685   0.0336     6.87    0.399 -24.74   3      54.91      2889.62     85.82501
       198    853.2910    849.3723     5944.634     350.3385  15.5647   0.0640     4.04    0.180 -18.87   0      28.21     1658.227     81.46867
       199    817.3112    849.0685      3078.98     282.8675  16.2790   0.0998     3.15    0.167 -33.72   0      16.88     1003.846     79.83428
       200    450.7853    847.8576     3448.651     201.1272  16.1559   0.0633     3.55    0.127 -42.26   0      22.01     1369.613     81.49361
       201    399.9172    847.9700     4009.496     211.9756  15.9923   0.0574     3.73    0.130  -4.55   0      23.74     1436.182     81.26402
       202    168.3906    846.4670      9177.35     455.9527  15.0932   0.0540     3.99    0.043 -31.58   0      30.96     1836.815     82.58183
       203    145.6054    846.1533     2900.487     226.2567  16.3438   0.0847     4.68    0.116 -68.29   0      17.91     1063.663     80.63585
       204    686.9905    844.3411      4005.24     266.7144  15.9934   0.0723     4.76    0.163 -57.29   0       20.8      1157.29     80.89931
       205    969.8455    841.6867      12578.9     391.9798  14.7509   0.0338    10.07    0.277   5.94   0      55.55     3346.891     86.24693
       206    332.2237    843.3531     2797.659     240.6406  16.3830   0.0934     3.91    0.212  20.55   0      16.51     973.2125     80.59056
       207    479.3510    839.1722     8126.529     330.6939  15.2252   0.0442     4.00    0.091  10.12   3      42.01     2577.015     84.99317
       208    473.9959    838.2821     5245.588     332.5431  15.7005   0.0688     4.73    0.153 -23.77   3       26.5     1501.976     81.86192
       209    246.8786    838.3168     15586.71     335.7819  14.5181   0.0234     3.92    0.156 -22.55   0      74.01     4754.445     89.69123
       210    118.9076    838.8914     4390.328     340.7541  15.8938   0.0843     4.89    0.099  41.92   0      20.74     1062.222     80.21134
       211    742.2776    837.4531     5365.006     317.0101  15.6761   0.0642     3.28    0.056 -72.54   0         26     1615.666     81.76445
       212    586.9857    836.1993     9825.373     427.5838  15.0191   0.0473     9.03    0.373  -7.71   0      39.63     2326.568     83.91886
       213    839.5040    832.8005     46083.83      430.045  13.3411   0.0101    12.32    0.170  51.40   2      171.9     12983.85     109.0257
       214    835.0878    819.7809     13857.45     400.1831  14.6458   0.0314     3.64    0.114  33.33   2      56.92     3586.824     86.87688
       215    184.6633    834.5772     5375.007     301.9958  15.6741   0.0610     4.08    0.086 -24.26   0      29.63     1769.624     82.60164
       216    884.1234    833.6687     8521.928     336.0349  15.1737   0.0428     3.61    0.104 -17.56   0      44.26     2826.284     84.86397
       217    728.4047    832.9815     11665.82     356.4102  14.8327   0.0332     3.58    0.056   4.12   0      55.76     3651.991     87.43478
       218     94.1045    832.9930     7703.561     379.2416  15.2833   0.0535     3.80    0.100 -47.28   0      36.79     2325.937     83.91715
       219     15.2770    834.3721     2855.661     237.1574  16.3607   0.0902     4.10    0.203  21.63   0      17.07     1040.402     80.36015
       220    709.0933    831.8412     13060.34     344.0402  14.7101   0.0286     4.00    0.051 -86.00   0      59.75      3780.31      87.1879
       221    608.1684    833.1343     7075.828      448.353  15.3756   0.0688     9.06    0.489  16.41   0       25.7     1313.149     81.12786
       222    462.4463    829.7645     4156.672     355.1774  15.9531   0.0928     6.63    0.398  60.03   2      17.27     891.4244     79.93771
       223    962.7264    831.6718     5776.428     405.0693  15.5959   0.0762     4.66    0.105 -13.05   3      21.42     1213.359     80.63844
       224    966.7701    826.9996     10493.49      416.933  14.9477   0.0431     3.98    0.139 -32.61   3      39.14     2447.397     84.64587
       225    973.2825    826.2400     6910.847     342.4311  15.4012   0.0538     4.00    0.157 -13.85   3      35.58     2156.873     83.05188
       226     83.8863    831.6218     3307.309     306.0112  16.2013   0.1005     5.65    0.203 -13.19   0      18.34      1033.65     79.91908
       227    325.9890    824.4772     12639.73     471.3241  14.7457   0.0405    11.89    0.555 -76.81   0      42.49     1745.593      82.3304
       228    543.2200    827.5936     4910.854      272.184  15.7721   0.0602     3.88    0.172 -48.19   0      27.05     1668.646     82.11771
       229    436.1911    827.0831     17379.94     373.8575  14.3999   0.0234     3.81    0.126  -4.23   0      80.58     5377.956      91.8116
       230    771.3746    826.5598     3071.008     298.8459  16.2818   0.1057     3.93    0.159 -45.31   0      16.54     993.3394      80.6473
       231    472.0911    824.2306     7469.629     331.5195  15.3168   0.0482     8.90    0.251 -45.28   0       35.6      1861.67     81.82791
       232    568.0014    823.6889     6764.725       267.48  15.4244   0.0429     3.96    0.179  -4.38   0      38.53     2504.189     84.39853
       233    615.4892    823.5082     3129.861     329.8149  16.2612   0.1144     4.76    0.026  -7.74   0      13.63     778.7797     79.40417
       234    240.3370    822.9519     4882.948     342.3195  15.7783   0.0761     3.84    0.135  -4.23   0      24.59     1475.759     81.58212
       235    642.9874    819.7847     11788.35     368.1537  14.8214   0.0339     3.51    0.138 -22.80   0      55.77     3711.986     87.59058
       236    124.7809    821.1050     5472.476     335.2293  15.6545   0.0665     3.69    0.164 -17.97   0      29.99     1892.297     82.11906
       237    808.2633    819.9884     2962.276     257.7516  16.3209   0.0945     3.85    0.141  -0.17   0      17.69      1065.28     80.43048
       238    556.0738    818.0211      10690.6     293.2742  14.9275   0.0298     3.91    0.107 -31.26   0      54.96     3607.733     87.51306
       239     54.4794    817.5275     3881.479     300.8697  16.0275   0.0842     3.57    0.031  15.54   0      19.67     1131.985     80.19823
       240    351.7309    827.9056     7240.909     266.3018  15.3505   0.0399     4.07    0.082  -1.69   0      37.98     2295.471     83.22741
       241    582.1221    814.5468     4533.766     344.5497  15.8589   0.0825     3.61    0.175 -13.37   0      22.32     1378.753     81.10325
       242    231.8321    811.8460     24290.23      357.344  14.0364   0.0160     3.71    0.106 -12.18   0      109.4     7749.565     97.85192
       243     40.7581    814.4991     4471.906     282.4922  15.8738   0.0686     3.54    0.137   1.19   0      26.91     1654.332        81.25
       244    525.0167    806.8974     87716.72      406.175  12.6423   0.0050     3.64    0.069 -24.26   0      294.2     27850.61      136.296
       245   1007.0552    800.2506     8502.193     412.7857  15.1762   0.0527     4.72    0.273 -30.65   3      36.43     2135.308     83.60175
       246   1002.5391    807.9841     40700.77      600.711  13.4760   0.0160     3.81    0.306  16.68   3      104.9     7523.808     96.97813
       247    997.9632    803.0047     35634.56     410.3103  13.6203   0.0125     3.55    0.049 -55.63   3        104     6141.085     94.04186
       248    978.7751    809.5602     9132.247     311.6663  15.0986   0.0371     3.83    0.083   8.01   0      47.18     2964.405     86.02282
       249    794.3954    807.7353     10159.19     316.4469  14.9829   0.0338     3.99    0.106 -50.16   0      47.86      2953.51     85.79721
       250    634.2570    806.2572     6179.496      296.961  15.5226   0.0522     9.62    0.210 -33.14   0       29.5     1688.312     82.58259
       251     92.7903    807.8540     4780.907     168.4576  15.8012   0.0383     5.31    0.391  32.40   0      76.68     4110.635      88.8095
       252    582.3780    805.5358     3159.118     267.5766  16.2511   0.0920     4.41    0.213 -10.73   0      19.55     1211.588      81.0517
       253    896.8107    805.0372     2921.542     304.3389  16.3360   0.1131     3.76    0.188  -0.99   0      14.06     832.1276     80.40225
       254    600.6307    798.9764     5248.918     256.4852  15.6998   0.0531     3.99    0.170 -15.68   0      30.49      1948.11      83.2945
       255    399.8779    798.0125     10238.94     321.8014  14.9744   0.0341     3.83    0.072  -5.55   0      53.94     3501.138     87.04177
       256    152.5197    797.5055     4957.814     352.1068  15.7618   0.0771     7.40    0.125  83.59   0      24.37     1345.233     81.00925
       257     52.6511    797.0253      3259.26     262.8818  16.2172   0.0876     4.79    0.008 -42.57   0      18.99     1150.764     81.08973
       258     14.3616    795.9824     5191.706     286.0414  15.7117   0.0598     3.52    0.119  -6.66   0      30.92     1973.705     83.56686
       259    305.0315    790.6098     67257.58     470.7581  12.9306   0.0076     6.89    0.316  14.69   0      210.1     12639.25     108.6167
       260    213.1926    794.3878     4132.831     218.0038  15.9594   0.0573     4.03    0.109 -43.16   0         24     1414.648     81.41171
       261    459.7343    792.0022      15233.4     322.7007  14.5430   0.0230     3.68    0.129 -22.51   0      74.14     4937.804     90.90166
       262    670.3759    789.4965     33412.07     398.6115  13.6902   0.0130     3.67    0.056  -1.01   0      139.6     9955.509     101.8569
       263     95.9878    790.2980     5093.026     291.8151  15.7326   0.0622     3.74    0.018 -85.58   0      28.94     1787.226     82.44525
       264    725.3362    788.5199     12674.27      374.388  14.7427   0.0321     3.62    0.096 -29.97   0       62.1     3978.521     88.08774
       265    600.8110    788.9678     4777.438      226.274  15.8020   0.0514     4.00    0.168  19.32   0      28.27     1755.792     82.76809
       266    931.4868    782.1002     148735.9     461.5211  12.0690   0.0034     3.63    0.058   3.90   0      411.6     45409.82     162.8626
       267    657.8622    784.6876     44375.85     371.0389  13.3821   0.0091    11.29    0.222 -16.17   0      177.2     13465.68     109.7177
       268    153.8499    785.6685     11706.93     410.4479  14.8289   0.0381     5.71    0.331 -36.75   0      45.39     2394.938     84.10382
       269    864.6830    785.5345      9365.32     395.4921  15.0712   0.0459     3.82    0.094  17.23   0      42.23     2582.865     84.41007
       270    526.6653    777.5460     363659.6     584.0597  11.0983   0.0017     3.69    0.037   2.27   2      700.2     109945.8     236.5591
       271    522.0755    761.6440     79855.24     416.2201  12.7442   0.0057     3.64    0.024  24.43   3      271.4     24687.04     131.1725
       272    334.5853    782.3846     22011.91     364.1104  14.1434   0.0180     3.74    0.051 -30.50   0      98.56     6608.833     94.80959
       273    585.9613    782.1035     5056.943     378.7697  15.7403   0.0813     7.52    0.329 -28.31   0      22.91     1188.391     79.93604
       274     56.2233    781.5788     10116.59     373.9641  14.9874   0.0401     3.91    0.104 -10.50   0       47.2     2924.914     85.91843
       275    972.0864    781.1186     4300.312     258.9287  15.9163   0.0654     1.77    0.073 -40.95   2      23.32     1730.822     82.08392
       276    104.3111    779.5032     3183.046     320.7567  16.2429   0.1094     4.37    0.247 -34.64   0      14.75     840.2419     79.36716
       277    820.5896    774.6817     11695.03     457.2059  14.8300   0.0425     3.87    0.122  50.00   2      42.34     2607.451     84.67614
       278    701.4902    776.2585     19065.91     482.3643  14.2994   0.0275     3.70    0.040  82.30   2      64.57     3709.646     87.19759
       279    207.2811    776.1880     6832.226     282.8947  15.4136   0.0450     3.58    0.025   5.55   0      37.24     2371.947     84.04166
       280    793.5842    775.3442     8235.729     372.8193  15.2107   0.0492     4.28    0.169  -6.94   0      38.53     2333.367     84.13844
       281    367.4561    774.2192     4758.706     327.0815  15.8063   0.0746     7.69    0.242   3.78   0      24.34     1421.901      81.6393
       282    313.1219    774.1863     3177.549     204.9867  16.2448   0.0701     3.58    0.121 -41.25   0      19.96      1225.88     80.88302
       283    491.7517    773.7906     4591.801     367.1538  15.8450   0.0868     4.17    0.360 -14.13   0      19.43     1181.125     80.96624
       284     74.6606    772.9922     5513.923      322.404  15.6463   0.0635     3.88    0.093  -8.05   0      31.18     1934.964     83.05532
       285    749.8836    770.7355     7482.768     337.8428  15.3148   0.0490     3.80    0.168 -16.64   0      38.48      2431.65     83.80044
       286    684.0055    768.9335     16465.18     343.8323  14.4586   0.0227     4.27    0.133 -31.59   3      73.62     4710.346     90.14383
       287    691.4576    767.6340     24904.64     664.5198  14.0093   0.0290     7.31    0.138  -7.19   3      59.71     3273.908     86.44642
       288    880.9871    768.3340     5969.439     250.4613  15.5602   0.0456     3.99    0.081 -25.70   0      35.07     2220.554     83.63126
       289    164.7604    766.3998     15616.77     308.2393  14.5160   0.0214     3.70    0.106 -14.64   0      79.06     5335.042     92.07327
       290     49.3047    763.0870     134704.5      460.104  12.1765   0.0037     9.63    0.076  88.57   0      383.3      40307.5     155.7967
       291    424.9967    765.2409     4407.254     328.1279  15.8896   0.0809     5.55    0.222  61.70   0      23.42     1309.992     81.53478
       292    369.4534    764.6349     17355.68     391.5143  14.4014   0.0245     3.88    0.150  -7.45   0      77.67     4940.872     90.72318
       293    194.9873    766.9495     9215.195     148.1228  15.0887   0.0175     0.00    0.081  70.77   0      126.4      8756.01      99.9933
       294     61.5537    764.1764     7140.137     434.9888  15.3657   0.0662     4.69    0.153   4.01   1      22.84     1276.769     81.44212
       295     71.0899    762.0872     6956.154     362.8361  15.3941   0.0566     3.89    0.170 -14.84   0      30.84     1911.817     82.58353
       296    310.1502    762.1714     5203.717     352.2654  15.7092   0.0735     4.35    0.141  14.32   1      24.49     1426.906     81.86002
       297     84.5991    762.4749     4591.494     330.8206  15.8451   0.0782     3.39    0.112 -13.55   0      21.51     1303.253     81.10013
       298    339.9302    761.3080     4874.458     332.2894  15.7802   0.0740     3.85    0.172 -30.60   0      25.92     1635.497     81.81955
       299     94.0078    760.3798     11847.33     421.6987  14.8159   0.0387     3.69    0.166  -6.68   2      47.92     3127.217      86.0599
       300    996.6271    760.8652     2629.149     227.8466  16.4505   0.0941     4.98    0.140 -10.59   0      15.71     877.9423     79.89937
       301    891.8167    759.3547      5537.84     244.9464  15.6416   0.0480     3.77    0.068 -22.39   0      31.88      2020.11     83.49072
       302    404.4555    759.1502     5347.955     327.4907  15.6795   0.0665     4.10    0.199 -15.07   0      27.08     1622.276     82.19522
       303    305.2676    758.3470     5916.859     429.4562  15.5698   0.0788     7.57    0.566 -59.83   0      19.76      780.555     79.62186
       304     16.5262    754.9104     29332.02     419.0866  13.8316   0.0155     4.83    0.359 -86.21  16      114.6     7122.501      95.6803
       305    558.8332    756.2457     5497.949     289.2222  15.6495   0.0571     3.98    0.131  -7.96   0      31.28     1913.395     82.99628
       306    530.0178    756.3251     3162.055     166.2592  16.2501   0.0571     1.00    0.187  75.13   0      48.59     2903.911     85.66573
       307    368.8776    755.4204     7083.483     420.1306  15.3744   0.0644     4.31    0.062  17.45   0      27.55      1641.44      82.2482
       308    412.7056    753.1431     8248.976     387.2846  15.2090   0.0510     3.83    0.136 -15.55   0      38.92     2416.232     83.55653
       309    281.3619    745.9604       310801     556.3193  11.2688   0.0019     3.66    0.064 -24.27   0      641.2     95180.61     221.9206
       310    549.8411    744.5505      10478.6     285.8091  14.9492   0.0296     3.89    0.120   2.51   0      55.04     3464.261     87.13966
       311     62.5570    743.0635     6668.932     424.9092  15.4399   0.0692     4.28    0.097 -44.26   0      22.53     1388.365      81.3383
       312    646.7025    741.3818     5021.451     387.5731  15.7479   0.0838     4.45    0.159 -37.56   0      19.18      1066.99     79.80226
       313    374.8292    738.9741       4023.5     331.7068  15.9885   0.0895     3.65    0.367 -19.30   0      16.82     1042.208      80.7849
       314    161.4270    735.3771     15130.97     372.4878  14.5503   0.0267     3.74    0.116  -8.23   0      71.38     4663.319     90.39999
       315    148.7946    737.2163     4047.159     359.8367  15.9821   0.0966     5.13    0.175 -40.20   0      17.24     944.3279     80.08797
       316    134.1101    737.3848     4524.312     339.6012  15.8611   0.0815     4.21    0.238 -32.66   0      21.13     1155.232     80.26408
       317    107.2787    735.5950     16801.14     344.0544  14.4367   0.0222     3.85    0.024 -26.79   0       79.8     5151.922     91.43544
       318    669.5215    735.4337     6395.501     285.5197  15.4853   0.0485     3.87    0.133   8.41   0      33.37     2029.307      83.1099
       319    226.8865    751.8231     41911.05     355.5358  13.4442   0.0092     3.73    0.108 -12.31   0      171.6     13134.94     109.0305
       320    717.1998    735.4031     3434.418     269.3839  16.1604   0.0852     3.78    0.179  -8.33   0      21.03     1292.027     81.06866
       321    612.7874    734.0326     2497.521     279.3905  16.5062   0.1215     3.67    0.185  -2.66   0      14.21     907.9683     80.61634
       322    459.2830    731.0023     4478.913     267.1177  15.8721   0.0648     3.88    0.109 -18.26   0      25.68     1565.172     82.03718
       323    936.2728    729.7199     6666.891      411.774  15.4402   0.0671     3.99    0.194  -8.34   0      23.91      1381.97     80.90356
       324    405.8356    729.9980     4742.005     284.2005  15.8101   0.0651     4.12    0.220 -48.40   0         26     1623.568     82.40421
       325    986.2720    729.8033     2971.154     311.2416  16.3177   0.1138     4.42    0.124 -21.26   0       15.8      909.589     79.98933
       326    345.8168    728.7198     8922.195     273.9747  15.1238   0.0333     3.93    0.153  10.49   0      47.29     3025.796     85.79164
       327    840.6380    725.1349     9354.485       404.99  15.0725   0.0470     8.82    0.535 -32.68   0      34.16     1453.166     81.51917
       328    528.8924    724.7350     35322.03     383.5096  13.6299   0.0118     3.68    0.075 -43.13   2      130.3     9107.251      100.284
       329    122.3767    727.5150     5536.246     342.7529  15.6420   0.0672     6.81    0.101  25.81   0      24.45     1736.681     81.89395
       330    600.4322    726.3701     4693.186     281.1709  15.8213   0.0651     0.00    0.209   1.41   0      30.37     2114.715     83.74786
       331     52.7455    724.1973     7734.453     318.7043  15.2789   0.0447     3.62    0.153 -10.61   0      40.69     2590.447     84.63049
       332    152.8102    721.3468     43028.55     392.3822  13.4156   0.0099     3.61    0.082 -23.08   0      172.8     13587.22     110.4295
       333    369.5107    720.7817      12462.1     323.3677  14.7610   0.0282     3.63    0.142  -6.87   0      62.98     4048.487     87.88417
       334    570.6826    718.9454     3923.041     300.9011  16.0159   0.0833     3.84    0.109  -4.26   0      21.73     1287.305     80.63719
       335    259.0105    717.9789     8215.661     308.2671  15.2134   0.0407     4.75    0.286 -34.49   0      39.09     2378.595     84.26053
       336    193.0420    719.9855     2675.074     276.4944  16.4317   0.1122     4.50    0.422 -15.68   0      16.11     976.4498     80.59969
       337     80.4763    719.1878     2349.792        265.3  16.5724   0.1226     5.32    0.344 -39.75   0      13.45     741.7914     79.72349
       338    926.5297    716.7860     8615.271     293.1071  15.1618   0.0369     3.85    0.060  -2.46   0       45.4     2830.187     85.46991
       339    828.6317    715.9953     3390.092     256.4859  16.1745   0.0822     4.12    0.026 -32.86   0      20.07     1204.269     81.23955
       340    555.2137    714.8541     12829.12     313.0031  14.7295   0.0265     3.66    0.083 -18.33   0      64.27     4174.317     88.97232
       341    285.2661    715.5755     5312.135     301.9485  15.6868   0.0617     8.37    0.413 -25.98   0      23.38     1141.224     80.85416
       342   1019.3814    706.2969     266104.6     516.0922  11.4374   0.0021     3.68    0.073  80.39  24      588.5     80548.95     206.1469
       343    796.5356    713.2507     9522.356     317.3239  15.0531   0.0362    10.27    0.378  24.64   0      41.49     1952.321     82.89911
       344    404.6082    716.6148     39516.18     396.7861  13.5081   0.0109     3.72    0.100 -22.94   3      158.2      11724.9     106.3689
       345    891.4961    710.0703     3109.213     222.7023  16.2684   0.0778     3.30    0.110  86.93   0      21.66     1362.945     80.64072
       346    734.1204    708.9776     3418.456     207.3026  16.1654   0.0659     3.57    0.136  -5.47   0      20.95     1289.724     81.06221
       347    364.3234    707.7692     15066.58       300.89  14.5550   0.0217     3.79    0.108 -19.70   0      74.58     4804.854     90.38179
       348    219.4409    720.6823     37389.77      436.217  13.5681   0.0127     4.41    0.316  -0.09   0      143.4     9751.986     101.7346
       349    903.5952    703.7042     4661.176     297.2222  15.8288   0.0692     6.95    0.417  81.43   0      22.73     1313.747     81.12954
       350    715.3896    703.9709     42981.08     379.2076  13.4168   0.0096    11.63    0.163  -1.33   0      170.4     12409.26     107.9779
       351    216.9878    705.0789     4287.892      238.526  15.9194   0.0604     3.70    0.024  -8.21   0      24.11     1459.921     81.53799
       352    109.3096    704.5505     9387.862     424.3738  15.0686   0.0491     3.98    0.175 -13.40   0      38.71     2350.051     83.57884
       353    847.9966    703.2977     12180.32     416.8388  14.7859   0.0372     5.73    0.295   0.58   2      51.76     2989.503     85.69544
       354    854.5421    699.3266      7724.49     359.8102  15.2803   0.0506     6.67    0.325  77.48   3      32.98     1924.082     82.61727
       355    776.6662    704.0494     5949.416     333.0238  15.5638   0.0608     3.93    0.166   9.49   0      30.91     1992.342     83.00876
       356    495.4918    703.3217     10538.79     312.6903  14.9430   0.0322     3.79    0.148  -0.19   0      53.49     3328.755     86.39503
       357    473.4203    704.3878     4219.512     286.7456  15.9368   0.0738     4.26    0.069   1.92   0      23.63       1389.5     81.54905
       358     66.7677    704.9971     2272.018     260.4088  16.6090   0.1245     3.31    0.172  -0.89   0      13.75     853.3088     80.25171
       359    826.3340    702.5034     11215.26     306.3594  14.8755   0.0297     4.07    0.149 -15.43   0      57.05     3520.357     86.70283
       360    760.4931    702.2539     2189.925     238.2988  16.6489   0.1182     3.47    0.263   1.60   0      14.78     942.8503     79.44793
       361    886.3440    696.2807     3874.632     305.0499  16.0294   0.0855     3.31    0.167  25.93   2      19.01     1182.716     80.34187
       362    202.6022    699.7362     2891.481     262.5636  16.3472   0.0986     4.00    0.043   2.17   0      17.69     1054.625     80.61037
       363    576.0327    698.0008     4343.402      294.119  15.9054   0.0735     3.87    0.029  -4.31   0      25.37     1572.685     82.26376
       364    415.7237    697.7418     21333.16     521.2917  14.1774   0.0265     4.29    0.070  -8.06   2      80.82     1770.056     82.19247
       365    395.5888    716.0760      16758.6     452.3012  14.4394   0.0293     5.42    0.295 -20.01   3      62.31     4004.396     88.34605
       366    662.4183    694.9739     4228.678     302.5322  15.9345   0.0777     3.93    0.158 -10.91   0      22.12     1377.588     81.72298
       367    279.4137    694.1459     3840.174     215.7483  16.0391   0.0610     5.34    0.358  18.14   0       48.8     2614.764     84.89514
       368    844.9940    693.5051     2267.564     245.3628  16.6111   0.1175     2.89    0.351 -63.06   0      14.94     916.9742     80.01031
       369    705.7413    691.2117     11205.84     283.4198  14.8764   0.0275     3.86    0.123 -17.83   0      58.15     3707.239      87.7711
       370    528.6829    691.8757     4099.356     356.3288  15.9682   0.0944     6.87    0.373 -13.99   2      18.38     961.3672     79.50089
       371    526.0714    687.2806     3244.417     278.4839  16.2222   0.0932     1.95    0.367  73.47   3      20.65     1350.313     80.81458
       372    983.1534    715.2498     5383.677     366.4922  15.6723   0.0739     3.88    0.137 -37.03   0      23.29     1437.379     81.68238
       373    782.0994    690.1255     3288.819     284.5254  16.2074   0.0940     4.01    0.068  66.57   0      19.39     1139.285     80.00789
       374    399.2813    685.3360      8159.74     401.1707  15.2208   0.0534     7.53    0.301  67.90   0      31.59     1775.356     82.20712
       375    336.5747    686.1937     4784.911     330.9535  15.8003   0.0751     4.75    0.250 -25.71   0      22.06     1255.362     81.17435
       376    990.5930    685.3476     2957.398     268.9812  16.3227   0.0988     3.54    0.122 -40.80   0      17.49      1114.28     80.77838
       377     23.0993    684.6601      4718.44     272.0233  15.8155   0.0626     3.44    0.129 -12.95   0      28.51     1805.672     81.87897
       378    169.3742    683.5489     2495.765     214.3274  16.5070   0.0933     0.00    0.241  47.75   0      19.09     1315.362     81.54974
       379    146.2051    675.4863     6090.419     266.9064  15.5384   0.0476     5.54    0.256 -70.62   0      30.24     1786.569     82.44344
       380    849.5179    674.8702     36615.29     359.2638  13.5908   0.0107     3.69    0.096 -10.16   0      154.2     11467.22     105.4969
       381    782.3789    677.6477     2896.217     264.1725  16.3454   0.0991     3.85    0.104 -33.28   0      16.97     1054.647     80.81989
       382    276.8311    674.0652     23313.81     394.9578  14.0810   0.0184     3.77    0.157 -15.27   2      93.82     6089.958      93.5575
       383    616.8071    674.8805      4850.21     239.0612  15.7856   0.0535     7.83    0.269 -52.30   0      26.07     1604.336     82.14561
       384    245.3673    676.7327     3297.012     256.4034  16.2047   0.0845     4.14    0.155  -5.93   0      19.14     1200.013      80.8103
       385    699.6074    674.4005     8100.289     294.1479  15.2287   0.0394     3.67    0.041 -11.09   0      45.11     2856.262     85.34134
       386    389.3291    674.9562      2702.51     274.9842  16.4206   0.1105     4.68    0.266 -15.73   0      16.01     985.1486     80.20374
       387    212.2386    678.4431     3429.213     205.2655  16.1620   0.0650     5.22    0.194  -1.15   0      20.61     1194.672     81.00425
       388    360.2422    671.9225     10373.65     398.1996  14.9602   0.0417     3.72    0.038 -75.41   0      46.24     2958.195     85.61237
       389    976.5039    672.7531     2935.529     285.7261  16.3308   0.1057     3.32    0.061   5.91   0       17.9      1113.23     79.93385
       390    938.0014    670.3157      3509.08     280.2122  16.1370   0.0867     3.70    0.265 -19.40   0      18.34     1148.305     81.08283
       391    557.7578    668.4650     9474.512     329.0601  15.0586   0.0377     9.09    0.163  49.10   0      46.57      2625.27     84.72395
       392    265.6095    667.0446      10373.1     354.3943  14.9602   0.0371     4.11    0.134  -6.71   0      49.78     3070.849     86.30359
       393    784.4000    667.2593     2495.005     238.5896  16.5073   0.1039     3.91    0.253  28.93   0      16.16     993.2493     80.22668
       394    305.6920    663.8268     7964.056     434.4472  15.2472   0.0592     4.86    0.292  53.96   0      30.28      1711.38     81.61682
       395    867.7722    663.4384     6450.138     407.5267  15.4761   0.0686     4.38    0.133  -6.19   0      24.83     1481.772     82.01221
       396    578.1927    662.8826     8953.523     357.0519  15.1200   0.0433     4.44    0.119 -19.46   0      41.71     2440.325     84.42686
       397    793.1218    664.0722     2884.611     141.0963  16.3498   0.0531     0.00    0.150  28.15   0      54.02     2405.849     83.73044
       398    491.8898    662.0530      4804.91     320.5881  15.7958   0.0725     3.88    0.099 -10.20   0      25.23     1528.308     81.31361
       399    316.1609    662.4447     4848.589      327.144  15.7860   0.0733     3.80    0.207   8.97   0      24.17      1491.27     81.62533
       400    892.8241    661.2645      3474.29     274.0835  16.1478   0.0857     4.32    0.167  25.97   0      20.05     1233.634     81.11349
       401    731.7557    661.3262     4067.448     316.0785  15.9767   0.0844     4.08    0.316  -2.07   0      20.83     1194.289      80.7942
       402    427.2035    660.7513     6693.389     410.7609  15.4359   0.0666     4.10    0.097 -52.39   0      25.95     1562.531      81.8235
       403    394.6241    660.4778     5060.112     261.2178  15.7396   0.0561     3.57    0.063 -19.54   0      28.27     1748.914     82.33957
       404    650.8607    659.5517     3015.966     311.2743  16.3014   0.1121     4.15    0.049 -68.68   0       16.2     933.1462     80.05624
       405    821.4443    655.6711     52759.67     404.3006  13.1942   0.0083     3.67    0.100 -21.50   0      199.4      15909.3     114.9623
       406    418.1430    657.8808     4250.953     268.5024  15.9288   0.0686     4.00    0.180 -28.69   0      26.39     1614.388     81.55386
       407    947.2390    656.8997     6278.206     356.5323  15.5054   0.0617     5.69    0.213  27.57   0      28.11     1429.557     80.40882
       408    791.4665    654.4086     22355.12     354.9223  14.1266   0.0172     3.78    0.107  -7.56   0      101.5     6770.114     95.19542
       409    104.8385    656.6105     3207.046     305.9367  16.2347   0.1036     4.05    0.198 -15.25   0       18.1     1005.201        80.89
       410    632.2833    653.3787     6468.819     441.3925  15.4729   0.0741     8.35    0.049  -7.75   0      23.71     1276.406     80.81593
       411    140.2157    651.7299     10812.23     359.4109  14.9152   0.0361     4.02    0.116  -8.32   0      52.64     3301.364     86.71376
       412    618.0155    650.6685     26788.49     432.6167  13.9301   0.0175    11.29    0.325  -5.80   0      109.4     7461.743       97.007
       413    593.8940    649.3028     50200.36     386.8021  13.2482   0.0084    11.84    0.257  -6.36   0      192.7     14917.98     112.5358
       414     63.4136    652.0681      3199.68     192.2439  16.2372   0.0652     3.15    0.011  73.91   0      21.73     1406.336      81.3885
       415    430.0005    651.4559     4683.225     340.9494  15.8236   0.0791     3.39    0.152  -3.94   0      20.68     1265.765     80.99501
       416    803.3364    649.9211     4917.674     358.0328  15.7706   0.0791     3.78    0.083 -46.65   3      23.04     1400.098     81.16304
       417    801.2838    645.9617     4552.938     351.8453  15.8543   0.0839     3.97    0.167  44.02   3      19.17     1077.448     80.04353
       418    162.5704    650.0502     3692.626     310.4093  16.0817   0.0913     3.43    0.141 -85.07   0      18.97     1166.379     80.92484
       419    644.1006    647.0984     32136.97     384.9257  13.7325   0.0130     3.67    0.060 -13.42   0      137.9     9979.976     101.7454
       420     17.6168    648.3926     3049.699     279.8394  16.2894   0.0997     3.93    0.282 -58.22   3      17.89     1076.247     80.46146
       421     16.4956    642.3313     8527.227     372.9969  15.1730   0.0475     4.12    0.029 -63.58   2      38.27     2311.856     83.47491
       422    315.0892    647.4858     9486.509     497.7583  15.0572   0.0570     7.89    0.567  -0.40   1       23.6     826.4481     79.54049
       423    302.8771    642.6026     105806.1     429.1733  12.4387   0.0044     3.71    0.027 -23.11   0      329.2     31892.46     143.1133
       424    839.7985    641.9213     43576.66     361.3088  13.4019   0.0090     3.69    0.081 -21.66   0        177     13925.31     110.9709
       425    956.2833    642.8705     7530.952     383.5714  15.3079   0.0553     8.69    0.239  62.45   0      36.67     2150.343     83.03401
       426    992.4298    642.1227     6383.643     408.5255  15.4873   0.0695     6.82    0.344  81.20   0      24.28     1193.015     80.79061
       427    708.2706    640.8979     12390.37     328.5047  14.7673   0.0288     5.83    0.277 -41.43   0       51.9      2506.09     83.59859
       428    489.9756    641.9973     2702.851     137.7687  16.4204   0.0554     0.00    0.022 -47.20   2      55.51     2621.713     84.91375
       429    203.7886    641.6155     8170.004     292.7616  15.2194   0.0389     3.83    0.117   8.26   0      43.05     2689.781     84.89683
       430    563.3388    639.5106     9353.492     334.0761  15.0726   0.0388     4.09    0.127  -3.99   0      46.01     2779.125     84.73758
       431    268.0250    638.7564      15127.6     336.7285  14.5506   0.0242     3.77    0.079  -8.67   0      74.05      4893.22     90.97615
       432    121.0606    638.5097     15500.73     339.4795  14.5241   0.0238     3.71    0.108 -27.82   0      76.08       5017.2      90.5415
       433     65.4912    631.9639     6767.868     262.6995  15.4239   0.0422     3.68    0.084 -28.65   0       36.8     2227.344     82.83733
       434    197.0216    631.6932     3920.375     263.4527  16.0167   0.0730     3.80    0.198  -1.67   0         23      1367.52     80.65362
       435    347.2634    626.9688     43847.66     415.8523  13.3951   0.0103    11.57    0.084 -49.98   0      166.6     12352.94     107.7024
       436    688.1763    627.9335     4332.589     248.9716  15.9081   0.0624     3.88    0.027 -61.15   0      24.53     1500.761     81.85854
       437    621.7938    628.1086     6001.599     352.7798  15.5543   0.0638     4.22    0.128 -14.96   0      29.94     1754.963     82.35626
       438    334.8128    627.2900     5743.952     399.7997  15.6020   0.0756     7.36    0.274 -56.40   1      23.17     1165.576     80.29337
       439    307.6402    626.1162     44155.55     430.0087  13.3875   0.0106     3.73    0.115 -14.16   2      161.6     11938.21     106.5067
       440    249.2443    628.5026     3130.378     276.8684  16.2610   0.0961     3.62    0.018 -33.95   0      17.62     1077.438     79.61996
       441    203.9445    628.9463     3922.241     145.6884  16.0162   0.0403     4.54    0.174  44.95   0      71.79     3567.286     87.60116
       442   1015.8290    627.8731     2500.685     243.8515  16.5049   0.1059     3.57    0.015 -63.47   0      14.93     886.8995     79.92484
       443    470.4890    626.8327     4788.287     351.9973  15.7995   0.0798     4.88    0.265 -56.29   0      20.77     1166.074     80.08395
       444     51.4910    628.0134     3352.721     351.0692  16.1865   0.1137     4.98    0.256   1.47   0      14.73     796.8513     79.24281
       445    821.1552    624.1761     10612.14     325.9781  14.9355   0.0334     3.83    0.122  -1.68   0      54.63      3590.61     87.66165
       446    777.2988    625.7133     2761.743     311.0886  16.3970   0.1223     5.47    0.396   9.26   0      14.05      723.655      78.8184
       447    602.9401    624.4935     5347.884     280.1953  15.6795   0.0569     4.06    0.120   5.06   0      28.25      1714.84     81.62646
       448     31.0618    624.8737     2214.444     184.3202  16.6368   0.0904     4.73    0.350 -79.41   0      15.59     978.3289      80.1844
       449    923.8727    620.0662     11768.22     465.4873  14.8232   0.0430     7.28    0.425 -89.44   0      42.93     2284.983     83.60419
       450    184.0782    623.7297     4489.395     281.0062  15.8695   0.0680     3.71    0.154 -18.27   0      24.32     1490.838     81.20882
       451    739.9214    623.4359     5007.331     314.0735  15.7510   0.0681     4.78    0.329 -11.66   0      23.36     1358.753     81.25552
       452      4.6412    624.1074     2170.426     217.8967  16.6586   0.1090     3.06    0.276 -14.97  16      14.17     858.3912     79.20596
       453    750.0181    621.0880     9463.238     367.8662  15.0599   0.0422     4.09    0.181 -26.66   0      46.16      2938.29     85.36169
       454    588.9995    619.7855     26080.38     356.1149  13.9592   0.0148     3.91    0.145  11.60   0      113.5     7812.078     97.65136
       455    317.9945    621.0294      12648.7     518.3077  14.7449   0.0445     3.83    0.183 -12.75   0      43.47     2023.697     83.50049
       456    432.9066    629.2112     4163.453     340.6028  15.9514   0.0888     4.80    0.266  -6.74   0      19.06     1129.848     80.61272
       457    334.9929    619.5874     9128.152     470.5269  15.0990   0.0560     7.71    0.350  27.05   0      33.98     1942.138     82.87119
       458    130.2692    620.0742     5431.767     308.9561  15.6626   0.0618     3.90    0.085 -25.64   0      29.15     1758.441     82.16035
       459    912.5234    619.1562      8733.65     425.0189  15.1470   0.0528     3.95    0.148  -0.30   0      32.95     2030.655     83.11359
       460    154.8376    611.7884     101202.4      451.747  12.4870   0.0048     5.29    0.025  84.71   0      312.5     29989.34     140.4201
       461    472.9989    615.9388     7993.662     356.4404  15.2431   0.0484     3.99    0.076 -19.21   0      39.63     2486.384     84.55076
       462    822.0798    616.5870      2784.64      316.493  16.3881   0.1234     4.57    0.252 -40.58   0      13.61     751.2389     79.53814
       463    517.3581    610.7255     97229.66     435.4191  12.5305   0.0049     3.60    0.106 -44.80   0      310.2     29851.97     139.8353
       464    892.1027    608.6622     3678.356     255.0897  16.0859   0.0753     4.06    0.133 -23.17   0      22.26      1327.84     80.75136
       465    394.7106    606.1728     38054.51      354.257  13.5490   0.0101     3.66    0.124 -12.01   0      158.8     11951.59     106.5353
       466     93.5980    605.6882     4497.182     338.3361  15.8676   0.0817     4.33    0.121 -19.58   0      22.38     1283.542     81.04488
       467     64.4634    601.5551     78661.43     402.1286  12.7606   0.0056     3.69    0.045 -19.39   0      270.5     24084.02     130.1235
       468    598.8835    602.2877     4480.271     335.8169  15.8717   0.0814     3.95    0.280 -31.79   0      20.63     1198.082     80.59538
       469    448.5982    602.2629     5847.021     332.9539  15.5827   0.0618     4.04    0.225 -25.42   0      30.43     1863.065     82.85834
       470    200.7094    601.3111     5682.511     272.8276  15.6136   0.0521     3.98    0.092  42.12   0      33.63     2151.814     83.24139
       471    322.5546    601.4745     2316.811     231.2201  16.5878   0.1084     3.14    0.018  74.95   0      16.12     1023.341     80.31188
       472    962.4272    600.1346     4545.525     240.5349  15.8560   0.0575     4.00    0.168  -7.94   0      25.56     1524.415     81.71756
       473    987.6969    599.1827     5967.602     317.4418  15.5605   0.0578     4.01    0.158   8.95   0      31.63     1848.745     81.99844
       474    412.8332    598.9604     7333.429     380.1332  15.3367   0.0563     9.04    0.451  -4.79   0      28.73     1205.392     81.03432
       475    470.4246    598.4384     5984.745      414.468  15.5574   0.0752     4.77    0.350  -6.34   0       18.6     1094.457     81.14038
       476    295.2115    607.8552     39595.28     376.0507  13.5059   0.0103     6.68    0.006  -5.87   0      161.8     12330.41     107.8118
       477    351.1024    595.4917     9837.626     316.2158  15.0178   0.0349     4.60    0.231  -9.98   0      50.04     3221.545     85.71899
       478    105.7296    595.7082     4861.589     348.4243  15.7831   0.0778     3.73    0.051 -21.60   0      22.69     1367.239     81.07098
       479     51.7086    594.6333     15612.68     385.0514  14.5163   0.0268     3.94    0.072 -47.75   3      70.82     4393.117     88.58027
       480     51.8850    585.8599     18325.72     359.4582  14.3423   0.0213     3.80    0.032 -28.34   3      82.96     5414.259     91.53275
       481    926.1080    595.0173     4012.505     272.9856  15.9915   0.0739     4.06    0.106   4.89   0      21.55      1289.88     80.43454
       482    863.5681    592.8149     32263.44     388.2798  13.7282   0.0131     3.85    0.161 -13.70   0      131.5     9357.021     101.6832
       483    170.9523    594.9243     5135.943     320.8227  15.7234   0.0678     3.59    0.040  13.34   0      26.81     1750.998     82.13976
       484    610.2870    594.5543     3396.688     307.4554  16.1724   0.0983     6.01    0.281  13.22   0      17.67     944.1378     79.66412
       485    833.0092    591.6934     9549.695     293.8307  15.0500   0.0334     4.12    0.109 -18.27   0      49.37     3108.895      86.0115
       486    580.0087    592.9881     2573.926     165.4533  16.4735   0.0698     0.00    0.020 -41.42   2      60.97     2775.603     85.12627
       487    473.4742    590.7981     7078.128     424.1327  15.3752   0.0651     4.68    0.095  11.91   3      27.71     1558.841     81.81325
       488    470.1933    587.6103     4698.839     357.8939  15.8200   0.0827     3.77    0.218 -20.80   3      21.17     1267.846     81.00085
       489    728.6349    590.0966     2171.246      265.147  16.6582   0.1326     4.94    0.271 -16.14   0      13.12     733.8835     78.63318
       490    202.4237    587.9034     7009.849     419.0834  15.3857   0.0649     8.75    0.396  52.14   0      26.64     1301.341     80.25654
       491    455.3419    586.1057     6821.593     359.2394  15.4153   0.0572     3.96    0.131 -41.02   0      33.94     2011.486     82.44827
       492    609.4765    586.4730      2392.16     245.4781  16.5530   0.1114     2.88    0.028   8.18   0      15.65     936.7281     79.64297
       493    398.2944    584.0795     7473.241     501.9164  15.3162   0.0729     8.55    0.424 -22.99   0      21.65     1167.941     80.51033
       494    784.5159    581.6777     12812.37     330.0795  14.7309   0.0280     3.82    0.201  -0.42   0      61.27     3809.427     87.26376
       495     18.5783    580.8229     36383.84     375.2328  13.5977   0.0112     5.70    0.059  18.44   0      150.1     11117.49     105.3844
       496    694.5005    579.9655     6729.741     308.5425  15.4300   0.0498     4.21    0.117  -5.33   0      35.32     2212.385     82.79627
       497    672.7432    577.0085     50085.41     364.2215  13.2507   0.0079     3.72    0.062 -30.55   0      197.6      16100.9      115.487
       498    929.7873    579.5677     2808.901     262.4921  16.3787   0.1015     4.06    0.032 -74.86   0      17.08     1016.493     80.92171
       499    806.6475    579.0743     3865.708     282.0041  16.0319   0.0792     3.55    0.123 -55.62   0      22.16     1392.289     81.14117
       500    636.6498    578.4106     7947.565     454.4101  15.2494   0.0621     4.24    0.156 -71.65   3      23.08     1272.873     81.22337
       501    636.9082    573.6316     3779.584     192.9282  16.0564   0.0554     0.00    0.207 -69.60   3       29.1     1903.627     81.94436
       502    199.8280    578.6378     4748.286     338.5047  15.8087   0.0774     3.56    0.185 -21.27   0      21.59     1304.662     81.51992
       503    837.6663    576.2430     6095.943     345.5786  15.5374   0.0616     4.55    0.197 -16.83   0      27.95     1583.241       81.881
       504    251.2150    572.6163     8149.907     335.7832  15.2221   0.0447     4.89    0.288 -43.51   0       38.7     2327.727       83.922
       505    529.4438    571.0195     7992.874     320.2112  15.2432   0.0435     4.11    0.122 -14.16   0      43.31     2688.344     85.29035
       506    309.9105    566.6985     80748.09     416.7073  12.7322   0.0056     8.81    0.067  50.54   0      276.5     24595.79     130.6266
       507    205.1809    570.0719      6260.57     415.6373  15.5085   0.0721     8.24    0.255 -58.06   0      24.65     1403.875      81.5891
       508    977.8995    569.0479       4356.4     341.9697  15.9022   0.0852     3.97    0.036   6.90   0      22.87     1325.449     80.11403
       509    844.9294    566.8044        18754     378.0607  14.3173   0.0219     4.10    0.076  -1.10   0      84.41     5694.529     92.59193
       510    653.6830    568.0139     5934.221     358.6776  15.5666   0.0656     3.83    0.114   4.73   0       28.4     1706.603      82.2227
       511    815.2996    567.1968     2590.761     212.4479  16.4664   0.0891     4.23    0.069 -58.23   0      16.56     1019.473     80.30094
       512    738.5249    564.0259       4871.4     332.2873  15.7809   0.0741     3.19    0.027 -81.87   2      23.02     1402.118     81.37672
       513    414.3694    563.3137     3121.498     269.1198  16.2641   0.0936     4.61    0.156   2.73   0      17.91       1009.2     80.06097
       514    685.5342    562.6119     2601.279     280.9832  16.4620   0.1173     4.31    0.166 -18.54   0      14.31     815.2814     79.72092
       515    473.0591    562.1735     4507.868     353.0155  15.8651   0.0850     4.85    0.312  37.90   0      18.13     1051.009     80.60017
       516    267.9408    562.1671     2511.709     247.3038  16.5001   0.1069     3.40    0.213 -62.05   0      15.09       928.53     80.04313
       517    122.4842    560.7715      3464.14     315.6443  16.1510   0.0990     3.35    0.057 -26.67   0      17.84      1106.52     80.33676
       518    998.5504    559.4869     2885.304     278.1906  16.3495   0.1047     3.22    0.034  -2.52   0      15.85     935.8056     79.64034
       519    645.6858    557.9299     10936.08     347.5332  14.9028   0.0345     3.84    0.082 -31.68   0       54.3     3413.464     86.42218
       520    397.6279    559.5900     3318.286     222.9156  16.1977   0.0730     5.77    0.446 -30.56   0      25.79     1772.345     82.60912
       521     36.2340    558.6923     7378.005      392.199  15.3302   0.0577     7.66    0.446  -9.92   0       30.5     1492.955     80.79733
       522    951.2108    556.1933     3697.903     326.3436  16.0801   0.0958     4.16    0.105  -1.64   0      18.18     1062.238     80.42188
       523    289.4010    555.0240     17233.71     358.7671  14.4091   0.0226     3.80    0.119 -10.92   0      81.21     5339.008     91.71513
       524    887.9901    553.0948     7794.038     461.7156  15.2706   0.0643     8.95    0.615 -13.50   0      24.38     1274.072     81.01832
       525    450.0013    553.1584     4707.778     334.7104  15.8180   0.0772     3.62    0.098 -15.54   0      23.07     1411.447     81.81709
       526     92.5341    552.7087     5704.774     313.2314  15.6094   0.0596     4.02    0.075  14.10   0      31.05     1896.492     82.33627
       527   1008.0804    551.9138     7515.345     319.8721  15.3101   0.0462     4.08    0.208   4.59   0      38.38     2369.835     83.63263
       528    654.6991    551.9677     12525.88     519.8824  14.7555   0.0451     4.43    0.103 -66.44   2      38.44     1784.037       81.612
       529    656.3983    545.6331     10163.83     468.3272  14.9824   0.0500     4.31    0.325 -50.73   3      32.96     1114.317     80.98751
       530    480.1027    552.1437     5727.742     354.9926  15.6050   0.0673     3.76    0.142 -19.86   0      26.59     1611.702     81.54637
       531    986.1877    548.4858     3628.906     335.2402  16.1006   0.1003     4.02    0.222 -88.02   0      15.53      804.868     79.47881
       532    265.7231    546.9995     8466.477     349.5608  15.1807   0.0448     4.08    0.076 -52.41   3      41.87     2643.323     84.77237
       533    266.7820    539.8759     8908.579     332.5045  15.1255   0.0405     4.00    0.071 -47.03   3      45.14     2778.096     85.13293
       534    308.4602    546.4273      4704.41     329.6184  15.8187   0.0761     4.56    0.134 -49.93   0      23.96     1319.684     81.35424
       535    255.3462    546.8520     3711.317     330.2154  16.0762   0.0966     4.70    0.119  48.14   0      17.67      1001.92     80.67148
       536    166.8448    546.5701      2833.75     264.1188  16.3691   0.1012     3.14    0.112 -78.60   0      16.75     1045.376     80.79382
       537    864.8575    544.9772     2733.819     257.5501  16.4081   0.1023     2.85    0.175  -6.87   0      16.77     1079.554      80.4708
       538    528.4528    544.7131     3425.957     249.8401  16.1630   0.0792     4.59    0.174  11.94   0       18.4     1071.326     80.02615
       539    125.9810    543.3660     8629.781     339.8595  15.1600   0.0428     7.70    0.152  27.88   0      42.54     2609.969     85.27972
       540    946.7659    540.8744     14123.47     383.0696  14.6251   0.0295     4.87    0.174  55.70   0      59.49     3303.246     86.52352
       541    222.2302    541.9043     4217.576     266.8952  15.9373   0.0687     3.93    0.049 -75.39   0      23.71     1391.666     80.51192
       542     33.2941    539.8868     51411.12     379.8013  13.2224   0.0080     4.04    0.068 -16.17   0      196.2     15479.32     113.9609
       543    416.0976    541.7000     4687.821     165.8021  15.8226   0.0384     0.00    0.293 -70.78   0      70.59      3870.35     87.03465
       544    141.1739    540.5269     3428.615     261.4163  16.1622   0.0828     3.87    0.178   2.05   0      20.73     1261.126     80.98199
       545    754.9691    537.4954     3558.947     302.0286  16.1217   0.0922     4.29    0.167  -2.14   0      19.45     1129.934     79.76966
       546    643.6533    533.5669     10929.28     405.8728  14.9035   0.0403    11.16    0.274 -83.73   0      42.28     2381.885      84.2694
       547    994.4048    533.8474     16002.72     368.4591  14.4895   0.0250     3.87    0.088   1.46   0      76.01     4936.795     90.71297
       548    788.6648    533.7658     181879.1     570.3317  11.8505   0.0034     5.20    0.199  76.97   0      441.7     40578.37     156.2996
       549    121.4135    530.4886     54953.05     374.0879  13.1500   0.0074     3.67    0.066 -17.75   0      210.3     16973.91     116.7589
       550    624.2474    529.8988     21342.66     388.4187  14.1769   0.0198     4.06    0.159 -81.53   0      91.11     5851.914     92.24725
       551    380.7160    529.5222     20810.19     351.5351  14.2043   0.0183     3.63    0.083 -21.17   0       95.3     6382.447     93.72576
       552    572.0787    527.0851     12245.41     461.1602  14.7801   0.0409     6.33    0.324 -84.45   0      45.12      2244.18     83.29046
       553    671.9358    528.2013     8203.516     157.6762  15.2150   0.0209     0.00    0.204 -73.35   0      107.2     7256.925     96.52595
       554    478.0798    526.4633     28842.48      455.558  13.8499   0.0172     4.17    0.201 -62.09   0      110.2     7115.047     95.83916
       555    700.3470    525.7686     8290.012     289.9539  15.2036   0.0380     8.49    0.189 -73.75   0      44.29     2522.292     84.44727
       556   1015.8870    525.0781     5412.588     248.2588  15.6665   0.0498     3.63    0.142 -28.62  16      31.37     1963.901     82.52213
       557    987.9377    524.4678      8793.76     456.6879  15.1396   0.0564     6.27    0.279 -73.24   0      30.34     1571.235     81.84767
       558    952.5831    525.7664     2461.506     270.1311  16.5220   0.1192     3.50    0.243  31.18   0      14.74     914.1558     80.63378
       559    420.0970    521.9999     4553.397     316.4277  15.8542   0.0755     3.53    0.046 -14.43   0      24.24     1552.654     81.79606
       560    356.4695    520.8635     3015.772     312.6291  16.3015   0.1126     5.78    0.161  15.25   0      15.75     832.9692     79.55912
       561    230.3315    508.0445      1042534     837.9227   9.9548   0.0009     3.69    0.112  -1.07   0       1238     311913.5     384.4005
       562    893.3834    516.6203     18007.06     400.4273  14.3614   0.0241     4.98    0.249  30.42   0       73.7     4291.986     89.46156
       563    858.6275    517.5927      3211.45      301.767  16.2332   0.1020     3.90    0.139  45.43   0         17     994.0325     80.43935
       564     84.3669    524.4324     4518.992     329.4905  15.8624   0.0792     3.72    0.226  -8.36   0      22.72     1388.888     81.75439
       565    317.9615    515.3754      5172.74     357.0128  15.7157   0.0750     8.18    0.553 -52.26   0      21.73     1009.511     80.90211
       566    500.4755    514.8313     2277.184      199.799  16.6065   0.0953     4.56    0.144   9.22   0      15.56     961.9686     80.13802
       567    797.5578    512.9756     4637.997     361.3812  15.8342   0.0846     4.21    0.094 -28.49   0      20.02     1067.933     80.85724
       568    649.1769    513.5047     2147.054     217.8723  16.6704   0.1102     3.96    0.206 -89.64   0      14.47     880.7469     79.27008
       569    771.0818    508.0934     83549.53     470.5431  12.6951   0.0061     4.35    0.207 -46.22   0      267.2     22246.05     126.7394
       570    475.5074    510.0720     8350.176     348.2737  15.1958   0.0453     3.96    0.074 -50.96   0      40.77     2460.072     83.87749
       571      6.7851    509.9888     5476.251      326.287  15.6538   0.0647     4.20    0.172   0.36  16      27.25     1711.842     82.23718
       572    700.7682    509.8009     3527.219     306.1745  16.1314   0.0943     3.41    0.165   7.38   0      18.46     1124.671     81.01656
       573    676.2518    507.6185     12493.87     281.4633  14.7583   0.0245     3.58    0.099 -12.33   0      65.66     4303.614     89.30199
       574    808.0266    508.5072     9411.683     485.6901  15.0658   0.0560     4.42    0.107  22.37   2      31.19     1324.799     80.53314
       575    437.2496    538.6139     12439.32     382.0692  14.7630   0.0334     5.03    0.075 -27.43   0       56.4     3558.286     87.38454
       576    315.9156    504.7039     8403.895     380.7727  15.1888   0.0492     4.24    0.095  15.00   0      41.27     2437.446     83.81616
       577    624.5539    505.0625     3498.677     221.1969  16.1402   0.0687     4.70    0.062  -5.56   0      20.45     1193.731     80.79263
       578    115.7242    503.5473     8938.321     476.6828  15.1219   0.0579    10.81    0.427  25.47   0       29.2     947.9816     79.88699
       579    738.1982    505.0197     2629.985     279.4983  16.4501   0.1154     3.10    0.190   3.89   0      14.04     891.3292     79.93744
       580    698.3289    503.5954      6864.34     438.7153  15.4085   0.0694     4.62    0.184 -16.14   0      21.89     1179.004     80.75119
       581    347.6794    500.8235     7460.146     310.4445  15.3181   0.0452     8.42    0.114 -86.96   0      39.42     2287.989     83.81431
       582    854.2573    501.6470     3661.681     341.5077  16.0908   0.1013     4.38    0.228 -24.29   0      15.99     904.6924     80.18653
       583    507.3903    500.9381     6953.896     350.9927  15.3944   0.0548     8.08    0.277 -12.90   0      32.84     2018.551     83.28373
       584    457.7103    500.5498     3493.188     281.7037  16.1419   0.0876     4.10    0.269 -11.93   0         20     1188.666      80.3587
       585    304.0332    504.7118     23518.51     353.2818  14.0715   0.0163     0.00    0.376 -14.96   0      104.4     4329.228      88.7978
       586    171.3166    496.8348     18454.39     354.8062  14.3348   0.0209     3.66    0.081 -13.76   0       85.6     5698.005     92.41771
       587    287.7790    495.0013     11165.71     425.3249  14.8803   0.0414     4.41    0.164  69.71   0      48.02     2983.536     85.67962
       588     80.5153    496.4782     2690.586       252.54  16.4254   0.1019     3.41    0.217 -43.93   0      17.51      1059.57     79.78113
       589     63.8456    494.1538     22839.93     448.8022  14.1033   0.0213    11.11    0.229  22.82   0       90.7     5958.948     93.41985
       590    476.6583    494.6927     4732.808     265.7479  15.8122   0.0610     4.27    0.178  68.31   0      27.25     1658.202     81.67587
       591    959.8752    493.5515     6856.351     353.3301  15.4098   0.0560     6.78    0.276 -46.22   2      34.42     2186.831     83.33694
       592    214.8149    493.6113     12680.05       190.25  14.7422   0.0163     0.00    0.391  66.36   0      135.3     10632.14     104.0079
       593    826.3604    490.9606     4023.381     342.9828  15.9885   0.0926     4.73    0.255 -15.34   0      18.89     1055.781     80.40363
       594    938.1203    488.4079     15883.92      360.265  14.4976   0.0246    10.00    0.234 -23.46   0      72.65     4606.648       89.882
       595    183.7508    489.3543     6153.607     376.0706  15.5272   0.0664     3.76    0.189   1.80   0      27.94     1695.694     82.39798
       596    447.1007    486.7633     4271.348     295.4971  15.9236   0.0751     4.01    0.089 -13.19   0      24.01     1393.369     80.51672
       597    393.1432    485.0971     7213.075     450.3037  15.3547   0.0678     6.00    0.396 -47.28   2      23.21     1105.199     80.12229
       598    587.9982    485.7751     3108.842     288.8059  16.2685   0.1009     4.33    0.179 -87.76   0      15.36     867.3748      80.0807
       599    736.1140    480.8120     13054.78     361.9957  14.7106   0.0301     4.04    0.060  21.86   2       54.8     3356.321     86.46752
       600    280.5684    483.6249     8984.633      420.153  15.1162   0.0508     4.10    0.079 -15.36   0      36.18     2190.397     83.95299
       601    576.9819    480.7199     2996.269     307.1592  16.3085   0.1113     5.99    0.293  -0.90   0      15.64      874.759     80.10165
       602   1013.1680    478.3677     3610.034     280.2941  16.1062   0.0843     4.31    0.200 -16.28   0      18.25     1068.312     80.85831
       603    616.5815    476.2741     6879.659     441.6039  15.4061   0.0697     8.31    0.439  59.60   0      24.08     1254.753     81.17265
       604    664.3334    474.5936       5625.8      243.297  15.6245   0.0470     2.94    0.133 -11.45   0      33.03     2185.623     83.53627
       605    298.5018    475.3905     6735.394     399.3058  15.4291   0.0644     8.88    0.476  10.51   0      27.94      1500.75     81.65172
       606    832.9323    474.4309      3589.17     292.0921  16.1125   0.0884     4.29    0.197  -3.28   0      19.13     1159.518     80.69633
       607    978.6494    471.8555     3961.097     205.8536  16.0055   0.0564     3.47    0.135 -27.71   0      24.51     1526.687     81.93049
       608    336.5625    466.6565     28110.69     503.6794  13.8778   0.0195     4.37    0.372 -38.61   0      103.9     6785.428     95.23197
       609    698.6173    469.5371     5465.112     292.1048  15.6560   0.0580     4.13    0.161 -19.76   0      27.98     1721.081     82.26271
       610    850.2466    466.6859     30179.52     334.3273  13.8007   0.0120     3.71    0.041  -6.24   0      132.9     9587.407     101.3663
       611    131.7265    466.6002     25492.42     337.4475  13.9840   0.0144     3.73    0.091  -8.47   3      113.4     7779.613     97.57578
       612    130.6063    458.3309     13895.37     417.7728  14.6428   0.0327     3.99    0.145 -32.12   3      56.51     3543.842     87.15321
       613     85.4388    466.5495     22855.15     396.8297  14.1025   0.0189     6.37    0.152 -37.87   0       98.9     6595.062     94.95479
       614      3.9852    467.1360     6443.373     321.7476  15.4772   0.0542     4.92    0.281  -4.40  24      30.04     1699.874      82.2041
       615    376.8152    466.3894     4791.208     385.2501  15.7989   0.0873     6.29    0.247  41.37   0      16.41     821.5352     79.73875
       616    253.6791    461.5956     187456.5     479.3294  11.8177   0.0028     3.69    0.078 -17.65   2      453.7      51141.8     171.0699
       617     20.7907    466.0266      7004.07     416.0437  15.3866   0.0645     4.49    0.210 -29.41   0       25.6     1460.517     81.74673
       618    189.1820    464.1670     3347.324     198.8989  16.1883   0.0645     3.59    0.128 -36.65   0       22.7     1476.017     81.99625
       619    162.2917    463.8487     5267.015     322.2299  15.6961   0.0664     4.16    0.186 -16.47   0      26.09     1561.307     81.40579
       620    495.9578    463.8944      4184.74     283.7545  15.9458   0.0736     4.00    0.083  33.88   0      23.02     1341.018      80.5789
       621    980.2359    460.3405     6185.526     310.8726  15.5216   0.0546     3.99    0.063 -49.29   0      31.75      1940.18     82.86581
       622    797.5782    461.2377     5998.607     308.0035  15.5549   0.0558     3.60    0.218 -24.09   0      31.08      1967.76     83.55069
       623    599.5540    460.0938     3346.049     311.5152  16.1887   0.1011     6.52    0.642 -39.56   0      13.88      625.175     78.53392
       624    522.0020    458.0083     8921.773      147.672  15.1239   0.0180     0.00    0.003 -44.08   3      123.9     8641.411     99.56284
       625    518.7294    458.2658     6431.626     274.9922  15.4792   0.0464     9.09    0.642 -37.77   2      30.47     2070.663     83.01952
       626    211.9853    456.4313     8663.899     256.2153  15.1557   0.0321     8.22    0.062 -66.07   0      51.19     3436.441     87.26103
       627    865.7222    454.7898     7023.514     200.9638  15.3836   0.0311     3.16    0.385  -2.82   0      65.55     4554.225     89.74935
       628    119.6899    452.6552     6003.222     331.7891  15.5540   0.0600     4.02    0.104 -37.32   0      32.27      1913.56     82.38336
       629    953.9583    452.4971      3129.51     259.5327  16.2613   0.0901     3.62    0.169   1.69   0      18.37     1123.253     79.75063
       630    653.1992    449.6840     10983.51     351.1935  14.8981   0.0347     4.53    0.182  51.10   0       46.1     2779.818     85.53375
       631    570.1349    451.4416     3693.687      228.906  16.0814   0.0673     4.57    0.131  74.34   0      20.38     1147.752     80.66319
       632    414.5819    452.2094     5852.821     398.8032  15.5816   0.0740     3.98    0.054 -69.44   0      22.74     1391.242     81.34634
       633    616.9933    451.5419     3351.178     228.5657  16.1870   0.0741     3.32    0.138  -0.79   0      20.42     1296.238     81.28872
       634    591.2553    449.9562     7532.282     415.3157  15.3077   0.0599     4.62    0.116  34.94   0      31.02     1745.936     82.53644
       635     21.1239    448.1505     24858.51     460.0428  14.0113   0.0201     8.77    0.467 -36.04   2      77.27     3365.549     86.49177
       636    674.4969    450.5050     2379.811     220.0443  16.5586   0.1004     5.49    0.059   2.89   0      14.38     815.0128     79.29488
       637    487.1781    450.1952     2228.053     263.5971  16.6302   0.1285     3.59    0.032 -37.24   0       14.4     842.8633     79.79952
       638     65.5675    447.9210     6091.894     415.5451  15.5381   0.0741     4.48    0.257   4.24   2      21.29      1284.84     81.04852
       639    380.4551    449.3417     3183.948      257.947  16.2426   0.0880     3.91    0.160  21.89   0       19.5     1153.165     81.09645
       640    155.5540    449.2902      4450.03     288.3976  15.8791   0.0704     3.72    0.157  -0.03   0      25.19     1531.372     81.32217
       641    603.8648    445.9313     11131.31     505.2459  14.8836   0.0493     8.40    0.433  46.16   0      37.57     1510.991     81.47298
       642    413.8858    437.7204     165684.9     482.2243  11.9518   0.0032     3.81    0.129 -51.14   0      440.8     49883.34     169.0901
       643    941.9608    441.9437     4846.726     279.7885  15.7864   0.0627     4.59    0.109  -1.11   0      26.82     1637.529     82.03156
       644    987.4681    441.6821     5453.636     397.5138  15.6583   0.0792     4.49    0.203 -22.18   0      19.61     1123.959     80.17548
       645    115.5817    440.9425     3555.855     272.6051  16.1226   0.0833     4.79    0.159  -9.32   0      21.32     1278.898     81.03185
       646    996.4775    437.4307     6820.182     411.8586  15.4155   0.0656     3.66    0.071 -27.59   2      26.39     1570.506     81.84565
       647    790.6003    433.4520      10130.1     365.9755  14.9860   0.0392     5.08    0.289  20.51   0      44.75     2574.219      84.5869
       648    624.3289    431.0007     4889.834     396.1258  15.7768   0.0880     7.20    0.207  60.51   0      19.16     907.8494     79.98439
       649    716.3569    428.3734     26361.12     351.5169  13.9476   0.0145     3.62    0.086 -10.72   0      118.6     8468.145     99.50691
       650     92.4267    428.9738     4156.224      338.107  15.9533   0.0883     4.76    0.180 -10.41   0      21.11     1208.397      81.2511
       651    927.4500    427.1667     3457.267     287.6142  16.1532   0.0903     3.35    0.110 -71.32   0      18.67     1140.668     80.64322
       652    803.7288    425.4901      6079.48     279.2787  15.5403   0.0499     4.04    0.100 -31.43   0      32.73     1910.532     82.57999
       653    170.2878    425.2631     8234.602     334.5797  15.2109   0.0441     4.22    0.129  -9.75   0      41.73     2582.341     84.20814
       654    476.2354    423.8354     13368.83     314.7405  14.6848   0.0256     3.71    0.077  -9.63   0      66.35     4342.452     89.58968
       655     35.2319    425.1875     5207.728     362.9058  15.7084   0.0757     7.28    0.378 -46.69   0      22.04     1274.276      81.6425
       656    685.8617    424.3040     3503.229     327.5011  16.1388   0.1015     6.33    0.316  13.63   0      17.17     942.2276     79.65867
       657    274.2114    423.7399     3263.815     272.3615  16.2157   0.0906     3.99    0.189 -27.71   0      18.02     1081.474     80.68604
       658    439.6878    418.2890      79020.2     413.7257  12.7557   0.0057    10.07    0.113 -50.76   0      266.2     23292.39      128.602
       659    124.0231    421.5080     3050.579     256.1849  16.2890   0.0912     4.88    0.178  -1.46   0      18.04     1046.976     79.74524
       660    885.8711    419.0604     11898.72     498.8585  14.8112   0.0455     1.26    0.122 -70.80   2      51.93     1524.831     81.71872
       661    485.5064    420.0465     3550.039     300.6192  16.1244   0.0920     3.85    0.265  -1.76   0      16.99     959.9699     79.49689
       662    329.5789    416.8379     31971.08     389.1961  13.7381   0.0132    11.07    0.176 -23.56   0        129     8775.307     100.3746
       663    909.8503    416.5898     5839.187     375.8805  15.5841   0.0699     3.68    0.062   3.87   0      25.08     1560.803     82.02507
       664    580.0936    413.8436      5249.26      407.894  15.6998   0.0844     7.66    0.401  16.28   0      20.31     878.8341      79.2646
       665    874.3220    411.9290        14611     318.3031  14.5883   0.0237     3.79    0.080  -2.64   0      70.56     4471.542      89.1613
       666    230.9951    424.4008     18885.09     334.2346  14.3097   0.0192     3.78    0.118 -26.97   0      89.53     6001.397     93.34212
       667    549.2537    410.7536     15245.53     327.9062  14.5421   0.0234     7.70    0.005  29.09   0      75.48     4960.314     90.95793
       668     18.2492    412.3207     3842.118     318.5809  16.0386   0.0900     4.67    0.140 -24.67   0      19.09     1079.441     80.04919
       669    830.1771    408.2731     6992.841     341.2492  15.3884   0.0530     4.06    0.221  26.63   2       29.6     1783.799     82.64063
       670    698.3313    410.6075     8121.061     326.8334  15.2260   0.0437     4.19    0.121 -10.70   0      40.18     2399.286     84.11556
       671    618.7946    408.2858     8309.765     400.2009  15.2010   0.0523     7.95    0.320 -52.77   0      32.22     1430.074     81.66205
       672    222.1784    408.5157     7126.216     353.5036  15.3679   0.0539     4.55    0.087  86.89   0      33.66     1831.625     82.15702
       673    212.6254    409.6976     4309.819     366.9792  15.9139   0.0925     5.64    0.359 -18.85   0      18.44     948.1946     79.25018
       674   1019.5495    399.4603     140887.7      432.962  12.1278   0.0033     3.72    0.026  87.36  24      400.5     42894.13     159.6314
       675    144.9916    397.2971     99113.42     532.3823  12.5097   0.0058    11.13    0.303  24.16   0        281     21696.66     125.8847
       676    328.6834    401.7459     2808.928     244.1386  16.3786   0.0944     4.80    0.194 -32.28   0      16.91     953.2863     79.69022
       677    221.3627    398.1420     7635.503     327.7875  15.2929   0.0466     4.00    0.106  -6.48   0      39.53     2424.195     84.18284
       678    454.8243    394.2569     49201.43     381.8122  13.2701   0.0084     3.65    0.075 -12.24   0        192      15349.3     113.8499
       679    642.5811    394.0717      18685.6     353.7615  14.3212   0.0206     3.62    0.116 -12.18   0       89.1       6137.5     93.85323
       680    120.9850    392.9995     15764.11     321.7633  14.5058   0.0222     3.91    0.185 -11.90   0       74.3     4947.575     90.73997
       681    480.7448    388.4067     12933.63     377.9157  14.7207   0.0317     3.81    0.078  -9.33   0      59.36     3769.109     87.93115
       682   1003.5121    387.1445     2995.331     298.7883  16.3089   0.1083     5.46    0.146 -12.13   0       15.9     913.9907     79.57806
       683    902.7629    387.2127      3730.01     161.8939  16.0707   0.0471     0.00    0.335 -39.32   0      55.43     2884.594     86.00849
       684    105.6285    385.4338     13919.46     325.6907  14.6409   0.0254     3.66    0.161  -6.93   0      67.11     4362.625     89.64085
       685    820.0196    385.0073     6344.749     375.0608  15.4940   0.0642     3.62    0.097  -3.13   0      28.02     1778.048     82.41994
       686    464.3176    383.5262     11675.64     403.1576  14.8318   0.0375     3.78    0.102 -32.48   0      52.77     3275.406     85.86167
       687    166.1277    384.7793     9850.151     291.1743  15.0164   0.0321     4.10    0.160 -14.74   0      52.35     3290.411      86.4898
       688    797.2143    383.6239     3761.135      283.415  16.0617   0.0818     3.54    0.182  14.19   0      20.82     1282.528     81.25037
       689    559.9389    383.4191     3695.105     328.9218  16.0809   0.0967     6.16    0.349 -25.03   0      16.84     992.9385      80.2258
       690    343.7759    383.0090     3525.062     318.3546  16.1321   0.0981     6.17    0.422 -41.13   0      18.13     1182.938     80.97133
       691    140.1085    381.9601     11187.72     379.1006  14.8781   0.0368     3.86    0.108 -31.23   0      50.17     3090.864      85.3718
       692    130.7355    382.8556     6875.357     392.9846  15.4068   0.0621     4.33    0.193 -13.71   1       27.5      1651.78     82.27676
       693      8.0792    381.4198     6095.262     414.5286  15.5375   0.0739     6.25    0.219 -48.20  18      24.01     1167.256      80.9273
       694      2.1933    382.2436     3867.919      243.392  16.0313   0.0683     4.31    0.258 -86.28  27      23.05     1396.539     81.77567
       695    957.8823    378.7020     37738.54     369.2473  13.5580   0.0106     3.68    0.068   0.71   0      157.4     11676.47      105.787
       696    754.4145    380.9092     5280.754     332.5671  15.6933   0.0684     3.88    0.176  -5.45   0      27.34     1662.647     81.68823
       697    325.4004    380.9225     7024.232      432.003  15.3835   0.0668     5.68    0.231 -20.10   0      24.12     1378.013     81.30936
       698    865.7151    379.5460     5772.137      366.733  15.5967   0.0690     6.69    0.273 -55.25   0      27.07      1381.26     80.90157
       699    626.7624    379.9230      3590.14     248.2929  16.1122   0.0751     3.77    0.014 -33.75   0      20.62     1240.012     80.92271
       700     30.3144    377.9081     15804.85     332.1335  14.5030   0.0228     3.92    0.097 -24.97   0      73.97     4727.907     90.00044
       701    656.1332    373.9457      23824.1     384.4092  14.0575   0.0175     5.20    0.122   6.60   0      106.1     7499.903     96.92209
       702    399.1573    375.5625     5193.458      273.967  15.7114   0.0573     3.81    0.065 -44.75   0      28.18     1731.592     82.49693
       703    916.3246    375.6768     3381.257     316.9211  16.1773   0.1018     3.05    0.118 -48.58   0      16.61     999.2192     79.60902
       704     90.5519    374.9055     5817.183     239.9787  15.5882   0.0448     3.99    0.151  -7.95   0      33.97     2081.179     82.64016
       705    976.6137    369.9954     9379.743     302.2104  15.0695   0.0350     3.97    0.088   4.95   0      49.58     3085.161     85.94876
       706    230.4709    369.3718      2664.67     262.3672  16.4359   0.1069     3.94    0.152 -20.10   0      14.72     837.9903     79.78564
       707    488.7664    362.6140     232895.4     511.2728  11.5821   0.0024     3.70    0.093 -20.24   0      541.9     71290.37     196.1912
       708    370.2351    364.5796      94941.9     418.3597  12.5564   0.0048     3.71    0.084 -16.59   0      307.7     29240.38     139.2026
       709    545.8200    364.2517     41884.61     368.3642  13.4449   0.0096     3.70    0.058  11.93   0      167.5      12804.5     108.8066
       710    340.2678    366.1966     11315.49     375.8183  14.8658   0.0361     3.77    0.076 -12.79   0      52.63     3354.798     86.65883
       711    178.2843    358.1641     39432.86     432.4204  13.5104   0.0119     3.72    0.233 -60.25   2      154.2     11432.69     105.5827
       712    955.1091    364.4662     3013.872     257.7971  16.3022   0.0929     4.26    0.183   0.17   0      17.65     1031.564     79.91315
       713    877.9536    361.9421     9631.421     440.1465  15.0408   0.0496     8.14    0.352   9.51   0      34.94     1454.069     81.52168
       714      5.6637    362.0743     12880.62     299.2343  14.7252   0.0252     3.94    0.147 -18.97  16      64.09     4103.302     88.60012
       715    746.2126    360.9888     12645.03     491.5192  14.7452   0.0422    12.12    0.541   9.70   0      43.24      2094.97     83.28928
       716    673.2609    362.0030     7466.362     326.3778  15.3172   0.0475     3.83    0.212  -8.14   0         38     2337.012     84.14829
       717    773.4634    361.4899     2792.768     262.4781  16.3849   0.1021     3.18    0.018   4.31   0      16.14      1001.94     79.82885
       718    661.0870    361.7842     3334.506      310.147  16.1924   0.1010     3.30    0.230 -60.45   0      14.76      820.478     79.52343
       719    256.4245    360.0663     10765.93      355.836  14.9199   0.0359     4.07    0.091 -57.88   3      51.83     3175.965     86.38447
       720    262.7829    355.7987     22029.98     432.0704  14.1425   0.0213     3.83    0.150 -22.44   3      92.16     6092.859     93.56455
       721    849.4490    357.7645     5580.974     344.0134  15.6332   0.0669     3.77    0.139   0.22   0       25.8     1536.607     81.75146
       722    646.0510    355.4376     15917.68     442.4262  14.4953   0.0302     3.82    0.123 -12.21   0         65     4236.628     88.94147
       723    974.3624    351.5792     30451.47     342.0091  13.7910   0.0122     3.71    0.136 -10.42   0      133.2     9654.799     102.3466
       724     92.2069    352.2521      25472.7     366.2642  13.9848   0.0156     3.85    0.067 -14.33   0      111.7     7617.535     97.37132
       725    426.0487    351.4311     7415.244     283.3627  15.3247   0.0415     4.16    0.167   0.11   0      40.88     2616.068     85.09753
       726    599.0770    350.1817     8319.294     391.6664  15.1998   0.0511     5.46    0.218 -61.29   3      35.04     2057.021     83.38865
       727    602.4892    347.4726     5881.573     306.5414  15.5763   0.0566     4.65    0.067  87.00   3      28.95     1655.442     81.66817
       728    147.8530    350.5635        14095     333.5058  14.6273   0.0257     4.10    0.136   1.72   2       67.3     4299.389     89.10169
       729    144.6960    343.8249      7168.58     357.0995  15.3614   0.0541     4.40    0.014  73.71   3       34.5     1966.142     82.11756
       730    868.0201    347.5366     12293.43     416.9004  14.7758   0.0368     4.12    0.055  60.84   0      50.29     3100.624     85.98964
       731    623.1221    349.2080     4424.498     299.8734  15.8853   0.0736     3.61    0.081 -24.56   0      24.13     1467.048     81.55785
       732    582.7579    349.3914     2319.057     199.8467  16.5867   0.0936     3.01    0.213 -58.33   0      14.84     927.0088     80.67001
       733    687.2010    347.3585      3937.79     292.3633  16.0119   0.0806     3.50    0.189 -10.71   0      20.69     1258.772     81.39188
       734    234.4454    339.0336       114682     493.9789  12.3513   0.0047     3.69    0.280  44.91   2      330.7     32073.88      143.519
       735    455.4678    344.0003     4976.523     276.8572  15.7577   0.0604     4.59    0.158  -8.95   0      28.02     1703.853     82.62534
       736     63.8008    343.9917     2496.051     274.8135  16.5069   0.1196     4.40    0.184  -1.03   0      13.82     774.2365     79.60383
       737     15.6038    342.2272     8692.378      358.068  15.1522   0.0447     4.14    0.168  -9.55   3      41.65     2516.439     84.83104
       738      9.0302    340.7793     6471.084     332.1094  15.4726   0.0557     7.63    0.157  88.85  19      32.42      2184.25     83.93635
       739    417.4520    341.4016     2307.251     221.8824  16.5923   0.1044     5.10    0.327 -38.69   0      14.85     863.8117     79.85916
       740     30.1749    338.8979      16854.1     335.3807  14.4332   0.0216     3.72    0.133 -14.27   0      79.99     5274.167     90.81268
       741    567.7024    337.9261     12369.11      352.089  14.7692   0.0309     3.88    0.109 -15.55   0       61.8     3987.384     87.72601
       742    382.4669    345.7364      2903.09     272.0604  16.3428   0.1018     4.06    0.067 -13.05   0      17.41     1061.081     80.20811
       743    535.8520    337.7459     3077.396     323.3071  16.2795   0.1141     5.05    0.448  -4.86   0      14.92      807.481     80.12182
       744    817.7593    335.0731     14332.77     322.0657  14.6092   0.0244     3.72    0.098  -6.13   0      70.18     4593.899     89.84976
       745    261.1346    332.9734     26253.33     375.8548  13.9520   0.0155     3.84    0.063 -18.49   0      113.7     7837.917     97.53831
       746    948.6240    333.5430     3506.448     254.9365  16.1378   0.0790     3.78    0.107  13.09   0      21.07     1267.947     81.00113
       747     99.5414    331.4877     4844.198     282.7915  15.7869   0.0634     3.40    0.153 -12.59   0      27.04      1686.14     81.75356
       748    518.3275    325.1593     7050.053     326.0878  15.3795   0.0502     9.92    0.250 -25.90   0       31.5     1485.296     81.60869
       749    827.0671    325.1702     12766.56     332.5993  14.7348   0.0283     3.93    0.083  -2.79   0      61.42     3905.437      88.0911
       750     18.4898    326.3756     3159.365     264.3988  16.2510   0.0909     3.87    0.126 -40.82   0      18.06     1046.923     79.74509
       751    675.5087    323.8393     6718.675     414.8702  15.4318   0.0671     4.72    0.185 -21.06   0      28.37     1608.639     81.53783
       752    390.6809    324.6764     2875.397     317.8905  16.3533   0.1201     4.41    0.132  85.64   3      14.71     788.0106     79.00375
       753    393.7007    321.9715     3611.502     348.8217  16.1058   0.1049     4.26    0.282 -66.94   2      17.47     970.4224      79.3139
       754    381.6426    322.4860     19111.79     392.5324  14.2967   0.0223     3.74    0.054  83.20   2      82.04     5316.074     91.28864
       755    739.2804    319.8984     4432.104     157.6012  15.8835   0.0386     5.12    0.162 -27.97   0      58.59     3329.938      86.0059
       756    973.6798    314.9545     24040.31     359.5438  14.0477   0.0162     3.82    0.162 -16.36   0        107     7288.589       96.074
       757    454.2576    317.7233     3693.778     199.2944  16.0813   0.0586     4.26    0.252 -17.04   0      23.86     1478.063     81.38107
       758     17.7947    317.9953     2259.112     260.3976  16.6152   0.1252     3.65    0.195   0.94   0      13.84     858.9206     79.84524
       759    894.0228    315.9993     3705.626     277.3402  16.0778   0.0813     3.87    0.042  16.72   0      22.16     1369.988     81.28693
       760    188.1385    313.6053     11842.55     337.0216  14.8164   0.0309     3.90    0.172 -27.44   0      57.67      3654.49      87.6344
       761    932.8265    315.0032     2167.758     209.9917  16.6600   0.1052     4.55    0.212  -2.90   0       14.1      858.614     80.05583
       762    607.7725    312.5729     21277.07     392.7093  14.1802   0.0200     3.72    0.045  19.51   0      93.01     6247.554     94.29881
       763   1023.3558    308.7170      2547.31     152.1056  16.4848   0.0648     3.54    0.388  81.53  24      21.38     1398.191     78.40285
       764    980.5071    306.9511      20067.3     333.7736  14.2438   0.0181     3.72    0.127 -10.69   0      93.04     6225.407     93.34418
       765    151.6426    308.5578     6873.681     288.8416  15.4070   0.0456     4.07    0.067 -42.85   0      35.38     2103.792     82.90649
       766    194.9872    308.0283     5301.371     343.8286  15.6890   0.0704     3.96    0.052 -18.42   0      24.61     1484.971     81.81469
       767    881.6867    303.5348     59824.38     408.2526  13.0578   0.0074     3.71    0.098  -9.82   0      219.8     17898.59     118.5451
       768     69.3564    307.0466     4802.338     189.7249  15.7964   0.0429     5.96    0.065 -48.22   0      38.07      2606.33     84.87256
       769    560.2856    307.1326     2393.514     262.1322  16.5524   0.1189     5.27    0.280  14.16   0       14.2     801.9282     79.25737
       770    357.6649    306.1974     6462.182      326.973  15.4741   0.0549     4.16    0.177 -17.99   0      32.39     1963.307     83.13284
       771    699.8992    299.1735      8816.61     421.0671  15.1367   0.0519     5.08    0.236 -84.44   0      35.06      1980.95     82.15854
       772    206.3576    301.5304     4467.597     342.0436  15.8748   0.0831     3.51    0.103 -18.43   0      20.88     1279.606     81.03384
       773    171.4670    297.9502     25093.32     475.5171  14.0011   0.0206     6.34    0.461 -69.10   0      91.53     4759.688     90.26815
       774    709.9363    300.9346     11371.36     154.1615  14.8605   0.0147     0.00    0.113  44.59   0      140.3     11169.15     105.0139
       775    835.6435    292.1934     46331.14     384.5219  13.3353   0.0090     3.72    0.119 -31.73   0      181.7     14160.12     111.7537
       776    637.5073    297.9959     4590.456     342.1252  15.8454   0.0809     4.34    0.258  -2.38   0      16.71     938.7338      80.0721
       777    773.9534    294.1472     12896.18     364.2244  14.7238   0.0307     8.95    0.103 -36.29   0      63.47     3946.738     88.38908
       778     71.5783    294.4403     17537.16     332.0464  14.3901   0.0206     4.11    0.101 -20.60   0      82.56     5504.074     92.48957
       779     13.8318    296.0904     6346.552     380.6547  15.4937   0.0651     4.20    0.117  13.54   0      27.66      1581.17     81.25343
       780    429.0235    291.7107     33334.27     381.2227  13.6928   0.0124     4.07    0.261   1.00   0      135.4     9562.883     101.3113
       781    367.3575    294.2142     5065.605     257.9663  15.7384   0.0553     3.92    0.221 -16.88   0      28.98     1780.485     82.83586
       782    949.6681    293.1230     3180.895     244.4846  16.2436   0.0835     3.88    0.107 -20.74   0      19.82     1184.584     80.34716
       783    497.9804    290.4922     6266.854     294.1682  15.5074   0.0510     3.79    0.075 -26.74   0      34.31     2072.591     82.61654
       784    911.7426    289.5975      8844.75     304.5958  15.1333   0.0374     3.64    0.089   6.13   0      47.27     3041.435      86.0298
       785    876.4819    289.8633     4674.191     379.6549  15.8257   0.0882     5.37    0.212 -34.89   0      19.31     1008.721     79.84815
       786    542.5699    288.8361     8636.757     288.7656  15.1591   0.0363     7.50    0.185 -56.78   0      56.73     4460.075     89.88757
       787    194.9447    290.4628     4006.526     253.7215  15.9931   0.0688     4.34    0.248   3.68   0      24.15     1409.992     81.60614
       788    154.4212    286.0628     34253.11     368.2453  13.6632   0.0117     8.99    0.130  42.37   0      141.1     10273.13     103.2204
       789    974.9593    284.5805     26183.31     342.8792  13.9549   0.0142     3.70    0.048 -19.65   0      118.7     8550.938     99.69583
       790    613.1302    282.2974     7728.883     261.9208  15.2797   0.0368     3.88    0.159 -15.32   0      42.39     2620.013     84.10898
       791    120.3754    283.7521     2391.592     199.9291  16.5533   0.0908     3.24    0.229 -30.88   0      15.17     931.5037     80.47285
       792     15.8478    273.5909     628071.8     690.9227  10.5050   0.0012     3.72    0.071 -13.28  16      947.1     187824.6     302.3695
       793    495.9321    280.6649      2789.36     285.6099  16.3862   0.1112     4.42    0.180 -54.87   0      16.11     987.1033     79.99821
       794     83.2923    278.1829     23281.95     344.6495  14.0825   0.0161     3.77    0.103 -15.92   0      105.4     7106.311      95.4649
       795    700.3860    276.0452     20653.47     381.4236  14.2125   0.0201     3.61    0.016  78.06   0      91.51     6270.306     94.35363
       796    526.9508    277.7859     8488.288     379.7116  15.1779   0.0486     7.60    0.487  10.63   0      33.42      1638.16     82.44445
       797    476.0856    274.0108     78539.45      401.007  12.7623   0.0055     3.68    0.063  -8.62   0      269.6     24314.27     130.2657
       798    277.5375    277.0081     2324.431     268.4459  16.5842   0.1254     4.94    0.378 -26.90   0      13.72      861.806     80.06489
       799    438.1371    275.8949     3024.731     303.0244  16.2983   0.1088     4.79    0.211  17.88   0      16.32     983.9752     79.77769
       800    748.5911    271.9179     6934.375     384.3191  15.3975   0.0602     4.16    0.077 -55.04   0       31.4     1918.825     82.80723
       801    255.0700    272.3008     3803.726     227.1622  16.0495   0.0649     3.79    0.103  -0.22   0      23.88     1433.199     80.41912
       802    327.4051    267.9966     49640.14       378.74  13.2604   0.0083     3.70    0.081 -17.95   0      193.6     15609.62     114.3684
       803    653.5383    270.2072     1908.149     250.1509  16.7985   0.1424     4.60    0.266   0.45   0       12.9      817.142       79.938
       804    959.0406    266.0871     2897.019     257.6941  16.3451   0.0966     6.16    0.277  82.15   0      16.95      978.524     79.76216
       805    785.7290    265.9561     4946.583     355.6825  15.7642   0.0781     3.58    0.142  56.53   0      22.72     1385.339     81.32984
       806    180.5126    261.8156     87449.09     423.3519  12.6456   0.0053     3.74    0.135 -22.46   0      286.3     25764.06     132.8983
       807     40.3600    265.2202     3844.833     287.9203  16.0378   0.0813     4.31    0.255 -22.22   0      21.04     1250.873     81.36982
       808    674.5267    262.4386     12269.63     333.5292  14.7779   0.0295     3.91    0.179 -12.30   0         59     3705.579     87.57395
       809    369.9260    263.1488     2880.838     275.1315  16.3512   0.1037     3.78    0.188  85.51   0       15.1     901.7729     79.75542
       810    438.4852    259.7963     4754.437     360.2831  15.8073   0.0823     3.29    0.386 -36.75   2      17.53     1056.618     80.61599
       811    230.2298    254.3721     202583.6      515.144  11.7335   0.0028     3.74    0.131 -43.67   0      495.4     60850.16     183.6073
       812    936.6119    260.9975     5334.417     261.4564  15.6823   0.0532     3.92    0.165  -7.58   0      28.41     1727.024     82.27913
       813    400.0331    269.3368     12496.04     342.4352  14.7581   0.0298     4.11    0.186 -14.61   0      59.17     3702.319      87.5655
       814    445.9947    258.9453     4897.148     327.1777  15.7751   0.0726     3.68    0.104 -28.70   0      23.81     1507.213     81.87645
       815    994.4228    258.6067     2290.085     241.9142  16.6004   0.1147     3.90    0.168  18.60   0      14.69     890.5044     80.14631
       816    885.2441    256.9687     4181.608     336.8717  15.9466   0.0875     4.16    0.217  45.90   0      20.01      1241.42     81.34341
       817    765.9734    256.6163     2588.423     210.4465  16.4674   0.0883     6.27    0.414  71.29   0      16.49     943.7344     80.50739
       818    405.5639    252.9517     64936.78     430.1802  12.9688   0.0072     3.69    0.090 -14.99   2      233.6     19868.33     122.5394
       819    265.7258    256.7578     4646.512     302.8459  15.8322   0.0708     7.39    0.449   4.54   0      25.66     1388.472      81.3386
       820    615.3305    250.5408     138914.1     481.8777  12.1431   0.0038     3.91    0.204   6.23   0      386.8     39961.49        155.4
       821    695.9861    252.0355     31773.06      350.204  13.7449   0.0120     3.65    0.064 -17.20   0      137.9     10477.03     104.1565
       822    199.8551    248.8579     15573.95     600.3511  14.5190   0.0419    12.70    0.618 -14.21   0      41.07     1403.799     81.79585
       823    653.0682    246.0035     15615.12     326.8718  14.5161   0.0227     3.74    0.128  -2.67   0      76.17     5157.564      91.2644
       824    571.8626    246.3806     8066.779     408.4273  15.2332   0.0550     6.98    0.437  21.46   0      33.46     1808.388     82.50356
       825    535.9332    246.8355     3730.943     315.8364  16.0705   0.0919     5.14    0.373 -83.36   0      17.49      1038.17     80.35384
       826     77.3444    244.6833      5106.84     333.7172  15.7296   0.0710     4.09    0.125 -40.98   0      27.38      1592.07     81.49164
       827    599.5201    244.2034     7555.476     434.2335  15.3043   0.0624     4.22    0.182  -8.62   0      27.56      1609.68     82.16039
       828    825.3333    241.2318     6789.837     387.5196  15.4204   0.0620     4.08    0.148  12.89   0      27.92     1620.565     81.98454
       829    452.2637    241.8859     2672.198     252.5234  16.4328   0.1026     3.45    0.174  32.11   0      16.82     1046.447     79.95547
       830    340.4523    239.5177     3193.789     220.8834  16.2392   0.0751     3.34    0.097  40.45   0      19.15     1179.291     80.33218
       831    101.0745    238.9268     6051.562     398.9164  15.5453   0.0716     4.42    0.092 -43.47   0      23.66     1362.138     81.05668
       832    886.7119    237.2816     2734.478     270.3606  16.4078   0.1074     3.44    0.172 -43.11   0      17.11     1049.467     80.17519
       833    570.4639    237.0132      5375.13     335.1633  15.6740   0.0677     4.29    0.147  -0.55   0      25.84     1435.087     81.46874
       834    301.9373    237.5847     3636.426     226.9948  16.0983   0.0678     3.70    0.185 -15.19   0      22.44     1380.506     81.31634
       835    129.9947    236.4709     8436.395     285.6639  15.1846   0.0368     3.69    0.185 -25.65   0       44.4     2859.625      85.3503
       836    159.0639    235.4401     3219.172     251.3392  16.2306   0.0848     4.18    0.173   0.88   0      19.06     1131.283     80.61677
       837    119.4404    236.2245     2480.496     271.7071  16.5137   0.1190     4.98    0.275   0.17   0      13.83     861.7079     80.27549
       838    842.3192    230.2210     4908.222     338.6121  15.7727   0.0749     4.43    0.157  89.52   2      23.09     1255.802     80.96705
       839    741.1264    223.3340       569688     670.8135  10.6109   0.0013     3.69    0.080 -18.05   0      897.2     171253.4     289.4711
       840    528.7770    233.0014     2987.788     315.3012  16.3116   0.1146     3.76    0.200   0.54   0      13.68     800.5705     79.67898
       841    357.1276    228.8813     17758.79     324.4744  14.3765   0.0198    10.43    0.173 -60.36   0      81.76     5379.562     91.44656
       842    215.6222    231.5181     4896.518     319.3322  15.7753   0.0708     3.98    0.114   6.58   0      25.91     1536.533     81.75126
       843    862.9676    230.4864     6124.971     362.3151  15.5322   0.0642     4.10    0.048 -66.32   2      28.22     1749.465     82.13551
       844    250.9728    224.5606     99750.73     435.7642  12.5027   0.0047     9.41    0.124 -52.58   0      316.5     30549.89     141.2047
       845    431.2591    228.4493     19855.14     348.4999  14.2553   0.0191     3.94    0.146  -5.32   3         90      5871.94     93.02638
       846    426.4167    221.1480     119241.9     443.9137  12.3089   0.0040     3.72    0.056  -7.12   3      354.4     35785.45     149.2809
       847    966.8658    227.6915     11839.72     358.8843  14.8166   0.0329     9.60    0.204  67.56   0      57.83     3323.558     86.18542
       848    273.8473    228.9394      3649.74     314.4366  16.0943   0.0936     4.11    0.253 -18.14   0      18.17     1073.424     80.45349
       849    474.2858    226.7097     9179.577     373.3942  15.0929   0.0442     3.82    0.155 -12.08   0      42.19     2622.936      84.5179
       850    293.1165    225.7273     3101.724     282.8857  16.2710   0.0990     6.14    0.319 -24.66   0      16.83     910.4083     79.56783
       851    558.2187    222.6201     16623.82     367.6943  14.4482   0.0240     3.76    0.106  -4.11   0      77.85     5180.973     91.69218
       852    492.7552    223.4063     11856.93      368.196  14.8151   0.0337     4.72    0.237 -18.62   2      57.15     2381.939     84.26955
       853    505.8634    226.5941     3514.137     293.4774  16.1355   0.0907     4.77    0.218 -14.45   0      18.68      1066.22     80.64305
       854    948.4738    221.7233     11395.59     362.1216  14.8582   0.0345     3.93    0.128   3.53   0      55.18     3450.307     86.51901
       855    655.6535    222.1407     18132.27     196.6554  14.3539   0.0118     5.77    0.317 -22.39   0      167.7     15436.02      114.319
       856     20.5465    221.2296     7249.635     360.6838  15.3492   0.0540     4.69    0.213  -8.24   2      30.25     1646.328      82.2617
       857    761.7748    221.6684     5087.513     390.8694  15.7337   0.0834     4.61    0.122 -13.62   0      17.96     1007.233     80.26629
       858    174.8532    218.9633     3403.972     324.8403  16.1700   0.1036     3.82    0.289   9.36   0      17.17       981.17     80.40301
       859    955.6788    213.6695      18005.2     402.5318  14.3615   0.0243     3.85    0.099   3.17   0       77.9     4970.749     90.42483
       860    868.9728    213.6805      3267.37     203.0149  16.2145   0.0675     3.95    0.186   3.72   0       21.4     1301.288     81.09463
       861    308.7802    211.7109      22513.2     385.8306  14.1189   0.0186     3.79    0.115 -17.14   0      99.87      6757.97     94.81046
       862    142.9754    212.3202     3337.562     304.6494  16.1914   0.0991     4.08    0.224 -10.09   0      17.02     958.6639     80.12865
       863    680.9855    211.1285     2681.765     257.5042  16.4289   0.1043     3.85    0.143   2.30   0      15.55     929.1037     80.25569
       864     68.5147    210.5031     7118.218     318.2645  15.3691   0.0486     4.02    0.080 -37.62   3      37.15     2240.893     83.28149
       865     71.9058    206.1050     17499.72      419.729  14.3924   0.0260     4.42    0.276 -33.34   3      69.38     4225.032     88.72147
       866    529.2740    205.3099     10989.74     524.8778  14.8975   0.0519     8.86    0.455 -72.84   2      33.79     1191.812      80.3676
       867    523.7689    203.6689     7066.739     385.4953  15.3770   0.0592     4.59    0.330 -10.18   3      30.04     1796.409     82.47056
       868    341.4494    205.3485     3227.629     264.4575  16.2278   0.0890     4.17    0.126 -39.07   0      18.03      1039.29     80.77669
       869      8.9985    203.0187        13412     341.8082  14.6813   0.0277     5.11    0.212 -74.46  16      57.89     3148.663     86.11652
       870    474.4616    204.1998     4512.259     328.2006  15.8640   0.0790     6.97    0.381 -32.87   0      19.84     1062.022     80.63122
       871    311.9153    200.9738     35113.98     455.9033  13.6363   0.0141     4.17    0.298 -75.62   1      130.4     8911.303     100.0081
       872    781.6106    200.0408     11804.26      420.672  14.8199   0.0387     6.37    0.371  82.27   3      47.18     2323.828     84.51371
       873    779.3867    192.0930     10655.91      361.657  14.9310   0.0369     9.88    0.141 -86.90   3       47.8     2926.628     85.13227
       874    148.2454    202.7452     5441.412     393.2307  15.6607   0.0785     6.41    0.230   8.04   0      19.56     1038.786      80.5657
       875   1016.2105    196.4328     8393.431     370.6417  15.1902   0.0480     4.78    0.249   6.44  16       34.7     1952.854     83.30744
       876    390.8407    196.1988     7146.643     304.7164  15.3647   0.0463     4.28    0.157 -11.47   0      38.32     2293.103     84.23057
       877    220.1854    195.3950     14993.69      387.968  14.5602   0.0281     3.79    0.146 -11.78   3      69.65     4583.528     89.82352
       878    214.7710    189.7056     19488.05     398.0946  14.2756   0.0222     3.74    0.042  14.90   3      85.68     5509.916     91.40076
       879     29.7021    194.0142     8835.572     358.1588  15.1344   0.0440     4.22    0.099 -24.87   0      43.18     2554.904     84.33475
       880    672.6928    194.4160      3968.74     300.9356  16.0034   0.0823     6.88    0.144  24.41   0      22.17     1299.915     80.67273
       881    654.4466    194.1425     4226.001     298.3095  15.9352   0.0767     3.98    0.116   6.04   0       23.3     1439.401       81.688
       882    623.5408    192.5553     9092.954     318.3466  15.1032   0.0380     3.60    0.095  -5.13   0      46.42     2911.703     85.48886
       883    958.0338    191.1615     10757.42     378.8426  14.9207   0.0382     3.95    0.060 -15.82   0      50.92     3246.501     86.56985
       884    157.5685    190.6161     4845.587     288.7091  15.7866   0.0647     7.03    0.574  42.44   2      28.46     2247.307     84.10691
       885    161.4401    186.1542     5364.655     364.1665  15.6761   0.0737     4.54    0.193 -15.48   2      25.73     1406.056     81.17973
       886    830.4710    191.7319     2849.207     272.0153  16.3632   0.1037     3.94    0.042   0.64   0      16.43     968.1623     79.94439
       887    117.0852    189.6123     2983.653     226.3402  16.3131   0.0824     4.23    0.193  12.93   0      19.71     1177.453     80.53718
       888    304.6285    187.7153       9753.3     330.5338  15.0271   0.0368     3.78    0.140 -12.81   0      50.79     3189.591     86.02816
       889    252.6623    186.1824     16128.62     369.6819  14.4810   0.0249     3.84    0.136 -14.23   0      76.22     4921.604      90.6749
       890    911.1021    185.1636     5428.522     352.4105  15.6633   0.0705     4.33    0.071  40.67   0      25.09      1455.44     80.69174
       891    564.7789    185.7706     3925.944     326.5024  16.0151   0.0903     4.02    0.055 -14.85   0       17.9     1086.421     80.90919
       892    373.1782    173.5669     396678.7     600.3007  11.0039   0.0016     3.71    0.063 -14.34   0      735.8     120321.8     246.4634
       893    287.4472    179.3580     56669.87     372.8693  13.1166   0.0071     3.71    0.079  -9.81   0      215.2     17617.88     118.4347
       894     66.7442    181.8033     3916.918     315.9702  16.0176   0.0876     3.64    0.060 -38.72   0      20.72      1284.07     81.25469
       895    905.4603    181.2266     3741.906     321.1524  16.0673   0.0932     3.81    0.027   6.46   0      17.89     1082.427     80.68871
       896    175.3976    179.9639     11914.52     395.8881  14.8098   0.0361     3.70    0.149 -28.35   0      56.33     3613.014     87.71971
       897    772.3327    180.0916     6215.699     329.3781  15.5163   0.0575     2.88    0.131  11.46   0       31.3     2075.791     83.03356
       898    981.9930    179.5090     4296.555      263.777  15.9172   0.0667     3.88    0.197  -5.36   0      25.22     1533.219     81.74204
       899    243.6106    177.4150     15897.48     351.9657  14.4967   0.0240     3.77    0.130  -6.18   0      75.88     4900.019     90.62077
       900    188.0119    176.5397     10289.86     368.3766  14.9690   0.0389     4.01    0.129 -13.62   0      50.23      3134.13     86.27434
       901    123.0106    174.4501     32259.68     503.0336  13.7283   0.0169     4.32    0.256 -31.26   0      118.4     7935.069     98.10966
       902    265.5630    178.1373      3827.38     313.2185  16.0427   0.0889     3.68    0.078 -73.67   0      20.42     1252.462     80.95767
       903    588.2699    170.2178     4894.991     301.6343  15.7756   0.0669     7.65    0.190  12.68   0      26.07     1414.008     81.61732
       904    786.8281    168.3043     6220.286     383.8966  15.5155   0.0670     4.40    0.112 -27.48   0      28.23     1617.957     81.14819
       905    109.2463    165.4671     81404.36     422.1017  12.7234   0.0056     3.75    0.077 -19.99   0      273.8     24209.32     130.3422
       906    152.3848    168.1674     5038.757      359.288  15.7442   0.0774     3.96    0.152 -54.50   0      23.25     1363.628     81.89086
       907    406.0110    161.6889     12189.85     385.2264  14.7850   0.0343     9.32    0.055 -30.25   2      50.23     2816.508     84.83778
       908    992.6021    163.6770     10797.56     300.4746  14.9167   0.0302     3.77    0.111 -18.22   0      55.23     3481.515     86.99052
       909    936.1364    164.6873     5043.399     314.0996  15.7432   0.0676     4.61    0.207 -65.69   0      25.92     1428.796       81.035
       910    776.2551    165.6501     15933.42      204.696  14.4942   0.0140    -0.55    0.426 -52.26   0      157.8     13816.85      110.901
       911    691.9215    158.5938     24003.77     396.4223  14.0493   0.0179     5.04    0.147  -4.77   2      97.06     6425.908     94.54906
       912    713.0693    158.2692     123508.9      451.742  12.2708   0.0040     4.02    0.109 -33.11   2      359.1     34203.02     146.6215
       913    702.4170    155.8118     10714.14     440.7052  14.9251   0.0447     4.38    0.215   1.13   3      37.68     2211.697     83.60718
       914    644.2022    158.9458      10870.3     342.5904  14.9094   0.0342     3.84    0.120 -41.74   0      53.22     3335.612     86.60849
       915    623.2697    159.9858     5029.641     251.2947  15.7462   0.0543     4.17    0.021 -20.31   0      27.47     1611.324     82.16493
       916   1014.6172    157.2399     3150.114     315.4182  16.2542   0.1087     5.34    0.337  40.68   0      14.41     774.6043     80.23948
       917     33.3702    161.4028     13397.64       474.37  14.6824   0.0385     5.79    0.334 -50.10   2      47.31     2609.566     85.08017
       918    618.9722    154.9919     4461.317     309.6095  15.8763   0.0754     3.70    0.028   4.78   0      23.25     1462.557      81.7524
       919     98.4015    154.6475     5225.402      368.694  15.7047   0.0766     4.73    0.148   2.63   0      22.17     1203.423     80.81989
       920    312.0730    152.6587     4945.864     284.3635  15.7644   0.0624     4.19    0.092 -82.60   0      27.31     1590.748     81.69515
       921    867.2168    149.8023     17578.46      328.234  14.3875   0.0203     3.70    0.121 -10.94   0      80.92     5339.334     91.71594
       922    975.6914    150.4563      3284.93     267.6835  16.2087   0.0885     4.44    0.036  21.81   0      17.64     1018.662     79.87645
       923    537.3381    148.3229     5807.838      271.379  15.5900   0.0507     4.09    0.076 -22.74   0      33.19     1932.816      82.6413
       924     83.7993    149.8850     3409.018     314.2626  16.1684   0.1001     4.25    0.245  -1.33   0      17.13     1044.226     80.79058
       925    821.6364    147.0876     3073.408     296.0056  16.2809   0.1046     3.08    0.255 -13.00   0      16.11     1009.514     79.85041
       926    578.0381    145.3151     5842.785     377.0054  15.5835   0.0701     5.61    0.323  -1.40   0      26.77     1473.429     81.16008
       927    249.9967    145.3603     10281.91     360.2506  14.9698   0.0381     4.63    0.124  27.44   0      47.25     2801.364     85.59098
       928     50.3205    142.7920     16884.68     456.0865  14.4313   0.0293     4.39    0.144 -17.85   0      68.02     4172.396     88.77718
       929    411.6273    142.5296     5224.307     349.8709  15.7049   0.0727     3.65    0.118 -89.96   0      24.38     1434.334     81.46664
       930     32.9261    137.0505     53076.46     388.4883  13.1877   0.0079     3.85    0.073 -37.88   0      197.7     15537.61     114.0771
       931    763.1640    136.8192     4753.758     312.5406  15.8074   0.0714     3.84    0.107 -33.85   0      24.87      1503.73     82.27877
       932    639.4810    138.2234      2461.74      283.864  16.5219   0.1252     4.12    0.268  -0.50   0      13.46     817.2597     79.72657
       933    378.3714    137.6111     4173.921     346.7587  15.9486   0.0902     3.82    0.160  -0.08   3      18.98     1087.233     80.70225
       934    373.4797    133.8890     12018.08      453.655  14.8004   0.0410     3.97    0.160 -31.69   2      45.59     2798.829     84.98956
       935    688.1943    135.5033     3331.044     320.8615  16.1935   0.1046     5.03    0.235 -90.00   0       14.6     874.3748     79.88921
       936    560.7317    135.0216     6738.641     323.2662  15.4286   0.0521     4.18    0.155  -8.07   0      33.75     2047.117     83.36165
       937    675.7779    133.0578     42194.07     429.9549  13.4369   0.0111     3.66    0.071 -10.46   2      157.4     11911.83     106.7676
       938    537.4329    129.7221     6342.337     389.4337  15.4944   0.0667     4.00    0.053 -20.23   0      27.84     1629.885     82.01037
       939    105.5642    128.7857     3485.851     312.9706  16.1442   0.0975     3.97    0.057  20.17   0      17.59     1025.244     80.94629
       940    992.9623    127.5538     3327.138     301.8541  16.1948   0.0985     3.93    0.169  -1.41   0      18.71     1144.717     80.65463
       941    807.2073    124.2128     39886.46     423.7756  13.4979   0.0115    12.61    0.301 -43.63   0      151.3     10324.64     103.3337
       942    261.9850    126.1012     8404.757     324.4355  15.1887   0.0419     3.93    0.126   3.58   0       42.4      2623.81     84.31998
       943    712.1589    125.6685     5480.269     324.9918  15.6530   0.0644     4.03    0.128 -66.34   0      27.79     1691.361     82.18056
       944    772.3547    125.4285      3315.41     311.4929  16.1987   0.1020     4.08    0.114 -43.92   0      17.41      1001.27     80.66965
       945    330.2412    124.9042     5685.902     284.9543  15.6130   0.0544     4.66    0.216  -7.17   0      33.67     2213.866     82.80034
       946    272.4011    124.4730     5439.898     348.8013  15.6610   0.0696     4.19    0.094   3.00   0       26.2     1526.835     81.72429
       947    211.3641    124.3935     3394.851     290.4895  16.1729   0.0929     6.98    0.391 -72.36   0      16.81     846.5648      80.2326
       948    616.0958    123.4221     3114.413      183.133  16.2666   0.0639     5.19    0.372  77.89   0      40.09     2085.825     82.65294
       949    740.5895    120.6342     18122.38     393.0359  14.3545   0.0236     3.74    0.071 -15.61   0       84.6     5575.596     92.66515
       950    751.4930    118.9708     27870.42     416.2674  13.8871   0.0162     3.74    0.079  -9.55   0      117.8     8133.143     97.70607
       951    556.3931    112.7622     7579.068      423.404  15.3010   0.0607     5.55    0.069 -45.15   3      28.77      1562.44     82.23545
       952    153.0824    116.3200     9505.744     268.2278  15.0550   0.0306     3.91    0.155  -6.66   0      51.67      3221.75     85.71953
       953    768.1036    116.5293     3468.691     318.3144  16.1496   0.0997     3.55    0.116 -20.78   0      17.05     996.2167     79.38777
       954    685.1984    114.2901     2591.197     224.0674  16.4662   0.0939     6.36    0.440 -46.79   0      17.04     966.7242      80.1515
       955    229.4844    114.2186     1954.145     238.0739  16.7726   0.1323     3.83    0.238  -1.21   0      13.64     856.2415     79.62557
       956    943.5262    111.2018     15426.97     308.0993  14.5293   0.0217     3.71    0.110  -6.56   0       77.1     5033.566     90.95509
       957    588.7951    110.7335     16284.71     344.9405  14.4705   0.0230     3.80    0.057 -13.95   0      77.32     5032.374     90.95211
       958    968.8770    105.8861     14575.04     201.0912  14.5910   0.0150     0.00    0.304  77.88   3      135.3     10764.17     103.9713
       959    962.8951     96.5157     96301.18     550.7137  12.5409   0.0062     3.72    0.397  67.76   2      291.2     26018.99     133.3336
       960    553.0232    118.7904     6819.091     346.0539  15.4157   0.0551     4.18    0.102 -27.24   3      35.64     2223.704     83.84171
       961    624.8323    109.2951     13006.38     325.0529  14.7146   0.0271     3.70    0.099  -6.94   0      63.77     4027.068     87.63605
       962    169.6650    110.1133     4039.383     322.6754  15.9842   0.0868     3.55    0.083 -17.68   0       19.9     1224.413     80.45974
       963    425.6112    108.7722     3563.156      232.442  16.1204   0.0708     3.52    0.104 -72.52   0      21.87     1338.183     81.40591
       964     74.3565    107.3071     5253.916     299.0916  15.6988   0.0618     8.16    0.254  32.02   0      26.96     1413.857     80.78408
       965     33.0152    107.4381     4909.598     287.2921  15.7724   0.0635     4.30    0.062 -21.48   0       26.9     1585.101     82.50323
       966    451.3972    107.9593     2741.762     278.0733  16.4049   0.1101     3.64    0.276 -17.98   0      14.94     901.8989      80.3892
       967    322.6258    108.2703     4857.969     298.7906  15.7839   0.0668     4.59    0.122 -22.76   0      28.05     1614.301     81.96717
       968    131.2170    105.6826     3553.227     249.9558  16.1234   0.0764     4.35    0.092  -7.53   0      20.03       1158.3      80.6929
       969    707.1445    104.4091     6274.271     350.5523  15.5061   0.0607     8.26    0.475  63.73   0      29.33     1159.554     80.90566
       970    527.4480    103.7960     8178.543     403.2829  15.2183   0.0536     3.71    0.113  -3.74   0      34.47     2149.535     83.43803
       971     52.0070    103.0373      9232.85     281.8332  15.0867   0.0332     3.97    0.124 -13.20   0      47.56     3047.871     86.24306
       972    950.1569    101.7202     14811.78     422.2937  14.5735   0.0310     9.67    0.220  11.68   0      63.26       3309.7     86.34489
       973    849.5349    101.0860     27155.78      368.456  13.9153   0.0147     3.68    0.096  -9.20   0      120.7     8539.309     98.98849
       974    592.7296    100.8878     8056.015     471.8039  15.2347   0.0636     5.50    0.236  26.37   0       22.1     912.4404     79.57364
       975    117.4792     94.4314     12387.77     463.9713  14.7675   0.0407     4.10    0.094 -35.50   2       43.4     2631.438     84.74049
       976    269.6385     99.8780     2978.972     268.9994  16.3148   0.0981     5.75    0.087 -17.20   0      18.02     1060.661     80.41743
       977    814.6702     91.7090     364500.5     593.0023  11.0958   0.0018     3.76    0.065 -13.74   0      699.9       106708     233.3552
       978    911.6575     99.6854     2242.076     262.0009  16.6234   0.1269     2.87    0.078  45.89   2      12.63     656.3264     78.83875
       979    691.3687     99.0555     2738.184     278.0704  16.4063   0.1103     4.04    0.279  14.95   0      14.69     863.4464     79.85812
       980    544.4247     91.7244     173206.3     484.0128  11.9036   0.0030     3.72    0.066 -31.80   0        451     51648.79     171.6437
       981    245.7946     94.9297      37215.4     368.9251  13.5732   0.0108     3.84    0.081  -8.30   0      153.3     11399.63     105.6716
       982    706.5983     95.7549     3722.577     323.7603  16.0729   0.0945     3.73    0.182 -56.10   0      19.05     1110.256     80.97611
       983    329.2477     94.1935        34630     376.4214  13.6514   0.0118     4.30    0.260  -5.81   0      136.8     9281.345     101.1803
       984    105.3061     96.5743     5369.422     386.6856  15.6752   0.0782     4.56    0.195  23.58   0      18.25     1029.963     79.69674
       985     18.7654     94.1012      27493.8     376.6041  13.9019   0.0149     3.80    0.125 -20.02   0      118.7     8173.015     97.79877
       986    993.0305     88.7379     6925.763     372.0198  15.3988   0.0583     4.11    0.103 -47.56   0      30.29     1833.104     82.57162
       987    829.2599     86.8151       7029.7     449.2714  15.3827   0.0694     5.70    0.216 -44.45   1         22     1078.439     80.46766
       988    922.5435     87.7630     2699.436     309.6813  16.4218   0.1246     5.05    0.286   0.04   0       13.3     731.7545     79.48244
       989    210.6851     87.7206     3497.177     317.0042  16.1407   0.0984     3.82    0.368  -7.58   0       15.6     925.8704     79.61198
       990    663.6245     82.6934     2758.526     206.5778  16.3983   0.0813     3.73    0.120 -39.21   0      18.07     1080.441     79.84056
       991    650.3733     82.5241     3576.746     251.6623  16.1163   0.0764     3.70    0.090   3.77   0      21.49     1294.878     81.07666
       992    912.2502     80.4409     5375.313     336.4221  15.6740   0.0680     4.27    0.117 -15.76   0      27.72     1598.714     82.13005
       993    588.2595     79.3380     17077.97     533.8788  14.4189   0.0339    12.38    0.420 -36.51   0      54.39     2626.026     84.72598
       994    290.0896     77.9875     9199.597     323.6886  15.0906   0.0382     3.95    0.152 -31.00   2      43.67     2682.219     84.47727
       995    153.6227     79.2624     15798.87     309.7411  14.5034   0.0213     3.74    0.195   4.64   2      74.31     4848.254      90.6775
       996    933.5704     78.7699     3842.317     354.9762  16.0385   0.1003     6.88    0.200  86.35   0         17     749.3477     79.95675
       997    777.2790     77.0107     39027.34      361.956  13.5216   0.0101     3.76    0.109  -5.69   0      160.4     12054.97     107.0718
       998    358.7570     79.3597      3118.46     300.2928  16.2652   0.1046     3.99    0.099  29.28   0       16.7     996.0032      80.0235
       999    972.9175     78.2442     3969.418     279.0749  16.0032   0.0764     3.93    0.166 -33.37   0      22.93     1385.737     80.91415
      1000    901.0030     78.2118     7655.207       405.08  15.2901   0.0575     4.76    0.060 -54.80   2      32.49     1633.035      82.0191
      1001    755.0354     78.1363     7608.676     463.4519  15.2967   0.0661     6.52    0.379  -2.10   0      24.94     1260.896     80.98135
      1002    480.8968     73.2672     11335.87      455.174  14.8639   0.0436     5.43    0.182 -71.24   0      44.45     2324.616     83.50965
      1003    741.0705     72.7305     7903.173     513.7606  15.2555   0.0706     8.95    0.565 -37.26   0      20.77     1108.117     80.34128
      1004    120.1402     70.3319      46768.5     389.1493  13.3251   0.0090     4.37    0.059  40.33   0      176.2     12026.12     107.0106
      1005     17.2803     73.2526      3535.95     244.8144  16.1287   0.0752     6.70    0.359  88.79   0      18.68     1121.095     80.16737
      1006    872.6782     69.2681     6754.437     344.7878  15.4260   0.0554     3.75    0.066  40.90   0      32.35     1969.156     82.53659
      1007    498.6333     69.0618     17797.26     378.6031  14.3741   0.0231     3.60    0.114  -6.17   0       82.1     5544.786     92.22365
      1008    843.8148     68.4010     11287.07     335.3889  14.8685   0.0323     4.24    0.129   5.39   0      53.71       3271.1     86.43904
      1009    593.9988     68.8444      4468.75     332.0117  15.8745   0.0807     5.01    0.180  89.52   0      15.43     915.2258     80.42686
      1010    295.8900     67.8690     5817.229     393.4479  15.5882   0.0735     4.13    0.098  12.94   0      24.07     1433.052     81.04694
      1011    415.0916     65.2124     4639.355     321.7869  15.8339   0.0753     3.87    0.148 -35.26   0      22.05     1312.362     80.70779
      1012    750.6561     63.4059     3400.592     307.4583  16.1711   0.0982     4.05    0.211  32.29   0       16.5     1008.934     80.48145
      1013    397.5143     64.2251     2772.219     284.1125  16.3929   0.1113     5.06    0.273  -1.49   0      13.72     777.5398     79.18741
      1014   1006.3436     62.1219     6337.481       365.93  15.4952   0.0627     4.41    0.271 -28.47   0      28.53     1652.341     81.65955
      1015    597.8297     59.8986     19665.09     483.5214  14.2658   0.0267     4.10    0.262 -60.11   0      74.93     4740.401     89.46687
      1016    585.4007     60.1284     6302.474     383.9452  15.5012   0.0662     7.26    0.310 -23.98   3      25.46     1539.235     81.75877
      1017    584.1331     55.8451     5901.271     358.6567  15.5726   0.0660     4.36    0.167  87.91   3      25.53     1408.263     81.39388
      1018    434.9723     59.9393     4643.199     140.9333  15.8330   0.0330     0.00    0.098  61.74   0      80.73     4322.225     89.15992
      1019    909.2898     58.7112     2605.645     289.8714  16.4602   0.1208     3.15    0.207  40.03   0      13.82     816.4341     79.51187
      1020    836.0032     55.7915     5219.481     332.5253  15.7059   0.0692     3.73    0.115 -58.63   0      27.94     1739.955     82.31483
      1021    609.1988     55.6307     8174.938     370.5077  15.2188   0.0492     4.94    0.054  45.36   2      39.28     2343.069     84.36528
      1022    220.9611     54.1093     8432.776     367.2291  15.1851   0.0473     8.63    0.215 -64.65   0       39.8     2162.607     83.06757
      1023    718.5252     54.2090     2740.789     255.9099  16.4053   0.1014     3.97    0.303 -49.09   0      16.46     999.6546     80.24483
      1024    673.9963     53.7196     6518.133     302.8548  15.4647   0.0505     3.79    0.079 -35.42   0      36.69     2278.889     83.99116
      1025    169.9734     53.7421     3649.222     371.1533  16.0945   0.1105     7.53    0.124 -26.63   0      18.56     935.8075     80.06379
      1026    847.5650     50.5723     16340.44     346.2003  14.4668   0.0230     3.98    0.049 -21.48   0      75.36     4739.648     90.59169
      1027    264.1205     49.4920     33235.43     407.9445  13.6960   0.0133     3.85    0.084 -47.01   2        124     8516.439     99.10671
      1028    801.0684     52.1194     3824.486     306.3951  16.0436   0.0870     6.98    0.251 -36.02   0      22.98     1271.636     80.59303
      1029    968.3876     51.3280     3841.729     354.9758  16.0387   0.1003     4.53    0.339  27.60   0      16.06     937.0547     80.27821
      1030    357.3837     49.3769     3443.002     296.2892  16.1577   0.0935     3.63    0.108 -44.04   0      18.52     1106.663     80.96603
      1031     43.1530     47.4382     9812.586      402.106  15.0205   0.0445     4.19    0.117  15.26   0      43.45     2662.515     84.62426
      1032    597.0570     45.7850     10533.27     359.2345  14.9436   0.0370     3.96    0.128 -23.45   0      53.17     3367.689     86.88743
      1033    240.7260     46.7789     6415.928     397.0004  15.4819   0.0672     4.81    0.218 -42.48   0      26.85     1427.925     81.65607
      1034    513.5352     44.4718     18190.34     365.2057  14.3504   0.0218     3.83    0.034  49.47   3      81.84     5225.358     91.24798
      1035    521.0418     41.9840     35316.75     383.5064  13.6300   0.0118     3.88    0.145 -23.45   3      141.8     10408.35     103.8438
      1036     31.5489     45.9421     7831.592     355.1489  15.2654   0.0492     3.98    0.110  -9.90   0      36.33     2199.524     83.77613
      1037    864.2390     45.0245     3264.425     266.0823  16.2155   0.0885     3.52    0.098 -27.66   0      19.89     1269.067     81.42062
      1038    428.7644     44.1082     4457.685     345.7242  15.8772   0.0842     4.35    0.255  -2.65   0      21.09     1295.328     80.23951
      1039     58.3230     42.0540     7645.408     465.2903  15.2915   0.0661     8.25    0.471 -34.65   0      25.99     1319.442     80.93687
      1040    998.5110     39.7758     13519.05     397.8719  14.6726   0.0320     0.00    0.398 -75.16   0      50.14     1353.956     80.82483
      1041    651.7319     43.5163     3464.114     297.7285  16.1510   0.0933     4.00    0.004  85.75   0      18.37     1085.884     80.06748
      1042    994.4157   1022.1182     2761.545     242.3568  16.3971   0.0953     4.23    0.382  -7.86  16      16.68     982.8293     80.19716
      1043    467.4228     41.1586     2914.155     268.9447  16.3387   0.1002     4.14    0.145 -13.41   0      16.92     1052.597     80.81413
      1044    210.6822     39.3771     7560.886     334.1217  15.3036   0.0480     3.97    0.152  -0.05   0      38.01     2308.275      83.8693
      1045    169.3128     38.2758     10748.63     348.6251  14.9216   0.0352     3.92    0.117  -3.50   0      53.08     3260.615     86.01928
      1046    331.7415     35.3808     6277.335     310.9397  15.5056   0.0538     8.44    0.304 -15.25   0      32.14     1864.753     82.65868
      1047    967.9161     35.1443     5822.783     260.2616  15.5872   0.0485     7.06    0.521  -7.77   0      41.09     2885.533     85.02249
      1048     93.0412     34.5407     8884.826     369.8017  15.1284   0.0452     4.18    0.205 -30.55   0      40.41     2461.184     84.28264
      1049    750.6874     33.3810       2324.6     231.2278  16.5841   0.1080     3.99    0.152 -41.89   0      15.61      979.343     79.76449
      1050    424.2564     28.8495     6462.057     332.1032  15.4741   0.0558     4.11    0.217   2.68   0      34.14     2092.601     83.48556
      1051    782.4481     27.0669     4244.659      318.868  15.9304   0.0816     4.55    0.083 -39.64   0       21.4      1235.24     80.90931
      1052    179.4489   1019.4854     9367.325     391.1951  15.0710   0.0454     3.78    0.022  10.83  16         36     2202.561     83.17681
      1053    471.3358     18.7644     7999.791     434.4659  15.2423   0.0590     4.59    0.183  25.12   3      26.74     1566.405     81.83426
      1054     49.2693     40.2615     16108.15     428.9442  14.4824   0.0289     4.10    0.079 -10.03   1      64.64     4008.617      88.3569
      1055      4.4253     24.8635     3720.291     228.9324  16.0736   0.0668     4.19    0.083 -76.64  16      21.52     1251.562     81.16371
      1056    949.2837     24.5200     3606.536      293.549  16.1073   0.0884     4.10    0.146  -1.04   0      20.87     1245.664      80.3095
      1057    170.8796     24.6048       3837.9     284.9637  16.0398   0.0806     4.46    0.210   7.88   0      20.25     1169.532     80.93369
      1058   1007.4600     23.7831     2678.062     254.1969  16.4304   0.1031     3.82    0.228 -30.12   0      15.83     934.8576      80.0611
      1059    914.3047     23.4980     2390.494       286.77  16.5538   0.1303     4.74    0.239 -33.98   0      14.12      832.035     79.13029
      1060     83.1103     21.7141      10400.1     313.9387  14.9574   0.0328     3.87    0.146 -17.32   0      52.99     3312.139     86.35131
      1061     57.4940     20.9119     5554.739     332.7543  15.6383   0.0651     3.93    0.151  -2.50   0      29.88     1784.778     82.23317
      1062    638.2124   1018.6364     4350.138     313.5976  15.9037   0.0783     4.81    0.283  -7.53  16      21.82     1303.304     81.72327
      1063    867.2456     16.4735     3420.395     261.4092  16.1648   0.0830     2.12    0.300 -20.05   0       21.5     1502.872     81.65762
      1064    141.7870     16.2603     4131.027     362.2309  15.9599   0.0952     6.63    0.344 -15.97   0      16.95       906.29     80.19106
      1065    595.6022   1018.0800     5219.257     357.0424  15.7060   0.0743     3.79    0.184 -29.96  16      23.71     1547.598     81.78201
      1066    611.4617   1015.6560     6447.401     436.5673  15.4765   0.0735     9.09    0.461 -61.76  16       22.2     876.7435     80.10728
      1067    468.9062   1015.3332     22189.95     343.9286  14.1346   0.0168     3.59    0.129  -4.36  16      102.5     7182.215     95.99831
      1068    386.5467   1014.0071     34843.91     384.3274  13.6447   0.0120     3.67    0.128  -3.53  19      141.9     10456.71     103.7868
      1069    393.0183   1014.0106     13501.79     369.2099  14.6740   0.0297     3.62    0.095 -64.89  19      62.38     4091.001     88.56856
      1070    302.5549   1016.2017     3185.051     294.6604  16.2422   0.1005     3.54    0.227 -30.92   0      16.94     1038.229      80.7737
      1071    162.2410   1015.2929     6297.595      397.996  15.5021   0.0686     4.21    0.121   0.15  16      24.04     1361.693     80.63719
      1072    629.5056   1014.6929     4330.553     351.7017  15.9086   0.0882     5.90    0.070  -2.19   0      16.67     978.6559     79.97421
      1073    545.4846   1012.9759     4022.241     344.2122  15.9888   0.0929     6.40    0.221 -40.72   0      17.42      897.743     79.53165
      1074    132.4608   1011.9767     6591.289      376.335  15.4526   0.0620     4.51    0.170   7.53   0      30.14     1739.647     82.31399
      1075   1002.5202   1011.6524     2639.329     270.2806  16.4463   0.1112     4.53    0.138 -12.68   0      14.56     857.2892     79.41596
      1076    730.4672   1009.4890     5074.619     293.2456  15.7365   0.0628     3.78    0.130  25.07   0      27.47     1668.545     81.70464
      1077    315.9802   1007.5118     3408.219     320.9162  16.1687   0.1023     5.76    0.160   5.71   0      16.85     942.8217     79.66036
      1078    832.9700   1004.7742     6091.309     373.7781  15.5382   0.0666     4.23    0.051  -2.94   3       28.1     1737.788     82.71864
      1079    831.9330    999.5278     7460.805     422.3409  15.3180   0.0615     3.93    0.034 -37.93   3      24.73     1479.954     81.38634
      1080    648.2955   1003.6638     4701.888     320.5151  15.8193   0.0740     4.01    0.024  46.45   0      25.01     1475.297     81.16531
      1081    405.2254   1003.4390     13074.81     446.6773  14.7089   0.0371     3.78    0.182  -9.91   2      52.38     3395.811     87.15514
      1082    899.7041   1000.9893     9433.366      366.697  15.0633   0.0422     3.80    0.027 -15.67   0      46.73     3002.529     85.72998
      1083    680.0356    998.0876     6298.511     271.7896  15.5019   0.0469     3.87    0.213 -17.45   0      36.02     2314.568      83.4823
