#   1 NUMBER                 Running object number                                     
#   2 X_IMAGE                Object position along x                                    [pixel]
#   3 Y_IMAGE                Object position along y                                    [pixel]
#   4 FLUX_AUTO              Flux within a Kron-like elliptical aperture                [count]
#   5 FLUXERR_AUTO           RMS error for AUTO flux                                    [count]
#   6 MAG_AUTO               Kron-like elliptical aperture magnitude                    [mag]
#   7 MAGERR_AUTO            RMS error for AUTO magnitude                               [mag]
#   8 FWHM_IMAGE             FWHM assuming a gaussian core                              [pixel]
#   9 ELLIPTICITY            1 - B_IMAGE/A_IMAGE                                       
#  10 THETA_IMAGE            Position angle (CCW/x)                                     [deg]
#  11 FLAGS                  Extraction flags                                          
#  12 SNR_WIN                Gaussian-weighted SNR                                     
#  13 FLUX_APER              Flux vector within fixed circular aperture(s)              [count]
#  14 FLUXERR_APER           RMS error vector for aperture flux(es)                     [count]
         1    574.9023     93.4076       226517     524.0438  11.6122   0.0025     5.48    0.205  -5.16   0      519.3     46587.38     161.1239
         2    506.2469     14.4895     5365.844     385.2496  15.6759   0.0780     6.34    0.251 -36.74   3      24.29     1087.093     72.28354
         3    507.9408     25.4298      27962.5     480.6265  13.8836   0.0187     5.64    0.281   6.03   3      104.4     5300.694     84.65942
         4    113.5835     23.4279     13979.17     373.4859  14.6363   0.0290     5.76    0.302   5.74   0      61.17     2918.907     78.52187
         5    918.3661     19.6486     11562.41     324.4654  14.8424   0.0305     5.06    0.277   1.02   0      53.77     2678.338     77.47431
         6     70.2774     17.0923     7779.399     420.1754  15.2726   0.0587     5.68    0.365   5.78   2       26.6     1293.881     72.93082
         7    448.1816     16.0888     7641.552     450.3797  15.2920   0.0640     9.50    0.408   6.72   0      26.61     1120.329     72.38797
         8    522.2887     14.4145      22866.5     407.2268  14.1020   0.0193     5.55    0.282   4.93  16      91.36     4477.336     82.25527
         9    712.4468      9.0410        19210      507.381  14.2912   0.0287    10.25    0.365 -58.65  16      59.84     2021.833      75.5239
        10    308.3690     14.3048      10246.1     380.2014  14.9736   0.0403     6.94    0.440  -6.93  16       43.6     1956.334     74.60532
        11    744.5637     13.5177     9002.104     412.7286  15.1141   0.0498     6.01    0.319   0.13   0      36.62     1710.177     74.39867
        12    874.5618     11.1649     11986.09     330.9461  14.8033   0.0300     0.00    0.316   5.00  16      60.48      2807.56     77.85247
        13    989.1365      7.1106     135422.7      529.006  12.1708   0.0042     6.18    0.499 -14.34  27      360.5     25780.39     128.2542
        14    974.1952      4.9044     18816.66     510.5251  14.3136   0.0295    13.33    0.586 -23.05  19      50.16     1432.501      73.7291
        15    341.0675     11.0877     3222.126     274.0977  16.2296   0.0924     7.08    0.313  27.61   0      17.53     757.2695     71.23897
        16    960.8884      8.7651     5527.135     387.0946  15.6438   0.0761     6.00    0.314  -2.24  16      22.64       983.43     71.95687
        17    793.0860      8.6683     6723.159     373.5943  15.4311   0.0603     7.26    0.122  53.81  16      28.75     1257.764     72.81818
        18    289.0097      8.9997     8024.554     133.5659  15.2389   0.0181     4.22    0.006 -11.31   3      117.3      7834.13     91.35542
        19    293.4946      8.5013     5386.939     313.7129  15.6716   0.0632    11.54    0.634 -23.44  18       20.7     889.9111     71.47202
        20    471.3065      3.6431     96452.19     374.8132  12.5392   0.0042     5.60    0.368  -1.22  24      309.7     21005.53     119.3805
        21    843.9506      5.8802     4317.426      317.227  15.9119   0.0798     5.32    0.319   2.57  16      20.02     982.8237     71.95496
        22    759.7703      4.9242     3658.973     302.5689  16.0916   0.0898     7.62    0.044  61.46  16      19.49     916.7355     72.12171
        23    143.3163     13.6508     2465.736      264.679  16.5201   0.1166     5.51    0.412  44.44   0      14.39     682.8214     71.00106
        24    684.8025      3.4544     6529.143     377.9731  15.4629   0.0629     9.88    0.642   2.96  16      23.43     804.1417     71.76602
        25    724.6533      2.2187     3782.087     227.4427  16.0557   0.0653     7.10    0.396   6.40  24       20.8     968.9589     72.47284
        26    610.2986      1.7585     6825.583     293.6478  15.4147   0.0467     7.83    0.707   1.80  24      30.49     1449.075     71.92485
        27    366.6870    996.5020     7804.348      425.781  15.2692   0.0592     6.14    0.388  -6.21   0      25.14     1114.725     72.18336
        28    893.0409    995.6830     3600.383     271.9372  16.1091   0.0820     4.87    0.225   5.79   0       19.4     953.3075     71.86166
        29    874.2942    993.8453     10619.07     420.9065  14.9348   0.0430     6.83    0.351  -4.54   0      45.03     2073.835     75.14251
        30    802.2275    995.6559     4188.922     345.6843  15.9447   0.0896     7.34    0.397  -2.22   0       18.3     789.1887     71.71865
        31    768.1223    987.0092     335059.5     680.0761  11.1872   0.0022     8.82    0.417 -12.53   0      623.7     52300.27     168.9902
        32    452.3744    992.3218     53600.54      386.512  13.1771   0.0078     5.39    0.251  -5.77   0      194.6     11651.38     100.4038
        33    355.2921    993.5297      23832.1     376.7531  14.0571   0.0172     5.28    0.280  -0.06   0      100.4     5283.843     84.61417
        34    721.2181    994.1386     8168.845     425.9755  15.2196   0.0566     6.25    0.410  -2.90   1      28.81     1251.454     73.16889
        35    231.1077    989.7163     59498.62     515.3748  13.0637   0.0094     5.49    0.279  -0.84   0      200.1      11712.4     100.4073
        36    506.0976    990.5398     11098.06     330.3357  14.8869   0.0323     5.85    0.298  -5.22   0      51.72     2335.879     76.10874
        37    541.1506    984.5743     85349.55     528.5726  12.6720   0.0067    17.51    0.237  82.87   0      230.2     7741.607     91.42112
        38    936.7059    988.1919     27300.57     423.4834  13.9096   0.0168     5.92    0.336  -2.15   0      108.4     5627.808     85.69094
        39    578.6056    987.2502     14539.47     302.9238  14.5936   0.0226     5.47    0.261  -2.37   0      67.88     3390.664     79.70625
        40    387.0659    988.7168     4370.229      325.674  15.8987   0.0809     5.99    0.234  -2.96   0      20.65     974.1584     72.11525
        41    201.2607    989.7027     3966.133     335.6161  16.0041   0.0919     5.46    0.434  26.65   0       15.8     646.1268     70.88351
        42    116.6935    990.1257     2711.555     242.2347  16.4170   0.0970     6.37    0.463  -0.59   0      14.98     663.1342     70.93801
        43    281.2313    987.2486     7332.809     434.9541  15.3368   0.0644     6.58    0.272  -8.39   0      26.08     1143.672     73.01868
        44   1006.5427    981.4833     50011.75     474.1354  13.2523   0.0103     6.10    0.154   9.28   2      158.9     7091.168      89.1854
        45    619.1999    986.0070     7515.642     351.7287  15.3101   0.0508     5.51    0.212  -6.24   0      34.17     1572.561     74.15958
        46    395.3511    987.0775     5260.744     336.4916  15.6974   0.0695     6.29    0.385 -10.00   0       23.8     1074.051     72.42938
        47    150.5202    986.3587      10116.4     280.9611  14.9874   0.0302     5.96    0.363   3.85   0      47.76     2299.261     76.17696
        48    643.9113    983.1318     40799.93     368.0533  13.4734   0.0098     5.47    0.271  -3.59   0      159.6     9171.296     94.33742
        49    210.8558    984.3369     4572.193     383.9019  15.8497   0.0912     6.99    0.582   6.06   0      16.51      670.501     71.53076
        50     27.9593    984.1921     5625.677      404.232  15.6246   0.0780     6.61    0.560  19.07   0      17.47     616.6389     71.54858
        51    247.8658    981.3420     17546.58     489.6772  14.3895   0.0303     5.52    0.317   5.47   2      51.95     2234.365     76.16077
        52    859.6119    974.2625     32732.19       417.58  13.7126   0.0139     5.82    0.367  -1.17   3      124.2     6514.012     88.00999
        53    865.0855    965.7338     173071.1     568.0155  11.9044   0.0036     5.37    0.340  30.09   3      432.3     35192.39     144.0637
        54    282.8904    976.1182     9592.337     501.7093  15.0452   0.0568     9.06    0.225 -40.77   0      28.03     1151.693      72.6726
        55    262.6249    975.0939     13679.27     529.7197  14.6598   0.0421     5.77    0.268  -4.13   0      37.02     1743.233     74.13584
        56    184.0594    974.8055     11224.51     286.6115  14.8746   0.0277     5.51    0.272  -3.82   0      54.73     2709.131     77.73866
        57     89.5193    971.6058     12289.53     401.2804  14.7762   0.0355     6.20    0.158  16.58   0      47.35     2097.969     75.93088
        58    307.0269    974.4296     5046.492     392.0188  15.7425   0.0844     7.41    0.527 -14.89   0      17.94     724.5429     71.89052
        59    970.9988    972.3226     3548.611      138.508  16.1249   0.0424     1.05    0.176  88.21   0      60.76      3739.59     80.52737
        60    838.0981    969.8865      8701.62     518.5352  15.1510   0.0647     9.97    0.261 -86.83   2      27.65     796.5885     71.17464
        61    946.7543    969.7344     4538.978     320.5638  15.8576   0.0767     5.12    0.319  -9.20   0      20.97     977.3384     72.31243
        62    379.2023    970.9418     2753.615     132.1796  16.4002   0.0521     2.71    0.234 -22.49   0      56.77     2424.473     76.90195
        63    445.4191    965.6663      21366.4     348.1712  14.1757   0.0177     5.68    0.265   8.78   0      89.72     4326.526     82.33152
        64    809.0137    962.1133     9905.986     418.9111  15.0103   0.0459     5.71    0.318   4.87   2       39.6     1917.019     75.02788
        65    419.6564    967.5756     3790.498     280.6547  16.0533   0.0804     6.07    0.402  -7.09   0      20.28     990.3495     72.35332
        66    148.6087    964.3644     3908.961     208.9927  16.0198   0.0581     4.56    0.221  11.83   0      22.42       1106.5     73.08805
        67     81.0311    963.0806     16622.83     385.7503  14.4482   0.0252     5.65    0.328  -2.40   0      71.12      3557.22     80.01101
        68    784.7783    963.9373     4054.378      349.485  15.9802   0.0936     6.60    0.507   3.12   0      16.94      732.427     71.53856
        69    400.1596    962.5763     2911.229     271.3606  16.3398   0.1012     5.89    0.370  19.34   0      16.18     770.2455     72.03486
        70    263.0747    960.1026     9509.065     143.3252  15.0547   0.0164     0.00    0.252  53.65   0        130     9145.627     94.27556
        71   1022.0001    958.4874     6125.634     305.5241  15.5321   0.0542     6.26    0.339  18.91  27      27.98     1323.884     73.39352
        72   1021.0318    952.5435     11510.29     372.8878  14.8473   0.0352     5.79    0.143  -9.21  27      42.23     1960.239     75.15868
        73    829.4366    959.7753     4087.993     250.3646  15.9712   0.0665     7.11    0.467 -10.00   0       22.4     1056.638     73.11794
        74    326.5732    958.3358       8868.3     441.1505  15.1304   0.0540     5.69    0.306  -6.33   0      32.39     1505.846     73.77185
        75    671.9298    958.2344     6193.271     330.0298  15.5202   0.0579     5.84    0.363   5.76   0      29.16     1391.948     73.60399
        76    931.8340    956.2134     14216.48       384.33  14.6180   0.0294     5.82    0.330  -4.37   0      62.99       3201.9     79.50693
        77    690.8285    956.8337     5173.842     241.7545  15.7155   0.0507     6.44    0.384  -2.92   0      27.08     1237.383     73.49392
        78    547.8435    957.7171     4877.018     324.9894  15.7796   0.0724     8.35    0.641  -3.00   0      19.43     852.3484     71.54166
        79    123.2099    958.0615     2515.988     230.6126  16.4982   0.0995     5.52    0.390   9.53   0      14.86     712.4777     71.66401
        80    282.7543    956.0806      6170.96      145.094  15.5241   0.0255     4.96    0.286 -19.20   0      93.93     5330.579     84.57995
        81    977.5355    955.3509     10291.98     502.0261  14.9688   0.0530     7.17    0.408 -10.00   0      29.88     1143.644     72.83324
        82    863.6072    950.4124     10259.25     506.0339  14.9722   0.0536     9.47    0.449   9.37   0      31.89     1250.128     73.16476
        83    606.7305    939.7936     786136.3     756.9167  10.2613   0.0010     7.16    0.223  -2.73   0       1055     162906.2     280.7724
        84    479.9920    948.8121     13661.03     574.3952  14.6613   0.0457    11.79    0.586  19.55   0      35.86     1454.425     73.79665
        85    470.9658    954.9532     6719.094     396.4118  15.4317   0.0641     5.80    0.353   2.00   0      26.89     1277.266     73.24902
        86    776.3105    949.2123     5983.686     345.8867  15.5576   0.0628     5.50    0.319   3.93   0      27.75      1375.41     73.18445
        87    583.1635    947.7775     13872.68     473.2034  14.6446   0.0370     6.35    0.306 -10.16   0      46.96     2315.331     76.93092
        88    957.1961    946.9956     11015.38     388.5682  14.8950   0.0383     5.81    0.382  -5.54   2      47.15     2301.861     76.36193
        89    316.9581    945.0505      51927.5     451.7176  13.2115   0.0094     5.44    0.264  -4.32   0      180.7     10720.22     98.41088
        90    730.5850    945.3007     11275.32     319.0112  14.8697   0.0307     5.37    0.318  -5.16   0      53.59      2702.34      77.1953
        91    874.6188    944.7728     5574.707     395.7551  15.6344   0.0771     6.44    0.343   4.12   0       19.6     871.7925     72.35454
        92    842.7803    943.0012     13207.39     380.1941  14.6980   0.0313     6.24    0.366   2.51   0       54.8     2551.336     77.10085
        93    697.6583    941.8854     41972.15      381.389  13.4426   0.0099     5.44    0.307  -5.75   0      160.9     9286.001     94.61336
        94    650.1054    941.1513     21863.28     409.1517  14.1507   0.0203     5.48    0.246  -5.27   2      89.14     4497.092     82.14546
        95    651.6740    934.3297     6545.539     317.7576  15.4601   0.0527     5.58    0.350   0.81   3      30.24     1332.563     73.23606
        96    672.2839    940.3769     16688.22     351.8913  14.4440   0.0229     5.54    0.312  -1.70   0       72.4     3583.189     79.74647
        97    389.4222    942.5538     8043.077     159.0043  15.2364   0.0215     0.89    0.019  70.84   0      95.51     7687.273     91.28595
        98    920.1466    938.6981     11277.46     319.0128  14.8695   0.0307     5.36    0.317  -6.72   0      53.64     2545.917     76.55704
        99    814.7057    967.5092      4814.45       353.82  15.7936   0.0798     5.09    0.319  12.70   3      21.48     977.8751     72.12696
       100    162.1051    939.6811     6510.781     279.2419  15.4659   0.0466     5.94    0.329  -9.78   0      31.21     1427.699      73.5307
       101    141.2814    937.1812     9623.724     378.9385  15.0416   0.0428     8.98    0.330  38.49   2      34.12     1487.761     73.89925
       102    146.5117    934.4880     3890.192     255.5305  16.0251   0.0713     6.21    0.426   8.38   3      23.67     1113.336     72.55254
       103    777.5876    936.6102     13692.19      409.568  14.6588   0.0325     6.17    0.298   2.24   0      55.29     2534.942     77.05251
       104    995.3699    935.9103      9853.81      343.537  15.0160   0.0379     6.77    0.330   0.86   0      46.19     2187.707     75.66499
       105    327.7223    936.7119     3712.558     184.7353  16.0758   0.0540     1.22    0.142  45.51   0      41.03      2625.24     76.96797
       106    501.3351    942.9946     3307.062     336.1761  16.2014   0.1104     5.53    0.480 -66.11   0      15.45     495.8401     70.97365
       107     46.2813    933.0308     9244.377     385.7831  15.0853   0.0453     5.20    0.315  -1.13   0      43.17     2108.156     75.78322
       108    865.7648    930.3384      11755.8      423.918  14.8244   0.0392     6.00    0.216  -4.57   0      46.92     2166.379     75.95763
       109    689.2941    932.9301     5592.335     395.7653  15.6310   0.0769     6.03    0.405  -3.22   0      21.47     1015.531     72.05819
       110    380.7299    932.9395     5620.221     345.6478  15.6256   0.0668     6.51    0.382  -4.17   0      25.61     1187.718     72.97064
       111    796.5245    932.0048     9343.278     467.4222  15.0738   0.0543     6.36    0.263  -2.45   3      32.65     1479.621     73.87421
       112    796.6417    926.5916     10001.22        446.3  14.9999   0.0485    10.84    0.653 -24.76   2      34.35     1494.704     74.46713
       113    455.2855    931.2064     2702.648     255.7966  16.4205   0.1028     5.78    0.330  18.19   0       16.5     824.7654     72.01923
       114    347.4261    926.9238     71874.84     429.0166  12.8586   0.0065     5.43    0.230  -2.31   0      239.9     15487.31     108.7407
       115    909.0068    928.6277     9692.028     310.3509  15.0340   0.0348     5.55    0.320  -2.89   0      46.44     2301.652     76.53811
       116    950.0753    928.4824     4379.113     301.9925  15.8965   0.0749     5.86    0.388   0.21   0      22.84      1067.57     72.03474
       117     90.2094    928.2457     3411.811     276.7082  16.1675   0.0881     6.11    0.224 -24.36   0      18.29      845.749     72.27268
       118    884.2658    924.8891     7986.856     399.6824  15.2441   0.0543     5.78    0.369   0.14   0      32.66     1574.768     73.80096
       119   1021.5013    921.6785     4748.541     302.2704  15.8086   0.0691     7.72    0.267   8.23  24      21.51     947.6542      71.6554
       120     92.9793    922.4558     7799.425     392.7521  15.2698   0.0547     7.74    0.347 -15.82   0      22.09     885.6211      72.0236
       121    634.0287    918.5118     9268.912     420.1768  15.0824   0.0492     5.58    0.415  -5.07   2      38.12     1273.557     72.86746
       122    333.5070    919.2301     7956.049     309.0771  15.2483   0.0422     9.68    0.311  17.60   0      39.35     1612.774     73.55128
       123    248.6365    918.4897     4798.912     340.1764  15.7971   0.0770     5.73    0.357   0.06   0      24.12      1121.29     72.39098
       124    197.8393    913.2269        26747     432.6621  13.9318   0.0176     6.85    0.156 -18.48   0      103.3     5372.481     85.32846
       125     45.1988    908.0115     640188.8     725.8498  10.4842   0.0012     5.44    0.324 -10.03   0      934.8     128307.3     251.2097
       126     96.8991    910.6860     30504.46     398.9588  13.7891   0.0142     5.48    0.285   0.69   2      112.2      5793.81       85.658
       127    303.5944    914.3250     13609.19     297.7191  14.6654   0.0238     5.59    0.327  -2.84   0      64.11     3188.895     78.78647
       128    184.9250    914.2468     4118.809     316.0172  15.9631   0.0833     5.33    0.230   3.71   0      20.15      1001.06     72.19998
       129    486.1824    912.9246     4339.966     296.3149  15.9063   0.0741     6.33    0.301  12.20   0      20.42     988.6171     72.53446
       130      4.1234    912.1775     7854.345      297.866  15.2622   0.0412     7.45    0.313  24.81  24      36.64     1537.536     74.05217
       131    442.4066    912.5033     5622.742     304.0404  15.6251   0.0587     0.00    0.338  10.14   0      28.01     1782.827     74.80119
       132    401.7794    911.7089     8338.747     433.9247  15.1972   0.0565     2.46    0.376  10.81   2      26.35     1309.752     72.79482
       133    166.8864    913.0473     2867.784     255.9432  16.3561   0.0969     5.90    0.402   7.54   0      16.74     812.5819     71.41521
       134    273.5103    906.5089     57232.82     408.9773  13.1059   0.0078     5.49    0.304 -10.25   0      199.9     11975.45      101.001
       135    135.3456    909.3074     13635.69     470.2238  14.6633   0.0375    10.87    0.430  10.96   0      47.26     2081.402       75.345
       136    965.5768    908.2520     6117.891     349.8599  15.5335   0.0621     5.23    0.355  -7.76   0      29.89     1534.073     74.22387
       137    946.5822    906.4366     4745.204      345.072  15.8094   0.0790     6.14    0.119 -38.14   0      22.03     933.4265     72.73395
       138    590.7971    901.6175     59390.47     689.2516  13.0657   0.0126     6.25    0.279 -12.16   2      139.9     5589.838     85.59018
       139    432.9632    907.3231     11314.91      516.418  14.8659   0.0496     7.17    0.340  -9.92   0      27.45     1106.253     72.71648
       140    350.9568    903.3369     7053.729     311.6825  15.3790   0.0480    11.33    0.403 -36.33   0      25.45      745.285     71.57939
       141    496.6557    902.3746     3379.849     297.8553  16.1778   0.0957     5.78    0.277   4.88   0      15.09     703.9575     71.44805
       142    990.8969    901.9102     3691.178      316.778  16.0821   0.0932     7.01    0.617   5.42   0       16.6     688.1521     71.01812
       143    882.9415    894.4160     103050.6     445.2259  12.4674   0.0047     5.46    0.223  -8.70   0      310.4     21797.69     121.3257
       144    116.7822    899.9165     16268.62     364.8264  14.4716   0.0244     5.58    0.306  -5.31   0      68.89     3482.813     79.79938
       145    906.7891    897.3379     6900.652     354.2048  15.4028   0.0557     9.82    0.341 -13.93   0      32.71     1511.039      73.9708
       146   1013.5621    896.3055      6873.29     294.8331  15.4071   0.0466     7.80    0.367 -11.42  16      33.37     1532.934     73.30415
       147    533.9097    895.1231      20791.4     454.7435  14.2053   0.0238     5.81    0.274 -14.81   0      79.55     3846.238     80.49265
       148    432.7744    895.1862     33034.12     514.8503  13.7026   0.0169     5.71    0.297  -5.84   0      113.2     5856.953     86.45304
       149    352.5946    896.8643     4970.475     169.1641  15.7590   0.0370     2.45    0.466 -63.81   1      49.61     3973.468     81.35107
       150    925.2822    892.3647     64326.13     435.2123  12.9790   0.0073     5.95    0.340 -16.87   0      209.9     11739.06     100.4676
       151    647.4395    891.8200     62694.97     431.2366  13.0069   0.0075     5.40    0.190  -4.45   3      214.7     13542.73     104.9844
       152    646.0190    881.2402      27602.3     468.3471  13.8976   0.0184     5.56    0.262  -2.23   3      100.5     5193.439     85.00939
       153    501.9590    894.3257     5616.309     394.0677  15.6264   0.0762     5.67    0.331   8.45   0      21.51     1020.513     72.44801
       154    136.6544    891.4183     11464.94     389.6991  14.8516   0.0369    11.23    0.211 -31.33   0      50.46     1968.008     75.54089
       155    218.0792    892.6889     4625.991     321.6776  15.8370   0.0755     6.02    0.396  -4.30   0      22.07     1055.313     72.18356
       156     24.6392    891.7847     4977.336     328.1633  15.7575   0.0716     6.22    0.258  -1.97   0      25.28     1185.804     73.51833
       157    715.0615    890.6906     9393.992     469.6106  15.0679   0.0543     5.87    0.434  -1.79   0      29.79     1469.025     73.47459
       158    106.3243    891.1921     6066.062     377.6945  15.5427   0.0676     5.03    0.281   0.59   0      27.24     1312.248     73.35748
       159    740.8337    890.6160     4054.379     205.8942  15.9802   0.0552     5.29    0.358  -2.58   0      24.05     1158.522     73.43394
       160    865.6664    887.7233     25463.11     398.6277  13.9852   0.0170    12.48    0.342  11.52   0      100.2      4971.07     83.60834
       161    332.8533    888.1481     5573.269      244.905  15.6347   0.0477     5.83    0.363  -0.25   0      29.79     1542.985     74.43297
       162    801.6164    885.0262     21069.87     458.5818  14.1908   0.0236     5.57    0.356  -2.98   0      79.52     4079.536     81.81225
       163    572.5903    887.3408     4346.215     298.5917  15.9047   0.0746     5.69    0.331  -7.99   0       23.3     1093.672     72.86288
       164    474.8719    885.5430     13929.14     566.2068  14.6402   0.0441     8.52    0.409 -24.64   0      35.45     1195.893      72.8107
       165    359.4151    885.4905     6575.602      244.455  15.4552   0.0404     5.33    0.307   2.26   0      34.75     1730.586     74.27925
       166     14.0919    885.8058     5221.234     393.8398  15.7056   0.0819     5.76    0.170 -34.51   3      21.45     909.7257     72.09962
       167     18.0066    882.0005     3468.501      271.827  16.1496   0.0851     6.76    0.372  -1.61   3      20.47     989.6374     72.35108
       168    343.5518    884.4084     6442.484     297.9232  15.4774   0.0502     5.63    0.316   1.97   0      32.42     1539.102     74.23926
       169     80.9155    883.3438     23218.38      464.763  14.0854   0.0217     7.42    0.455  -1.96   0      82.49     3984.955     80.88338
       170    104.2414    884.2604     5793.417     400.9694  15.5927   0.0752     6.06    0.327   4.94   0      20.94     921.0613     72.13535
       171    691.4470    882.9994      5631.32     269.8991  15.6235   0.0521     6.02    0.345  -5.35   0      28.12     1303.015     73.32887
       172    265.2299    881.2895     5864.383     380.2485  15.5794   0.0704     5.68    0.373   0.34   0      23.21     1068.674     72.22561
       173    254.7328    880.1809     12564.75     589.6429  14.7521   0.0510    11.00    0.523  37.78   1      29.34     901.1948     72.26002
       174    162.0039    880.8199     3368.379      125.393  16.1814   0.0404     1.02    0.099  89.23   0      63.42     3529.299     79.93166
       175    539.1354    876.0135     19428.54     447.3139  14.2789   0.0250     5.53    0.367  -0.92   0      76.16     3882.707     80.93028
       176    190.3278    864.4506     240806.6     536.5402  11.5458   0.0024     5.44    0.238  -2.58   3      538.3     49768.68     165.4688
       177    781.8540    874.5604      4447.76      319.443  15.8796   0.0780     6.22    0.278  -2.30   0       22.3     1017.942     72.62628
       178    623.2627    872.7145     6940.829     342.5922  15.3965   0.0536     9.61    0.327  14.49   0      30.45     1324.407     73.02589
       179    412.1043    884.8561     87159.51     424.4875  12.6492   0.0053     5.39    0.268  -0.28   0      277.8     18742.36     114.9913
       180    711.7230    872.6128     5227.873       344.41  15.7042   0.0715     8.60    0.693 -14.59   0      20.37     1286.261     73.27692
       181    258.4140    867.3406     113576.1     471.8149  12.3618   0.0045     5.98    0.207  -2.51   0      327.4     23100.24     123.7416
       182    661.1185    868.8314     27462.23     427.5404  13.9032   0.0169     5.38    0.288  -4.84   0      107.9     5800.497     86.14774
       183    278.7043    866.0046      75908.9     443.5111  12.7993   0.0063     5.53    0.275  -4.16   2      250.3     16363.35     110.5565
       184    994.5218    866.4869     28286.75     563.0089  13.8710   0.0216     9.23    0.422  -9.39   0      84.27     3483.891     79.46297
       185    980.9693    869.3469     7137.888     442.5547  15.3661   0.0673     7.92    0.473  -2.53   3      22.65     1018.186      72.4407
       186    977.0001    862.8602     11731.92     562.9282  14.8266   0.0521    11.17    0.383  62.36   2      33.89     1009.372     72.41304
       187    200.1140    872.1921     43894.79     453.6564  13.3940   0.0112     6.56    0.351 -10.07   3      148.7     7501.883     90.52508
       188     60.3076    864.5488     23369.58     368.3072  14.0784   0.0171     5.51    0.261  -9.47   0       97.4     4894.017     83.39862
       189    120.2591    865.5663     11589.08     385.4124  14.8399   0.0361     5.57    0.267   1.85   0      48.97     2317.307     76.40788
       190    602.4813    865.8580     3983.924     328.5049  15.9992   0.0895     4.07    0.084 -68.93   0      17.36     795.7523     71.36163
       191    886.1130    863.4072     5930.845     363.9427  15.5672   0.0666     5.54    0.413  -3.42   3      22.62     1059.272     72.56949
       192    894.4236    859.0465     16530.95     445.0807  14.4543   0.0292     6.11    0.381  -6.80   3      62.45     3185.869      79.2908
       193    903.8715    858.0112      6330.77     305.6766  15.4964   0.0524     9.01    0.393  -8.30   3      32.72     1651.161     74.40008
       194    709.8863    862.7718     4715.515     375.0834  15.8162   0.0864     6.96    0.315   1.43   0      20.75     844.3738     71.51632
       195    936.2163    861.1123     8849.698     323.6056  15.1327   0.0397     5.54    0.355   2.57   0       43.3     2082.033     75.52608
       196    561.1948    862.5062     5282.404      357.917  15.6929   0.0736     5.66    0.422  -4.23   0      24.02     1097.045     72.68769
       197     76.3606    861.5406      6568.84     357.7898  15.4563   0.0592     9.99    0.313 -18.07   0      29.95     1270.043      73.2266
       198    957.8306    862.1093     2539.796     259.5869  16.4880   0.1110     4.42    0.381  -8.47   0      14.31     733.2313     70.78134
       199    740.4939    860.1912     8369.876     269.7011  15.1932   0.0350     5.53    0.326  -0.71   0      41.95     1999.981     75.45811
       200    425.0228    859.9375     9243.061     276.6129  15.0855   0.0325     5.55    0.315  -0.44   0      45.93     2307.758     76.55624
       201     98.1145    860.5338     7084.305     329.6193  15.3743   0.0505     6.12    0.355   7.24   0       32.3     1499.494     73.75228
       202      2.8272    852.8112     15364.46     302.4268  14.5337   0.0214     6.27    0.294  82.08  24      75.41     3666.383     80.48859
       203    263.6316    853.6153     9469.048     397.9853  15.0592   0.0456     5.93    0.348  -9.15   0      39.02     1854.983     75.37959
       204    581.5323    850.9160     41449.44     433.3555  13.4562   0.0114     5.56    0.291  -4.53   0      149.5     8266.395     92.13158
       205    884.1436    850.9301     8858.595     419.9548  15.1316   0.0515     5.84    0.284  -4.20   0      33.99      1560.25     73.93927
       206    671.3337    846.8965       147677     619.2028  12.0767   0.0046     6.89    0.376 -44.80   0      367.6      23031.5     123.2868
       207    847.7618    850.5361     3135.129     248.1401  16.2594   0.0860     5.38    0.209  -2.15   0      17.69     852.3892     71.91866
       208    430.6956    849.7862     5394.938     240.5617  15.6700   0.0484     8.73    0.266  20.46   0      30.78      1318.38     73.19203
       209    481.6810    849.3596     4277.595     217.3123  15.9220   0.0552     4.92    0.220   1.83   0       23.8     1121.968     72.39311
       210    199.6708    848.3111      19636.8     703.4516  14.2673   0.0389     9.43    0.335  55.53   0      39.82     1666.469     74.08281
       211    176.3381    847.3597      3989.97     315.9245  15.9976   0.0860     4.70    0.112 -23.59   0      19.88     925.9634     72.15079
       212    717.2955    846.1483     5013.025     238.7896  15.7498   0.0517     6.07    0.313   0.65   0      25.31     1094.246     72.11885
       213    922.5410    845.4023     3304.179     260.2552  16.2023   0.0855     5.35    0.434  11.12   0      16.85     804.2379     71.95442
       214    999.9924    843.0829     16669.72     448.1776  14.4452   0.0292     5.83    0.349  -4.25   0      65.28      3256.74     79.32347
       215    362.6831    845.0487      3455.56     282.7834  16.1537   0.0889     6.07    0.493  -3.99   0      19.13     911.4771     71.72925
       216    508.2273    840.4877     15264.52      365.127  14.5408   0.0260    11.76    0.576   8.10   0      54.33     1917.803     74.84989
       217    277.6219    839.9846     21257.11     356.7295  14.1812   0.0182     5.70    0.290  -6.64   0      89.39     4540.748     82.92076
       218    149.7202    840.4042     6385.358      402.146  15.4870   0.0684     5.73    0.259   3.73   0      24.88      1089.96      72.8513
       219    772.7623    839.1444     8846.967     457.6814  15.1330   0.0562     6.15    0.301  -5.91   0      30.47     1382.579     73.75854
       220    618.0599    837.2784     12485.17     477.5161  14.7590   0.0415     5.93    0.302  -3.57   0      44.29     2125.836     75.47891
       221    869.7706    834.0114     57791.52     424.6846  13.0953   0.0080     5.55    0.153  -4.17   0        201     12140.67     101.6384
       222    914.9459    835.5135     13181.17     297.3922  14.7001   0.0245     9.38    0.337  -0.79   0      72.81     4817.894     83.19092
       223    759.0411    834.5767     16208.49     400.9736  14.4756   0.0269     5.20    0.249   2.32   0      66.87      3382.96     79.85373
       224    215.2798    836.0886     8405.165     392.2419  15.1886   0.0507     5.91    0.398  -5.08   0       35.9      1674.36     74.28918
       225     46.2816    835.9406     3623.949     271.9569  16.1020   0.0815     5.13    0.243  16.76   0      21.13     1019.097     72.06944
       226    739.5861    833.2422     16936.87     390.2886  14.4279   0.0250     5.66    0.195   6.89   0      69.67     3479.565      80.1282
       227    993.6561    833.1104     8428.833     456.7344  15.1856   0.0588     6.13    0.208  12.97   3      27.02     1190.288     72.60728
       228    998.1057    828.1028     16209.55     498.6357  14.4756   0.0334     7.77    0.400  -6.28   3      51.57     2285.682     75.78054
       229   1004.0222    827.6287     8222.783     331.4245  15.2125   0.0438     5.31    0.185   1.64   3      38.73      1819.37     75.27215
       230    638.0533    834.2134      8231.25     436.1986  15.2113   0.0576     5.87    0.354 -11.47   0      26.15     1264.948     73.39518
       231    115.0736    833.5120     4354.477     332.8471  15.9027   0.0830     7.04    0.453  10.26   1      21.19     952.5983     71.85942
       232    356.5562    826.1904     15349.31     406.3497  14.5348   0.0288    10.65    0.384 -74.83   0      51.58     1723.905     74.98335
       233     68.2121    830.4962     5440.852     425.3128  15.6608   0.0849     8.52    0.402  40.50   0      20.26     729.9114     71.53056
       234    466.8310    828.6609     22453.53     344.9841  14.1218   0.0167     5.41    0.357 -12.77   2      92.13     4891.565     83.71548
       235    382.2191    829.4885     9151.102     323.8172  15.0963   0.0384     5.40    0.287  -1.42   0      44.44     2127.174     75.48294
       236     28.9162    829.1765     12766.84     299.3417  14.7348   0.0255     5.95    0.315  -4.71   0      58.85     2832.906     77.57875
       237    573.6318    829.1937     7877.939     397.9257  15.2590   0.0549     6.10    0.415   3.38   0      32.25     1620.703     74.66989
       238    802.0867    827.6645     3400.995     269.2723  16.1710   0.0860     5.30    0.212  -0.68   0      18.66     886.3613     71.64963
       239    502.6529    825.8046     9942.277     392.2711  15.0063   0.0428     5.98    0.346 -15.28   0      44.09     2072.498     75.85461
       240    598.6255    825.2050      14915.5     493.2734  14.5659   0.0359     5.89    0.353  -9.41   0      47.89     2385.173     76.78571
       241    271.1145    824.6866     5980.719     367.6687  15.5581   0.0668     5.97    0.372   5.38   0      27.09     1272.899     73.05067
       242    124.7625    834.8366     11054.06     427.5121  14.8912   0.0420     5.41    0.229 -15.82   0       44.7     2162.932     75.94731
       243    646.2469    824.5429     4036.339      342.638  15.9850   0.0922     6.83    0.192   2.15   0      17.18     735.0791     71.73565
       244    154.7553    823.0411     9159.624     352.7894  15.0953   0.0418    11.32    0.514 -14.92   0      34.72     1435.627     73.55521
       245    865.7094    821.3176     15962.84     419.7763  14.4922   0.0286     5.00    0.277  -5.13   0      66.63     3366.176     79.29622
       246    837.8830    822.9231     5736.053     226.4215  15.6035   0.0429     8.24    0.434 -41.11   0      37.22     1812.125     74.34674
       247    673.1554    821.0253     17736.79     375.7656  14.3778   0.0230    10.92    0.357   7.79   0      75.66     3181.598     79.27856
       248    586.6562    819.8189     15878.22     378.2304  14.4980   0.0259     5.95    0.328  -4.13   0      67.89     3421.601     79.79442
       249     85.1612    819.2177     3587.286     285.2682  16.1131   0.0864     6.83    0.352   2.42   0      18.75     865.6046     72.52171
       250    612.6238    816.0587     8667.365     465.6443  15.1553   0.0583     5.82    0.233  -1.28   0      27.24     1148.019     72.84689
       251    406.4425    833.1926     3222.955     320.6848  16.2294   0.1081     6.73    0.376  24.59   0      15.41     653.1537     71.66447
       252    262.3104    813.4907     33335.61     410.5665  13.6927   0.0134     5.57    0.279  -4.18   0      128.4     6867.911     88.76704
       253     71.0826    816.0546     9185.792     454.8878  15.0922   0.0538     6.60    0.334   4.17   0       29.9     1354.918     73.12078
       254      4.3359    810.0056      83305.3     352.6637  12.6983   0.0046     5.47    0.056   5.18  24        289     21216.82     120.2326
       255    555.5593    808.5869     118206.8     452.8965  12.3184   0.0042     5.10    0.226  -6.53   2      343.9     26541.84     130.1169
       256     23.9160    812.1031     8951.463     395.9866  15.1203   0.0480     5.42    0.269  -9.98   0      41.52     1956.315     74.96674
       257   1009.2810    811.2477     12020.27      394.331  14.8002   0.0356     5.71    0.344  -0.30   0       53.4     2642.002     77.01745
       258    987.3095    812.5135     3961.172     329.5162  16.0054   0.0903     5.14    0.203  -0.11   0      17.42     803.6636     71.57592
       259    824.9407    809.3950     12004.72     330.9589  14.8016   0.0299     5.75    0.306  -5.55   0      55.65      2676.87     77.64429
       260    665.4050    807.8557     8833.822     403.5273  15.1346   0.0496     9.54    0.378   2.42   0      35.57     1673.337     74.64907
       261    613.2753    807.0738      6202.54     355.6619  15.5186   0.0623     5.54    0.302   1.78   0      27.98     1298.515     72.94526
       262     92.6812    807.7830     4400.263     160.1687  15.8913   0.0395     0.00    0.472  34.04   0      75.27     3916.273     81.02448
       263    927.3159    806.2808     2826.947      239.538  16.3717   0.0920     6.18    0.353  -7.68   0      14.81     704.2492     71.06962
       264    631.6927    800.4829     9366.316     416.1895  15.0711   0.0483    10.36    0.242  14.80   0      38.67     1700.193     74.36817
       265    430.6034    799.4847     16186.25      423.104  14.4771   0.0284     6.18    0.346 -10.12   2      61.78      3068.53     78.78237
       266    183.3580    799.7084     6068.052     374.0999  15.5424   0.0670     5.19    0.293   4.19   0       25.9     1269.149     72.85371
       267    700.8665    791.0918     54946.51     540.3024  13.1501   0.0107     5.85    0.243  -3.40   3      166.5     9342.602     94.89177
       268    688.1464    786.4252     59267.15     414.2055  13.0680   0.0076     5.34    0.273  -2.02   3      206.4     12451.58     102.1991
       269     83.4096    798.6282      4567.15     278.8699  15.8509   0.0663     5.31    0.372  -0.11   0       23.2     1109.128     72.91107
       270     45.0972    797.5259       8801.1     405.1803  15.1387   0.0500     5.72    0.272  -7.44   0      36.91     1726.837     74.08556
       271    335.5140    792.3199     89109.28     469.3333  12.6252   0.0057     7.64    0.352   6.80   0      257.7      13989.5     105.3074
       272    244.0623    795.9949     5453.118     286.7509  15.6584   0.0571     5.24    0.304  -5.88   0      26.89     1295.682     73.49029
       273   1005.7443    795.5017     2467.382     242.0055  16.5194   0.1065     4.02    0.221 -34.27   0       15.2     802.7312     71.38386
       274    490.3363    793.7020     18206.22     322.8665  14.3495   0.0193     5.49    0.308  -4.83   0      82.58     4202.098     81.49124
       275     19.7322    795.5400     5111.143     280.5201  15.7287   0.0596     3.66    0.367 -10.27   0       27.3     1415.196     73.67574
       276    755.8610    790.1597     18194.23     425.7715  14.3502   0.0254     5.64    0.336  -5.71   0      73.66     3657.523     80.29542
       277    126.7149    791.9300     7342.784     291.7404  15.3353   0.0431     5.11    0.386  -0.38   0      36.43       1749.3     74.33649
       278    184.3671    787.5293     16216.77     439.5716  14.4751   0.0294     7.21    0.341 -28.42   0      58.08     2333.204     76.45515
       279    895.3344    787.1409     11944.87     425.6102  14.8070   0.0387     5.88    0.284  -7.57   0      48.47     2220.981     76.12083
       280    557.2091    779.1925     477845.7     636.9912  10.8018   0.0014     5.38    0.201  -4.68   2      807.5     101730.6     225.8895
       281    552.6324    763.3254     105215.1     450.8491  12.4448   0.0047     5.31    0.215   0.62   3      314.3     22273.42     122.1029
       282    962.0537    783.7698     196568.4     512.8707  11.7662   0.0028     5.50    0.247  -2.92   0      475.6     42150.14     154.6511
       283    365.2437    784.0517     28444.18     356.5721  13.8650   0.0136     5.40    0.261  -3.04   0      117.2     6367.971     87.78616
       284     43.6472    786.2848      2361.81     157.2496  16.5669   0.0723     1.81    0.239 -36.72   0      37.88     2217.896     75.75561
       285    616.8998    783.2804     4788.667      265.396  15.7995   0.0602     5.18    0.262  -6.86   0      25.36     1219.222     72.51163
       286   1005.9061    781.9745     3354.444     286.2655  16.1859   0.0927     5.11    0.136   3.76   0      19.47     944.4812     71.64533
       287     86.8149    783.2294     12173.67     336.1394  14.7864   0.0300     5.96    0.324   1.31   0      53.67     2573.687     77.51624
       288    851.9359    777.6561     19544.89     645.2958  14.2724   0.0359    11.01    0.356  28.30   0      52.19       1799.2     75.03129
       289    631.6255    790.5797     6963.718     314.8531  15.3929   0.0491     5.65    0.283   5.20   0      34.89     1609.311     74.63521
       290    731.7863    777.5845     21484.97      563.264  14.1697   0.0285     6.02    0.315  15.56   3      71.35     3382.363     79.51277
       291    714.9041    770.4257     25163.95     438.0451  13.9981   0.0189     6.01    0.269 -12.76   3      93.37     4453.738     81.86047
       292    722.2943    768.9807     20111.77      437.738  14.2414   0.0236     6.50    0.323   2.31   3      75.14     3514.301     79.37981
       293    237.9983    777.7214     8960.401     340.9691  15.1192   0.0413     5.67    0.257   0.80   0      41.77     1947.069     75.29857
       294    824.2507    776.8467     9490.012     342.3105  15.0568   0.0392     5.66    0.347  -4.60   0      44.02     2131.531     76.03127
       295    398.1063    775.5953     7582.377     419.2636  15.3005   0.0600     8.91    0.208  13.00   0      28.81     1340.344     73.44447
       296    344.0565    775.6933      4468.32     256.0442  15.8746   0.0622     5.55    0.367   4.38   0      24.13     1103.974     72.14951
       297    522.5294    775.3493     4218.124     302.9886  15.9372   0.0780     5.46    0.342   0.73   0      21.86     1027.684     72.28374
       298    105.1238    774.5601     8194.523     307.0592  15.2162   0.0407     5.52    0.341  -1.16   0      39.36     1921.388     75.22102
       299    780.2025    772.4222     10418.14      395.975  14.9555   0.0413     6.20    0.334  -4.21   0       44.2     2035.714     75.56565
       300    545.0046    773.9387     8008.947     133.5394  15.2411   0.0181     4.28    0.044  88.36   0      115.1     7902.936     91.67399
       301    911.4512    769.8021     8514.793     359.0237  15.1746   0.0458     5.72    0.340  -4.43   0      40.03     1847.427     74.99722
       302    195.2845    767.8924     22856.04     354.9017  14.1025   0.0169     5.65    0.264  -0.62   0      97.15     5292.105     84.63636
       303     80.1493    764.9461       174738      513.738  11.8940   0.0032     5.40    0.335   0.21   0      440.5     37473.25     147.8925
       304    300.2534    769.7010     2989.708     271.4263  16.3109   0.0986     6.58    0.368  15.55   0      17.21     800.7864     71.18805
       305    399.9738    766.1823     24366.32     440.7088  14.0330   0.0196     6.01    0.312  -5.56   1      93.28     4762.245     83.68732
       306    455.6371    766.4327     7802.389     428.1542  15.2694   0.0596     6.84    0.249  31.49   0      30.84     1218.351     73.25075
       307    338.7806    762.6144     13606.11     624.5425  14.6657   0.0498    12.94    0.529  29.35   2      34.89     1012.196      72.6083
       308    335.2030    754.2155      7328.52     471.4854  15.3375   0.0699     7.72    0.291  25.79   3      21.22     925.8754     72.15051
       309    115.7124    764.0327     6307.229     390.1593  15.5004   0.0672     6.37    0.383  -4.05   3      25.45     1168.471     72.72505
       310    125.3298    762.0836     18731.38     509.1615  14.3186   0.0295    10.87    0.537   3.93   2      57.06     2729.386     77.27488
       311    101.9017    763.5415     8635.882     405.9209  15.1592   0.0510     5.67    0.291  -5.05   0      35.41     1595.424     73.86454
       312    370.3438    763.0516     9058.861     460.7297  15.1073   0.0552     7.36    0.401   1.41   0      31.15     1529.696     74.39238
       313    905.1939    762.6406     2954.415     289.4712  16.3238   0.1064     4.50    0.220 -26.03   0      15.99     842.4539     72.26232
       314    977.8019    761.0255     4267.003     378.4006  15.9247   0.0963     6.98    0.594 -36.13   0      16.02     686.5372      71.5817
       315    922.6293    760.6983     7010.425     266.0246  15.3856   0.0412     4.81    0.246   0.57   0      37.46     1867.128     74.33307
       316    435.1151    760.6539     6698.642     361.6294  15.4350   0.0586     5.46    0.290   0.45   0      30.45     1414.175     73.30473
       317     47.1633    757.0967     35742.26     379.4436  13.6170   0.0115     4.82    0.211  -2.30   2      144.9     8611.334      92.6874
       318     47.7574    749.4783     5546.129     359.9668  15.6400   0.0705     5.67    0.116  17.28   3      24.23     1102.227     72.70389
       319    589.4412    757.9410     7151.679     334.7516  15.3640   0.0508     5.61    0.338  -1.84   0      33.89     1660.231     74.42777
       320    399.5583    757.0657     8781.793      425.509  15.1410   0.0526     6.63    0.374  -6.45   1      33.25      1537.33     74.05154
       321    257.5418    753.4791     54917.15     387.2854  13.1507   0.0077     5.33    0.252  -1.69   0      198.7     11831.33     100.5418
       322    530.0077    756.2810     2736.708     126.9335  16.4069   0.0504     1.13    0.123  85.61   0      50.68     2826.423     77.90752
       323    443.1172    754.7265     13127.59     447.1341  14.7045   0.0370     6.94    0.374 -13.03   0      47.32     2133.535     75.32286
       324    311.9822    747.6275     409286.3     614.7956  10.9699   0.0016     5.31    0.201  -3.07   0      738.1     86441.96     210.0731
       325    997.8260    747.5187     2918.249     275.0768  16.3372   0.1024     4.70    0.319  27.11   0      14.96     747.6124     71.58678
       326    580.2753    746.0872     13008.75     311.6881  14.7144   0.0260     5.40    0.307  -1.73   0      62.44     3152.216     78.50861
       327     93.6480    744.4633     8972.574     470.1259  15.1177   0.0569     5.41    0.244 -14.64   0      29.41     1273.748      73.2381
       328    678.0654    743.1074     5170.606     361.6035  15.7161   0.0759     5.87    0.418   1.72   0      22.88     1039.593     72.32117
       329    165.1181    739.0475     7386.881     442.6826  15.3288   0.0651     9.09    0.446  -4.22   2       25.1      1140.61     72.45161
       330    407.8062    740.3439      6106.01     389.1748  15.5356   0.0692     8.04    0.588  -5.79   0      22.23     968.8938     72.47263
       331    191.5929    736.8563     22487.25     457.0712  14.1202   0.0221    12.66    0.291  15.50   0      84.63     4095.706     81.69186
       332    178.4993    738.7962      7456.35     460.6726  15.3187   0.0671     8.92    0.581 -17.66   1      19.76     741.8732     71.56856
       333    137.7113    737.1960     20788.18     366.7108  14.2055   0.0192     5.45    0.252  -2.93   0      89.21     4560.158     82.81088
       334    295.1378    738.4435     4693.621     354.6963  15.8212   0.0821     7.33    0.300   3.81   0      19.45     864.5027     71.95692
       335    748.3040    736.8277     4235.077     295.0916  15.9328   0.0757     5.08    0.376   6.17   0      23.33     1131.325     72.04825
       336    700.1257    736.9922      8127.13      282.953  15.2252   0.0378     5.42    0.391  -4.07   0      40.42     2017.925     75.33292
       337    644.1150    735.5763     3366.563     274.2174  16.1820   0.0885     4.43    0.225  16.41   0      18.12     904.6581     71.70764
       338    966.5963    731.5551     9869.484     499.1341  15.0143   0.0549    10.71    0.288 -15.54   0      30.24     1226.231     73.27519
       339    490.0489    732.6054     6737.454     312.5348  15.4288   0.0504     5.70    0.238   4.10   0      31.31     1440.761     73.93759
       340    436.4254    731.8583     5776.967     289.3526  15.5957   0.0544     5.22    0.330   2.28   0      29.53     1417.111     73.68165
       341     73.8851    732.2772     3319.644     294.3857  16.1973   0.0963     4.39    0.310  18.80   0      17.29     860.8047      71.3794
       342   1016.8371    731.8903      2968.98     261.2589  16.3185   0.0956     4.46    0.367   9.48  16      16.83     870.1429     71.59816
       343    376.5353    730.2447     11986.92     327.8692  14.8032   0.0297     5.28    0.296  -3.27   0      54.67     2713.852     77.57843
       344    871.1840    726.7003     12058.52      341.052  14.7968   0.0307     9.91    0.487 -27.36   0      43.35     1370.193     73.16824
       345    559.5171    726.3931     39303.83     401.4229  13.5139   0.0111     5.42    0.265  -3.96   0      148.6     8276.152     92.59462
       346    631.2397    728.1382     5916.194     379.3899  15.5699   0.0696     5.93    0.349   8.93   0      24.95     1133.283     72.80091
       347    153.1807    727.6043     4665.366     370.5208  15.8278   0.0862     8.24    0.518 -15.89   0      18.32     623.3082     71.19105
       348    183.3481    723.0063     55430.43     411.2741  13.1406   0.0081     5.53    0.254  -2.22   0      197.4     11955.09     101.2226
       349     83.3386    725.7696     10220.23     303.0297  14.9763   0.0322     5.77    0.342  -0.60   0      47.96     2349.628     76.50396
       350    312.3590    724.9495      5642.55     383.6553  15.6213   0.0738     5.90    0.070 -33.72   0      17.87     728.2556     71.71403
       351    250.0349    722.3315      49509.5     445.2178  13.2633   0.0098     6.45    0.377  -0.66   0      169.1     8934.843     94.05389
       352    400.1884    722.3826     17598.55     381.0405  14.3863   0.0235     5.47    0.286  -6.71   0      75.14     3727.485     80.49319
       353    432.7162    718.1755     71868.66     569.7579  12.8587   0.0086    13.21    0.603  -0.82   0      183.6     6401.998     87.56602
       354    223.5095    721.3543     3367.351     280.3118  16.1818   0.0904     5.19    0.292   2.93   0      18.01     854.3112     71.54789
       355    956.8103    718.4065     12100.78     346.9735  14.7930   0.0311     5.59    0.298  -9.13   0      55.38     2731.334     77.62962
       356    601.3749    720.2993       5422.8     378.2018  15.6644   0.0757     5.85    0.299  -5.78   0      24.62     1054.834     71.80656
       357    289.4826    719.5834     10121.44     340.7519  14.9869   0.0366     6.01    0.376  -9.16   0      44.76     2113.709     75.79987
       358    622.4160    719.2261     7233.235     434.1244  15.3517   0.0652     5.84    0.388  18.22   0      20.95      893.098     72.42142
       359    859.5259    717.5235     3984.898      230.595  15.9990   0.0628     5.27    0.262  20.04   0      23.28     1109.754     72.35475
       360    585.8354    716.5330      16384.2     383.8531  14.4639   0.0254     5.46    0.275  -4.80   0      73.69     3644.516     80.25859
       361    517.1168    717.4014     2785.419     245.0773  16.3878   0.0956     5.06    0.235 -12.00   0      16.96     825.9139     72.02286
       362    316.2351    717.0189      8503.59     388.8382  15.1760   0.0497     8.12    0.454  -9.44   0      33.46     1421.566     74.24358
       363    827.0173    714.6731     10936.38     310.1733  14.9028   0.0308     7.35    0.440  11.51   0      47.74     2202.681     76.24365
       364    613.8513    716.9966     5927.912     390.8039  15.5677   0.0716     6.82    0.543   7.48   1      18.58     742.1568     71.56946
       365    141.0823    712.9530     3578.927     303.6237  16.1156   0.0921     6.78    0.348   9.69   0      17.61     799.8004     71.37453
       366    922.2990    711.4689     4190.079     247.7442  15.9444   0.0642     5.45    0.327   0.30   0      24.08     1152.809     72.30317
       367    394.9241    709.4665     19624.62     396.1389  14.2680   0.0219     5.52    0.308  -1.34   0       84.2     4206.714     81.66978
       368    764.5737    710.5386     4218.083     277.3696  15.9372   0.0714     6.94    0.387  -3.60   0      20.42      925.152     72.33533
       369    165.2980    709.6443      4834.46     380.5215  15.7891   0.0855     6.51    0.493  33.81   2      17.86      727.351     70.76246
       370    934.3190    705.0544     6105.514     275.2533  15.5357   0.0490     8.01    0.297  65.08   0      27.68     1120.158     72.38743
       371    745.8099    705.4577      51853.8     406.8086  13.2130   0.0085     5.34    0.279  -6.25   0        187     11212.27     99.54075
       372    247.7338    706.8005     6624.174      375.339  15.4472   0.0615     5.63    0.348   2.98   0      29.36     1306.416     73.70709
       373    140.2366    705.9810     11010.17     389.4338  14.8955   0.0384     5.73    0.246  -3.09   0      47.29     2277.462     76.81896
       374    878.3488    704.7902     17546.13      431.733  14.3895   0.0267     7.20    0.380   5.43   3      64.94     2854.196     78.16161
       375    886.1642    700.8192     13268.21     495.9324  14.6930   0.0406    12.07    0.369  -0.22   3      42.64      1824.97     75.46837
       376    806.9301    705.5559     7342.667     364.8233  15.3354   0.0540     5.76    0.359  -4.57   0       34.6     1724.731     74.62447
       377    526.0862    704.6753     14422.19     358.9985  14.6024   0.0270    11.35    0.187  -4.67   0      62.62     2975.579     77.82211
       378    503.8054    706.2121     6091.918      349.843  15.5381   0.0624     5.77    0.351   1.52   0      29.01     1418.888     73.68713
       379     97.5143    706.4982     2147.782     210.3071  16.6700   0.1063     5.47    0.052  -6.24   0       14.7     732.2085     70.96877
       380    856.7094    704.0915     13762.63     310.0653  14.6532   0.0245     6.74    0.319  -1.82   0      65.51     3307.987     79.12926
       381    713.9501    705.8743     2436.869     126.3955  16.5329   0.0563    -2.30    0.137  62.65   0      54.43     2243.665     76.01091
       382    791.5170    704.1220     3798.974     324.2346  16.0508   0.0927     6.35    0.487  -0.88   0      16.54     772.2568     71.09691
       383    233.6193    701.3692     4260.116     283.4293  15.9264   0.0723     5.00    0.378   3.14   0      22.65     1126.354     73.14977
       384    606.7888    699.5273      12985.9     476.3376  14.7163   0.0398     5.55    0.285  -5.01   2      44.03     1513.664     74.16135
       385   1013.8361    716.9929     7110.011     412.5053  15.3703   0.0630     6.75    0.395   1.40  16      28.13     1268.282     73.58941
       386    446.4673    699.1884      10446.9     438.1235  14.9525   0.0455     5.66    0.242   5.80   0      38.42     1680.215     74.48877
       387    916.9385    697.8265     4475.088     220.6039  15.8730   0.0535     4.90    0.313 -15.18   0      25.43     1238.953     73.31464
       388    693.0363    696.4781      4423.45     258.6308  15.8856   0.0635     5.34    0.249  -0.11   0       26.5     1298.001     73.31332
       389    736.2410    692.8488     16512.11     302.1719  14.4555   0.0199    10.79    0.317  -6.41   0      80.53     5035.517     84.26594
       390    876.3627    695.1254      5778.12     367.5434  15.5955   0.0691     6.22    0.477   0.51   2      20.39     1156.236     72.87253
       391    558.8615    693.5423     5896.428     436.5313  15.5735   0.0804     8.13    0.247  26.43   2      23.03     892.8291      72.2337
       392    812.8177    691.5273     3829.022     269.6333  16.0423   0.0765     5.45    0.284   5.91   0      20.95     1003.356     72.58063
       393    429.4313    687.0002     10776.63     465.2223  14.9188   0.0469     7.53    0.271  24.12   0      38.73     1578.115     74.54015
       394    368.6718    687.1547     7450.486     304.2951  15.3195   0.0444    11.03    0.588 -23.37   0      28.82     1169.025      72.9124
       395   1021.4026    686.5258     3822.971     240.4812  16.0440   0.0683     4.62    0.264   5.17  24      21.91     1121.083     72.76281
       396     53.8773    686.1420     6619.619     260.5535  15.4479   0.0427     5.11    0.344  -4.29   0      32.97     1592.309     74.03774
       397    998.5744    681.0357     3157.314      283.737  16.2517   0.0976     5.92    0.451  -0.03   0      15.81      780.327     72.06666
       398    242.9076    679.9476     4483.119     261.2827  15.8710   0.0633     5.10    0.289   6.93   0      24.84     1200.595     72.63954
       399    880.0135    676.6365     48815.79      381.037  13.2786   0.0085     5.37    0.293  -7.34   0      180.4     10819.14     98.91276
       400    813.5197    679.1241     4035.272     267.2905  15.9853   0.0719     4.43    0.188  -2.78   0      21.66     1020.878     71.88727
       401    390.8018    673.5162     14123.46     443.0876  14.6251   0.0341     6.02    0.320  -8.76   2       53.5     2546.109     77.43534
       402    176.5880    677.0833     8575.452      357.175  15.1669   0.0452     6.04    0.156 -34.30   0      35.82     1570.015     74.15178
       403    277.4223    678.2044     7002.879      202.557  15.3868   0.0314     6.27    0.376 -14.58   0      70.06     4429.983     82.45285
       404    730.4891    675.9943     11147.17     311.4147  14.8821   0.0303    10.53    0.389   0.23   0      51.26      2562.23     77.13296
       405    307.4764    675.6048     26617.56     410.1396  13.9371   0.0167     5.59    0.311  -0.91   0      105.8     5440.208     85.19193
       406    647.6638    676.2582     5586.185       300.66  15.6322   0.0585     8.66    0.402   7.50   0      27.42     1373.936     73.54835
       407    523.5473    676.2814     3256.967     308.9015  16.2180   0.1030     6.31    0.263 -21.29   0      16.32     782.4395     71.31922
       408    420.1684    676.4110     2847.317     276.2442  16.3639   0.1054     6.29    0.363  14.71   0      15.86     775.0369     72.04997
       409    475.2495    675.0329     4209.153      362.866  15.9395   0.0936     6.42    0.274  10.26   2      17.94     715.9056     71.48605
       410    202.9140    675.9941     4406.943     337.9203  15.8897   0.0833     6.39    0.482   0.10   0      18.39     819.5731     71.81488
       411   1006.9124    674.4117     4056.312     301.7494  15.9797   0.0808     6.89    0.412   4.42   0      21.58     943.2687     72.01784
       412    968.7536    671.9410     4299.656     246.4776  15.9164   0.0623     5.94    0.265   4.24   0      23.16     1065.718     72.58968
       413    588.5297    670.5289     12245.68     413.6948  14.7800   0.0367     5.83    0.371  -7.99   0      49.55     2330.688     76.27066
       414    836.6871    670.4443     4703.294     384.8586  15.8190   0.0889     7.56    0.136  35.98   0      19.16      744.783     71.19912
       415    296.2789    668.6912     14619.57     414.9969  14.5877   0.0308     6.03    0.330  -2.08   0       57.1      2773.39     77.57861
       416    815.1488    668.6365     3473.802     253.8321  16.1480   0.0794     5.39    0.229 -10.08   0      19.01     939.0577     72.19202
       417      4.1245    668.1213     4032.186     282.0509  15.9861   0.0760     5.28    0.299  16.95  16      18.57     822.5359     71.25745
       418    897.9758    665.3339     7533.123     424.8416  15.3076   0.0612     8.73    0.495 -15.37   0      29.68     1314.388     73.54812
       419    336.5336    665.2226     11288.42     501.8041  14.8684   0.0483     6.67    0.302   9.83   2      36.28     1543.826     74.25372
       420    346.9389    663.9731      8371.82     430.8159  15.1930   0.0559     6.02    0.367  -3.86   3      28.16     1336.221     73.61555
       421    608.6052    664.5073     11474.38     387.9666  14.8507   0.0367     5.89    0.374  -6.05   0      49.45     2388.824     76.62032
       422    793.1561    664.0930     3117.633      132.804  16.2654   0.0463     4.71    0.238  36.59   0       57.6     2511.523     76.45486
       423    522.7978    663.9627     6379.383     305.7128  15.4881   0.0520     6.07    0.391  -4.02   0      29.56     1443.943     74.12994
       424    923.5244    662.6808     4466.914     270.1704  15.8750   0.0657     5.55    0.317  11.52   0      24.29     1101.917     72.14302
       425    762.0497    662.6841     7034.176     435.5745  15.3820   0.0672     7.54    0.394   9.24   0      24.97     1092.193     72.29958
       426    652.3920    663.4604     5130.115     342.3772  15.7247   0.0725     5.61    0.328   3.12   0      21.81     1120.043     72.94509
       427    457.8334    662.5118     7154.053     400.8979  15.3636   0.0609     6.67    0.294   6.81   0      30.51     1426.986     73.34444
       428    425.3394    661.9234      5939.62     238.2558  15.5656   0.0436     5.15    0.321  -2.75   0      31.95     1584.686     74.01434
       429    852.3143    657.3361     71029.48      444.058  12.8714   0.0068     5.61    0.377  -2.26   0      232.2     14617.53     106.6542
       430    681.1588    660.5997     4701.587     381.3293  15.8194   0.0881     8.09    0.430  13.75   0      19.39     761.6233     72.00765
       431    448.6014    659.4505     6181.319     353.7429  15.5223   0.0621     5.29    0.275  -8.39   0      29.43     1392.043     73.60428
       432    977.8504    658.6350     9129.803     400.3318  15.0988   0.0476     6.21    0.287  16.43   0       34.6     1450.253      73.7838
       433    822.0630    656.0764     29397.29     400.8644  13.8292   0.0148     5.41    0.292  -7.80   0      118.8     6403.082     87.72306
       434    135.5157    658.2841     6737.668     436.1951  15.4287   0.0703     7.04    0.277  -3.35   0       23.1     1013.332      72.2386
       435    383.1526    656.0368     5696.256     398.3778  15.6110   0.0760     7.30    0.419  10.77   0      21.43     891.1706     72.04111
       436    662.6581    654.6092     24581.33     517.6746  14.0235   0.0229     7.85    0.300 -58.13   3       43.4     1187.848     73.15604
       437    674.5925    648.8029     53994.65     509.6373  13.1691   0.0103     5.52    0.351  -5.91   2      164.5     9247.859     94.80725
       438    170.9051    653.3510     14510.06     398.3167  14.5958   0.0298     7.39    0.315  -4.27   0      62.64     3007.857     77.91631
       439    648.8584    652.3102     32957.78     435.1364  13.7051   0.0143     5.29    0.306  -5.70   0      125.2      6755.57     88.32605
       440    624.6588    650.9841     63536.16     392.3108  12.9924   0.0067     5.39    0.255  -4.37   0      222.5     14218.57     106.0558
       441     94.4941    653.7546     4581.132     265.2182  15.8476   0.0629     4.71    0.228  16.88   0      24.79     1164.053     72.33851
       442    460.9707    652.8770     5728.236     336.8072  15.6049   0.0639     5.48    0.313   6.82   0      26.21     1207.853     73.03333
       443    265.3339    652.5515     5623.947      226.309  15.6249   0.0437     6.65    0.483  34.07   0      54.46     3381.776     79.51109
       444    193.5993    651.3921      6892.93     418.0822  15.4040   0.0659     6.66    0.431   2.45   2      22.11     1031.529     72.48255
       445    833.1099    649.4203     11487.18     538.2786  14.8495   0.0509    12.20    0.389  56.00   2      35.26     978.9818     71.75469
       446   1021.6911    643.5833     8666.918     358.1778  15.1553   0.0449     8.39    0.360 -56.20  26      29.92     1008.797     72.03694
       447    333.9223    644.4672     143551.3     524.8164  12.1075   0.0040    16.88    0.399  13.16   0      383.7     29302.29     134.3503
       448     47.1370    644.0020     12532.57     460.9763  14.7549   0.0399     6.06    0.134  18.14   2      46.35     2131.674      76.0317
       449    870.3582    643.5121     61837.41     405.7396  13.0219   0.0071     5.24    0.265  -8.45   2      209.1      12757.3     102.6136
       450    545.8449    649.0856     4315.402      365.715  15.9124   0.0920     6.30    0.462  12.81   0      15.77     669.4154     70.95814
       451    987.0618    644.6245     10831.64     405.4852  14.9133   0.0407     5.41    0.319  -1.16   0      42.32     2045.241      75.7729
       452    738.7693    642.4586     15640.81     367.2063  14.5144   0.0255     7.19    0.329 -24.45   0      63.33     2551.454     76.92569
       453    517.0154    645.5271     3261.146     324.8991  16.2166   0.1082     5.38    0.321  15.84   0      16.11     693.7277     71.60452
       454    234.4116    643.0759     10186.01     320.3509  14.9800   0.0342     5.68    0.304   3.43   0      48.25     2421.105     76.89199
       455     48.7299    650.1476     4575.832     297.6333  15.8488   0.0706     5.27    0.319  16.88   3      22.79     1101.419     72.51521
       456    593.9662    641.1215     12050.68     349.8505  14.7975   0.0315     5.70    0.323  -0.88   0      54.38     2710.648     77.56904
       457    298.5508    640.3713     21333.18     424.2698  14.1774   0.0216     5.56    0.297  -2.13   0       87.2     4424.968     82.76629
       458    151.5133    640.2419     20291.54     334.5876  14.2317   0.0179     5.43    0.279  -8.30   0      88.45     4424.264     82.10851
       459    578.3723    635.7559     3533.844     312.3676  16.1294   0.0960     3.90    0.197  -4.25   0      16.22     809.4009     72.15829
       460     96.1416    633.6188     10708.67     405.4163  14.9257   0.0411     9.17    0.326  -2.21   0      41.75     1893.734     75.13742
       461    227.9424    633.0811     4990.335      293.378  15.7547   0.0638     5.14    0.320  12.81   0      25.01     1251.748     72.79941
       462    377.2181    628.7132     60195.81     502.4058  13.0511   0.0091     6.94    0.467   4.33   2      193.8     10672.91     98.02619
       463    365.8428    621.1560     10899.03     441.4306  14.9065   0.0440     7.83    0.436  17.21   3      42.09     1842.944     74.62225
       464    718.8533    629.4059     6724.578     303.7525  15.4308   0.0491     3.09    0.301  10.28   0      33.62     1825.122     75.10976
       465    652.4063    629.9576     7033.936     330.6082  15.3820   0.0510     5.48    0.380  -5.71   0      34.35     1716.625     74.96128
       466    463.6412    630.7473     5182.348     349.2516  15.7137   0.0732     4.70    0.355  -4.34   0      22.52     1149.264     73.03608
       467    338.1381    627.6650     53156.35     431.6944  13.1861   0.0088     6.62    0.292  -7.53   2      186.5     10863.08     98.60328
       468    348.3121    622.5808      13813.4     403.8196  14.6492   0.0317     0.00    0.364  -3.78   3      52.41     3483.014     79.46046
       469    280.2980    629.7281     3836.702     299.3347  16.0401   0.0847     5.31    0.209   9.78   0      20.13     961.9178     71.51186
       470     82.3493    630.0088     6210.162     422.5368  15.5172   0.0739     4.83    0.339   4.86   2      22.32     950.2844     72.41425
       471    501.5332    628.6011     5225.711     365.3566  15.7046   0.0759     5.16    0.206  12.46   0      22.48     998.9139     72.75274
       472    203.9438    628.9424     4052.383     131.8559  15.9807   0.0353     0.00    0.177  45.31   0      74.76     3511.992     80.22013
       473    851.7731    625.6094      16006.7     437.9225  14.4892   0.0297     5.86    0.310  -6.31   0      65.06     3247.229     79.29621
       474    633.2910    626.1607     9090.814     451.8589  15.1035   0.0540     6.25    0.440  -5.35   0      30.77     1478.105     73.50268
       475    954.5399    621.3874      17778.9      492.537  14.3752   0.0301     7.45    0.144 -85.73   2      55.07     2199.084     76.23293
       476    770.5569    624.7974     6686.476     324.1742  15.4370   0.0527     6.86    0.447  -1.67   3      28.07      1309.13     73.71545
       477    780.5573    622.7425     13770.37      441.378  14.6526   0.0348     6.79    0.400 -10.53   2      54.76     2611.304     77.27742
       478     34.8582    625.9710     2916.109     249.2986  16.3380   0.0928     6.39    0.488   0.53   0      15.54     708.5281     71.46259
       479    979.6187    623.7731     5672.246     177.8729  15.6156   0.0341     6.36    0.477  60.21   0      49.59     3380.279      79.8461
       480    619.5406    621.4211     36165.62     392.8196  13.6043   0.0118     6.38    0.265  -4.56   0      136.7     7111.334      89.5392
       481    159.0940    621.7157     10285.53      455.437  14.9694   0.0481    12.53    0.634  -1.47   0      34.83     1200.343     72.82459
       482    942.3691    620.8412     17467.54     602.2857  14.3944   0.0374     8.79    0.530  -6.18   1      39.57     1738.421     75.02733
       483     61.5480    626.4237     3949.324        274.7  16.0087   0.0755     4.33    0.324  -0.43   0         20     1007.251     72.77878
       484    390.5887    622.1786     3500.379     333.2788  16.1397   0.1034     6.28    0.516  -3.63   0      15.84     741.4019     71.75568
       485    185.3492    613.3559     131461.9      477.531  12.2030   0.0039     5.46    0.137 -12.64   0      361.8     26369.21     129.6066
       486     20.1599    619.5826      3678.94     325.1912  16.0857   0.0960     5.94    0.235  15.19   0      18.13     789.9988     72.28439
       487    547.8966    612.4432     128252.2     468.8482  12.2298   0.0040     5.42    0.211  -9.25   0      358.1     26247.96     128.8705
       488    807.2095    627.4279     3983.089     325.4037  15.9994   0.0887     7.17    0.519  -2.36   0      18.01     819.7379     72.00336
       489    214.5533    625.2200      5366.93     283.1244  15.6757   0.0573     6.52    0.361  -4.12   0      27.75     1273.547     73.60567
       490    517.0059    615.4581     4287.795     351.5644  15.9194   0.0890     5.73    0.290 -19.42   0      17.65     808.3835     71.96751
       491    454.1415    615.6058     3416.432     301.2671  16.1661   0.0958     4.90    0.213  12.79   0      17.76     891.4525     72.22937
       492      4.3484    613.8416      7726.57     324.9026  15.2800   0.0457     5.54    0.131  13.23  24      34.39     1564.186     74.31601
       493     25.2654    613.0521     14143.17     389.5268  14.6236   0.0299     5.96    0.341  -5.21   0      59.01      2863.88     78.01671
       494    325.6110    609.4526     50083.64     383.5585  13.2508   0.0083     5.57    0.282  -6.78   0      183.4      10709.9     98.38705
       495    425.2372    607.8041     50059.89      399.088  13.2513   0.0087     5.36    0.279  -4.16   0      183.6     11152.19     99.53938
       496    922.8506    610.1902     5218.346     301.5047  15.7062   0.0627     5.57    0.285   2.89   0      25.94     1210.468     73.22629
       497    692.9671    610.5683     3491.177     330.2168  16.1426   0.1027     5.43    0.239  29.55   0      14.67     638.1998     71.61703
       498    629.6864    604.0618     8565.082     467.7667  15.1682   0.0593     6.76    0.305 -31.69   2      27.09     1146.638     72.47052
       499   1012.0753    608.2445     2912.092     243.8127  16.3395   0.0909     4.70    0.269   6.42   0      17.15     865.3307     71.95954
       500    124.1141    607.2941     7436.795      428.749  15.3215   0.0626     6.44    0.276  -2.53   0      26.43     1193.564     72.80343
       501     94.9885    603.1652     104465.8     451.9689  12.4526   0.0047     5.46    0.236  -0.96   2      313.1     22655.46     123.1417
       502     81.7005    596.4407     25052.32     486.9426  14.0029   0.0211    13.55    0.350 -15.07   3      84.46     3731.448     79.66047
       503     82.8036    587.6158     27508.39     422.7964  13.9013   0.0167    12.40    0.266   2.88   3      108.4     5027.745     84.08437
       504    479.2155    604.1511     8674.721     400.9171  15.1544   0.0502     5.79    0.351 -11.40   0      35.15     1676.667     74.84003
       505    492.5766    604.4315     5267.008     379.0008  15.6961   0.0781     5.18    0.333  -8.29   0      20.86     1016.289     72.80699
       506    231.6806    603.0609     6372.167     261.6324  15.4893   0.0446     5.59    0.340  -5.32   0      32.11     1473.804     73.48937
       507    993.1225    601.5449     5731.146     334.7966  15.6044   0.0634     5.49    0.262   2.18   0      27.66     1313.742     73.17763
       508    353.3355    603.0745     3610.097     293.4606  16.1062   0.0883     6.49    0.491   1.51   0      19.08     923.6246     71.95582
       509   1018.3758    600.9251     7146.583     283.3593  15.3648   0.0431     5.52    0.404  -6.11  16      36.26     1808.695     74.87975
       510    443.6983    600.5090     10912.74     482.4038  14.9052   0.0480     8.29    0.464  -3.01   0      37.25     1498.351     73.38129
       511    501.7522    599.6720       8752.7     472.1714  15.1446   0.0586     6.13    0.219   8.09   3      26.59     1123.366     72.76994
       512    502.9065    590.9841     15818.19     581.6738  14.5021   0.0399     9.54    0.354  35.08   2      44.89     1429.232      73.3514
       513    199.6123    600.6368     3482.416     235.9003  16.1453   0.0736     1.37    0.258  43.93   3      21.84     1405.245      74.1936
       514    201.7595    596.2894     5359.641     281.9225  15.6772   0.0571     5.36    0.257  -1.60   2      29.72     1448.735      73.4118
       515    503.8823    617.4449     10659.28     385.7407  14.9307   0.0393     5.52    0.324   2.46   0      45.48     2197.743     75.69512
       516    381.6496    596.9923     13130.92     356.2883  14.7043   0.0295     5.45    0.293  -5.03   0      59.24     2860.298     78.17935
       517    893.9708    594.5499     40769.39     396.3278  13.4742   0.0106     5.66    0.309  -4.28   0      153.8     8741.662     93.73025
       518    136.5041    597.1601     5277.939     345.4227  15.6938   0.0711     5.95    0.338   1.46   0      25.57     1161.886     72.14458
       519    956.4897    596.6960     4135.568     217.1638  15.9587   0.0570     6.13    0.425  -7.89   0      22.87     1082.452     72.26895
       520    641.0191    595.9077     5593.985     400.0125  15.6307   0.0777     6.39    0.349   4.56   0      21.82     951.7772     71.66847
       521    863.5513    593.2213     13135.02     367.4957  14.7039   0.0304     5.43    0.301  -8.67   0      56.96     2870.302     78.38107
       522    580.0090    592.9907     2965.713     178.2139  16.3197   0.0653     4.20    0.003 -35.14   2       64.6     2864.581     78.01875
       523    759.3972    591.9044     2248.285     215.1796  16.6204   0.1039     5.28    0.291 -14.26   0      14.34     727.8281     71.52394
       524    232.9476    588.9848     7035.305     370.1503  15.3818   0.0571     5.97    0.330   2.60   0      29.37     1402.515     73.81994
       525    640.4729    588.2620     4560.952     341.0097  15.8524   0.0812     5.65    0.370  10.69   0      20.17      932.199     72.17043
       526    486.1058    587.6064      11207.2     453.6676  14.8763   0.0440     5.96    0.317  -2.51   0      40.55     1832.946     74.95332
       527    408.0063    588.2023     2257.146     224.4131  16.6161   0.1080     5.22    0.404   0.63   0      14.96      766.799     71.64767
       528    667.6163    574.3694     4528.754     344.9294  15.8601   0.0827     6.47    0.389  -4.29   3      19.79     899.1111     72.44029
       529    669.6321    585.6166     9282.944     481.6354  15.0808   0.0563     6.27    0.324 -16.88   3      24.26     1048.338     72.90697
       530    667.5755    579.8404      9314.83      497.525  15.0771   0.0580     6.65    0.111  45.45   3      24.56     941.8169     72.57416
       531    429.2693    585.1102     10227.86     509.3478  14.9755   0.0541     8.71    0.510 -23.59   0      30.99     1307.652     72.97372
       532     49.2730    582.5089     49162.03     451.8223  13.2709   0.0100     5.39    0.258  -5.78   0      174.8     10025.67     96.37374
       533    815.2069    583.5002     18339.17     385.8855  14.3416   0.0229     5.59    0.336   3.97   0      73.87     3624.252     80.20119
       534    312.1935    585.2025     2821.825     264.9846  16.3737   0.1020     3.89    0.336  -9.98   0      16.66     818.3813      71.8111
       535    798.9908    583.9512     2907.416     272.5999  16.3412   0.1018     5.66    0.439  14.62   0      15.63     757.1468     71.80553
       536    703.3336    578.7363     66953.88      405.274  12.9356   0.0066     5.43    0.230  -4.33   0      229.3     14202.39     105.8935
       537    725.0694    581.5128     8560.882     280.9055  15.1687   0.0356     8.35    0.381  -3.83   0      41.21     1982.424     75.04585
       538    546.9426    582.7896     3321.101     261.5651  16.1968   0.0855     6.63    0.289   6.70   0      17.06     781.7601     71.88339
       539    516.9926    581.2250     8139.982     494.2608  15.2234   0.0659    10.33    0.657  15.74   0      24.63     814.7546     71.98763
       540    960.5100    581.5359     3250.692     315.3922  16.2201   0.1054     6.50    0.316  17.33   0      16.11     705.9581     71.07508
       541    837.4485    580.6290     5378.919       339.57  15.6733   0.0686     6.19    0.370  -1.03   0      23.25      1069.63     72.97332
       542    230.4860    580.2601     7121.312     397.4933  15.3686   0.0606     5.33    0.250  20.81   0      25.82     1166.258     72.53202
       543    936.5970    579.3291     3140.577     254.8629  16.2575   0.0881     5.98    0.397   4.34   0      18.41     963.2087     72.26801
       544    868.1547    577.8246     8795.432     394.1862  15.1394   0.0487     5.87    0.313  -7.64   0      34.95     1594.462     74.58998
       545    424.2835    578.4504     4547.794     348.8384  15.8555   0.0833     4.64    0.184   2.14   0      18.81     864.2885     71.57957
       546    772.6904    576.6178     3543.124     243.0137  16.1265   0.0745     5.41    0.320   7.85   0      19.58     949.5651     71.66146
       547    281.7421    574.2492     11542.88     367.4305  14.8442   0.0346     6.19    0.252 -16.68   0      49.25     2229.282     76.32291
       548    560.1867    572.5735        10713     368.7542  14.9252   0.0374     5.44    0.342  -1.49   0      47.44     2335.865     76.63963
       549    340.5394    568.4872     105900.7      441.351  12.4378   0.0045     5.37    0.248  -4.45   0      319.1        22344     122.0129
       550    236.1059    571.9095     8161.089     424.3819  15.2206   0.0565     5.60    0.349  -4.56   0      29.53     1399.997     73.44503
       551    875.3671    568.4544     24543.77     409.8142  14.0251   0.0181     5.90    0.309  -8.96   0      99.32     5182.585     84.50185
       552   1008.0053    570.5513     4879.098     273.0038  15.7792   0.0608     7.38    0.465 -10.29   0      26.18     1241.854     73.32364
       553    684.5814    569.6365     7780.151     389.2842  15.2725   0.0543     5.23    0.269   5.47   0      34.55     1659.928      74.9697
       554    846.1252    569.1119     3354.312     261.5939  16.1860   0.0847     4.10    0.349   8.05   0      18.92      1020.13     72.07269
       555    769.0693    565.7412       4983.5     293.3727  15.7562   0.0639     6.24    0.353   0.97   0      25.12     1196.151     72.99691
       556    985.6801    565.3511     4197.593       345.69  15.9425   0.0894     5.61    0.373   8.03   0      18.54     882.1658     71.63631
       557    716.3354    564.2076     3243.714     300.0125  16.2224   0.1004     5.55    0.240  -4.81   0      15.75     795.2335     71.73781
       558    445.3684    564.5580     3583.802     282.8864  16.1141   0.0857     6.89    0.264   3.81   0      18.84     872.3939     72.35642
       559    504.0974    563.6533     6499.574     403.0498  15.4678   0.0673     6.85    0.444  -7.06   0      21.47     879.9573     71.44036
       560    298.8486    563.8856     3089.324     277.6629  16.2753   0.0976     5.98    0.418  -5.03   0      16.48     720.1792     71.12054
       561    153.5523    562.2817     4339.812     312.9534  15.9063   0.0783     5.66    0.366   5.26   0       20.9      925.957     71.77512
       562    676.1073    559.5704      15260.4     389.3111  14.5411   0.0277     5.69    0.319  -7.44   2       65.1     3214.788     78.34525
       563    684.8885    553.4329     10786.39     465.2271  14.9178   0.0468     7.16    0.306  -4.93   3      36.77     1551.971     73.73071
       564    687.2103    547.1406     10380.73     577.2084  14.9594   0.0604    12.19    0.440  42.54   3      29.78     950.3844     72.41457
       565     66.9031    560.3233     10370.13     439.6236  14.9605   0.0460     7.11    0.469  -7.19   0      39.83     1790.347     74.46188
       566    429.5820    559.8635     2530.982      268.537  16.4918   0.1152     5.28    0.306  15.75   0      14.27     676.1298     71.35947
       567    320.1508    556.6904     23008.34     364.3936  14.0953   0.0172     5.42    0.298  -4.42   0      95.96     4928.319     83.49205
       568    981.5241    557.6818     4873.202     358.6006  15.7805   0.0799     6.35    0.368  -4.92   0      21.19      959.968     71.69444
       569    900.7719    556.8597     3123.669     281.3179  16.2633   0.0978     5.98    0.266  -4.43   0      16.12     801.1016     71.75639
       570    917.7887    554.7831      9382.91     398.7843  15.0692   0.0462    10.45    0.616  -5.25   0      32.31     1406.654     73.64938
       571    152.0984    570.4069     4285.659     211.0095  15.9200   0.0535     0.00    0.224  69.02   0      46.43     2516.706      76.9987
       572    480.8147    554.7418     6855.521      370.952  15.4099   0.0588     5.85    0.251  -5.61   0      28.75     1300.938     73.50655
       573    123.2836    554.2281     9148.938     429.6556  15.0966   0.0510     5.55    0.364   7.95   2      35.25     1755.592     74.53728
       574    511.0699    553.6552     7209.386     410.0956  15.3553   0.0618     5.97    0.284  -8.05   0      28.91     1352.053     73.29652
       575   1016.2588    551.4645     8027.791     489.3996  15.2385   0.0662     7.73    0.360 -77.18  16      25.64     843.6696      71.8911
       576    339.1477    548.1849     6119.506     350.8254  15.5332   0.0623     6.73    0.264  -4.61   0      27.71     1138.582     73.00284
       577    286.6364    548.2603     5448.356      361.778  15.6593   0.0721     5.46    0.341  14.84   3      24.07     1168.372     72.91036
       578    296.4095    548.6473     11873.26     400.2011  14.8136   0.0366     5.83    0.311  -2.43   3      48.74      2338.28     76.82294
       579    297.3646    541.4257     11450.51     330.5781  14.8529   0.0314     5.80    0.271  -6.65   3      52.48     2482.807     77.24932
       580    197.6270    547.9199     2804.614     268.7684  16.3803   0.1041     6.12    0.474  -5.59   0      16.81     809.8931     71.78423
       581    895.4114    546.3594     3406.505     259.0434  16.1692   0.0826     6.24    0.362  -3.46   0      18.39     884.1732     72.57988
       582    559.5626    546.1818     3935.736     301.6586  16.0124   0.0832     4.56    0.194   9.02   0      20.25     1011.593     72.97778
       583    272.7180    547.0162     2738.395     278.5911  16.4063   0.1105     5.73    0.366   0.15   0      15.08     691.9525     71.40985
       584    156.6928    545.2971     17536.52     454.6029  14.3901   0.0282     5.91    0.268  -8.97   2      64.44     2263.339     75.89182
       585    977.3608    542.6312     18847.85     458.9542  14.3118   0.0264     6.06    0.158  14.26   0      71.49     3088.212     78.83913
       586     63.8962    541.5148     68434.88     425.6054  12.9118   0.0068     5.51    0.249  -1.97   0      228.4     13988.97     105.3062
       587    819.1234    535.5110     241551.7     607.7114  11.5425   0.0027     6.20    0.070  49.40   0      514.7     38735.29     149.4581
       588    171.4814    541.8660     3806.777     247.3923  16.0486   0.0706     8.07    0.328  11.71   0      21.31     984.8436     71.96133
       589    467.6575    540.3087     16360.22     418.3792  14.4655   0.0278     5.71    0.340  -4.71   0      64.65     3180.403     78.59017
       590    447.3811    536.1213     10918.15      416.225  14.9046   0.0414    -0.18    0.348   1.12   2      37.45     2674.213     77.63651
       591    785.8726    538.6969      5463.04     342.5981  15.6564   0.0681     5.21    0.271  -2.14   0      24.66     1153.467     72.30524
       592    674.0364    535.4540     14533.77     464.8786  14.5941   0.0347     6.22    0.150  26.00   0      51.34     2203.108     76.24493
       593   1022.5109    535.6784     8724.648       235.22  15.1481   0.0293     5.32    0.178 -81.50  24      54.36     2827.706     77.56351
       594    766.4958    538.0506     3228.857     311.0611  16.2274   0.1046     6.02    0.429   8.13   0      16.02     706.6379     70.88683
       595    151.9626    532.0973     73284.05     420.2212  12.8375   0.0062     5.39    0.283  -7.39   0      243.8     15818.77     108.9361
       596    411.2696    531.1689     27041.34     420.9428  13.9199   0.0169     5.57    0.252  -2.46   0      109.9     5833.966     86.23599
       597    270.7256    533.6204     4092.204     331.6506  15.9701   0.0880     5.95    0.282   6.77   0         19     868.9642     72.15858
       598    701.6118    529.9976     4765.013     376.0132  15.8048   0.0857     8.37    0.570  45.49   0      20.14     700.4897     71.43702
       599    603.0013    529.0535     18629.05     513.7409  14.3245   0.0299     7.11    0.095 -48.91   2      60.18      2325.01     76.43079
       600    252.7681    543.4481     5269.559     317.9084  15.6956   0.0655     7.64    0.416   1.25   0      25.83     1199.371     73.19183
       601    361.9917    530.1737     2627.128     277.2843  16.4513   0.1146     5.05    0.207  84.30   0      13.99     656.8798     71.48747
       602    730.9648    527.1721     9686.588     298.1294  15.0346   0.0334     5.71    0.366  -8.81   0      45.94     2360.292     76.88803
       603   1018.3571    526.0301     9687.309     373.5885  15.0345   0.0419     7.92    0.206 -50.05  16      37.06     1483.385     74.25076
       604    983.5964    527.2952     4253.751      339.812  15.9281   0.0868     7.20    0.302   9.14   0      19.33     847.3477     71.71449
       605      4.4452    526.7396     4000.168     256.9468  15.9948   0.0698     5.43    0.397  19.63  24      22.54     1110.276     72.72904
       606    114.6486    526.0029     7203.956     427.0459  15.3561   0.0644     9.04    0.342 -12.35   0      26.71     1238.383     73.12827
       607    260.8933    509.6604      1366356     924.9769   9.6611   0.0007     5.27    0.184  -1.79   0       1422       281955     364.5437
       608    450.6653    523.5742     5632.249     300.6949  15.6233   0.0580     6.19    0.365  -8.53   0      27.83      1248.35     73.15924
       609    654.7396    531.5167     28578.43     449.6902  13.8599   0.0171     5.75    0.079 -30.40   0      105.6     5459.188     84.92483
       610    387.7464    522.2846      3719.73     316.7985  16.0737   0.0925     6.63    0.362  14.65   0      17.72     765.0815     71.26389
       611    702.4340    521.5913     4628.848     328.9507  15.8363   0.0772     7.70    0.357   7.02   0         20     803.5089     72.13972
       612    924.8619    517.9310     30481.22     419.5869  13.7899   0.0149     0.00    0.370  -5.15   2      117.7     4123.529     81.60377
       613    889.5564    519.0744     5000.708     363.3614  15.7524   0.0789     5.93    0.257  14.97   0       21.4       970.54     72.29106
       614   1002.6554    517.7326      7688.64      242.719  15.2854   0.0343     6.69    0.595  -8.38   0      43.45     2743.555     77.49117
       615    348.6145    516.7180     7345.874     459.8839  15.3349   0.0680     8.90    0.479 -59.11   0      24.98      893.296     72.04781
       616    980.8811    516.6600     3400.533     294.4481  16.1711   0.0940     6.46    0.321  -1.71   0      17.26     760.8576     71.25041
       617    531.4847    515.9177     3707.494     302.6053  16.0773   0.0886     5.93    0.354   3.59   0      19.87     938.7932     72.00371
       618    828.2439    514.7484      7546.53     442.7645  15.3056   0.0637     7.58    0.497   6.01   0      24.04     1048.456     72.72171
       619    801.4833    509.9049     113899.3     520.9756  12.3587   0.0050     5.68    0.242 -24.67   2        311     21236.16     120.0442
       620    679.8791    515.0010     2883.663     283.5177  16.3501   0.1068     5.99    0.507   9.37   0      15.29     729.0527     71.52783
       621    506.1396    511.7132     11483.97      404.182  14.8498   0.0382     5.79    0.282  -4.18   0      47.77     2149.475     75.55006
       622    729.2176    510.3868     11259.54     536.9253  14.8712   0.0518    10.25    0.611  27.30   2      29.91     880.0003     72.00586
       623    729.1530    505.0857     9700.285     485.3261  15.0330   0.0543     5.99    0.287  -1.99   3      27.88      1087.28     72.28413
       624    508.6139    528.0823     36843.85     492.4153  13.5841   0.0145     5.65    0.149 -13.96   0      128.3     6618.899     88.28043
       625     37.6429    511.4437     6249.589      362.281  15.5104   0.0630     4.90    0.222   1.06   0       30.2      1412.77     73.30038
       626    838.6599    510.2521     9977.187     495.1049  15.0025   0.0539     6.32    0.231  -8.56   0      28.53     1233.345     73.11262
       627    706.7811    509.2623     16371.66     344.8954  14.4648   0.0229     5.48    0.316  -5.44   0      73.85     3759.778     80.58433
       628    346.3999    506.3254     14972.96     483.6147  14.5617   0.0351     6.32    0.346   1.05   3      48.87     2299.494     76.35488
       629     90.9023    508.6141     3589.219     316.7048  16.1125   0.0958     6.59    0.207 -12.78   0       17.6     766.5336     71.45792
       630    146.3960    504.9318     11217.23     356.9637  14.8753   0.0346    10.73    0.426  15.28   0      38.75     1340.958     73.44637
       631    769.1964    506.7578     3623.062     285.2967  16.1023   0.0855     6.54    0.386  14.41   0      18.74     877.1441     72.37135
       632    655.5604    506.6229     3904.113     233.4287  16.0212   0.0649     5.64    0.359  -5.34   0      21.34     1031.457     72.85433
       633      2.9519    504.8712      7440.47     275.1278  15.3210   0.0402     4.16    0.014  62.18  24      41.15     2209.894     76.08772
       634    333.5062    506.6094      23905.6     430.3825  14.0538   0.0196     5.82    0.405   1.85   3      90.55     4575.842     82.85392
       635    884.4164    503.5872     5212.782     353.1201  15.7073   0.0736     8.22    0.532  -5.87   0      21.58     976.8208     72.31081
       636    538.1651    502.4987     8235.167      295.881  15.2108   0.0390     5.88    0.315  -0.64   0      40.27     1876.742     74.36246
       637    378.2659    502.5960     8255.491     267.0862  15.2081   0.0351     5.27    0.270  -1.23   0      41.25     1944.612     75.47046
       638    488.6048    502.2729     4374.634      255.961  15.8976   0.0635     5.79    0.433   0.15   0      22.62     1052.316     72.36115
       639    201.8400    498.3955     37669.86     683.0421  13.5600   0.0197     5.40    0.281  -5.79   0      94.03     5325.188      85.2024
       640    109.1634    497.9377     8532.702     311.6767  15.1723   0.0397     0.00    0.525  -3.63   0      54.05     3453.866     79.71689
       641     93.9219    495.5018     29741.75     476.5289  13.8166   0.0174     5.59    0.217   0.37   0      107.5     5424.104      84.6714
       642    990.0149    495.6323     4615.882     260.1022  15.8394   0.0612     5.44    0.343   2.57   0      24.18     1168.966     73.46626
       643    507.5062    495.9431     5359.317     270.9201  15.6772   0.0549     5.43    0.322  -6.06   0      28.69     1403.563     73.08712
       644    318.2018    496.2774      17386.7     491.6692  14.3995   0.0307     5.79    0.140  37.93   0      58.41     2640.954     77.36457
       645    214.0303    490.7780      21840.3     472.7454  14.1519   0.0235     2.35    0.445  -5.72   2      94.07     2431.996     77.09969
       646   1014.8495    492.5237     2318.759     260.6927  16.5869   0.1221     5.78    0.139   1.85   0      14.16     683.5323     71.19344
       647    968.9874    490.0568     18919.75     323.3683  14.3077   0.0186     5.60    0.279   1.02   0      83.44     4382.062     82.48468
       648    856.4296    492.6339     6989.985     433.2177  15.3888   0.0673     7.31    0.500  -6.20   0      23.53     999.6688      72.7551
       649    477.9194    488.1847     6678.655     370.8436  15.4383   0.0603     5.39    0.315  12.83   0       27.7     1389.345     73.59595
       650    422.3041    487.3191     8205.629     464.6923  15.2147   0.0615    10.49    0.516 -17.29   0      28.93     986.1039     71.96531
       651     23.0684    488.8466      2607.15     271.1058  16.4596   0.1129     4.96    0.239 -14.91   0      15.39      795.866     71.73981
       652    618.8804    487.2787     3837.579     339.5335  16.0399   0.0961     5.11    0.283  16.64   0      17.25     812.2111     71.22451
       653    311.2741    485.4176     10923.59     421.0709  14.9041   0.0419     5.82    0.332   0.45   0      43.82     2077.295     75.86897
       654    766.7391    482.4050     13983.77     317.7606  14.6359   0.0247     5.47    0.251  -4.82   0       63.4     3153.673     79.02761
       655    607.7267    482.3676     3349.973      300.093  16.1874   0.0973     4.92    0.343  -1.32   0       16.7      813.584     71.79592
       656    328.1335    476.5697     11372.32     472.7164  14.8604   0.0451     5.79    0.293   1.76   2      39.49     1493.843     73.91795
       657    646.5464    477.2310     5586.073     259.6504  15.6322   0.0505     9.31    0.389 -14.06   0      27.64     1322.752     73.39001
       658    863.5841    476.1250      5156.76     316.7628  15.7191   0.0667     5.21    0.154 -13.74   0       24.5     1114.905     72.92908
       659    694.7607    476.2377     6357.465     330.1429  15.4918   0.0564     5.80    0.354  -8.93   0       29.8     1398.016     73.62272
       660    301.2018    476.4608     5314.365     323.2108  15.6864   0.0660     1.60    0.177   2.77   0      27.01     1706.379      74.7496
       661    576.8262    476.8976     3240.616      323.843  16.2234   0.1085     5.50    0.389   8.89   0      14.23     641.1165     70.48495
       662    353.8288    474.5193     6244.213     381.3626  15.5113   0.0663     6.30    0.324 -21.02   3      24.75     1063.364      72.5823
       663    366.7650    468.3606     37985.27     526.7435  13.5510   0.0151     7.00    0.365 -27.92   2      122.5      5553.91     85.49472
       664   1009.2747    473.4141     6339.093     375.1663  15.4949   0.0643     5.10    0.245   9.09   0      28.27     1365.751     73.70667
       665     51.4742    467.5150     15583.17     568.0613  14.5184   0.0396     6.09    0.250  -9.25   2      33.56     1443.319     73.21064
       666    729.0209    471.1926      6605.07     312.4385  15.4503   0.0514     6.21    0.366  -7.32   0      29.93     1397.278     73.62045
       667    162.2488    468.1486     33412.34     380.7176  13.6902   0.0124     5.57    0.242  -5.72   3      130.9     7098.929     89.65859
       668    161.4151    459.9169     18476.61       431.44  14.3334   0.0254     5.59    0.289 -10.41   3      69.49      3311.36     79.30956
       669    115.7954    468.2771      29568.1     454.6714  13.8229   0.0167     5.46    0.293  -4.79   0      113.5     5969.873     86.59343
       670    284.2202    463.2602     221431.9     515.9729  11.6369   0.0025     5.33    0.207  -4.60   0      514.2     46650.36     161.2128
       671    407.7286    467.8016     5519.229     383.5822  15.6453   0.0755     5.11    0.141   9.28   0      20.33     927.3932     72.15529
       672      2.1518    467.8419     3760.317     267.0566  16.0619   0.0771     6.36    0.258 -71.28  24      18.41     920.4293     72.32049
       673    526.7797    465.6458     6653.374     403.1365  15.4424   0.0658     5.65    0.330   4.70   0      26.04     1206.116     73.39716
       674    219.9943    465.8708     4963.412     255.1624  15.7605   0.0558     5.17    0.314   4.92   0      26.29     1269.447     73.22475
       675     72.9466    466.3882     3887.485     322.2059  16.0258   0.0900     5.70    0.238  12.35   0      17.75     847.4886      72.0909
       676    193.4201    464.9019     6897.368     316.9448  15.4033   0.0499     6.71    0.261 -30.32   0      30.91     1471.914     73.29936
       677    828.1340    462.8975     8126.468     345.3404  15.2252   0.0462     5.49    0.308  -3.56   0      36.33     1743.118     74.31759
       678    880.7347    468.4473     39797.04      364.664  13.5004   0.0100     5.32    0.309  -5.82   0      155.4     8946.445     94.08193
       679   1010.8381    461.9738      8252.04     371.8066  15.2086   0.0489     5.09    0.295  -1.62   0      37.56     1887.225     75.65562
       680    629.2175    461.8629     4579.265     317.4145  15.8480   0.0753     7.90    0.429 -31.29   0      19.08      644.229      71.2578
       681    608.7673    462.2299     2955.326     306.4823  16.3235   0.1126     6.45    0.578  26.78   0      15.02      553.979     71.34927
       682    547.4264    462.0291     6422.129     390.2263  15.4808   0.0660     5.11    0.246   7.78   0       25.8     1332.703      73.7881
       683     34.2151    468.7264     9966.997     430.8731  15.0036   0.0469     6.45    0.350   3.32   0      38.51       1708.3     74.75545
       684    247.9968    461.8419     19977.23     152.5546  14.2487   0.0083     4.46    0.112  87.80   3      186.1     19906.99     117.8454
       685    241.9668    458.6487     11498.77     293.8124  14.8484   0.0277     9.92    0.383  -5.71   2      55.22     2154.227     75.92126
       686    521.4968    457.9978     10120.17     174.0156  14.9870   0.0187     3.17    0.465   0.01   0      117.8     8488.458     92.96899
       687    896.1666    455.6895     3914.856     292.5437  16.0182   0.0812     7.26    0.408  -4.14   0      19.34      863.903     71.38927
       688    150.2410    454.4570     8670.547     392.3957  15.1549   0.0491     5.55    0.252  -2.43   0      36.11     1689.116     74.51593
       689    984.6631    454.0388     5301.082     357.9289  15.6891   0.0733     5.23    0.207   4.09   0      22.58     1015.531     72.43237
       690    865.5669    454.9865       4144.7     163.9801  15.9563   0.0430     3.35    0.503  -2.97   0      53.51     3614.978     80.67908
       691    445.5829    453.7571     7547.776      430.381  15.3055   0.0619     5.91    0.314 -14.89   0      27.18     1238.287     73.49671
       692    683.7931    451.2810     13771.44     364.1965  14.6526   0.0287     6.09    0.155  12.21   0      56.41     2665.174     77.61005
       693    622.0173    451.6990     10039.79     467.7608  14.9957   0.0506     6.07    0.251  14.70   0      34.22     1523.243     73.64211
       694    601.0709    453.1774     4711.867     316.4434  15.8170   0.0729     6.40    0.341  13.68   0      23.34     1039.908     72.69499
       695     50.8823    452.8668     8026.343     145.6702  15.2387   0.0197     4.94    0.132 -27.74   3      90.51     6244.205      87.0003
       696     53.0242    448.7096     26176.86     426.0642  13.9552   0.0177    11.32    0.499 -24.25   2      91.98     4245.847     81.44737
       697    647.4708    453.2467     5373.204     345.4854  15.6744   0.0698     6.05    0.351   0.37   0      24.01      1130.27      72.7915
       698    517.5378    451.7381     3519.124     312.3568  16.1339   0.0964     7.32    0.445 -15.72   0      16.79     723.4474     71.32076
       699    186.2981    450.9779     6466.718     336.3018  15.4733   0.0565     6.74    0.333   1.75   0      30.72     1345.831     72.72175
       700     98.4702    450.1804     7925.781     420.2545  15.2524   0.0576    10.40    0.672  17.46   0      27.19     985.7564      72.5255
       701    411.3568    450.6609     5043.845     339.3456  15.7431   0.0731     5.22    0.358  11.49   0      23.04     1115.445     72.74519
       702    813.4357    449.4936     2662.476     263.5689  16.4368   0.1075     3.92    0.061   9.42   0      15.42     814.4919     71.04178
       703    634.3469    447.5291     14473.92     515.1894  14.5985   0.0387     8.25    0.322  36.53   0      46.54     1632.444     74.16084
       704    444.3881    439.5415     216796.7     514.5843  11.6599   0.0026     5.50    0.219  -3.44   0      506.1     45238.77     159.2952
       705    972.5464    443.4824     6487.625     343.2772  15.4698   0.0575     5.05    0.317  -3.62   0      32.02     1567.601     73.77888
       706   1017.9927    443.2363     7147.636     398.3575  15.3646   0.0605     6.57    0.287  -1.29  16      23.86     1002.106     72.76271
       707    146.2342    442.2715     4095.598     305.1197  15.9692   0.0809     6.60    0.321   9.35   0      21.59     985.5243     72.33816
       708    821.3124    435.1064      13240.4     373.0361  14.6952   0.0306     6.55    0.370   4.95   0      54.93     2501.207      76.7771
       709     15.1467    432.7254     6720.766     378.9809  15.4315   0.0612     5.29    0.208  -2.20   0      30.56     1439.594     73.56746
       710    746.9277    430.0777     35114.19     381.7322  13.6363   0.0118     5.53    0.280  -8.11   0      137.9     7586.224     90.43816
       711    486.8466    432.0887     3903.859     256.8616  16.0213   0.0715     8.01    0.168  55.05   0      19.27     775.9017     71.29839
       712      2.3266    429.1839     21842.44     262.1549  14.1517   0.0130     4.97    0.379  88.93  24      121.3     7824.928     91.48039
       713    123.0342    430.4647     5786.244     356.3453  15.5940   0.0669     4.90    0.359  -3.52   0      26.54     1327.735     73.40544
       714    957.7939    428.6101     4077.852     311.6808  15.9739   0.0830     6.39    0.318  -7.97   0      21.46     1007.204     72.40624
       715    834.2803    427.2351     7260.399     291.6763  15.3476   0.0436     5.40    0.306  -7.40   0      36.75     1729.562     74.63918
       716    261.1507    425.9581     26638.35     421.5276  13.9362   0.0172    12.70    0.280   7.38   0      105.8     5435.939     85.33908
       717    201.3620    426.7881      10423.5     313.0525  14.9550   0.0326    11.28    0.363 -17.64   0      47.76     2363.201      77.0722
       718    685.5390    427.5804      4308.62     368.4724  15.9142   0.0929     6.48    0.519  -9.48   0      15.93     610.0627     71.14875
       719    506.9041    425.3809     19846.41     411.3292  14.2558   0.0225     5.49    0.313  -8.40   2       79.9     4007.104     80.77843
       720    516.4005    421.5851     5655.855     380.1239  15.6188   0.0730     5.36    0.251  -6.21   3      22.64     1049.403     72.53857
       721     65.6775    427.2060     4300.025     290.5258  15.9163   0.0734     5.58    0.237  -6.01   0      22.34     1021.487     72.63737
       722    469.8798    420.2628     103270.3     474.7198  12.4651   0.0050     5.78    0.242  -9.37   0      307.5     20575.29     118.6726
       723    716.8735    426.0193     3036.307     275.1743  16.2941   0.0984     6.01    0.472  -1.49   0       16.6     812.3589     71.98007
       724    305.0851    425.5377     4514.753     324.7359  15.8634   0.0781     5.82    0.398  -3.46   0      21.47     1036.743     72.12506
       725    940.6367    418.1010     11359.78     502.5093  14.8616   0.0480     9.68    0.395   9.28   2      33.97     1413.538     72.93304
       726    947.7267    424.3885     6093.785     336.0497  15.5378   0.0599     2.61    0.350  52.48   2       29.3     797.2127     71.93223
       727    654.8875    433.2292     6029.993     375.8791  15.5492   0.0677     7.57    0.173 -63.47   0      24.95     913.2593     71.73489
       728    154.8740    422.9713     4358.225     309.7107  15.9017   0.0772     7.20    0.337  -7.03   0      21.47     1038.843     72.50548
       729    916.5767    421.3285     3920.701     324.3199  16.0166   0.0898     6.42    0.397   7.05   0      18.69     882.9401     72.20258
       730    360.1500    418.4256     40512.55     440.6011  13.4810   0.0118     5.37    0.272  -5.03   0      147.6     8189.073     92.52683
       731     84.5720    420.3766     2765.136     251.8587  16.3957   0.0989     5.89    0.361  28.94   0      14.59     686.6182     71.77052
       732    904.8445    413.7845     21102.33     380.4695  14.1892   0.0196     7.54    0.277  -7.59   0      88.08     4271.604     82.34408
       733    729.1070    412.3382     10877.09      327.099  14.9087   0.0327    11.22    0.252   4.46   0      48.19     2302.914     76.01024
       734    612.0957    415.1242     5193.284     341.4309  15.7114   0.0714     8.25    0.386 -16.64   0      22.95      864.846     71.58134
       735    820.6522    414.5601      3832.15     341.5145  16.0414   0.0968     6.72    0.428  27.68   1      17.65     622.6023     71.37841
       736    579.6068    412.2742     18479.54      339.382  14.3333   0.0199     5.64    0.266   2.05   0      79.58     3873.685      80.7377
       737     49.2477    413.8272     4663.107     288.4764  15.8283   0.0672     5.32    0.327  11.58   0      23.06     1115.783     73.11692
       738    649.3693    410.2263     11196.87     402.3443  14.8773   0.0390     9.71    0.302 -35.08   0      38.97     1166.147      73.2733
       739    243.7055    411.3421     6562.799     412.2037  15.4573   0.0682     7.97    0.496   3.05   3      24.33     1055.065     71.99527
       740    252.6677    409.9012     12074.19     467.3042  14.7954   0.0420     6.02    0.246  -7.91   3      41.89     1811.962     74.34624
       741    860.7969    409.7974     8027.042     342.3263  15.2386   0.0463     6.17    0.364  -0.83   0      35.71     1626.098     74.32347
       742    175.6246    398.6729     123966.1     522.7697  12.2667   0.0046     6.99    0.395  18.76   0      326.9     21177.82     120.0463
       743    359.8074    403.5016     3209.241     303.3469  16.2340   0.1027     6.66    0.287  -4.93   0      16.53     736.3559     71.55103
       744    252.0442    399.6601     9510.937     383.3044  15.0544   0.0438     5.62    0.344   0.23   0      43.75     2094.067     75.74095
       745    485.6105    395.8907     68707.23     473.1181  12.9075   0.0075     5.62    0.363  -3.36   0      222.9     13896.32     105.2346
       746    672.9314    395.7739     29673.35     503.3943  13.8191   0.0184     5.46    0.411  -7.48   0      105.2     5578.932     85.56122
       747    851.4230    397.7811     2710.172     286.9337  16.4175   0.1150     5.06    0.287   1.87   0      14.48     715.2744     71.86121
       748    433.8406    398.0801     2878.465     277.4902  16.3521   0.1047     5.93    0.410   6.40   0      15.36     704.8014     71.45074
       749    511.2320    390.0518     19175.82     481.3924  14.2931   0.0273     5.98    0.290  -3.13   2      70.61     3436.795     79.66821
       750    151.5095    394.5696     20638.29     398.4199  14.2133   0.0210     5.32    0.370  -8.52   2       84.8     4275.297     81.36356
       751     13.6038    391.0686     17795.29     493.9148  14.3742   0.0301    11.18    0.370  -9.17  19       62.5     2936.283     78.22734
       752      3.2228    388.7630     41217.28     344.6118  13.4623   0.0091     5.32    0.216 -77.14  27      173.4     11015.05     99.36188
       753    850.8098    386.9700     9931.622     481.9414  15.0074   0.0527    10.50    0.287  27.82   0      33.63     1631.691     74.70332
       754    196.5692    386.4588     14211.27      398.994  14.6184   0.0305     5.55    0.296  -1.83   0      61.26     2983.123     78.19064
       755    136.0833    387.1200      18134.4     331.0841  14.3537   0.0198     6.19    0.357  -6.37   0      79.55     3898.604     80.47259
       756    494.6296    385.1568     15043.21     454.0994  14.5566   0.0328     5.92    0.354  -5.65   0      58.73     2849.176     78.31979
       757    380.3531    386.3450     4801.063     384.9163  15.7967   0.0871     6.75    0.551  24.17   2      19.14     668.9754     71.52591
       758    828.2797    385.1675     4374.918     276.2777  15.8976   0.0686     6.88    0.345   4.34   0      23.83     1205.693     73.02661
       759    170.5657    383.4569     16235.66      463.528  14.4738   0.0310     6.25    0.369   0.60   3         59     2810.405     77.86077
       760    162.0411    384.1383     8987.177     401.9358  15.1159   0.0486     5.60    0.290  -4.58   3      33.43     1541.514     74.06438
       761    988.3898    380.5067     49654.71       408.07  13.2601   0.0089     5.41    0.275  -4.10   0      181.1     10635.63     98.07763
       762    740.2231    384.4004     2237.969     252.7232  16.6254   0.1226     5.13    0.396  38.26   0      13.47     658.5294      71.3034
       763    590.9247    384.7540     3151.617     280.1368  16.2537   0.0965     6.14    0.332  25.46   0      17.55     869.1244     71.78347
       764     19.6248    382.9539     13331.75     519.9111  14.6878   0.0424     9.21    0.528 -14.04   3       34.4     1685.569     74.86707
       765     32.4714    383.9847     11647.11     477.8247  14.8345   0.0446     8.62    0.465   7.37   3      35.59     1568.407     74.32892
       766     39.4232    382.7480     6026.925     350.7655  15.5498   0.0632     6.21    0.085 -69.27   3      26.91     1097.939     72.87619
       767    785.2652    382.2163     9346.184     445.9663  15.0734   0.0518     5.21    0.300   3.19   0      33.24     1598.804     74.23997
       768    657.4866    381.6893     4275.845     235.2313  15.9224   0.0597     6.32    0.359  -8.83   0      23.68     1117.277     72.56489
       769    356.2939    382.4054     6694.929     375.3818  15.4356   0.0609     5.96    0.364   1.33   0      27.87     1262.819     73.20418
       770     60.7118    379.6001     19407.44     321.6164  14.2801   0.0180     5.18    0.260   0.93   0      86.53     4325.643     82.16474
       771    686.3282    375.5684     32218.21     443.9791  13.7297   0.0150     5.83    0.314  -6.34   0      119.6     6284.265     87.41469
       772    947.2786    377.6144     5360.984     367.2854  15.6769   0.0744     5.94    0.352  -0.68   0      20.56     986.7024     72.34186
       773    429.1540    377.2811     18027.73     555.8207  14.3601   0.0335     9.01    0.551  -4.86   2      79.76     1361.133      73.1401
       774    121.6887    376.4258     8147.208     350.2121  15.2225   0.0467     6.48    0.407   2.01   2      38.02      1729.84     74.27697
       775    121.1729    373.3724     2328.072      133.992  16.5825   0.0625     4.77    0.187  29.87   3      36.25     1786.731     75.17353
       776    896.0444    381.4009      8939.21     438.1126  15.1218   0.0532     6.57    0.284 -17.75   0      32.49     1302.128     73.69386
       777    519.2388    364.3188     306847.2     562.0199  11.2827   0.0020     5.45    0.228  -5.19   2        624     63417.32      183.259
       778   1007.7439    371.6192     16764.77     304.5888  14.4390   0.0197    10.50    0.430   2.55   0      80.45      3013.75     78.62418
       779    261.7485    371.2827     3945.097     337.6096  16.0099   0.0929     5.22    0.212  43.83   0      16.71     737.9094     71.17718
       780    400.8221    366.2622     124007.9     449.0764  12.2664   0.0039     5.51    0.269  -5.47   0        355     26610.94     129.9258
       781    576.2328    365.9232     55127.85     401.9637  13.1466   0.0079     5.55    0.280  -2.17   0      194.1     11417.38     99.87273
       782    370.7443    367.9128     16176.31     481.3802  14.4778   0.0323     5.80    0.337  -3.83   0      60.27      2914.42     77.81718
       783    346.7166    367.6915     3160.219     140.2988  16.2507   0.0482     1.46    0.165  33.60   0      40.49     2607.874      77.0922
       784    986.0464    365.8939     3961.393     301.6779  16.0054   0.0827     5.03    0.261   4.93   0      20.36     946.1266     71.65055
       785    908.5064    363.8556     13093.63     474.2563  14.7073   0.0393     8.25    0.384   5.35   0      45.63      1688.17     73.96684
       786    208.8024    359.8680     54417.85     448.4705  13.1606   0.0089     5.55    0.161 -25.17   2      182.2      10345.3     97.54121
       787     36.1552    363.7056     16957.03     341.3438  14.4266   0.0219     5.75    0.304  -3.84   0      74.97     3619.491      79.6804
       788    703.8277    363.6470     11088.68     418.7461  14.8878   0.0410     5.84    0.343  -3.94   0      44.37     2105.561     76.13135
       789    774.9124    362.0173     14041.27     446.0858  14.6315   0.0345    12.66    0.621   1.48   0      43.33     1519.106     73.81269
       790    287.5664    361.6648     20325.91     499.1563  14.2299   0.0267     6.74    0.391  -2.09   3      65.68     2986.569     78.37331
       791    293.3469    357.5186     37903.89     579.2605  13.5533   0.0166     6.86    0.435  -1.93   3      110.3     5331.771     84.58315
       792    803.7906    362.8336     4030.319     320.2029  15.9867   0.0863     5.29    0.346   3.19   0      19.09     959.5114     72.62955
       793    880.0836    359.4100     7172.115     351.5067  15.3609   0.0532     5.65    0.325   8.38   0      32.75     1546.467     74.07957
       794    676.0021    357.4599     22141.49     506.0284  14.1370   0.0248     9.54    0.445 -18.57   0      74.38     3257.917     79.32684
       795    380.5031    360.9700     2481.008     265.9657  16.5134   0.1164     3.89    0.369 -26.18   0      13.86     650.8796     70.51642
       796   1004.9382    353.2801     39527.39     364.4959  13.5078   0.0100     5.31    0.254  -1.84   0      154.5     8836.005     93.52616
       797    122.7409    353.9234     33182.95     382.3523  13.6977   0.0125     5.64    0.266  -3.64   0      130.8     6957.805      88.9969
       798    456.9381    352.8729      9076.91     303.2872  15.1052   0.0363     5.33    0.266   2.68   0       44.8     2254.936     76.22214
       799    178.3425    352.0312     17923.17     365.8557  14.3665   0.0222     5.62    0.271   0.89   3      77.55     3798.958     80.52707
       800    175.7203    345.4324     9924.732     350.4007  15.0082   0.0383     5.98    0.287  -0.66   3      41.43     1910.431      75.1879
       801    630.9460    350.4966     14504.79     478.4763  14.5962   0.0358    10.77    0.479 -28.20   0      50.56     1551.309     73.54512
       802    653.7634    350.8497     5522.785     273.5391  15.6446   0.0538     6.35    0.377   2.62   0      27.62     1305.864     73.15316
       803    898.6113    349.2705     17877.81     456.2571  14.3692   0.0277     6.53    0.372  -6.15   2      61.57     2880.219     78.06429
       804    613.9959    350.8376     3336.488     301.2068  16.1918   0.0980     5.73    0.384   0.86   0      15.78     769.0367     72.03104
       805    265.5449    341.0252     152779.5     558.0239  12.0398   0.0040     5.91    0.281  22.26   0      386.7     28745.98     133.6084
       806    763.7603    348.5362     3201.949     291.9893  16.2365   0.0990     6.54    0.485  27.81   0      16.04     640.8173     71.24692
       807    717.9907    348.7258     3897.503     297.1148  16.0230   0.0828     5.66    0.222   1.57   0       19.7     923.8781     72.33133
       808    412.8587    347.3611     4117.678     327.5674  15.9634   0.0864     5.62    0.354   2.62   0      19.97     940.6573     72.19705
       809    485.7817    345.5835     6310.463     313.3046  15.4998   0.0539     5.99    0.403   1.03   0       30.7     1511.292     74.15408
       810     94.2028    345.7949     2882.727     277.4937  16.3505   0.1045     4.08    0.121  15.83   0       15.9     764.7529     71.64117
       811     43.8731    342.9065     19449.76     567.2283  14.2777   0.0317    14.98    0.502  17.66   1      53.54     1468.145     73.47187
       812     60.6267    340.5969     21962.25     369.2725  14.1458   0.0183     5.62    0.282  -3.87   0      93.32     4736.946     83.61858
       813    448.1581    342.9131     2888.917     283.5219  16.3482   0.1066     5.77    0.405   6.91   0      15.82     726.2858     71.14005
       814    598.2220    339.5254     15669.57     339.4916  14.5124   0.0235     5.41    0.290  -4.97   0      70.57     3522.969     80.08262
       815    567.3467    339.2531     3994.199     334.6267  15.9964   0.0910     7.42    0.498   3.33   0      17.44     735.3939     71.92482
       816     25.4194    337.7791     21603.57     341.4677  14.1637   0.0172     5.31    0.312  -3.00   0       93.1      4997.88     84.32481
       817    291.7274    334.5621     37166.82     456.9774  13.5746   0.0134     6.03    0.283  -1.26   0      134.9     7169.093     89.68568
       818    979.1384    335.3333     4283.456     305.2596  15.9205   0.0774     5.39    0.423   1.63   0      22.45     1098.899     72.69348
       819    130.1855    333.0424     7995.365     407.2252  15.2429   0.0553     6.36    0.401 -11.48   0      31.96     1544.963       74.439
       820    684.9370    332.4881      3527.94     320.9009  16.1312   0.0988     4.91    0.367  15.12   0      17.67     877.3638     71.62108
       821    857.5681    326.7401     17421.76     393.1578  14.3973   0.0245     5.72    0.290  -5.47   0      73.04     3648.842     80.27084
       822     49.6039    328.1824     3915.845     287.8871  16.0179   0.0798     6.23    0.413   5.73   0      19.84     917.4793     72.12405
       823    549.1639    326.4144     9897.081     446.2469  15.0112   0.0490     8.32    0.425  -7.29   0      37.01      1631.14     74.88237
       824    706.5099    325.5322     9584.566     447.6002  15.0461   0.0507     5.38    0.227  -7.16   0      34.77     1629.438     73.78616
       825    412.0806    324.1486      23636.5     395.8814  14.0660   0.0182     5.56    0.279  -4.71   0      96.16     4965.267     83.59257
       826    197.6079    327.0121     3564.463     206.9917  16.1200   0.0631     5.25    0.305   1.05   0      27.09     1701.881     74.55485
       827    422.9452    324.7961     6321.121     366.9594  15.4980   0.0630     9.45    0.394 -28.35   1      24.81     837.2247     72.05854
       828    509.9166    325.2560     2739.889     263.6357  16.4057   0.1045     5.24    0.450   5.97   0      14.95     724.1049     71.13309
       829    848.2688    336.7322     19531.88     407.8546  14.2731   0.0227     5.47    0.284  -4.18   0      83.43     4241.123     81.76548
       830    602.0514    322.6025      5088.25     228.7442  15.7336   0.0488     7.11    0.603 -22.40   0       40.6     2575.702     77.17265
       831    770.4481    321.2104     3261.789     287.3702  16.2164   0.0957     6.76    0.473  -5.78   0      16.76     787.6789     72.08984
       832   1021.2761    319.9054       3615.6     270.7045  16.1045   0.0813     6.99    0.280  -4.33  24      18.57     858.6859     71.56178
       833   1004.1230    316.6855     33783.29      405.849  13.6782   0.0130     5.85    0.317 -14.61   3      127.8     6576.205     87.70934
       834   1011.0244    308.6878     27255.32     381.4792  13.9114   0.0152     5.50    0.280  -4.37  19      109.7      5651.91     85.43903
       835    485.0599    319.4974     4609.969     226.7833  15.8408   0.0534     5.08    0.393   1.15   0      26.35     1328.606     73.03896
       836     49.0276    319.3950     2751.894     274.9393  16.4009   0.1085     5.22    0.272   6.84   0      15.56     788.2333     72.09159
       837    924.9692    317.7868     6315.591     394.4708  15.4990   0.0678     5.21    0.312   4.83   0      24.62     1162.412     73.26171
       838    904.5632    317.4968     6479.864     280.4243  15.4711   0.0470     0.00    0.443 -37.12   0      52.27     3419.549     78.93701
       839    638.3423    314.2574     27193.73     365.1486  13.9138   0.0146     5.56    0.254   1.24   0      109.7     5748.622      86.3245
       840    218.7064    315.2196     15775.26      381.726  14.5051   0.0263     5.69    0.298 -14.02   2      67.43      3260.74     78.65048
       841    225.5076    309.5226     8311.379     428.4243  15.2008   0.0560     7.87    0.200  10.35   3      30.42     1368.249      73.1622
       842    963.6141    316.5986     3576.094     306.9423  16.1165   0.0932     5.44    0.255  -7.56   0      17.74     917.4545     72.12398
       843    192.1763    317.1230     3389.217     301.2466  16.1748   0.0965     5.97    0.420  -5.99   0      15.96     721.2711     71.50311
       844    182.3429    310.3549     8342.482     330.4857  15.1968   0.0430     5.38    0.237  -5.12   0      39.18     1834.883      75.1393
       845    912.2060    305.2898     79066.55     440.5479  12.7550   0.0061     5.44    0.258  -2.43   0      256.2     16685.03     111.2158
       846    590.9776    308.5545     2924.581     291.7733  16.3348   0.1083     6.37    0.163  -5.28   0      16.29     736.0509      71.9269
       847    388.3524    307.6759     9991.025      375.577  15.0010   0.0408     5.78    0.364  -3.80   0      40.06     1909.557     75.00527
       848    243.7666    307.9091     7192.465     415.8142  15.3578   0.0628     3.50    0.158  -6.52   0       21.9     977.9375     71.56276
       849    100.5145    308.3550      4840.79     282.7017  15.7877   0.0634     5.41    0.277 -10.39   0      24.81     1137.761     72.44268
       850    236.9849    302.8642     8247.423     467.6123  15.2092   0.0616     7.23    0.478 -10.20   0      24.54     1108.874     72.72467
       851    201.9620    299.6247     33148.92     553.4875  13.6988   0.0181     6.31    0.308 -59.65   0        107     4899.312     84.21937
       852    730.6907    300.7029     10995.44     428.2707  14.8970   0.0423     5.46    0.132  -5.87   0      42.01     1822.248     74.55918
       853    709.9402    300.9353     11695.21     139.6722  14.8300   0.0130     4.36    0.106  45.65   0      144.1     11429.31     99.89987
       854    668.0994    299.7885     6604.397     426.7267  15.4504   0.0702     7.33    0.517  -7.12   2      22.13     952.3777     72.23394
       855    866.1571    293.9086     62948.16     436.0448  13.0025   0.0075     5.34    0.228  -8.69   0        212     12885.34     102.8968
       856    804.2263    296.0506     14657.61     415.8312  14.5848   0.0308     5.68    0.295  -5.89   0      59.81     2902.316     78.47385
       857     44.0977    297.5581     9897.091     445.4891  15.0112   0.0489     7.36    0.394   9.16   0      35.62     1420.387     72.95438
       858    459.4526    293.3289     45113.04     417.0351  13.3642   0.0100     6.25    0.373   0.38   0        160     8447.267     92.72258
       859    397.8493    295.5846     7331.954     338.8862  15.3370   0.0502     5.01    0.261   5.38   0      35.72     1773.552     75.13367
       860    979.9753    294.7573     4231.382     302.9985  15.9338   0.0778     6.74    0.387  -3.63   0      21.37     1019.519     72.81708
       861    942.1249    291.3979     12057.12     359.3835  14.7969   0.0324     5.93    0.331  -3.52   0      53.07     2488.392     76.91508
       862    572.5366    291.0447     9384.296     421.0426  15.0690   0.0487     6.30    0.315  -4.29   0      35.92      1578.92     74.17907
       863    528.6806    292.0671     7644.515      341.083  15.2916   0.0485     5.46    0.325  -0.99   0      37.89     1827.993     74.57669
       864    225.8895    291.7899     5460.579     334.6129  15.6569   0.0665     4.44    0.220   0.21   0      28.25     1468.259     73.65596
       865    907.0045    291.3924     5525.469      394.872  15.6441   0.0776     7.28    0.319  -5.66   0      21.73     920.2965     72.13293
       866    184.6767    287.5964     45145.43     397.9812  13.3635   0.0096     5.55    0.244  -2.32   0      166.9     9213.984     94.72601
       867   1005.4528    286.2768     34138.26     366.6915  13.6669   0.0117     5.29    0.245  -3.38   0      137.7     7662.078      90.7776
       868     46.4427    275.2804     830591.1     769.7102  10.2015   0.0010     5.48    0.179  -4.70   0       1092     166703.3      283.734
       869    643.6270    283.8104     10736.49     329.0615  14.9228   0.0333     5.23    0.259   2.38   0      51.14     2574.165     77.34308
       870    151.0906    285.2046     2970.675     222.1124  16.3179   0.0812     4.46    0.266   4.40   0      17.64     902.4245      72.0766
       871    102.0872    296.0659     22990.34     379.8204  14.0961   0.0179     5.50    0.276  -1.84   0      95.54     4884.917     83.37383
       872    730.7908    277.4187     29670.89     434.1953  13.8192   0.0159    10.41    0.021  11.34   2      106.7     5395.794     85.07336
       873    113.7777    279.8085     30719.06     361.7747  13.7815   0.0128     5.31    0.260  -2.92   0      123.2     6658.681     88.53558
       874    557.8784    279.5018     11752.47     399.2871  14.8247   0.0369    10.79    0.518  10.81   0      43.63     1740.324     74.12692
       875    526.7590    282.0728     4007.317     311.6294  15.9929   0.0845     5.57    0.500  -3.23   0      20.08     960.3132      72.2589
       876    386.7677    281.2116     3692.659     321.0175  16.0817   0.0944     4.56    0.258  -8.92   0      16.44      703.597     72.01221
       877    506.5806    275.6680     104524.6     442.1729  12.4520   0.0046     5.54    0.225  -3.22   0        313     21656.36     121.0606
       878    308.5711    278.7596      3574.64     270.6701  16.1169   0.0822     6.09    0.436  10.73   0      18.75       917.91     72.49925
       879    468.7697    277.4558     5486.229     405.8224  15.6518   0.0803     6.94    0.406  -1.08   0      20.33     856.6908     71.93224
       880    778.8915    273.6981     8756.653     391.5836  15.1442   0.0486     6.36    0.250  -5.56   0      36.36     1634.565     73.80196
       881    286.0521    274.0377     4852.714     227.0265  15.7850   0.0508     5.35    0.340  -9.63   0      26.15       1291.6     73.47767
       882    170.0291    274.5299     3497.108     305.7807  16.1407   0.0950     4.10    0.197   0.74   0      17.02     852.2209     71.91812
       883    357.7466    269.6851      67027.4     428.8115  12.9344   0.0069     5.82    0.308  -4.25   0      225.4     13683.68     104.6453
       884    211.0156    263.5490     119551.1     500.3307  12.3061   0.0045     5.57    0.242 -10.76   0      335.3     23134.74      123.805
       885    835.8661    267.9061     13632.14     191.3336  14.6636   0.0152     6.43    0.373   9.04   0      110.2     9542.731     95.36989
       886    705.0131    264.0446     17231.25     385.2325  14.4092   0.0243     4.72    0.308   2.41   2      72.01     3911.197     81.34326
       887    989.8744    267.6693     3592.629     263.0885  16.1115   0.0795     5.34    0.299  -0.65   0       19.5     941.9684     72.01373
       888    816.1151    267.2418     6023.892     376.7733  15.5503   0.0679     5.14    0.266   2.44   0      25.23     1175.217     72.56009
       889     71.0272    266.7225     5123.396     323.0765  15.7261   0.0685     5.62    0.329  -3.12   0      25.27     1188.116     72.97189
       890    857.5354    267.0067      2924.95     300.8961  16.3347   0.1117     4.97    0.384 -24.91   0      12.51     621.8821     71.37611
       891    470.4143    261.7495     6639.767     422.7678  15.4446   0.0691     9.69    0.066 -66.26   3      25.24     1103.024     72.89205
       892    476.5716    260.4688     5870.303     331.8502  15.5783   0.0614     6.78    0.357   0.84   3      29.03     1369.835     73.53568
       893    400.6158    264.4754     4102.825     330.6375  15.9673   0.0875     5.60    0.276   2.28   0      19.77      929.668     72.34952
       894    260.8780    256.0007     268878.5     571.8326  11.4261   0.0023     5.40    0.243 -14.72   0      570.9     54766.84     172.2755
       895    967.2871    262.8972     5869.036     267.5854  15.5786   0.0495     5.44    0.373  -4.19   0      30.25     1470.551     73.47932
       896    430.6460    270.9173     16644.86     358.5228  14.4468   0.0234     5.92    0.288 -11.02   0      70.12      3329.62     79.02051
       897    915.8698    258.6524     5543.652     376.4835  15.6405   0.0738     6.01    0.273  19.59   0         24     1065.623     72.40293
       898    796.9045    258.9096     3385.945     287.4684  16.1758   0.0922     5.48    0.407  -5.28   0      17.39     890.4703     71.85102
       899    436.1209    254.5709     84328.95     423.7674  12.6851   0.0055     5.41    0.252  -3.38   0      269.7     17767.18     113.4056
       900    295.7157    258.2834     4233.978     276.1617  15.9331   0.0708     5.35    0.286  -3.86   0       22.6     1110.927       72.545
       901    645.7827    252.2428     184133.1     513.2897  11.8372   0.0030     5.72    0.318   2.89   0      449.2     36728.79      146.744
       902    726.4242    253.6830     40667.07      385.024  13.4769   0.0103     5.49    0.283  -1.82   0      157.8     8993.425     94.19535
       903    978.3220    256.1848     2554.095     218.6159  16.4819   0.0930     5.91    0.518 -10.02   0       15.9     836.9496     72.05767
       904    229.8797    250.6418     22285.39     653.5396  14.1299   0.0318    13.56    0.631 -10.98   0      52.55       1825.5     74.75014
       905    926.8936    251.5721     2960.699     272.6443  16.3215   0.1000     4.12    0.247   9.26   0      16.99     872.9226     71.22846
       906    683.5995    247.6694     20536.89     350.5333  14.2187   0.0185     5.57    0.304  -1.34   0      88.75     4508.317     82.66849
       907    602.7424    248.0145     12296.46     483.0553  14.7755   0.0427     7.57    0.436  18.08   0      41.29     1817.318     75.08615
       908    566.9784    248.0027     3880.406     299.3678  16.0278   0.0838     4.84    0.444   0.86   2      19.21     888.1801     72.03167
       909    629.9300    245.8246     9094.874     460.7474  15.1030   0.0550     6.32    0.299 -16.31   0      31.88     1476.699     73.86522
       910    108.0887    246.6189      7672.01     387.4808  15.2877   0.0548     5.35    0.256   0.73   0      32.72     1544.608     73.70802
       911    133.0397    241.3219     9721.128     446.9141  15.0307   0.0499    11.89    0.537  36.38   0      31.68      1145.44     72.83885
       912    855.2425    242.6774     8988.305     379.4489  15.1158   0.0458    10.25    0.462   0.30   0      33.88     1415.836     73.67771
       913    483.1003    243.3520     3475.263     264.2688  16.1475   0.0826     6.48    0.202  -0.93   0      19.77     973.7119     71.36018
       914    404.0857    242.4702     5220.897     425.1953  15.7056   0.0884     7.93    0.219  64.25   0      18.51     575.0367      70.6552
       915    371.0125    240.8257     4170.193     289.2584  15.9496   0.0753     4.87    0.247  12.22   0      22.42     1118.545     72.94043
       916    771.5739    225.0910       751245      748.627  10.3105   0.0011     5.55    0.152  -4.89   0       1033     153429.5      272.845
       917    601.0809    238.5356     7602.452      409.489  15.2976   0.0585     6.05    0.339   7.97   0      31.98     1445.991     73.58722
       918    332.6584    239.0977     4694.314      288.501  15.8211   0.0667     4.43    0.211   9.05   0       24.1     1210.718      72.6712
       919    160.5835    238.0054     12643.82     427.5668  14.7453   0.0367     5.62    0.313   2.74   0      50.12     2412.708     76.69112
       920    191.1071    236.4880     7513.088      340.003  15.3105   0.0491     0.00    0.528 -10.79   0      34.78     1028.798     72.28725
       921    915.4130    238.0930     13258.51     179.9549  14.6938   0.0147     0.00    0.430  11.77   0      144.4     11486.98     99.76038
       922    558.9716    234.6403     3374.681     330.1366  16.1794   0.1062     5.93    0.398 -12.59   0      15.06     685.8651     71.76814
       923    246.7692    232.9398     7681.946     320.6838  15.2863   0.0453     0.53    0.304 -15.33   0      41.17     1976.941     75.20918
       924    894.3560    232.1926     9479.321     451.3062  15.0581   0.0517     9.89    0.510   8.33   0      34.41     1568.716     74.51149
       925    873.1428    231.7431     5686.517     380.1422  15.6129   0.0726     6.31    0.368  10.86   0      23.74     1093.669     73.04815
       926    462.1761    229.7294     28247.66     358.3378  13.8725   0.0138     6.13    0.311 -10.76   3      110.7     5451.831     85.38139
       927    456.9633    222.7576     158406.3     488.1146  12.0006   0.0033     5.29    0.212  -5.04   3      410.6     32753.73     140.3564
       928    387.6982    230.1358     21232.43     334.2166  14.1825   0.0171     5.20    0.255  -7.51   0      93.79     4861.874     83.31098
       929    997.5962    229.9135     18174.19     461.5583  14.3514   0.0276     9.70    0.378  -2.89   0      66.26       3373.8     79.65816
       930    281.4743    226.1084     132025.6     464.8949  12.1984   0.0038     5.58    0.239  -4.57   0      367.8      27257.7     130.8459
       931    304.4833    230.1611     5134.877     368.9816  15.7237   0.0780     6.14    0.184  -7.21   0      22.33     923.8308     71.76838
       932    579.5309    229.5982     4789.544     369.6841  15.7993   0.0838     7.06    0.307  -1.48   1       18.9     762.8357     71.82353
       933    504.6780    228.2657     11258.58     358.8782  14.8713   0.0346     5.50    0.335   0.45   0      49.89     2390.585     76.27193
       934    536.4178    228.3792     4416.445     315.1608  15.8873   0.0775     5.95    0.320  -7.32   0      21.97     1080.559     73.00735
       935    588.6441    224.4320     23448.51     419.8042  14.0747   0.0194    12.59    0.247 -14.42   0      91.96     4550.271     83.10965
       936    326.2709    227.0599     7174.855      223.368  15.3605   0.0338     0.00    0.451  -2.17   0      75.67     4907.417     83.75851
       937    523.1160    224.9917     10001.72     373.7797  14.9998   0.0406     5.76    0.273  -1.56   0      45.16     2186.664      76.1959
       938    978.8392    223.4435     22130.98     546.4768  14.1375   0.0268     9.34    0.319 -24.06   3      66.42     3024.683     78.48375
       939    986.4912    215.4688     27726.96     453.7502  13.8927   0.0178     5.25    0.272   5.84   3      96.28     4648.747     82.89075
       940    684.8760    224.3034     7342.361     379.3535  15.3354   0.0561     5.68    0.341  -1.28   0      32.49     1562.742     73.76391
       941     51.3058    222.8791     7245.664     334.8154  15.3498   0.0502     6.71    0.381   0.57   0      33.22     1522.927     73.82446
       942    792.5624    222.9196     6242.639     418.5367  15.5116   0.0728     7.01    0.453   2.04   1      19.78     762.4138     71.63376
       943     25.5739    222.3191     4266.801     255.8652  15.9247   0.0651     5.12    0.188   1.51   0      22.51     1084.584     72.64872
       944    205.4530    220.5734     3886.573     286.6877  16.0261   0.0801     5.59    0.324  -6.00   0      20.11     933.7375     72.17527
       945    946.8932    219.4067     4726.152     345.0594  15.8137   0.0793     4.99    0.345   4.11   0      21.01     994.7842     72.36724
       946    899.5292    215.5259     5521.371     290.3181  15.6449   0.0571     5.55    0.320   2.52   0       28.2     1331.243     73.23196
       947    339.3075    213.3571      31086.2     427.0955  13.7686   0.0149     5.57    0.251  -3.63   3      117.5     6088.031     86.43513
       948    342.3840    202.6455     47327.79     494.5048  13.3122   0.0113     6.33    0.184 -70.25   3      153.6     8465.224     93.20267
       949    244.9435    215.9283     3957.176      323.302  16.0065   0.0887     5.93    0.168   8.47   0      19.45     900.5359     71.88286
       950    173.6665    213.8021     8264.799     487.4344  15.2069   0.0640     9.40    0.444 -17.16   2      24.33     822.7092     72.01274
       951    179.6109    205.7115     11682.51     618.9479  14.8312   0.0575     9.81    0.311  68.96   2         28     790.7089     71.34557
       952    101.3640    208.9308     29218.34     455.9811  13.8359   0.0169    13.50    0.375 -38.95   0      91.85      2725.86     77.61359
       953    711.6670    212.4183     3291.625     292.0591  16.2065   0.0964     3.79    0.355  -9.13   0      17.73     948.9598      72.4101
       954    683.8445    210.0650      3427.61     321.8814  16.1625   0.1020     6.37    0.310  -6.47   0      16.02     640.9086     71.24722
       955    557.3152    206.2899     22256.34     671.3826  14.1314   0.0328    17.11    0.425   8.76   0      57.65     1405.053     73.46067
       956     39.4694    204.6248     19184.97     385.5078  14.2926   0.0218     6.65    0.061  15.44   2      73.99     2801.417     77.83453
       957    504.7627    205.9980     6212.309      302.253  15.5169   0.0528     8.33    0.317 -19.56   0       26.3     1102.418     73.07536
       958    372.2729    206.6129     3908.135     286.7048  16.0201   0.0797     5.68    0.382  -4.98   0      20.62     989.9069      72.5385
       959    812.1953    201.5342     21117.87     590.6465  14.1884   0.0304     6.88    0.077 -20.45   3       60.8     2178.101     76.17035
       960    809.8098    193.6560     15365.37     468.1809  14.5336   0.0331     7.84    0.143  -6.12   3      57.04     2685.392     77.66923
       961    421.3292    197.8115      9571.26     330.3082  15.0476   0.0375     6.45    0.341  -3.04   0      42.92     1876.793     75.08616
       962    735.1873    199.0821     3305.046     315.4314  16.2021   0.1036     6.41    0.539  -2.81   0      16.27     676.2195     71.35976
       963    250.7934    196.9377     22657.64     448.9515  14.1120   0.0215     9.49    0.570 -10.03   3      82.33     4135.873     81.80354
       964    245.5393    191.1909     26160.79     408.2343  13.9559   0.0169     5.64    0.312 -28.80   3      102.8     5345.109     85.09683
       965    987.7742    193.4379     15064.19     373.2414  14.5551   0.0269     9.87    0.500 -30.71   0      57.07     2397.948      77.1746
       966    703.4662    196.2484     4703.486     296.5936  15.8190   0.0685     5.93    0.339   3.46   0      24.47     1185.929     72.96507
       967    685.0742    195.8511     5280.529     258.0768  15.6933   0.0531     5.92    0.289  -3.10   0      26.78     1207.741     72.84768
       968    488.8191    196.8589     3473.575     283.9902  16.1481   0.0888     6.81    0.441   1.45   0      18.55     848.5204     71.90643
       969     60.1681    195.6111     12322.79     391.9273  14.7732   0.0345     5.89    0.338  -2.57   0      52.51     2539.535     77.41604
       970    659.9980    194.9962     12600.63     141.1378  14.7490   0.0122     4.20    0.004  30.62   3      153.9     12275.67     101.8071
       971    654.1713    194.2072     12117.29     355.6411  14.7915   0.0319     5.45    0.308  -4.91   2      54.38      2696.67     77.87598
       972      4.9134    195.2198     9292.377     386.6862  15.0797   0.0452     6.15    0.328  20.85  26      34.14     1455.423     73.43251
       973    861.5134    193.4454     3105.682     272.7651  16.2696   0.0954     5.91    0.355 -24.17   0      17.24     765.2526     71.26443
       974    191.9017    187.7569     10961.77     528.5524  14.9003   0.0524     6.68    0.297 -11.36   2      29.58     1130.033     72.04417
       975    283.1529    187.8929     22586.48     426.5281  14.1154   0.0205     9.47    0.297 -12.29   0      89.22     4464.057     82.05402
       976    147.8549    190.9781     6021.413     390.8583  15.5508   0.0705     5.13    0.268  11.26   0      23.58     1082.189     72.64123
       977    335.0336    189.3926     14109.68     410.6234  14.6262   0.0316     6.10    0.325   1.60   0      59.25     2926.523     78.54392
       978     16.8283    189.5641     11902.11     475.8203  14.8109   0.0434     6.92    0.372   2.45   0      40.23     1921.741      75.5806
       979    595.3118    187.6671     4661.629     337.0906  15.8287   0.0785     4.15    0.298  -4.89   0      21.93     1148.529     72.47645
       980    941.4630    186.7635     7445.632     423.2008  15.3202   0.0617     6.17    0.257   8.55   2      28.62     1264.007     73.20787
       981    936.2969    182.6504     4942.568     373.4155  15.7651   0.0820     5.57    0.240  12.65   3      20.56      936.766     71.62086
       982    403.7254    175.2028     520899.8     660.9213  10.7081   0.0014     5.44    0.170  -2.62   0      845.3     108934.8      233.025
       983    317.8859    180.9981     74214.92     411.7948  12.8238   0.0060     5.50    0.260  -1.54   0      247.5     16230.85     110.5286
       984    206.0394    181.5891     17098.04     439.2584  14.4176   0.0279     5.68    0.279 -10.14   0      66.36     3304.162     79.79871
       985     97.1883    183.4986     4652.987      341.071  15.8307   0.0796     5.32    0.354  -1.78   0      22.09     1021.451     72.45094
       986      2.0541    183.3649     3403.068     232.9404  16.1703   0.0743     3.97    0.268  75.27  24      16.26     936.4642     72.18385
       987   1012.6928    181.3458     6432.702     302.4187  15.4790   0.0511     5.33    0.281  12.39  16      30.81     1459.158     73.44406
       988    802.1490    181.1091      10274.7     484.2013  14.9706   0.0512     7.62    0.434  18.78   0      35.79     1405.758     73.27863
       989    274.1307    179.1125     22289.83     410.2132  14.1297   0.0200     5.47    0.294  -0.01   0       88.8     4527.705     82.39433
       990    296.4944    179.7946     6628.629     418.7463  15.4464   0.0686     5.19    0.241   0.56   0      21.95     1064.752     72.58665
       991    218.8229    178.0949      16326.5     449.5095  14.4678   0.0299    11.00    0.361  -9.78   0      58.63     2918.624     77.65559
       992    153.4541    176.0788     45561.82     547.5635  13.3535   0.0131     5.76    0.326 -14.92   0      141.5     7416.379     90.01032
       993      6.0525    173.1864     14419.91     377.3531  14.6026   0.0284     5.84    0.266  -3.51  24      60.66     2948.157     78.43436
       994    139.7963    167.1362     108979.3     478.1524  12.4066   0.0048     5.58    0.235  -4.68   0      317.8     22308.99     122.2797
       995    817.9938    170.6104     10550.68     431.9638  14.9418   0.0445     1.51    0.389  21.11   0      41.28     1350.289     73.47524
       996    618.7587    171.2592      5606.51     349.5275  15.6283   0.0677     5.24    0.270   1.42   0      25.89     1195.212     72.99399
       997    574.8374    171.5092     3082.094     281.2843  16.2779   0.0991     4.44    0.303  26.02   0      15.83     763.9136     71.26016
       998    183.0487    169.8136     5328.231     348.3779  15.6835   0.0710     5.91    0.228   7.64   0      25.18     1100.608     73.06973
       999    966.9357    166.4056     6104.959     315.3062  15.5358   0.0561     5.21    0.135  -4.64   0      28.11     1270.914     73.41365
      1000     13.6819    167.7544     5441.136      383.536  15.6608   0.0766     6.44    0.315  -4.12   1      19.76     779.0959     71.30856
      1001    436.8274    163.3431     13733.72     390.1549  14.6555   0.0309    10.67    0.254   9.63   0      58.15     2799.737     77.82963
      1002    808.6157    164.9618     6486.998     425.0773  15.4699   0.0712     7.98    0.223  18.97   1      22.66     1034.995     73.05063
      1003    743.0800    159.7959     171595.5     542.4592  11.9137   0.0034     6.06    0.366   6.06   2      422.3     30510.46     136.6758
      1004    722.6359    160.2217     28720.23     389.3569  13.8545   0.0147     5.67    0.344 -11.85   3      111.8     5907.772     86.89818
      1005     63.4937    163.2775     14164.47     386.0538  14.6220   0.0296     6.56    0.248 -24.20   0      55.73     2208.933     75.90699
      1006    674.9276    160.5981     17345.88     419.7201  14.4020   0.0263     5.59    0.270  -9.37   2      63.86     3039.291     78.52604
      1007    270.6754    163.6866     2621.423      179.665  16.4537   0.0744     5.70    0.334  -3.55   0      16.89     841.7167     71.50787
      1008    654.1915    161.6392     5916.884     331.8821  15.5698   0.0609     5.08    0.287  11.69   3      29.34     1451.369     74.15269
      1009    649.8091    156.6048     5810.277     351.5875  15.5895   0.0657     6.55    0.385  11.16   3      27.07      1240.81     73.13582
      1010   1021.8436    165.3550      10925.7      259.118  14.9039   0.0258     5.73    0.110 -26.12  24      58.71     2843.511     77.95735
      1011    814.6486    158.7351     5342.015     393.9095  15.6807   0.0801     6.62    0.319  -4.09   0      18.74     757.1536     71.61707
      1012    128.6841    155.9710     12689.52     551.7996  14.7414   0.0472     7.70    0.322  14.03   1       29.6     1050.377     72.35506
      1013    342.8984    154.4489     6881.405     311.5568  15.4058   0.0492     5.54    0.322   4.68   0      33.03     1541.836     73.51584
      1014    897.6121    151.4263     22959.54     399.7418  14.0976   0.0189     5.33    0.287  -3.88   0      93.01     4714.941     83.39683
      1015   1006.3480    151.8987     4745.521     286.1895  15.8093   0.0655     8.56    0.398 -16.24   0      23.08     945.6974     71.64919
      1016    280.6155    147.4225     13735.67     337.1939  14.6554   0.0267    12.21    0.182  -7.54   0      57.54     2770.133      77.9168
      1017    114.7917    151.4817     8894.063     477.2221  15.1272   0.0583     6.89    0.391   5.95   2      26.38     1079.051      72.6314
      1018     20.3385    150.8003     4830.424      285.074  15.7900   0.0641     7.30    0.361   3.30   0      23.43     1104.321      72.8961
      1019    567.7527    149.8282     8067.924     291.1465  15.2331   0.0392     5.42    0.313  -6.45   0         39     1890.353     75.48616
      1020    852.0693    148.7518     4906.727     368.8411  15.7730   0.0816     7.48    0.426  -6.96   0      18.86     854.5191     71.92538
      1021    608.9680    147.1201     7201.366     306.3232  15.3565   0.0462     8.41    0.353   1.20   0      32.51     1446.588     73.77251
      1022    442.4516    144.1033      7952.44     385.8979  15.2487   0.0527     5.03    0.260   3.03   2      32.74     1440.067     73.20055
      1023    309.1671    146.9776     2496.994     279.6052  16.5065   0.1216     3.11    0.192   5.47   0      14.11     729.4201     71.90594
      1024     81.1092    144.4146     61822.97     593.1456  13.0221   0.0104     6.40    0.345  -7.77   2        190     3936.936     80.74834
      1025     63.3972    138.7228     111749.2     757.9971  12.3794   0.0074     5.81    0.222  -3.60   0      223.9     13323.95      104.121
      1026    793.8339    138.2141     5902.036     325.7054  15.5725   0.0599     5.18    0.205  -0.40   0      28.24     1357.037     74.04578
      1027    671.6564    139.2229     5268.579      173.504  15.6958   0.0358     0.00    0.301 -26.32   0      69.18     3798.938     80.69469
      1028    638.1334    139.9115     3051.077     291.8719  16.2889   0.1039     5.50    0.372  -9.18   0      14.74      679.018     70.98888
      1029    706.3019    134.6859      53050.2     476.2996  13.1883   0.0098     5.45    0.268  -7.74   0      183.7     10438.26     97.20291
      1030    591.1973    136.4122     8653.974     338.7757  15.1570   0.0425     5.79    0.294   7.62   0      39.73     1893.505     75.13673
      1031    658.2006    136.3844     4212.978     346.6762  15.9385   0.0894     5.58    0.210  58.29   0      16.42      678.438     71.36683
      1032    405.0967    136.3881     17050.45     452.1232  14.4207   0.0288    14.82    0.411  35.30   0      56.73     2187.373     76.02042
      1033    568.2908    131.2908     10740.29     472.4124  14.9225   0.0478     5.39    0.329  -4.36   2       34.5     1643.433     74.19451
      1034    136.2749    130.2188     5164.845     378.9395  15.7174   0.0797     8.10    0.061 -15.75   0       21.7     926.0992     72.15121
      1035   1022.4968    129.2757      3211.89     198.2578  16.2331   0.0670     5.90    0.112   1.83  24      19.68     946.0281     71.83864
      1036    837.6160    125.7353     51036.92      475.338  13.2303   0.0101     5.72    0.296 -25.20   2      167.7     9390.391     95.14832
      1037    292.6924    127.6720     11678.54     326.6224  14.8315   0.0304     5.87    0.328  -4.37   3      52.01     2486.079     76.55595
      1038    303.2011    125.9726      7092.72     342.6929  15.3730   0.0525     6.65    0.409  -0.39   3      31.93     1519.979     74.36269
      1039    805.3778    127.1789     9102.294     297.6837  15.1021   0.0355     9.16    0.564   7.37   0      46.45     3418.368     79.95444
      1040    742.9045    127.1146     5925.306     253.3642  15.5682   0.0464     5.29    0.312  -2.81   0      31.64     1574.573     73.98328
      1041    361.0065    126.4458     7775.403      382.274  15.2732   0.0534     5.13    0.236   5.28   0       33.7     1627.778     74.69142
      1042    242.4401    125.7856     4912.441      318.715  15.7718   0.0705     8.30    0.320 -36.88   0       21.3     833.3441     72.42054
      1043    463.7994    125.8812     2996.908     291.8297  16.3083   0.1058     5.54    0.392   9.18   0      14.07      655.827     71.29478
      1044    771.4629    122.2066     27262.06     439.9012  13.9111   0.0175     6.15    0.256  -7.52   3      101.5      5105.95     84.45568
      1045    781.8332    120.6713     36930.87     442.5838  13.5815   0.0130     5.59    0.270  -5.80   3      139.3     7567.727     90.69024
      1046      3.4074    122.2977     3521.253     227.1819  16.1333   0.0701     5.32    0.096   1.66  24      20.41     996.6472     72.37309
      1047    583.5836    120.2974     10345.52     389.9133  14.9631   0.0409     5.72    0.323  -4.22   3      42.85     2052.038     75.25637
      1048    586.9630    114.3524     9140.722     404.5363  15.0975   0.0481     6.53    0.233 -16.37   3      36.87     1621.483     74.30936
      1049    183.8478    117.9355     12521.04     295.7469  14.7559   0.0257     5.49    0.304   1.27   0      58.85     3003.026     78.42101
      1050    798.9185    117.9221     3847.126     283.0979  16.0372   0.0799     6.65    0.371  -1.24   0      19.28     851.9097     71.35107
      1051     34.1705    118.7537     2837.149     287.0342  16.3678   0.1099     5.91    0.530  -1.85   0      13.99     667.6909     71.71056
      1052    715.2596    116.5064     3408.862     319.7615  16.1685   0.1019     4.04    0.024 -65.23   0      16.47     836.3613     71.30153
      1053    260.3685    115.9529     3207.952     276.5407  16.2344   0.0936     5.39    0.459   5.11   0      17.62     875.1019     72.36493
      1054    973.9518    112.8480     21459.13     410.5765  14.1710   0.0208     5.90    0.325  -6.08   0      88.75     4484.182     82.92873
      1055    619.2718    112.4504     21800.52     387.0467  14.1538   0.0193     5.60    0.297  -3.53   0      91.09      4548.04     82.61417
      1056    993.7776     99.0873     134670.9      601.628  12.1768   0.0049     8.96    0.346  59.84   2      343.7     20540.56      118.606
      1057    981.3338    103.4447     17693.38     455.4239  14.3805   0.0280     5.69    0.258 -13.58   3      68.44     3266.403     79.18063
      1058    772.5940    112.7544     4990.248     357.7314  15.7547   0.0779     5.09    0.275   1.52   1      18.17     843.4696     72.07823
      1059    655.3069    111.0738     16900.82     356.7958  14.4302   0.0229     5.43    0.333  -1.55   0      72.57     3646.902     79.92784
      1060    353.3254    109.9789     8076.816     382.4532  15.2319   0.0514     5.04    0.204  13.02   0      34.34     1598.804     74.42181
      1061    200.2109    111.5346     4118.779     272.3701  15.9631   0.0718     6.56    0.407   5.09   0      22.85     1002.052     72.39007
      1062    456.0030    110.1964     7181.538     427.8246  15.3595   0.0647     5.22    0.328   6.80   0      25.58     1211.531     73.04478
      1063    482.4569    109.9897     2535.392      258.278  16.4899   0.1106     4.96    0.374  27.22   0      15.01     792.6172     71.91771
      1064    104.4400    109.0204     7587.712     411.1279  15.2997   0.0588     6.37    0.350  -7.44   0      30.93     1298.337     73.68217
      1065     63.7286    108.7910     7384.156     358.3073  15.3292   0.0527     6.25    0.309   1.29   0      31.75     1367.085     73.52718
      1066    162.0651    107.4633     3873.224     204.0447  16.0298   0.0572     5.90    0.395   1.46   0      22.44     1107.601     72.53458
      1067    558.8328    105.5923     12772.78     526.7709  14.7343   0.0448     9.54    0.533   6.66   0      40.15     1860.623      75.3966
      1068     82.4319    104.6353     12787.27      398.182  14.7331   0.0338     5.96    0.301   4.24   0      54.88     2682.672     77.83511
      1069    879.9124    102.6925     36242.82     384.1668  13.6019   0.0115     5.60    0.251  -2.10   0      140.8     7650.183     90.74782
      1070    737.0569    104.4453     5566.062     353.3474  15.6361   0.0689     5.17    0.358   5.03   0       25.5     1228.807     73.28319
      1071    623.5905    102.2125     10173.96      514.604  14.9813   0.0549     6.46    0.163  -3.08   2      29.01     1073.713      72.6147
      1072    845.2812     93.3924     480793.1     665.5195  10.7951   0.0015     5.43    0.258  -9.28   0      805.9        97355     221.4433
      1073    300.3239    101.5729     4369.777     320.4438  15.8989   0.0796     8.02    0.181  14.65   0      22.06     933.1853     72.17353
      1074    148.0617     96.1141     13894.12     426.6498  14.6429   0.0333     5.58    0.180 -19.63   2      51.09      2328.26     76.08598
      1075    192.2159    101.7811     2727.099     272.4495  16.4107   0.1085     5.54    0.317 -19.19   0      16.09     784.0979     71.89079
      1076    210.0461   1020.9308      7853.42     310.0932  15.2624   0.0429     5.33    0.388   1.66  16      38.35      1902.96     75.16532
      1077    359.9023     95.9074     46151.91     395.1496  13.3395   0.0093     6.27    0.342  -0.97   0      163.4      8557.52     92.70127
      1078    276.2720     96.4530      50797.2     386.6122  13.2354   0.0083     8.20    0.242  -0.97   0      185.1      10127.2     96.75268
      1079    135.7442     97.9459     8930.637     466.4978  15.1228   0.0567     6.94    0.306   7.17   0      26.04     1078.962     73.00237
      1080     49.5480     95.7269     42155.79       453.53  13.4379   0.0117     5.53    0.295  -4.49   2      141.6     7561.084      90.5244
      1081    737.2587     97.2898     5482.289     382.6784  15.6526   0.0758     5.88    0.263   0.29   0      22.74     995.6025     71.99531
      1082   1022.3218     90.3982     5104.376     281.7166  15.7301   0.0599     5.45    0.166 -33.02  24      26.53     1274.314     73.23986
      1083    241.3990     89.3315     3981.055     312.6927  16.0000   0.0853     7.02    0.420   9.93   0      19.82     890.8704     72.22754
      1084      4.8255     85.3640     6010.638     354.5875  15.5527   0.0641     5.53    0.218   7.47  16      22.34     1088.208     73.03115
      1085    964.8755     79.8500     7280.869     451.6964  15.3445   0.0674     8.42    0.056 -78.18   2      29.21     785.3678      71.5178
      1086    694.2171     84.4324     3466.929     266.8068  16.1501   0.0836     5.60    0.393  21.02   0      19.34     948.3488      72.5946
      1087    681.1666     84.0757     5628.177     347.6028  15.6241   0.0671     5.49    0.264  -4.61   0       26.8     1222.547     73.07905
      1088    942.7579     82.1798     8580.614     400.8637  15.1662   0.0507     5.51    0.232  -5.98   0       35.2     1676.834     74.84054
      1089    619.0538     80.8913     21305.48     510.3092  14.1788   0.0260     7.79    0.336 -34.73   0       69.6     2640.397     77.01271
      1090    184.0886     80.9567     19445.93     323.7379  14.2779   0.0181     5.53    0.270  -3.15   0      85.47     4288.707     81.73242
      1091    807.7429     78.7196     51180.52     390.3159  13.2272   0.0083     5.66    0.302  -3.82   0      185.1     10568.16     97.64471
      1092    389.6146     81.0256     5046.561     367.0908  15.7425   0.0790     6.32    0.325  -7.98   0      22.45      1099.66     73.06678
      1093   1003.6694     80.0649     5838.327     238.1592  15.5843   0.0443     4.45    0.383  -8.60   0      31.29     1584.211     74.01288
      1094    931.5444     79.7976     11829.79     472.9363  14.8176   0.0434     6.55    0.304   6.24   2      36.51     1593.021     74.40414
      1095    785.0074     79.6706     13784.55      592.399  14.6515   0.0467     9.96    0.417  -5.19   0      34.21     1171.791     72.92102
      1096    320.7152     79.5927     10680.96     336.1354  14.9285   0.0342     5.75    0.335  -7.99   0      49.29     2368.111      76.7352
      1097    771.3101     74.6683     11542.73     570.6031  14.8442   0.0537    10.96    0.501 -33.72   0      29.41     894.6802     71.67601
      1098    511.4127     74.8640     15753.61     514.4416  14.5065   0.0355     5.96    0.098  10.98   0      53.78     2288.917     76.32339
      1099    150.4713     71.9632     61902.34     427.6697  13.0207   0.0075    14.48    0.200  13.31   0        207     11253.82     99.49984
      1100    498.7654     76.0332     3283.956     310.0133  16.2090   0.1025     5.05    0.245  -0.46   0      13.56     649.7352     71.65364
      1101     48.3464     75.3502     5037.388     345.2644  15.7445   0.0744     5.02    0.286   0.95   0      22.93     1095.806     72.86954
      1102    529.2137     70.8307     23954.97     451.1084  14.0515   0.0205     5.57    0.269  -4.49   0      93.41     4753.766     83.66428
      1103     79.9439     72.4643     3594.907      332.328  16.1108   0.1004     7.05    0.446  14.72   0      16.44     642.9321     71.44312
      1104    903.2217     70.8542     8339.992     370.9505  15.1971   0.0483     5.15    0.290   3.77   0      38.11     1856.943     75.20599
      1105    874.3899     70.1039     15115.23     380.4457  14.5515   0.0273     5.85    0.309  -5.26   0      62.62     3031.398      78.5032
      1106    625.6775     69.7932     6259.266     417.7376  15.5087   0.0725     7.70    0.417 -42.29   1      20.74       732.56     71.53898
      1107    334.0971     70.5186     4290.095     358.2309  15.9188   0.0907     6.96    0.451   1.43   3      19.25     828.7913     71.46678
      1108    326.7769     69.5278     7140.304     374.7507  15.3657   0.0570     5.87    0.400   7.85   3      29.25     1354.089     73.67069
      1109    721.9202    100.1234     2715.984      254.484  16.4152   0.1018     5.93    0.429   8.13   0      16.01     777.1317     71.11249
      1110    471.4985     68.7701     2535.782     280.8425  16.4897   0.1203     3.56    0.275   1.75   0      13.82     641.1793     70.48515
      1111    210.9995     69.0485     4504.385     359.3085  15.8659   0.0866     6.33    0.498  -4.51   0      16.65      620.879      71.1833
      1112    445.6924     66.8647     4861.161      304.582  15.7831   0.0680     6.08    0.344   4.87   0      25.14     1191.236     72.61025
      1113    780.2630     65.0322     5573.833     420.5906  15.6346   0.0819     9.03    0.539  -6.47   0      20.11     743.4459     71.57355
      1114    428.3714     65.8564     4080.965     350.4678  15.9731   0.0933     6.17    0.354   2.91   0       17.7     854.7672     71.92617
      1115    628.3481     61.3408     28540.59     540.4525  13.8613   0.0206     6.85    0.261 -32.79   3      87.71     4164.084     81.71664
      1116    639.1115     57.5475     11639.93     419.8508  14.8351   0.0392    10.67    0.433   3.31   3      45.14     1902.894      74.8046
      1117    616.2017     61.8094     9544.025      503.704  15.0507   0.0573     6.74    0.221  15.79   3      29.05     1206.983     73.03062
      1118    615.0232     57.0086     10088.42     499.9102  14.9904   0.0538     9.99    0.461 -12.92   3      32.97     1309.603     73.53333
      1119    542.6400     62.7654     3957.187     319.0938  16.0065   0.0876     6.09    0.212 -30.94   0      17.11     712.3303     71.47468
      1120    939.9568     60.1052     2950.828     273.8727  16.3251   0.1008     6.45    0.354  -6.39   0      16.79     761.1014     71.06124
      1121    434.8768     59.8103     5757.749     139.6882  15.5994   0.0263     0.00    0.244  58.89   0      88.46     4955.596     83.88914
      1122    118.1057     59.5782     3948.947     338.6116  16.0088   0.0931     7.31    0.305   7.91   0       17.6     716.6172     70.91882
      1123    866.6409     57.4533     8896.482     438.0905  15.1270   0.0535     5.98    0.325  -6.91   1      32.01     1484.145     74.07082
      1124    251.4533     56.2767     11828.08     394.2202  14.8177   0.0362     5.55    0.312  -0.39   2       46.4      2139.87     75.69992
      1125    703.8742     55.0860     12978.84      524.288  14.7169   0.0439    10.18    0.468  21.32   0      42.11       1821.8      74.3763
      1126    877.9266     52.3167     24250.04     454.9858  14.0382   0.0204     5.79    0.240  -1.24   0      90.42     4262.911     81.49497
      1127    749.2217     55.6263     4230.038     345.7114  15.9341   0.0888     5.45    0.217  15.96   0      18.55     850.0026     72.28606
      1128    200.3684     55.2742     6422.661     216.4441  15.4807   0.0366     0.00    0.249  21.29   0      57.08     3618.151      80.1839
      1129    294.6629     51.1330     37829.35     380.6917  13.5554   0.0109     5.65    0.243  -9.27   0      143.6     7648.353     90.74323
      1130    999.1280     53.2917     4372.114     317.2661  15.8983   0.0788     5.88    0.483   5.93   0      20.75     1014.378     72.05455
      1131    832.3248     53.3250      5148.97     302.5713  15.7207   0.0638     5.70    0.355  10.33   0      25.96     1231.429     72.54987
      1132    387.5727     50.6953     4481.112     321.5753  15.8715   0.0779     6.36    0.427   0.76   0      21.59     993.0771     71.61082
      1133     73.8300     48.9163     13803.99     457.1894  14.6500   0.0360     6.70    0.311  -3.31   3      50.44     2392.151     76.45359
      1134     89.2430     43.5157     7339.953     393.3462  15.3358   0.0582     7.57    0.279 -19.31   3       28.8     1126.698     72.40796
      1135     79.8567     41.8797      19569.4     428.0865  14.2711   0.0238     6.03    0.284  15.63   3      74.58     3580.884      79.7399
      1136    627.6448     47.3595     16004.65     446.3286  14.4894   0.0303     5.76    0.286   0.39   0      64.39     3092.439     78.50773
      1137    270.7790     48.2649     9753.488     272.1092  15.0271   0.0303     8.14    0.259   5.09   0      63.91     4669.884     83.27395
      1138    544.6531     45.8975     25433.95      387.434  13.9865   0.0165     6.11    0.331  -3.91   3      101.5     5070.105     83.71581
      1139    551.4802     43.6308     47437.44     418.2999  13.3097   0.0096     6.49    0.259  -2.46   3      167.3     8987.736     94.18163
      1140     62.0992     47.6335      12219.7     444.3971  14.7823   0.0395     6.08    0.379   5.57   1      43.37     1962.237      74.6233
      1141    894.4776     46.6070     5176.494     355.0056  15.7149   0.0745     8.39    0.352  10.57   0      23.93     1072.881     72.61209
      1142    459.5527     45.4744     6771.771     412.3189  15.4232   0.0661     5.83    0.257  21.21   0      24.14     1105.944     72.52939
      1143    682.5071     45.1226     4969.501     346.1971  15.7592   0.0757     5.35    0.263  -3.98   0      23.16     1016.801     72.24951
      1144    399.3141     40.2969     47006.47     422.0877  13.3196   0.0098     5.41    0.245  -6.22   0      171.5     9610.547     95.38976
      1145    498.3201     42.8781     3620.309     237.4604  16.1031   0.0712     7.22    0.510   2.77   0      18.51     803.0207     71.19518
      1146    241.3662     41.0433     10190.49     371.1733  14.9795   0.0396     5.75    0.276  -0.47   0      45.97     2253.368      76.3946
      1147    200.1514     40.0547     15720.72     425.2445  14.5088   0.0294     9.02    0.299   4.06   0       63.8     3027.542     78.66405
      1148    532.2585     38.3954     3360.547     305.6792  16.1840   0.0988     4.96    0.216  24.11   0      16.09     732.9805       71.729
      1149    998.6071     37.6300     7892.244     330.1759  15.2570   0.0454     0.00    0.509  12.61   0      43.88     2242.589     76.53932
      1150    362.3596     36.9928     7415.649     268.8958  15.3246   0.0394     6.77    0.342  -4.32   0      36.38     1656.499     74.77876
      1151    123.8602     36.0545     12011.77     442.0032  14.8010   0.0400    10.86    0.351 -15.42   0      47.56     2259.907     76.41405
      1152    781.8589     34.9760     3207.204     294.2988  16.2347   0.0997     5.40    0.469   0.71   0      17.01     828.8016     71.84408
      1153    454.6385     30.2881     8203.337     356.9381  15.2150   0.0473     5.45    0.274  -9.82   0      38.47     1774.815     74.41446
      1154    812.8885     28.4883     5470.601     359.9191  15.6549   0.0714     7.82    0.459   0.48   0         23     992.7378     72.17378
      1155    668.8145   1020.0998     5512.462     328.5337  15.6466   0.0647     5.79    0.294  -7.17  16      26.58     1229.024     72.72843
      1156    642.2662   1016.9658     7467.378      416.776  15.3171   0.0606    10.22    0.468 -59.86  16      26.63     881.6777     72.01115
      1157    502.1070     20.6109     13572.34     513.4771  14.6684   0.0411     9.28    0.514  -0.04   3      36.59     1473.808     73.85632
      1158    413.3614     25.9012     6287.084     292.0761  15.5039   0.0505     0.00    0.449  64.21   0      39.91      2883.14     77.37719
      1159    186.8112     27.9684     3245.371     297.7526  16.2218   0.0996     4.34    0.191   2.53   0      15.12     773.1188     72.04392
      1160     35.0411     26.4716     6841.225     381.7182  15.4122   0.0606     5.74    0.301   9.65   0      29.31     1359.654      73.5042
      1161    979.2616     26.4592     6564.692     415.4709  15.4570   0.0687     7.36    0.393  -3.48   0      24.49     1043.758     72.70702
      1162    201.6259     26.1377     5307.552     355.0895  15.6878   0.0727     5.57    0.289   9.94   0      24.73     1182.309     73.13884
      1163    626.3750   1019.3476     5223.719     308.1598  15.7051   0.0641     4.77    0.217  13.34  16      26.11     1261.126     73.38335
      1164    944.9484     25.0550     3233.967     309.9767  16.2257   0.1041     5.95    0.417   8.85   0      16.16     778.9887     72.06244
      1165     88.1411     22.6372     7024.556     342.6477  15.3835   0.0530     6.10    0.259  -0.06   0      32.66      1547.04     74.08133
      1166    499.2043   1016.9564     30677.08     393.9437  13.7830   0.0139     5.95    0.389  -2.42  16      118.1     6206.963      87.5229
      1167     75.4859     20.9948     4547.083     333.9919  15.8557   0.0798     4.53    0.398  22.42   3      17.43     890.4419     72.22619
      1168    418.6779   1015.6479     59779.64     468.8099  13.0586   0.0085     9.66    0.516  -0.56  16        178      8912.98     93.85715
      1169    897.3328     18.5221     4078.891     299.5185  15.9736   0.0797     5.46    0.324   0.39   0       21.6     1022.664     72.08068
      1170    172.7373     18.2184      5773.33     384.6124  15.5964   0.0723     5.66    0.278  -5.51   0      21.61     955.5287     72.24386
      1171    333.1218   1017.5470     2939.963     271.3847  16.3291   0.1002     4.35    0.212  16.86  16      18.54     959.0541     72.06763
      1172    193.0441   1016.8874      9274.93      454.189  15.0817   0.0532     5.90    0.378  -2.90  16      29.39     1413.667     73.30316
      1173    660.5273   1015.8555     5347.222     384.3605  15.6797   0.0781     5.37    0.259  -2.83  16      20.23     907.9675     71.90635
      1174    576.9581   1014.2974     4167.758     313.9067  15.9502   0.0818     5.57    0.431  -0.05  16      20.36     987.4238     71.59288
      1175    163.2001   1013.7659     8278.252     397.3047  15.2052   0.0521     6.47    0.361  -5.70  16      34.16     1519.922     74.36251
      1176    760.9626   1011.0374     7520.196     348.8376  15.3094   0.0504     5.44    0.276  -1.99   0      33.21      1643.15      74.3756
      1177    926.1753   1010.9324     3672.569     305.9111  16.0876   0.0905     4.79    0.327 -12.41   0      17.95      903.735     72.08073
      1178    346.8216   1009.1932     3740.899     294.7107  16.0676   0.0856     5.75    0.380   1.87   0      19.51     895.2352     72.05392
      1179    863.4753   1006.4108     8605.298       411.69  15.1631   0.0520     6.42    0.346   0.58   3      34.89     1618.098     74.48071
      1180    862.8215   1001.3013     12119.16     499.4814  14.7913   0.0448     6.17    0.360   0.09   3      35.29     1381.225     72.83228
      1181      2.5388   1007.0066     4823.498     271.7167  15.7916   0.0612     5.06    0.148   1.27  24      25.86     1282.677     73.45006
      1182    679.1063   1005.1756      6212.39     323.8417  15.5169   0.0566     6.74    0.292  14.25   0      28.73     1289.229     72.73072
      1183    434.3617   1004.3624     18532.21     586.7784  14.3302   0.0344    11.10    0.504  20.76  16      56.75     2080.713     75.70087
      1184    930.2264   1002.4802     12537.36     391.1888  14.7545   0.0339     5.36    0.333   0.01   0       54.5     2754.946     77.69872
      1185    711.1890    999.7183     8851.156     340.8962  15.1325   0.0418    10.45    0.390  -5.83   0      41.78     1970.518     75.36932
      1186    173.2100   1000.1321     4211.311     214.1095  15.9390   0.0552     5.39    0.337   4.13   0      23.34     1187.374     72.96957
      1187    738.5053    994.9418      99934.7     426.5461  12.5007   0.0046     5.51    0.257  -3.82   0      307.6     21491.44      120.302
      1188    821.0485    996.5685     7694.819     359.4456  15.2845   0.0507     5.36    0.258   1.13   0       36.4     1765.558     74.74871
      1189    413.5070    996.3001     4034.148     327.5095  15.9856   0.0882     7.37    0.344  -9.77   0      19.55     861.0594     71.38021
