#   1 NUMBER                 Running object number                                     
#   2 X_IMAGE                Object position along x                                    [pixel]
#   3 Y_IMAGE                Object position along y                                    [pixel]
#   4 FLUX_AUTO              Flux within a Kron-like elliptical aperture                [count]
#   5 FLUXERR_AUTO           RMS error for AUTO flux                                    [count]
#   6 MAG_AUTO               Kron-like elliptical aperture magnitude                    [mag]
#   7 MAGERR_AUTO            RMS error for AUTO magnitude                               [mag]
#   8 FWHM_IMAGE             FWHM assuming a gaussian core                              [pixel]
#   9 ELLIPTICITY            1 - B_IMAGE/A_IMAGE                                       
#  10 THETA_IMAGE            Position angle (CCW/x)                                     [deg]
#  11 FLAGS                  Extraction flags                                          
#  12 SNR_WIN                Gaussian-weighted SNR                                     
#  13 FLUX_APER              Flux vector within fixed circular aperture(s)              [count]
#  14 FLUXERR_APER           RMS error vector for aperture flux(es)                     [count]
         1    868.7535     16.2519     4095.841     173.4179  15.9691   0.0460     1.83    0.127 -55.54   0      39.97     1842.342     54.33088
         2    285.4971     15.2308     3813.902     173.9039  16.0466   0.0495     3.74    0.181 -45.07   0      32.06     1247.096     51.20434
         3     64.3607     13.2401     2489.072     197.8468  16.5099   0.0863     3.09    0.071 -74.05   0      20.81     853.3683     49.90424
         4    618.2117     11.7067     6191.306     167.5009  15.5205   0.0294     8.29    0.166 -55.41   0      55.26     2206.525     55.72705
         5     52.8385     11.9380     3842.668      234.949  16.0384   0.0664     3.05    0.037 -64.98   0      22.01     908.9037     50.15652
         6    542.9952     11.9844      2260.24     85.22748  16.6146   0.0410     0.00    0.006 -66.00   3      57.07     2064.069     55.14301
         7    542.3648      7.6246      3602.73     202.0828  16.1084   0.0609     3.77    0.199 -24.01  19      27.46     1092.382      51.2136
         8    534.7188     10.2828     2530.382     183.8932  16.4920   0.0789     3.56    0.188  74.73   0      22.39     870.8547     49.62605
         9   1019.1919      7.0798     3186.865     207.4227  16.2416   0.0707     7.07    0.533  86.35  16      21.95     613.0975     48.79773
        10    389.9101      4.4728     6819.052     158.3517  15.4157   0.0252     3.62    0.172 -48.52  24      60.07     2677.841     57.41063
        11     70.5082      5.9551     3584.146     211.3992  16.1140   0.0641     3.52    0.106   2.19  16      28.41     1151.376     51.01111
        12    231.9422      5.2838     1665.269     158.4562  16.9463   0.1033     4.82    0.124  53.76  16      16.29     603.8535      48.5104
        13    190.7865      3.9573     3942.762     163.5161  16.0105   0.0450     2.94    0.081 -23.92  16      38.84     1703.495     53.85732
        14    115.7743      2.7849     1817.775     90.83213  16.8512   0.0543     0.00    0.299  44.94  24      40.94      1376.91     52.46107
        15    353.1718      1.7645     1759.562     104.3874  16.8865   0.0644     3.36    0.390  -3.41  24      23.37     1005.688     50.12139
        16     56.9934   1006.6350     5349.584     161.8305  15.6792   0.0329     3.25    0.023 -14.44   0      50.56      2283.71     56.25251
        17    927.4812   1006.3314     1763.072      153.844  16.8843   0.0948     4.23    0.029 -50.26   0      18.73     722.1456     49.06147
        18    151.0518   1005.7460     3064.608     188.5322  16.2841   0.0668     3.45    0.092  69.46   0      25.78      1081.95     51.16728
        19    673.7982   1001.9717     17016.87      235.053  14.4228   0.0150     3.19    0.191  43.12   0      113.7      6193.95     70.29742
        20    540.3976   1000.4445     12089.47     252.3907  14.7940   0.0227     4.23    0.306  35.94   0      78.49     3274.112     60.12094
        21    804.7289   1000.6805     7717.935     205.2171  15.2812   0.0289     3.40    0.335  81.42   0      60.83     2615.581     57.16363
        22    897.9532   1000.5550     4805.805     188.2683  15.7956   0.0425     2.99    0.040  -8.41   0      42.43     1883.841      54.5042
        23    693.7316   1001.2017     2748.354     161.8475  16.4023   0.0640     3.23    0.141 -57.74   0      28.12     1166.927     51.42799
        24    750.7308   1003.4879     3546.545      193.766  16.1255   0.0593     4.48    0.195  79.73   0      29.65     1193.848     51.19999
        25    509.6966   1000.3758     2122.291     167.2986  16.6830   0.0856     3.19    0.183  27.62   0      21.01     834.2684     49.33797
        26    240.4948   1000.3922     3262.689     210.3486  16.2161   0.0700     3.85    0.108  -6.98   0      24.79     945.2144     50.32078
        27    994.2704    996.3024     2360.467     196.9466  16.5675   0.0906     3.55    0.208 -42.90   0      14.82     469.3819     47.62749
        28    796.0100    994.7743     1157.401     126.3664  17.3413   0.1186     3.16    0.191  87.93   0      13.76     562.5222     48.68376
        29    124.4283   1003.8691     2400.789     164.0961  16.5491   0.0742     3.13    0.122 -61.16   0      24.12     964.7208      50.4088
        30    330.6701    991.3761     1487.558     132.6777  17.0688   0.0969     3.36    0.137 -50.79   0      17.05     649.4027     49.08767
        31     44.0995    991.4032     1409.168     127.9839  17.1276   0.0986     6.05    0.235 -39.35   0      17.02     661.9362     49.02467
        32    573.6109    989.4345     1649.762     135.1704  16.9564   0.0890     3.01    0.130 -50.57   0      17.19     674.5154     49.44463
        33    362.7036    988.9678     2043.954     146.3554  16.7238   0.0778     0.00    0.391  -0.19   0      28.23     1201.887     51.00329
        34    730.0074    986.5297     1967.777      119.407  16.7651   0.0659    -0.55    0.404  85.95   0      32.92     1189.838     51.41375
        35    200.5899    985.1432     5287.506     241.9307  15.6919   0.0497     6.22    0.247 -73.21   0      37.71     1590.882     53.26861
        36    659.3892    984.2023     1812.406     129.8465  16.8544   0.0778     4.03    0.174 -56.32   0      18.83     692.0858     49.16424
        37    408.0631    979.5251     24679.19     242.3485  14.0192   0.0107     3.67    0.299   1.09   0        148     8237.191     76.46382
        38    182.8350    981.2056     1966.482     138.9457  16.7658   0.0767     7.46    0.506 -36.96   0      20.89      832.649      50.0477
        39    490.2314    980.9808     4364.755     183.7379  15.9001   0.0457     5.95    0.159  43.63   0      40.65     1741.682     54.01823
        40    209.4460    989.7510     2705.362     202.5426  16.4194   0.0813     3.02    0.010  18.12   0      18.73     748.1332     49.54268
        41    153.5413    977.9016     1989.342      110.404  16.7532   0.0603     3.10    0.155  89.57   0      24.13     1002.682     50.34426
        42    751.4429    975.4406      1674.77     164.8983  16.9401   0.1069     2.98    0.021  74.34   0       15.7      598.611     48.60818
        43    971.0018    972.3391     3838.964     97.29423  16.0395   0.0275     1.00    0.169 -88.22   0      70.25     3935.296      62.4755
        44    379.3153    970.8468     3100.233     98.61195  16.2715   0.0345     2.47    0.351 -26.58   0      65.23     2580.218     57.02286
        45    426.4877    969.0035     2159.043     137.1113  16.6643   0.0690     2.84    0.127 -88.49   0      23.78     988.9246     50.51781
        46    920.7819    966.5068     2398.415     134.2289  16.5502   0.0608     3.02    0.140  -3.67   0      26.33     1069.698     50.52848
        47    853.0129    965.2999     3283.563      229.284  16.2091   0.0758     3.19    0.125  32.20   0      18.49     683.5836     49.12492
        48    701.0884    963.4899     3203.595     154.0416  16.2359   0.0522     3.88    0.154 -86.04   0      32.15      1295.25     51.76301
        49    263.0914    960.1378     9152.803     111.6937  15.0961   0.0133     5.09    0.315  59.11   0      131.5     8589.827     77.35146
        50    811.7441    960.3796     2807.239     177.6705  16.3793   0.0687     3.27    0.054 -57.63   0         29     1184.124     51.38848
        51    729.0806    958.8701     12166.91     181.2499  14.7870   0.0162     2.81    0.058  52.25   0      97.53     5202.375     66.65955
        52    345.8036    957.4998     3871.136     155.9783  16.0304   0.0438     2.91    0.084 -74.24   0      37.83     1629.048     53.31993
        53    864.9315    957.7823      1666.44     111.0822  16.9455   0.0724     3.34    0.274  27.69   0      18.88     757.1599     49.58407
        54    443.1366    956.3314     4283.862     143.7228  15.9204   0.0364     3.05    0.092 -61.49   0      43.11     1857.291     54.17456
        55    769.6115    954.8550     4068.224     211.2171  15.9765   0.0564     2.67    0.366  23.27   3      33.18     1488.778     52.83118
        56    757.0486    951.3358     67794.34     264.0426  12.9220   0.0042     2.97    0.040  80.96   3      296.1     26724.49     119.3735
        57    764.0382    948.9599     29016.52     214.1398  13.8434   0.0080     3.05    0.075 -87.68   3      173.4      11180.7     84.76247
        58    282.6717    956.1155     6381.019     107.2966  15.4878   0.0183     0.00    0.318 -21.20   0      100.7      5529.83      67.7668
        59    221.8420    953.5170     9650.795     164.1839  15.0386   0.0185     2.71    0.048 -73.98   0      83.53     4239.096     63.29014
        60    532.4902    951.6522     15581.97     211.6547  14.5184   0.0148     4.31    0.194 -65.88   3      106.6     4956.431     65.81567
        61    531.5024    947.0009     11664.14     182.2551  14.8329   0.0170     3.09    0.107 -62.74   3      89.55     4399.828     64.05045
        62    496.6944    954.1890      4858.22     210.6604  15.7838   0.0471     3.00    0.078  13.42   0       38.3     1670.802      53.4976
        63    926.9579    952.1868     17062.04      258.558  14.4199   0.0165     3.09    0.103   4.99   2      95.45     4508.752     64.61987
        64    141.0001    953.9937     10529.43     104.9878  14.9440   0.0108     4.19    0.003  69.29   3        148     10625.17     83.25961
        65    141.6134    950.5324     2035.775     121.9954  16.7282   0.0651     6.57    0.344  10.38   2      25.34     1029.934     50.70197
        66    569.2681    951.1246     2642.575      126.687  16.4449   0.0521     3.30    0.089  71.54   0      29.38     1239.432     51.51735
        67    609.6209    949.4796     1947.108     161.6397  16.7765   0.0902     2.98    0.124 -43.99   0      17.25     668.7073     49.17697
        68    997.3118    945.7067     19287.91     237.2387  14.2868   0.0134     3.95    0.218  82.02   2      124.7     6025.044     69.49328
        69    634.4448    947.0468     4795.926      166.491  15.7978   0.0377     2.90    0.003  64.43   0      45.92     2046.728     55.17923
        70    237.9805    945.4095     2219.243     172.6693  16.6345   0.0845     6.35    0.223  -2.04   0      21.42     856.1871     49.91707
        71    855.6602    929.6180     47439.96     236.6685  13.3096   0.0054     2.89    0.066 -76.16   2      241.5     19112.87     103.8759
        72    849.9325    938.2686     13815.73      218.759  14.6491   0.0172     2.90    0.034  26.75   3      100.1     5272.715     66.98767
        73     79.9505    935.2103     2712.861     200.3397  16.4164   0.0802     3.71    0.223  37.56   0      23.17     917.2509     50.31251
        74    174.6409    938.8737     5502.775     191.4488  15.6485   0.0378     5.87    0.083  40.53   0      48.76     2048.032     55.07687
        75    435.7967    929.2210     6024.119     165.4891  15.5503   0.0298     3.42    0.113  43.61   0      51.21     2162.536     55.54736
        76    140.0439    927.9309     2824.349     192.1458  16.3727   0.0739     8.35    0.421 -31.47   0      24.96     688.0371     49.14552
        77    120.9990    925.9968     5000.841     92.24668  15.7524   0.0200  -108.71    0.003 -31.19   2      100.5     5119.351      66.5546
        78     71.5471    926.9877     4523.287     166.1185  15.8614   0.0399     3.10    0.061  89.60   0       43.7     1893.589     54.54483
        79    798.5516    926.0800     2882.107     129.4311  16.3507   0.0488     0.00    0.274   4.97   0      44.18     1899.743     54.24297
        80    390.2488    926.4839     930.5278     86.89197  17.5782   0.1014     3.02    0.267 -89.78   0      13.41     535.2009     48.18769
        81    317.0861    922.2969     2059.867     152.3448  16.7154   0.0803     3.42    0.086 -22.99   0      22.39     865.0751     49.71917
        82    682.9655    919.0648     4249.666     175.3215  15.9291   0.0448     8.14    0.561 -46.95   0      41.92     1227.914     51.58179
        83    538.1057    921.6667     2228.767     204.9262  16.6298   0.0999     7.05    0.485  -4.95   0       17.6     494.3799     47.99478
        84    113.5195    921.8476     1295.044     123.0452  17.2193   0.1032     3.38    0.203  -2.23   0      15.69     626.9191     48.61835
        85    922.2247    920.2070     2904.258     143.6074  16.3424   0.0537     2.99    0.053  47.58   0      32.49     1376.555     52.34619
        86   1011.6119    916.4156     2279.746     199.1034  16.6053   0.0948     3.25    0.182  77.05   0      14.73     552.6568     48.51542
        87    472.5267    914.4743     3538.905     243.3526  16.1278   0.0747     6.86    0.508  45.57   0      16.46      457.898     47.94574
        88    853.8764    914.1446     2081.249     164.5578  16.7042   0.0859     5.69    0.422  28.00   0      18.25     661.8942     48.90317
        89    573.5562    911.5242     1955.694     186.3957  16.7717   0.1035     2.89    0.232 -45.75   0      17.88     705.0067     49.22393
        90    307.6479    908.9169      21220.8     193.8063  14.1831   0.0099     2.92    0.048 -79.37   0      144.8     8751.311     77.82448
        91    947.6909    910.9349     1369.961     97.63078  17.1582   0.0774     2.65    0.154 -35.26   0      18.08     738.3647     49.13655
        92    720.9519    909.4769     4020.698     136.9482  15.9892   0.0370     3.02    0.040  71.06   0       41.4     1801.636     53.94057
        93    597.2510    903.6707     74442.68     270.2544  12.8204   0.0039     2.92    0.075 -64.54   0      312.7     29239.81     124.0221
        94    833.1414    906.8823     2730.349     161.8222  16.4095   0.0644     3.28    0.164  12.05   0      26.46     1074.305     50.66656
        95    688.2475    905.7266     4195.756     150.6485  15.9430   0.0390     3.37    0.033  59.06   0      41.92     1764.607     53.89464
        96    640.6595    905.2048     4680.875     189.6895  15.8242   0.0440     3.06    0.103 -46.61   0      41.69     1800.746      54.1566
        97    662.8452    904.1001      2338.91     136.3242  16.5775   0.0633     2.92    0.095 -64.91   0      26.03       1074.9     50.31635
        98    152.7260    903.4218     3175.885     193.3308  16.2453   0.0661     3.07    0.101  79.92   0      26.53     1064.554     50.97357
        99    910.7330    902.5837      1585.23      137.243  16.9998   0.0940     3.28    0.034 -88.68   0      19.26     788.3931     49.60744
       100    131.3977    901.3790     4178.469     231.4559  15.9475   0.0602     4.46    0.147 -42.25   0      24.22     624.8823     48.85258
       101    986.1642    899.8932     4119.524     152.4934  15.9629   0.0402     3.09    0.056  74.88   0      40.75     1753.293     53.40388
       102    768.3228    900.3336     3092.769     186.1888  16.2741   0.0654     7.78    0.427   3.82   0      25.42      862.349     49.70671
       103    678.6519    898.3043      1507.36     144.4958  17.0545   0.1041     2.03    0.464 -49.56   3      16.66     706.0684     48.86555
       104    681.9935    894.0074     4330.921     90.58113  15.9085   0.0227     0.00    0.006  50.57   2      87.57     4156.384     63.18072
       105    136.7470    898.4513      4358.74     236.0775  15.9016   0.0588     3.03    0.130   1.71   0      23.76     940.1967     50.53373
       106    352.5836    896.8184     4238.503     113.6417  15.9320   0.0291     2.43    0.460 -63.37   0      60.16     3777.057     61.89718
       107     36.6522    897.0426     3461.125     142.4158  16.1520   0.0447     3.63    0.109 -19.92   0      35.93       1538.1     53.04293
       108    786.4109    895.9733     2711.874     226.1048  16.4168   0.0905     5.56    0.084  11.77   0         17     619.4106     48.94862
       109    899.5446    892.6074     2199.321     143.5257  16.6443   0.0709     3.35    0.094  80.04   0      22.18     881.0979     50.14893
       110    338.0212    890.8380     12974.85     170.4735  14.7172   0.0143     2.88    0.053  88.78   0      104.6     5819.923     69.16353
       111    856.3123    894.2192     2989.754     221.0745  16.3109   0.0803     4.12    0.158   6.51   0       17.9     655.2327     48.75052
       112    874.4333    888.9203     2300.864     210.7208  16.5953   0.0995     5.55    0.376   6.45   0      14.48     524.4574     48.38313
       113    323.9227    882.9315     2966.836     126.0953  16.3193   0.0462     3.27    0.080  89.14   0      33.17     1424.347     52.21313
       114    239.3994    882.1856     1916.091     145.1372  16.7940   0.0823     3.66    0.228 -74.37   0      21.94     891.2997     50.07668
       115    188.5103    876.9177     11557.41     208.7159  14.8428   0.0196     3.03    0.124 -82.83   0      89.34     4447.203     64.12577
       116    162.0052    880.8149     3693.063     88.96632  16.0815   0.0262     0.97    0.120 -79.51   0      73.35     3692.078     61.48785
       117    294.0992    878.3979     9304.707     229.4238  15.0782   0.0268     3.01    0.065  46.67   2      59.36     2509.303     56.94849
       118    476.6129    876.9567     1726.916     166.7606  16.9068   0.1049     3.27    0.246  14.59   0      15.13     647.3596     49.19908
       119     87.3075    874.6401     7181.293     177.4155  15.3595   0.0268     3.66    0.038 -61.37   0      62.93     2845.388     57.96775
       120    955.9563    872.3062     1969.272     166.1996  16.7642   0.0917     2.68    0.244  75.61   2      17.34     640.9172     48.56159
       121     24.4982    875.2798     2853.165     235.2556  16.3617   0.0895     7.30    0.469  -4.96   1      18.58     546.8842     48.11949
       122    126.3483    873.4758     4814.814     211.3174  15.7936   0.0477     3.56    0.049 -74.99   0      40.47     1654.649     53.31765
       123     35.8044    871.9387     32477.53     217.7821  13.7210   0.0073     3.00    0.040  85.86   3      186.7     12642.64     88.66268
       124     41.2050    869.9807     16109.81     192.4045  14.4823   0.0130     3.21    0.052  77.35   3      114.1     5909.587     69.20053
       125    264.0137    870.3553     39708.84     230.4165  13.5028   0.0063     4.41    0.077 -66.67   0        213        15371     95.46264
       126    423.6178    872.0093     1657.468     171.0625  16.9514   0.1121     5.55    0.178  32.48   0      15.46      530.025     48.40928
       127    581.7333    865.4329     13317.17     223.6171  14.6890   0.0182     3.25    0.058  15.07   2      91.29     4345.341     63.85682
       128    107.3840    863.9734     4506.382     213.0863  15.8654   0.0514     3.35    0.115 -14.31   0       34.7     1422.577     52.65854
       129    896.9655    861.7714      1157.69     122.7912  17.3410   0.1152     2.97    0.155  88.70   0      14.84     627.9802     49.10948
       130    873.6655    858.2283     17002.39     188.0065  14.4237   0.0120     2.93    0.049  43.86   0      124.6      7118.92     73.06443
       131    523.6606    859.3174     5093.056     270.7222  15.7326   0.0577     9.00    0.432 -17.16   0      31.07      1023.82      50.4396
       132    423.6080    859.1376      7958.38     177.5739  15.2479   0.0242     3.03    0.067  -5.57   0      67.81     3188.252     59.69608
       133    916.2692    856.2355     6734.252     210.5698  15.4293   0.0340     5.11    0.082 -43.26   2      50.05     2196.228     55.68504
       134    638.1562    855.7598     30283.27     224.9205  13.7970   0.0081     2.98    0.069  35.35   2      178.5      11657.5     85.96233
       135    636.6319    845.1517     5235.687      206.084  15.7026   0.0427     3.07    0.040 -60.25   2      42.42     1816.378     54.11251
       136    127.0544    855.6332     3448.703     155.3615  16.1559   0.0489     3.54    0.150 -79.42   2       31.2     1222.669     51.55867
       137    126.0029    851.0093     6571.343     96.03809  15.4559   0.0159     0.00    0.002  64.53   3      111.3      6354.35     70.64615
       138     96.5079    855.2847     5459.171     269.3808  15.6572   0.0536     3.21    0.104 -68.78   2      25.96     943.4927     50.19481
       139    855.8628    851.4102      3137.87     129.8795  16.2584   0.0450     3.07    0.099 -60.97   0      34.82     1481.147     52.68573
       140    792.0151    849.0178     7614.315     210.1089  15.2959   0.0300     2.96    0.015 -16.09   0      61.37     2871.429     58.37579
       141      3.9662    850.1835     1612.073     156.4936  16.9815   0.1054     4.54    0.159 -84.60  16      14.81     596.9228     49.08669
       142    350.0102    849.5148     1211.526      145.057  17.2917   0.1300     2.73    0.319 -62.12   0      14.39     580.2562     48.64454
       143    402.7298    848.8410     1496.929     106.6363  17.0620   0.0774     2.64    0.103  23.60   0      18.52     758.8937     49.47211
       144    334.2201    848.5051     1577.384     146.6451  17.0052   0.1010     3.25    0.031 -82.51   0      18.62     725.7145     48.95684
       145     70.9902    847.2087     8002.065     252.2399  15.2420   0.0342     3.55    0.262  -4.18   0      57.61      2443.31     56.68451
       146    681.9826    846.9000      1556.92     137.1961  17.0193   0.0957     3.22    0.158 -87.42   0      17.45     711.6528     48.89151
       147    529.7202    840.0104     3395.184     201.1123  16.1728   0.0643     3.24    0.028  72.29   0       28.8     1187.855     51.40498
       148    191.0685    835.9760     17355.74     203.5839  14.4014   0.0127     3.07    0.154 -32.05   0      121.4     6760.753      71.9417
       149    613.8611    836.8840     2852.271     190.6273  16.3620   0.0726     2.84    0.283  52.47   2       22.5     886.3528     49.81635
       150    249.0338    831.1806     83279.08     281.3055  12.6987   0.0037     2.96    0.039  77.61   0      333.7     33474.64     131.6892
       151    651.6556    832.7491     9879.165     188.0831  15.0132   0.0207     3.01    0.036 -30.95   0      80.75     3907.722     62.47025
       152    985.2095    831.0074     6993.116     194.7409  15.3883   0.0302     6.57    0.421  27.23   0       47.7     1411.482     52.38436
       153    269.3734    829.9057     16889.21     189.4437  14.4310   0.0122     2.92    0.079 -67.98   0      122.3     6768.056     71.63387
       154    180.9280    828.1489     8197.615     196.8971  15.2158   0.0261     3.10    0.066 -61.83   0      67.22     3141.776     59.31896
       155    110.8029    829.5404     2597.167     180.7186  16.4638   0.0756     3.41    0.132   5.79   0      25.84     1063.765     50.97005
       156     50.9876    828.4247     4427.806      171.271  15.8845   0.0420     3.07    0.121 -78.27   0      43.61     1910.127      54.6137
       157    551.9180    826.5734     1506.158      153.464  17.0553   0.1107     3.38    0.247  72.81   0       15.2     615.5645     48.80922
       158    926.6140    824.8918     2271.826     132.9018  16.6091   0.0635     2.94    0.134 -75.38   0      24.95     1018.443     50.41537
       159    884.7393    823.0422     4301.353      220.407  15.9160   0.0556     2.95    0.142 -52.63   2      31.62     1378.416      52.2407
       160    731.0333    824.0027     3426.459     147.4834  16.1629   0.0467     7.74    0.309  29.65   0      32.32     1312.828     52.18271
       161    415.5161    823.9798     1932.483     136.7352  16.7847   0.0768     3.08    0.111  88.94   0      21.18     858.9559      49.6912
       162    894.1596    822.0333     2506.473     152.0361  16.5023   0.0659     3.31    0.114  61.08   0      27.83     1192.756     51.65711
       163    254.5868    817.4609     2182.147     149.5782  16.6528   0.0744     2.96    0.097 -16.60   0      21.58     856.8093      49.9199
       164    572.0502    814.8384     2019.061     183.2602  16.7371   0.0986     3.45    0.198  32.99   0       17.9     689.8435     49.15387
       165    422.9010    814.9602     9444.376     105.4665  15.0621   0.0121     0.00    0.176  23.53   0      135.1     9063.316     78.57934
       166    661.2435    811.7800       8759.7     190.6601  15.1438   0.0236     3.08    0.089 -88.85   0      73.46     3530.532     61.08259
       167    166.6654    811.3936     1510.972     128.1645  17.0519   0.0921     3.00    0.123 -48.10   0      18.07     728.4147     49.33189
       168    707.7321    810.2897      2245.71      185.152  16.6216   0.0895     3.70    0.129  77.86   0      18.86      699.736     48.83609
       169    990.6801    807.0867     2808.314     175.9925  16.3789   0.0681     3.45    0.117  24.60   2      26.57     1048.045     50.54864
       170    994.0037    803.0068     6842.657     96.67802  15.4119   0.0153     4.20    0.002  38.78   2      115.1     6692.009      71.7242
       171     93.0073    808.0024     4016.894     89.78976  15.9903   0.0243     0.00    0.011 -47.68   2      86.57     3997.229     62.60559
       172    764.2868    804.9167     3558.804      216.919  16.1217   0.0662     0.00    0.570  55.82   0      24.56     1000.485     50.45221
       173    500.7483    804.8953     2613.875     131.2419  16.4568   0.0545     3.42    0.135  28.82   2      26.53     1065.623     50.51016
       174    495.7453    804.5730     2049.531     100.6858  16.7209   0.0534     5.47    0.291  54.65   3       37.1     1438.119     52.49979
       175    268.2656    803.9161     8271.178     170.2996  15.2061   0.0224     3.43    0.101 -20.50   0      68.69     3113.275     59.20966
       176    665.3811    803.5687     4819.342      281.257  15.7925   0.0634     6.36    0.390 -23.66   1       24.3     771.7794     49.77052
       177    608.5339    801.5654     1304.437     126.6305  17.2114   0.1054     3.07    0.018 -36.50   0      15.08     575.4546     48.62209
       178    860.4469    797.9462     11211.95     192.7925  14.8758   0.0187     3.25    0.200 -86.15   0      87.99     4337.812       63.923
       179    905.2087    799.2385     2748.146     158.1349  16.4024   0.0625     3.24    0.054  79.38   0      28.03     1171.831     51.56497
       180    749.6948    798.5466     4682.257      237.016  15.8239   0.0550     3.24    0.127   5.49   0      31.23     1303.553     51.56962
       181     36.4319    799.7273     1835.076     186.2486  16.8409   0.1102     3.38    0.024  32.96   0      15.97      586.162     48.67212
       182    115.2993    798.5797      1541.75     134.9887  17.0300   0.0951     2.81    0.133  74.24   0      17.45      709.238     48.88029
       183    730.3011    797.3956     2724.485     163.6389  16.4118   0.0652     3.38    0.117  56.11   0      25.07     963.3289     50.40253
       184    104.9701    797.4382     1571.333     140.4287  17.0093   0.0971     4.42    0.229  84.57   0      17.34     720.2675     49.41468
       185    206.0623    800.6328     1669.809     161.2493  16.9433   0.1049     3.59    0.262 -78.05   0      15.65     604.7452     48.75882
       186    987.9022    792.4153     6716.337     278.0198  15.4322   0.0450     3.81    0.051  36.65   0      36.81     1575.926      52.8688
       187     19.6828    793.3829     5856.019     157.9065  15.5810   0.0293     8.31    0.206  49.18   0      53.72     2131.163     55.41885
       188    457.3525    792.7092     2739.279     151.4062  16.4059   0.0600     3.59    0.152  -3.25   0      28.98     1198.371     51.22006
       189    372.8383    793.4188     3737.905     204.4256  16.0684   0.0594     3.28    0.107  65.42   0      32.11     1348.858     52.45275
       190    493.0831    789.8669     3589.293     160.2684  16.1125   0.0485     4.73    0.310 -57.44   0      31.92     1160.601     51.05219
       191    472.0661    790.0071      4662.58     93.01969  15.8284   0.0217     0.00    0.128  75.00   0      75.07     4480.201     64.33501
       192    589.2631    789.0807     3908.566     137.8434  16.0200   0.0383     3.05    0.014   5.43   0      40.77     1775.008      53.7178
       193    663.8458    784.8309     7236.811     168.0322  15.3511   0.0252     8.69    0.255  68.54   0      63.08     2380.821     56.64351
       194    145.9458    786.5894     2237.136     170.0939  16.6258   0.0826     2.94    0.148  -3.33   0      20.94     850.9486     50.01211
       195     43.6344    786.3238     2426.994     97.04793  16.5373   0.0434     1.54    0.335 -41.48   0      46.36     2208.251     55.73409
       196    856.0984    785.2847     3003.836     145.8159  16.3058   0.0527     2.64    0.169 -41.03   0      33.13     1461.981     52.26316
       197    829.4823    785.7786     1224.648     116.7188  17.2800   0.1035     3.17    0.244   0.67   0      15.35     616.7959     48.69313
       198    577.1405    783.5641     3361.132     168.9732  16.1838   0.0546     3.27    0.116 -37.54   0      32.76     1375.295     52.22712
       199    347.3522    788.6240     3018.515     242.8661  16.3005   0.0874     7.26    0.442 -80.57   0      19.32     624.4731     49.09324
       200     62.0371    780.1727     1639.175     161.2061  16.9634   0.1068     2.77    0.164 -85.99   0      15.69     606.6061     49.01046
       201    252.9840    777.3709      6765.99     161.0653  15.4242   0.0259     2.97    0.026   6.51   0      61.59     2864.781     58.55312
       202    999.9054    775.2544     3719.746     147.9346  16.0737   0.0432     3.23    0.067 -59.23   0         38     1598.411     52.85312
       203     14.5331    776.0571     2096.019     190.5046  16.6965   0.0987     3.26    0.159  87.04   0      17.85     705.8339     49.22775
       204   1023.0190    773.6057     9265.559     131.4467  15.0828   0.0154     3.12    0.326  88.36  27      89.96     5055.132     66.33495
       205   1018.8896    768.5424     10995.31     187.0607  14.8970   0.0185     3.02    0.054 -83.37  19      87.88     4308.602     63.53925
       206    103.9570    774.0296     788.5458     102.2515  17.7579   0.1408     1.44    0.055   1.84   2      16.04     536.1477     48.68264
       207    815.5101    773.3792     4989.005     185.3115  15.7550   0.0403     3.19    0.037 -29.36   0      46.98     1982.999     54.48178
       208    545.4454    773.4420     12747.77     143.6763  14.7364   0.0122    -0.18    0.256 -49.62   0      127.8     9527.959     80.13457
       209    194.9619    766.9150     9312.284     103.7601  15.0774   0.0121     4.51    0.150  64.51   0      134.6     8849.509     78.11072
       210    421.2816    763.6024     6079.572     184.2421  15.5403   0.0329     3.13    0.046 -72.67   0      55.12     2446.479     56.80187
       211     35.6946    761.4750     2147.872     189.7857  16.6700   0.0960     2.75    0.029  87.52   0      19.83     799.9772     49.42071
       212    328.3131    756.8182     13358.24     234.6737  14.6856   0.0191     3.48    0.219  15.30   0      91.73     4290.774     63.56895
       213    481.0557    757.6403     3866.943     173.1176  16.0316   0.0486     3.03    0.051 -66.02   0      36.03      1487.47     52.82556
       214    694.9950    755.9984     48826.39     168.6124  13.2784   0.0038     0.00    0.003  27.49   3      322.4     48448.36     155.3207
       215    691.3326    755.0482     11202.09      235.116  14.8768   0.0228     3.11    0.140 -69.61   2      80.45     3863.271     62.11739
       216    529.9976    756.3561     3104.762      95.5638  16.2699   0.0334     0.90    0.174  89.62   0      60.99     3065.391     59.32668
       217    117.4040    755.8254     1632.521     160.2729  16.9679   0.1066     3.28    0.116 -80.22   0      18.02      739.462     49.50289
       218    746.5709    754.1221     6739.571     160.1033  15.4284   0.0258     3.29    0.027  37.20   0      61.68     2812.047     58.14414
       219    622.0812    754.4550     2100.155     122.1153  16.6944   0.0631     4.89    0.170 -78.79   0      24.38     989.4237     50.28437
       220    175.6980    750.9187     3520.362     235.8992  16.1335   0.0728     7.66    0.483 -50.56   2      20.99     679.1163     48.74003
       221    678.7970    750.3074     29924.08     213.7159  13.8099   0.0078     3.02    0.037 -78.06   0      180.2     11904.71       86.682
       222    885.5705    751.2757     1861.484     135.5259  16.8254   0.0791     2.67    0.015  63.45   0      19.81     801.2657     49.66638
       223    952.7427    747.7208     8478.986      183.978  15.1791   0.0236     3.04    0.100  66.64   0      68.97     3180.392     59.36677
       224    547.7969    743.1163       177253     355.3909  11.8785   0.0022     2.96    0.024 -83.64   0        506     69933.36     184.1258
       225    355.8758    748.0419      5892.09     194.9807  15.5743   0.0359     3.10    0.196 -77.60   0      49.98     2272.953     55.99731
       226     77.5756    747.2308     2313.106     182.8141  16.5895   0.0858     3.18    0.087  72.45   0      21.76      875.105     50.24013
       227    722.6439    741.6068     3799.069     205.2184  16.0508   0.0587     2.84    0.147   7.50   2      30.54     1275.433     51.90528
       228    814.7955    741.0502     3173.039     178.1378  16.2463   0.0610     3.19    0.010 -50.95   0       32.4     1367.539     52.30703
       229    228.4435    741.5276     1450.067      125.716  17.0965   0.0942     3.16    0.208  42.84   0      17.62     684.7999     49.13055
       230    841.5352    740.2137      3567.04     221.6672  16.1192   0.0675     3.13    0.157 -84.57   0       22.6     913.2451     50.17618
       231    512.7040    739.4813     1715.117      128.526  16.9143   0.0814     3.11    0.029 -36.02   0      18.69      717.264     49.03886
       232    334.3116    739.5651     2508.771     190.9964  16.5013   0.0827     3.34    0.147   0.99   0      21.08     816.2803     49.49562
       233     95.8566    738.5046     2688.581     126.7695  16.4262   0.0512     2.72    0.041  88.78   0      30.57     1275.947     51.44781
       234    771.1279    736.4167     1515.915     102.4159  17.0483   0.0734     2.79    0.129 -75.02   0      19.63     802.3238     49.79065
       235    705.0656    734.5458     9764.113      202.399  15.0259   0.0225     3.26    0.114 -43.55   2      75.78      3514.79     60.82902
       236    712.7874    732.9651     3916.723      223.359  16.0177   0.0619     5.10    0.312  14.17   3      28.32     1070.475     51.23235
       237    901.9680    733.7881     2701.007     206.8897  16.4212   0.0832     3.53    0.114 -65.38   0      20.31     789.6872     49.97122
       238    186.6190    732.5744     3460.785     153.4561  16.1521   0.0482     6.53    0.288  49.56   0      35.56     1440.566     52.73612
       239     70.5352    728.7982     42349.97     229.7987  13.4329   0.0059     3.01    0.052 -78.18   0      225.2     16806.92     98.76198
       240    390.6722    730.1359     3793.837     188.6237  16.0523   0.0540     3.09    0.097 -67.84   0      36.46     1499.001     52.65001
       241    543.2314    727.2801      22347.2     212.6032  14.1269   0.0103     3.10    0.068  87.51   0      146.3     8619.778     77.59264
       242    106.1656    728.4657     1675.788     178.7272  16.9395   0.1158     5.24    0.498  47.86   0      13.74      445.559     48.01109
       243    360.9551    727.2444     1625.364     167.5109  16.9726   0.1119     3.81    0.197  89.51   0      13.84     559.1567     48.54586
       244    332.7309    725.4978     4437.613     119.1336  15.8821   0.0292     0.00    0.508 -61.32   0      73.16     3405.029      60.2206
       245     92.3329    727.4069     1971.884     172.3434  16.7628   0.0949     5.87    0.348  63.36   0      17.15     652.6819     48.98175
       246    115.6025    725.7724     3204.224     206.7247  16.2357   0.0701     2.99    0.039 -26.77   0       24.4      994.122     50.77567
       247    913.0339    724.7852     1962.443     174.0457  16.7680   0.0963     3.47    0.071   2.73   0      20.62     803.2027     50.03265
       248    425.4536    724.8926      2280.01     161.1885  16.6052   0.0768     3.70    0.202 -76.97   0      22.15      840.474     49.60659
       249     37.8871    721.1815     10582.52     234.5164  14.9385   0.0241    11.59    0.324 -89.35   2      69.58     3225.136     59.63749
       250    580.5575    723.1870     5051.344     132.0661  15.7415   0.0284     6.89    0.374  61.39   0      62.09     3273.943     60.12031
       251    248.1888    717.3570     34827.75     221.5655  13.6452   0.0069     2.97    0.048 -66.15   0      199.2     14068.88     92.31055
       252    433.9157    718.8521     2851.175     204.8919  16.3624   0.0780     3.36    0.086 -66.07   0      23.69     937.0103     50.04692
       253    302.5694    711.5087     93974.45     290.8405  12.5675   0.0034     2.93    0.068 -72.46   0      357.8     35773.66     135.3358
       254    570.9183    710.0691     3261.624     134.5838  16.2164   0.0448     3.02    0.052 -44.96   0      34.61     1496.376     52.52572
       255    866.1317    707.5338     4875.609     99.68636  15.7799   0.0222     0.82    0.085 -82.91   0      82.63     4847.728     65.52993
       256    713.9578    705.8954     2453.656     87.45631  16.5255   0.0387     4.40    0.137  60.17   0      61.81     2271.045     55.56362
       257    690.5695    701.0151     1986.065     137.9052  16.7550   0.0754     3.27    0.137  88.77   0      21.49     903.7239     50.36943
       258    182.6966    700.9557      3713.19     139.6636  16.0756   0.0408     3.04    0.075  87.73   0      38.17     1617.647     52.82345
       259    128.4865    700.9915     3315.505     148.3168  16.1986   0.0486     3.51    0.138 -57.56   0      33.28     1359.542     52.15852
       260    738.2061    700.6769     1893.518     131.1257  16.8068   0.0752     5.83    0.096 -40.94   0      19.98     765.7716      49.5037
       261    634.2253    699.5381     1878.349     184.7005  16.8156   0.1068     5.02    0.273  86.16   0      13.66     468.5358       48.243
       262    480.6813    696.4255     2824.328     189.8134  16.3727   0.0730     3.80    0.023  60.96   0      24.98     977.4767     50.46628
       263   1007.2698    695.6102     1797.525     161.4292  16.8633   0.0975     2.96    0.029 -81.39   0      17.24     643.3447      48.9384
       264    367.1518    694.3225      4392.52     173.8063  15.8932   0.0430     3.06    0.055 -21.12   0      41.43     1758.362     53.75792
       265    550.0930    690.3171     22355.84     204.7862  14.1265   0.0099     2.95    0.046 -83.26   0        147     8865.897     78.23434
       266    621.8906    691.9975     3181.699     231.1184  16.2434   0.0789     4.85    0.110  42.37   0      21.66     847.8889     49.87927
       267    863.1114    690.0041     2119.149     194.3897  16.6846   0.0996     3.65    0.299 -70.21   0      17.28     702.5058     49.21238
       268    174.0980    686.9255     7717.143     176.4253  15.2814   0.0248     3.22    0.050 -24.14   0      67.59     3173.848     59.34171
       269    391.0181    686.6618     4454.868     233.0052  15.8779   0.0568     2.91    0.094 -19.22   2       32.4     915.8575     50.18801
       270    241.2261    686.2516     2739.605     151.4067  16.4058   0.0600     3.35    0.052  70.13   0      27.54     1124.465     51.35578
       271    425.7716    682.1476     22514.82     202.7776  14.1188   0.0098     3.00    0.021 -34.81   3      148.2     8994.413     78.75777
       272    416.8427    681.6378     9375.835     228.1966  15.0700   0.0264     3.51    0.105 -24.71   3      67.94      3107.61     59.38827
       273    947.4701    682.5066     4276.778     160.3168  15.9222   0.0407     3.10    0.052  21.60   0      43.19     1859.486     54.18376
       274    612.9430    683.2172     2005.452     195.0196  16.7445   0.1056     3.43    0.180 -88.50   0      14.37     558.9067     48.66688
       275    600.9426    683.9133      1777.91      136.478  16.8752   0.0834     4.25    0.008 -27.76   2       33.2     923.8481     49.98711
       276    280.1357    683.5763     3035.425     224.4539  16.2945   0.0803     3.76    0.119 -29.17   0      20.15     783.0955     49.70281
       277   1005.3065    682.2220     1892.366     157.8437  16.8075   0.0906     5.52    0.529  61.35   0      17.38     790.8445     49.25826
       278    576.5294    680.4797     2004.542     114.3979  16.7450   0.0620     2.81    0.013 -81.13   0      22.84     909.7345      49.9229
       279    817.5051    678.6777      3125.51     214.3968  16.2627   0.0745     8.24    0.552  21.18   0      21.87     603.0846     48.62909
       280    131.3707    677.3616     1239.062      115.468  17.2673   0.1012     3.03    0.136  47.18   0      15.87     613.1407     49.04075
       281    755.3869    674.6306     1247.345     101.8182  17.2600   0.0886     2.92    0.135 -42.46   0      16.39     681.9772     49.35874
       282    385.4884    673.2822     9131.034     180.7193  15.0987   0.0215     3.03    0.060 -42.96   0      76.96     3654.839     61.25316
       283    875.5831    664.2467     5378.161     263.1778  15.6734   0.0531    11.87    0.593 -78.44   2      30.07     1043.272     50.99519
       284    868.6508    668.5931     5949.475     267.0282  15.5638   0.0487     4.87    0.120  17.81   3      34.27     1247.326     51.78207
       285    531.6648    671.7787     1291.483     94.35125  17.2223   0.0793     3.33    0.360  39.44   0      23.52      780.233     49.68972
       286    238.4146    670.7443     2181.266     142.4586  16.6532   0.0709     3.73    0.240  78.19   0      23.37     932.0598     50.37936
       287    736.4063    669.4832      5148.38     173.0845  15.7208   0.0365     3.02    0.078 -49.96   0      48.63     2124.256     55.49763
       288    516.6856    668.8463     5136.757     151.0818  15.7233   0.0319     2.93    0.145 -62.08   0      49.35     2145.596     55.26347
       289    494.4504    670.1957      2209.47     149.6197  16.6393   0.0735     3.05    0.170 -69.08   0      24.38     1000.482     50.56978
       290    130.5084    670.1631     1746.733     159.5066  16.8944   0.0992     2.87    0.110  19.04   0      17.29     681.2205     48.62786
       291    927.5269    669.5867     1409.613     136.9519  17.1273   0.1055    -0.32    0.534  19.39   2      13.54     521.6825     48.49273
       292    847.2797    667.9877     3738.224     170.3535  16.0683   0.0495     3.28    0.111 -50.72   0      34.89     1451.656     52.55836
       293    223.9891    665.4541     2187.961      161.978  16.6499   0.0804     3.45    0.222 -40.84   2      18.15     713.5623     49.38383
       294    793.2202    664.0984     3257.849      94.3666  16.2177   0.0315     4.91    0.275  25.01   0      65.15      2663.59     57.25054
       295    437.0247    662.9288     3036.159     194.6977  16.2942   0.0696     3.09    0.074 -64.48   0      25.81     1081.652     50.93327
       296    683.6769    660.3713     1409.887     102.1803  17.1270   0.0787     2.42    0.114 -51.79   0      17.36     685.1956     49.13238
       297    472.6913    659.5862     1197.984     100.2374  17.3039   0.0909     3.16    0.448 -64.05   0      25.55     969.2648     50.19318
       298    726.8245    656.8900     3180.983     153.0411  16.2436   0.0522     3.36    0.087 -83.54   0      32.67     1349.908     51.77351
       299    357.7724    652.1239     2289.042       181.97  16.6009   0.0863     3.27    0.282   3.17   0      20.67     813.5362      49.7225
       300   1010.7593    649.6912     1392.314     134.7368  17.1407   0.1051     5.87    0.528  40.65   0      16.88       734.91     49.12057
       301    870.7156    640.5267     27087.41     210.6776  13.9181   0.0084     3.03    0.032 -70.77   0      168.4     10647.66     83.10685
       302    266.5769    642.6437     1476.799     147.4993  17.0767   0.1085     3.14    0.130 -20.49   0      15.89      623.911     49.09064
       303    167.4469    640.7032     3079.241     172.9411  16.2789   0.0610     3.01    0.235 -76.75   0      28.99      1194.96      51.0888
       304    720.5984    639.9921     1945.768     130.0798  16.7773   0.0726     3.01    0.135  89.15   0      22.38     937.6619     50.28666
       305    637.9832    640.2411     2135.451     115.9454  16.6763   0.0590     3.07    0.136  23.56   0      24.59     1028.319     50.92851
       306    298.0826    639.6146     4358.533     181.2895  15.9016   0.0452     3.01    0.058 -83.67   0      40.71     1747.255     53.82141
       307    381.4102    637.3712     2142.981     173.4272  16.6725   0.0879     4.74    0.188  28.43   0      20.79     776.0986      49.6708
       308    579.2485    634.7237     3442.959     224.8662  16.1577   0.0709     3.78    0.144 -55.88   0      23.19      895.223     49.97578
       309    286.5695    632.6774     1930.748     167.9248  16.7857   0.0945     3.24    0.015 -49.43   0      17.55     663.3747     49.03133
       310    752.9592    626.8392      3048.45     221.1349  16.2898   0.0788     4.36    0.305  35.32   2      22.32     719.3371     49.29005
       311    327.0381    629.0609     3048.944     199.2356  16.2896   0.0710     3.24    0.087  47.18   0      26.52     1112.241     51.06958
       312    599.5479    628.3514     3149.961     150.0552  16.2542   0.0517     3.58    0.288 -28.96   0      29.72     1168.428     51.43462
       313    203.8188    628.8259     4088.226     99.38026  15.9712   0.0264     5.09    0.340  44.33   0      81.56     3609.834     61.37695
       314    448.4922    626.6561     1207.489     127.6252  17.2953   0.1148     4.37    0.119 -22.92   0      13.94     548.5009     48.25038
       315    415.9948    626.0185      1404.01     141.2131  17.1316   0.1092     3.30    0.277   0.07   0         16     657.6622     49.00485
       316    842.6838    621.2725     21206.94     202.7762  14.1838   0.0104     2.97    0.070 -52.13   0      142.3      8343.38     76.62392
       317    967.9893    622.6807     1494.525     169.9745  17.0637   0.1235     5.34    0.431  73.74   0      13.59     455.2704     48.05704
       318    812.5654    620.0897     5697.748     199.2761  15.6107   0.0380     4.70    0.146 -78.94   0      49.24     2102.584      55.0863
       319    567.2674    622.0663     1296.633     87.84432  17.2180   0.0736     2.25    0.260  13.99   0      32.36     956.0521     50.25165
       320    639.4957    616.2544     17066.42      206.162  14.4196   0.0131     3.76    0.121 -58.76   0        121     6485.813     70.81666
       321    161.1466    616.8707     6933.861     182.0593  15.3976   0.0285     8.56    0.281  59.55   0       57.8     2137.035     55.33569
       322    349.7001    617.8535     2626.333     97.51363  16.4516   0.0403     0.00    0.365  28.58   0      58.91     2234.113     55.51943
       323     84.8190    617.7134     1237.303     131.1208  17.2688   0.1151     3.51    0.120  54.34   0      14.37      543.161     48.22522
       324    615.1714    615.0311      7038.33     165.9839  15.3813   0.0256     4.16    0.109 -43.20   0      61.16     2849.731     58.49468
       325    824.5027    615.5520     3385.646     231.9599  16.1759   0.0744     3.71    0.098  79.37   2      20.13     749.7021     49.06807
       326    665.3208    612.8146     6341.041     173.7913  15.4946   0.0298     2.96    0.070 -77.39   0      57.23     2609.552     57.34717
       327    324.1252    608.2159     35353.14     220.7627  13.6289   0.0068     2.99    0.062 -56.63   0      200.3     14211.74      92.5975
       328    861.0545    607.4913     12358.11     191.0551  14.7701   0.0168     2.96    0.012 -25.10   0      95.49     4829.446     65.37571
       329   1013.5547    607.4169     2029.227        208.3  16.7317   0.1115     7.25    0.530 -89.75  16      15.51     474.7412     48.39511
       330    977.3359    608.5501     1467.895     117.1915  17.0833   0.0867     3.13    0.282 -52.95   0      18.14     726.7737     49.32433
       331     37.7426    607.9102     2511.035     153.0164  16.5004   0.0662     3.07    0.082 -55.03   0      26.93     1102.343     50.79218
       332    408.0016    608.0020      3244.07     87.81184  16.2223   0.0294     4.20    0.003 -45.30   2      75.48     3177.251     59.55454
       333    225.1430    607.1761     1629.747     135.1367  16.9697   0.0900     2.99    0.142  46.73   0      19.22     781.4666      49.5757
       334    584.5267    604.9347     5056.591     154.8456  15.7404   0.0333     4.43    0.026 -89.77   0      48.31      2107.31     55.21347
       335    537.2989    605.1169     2690.636     106.3952  16.4254   0.0429     5.61    0.345 -61.17   0      42.56     2120.359      55.0518
       336    289.3212    604.3004     9244.313     195.0804  15.0853   0.0229     2.93    0.066 -27.58   0      77.74     3713.989     61.27869
       337    142.2285    604.1335     8898.259     167.6279  15.1267   0.0205     2.89    0.036 -45.98   0      76.35     3766.468      61.7622
       338     87.1704    598.1544     1346.043     120.7036  17.1774   0.0974     5.36    0.316  45.25   0       14.3     540.8094     48.70439
       339    729.1507    606.7638      5008.91     183.7266  15.7506   0.0398     5.40    0.358 -45.78   0      39.67     1388.605     52.28501
       340    368.4408    592.7640     21751.21      209.853  14.1563   0.0105     2.97    0.039 -70.14   0      144.9     8590.359     77.50643
       341    454.2641    594.9342     1486.818     131.5525  17.0694   0.0961     2.68    0.168  32.59   0      18.43     775.9385     49.43034
       342    328.8191    591.6052     24950.38     206.9294  14.0073   0.0090     2.98    0.025 -45.16   0      159.2     9880.888     81.20253
       343    709.5912    593.5967     1919.379     187.9383  16.7921   0.1063     2.92    0.124  46.09   0      16.13     614.8505     48.80589
       344    580.0003    593.0155     2880.113     110.8918  16.3515   0.0418     4.19    0.012 -47.85   2      70.87     2881.069     58.41331
       345    842.2189    589.5936     2749.098     168.1479  16.4020   0.0664     3.10    0.048  75.95   0      28.54     1177.763     51.36034
       346    624.1896    590.0651     2146.237      122.201  16.6708   0.0618     3.48    0.120 -86.24   0      23.15     917.8649     50.19711
       347    204.8256    589.5716     2883.495     135.0477  16.3502   0.0509     6.28    0.271 -30.03   0      33.92     1618.899     53.49914
       348    771.2358    586.5731     5214.325     200.2128  15.7070   0.0417     3.05    0.007  21.13   0      45.18     1950.276     54.88884
       349    339.1922    586.4327     2795.305     162.8279  16.3839   0.0633     3.50    0.029 -88.31   0      27.83     1105.106     51.27003
       350    610.0577    584.8871      5392.54     178.4686  15.6705   0.0359     9.64    0.347  70.31   0      43.38     1686.107     53.34035
       351    642.9167    593.9606     2741.795     168.1381  16.4049   0.0666     3.18    0.010  52.15   0      28.35     1190.694     51.18598
       352    944.9919    585.0018     2001.824     198.7859  16.7464   0.1078     3.50    0.299  89.82   0      14.85     622.0157     48.83925
       353    151.4660    585.7913      1217.18     111.4989  17.2866   0.0995     3.19    0.228   0.52   0      14.22     544.5413     48.47738
       354    933.3971    584.9345     1211.599     140.9031  17.2916   0.1263     2.76    0.242 -14.27   0      15.14     617.7694     48.94099
       355    355.8287    584.5664     1968.679     179.0993  16.7646   0.0988     2.79    0.144 -79.51   0      16.67      661.807     49.26578
       356    176.0057    577.1786     56518.06     252.3926  13.1195   0.0048     2.94    0.121 -78.05   0      265.5     22629.36     111.3041
       357     15.6930    577.1595     2577.244     187.1521  16.4721   0.0789     7.15    0.304   8.56   0      24.82      871.185     49.62756
       358    316.4440    573.2715     2239.314     133.9592  16.6247   0.0650     3.62    0.121 -54.21   0      23.61     905.3411     50.14037
       359    415.7854    571.7338      4673.83      147.392  15.8258   0.0342     3.08    0.089 -52.39   0      45.76     1991.429      54.8428
       360     85.7446    567.1672     23729.46     201.2038  14.0618   0.0092     2.94    0.033 -84.34   0      154.7     9578.173     80.27686
       361    469.9330    567.5792     2356.042     138.5136  16.5695   0.0638     7.44    0.309  79.74   0      25.98     1022.675      50.7865
       362    620.3036    567.7615     1627.716     166.6254  16.9711   0.1112     3.88    0.089  55.13   0       15.8     597.6827     48.23585
       363   1008.7697    565.0168     2999.241      173.693  16.3075   0.0629     3.43    0.143 -60.13   0       27.8     1161.748     51.52051
       364    983.5267    565.5339     1573.212     150.6346  17.0080   0.1040     3.05    0.022 -63.38   0       16.3     625.2635     48.73264
       365    372.5903    561.2132     2610.028      200.223  16.4584   0.0833     6.60    0.280  65.53   0      22.07     863.5283     49.95048
       366    494.3635    581.4222     1790.062      109.993  16.8678   0.0667     2.97    0.094 -48.94   0      20.88     840.8499     50.20337
       367    127.0175    561.4570     2144.136     170.8409  16.6719   0.0865     2.95    0.111  -3.94   0       21.7     893.6908     50.20597
       368     72.8293    560.3895     6729.214      190.576  15.4301   0.0308     3.08    0.112 -30.67   0      57.84     2607.935     57.44425
       369    947.4963    560.7171     1946.376     153.1481  16.7769   0.0855     2.86    0.032   8.46   0      18.97     745.0205     49.16733
       370    884.6276    558.5176      3534.68     186.7275  16.1291   0.0574     3.44    0.048 -30.87   0      31.96     1279.524     51.80869
       371    631.2814    560.0842     2368.732      204.356  16.5637   0.0937     5.48    0.379  10.53   2      18.27     495.7405     48.00122
       372    853.3482    557.7152     2733.149     134.7945  16.4083   0.0536    -0.55    0.258 -34.27   0       43.6     1801.647     53.83039
       373    494.8362    556.4850     3758.655     229.7544  16.0624   0.0664     3.77    0.200  31.20   2      21.73     864.8843      49.7183
       374     73.2902    551.3358     5173.053     199.4227  15.7156   0.0419     4.15    0.056 -51.84   0      42.47     1761.839     53.66206
       375    630.6547    552.1238      1449.99     142.3342  17.0966   0.1066     3.15    0.239 -14.47   0      16.01     657.7421     48.88387
       376    476.6479    551.6439     1794.363      182.168  16.8652   0.1103     4.27    0.118  45.17   0      15.63     608.8874     48.89973
       377    805.3222    547.7308      3625.04     201.3719  16.1017   0.0603     8.24    0.297 -40.75   0      30.31     1176.766      51.1241
       378    716.0161    545.8069     3980.237     169.8038  16.0002   0.0463     8.11    0.280  66.92   0      36.23      1496.87     52.75352
       379     39.8747    546.5308     5542.352     171.8819  15.6408   0.0337     3.09    0.141 -40.00   0      52.26     2335.834     56.14626
       380    950.9767    545.7586     1353.339     139.0114  17.1715   0.1116     4.09    0.188 -86.09   0      15.07     607.9937      49.0169
       381    693.9290    542.5767     28101.77     213.8622  13.8782   0.0083     2.94    0.039  25.78   0      171.9        11172     84.80919
       382    151.0523    543.8628     7273.945     106.4166  15.3456   0.0159     4.90    0.274 -71.39   0      116.1     6766.229     71.95899
       383    859.0147    542.0639     2644.197     169.7645  16.4443   0.0697     6.78    0.069   9.75   0      25.82     1063.326     50.85143
       384    415.7628    542.0538      4463.14      100.234  15.8759   0.0244     4.98    0.245 -13.82   0      81.68     3873.609     62.25069
       385    272.4936    538.0317     2226.487     178.5967  16.6309   0.0871     3.27    0.179 -73.39   0      20.18     814.9667     49.24898
       386    550.7787    536.7181     2501.854     153.9702  16.5043   0.0668     3.26    0.013 -44.52   0      25.32     1010.327       50.614
       387    331.2096    532.4273     24988.28     204.8074  14.0057   0.0089     3.04    0.048 -79.56   0      159.8     9846.254     81.17873
       388    866.0599    532.4293      4977.35     172.8598  15.7575   0.0377     3.13    0.096  65.68   0      44.19     1919.353     54.43429
       389    976.2111    529.5265     1529.378     160.1266  17.0387   0.1137     3.35    0.253 -89.21   0      14.56     559.9233     48.67163
       390    759.3743    529.5852     1827.009     160.5485  16.8456   0.0954     2.80    0.113  42.56   0      20.19     825.5949     50.01566
       391    666.8304    524.0526     3381.041     180.0599  16.1774   0.0578     7.91    0.274  86.52   0      29.49     1197.574     51.44793
       392    494.4023    527.6570     1542.642     127.0573  17.0293   0.0894     3.15    0.141 -40.77   0      16.41     646.6118     49.07475
       393     57.5509    524.5314     2438.217     194.7624  16.5323   0.0867     7.81    0.435  -4.19   0      17.91     480.3951     48.17571
       394    310.7576    520.5522     8754.704     191.4313  15.1444   0.0237     3.01    0.078 -77.50   0      73.73     3502.669     60.88135
       395    972.7232    521.6646      1730.94     182.0889  16.9043   0.1142     4.48    0.104 -40.41   0      15.63     572.4159     48.48555
       396    891.4646    520.9617     1289.477     146.1982  17.2240   0.1231     4.44    0.353  27.71   0      14.06      544.096      48.4753
       397    471.3117    519.0717     2445.838     205.8892  16.5289   0.0914     3.76    0.140 -38.78   2      20.01     710.8854     49.00928
       398    287.1855    512.7173     1604.846     145.6719  16.9864   0.0986     3.31    0.121 -68.90   0      17.77     716.1949     49.27556
       399    188.1692    512.0159     1326.878     156.0789  17.1929   0.1277     4.92    0.184  -1.94   0      13.62     550.9538     48.75171
       400    885.9905    510.7599     1144.781     90.78292  17.3532   0.0861     2.79    0.149 -85.43   0      15.47     643.7264     49.30291
       401    727.1151    509.1212     1238.603     85.98418  17.2677   0.0754     3.47    0.271  44.26   0      40.33     1123.608     50.88724
       402    147.4610    509.5042     1903.579     127.7013  16.8011   0.0729     2.83    0.005 -81.29   0      23.07     943.9458      50.0784
       403    968.0249    506.6043     3380.246     192.8022  16.1776   0.0619     5.24    0.299  64.36   0      27.52     960.8729     50.50918
       404     54.6212    505.4897     12377.47     178.2115  14.7684   0.0156     3.00    0.041  86.60   0      96.69     4809.215     65.21432
       405    809.8759    499.7415     144737.4     366.5917  12.0985   0.0028     6.76    0.252  76.49   0      440.9     45328.74     150.6474
       406    458.4195    504.3581     5224.782     193.4352  15.7048   0.0402     3.01    0.029 -45.42   0      45.42     1967.058     54.95828
       407    437.8410    503.3356     4044.328     304.4843  15.9829   0.0818     7.70    0.682 -87.06   0      17.56     400.1681     47.79574
       408    288.0775    505.3647     1834.093     160.5585  16.8414   0.0951     2.94    0.237  75.40   0      18.87      789.819     49.61398
       409    775.9286    502.7728     1876.091     169.6108  16.8169   0.0982     2.99    0.248  73.93   0      17.02     653.1797     48.98406
       410   1015.5761    499.4927     3069.521     198.5125  16.2823   0.0702     3.56    0.067  44.47  16      27.83     1068.651     50.52378
       411    142.5688    496.1226     7354.628      160.974  15.3336   0.0238     2.85    0.091 -50.44   0      67.32      3213.31     59.69199
       412    645.3417    495.8596     4295.495      167.588  15.9175   0.0424     3.01    0.048  27.33   0      41.26     1760.036     54.09539
       413    401.9062    495.0989     9442.978     163.8959  15.0622   0.0188     2.98    0.030 -62.95   0      80.83     3970.798     62.22387
       414    592.9193    493.2157      3278.56     218.6718  16.2108   0.0724     5.12    0.357 -81.14   0      24.16     899.9906     50.11611
       415    499.2713    492.1230     8656.302     193.6289  15.1567   0.0243     3.35    0.252 -67.98   0      69.09     3090.648      59.0222
       416    214.9164    493.7445     11314.78     118.5417  14.8659   0.0114     0.00    0.369  71.08   0      144.4     10183.18     81.89932
       417    721.5025    491.1828     4410.108     182.9843  15.8889   0.0451     3.08    0.077 -28.75   0      40.69     1662.184     53.12664
       418    664.4852    498.9620     2304.672     196.1265  16.5935   0.0924     3.23    0.164  86.79   0      17.92     711.4609     49.01196
       419    105.5504    490.0022     2267.115     155.5444  16.6113   0.0745     3.59    0.249 -66.20   0      21.87     837.3894     49.83141
       420    914.4584    482.3605     3035.216     164.0699  16.2945   0.0587     5.26    0.414  32.76   0      26.89     994.8973     50.54467
       421    879.6691    483.2864     1371.858      151.315  17.1567   0.1198     4.20    0.216  34.62   0      16.36     609.5162     48.53693
       422    251.5536    473.5853     373085.1     474.7781  11.0705   0.0014     3.00    0.045 -24.82   2      746.5     142946.3     259.0403
       423    248.0036    461.8468     20257.78     124.2756  14.2335   0.0067    -3.32    0.110  89.35   3      190.9     20006.84     105.8138
       424    521.9394    480.1782      1148.31     107.2837  17.3499   0.1015     2.88    0.181 -88.46   0      14.24     581.1376     48.64865
       425    791.9464    474.2816     51756.41      271.502  13.2151   0.0057     2.94    0.178 -64.68   2        237     17699.48     100.6181
       426    497.2057    475.7496     4893.296     206.4266  15.7760   0.0458     9.17    0.329  14.97   0      42.24     1698.017     53.72376
       427    243.6026    507.4312      2396.51     182.9177  16.5511   0.0829     3.32    0.104  46.02   0      21.16     809.5334     49.94262
       428    697.6365    473.2838     3194.562     132.2436  16.2390   0.0450     3.20    0.084 -28.60   0      34.57      1449.39     52.43542
       429    685.1057    474.6267      1613.78     88.66106  16.9804   0.0597     1.03    0.177 -74.85   0      36.51     1529.185     52.44146
       430    337.2933    470.3610     3494.029     160.1332  16.1417   0.0498     3.03    0.086  55.56   0      33.79     1370.529     51.74931
       431    324.5102    470.8032     4319.468     204.3457  15.9114   0.0514     2.96    0.042 -32.29   0      36.04     1496.113     52.75026
       432    135.6696    468.3253     2658.869     197.2906  16.4383   0.0806     3.77    0.208  13.57   0      21.36     778.4924     49.44208
       433    368.9096    466.6333     2722.625      135.874  16.4125   0.0542     3.52    0.126 -47.33   0       29.2     1201.963     51.11994
       434    528.9339    466.7646     1052.104     128.5089  17.4449   0.1326     3.36    0.168  89.49   0      14.59     587.7676     48.67962
       435    192.5265    462.5374     2787.116     128.1104  16.3871   0.0499     3.10    0.128  -4.50   0      30.48     1239.219     51.63157
       436    497.9992    460.2206     1929.047     151.1705  16.7866   0.0851     3.58    0.092 -55.98   0      19.96     782.3824      49.5799
       437    309.3278    460.6252     2079.117     170.7544  16.7053   0.0892     3.67    0.266 -34.80   0      19.61     734.7316     49.36098
       438     84.7142    459.4182     6983.801     190.0999  15.3898   0.0296     3.05    0.060 -37.50   0      61.07     2731.639     57.72619
       439    521.5400    458.0009     10830.85     126.1386  14.9133   0.0126     5.71    0.455   0.03   0      133.4     9094.961     79.04739
       440    959.6312    453.8583     2500.577     156.8348  16.5049   0.0681     3.16    0.048 -51.54   0      26.98     1082.022     50.81818
       441    865.7156    455.0025     4519.865     118.0391  15.8622   0.0284     3.24    0.511  -0.39   0      70.47     3396.072     60.58023
       442    468.3388    452.3618     2241.018     156.4582  16.6239   0.0758     3.13    0.044  40.87   0      23.52     936.3492     50.28072
       443     13.1994    451.5736     2691.276     111.8397  16.4251   0.0451     0.00    0.355  68.02   0      43.55      1800.18     54.26379
       444    302.4890    449.4570     1616.021     178.6512  16.9789   0.1201     6.23    0.434 -35.38   0      14.42     471.6039      47.8868
       445    757.4017    446.3416     3302.338     184.0398  16.2029   0.0605     3.15    0.116   2.36   0      28.98     1158.216     51.38948
       446    425.0056    445.0012     55923.14     177.9212  13.1310   0.0035     4.20    0.007  16.82   0      346.5      55536.2     165.3671
       447    728.5587    440.4404     6449.083     161.5393  15.4763   0.0272     8.45    0.719  80.54   0      53.71     1669.221     53.49088
       448    871.4456    432.4225     5226.131     164.3895  15.7045   0.0342     2.89    0.018 -12.70   0      50.91      2259.94     56.15639
       449    358.3884    431.9691     4566.619     201.6969  15.8510   0.0480     3.39    0.101  61.90   0       40.7     1717.713     53.91729
       450    153.0666    432.3756     5674.359     188.5279  15.6152   0.0361     2.97    0.030  20.74   0      51.67     2323.875     56.30918
       451    106.5425    432.3646      5185.91     150.1702  15.7129   0.0314     3.05    0.040 -78.45   0      50.05     2208.441     55.73486
       452     24.9713    432.6884     4214.437       222.33  15.9382   0.0573     4.76    0.045   5.55   0      31.75     1130.023     50.91588
       453    274.9146    427.1882     79574.76     273.9949  12.7481   0.0037     2.79    0.046 -67.13   0      325.8     32518.84     129.8921
       454    398.3042    431.5881     1627.586     180.3204  16.9711   0.1203     5.05    0.369  30.29   0      14.76     502.6099      48.2804
       455     42.2140    431.3527     2345.912     175.3944  16.5742   0.0812     3.52    0.178 -34.42   0      22.15      852.665     50.13851
       456    417.0020    430.2144     2301.896     85.33849  16.5948   0.0403     1.02    0.112  87.99   0      55.19     2421.542     56.59716
       457     63.1724    430.5517     1151.406     111.3648  17.3469   0.1050     3.65    0.217  89.29   0      13.92     543.4668     48.71679
       458    183.4810    429.2509     1319.093     161.6752  17.1993   0.1331     3.18    0.262   1.19   0      13.36     538.4428     48.20298
       459   1000.8685    425.7236     1961.043     160.7381  16.7688   0.0890     6.29    0.195  69.99   0      20.82     812.1747     49.47677
       460    151.8731    423.8926     2526.497      178.978  16.4937   0.0769     3.25    0.123 -38.34   0      22.34     870.1498     49.74237
       461    233.2820    422.5804     4043.619     161.8315  15.9831   0.0435     2.97    0.032 -63.20   0      39.68     1702.068     53.63026
       462    889.9922    420.0013     8235.652     99.89904  15.2108   0.0132     4.19    0.003 -13.31   3      129.3     8262.815     76.53995
       463    886.2133    418.2719     1608.352     119.9651  16.9840   0.0810     5.80    0.448  59.07   2       27.8     991.3524     50.64614
       464    435.9238    417.8544     1842.095     164.2271  16.8367   0.0968     3.54    0.195 -27.16   0      18.69      709.013     49.12166
       465    140.7658    418.4383     2526.124     162.4517  16.4939   0.0698     3.59    0.042   6.74   0      25.31     1003.493     50.70059
       466    591.0175    416.8147     1556.309     161.0892  17.0198   0.1124     3.62    0.170  81.65   0      14.94     550.9751     48.50754
       467     42.8955    412.6988     3542.678     228.8929  16.1267   0.0702     4.20    0.190 -41.42   2      23.02     844.7277     49.50625
       468    674.2166    415.2114     3325.291      195.035  16.1954   0.0637     3.23    0.054  85.49   0      26.45     1050.908      50.7959
       469    176.9252    414.7283     1533.366     170.0265  17.0359   0.1204     3.40    0.252  75.99   0      13.98     532.8539     48.29975
       470    625.8982    413.1717     2661.346     209.6978  16.4372   0.0856     4.23    0.184  44.37   2      16.63     562.0136     48.06749
       471    217.0838    410.7805     1290.612      84.3798  17.2230   0.0710     1.00    0.120 -89.44   0      32.22     1242.653     51.64669
       472    435.1820    403.6120     40547.35     238.8232  13.4801   0.0064     8.02    0.111  42.00   0      215.8     15621.16     95.93261
       473   1008.5042    407.4502     1715.235     183.6931  16.9142   0.1163     4.12    0.238 -42.12   0      15.85     605.0682     48.39352
       474    963.0242    407.7432     1449.379     158.1462  17.0970   0.1185     3.41    0.182 -89.65   0      14.98     585.3242     48.66821
       475    136.6701    406.3690     2168.242     191.3682  16.6597   0.0958     3.10    0.118  43.60   0      17.51      719.113     49.28902
       476     21.1355    400.2422     1942.948     116.8452  16.7788   0.0653     3.58    0.560 -16.04   0      32.58     1301.824     51.90642
       477    811.4233    398.8066      3249.33     183.9743  16.2205   0.0615     8.34    0.452  22.04   0      24.38     774.6979     49.66439
       478    737.5458    394.0239     2302.115     165.7607  16.5947   0.0782     2.96    0.113 -87.67   0      21.95     888.7267       50.065
       479    113.7048    394.4983     2143.775     188.9967  16.6721   0.0957     2.92    0.049 -78.31   0      17.55     666.9494     48.68327
       480    825.0058    391.3090     1754.934     145.9059  16.8893   0.0903     3.42    0.323 -88.07   0      18.29     732.0193      49.3485
       481    252.1279    389.9993     4200.806      185.146  15.9417   0.0479     2.62    0.192 -70.72   0      38.81      1681.72     53.54396
       482    191.6002    391.0289     3845.075     178.9932  16.0377   0.0506     3.20    0.108  -3.01   0       35.8     1541.252     53.16827
       483    497.5035    389.5371     2674.194     174.9727  16.4320   0.0711     3.55    0.232  -3.29   0      25.63     984.1871      50.2607
       484    145.5240    387.3954     1341.401     129.0195  17.1811   0.1045     3.26    0.019   3.28   0      16.66     665.3514      49.0405
       485    460.8557    384.0887      5580.36     186.8318  15.6333   0.0364     3.03    0.021  -2.48   0      50.99     2242.934     55.66234
       486    350.8596    382.5095     2207.142     189.8566  16.6404   0.0934     3.22    0.089 -15.54   0      18.22     686.7891     48.89742
       487    895.6989    377.6104     3900.303     181.5339  16.0223   0.0505     2.97    0.078 -63.99   0      37.65      1601.07     53.20053
       488    570.3884    376.1745     3483.526     181.0114  16.1450   0.0564     3.00    0.084  10.22   0      32.92      1354.57     52.25065
       489    243.2025    374.1082     3477.638     201.9421  16.1468   0.0631     4.17    0.259  86.02   0      28.77     1039.896     50.74661
       490    851.2242    373.9555     1364.135      130.205  17.1629   0.1037     2.81    0.163   3.13   0      15.42     619.2017     49.06884
       491    640.4524    372.6180      2519.18      203.796  16.4969   0.0879     3.23    0.134  43.90   0      19.81     744.7274     49.52705
       492    525.2216    368.5911     1439.627     89.88098  17.1044   0.0678     2.76    0.281  41.60   0      28.57     1339.737     52.18609
       493    173.1337    366.2811     5166.759     183.1126  15.7170   0.0385     0.00    0.326  29.49   0      48.83     2461.201     56.54651
       494    242.7766    363.8522      2285.44     158.4086  16.6026   0.0753     3.04    0.007  -3.92   0      24.43     1008.943     50.72501
       495    502.1459    354.0567     6365.889     200.0367  15.4904   0.0341     3.12    0.080 -68.56   2      52.49     2371.684     56.60683
       496    142.1216    358.6002     8703.541     169.1288  15.1508   0.0211     2.86    0.044 -52.74   0      75.49     3647.227     61.32184
       497    663.7850    359.6709      1842.31     165.1291  16.8366   0.0973     3.44    0.103 -15.59   0      18.72     724.0612     49.43213
       498      4.0772    355.3925     4762.445     175.1392  15.8054   0.0399     2.96    0.053  50.82  16      44.95     1989.227     54.83368
       499    187.3203    350.4651     4018.115     155.2387  15.9899   0.0420     3.07    0.068 -63.65   0      41.02      1748.93     53.71804
       500    126.9074    351.1414     3132.341     178.9177  16.2603   0.0620     3.17    0.084 -42.70   0      29.94     1237.801     51.39472
       501    818.4857    349.2580      1338.05     109.0551  17.1838   0.0885     2.93    0.026 -27.89   0      16.99     679.4956      48.8635
       502    485.5217    349.2276     2251.967     179.4584  16.6186   0.0865     3.40    0.088 -39.27   0      24.21     959.2164     50.38398
       503    161.3734    347.5408     5481.301     201.2548  15.6528   0.0399     3.14    0.061 -30.30   0      47.83      2039.35     55.14883
       504     22.6162    347.9628     2949.727     205.0012  16.3255   0.0755     3.38    0.058 -88.50   0      22.42     909.0927     50.51137
       505    979.0908    344.4588     20456.66     199.7154  14.2229   0.0106     2.89    0.036 -51.33   0      140.3     8381.399     76.73661
       506    346.6445    346.7134     1938.071     153.1357  16.7816   0.0858     3.16    0.130 -74.74   0      19.31     736.8067     49.12934
       507      9.5328    347.1147     3500.488      218.223  16.1397   0.0677     3.29    0.233 -65.47   1      23.67     973.4653      50.2122
       508    775.4177    346.4259     1615.444     180.3051  16.9793   0.1212     3.35    0.139  53.31   0      14.54     519.1852     48.60338
       509    887.0966    344.6874     1731.782     167.6553  16.9038   0.1051     5.87    0.238 -76.35   0      15.53     512.9407     48.08259
       510    648.0764    345.6595     1341.226     132.4268  17.1812   0.1072     2.92    0.240 -77.56   0      15.49     623.0827     48.72247
       511     51.3717    343.7044     2962.548     131.8443  16.3208   0.0483     3.25    0.124 -55.90   0      31.14     1257.908     51.25231
       512    677.3007    339.5995     11349.41      198.268  14.8626   0.0190     3.00    0.019 -28.22   0      90.04     4469.615      64.2976
       513    420.4313    341.1894     2791.757     177.6507  16.3853   0.0691     3.11    0.068 -80.21   0      26.97     1098.505     51.24076
       514    997.8642    335.5551     2211.867     167.4202  16.6381   0.0822     3.00    0.076 -24.84   0      20.96     832.3367     49.80836
       515    509.9877    328.3440     75221.22     275.2582  12.8091   0.0040     3.32    0.052 -24.10   2        315      29180.8     124.0097
       516    515.7393    320.3493     3519.859     102.5134  16.1337   0.0316     1.64    0.073  -7.94   3      59.08     3166.098     59.51196
       517    361.6144    332.0111     6334.003     200.7415  15.4958   0.0344     2.81    0.098 -57.38   0      52.93     2405.796      56.5339
       518    391.4968    330.2254     23476.16     205.3038  14.0734   0.0095     3.07    0.035 -75.94   0      152.6     8953.865     78.26213
       519    975.6401    329.7422     1242.259     133.3748  17.2645   0.1166     5.12    0.430  19.45   0      13.49      483.337     48.18959
       520    199.4624    323.9286     25155.35     220.3527  13.9984   0.0095     6.16    0.221 -67.73   0      154.7     9249.461      79.4156
       521    900.8624    328.1037     2314.209     225.7048  16.5890   0.1059     5.63    0.374  48.99   2      15.61     463.6686     47.84912
       522     26.8082    327.8059     2014.172     157.0765  16.7398   0.0847     3.68    0.168  39.65   0      20.45     789.1875     49.61108
       523    694.4048    327.6606     1650.404     162.1403  16.9560   0.1067     2.93    0.126 -45.84   0      16.88     660.9756     49.14122
       524    870.9993    326.9831     2971.059     87.10236  16.3177   0.0318     4.21    0.007 -65.29   3      70.17     2835.224     58.23466
       525    870.9520    323.3178     1458.232     152.4219  17.0904   0.1135     3.59    0.176 -89.96   3      14.67     567.9738     48.34201
       526    767.4597    326.0149     3569.594     216.2447  16.1185   0.0658     3.39    0.122  -4.41   0      29.79     1213.141     51.51665
       527    283.9692    321.3853      12684.9     259.8756  14.7418   0.0222     3.01    0.075 -86.89   0      84.76     4232.323     63.64023
       528    667.0746    321.1259     7059.012     213.0216  15.3781   0.0328     8.71    0.257 -18.02   0      56.69     2469.307     56.68396
       529    113.4506    318.0179     3899.571     160.7078  16.0225   0.0448     3.25    0.114  15.16   0      37.67     1570.635     53.18216
       530    806.8209    317.4964     1162.449     92.44749  17.3366   0.0864     2.47    0.292 -45.09   0       23.9     1058.889     50.47985
       531    447.4471    317.0236     3772.653     157.7289  16.0584   0.0454     2.95    0.083  -0.03   0      38.59     1701.675     53.84964
       532    169.1033    316.3127     2207.479     163.8282  16.6403   0.0806     3.07    0.100 -26.58   0       22.8     926.6152     49.99969
       533    623.7603    312.7276     3089.076     205.8781  16.2754   0.0724     7.98    0.246  72.06   2      24.82     924.5381     50.22731
       534    889.1728    313.3771     2637.455     180.7692  16.4470   0.0744     3.33    0.084 -75.13   0      26.19     1068.299     51.10661
       535    708.6577    312.8361      1493.71     140.3031  17.0643   0.1020     3.53    0.196  66.90   0      16.53     634.5982     48.89777
       536    262.0197    311.7681     3898.578     244.2969  16.0227   0.0681     3.76    0.121  43.76   2      23.02      844.255     50.10038
       537    476.5484    309.8641     1550.937     119.8563  17.0235   0.0839     4.11    0.150 -14.27   0       16.4     621.7882     48.83819
       538    620.1458    315.8534     2272.049       195.33  16.6090   0.0934     6.51    0.446 -17.22   3      18.48      645.313     49.18963
       539    439.0941    307.2019     1483.256     149.5089  17.0720   0.1095     3.09    0.200  63.66   0      14.74      563.613     48.56672
       540     37.1250    307.9751      1402.06       144.33  17.1331   0.1118     2.84    0.169   4.79   0      16.07     655.3421     48.99409
       541     30.2498    305.8701     1987.456     160.7755  16.7543   0.0879     2.92    0.098  65.32   0       22.1     926.6224     50.23674
       542     51.4970    304.5158     4880.918     149.7079  15.7787   0.0333     3.16    0.027 -68.00   0      46.76     1970.192     54.53735
       543    588.8251    303.5872     4073.985     154.3615  15.9750   0.0411     3.13    0.022  64.34   0      40.28      1694.39     53.70842
       544    255.6960    304.5406     2311.006     192.3114  16.5905   0.0904     3.30    0.022 -72.74   0      17.17     639.3369     48.67636
       545     16.0205    301.9115     2257.419     121.1885  16.6160   0.0583     3.03    0.029 -86.08   0      25.12     1036.433      50.4964
       546      5.1247    302.9276     954.9931     86.95593  17.5500   0.0989     3.00    0.230 -27.88  16      29.03     693.9085      48.9305
       547    838.9421    300.8825     2780.438     142.3721  16.3897   0.0556     3.04    0.020  56.80   0      28.44     1161.766     51.05738
       548    709.9176    300.9149     11912.86      109.308  14.8100   0.0100     4.49    0.126  45.05   0      150.1     11640.55     85.91752
       549    282.4487    298.5343     15136.35     211.1757  14.5499   0.0152     3.03    0.086 -35.48   0      109.7     5749.833     68.67386
       550    969.5727    299.0654     1554.591     112.1846  17.0210   0.0784     5.88    0.200 -89.65   0      18.39     682.6584     49.12064
       551    995.4732    317.2485     2182.557      181.837  16.6526   0.0905     3.66    0.052   2.66   0      19.67     794.9927     49.51787
       552    848.1640    290.8555     2110.615     145.4415  16.6890   0.0748     6.59    0.103 -68.93   0      20.99      798.989     49.65596
       553    542.2695    288.4936      3693.35     133.0981  16.0814   0.0391     7.18    0.657 -33.50   0      54.82     2527.022     56.81045
       554    402.8192    288.1438     4217.736     154.5731  15.9373   0.0398     3.20    0.087 -73.74   0      40.85     1738.513      53.8948
       555    158.1431    289.9756     1338.461     84.50858  17.1835   0.0686     0.00    0.155   3.53   0      37.64     1071.669      50.8887
       556    475.5941    283.4030     1652.574     127.2538  16.9546   0.0836     2.56    0.104 -35.48   0      19.51      791.157      49.6201
       557    994.6967    280.6726     4717.568     172.5179  15.8157   0.0397     3.94    0.101  -7.80   3      39.55     1574.003     52.74806
       558    992.1238    278.1103     2375.242     85.53359  16.5607   0.0391     4.41    0.079  15.67   3      58.51     2213.018     55.54005
       559    207.9308    279.6705     2394.465     120.2164  16.5520   0.0545     0.00    0.297 -25.01   0      31.25     1506.378     52.68184
       560    629.0405    278.4270     2088.769     184.1547  16.7003   0.0957     3.29    0.145  -0.05   0      19.73     792.5777      49.8654
       561   1001.7808    272.5330     10447.34     183.9883  14.9525   0.0191     2.94    0.009  65.59   0      86.35     4346.938     63.95543
       562    216.1242    273.5359      1807.02     126.3597  16.8576   0.0759     2.91    0.066 -28.22   0      19.53     799.2123     49.65699
       563    903.0368    269.2836     52485.99     252.8795  13.1999   0.0052     3.05    0.099  24.96   0      253.3     20297.46     106.3803
       564     90.7600    272.5104     1946.779     153.1487  16.7767   0.0854     4.78    0.106  75.38   0      20.62      830.756     49.56205
       565    378.3851    270.2429     2821.711     150.5468  16.3737   0.0579     7.22    0.483  72.54   0      31.06     1277.088     52.02682
       566    721.0814    264.4435     3757.406     210.1771  16.0628   0.0607     3.53    0.084 -53.64   0      29.06     1134.668     50.93661
       567    192.5316    264.6051     4016.376     213.9556  15.9904   0.0579     3.76    0.227 -59.13   0      31.36     1220.036     51.54706
       568     92.8729    260.0928     6370.805     176.3741  15.4895   0.0301     3.01    0.056 -40.59   0      57.91     2657.318     57.32933
       569    794.7451    260.1438     2346.465     166.7146  16.5740   0.0772     3.08    0.111  64.19   0       22.3     890.1818     50.30828
       570    450.3343    257.3869     10256.19     239.2182  14.9725   0.0253     3.41    0.293   5.50   0      74.27     3405.946     60.42098
       571    388.1285    259.7158     1665.711     154.6632  16.9460   0.1008     3.41    0.195  51.63   0      15.91     636.5915     48.66354
       572    856.7811    257.6771     5235.742     193.4481  15.7026   0.0401     2.99    0.070 -20.88   0      45.64     1978.458     54.89732
       573    932.9759    255.4128     3531.203     152.5903  16.1302   0.0469     3.04    0.088 -89.31   0      37.67     1630.446     53.43715
       574    519.0674    256.1493      1737.76     137.4954  16.9000   0.0859     3.73    0.268  82.84   0      17.86     666.9761     49.04803
       575    216.5361    254.8752     1862.396     156.8567  16.8248   0.0915     0.00    0.468 -62.15   0      19.18     882.0688     50.03477
       576    563.3585    254.4634     1518.442     144.5132  17.0465   0.1034     0.66    0.319  53.26   0         17     695.8448     49.18161
       577    270.5646    253.1827     1083.045     90.62823  17.4134   0.0909     2.51    0.519  62.04   0      20.55     976.5342     50.81391
       578    175.4346    251.5433     12112.93     230.2626  14.7919   0.0206     3.01    0.057 -64.56   2      80.21      3811.72     61.92849
       579    996.1348    250.1765      3932.14     143.1655  16.0134   0.0395     3.31    0.066  81.69   0      39.87     1710.976     53.77856
       580    634.3407    248.1141     1902.066     137.7667  16.8019   0.0787     3.72    0.172 -73.30   0      20.09     766.2641     49.26543
       581     37.1526    239.2832     221623.8     389.6366  11.6360   0.0019     2.99    0.071  74.96   0      568.6     84467.91     201.1797
       582    721.5930    241.7225     5613.145     173.6937  15.6270   0.0336     3.20    0.106  61.03   0      51.19     2228.209     55.81541
       583    497.3143    239.6823      47592.6     243.6145  13.3062   0.0056     3.73    0.034 -35.14   0      238.3     17844.53      101.004
       584    104.4778    244.0191     1318.544     136.8007  17.1998   0.1127     2.53    0.293 -29.27   0      16.68     696.8958     49.30707
       585    547.8140    242.9563     2393.062     194.7097  16.5526   0.0884     6.71    0.439  -7.43   0       17.9     570.0414     48.84061
       586    769.7064    237.7292     3536.439     205.6506  16.1286   0.0632     6.93    0.209 -62.27   0      27.94     1060.331     50.72108
       587    421.5081    235.0020     3183.977     151.0927  16.2426   0.0515     1.59    0.179 -31.91   0      32.39      1420.52     52.42355
       588    348.3878    232.6801     1610.745     141.5455  16.9824   0.0954     6.49    0.460  77.85   0      16.63     522.0495     48.37182
       589    784.7302    230.3548     2258.909     93.53053  16.6153   0.0450     0.93    0.069 -54.89   0      46.29     2173.733     55.59315
       590    695.5090    228.2341     6175.273      176.122  15.5234   0.0310     9.05    0.258 -46.90   0      52.55     2240.785     55.43971
       591    201.8129    227.4254     28581.01     230.3956  13.8598   0.0088     2.99    0.075 -36.63   0      170.3     10866.91     83.98763
       592    391.1953    228.8034     1368.207     157.0871  17.1596   0.1247     3.89    0.031  34.84   0      13.93     534.6374     48.43093
       593    251.6639    219.7743     40450.63     244.2648  13.4827   0.0066     8.32    0.159  85.05   0      213.2     15212.98     95.02319
       594    906.1853    222.1076     1692.309     121.3538  16.9288   0.0779     6.50    0.298  84.82   0      17.76     586.6635      48.4298
       595    717.1338    217.7696     7238.672     182.4394  15.3509   0.0274     4.78    0.111 -42.64   0      62.82     2933.086     58.61535
       596    426.8822    218.5840       8447.5     188.7205  15.1832   0.0243     3.60    0.116 -81.35   0       70.9     3288.666     59.97821
       597    636.7465    216.4767     1728.582     146.8793  16.9058   0.0923     3.13    0.023 -68.62   0      17.99     714.0256     49.14485
       598    223.3453    213.9023     4125.587      244.508  15.9613   0.0644     4.54    0.223  14.57   2      27.55     1058.743     50.47919
       599    674.3219    211.7401     7446.967     181.8842  15.3201   0.0265     2.81    0.068 -24.59   0      65.65     3080.189     58.98192
       600    846.2078    206.9268     1774.431     187.7629  16.8774   0.1149     3.57    0.188  -0.53   0      13.09      487.062     48.20715
       601    151.2034    202.3006     1677.796     118.8538  16.9382   0.0769     4.73    0.145 -47.40   0       19.3     725.7517     49.31962
       602    884.1596    196.0135     1250.575     120.5237  17.2572   0.1047     2.90    0.149   3.79   0      15.82     643.3092     49.30099
       603    863.5272    195.7419     1276.724     134.5417  17.2348   0.1144     3.39    0.228  55.07   0      15.29     606.1768     48.64354
       604    378.4167    194.2464     4111.224     152.4811  15.9651   0.0403     3.05    0.053  69.81   0      41.13     1787.315     54.20988
       605    988.0234    193.9014     2621.869     146.2382  16.4535   0.0606     3.25    0.105  16.44   0      26.33     1051.719     50.32969
       606    452.5142    194.0347     4282.684     189.9949  15.9207   0.0482     3.37    0.119  42.71   3      34.73     1416.655     52.29334
       607    447.6808    186.7710     32586.73     219.2547  13.7174   0.0073     2.99    0.055 -61.31   2        189     12724.93     88.80653
       608    762.3638    189.0434     66103.44     260.8812  12.9494   0.0043     3.01    0.050 -65.97   2      292.7     26101.75     118.2322
       609    495.6428    192.3599     4026.781     184.1276  15.9876   0.0497     3.10    0.090 -41.61   0      38.18     1609.714     53.12577
       610    272.2171    190.1647     9683.856     175.5903  15.0349   0.0197     2.98    0.066 -38.74   0      82.38     4140.681     63.40585
       611    675.5984    189.0779     1459.506     163.6968  17.0895   0.1218     6.14    0.580  45.70   0      14.15     481.1611     48.17933
       612    579.4992    188.2580     8556.584     199.5559  15.1692   0.0253     3.03    0.054 -49.42   0       68.5     3109.868     58.99557
       613    513.7449    189.2923     1315.541     110.3619  17.2022   0.0911     3.03    0.097 -73.13   0      15.67      606.385     48.52226
       614    969.6653    187.4111     3342.704       162.68  16.1898   0.0529     3.20    0.136  72.97   0      32.65     1351.087     52.12167
       615     15.8626    186.3643     2026.443     174.9799  16.7332   0.0938     3.27    0.242 -80.04   0      17.38     663.8608     49.03359
       616    890.5817    180.4631     2628.024      181.577  16.4509   0.0750     6.86    0.468  76.68   0      22.71     760.9655     49.48162
       617    976.8846    179.3322     3128.786     181.3859  16.2616   0.0630     3.24    0.101 -73.30   0      28.61     1155.503      51.0295
       618    329.9833    177.3371     11801.29     192.7171  14.8202   0.0177     3.11    0.086 -59.21   0      94.03     4785.355     65.40412
       619     90.6895    177.6477       3907.3     131.2189  16.0203   0.0365    -0.55    0.444  48.63   3      52.48     2350.813     56.10109
       620     93.0356    173.3503     5469.762     191.4096  15.6551   0.0380     0.00    0.273 -77.69   3      46.63     2327.424     56.21795
       621    255.9924    173.9623     2142.938     117.2336  16.6725   0.0594     4.06    0.559  89.05   0      35.55     1436.129     52.71699
       622     30.2902    168.4455     4303.494     170.2359  15.9154   0.0430     5.03    0.194 -64.05   0      35.63     1350.563     51.89097
       623    544.7315    169.4844      2248.72     207.1104  16.6202   0.1000     3.31    0.058  79.24   0       17.4     667.4197      48.8073
       624    333.1688    167.2095     5624.396     196.9434  15.6248   0.0380     3.12    0.113 -34.39   0      48.91      2166.87     55.77846
       625    802.9003    166.1521     4181.332     252.9171  15.9467   0.0657     5.56    0.329 -85.50   0      26.61     807.0843     49.09176
       626    412.5138    161.8435     1879.549     165.1803  16.8149   0.0954     2.79    0.158 -17.14   0      18.92     784.9916     49.35175
       627    241.5770    161.1374     3237.097     192.6334  16.2246   0.0646     3.14    0.056  52.82   0      30.28      1253.12      51.8075
       628    693.9225    160.5268     2363.323     190.0435  16.5662   0.0873     3.63    0.198 -17.66   0      20.39     780.9314     49.33304
       629     51.0093    159.8054     2139.267     134.8947  16.6743   0.0685     3.96    0.110   1.71   0      19.88     719.7425     49.29192
       630    644.8033    158.3252     3900.924     182.3508  16.0221   0.0508     3.14    0.030  87.00   0      37.05     1549.662     52.98046
       631    800.4128    157.6026     3428.299     220.1803  16.1623   0.0697     4.63    0.091  51.79   0      26.84     1020.406     50.65924
       632    979.5389    156.8602     2106.355     163.6878  16.6912   0.0844     3.72    0.171 -75.39   0      21.88     858.2418     50.04525
       633    235.9440    155.3773     4310.188     202.1437  15.9138   0.0509     3.19    0.049  80.30   0      37.42     1613.179     53.25224
       634    325.6312    154.0165     1947.656     154.1165  16.7762   0.0859     6.35    0.350 -63.30   0      19.23     708.4339     49.48041
       635      7.3958    153.7362     1847.967     190.9875  16.8333   0.1122     3.28    0.213 -66.11  16      16.16     618.3992     48.94392
       636    801.0835    149.7865      5046.44     104.4314  15.7425   0.0225     0.00    0.346 -71.50   0      91.69     4446.465     64.21571
       637    793.5475    145.7974     2963.903      196.889  16.3203   0.0721     3.14    0.047  80.12   0      25.21     1014.826      50.6342
       638    196.5747    145.6411     2422.366     161.3891  16.5394   0.0724     3.12    0.089  77.86   0      23.32     948.1672     50.56956
       639   1003.3544    145.0164     1491.897     113.3748  17.0657   0.0825     2.92    0.225  -1.06   0      19.32     814.3988     49.96476
       640    308.7600    145.0115     1570.764     146.6349  17.0097   0.1014     2.93    0.162  -0.46   0       17.5     744.2683     49.76423
       641    286.1078    143.6783     1562.226     157.3676  17.0156   0.1094     6.26    0.320 -86.73   0      16.21     561.8653     48.43607
       642    264.8609    143.0327     12087.42     281.3228  14.7942   0.0253     3.05    0.070 -47.77   2      64.84     3092.645     59.23078
       643    209.3479    142.1370     1835.735     137.6572  16.8405   0.0814     3.54    0.177 -70.55   0      19.28     726.5635     49.32336
       644    144.2928    140.0612     8438.994     261.3008  15.1843   0.0336     9.99    0.356 -37.63   0      56.56     2402.285     56.30922
       645    394.4311    139.4064     4730.327      154.366  15.8128   0.0354     2.98    0.043 -77.01   0      46.95     2045.853     55.28316
       646    609.3109    135.3933     1995.289     161.7074  16.7500   0.0880     3.71    0.077 -42.26   0      19.17     728.8283      49.3338
       647    130.5559    131.3879     5485.704     237.7852  15.6519   0.0471     8.28    0.144  -1.99   0      39.39      1620.22     53.50476
       648   1013.6852    129.4137     5010.336     186.9331  15.7503   0.0405     3.24    0.019  69.66   0      47.31     2050.912     54.98083
       649     54.4508    127.0829     4599.332      196.514  15.8433   0.0464     3.52    0.216 -57.28   0      40.27     1641.559      53.1502
       650    427.6244    127.4821     1860.199     150.0808  16.8261   0.0876     3.15    0.126  46.18   0      20.21     793.6891      49.6317
       651    805.9852    126.9883     2600.293     86.12951  16.4624   0.0360     4.21    0.018  52.11   3      66.18     2559.473     57.14836
       652    804.8266    123.1803     1406.938     147.3916  17.1293   0.1138     5.01    0.197  85.04   3      14.93     582.8508     48.90018
       653    734.5873    123.6263     12063.54     214.1755  14.7963   0.0193     4.23    0.178 -57.92   0      84.64     3469.733     60.75827
       654    713.1227    124.5050     3820.697     184.6788  16.0446   0.0525     3.27    0.058 -72.03   0      37.08     1555.289     52.78001
       655    665.2305    125.0811     2380.093     168.5318  16.5585   0.0769     5.70    0.223 -43.83   0      22.04     849.9147      49.8885
       656    645.0068    125.5275     1149.639     139.7446  17.3486   0.1320     4.88    0.350 -61.29   0         14      575.095     48.62041
       657    723.5039    121.4605     2835.606     196.7408  16.3684   0.0753     3.15    0.126 -44.14   2      19.95      715.468     49.03053
       658    888.3478    115.4588     9506.909     181.1914  15.0549   0.0207     3.00    0.086 -67.82   0      78.23     3746.712     61.78566
       659    105.0998    115.3974     1862.928     179.7928  16.8245   0.1048     2.87    0.267  75.51   0      14.78     541.2314     48.46186
       660    558.4596    114.3118     1746.742     145.8931  16.8944   0.0907     3.03    0.034  40.00   0      18.76     759.1771     49.23272
       661     11.4511    114.7906      1940.84     173.1621  16.7800   0.0969     3.34    0.047 -15.81   0      17.89     678.4887     49.22216
       662    271.3648    111.2652      1895.85      140.953  16.8055   0.0807     3.71    0.176   8.83   0      19.02     742.8688     49.39844
       663     71.4700    108.5818     3832.532     182.2655  16.0413   0.0516     3.43    0.113  19.78   2      30.07     1190.039     51.53003
       664     54.2987    102.6485     36277.85     228.3116  13.6009   0.0068     3.06    0.041 -73.42   0      201.3     13490.89      90.4834
       665    697.0163     98.7927     9537.545     194.6605  15.0514   0.0222     3.01    0.048 -82.55   0      79.09     3899.143      62.2485
       666    394.7145     99.3520     3270.082     208.2282  16.2136   0.0692     3.43    0.030  60.45   0      25.99     1006.833       50.363
       667    558.7877     95.3940     2351.838     177.9235  16.5715   0.0822     3.22    0.177  16.99   0      20.91     805.3023     49.68485
       668   1014.2449     93.4662     1537.363     156.3851  17.0331   0.1105     3.56    0.023  76.41   0      16.29     625.0261     48.85326
       669    283.2683     91.7548     4671.267     225.4466  15.8264   0.0524     3.30    0.123  26.32   2      30.58     1241.269     51.64059
       670    828.2581     90.0520     4557.634     181.5389  15.8532   0.0433     3.09    0.102 -71.65   0      42.54     1821.775     54.24478
       671    351.5219     90.4454     1732.443     172.8884  16.9034   0.1084     4.96    0.035 -28.45   0      15.35     553.1625     48.39521
       672    761.8701     86.2840     12025.01        222.3  14.7998   0.0201     3.00    0.027  81.95   0      89.14     4395.048     63.84771
       673    772.6204     84.6868     17374.31     221.7567  14.4002   0.0139     3.04    0.036  26.27   0      120.3     6460.801     70.82025
       674    174.4880     81.8387     2816.805     147.5507  16.3756   0.0569     3.59    0.147  19.53   0      26.24     1014.854     50.39919
       675    577.6052     78.3601     1543.696     160.1469  17.0286   0.1127     2.57    0.147  16.43   0      15.52     632.9797     49.13261
       676    965.1088     77.1191     3461.339     178.5053  16.1519   0.0560     7.76    0.200  24.41   0      31.77     1254.961     51.58581
       677    989.3619     75.7716     3455.714      207.001  16.1537   0.0651     3.08    0.013  35.18   0      26.89     1116.586      51.3209
       678    610.1381     76.5209     2488.953     156.8179  16.5100   0.0684     3.05    0.133  -2.01   0      25.86     1050.367     50.55907
       679    646.0730     75.2398     2148.411     141.3596  16.6697   0.0715     3.31    0.106 -24.42   0      21.71     868.4798     49.97301
       680     54.4867     73.0412     2247.322      164.787  16.6208   0.0796     3.24    0.116 -89.45   0      22.25     878.7845      49.7818
       681    984.2257     62.4291      25272.5     257.7338  13.9934   0.0111     3.17    0.225  61.82   0      151.8     8957.421     78.72643
       682    548.5444     69.6110     1653.633     170.1871  16.9539   0.1118     3.20    0.141 -11.60   0      14.93     587.8514     48.80186
       683     73.2783     68.5821      6307.59       230.98  15.5003   0.0398     3.38    0.036 -23.98   0      45.53     1879.551     54.48631
       684    971.9540     67.7942     2730.515     172.4823  16.4094   0.0686     3.05    0.052  20.63   0       27.8     1194.065     51.54778
       685    870.7112     66.7771     5236.858     170.6094  15.7023   0.0354     2.95    0.086 -89.15   0      48.43     2133.226     55.21258
       686    836.0072     57.4617     123397.2     317.2301  12.2717   0.0028     2.96    0.043 -89.79   0      415.7      48300.2      155.142
       687    350.9283     59.9242     24427.98     212.7323  14.0303   0.0095     3.06    0.050   1.43   0      153.9     9343.226     79.53428
       688    565.7081     57.4108     81064.77      276.305  12.7279   0.0037     3.01    0.048 -63.30   0      328.9     31118.46     127.4649
       689     40.0333     59.7848     12526.21      190.477  14.7555   0.0165     2.99    0.076 -58.40   0      97.87     5184.616      67.0434
       690    267.0285     60.6440     1632.643     150.7242  16.9678   0.1003     3.91    0.287 -71.51   0      16.77     672.0048      49.3128
       691    139.0341     60.4690     1201.631     128.7731  17.3006   0.1164     4.87    0.364  59.33   0      13.86     566.0787     48.57825
       692    434.9399     59.8692     4948.703     98.35459  15.7638   0.0216     4.69    0.216  64.27   0      92.54     4563.458     64.62846
       693   1014.3898     54.4258     1902.833     171.3882  16.8015   0.0978     2.94    0.127  49.47   0      17.66     678.3196     49.22137
       694    174.8885     44.9957     8539.496     185.6592  15.1714   0.0236     3.08    0.045 -48.12   0      73.35     3531.738     60.89231
       695    798.6471     42.7053     23695.46     211.2465  14.0633   0.0097     3.05    0.031 -54.40   0      150.4     8765.788     77.79043
       696    610.1501     44.7326     2842.383     226.8914  16.3658   0.0867     7.65    0.597 -47.78   0       17.6     474.5945     48.14834
       697    922.5456     44.0636     2440.817     189.3536  16.5312   0.0842     3.55    0.200  75.75   0      21.46     825.8351     49.77869
       698    311.3555     43.8150     1892.316      134.478  16.8075   0.0772     3.15    0.084 -66.05   0         21     832.3868     50.04651
       699    993.9116     43.7176     2351.019      175.401  16.5719   0.0810     3.27    0.192 -16.37   0      21.86     880.8656     49.91045
       700    776.6133     44.1006     1883.945      188.684  16.8123   0.1088     5.30    0.302 -16.39   0      15.91      540.944     48.46051
       701    501.9700     39.6173     2523.616     194.0985  16.4949   0.0835     7.38    0.312 -74.53   0      19.24     635.6466     49.14495
       702    141.4959     36.0610     27482.76      221.403  13.9023   0.0087     3.77    0.111  65.56   0      163.9     8910.986     78.28939
       703    893.8682     34.9436     1551.071     166.5208  17.0234   0.1166     4.09    0.135  26.26   0      16.84     641.7919     48.80966
       704    865.0986     34.3327     2866.153     129.4031  16.3568   0.0490     3.25    0.086  58.64   0      30.42     1236.147     51.27169
       705    520.0134     34.9948     1900.894     165.2097  16.8026   0.0944     3.43    0.007 -67.85   0       18.9      772.482     49.53449
       706    605.2059     21.5236     1643.858      167.536  16.9603   0.1107     2.49    0.253 -88.38   0      14.32     567.5238     48.46261
       707    242.0128     20.1925     2072.104     184.1341  16.7090   0.0965     4.95    0.181 -87.74   0      15.37     589.5352     48.68787
       708    739.9368     19.2692     2302.321     102.7108  16.5946   0.0484     5.02    0.133 -74.00   0      41.54     1547.152     52.85745
       709    622.8811   1019.5335     4830.401     198.2844  15.7900   0.0446     4.26    0.078 -83.40  16      41.73      1807.69      53.8559
       710    775.0434   1018.8347     18321.34     191.9293  14.3426   0.0114     9.46    0.186 -67.73  16      128.9     6629.363     71.60841
       711    609.7585     15.9076     2271.816     101.1863  16.6091   0.0484     3.24    0.381  22.28   0      40.54     1679.627     53.20121
       712    897.0844   1017.9892     6548.784     190.3607  15.4596   0.0316     3.06    0.060 -63.79  16      55.68      2523.53     57.00524
       713    355.6279   1019.6254     1917.054     160.6759  16.7934   0.0910     3.37    0.138  33.94  16      18.08     697.4943     49.43013
       714    563.8159   1017.0817     2727.574     186.5402  16.4106   0.0743     7.56    0.546 -42.17  16      24.99     699.3298     49.19772
       715     13.4937   1018.4940     1549.135     170.9185  17.0248   0.1198     3.15    0.012 -82.80  16      13.79     509.0662     48.18768
       716    433.1012   1015.6244     6625.536     158.0737  15.4469   0.0259     2.94    0.025 -54.78  16         61     2778.638     57.60243
       717    230.0646   1012.2794     77212.56     272.0285  12.7808   0.0038     2.94    0.085 -74.27  16      319.6     30935.76      127.092
       718    985.1893   1014.0114     1094.719      100.003  17.4017   0.0992     2.96    0.174  -1.00   0      14.94     629.1777     48.87257
       719     26.7422   1013.6017     1857.768     170.4595  16.8275   0.0996     3.37    0.013  42.38   0      18.82     730.8314     49.46325
       720    593.6129   1012.2489     1872.711     172.2126  16.8188   0.0999     4.19    0.148  -5.35   0      19.04     758.9481     49.71189
       721    368.1138   1010.5092     1332.375     100.5416  17.1884   0.0820     3.26    0.134 -77.28   0      16.07     630.3184     48.75621
       722    396.3347   1009.1238     2317.021     193.8565  16.5877   0.0909     5.08    0.105  84.55   0      22.11     791.7185     49.50284
       723    180.3502   1008.8923     1857.904     178.9587  16.8274   0.1046     3.17    0.227 -14.33   0      15.93     632.6554     48.64515
