#   1 NUMBER                 Running object number                                     
#   2 X_IMAGE                Object position along x                                    [pixel]
#   3 Y_IMAGE                Object position along y                                    [pixel]
#   4 FLUX_AUTO              Flux within a Kron-like elliptical aperture                [count]
#   5 FLUXERR_AUTO           RMS error for AUTO flux                                    [count]
#   6 MAG_AUTO               Kron-like elliptical aperture magnitude                    [mag]
#   7 MAGERR_AUTO            RMS error for AUTO magnitude                               [mag]
#   8 FWHM_IMAGE             FWHM assuming a gaussian core                              [pixel]
#   9 ELLIPTICITY            1 - B_IMAGE/A_IMAGE                                       
#  10 THETA_IMAGE            Position angle (CCW/x)                                     [deg]
#  11 FLAGS                  Extraction flags                                          
#  12 SNR_WIN                Gaussian-weighted SNR                                     
#  13 FLUX_APER              Flux vector within fixed circular aperture(s)              [count]
#  14 FLUXERR_APER           RMS error vector for aperture flux(es)                     [count]
         1    543.1544     91.8500     205412.9     485.9337  11.7184   0.0026     4.23    0.157  -4.16   0      504.2     57754.36      177.929
         2    476.1543     23.9840     24010.86     381.2125  14.0490   0.0172     4.35    0.174  -0.44   3      105.7     6695.021     92.08854
         3     81.8208     21.8635     11623.72     276.8836  14.8366   0.0259     4.23    0.192  -2.54   0      60.75     3576.054     83.67698
         4    886.5399     18.0655     10999.55     341.5078  14.8966   0.0337     4.79    0.236   8.77   0      51.15     2837.694     81.64691
         5     38.2966     15.6112     7984.826     450.0945  15.2443   0.0612     5.35    0.399  18.71   2      24.99     1429.575     77.62837
         6    866.1169     16.7413     4288.704     226.5141  15.9192   0.0574     7.90    0.410 -12.26   0      24.48      1064.52     76.15432
         7    416.3661     14.6062     6064.055     349.2533  15.5431   0.0625     4.13    0.175  10.78   0      28.35     1611.299     78.54626
         8    490.5183     12.9193     24367.53     397.9879  14.0330   0.0177     4.45    0.264   2.03  18      91.15     5489.003     88.20564
         9    712.7293     12.0602     8338.333     375.8145  15.1973   0.0489     4.24    0.193   3.09   0      39.87     2279.709     80.07864
        10    680.8481      6.4748     18045.46     471.5353  14.3591   0.0284     6.11    0.084 -76.38  18      59.13      2741.62      81.1922
        11    473.8792     13.0914      5039.75     343.0968  15.7440   0.0739     4.64    0.284  10.77   0      24.74     1282.681     77.00013
        12    276.7769     12.4210     10481.31     407.1255  14.9490   0.0422    10.10    0.073   7.42   0      46.59     2536.168     81.17827
        13    110.8613     12.0725     2220.958     246.9817  16.6336   0.1208     4.68    0.360 -10.19   0       14.9     863.6648     75.95349
        14    842.5617      9.4324     9913.602     330.6049  15.0094   0.0362     4.58    0.211  -0.61  16      48.21      2687.83     81.41544
        15    957.3116      5.6669     119293.4     476.8241  12.3085   0.0043     4.83    0.482 -13.69  26      351.6     30166.61     137.9409
        16    941.9155      3.7875     14698.45     447.5724  14.5818   0.0331    13.07    0.664 -21.96  27      41.28     941.1385     76.18496
        17    309.1742      9.6456     3370.831     281.0484  16.1807   0.0905     4.95    0.246  15.10   0       19.2     1039.037      76.8726
        18    761.4240      7.7327     5754.649     330.0423  15.6000   0.0623     4.46    0.173 -10.11  16      28.54      1501.49     77.83863
        19    928.7634      7.3566     4625.218      337.239  15.8372   0.0792     3.61    0.125  11.24  16      21.19     1248.584      77.2934
        20    260.5162      7.2432     4159.728     352.3489  15.9523   0.0920     5.26    0.331  -0.56  16      19.13     963.4318     75.85204
        21    439.5724      2.5207     74220.23     309.8467  12.8237   0.0045     4.97    0.406   1.47  24      282.7     24469.79     128.4484
        22    812.0013      4.5971     3347.302      279.675  16.1883   0.0907     5.21    0.301  -5.21  16      18.96     1043.656     76.49017
        23    653.5815      2.8795     4592.699     284.7144  15.8448   0.0673     7.69    0.134 -57.85  24      23.63     1150.008     77.00301
        24    727.4181      3.5998     3150.076     255.3804  16.2542   0.0880     3.94    0.132  38.03  16      18.46     1046.898      76.4998
        25    715.1180      3.9455     3611.002     307.0583  16.1059   0.0923     5.95    0.421   6.93  16      15.84     807.3397     75.38289
        26    617.2724      3.2913     2337.744     151.9355  16.5780   0.0706     5.09    0.325  20.80  16      24.69     1695.399     78.01438
        27    692.0840      1.8487     2924.583     214.7844  16.3348   0.0798     5.37    0.379  -0.08  24      18.81     1167.737     75.66306
        28    789.0491    995.0205     6802.893     260.0748  15.4183   0.0415     4.34    0.264  -2.61   0      36.84     2142.118     80.06745
        29    551.2358   1023.5485       2261.6     146.7346  16.6140   0.0705     5.01    0.657   2.49  24      18.55     1086.828     71.91486
        30    341.7881   1023.1835     2060.859     181.1916  16.7149   0.0955     4.99    0.459  11.60  24      15.24     889.4167     75.02509
        31    187.0067   1023.1989     3832.355     201.1715  16.0413   0.0570     5.26    0.533  -0.67  25      24.98     1551.924     77.00587
        32    178.1597   1019.7869     11548.13     392.5381  14.8437   0.0369     5.39    0.114 -21.90  24      44.86     2461.899     81.15742
        33    334.7281    994.9456     5560.252     351.0949  15.6373   0.0686     4.64    0.270   5.86   0      25.55     1373.488     77.26768
        34    860.5927    994.4569     3821.051     282.7582  16.0445   0.0804     4.82    0.248   6.24   0      20.47     1123.912     76.92595
        35    770.1553    994.3292     4071.628     335.7367  15.9756   0.0895     3.91    0.226 -12.15   0       18.8     1041.296     76.48316
        36    381.4800    994.5844     4033.806      325.373  15.9857   0.0876     4.69    0.193  11.07   0      20.34     1069.616     76.56727
        37    842.4135    992.3462     7808.773     288.5889  15.2685   0.0401     4.13    0.276  -5.70   0      42.68      2464.66     80.79005
        38    689.2186    992.5259     6769.681     386.8281  15.4236   0.0621     4.60    0.283  10.46   0      28.25     1585.829     78.27876
        39    420.6901    990.7941     47616.39     348.0253  13.3056   0.0079     4.14    0.203  -3.42   0      193.3     14518.79      109.434
        40    323.4410    991.9659     22162.74     359.5768  14.1359   0.0176     4.35    0.243  -0.98   0      102.7     6624.625     91.74925
        41     47.0057    992.9635     2347.499     217.6896  16.5735   0.1007     5.15    0.411  14.02   0      16.05     920.1757     76.52039
        42    736.3154    985.4537     305101.9     659.4224  11.2889   0.0023    10.11    0.443 -13.60   0      603.2     46885.18      163.178
        43   1007.4122    987.5753      27899.2     344.9545  13.8860   0.0134     4.50    0.345   6.81   2      109.2     6900.009     92.42889
        44    904.8722    986.7682     24288.54     338.1049  14.0365   0.0151     4.51    0.268  -2.50   0      109.8     6900.282     92.26511
        45    509.9899    986.5063     30510.45     358.5159  13.7889   0.0128    10.86    0.292  17.24   3      123.7     7890.149       94.672
        46    509.1745    981.4777     50459.53     374.0047  13.2426   0.0080     4.44    0.177   5.45   3      191.7     13494.69     107.2861
        47    363.6473    985.5004      5679.93     336.8236  15.6141   0.0644     4.94    0.323  -2.24   2      25.44      1284.34     76.21203
        48    474.4100    988.7814     10176.23     278.4337  14.9810   0.0297     5.04    0.222 -10.01   0         54     3110.652     82.40321
        49     84.7785    989.0455     2865.632      214.722  16.3569   0.0814     4.03    0.382   6.64   0      18.34     1092.529     77.03059
        50    546.8599    985.7087     13788.03     348.8437  14.6512   0.0275     4.12    0.224   0.35   0      67.46     4027.333     84.53528
        51    355.0046    987.3262     4955.241     375.7892  15.7623   0.0824     4.72    0.329  -0.10   0      21.63      1196.34      76.9425
        52    249.3065    985.8171     8002.427      423.146  15.2419   0.0574     5.07    0.190  -2.04   0      27.89     1507.938     77.27003
        53    118.6210    984.8397     9015.122      263.446  15.1126   0.0317     4.33    0.242  -5.00   0      49.73     2967.375     82.37666
        54    586.9438    984.3989     7095.268     346.6533  15.3726   0.0531     4.40    0.165  -1.51   0      35.43     1968.936     79.19172
        55    612.1141    981.6684     37867.18     337.1241  13.5543   0.0097     4.12    0.205  -2.46   0      162.3     11416.76     102.4941
        56    974.7485    979.9491     43867.75     422.6686  13.3946   0.0105     5.25    0.144  27.77   2        155     8364.892     96.12144
        57    970.9932    972.3796     4325.586     147.3427  15.9099   0.0370     0.81    0.177 -88.87   3      62.81     3969.389     84.73857
        58    179.6757    982.8938     2478.516     224.6905  16.5145   0.0985     2.30    0.269  14.03   0      16.61     992.3731      75.9387
        59    216.0053    980.0247     9896.725     350.6574  15.0113   0.0385     6.34    0.208   6.97   0      49.26     2910.454     82.03455
        60    251.0740    974.4286     9415.008     496.5071  15.0654   0.0573     5.79    0.165 -42.87   0      28.74     1517.597     77.88565
        61    827.5643    972.8176     29141.95     393.0517  13.8387   0.0146     4.11    0.250 -10.29   3      121.3      7949.82     95.29447
        62    833.3145    964.2053     149188.2     440.3051  12.0657   0.0032     4.22    0.186  -2.99   3      417.6     43393.55     158.5278
        63    230.5711    973.5291     7911.994     377.5732  15.2543   0.0518     4.23    0.244  -1.95   0      36.58     2096.622     79.55732
        64    152.1777    973.2672     10648.45     267.7032  14.9318   0.0273     4.37    0.237   2.25   0      58.46     3437.028     83.48064
        65     57.4847    970.1325      10163.7     356.2005  14.9824   0.0381     7.51    0.130  72.53   0      45.06     2376.873     79.97502
        66    275.6136    972.7080     6001.662     412.9762  15.5543   0.0747     5.78    0.353 -15.53   0      19.97      994.957     75.94643
        67    806.0157    968.5126     8258.709     527.1503  15.2077   0.0693     8.44    0.435  66.48   2      25.51     903.2321     75.87188
        68    379.2446    970.8947     3437.186     145.9659  16.1595   0.0461     2.64    0.283 -31.79   0      56.16     2576.896     80.35265
        69    914.4542    968.4744     4219.415     327.8272  15.9369   0.0844     3.88    0.289  -1.84   0      21.57     1238.838     76.87061
        70    199.4259    988.1392     48901.27     347.7733  13.2767   0.0077     4.20    0.229  -1.35   0      195.9     14705.35      109.959
        71    782.5870    966.1833     5173.111     367.7521  15.7156   0.0772     4.48    0.222  -2.42   0      22.31     1205.568     76.96975
        72    413.6225    964.0472     19554.02      337.167  14.2719   0.0187     4.98    0.274  13.83   0      88.99     5178.252     88.26584
        73    843.5755    975.2184     10915.78     648.3351  14.9049   0.0645    12.49    0.564  34.44   1      25.26     701.2794     75.86745
        74    116.5520    963.1006     3936.796     212.3056  16.0121   0.0586     4.51    0.264   5.73   0      25.57     1457.708     76.72729
        75     49.0920    961.5084     14543.16     321.0153  14.5934   0.0240     4.40    0.239   0.67   0       72.9     4384.917      85.6687
        76    752.9175    962.4807     3198.989     240.0992  16.2375   0.0815     4.79    0.174   2.24   0      17.71     924.2226     75.53366
        77    776.8862    960.6525     8214.915      367.567  15.2135   0.0486     4.57    0.189  -6.00   0      39.53     2189.222     79.43997
        78    367.8194    960.8697     3165.115     256.8761  16.2490   0.0881     3.59    0.147  -1.90   0      19.98     1173.963     77.07368
        79    797.4980    958.4655     4280.053      260.789  15.9214   0.0662     4.50    0.287   1.67   0      24.05     1285.693     76.81154
        80    990.1917    957.0855     7307.453     425.4583  15.3406   0.0632     4.42    0.273  -0.59   1      24.47     1409.896     77.57074
        81    639.6083    956.7559     5770.357     306.1823  15.5970   0.0576     4.17    0.156   7.87   0       31.3     1754.373     78.95916
        82    294.6585    956.7990     8018.653     391.4604  15.2397   0.0530     4.91    0.280  -0.68   0      34.62     1882.078     78.94205
        83    900.0504    954.7678     14246.56     351.3105  14.6157   0.0268     3.62    0.219  -3.41   0      71.73      4587.73     86.38107
        84    658.8790    955.1628     8829.076     375.1003  15.1352   0.0461     4.44    0.244  24.77   2      36.46     1760.962     78.59259
        85    516.0463    956.1235     4686.229     326.9916  15.8229   0.0758     8.04    0.612   0.51   0      20.32     919.0872     75.91936
        86    282.7633    956.0732     6230.244     152.7579  15.5137   0.0266     4.94    0.279 -19.33   0      92.51     5409.079      88.5157
        87     90.9590    956.5195     2940.764     216.5619  16.3288   0.0800     4.02    0.186   0.83   0      18.67     1069.682     76.16972
        88     77.9349    957.2101     2512.799     229.7379  16.4996   0.0993     5.71    0.422  -0.93   0       15.4     859.9308     75.94231
        89    945.3338    954.0052     8895.417     478.3488  15.1271   0.0584     4.63    0.209   1.62   0      24.88     1169.988     76.86462
        90    988.9612    950.7901     9213.641     371.2648  15.0889   0.0438     4.47    0.191  -7.31   0      42.95     2534.198     81.35963
        91    831.7532    948.9696     7324.348     409.0889  15.3381   0.0607     7.76    0.481  18.58   0      29.26     1379.053     77.87137
        92    438.9983    953.5623     5050.591     321.3911  15.7416   0.0691     4.65    0.381  -1.62   0      25.54     1424.521     78.00395
        93    744.4950    947.7390     4744.143     250.8111  15.8096   0.0574     4.18    0.160  -4.40   0      26.74     1469.634     77.35388
        94    574.9312    938.2050     697622.9     713.5983  10.3909   0.0011     4.19    0.194  -4.39   0       1006     199513.7     309.9426
        95    448.4983    947.5715     10164.46      478.158  14.9823   0.0511    10.32    0.590  18.79   0       34.2     1751.153     77.78712
        96    551.2878    946.2759     9718.771     362.2607  15.0310   0.0405     4.33    0.248  -1.65   0       47.2      2688.88     80.85683
        97    925.3055    945.4860     8925.737     281.4872  15.1234   0.0342     4.36    0.244 -12.08   0      47.27     2723.338     81.14101
        98    285.2514    943.4966      44519.1     369.3507  13.3786   0.0090     4.26    0.213   0.33   0      178.5     12596.34     104.9326
        99    698.5956    943.9211     9685.654      265.458  15.0347   0.0298     4.50    0.247  -3.44   0      53.26     3226.822     82.90639
       100    728.4539    943.7566     3075.121     266.9458  16.2803   0.0943     4.36    0.044  10.55   0      17.09     934.8298     76.36527
       101    810.8559    941.4942     11723.46     363.5162  14.8274   0.0337     4.92    0.332   4.95   0      54.12     2992.177     81.51879
       102    665.9388    940.3439     38690.44     342.1467  13.5310   0.0096     4.18    0.220  -4.22   0      162.6     11613.94     103.3721
       103    619.5607    932.8300      5262.15     277.1469  15.6971   0.0572     4.19    0.156 -23.05   3      29.24     1652.804     78.66627
       104    618.3531    939.6967     28553.94       452.88  13.8608   0.0172     5.44    0.267  -1.28   2      92.15     5464.497     88.14246
       105    640.4444    938.9266      14206.9     288.3649  14.6188   0.0220     4.20    0.245  -3.97   0      72.34     4481.253     86.10047
       106    842.2247    943.5374     3390.331     299.3798  16.1744   0.0959     4.54    0.265   6.25   0      18.89     1050.984     76.71018
       107    888.3733    937.2856      12226.4     367.9812  14.7818   0.0327     4.95    0.282   0.70   0      55.43     3147.081     82.13464
       108    387.8301    966.2890     3113.238     230.3311  16.2670   0.0803     4.39    0.207  11.27   0      19.79     1099.223     76.25781
       109    130.7621    938.0618     5889.255     306.2705  15.5748   0.0565     4.80    0.319 -11.84   0      30.51     1751.992     78.56664
       110    108.9813    935.9200     7820.339     364.2087  15.2669   0.0506     7.41    0.432  31.51   2      32.96     1884.418     79.14092
       111    114.3163    933.0981     10126.44     446.0967  14.9864   0.0478     4.63    0.266   2.86   3      29.89     1383.035     76.90179
       112    745.8177    935.0901      12178.8     386.0793  14.7860   0.0344     5.10    0.331   7.03   0      54.61     3042.492     81.65895
       113    963.9203    934.4449     8498.311     260.0964  15.1767   0.0332     8.85    0.359   5.31   0      46.52     2716.676     81.12234
       114    603.9526    932.8300     3631.648     320.3861  16.0997   0.0958     4.47    0.258   7.68   0      18.28     1051.354     76.90901
       115    348.8454    931.5570     5746.957     335.7399  15.6014   0.0634     5.12    0.339  -0.05   0      27.56     1503.852     78.04038
       116     14.4327    931.4752     8127.915     315.2387  15.2251   0.0421     4.34    0.250  -6.79   0      43.58     2521.481      80.7619
       117    833.7328    929.0577     10078.62     350.7753  14.9915   0.0378     9.57    0.120 -41.12   0      46.68     2575.513     80.91381
       118    764.0176    930.5334     7441.322     431.7304  15.3209   0.0630     5.69    0.220  14.39   3      31.22     1685.778     78.56841
       119    762.6068    926.0897     7271.083      429.878  15.3460   0.0642     5.62    0.226  -7.61   3      23.57     1223.451     77.02254
       120    657.1607    931.3470     4960.769     370.7063  15.7611   0.0812     6.02    0.391   1.80   0      21.06     1116.124     76.90293
       121    422.9774    929.8400     2684.745      248.938  16.4277   0.1007     4.16    0.379  -0.41   0      15.88     943.5701     76.58984
       122    315.6458    925.5259      65941.5     383.2972  12.9521   0.0063     8.93    0.068   2.62   0      238.5     18744.35     117.8835
       123    877.2101    927.1246     9262.094     346.9784  15.0832   0.0407     4.06    0.199   4.12   0      46.49     2779.985     81.48611
       124    121.0035    925.9952     5007.622     134.9926  15.7509   0.0293     0.00    0.009  44.73   2      93.04     5160.915     87.87621
       125    918.0546    926.8775     3998.392     264.8792  15.9953   0.0719     5.60    0.379  -6.73   0      22.41     1269.584     76.96146
       126     58.2038    926.8286     2923.491     280.6864  16.3352   0.1043     5.54    0.316  -0.27   0      16.97     925.6597     76.53667
       127    852.2708    923.1464     7070.249     356.3586  15.3764   0.0547     5.14    0.342  -3.10   0      31.63     1702.016     78.22803
       128   1023.0987    918.3243     16550.58     271.2718  14.4530   0.0178     4.49    0.551 -89.08  24      94.37     6486.094      90.7384
       129     61.3013    920.8542     4604.406     353.7107  15.8421   0.0834     4.75    0.274  -4.56   0      19.67     1003.816     75.97294
       130    989.5262    920.3740      3699.96     249.8632  16.0795   0.0733     3.11    0.309   7.70   0      24.88      1583.76     78.07848
       131    301.2780    917.4702     6691.846     240.2427  15.4361   0.0390     4.29    0.225  -6.91   0      37.93     2190.837     79.44459
       132    602.2688    917.2835     4819.054     246.2969  15.7926   0.0555     4.41    0.213  -1.35   0      29.05     1649.718     77.88119
       133    216.6208    917.0720     4399.138     276.4383  15.8916   0.0682     4.32    0.201   1.18   0       26.6     1540.244     77.95171
       134    165.9965    911.7187      23106.5     351.6382  14.0907   0.0165     4.32    0.042 -55.46   0      104.3     6700.708     91.93752
       135     13.4824    906.4087     574827.8     686.2012  10.6012   0.0013     4.35    0.298 -10.98  24      892.9       151445     272.4243
       136    271.7282    912.8157     13025.12     287.4319  14.7130   0.0240     4.27    0.234   4.68   0      66.58     3964.891     84.90557
       137    152.6388    913.3779     5168.509     300.7267  15.7166   0.0632     8.05    0.287 -51.24   0      27.28     1310.351     77.86588
       138    453.9872    911.3308     3435.338     257.1151  16.1601   0.0813     4.63    0.210  -2.00   0      19.23     1028.564     76.44532
       139    410.4543    910.7855      4690.83     347.2669  15.8219   0.0804     4.04    0.145 -86.98   0      19.54     1017.925     76.61217
       140    134.6143    911.3889     3828.574     302.2354  16.0424   0.0857     3.92    0.256  40.45   2      19.31     1074.977     76.58318
       141     65.1197    909.1374     24877.16     351.7029  14.0105   0.0154     4.31    0.240  14.08   0      112.1     7124.729     92.48849
       142    369.8116    910.9823     3433.681     319.0579  16.1606   0.1009     5.51    0.396  20.96   0      15.66     828.7512     75.84895
       143    103.8198    907.7622     8775.838     304.6893  15.1418   0.0377     4.40    0.247   1.32   0      46.05     2675.263     81.75275
       144    943.2604    907.8607     3923.949     312.1931  16.0157   0.0864     6.14    0.642 -17.32   0      17.19     823.3569     76.23228
       145    933.4637    906.8842     5958.614     274.9695  15.5621   0.0501     4.22    0.186  -1.60   0       32.4     1868.897     78.51819
       146    241.7789    904.9155     51671.31     375.7522  13.2169   0.0079     4.55    0.286 -12.80   0      198.1     14476.12     109.0672
       147   1010.8939    906.5651     3167.988     300.4772  16.2480   0.1030     4.48    0.246  10.10   0      16.05       810.84     74.98947
       148    400.7607    906.0349     5920.691     360.9235  15.5691   0.0662     4.42    0.245   8.23   0      26.92     1490.206     77.80568
       149    914.9473    904.8358      4347.68     302.6255  15.9044   0.0756     4.48    0.095  -9.84   0      21.79     1163.781     76.84627
       150    884.9910    904.4095     3842.947     335.5818  16.0383   0.0948     4.08    0.261  21.36   0      18.75     1080.672     76.60008
       151    801.7271    904.3812     2270.572     247.0273  16.6097   0.1182     5.65    0.278 -38.86   0      14.87     756.8889     75.83385
       152    558.9739    900.1944     30656.59     387.1208  13.7837   0.0137     4.07    0.261 -15.63   0      121.5      8070.16     95.26273
       153    319.7181    900.9967     5188.171      357.288  15.7125   0.0748     5.98    0.315  13.84   0       23.2     1139.455     76.97186
       154    957.9844    900.5225     2648.346     285.8273  16.4426   0.1172     3.59    0.353 -62.37   0      14.93     806.3762     75.98202
       155    851.2065    892.8338     93672.23     418.8896  12.5710   0.0049     4.16    0.158 -15.91   0      306.4     27575.13     134.0569
       156     84.9512    898.4050     13469.44     283.7974  14.6766   0.0229     4.32    0.280  -9.53   0      70.57     4311.481     85.82829
       157    352.5844    896.8420     4095.447     173.0848  15.9692   0.0459     2.55    0.466 -63.22   0      46.69     3807.539      84.6629
       158    874.8481    896.0566     6492.606     316.4662  15.4690   0.0529     4.62    0.274  -1.59   0      34.72     2007.048     79.49231
       159    981.3879    894.8009     6248.063     262.4984  15.5106   0.0456     9.04    0.476   2.66   0      33.55     1918.986     79.04823
       160    502.1646    893.4708     17911.22     395.2456  14.3672   0.0240     4.90    0.244 -24.38   0      77.69     4351.867     85.75826
       161    401.0752    893.6848     25035.98     356.0963  14.0036   0.0154     4.35    0.235  -5.32   0      110.4     6932.909     91.85072
       162    893.5248    890.8307     58474.62     420.6366  13.0826   0.0078     4.36    0.328 -21.68   0      207.2     15187.18     110.8135
       163    615.6653    890.2891     55176.29     377.8662  13.1456   0.0074     4.21    0.145  -8.85   2        210     15835.23     111.8635
       164    614.2812    879.6966     22248.56     379.1603  14.1317   0.0185     4.25    0.178  -1.38   3      100.9     6268.745      90.3606
       165   1019.5488    887.8149     125772.1     408.9965  12.2510   0.0035     4.16    0.054  -8.98  24        378     37461.13     149.7816
       166    469.6795    892.4706     8548.118     462.8517  15.1703   0.0588     5.31    0.351   3.31   0      23.19      1146.17     76.39761
       167    185.9173    891.3239     3714.528     285.3463  16.0752   0.0834     4.13    0.200   4.69   0       21.8     1184.992     76.31425
       168    104.3449    890.4749     8399.845     324.9216  15.1893   0.0420     4.61    0.209 -18.61   0      41.86     2254.441     79.81684
       169    833.4191    885.9975     22271.62     376.1581  14.1306   0.0183     6.35    0.185 -16.63   0      98.35     6234.226     90.60958
       170     74.3223    889.7072     4734.162     317.6009  15.8119   0.0729     3.71    0.249  -9.04   0       26.1     1518.021     77.69165
       171    708.8674    889.2081     3548.348     206.4437  16.1249   0.0632     3.91    0.146  -1.08   0      22.89     1334.561      77.3497
       172    683.0093    889.2159     6384.035     354.8523  15.4873   0.0604     4.25    0.275   5.50   0       31.2     1801.586     78.70998
       173    540.5604    886.1841     4097.641     254.7361  15.9687   0.0675     4.06    0.208  -9.15   0      22.96     1319.307     77.89202
       174    380.3503    883.2399     79861.61     478.7289  12.7442   0.0065     4.22    0.185  -0.88   2      273.4     23060.45     126.0506
       175    300.7838    886.6064     5101.877     260.0482  15.7307   0.0554     4.31    0.347  -3.55   0      31.24     1813.159     78.74339
       176    769.7557    883.5159     17613.51     376.3717  14.3854   0.0232     4.54    0.335   6.87   0      77.87     4558.593     85.95171
       177    694.3129    885.7440     3977.675     359.6979  16.0009   0.0982     6.24    0.185  -4.82   0      16.39     768.0073     75.26421
       178    442.7436    884.2164     11379.68     525.6125  14.8597   0.0502     8.38    0.452 -22.99   0       34.6     1341.032     77.56477
       179    327.5926    884.0965     5988.948     263.7177  15.5566   0.0478     4.44    0.224   1.97   0      34.22     1978.744     79.21986
       180    311.6731    882.9382     6816.922     338.7128  15.4160   0.0540     4.47    0.210  -8.00   0      34.11     1917.851     79.04498
       181     49.2607    881.7491      20472.4     421.7657  14.2221   0.0224    11.56    0.491  -5.12   0      80.31     4063.124      84.9896
       182     71.9016    882.6375     3066.103      244.674  16.2835   0.0867     5.77    0.251 -10.90   0      19.31     1043.268     75.69062
       183    659.4555    881.2504     4479.571     223.3308  15.8719   0.0541     4.23    0.242  19.24   0      28.03      1606.01     78.33733
       184    233.2728    879.9120     5707.207     376.2437  15.6089   0.0716     3.86    0.233  13.09   0      22.73     1308.382     76.68085
       185    222.7661    878.8127      11490.5     543.4181  14.8492   0.0514     6.26    0.456  42.68   0      28.39     1516.003     78.46384
       186    507.3871    874.4921     18071.69     402.0045  14.3575   0.0242     4.42    0.225   9.90   0      78.09     4678.368     86.26783
       187    749.6595    873.1915     4122.244     286.9969  15.9622   0.0756     4.39    0.287  -4.33   0      25.17     1475.586     77.95802
       188    168.1978    870.6039        40232     465.2779  13.4886   0.0126     6.88    0.332  -6.60   3        146      9304.72     98.00906
       189    158.5648    862.8769     213920.3     491.4441  11.6744   0.0025     4.11    0.182  -2.86   3      518.5     61348.54     182.3789
       190    811.2242    871.5953      2853.43     253.6236  16.3616   0.0965     3.65    0.201  28.20   0       17.3     1016.969     76.60934
       191    591.4313    871.3141     6220.747     352.6006  15.5154   0.0616     4.60    0.229   3.18   0      29.65     1599.052     77.92833
       192    226.6528    865.7961     101179.1     433.5818  12.4873   0.0047     4.13    0.134   5.19   0      320.9     28896.92     136.1679
       193    684.4429    870.6349     3044.651      250.785  16.2912   0.0895     5.62    0.377  29.76   0      18.22     1236.904     77.25905
       194    629.3867    867.3177     24066.99     363.9219  14.0464   0.0164     4.42    0.236  -0.62   0      108.1     6763.335     91.76179
       195    949.1577    867.6666     6772.772     418.8748  15.4231   0.0672     4.66    0.294   4.15   3      24.27      1305.98     77.26568
       196    945.4482    862.4648     9996.426     444.3247  15.0004   0.0483     4.54    0.182  15.94   3      29.61     1381.986     77.48891
       197    519.0707    868.6985     4718.494      367.471  15.8155   0.0846     5.19    0.282  18.33   0      17.22     873.6617     74.97734
       198   1022.4530    865.8661     10123.39     233.9233  14.9867   0.0251     4.01    0.173  87.72  24      62.65     3933.414     84.64203
       199    962.1625    865.2975     22566.32     481.6577  14.1163   0.0232     7.49    0.419  15.87   0      80.66     3685.318     83.24664
       200     88.5725    864.1375     9814.311     372.6526  15.0204   0.0412     4.09    0.273  -0.47   0      47.76     2825.158      81.4257
       201     28.4700    862.9149     22455.96       345.77  14.1217   0.0167     4.15    0.187  -0.39   0      102.3      6495.89     90.93011
       202    570.2573    864.6354     3581.697     348.7247  16.1148   0.1057     5.46    0.238 -25.00   0      15.14     760.7769       75.645
       203    853.8657    862.1260     4617.464     306.5663  15.8390   0.0721     5.01    0.167  -7.64   0      22.72     1233.117      76.8537
       204    677.5428    861.3502     4007.351     326.5194  15.9929   0.0885     4.36    0.218  -2.50   0      21.16     1136.299     76.96253
       205    529.4473    861.0244     6270.415     371.5084  15.5068   0.0643     5.24    0.195   1.34   0      27.35     1472.574     78.14384
       206    246.9171    864.4297     68727.32     383.9579  12.9072   0.0061     4.19    0.190  -4.72   0      248.3        19853     119.8752
       207    925.1095    860.9629     3973.702     136.0604  16.0020   0.0372     4.56    0.133 -14.58   0      60.06     3236.864      82.3827
       208    904.2992    859.5353     9537.797     332.6372  15.0514   0.0379     6.09    0.246 -10.05   0      46.78     2645.043     80.54517
       209     43.9182    860.1946     5160.264     245.0671  15.7183   0.0516     4.41    0.202 -12.51   0      28.74     1571.923     78.23837
       210    708.3642    858.5905     8288.615     296.7455  15.2038   0.0389     9.33    0.324   5.71   0      41.54     2314.609     80.55559
       211    393.0127    858.3118     10002.52     294.2088  14.9997   0.0319     4.38    0.198   5.85   2      48.55      2731.54     81.16398
       212     66.0650    858.8677      5440.21     254.4432  15.6610   0.0508     4.02    0.222   5.89   0      30.28     1774.668     78.43883
       213    862.3003    857.3902     12415.14     352.2859  14.7651   0.0308     4.45    0.205  -8.85   1      59.47     3395.694     83.18566
       214    871.6913    856.6060     6645.509     295.4844  15.4437   0.0483     4.43    0.252  -9.76   1      35.68      2019.24     79.33595
       215    992.7103    854.2303     2965.383     265.4257  16.3198   0.0972     4.22    0.186  -5.00   0      18.06     1030.283     76.05207
       216    232.0690    852.1712     8419.813     371.8012  15.1867   0.0480     4.50    0.225   6.14   0      38.88     2193.482     79.83354
       217    549.6635    849.5413      44121.5     475.2317  13.3884   0.0117     4.21    0.261   3.15   2      150.2     10146.11      99.9411
       218    638.9352    846.3768       112814     419.3044  12.3691   0.0040     4.29    0.221  -6.41   3        348        32748     142.4506
       219    643.0641    837.9561     24140.93      663.339  14.0431   0.0298    13.20    0.544  -5.77   3      65.11     3115.078     82.41542
       220    167.1966    846.4152     10816.65     457.3706  14.9148   0.0459     4.89    0.157   6.61   2      37.37     2055.568     79.43996
       221    852.0720    849.2659     7085.922      351.001  15.3740   0.0538     4.50    0.321 -16.05   0      34.04     1926.012     78.87612
       222    815.6184    849.1299     3420.165     264.3826  16.1649   0.0839     4.25    0.249   3.50   0      21.31     1211.995     77.18575
       223    449.4319    847.8609     4184.062     214.3489  15.9460   0.0556     4.11    0.221   1.42   0      24.98     1383.478      77.4933
       224    398.5391    848.0129      4809.19     221.9619  15.7948   0.0501     4.10    0.168  -0.59   0      28.08     1612.887     78.16322
       225    144.4273    846.3711     3213.726     192.7467  16.2325   0.0651     4.31    0.284  -3.82   0      20.64      1157.34     77.22157
       226    685.5610    844.4772     5101.193     261.5036  15.7308   0.0557     5.04    0.229 -42.98   0      26.43      1325.09     77.32187
       227   1022.5668    844.2957     3382.152       209.91  16.1770   0.0674     4.48    0.098 -34.87  24      23.14     1314.894     76.50188
       228    890.5187    844.0574      3473.39     285.1542  16.1481   0.0892     4.48    0.324  -2.20   0         19      1069.45     76.16903
       229    968.1406    841.6597     15587.96     428.0886  14.5180   0.0298     7.53    0.327   1.47   2      64.07     3784.555     84.60118
       230    330.9498    843.6372     3291.222     227.1884  16.2066   0.0750     5.23    0.200   0.86   0      19.74     1073.084     76.57756
       231    476.1902    838.8837     13795.73      359.568  14.6506   0.0283    10.76    0.611   9.63   0      52.23     2022.146     79.34428
       232    245.8378    838.3950     19541.73     325.7027  14.2726   0.0181     4.49    0.255  -4.48   0      90.76     5606.265     89.36111
       233    117.8355    838.8176     5190.167     309.4543  15.7120   0.0648     5.31    0.093 -33.74   0      25.32     1295.963     77.82388
       234    741.0616    837.6518     5537.286     328.7396  15.6418   0.0645     4.40    0.166  -5.89   0      29.76     1653.993     78.28265
       235    586.1381    835.8306     10422.12     404.2848  14.9551   0.0421     4.43    0.261  -3.49   0       46.4     2662.316     81.15726
       236    882.8449    833.8050      10985.9     339.2677  14.8979   0.0335     4.58    0.232   3.18   0      51.58     2943.669     82.12651
       237    838.2728    832.8302     54274.84     421.9758  13.1635   0.0084    13.23    0.166  30.26   2      198.1     14119.94     108.6025
       238    833.5987    819.8048     16431.18     397.2713  14.4608   0.0263     4.35    0.247  12.80   2      67.79      4089.05      85.0589
       239    183.5410    834.7151     7273.672     345.6736  15.3456   0.0516     4.57    0.207  -2.56   0       35.9     1951.715     78.75755
       240    727.1638    833.0086     13936.29     317.0124  14.6396   0.0247     4.34    0.197   6.02   0      67.82     4124.071     85.50839
       241     92.9848    833.2338     9737.839     373.6236  15.0288   0.0417     4.51    0.261  -4.74   0      45.61      2658.76     81.70685
       242     14.1123    834.5799     2972.579     192.4621  16.3172   0.0703     3.99    0.202  11.71   0       19.5     1094.509     76.24377
       243    707.7679    831.9920      14808.2     322.3828  14.5737   0.0236     4.40    0.161  -2.62   0      71.88     4490.506     86.47685
       244    606.1161    832.9077     8222.104     436.5122  15.2125   0.0577     4.30    0.309  -4.11   2      28.68     1703.835     78.23332
       245    965.2968    826.9666     13947.21     455.6022  14.6388   0.0355     5.47    0.293 -10.01   3      47.75     2667.324     80.41939
       246    971.6320    826.0996     9986.646     379.8209  15.0015   0.0413     4.77    0.214 -14.87   3         42     2222.371     79.15192
       247    374.3476    832.0823     2541.032     250.3282  16.4875   0.1070     3.74    0.268  14.12   0      14.42     768.1711     75.26471
       248     82.4480    831.6508     4396.695     311.3199  15.8922   0.0769     4.47    0.310   1.66   0      21.95     1202.444     77.15762
       249    460.8417    830.0339     3802.647     303.4696  16.0498   0.0867     4.33    0.208  38.02   0      18.81     990.2131     76.52992
       250    961.1801    831.9224     5997.917     393.1931  15.5550   0.0712     4.59    0.304 -12.23   3      25.63     1441.071     77.85734
       251    324.7104    824.6420      14792.4     458.5146  14.5749   0.0337    11.38    0.500 -77.82   0      49.34     1798.336     78.31368
       252     36.3585    829.3563     5749.066     396.8944  15.6010   0.0750     7.31    0.387  44.56   2      24.93     801.1454     75.36421
       253    541.9787    827.6835     5689.328     269.1623  15.6123   0.0514     4.46    0.214   1.91   0      31.63     1803.738     78.52301
       254    435.0223    827.1276     20712.98     371.1454  14.2094   0.0195     4.30    0.237   0.89   0       94.2     5933.893     90.02198
       255    350.5153    827.8376     8515.607     272.9329  15.1745   0.0348     3.97    0.210   5.32   0      45.74     2617.211     80.65512
       256    769.9803    826.4731      3401.59     286.4257  16.1708   0.0914     3.91    0.185  -0.17   0      18.19     985.3349     76.51543
       257    948.6098    825.4432     3568.211     319.1537  16.1189   0.0971     4.32    0.217  36.75   0      15.91     793.0975     76.14201
       258    470.7926    824.1604     9233.054     340.3301  15.0866   0.0400     7.44    0.160 -37.32   0      43.23     2217.669     80.28162
       259    566.7782    823.6738     8261.694     335.1799  15.2073   0.0441     4.36    0.221   2.98   0      44.33     2599.902     81.16961
       260    239.2992    823.0485     6068.933     353.5782  15.5422   0.0633     4.20    0.213  -7.31   0      28.74     1536.028     77.15603
       261    161.1448    824.1038     2744.698     279.1849  16.4038   0.1105     4.71    0.410  -6.64   0      15.65     841.0238     75.28291
       262    614.4578    823.2697     2280.643     247.0366  16.6049   0.1176     5.03    0.296  -1.10   0      13.84     761.4257     75.64694
       263    122.9174    821.3848     7659.136     365.1494  15.2896   0.0518     7.24    0.418 -15.80   0      35.32     1973.049     79.20352
       264    641.6566    819.8252     15242.43     388.8562  14.5424   0.0277     4.52    0.261  -7.63   0      67.18     3929.719      84.6321
       265    806.9113    820.2525     2931.818     180.1858  16.3322   0.0667     4.15    0.288  14.81   0      20.93     1268.491     76.76064
       266    554.7705    818.2219     12809.05     285.9362  14.7312   0.0242     4.70    0.266  -8.03   0      66.28     3951.438     85.04831
       267     53.0988    817.6234     3935.198     273.2919  16.0126   0.0754     4.02    0.201  -8.49   0      22.84     1267.574     76.36117
       268    443.1771    815.9032     3365.754     259.9909  16.1823   0.0839     4.52    0.370   0.81   0      19.75     1134.955     76.16509
       269     39.4148    814.6874     6985.335       390.86  15.3895   0.0608     4.96    0.367   4.93   0      29.49     1654.497     78.08986
       270    580.5920    814.4941     4808.084     312.8361  15.7951   0.0707     4.47    0.291  -0.04   0       25.2     1397.033     77.53304
       271    230.5654    811.8683      28982.9      353.273  13.8446   0.0132     4.16    0.209  -2.43   0      127.7     8477.645     96.07201
       272    977.3357    809.7264     11169.92     323.3497  14.8799   0.0314     8.05    0.269  -7.76   0      56.03     3222.294     82.52673
       273    523.8173    807.0153       104996     411.3698  12.4471   0.0043     4.25    0.192  -4.57   0      332.7     30789.38     139.1817
       274   1005.7356    800.1931     8891.804     375.1383  15.1275   0.0458     5.88    0.393 -16.89   3      41.68     2434.999     80.70657
       275   1001.3248    808.0771     34722.88     416.8124  13.6485   0.0130     4.27    0.344  11.95   3      129.7     8304.614     95.18433
       276    995.4210    803.1639     27772.54     298.8654  13.8910   0.0117     0.00    0.358  -2.97   3      137.3     10180.54     100.4739
       277    793.1295    807.9240     11095.86       277.82  14.8871   0.0272     4.36    0.189  -7.65   0      55.78     3219.746     82.33546
       278     10.7269    808.6521     2188.088     219.2617  16.6498   0.1088     5.06    0.486  -0.18   0      14.76     858.6821     75.73831
       279    633.1172    806.3641      7541.92     340.3164  15.3063   0.0490    10.21    0.265 -24.48   0      36.47     1994.848     79.07421
       280     92.6495    807.7677     4697.821     171.6764  15.8203   0.0397     5.73    0.476  33.67   0      73.09     4011.012     84.85013
       281    581.2411    805.5279      4181.74     247.2485  15.9466   0.0642     3.92    0.297  -1.41   0      25.29     1432.589      77.6372
       282    894.8390    805.0880     3036.692     276.6915  16.2940   0.0990     3.31    0.348  -8.34   0      16.31     972.1572     75.87817
       283    599.4540    799.0203     6872.023     254.2298  15.4073   0.0402     4.94    0.257  -1.98   0      37.78     2113.565     79.79626
       284    398.7226    798.0915     12786.07     330.2824  14.7332   0.0281     4.18    0.245  -1.48   0      63.82     3815.208     83.96304
       285    151.2672    797.8919     5865.653     383.3366  15.5792   0.0710     7.96    0.186 -37.68   0      26.21     1337.947     77.16307
       286     51.1959    797.0841     3767.268     229.3259  16.0599   0.0661     4.72    0.182  -6.66   0      22.61     1316.376     77.49249
       287     13.0833    796.0124      6371.92     238.3522  15.4893   0.0406     4.37    0.259  -1.25   0       36.9      2134.83     79.47553
       288    212.1181    794.4819     5182.183     275.7076  15.7137   0.0578     5.15    0.233  -6.25   0      28.42     1544.919     77.37873
       289    303.8398    790.6820     80741.66     458.9085  12.7323   0.0062     7.24    0.378  13.96   0      246.3     14466.07     109.0463
       290    972.8898    793.9766     2845.312     188.3218  16.3647   0.0719     6.38    0.533   0.40   0      19.05      1042.57     75.88892
       291    458.6221    792.1021     17307.62     318.2293  14.4044   0.0200     4.47    0.273  -0.57   0       84.5      5110.57     87.05081
       292    669.0789    789.6464     40112.43     404.0706  13.4918   0.0109     4.16    0.190   2.43   1      161.2     11306.95     102.3988
       293    724.0939    788.6744     17414.43     413.7399  14.3977   0.0258     4.28    0.253   0.82   0      74.44     4456.929     85.68246
       294    599.4247    789.1078     5841.715     233.0078  15.5836   0.0433     4.23    0.207  -7.27   0      34.62     1976.916     78.63734
       295     94.9243    790.3163     5822.436     269.2746  15.5872   0.0502     4.12    0.262   1.90   0      35.77     2093.732     78.97423
       296    930.2363    782.1906     175627.4     467.7561  11.8885   0.0029     4.33    0.162   2.25   0      460.6     50703.13      168.772
       297    152.6243    785.8167     14380.38     379.4508  14.6056   0.0287     6.25    0.290 -38.32   0      58.28     2723.631     81.70142
       298    656.5880    784.8381     53552.86     377.8946  13.1780   0.0077    12.07    0.316  -8.28   0      203.1      15112.9      111.072
       299    863.3938    785.5634     12200.93     386.0923  14.7840   0.0344     4.73    0.313  -3.67   0      51.69     2876.414     82.12532
       300     43.7174    786.2568     2065.852      138.434  16.7123   0.0728     1.88    0.268 -45.57   0      37.64     2188.003     79.43649
       301    525.4664    777.6444     430114.6       595.16  10.9160   0.0015     4.23    0.159  -2.22   2      774.4     121573.7      246.246
       302    520.8945    761.8196     94992.34     432.9655  12.5558   0.0049     4.30    0.142   6.77   3      306.7      26354.8     131.3952
       303     54.9687    781.6682     10606.04     295.9604  14.9361   0.0303     4.14    0.239   1.98   0      54.34     3229.346     82.72993
       304    955.0429    810.9681     3747.383     326.3384  16.0657   0.0946     5.38    0.413  15.98   0      16.73     936.7122     76.56948
       305    585.2214    782.0457     4527.302     258.0785  15.8604   0.0619     4.63    0.239 -17.17   0      27.22     1524.731     78.29538
       306      5.1485    781.9220     2010.889      187.312  16.7415   0.1012     3.50    0.366  -9.34  16      15.22     970.1411     76.07204
       307    973.0264    780.7327     4856.628     255.4124  15.7842   0.0571     2.96    0.456 -17.60   0      31.42     2087.649     79.53168
       308    820.0698    776.0042     16514.01      633.136  14.4554   0.0416     9.25    0.267  36.08   0      49.31     1981.404     79.22749
       309    102.7554    779.5598     3110.728      292.753  16.2678   0.1022     4.70    0.273 -11.47   0      16.18     834.0099     75.66425
       310    699.4778    775.9183        20842     411.0254  14.2027   0.0214     0.00    0.363  -7.62   0      85.04     3900.181     84.01215
       311    206.1539    776.2186     8173.243      302.989  15.2190   0.0403     4.20    0.181   7.81   0      44.15     2564.357     81.25715
       312    792.2562    775.4573     10531.38     371.0487  14.9438   0.0383     5.17    0.308  -4.93   0      46.69      2696.77     81.62666
       313    490.2622    773.8206     4552.554     319.8539  15.8544   0.0763     4.89    0.241   2.79   0      24.48     1322.843     77.31526
       314    366.1079    774.2667     5914.744     369.2398  15.5702   0.0678     5.82    0.351   8.26   0      26.01     1435.409     77.44961
       315    311.8602    774.1702     4094.311     203.3431  15.9695   0.0539     4.16    0.166  11.21   0      25.37     1422.803     77.41261
       316     73.3178    773.1435     6901.404     300.7737  15.4027   0.0473     4.16    0.253  -2.71   0         37     2136.817     79.28989
       317    748.5345    770.8654     8108.425     314.0178  15.2277   0.0421     4.86    0.262   3.44   0      43.68     2469.228     80.42611
       318    682.5632    768.9452     18738.64     341.0989  14.3182   0.0198     5.00    0.176  -9.77   3      86.02     5185.747     88.11294
       319    690.4041    767.6656     22420.83     493.2734  14.1234   0.0239     6.52    0.268   1.60   3      75.61      4096.28     85.25654
       320    879.5799    768.3685       7521.9     316.0053  15.3092   0.0456     4.35    0.246   3.14   0      41.24     2451.422     80.94065
       321    163.5748    766.5297     19210.72     308.7079  14.2911   0.0175     4.25    0.208  -8.32   0      93.37     5760.397     89.41319
       322    268.4965    768.0227     2955.435     250.7041  16.3234   0.0921     5.45    0.260  -1.60   0      17.23     938.2778     75.57594
       323     48.3827    763.2280     160567.6      499.159  11.9859   0.0034     8.75    0.270   3.74   0      431.6     44170.24     159.7326
       324    423.8628    765.4472     6844.752     406.9606  15.4116   0.0646     5.08    0.256  40.28   0      29.35     1504.518     77.84747
       325    368.2354    764.6537     22819.71     414.8722  14.1042   0.0197     4.56    0.287  -2.95   0      94.31     5741.574     89.36533
       326    870.9987    764.9974      12215.8     146.6269  14.7827   0.0130     0.00    0.006 -47.31   2      151.2     11959.95     103.9841
       327    303.5136    753.6753     9838.912     521.3169  15.0176   0.0575     8.54    0.487  47.73   3      25.86     869.6696     75.36934
       328    308.6801    762.2756     8425.727     421.5758  15.1860   0.0543     5.71    0.432  15.54   2      30.31     1617.424      77.5914
       329    338.5953    761.3162     7301.584     401.5823  15.3415   0.0597     4.67    0.228  -1.81   0      30.27     1645.427      78.4516
       330     83.5824    762.5642     4942.815     330.6331  15.7651   0.0726     4.82    0.329  -3.80   0      25.28     1357.475     78.00331
       331     69.9713    761.9899     7191.913     329.8815  15.3579   0.0498     4.22    0.236   2.31   0      37.34     2201.447     80.04617
       332     93.8590    760.6029     14747.76     405.7746  14.5782   0.0299     8.97    0.565   5.60   0      56.72     2982.522     82.23396
       333    995.2020    760.8527      2768.39     247.4849  16.3944   0.0971     4.34    0.242 -16.42   0      17.06     959.9776     76.24113
       334    890.7468    759.2342     6962.206     290.5469  15.3931   0.0453     4.27    0.208  -4.36   0      38.38     2164.048     79.74971
       335    946.1973    759.3224     3740.618     308.3879  16.0676   0.0895     6.71    0.496 -45.86   0      16.78     774.6597     75.68669
       336     15.2313    755.6910     31123.22     362.0639  13.7673   0.0126     4.26    0.155   2.57   2      133.5     8648.845     95.84441
       337     15.5927    747.9072     4797.968     339.5989  15.7974   0.0769     4.11    0.178   9.05   3      22.65     1236.033     77.05965
       338    333.4162    782.5091      25597.6     326.4304  13.9795   0.0138     4.29    0.184  -2.90   0      115.3     7327.062     92.98436
       339    367.6842    755.3643      7011.49     356.3211  15.3855   0.0552     4.32    0.201  -4.96   0      32.67     1871.665     78.71937
       340    225.7102    751.9088     50103.02     353.9624  13.2503   0.0077     4.28    0.201  -2.39   0      198.3     14676.84     109.6233
       341    411.4954    753.1235     10397.46     375.0384  14.9577   0.0392     3.99    0.213 -18.15   0      47.85     2786.011     81.12938
       342    280.1874    746.0698     369872.1     571.6927  11.0799   0.0017     4.24    0.159  -7.41   0      712.6     105731.7     231.1628
       343    403.1255    759.1609     6680.138     348.5664  15.4380   0.0567     4.33    0.262  -8.77   0      31.99     1756.747      78.5804
       344    548.5175    744.5447      12064.3     278.6111  14.7962   0.0251     4.15    0.237   1.25   0      63.67     3740.673     83.76105
       345    608.7936    743.5694     10970.59     159.6549  14.8994   0.0158     1.20    0.166  53.61   0      112.3     10436.31     100.9004
       346     61.4192    743.0536     7677.171     410.2115  15.2870   0.0580     4.21    0.218 -23.11   0      29.32     1677.556     78.54462
       347    557.4481    756.4528     7454.356     320.7275  15.3190   0.0467     4.57    0.213   0.02   0      37.24      2048.89     79.61185
       348    645.8715    741.4782     5399.884     358.4834  15.6690   0.0721     3.83    0.256   1.20   0      24.34     1382.876     77.09856
       349    132.6417    737.6302     7935.647     443.2693  15.2510   0.0607     5.08    0.320 -14.34   2      25.15     1424.641      78.0043
       350    375.9277    739.1228     5513.282     320.5358  15.6465   0.0631     9.08    0.649  -3.29   0       21.9     847.6105      75.5042
       351    160.0950    735.4614     17538.73     330.1041  14.3900   0.0204     4.21    0.184  -5.92   0      84.99     5187.044     87.59769
       352    147.6917    737.3220     3311.117     257.0053  16.2001   0.0843     4.83    0.147  21.47   0       18.7     1026.936     76.24153
       353    105.9501    735.6490     19794.62     359.1356  14.2586   0.0197     4.14    0.196  -0.69   0      92.31     5890.177      90.0803
       354    668.1892    735.4771     7966.593     307.8082  15.2468   0.0420     4.21    0.195   9.69   0      41.08     2384.453     80.37537
       355    263.3397    736.6103     2962.668     236.6886  16.3208   0.0868     6.26    0.408 -25.25   0      17.79     938.8056     76.37711
       356    715.7826    735.4589     3903.867     224.4422  16.0213   0.0624     4.49    0.201  -0.37   0      23.53     1371.342      77.4577
       357    611.6729    734.0463     2748.519     196.1086  16.4023   0.0775     4.59    0.255   7.55   0      17.73     999.8458     76.35989
       358    458.0878    731.1557     5680.121     286.9076  15.6141   0.0549     4.65    0.272  -8.01   0       30.8     1690.874      78.0012
       359    404.4110    730.2806      5273.09     234.0802  15.6948   0.0482     4.09    0.107 -16.17   0      30.52     1745.595     78.54813
       360    935.0020    729.8016     7860.118     398.1014  15.2614   0.0550     5.67    0.289   1.51   0      30.28      1616.96     78.17506
       361    344.6091    728.7698     10497.49     290.6986  14.9473   0.0301     4.41    0.209  -8.82   0      55.38     3224.921     83.08418
       362     41.4004    730.7560     3291.665     233.7783  16.2065   0.0771     6.78    0.349  14.73   0      19.24     1081.952     76.99937
       363    984.9305    730.0191     3335.715     259.9647  16.1920   0.0846     4.46    0.390  -2.06   0      18.49     1022.098     76.62456
       364    839.1707    725.2164     11609.74     359.2421  14.8379   0.0336     9.59    0.553 -28.00   0      42.17     1711.613     78.83599
       365    527.2893    725.2584     39922.72     374.7074  13.4970   0.0102    11.86    0.267 -35.84   0      154.9     9608.211     98.40211
       366    121.7297    726.9081     7176.541     387.0671  15.3602   0.0586     0.00    0.349  -0.07   0      28.32     817.4332     75.61443
       367    599.6133    726.4617     5498.384     289.3996  15.6494   0.0572     0.38    0.277  -6.10   0      33.41     2190.211     79.82423
       368     51.6169    724.3112     8759.975     295.8256  15.1437   0.0367     4.34    0.276  -0.33   0      47.53     2792.658     81.33494
       369    151.6479    721.4473     50976.68     386.2992  13.2316   0.0082     4.30    0.205  -2.02   0      197.1      14361.3     109.3845
       370    217.9911    720.7964     45415.54     420.8018  13.3570   0.0101    13.21    0.469  -2.24   0        168     11068.92     102.0181
       371    368.3556    720.8310     15496.89     335.5545  14.5244   0.0235     4.33    0.205   1.84   0      76.33      4602.86     86.77164
       372    403.2696    716.7359     46707.79     387.7166  13.3265   0.0090     4.29    0.247 -17.97   3      181.8     12993.43     106.0759
       373    394.2145    716.2302     18714.52     424.4111  14.3196   0.0246     6.09    0.360 -19.78   3      75.92     4548.982      86.6304
       374    569.3406    718.9901     5477.373     326.3798  15.6536   0.0647     4.78    0.211  -0.02   0      27.91     1562.778      78.2118
       375    257.6770    718.1415     9483.918     343.8266  15.0575   0.0394     5.81    0.352 -22.66   0      44.22     2423.823      80.2977
       376    191.4219    720.0238     3082.295     255.3201  16.2778   0.0900     4.65    0.349   0.06   0      17.72     1022.841      76.8247
       377     79.0961    719.3199     2519.202     254.8183  16.4968   0.1098     3.64    0.180 -53.33   0      15.79     900.2206      75.6624
       378    924.9990    716.8193     9940.024     291.5676  15.0065   0.0319     4.52    0.287   0.01   0       53.3     3185.215     82.60861
       379    590.2119    717.5834     4119.795     369.1633  15.9628   0.0973     4.23    0.227  13.62   0      16.34     904.4532     76.07544
       380    553.8323    715.1501     16894.06     386.8873  14.4307   0.0249    10.06    0.296 -13.16   0      74.58     4555.562     86.29639
       381   1018.1669    706.4042     319145.3     540.0231  11.2400   0.0018     4.21    0.054  12.30  24      655.5     92628.55      218.039
       382    827.3745    716.2480     4542.996     228.4373  15.8566   0.0546     4.71    0.298 -19.14   0      25.09     1421.035      77.9938
       383    284.3734    715.5694     7387.429     387.1909  15.3288   0.0569     7.50    0.457 -23.31   0      30.21      1503.28     78.23309
       384    795.2610    713.2617     11654.59     320.1519  14.8338   0.0298    10.97    0.438  19.06   0      51.34     2477.104     80.63692
       385    581.4174    715.6193     4313.233     360.9633  15.9130   0.0909     6.78    0.416  19.34   0      17.26     845.1923     76.29735
       386    484.8793    715.8929     2222.992     187.5692  16.6327   0.0916     4.23    0.348   7.75   0      16.19     952.1005     76.01813
       387    108.9991    711.6866     5025.224     338.6315  15.7471   0.0732     3.79    0.196  -7.14   2      24.39     1112.275     76.89156
       388    889.8601    709.9443     4424.431     211.0354  15.8854   0.0518     4.15    0.200  -7.73   0      26.66     1579.254     78.25967
       389    732.8459    709.0422     4150.651     229.7055  15.9547   0.0601     5.53    0.346   0.83   0      24.17     1368.161     77.44836
       390    363.1391    707.8771     17467.87     326.5859  14.3944   0.0203     4.26    0.253   0.91   0      86.44     5421.375     88.37558
       391    714.0154    704.0471     48394.73     367.6195  13.2880   0.0082     4.84    0.187  -0.25   0      194.3     14158.07     108.9614
       392    215.5819    705.2125     5502.128     308.4549  15.6487   0.0609     4.75    0.189  25.29   0      29.97     1669.724      78.3283
       393    850.2288    692.4334     4298.737     288.4559  15.9166   0.0729     0.00    0.453  57.31   3      25.79     1975.512     79.59314
       394    846.5791    703.3494     14569.83     402.8573  14.5914   0.0300     6.14    0.343   9.25   3      61.86     3209.212     83.04119
       395    853.0826    699.6649     11441.51     478.7646  14.8538   0.0454     5.15    0.184 -10.45   3      40.81     2237.846     79.76958
       396    108.0722    704.5914     11413.08     434.6906  14.8565   0.0414     5.14    0.295  -1.38   0       45.5     2562.758     80.87798
       397    775.0466    704.0504      6624.39     299.2984  15.4471   0.0491     4.27    0.254   0.69   0      36.37     2110.092     79.78637
       398    494.2953    703.4385     12174.82     297.1626  14.7863   0.0265     4.23    0.233  -0.54   0      62.34     3624.431     83.08024
       399    126.9450    704.9957     4489.437     360.0211  15.8695   0.0871     5.70    0.443  14.62   0      15.06      766.312     75.86208
       400    902.2902    702.9877     5564.329     318.1944  15.6365   0.0621     5.01    0.206  -6.00   0      27.47     1443.881     77.27818
       401    824.8845    702.5779     12539.79      273.501  14.7543   0.0237     4.44    0.298  -7.01   0       66.8     4001.126     84.46479
       402    759.3148    702.4696     3233.465     295.4299  16.2258   0.0992     3.87    0.278  -1.33   0      18.67     1050.772     76.11327
       403    201.3389    699.8822     4187.778     241.0334  15.9450   0.0625     4.24    0.208   1.13   0      24.21     1324.199     76.92539
       404    574.6931    698.0377     5705.933     277.5106  15.6092   0.0528     4.81    0.271  -2.75   0      31.55     1718.717     77.69229
       405    414.4146    697.7003     8251.425     376.7711  15.2087   0.0496     4.36    0.130 -13.01   0      37.98     2047.592     79.03373
       406    770.4517    698.2355     2160.971     237.5215  16.6634   0.1194     4.04    0.282  -2.35   0      13.81     779.1504     75.70017
       407    884.7159    696.2164     4162.621      223.008  15.9516   0.0582     4.88    0.235 -14.27   0      24.13      1302.52      77.2555
       408    661.1071    695.0333     4487.401     216.4317  15.8700   0.0524     4.71    0.231   9.74   0      27.24     1480.455     76.99216
       409    279.1696    694.2650     4049.692     187.7582  15.9814   0.0504     5.01    0.261  49.85   0      52.81     2779.896     81.48587
       410     10.4435    694.7788     2306.828     250.1154  16.5925   0.1177     3.24    0.275   1.47   0      14.12     746.2253     76.00198
       411    471.9916    704.7385     5050.484     228.9416  15.7417   0.0492     4.84    0.262   0.58   0      29.06      1596.74     78.31042
       412    704.3126    691.3376     12886.48     287.3223  14.7247   0.0242     4.38    0.255  -0.38   0      67.39     4092.188     84.70947
       413    525.3487    687.5598     6762.866     418.8694  15.4247   0.0673     3.53    0.086 -32.37   2      23.98     1440.746     77.85638
       414    981.9916    715.4968       5857.1     356.6502  15.5808   0.0661     4.44    0.195  -8.67   0      27.08     1485.786     77.79277
       415    780.6545    690.0038     4955.839     312.9434  15.7622   0.0686     4.20    0.144  -5.87   0      24.83     1368.255     77.64449
       416     65.4723    704.8314      2648.47     245.8351  16.4425   0.1008     4.17    0.157   9.66   0       16.2     866.0801     75.96072
       417    398.0049    685.2266     10642.33     450.5925  14.9324   0.0460     6.50    0.170  77.66   0      40.76     2019.598     79.52818
       418    336.8204    685.5967     6826.181     300.7169  15.4146   0.0478    10.31    0.636 -26.67   0      26.93     1097.233      76.6492
       419    989.2459    685.1193     3924.669     273.2832  16.0155   0.0756     4.23    0.266   3.88   0      21.85     1253.255     76.71551
       420     21.9859    684.6783     6107.448     270.9202  15.5354   0.0482     4.58    0.208   1.88   0       35.4     2008.062     79.30393
       421   1023.0790    684.1220      4947.44     262.8186  15.7640   0.0577     3.94    0.243 -74.06  24       25.9     1631.039     77.63127
       422    168.5084    683.7076     3129.311     221.9524  16.2614   0.0770     6.19    0.189 -41.15   0      22.23     1491.378     77.61367
       423    144.8233    675.9653     8586.387     368.8275  15.1655   0.0466     6.03    0.288 -66.24   0      37.13      1779.07     79.03022
       424    211.0911    678.4745     4571.566     246.0684  15.8498   0.0585     5.17    0.401  -4.09   0      25.38     1380.968     77.09293
       425    848.2968    675.0511     43969.49     352.1649  13.3921   0.0087     4.26    0.221  -0.36   0      179.2     12860.79     105.5038
       426    780.9990    677.6789     4323.311     288.4753  15.9105   0.0725     4.56    0.283  -8.57   0      23.43     1270.925      77.1625
       427    359.0105    671.9430     11869.68     375.9295  14.8139   0.0344     4.51    0.180  -5.32   2      53.77     3165.512     82.73815
       428    275.5095    674.0253     27474.98     402.5978  13.9027   0.0159     4.43    0.257   5.58   2        108     6577.071     90.96599
       429    244.2982    677.1369     3832.705     300.9796  16.0412   0.0853     5.40    0.434   6.44   0      20.04     1085.949     76.21825
       430    615.6677    674.7923     5339.561     266.0274  15.6812   0.0541     8.62    0.158 -42.11   0      28.99     1506.439     77.85308
       431    698.3428    674.5331     9839.059     296.6534  15.0176   0.0327     4.47    0.254  -1.36   0      52.48     3092.183     82.35226
       432    388.2012    675.1426     3641.132     310.7678  16.0969   0.0927     4.62    0.252  16.88   0      18.11     984.9468     76.31554
       433    442.5859    674.1083     3959.698     331.1053  16.0058   0.0908     6.16    0.441  -5.38   0      18.31     810.8826     75.39357
       434    171.0704    674.6143     3604.575     305.8145  16.1079   0.0921     4.10    0.237  14.31   0      17.79     990.4513     76.53063
       435    491.5771    674.2592     2180.798     257.4826  16.6535   0.1282     4.45    0.293   3.36   0      13.98     756.5116     75.63218
       436    974.9317    672.7391     3716.136     285.3476  16.0748   0.0834     4.01    0.206  -0.98   0       22.2     1261.659      77.1352
       437    936.5052    670.3917     4498.012     252.0986  15.8674   0.0609     4.69    0.324  -1.66   0      24.16     1271.813     77.16511
       438    804.2348    669.1693     4153.648      336.921  15.9539   0.0881     4.39    0.303   0.47   0      17.93     998.9182      76.7539
       439    556.8718    668.9313     11067.72     378.4661  14.8899   0.0371     4.27    0.330  -2.32   0      50.24     3008.328     81.93536
       440    264.2801    667.1680     12101.54     354.2337  14.7929   0.0318     4.14    0.222  -4.52   0      57.99     3414.352     83.23663
       441    782.8762    667.5213     3224.389     272.7002  16.2289   0.0918     4.51    0.214 -13.85   0      19.19     1053.162     75.92063
       442    304.6388    663.9991     9564.366     433.7229  15.0484   0.0492     6.95    0.259  53.95   0      37.83     1933.215     79.47227
       443    866.3380    663.5559      7842.42     403.7734  15.2639   0.0559     4.24    0.146 -18.47   0      31.61     1783.067     78.65649
       444    793.3074    664.2014     3409.941     178.6753  16.1681   0.0569     0.00    0.398  30.52   0      47.96     2412.125     80.45358
       445    576.8870    663.0795     11830.35     411.5846  14.8175   0.0378     4.89    0.316  -4.33   0      51.39     2902.745     81.45574
       446    619.9847    662.1281     4961.949     365.5501  15.7609   0.0800     4.10    0.107  16.44   0      21.78     1218.253     77.20417
       447    490.8366    662.2553     5253.893     261.6363  15.6988   0.0541     4.16    0.229  -4.82   0      29.48     1701.501     78.61388
       448    891.0332    661.1912     4261.195     307.5392  15.9262   0.0784     4.09    0.066  -4.92   0      24.73     1382.012        77.88
       449    730.3088    661.2935     6339.968     379.6381  15.4948   0.0650     4.95    0.177   7.26   0      26.47     1347.039     77.18985
       450    425.6919    660.9930     6626.033     361.3674  15.4469   0.0592     4.88    0.270  -2.23   0      30.54     1698.486     78.41171
       451    393.4854    660.4994      6179.72     293.8366  15.5226   0.0516     4.71    0.313  -2.44   0      33.11     1848.115      78.2642
       452    820.4962    655.7989     63203.09     414.1143  12.9982   0.0071     4.68    0.360   1.22   0      226.9     16981.09     114.4335
       453    649.1304    659.4195     4303.014     365.1402  15.9156   0.0922     4.06    0.207 -17.24   0      19.26     1007.124     76.58012
       454    945.8549    657.1782     7120.232     362.7263  15.3688   0.0553     6.12    0.357  21.16   0      32.58     1534.298     77.93437
       455    416.7642    657.8801     6263.806     348.2948  15.5079   0.0604     4.43    0.296  -8.68   0      30.68     1774.084     78.63052
       456    103.1468    656.7126     4237.915     321.9973  15.9321   0.0825     5.02    0.162 -17.42   0         21      1057.14     76.13229
       457     92.7219    657.7078     2419.678     267.8087  16.5406   0.1202     5.11    0.196 -43.37   0      13.51     721.6434     75.32597
       458    790.2851    654.5077     26228.18     353.6501  13.9531   0.0146     4.32    0.217  -3.78   0        118     7410.795     93.35162
       459    339.4798    656.7869     2142.298     185.4351  16.6728   0.0940     4.44    0.260   0.12   0      14.06     763.7006     75.65378
       460    351.3206    654.5107     3698.409     333.2127  16.0800   0.0978     6.38    0.439  10.61   0      18.09     842.0991     75.68854
       461    630.8419    653.2580     8970.709     480.7598  15.1179   0.0582     4.80    0.188 -10.15   2      27.71     1535.174     77.93692
       462    616.9608    650.7512     31194.08      409.356  13.7648   0.0143    11.23    0.306  -4.27   0      127.4     8230.662     95.48595
       463    138.8913    651.8680        12593     303.7969  14.7497   0.0262     4.34    0.239  -0.02   0      63.89     3795.331     83.90923
       464    592.7432    649.4589      58687.8     373.9288  13.0786   0.0069     8.38    0.276  -3.21   0        219     16959.66     114.6562
       465     62.4449    652.3288     4604.324     231.7978  15.8421   0.0547     4.07    0.265  -0.36   0      26.79     1509.871      77.8631
       466    428.7498    651.4155     4956.737     306.8177  15.7620   0.0672     5.03    0.279  -0.05   0      26.32     1388.672     77.70422
       467    153.8040    651.7863     2973.973     275.2641  16.3167   0.1005     4.75    0.326  -9.47   0      16.47     866.4052     75.96169
       468    801.8241    650.0042     6229.021     387.4915  15.5140   0.0676     4.26    0.189  20.70   3      26.45     1479.901      77.9706
       469    799.5459    645.8475     5312.164     356.3028  15.6868   0.0728     4.86    0.207  11.41   3      25.36     1296.516     77.43421
       470    161.3842    649.9600     4173.853     328.9519  15.9487   0.0856     4.75    0.168   7.82   0      21.26     1234.611      77.6445
       471    642.8613    647.2480     38157.98     371.5976  13.5460   0.0106     4.26    0.215  -2.64   0      160.1     11219.86     102.3538
       472    231.4296    650.0316     2484.831     216.0829  16.5118   0.0944     3.81    0.259  -3.01   0      15.96     930.1987     76.55015
       473     16.1283    648.6109     4404.229     311.3253  15.8903   0.0768     4.52    0.072  35.05   3      21.75     1147.961     76.79947
       474     15.1444    642.4310     10239.23     380.9699  14.9743   0.0404     4.42    0.121 -22.14   2      46.09     2720.596      81.3203
       475    664.5146    647.9698     1992.317       227.56  16.7516   0.1240     3.89    0.353 -26.51   0         14     805.5191     75.57862
       476    302.1188    642.8584       130414     496.0693  12.2117   0.0041     4.72    0.415  16.51   0      377.2     34822.89     145.4104
       477    513.3252    647.1265     3328.417     311.7593  16.1944   0.1017     4.13    0.265  12.54   0      13.34     725.4608     75.33749
       478    955.1478    642.8966     9501.284     375.5074  15.0555   0.0429     6.71    0.018  14.46   0      43.14     2351.664     79.71306
       479    838.5808    641.9505     52752.57     357.7883  13.1944   0.0074     4.43    0.223  -6.57   0      205.7     15597.33     111.9232
       480    991.0295    641.8488     8477.715     422.5034  15.1793   0.0541     6.67    0.187  79.91   0       31.7     1348.018     77.78074
       481    706.9764    640.9041     14430.58       369.34  14.6018   0.0278     6.00    0.305 -27.40   0      61.67      2995.94     81.52928
       482    485.1710    644.0919     5690.602     424.5937  15.6121   0.0810     5.94    0.446   0.09   2      20.87     858.8817     75.13493
       483    315.0191    662.4816     6926.011     385.9374  15.3988   0.0605     5.10    0.383   0.06   0      27.23     1569.979     78.03835
       484    202.5761    641.6135     9233.945     288.3955  15.0865   0.0339     4.22    0.239  -2.96   0      49.65     2913.416     82.04274
       485    562.0660    639.6037     11909.06     356.2482  14.8103   0.0325     4.45    0.230  -5.80   0      57.09      3340.97     83.21872
       486    266.7773    638.8964     18076.35     340.6573  14.3572   0.0205     4.17    0.223  -0.37   0      88.28     5482.433     88.18871
       487    119.6900    638.6814     19505.76     347.1225  14.2746   0.0193     4.22    0.230   3.33   0      90.85     5635.144     88.92363
       488     64.4050    632.0363     8559.615     340.9954  15.1689   0.0433     4.31    0.222  -0.30   0       43.1     2515.225     81.11961
       489    551.7890    631.5425     7158.042     168.2645  15.3630   0.0255     1.83    0.225 -85.13   0      78.92     6126.467     90.50685
       490    195.5849    631.9398     4366.255     272.2592  15.8997   0.0677     4.27    0.168  -0.57   0      26.83     1521.561     77.89722
       491    346.1012    627.1464     50563.06     393.8452  13.2404   0.0085     9.99    0.171 -21.87   0      191.5     13528.21     106.9318
       492    687.0604    628.1466     5858.783     292.2921  15.5805   0.0542     4.96    0.228  21.23   0      29.75     1637.248      78.4279
       493    620.4824    628.3147     6523.133     318.8785  15.4639   0.0531     4.37    0.251   0.46   0      36.78     2059.218     79.25901
       494    431.6583    629.2578     4553.121      311.434  15.8542   0.0743     4.64    0.214  -4.71   0       23.3     1235.207      77.4504
       495   1014.3813    628.0500     3222.431     235.3299  16.2295   0.0793     5.39    0.384  10.14   0      19.28     1112.761     77.09026
       496    334.0723    627.5122     5744.214     351.2139  15.6019   0.0664     7.68    0.172 -88.83   1      26.48     1453.689     77.11031
       497    316.7772    621.0433        13304     442.5951  14.6900   0.0361     4.49    0.350  -5.35   3      54.73     2118.766     80.00114
       498    306.3861    626.1032     52054.52       407.95  13.2089   0.0085     4.10    0.245  -9.37   2        187     13438.75     107.0257
       499    248.1376    628.4460     4240.731     283.0953  15.9314   0.0725     3.17    0.178   4.57   0      22.68     1350.833      77.3975
       500    203.9433    628.9454     4108.124     136.2847  15.9659   0.0360     4.51    0.161  44.74   0      74.57     3696.802     84.36511
       501     50.0531    628.3357     4032.804     332.3001  15.9860   0.0895     5.42    0.343  24.03   0      18.22     913.6289     76.10284
       502    469.2535    626.7032     5071.218     351.8589  15.7372   0.0754     4.40    0.234   0.29   0      23.32      1215.61     76.40538
       503    819.8565    624.1069     14211.07     421.0919  14.6184   0.0322     4.48    0.238  -3.57   0      62.23      3650.06     83.51482
       504     29.6033    625.1188      3329.25     225.5493  16.1941   0.0736     4.91    0.325  -6.98   0      19.74     1067.793     76.75997
       505    922.5350    620.1910     13535.39     435.7988  14.6713   0.0350     6.56    0.303 -89.01   0      52.28     2496.406     80.69131
       506    601.6953    624.4982     6278.937     313.9028  15.5053   0.0543     4.02    0.381   2.14   0      33.07     1900.755     78.41691
       507    182.7498    623.7968     5041.759     270.0247  15.7435   0.0582     4.74    0.200   1.01   0      29.16     1608.208      78.1496
       508      3.3170    624.4984     2328.679       201.36  16.5822   0.0939     5.79    0.218  -9.38  24      15.81     851.5585      75.3147
       509    738.3409    623.3620     5235.089     308.2581  15.7027   0.0639     5.29    0.380  -5.86   0      26.37     1399.981     77.54168
       510    748.8032    621.1563     10774.32     344.6785  14.9190   0.0347     4.39    0.243  -5.34   0      53.47     3168.615     82.93002
       511    587.8341    619.9164     31440.64     367.4662  13.7563   0.0127     4.31    0.228   2.14   0      134.2     8914.303     96.94296
       512    129.0576    620.1028     9077.911     433.4679  15.1050   0.0519     4.63    0.124  -5.52   0      35.57     1930.004     78.69487
       513    613.3964    620.2678     3025.425     266.9035  16.2980   0.0958     4.49    0.238  25.22   0      15.94     855.7358     75.92976
       514    358.9967    620.6639     3591.094     289.2137  16.1119   0.0875     4.55    0.210  -1.30   0      20.28     1096.699      76.8455
       515    910.4175    619.3859     11025.28     464.0664  14.8940   0.0457     7.78    0.503  -6.16   1      39.16     2091.628     79.54305
       516    153.6247    611.8650     120186.6      454.428  12.3004   0.0041     4.35    0.064   3.35   0      353.7      32626.3     142.2563
       517    471.8038    615.9344     8693.269     320.4214  15.1520   0.0400     4.34    0.205  -5.81   0      47.12     2788.526     81.69605
       518    775.9544    625.7596     3643.586     338.8254  16.0962   0.1010     6.85    0.554 -13.46   0      16.69     822.9916     75.63114
       519    516.1089    610.8519     116889.2     453.6136  12.3306   0.0042     4.21    0.147  -4.98   0      350.6     32611.09     141.9113
       520    422.0132    614.2691     3027.433     250.7694  16.2973   0.0900     3.94    0.271 -17.29   0      18.14     1046.914     76.49986
       521    484.6761    614.0735     2506.353     250.2967  16.5024   0.1085     3.78    0.290 -16.56   0      15.38     876.8361     75.59212
       522    293.9848    607.9189     46212.51     363.1447  13.3381   0.0085     6.30    0.154   0.55   0      185.1     13657.73     107.6309
       523    890.7863    608.6151     4985.585     318.9733  15.7557   0.0695     4.62    0.274  -8.02   0      27.17     1448.397     77.68346
       524    393.4280    606.2325     45506.85     367.8997  13.3548   0.0088     4.20    0.229  -5.08   0      183.1     13379.64     107.3255
       525    597.5634    602.4645     6321.587     395.3058  15.4979   0.0679     4.24    0.314  -5.70   2      23.44     1292.868      77.2271
       526    979.4578    606.7827     2838.532     249.0784  16.3673   0.0953     3.40    0.063   3.45   0      18.32      1099.81     76.65684
       527     92.1626    605.8519     5461.792     344.4802  15.6567   0.0685     4.18    0.098  23.43   0      26.79     1456.175     77.70621
       528     63.2298    601.6514     93901.41     404.2557  12.5683   0.0047     4.25    0.160   0.66   0      307.9     27030.67     133.0166
       529    447.4065    602.5868     7364.522     353.3371  15.3321   0.0521     4.92    0.273 -12.93   0      37.33     2066.752     79.47195
       530    460.1619    602.6572     5291.758     401.3903  15.6910   0.0824     4.30    0.247  13.73   0      21.27       1062.9     76.54733
       531    199.8882    601.5837     6977.788     261.6825  15.3907   0.0407     2.86    0.149   9.93   0      41.04     2516.109     80.55848
       532    469.3492    598.1496     7881.697     450.0424  15.2585   0.0620     7.76    0.535  -3.97   2       25.9     1208.573     77.37221
       533    321.3290    601.4387     3492.003     271.5284  16.1423   0.0844     3.93    0.294 -12.26   0      19.03     1066.845     76.55904
       534    986.2106    599.4928     7092.133     316.8965  15.3731   0.0485     4.22    0.209   3.48   0      37.55     2160.954     79.74088
       535    961.0542    600.0349     5081.604     308.1449  15.7350   0.0659     4.82    0.253   5.27   0      29.01     1595.667     78.11313
       536    411.6290    598.9543     8822.362     399.6017  15.1360   0.0492     8.65    0.482  -0.45   0      36.56     1514.212     78.26484
       537    520.0022    596.6942     5461.664     394.8111  15.6567   0.0785     5.81    0.211   2.44   0      18.47     852.5015     75.92007
       538    349.8440    595.4404     12461.42     353.3918  14.7611   0.0308     4.61    0.207  -5.31   0       59.9     3406.017     83.03115
       539    104.5796    595.8290     5013.483     275.5685  15.7497   0.0597     4.91    0.312  -5.66   0      27.78     1519.855     78.28123
       540     50.4057    594.8117     18586.69      373.925  14.3270   0.0218     4.15    0.183  -2.07   3      84.22     5169.042     87.89722
       541     50.7840    585.9347     21202.92     367.3338  14.1840   0.0188     4.25    0.186  -3.15   3      95.67      6024.46      90.0819
       542    924.7788    595.1585     4759.147     294.0299  15.8062   0.0671     4.77    0.250 -11.13   0      27.11     1499.526     78.22218
       543    862.1809    592.9998     37813.94     386.4181  13.5559   0.0111     4.51    0.246  -2.20   0      151.8     10190.21     100.0414
       544    169.7053    595.0588     5916.895     320.8218  15.5698   0.0589     5.11    0.258   8.57   0      30.83     1729.075     77.91776
       545    609.0633    594.5417     5117.011     368.7485  15.7275   0.0783     7.83    0.435   4.41   0      21.82     1044.601     76.49298
       546    831.6655    591.6899     10646.58     295.9915  14.9320   0.0302     5.11    0.284  -4.74   0      55.67     3269.455     82.47256
       547    334.1586    619.6644      10583.4     421.8383  14.9384   0.0433     6.46    0.486  21.90   1      41.44     2120.346     79.62506
       548    726.9869    590.4937     3664.082     286.6339  16.0901   0.0850     3.71    0.197   0.44   2      19.25     954.1761      75.8243
       549    472.1598    590.7194     8354.835     377.8397  15.1952   0.0491     4.91    0.278   7.65   3      35.36     1873.752     78.91808
       550    468.9576    587.5021     4985.811     330.6627  15.7557   0.0720     4.40    0.286  -1.21   3      25.85     1423.173     76.82288
       551    201.4940    587.9893     7038.458     355.2712  15.3813   0.0548     9.80    0.384  32.71   0      31.78     1417.295     77.59241
       552    454.0427    586.0436     8221.065     367.5708  15.2127   0.0486     4.28    0.193  -1.73   0      39.46     2252.877     79.62187
       553    607.9406    586.6201     3774.165     297.1262  16.0579   0.0855     3.90    0.225 -14.90   0      20.02      1162.94     76.84378
       554    375.5775    586.8920     2669.088     276.3894  16.4341   0.1125     5.28    0.314  14.74   0      14.96     757.8589     75.03142
       555    637.3231    584.2007     6649.192     403.1012  15.4431   0.0658     4.01    0.204   4.74   0      21.87     1300.738     77.25025
       556    397.3517    583.8046     8189.899     459.3815  15.2168   0.0609     9.82    0.575 -24.66   0      26.78     1250.493     77.10229
       557    783.4204    581.9244     16060.13     335.9358  14.4856   0.0227     4.97    0.325   7.27   0      72.81     4296.595     85.78887
       558     17.3814    580.9568     43646.38     377.9651  13.4001   0.0094     4.15    0.190   3.31   0      174.3     12611.52     105.6864
       559    766.5024    582.0770     2948.124      258.159  16.3261   0.0951     5.81    0.425  -0.39   0      17.49     986.0732     75.91985
       560    514.8252    581.6029     3242.184     284.9699  16.2229   0.0955     4.39    0.220 -15.65   0      17.06     877.8572     76.19553
       561    693.1328    579.8901     8300.826     294.1848  15.2022   0.0385     4.22    0.241   4.80   0      43.86     2507.544      80.3455
       562    671.5466    577.0897     58910.83      361.679  13.0745   0.0067     4.28    0.197  -3.27   0      224.2     17365.09     114.9297
       563    487.8079    580.3486      7625.46     455.7821  15.2943   0.0649     5.85    0.214  -2.35   2      21.72     836.0857     76.07083
       564    928.2601    579.8771     3017.462     259.6863  16.3009   0.0935     3.78    0.250   4.04   0      16.97     928.2874      75.9469
       565    805.6620    579.1623     4716.553     324.6822  15.8159   0.0748     4.55    0.274  -6.21   0       25.9     1477.178     77.76762
       566    198.5679    578.8795     4872.791     307.9908  15.7806   0.0686     4.13    0.202   8.28   0      26.84     1509.899     77.86318
       567    635.4171    578.3329     5300.027     345.4742  15.6893   0.0708     4.95    0.287  22.25   3         24     1241.256     77.27186
       568    636.4847    573.5935     4652.401     269.6968  15.8308   0.0630     6.70    0.217  34.97   3      28.36     1941.855     79.30569
       569    904.8317    577.7725     2728.385      205.539  16.4102   0.0818     3.61    0.287 -17.89   0         19     1082.035     76.99962
       570    836.6000    576.3448     6984.645     367.8391  15.3896   0.0572     4.62    0.191   0.41   0      33.88     1841.078     78.82392
       571    392.0998    576.6757     3257.016     276.8724  16.2180   0.0923     6.19    0.348   6.91   0      18.07     964.6725     75.65527
       572    740.2455    575.4533       3607.8     293.1386  16.1069   0.0882     4.02    0.188  -1.10   0      20.16     1119.456     76.91278
       573    249.9613    572.7121     10615.68     321.7821  14.9351   0.0329     4.70    0.281 -24.96   0      49.18     2772.521     81.09158
       574    296.0087    574.0099     3255.483      306.795  16.2185   0.1023     5.62    0.417 -13.86   0      16.68     990.3926     76.33175
       575    528.3890    571.2181     10723.06      352.272  14.9242   0.0357     4.26    0.251  -0.58   0      50.85      2916.32     81.86549
       576    204.1667    570.1227     6710.085     349.6734  15.4332   0.0566     9.25    0.401 -37.27   0      28.23     1416.395     77.58978
       577    308.7569    566.8265     96757.04     416.0214  12.5358   0.0047     7.19    0.104  12.57   0        314      27881.9      134.576
       578    976.4462    569.0348     4703.703     309.0968  15.8189   0.0714     3.89    0.153  -2.94   0      26.55     1555.942     78.19193
       579    843.5844    566.9148     21864.23     363.5894  14.1507   0.0181     4.18    0.233  -0.82   0      98.12     6157.026      90.2476
       580    652.6534    568.0059     7332.407     334.5492  15.3369   0.0495     4.61    0.248  -2.06   0      36.01     2048.788     79.61156
       581    813.6414    567.3444      2573.59     205.3678  16.4737   0.0867     5.08    0.293  13.18   0      17.74     1026.933     76.63889
       582    953.8379    564.1360     3085.345     271.1878  16.2767   0.0955     4.18    0.364  16.81   0      17.86     1007.745      76.3834
       583    736.6319    564.1740     5155.405     268.7111  15.7193   0.0566     8.24    0.387   2.96   0      28.88     1471.053     78.13941
       584    471.4063    562.7828     7242.242     434.2566  15.3503   0.0651     8.39    0.424 -29.81   2      23.85     1111.277     76.69083
       585    467.0074    560.0082     5763.962     136.2601  15.5982   0.0257     0.00    0.002  35.66   3      95.64     5607.677     89.02416
       586    413.1313    563.3597      3436.06     264.3962  16.1598   0.0836     4.43    0.208 -16.18   0      18.69      1033.67     76.46049
       587    684.5533    562.5963     2840.212     291.2421  16.3666   0.1114     5.15    0.150  36.35   0       15.3     787.7486     75.72598
       588    266.6420    562.4702     2680.779      250.455  16.4293   0.1015     3.99    0.242 -30.79   0      16.07     913.7985     76.10336
       589    121.1584    560.7771     3678.159     267.4587  16.0859   0.0790     4.64    0.286   0.40   0      22.39     1310.663     77.67151
       590     34.9975    558.8291     9771.717     413.2121  15.0251   0.0459     8.31    0.400  -2.83   0      39.63     1846.719     79.22453
       591    997.2526    559.4162     4355.717     355.6922  15.9024   0.0887     7.18    0.211  35.40   0      20.01     1015.354     76.60455
       592    644.3308    558.0643     13797.27     365.8498  14.6505   0.0288     4.60    0.223  -4.29   0      65.32      3818.27     84.15201
       593    397.2834    559.3677     3761.411     213.9003  16.0616   0.0618     0.00    0.232 -69.86   0      31.68     2075.975     79.30704
       594    949.6136    556.2755     3079.393     247.7704  16.2788   0.0874     4.96    0.315   4.34   0      19.14       1072.3     76.77331
       595    288.2910    555.1006     20648.46     313.4202  14.2128   0.0165     4.12    0.245  -1.09   0      97.19      6073.92     89.70009
       596    868.6460    555.3189     3444.461      306.935  16.1572   0.0968     6.03    0.397   6.78   0       17.4     893.5225     75.64228
       597   1006.7878    551.8699     9284.665      312.447  15.0806   0.0365     5.21    0.202  13.21   0      46.88      2647.89     81.11685
       598    886.2138    553.1042      8823.21     420.8889  15.1359   0.0518    10.33    0.613  -8.42   0         31      1488.14     77.60419
       599    448.7136    553.1941     5274.182     270.2203  15.6946   0.0556     4.45    0.208   8.70   0      29.24     1580.012     78.06757
       600     91.4944    552.7878     6288.825     299.0435  15.5036   0.0516     4.46    0.192   3.74   0      34.98     1970.515     79.19625
       601    984.3795    548.4641     5776.533     394.0299  15.5958   0.0741     5.43    0.328 -27.26   2      21.58      1058.14     76.73138
       602    653.0580    552.1011     8927.656     379.1867  15.1232   0.0461     4.92    0.353   9.93   3      37.24     2158.708     79.35262
       603    653.1472    546.4887     9411.153     314.9593  15.0659   0.0363     8.08    0.549 -24.07   3      50.11     3242.106     82.39716
       604    478.6645    552.2146     5659.117     348.9897  15.6181   0.0670     4.56    0.250  -3.10   0      29.57     1635.568     78.22913
       605    953.3099    549.0150     3368.581     304.3943  16.1814   0.0981     4.65    0.373   0.64   0      17.05     921.2514     75.72555
       606    264.5683    547.2151     9747.754     341.7864  15.0277   0.0381     4.51    0.202  -4.39   3      50.17     2924.937     82.25949
       607    265.5290    539.9778     10108.71     323.7777  14.9883   0.0348     4.45    0.207  -6.72   3       51.2     2958.749     81.98319
       608    307.2862    546.5526     5106.391     252.6465  15.7297   0.0537     4.69    0.268   7.59   0      27.29     1404.384     77.16193
       609    254.5189    546.5579     4640.699      316.336  15.8335   0.0740     4.19    0.304   7.49   0      24.39     1314.286      76.8961
       610    165.8550    546.4690     2978.764     184.4099  16.3149   0.0672     4.16    0.219  12.18   0      20.33     1158.124     76.63161
       611    863.4295    544.7644     3305.916       202.46  16.2018   0.0665     5.36    0.262  16.97   0      21.07     1185.044     77.30306
       612    526.9644    544.7292     3935.862      243.929  16.0124   0.0673     4.76    0.170  27.06   0      22.83     1221.098     77.01559
       613    124.6855    543.5655     9649.682      295.225  15.0387   0.0332     4.98    0.169  -0.50   0      50.26     2819.985     81.41126
       614    945.4694    541.0887     16290.42     394.3125  14.4702   0.0263     5.22    0.197  27.95   0      68.77     3452.889     82.97652
       615     32.0888    539.9987     61943.81     377.9173  13.0200   0.0066     4.26    0.180  -4.80   0      228.2     17814.23     116.0764
       616    221.0297    542.1312     5470.464     327.5362  15.6549   0.0650     4.48    0.282   8.61   0      28.52      1641.92     78.24759
       617    415.9484    541.7377     4569.301     150.2665  15.8504   0.0357     0.00    0.210  75.37   0      71.92     3799.105     84.28062
       618    787.3799    533.8826     217205.4     576.7291  11.6578   0.0029     5.23    0.139  67.95   0      496.5     45013.21     160.7386
       619    139.6054    540.5522     3358.113     238.6642  16.1848   0.0772     5.21    0.346  -5.49   0       20.9     1182.496     77.09884
       620    753.5867    537.4134     3796.573     227.6934  16.0515   0.0651     4.04    0.319  -8.84   0      23.46     1341.542     77.37021
       621    642.3503    533.7585     14492.69       505.63  14.5971   0.0379    12.56    0.153 -75.07   0      51.57     2695.657     81.43728
       622    734.7571    536.6525     3709.093     323.9762  16.0768   0.0949     4.19    0.142 -12.38   0      17.15     904.3894     76.27463
       623    993.1978    534.0271     19724.17     364.3394  14.2625   0.0201     4.42    0.265  -4.88   0      90.49     5692.609     89.58045
       624    415.2758    534.7661     6608.154     450.2429  15.4498   0.0740     7.44    0.422   3.71   0      21.72     955.5078     76.22781
       625    391.8757    534.5983     2808.843     236.5408  16.3787   0.0915     4.87    0.270  10.68   0      16.87     946.5327     76.20105
       626    120.1758    530.6049     66295.62     391.3473  12.9463   0.0064     4.21    0.189  -4.43   0      241.6     19356.24     119.1848
       627    238.9542    532.3259     3538.558     309.4683  16.1279   0.0950     4.46    0.230   1.59   0      18.27     936.7247     76.17179
       628    379.4341    529.6305      24252.7     350.2166  14.0381   0.0157     4.37    0.219  -1.98   0      109.4     6965.735     92.75425
       629    570.8841    527.2280     15000.62     466.0092  14.5597   0.0337     6.58    0.253 -71.89   0      54.96     2380.532     80.17508
       630    671.5094    528.3145     8781.481     197.2884  15.1411   0.0244     6.53    0.404 -27.00   0      101.9      6959.15      92.2455
       631    476.8556    526.5342     31861.81     418.8909  13.7418   0.0143     4.64    0.103 -41.41   0      127.8     7828.435     94.36293
       632    435.9576    538.7381     14822.47     366.4861  14.5727   0.0269     4.92    0.198   1.03   0       67.4     3965.718     84.72872
       633    699.2440    525.8267     9313.412     272.2051  15.0772   0.0317     9.31    0.121  23.23   0       50.5     2783.078     81.86662
       634    986.5045    524.3337     9624.773     401.9515  15.0415   0.0454     6.42    0.208 -69.83   0       36.4     1587.898     77.70058
       635    951.2996    525.8268     3197.302     283.5984  16.2380   0.0963     5.97    0.254   9.71   0      19.08     985.2991     75.51637
       636   1014.7509    525.0846     6250.715     271.0403  15.5102   0.0471     4.12    0.229   5.33  16      36.11     2057.042     79.06091
       637     83.2501    524.2484     6120.836     377.5006  15.5330   0.0670     4.55    0.207  -1.37   0      26.67     1440.291     78.04989
       638    206.4396    523.2095     3790.729     309.6534  16.0532   0.0887     4.68    0.253   2.35   0      18.91     1053.701     77.11314
       639    622.9872    529.9576     26111.51     401.8274  13.9579   0.0167     4.49    0.090 -76.07   0      106.2     6656.789     91.99413
       640    418.9315    522.0904     5635.273     303.5909  15.6227   0.0585     4.55    0.231  -2.67   0       29.6      1647.61     77.87504
       641    355.3528    520.7842     3277.008     279.6179  16.2113   0.0927     3.44    0.170  -5.51   0      18.51     1097.579     77.04549
       642    229.1464    508.1177      1225780     879.5419   9.7790   0.0008     4.33    0.181   0.70   0       1358       335170     397.0713
       643    892.0352    516.7480     20512.65     382.1138  14.2199   0.0202     5.28    0.302  23.12   0      87.35     4975.844     87.39626
       644    670.8423    520.0419     3695.348     299.6113  16.0809   0.0881     6.33    0.482   2.03   0      18.08     907.0244     75.68284
       645    857.2813    517.5819     3743.481     261.7754  16.0668   0.0759     4.64    0.346  12.81   0      23.19     1283.767     77.20031
       646    968.1107    516.9022     3425.997     290.3943  16.1630   0.0921     4.71    0.362  -9.70   0      16.61     968.5247     75.66685
       647    315.9525    516.5278     6386.317      401.064  15.4869   0.0682     5.45    0.212 -36.64   2      25.83     1327.397     77.32864
       648    948.8137    515.2972     3121.328     238.4386  16.2642   0.0830     5.70    0.252   0.83   0      17.51     981.1238     76.10485
       649    499.2613    514.4786     3119.379     186.6287  16.2648   0.0650     3.76    0.194  -1.04   0      20.56     1190.826     76.53033
       650    474.1357    509.9319     11037.03     387.3719  14.8929   0.0381     4.34    0.126 -16.36   2      48.59     2744.647     81.20068
       651    796.2473    513.1225     5345.562     374.0003  15.6800   0.0760     4.10    0.165   9.82   0       23.1     1250.044     76.90373
       652    647.7395    513.4715     3137.446     284.8863  16.2586   0.0986     3.65    0.275  17.96   0      17.63      1039.17     76.47684
       653    769.8971    508.1771     100358.1     478.1486  12.4961   0.0052     5.21    0.205 -32.53   0        305     23270.74     125.8271
       654    699.5896    509.9948     4002.662     293.4446  15.9941   0.0796     4.43    0.239  18.50   0      21.98     1236.855     77.06208
       655    806.9225    508.7253     14340.43     494.1679  14.6086   0.0374     4.34    0.189 -13.18   2      40.13     1564.192     77.43533
       656    674.8636    507.7113     15272.92      315.572  14.5402   0.0224     8.62    0.321  -2.39   0      76.31     4596.752     86.05254
       657     59.0148    507.2019     3554.073     317.9517  16.1232   0.0972     4.62    0.078  46.73   0      18.37     991.7631     76.33583
       658    314.6434    504.8182     22143.32     626.1226  14.1369   0.0307     4.75    0.234   7.56   1      53.86     2756.468     81.79271
       659    301.8154    505.0504     28143.96     403.9164  13.8765   0.0156     4.27    0.329  10.09   2      105.8     5598.986     89.17245
       660    623.5597    505.1354     3982.323      242.411  15.9997   0.0661     4.62    0.239  22.97   0      22.79      1239.28     77.06923
       661    114.6288    503.7108     10431.23     443.6921  14.9542   0.0462    10.73    0.480  27.59   0      35.63     1230.894     76.64923
       662    736.9166    505.1382     3204.844     287.5928  16.2355   0.0975     5.57    0.380  -1.71   0      17.48     1002.615     75.96935
       663    696.9979    503.7694     6080.479     382.4725  15.5402   0.0683     5.06    0.236   2.17   0      25.16     1378.827      77.8707
       664    506.1440    501.0757     8514.888     319.1073  15.1746   0.0407     7.01    0.326  -5.38   0      43.04     2335.062     80.04608
       665    346.4676    501.0244     9530.871     326.8753  15.0522   0.0372     9.66    0.180 -21.69   0      45.53     2358.242     80.30122
       666    852.6396    501.9362     4558.948     357.9498  15.8528   0.0853     4.24    0.350   2.23   0      18.95     1089.819     76.62721
       667    456.2878    500.6864     4301.344     273.5963  15.9160   0.0691     4.39    0.192  -5.61   0      24.27     1289.281      77.0196
       668    170.0914    496.9955     21735.17     346.3937  14.1571   0.0173     4.16    0.184  -1.70   2      101.8     6679.706     91.72016
       669    163.9760    492.6552     4148.053     152.1444  15.9554   0.0398     2.77    0.313 -89.60   2      51.79     3214.527     82.68922
       670    286.4448    494.8904     15171.43     471.7604  14.5474   0.0338     5.44    0.246  45.39   0      58.48     3171.316     82.20167
       671     79.0090    496.3734     5226.042     378.9706  15.7046   0.0788     3.59    0.184   1.43   0      19.46     1116.292     76.90343
       672     62.2115    494.0183     27860.42     450.8506  13.8875   0.0176     4.14    0.225   2.74   2      108.1     6996.699      92.5023
       673    959.5546    493.4462     4276.483     236.3457  15.9223   0.0600     7.40    0.423 -36.99   2       29.7     1925.272     79.25816
       674    956.0568    492.2271     3668.741     148.8982  16.0887   0.0441     4.85    0.272  89.26   3       57.3     2931.358     81.90722
       675    214.7040    493.6273     12657.62     197.9036  14.7441   0.0170     0.00    0.302  52.26   0      133.7     10370.39     99.84324
       676    983.0227    491.1866     2453.387     274.8339  16.5256   0.1217     4.92    0.184 -85.21   0      13.75      747.426     75.80549
       677    824.8945    491.0605     6857.026     423.4279  15.4097   0.0671     6.20    0.344  -7.39   0      24.54     1213.994     76.40058
       678    182.2867    489.4266     8650.184      418.987  15.1574   0.0526     4.60    0.255  -6.30   0      33.61     1879.522     78.54894
       679    937.0283    488.4965     18737.68      319.249  14.3182   0.0185    10.15    0.216  -7.90   0      89.53     5279.796     87.49152
       680    445.8542    486.8880     5093.589     305.6795  15.7324   0.0652     4.62    0.288   0.86   0      28.78     1600.684     77.73797
       681    390.3814    486.0422     8925.146     493.2131  15.1235   0.0600     9.82    0.560 -22.00   0      28.03     1161.066     77.23254
       682    475.6460    494.8759     5160.648     243.5132  15.7182   0.0512     7.59    0.229  12.28   0      30.75     1652.818     78.08498
       683    586.8286    486.0285     3477.699     282.4821  16.1468   0.0882     6.85    0.306  -8.29   0      18.27     927.2322     76.54134
       684     81.0951    486.1077     2971.953     173.8017  16.3174   0.0635     0.00    0.132  25.58   0      38.34     1820.801     78.57239
       685    734.8145    480.8947     15350.27     363.6947  14.5347   0.0257     4.33    0.237  12.82   2      64.57     3744.156      83.7705
       686    279.4621    483.8758      10859.2     421.0862  14.9105   0.0421     4.57    0.275  -0.85   0       44.2       2480.8     80.64734
       687    575.2578    480.6646     3523.598      294.366  16.1325   0.0907     4.16    0.158  13.96   0      18.31     1017.995     76.41389
       688   1011.8875    478.3417     4112.103     334.6313  15.9648   0.0884     7.30    0.219  -6.25   0      19.67     946.5148     75.80133
       689      5.5113    510.1373     6608.479     320.1275  15.4497   0.0526     5.50    0.236  -8.99  16      32.39     1719.911     78.08575
       690    614.5784    475.5299     5929.573     326.6945  15.5674   0.0598     4.47    0.308  12.04   2       28.6     1574.847     78.24686
       691    663.1184    474.5534     5731.839      240.914  15.6043   0.0456     4.74    0.333 -18.10   0       35.3     2252.123     79.61972
       692    297.1647    475.1799     8659.964     407.0414  15.1562   0.0510    10.13    0.556   7.45   0       33.9     1787.438     79.24616
       693    268.7031    475.5803     3959.781     339.0374  16.0058   0.0930     4.88    0.299 -14.10   0      18.86     980.7792     75.70364
       694    831.4402    474.4550     4305.161     312.4705  15.9150   0.0788     4.24    0.297   0.15   0      23.47     1303.942     77.45601
       695    321.5910    473.5152       6148.2     387.4441  15.5281   0.0684     4.23    0.227 -17.43   0      24.17     1275.803     77.17686
       696    977.1063    471.8231     5290.109     299.5537  15.6913   0.0615     4.15    0.154 -11.49   0      28.73     1665.671     77.73259
       697    335.0267    466.9250     32762.08     488.7809  13.7116   0.0162     5.53    0.451 -29.42   0      119.8     7148.115     92.87357
       698    697.1425    469.7540     5934.028     285.7832  15.5666   0.0523     4.39    0.281  -0.25   0       31.3     1837.655     79.00652
       699    848.9490    466.7971     36063.61      335.906  13.6073   0.0101     4.32    0.236  -2.57   0      155.2     10907.52     101.6579
       700    130.4387    466.7123     29673.34     328.1007  13.8191   0.0120     4.26    0.179  -5.36   3      131.8     8657.877     96.18215
       701    129.5576    458.3984     15847.57     385.2878  14.5001   0.0264     4.51    0.139 -19.66   3      67.01     3835.989     84.73923
       702     84.1270    466.7521      26994.3     381.9944  13.9218   0.0154     4.11    0.197  -4.09   0      117.7     7690.891     94.19244
       703    252.0677    461.7101     220350.2     502.0296  11.6422   0.0025    13.57    0.261  -1.79   0      516.8     55694.84     174.9316
       704      3.1631    467.3069     7274.312     285.5204  15.3455   0.0426     4.71    0.083  -1.29  24      36.19     1952.593     78.37347
       705    376.0167    466.3461     6779.385     449.4854  15.4220   0.0720     6.39    0.349  25.42   0      21.73     1011.693     76.59369
       706     19.6156    466.1641     11768.55     516.3075  14.8232   0.0476     5.16    0.243 -13.43   0       32.1     1774.872     79.21011
       707    494.5539    464.0471     4795.424     266.9881  15.7979   0.0605     4.41    0.174   6.85   0      28.36     1510.698     78.06032
       708    187.9363    464.3601     4647.031     271.0965  15.8321   0.0634     4.02    0.208  -4.73   0      26.94     1587.824      78.0903
       709    161.0055    463.7521     6614.921     346.3382  15.4487   0.0569     4.81    0.300 -10.53   0      30.77     1673.269     78.53222
       710     39.9346    464.3978     5040.648     386.7938  15.7438   0.0833     7.86    0.408  21.25   0      21.39     929.2615      76.3487
       711    796.1874    461.2923     7374.987     321.8531  15.3306   0.0474     4.90    0.322 -16.78   0      35.24     1908.151     78.63173
       712     29.3363    462.9705     3147.037     279.5122  16.2552   0.0965     6.41    0.364  -2.89   0      17.87     937.7028     76.17471
       713    978.7604    460.5957     7581.188     333.5819  15.3007   0.0478     4.78    0.212   0.09   0      38.22     2151.156      80.0931
       714    597.6705    460.5431     4868.358     414.1895  15.7815   0.0924     8.25    0.413 -41.34   0      18.44     638.4949     75.07468
       715    515.0005    460.4927     5622.611     362.8347  15.6252   0.0701     4.66    0.360 -18.46   2      26.35     1434.252     77.64207
       716    521.5101    458.0248     10728.75     183.6651  14.9236   0.0186     3.22    0.472  -1.39   3      117.5     8439.927     95.50687
       717     69.7208    461.6433     3051.211     286.1475  16.2888   0.1018     4.04    0.234  18.38   0      16.55     924.7106      75.9362
       718    577.0637    460.7403     2961.769     292.6373  16.3211   0.1073     6.17    0.337 -26.50   0      15.58     790.6509      75.7347
       719    210.9365    456.7150     11113.54     296.3498  14.8854   0.0290     9.28    0.176 -33.22   0      58.29     2933.735     81.54216
       720    865.3299    454.6961     8176.539     209.6744  15.2186   0.0278     3.87    0.423  10.58   0       73.9     4767.981     86.32784
       721    118.2875    452.7794     6979.827     315.6152  15.3904   0.0491     4.58    0.224  -1.13   0      38.86     2170.614     79.38671
       722    952.5629    452.6636     4254.809     312.4339  15.9278   0.0797     4.67    0.368  10.49   0      21.38     1179.978     76.89416
       723    568.9918    451.5036     4027.562     262.0219  15.9874   0.0707     5.46    0.152  37.30   0      22.85     1167.809     76.85818
       724    413.3715    452.3264     7160.913     410.8505  15.3626   0.0623     5.20    0.330  -3.84   0      27.38     1416.884     77.59121
       725    673.2254    450.5553     4630.014     357.9949  15.8360   0.0840     4.80    0.275   5.80   2      24.16     904.9861     76.47525
       726    651.8182    449.5843     12472.61     309.8946  14.7601   0.0270     4.43    0.137  42.56   0      56.53     3218.537     82.70023
       727    615.4868    451.5757     4613.741     310.2569  15.8399   0.0730     4.62    0.347  11.90   0      23.74     1316.769     76.90344
       728    589.9169    450.1030     8821.587     431.5776  15.1361   0.0531     4.93    0.188  32.17   0      34.46     1741.204     78.14771
       729     19.4607    448.3180     29319.11     443.0977  13.8321   0.0164    14.70    0.509 -28.94  16      94.03     3420.987     82.88909
       730    486.1670    450.2951     3043.235      305.397  16.2917   0.1090     4.74    0.240  -3.82   0      16.01     828.2531     75.04223
       731    154.4470    449.2948     5521.377     266.1827  15.6449   0.0524     4.31    0.232 -14.06   0      31.02     1761.821     78.01321
       732     64.2484    447.8722     8544.217     459.5568  15.1708   0.0584     5.46    0.408  13.83   2      26.21     1301.819     77.25343
       733    379.3783    449.1888     4334.762     300.0959  15.9076   0.0752     4.57    0.254   5.91   0         24     1310.071     77.47399
       734    602.3429    446.0660     13128.75     502.7561  14.7044   0.0416     9.37    0.373  43.76   0      45.32     1747.438     78.55347
       735    781.1754    448.0611     3006.084     264.0264  16.3050   0.0954     6.30    0.487   0.01   0      16.31     853.9883      76.1243
       736    412.6559    437.8599     197072.5      489.055  11.7634   0.0027     4.37    0.143 -23.51   0      493.4     55396.12     174.9776
       737    940.4913    441.8289     6296.664     340.6004  15.5022   0.0587     4.84    0.266  -1.51   0      32.36     1755.487     77.99475
       738    986.3587    441.6199     4910.745     356.0467  15.7721   0.0787     5.09    0.324  -6.56   0      21.63     1107.008     77.07329
       739    114.4388    440.8269     4361.333     223.2104  15.9010   0.0556     5.05    0.212   6.08   0      25.08      1349.88     77.78618
       740    994.6014    437.7289     9306.539     456.6196  15.0780   0.0533     9.54    0.432  -8.10   0      33.52      1674.85     78.34317
       741    638.4594    439.2182     2453.986     278.9482  16.5253   0.1234     4.02    0.265  -1.66   0      12.82     681.7206      75.4071
       742    789.3453    433.5389     11894.86     302.0196  14.8116   0.0276     5.20    0.340  15.54   0      54.54     3002.251     82.28847
       743    623.0616    431.3590     5537.274     321.7351  15.6418   0.0631     7.88    0.106 -52.70   0      23.71     1136.857      76.7666
       744    454.8942    430.9779     3500.686     277.0724  16.1396   0.0860     3.76    0.099  41.85   0      17.98     941.0181     75.58418
       745    715.1372    428.4589     32008.46     355.2141  13.7368   0.0121     4.30    0.227  -3.34   0      137.4     9119.881     97.57949
       746     91.2137    428.8897      4875.48     336.2804  15.7800   0.0749     4.32    0.304   5.82   0      23.51     1283.804     76.80595
       747    925.5885    427.3188     3872.199      322.917  16.0301   0.0906     4.77    0.349 -10.76   0      20.39     1101.793     76.66272
       748    802.3494    425.6971     7324.102     251.6338  15.3381   0.0373     4.14    0.215 -10.84   0      39.64     2220.801     79.33907
       749    229.7380    424.5056     23158.31     351.6717  14.0882   0.0165     4.18    0.191  -6.88   0      105.4     6590.917     91.16731
       750    168.9187    425.4980     9268.215      289.736  15.0825   0.0339     4.56    0.224 -11.45   0      47.86     2621.054     80.47746
       751    652.3089    425.9504     4487.819     336.0183  15.8699   0.0813     7.84    0.687  10.39   0      16.57     623.2702     74.82588
       752    474.9779    423.9784     16111.61     322.1238  14.4822   0.0217     4.20    0.237  -4.51   0      79.41     4992.244     87.78558
       753     33.8722    425.2112     5414.993     313.2767  15.6660   0.0628     8.47    0.313 -14.10   0      24.82     1245.651     77.28478
       754    273.0086    424.1691     3927.012      295.963  16.0148   0.0818     3.74    0.152  -2.25   0       21.3     1245.579     77.48083
       755    438.4524    418.4486     95019.48     428.5727  12.5555   0.0049    10.76    0.170 -21.58   0      303.7     25967.42     131.1873
       756    758.0721    422.0361     2925.125     287.3716  16.3346   0.1067     6.40    0.512  -0.27   0      14.87       706.62     75.48211
       757    123.1145    421.5663     4863.141     323.6136  15.7827   0.0723     5.29    0.343  -4.51   0      23.58     1214.515     76.79866
       758    484.3799    420.2746     4229.177     316.0402  15.9344   0.0812     5.21    0.256  -4.50   0      21.06     1101.708     76.86031
       759    884.9330    419.2231     3073.219     202.1986  16.2810   0.0715     6.83    0.394 -35.72   0      20.64     1107.763     76.87823
       760    328.3729    416.9887     38427.73     393.5906  13.5384   0.0111     4.93    0.263  -8.66   0      153.3     10204.18     100.2247
       761    684.8965    424.6389     3248.175      287.627  16.2209   0.0962     3.56    0.208   3.44   0      19.67     1127.421     75.94289
       762    907.8224    416.5629     9148.292      448.147  15.0967   0.0532     8.71    0.405  11.66   0      31.23     1656.814     78.87065
       763    579.4895    413.7638     5730.583     359.7499  15.6045   0.0682     8.18    0.322 -11.66   0      25.46     1156.043     76.42697
       764    969.0644    413.7292     2556.521     203.4915  16.4809   0.0864     4.82    0.235 -73.15   0      23.62     1375.358     77.27319
       765    872.9966    411.9883     17880.72     330.3394  14.3690   0.0201     4.32    0.211  11.42   0      84.21     5263.528      88.1412
       766    788.0735    412.2925     5387.539     412.6381  15.6715   0.0832     6.69    0.215  23.82   2      17.99     705.9168     75.07648
       767     17.2631    412.6063     4627.809     323.4483  15.8366   0.0759     6.40    0.373  11.29   0      22.13     1113.434     76.89499
       768    828.7882    408.1726     7604.287     332.4575  15.2974   0.0475     4.24    0.305   9.57   2      34.45     1958.325     79.35288
       769    697.1874    410.6507     9041.466     294.7564  15.1094   0.0354     4.59    0.289  -0.68   0      47.32     2708.912     81.47427
       770    617.5978    408.3688     9258.247     339.2295  15.0837   0.0398     8.60    0.362 -44.79   0      37.17     1502.067     78.22956
       771    211.8162    409.7431      5405.77     347.7345  15.6679   0.0699     5.10    0.325  -4.78   1      24.99     1329.194     77.53007
       772    220.8657    408.4647     9403.367     386.4122  15.0668   0.0446     4.98    0.037 -13.44   0      39.75     1959.595     78.97282
       773    548.0311    410.8912     17366.83      294.735  14.4007   0.0184     9.95    0.242   9.21   0      84.08     4648.064     85.83481
       774   1018.3210    399.5383     168569.7      449.354  11.9331   0.0029     4.22    0.127   0.38  24      449.6     47400.02     163.8935
       775    143.8433    397.3215       116674     518.3583  12.3326   0.0048     8.80    0.366  22.67   0      320.8     23466.62      126.541
       776    327.3716    401.6010     4000.802     290.8438  15.9946   0.0789     4.07    0.318   4.82   0      20.34     1145.062     77.18542
       777    220.1461    398.2725      8909.59     292.0662  15.1254   0.0356     4.36    0.231   1.13   0      47.68     2815.671     81.39922
       778    453.7778    394.3831     59133.78     396.8514  13.0704   0.0073     4.44    0.304  -0.74   0      219.1     16619.32     113.9796
       779    641.4613    394.1350     21891.04     325.0099  14.1493   0.0161     4.15    0.232  -5.48   0      103.3     6666.879     91.68837
       780    401.6909    396.5189     2694.424     272.2581  16.4238   0.1097     4.42    0.227 -33.90   0      15.22      763.194     75.45123
       781    819.7704    396.0301     3101.452     296.6112  16.2711   0.1039     5.01    0.222   1.89   0       14.4     776.5797      76.0927
       782    478.7504    395.3913     3334.192     289.0117  16.1925   0.0941     6.08    0.277   2.87   1      18.21      953.907     76.42203
       783    119.7224    393.1156     17731.48     318.5319  14.3781   0.0195     4.35    0.238  -3.37   0      85.82     5181.727     87.41032
       784    594.5254    391.2331     2040.856     240.5839  16.7255   0.1280     4.38    0.263   2.11   0      13.29     768.2073     75.66731
       785    479.4880    388.4366     16411.07     400.1168  14.4622   0.0265     6.54    0.262  -1.34   0      71.07     4155.852      84.8801
       786    902.2390    387.3755      4764.32     253.8388  15.8050   0.0579     6.83    0.594 -24.24   0      40.45     2611.867     81.38992
       787    323.0982    388.9771     3083.413     292.7318  16.2774   0.1031     5.68    0.470 -16.31   0      16.13     860.8892     75.14101
       788   1002.0342    387.1768     3639.634     243.6528  16.0974   0.0727     4.17    0.138  -1.61   0      20.59     1170.208     77.25943
       789    104.3865    385.5074     16208.36     295.1297  14.4757   0.0198     4.39    0.200  -9.51   0      80.49     4770.766     86.51091
       790    818.4321    385.2548      7379.71      393.991  15.3299   0.0580     4.47    0.262   3.04   0      32.47     1823.864     78.77428
       791    164.8269    384.9585     11750.01     294.2682  14.8249   0.0272     4.10    0.187  -2.94   0      62.37     3825.413     84.71087
       792    463.1195    383.5538      13750.7     402.3949  14.6542   0.0318     4.60    0.277  -0.01   0      60.85     3417.743      82.8802
       793    348.1637    384.9781      3820.48     320.5201  16.0447   0.0911     4.83    0.348  14.54   3      17.47     914.2963     76.70119
       794    343.2905    383.0653      4830.79     329.4055  15.7900   0.0741     0.73    0.037 -79.62   2      22.87     1539.281     77.55824
       795    796.2303    383.5896     4431.561      307.665  15.8836   0.0754     4.27    0.303  -6.70   0      23.71     1320.089     77.69908
       796    558.8590    383.6376     3929.502      328.783  16.0142   0.0909     5.18    0.196 -15.89   0      19.14     1067.114     76.55984
       797    138.9110    382.0510     12554.46     381.3543  14.7530   0.0330     4.48    0.249   4.14   0       57.2      3348.61     82.69041
       798    129.5824    382.7865      6661.92     352.8849  15.4410   0.0575     4.61    0.248   0.78   1      32.81      1809.82     78.73375
       799    708.6567    382.8645     2390.203      227.957  16.5539   0.1036     5.60    0.201 -36.25   0      15.24     843.0283     76.09157
       800      7.1848    381.6409     8403.091     403.1481  15.1889   0.0521     6.43    0.297 -27.91  26      30.53     1299.616     77.83455
       801    956.6150    378.8756     45606.06     376.1253  13.3524   0.0090     4.27    0.197  -2.96   0      182.9     13280.92     106.9744
       802    753.3606    380.8167     6962.895     356.2901  15.3930   0.0556     4.62    0.273   1.82   0      31.96     1784.729     79.23839
       803    324.1836    380.9707     7290.393     411.8451  15.3431   0.0613     5.09    0.225   0.74   0      29.51     1526.735      78.3012
       804    864.1974    379.6678     6809.122     346.4656  15.4173   0.0553     5.61    0.222 -34.62   0      30.88     1455.357     77.70382
       805    625.4140    380.0701     4079.604     282.9659  15.9735   0.0753     3.36    0.170  -8.84   0      22.17     1330.734     77.53458
       806     29.0146    378.0318     17959.84     307.7857  14.3642   0.0186     4.38    0.214   6.33   0      85.98     5345.218     88.86578
       807    397.0342    375.7850     7636.958     297.5249  15.2927   0.0423     9.45    0.535  -4.97   0      33.94     1705.862     79.01186
       808    914.9835    375.7281     4463.977     339.3753  15.8757   0.0826     5.13    0.235  -2.95   0      19.42     1031.008     76.65098
       809     89.3991    374.9283     7111.528     243.7746  15.3701   0.0372     4.15    0.272   5.09   0      40.49     2356.779     80.29708
       810    757.1238    373.6388     3566.702     328.5321  16.1193   0.1000     4.29    0.225  -7.18   0      16.85     894.1507     76.04465
       811    975.3181    370.0337     11484.93     276.7697  14.8497   0.0262     4.36    0.195  -9.15   0      62.05     3680.752     83.77978
       812    246.4919    372.0068     2817.667     303.9826  16.3753   0.1172     3.55    0.384 -25.99   0      13.53      703.961      75.4741
       813    487.5369    362.7498     277483.8     526.5397  11.3919   0.0021     4.30    0.181  -5.53   0      603.1     77665.14     201.6896
       814    229.0048    369.4012      3149.65     292.7832  16.2543   0.1010     4.25    0.245  -9.83   0      16.51     879.3234     76.00033
       815    369.0445    364.7071     112830.5     415.6756  12.3689   0.0040     4.25    0.170  -2.57   0      348.1     32174.17     141.1023
       816    544.5696    364.4335     49512.95     369.3396  13.2632   0.0081     4.38    0.189   5.16   0      192.2     13935.58     108.4964
       817    338.8137    366.3611     13851.67     390.9669  14.6462   0.0307     8.05    0.315   1.62   0      61.81      3697.71     84.54738
       818    654.8577    374.0313     28285.79     383.7527  13.8711   0.0147     6.97    0.274   1.98   0      120.7     7789.853     94.26996
       819     70.4260    365.8842     6068.739     171.2792  15.5423   0.0307    -0.99    0.460 -15.40   0      84.34     4949.802     87.15442
       820    954.3800    364.3964     3932.604     317.0268  16.0133   0.0875     4.18    0.299  11.80   0      19.54     1112.628     76.69483
       821      4.4836    362.1431     15976.97     310.0143  14.4913   0.0211     4.33    0.148   1.85  24      78.61     4645.503     86.18121
       822    876.5637    362.1329     11666.97     469.2607  14.8326   0.0437     9.74    0.416  11.00   0      42.27     1726.891       78.494
       823    672.0048    362.1070     8757.744     334.3825  15.1440   0.0415     4.30    0.228  -6.34   0      44.84     2618.846     81.03544
       824    771.7392    361.4639     4119.012      328.914  15.9630   0.0867     4.82    0.216   4.85   0      19.74     1141.102     76.77917
       825    744.5637    360.4524     11794.47     444.3899  14.8208   0.0409     4.72    0.308   0.63   2       41.4     2382.897     80.37096
       826    255.1408    360.3767     11961.96     326.2419  14.8055   0.0296     4.60    0.263   7.17   3      59.99     3512.437     83.50401
       827    261.4081    355.9546     30682.54     480.7568  13.7828   0.0170     4.23    0.226  -9.62   3      108.9     6933.151     92.67437
       828    177.0196    358.2891     47165.19     410.8004  13.3159   0.0095     4.19    0.128 -42.68   2        179     12664.51     105.0801
       829    644.9675    355.6141      18146.7     430.3281  14.3530   0.0258     4.32    0.195   0.37   0      73.42     4553.978     86.81862
       830    973.0803    351.7091     35408.67     335.4626  13.6272   0.0103     4.47    0.235  -0.70   0        153      10635.3      100.897
       831    848.3854    357.8981     6052.562     277.7943  15.5452   0.0498     4.65    0.312  12.60   0      32.07     1751.843     78.37267
       832     90.9624    352.4421     30031.37     360.3257  13.8061   0.0130     4.24    0.205   1.42   0        130      8521.43     96.17554
       833    424.8745    351.5120     8826.043     282.7527  15.1356   0.0348     4.52    0.232   3.22   0      48.68     2857.258     81.32872
       834    143.4598    343.8778      8153.32      311.623  15.2217   0.0415     4.68    0.227   1.43   3      40.64     2271.112      79.6739
       835    599.1882    349.0107     13461.14     387.8137  14.6773   0.0313    10.30    0.477 -36.02   0      48.37      1698.14     78.41071
       836    621.9890    349.2706     5666.461     309.8039  15.6167   0.0594     4.69    0.248  -0.02   0      28.78     1546.023     77.96855
       837    581.1908    349.5724     2843.291     239.7623  16.3654   0.0916     4.86    0.185  30.28   0      17.08     933.2366     76.36053
       838    866.7275    347.6696     12751.67      357.848  14.7361   0.0305     4.67    0.272  -0.57   0      60.06     3410.032     83.04214
       839    834.4532    348.7612     2093.783     210.3234  16.6977   0.1091     3.80    0.260   0.50   0      14.82     855.4877     76.12878
       840    686.1111    347.4025      4179.11     297.4358  15.9473   0.0773     3.93    0.220 -12.92   0      21.73     1272.916     77.16836
       841    233.1722    339.0985     138856.5     531.5781  12.1436   0.0042     4.21    0.327  25.23   2      374.6     35022.79     145.5139
       842    381.0778    345.9004     3917.118     267.6617  16.0176   0.0742     4.78    0.333  20.56   0      21.57      1160.67     76.24179
       843    454.0441    344.1367     6282.987     295.2054  15.5046   0.0510     4.24    0.256   1.67   0       34.1     2027.365     79.35923
       844     61.7631    344.1232     2475.741     228.0423  16.5157   0.1000     5.48    0.382 -11.39   0      15.14     805.2051     75.77836
       845     14.3758    342.3627     10658.81     373.1673  14.9307   0.0380     4.62    0.259  10.65   3      52.37     2995.503     82.63821
       846      8.3331    340.9097     7848.228     318.6321  15.2631   0.0441     5.28    0.242  31.62  19      39.16     2232.656     79.56413
       847    146.5126    350.6015     16604.29     301.7919  14.4494   0.0197     4.37    0.190  -5.21   3       80.2     4746.572     86.79798
       848     28.9675    338.9652     20323.14     326.2476  14.2300   0.0174     4.25    0.212  -1.70   0      95.53     6200.011     90.85865
       849    566.4472    338.0768     13918.72     282.8176  14.6410   0.0221     4.45    0.230  -0.42   0       71.3     4334.975     85.53611
       850    534.6023    337.7095     3825.682     316.9501  16.0432   0.0900     5.10    0.351  -5.07   0         18     951.4831     76.21581
       851    816.4758    335.1724     16483.22     323.5615  14.4574   0.0213     4.17    0.225  -0.29   0      82.63     5121.614     87.77451
       852    334.4905    336.7041     2360.097     197.5889  16.5677   0.0909     2.49    0.252  32.59   0      16.42     1016.188     76.20949
       853    259.8982    333.0890     32059.12     388.9208  13.7351   0.0132     4.21    0.192   4.18   0        134     8829.191     96.42874
       854    947.0115    333.7199     4386.559     292.4463  15.8947   0.0724     3.86    0.108  16.51   0      23.98     1361.275     77.42815
       855     98.2562    331.5402     6752.309     343.1246  15.4264   0.0552     4.67    0.159  -6.00   0      33.02     1744.564     78.93092
       856    652.7947    331.3758     2958.554     190.4624  16.3223   0.0699     4.61    0.229  17.39   0      18.05      956.281     76.42908
       857    517.2054    325.2399     7878.667     370.4467  15.2589   0.0511     9.32    0.191  -7.30   0      37.16      1779.39     79.03114
       858    825.7809    325.2074     15333.74     342.1679  14.5359   0.0242     4.35    0.223   1.08   0      73.37     4366.617     85.79734
       859     17.4073    326.5537     3455.069     254.1622  16.1539   0.0799     4.39    0.285   1.83   0      21.52     1191.714     77.32267
       860    164.7514    325.8031      2259.38     231.1357  16.6150   0.1111     5.13    0.382  18.81   0      13.65     725.3672     75.53854
       861    674.2990    323.9990     7128.195      375.082  15.3676   0.0571     4.91    0.254 -27.02   0      32.58     1777.929     78.64163
       862    391.1486    323.4536     5941.667      406.456  15.5652   0.0743     8.76    0.452 -36.87   0      23.23     880.0341     76.40106
       863    380.3000    322.6075     22831.87     341.5996  14.1036   0.0162     4.36    0.176  -2.34   2      99.05     6072.343     90.20262
       864    477.3976    323.8933     2636.663     276.3627  16.4474   0.1138     4.77    0.296 -14.04   0      14.51     797.8026     75.75616
       865    738.7775    319.8504     5214.343     170.1417  15.7070   0.0354     0.00    0.135  34.65   0      62.83     3592.318     84.08317
       866    572.5423    320.0436     2736.073      266.657  16.4072   0.1058     3.05    0.251  -1.66   0      15.78     926.1803     76.14032
       867    989.3251    318.3695     3775.847     307.1803  16.0575   0.0884     4.07    0.284 -10.94   0      19.93     1084.573     76.61165
       868    452.6713    318.0251     4518.043     258.0704  15.8626   0.0620     3.79    0.199  -9.21   0      28.14     1648.595     78.26698
       869    732.0269    347.0252     3092.809      297.882  16.2741   0.1046     5.41    0.407  14.34   0       15.7     834.4252     76.26527
       870    972.3550    315.0474     29838.67     371.6182  13.8131   0.0135     4.27    0.286  -8.98   2      125.4     8337.001     95.89722
       871    979.2418    307.0449     25425.65     371.9843  13.9868   0.0159     4.36    0.209  -6.71   3      109.9     6985.524     92.31046
       872     16.1815    317.9347     2959.631     223.4841  16.3219   0.0820     5.62    0.394   6.13   0      17.57     967.3752     76.26318
       873    892.8396    316.3022     5692.392     367.0399  15.6118   0.0700     4.38    0.243   0.64   0      26.08     1407.594     76.77678
       874    160.4050    316.2539     2778.024     284.5995  16.3907   0.1113     3.95    0.233  28.28   0      15.44     845.0262     76.09753
       875    931.0871    315.2553     3361.041     287.7162  16.1838   0.0930     4.64    0.291 -16.05   0      17.37     986.0403     75.91975
       876    606.2110    312.7430     26042.12     370.3158  13.9608   0.0154    11.59    0.318  -1.93   0      109.3     6825.341     92.24511
       877    186.7698    313.7542     13697.44     332.0544  14.6584   0.0263     4.32    0.252  -5.64   2      67.09     4043.788     85.29474
       878    193.4720    308.1853     6209.924     340.5425  15.5173   0.0596     4.70    0.291  -0.62   2      30.51     1662.085     78.49985
       879   1022.8599    308.7665      5526.44     179.2416  15.6439   0.0352     3.81    0.266 -87.45  24      41.27     2672.416     81.18554
       880    356.2902    306.1075     9825.459     389.5951  15.0191   0.0431     4.57    0.316  -5.25   2      38.14     2230.461     79.74854
       881    150.4410    308.7510     7711.102     276.4142  15.2822   0.0389     4.63    0.256   2.17   0       41.1     2290.398     80.29833
       882    880.3270    303.7120     71486.05     404.8026  12.8644   0.0061     8.19    0.216  -6.77   0      251.2     19992.97     120.0138
       883     68.5705    307.0218     6051.339     247.4314  15.5454   0.0444     0.00    0.222  -3.86   0      40.07     2681.171     81.58322
       884    558.9650    306.9973     2698.143     250.4707  16.4223   0.1008     4.97    0.420 -15.07   0      16.48     966.5796     76.65808
       885    211.8223    306.1241     4511.395     347.1494  15.8642   0.0836     5.89    0.411   6.60   0      16.25     849.1547     76.10986
       886    698.7222    299.0013      9391.02      369.323  15.0682   0.0427     4.71    0.098 -36.93   0      41.16     2268.135     80.04578
       887    204.9729    301.5168     5013.493     331.8279  15.7496   0.0719     5.28    0.381   1.03   0      22.57     1160.452      76.6385
       888    709.9387    300.9370     11528.17     145.5572  14.8456   0.0137     4.36    0.100  43.72   0      141.9     11254.02     102.4296
       889    169.9402    298.9606     24597.38      351.522  14.0228   0.0155     4.41    0.165 -13.71   2      106.8     6652.575     91.65291
       890    172.6358    291.3501     6480.357     398.2675  15.4710   0.0667     5.90    0.335 -34.32   3      23.41     1160.677     76.83708
       891    834.3961    292.2900     55179.45      387.786  13.1456   0.0076     4.27    0.182 -10.76   0      207.8     15512.68      111.479
       892    635.6822    297.9688     6173.925      427.525  15.5236   0.0752     6.91    0.540  14.52   2      18.56     865.8225     75.75974
       893     12.1984    296.1521     8433.597     380.8894  15.1850   0.0490     5.91    0.363   8.57  16      35.96     1895.291     78.98008
       894    772.9157    294.2444     14886.66     324.7847  14.5680   0.0237    10.08    0.301 -16.67   0      67.73     3195.915     82.26965
       895     70.3160    294.5356     21603.22      345.209  14.1637   0.0174     4.85    0.215  -2.13   0      98.78     6065.847     89.84882
       896    427.7714    291.8480     41503.54     390.5314  13.4548   0.0102     4.53    0.345   2.02   0      160.2     11048.22     102.2694
       897    365.8637    294.1440     6724.423     324.9182  15.4309   0.0525     4.17    0.256   7.79   0      35.32     2038.669     79.58266
       898    947.8856    293.1165     3590.591     255.7721  16.1121   0.0774     4.13    0.120  17.57   0      22.21     1235.789      76.8616
       899    924.4584    292.2464     2360.523     253.1815  16.5675   0.1165     3.44    0.284  -1.50   0      13.99      755.405     75.62885
       900    910.3695    289.7346     10894.14     309.9622  14.9070   0.0309     4.11    0.223   3.31   0      56.24     3317.413     82.97151
       901    496.7941    290.5313     6801.993     324.9724  15.4184   0.0519     4.48    0.206   1.21   0      39.48     2214.498     79.89335
       902    875.3004    289.8797     5507.237     375.1121  15.6477   0.0740     4.62    0.251  -5.67   0      24.13     1268.503     76.56255
       903    541.8170    288.8586      11330.4     376.6128  14.8644   0.0361     0.00    0.308 -18.36   2      53.36      3041.64     82.21265
       904    193.6502    290.5005     4681.725     278.0394  15.8240   0.0645     4.70    0.277  -0.46   0      27.63     1488.224     76.81763
       905    153.1888    286.1340     40713.14     368.0344  13.4757   0.0098     9.96    0.238  16.23   0        165     11506.33     102.9879
       906    973.6284    284.6245     31494.53     325.8831  13.7544   0.0112     4.31    0.219   1.01   0      139.2     9387.063     98.50865
       907    611.8269    282.4199     9209.631     257.7881  15.0894   0.0304     4.47    0.248   5.20   0      50.24     2972.031      82.3895
       908    118.8261    283.7987     2898.728     211.1915  16.3445   0.0791     4.04    0.313  -7.55   0      17.61     1021.623      76.8211
       909     14.6329    273.7060     743232.4     720.1135  10.3222   0.0011     4.22    0.155  -1.52  16       1042     200873.3     310.7425
       910    494.6482    280.5638     4738.325     349.4777  15.8109   0.0801     4.59    0.305   8.07   0      22.19     1187.903     76.91757
       911     82.0108    278.2990     27528.58     349.0883  13.9005   0.0138     4.40    0.187  -3.77   0      122.6      8013.43      94.9675
       912    525.7487    277.9118     11090.06     380.4806  14.8877   0.0373     7.92    0.485  12.16   0      42.26     1873.168     78.53056
       913    355.2042    279.6409     4576.089     371.4939  15.8488   0.0882     5.75    0.232  -9.14   0      17.37     851.6516     76.31659
       914    699.0620    276.1427     24075.58     364.9691  14.0461   0.0165     4.49    0.169  10.54   0      105.9     6536.807     91.53146
       915    474.8528    274.0926     94415.52     410.1373  12.5624   0.0047     4.31    0.158   2.36   0      306.6     26408.07     131.6027
       916    276.3419    277.4188     2757.027      224.972  16.3989   0.0886     5.20    0.292  30.56   0      17.74     965.2687      76.2569
       917    436.8259    275.9906     3843.059     304.7483  16.0383   0.0861     4.53    0.211 -13.84   0      20.48     1108.826     76.88136
       918    137.8703    273.3847     2553.348     216.1549  16.4822   0.0919     4.29    0.340   7.29   0      16.61     980.4238     76.50085
       919    747.1080    272.0815     6867.822     325.0185  15.4080   0.0514     4.61    0.237   6.06   0      36.27     2027.845       79.169
       920    254.0391    272.4293     4712.573     239.9505  15.8169   0.0553     4.42    0.286  -1.95   0      27.34      1550.99     78.37157
       921    398.8669    269.4931     15363.43     323.9482  14.5338   0.0229     4.28    0.173  -7.74   0      72.44     4164.344     85.08153
       922    326.1391    268.0873     58735.12     372.9409  13.0778   0.0069     4.29    0.188  -1.59   0      220.5     16738.61     113.6841
       923    957.8629    266.2989     3383.893     262.9112  16.1765   0.0844     4.72    0.116  17.92   0      18.71     967.6384     75.66418
       924    784.1390    265.7842     5501.415      342.295  15.6488   0.0676     4.65    0.256  11.94   0      26.38     1437.844     77.65258
       925    179.2926    261.9604       103282     419.5708  12.4649   0.0044     4.21    0.211 -10.74   0      324.8     28625.58     135.2659
       926     39.2345    265.2416     4609.701     269.6608  15.8408   0.0635     4.68    0.312 -11.20   0      25.64     1397.367     77.72965
       927    673.2002    262.5106     13994.28     293.4197  14.6351   0.0228     4.49    0.251   3.46   0      69.47     4076.275     85.02476
       928    368.7421    263.3977     3976.689     321.8128  16.0012   0.0879     5.04    0.114   2.53   0      19.37     968.3449     76.46495
       929    935.2222    261.3100     6368.383     280.7703  15.4899   0.0479     4.27    0.242  -3.00   0      34.61     1935.024     78.51617
       930    436.4347    261.1766     3913.122     329.9245  16.0187   0.0916     0.00    0.487 -53.55   2      20.32     689.1065     75.83098
       931    444.2992    259.1024     6548.781     354.9578  15.4596   0.0589     5.85    0.392  -1.14   2      30.57     1575.223      77.0746
       932    229.0750    254.4509     240037.8     534.8288  11.5493   0.0024     4.24    0.203 -22.65   0      551.6     66362.91     188.4435
       933    652.6222    270.0994     2473.108     262.1227  16.5169   0.1151     5.25    0.276 -13.75   0      14.43     770.2704     74.86642
       934    993.2422    258.4670     2971.923     238.2962  16.3174   0.0871     4.12    0.282  18.39   0      18.43     1067.613     76.56133
       935    883.6885    256.9718     5091.511      338.676  15.7329   0.0722     4.15    0.193  16.27   0      23.63     1265.666     76.75227
       936    764.8976    256.8136      3273.76     223.8033  16.2124   0.0742     7.71    0.356  84.81   0      20.42     1050.002     76.31026
       937    264.4652    256.8867     5776.932     257.7075  15.5958   0.0484     9.12    0.475   0.10   0      29.19     1492.658      77.4215
       938    614.0865    250.6776     165685.2     483.7565  11.9518   0.0032     4.34    0.302   7.18   0      435.6     44487.02     159.8029
       939    404.3552    253.0353     76082.03     413.8475  12.7968   0.0059     4.29    0.208  -4.02   2      264.5     21753.35     123.6714
       940    694.7510    252.1635     37769.72     344.8535  13.5571   0.0099     4.26    0.205   0.25   0      158.2     10926.28     101.6998
       941    946.3244    254.2970       2063.5     255.8996  16.7135   0.1347     5.07    0.199 -38.28   0      12.91     738.4711     75.17497
       942    198.1732    249.0392      19278.1     603.4476  14.2873   0.0340    13.30    0.639 -11.62   0      49.53     1761.477     78.97961
       943    936.4425    249.7496     2837.927     177.9462  16.3675   0.0681     0.00    0.440 -30.60   0       37.9     1898.237      79.1806
       944    894.9554    250.1680     2610.108     244.2501  16.4584   0.1016     5.42    0.396   0.96   0      16.02      902.189     76.46694
       945    570.9479    246.5382     10063.27     408.7541  14.9932   0.0441     7.08    0.485  19.24   0      40.68     1906.056     79.01105
       946    651.8101    246.1601     18805.92     314.5051  14.3143   0.0182     4.23    0.224  -0.52   0      90.85      5782.44     89.97702
       947    534.4951    247.0015      3268.96     301.8142  16.2140   0.1003     5.25    0.238  12.12   0      18.69     993.2978      76.3404
       948    329.4196    246.5832     2772.969     306.4374  16.3926   0.1200     3.82    0.149 -41.80   0      12.95     702.8317     75.67167
       949    598.1194    244.3492     7103.245     384.0697  15.3714   0.0587     5.05    0.246 -25.12   0       31.7     1645.205     77.86802
       950     76.0467    245.0087     6083.748     296.3361  15.5396   0.0529     4.69    0.254  -0.60   0      33.31     1887.584     79.34167
       951    823.9609    241.2785      8495.47     380.9263  15.1770   0.0487     5.17    0.304   2.68   0      35.54     1888.265     78.95986
       952    451.0139    241.8856     3268.984     253.9957  16.2140   0.0844     4.13    0.190  -9.81   0      20.56     1165.031     76.65208
       953    372.5120    242.5005     5788.894     391.1356  15.5935   0.0734     5.37    0.211 -36.19   2      19.12     714.7726     74.90079
       954     99.8012    239.1560     7454.773     402.6132  15.3189   0.0587     4.15    0.124 -11.03   0      29.66     1681.953     78.75043
       955    339.1892    239.5083     4024.652     248.6359  15.9882   0.0671     5.85    0.371   4.02   0      23.58      1290.35     77.21969
       956    300.8298    237.8167     4225.075     253.3555  15.9354   0.0651     4.19    0.195  -3.33   0      26.53     1513.917     78.26398
       957    885.3966    237.3749     3448.179     208.1654  16.1560   0.0656     4.86    0.326  -5.09   0      20.68      1132.82     76.95226
       958    569.0085    237.1979     5497.759     309.6801  15.6495   0.0612     4.60    0.284  -4.71   0      28.43     1606.595     78.14492
       959    128.7019    236.5543      10617.9     355.4236  14.9349   0.0364     4.49    0.225   0.19   0      52.01       2897.3     81.06671
       960    157.8679    235.3716     3599.459     238.8939  16.1094   0.0721     4.64    0.382  11.43   0         22     1297.267     77.24004
       961    739.8461    223.4926     675016.6     700.9659  10.4267   0.0011     4.27    0.155  -5.28   0      988.6     184174.8     298.3304
       962    841.0519    230.1285     6604.687     394.5073  15.4504   0.0649     5.20    0.258  26.30   2      28.56     1403.642     77.35633
       963    527.3679    232.9498     3335.363     321.3596  16.1921   0.1046     5.79    0.474  -5.97   0      14.96     703.9485     75.47406
       964    355.9229    228.8398     20569.46     319.3637  14.2169   0.0169    10.71    0.058  -7.28   0       96.3     5898.716     89.76409
       965    214.3332    231.5078     4767.458     275.3655  15.8043   0.0627     3.93    0.105   2.56   0      29.18      1661.05     78.10893
       966    861.1956    230.5376     8280.555      382.787  15.2049   0.0502     4.35    0.210   2.22   2      35.36     2007.514     79.49364
       967    249.7666    224.6971     117491.3     430.7388  12.3250   0.0040     7.81    0.127 -15.02   0      357.2     33003.19     142.3247
       968    429.9146    228.4574     23935.51     354.3233  14.0524   0.0161     4.35    0.239  -8.10   3      104.8     6484.866     90.90255
       969    425.1717    221.2625     141444.6     449.1541  12.1235   0.0034     4.22    0.156  -0.71   3        398     39131.48     152.0954
       970    965.5739    227.9353     14882.85     341.8683  14.5683   0.0249    10.32    0.052 -48.54   0      70.37     3876.621      84.4894
       971    272.4868    228.9273     3821.167     275.9627  16.0445   0.0784     4.84    0.212  -0.57   0       20.4     1062.859     75.94966
       972    547.0761    228.3652     3521.663     270.1514  16.1331   0.0833     5.60    0.331  26.10   0      18.08     947.9863     76.20538
       973    472.7670    226.6250     11028.23     370.3291  14.8937   0.0365     5.42    0.325   4.01   0      50.58      2906.75     82.20923
       974    504.1652    226.7755     3742.856     264.6598  16.0670   0.0768     4.68    0.298   1.53   0      22.31     1249.242     77.49158
       975    292.0100    225.9513     4642.576     343.9393  15.8331   0.0805     4.38    0.057  -0.28   2      22.58      1163.56       77.043
       976    556.9993    222.7268     19275.43     339.2252  14.2875   0.0191     4.36    0.230   0.58   0      91.74     5808.269      89.5348
       977    491.0246    223.4970     14011.69      368.052  14.6338   0.0285     4.51    0.291   3.37   2       64.4     2643.271     80.35138
       978    947.1435    221.8195     15744.41     395.9203  14.5072   0.0273     4.16    0.204  -2.59   2      64.51     3899.792      84.5517
       979    655.2351    222.1911     20315.78     225.8316  14.2304   0.0121     7.17    0.523 -13.72   0      160.5     15425.81     111.5744
       980     18.7602    222.0458     7670.356     287.1607  15.2880   0.0407     9.40    0.395 -40.02   0      38.25     1759.378     78.39452
       981    761.0162    221.8077     5887.105     399.8325  15.5752   0.0738     4.60    0.138 -25.91   0      21.52     1080.784     76.60041
       982    577.8168    221.4739     3679.387     380.0453  16.0856   0.1122     6.61    0.342  -6.44   0      14.58     666.3984     75.56216
       983    173.3231    219.2200     4062.932     321.8737  15.9779   0.0860     5.08    0.314  -3.42   0      19.86     1104.216     76.86774
       984    914.7260    217.8938     4821.926     352.7758  15.7919   0.0795     5.51    0.386  17.72   0      20.35     1134.819     76.36383
       985    954.3060    213.8472     21883.05     400.3781  14.1497   0.0199     4.37    0.222   2.97   0      92.22      5588.19     88.46083
       986    867.6033    213.7472     4172.434     210.7639  15.9490   0.0549     4.39    0.282   3.28   0      26.01     1478.566     77.77168
       987    307.4867    211.7889     26779.39     365.6119  13.9305   0.0148     4.37    0.194   0.33   2      117.6     7374.956     93.26433
       988    310.5667    201.5050     36027.07      357.776  13.6084   0.0108     4.29    0.140  -4.06   3      151.8     10188.07     99.42736
       989    311.8747    193.5995     5437.208       343.36  15.6616   0.0686     5.03    0.161  -2.76   3      24.06     1259.827      77.1298
       990    212.9655    214.9635       3055.5     255.2962  16.2873   0.0907     4.24    0.400   0.92   0      17.66     1027.851     76.64162
       991    141.9101    212.3783     3901.816     313.3909  16.0218   0.0872     5.24    0.216  -5.82   0      20.08      1052.47     75.91856
       992    679.8470    211.2344     2711.798     238.0479  16.4169   0.0953     5.69    0.322   9.95   0      16.89     977.3695     76.29296
       993     67.0371    210.5076     8829.295     285.4283  15.1352   0.0351     4.62    0.329  21.46   3      46.24     2637.886     80.33615
       994     70.6157    206.3633     20676.33     394.9142  14.2113   0.0207     5.22    0.280  -7.96   3      82.51      4775.61     87.39687
       995    651.5148    208.4738      2757.73     259.4589  16.3986   0.1022     4.24    0.214  39.30   0      16.66     925.0969     75.53629
       996    522.1182    203.9175     7729.071     394.1925  15.2797   0.0554     5.08    0.238   4.13   3      34.14     1841.029     78.24362
       997    527.0357    207.5097     6600.139     362.4003  15.4511   0.0596     5.30    0.394   9.05   3      29.05     1458.294     77.32056
       998    528.4495    203.3690     8593.759     426.1448  15.1645   0.0539     5.19    0.117 -28.80   3      33.56     1757.083      78.7744
       999    472.9239    204.6184     5387.218     257.3636  15.6716   0.0519     5.57    0.393 -24.04   0      26.08     1399.563     77.73608
      1000    340.1097    205.2617     3573.413     208.3021  16.1173   0.0633     4.34    0.180  17.35   0      22.14     1256.318     76.72458
      1001      7.7852    203.0891     15601.87      344.557  14.5171   0.0240     5.31    0.117 -66.53  16      69.26     3422.959      82.8945
      1002    147.2374    202.9831     6364.562     418.6532  15.4906   0.0714     6.10    0.259 -11.87   0      21.94     1217.451     77.59426
      1003    780.3607    200.1571     14357.38     436.2272  14.6073   0.0330     6.06    0.133 -86.25   3      56.62     2405.274     80.43422
      1004    777.9852    192.2098     12436.63      401.652  14.7632   0.0351    11.17    0.079 -41.04   3      56.22     3172.628     82.57397
      1005     28.3463    194.1043     12668.05     396.0724  14.7432   0.0340     4.73    0.179  -3.56   2      52.69     2852.366     81.12806
      1006   1015.0740    196.5277     11120.84     410.2682  14.8847   0.0401     6.55    0.426  -2.19  16      43.44     2266.077     79.84997
      1007    703.5134    197.4684     2951.971     280.7094  16.3247   0.1033     3.74    0.039   9.12   0      15.83      851.793     75.51679
      1008    389.6276    196.3396     8452.565     277.0232  15.1825   0.0356     4.25    0.244  -5.16   0      46.73     2710.749     81.47939
      1009    218.9582    195.5509     19072.52     393.9901  14.2990   0.0224     4.23    0.490  -9.93   3      81.86     5054.264     87.77315
      1010    213.4931    189.7774     22982.37     378.5984  14.0965   0.0179     4.27    0.128 -25.63   3        101     6113.021      89.7991
      1011    949.5413    196.1958     3694.782     322.7921  16.0810   0.0949     6.35    0.511   0.09   0      16.86     836.2921     76.07145
      1012    671.5260    194.6300      4880.76     243.2518  15.7788   0.0541     7.90    0.056  20.32   0       26.9     1399.417     77.54002
      1013    456.6725    195.4386     2827.545     252.0988  16.3715   0.0968     4.11    0.281 -30.82   0       17.7     985.5583     76.31735
      1014    653.3050    194.1879     4950.253     264.2617  15.7634   0.0580     4.33    0.207  -1.31   0       28.2     1581.448     78.07175
      1015    622.1976    192.6521     10863.54     327.8006  14.9101   0.0328     4.02    0.209   2.00   0       55.7     3287.076     82.88837
      1016    956.7239    191.2157     12819.24     341.6069  14.7303   0.0289     4.33    0.221  -8.70   0      59.95     3448.386     83.51156
      1017    829.1361    191.9063     3560.095     279.8479  16.1213   0.0854     4.17    0.127  43.99   0       19.5      1033.95     76.26244
      1018    157.1016    190.3505     5997.324     296.2697  15.5551   0.0536     7.42    0.392  76.41   3      33.67     2344.829     79.69357
      1019    159.7227    186.1372     6677.841     404.0581  15.4384   0.0657     7.38    0.090   1.22   2      29.21     1549.824     77.78462
      1020    115.9181    189.7708     3699.274     274.4825  16.0797   0.0806     4.39    0.284  -0.98   0      21.87     1271.383     77.16385
      1021    303.4126    187.8241     11307.58     337.2389  14.8666   0.0324     4.31    0.257   0.45   0      58.36      3519.09     83.70375
      1022    251.4922    186.2908     19279.84     342.5695  14.2872   0.0193     4.36    0.243   4.20   0      90.88     5566.203     88.74725
      1023    909.8262    185.2025     6420.667     359.1299  15.4810   0.0607     4.69    0.209  -1.54   0      28.93     1500.509     78.03065
      1024    563.5737    185.8298     4442.667     334.8558  15.8809   0.0819     5.37    0.154  -2.56   0      21.08     1153.533     77.21037
      1025    653.4743    183.0271     2185.248     254.5203  16.6512   0.1265     4.42    0.367 -25.83   0      13.65     762.4173     75.64993
      1026    371.9676    173.6797     468841.9     615.9647  10.8224   0.0014     4.28    0.155  -2.28   0      812.5     131772.1     255.4853
      1027    286.2069    179.4344     67622.67     375.2953  12.9248   0.0060     4.21    0.223  -0.21   0      245.9     19686.38     119.9394
      1028    903.7173    181.2042     3954.425     298.5386  16.0073   0.0820     4.68    0.344   8.49   1      21.55     1175.987     77.07964
      1029    174.1306    180.0599     13573.87     362.5829  14.6682   0.0290     4.26    0.207  -4.77   0      65.42     3956.637     84.70436
      1030     65.2199    181.7757     3606.242     264.5425  16.1074   0.0797     4.84    0.305   1.67   0      21.61     1201.612     77.35176
      1031    980.7553    179.5747     5746.695     248.6829  15.6015   0.0470     5.43    0.333   0.20   0      31.29     1729.886     78.88865
      1032    770.8129    180.0952     8588.681     399.4688  15.1652   0.0505     3.96    0.370   3.95   0      34.63     2091.593     79.35179
      1033    242.3182    177.5207     18959.33     373.1353  14.3054   0.0214     4.06    0.202  -6.51   0      88.03     5312.806     87.75047
      1034    186.6879    176.6240     12707.97     370.3347  14.7398   0.0316     4.17    0.241   5.17   0      57.85     3375.111     82.76321
      1035    121.7673    174.5395      37460.9     476.8373  13.5661   0.0138     4.89    0.256 -15.61   0      139.3     8672.391     96.53162
      1036    256.0067    174.1788     2674.417     209.1423  16.4319   0.0849     3.52    0.572 -87.43   0      21.81      1337.54     77.35845
      1037    587.3397    170.1676     5990.876     294.9804  15.5563   0.0535     8.75    0.396   5.34   0      29.76     1528.659     77.91792
      1038    542.1396    170.1541     2895.982     252.1605  16.3455   0.0946     3.20    0.307  -9.87   0      18.26     1053.253     76.51868
      1039    785.5818    168.5173      7736.76     374.4379  15.2786   0.0526     4.39    0.238  -7.10   0      34.32       1925.3     79.06638
      1040    150.8732    168.5280     6389.895     365.3992  15.4863   0.0621     4.85    0.257 -16.83   0       27.3     1393.538     77.32664
      1041    107.9616    165.5740     96009.49     411.0196  12.5442   0.0046     4.26    0.148   0.07   0      310.3     27404.03     133.7665
      1042    991.1699    163.7366     19437.73     411.1726  14.2784   0.0230     4.48    0.204   0.44   2      71.84     3785.806     84.24475
      1043    405.1202    161.7891     14649.38     388.5094  14.5855   0.0288     6.43    0.105  -1.61   2      62.03     3434.987     83.29295
      1044    934.9219    164.7485      6349.83     323.4845  15.4931   0.0553     4.61    0.154  -5.94   0      31.35      1675.65     78.15141
      1045    776.0877    165.6726        15873     183.8288  14.4984   0.0126     5.73    0.299 -72.74   0      160.8     13884.12     107.6856
      1046     31.2124    161.6570     14140.14      365.024  14.6239   0.0280    11.35    0.114  -8.02   0      61.68     2858.867     81.89149
      1047    711.3317    158.2980     154564.4     518.1243  12.0272   0.0036     4.79    0.364   7.16   2      409.2     36204.97     147.5548
      1048    690.8414    158.8010     26151.13     381.4924  13.9563   0.0158     4.33    0.294  -9.78   2        110     7045.047     92.94838
      1049    264.3859    178.4433     4101.123     321.9007  15.9677   0.0852     3.69    0.235   5.21   0      21.16     1247.395     77.48616
      1050    643.0123    159.1392     12770.98     323.3008  14.7344   0.0275     4.34    0.225  -8.83   0      62.59     3717.505     84.24077
      1051    622.2471    160.1279     5594.622      294.675  15.6306   0.0572     3.75    0.168 -20.35   0      30.58     1755.452     78.57665
      1052   1012.3432    157.4932      3269.48     318.9409  16.2138   0.1059     3.76    0.225 -34.36   0      15.66     777.3451     75.09042
      1053    782.1373    157.3585     3067.926      290.114  16.2829   0.1027     3.97    0.242   7.46   0      17.11     976.1783     76.28941
      1054    617.6356    155.0715     5190.334     295.6501  15.7120   0.0619     4.64    0.205  -8.93   0      27.67      1519.75     77.89193
      1055     97.1514    154.8262     7188.279     411.7887  15.3584   0.0622     4.92    0.241   6.55   0      27.85     1507.195     78.24446
      1056    310.8055    152.8755     6036.824     276.4112  15.5480   0.0497     4.18    0.285 -10.37   0      32.27     1855.583     78.67293
      1057    865.9059    149.8775     19787.76     309.1325  14.2590   0.0170     4.29    0.192  -0.06   0      93.63     5801.314     89.34732
      1058    973.9998    150.5498     4190.546     313.6002  15.9443   0.0813     5.03    0.271 -22.35   0      21.61     1139.639     76.77483
      1059     82.7681    150.0868     4972.142     352.8725  15.7586   0.0771     5.09    0.197  -2.88   0      22.88     1226.146     76.83308
      1060    536.0185    148.4241     7519.646     324.3053  15.3095   0.0468     4.88    0.221  -1.48   0       39.6     2253.146     80.38199
      1061    820.0000    147.3443      3564.57     302.0368  16.1200   0.0920     4.46    0.296   6.14   0      19.23     1068.495     76.56394
      1062    576.6831    145.4554     6124.855     295.0836  15.5323   0.0523     6.30    0.443  -2.22   0      31.23     1639.262     77.85067
      1063    248.7052    145.5769     11833.92     344.2754  14.8172   0.0316     4.56    0.275   4.27   0      56.78      3144.61     81.94267
      1064     49.1112    142.9131      19953.7     437.4006  14.2499   0.0238     4.68    0.284   0.38   0       81.1     4690.315     86.47511
      1065    410.4861    142.7573     5986.088     320.8708  15.5571   0.0582     4.76    0.306   7.44   0      31.02     1699.182      78.0254
      1066    938.3654    142.9013     3343.604     304.3756  16.1895   0.0989     4.05    0.297 -15.24   0       14.1     761.3724      74.8394
      1067     31.6580    137.1653     62151.27     381.0432  13.0164   0.0067     4.26    0.151  -4.78   0      226.6     17113.97     114.6971
      1068    674.4980    133.1884      49282.8      416.553  13.2683   0.0092     4.18    0.229   1.28   2        182     12864.57     105.9428
      1069    606.3150    138.4837     3317.855       328.36  16.1979   0.1075     6.51    0.263  11.79   0      15.67     740.4094     75.38257
      1070    376.8036    137.6043     4855.985     294.1048  15.7843   0.0658     5.11    0.308   5.60   3      25.23     1394.992     77.52705
      1071    371.9609    134.1818     13219.21     393.5044  14.6970   0.0323    12.05    0.220  -6.61   2      57.44     3190.888     83.17383
      1072    761.6900    136.7817     5144.904     268.7022  15.7216   0.0567     4.22    0.285  14.36   0      28.68     1629.533     77.62686
      1073    687.0056    136.0425     3510.954     314.3176  16.1364   0.0972     5.75    0.417   0.77   0      16.45     809.4376     76.19077
      1074    626.3622    135.2393     3577.946     329.6936  16.1159   0.1001     4.33    0.220  30.48   0      15.75     804.7886     75.77711
      1075    559.3837    135.0531     7897.476     338.3166  15.2563   0.0465     4.87    0.288  -1.48   0      40.03     2221.258      80.1024
      1076     47.9933    133.5004     3541.287     337.6341  16.1271   0.1035     6.36    0.169   0.25   0      16.23     770.0919     75.67297
      1077    536.1907    129.7078     7972.218     364.3035  15.2461   0.0496     4.42    0.225  -3.58   0      35.42     1924.948     79.06538
      1078    104.7917    129.2068     3793.594     274.5605  16.0524   0.0786     5.05    0.360   2.63   0      20.76     1103.216     76.66694
      1079    991.4625    127.8124     4366.929     224.9107  15.8996   0.0559     4.51    0.249  -0.59   0      24.84     1419.188     77.59795
      1080    806.0771    124.2766     44949.93     396.3822  13.3682   0.0096    12.98    0.267 -38.77   0      174.1      11177.9      101.814
      1081    260.6663    126.1624     9824.533     323.5782  15.0192   0.0358     4.22    0.264   3.78   0      50.54     3008.773     82.12175
      1082    771.0117    125.8541     4922.882     351.7631  15.7695   0.0776     5.05    0.302  10.04   2      21.01     1188.725      77.1172
      1083    710.9696    125.7120      8283.74     339.6956  15.2044   0.0445     3.93    0.164  -7.60   2      38.74     1768.193     78.22616
      1084    329.1594    125.0014     7140.167     261.8235  15.3657   0.0398     2.77    0.265  -4.67   0      41.35     2586.737     81.31972
      1085    271.3467    124.5099     6927.254     355.2001  15.3986   0.0557     4.67    0.263   1.94   0      33.19     1820.066     78.37672
      1086    210.1222    124.2658     4403.425     247.4522  15.8905   0.0610     7.41    0.279 -49.05   0      22.41     1014.135     76.00381
      1087    615.7923    123.7926     3694.021     193.3122  16.0813   0.0568     0.00    0.311 -68.00   0      34.29     2216.262     79.89837
      1088    739.4241    120.7404     21905.83     374.9257  14.1486   0.0186     4.27    0.244   0.73   3      99.93     6279.705     90.72359
      1089    750.1840    119.1288     34650.46     408.4915  13.6507   0.0128     4.19    0.230   0.25   3      139.8     9496.511     98.60694
      1090    551.8517    118.8454     8240.792     315.3201  15.2101   0.0416     4.17    0.225  -0.25   3      40.86     2367.449     80.51612
      1091    555.2463    112.8499     8508.435      374.906  15.1754   0.0479     4.59    0.170 -25.18   3       37.4     2058.605     79.63958
      1092    151.9677    116.4010     11423.66     283.4968  14.8555   0.0270     4.26    0.210   5.01   0         60     3579.705     84.04906
      1093    766.6378    116.7072     3996.992     319.4589  15.9957   0.0868     4.63    0.319  -3.92   0      19.88     1081.467     75.80524
      1094      2.4825    117.2319     1815.846      193.068  16.8523   0.1155     4.99    0.268  -1.42  24      13.38     799.7637     75.56131
      1095    683.8514    114.5467     3702.521      338.865  16.0788   0.0994     7.77    0.526 -22.87   0      18.07     750.0548     76.01343
      1096    228.6209    114.4551     2930.725     198.2442  16.3326   0.0735     3.67    0.111  43.65   0      19.15     1076.793     76.78661
      1097    942.2410    111.3210      18532.3     358.3359  14.3302   0.0210     4.12    0.249   0.82   0      88.57     5576.704     88.94505
      1098    587.6032    110.8813     19397.54     340.4241  14.2806   0.0191     4.25    0.211  -2.66   0      90.07     5537.787     89.01633
      1099    968.6650    105.8496     13197.07     184.6495  14.6988   0.0152     5.93    0.395  21.47   3      135.2     10557.03     100.8712
      1100    961.6776     96.6751     115803.4     570.9746  12.3407   0.0054     4.36    0.407  64.58   2      331.6     28005.41     134.2198
      1101    740.8752    111.1733     5012.632     371.7609  15.7498   0.0805     5.19    0.228   2.56   0       17.9     826.1671      75.8412
      1102    623.5961    109.5861     15349.47     311.9973  14.5348   0.0221     4.50    0.276   2.79   0      72.99      4305.33     85.63483
      1103    168.5362    110.0012     4002.193     257.6157  15.9943   0.0699     4.46    0.130  13.98   0      23.35     1255.887     77.31488
      1104    424.3081    108.9283     5420.201     344.4528  15.6650   0.0690     4.34    0.220   7.54   0      26.08     1391.155     77.12296
      1105    321.4248    108.3948     6623.275     288.9707  15.4473   0.0474     4.48    0.203  -7.02   0      34.55     1936.458     79.29023
      1106    450.3666    108.5973     3033.727       241.52  16.2951   0.0865     5.02    0.330   4.93   0      17.93     964.3934      76.6516
      1107    415.7046    108.3895     3378.218     305.6462  16.1783   0.0983     5.93    0.222 -22.02   0      16.88     895.4897     76.04865
      1108     73.1470    107.3843     6660.346     331.8116  15.4413   0.0541     9.01    0.393  17.65   0      32.71     1706.541     78.62845
      1109     31.9654    107.4665      5885.94     309.9649  15.5755   0.0572     4.64    0.234   6.08   0      30.71     1675.778     78.34586
      1110    130.0654    105.9056     3847.019     212.2095  16.0372   0.0599     3.56    0.132  13.47   0      23.23     1371.896     77.06618
      1111    706.2268    104.2926     5850.995     269.2987  15.5819   0.0500     9.24    0.551  42.30   0      28.61     935.2664     75.56688
      1112    526.0732    104.0200     9848.805     403.9623  15.0165   0.0445     4.51    0.311  -0.89   0       38.4     2331.002     80.22408
      1113     50.6026    103.1123     10948.07     277.6991  14.9017   0.0275     4.07    0.182   8.57   0      57.04     3385.178     83.15693
      1114    949.1562    101.8251      17436.2     408.2087  14.3964   0.0254     9.73    0.186   1.22   1      76.39     4762.884     87.18977
      1115    848.2407    101.1615     32251.33     345.6199  13.7286   0.0116     4.26    0.167  -4.08   0      140.2     9490.493      98.4389
      1116    591.3768    100.7654     10756.43     541.0096  14.9208   0.0546     6.71    0.184  17.91   2      27.57       1156.7     77.21969
      1117    114.6585    100.7445     4904.542     397.3672  15.7735   0.0880     5.05    0.108  -6.40   3      20.71     1048.469     76.90048
      1118    116.0192     94.5680     10433.46      348.835  14.9539   0.0363     4.17    0.198   0.49   2      50.49     2983.293     82.42056
      1119    909.9055     98.8294     3444.507     363.5626  16.1572   0.1146     6.79    0.224 -75.27   0      15.06     627.7808     74.43261
      1120    813.4196     91.8565     432008.4     613.4645  10.9113   0.0015     4.26    0.164  -4.77   0      772.2     118784.6     243.6583
      1121    268.3698     99.8832      3469.93     245.0488  16.1492   0.0767     4.74    0.298  -6.61   0      20.95     1172.143     76.67316
      1122    159.6321    100.0890     2428.999     257.7016  16.5364   0.1152     5.26    0.275 -13.92   0      14.17     759.5778     75.03663
      1123    690.1407     98.6674     3086.216     250.8226  16.2764   0.0883     3.94    0.230  11.21   0      19.68     1129.486     76.74477
      1124    992.7585   1022.1760     2972.548     236.6981  16.3172   0.0865     5.11    0.520  -7.52  16      18.26     1020.666     76.81827
      1125    244.5907     95.0156      43834.3     365.8286  13.3955   0.0091     4.35    0.215   1.71   0      178.1     12713.48     105.6182
      1126    433.4735     96.8146     2296.833     208.7316  16.5972   0.0987     3.45    0.245   2.42   0      14.22     841.9446     76.08833
      1127    103.4142     95.8877     7689.128     459.1337  15.2853   0.0648     9.77    0.502  37.82   0      24.95     1038.193     76.27509
      1128     17.4912     94.2695     34130.78     397.8392  13.6671   0.0127     4.26    0.192  -3.58   0      139.7     9191.047     97.58961
      1129    705.2780     95.7069     3776.502     299.6728  16.0573   0.0862     5.51    0.346  -0.91   0      20.13     1103.769     76.47023
      1130    466.0762     94.0795     2574.466     269.3533  16.4733   0.1136     5.82    0.241 -13.82   0      15.63     816.2297     75.20802
      1131    991.5428     88.8373     8453.707     388.7941  15.1824   0.0499     4.50    0.256 -14.35   0      36.56     2117.885     79.61804
      1132    828.5093     86.8226     7064.047     418.1257  15.3774   0.0643     5.92    0.298  -1.50   1       26.3     1279.612     76.59553
      1133    209.2338     87.7259     3789.295     310.8761  16.0536   0.0891     3.80    0.242   4.93   0      19.19      1136.01     76.76409
      1134    662.2095     83.0831      3896.77     242.3307  16.0232   0.0675     4.10    0.169 -10.72   0      21.93     1223.285     77.02205
      1135    649.1599     82.8038     4859.115     283.5913  15.7836   0.0634     5.29    0.286  -1.33   0      26.69     1446.369     78.06759
      1136    910.7612     80.6647     8399.947     414.2939  15.1893   0.0536     4.76    0.072   3.13   0      34.76     1797.069     78.69693
      1137    443.7826     83.0946     2226.453     222.7372  16.6310   0.1086     5.48    0.387  -8.74   0         14     761.2379     75.04166
      1138    586.9821     79.3035     21287.38     546.8062  14.1797   0.0279    12.75    0.430 -37.55   0      65.68     2704.352     80.71235
      1139    288.2021     78.3817     11450.73     345.1242  14.8529   0.0327    11.14    0.281 -33.61   0      52.19     2872.934     81.74495
      1140    151.9310     79.1706     19505.03     329.1561  14.2746   0.0183    11.09    0.290  14.78   0      88.77     5336.021     88.32792
      1141    921.3254     87.8724     3223.761     292.8407  16.2291   0.0987     3.89    0.247  -7.95   0      17.46     983.9189      76.1132
      1142    932.1483     78.8018     4418.894     334.8397  15.8867   0.0823     6.83    0.325  79.44   0      21.81     999.6353     76.35926
      1143    898.7881     77.8986      13514.6     480.5385  14.6730   0.0386     0.00    0.355  19.39   2       46.9     1548.174     77.97482
      1144    776.0609     77.1431     46264.89      357.912  13.3369   0.0084     4.29    0.213   0.68   0      184.2      13259.3     106.9284
      1145    357.4341     79.5544     3686.822     302.1288  16.0834   0.0890     4.15    0.317   7.04   0      20.44     1197.479     77.14299
      1146    971.3900     78.2698     5723.422     248.6616  15.6059   0.0472     5.19    0.362  -7.91   0      29.67     1626.903     78.20396
      1147    753.8497     78.2053     8445.485     456.1908  15.1834   0.0587     5.75    0.373  -6.77   0      29.28     1458.488     77.90816
      1148    740.2783     72.5932     8086.337     437.3106  15.2306   0.0587     5.28    0.269  -4.08   2      25.62     1333.959     77.34793
      1149    479.6907     73.3986     14140.66     454.8647  14.6238   0.0349     5.10    0.081 -79.40   0      55.46     2801.258     81.54543
      1150    466.6343     74.7550     1950.505     242.0721  16.7746   0.1348     5.09    0.401  16.71   0      13.22     750.6134     75.81504
      1151     16.2985     73.5333     4310.214     263.7107  15.9138   0.0664     7.86    0.129 -39.20   0      24.28     1335.434     76.76098
      1152    118.8912     70.4298     54823.51      378.658  13.1526   0.0075     4.64    0.157  15.62   0      203.5     13256.56       106.21
      1153    254.1439     72.9231     3043.102     275.3211  16.2917   0.0983     4.37    0.234  15.80   0      17.01     969.9888     76.07159
      1154    497.4628     69.2360        21710     396.4674  14.1583   0.0198     4.53    0.261  -4.59   0      96.12     5982.535     89.97606
      1155    871.3292     69.4029     7734.107      344.877  15.2790   0.0484     4.13    0.191   0.10   0      38.74     2225.528     79.92472
      1156    842.6439     68.7535     13965.79     346.7765  14.6373   0.0270     4.45    0.232  -4.00   0      65.11     3819.749     84.51617
      1157     47.8319     70.8778      2774.58      263.827  16.3920   0.1033     4.93    0.358  10.01   0      16.28     908.2399     76.08675
      1158    592.9633     69.2774     6014.484     402.7432  15.5520   0.0727     4.99    0.201  -0.88   0      20.16     976.6062     76.29069
      1159    302.5188     69.2379     3707.757     290.6148  16.0772   0.0851     4.34    0.316   6.12   3      17.94     903.8914     75.87386
      1160    294.7031     67.9770     5898.292     332.4333  15.5732   0.0612     4.96    0.323   4.94   2      29.23     1604.612     77.55386
      1161    327.9815     94.3751     41428.91     378.6402  13.4567   0.0099     4.72    0.319  -5.01   0      159.8     10641.69     101.3619
      1162    413.6040     65.3238     5248.239      303.301  15.7000   0.0628     5.10    0.314 -13.64   0      27.41     1478.147     77.77045
      1163    455.1604     65.9356     3230.954     137.6015  16.2267   0.0463     0.00    0.170 -17.66   0      54.05      2622.47      81.0456
      1164    396.5227     64.2376     3249.434     268.5119  16.2205   0.0897     5.50    0.416   0.51   0      17.42     904.4918     76.07555
      1165    749.2231     63.3344     4923.969     369.6581  15.7692   0.0815     5.34    0.406  -7.25   0      19.72     1134.612     76.95755
      1166   1014.1831     61.5286     5828.752     449.0045  15.5861   0.0837     8.43    0.403 -34.74  16       17.7     817.7911     76.01615
      1167   1005.0950     62.1872     7443.226      342.475  15.3206   0.0500     4.84    0.313   1.44   0      36.59      1960.62     78.97578
      1168    596.5396     59.8077      23189.4     472.4034  14.0868   0.0221     4.71    0.223 -47.46   1      87.18     5009.532     87.65724
      1169    584.1412     60.5372     8464.315      505.924  15.1810   0.0649     8.73    0.394 -22.62   3      30.83     1490.792     77.80739
      1170    582.9658     55.9638     8919.027     385.1427  15.1242   0.0469     4.57    0.167   8.75   3      34.63     1676.756     78.54231
      1171    510.1654     61.4808     3289.952     304.3355  16.2070   0.1005     4.64    0.289  -0.09   0      16.45     914.5341     76.10555
      1172    434.9821     59.9448     4514.525     134.1599  15.8635   0.0323     4.34    0.104  60.12   0       81.3     4260.953      85.6944
      1173    907.8928     58.7598     3109.764     258.3013  16.2682   0.0902     4.86    0.256   8.21   0       18.2     959.1165     75.63858
      1174    607.4607     55.6282        10777     401.6583  14.9188   0.0405    10.72    0.179  41.33   0      45.78     2205.105     79.86662
      1175     86.0421     58.0238     3481.871     328.4734  16.1455   0.1025     5.44    0.432  14.70   0      15.72     847.1018     76.30304
      1176    834.6235     55.9476     6062.319     350.3376  15.5434   0.0628     4.07    0.194  -8.07   0      31.22     1805.404     78.91369
      1177    326.4852     57.0041     2258.034     254.5853  16.6157   0.1224     4.32    0.384  27.04   0      13.52     807.3262     75.98486
      1178    219.7043     54.3950     10373.56     342.2022  14.9602   0.0358    10.22    0.259 -27.66   0      46.95     2407.112     80.43941
      1179    716.7932     54.3656     4465.827     357.8907  15.8752   0.0870     4.68    0.315   0.38   0      20.29     1096.104     77.04113
      1180    672.6484     53.8225       8611.7     327.3974  15.1623   0.0413     4.72    0.290   7.03   0      43.25     2554.858     81.23058
      1181    168.7620     54.2813     5419.096     397.6614  15.6652   0.0797     7.66    0.375 -16.32   0      21.81     1199.306     76.75365
      1182    800.2288     52.0388     5473.719     255.9609  15.6543   0.0508     4.89    0.227  -3.96   0      30.55     1676.128     78.73363
      1183    262.9203     49.5599     38248.89     397.3283  13.5435   0.0113     4.19    0.186  -6.54   2      144.4      9674.92     98.86378
      1184    967.1601     51.7733     4225.187     330.1394  15.9354   0.0849     5.73    0.354   6.71   0      19.31     1041.043     76.87853
      1185    356.0433     49.4098     4041.088     277.5153  15.9838   0.0746     4.29    0.238   9.67   0      23.17     1333.874      77.7394
      1186     41.9174     47.4233     12648.92     390.2671  14.7449   0.0335     4.38    0.258   6.11   3      54.01     3002.761     82.10511
      1187     57.3068     42.0929     8914.021     453.9217  15.1248   0.0553    11.48    0.498 -26.18   3      31.54     1572.551       77.851
      1188     48.0207     40.3676     17598.98      395.066  14.3863   0.0244     4.25    0.198   8.17   3      75.54     4521.763     86.55896
      1189    595.7807     45.9427     12886.06     372.4882  14.7247   0.0314     4.34    0.233  -4.63   0      63.52     3776.151      84.2187
      1190    239.5567     46.9712     6888.029     387.8778  15.4048   0.0612     4.66    0.197 -19.57   0       28.7      1522.82     78.28983
      1191    846.3239     50.7604     19883.18     353.8669  14.2538   0.0193     4.39    0.205  -3.73   0      88.86     5355.507     88.37804
      1192     30.2186     46.2860     10304.03     383.9865  14.9675   0.0405     4.59    0.199  -1.44   0      45.11     2414.164     80.27036
      1193    512.0983     44.6038     21130.98     361.0335  14.1877   0.0186     4.47    0.211   5.07   3      95.88     5795.542     89.50248
      1194    519.7035     42.1380     42627.75     397.9214  13.4258   0.0101     4.34    0.237  -2.46   3      164.8     11167.95     101.9409
      1195    863.0067     45.0783     3994.182     232.8352  15.9964   0.0633     3.63    0.046 -11.90   0      23.39     1350.898     77.39769
      1196    650.5638     43.7969     5415.854     364.7928  15.6658   0.0731     4.32    0.224   8.46   0       23.3     1284.714     77.59554
      1197    427.2446     43.9218     6763.339     412.4757  15.4246   0.0662     5.33    0.204   3.94   0      25.33     1369.441     77.25578
      1198    382.5279     44.4356     3734.156     308.3831  16.0695   0.0897     4.55    0.281  19.00   0      18.57     1005.155     76.37569
      1199    996.8699     42.8605     10380.56     458.8119  14.9594   0.0480     4.62    0.340 -18.12   3      45.03     1793.982     78.68801
      1200    996.0139     38.9965     12839.75     442.3566  14.7286   0.0374     4.63    0.135 -35.80   3      45.15     1948.584     79.13329
      1201    367.6030     38.7475     41757.59     363.4931  13.4482   0.0095     4.67    0.145  -0.37   0      170.9     12070.45     104.2254
      1202    466.2465     41.2767     3321.533     271.3857  16.1967   0.0887     5.28    0.274  27.40   0      20.08     1088.498     76.42483
      1203    209.3063     39.5754     8905.909     294.6519  15.1258   0.0359     4.62    0.225   0.55   0      45.16     2502.588      80.1422
      1204    168.1994     38.4148     12677.58     339.2818  14.7424   0.0291     4.15    0.235   0.98   0      63.93     3793.997     84.26685
      1205    500.4448     37.2939     2978.637     287.4139  16.3150   0.1048     4.33    0.053   1.19   0      17.04     904.5701      75.4745
      1206    405.7231     36.2885     2510.296     237.8555  16.5007   0.1029     3.68    0.128 -10.89   0      15.24     878.6152     75.59747
      1207    330.4554     35.6240     7974.401     290.0314  15.2458   0.0395     6.47    0.209  -1.64   0      40.96     2314.705      80.1779
      1208     91.8007     34.7931     10922.87     354.5492  14.9042   0.0353     4.24    0.264 -18.19   0      50.02     2836.753     81.64429
      1209    964.2253     35.5353     7585.969      405.506  15.3000   0.0581     4.45    0.236   5.02   2      27.53     1163.135     77.04174
      1210    749.8056     33.4257     2814.794     221.6301  16.3764   0.0855     4.99    0.122  21.66   0      16.58     877.7184     76.19511
      1211    422.8323     28.7463      7331.32     296.0114  15.3370   0.0438     4.42    0.209  -1.59   0      39.74     2269.758     80.05039
      1212    781.0119     26.9961     4359.665       269.45  15.9014   0.0671     3.83    0.068  -2.47   0      23.54     1367.927     77.44768
      1213    636.6656   1018.7554     6083.271     371.3939  15.5397   0.0663     4.71    0.336  -7.09  16      26.52     1452.357     77.69505
      1214    469.7383     18.9446     10079.69     466.0536  14.9914   0.0502     8.35    0.479   5.22   3      31.62     1608.598     78.34483
      1215    381.8440     26.4575     3840.613     332.1686  16.0390   0.0939     4.48    0.223  12.92   0      18.58     971.9561     76.27683
      1216    154.3572     26.2679     3614.007     322.7352  16.1050   0.0970     6.22    0.150  11.33   0      17.15     894.3192     76.04516
      1217    169.6741     24.5957     4991.052     308.0781  15.7545   0.0670     4.39    0.298  12.47   0      26.68     1468.154     77.74124
      1218      3.3268     25.0541     4412.916     216.3535  15.8882   0.0532     4.41    0.175   9.88  24      27.22     1522.045     77.70341
      1219   1006.1284     24.1488     3160.561     209.6699  16.2506   0.0720     4.61    0.410   9.05   0      19.03     1112.351     76.49573
      1220    947.6305     24.7301     5320.724     360.5455  15.6851   0.0736     5.08    0.332  -0.06   0      23.15     1220.901     77.01501
      1221    913.0995     23.7299     2647.227     270.8203  16.4430   0.1111     4.38    0.444   4.98   0      14.88     862.0595     74.94216
      1222    610.2001   1015.4268     8881.088     484.6505  15.1288   0.0593     8.24    0.442 -65.98  16      27.03     1089.665     77.02213
      1223     55.9956     21.0676     6405.179     283.4915  15.4837   0.0481     4.45    0.271   1.11   0       34.8     1955.015     79.15176
      1224    594.6583   1018.0582     6203.774     338.3011  15.5184   0.0592     4.99    0.292   4.59  16      28.35     1622.691     78.57922
      1225    467.6781   1015.4260      26519.5     346.2444  13.9411   0.0142     4.16    0.239  -0.03  16      119.3     7820.735     94.50522
      1226    544.5082   1012.9485     5357.265     387.9597  15.6776   0.0786     6.31    0.353 -15.09   2      20.45     967.4513     75.86407
      1227    140.7855     16.4186     5015.621     387.7595  15.7492   0.0840     7.58    0.416  -9.59   0      19.92     971.1883     76.27454
      1228    386.9720   1014.1033     52856.44     451.6602  13.1923   0.0093     9.92    0.560   0.57  16      165.7     7742.163     93.66975
      1229    301.0308   1016.1110      3546.51     235.6427  16.1255   0.0722     4.36    0.179   8.94  16      21.01     1195.038     76.54285
      1230    227.8306   1015.7579     1992.869     170.3016  16.7513   0.0928     4.31    0.268  78.78   0      15.16     940.8702     76.58183
      1231    521.4082   1015.9901     2611.357     251.9038  16.4578   0.1048     4.55    0.258   3.63   0      16.08     921.5383     76.12646
      1232    161.0401   1015.2969      7094.83     394.7896  15.3726   0.0604     4.82    0.313  -9.89  16      29.17     1559.979     77.22655
      1233    628.3770   1014.4870     5067.943     371.7947  15.7379   0.0797     7.17    0.364 -11.40  16      20.77     993.2314     75.94127
      1234    131.1333   1012.1405     7384.793     301.1388  15.3292   0.0443     5.04    0.364   2.86  16      35.17      1978.46     79.21905
      1235   1001.1749   1011.4861     2533.739     228.1001  16.4906   0.0978     4.21    0.291  -1.52   0      16.68      955.251     75.82751
      1236    729.0007   1009.6047     6193.229     311.4118  15.5202   0.0546     4.60    0.228   3.15   0      33.61     1923.748     79.06193
      1237    893.6534   1009.6011     3664.802     282.6326  16.0899   0.0838     4.23    0.265 -13.43   0      20.52     1109.479      76.6855
      1238    314.7496   1007.6125     3305.852     225.5258  16.2018   0.0741     4.28    0.269 -10.74   0      21.24     1224.838     77.22355
      1239    831.3751   1005.0461     7933.269     383.5719  15.2514   0.0525     4.70    0.176  -2.45   3      34.35     1965.769     79.56531
      1240    830.7597    999.8159      9486.72     429.2824  15.0572   0.0491     4.98    0.339   0.71   3      30.76     1672.645     78.91625
      1241    647.1516   1003.6948     6096.067     318.5739  15.5374   0.0568     4.65    0.102  16.29   0      31.11      1638.03     77.65173
      1242    403.8854   1003.5585     14174.77     395.9783  14.6212   0.0303     4.40    0.378   3.65   2      62.18     3698.616     83.64686
      1243    396.1853    998.6665     6134.054     477.0351  15.5306   0.0845     8.89    0.557 -81.31   2      18.94     629.1678     75.24854
      1244    898.4370   1001.0428     12636.15     402.7089  14.7460   0.0346     4.17    0.201  -6.98   0      57.26     3480.452     83.59878
      1245    678.8965    998.1036     7803.245     352.5438  15.2693   0.0491     4.39    0.285  -1.00   0       40.8     2387.757     80.00595
      1246    140.9255    998.5842     3865.343     204.9481  16.0320   0.0576     4.31    0.348   1.95   0      24.64     1429.312     77.82301
      1247    706.6644    993.3974      90370.8     392.7138  12.6099   0.0047     4.14    0.212  -4.81   8      302.9      27140.4     133.2039
