#   1 NUMBER                 Running object number                                     
#   2 X_IMAGE                Object position along x                                    [pixel]
#   3 Y_IMAGE                Object position along y                                    [pixel]
#   4 FLUX_AUTO              Flux within a Kron-like elliptical aperture                [count]
#   5 FLUXERR_AUTO           RMS error for AUTO flux                                    [count]
#   6 MAG_AUTO               Kron-like elliptical aperture magnitude                    [mag]
#   7 MAGERR_AUTO            RMS error for AUTO magnitude                               [mag]
#   8 FWHM_IMAGE             FWHM assuming a gaussian core                              [pixel]
#   9 ELLIPTICITY            1 - B_IMAGE/A_IMAGE                                       
#  10 THETA_IMAGE            Position angle (CCW/x)                                     [deg]
#  11 FLAGS                  Extraction flags                                          
#  12 SNR_WIN                Gaussian-weighted SNR                                     
#  13 FLUX_APER              Flux vector within fixed circular aperture(s)              [count]
#  14 FLUXERR_APER           RMS error vector for aperture flux(es)                     [count]
         1    385.5446     39.4611     41354.66     420.6913  13.4587   0.0110     5.24    0.259  -1.01   0      152.8     9294.283     98.58326
         2    491.5032     13.6103     5443.617     402.7421  15.6603   0.0803     7.50    0.135 -15.43   3      21.38     973.1861     76.84711
         3    494.3874     24.8045     25514.63     500.8013  13.9830   0.0213    12.63    0.344   7.42   3      91.79     4923.858      87.7567
         4    487.6211     20.3383     14057.24     608.1332  14.6302   0.0470    10.93    0.194 -48.85   3      34.61     1312.312      77.8436
         5     99.7549     22.5282     12250.16     363.4764  14.7796   0.0322    10.68    0.353 -17.52   0      53.71     2834.021     82.16637
         6    904.2678     18.8520     9754.254     328.3775  15.0270   0.0366     5.10    0.266  -3.13   0      44.07     2340.915     80.79092
         7     56.2160     16.3305     8818.013     493.1659  15.1366   0.0607     6.99    0.367  19.44   2      24.92     1304.222     78.01804
         8    158.3944     18.5599     5642.386       412.32  15.6213   0.0794     1.68    0.375  53.38   2      21.03     894.2399     77.01508
         9    508.5430     13.6323     19736.27     415.3986  14.2618   0.0229     5.54    0.308  -0.54  16      79.31     4149.304     85.54708
        10    434.0589     15.3636     5574.626     371.9413  15.6345   0.0725     5.49    0.316  -0.64   0      23.33     1199.015     77.51212
        11    698.3154      8.3822     18866.57     550.0597  14.3108   0.0317     9.83    0.421 -59.34  16       51.8     2102.006     79.92316
        12    294.8657     13.2206     9166.905     415.1885  15.0944   0.0492     5.76    0.384  -9.59  16      38.45      2019.33     80.07411
        13    730.3990     12.7495     7892.112     397.3824  15.2570   0.0547     5.36    0.296  -9.27   0      32.32     1656.422     78.84187
        14    859.7910     10.5228     10011.65     310.4422  14.9987   0.0337    10.13    0.455 -16.03  16      44.51     2265.635     80.57887
        15    975.0384      6.4096     119385.2      519.182  12.3076   0.0047     5.41    0.479 -12.53  26      328.9      25033.6     130.1331
        16    959.9358      4.1647     14502.64     458.5866  14.5964   0.0343    13.22    0.640 -24.89  27      42.31     1256.471      77.6804
        17    328.7403      9.2180     7741.444      167.961  15.2779   0.0236    -0.55    0.343 -39.64   0      98.61      6277.77     91.19568
        18    778.9097      8.4129     6476.398      390.691  15.4717   0.0655     5.68    0.294  -0.05  16      26.57      1328.83     77.49454
        19    946.4169      8.0221     4261.939     339.6563  15.9260   0.0865     7.29    0.366  -2.85  16      19.46     1091.084      77.5938
        20    276.9085      7.8598     4773.533     354.4434  15.8029   0.0806     3.44    0.495   0.05  18       19.5     1234.188     77.21648
        21    457.4834      3.0236     79988.92     358.0255  12.7424   0.0049     5.62    0.414  -1.46  24      273.8     19825.21     120.0535
        22    829.6359      5.2942     4039.039     336.0807  15.9843   0.0904     6.60    0.297 -24.37  16      17.83     911.3829     75.85463
        23    745.2187      4.6144     3599.958     316.8669  16.1093   0.0956     6.74    0.385 -19.65  16       16.5     848.8956     76.47864
        24    671.6404      2.7250     4958.394     321.4607  15.7616   0.0704     4.98    0.259   9.71  24      21.41     1056.457     77.09299
        25    710.0443      1.8441     2972.058     243.3577  16.3174   0.0889     6.11    0.491 -11.12  24      16.59     953.4593      75.9806
        26    596.5083      1.4743     3150.796     230.5021  16.2540   0.0794     5.09    0.685   0.51  24       16.9     895.2788     72.04883
        27    352.7365    995.8739       5832.8      421.676  15.5853   0.0785     7.63    0.435  -1.49   0      20.29     940.5859     76.75063
        28   1010.2729   1022.9927     2876.095     236.8393  16.3530   0.0894     5.38    0.375  -1.62  24      16.15     915.3078     76.67574
        29    878.0818    994.7369     3243.085       257.47  16.2226   0.0862     6.66    0.424  35.41   0      18.57     954.4504     76.38869
        30    398.9670    995.2008     3723.468     310.8096  16.0726   0.0907     6.74    0.185 -72.84   0      18.85     952.9661     77.18819
        31    860.4175    993.1147     8024.413     371.3631  15.2390   0.0503     6.01    0.416  -5.86   0      34.65      1776.08     78.99091
        32    787.4832    995.0089     5021.454     377.7812  15.7479   0.0817     5.94    0.537   9.41   2      17.78     839.8672     76.45181
        33    708.0781    993.4010     8297.905     508.3392  15.2026   0.0665     9.42    0.496   9.56   1      23.98     1025.854     77.00272
        34    438.6425    991.5605      46404.4     383.2338  13.3336   0.0090     5.17    0.265  -3.99   0      172.2     10703.53     101.6285
        35    341.4260    992.6445     21167.73     388.3677  14.1858   0.0199     5.23    0.272  -1.07   0      87.23     4875.006     87.98161
        36    754.3252    986.1691     299308.2     689.0526  11.3097   0.0025    11.92    0.427 -13.30   0      574.4     36581.14     148.6301
        37     64.2325    993.2822     2512.022     272.8487  16.4999   0.1180     4.69    0.201 -42.56   0      14.26     739.0001     75.94843
        38    217.4114    988.8914     51563.85     443.9079  13.2191   0.0093     5.13    0.248  -4.88   0      177.1     10988.99     101.9627
        39    492.4678    989.8271     10365.25     303.1589  14.9611   0.0318     9.88    0.307  -9.53   0      47.76     2246.187       80.524
        40   1022.9012    988.3698     9037.569      219.296  15.1099   0.0264     4.28    0.347 -86.73  24      61.99     4057.077     84.75722
        41    923.0110    987.5207     23948.16     422.2897  14.0518   0.0191     6.13    0.303  -4.66   0      94.59     5110.415     88.23852
        42    527.4827    984.0797     70762.39     511.2123  12.8755   0.0078     8.84    0.213  77.46   0      194.9     6162.292     90.39672
        43    102.4022    989.5212     2491.826     293.2774  16.5087   0.1278     5.21    0.209  -1.60   0      13.56      687.208     75.99663
        44    564.7569    986.4263     12838.41      353.081  14.7287   0.0299     5.20    0.229  -4.09   0         56     3062.899     83.16897
        45    372.6250    988.2627     4039.289     334.9309  15.9842   0.0900     5.31    0.317   2.85   0      18.28     958.1124     77.00319
        46    947.1595    987.7599     3580.312     180.2568  16.1152   0.0547     5.23    0.381 -57.92   0      53.08     2504.359      81.2494
        47    604.8671    985.1440     7130.227     368.7287  15.3672   0.0562     4.54    0.263   0.20   0      30.44     1638.919     78.59528
        48    381.4474    986.3341     4720.061     350.0276  15.8151   0.0805     5.07    0.349  -9.15   0      20.66     1102.141     77.22755
        49    266.7717    986.4956      5880.84     383.3633  15.5764   0.0708     4.17    0.243   7.44   0      23.16     1191.546     76.68945
        50    136.5629    985.6000     8648.106     296.7125  15.1577   0.0373     5.35    0.326  -5.22   0       40.5     2132.271     80.58576
        51    630.1701    982.3601     39709.95     425.2803  13.5028   0.0116     5.04    0.239  -2.84   2      143.2     8793.582      97.5804
        52    992.6985    980.7326     44168.44     463.1702  13.3872   0.0114    14.49    0.074  -0.09   0      142.3     6671.562     91.66817
        53     12.3124    983.5755     4535.211       358.62  15.8585   0.0859     5.31    0.582  13.50  16      15.99     585.7149     75.28362
        54    233.7311    980.5464     11146.82     475.1338  14.8821   0.0463     5.55    0.315  -9.79   0      39.85     2089.403     79.88732
        55    862.0995    976.8616     8750.233     552.1884  15.1450   0.0685     8.91    0.624  18.50   3      23.59     672.1335      75.3395
        56    845.4349    973.5444      29399.7      471.672  13.8291   0.0174     5.42    0.297   2.05   3      107.1     6111.112      90.7794
        57    851.3187    964.9499       149226     492.9395  12.0654   0.0036     5.16    0.212  -5.70   3      391.3     32909.48     142.6893
        58    269.1760    975.3877     9032.163     504.8607  15.1105   0.0607     5.91    0.273   4.15   0       26.9     1278.809     77.94397
        59    248.7756    974.2915     9809.183     488.1206  15.0209   0.0540     5.66    0.313 -12.62   0      31.56     1620.133     78.14697
        60    169.9806    974.0083     10003.53      288.536  14.9996   0.0313     5.40    0.257  -2.73   0      47.73     2646.823     81.64693
        61     75.3942    970.9915     10358.13     441.9278  14.9618   0.0463     7.10    0.071  71.87   0      38.35     1790.529     79.22751
        62    292.8482    973.5198     4062.866     356.1606  15.9779   0.0952     5.97    0.291  -0.55   0      16.49     776.6619     75.85789
        63    971.0106    972.3428     3578.562     147.2716  16.1157   0.0447     0.95    0.166 -88.89   0         60     3782.594     84.93143
        64    824.2838    970.1382     5084.672      400.618  15.7343   0.0856     6.94    0.043 -69.27   2      20.05     798.9697     75.92469
        65    379.2199    970.9172     2866.802     140.7911  16.3565   0.0533     2.68    0.236 -21.62   0      51.93     2351.566     80.82088
        66    932.5508    969.0453     4339.334     355.2526  15.9064   0.0889     5.67    0.250  -5.62   0      18.74     912.0638     76.86716
        67    800.2568    966.8718     4069.195     334.9512  15.9762   0.0894     3.94    0.162  15.81   0      18.67     915.9306     76.47606
        68    431.5421    964.8403     18491.76     346.8303  14.3326   0.0204     5.86    0.290   4.96   0      76.03     3834.048     84.88739
        69    134.1989    963.8723      3956.01     236.2458  16.0069   0.0649     5.33    0.343   5.69   2      21.81     1150.788     77.37057
        70    404.9618    967.0933     3284.657     238.8518  16.2088   0.0790     6.59    0.566  -7.92   0      17.92     912.7957     75.85886
        71     67.0618    962.2290     15227.26     397.6938  14.5434   0.0284     6.28    0.331  -7.22   0      64.63     3559.493     83.96552
        72    795.0910    961.3316      8749.27     395.9282  15.1451   0.0491     6.09    0.334 -11.47   0      35.27     1663.172     78.46896
        73    385.6021    961.7800      3402.89     328.6812  16.1704   0.1049     4.40    0.175   1.63   0       16.5     913.9628     76.67175
        74    815.6292    959.3080     3904.461     232.9064  16.0211   0.0648     7.39    0.420   6.18   0       20.6     998.2249     76.11438
        75   1007.9266    957.8748     8122.613     460.4687  15.2258   0.0616     5.75    0.229 -10.97   1      23.92     1102.263     77.02782
        76    657.5803    957.6580     8755.342     470.7213  15.1443   0.0584     5.89    0.301  -4.15   2      31.75     1281.084     77.75237
        77    312.4018    957.4836     6991.207      408.366  15.3886   0.0634     5.44    0.266  -4.33   0      28.24     1447.139     78.62978
        78   1021.5247    957.9978     3773.591      292.955  16.0581   0.0843     4.99    0.381 -26.90  16      14.76     659.0569      75.9124
        79    917.4887    955.4990      19297.3     490.1629  14.2863   0.0276     5.60    0.348  -0.73   2      66.61     3162.226        82.51
        80    676.2178    955.9952      4251.36     302.3924  15.9287   0.0772     4.87    0.187  -0.50   0      22.08     1221.447     77.57786
        81    532.0083    956.5099     3687.249     342.6662  16.0832   0.1009     4.69    0.250  34.67   2      16.52     848.6464      76.4779
        82    282.7891    956.0824     5927.892      148.274  15.5677   0.0272     4.83    0.267 -23.99   0      92.15     5176.179     88.40775
        83    108.6275    957.1136     2667.444     274.3878  16.4348   0.1117     4.95    0.284 -14.94   0      13.88     760.3446     75.80898
        84    962.8129    954.4959     8631.516     543.6897  15.1598   0.0684     8.91    0.431  -5.12   2      21.51     960.1985     76.60751
        85    963.8378    949.3315     4259.148     362.7249  15.9267   0.0925     5.27    0.285 -21.59   3      17.72     870.4194     76.54257
        86    456.7502    954.3432     5016.966      334.442  15.7489   0.0724     4.84    0.425  -5.47   0      23.19     1286.371     77.96602
        87   1007.0705    951.5048     9955.324      432.006  15.0049   0.0471     5.44    0.278  -3.85   0      37.33     1869.357     78.86845
        88    849.7170    949.5638     7776.021     454.3925  15.2731   0.0635     8.68    0.476   6.25   0         25     1080.139     76.96251
        89    761.2057    948.7551     5164.768     333.3872  15.7174   0.0701     8.50    0.491 -17.22   0      24.31     1231.752     77.80664
        90    592.9537    938.9737     688952.6     735.3845  10.4045   0.0012     5.26    0.196  -5.87   0      982.4     156496.1     276.8745
        91    467.2630    948.5913     9961.288     485.8148  15.0042   0.0530     5.75    0.278   2.83   0      30.24     1564.861     78.77364
        92    569.2325    947.0609     11215.21     453.5646  14.8755   0.0439     5.73    0.251 -11.26   0      41.67     2114.869     80.15251
        93    943.2577    946.2982     9411.896     336.2701  15.0658   0.0388     5.63    0.317  -5.62   0      43.88     2250.644     80.15242
        94    303.2782    944.3259     45457.36     467.1177  13.3560   0.0112     5.17    0.273  -3.26   0      158.9     9490.604     98.40953
        95    716.4809    944.5663     9593.323     390.5291  15.0451   0.0442     5.59    0.337  -1.96   0      46.03     2496.024     81.22608
        96    683.9219    941.0909     36692.86     388.5121  13.5885   0.0115     5.22    0.279  -6.32   0      141.8     8634.519     96.57211
        97    860.3126    944.0920     3673.823     333.5281  16.0872   0.0986     4.75    0.342  -9.72   0       16.4     846.8309     76.27043
        98    636.2396    940.4418      18931.7     398.8391  14.3070   0.0229     5.08    0.264  -6.14   2      78.33      4353.31     86.26643
        99    637.3790    933.6939     5532.978      335.943  15.6426   0.0659     5.68    0.204 -16.94   3      25.39     1293.125     77.19009
       100    828.6653    942.3365     11131.23     347.5683  14.8836   0.0339     7.94    0.300 -11.65   0      45.99     2227.373     80.27887
       101    906.4118    937.8847     10686.65     347.2775  14.9279   0.0353     5.54    0.354  -2.31   0      48.16     2498.272     81.23238
       102    148.2994    938.9861      5848.69     328.0241  15.5824   0.0609     5.37    0.348  -8.54   0      26.85     1399.497     78.09773
       103    126.4479    936.7375     14530.57     628.8918  14.5943   0.0470     8.78    0.398  32.53   3      20.85     1341.964     77.93012
       104    131.3685    933.9216     6566.248      453.787  15.4567   0.0751     9.40    0.075 -10.57   3      25.23     1155.934     77.38569
       105    763.6749    935.7833     12028.83     435.7597  14.7994   0.0393     6.33    0.369   1.75   0      44.46     2252.251      80.7325
       106    981.7494    935.1168     7445.045     274.1267  15.3203   0.0400     5.86    0.379  -7.96   0      37.56      1931.79     79.24315
       107    658.3556    939.6818     14683.51     394.4596  14.5829   0.0292     5.18    0.300  -4.16   0      63.87     3394.947     83.33395
       108    366.8593    932.4715     5563.662      364.601  15.6366   0.0712     6.22    0.235   9.13   0      24.64     1214.301     77.55692
       109     32.1406    932.2142     8873.684     409.4123  15.1297   0.0501     5.00    0.278  -9.58   0      36.52      1961.56     79.90997
       110    781.6439    931.2697     10300.02     521.2147  14.9679   0.0550     5.07    0.197 -27.47   3      29.28     1383.579     78.05139
       111    780.1786    926.9529     8854.064     488.4662  15.1321   0.0599     6.40    0.307   9.93   3      27.22     1132.858     77.71606
       112    675.0815    932.3565      4814.61     354.4698  15.7936   0.0800     7.95    0.485 -11.89   0      21.28     969.0496     76.43211
       113    851.7686    929.5061      9544.59     400.2588  15.0506   0.0455     5.35    0.301  -7.67   0       38.8     1958.304     78.92907
       114    333.6529    926.0705     64100.95     422.8859  12.9828   0.0072     6.07    0.182 -12.71   0      215.6     14282.42     109.1983
       115    895.1076    927.7929     8886.171     344.9806  15.1282   0.0422     5.75    0.349  -5.62   0      38.86     2045.795     79.95641
       116    935.8167    927.6132     4037.435     312.2771  15.9847   0.0840     4.93    0.346  -5.79   0      20.41     1132.461     77.31673
       117    870.3353    924.1963     7721.082     425.4219  15.2808   0.0598     6.09    0.394   3.64   0       29.8     1496.773     78.57695
       118   1007.4821    921.3708     4119.421     328.0021  15.9629   0.0865     4.09    0.174 -19.77   0      18.73     1002.887      76.9349
       119     78.7057    921.4693     8275.794     458.8658  15.2055   0.0602     5.62    0.403 -20.94   0       20.9     843.4203     75.85445
       120    619.9745    918.0786     4724.018     314.0074  15.8142   0.0722     5.56    0.291 -14.75   0      22.78     1201.192     77.51849
       121    319.2165    918.1309     6545.646     287.1461  15.4601   0.0476     5.44    0.345   1.11   0      32.15     1720.849     79.22241
       122    234.6830    917.6482      5119.74     368.5358  15.7269   0.0782     5.50    0.377  -3.11   0       22.3     1094.411     76.80397
       123    184.0428    912.5391     23581.56     432.0299  14.0686   0.0199     5.21    0.069 -17.13   0      90.02     5009.307     87.97771
       124     31.4220    907.2168     568622.6     723.2793  10.6129   0.0014     5.34    0.322 -10.33   0      869.8     114962.7      240.376
       125    289.6951    913.5886     12346.29     324.2713  14.7712   0.0285     5.19    0.307  -6.38   0      55.58     2950.011     82.48657
       126    152.0648    913.3527     3411.861      256.117  16.1675   0.0815     6.65    0.455 -85.95   0      19.05     956.1788     76.79679
       127     83.0630    909.7789     25981.19     416.9548  13.9634   0.0174     5.32    0.239  -3.74   2      97.14     5388.908     88.95293
       128    170.4452    913.5079     3334.506     289.9651  16.1924   0.0944     5.78    0.398   0.35   0      17.24      923.029      76.0926
       129    471.5723    912.3405     3449.994     304.3356  16.1555   0.0958     6.36    0.478 -23.72   0       16.2     814.3824      76.5778
       130    428.5002    911.7654     4923.271     369.4604  15.7694   0.0815     6.33    0.282  18.48   0      17.62     829.1089     75.40334
       131    121.7749    908.6456     9167.822     394.2158  15.0943   0.0467     5.28    0.316 -10.86   0      38.65     2068.308     80.40517
       132    259.7911    905.7017     50095.51     409.6786  13.2505   0.0089     5.43    0.297 -10.33   0      176.5     10874.71     102.0106
       133    951.3314    907.5701     4914.372     289.8729  15.7713   0.0641     5.03    0.364   1.32   0      25.16     1363.314     77.99236
       134    418.5959    907.0312     10713.04     449.0373  14.9252   0.0455     5.17    0.235   1.14   0      31.48     1233.979     78.01122
       135    932.3974    905.6659     4675.248     318.8495  15.8255   0.0741     5.46    0.190 -19.07   0      20.33     947.4732     76.97178
       136    576.9923    900.9122     30193.51     478.5481  13.8002   0.0172     5.84    0.304 -11.19   0      104.1     5661.062     89.47327
       137    973.4917    901.7991     4175.391     244.4789  15.9483   0.0636     5.63    0.354 -23.51   0      29.31     2022.434     79.88998
       138    337.8715    901.6396     5156.823     407.3438  15.7190   0.0858     7.51    0.486   1.38   0      19.25     769.0741     76.24107
       139    102.8337    899.1187     13666.67     341.4012  14.6608   0.0271     5.22    0.267  -6.69   0      59.48     3192.963     83.15328
       140    869.2637    893.4587     94775.69     468.8096  12.5583   0.0054     6.08    0.196 -11.17   0      285.2     20206.44     121.0284
       141    418.9921    894.4916     28905.51     500.7994  13.8475   0.0188     5.34    0.309  -5.24   2      99.22     5595.775     89.47991
       142    892.6167    896.8484     7626.503     427.1815  15.2942   0.0608     5.80    0.305  -6.66   0      29.81     1544.195     78.90981
       143    352.5927    896.8122     4207.643     174.5359  15.9399   0.0450     2.54    0.454 -63.81   0      47.25     3760.194     84.68943
       144    999.6719    895.7644     5472.199     300.7538  15.6546   0.0597     5.29    0.334 -11.67   0      27.72     1487.865     78.35447
       145    520.0149    894.3213     18789.22     469.8276  14.3152   0.0272     5.66    0.264 -13.59   0      69.69     3434.662     83.81128
       146    911.5622    891.5353     58766.12     466.1585  13.0772   0.0086     5.49    0.339 -19.25   0      189.1     11976.49     104.4365
       147    633.6852    891.0692      55425.5     442.4059  13.1407   0.0087     5.35    0.197  -6.31   2      191.6     12154.47     104.5282
       148    632.1136    880.4014     23384.53     455.4056  14.0777   0.0211     5.42    0.188  -2.44   3      87.31     4872.339     87.97472
       149    487.1973    893.3566     4819.339     370.4394  15.7925   0.0835     3.28    0.223  -1.66   0      17.99     1004.113     77.33865
       150    122.4477    891.0549      9915.54     446.0461  15.0092   0.0489     6.31    0.250 -16.35   0      38.33     1776.684     79.38242
       151    203.2876    891.9937     3242.223     291.2206  16.2229   0.0975     5.72    0.370  -3.01   0      16.65     863.1453     76.31903
       152    700.8655    889.8734     6904.173     415.8079  15.4022   0.0654     5.35    0.279  -9.09   0      27.08     1416.823     77.95041
       153     92.3412    890.6218     5825.296     401.0379  15.5867   0.0748     6.37    0.308   1.47   0      22.44      1101.47     77.22557
       154    726.4117    889.6888     3251.097     227.2301  16.2199   0.0759     5.34    0.335   5.28   0      19.05     1009.404     76.55201
       155    851.4586    886.5735     21321.55     419.0363  14.1780   0.0213     5.54    0.301  -3.33   0      85.23     4559.695     86.80846
       156    398.3439    884.0657     76149.23      424.795  12.7958   0.0061     5.23    0.255  -3.11   0      248.2     17480.33     115.7961
       157    318.8014    887.3903     5302.592     326.4658  15.6888   0.0669     4.82    0.399  -2.64   0      25.89     1381.241     78.04459
       158    558.4595    886.6321     4498.296     338.6772  15.8674   0.0818     5.20    0.333  -0.63   0      21.42     1095.322     77.20747
       159    460.7747    884.5399     12188.32      522.776  14.7851   0.0466    10.34    0.533 -31.84   0      36.39     1453.784     78.45251
       160    787.8740    884.2617     17948.72      411.617  14.3649   0.0249     6.61    0.381   2.30   0      68.37     3358.694     83.60503
       161    345.3540    884.8151     6352.542     345.5477  15.4926   0.0591     5.80    0.392  -1.77   0      29.77     1507.498     78.80405
       162    329.5838    883.7392     7234.753       394.08  15.3514   0.0592     5.68    0.277 -12.48   0      31.21     1512.522     78.42596
       163     67.0155    882.4327     21138.97     495.7081  14.1873   0.0255     7.84    0.407  -3.28   0      70.89     3160.465     83.61992
       164     10.3253    890.6935     4608.807     301.3835  15.8410   0.0710     4.97    0.346  -2.28   0      22.43     1155.959     76.98589
       165      2.7955    881.9500     4154.393     253.7522  15.9537   0.0663     7.92    0.309 -61.25  24      20.63     1027.485     77.00753
       166    677.2543    882.2770     4408.884     302.5108  15.8892   0.0745     3.77    0.230 -19.76   0      22.95     1309.185     77.63594
       167    250.8907    880.6428     5151.669     378.8792  15.7201   0.0799     5.15    0.350  -6.45   0      20.41     1016.656     76.57354
       168    240.7600    879.7772     10522.88     582.8115  14.9447   0.0601     9.91    0.421  32.26   0      25.33     989.6252     77.29606
       169    162.0002    880.8185     3499.153     133.3968  16.1401   0.0414     1.00    0.097 -89.99   0      62.93     3552.935     84.13139
       170    525.3665    875.3182     17868.57      475.101  14.3698   0.0289     6.01    0.324   1.65   0      66.64     3330.902     83.34447
       171    767.3313    873.7703     3868.556     305.9119  16.0311   0.0859     4.09    0.226   1.83   0      20.39     1088.119     77.18627
       172    186.3286    871.3677     38670.21     466.2926  13.5316   0.0131     5.51    0.318  -6.70   3      131.2     7533.909      94.2742
       173    176.5336    863.6790     212866.2     534.6083  11.6797   0.0027     5.16    0.202  -1.10   3      493.6     45766.88     161.8781
       174    609.0563    872.0086     6614.396     391.7574  15.4488   0.0643     6.67    0.242 -21.05   0      26.54     1359.967     78.18026
       175    244.5881    866.5284     101028.3     491.0638  12.4889   0.0053     5.25    0.175  -0.61   0      296.5     21610.96     123.7625
       176    647.4122    868.1470     23515.53     399.5158  14.0716   0.0185     5.48    0.298  -4.15   0      94.29     5262.554     88.80347
       177    980.2639    866.0685     21547.69     513.4781  14.1665   0.0259     8.08    0.399  11.34   0      70.51      2933.72     82.25427
       178    966.7626    868.5000      6844.02     429.4686  15.4117   0.0681     4.73    0.321  -6.94   1       20.9     1023.718     75.98764
       179    264.9264    865.2083     68762.23     426.2896  12.9066   0.0067     5.29    0.262  -7.10   0      228.7     15225.23      111.282
       180    106.2853    864.9729     11427.85      444.218  14.8551   0.0422     5.91    0.290  -3.89   0      43.09     2211.297     80.23335
       181     46.4487    863.7004     21553.92      411.733  14.1662   0.0207     5.29    0.279  -5.30   0      86.82     4741.004     86.39327
       182    963.0798    863.4706     6875.003     438.3762  15.4068   0.0692     5.48    0.214  -9.62   3      22.75     1048.513     76.66803
       183    961.5745    858.7618     2419.839     268.4951  16.5405   0.1205     3.59    0.339  28.01   3      13.58     734.4741     76.74352
       184    871.6750    862.5593     4796.123     358.7853  15.7978   0.0812     5.00    0.342 -12.34   1      18.92     993.9769     76.90857
       185    695.1360    862.1888     3643.332     315.6782  16.0963   0.0941     4.15    0.244  10.70   0      16.73      872.175     76.54779
       186    546.9310    861.7878     5980.731     421.7557  15.5581   0.0766     6.03    0.406 -13.21   0      21.12     1069.959     77.13278
       187    921.5031    860.4968     11895.86     379.8685  14.8115   0.0347     5.43    0.130 -17.83   2      52.09     1968.736      78.9591
       188     61.5013    860.9960     5389.126     361.3028  15.6712   0.0728     5.69    0.270 -18.92   0      24.93     1225.021     77.58833
       189    726.5714    859.4564      7191.68     271.0849  15.3579   0.0409     6.01    0.368  -3.02   0      34.82      1841.84     79.37456
       190    411.0098    859.2540     8189.163     312.8272  15.2169   0.0415     5.39    0.293  -2.03   0      39.68     2177.268     80.52113
       191     83.2043    859.5029     6623.202     378.7436  15.4473   0.0621     8.97    0.458   5.86   0      27.58      1372.51     78.01916
       192    880.1263    858.2141     13719.64     442.7827  14.6566   0.0350     5.33    0.341  -2.53   3      52.72     2934.572       82.631
       193    889.1063    857.4381     7008.391     384.0311  15.3860   0.0595     6.69    0.401  -2.11   3       29.6     1465.448     77.49693
       194    567.7123    850.2394     36345.39     459.3154  13.5989   0.0137     5.40    0.273  -2.22   0      131.5     7492.134     93.84512
       195    249.8472    853.0078     8688.955     423.2126  15.1526   0.0529     5.55    0.377  -7.46   0      33.93     1831.732     79.73366
       196    657.5821    846.1387       130539     602.1506  12.2106   0.0050     7.86    0.361 -48.61   0      333.9     19272.82     119.2623
       197    833.4979    849.8329     2468.156     244.4699  16.5191   0.1076     5.55    0.419 -17.25   0      15.57     829.5814     75.60915
       198    467.0473    848.7070     4147.441     268.5205  15.9555   0.0703     4.44    0.110 -27.43   0       20.1     1049.214     76.46856
       199    416.3688    848.9355      4476.46     280.0461  15.8727   0.0679     5.90    0.286   0.38   0      23.49     1244.424     77.64514
       200    185.0889    847.1620     11393.15     515.7409  14.8584   0.0492     6.03    0.301   1.15   0      32.71     1534.357     78.09498
       201    161.5999    846.6908     3436.999     270.7833  16.1596   0.0856     5.28    0.338  -4.10   0      16.91      921.198      76.6932
       202    703.3488    845.6013     7594.089     367.9675  15.2988   0.0526     4.85    0.312  -7.01   2      33.55     1102.664     77.22909
       203    870.2540    850.1018     7243.803     418.7666  15.3501   0.0628     8.10    0.385 -14.79   0      27.23     1276.219      77.1403
       204    908.0234    844.6289     3122.648     249.7557  16.2637   0.0869     3.55    0.243   9.75   0      17.32      1032.24     77.42126
       205    348.0441    844.4721     3479.309     321.6151  16.1463   0.1004     5.83    0.185  -0.01   0      16.97     830.2596     76.42324
       206    986.1541    842.2657     12637.17     401.0501  14.7459   0.0345     5.56    0.288  -6.15   0      54.53     2909.106     82.37379
       207    494.1817    839.7135     13520.01     368.4818  14.6726   0.0296    11.05    0.552   7.44   0      47.98     2025.046     79.70403
       208    263.7472    839.2224     18533.19     381.8034  14.3301   0.0224     5.77    0.321  -8.17   0      76.34     4111.728     85.80766
       209    135.5023    839.5945     5078.361     387.8927  15.7357   0.0830     7.39    0.107 -67.41   0       21.1     933.9774     76.73106
       210    758.7233    838.4980     8270.873     448.6603  15.2061   0.0589     4.80    0.222  -4.78   0      27.37     1365.581     77.60225
       211    603.4926    836.4987     12217.31      486.869  14.7826   0.0433    10.33    0.431   5.69   0      42.16     2093.804      79.5126
       212    855.9805    833.3080     50826.19     430.2842  13.2348   0.0092     5.24    0.166  -7.48   0      177.7     10912.09     101.6394
       213    201.4488    835.3697     6725.433      371.607  15.4307   0.0600     5.95    0.326   3.03   0      29.97     1480.153     78.72514
       214    900.9246    834.5712     10262.01     385.9518  14.9719   0.0408     6.18    0.360  -7.72   0      43.25     2077.679     80.04699
       215    745.1283    833.7496     14696.16     440.6648  14.5820   0.0326     5.71    0.279  -2.25   0      58.24     2996.964     82.42883
       216    110.7766    833.9432      13225.8      549.131  14.6964   0.0451     5.54    0.301   1.05   0      35.98      1988.38     79.79305
       217    725.7339    832.6708     13982.87     362.4354  14.6360   0.0281     5.29    0.263 -17.10   0      60.63     3196.984     82.97849
       218    623.7654    833.7230     6265.111     403.2054  15.5077   0.0699     5.06    0.310  -7.28   0      23.87     1246.737     77.65192
       219    979.3970    832.6951      5946.29     400.1435  15.5644   0.0731     6.23    0.361 -16.00   3      23.32     1144.156      77.3511
       220    982.6708    827.8651     11185.33     437.9703  14.8784   0.0425     5.38    0.257 -38.30   3      39.07     1991.185     79.60741
       221    988.9217    827.1910      11730.6     434.7176  14.8267   0.0402     6.73    0.448 -11.02   3      40.39     1983.567     79.77934
       222    391.4716    832.9851     2336.491     279.6869  16.5786   0.1300     4.98    0.365  27.04   0      13.31     703.6998      76.2486
       223     32.2127    835.4575     3048.525     240.2384  16.2898   0.0856     5.76    0.189   2.18   0      16.92     849.9378     76.68325
       224    342.5154    825.4282     14083.06     453.3003  14.6283   0.0350    11.26    0.474 -76.50   0      43.57     1465.366     78.09181
       225     54.0025    830.5073      3221.14     337.8191  16.2300   0.1139     5.81    0.434  26.75   0      15.56     683.9005     75.98674
       226    453.1015    827.8634     19823.65      351.015  14.2570   0.0192     5.59    0.320  -7.60   0      83.25     4523.527     86.35705
       227    368.2044    828.7101      7533.21     316.0341  15.3075   0.0456     4.61    0.235  -5.96   0      37.12     2002.118     79.83216
       228     14.6970    828.3088     12597.08     331.5051  14.7493   0.0286    11.26    0.387  10.65  16      50.76     2563.778     81.03545
       229    559.9246    828.3610      5917.66     361.6351  15.5696   0.0664     6.24    0.403  -6.00   0      26.16     1307.615     77.82989
       230    787.9510    827.0095     2811.828      243.208  16.3775   0.0939     5.68    0.449 -14.95   0      16.84     927.9878     76.91423
       231    488.7980    825.1962     8297.472     399.5501  15.2026   0.0523     6.27    0.335 -12.92   0      36.86     1739.652     79.08143
       232    584.7255    824.4583     10108.47     450.4475  14.9883   0.0484     5.70    0.351 -11.30   0      40.04     2120.532     79.97583
       233    256.8766    823.7318     5264.094     358.0056  15.6967   0.0739     6.05    0.298  -3.86   0      23.78     1129.557     76.90791
       234    141.0371    821.9945     7979.446     375.4686  15.2451   0.0511     5.52    0.344 -15.03   0      32.19     1776.596     79.57635
       235    851.8525    820.5932     13812.79     422.3167  14.6493   0.0332     5.30    0.308  -1.64   0      57.62     3086.597     83.04809
       236    659.8668    820.5432     13946.26     413.1535  14.6389   0.0322     8.69    0.337  -9.11   0      56.27     2958.193     82.50912
       237    824.7949    820.7776     3092.376     301.5201  16.2743   0.1059     5.35    0.333  -3.09   0      16.73     903.6327     76.64113
       238    572.7495    818.9746     12650.72     357.3058  14.7447   0.0307     5.28    0.288 -10.10   0      56.83     3187.812     83.50962
       239     70.8770    818.5687     3910.869     317.0898  16.0193   0.0881     5.32    0.126  22.22   0      19.77     1022.513     76.99285
       240    460.5313    816.7588     2859.226     296.1788  16.3594   0.1125     4.03    0.282  -1.02   0      14.85     789.6139     76.30227
       241     57.0438    815.3596     7568.021      437.855  15.3025   0.0628     4.63    0.171 -14.79   0      26.78     1444.933     78.03233
       242    598.7196    815.4370     5133.561      367.496  15.7240   0.0777     4.90    0.356 -32.45   0      19.19     1035.548     77.03132
       243    248.5059    812.7368     29211.11     418.7117  13.8361   0.0156     5.17    0.227  -6.41   0      113.9     6461.068     91.31396
       244   1022.6973    801.0770     4956.812     228.9298  15.7620   0.0502     7.08    0.313 -35.17  27      30.96     1780.313     78.80751
       245   1018.9556    808.8473     33352.82     404.1198  13.6922   0.0132     5.80    0.233   2.75  19        116     6652.055      92.2911
       246   1014.1037    803.8289      21859.6     374.6214  14.1509   0.0186     5.38    0.284 -12.15  19      90.46     5111.343     87.53855
       247    541.9852    807.7697     107321.3     469.9524  12.4233   0.0048    14.45    0.160  -3.85   0      313.1     23180.08      126.733
       248     10.1643    811.3692     8147.731       354.43  15.2224   0.0472     5.48    0.318  -8.72  16       36.1     1871.082     79.84574
       249    995.3182    810.4689     10118.45     314.2257  14.9872   0.0337     5.42    0.294   1.71   0      46.22     2429.821     80.65887
       250    811.1157    808.6728     11101.72     346.4371  14.8865   0.0339     5.44    0.282  -2.44   0       49.4     2549.003       80.994
       251    651.2083    807.3563     6623.405     358.8675  15.4473   0.0588     5.10    0.315  -5.00   0      30.85     1602.968      79.0789
       252     92.8063    807.8704     4631.321     153.9828  15.8357   0.0361     0.00    0.361  31.61   0      76.97     3938.908     85.16768
       253    599.2103    806.4018     4044.931     258.1768  15.9827   0.0693     7.51    0.380  -1.04   0      20.76     1068.436      77.1283
       254    913.3968    805.8283     2622.875     281.2944  16.4531   0.1165     5.87    0.499 -13.36   0      14.05     688.6808     76.40607
       255    617.1810    799.6718     6280.537     323.5886  15.5050   0.0560     5.32    0.346 -11.56   0      31.01      1664.77     79.06136
       256    416.7867    798.9460     13312.61     404.3057  14.6893   0.0330     5.29    0.261   3.80   0      55.01     2972.643     82.73565
       257    168.7661    798.9109     4658.396     328.3753  15.8294   0.0766     6.12    0.195  -9.81   0      21.71     1111.452     76.85439
       258     68.8669    797.8562      3458.15     277.8333  16.1529   0.0873     4.85    0.283 -28.71   0      19.04     1067.189     76.92426
       259     31.0176    796.9874     6730.231     334.4527  15.4299   0.0540     6.28    0.336  -4.27   0      31.92     1717.932     79.01897
       260    321.7435    791.5474     78770.26      481.454  12.7591   0.0066     7.82    0.357   7.72   0      227.8     11529.95     103.7581
       261    229.6608    795.4936     4391.437     249.3652  15.8935   0.0617     5.38    0.415  -6.98   0      23.22     1213.526     76.95537
       262      4.5040    795.2144     3490.326     235.7974  16.1428   0.0734     5.13    0.357 -10.07  16      19.45     1031.746     76.81947
       263    476.5405    792.8994     16307.23      334.039  14.4690   0.0222     5.00    0.284  -8.39   0      73.44     4095.039     85.04062
       264    687.0673    790.3384     43549.86     508.1616  13.4025   0.0127     5.25    0.231  -4.45   3      145.3     8586.578     96.77867
       265    674.4796    785.6558     51918.13     422.7247  13.2117   0.0088     5.27    0.289  -2.28   3      182.7        11094     102.1965
       266    742.0089    789.4288     16943.42     447.8932  14.4275   0.0287     5.54    0.268  -4.41   0      64.71     3393.926     83.88492
       267    112.6635    791.1932      6356.56     379.6013  15.4919   0.0649     5.38    0.297  -0.24   0      28.99     1597.021     78.86637
       268    617.5197    789.8893     5430.503     251.8471  15.6629   0.0504     5.12    0.347 -10.37   0       27.7     1401.019     77.90432
       269    948.2213    782.9902     173347.8     505.4672  11.9027   0.0032     5.44    0.221  -3.17   0      435.6      38273.1     151.2972
       270    170.6053    786.6725     15024.94     514.3472  14.5580   0.0372     6.90    0.315 -35.28   0      49.36     2114.609       79.959
       271    881.5698    786.2554     12459.15     495.6201  14.7613   0.0432     6.07    0.343  -7.32   0      41.73     2034.222     79.73018
       272    543.5046    778.3047     431857.4     635.5049  10.9116   0.0016     6.27    0.159 -10.71   2      757.9        91733     217.0923
       273    538.8223    762.4823     95047.93     487.4973  12.5551   0.0056     5.20    0.212  -0.15   3      284.2      20424.9     121.4379
       274    351.4487    783.2802     25466.36     368.5208  13.9851   0.0157     5.31    0.221  -9.18   0      101.6     5491.628     88.86835
       275    602.9045    782.6525     4361.783     296.0291  15.9008   0.0737     5.81    0.256  -8.63   0      20.55     1064.809      76.5149
       276     73.0688    782.3884     11363.19     384.5986  14.8612   0.0368     5.83    0.334  -2.87   0      47.62     2433.089      81.0498
       277    120.6175    781.7923     3346.545      314.239  16.1885   0.1020     2.30    0.374  78.74   0      16.87     818.1014     76.38707
       278    991.3381    781.1482     2860.635     298.7738  16.3588   0.1134     6.08    0.381 -33.84   0      15.09     764.6981     76.22802
       279    838.1922    776.8489     16130.35     588.2825  14.4809   0.0396     4.40    0.345  30.22   0      47.78      2183.11     80.53762
       280    718.1926    776.7866     17823.39     496.5222  14.3725   0.0303     5.87    0.339 -13.78   0      60.87     3053.068     82.77003
       281    224.0990    777.0710     8481.991     348.0557  15.1788   0.0446     5.56    0.250   4.50   0      37.86     1855.756     78.43673
       282    810.1804    776.3356     8659.954     353.6691  15.1562   0.0444     5.52    0.318  -5.93   0      38.49     2075.928     80.04202
       283    700.3221    769.9175     25835.98     542.3644  13.9694   0.0228     6.16    0.196  -0.09   3      77.05     3983.906      84.7431
       284    707.8703    768.1056     23677.91     549.2414  14.0641   0.0252     6.91    0.368  -1.01   3      68.94     3360.174     83.05346
       285    384.1398    775.0748     5868.867     382.3484  15.5786   0.0708     4.72    0.315 -10.77   0      23.58     1281.123     77.55375
       286    329.9928    775.0175     3793.634     222.6326  16.0524   0.0637     5.42    0.217  -4.20   0      21.27      1150.26     77.36903
       287     91.0955    773.8423     6748.063     371.6208  15.4271   0.0598     5.10    0.229  -6.35   0      32.92     1781.307     78.41776
       288    507.9743    774.3240     3532.258     315.5982  16.1299   0.0970     5.51    0.189  -3.36   0      17.62     877.4881     76.56356
       289    766.4840    771.5949       9366.6     416.2258  15.0710   0.0483     5.29    0.292  -7.26   0      39.89     2164.611      80.4854
       290    897.5083    769.0342     7433.462      358.305  15.3220   0.0523     5.98    0.373   2.02   0      34.24     1798.133     78.46651
       291    181.4670    767.3579     18943.34      359.144  14.3064   0.0206     5.40    0.284  -8.22   0      80.25     4379.837      86.3363
       292     66.4293    764.1356     154837.2       520.58  12.0253   0.0037     5.62    0.348   0.23   0      402.3     32487.44     142.2327
       293    386.2204    765.5274     29473.45     553.7286  13.8264   0.0204     5.21    0.283  -3.74   2      83.64     4502.143     86.65765
       294    385.3254    756.1347     13005.65     536.2421  14.7147   0.0448     5.25    0.267  -4.72   2      46.91     1403.855     77.91259
       295    441.5085    765.8824     6804.441     433.0263  15.4180   0.0691     6.09    0.178  19.23   0      25.31     1096.303     77.01023
       296    194.5079    766.3754     2304.745     219.3556  16.5934   0.1034     4.56    0.292  58.25   0      18.99     1285.338     77.16715
       297   1012.9956    764.9752     3335.462     173.3964  16.1921   0.0565     4.24    0.014  62.75   2      52.52     2275.418     80.79769
       298    319.2921    753.9676     6576.166     249.8088  15.4551   0.0413     5.61    0.337  -6.94   2      64.48     3784.486      84.0231
       299    326.0505    763.0444     11929.16     556.2764  14.8085   0.0506     5.62    0.229  47.04   2      30.34     1343.614     78.13271
       300    101.5224    763.2770     5809.629      392.275  15.5896   0.0733     5.30    0.420  -3.47   1       19.7      1042.68     76.44914
       301     87.6594    762.7239     8030.445     407.9994  15.2382   0.0552     4.71    0.195 -19.38   0      32.15     1711.156     78.80389
       302    356.3683    761.9661     8584.262     466.5219  15.1657   0.0590     9.18    0.206  24.43   0       28.8     1370.828      78.4089
       303    111.8162    761.4459     14684.24     488.0193  14.5829   0.0361     9.39    0.529   5.15   0      47.61     1974.957     80.14087
       304    963.7355    760.3105     3399.149     300.4699  16.1716   0.0960     6.84    0.574 -16.88   0      15.87     671.6897     75.54273
       305    908.3161    760.0854     6269.245     258.6401  15.5070   0.0448     6.14    0.385 -14.78   0      31.97     1669.676     78.68417
       306    420.7689    759.9830     6809.106     408.2646  15.4173   0.0651     5.56    0.367 -14.97   0      26.81     1416.583      78.5414
       307     33.2486    755.9818     32419.62     441.9241  13.7230   0.0148     5.44    0.063 -84.92   0      116.1     6620.661     92.38097
       308    575.5668    757.1293       6419.2      333.085  15.4813   0.0564     5.54    0.324  -5.09   0      30.09     1519.535     78.44628
       309     43.7047    786.2772      2317.51     139.9016  16.5874   0.0656     1.90    0.268 -44.63   0      36.16     2158.921     79.89191
       310    243.6864    752.7206     49541.83     397.9012  13.2626   0.0087     5.19    0.253  -0.99   0      178.5     11280.46     102.6103
       311    298.1501    746.8770     363414.2     604.1852  11.0990   0.0018     5.27    0.178  -7.27   0      685.2     79238.02     203.5916
       312    566.5735    745.2859     12018.98     336.8842  14.8003   0.0304     5.35    0.299  -3.34   0      55.21     2876.774     81.90858
       313    662.0015    745.9845     7838.455     140.5955  15.2644   0.0195     4.22    0.003  51.58   3      113.2     7410.936     93.97727
       314    663.2545    742.4274     5279.019     375.8889  15.6936   0.0773     6.03    0.325 -24.60   2      20.51     1019.666     76.98444
       315     79.1146    743.8675     6698.948     418.4708  15.4350   0.0678     4.89    0.333 -18.64   0      24.61      1334.84     77.51217
       316    395.4978    739.5134     4539.661      338.705  15.8574   0.0810     6.98    0.330 -14.87   2      19.41     817.6118     75.77708
       317    178.0336    736.2013     17550.44     420.6707  14.3893   0.0260     5.37    0.276  -5.66   0      72.48     4021.734     85.74912
       318    164.0176    738.3627     7011.551     447.1599  15.3855   0.0693     7.74    0.607 -13.78   1      18.44     953.9656     77.39081
       319    150.5925    738.3160     7289.176     446.4376  15.3433   0.0665     7.74    0.375  -8.58   0      22.66     1050.749     77.27612
       320    124.0230    736.4007     19817.97     402.2317  14.2574   0.0220     5.19    0.248   2.64   0      79.93     4388.051     86.35791
       321    686.1098    736.2949     8297.639     349.0424  15.2026   0.0457     4.96    0.244  -7.20   0      37.19     1976.982     79.56685
       322    429.3784    753.9305     10654.94      427.889  14.9311   0.0436     4.94    0.307  -5.14   0      40.78     2253.396     80.73573
       323    734.0196    736.3542     3578.555     213.5635  16.1157   0.0648     7.28    0.342  -2.17   0      20.66     1061.491     77.50708
       324    629.0822    734.7394     2522.964     239.7407  16.4952   0.1032     4.74    0.305  -8.35   0      15.19     813.1267     75.96706
       325    476.0305    732.0701     5724.375     320.8014  15.6057   0.0609     5.41    0.285 -10.24   0      26.65     1332.313     77.90198
       326    422.1133    731.0813     4533.226     268.8468  15.8590   0.0644     4.98    0.339 -16.36   0      24.37     1314.084     77.65028
       327   1002.0957    730.8931     3836.781     334.7935  16.0401   0.0948     3.86    0.372 -11.12   0      16.99     908.7416      76.4547
       328    953.0616    730.5269     6606.553     426.6386  15.4501   0.0701     8.24    0.525   6.44   0      22.76     1054.852     77.08826
       329    362.6430    729.5460     10477.35     316.9293  14.9494   0.0329     5.44    0.292  -3.19   0      48.46     2547.864     81.56044
       330    857.2518    726.0000      10824.6     347.3677  14.9140   0.0349    10.94    0.554 -22.98   0      37.39     1648.536     78.81913
       331    545.6866    725.6231     35002.01     415.3918  13.6398   0.0129     5.39    0.214  -9.59   0      129.8     7416.803     93.66251
       332    169.6042    722.3311     49890.43     427.9905  13.2550   0.0093     5.32    0.233  -9.94   0      174.6     10749.41     101.7311
       333    617.2325    727.4851     4612.922     343.2795  15.8401   0.0808     6.36    0.393  -1.12   0      21.02     1072.643     76.94037
       334     69.6631    725.0723     9031.033     337.1588  15.1107   0.0405     5.72    0.304  -5.91   0      40.54     2051.981     79.97399
       335    236.2132    721.5569     46259.75     474.8772  13.3370   0.0111     5.51    0.393   0.34   0      152.7      9335.92     98.83547
       336    386.4533    721.7054     15691.79     396.9886  14.5108   0.0275     6.21    0.304  -5.65   0      64.31      3418.98     83.21423
       337    421.2699    717.4424     49131.74     466.4271  13.2716   0.0103     5.13    0.330  -7.07   3      163.7      10024.7      100.099
       338    411.8773    716.9489     16333.61     381.5044  14.4673   0.0254     6.41    0.388 -25.39   3      63.83     3520.571     83.86009
       339    275.7345    718.7864     8778.747     360.2299  15.1414   0.0446     6.27    0.365 -17.83   0      38.02     1789.847     79.22555
       340    208.3836    721.0139     3218.296     218.5417  16.2309   0.0737     0.00    0.227   2.27   0      23.07     1509.144     78.41617
       341    999.3241    716.0972     8419.591     465.6138  15.1868   0.0601     6.44    0.320   2.05   2      27.45      1175.99       77.045
       342    587.2849    719.6376     5386.599     364.4907  15.6717   0.0735     7.49    0.372  -2.44   0      23.29     1195.824     77.10348
       343    943.0009    717.7046     10154.52     320.3316  14.9834   0.0343     5.86    0.355  -8.36   0       47.5     2595.425     81.50374
       344    572.1025    715.7683     14861.72     370.3516  14.5698   0.0271     5.37    0.300  -2.93   0       63.8     3418.847      83.0282
       345    844.8691    716.6563     3743.823     287.6154  16.0667   0.0834     4.87    0.230 -14.09   0      18.99     1009.029     76.75224
       346    302.4557    716.2022     6450.955     385.7068  15.4759   0.0649     5.89    0.343 -10.49   0      26.44     1335.897     77.91243
       347    813.0883    713.9540     9843.595     320.1109  15.0171   0.0353    11.05    0.499  12.15   0      39.78     1672.116     78.49487
       348    126.5338    712.5544     3413.114     286.0081  16.1671   0.0910     3.45    0.258  -4.55   0      18.58     1016.254     76.97437
       349    908.1117    710.6212     3293.999      215.062  16.2057   0.0709     5.19    0.365  -8.53   0      18.76     971.6652     76.43989
       350    381.0538    708.6062     17408.69     361.3886  14.3981   0.0225     5.30    0.246  -5.12   0      75.41     4051.836     85.64887
       351    750.6936    709.8121     3682.621     286.2222  16.0846   0.0844     5.87    0.475  -6.52   0      18.87     950.1084     76.57756
       352    732.0910    704.6652     45977.58     427.7155  13.3436   0.0101     5.42    0.250  -6.00   0      166.5     10171.73     100.1245
       353    233.5555    706.1057     5456.083     374.9684  15.6578   0.0746     4.41    0.155   1.72   0      23.37     1251.039     77.06607
       354    126.0766    705.4125     8723.981     392.9793  15.1482   0.0489     5.25    0.243  -3.79   0      37.94     1916.406     79.58778
       355    864.4697    703.9850     14955.02     474.5189  14.5630   0.0345     7.11    0.343   2.55   3       53.7     2450.525     81.28875
       356    870.3515    700.4822      14386.7     584.9763  14.6051   0.0442    10.19    0.103 -14.48   3      36.44     1907.295     79.17287
       357    792.9225    704.9171     6507.902     376.6311  15.4664   0.0628     4.61    0.276  -7.94   0      28.54      1560.62      77.9737
       358    512.2689    704.1630     12470.03      346.221  14.7603   0.0302     5.50    0.332  -7.40   0      55.62     2912.943     82.38438
       359    489.7639    705.5287     4626.389     273.1956  15.8369   0.0641     6.11    0.407  -3.70   0       23.2     1185.145     77.47144
       360    920.0831    703.6952     4606.142     316.3706  15.8417   0.0746     5.23    0.282   6.26   0      21.66     1105.999     77.03884
       361    842.8333    703.3903     12202.31      314.505  14.7839   0.0280     5.32    0.339  -4.11   0      56.94     3189.802     83.51504
       362    777.0280    703.2692     3357.631     313.0169  16.1849   0.1012     4.92    0.466  -5.49   0      14.96     764.6016     76.22773
       363    219.0511    700.7639     3856.502     263.9245  16.0345   0.0743     5.03    0.114   0.12   0      20.13     1065.875     77.12074
       364    592.7414    698.9335     6653.446     398.6138  15.4424   0.0651     6.01    0.319 -11.38   0      26.68     1282.568     77.75671
       365    432.5511    698.4189      8707.49     440.2025  15.1503   0.0549     5.75    0.254  10.18   0      32.09     1591.177     79.04501
       366    902.3376    697.3058     3397.781     198.3789  16.1720   0.0634     5.02    0.377  -8.91   0       20.1     1110.463     76.85146
       367    678.7457    695.5426     4255.258     286.6765  15.9277   0.0732     4.49    0.089 -51.51   0       23.6     1240.248     78.02948
       368    722.3906    692.1198     12805.36     332.8091  14.7315   0.0282     5.19    0.286  -5.29   0       57.7     3107.657     82.91979
       369    544.0275    693.1501      6624.58     457.2041  15.4471   0.0750     7.44    0.375 -27.64   2      22.83     895.5311      77.0189
       370    799.0598    690.8989     4005.473     289.1594  15.9934   0.0784     6.94    0.403 -10.27   0      19.63     988.9281     76.28918
       371    415.9353    686.3912     9299.339     461.0491  15.0789   0.0538     6.56    0.125  19.42   0      31.63     1543.386     78.51535
       372    354.1747    686.4866     6515.726     323.7537  15.4651   0.0540    11.18    0.484 -21.51   0      23.87     851.6166     76.08212
       373   1007.0032    685.3826      5158.52     432.1616  15.7187   0.0910     8.82    0.299  48.34   0      20.47      832.158     76.42889
       374     39.4640    685.3774     6642.606     337.8368  15.4442   0.0552     4.90    0.206 -10.54   0      30.87     1706.617     79.18156
       375    228.6312    679.1505     4415.991     264.4059  15.8874   0.0650     5.33    0.216 -14.66   0      21.87     1127.628     77.30251
       376    866.2133    675.7275     44492.35     389.1021  13.3793   0.0095     6.07    0.264  -5.46   0      164.1     9868.995     99.89941
       377    798.5716    678.4899     3552.722     284.7674  16.1236   0.0870     4.18    0.255  -7.02   0      19.22     1016.899     76.57426
       378    161.6338    676.5319     8309.285     371.5374  15.2011   0.0486    10.09    0.397 -15.62   0      34.44     1393.033     78.07892
       379    376.7613    673.2461      12959.4     479.2312  14.7185   0.0402     7.74    0.307 -48.84   0      46.53     2327.684     80.56236
       380    293.6027    674.7509     24322.31     434.2002  14.0350   0.0194     5.31    0.263  -6.04   0      92.79      5095.75     88.20074
       381    262.0977    677.8666     4030.641     331.4512  15.9866   0.0893     6.29    0.414   0.35   0      18.21     961.0132     76.40821
       382    716.7280    674.6853     10761.65     380.2054  14.9203   0.0384    11.21    0.176 -35.42   0      44.11     2005.577     79.45449
       383    633.5389    675.2492      4798.74     241.8885  15.7972   0.0547     6.17    0.345  -3.41   0      24.29     1230.033       77.603
       384    460.3194    675.0425     2890.961     301.3683  16.3474   0.1132     5.29    0.293  14.84   0      14.45     724.7522      75.7022
       385    992.4573    673.4506     3749.289     307.0822  16.0651   0.0889     4.29    0.351  -5.98   0      19.12      1054.08     77.28592
       386    954.3451    670.9510     3815.138      215.612  16.0462   0.0614     4.25    0.234 -21.95   0      21.44     1215.516      77.7592
       387    574.6385    669.6966     10554.25     404.6635  14.9414   0.0416     5.94    0.384 -13.58   0      41.61      2112.07      79.3706
       388    822.1158    669.9482     3793.657     341.6092  16.0524   0.0978     5.49    0.377 -10.95   0      16.52     846.3333     76.06634
       389    282.4262    667.7759      12387.7     416.9478  14.7675   0.0366     5.96    0.257 -13.79   0      50.77     2615.822     81.93816
       390    322.4822    664.5832     9051.409     475.7551  15.1082   0.0571     5.81    0.113   7.06   0      30.81     1404.466     78.11219
       391    883.9070    664.3132     7181.719     449.8269  15.3594   0.0680     5.54    0.122 -42.72   0      25.33     1282.761     77.55855
       392    594.8219    663.7386     11043.76     436.1312  14.8922   0.0429     6.08    0.342  -9.34   0      43.75     2238.927     80.50351
       393    793.0789    664.0513     2730.103     134.9695  16.4096   0.0537     0.00    0.136  27.19   0       56.3      2451.68     80.72044
       394    508.7198    663.0690     5718.091     352.8686  15.6069   0.0670     5.27    0.342  -5.56   0      25.12     1237.621     77.22659
       395    332.7999    663.2862     7317.014     426.1124  15.3392   0.0632     6.46    0.333   5.11   0      24.41     1174.256     77.83703
       396    908.8497    662.3618     3892.771     293.0474  16.0244   0.0818     4.58    0.226 -11.79   0      20.38      1039.84     77.04398
       397    748.0560    661.7837      6333.47      405.153  15.4959   0.0695     4.44    0.337  13.80   0      24.21     1286.507     77.96642
       398    637.9810    662.7712     3365.671      309.303  16.1823   0.0998     4.83    0.363 -13.48   0      16.72     877.1518     76.96465
       399    443.6318    661.7849     6817.223     418.5351  15.4160   0.0667     5.35    0.315 -12.54   0      24.78     1278.593     78.14108
       400    411.4391    661.3891      5293.65     245.5163  15.6906   0.0504     5.37    0.207  -1.07   0       28.2     1489.288     78.94723
       401    838.4180    656.5568     63475.52     453.3819  12.9935   0.0078     5.43    0.346  -0.81   0      207.6     13075.75     107.0905
       402    434.4106    658.7032     6065.169      371.203  15.5429   0.0665     7.90    0.302  -2.65   0      24.71     1298.761     77.80402
       403    963.7714    657.8170       6704.7     353.5034  15.4341   0.0573     7.15    0.330  21.93   0      27.96     1215.692     77.95792
       404    808.2472    655.2191     26193.28      405.818  13.9545   0.0168     5.91    0.267  -5.66   0      105.3     5830.034     90.41497
       405    121.2210    657.6750     3908.196     333.6877  16.0201   0.0927     6.61    0.335  -3.87   0      18.25     881.7506     76.77748
       406    368.9573    655.0905     3669.546     321.7495  16.0885   0.0952     6.33    0.484  21.72   0      16.11     767.6783     75.83096
       407    648.9084    654.1958     8170.009     457.1285  15.2194   0.0608     7.50    0.525  -3.55   1      23.28      999.379     76.92454
       408    635.0711    651.6630     30210.51     470.4251  13.7996   0.0169     5.30    0.261  -7.51   0      111.9     6417.814     91.54403
       409    156.7596    652.6320     13083.33     373.4146  14.7082   0.0310     4.94    0.244  -5.28   0      56.48      3033.99     83.08994
       410    610.9570    650.1749     58871.27     407.0044  13.0752   0.0075     5.59    0.239  -4.79   0        204     12973.43     106.8731
       411     80.1344    653.1476     3784.415     211.9701  16.0550   0.0608     5.40    0.259   9.57   0      21.84     1130.505     77.31097
       412    446.6765    652.0613      4746.43     347.8334  15.8091   0.0796     7.79    0.392   2.38   0      21.87      1091.16     77.19522
       413    819.4662    650.8050     6866.524     433.9489  15.4082   0.0686     4.76    0.191  -2.21   3      21.67     1104.185     77.23356
       414    817.4487    646.7664     5791.389     423.4797  15.5930   0.0794     8.40    0.377  -0.18   3      22.28     1046.587     77.06388
       415    660.8443    647.9688     39548.54     466.7205  13.5072   0.0128     5.21    0.273  -5.05   0      142.1     8862.406     97.74056
       416    250.4785    650.9785     3510.176     262.1585  16.1367   0.0811     5.52    0.390  -3.27   0      19.66     1365.895     78.19749
       417    178.2634    650.6642     6292.462     449.3773  15.5029   0.0776     7.26    0.443  -8.63   0      18.62     925.3823     76.50414
       418     32.9147    643.0210     11577.12     465.4977  14.8410   0.0437     5.28    0.230  -0.18   2      40.54     2080.757     79.66925
       419    319.9760    643.6059     126831.4     522.4314  12.2419   0.0045     5.59    0.369  11.47   0      349.6     26313.85     132.1167
       420    856.5729    642.9961     54993.43     410.5115  13.1492   0.0081    13.20    0.160  -9.38   0      190.5     11867.59      104.495
       421    973.0129    643.7570     8673.696     367.5856  15.1545   0.0460     5.45    0.314 -11.05   0      37.17     1930.166     80.01374
       422    503.0249    644.7491     3348.496     341.3129  16.1879   0.1107     6.54    0.470 -11.86   0      14.69     645.8654     76.27861
       423   1008.8265    642.5562     6715.531     382.8513  15.4323   0.0619     6.90    0.114  87.02   0      26.04     977.4198     77.26016
       424    725.0746    641.6694     13934.32      397.925  14.6398   0.0310     6.89    0.330 -25.08   0      54.08     2421.146     80.82559
       425    220.5764    642.4730     8032.411     268.9348  15.2379   0.0364     5.53    0.276  -2.46   0      40.94     2155.776     80.26842
       426    579.7046    640.3528     12074.81     387.0179  14.7953   0.0348    11.52    0.432 -11.86   0      48.74     2488.434      80.6327
       427    137.7126    639.4753     18110.61     340.9691  14.3552   0.0204     5.34    0.261  -5.67   0      77.52     4168.724     85.41817
       428    284.8018    639.5525     18383.34     419.2841  14.3389   0.0248     5.33    0.291  -7.04   0      75.93     4215.193     85.90179
       429     82.2610    632.7733     8626.029     399.7369  15.1605   0.0503     6.39    0.218   0.82   0      36.39     1884.555     79.69067
       430    213.3300    632.6196      3973.41     241.1118  16.0021   0.0659     5.73    0.329  -8.53   0      22.04     1165.781      77.6137
       431    363.9235    628.0657     48108.52     429.7451  13.2944   0.0097     5.29    0.266  -3.23   1      169.3     10591.64     101.0731
       432    449.7117    630.1970     3868.467     296.9522  16.0312   0.0834     6.74    0.334  -1.44   0      19.12     964.8705     76.82251
       433    969.1004    629.2250     3212.018     170.9929  16.2331   0.0578     4.85    0.227  59.20   0      50.76     2377.393     80.12673
       434    704.7552    628.6402     5327.653     331.1764  15.6837   0.0675     5.11    0.355  -1.60   0      25.05     1242.301      77.4399
       435    638.3998    629.0125     6274.426     285.5836  15.5061   0.0494     5.57    0.337   1.70   0      30.86     1579.533     78.61991
       436    324.3987    626.8309     47324.09     443.4753  13.3123   0.0102     5.30    0.256  -9.44   3      166.7     10320.75     101.0747
       437    334.3431    621.7714     8219.607     397.5696  15.2129   0.0525     4.91    0.271  -9.39   3      32.31     1643.295     78.80402
       438    265.6718    629.1253     3368.612     291.3193  16.1814   0.0939     5.62    0.369  -3.22   0      17.46       905.43     76.44485
       439     68.1093    629.0801     3594.673       347.08  16.1109   0.1049     6.68    0.335  22.07   0      15.48     649.4388     75.67995
       440    487.2132    627.7967     4569.319     356.4836  15.8504   0.0847     5.55    0.293 -16.01   0      19.68     960.8884     76.81073
       441    350.2914    618.7905     23398.24     865.0497  14.0770   0.0402     0.16    0.591  68.81   2      47.78     3464.584     83.89238
       442    199.9928    624.5092     4520.089      284.184  15.8621   0.0683     4.44    0.257  21.30   2      23.36     1298.988      77.8047
       443    837.8254    624.8499     13973.13     456.6374  14.6368   0.0355     5.54    0.330  -8.78   0      54.82     2961.265     82.89078
       444     47.4703    625.7385     3395.769     310.5699  16.1727   0.0993     4.30    0.398  -7.76   0         17     938.3899     76.74413
       445    940.6675    620.8320     14197.38     508.6997  14.6195   0.0389     7.30    0.177 -67.71   0      44.73     1875.732     79.47154
       446    756.5934    624.0311     5675.703     368.8785  15.6150   0.0706     6.89    0.342  -4.25   0      21.93     1101.686     77.62485
       447    766.6804    621.8279     11458.23     427.4138  14.8522   0.0405     5.56    0.349 -11.05   0      44.79     2372.288     80.87913
       448    605.7360    620.6927     31388.75     420.8099  13.7581   0.0146     5.52    0.232  -0.64   0      117.5     6575.352     91.59796
       449    376.1717    622.3248     4294.986     370.1176  15.9176   0.0936     7.38    0.440 -44.53   0      17.67     801.6717     76.33817
       450    146.3301    620.0334     9865.912     283.0264  15.0147   0.0312     0.00    0.074  38.11   0      62.72     4747.664     87.29919
       451    929.1520    620.0253     9971.929     439.9788  15.0031   0.0479     6.17    0.423  -1.77   0      33.85     1801.685     79.64797
       452    171.4876    612.6173     118349.2     487.2805  12.3171   0.0045     5.16    0.124  -8.33   0      329.9     24826.41     129.2942
       453    619.5058    625.0363     6315.976     362.9499  15.4989   0.0624     5.15    0.224  -1.53   0      26.77     1368.054     77.21077
       454      5.4289    619.0443     2639.087     256.9363  16.4464   0.1057     3.98    0.379 -25.08  16      13.44     754.5164     76.60165
       455    489.9973    616.6821       8691.2     406.4734  15.1523   0.0508     5.86    0.294  -4.07   0      40.07     2076.946     80.23747
       456    534.1713    611.5847     114594.6      484.731  12.3521   0.0046     5.16    0.206  -9.71   0      326.3     25046.23     130.0365
       457    439.8661    614.9221     2745.311      265.884  16.4035   0.1052     5.48    0.493 -18.53   0      14.89     811.0765     75.96092
       458     11.4322    612.4258     11919.02     361.1389  14.8094   0.0329     5.35    0.336  -5.50  16      51.95     2793.021     82.42818
       459    311.9221    608.6118     44829.07     386.3141  13.3711   0.0094     5.20    0.257  -5.16   0        165     10312.67     100.7507
       460    411.1935    607.0402     48026.59     402.8231  13.2963   0.0091    12.50    0.314  -7.49   0        174     10550.97     101.5911
       461    908.2952    609.4792     4512.416     317.5207  15.8640   0.0764     4.52    0.237  -8.57   0      22.36     1204.206     77.12818
       462    109.8708    606.4374     5519.763     354.9216  15.6452   0.0698     7.01    0.245 -12.75   0      23.63     1170.782     77.42928
       463     81.1973    602.3755     94361.62     461.1395  12.5630   0.0053     6.96    0.211  -1.93   0      283.3     20721.42      122.118
       464    465.2731    603.0516     8923.403      364.579  15.1237   0.0444     8.66    0.269 -27.31   0      42.66     2675.115      81.5366
       465    615.5239    603.2286     5925.562     418.9724  15.5682   0.0768     5.81    0.412 -11.51   0      20.33     922.6791     76.69759
       466    478.2469    603.5211     3697.188     331.2225  16.0803   0.0973     6.03    0.036 -37.12   0      15.98     741.7358     75.95662
       467    217.4211    602.5316     5641.487      351.724  15.6215   0.0677     4.62    0.256 -11.46   0      26.96      1438.24     78.40747
       468    203.9152    628.9152     4140.506     140.1052  15.9574   0.0367     4.74    0.254  40.74   3      72.98     3608.503     84.09807
       469    979.1928    600.8563     4638.311     255.6985  15.8341   0.0599     8.17    0.304   5.40   0      24.43     1284.943     77.96186
       470   1003.9281    600.3383     9350.283      437.017  15.0729   0.0508     5.98    0.377  -2.02   2      35.64     1787.008      79.2174
       471    429.5193    599.8215     8138.742     397.5234  15.2236   0.0530     7.99    0.468  -0.29   0      31.61     1377.258     78.03299
       472    487.5489    598.9064      6566.41     442.5963  15.4567   0.0732     7.36    0.346 -10.14   0      20.37      938.339     76.13831
       473    367.9974    596.2216     12322.37       368.79  14.7733   0.0325     5.80    0.322   2.27   0       51.1     2601.676     81.52117
       474     68.5301    595.4800     19582.45     479.1518  14.2703   0.0266     5.57    0.197  -3.60   3      71.98     3748.784     84.29343
       475     68.6716    586.6272     21069.81     404.8489  14.1908   0.0209     5.00    0.220   1.59   3      84.83     4721.233     87.23036
       476    880.1948    593.7275     36689.04     432.6736  13.5887   0.0128     5.76    0.282  -6.02   0      136.1     7710.209     94.53516
       477    187.1378    595.6942     5679.343     351.7485  15.6143   0.0673     4.50    0.263  -4.18   0      26.62     1483.731      77.9475
       478    121.9002    596.6250     5065.867     346.9317  15.7384   0.0744     6.27    0.432  -0.27   0      23.48     1173.413     76.43406
       479    942.6351    595.8840     3158.544     241.9424  16.2513   0.0832     6.91    0.435  10.20   0      18.26     930.9844     76.52078
       480    626.9134    595.3669     5097.141     385.9094  15.7317   0.0822     7.48    0.464  14.15   0      19.62     902.1865      76.4352
       481    849.6046    592.5163     11685.16     404.3452  14.8309   0.0376     5.56    0.334  -3.42   0      48.89     2544.519     81.55112
       482    579.9949    593.0091     2907.972     132.3857  16.3410   0.0494     4.18    0.007 -43.10   2      64.41     2930.765     82.43353
       483    488.6613    590.0789     12817.79     573.0327  14.7305   0.0486    11.89    0.384  37.84   0      36.33     1099.794      76.8199
       484    218.4906    588.0939     5751.804     389.2794  15.6005   0.0735     5.57    0.292  -7.76   0      23.74     1206.185     77.33383
       485    625.6617    587.4496     3982.423     342.8619  15.9996   0.0935     4.98    0.195  -7.21   0      15.98     833.6321     76.43327
       486    472.0006    586.8455      7497.33     399.0947  15.3127   0.0578     5.46    0.317  -1.20   0      33.15     1802.094     79.45514
       487    654.8543    584.7773     7412.165     457.5955  15.3251   0.0670     6.61    0.367 -28.35   0      20.24     932.7368     76.72739
       488    415.2057    584.6794     10216.41     549.9926  14.9768   0.0585     9.07    0.444 -22.99   0      26.94     1040.857     77.24702
       489    297.8701    584.7303     2660.042     279.9497  16.4378   0.1143     4.64    0.213 -14.88   0      14.51     746.2198     75.97004
       490     35.4667    581.7895     42528.68      446.229  13.4283   0.0114     5.32    0.265  -5.61   0      153.7     9323.861     98.49487
       491    531.8192    582.6970     2821.809     290.8924  16.3737   0.1120     5.51    0.245  60.67   0      15.81     879.5162     75.96252
       492    711.1151    580.6797     7736.947     331.6645  15.2786   0.0466     5.39    0.283  -7.58   0      36.45     1866.172     79.05473
       493    689.5573    577.8636     58988.24     407.0697  13.0731   0.0075     5.33    0.237  -5.22   0        204     13122.68     106.9017
       494    823.2474    579.8542     4378.241       336.31  15.8968   0.0834     7.56    0.320 -11.64   0      20.42     954.1796     76.99158
       495    505.1625    581.0118     6291.124     413.6113  15.5032   0.0714     5.34    0.505  18.95   2      18.55     744.0541     76.77189
       496    216.2214    579.5696     5958.865     424.4795  15.5621   0.0774     5.06    0.266 -30.92   0      21.21     1082.518     77.56871
       497    653.1086    579.0080     10326.04     513.7708  14.9652   0.0540     6.10    0.124  26.66   2      27.16      1051.28     77.07772
       498    922.1899    578.9626     2668.659     281.3314  16.4343   0.1145     3.08    0.199  -1.09   0      14.12     781.3607     76.88225
       499    854.1283    577.1847     7666.934     424.4851  15.2884   0.0601     4.93    0.140 -39.51   0      28.74     1456.083     78.45918
       500    801.3662    582.5815     16045.95     376.2403  14.4866   0.0255     6.13    0.369   5.02   0      64.97     3258.909     83.88705
       501    758.3243    575.9017     3468.476     314.3272  16.1497   0.0984     5.81    0.452  -5.75   0      16.51     765.0006     75.61913
       502    267.9011    573.3736     9866.674     353.3535  15.0146   0.0389     5.33    0.274 -15.02   0      41.79     2121.774     79.39838
       503    929.4825    569.0591     20507.08     270.8624  14.2202   0.0143     8.63    0.727  39.74   0      114.9     5148.857     87.98739
       504    546.2496    571.8492     9323.532     375.2545  15.0760   0.0437     6.51    0.344  -1.91   0      41.36     2256.038     80.93407
       505    221.8105    571.4003      6099.18     400.2303  15.5368   0.0713     5.66    0.335  -3.73   0      24.61     1239.512     77.63076
       506    326.7850    567.7202     94494.22     443.2896  12.5615   0.0051     5.18    0.235  -3.94   0        289     21235.72     122.8204
       507    994.1127    569.7836     4845.488     322.5791  15.7867   0.0723     4.68    0.297 -12.83   0      23.25     1205.321     77.33129
       508    861.5377    567.7292     22651.98     418.8372  14.1122   0.0201     5.29    0.252  -3.39   0      86.83     4764.545     87.34313
       509    137.4898    571.1932     2520.681      290.657  16.4962   0.1252     5.07    0.270  -0.19   0      13.13     681.3966     75.97925
       510    670.3843    568.9138     6714.517     350.2203  15.4325   0.0566     4.84    0.337 -12.56   0      29.94     1589.214     78.45142
       511    830.9799    568.2180     2510.633     256.8227  16.5005   0.1111     3.56    0.178 -88.22   0      15.41     926.7894     77.11108
       512    754.9135    564.8726     4340.108     349.7808  15.9062   0.0875     5.27    0.361 -14.00   0       21.4     1095.828     76.60698
       513    430.7845    564.2209     3026.738     285.7009  16.2976   0.1025     5.09    0.305 -19.69   0      15.74      861.155     76.71649
       514    489.6831    562.7635     6014.979     398.2496  15.5519   0.0719     4.61    0.085 -28.07   0      20.74     1023.608     76.79539
       515    284.7809    563.0058     2570.001     289.3653  16.4752   0.1223     5.00    0.205  -1.12   0      13.36     725.8365     76.11207
       516    138.5286    561.8116      4421.05     339.7628  15.8862   0.0835     4.28    0.085 -24.26   0      20.03     1024.849     76.99975
       517   1015.5905    560.2783     4575.437     370.2897  15.8489   0.0879     6.66    0.330   5.12  16      17.17     769.4379     76.24215
       518    662.3831    558.8051     12987.01     380.5208  14.7162   0.0318     5.19    0.328 -11.90   0      57.23     3111.965      82.9316
       519     52.7488    559.6376     8999.816     406.6459  15.1144   0.0491     7.39    0.460 -12.16   0      34.96     1601.485     78.68334
       520    415.1066    559.3681      2874.87     315.1244  16.3535   0.1190     5.69    0.336  14.77   0      14.39     708.8853     75.24547
       521    306.3095    556.2248     20924.13     389.2176  14.1984   0.0202    12.05    0.142 -13.24   0      84.31      4358.03     85.74059
       522    967.8141    556.9679      4248.18     341.9114  15.9295   0.0874     4.75    0.406  -7.20   0      17.08     812.6411     76.97466
       523    903.9301    553.9192     8470.695     456.4335  15.1802   0.0585     9.23    0.548  -5.85   0      28.03     1178.081     77.05116
       524    671.2036    552.6728     10732.39     507.9095  14.9233   0.0514     8.59    0.277   4.50   3      33.82     1492.149     78.36689
       525    672.8596    546.0449      6851.93     438.3642  15.4105   0.0695     5.84    0.128 -44.46   3      21.48      908.301     76.65498
       526    466.5148    554.0115     5710.275     351.7684  15.6084   0.0669     5.21    0.246   0.24   0      25.26     1321.974     77.67338
       527    109.3120    553.6456     7244.407     399.9165  15.3500   0.0600     6.42    0.348   1.49   0      29.86     1592.957     78.26533
       528   1023.1409    552.8597     3495.325     194.5643  16.1413   0.0605     3.07    0.350  84.82  24      26.93     1822.878     78.93017
       529    496.9355    553.0551     6271.844     396.4546  15.5065   0.0686     5.93    0.311 -14.25   0      25.99     1351.198     77.95705
       530   1002.2480    549.2360     6351.622      431.002  15.4928   0.0737     6.19    0.275 -20.15   2      20.72       844.91      76.4668
       531    282.3198    547.7879     11174.71     437.9648  14.8794   0.0426     5.75    0.302  -1.81   3      43.49     2301.749     80.68066
       532    283.4029    540.6792     10040.94     412.8727  14.9956   0.0447     5.95    0.181  -0.52   3      44.35     2261.512     80.56725
       533    324.7782    547.4955     5547.104     330.1605  15.6398   0.0646     6.46    0.259 -10.18   0      24.41     1153.596     76.77817
       534    272.5411    547.3491     6593.824     435.5812  15.4522   0.0717     7.00    0.370   5.87   1       18.7     917.1025     76.68106
       535    183.4474    547.4943     2582.417     265.7448  16.4699   0.1118     3.57    0.035 -10.63   0       14.7     802.2249     75.73092
       536    880.8922    545.9127      3173.31      293.805  16.2462   0.1005     5.32    0.415  -8.19   0      16.86     933.1099      76.5271
       537    544.7339    545.4980     3174.994     288.5059  16.2456   0.0987     6.19    0.287 -19.43   0      16.93     883.9985     76.17879
       538    142.5824    544.4777     8609.648     343.6776  15.1625   0.0434     5.34    0.271  -9.51   0      41.07     2174.061     80.51208
       539    963.3576    541.8522     15376.72     389.9427  14.5328   0.0275     6.05    0.215  18.65   0      60.68      2814.74     82.30074
       540     50.1201    540.7592     59566.76     427.7201  13.0625   0.0078     5.17    0.232  -4.40   0      202.4     13301.11     107.2804
       541    238.5064    543.0104     5280.488     336.9192  15.6933   0.0693     5.48    0.339  -3.98   2      23.87     1213.983     77.55598
       542    805.3462    534.7404     216408.3     616.4506  11.6618   0.0031     6.52    0.075  67.33   0        472     36195.96     148.1442
       543    453.8534    539.4749     14147.37     398.0467  14.6233   0.0306     5.20    0.226 -10.51   0      57.59     3056.452     82.59269
       544    157.3233    541.2443     2942.734       216.48  16.3281   0.0799     5.06    0.158   5.61   0      17.41     959.8515     76.80766
       545    771.0944    538.3754     4380.529     335.1624  15.8962   0.0831     4.16    0.232 -14.67   0      19.57     1035.978     76.42921
       546    751.3323    537.7795     2783.649     289.5331  16.3885   0.1130     5.16    0.403 -17.04   0      13.79     649.1602     76.08586
       547    660.0128    534.5965     12207.28     462.4804  14.7835   0.0411     6.27    0.086  30.40   0      43.35     2007.502     79.84749
       548   1011.2672    534.8683     20411.98     440.1103  14.2253   0.0234    11.20    0.268   5.00  16      80.67     4130.152     85.49619
       549    434.5815    535.4165     9239.747     539.6714  15.0858   0.0634     9.04    0.466  -6.00   2      24.25     724.6362     76.31098
       550    138.1810    531.3447     65259.63     439.6003  12.9634   0.0073     5.09    0.265  -7.19   0      219.1     14815.09     110.5808
       551    641.0917    530.7271     25302.14     427.5537  13.9921   0.0184     7.48    0.127 -14.88   0       92.8     4874.866     87.27679
       552    256.4675    533.2568      3508.74     301.8338  16.1371   0.0934     3.95    0.047 -10.45   0      18.05     1014.388     76.96886
       553    397.4547    530.3905     24953.55     458.7181  14.0072   0.0200     5.27    0.294  -4.85   0      96.13     5351.654      89.0312
       554    588.7263    527.9490     13742.39     513.7801  14.6548   0.0406     7.10    0.218 -59.89   0      47.75      1783.99     79.01367
       555    494.9600    527.3027      32456.2     489.9673  13.7218   0.0164     5.74    0.210 -16.21   0        113     5773.101     89.24011
       556    717.0325    526.2951     7775.903     271.5742  15.2731   0.0379     4.97    0.258 -15.74   0      39.48     2104.396     79.34863
       557   1004.2715    525.8148     8555.147     468.1588  15.1694   0.0594     5.85    0.187   0.50   0      31.06     1578.635     78.81337
       558    968.9935    526.5360     3122.035     311.6101  16.2639   0.1084     4.82    0.349  37.93   0       15.4     781.8467     76.48118
       559    100.8886    525.1232     7051.225     424.1553  15.3793   0.0653     4.53    0.281 -14.92   0      24.65     1255.826     77.28014
       560    436.8391    523.0341     6634.085     367.3741  15.4455   0.0601     8.89    0.342   4.43   0      27.64     1503.157     78.59541
       561    372.4939    521.5212     3153.501     306.6409  16.2530   0.1056     3.79    0.032 -19.50   0      15.46     807.3116     76.15258
       562    247.1478    508.8924      1213279     902.1329   9.7901   0.0008     5.32    0.201  -0.43   0       1331     261133.5     352.2761
       563    909.9811    517.5657     20972.56     467.5938  14.1959   0.0242     5.97    0.365  13.09   0       77.6      4313.69     86.69766
       564    874.9959    518.3835     3910.483     319.5137  16.0194   0.0887     5.16    0.203 -30.78   0      18.17     909.2557     76.65781
       565    985.5493    517.8563     3411.157     319.1584  16.1677   0.1016     5.98    0.521  -9.54   0      15.41     757.4576     76.40867
       566    334.2857    516.3362     6984.426     454.8454  15.3897   0.0707     7.74    0.393 -54.62   0      23.37     924.5151     76.29957
       567    966.6481    516.0787      3094.15      297.658  16.2736   0.1045     5.29    0.299 -16.10   0      13.85     730.5184     75.92305
       568    516.9105    515.2348     3357.428      295.257  16.1850   0.0955     4.67    0.312 -25.07   0      17.18     916.5881     76.27596
       569    814.0685    513.8335     7161.273     429.6365  15.3625   0.0652     4.78    0.285  -3.23   0      23.43     1361.818     77.98801
       570    787.8236    508.9806     98530.54     505.4115  12.5161   0.0056     6.05    0.217 -29.36   0      281.3     18407.84     117.8645
       571    664.9997    514.1514     2838.928     289.5764  16.3671   0.1108     5.61    0.174  -0.29   0      14.94     808.3056     76.35793
       572    492.0704    510.9926     10077.91     378.7793  14.9916   0.0408     5.39    0.255 -13.72   0      42.42     2217.335     80.44253
       573     23.3965    510.9454     5379.428     287.5664  15.6732   0.0581     6.09    0.404  -4.26   0       25.7     1342.659     78.12993
       574    824.8383    509.4586     9369.737     509.5759  15.0707   0.0591     6.18    0.333  -2.97   0      25.86     1332.728     77.90318
       575    717.3907    510.7992     3620.458     332.3328  16.1031   0.0997     4.68    0.436   4.74   0       17.4     910.7345     76.66219
       576    692.9783    508.4468     14594.21     329.3759  14.5895   0.0245     5.45    0.313  -4.04   0      65.56     3621.516     84.68172
       577    319.8902    505.9224     20171.47     401.4715  14.2382   0.0216     5.39    0.352  -1.03   1      78.09     4303.485     85.77599
       578    332.6823    505.5949     11312.27      454.463  14.8661   0.0436     5.87    0.342   3.25   1      40.57     2081.581      80.2506
       579    754.4835    506.0084     2742.573     247.8579  16.4046   0.0981     5.87    0.432  -0.26   0      15.89     855.6438     76.49869
       580    714.7123    504.4948     7320.325     444.7218  15.3387   0.0660     5.14    0.278  -7.13   0      24.05     1165.238      77.2134
       581    641.1178    505.8143     3263.828     237.2111  16.2157   0.0789     4.51    0.270  -7.72   0      18.99     1085.404     77.17828
       582    132.2668    504.0227     10339.31     424.0979  14.9638   0.0445    10.86    0.333  15.63   0      33.88     1076.418     77.35158
       583    870.1172    502.6416     5676.201     393.1801  15.6149   0.0752     5.73    0.379  -2.70   0      20.31     1001.925      76.5298
       584    524.2609    501.7296     8183.667     392.6667  15.2176   0.0521     5.58    0.385  -1.68   0      34.42     1825.111     79.32664
       585    363.9872    501.9242     7336.959     312.2075  15.3362   0.0462     5.08    0.339  -0.73   0      35.19     1974.796     79.94761
       586    473.9101    501.2650     4740.861     288.4021  15.8104   0.0661     5.63    0.409   0.75   2      20.92     1049.479      76.6709
       587    188.1192    497.7195     21901.55     448.6856  14.1488   0.0222     5.29    0.254  -5.63   0      87.78      4801.66     86.90856
       588    304.6151    495.5846     16361.37     555.3121  14.4655   0.0369     7.19    0.221  27.90   0      52.52     2579.415     81.45908
       589     96.6619    497.2788     3553.349     322.8646  16.1234   0.0987     4.77    0.302 -25.85   0      17.34     902.0352     76.23258
       590     80.0254    494.6924     25328.23     464.7516  13.9910   0.0199     5.18    0.209  -2.08   0      92.58     5064.109      87.5922
       591    493.1738    495.3658     4706.624     278.8527  15.8182   0.0643     4.51    0.203  -5.90   0      24.92     1374.697      78.4201
       592    975.7563    494.6844      4248.99      290.681  15.9293   0.0743     5.60    0.431   4.82   0      21.04     1051.469      76.6768
       593    214.9010    493.7557     11135.37     167.9594  14.8832   0.0164     0.00    0.375  68.10   0      137.2     10144.26     99.75314
       594    955.5474    489.8421     21118.96     364.7737  14.1883   0.0188    12.14    0.262  26.15   0      85.06     3640.134     84.54935
       595    843.1167    492.0573     6282.846     266.0057  15.5046   0.0460     0.00    0.458  -8.33   0      37.38      2719.79     81.47183
       596    199.4485    489.4739     10593.37     536.6585  14.9374   0.0550    10.36    0.361  30.11   0      29.66      1406.57      77.9205
       597    463.7891    487.7042     5236.474     349.2598  15.7024   0.0724     5.72    0.335  -5.88   0      24.46     1208.661     77.54039
       598    408.2968    486.7222     8095.474     501.3702  15.2294   0.0673     9.77    0.584 -20.44   0      24.62     953.3866     76.38552
       599      8.9034    488.1058     2665.139     277.1838  16.4357   0.1129     5.51    0.493  18.03   0      14.56     737.2238     75.73963
       600    604.4871    486.4904     2939.683     267.4963  16.3292   0.0988     4.97    0.233 -44.51   0      16.76     872.7374     76.34759
       601    297.1237    484.5379     10639.99     455.8227  14.9326   0.0465     4.91    0.239  -2.83   0      36.87     2011.798     79.85972
       602    752.7846    481.6312     12808.25     353.0616  14.7313   0.0299     4.99    0.260  -1.96   0      56.25     3014.443     83.03645
       603    592.9139    481.3813     3388.137     336.7878  16.1751   0.1080     6.22    0.237  -9.31   0      15.25     738.8088     75.94786
       604    795.7848    478.1339     5836.687     155.7517  15.5846   0.0290    -1.55    0.372 -29.29   0      89.74     5151.901     88.34531
       605    681.1808    475.7516     5696.401      329.093  15.6110   0.0627     9.42    0.420  -5.47   0      27.14     1283.005     78.15392
       606    632.2100    476.4040     4320.341     304.9849  15.9112   0.0767     4.59    0.245  -1.43   0      23.09      1229.95     77.60276
       607    314.1931    475.8289     7324.074     416.0374  15.3381   0.0617     4.99    0.374  -7.07   0      27.83     1487.801     78.74722
       608    849.3774    475.1263      4928.71     329.7345  15.7682   0.0727     6.29    0.270  -8.49   0       21.1     988.5461     77.09296
       609    995.3488    472.4844     5426.345     318.1742  15.6637   0.0637     5.92    0.397  -8.37   0      24.58     1184.648     77.07053
       610    353.0901    467.5586     36062.23     615.0488  13.6074   0.0185     5.66    0.418 -27.33   0      105.5      6152.72     90.54326
       611    867.0255    467.5852     35798.28     375.8664  13.6153   0.0114     6.32    0.308  -6.16   0      138.4     8339.866     96.51787
       612    715.2095    470.3796     7440.413     318.4001  15.3210   0.0465     5.55    0.326  -5.74   2      28.64     1379.622     78.03987
       613    148.3202    467.4072     30063.63     394.5183  13.8049   0.0143     5.43    0.204  -5.25   3        117     6767.904      92.4091
       614    147.3612    459.1571     17200.33     465.7567  14.4112   0.0294     6.03    0.289 -10.63   3      58.15     3029.814     82.89255
       615    102.1345    467.6143      27130.3     446.1678  13.9164   0.0179     5.06    0.303  -6.02   0      102.7     5948.661     90.37177
       616    270.4434    462.4015       197462     526.5557  11.7613   0.0029     5.11    0.142  -6.41   0      472.2     43759.34     159.4223
       617     20.4771    468.0092     8895.062     440.2993  15.1271   0.0538     5.51    0.340  -1.02   0      31.91     1613.172     78.71709
       618    393.7633    467.0865     5825.921     428.9295  15.5866   0.0800     7.28    0.122  29.04   0      18.78     733.2366     75.72767
       619     37.3130    466.3519     13035.87      598.798  14.7122   0.0499    10.11    0.179 -53.84   0      28.15     1302.193     77.41638
       620    512.5089    464.9560     5921.659      393.322  15.5689   0.0721     6.54    0.225  -0.76   0      23.78     1141.493     76.94317
       621     58.0585    465.8006     3471.838     317.9906  16.1486   0.0995     5.72    0.403  -0.85   0      14.88     797.0552     76.32443
       622    179.1550    463.9869     5518.881       256.48  15.6454   0.0505     6.41    0.444 -29.95   0      25.62     1273.594     78.12655
       623    813.9637    462.1856     7500.095     397.1581  15.3123   0.0575     6.33    0.393 -10.36   0      30.95     1540.668     79.09501
       624    996.4993    461.2942     8103.081     424.7185  15.2284   0.0569     5.73    0.378  -4.04   0      32.73     1741.981     78.50054
       625    532.9555    461.2643     5325.583     362.3292  15.6841   0.0739     5.27    0.350 -15.80   0      22.73      1211.23     77.54792
       626    248.0011    461.8410     19938.33     158.9561  14.2508   0.0087     0.00    0.112  89.59   0      184.5     19857.38     120.6273
       627    228.5246    457.8563     8711.621     306.9857  15.1498   0.0383     4.65    0.223  -9.17   0      41.32     2213.283     80.23898
       628    521.4727    457.9999     11093.95     185.3767  14.8873   0.0181     3.13    0.474   0.10   0      122.2     9070.441     97.90837
       629    881.9556    454.6991     3759.963      312.075  16.0620   0.0901     4.68    0.211   0.59   0      18.68     935.8362     75.92786
       630    865.6146    455.0008     4886.199     181.8958  15.7776   0.0404     3.37    0.500   0.84   0      62.87      3708.32     84.55011
       631    136.1566    453.7217     7765.669     387.4778  15.2746   0.0542     5.81    0.380  -6.26   0      31.53     1604.585     78.49594
       632    970.3821    453.3002     4211.572     347.4837  15.9389   0.0896     6.29    0.273 -12.27   0      19.82     949.4498     76.37381
       633    431.1236    452.9401     6791.516     429.4408  15.4201   0.0687     5.41    0.185 -17.99   0      25.34     1150.897     77.17118
       634     37.8478    448.9776     26775.27      431.924  13.9307   0.0175     9.20    0.442 -29.52   0      85.43     3583.103     84.57857
       635    669.5941    450.6230     14166.74      361.485  14.6218   0.0277     0.00    0.101  59.13   0      63.04     3541.387     84.28349
       636    632.7626    452.2423     4483.213     318.7126  15.8710   0.0772     5.31    0.409   1.86   0       20.5     1047.328     77.26606
       637    607.6797    450.8278     7746.542     426.3414  15.2772   0.0598     7.08    0.312  10.77   0      30.62     1377.217     78.03287
       638    586.6024    452.3247     3957.081     279.6243  16.0066   0.0767     5.60    0.178  13.19   0      20.54     1025.138      77.0006
       639    799.5652    451.3817     4476.969     203.4403  15.8725   0.0493     0.00    0.521  53.46   0      53.84     3180.722     83.67496
       640    205.5364    464.9381     4633.013     281.5468  15.8353   0.0660     4.01    0.207   7.54   0      23.83     1342.973     77.73479
       641    396.7884    450.1153     4240.308     318.5393  15.9315   0.0816     4.88    0.346 -15.94   0      21.23     1118.583     77.07595
       642    172.1269    450.0716     5782.534     355.0898  15.5947   0.0667     4.34    0.211  -9.69   0      25.34     1355.731     77.77208
       643     81.5038    448.7601     6893.518     453.9508  15.4039   0.0715     7.42    0.444  -6.44   2      22.54     984.5303     76.07348
       644    620.4235    446.6463     11353.86     462.0608  14.8621   0.0442     8.13    0.316  35.94   0      40.06     1467.115     78.68749
       645    430.5842    438.7627     246986.3      620.824  11.5183   0.0027     5.17    0.212  -6.48   2      483.1      43266.5     158.8153
       646    958.6373    442.7300     5573.223     312.1593  15.6347   0.0608     6.19    0.309 -11.89   0      26.71     1312.495     77.84413
       647   1003.9090    442.4287     5618.951     413.2418  15.6259   0.0799     6.04    0.423  -4.59   0      19.99     930.2891     76.11428
       648    132.0167    441.4138     3460.103     295.3361  16.1523   0.0927     4.47    0.227 -14.75   0      18.14      980.538     76.86885
       649   1013.1125    438.2571     9606.829     495.0903  15.0435   0.0560     6.02    0.339   1.11  16      28.19     1299.042     77.40714
       650    807.4827    434.3723     11988.78     366.4849  14.8031   0.0332     5.80    0.417  10.06   0       49.2     2564.667     81.22816
       651    641.1965    432.0413     5529.593     381.1358  15.6433   0.0749     8.55    0.158 -43.91   0      21.95     987.3262      77.2893
       652    733.1223    429.2424     31193.68     399.0549  13.7648   0.0139     5.29    0.256  -5.66   0      120.9     6989.264     92.95192
       653      2.3403    431.8727     3492.305     243.8431  16.1422   0.0758     4.50    0.153  75.67  24      20.53      1130.85     77.31199
       654    416.9929    430.2039     2295.009     131.3292  16.5980   0.0621     1.06    0.103  89.42   0      45.22     2375.554     80.88831
       655    108.9840    429.7313     5060.375     377.8046  15.7395   0.0811     5.14    0.216  -9.63   0      19.86     1000.712     77.12882
       656    703.0986    425.1448     4170.829     395.2484  15.9494   0.1029     6.08    0.294  -1.62   2      21.11     744.7479     75.76221
       657    943.2302    428.0306     3222.126      288.543  16.2296   0.0973     4.14    0.340  -0.06   0      17.63     1006.172      77.3447
       658    820.3160    426.3588     6901.384     263.6227  15.4027   0.0415     5.37    0.295  -7.64   0      34.45     1781.605     78.81123
       659    456.2105    419.5499     92038.61     487.6772  12.5901   0.0058    12.76    0.244 -25.81   0      277.7     20195.51     121.1353
       660    247.6616    425.3034     22287.69      405.532  14.1298   0.0198     5.26    0.252  -9.96   0      90.86     4988.946     87.57336
       661    186.8181    426.2888     8735.391     301.9346  15.1468   0.0375     5.46    0.267  -4.43   0      42.01     2200.575     80.20297
       662    493.1077    424.7471      16552.8     410.8456  14.4528   0.0270     5.70    0.349 -12.82   2       68.2     3538.266     83.72392
       663    502.0020    419.0706     5919.791     294.6153  15.5692   0.0540     0.00    0.479  87.00   2      41.08     2855.615     82.22607
       664     51.2558    426.3822     3804.657     319.4384  16.0492   0.0912     6.69    0.302 -12.89   0      19.33     1031.008     77.21804
       665    670.8164    426.0740     4146.402     246.0252  15.9558   0.0644     0.00    0.202 -16.60   0      25.87     1794.058     79.43215
       666    290.4462    424.8289     4310.065     370.1268  15.9138   0.0933     5.49    0.338 -11.00   0      17.63     938.2318      77.1448
       667    140.9774    422.3326     3986.781     321.9735  15.9984   0.0877     4.43    0.228  -3.33   0       18.4     951.2936     76.98306
       668    346.5107    417.6490     34967.33     443.2324  13.6408   0.0138     5.37    0.279  -3.22   0      129.1     7213.657     93.16827
       669    926.2178    416.7274      7661.79     399.1883  15.2892   0.0566     8.74    0.028 -60.76   0      31.99     1523.174     78.65327
       670    597.5676    414.4926     4868.955     377.6894  15.7814   0.0842     8.15    0.542 -21.87   0      19.41     797.5303     75.51274
       671    891.0306    412.7144     18248.82     365.1007  14.3469   0.0217     5.08    0.247  -0.63   0      77.04     4219.487     85.73333
       672    806.1391    413.2741      4073.88     349.6078  15.9750   0.0932     6.78    0.231 -31.31   0      16.83     720.7596      76.0969
       673    565.9207    411.5513      15880.4     353.9453  14.4978   0.0242     5.15    0.259  -2.58   0      68.16     3700.406      84.1629
       674     34.9366    413.3058     4580.893     342.1325  15.8476   0.0811     6.52    0.389  -8.54   0      19.78     934.8746     76.33042
       675    715.2611    411.4810     9280.613     328.0495  15.0811   0.0384     5.93    0.355  -3.30   0      40.84     2106.828     79.74358
       676    635.3311    409.2153      8560.82     420.3995  15.1687   0.0533     9.58    0.344 -44.60   0      31.46     1135.216     77.52415
       677    238.7284    409.1429     10688.72     487.7396  14.9277   0.0496     6.66    0.180 -32.02   3      35.52     1512.333     78.22839
       678    229.5573    410.5268     5777.661     397.1439  15.5956   0.0746     7.06    0.433  -2.71   3      21.65     1060.796     77.10577
       679    846.8337    408.9711     6070.683     307.5435  15.5419   0.0550     5.71    0.330  -5.19   0      30.54     1637.766     79.17885
       680    161.7772    397.8886     109796.3     537.6912  12.3985   0.0053     7.52    0.398  17.93   0      292.4     16836.84     114.2563
       681    344.9634    402.5627     4063.485      360.468  15.9778   0.0963     5.27    0.181  -4.96   0      16.33     806.9241     76.35381
       682    238.1345    398.9078     9160.468     372.0577  15.0952   0.0441     5.21    0.223  -0.06   0      39.34     2032.944     79.72654
       683    471.7880    395.0483     59440.12     453.0608  13.0648   0.0083     5.33    0.250  -3.74   0      199.7      12950.3     106.8239
       684    659.3691    394.8925     22515.22     416.9162  14.1188   0.0201     5.21    0.308  -1.52   0      90.18     4965.896     87.16012
       685    137.6465    393.8669     19087.51     415.0435  14.2981   0.0236     5.33    0.320  -8.43   2      74.72     4183.173     85.81703
       686    497.4703    389.2542     17224.51      487.621  14.4096   0.0307     5.10    0.289  -8.22   2      60.93      3289.15     83.23055
       687      2.1777    390.3031     4742.005     270.4536  15.8101   0.0619     4.43    0.175  69.87  24      24.11     1369.912     77.41584
       688    122.0376    386.3720     18748.59     367.5173  14.3176   0.0213     5.49    0.270  -7.90   2      72.29     3924.256     85.49037
       689   1019.9130    387.6384     2800.587     268.8172  16.3819   0.1042     5.57    0.354  -7.52  16      15.07     800.2393     75.92849
       690    182.9362    385.6929     12512.11     425.2607  14.7567   0.0369     7.47    0.302   0.20   0      52.39     2691.242     81.39215
       691    836.6851    385.9727     8168.913     454.5889  15.2196   0.0604     8.89    0.522   8.47   0      27.68     1446.232     78.03611
       692    480.9676    384.3148     13900.46     448.0719  14.6424   0.0350     5.51    0.308  -0.17   0      52.79     2788.886     81.85311
       693    813.4875    384.5183      3229.09     243.5976  16.2273   0.0819     4.13    0.284   0.54   0      19.62      1094.15     77.00387
       694    576.1287    384.3911     2939.757     285.6317  16.3292   0.1055     5.41    0.359 -20.91   0      15.97     868.6919     76.53745
       695    156.5993    382.7935     13937.52     478.8898  14.6395   0.0373     5.64    0.344  -5.49   2      49.87     2624.475      81.5847
       696    147.3868    383.4276     6485.788     381.7055  15.4701   0.0639     5.67    0.407  -4.99   3         28     1521.154     78.64744
       697    342.2112    382.2903     8331.993     474.5991  15.1981   0.0619     8.80    0.138   2.44   0      26.81     1189.987     77.08627
       698     20.5577    382.8721     14869.26     626.5559  14.5693   0.0458    13.01    0.640  -6.04  16      33.76     1032.652     77.02277
       699      5.6166    382.2579     9870.736     426.5688  15.0141   0.0469     8.03    0.433 -13.73  17      31.52     1397.445     78.28913
       700    974.5566    379.6496     43897.92     413.7542  13.3939   0.0102     5.12    0.249  -3.32   0        163     10155.74     100.5496
       701    881.9958    380.5364     6991.661     401.6984  15.3885   0.0624     6.69    0.264 -38.00   0      28.03     1237.875     77.82452
       702    770.9773    381.5880     6568.311     386.7748  15.4564   0.0639     5.26    0.305   1.31   0      28.51     1467.919     78.49345
       703    643.0362    381.0816     3817.081     256.4763  16.0457   0.0730     4.49    0.185   4.89   0      20.75     1108.777     77.04704
       704     46.9344    378.7875      17152.5     325.2587  14.4142   0.0206     5.28    0.268  -1.70   0      76.86     4391.066     86.36585
       705    931.9504    377.1297      4499.84     359.6719  15.8670   0.0868     4.91    0.254 -37.42   0      17.26     850.5276     76.48349
       706    672.5820    374.7610     28903.23      475.507  13.8476   0.0179    10.05    0.195   1.63   0      105.8     6149.122     91.38255
       707    415.1590    376.2848     6699.794     289.9417  15.4348   0.0470     5.82    0.458   0.03   0      30.58     1632.719     78.38071
       708    107.2737    375.7073     7850.464     336.3621  15.2628   0.0465     5.66    0.315  -3.46   0      35.83      1827.62     78.94382
       709    993.3025    370.6903     11497.67     344.4639  14.8485   0.0325     5.50    0.276  -7.62   0      53.06     2839.678     81.61671
       710    387.0653    365.4470     110629.6     456.5848  12.3903   0.0045     5.03    0.234  -2.93   0      323.4     25170.12     130.0157
       711    505.4879    363.5221     273876.4     564.0635  11.4061   0.0022     5.16    0.232  -1.69   0      577.6     59364.36     179.9588
       712    562.5582    365.1617     48677.83     405.0996  13.2817   0.0090     5.38    0.243   1.49   0      172.8     10541.16     101.2648
       713    357.1078    367.0213     13446.93     459.7446  14.6784   0.0371     5.60    0.331  -5.86   0      52.46     2809.105     81.53154
       714    173.3034    366.7625     2291.699     176.4515  16.5996   0.0836     3.19    0.543  20.41   0      27.55     1775.025     78.39955
       715    972.0186    365.2033     3992.912     342.8688  15.9968   0.0933     7.21    0.222  -2.05   0       17.8     821.2247     76.39637
       716    761.7466    361.3108     13318.77      489.752  14.6888   0.0399    10.14    0.564  -0.23   2      38.32     1925.263     79.22443
       717    194.9695    359.1462     46205.02     421.4767  13.3383   0.0099     5.21    0.168 -26.62   0      161.1     9982.746     100.0037
       718     22.2120    362.8644      15698.2     388.1471  14.5104   0.0269     6.70    0.283  -1.92   0      66.69     3650.502     84.39455
       719    689.8137    362.7366     9272.138     397.2007  15.0821   0.0465     5.28    0.345 -10.10   0      38.23     2123.533     80.17707
       720    789.6358    362.4277     3493.172       315.57  16.1420   0.0981     5.06    0.282  10.62   0      16.37      857.121     76.90547
       721    272.9537    360.9988      12550.6     391.2616  14.7533   0.0339     5.69    0.344   4.02   3      52.97     2848.198     82.20557
       722    279.2302    356.7972     34581.62      632.447  13.6529   0.0199    13.64    0.426  -5.33   2      95.67     5394.895     89.31448
       723    866.2140    358.5479      6472.33     351.1635  15.4723   0.0589     5.99    0.480   4.48   0      26.75      1360.41     78.18154
       724    662.9182    356.3398     19732.53     522.3656  14.2620   0.0287     5.69    0.299 -11.18   0      63.27     3372.848     83.27367
       725    991.0986    352.4691     34909.24     370.1531  13.6426   0.0115     5.08    0.255  -2.28   0      137.3     8348.948     95.73663
       726    108.9453    353.1396     29421.15     417.9035  13.8284   0.0154     5.28    0.261  -2.22   0      114.2      6615.68     92.20148
       727    442.7417    352.2848     8099.103     276.0695  15.2289   0.0370     5.14    0.305  -3.98   0         41     2150.722     79.86859
       728    164.4585    351.3575      15521.4     359.1271  14.5227   0.0251     5.33    0.222  -3.42   3      67.19     3629.325      84.3375
       729    161.2924    344.5682     8669.213     350.3871  15.1551   0.0439     5.78    0.277   1.72   3      36.29     1797.525     78.46475
       730    614.9895    351.0142      8376.53     413.8244  15.1923   0.0537     4.83    0.035 -14.41   3      33.96     1793.093     79.23486
       731    618.7061    348.0106     9048.168     413.2605  15.1086   0.0496     6.54    0.236 -88.99   3       36.8     1744.048     79.09406
       732    639.5585    350.2557     4600.431     290.9557  15.8430   0.0687     4.78    0.330   0.12   0      23.81      1329.08     78.09042
       733    598.4715    350.3875      2634.56     271.5336  16.4482   0.1119     5.34    0.161 -16.87   0      14.91     817.2546     76.58633
       734    884.6602    348.7920      15386.1     412.0764  14.5322   0.0291     9.84    0.291   2.29   0       66.1     4262.303     86.20554
       735    852.0692    349.6791     2173.749     247.3358  16.6570   0.1236     5.13    0.541 -10.38   0      13.14     661.2495     75.51131
       736    703.7950    348.2299     3659.253      227.638  16.0915   0.0676     5.84    0.338  -2.57   0      19.98     1038.929     77.44089
       737    251.7109    340.2527     134055.7     558.3129  12.1818   0.0045     6.35    0.277  28.61   0        351     24098.16     127.8871
       738    894.7184    363.0058     11060.13     470.1946  14.8906   0.0462     8.25    0.363   4.64   0      37.87     1594.006     78.85768
       739    398.6111    346.4703     3632.344     315.6703  16.0995   0.0944     5.40    0.358 -15.94   0      17.82     949.4885     76.77699
       740    471.8148    344.8127     5576.359     313.3951  15.6341   0.0610     5.14    0.354  -7.25   0       26.8      1448.37     78.23983
       741     31.8702    342.8354     11085.49     432.6001  14.8881   0.0424     5.59    0.368   5.73   3       45.2     2454.329     81.10934
       742     25.1892    340.9940     6375.055     382.6492  15.4888   0.0652     5.48    0.291 -23.74   3      26.91     1428.179     78.18115
       743    434.3429    342.0718     3565.849     319.2685  16.1196   0.0972     3.49    0.304  16.93   0      14.88     820.0085     76.19046
       744     46.7854    339.6946     19665.79     359.6009  14.2657   0.0199     6.63    0.290   0.80   0      82.58     4591.574     86.53594
       745     11.3417    337.2726      19692.2      361.757  14.2643   0.0200    12.19    0.205 -24.94  16       81.6      4502.96     86.48153
       746    584.3557    338.8275     14033.13      339.379  14.6321   0.0263     5.39    0.310  -3.46   0      63.05     3470.949     84.27666
       747    834.3898    335.9306     15669.11     362.4283  14.5124   0.0251     5.27    0.326  -5.56   0      70.11     3913.909     85.10094
       748    552.6420    338.4105     3185.386     318.9975  16.2421   0.1088     5.23    0.510  10.02   0      14.26     639.6241      76.4621
       749    277.9034    333.8289     33963.98     478.7263  13.6725   0.0153     5.18    0.230  -9.01   0      119.9     6898.693      92.0621
       750    965.1981    334.5762     3757.134     288.9641  16.0629   0.0835     5.99    0.342  -7.49   0      19.03     986.1435     76.88542
       751    115.8176    332.3715     6984.464      405.518  15.3897   0.0631     5.33    0.294  -7.62   0       27.3     1326.063     78.27903
       752    670.5620    331.6472     2969.536     282.9413  16.3183   0.1035     4.52    0.158 -17.36   0      14.85     771.6528     76.04608
       753    843.6386    326.0401     14971.53     381.7042  14.5618   0.0277     5.52    0.251  -6.57   0      64.08     3526.376     84.05962
       754     34.6376    327.6311     3508.007     324.0256  16.1373   0.1003     4.71    0.165 -14.52   0      16.53     834.3588     76.63706
       755    534.9442    325.6359     7492.802     346.2969  15.3134   0.0502     6.64    0.388 -16.13   0      31.41     1443.049     78.22437
       756    691.9410    324.9757     7055.743     400.7731  15.3786   0.0617     5.06    0.342  -4.99   0      27.96     1497.643     78.38283
       757    399.9230    323.4877     25575.75     514.5085  13.9804   0.0218    13.36    0.617   2.53   0      81.06     3154.404     82.67533
       758    755.9146    320.7224     2558.969     242.9716  16.4798   0.1031     4.48    0.450  -5.16   0      14.62     850.2577     76.07806
       759    590.4779    320.2497     3266.329     251.4257  16.2148   0.0836     0.00    0.381 -23.88   0      18.26     1200.926     77.31837
       760   1007.2888    319.1448     3963.552     323.1533  16.0048   0.0885     7.08    0.515  -1.38   0      17.95      872.687     76.14503
       761    990.3165    315.8558     29198.18      413.139  13.8366   0.0154     5.29    0.341 -11.10   3      111.5     6486.938     91.37833
       762    997.1943    307.8940     24555.77     413.3867  14.0246   0.0183     5.30    0.224  -8.74   3      96.67     5562.959     89.39652
       763    470.4366    318.6118     4262.094     256.8703  15.9259   0.0655     4.68    0.323  -7.72   0      24.65     1378.376     78.62729
       764    910.6511    316.9635     5680.691     393.1827  15.6140   0.0752     5.24    0.412  -7.74   0      21.68     1168.389     77.42226
       765    204.6854    314.5605     13838.79     392.9921  14.6473   0.0308     5.76    0.365  -8.51   2      58.01     3060.436     82.41661
       766    211.1941    309.0817     5946.359     385.4094  15.5644   0.0704     5.08    0.269 -25.79   3      25.04     1294.373     77.98934
       767    948.5822    315.6529     2648.583     296.0171  16.4425   0.1214     3.54    0.129 -19.52   0      14.75     769.5251     76.44456
       768    624.5272    313.4355     24318.27      369.904  14.0352   0.0165     5.28    0.238   2.25   0      96.81     5323.309     88.78517
       769    168.1959    309.5588     7617.451      366.932  15.2955   0.0523     5.24    0.260  -0.63   0      32.86     1728.544     79.43899
       770    898.3632    304.4698      70432.3     441.3932  12.8806   0.0068     5.02    0.236  -7.41   0      232.9     16154.59     113.1641
       771    576.4699    307.7821     2863.883     294.8769  16.3576   0.1118     3.53    0.279   0.87   0      14.21     728.9641     76.32387
       772    374.0903    306.8507     7792.777     356.3741  15.2708   0.0497     4.55    0.353 -10.12   0      34.57     1916.894     79.20042
       773    716.5102    299.9383     8668.309     394.9059  15.1552   0.0495     5.87    0.167   1.76   0      35.51     1755.715     78.73654
       774    222.7623    302.2214     6182.547     390.5201  15.5221   0.0686     4.82    0.452 -10.77   0      22.73     1227.662     78.19044
       775    188.0263    298.9811     28136.77      512.637  13.8768   0.0198     6.61    0.320 -61.44   0      93.55     4643.149     87.38062
       776    709.9205    300.9188      11772.2     149.4215  14.8229   0.0138     4.46    0.107  45.88   0      141.6     11303.41     102.5107
       777    652.9304    298.6195     6500.886     483.3958  15.4676   0.0808     8.03    0.158  -9.70   2      19.87     786.8638     76.49609
       778     88.2166    295.6516     22110.35      423.127  14.1385   0.0208    11.98    0.093 -17.91   0      86.07      4722.85      87.4113
       779    852.3199    293.1065     54987.25     441.3073  13.1493   0.0087     5.40    0.241  -5.06   0      188.3     12057.09     104.4641
       780     30.5589    297.0621     7509.142     388.3221  15.3110   0.0562     6.23    0.404  -4.10   0       31.6      1662.58     78.85961
       781    445.7346    292.5419      40532.9     431.1231  13.4805   0.0116     5.21    0.334   0.47   0        143     8849.822     97.39491
       782    383.7575    294.8591     7027.356     385.0457  15.3830   0.0595     4.67    0.250  -1.69   0      30.68     1616.141     78.72566
       783    965.5122    293.7428     3717.622     304.5354  16.0743   0.0890     6.07    0.360  -1.03   0      18.46     991.6126     76.49918
       784    514.6224    291.4417     8071.923     386.6608  15.2326   0.0520     8.43    0.246  -1.45   0      35.56     1716.074     79.40331
       785    928.3583    290.4679      10562.9     361.3538  14.9405   0.0372     4.89    0.326  -1.76   0      48.43     2660.763     81.68573
       786    558.6807    289.9995     7410.305     415.1562  15.3254   0.0608     5.92    0.352   3.47   0      30.86     1530.502     78.47804
       787    211.4424    291.0324       5008.7     355.6805  15.7507   0.0771     4.67    0.203  -7.89   0      22.74     1220.333     77.97145
       788     85.7826    307.7529     4785.561      353.361  15.8002   0.0802     5.06    0.244 -28.34   0      20.98     1147.375     77.75851
       789    171.0267    286.7720     39394.66     392.0626  13.5114   0.0108     5.23    0.255  -6.86   0      147.6     9107.295     98.30834
       790    991.5970    285.3769     30135.11     367.2101  13.8023   0.0132     4.92    0.272  -6.61   0      121.3     7144.243     93.33008
       791    136.5675    284.7472     2916.163     260.1643  16.3380   0.0969     5.67    0.271  19.45   0      15.79      761.183     76.21754
       792     32.6380    274.4484     735332.5     751.6373  10.3338   0.0011     5.22    0.189  -5.46   0       1018     159760.5     279.3755
       793    629.6873    283.0762     8747.671     311.9986  15.1453   0.0387     5.37    0.382  -3.23   0      42.47     2209.649     80.03609
       794     99.9512    279.0781     27173.63     382.9031  13.9146   0.0153     5.22    0.266  -4.75   0      107.4     6269.723      91.0062
       795    717.0078    276.9350      23129.3     398.3287  14.0896   0.0187     5.32    0.241   3.87   0       93.2     5248.136     88.59254
       796    543.6938    278.5845     10130.57     405.3784  14.9859   0.0435    10.08    0.506   9.21   0       36.2     1409.144     77.72973
       797    492.8398    274.8678     93022.88     452.8758  12.5785   0.0053     5.34    0.269   0.32   0      281.6     20443.38     121.4725
       798    294.0832    278.0041     2959.823     209.2483  16.3218   0.0768     5.82    0.480  -0.25   0      16.24     820.6783     76.59648
       799    454.6652    276.4182     3886.851     350.5884  16.0260   0.0980     6.61    0.258  -8.94   0      17.39     869.9008     76.54103
       800    765.1463    272.7806      7075.67     362.3622  15.3756   0.0556     5.66    0.352 -12.11   0      31.93     1650.459     79.02022
       801    271.3766    273.2353     4264.427      219.627  15.9253   0.0559     4.60    0.201   9.71   0      22.87     1234.348     78.01229
       802    155.4403    274.0787     3173.913     301.5815  16.2460   0.1032     4.68    0.375 -26.67   0      14.33     750.6149     76.18602
       803    344.1020    268.8693     57883.64     423.1937  13.0936   0.0079     5.15    0.269  -6.03   0      199.8     13327.96     107.0493
       804    197.2612    262.6388     103599.6     495.3775  12.4616   0.0052     5.07    0.254 -12.59   0      300.8      22602.6     125.4473
       805    974.8104    266.9703     2459.472     258.2755  16.5229   0.1140     3.55    0.191  -4.62   0      14.04     844.3966     76.66683
       806    790.3835    295.2443     12905.24     402.1625  14.7231   0.0338     5.52    0.295  -4.83   0      52.51     2712.257      82.2052
       807    801.9567    266.5536     5413.848     378.0172  15.6662   0.0758     5.38    0.378  -1.14   0      21.89      1105.96     77.43833
       808     56.8651    266.2007     5663.152     390.2177  15.6174   0.0748     5.32    0.376 -12.60   0      22.75     1208.778     77.93777
       809    691.3693    263.1097     13954.12     387.1246  14.6382   0.0301    11.29    0.358 -16.29   0      58.18     3032.094     82.15078
       810    386.4416    264.0920     3247.435      335.545  16.2211   0.1122     5.61    0.407  -6.04   0       14.8      686.605     75.38315
       811    952.6213    261.7261     6169.448     297.4137  15.5244   0.0524     9.76    0.366  14.78   0      29.65     1583.963     78.82874
       812    247.1029    255.1570     236987.1     560.1302  11.5632   0.0026     5.22    0.211 -16.79   0      527.2     50781.52     168.5888
       813    417.0201    270.3310      15629.5     340.4464  14.5151   0.0237    11.25    0.316   0.34   0      66.03     3289.709     83.60208
       814    462.0526    259.8554     8012.781     451.9571  15.2405   0.0613     9.87    0.563  -0.73   2      24.71       1317.6     78.25446
       815    514.2318    260.0754     2494.763     140.1893  16.5074   0.0610     0.00    0.195  12.77   0      40.73     1896.022     79.52955
       816   1010.6434    259.2204     2978.651       305.25  16.3150   0.1113     5.11    0.396 -17.81   0       14.8     728.1376     76.52335
       817    901.5904    258.0943     4727.745     379.6424  15.8134   0.0872     7.54    0.285 -10.71   0      19.74     928.4604     76.71472
       818    782.3290    258.4459     3465.532     314.3251  16.1506   0.0985     3.77    0.215 -34.83   0      15.75     805.2448     76.34881
       819    422.3371    253.7465     73985.34      422.724  12.8271   0.0062     5.23    0.238  -4.17   0      242.5     16813.53     114.4798
       820    281.2318    257.4039     5406.469     348.2644  15.6677   0.0700     4.84    0.295  13.16   2      24.85      1244.42     78.04163
       821    632.0725    251.4292     163011.2     513.7278  11.9695   0.0034     5.10    0.313   3.94   0      410.1     36202.67     148.0503
       822    712.7025    252.8812     36282.23     374.1019  13.6008   0.0112     5.36    0.233  -5.99   0      139.9     8382.509      95.9772
       823    216.5139    249.9901     19085.29      649.227  14.2983   0.0369    14.01    0.527 -12.86   0      46.56     1658.322     78.65137
       824    912.1449    250.9817     2607.949     268.6543  16.4593   0.1119     2.73    0.190  -2.65   0      14.26     836.8677     76.64451
       825    669.7352    246.8919     17873.68     356.3074  14.3695   0.0216     5.25    0.319  -2.14   0      77.24     4270.336     85.68811
       826    588.7435    247.3306     10123.64     446.1521  14.9867   0.0479     7.86    0.471   9.82   0      36.91     1555.755     78.35443
       827     93.7680    245.7974      5471.58     312.0853  15.6547   0.0619     5.18    0.328  -6.11   0      27.17     1405.953     78.51064
       828    615.7116    245.0340     7194.187     415.0379  15.3575   0.0627     5.67    0.286  -7.55   0      27.91     1418.021     77.75568
       829    841.5493    241.7269     8050.099     441.6137  15.2355   0.0596     9.83    0.236 -23.21   0      30.99     1437.779     78.01148
       830    468.4624    242.6244     3024.551     240.2157  16.2983   0.0863     2.17    0.245 -22.15   0      18.39     1121.177     77.48298
       831    390.4974    242.7938     3814.594      353.828  16.0464   0.1007     5.17    0.272   0.06   0      15.42     555.6157     75.60207
       832    356.8247    239.9411     3593.317     283.4419  16.1113   0.0857     4.36    0.121 -21.74   0      19.63     1022.268     76.99213
       833    117.6706    239.6383         6423     408.0496  15.4807   0.0690     7.15    0.132 -37.66   0       25.1     1187.243     77.47758
       834    587.2617    237.9302     6304.329     384.6187  15.5009   0.0663     5.40    0.352  -8.23   0      26.44     1299.293     77.80558
       835    318.3358    238.3668     4051.191     331.4653  15.9810   0.0889     4.58    0.344 -16.24   0      20.14     1088.826     77.18835
       836    146.8152    237.1202     10390.89     377.9476  14.9584   0.0395     5.51    0.293 -11.06   0       43.8     2355.641     80.64119
       837    903.3093    237.8786     3487.168     288.7517  16.1438   0.0899     4.73    0.303  -8.58   0      17.98     939.8263     76.54704
       838    175.7984    236.1507     3800.354     298.1967  16.0504   0.0852     6.34    0.508  -1.25   0      19.79     980.3344     76.86825
       839    757.8269    224.2603     665326.6     726.4546  10.4424   0.0012     5.27    0.194  -3.80   0        964     147877.2     269.6496
       840    879.3113    231.0108     6597.221     381.7719  15.4516   0.0628     9.30    0.278   6.94   0      28.89     1453.969     77.86068
       841    858.8578    230.9482      5176.82     387.9504  15.7148   0.0814     5.81    0.390 -22.80   0      21.45     1098.203     77.41556
       842    447.6572    229.1124     25866.65     382.1265  13.9682   0.0160     5.45    0.344  -8.90   3      97.38     5318.722     88.42506
       843    443.1336    222.0246     146690.7     494.8974  12.0840   0.0037     5.29    0.207  -5.91   3      376.6     30644.73     139.2571
       844    373.9546    229.3688     18761.59     326.3811  14.3168   0.0189     5.17    0.270  -3.17   0      83.32     4761.074     87.68681
       845    983.6765    229.0948     14163.16     426.1422  14.6221   0.0327     5.67    0.282  -1.67   0      57.48     2941.019     82.27444
       846    267.7748    225.3108     116024.9     462.6107  12.3386   0.0043     5.20    0.217  -6.16   0      334.1     26018.29      131.255
       847    289.9923    229.5133     3949.764     345.0836  16.0086   0.0949     5.11    0.278 -21.81   0      17.13     836.6147     76.44214
       848    490.8051    227.4619     10375.85     371.7631  14.9599   0.0389     5.23    0.255  -9.54   0      44.53     2348.708     81.00359
       849    522.2705    227.5778     3394.143     304.2939  16.1732   0.0974     4.37    0.287 -29.60   0      17.52     937.8408      76.7425
       850    309.7425    226.3795     3121.387     297.6788  16.2641   0.1036     4.55    0.230 -20.44   0      16.22     911.3802      76.6641
       851    574.9032    223.3860     19493.14     429.8738  14.2753   0.0239     5.60    0.301  -3.76   0      79.92     4349.339     86.07687
       852    509.1170    224.1044     8729.486     383.0391  15.1475   0.0477     5.66    0.343  -1.27   0      40.14     2124.804      79.7948
       853    965.3168    222.7960     15007.67     433.7673  14.5592   0.0314    10.82    0.174   2.96   0      61.34     2800.539     82.26152
       854    670.9966    223.6463     7145.224     385.1152  15.3650   0.0585     8.42    0.524  -7.56   0      28.33     1382.761     78.24649
       855    231.9798    232.3909     5871.735     325.6793  15.5781   0.0602     7.91    0.419  -5.26   0      27.89     1379.582     78.03976
       856     37.5136    222.2348     7377.377     397.0879  15.3302   0.0585     6.07    0.376  -4.15   0      29.32     1419.646     77.76043
       857     10.9025    221.5073     3161.257     274.7965  16.2504   0.0944     4.52    0.211 -17.38   0      18.19     951.3304     76.17709
       858    190.9871    219.6894     3515.134     304.3843  16.1351   0.0940     4.57    0.325  -8.43   0      16.85     925.6715     76.30302
       859    932.8452    218.8199     5554.256     415.0694  15.6384   0.0812     7.47    0.542  12.25   0      18.87     754.1771     76.60065
       860    972.2349    214.5899      20074.4     422.0321  14.2434   0.0228     5.08    0.268  -4.82   1      80.56      4541.57     87.11602
       861    325.7292    212.7277     28534.45     434.6277  13.8616   0.0165    12.71    0.228  11.99   2      105.4     5621.675     89.37316
       862    328.5972    201.7420     41713.71     508.8583  13.4493   0.0132     5.54    0.212 -71.12   3      134.6     7782.857     95.03498
       863    230.2297    215.8332     3173.456      305.395  16.2462   0.1045     4.51    0.391  -9.15   0      15.55     844.2241     76.86735
       864    885.1368    214.5332       4122.2     267.0583  15.9622   0.0704     4.51    0.218 -17.98   0      22.74     1254.073     77.47444
       865    159.2973    213.1695     5549.389      406.615  15.6394   0.0796     7.52    0.315 -29.35   0      19.38     840.4491     75.64181
       866     87.3625    208.2628     25964.26     477.3442  13.9641   0.0200     9.38    0.376 -43.68   0       80.2     3059.687     82.78821
       867    697.3709    211.8993     2629.766     268.6728  16.4502   0.1110     4.76    0.299 -15.44   0      14.03     726.9474         75.3
       868    545.2745    205.6360     15893.38     618.2516  14.4970   0.0422    10.62    0.074 -76.90   2      43.54     1310.474     77.83823
       869    539.1230    204.8755     8327.599     452.9679  15.1987   0.0591    10.01    0.168  37.47   3      33.14     1568.789     77.99751
       870    668.4757    209.2202     2567.034      289.363  16.4764   0.1224     5.02    0.278  -0.99   0      13.62     768.8075     76.44242
       871     25.6878    203.8927     17480.85     408.5352  14.3936   0.0254    12.13    0.129 -21.69   0      64.81     2720.227     81.66225
       872    490.8492    204.9431     4738.642      314.018  15.8109   0.0720     6.94    0.384 -38.75   0      21.68     1022.218     77.19217
       873    358.0757    205.6062     3335.347     260.5302  16.1921   0.0848     5.38    0.413 -21.49   0      18.88     1009.127     76.75253
       874    798.1573    200.8387      18428.7     626.6155  14.3363   0.0369     6.75    0.063 -88.90   2      51.47     2071.727     80.03009
       875    795.8796    192.9081     11175.49     393.4151  14.8793   0.0382     5.52    0.319  -3.49   3      44.99     2390.561     80.73955
       876    164.6185    203.5368     6820.886     424.0319  15.4154   0.0675     6.97    0.386  -7.35   0      21.23     908.9883     76.65701
       877    407.5255    197.0479     8370.163     345.7581  15.1932   0.0449     5.13    0.347  -8.28   0      37.76     2018.262     79.68468
       878    236.7219    196.1608      19664.3       456.09  14.2658   0.0252     5.26    0.350  -3.90   3      71.44     3973.199     85.25913
       879    231.4185    190.5393     27362.83     516.0455  13.9071   0.0205    12.84    0.330   9.01   3      89.61     4917.128     87.73927
       880    973.9865    192.5682     13409.93     384.8049  14.6814   0.0312    11.29    0.514 -33.31   0      50.06     2602.175     82.08851
       881     46.3152    194.7982     10309.28     392.9144  14.9669   0.0414     5.41    0.249  -9.40   0      45.42     2405.115     81.35162
       882    689.1958    195.4458     3957.661     304.7145  16.0064   0.0836     4.65    0.336 -18.96   0      20.28     1085.594     77.37853
       883    670.8968    194.6761     4660.788     347.7774  15.8289   0.0810     8.19    0.274 -23.55   0      23.12     1135.541     76.92558
       884    640.1901    193.4295     10678.52     339.4062  14.9287   0.0345     5.81    0.336  -2.85   0      47.87     2484.395     81.38339
       885    846.2885    192.7658     2976.393     301.4327  16.3158   0.1100     4.70    0.150 -24.14   0      14.93     790.3804     75.89897
       886    133.6655    190.6246     4026.691     318.3869  15.9876   0.0859     4.80    0.297 -12.39   0      19.13     1040.486     77.24593
       887    321.3537    188.5012     11935.91     424.0438  14.8079   0.0386     5.62    0.337  -3.85   0      49.53     2604.549     80.76847
       888      3.2750    188.7918     6943.926     304.4094  15.3960   0.0476     6.02    0.261  -0.68  24      33.33     1655.473     78.83913
       889    269.3481    186.9823     19240.59     415.1273  14.2895   0.0234     5.19    0.301  -1.31   0         79     4432.819     86.65393
       890    177.3426    186.8784     7857.369      346.536  15.2618   0.0479     0.00    0.269 -17.60   0      37.67     2771.882     81.61701
       891    927.4272    185.9390     5886.028     402.0331  15.5754   0.0742     6.16    0.276   3.20   2      25.05     1208.664     77.73917
       892    920.3771    181.5115     5052.462      317.907  15.7412   0.0683     7.67    0.554  12.10   3      26.73     1532.038     78.08823
       893    580.9452    186.7174     3809.606     362.4431  16.0478   0.1033     6.57    0.413  -6.47   0      15.93     795.3265     75.91379
       894    304.1732    180.1553     67472.47     431.9004  12.9272   0.0070     5.21    0.252  -5.99   0        226     15725.65     112.5739
       895    389.9489    174.4271     459545.8     642.9352  10.8442   0.0015     5.24    0.205  -5.59   0      785.3     102267.5     228.0572
       896    192.0708    180.8435     14359.14     443.1108  14.6072   0.0335     5.56    0.316  -7.28   0      57.45     3093.889     82.88205
       897     83.2013    182.7130     3988.344     323.1707  15.9980   0.0880     5.46    0.414 -10.90   0      18.18     926.4518     76.70877
       898    788.6377    180.9039     9636.892     468.6837  15.0402   0.0528     6.47    0.383  13.37   2      30.66     1512.781     77.63561
       899    998.4932    180.4723     5045.291     249.9605  15.7428   0.0538     6.14    0.412  -0.33   0      25.64      1268.99     77.31885
       900    260.0063    178.2187     21414.09      460.326  14.1733   0.0233    11.82    0.305  10.44   2      77.28     4367.182     86.30298
       901    281.5216    179.1252     5355.112      370.768  15.6781   0.0752     4.79    0.470   0.53   0      16.76     1003.635     76.33298
       902    204.5711    177.4122     13970.63     465.0085  14.6370   0.0361     5.82    0.365  -4.56   0      51.25     2639.486     81.81535
       903    139.7381    175.1967     40394.44     562.3248  13.4842   0.0151     5.77    0.316 -16.09   0      124.5     6783.995     92.61544
       904    126.0011    166.3719     95514.17     479.7388  12.5498   0.0055     5.22    0.210  -5.46   0      285.4     20814.77     122.4178
       905    803.0510    169.3078     7416.367     400.9776  15.3245   0.0587     4.56    0.238  -6.90   0      28.85     1545.167     78.12643
       906    604.2654    170.3735     5331.673     375.9207  15.6828   0.0766     7.67    0.453 -13.78   0      21.12     1049.045     76.87064
       907    560.2527    170.8103      2453.93     287.9373  16.5253   0.1274     5.13    0.393 -18.00   0      12.76     690.0078     76.20778
       908    168.9301    168.9629     5582.306      350.587  15.6330   0.0682     5.86    0.343 -14.04   0      24.71     1229.826      77.6024
       909   1009.2322    164.6359     13382.35     388.7786  14.6837   0.0316     5.36    0.344  -4.99   0      57.98     3185.194     83.50249
       910    952.5865    165.4864     5579.851     374.0133  15.6334   0.0728     4.85    0.202 -29.98   0      23.79     1246.579     77.45245
       911     49.5270    162.4751     12678.53     428.0622  14.7423   0.0367     6.16    0.225 -30.53   0      49.29     2341.594      80.4099
       912    793.9470    164.3893     3229.146     293.8482  16.2273   0.0988     3.80    0.233  -7.55   0      17.04     936.0502     76.93805
       913    729.3055    159.0918     151171.6     542.9559  12.0513   0.0039     5.57    0.381   5.01   2      383.1     30476.37      138.871
       914    708.8112    159.5384     24978.15     388.6106  14.0061   0.0169     5.43    0.346 -10.98   3      98.05     5443.942     89.26649
       915    423.1473    162.3640     11243.88     357.4907  14.8727   0.0345    10.76    0.322 -21.49   0      49.01     2596.906     81.50787
       916    256.5715    162.9362      2719.18     301.2387  16.4139   0.1203     5.32    0.516 -16.38   0      13.66     641.2869     75.85918
       917    660.9678    159.8915        12276     346.0937  14.7774   0.0306     6.01    0.273 -14.48   0      53.25     2610.764     80.78596
       918    639.6555    161.0052     5727.896     340.6358  15.6050   0.0646     5.05    0.301 -10.84   0      24.52     1344.026      78.1339
       919    635.6263    155.8944     5874.634     380.3284  15.5775   0.0703     6.15    0.362  -4.23   0      23.39     1124.782     76.49134
       920    114.9770    155.4202     8012.048     460.4141  15.2406   0.0624     5.07    0.197  -3.90   0      24.83     1243.278     78.03831
       921    328.6789    153.7653     5930.053     275.6811  15.5674   0.0505     9.45    0.389 -13.74   0       27.4     1326.473     77.88493
       922    883.7982    150.7108     20525.17     413.0372  14.2193   0.0219     5.49    0.271  -0.26   0      82.24     4449.991     86.52077
       923    793.0452    152.9829     10208.13     144.3753  14.9776   0.0154     4.32    0.061 -17.17   0      132.6     9787.109      99.8676
       924    991.7348    151.3081     4025.927     336.0718  15.9878   0.0907     6.82    0.358  -4.40   0      19.16     913.3082     76.26618
       925    100.2966    150.7932      4437.52     347.6315  15.8821   0.0851     4.76    0.379  -7.02   0      19.14     966.7727     76.82814
       926      6.5773    150.2470     4321.255      306.248  15.9110   0.0770     6.86    0.386   4.24  16       21.1      1067.14     77.52364
       927    553.9785    149.1784     6835.636     315.5321  15.4131   0.0501     6.11    0.398  -1.32   0      33.35     1666.945     79.26256
       928    266.6307    146.4619     11164.73     385.4835  14.8804   0.0375     5.47    0.335  -8.43   0      48.52     2655.916     81.67224
       929    595.1788    146.2995     6523.469     372.5206  15.4638   0.0620     9.94    0.556   4.08   0       27.5     1339.137      77.1256
       930     66.8679    143.5630     21372.12     517.8896  14.1754   0.0263     5.69    0.271  -3.48   0      70.95     3651.249     84.39656
       931    427.8936    143.2749      5332.89     291.5273  15.6826   0.0594     4.57    0.240  -2.32   0       26.2     1396.156     77.69174
       932     76.0133    142.0128     37939.55     182.8918  13.5523   0.0052     4.26    0.031  44.58   0      279.2     37395.75     149.8706
       933     49.6888    137.8867     63061.63     447.1751  13.0006   0.0077     5.35    0.220  -7.37   0      206.7     13209.79     106.9425
       934    655.9365    139.0168     3406.537     329.8554  16.1692   0.1052     5.73    0.445  14.24   0      14.26     707.3032      76.0567
       935    391.2125    135.4458     14793.89     437.1995  14.5748   0.0321     9.36    0.462  28.32   0      48.08       1730.2     79.44373
       936    779.5083    137.5250     4272.226     293.3416  15.9234   0.0746     5.01    0.338 -11.07   0      23.13     1209.939     77.14507
       937    692.4464    133.9333     46592.45     471.7765  13.3292   0.0110     5.41    0.272  -3.13   0      163.9     10174.35     100.4382
       938    577.1933    135.7724     7499.107     330.3356  15.3125   0.0478     5.20    0.288  -7.22   0      36.77     1952.645     79.88461
       939    554.1786    130.6571     7291.393     405.6899  15.3430   0.0604     8.50    0.461   1.39   0      29.09     1544.902     78.51974
       940    122.0488    129.3600     3753.884     342.7104  16.0638   0.0991     6.35    0.331 -15.99   0      16.71     858.2215     76.50635
       941   1009.0518    128.5077      4872.09     362.0446  15.7807   0.0807     5.44    0.340   6.86   0      20.66     1042.029     76.64881
       942    278.9124    127.0555     11408.33      391.584  14.8569   0.0373    11.07    0.384   4.99   2      46.71     2244.189     80.13412
       943    289.0579    125.0968     6156.743     359.6462  15.5266   0.0634     5.19    0.313 -10.62   3         26     1411.062     77.73534
       944    823.8834    124.9460     42033.28     451.1374  13.4410   0.0117     5.59    0.312 -26.84   0      148.3     8686.445     96.69424
       945    788.4233    126.3730     4621.012     385.6288  15.8382   0.0906     5.61    0.428 -10.87   2      18.12     900.6966     77.03413
       946    729.0281    126.5383     5800.327     309.8441  15.5914   0.0580     6.07    0.476  -3.46   0      27.16     1408.526     77.92621
       947    346.7953    125.6960     7073.953     422.3444  15.3758   0.0648     6.99    0.255  -6.74   0      29.15     1514.995     78.43312
       948    227.6579    124.6620     4189.425       294.59  15.9446   0.0764     6.48    0.262 -61.85   0      19.35     885.9908     76.79003
       949    757.3521    121.4552     21767.27      438.176  14.1555   0.0219     5.88    0.301  -1.53   3      86.66     4699.065     87.34944
       950    768.0424    119.9285     34395.21     460.8678  13.6588   0.0146     5.27    0.316  -4.01   3      123.7     7425.215      94.0118
       951    572.5459    113.7290     8304.586      421.178  15.2017   0.0551     5.18    0.161 -24.64   3      30.99     1511.676     78.22647
       952    169.8257    117.0756     11401.45     302.6627  14.8576   0.0288     5.24    0.233  -8.68   0      53.08     2934.541     82.44394
       953    783.7520    117.6888     3650.284     322.9329  16.0942   0.0961     5.79    0.254  -6.51   0      17.21     892.8463     76.20518
       954    700.8113    115.9092     2856.411     273.1354  16.3604   0.1038     5.98    0.415  -7.23   0      15.47     748.2209     75.77263
       955    246.1138    115.0187      3064.85     277.5114  16.2840   0.0983     5.05    0.499  -9.66   0      16.14     865.3297     76.32554
       956    960.4168    112.0119     19682.03     410.6984  14.2648   0.0227     7.36    0.396  -5.35   0      78.79     4279.997     86.07307
       957    605.5406    111.5938     18648.08     386.8904  14.3234   0.0225     5.31    0.288  -7.50   0      78.38      4226.09     86.11002
       958    641.0490    110.1081     17397.63     391.1188  14.3988   0.0244    11.20    0.340   2.64   0      68.97     3510.219     83.64774
       959    979.9478     98.2130     118505.2     610.9989  12.3157   0.0056     6.39    0.320  59.30   2      311.1     18458.72     117.8317
       960    968.2158    104.3239     25225.29     423.8877  13.9954   0.0182    11.21    0.342  55.32   3      106.1     2914.363     82.57539
       961    569.4116    119.3643     7980.134     385.6076  15.2450   0.0525     5.67    0.272  -4.79   3      36.42     1844.279     79.96265
       962    185.7629    110.7457     3736.719     312.0581  16.0688   0.0907     4.05    0.236  -3.89   0      18.32     1008.155     77.15075
       963    442.3543    109.4740     6285.173     412.6742  15.5042   0.0713     5.41    0.431  -2.19   0      20.67     1124.825     77.29427
       964    339.3292    109.0191     7279.212     413.2213  15.3448   0.0616     6.61    0.377 -13.14   0      28.82     1489.278     78.55527
       965     90.0576    107.9106       6618.9     338.9609  15.4480   0.0556     4.93    0.339 -21.75   0      27.85     1495.369     77.98143
       966     49.6827    108.1146     6490.837     377.6439  15.4692   0.0632     5.06    0.274  11.83   0      27.71     1390.684     77.87416
       967    147.6432    106.6361      3744.79     302.0115  16.0664   0.0876     5.61    0.302 -10.73   0      18.87     948.2789     76.97416
       968    544.6259    104.7545     11946.12     540.8099  14.8069   0.0492     9.40    0.534   2.83   0      34.75     1668.786     79.26784
       969     68.5824    103.9148     11170.81     371.2109  14.8798   0.0361     5.25    0.254  -6.89   0      48.75     2573.653      81.2533
       970    866.2228    101.9415     31978.26     388.7333  13.7379   0.0132     5.29    0.258  -6.23   0        126      7530.15     94.26514
       971    722.4882    103.7058     4583.693     298.7932  15.8470   0.0708     5.07    0.259 -15.44   0      22.32     1216.806     77.36504
       972    608.7847    101.6269     9457.772     548.2735  15.0605   0.0630     7.75    0.347  -0.60   2       25.4     961.7614     77.21409
       973    285.8615    100.9174     3925.463     329.0423  16.0153   0.0910     7.11    0.217 -13.34   0      18.34     919.9752     76.28605
       974    134.1387     95.3270     12827.66     464.4495  14.7296   0.0393     5.62    0.290  -6.97   2      45.18     2265.269     80.57784
       975    831.5374     92.5885     424852.4     654.5693  10.9294   0.0017     5.46    0.256  -9.47   0      749.6     90469.43     215.8369
       976    561.1144     92.6390     202718.4      525.159  11.7328   0.0028     5.17    0.186  -7.48   0      480.2     44909.83     160.6703
       977    707.6655     99.8920     2591.826     229.9503  16.4660   0.0964     5.48    0.365  -9.40   0       15.3     860.2199     76.10782
       978    262.5328     95.7794     43157.06     401.9904  13.4124   0.0101     5.08    0.244  -4.54   0      161.1     10113.47     100.4541
       979    346.0244     95.0848     40757.65     422.2002  13.4745   0.0112     5.64    0.370  -5.43   0      143.1     8743.502     96.82825
       980    121.3968     97.0352     8177.784     467.1504  15.2184   0.0620     6.89    0.274  -5.78   0      22.41     1045.436     77.45998
       981     35.4133     94.9459     32876.35     419.7784  13.7078   0.0139     5.41    0.266  -9.04   0      123.5      7189.94     93.60631
       982    723.0374     96.4846     3976.645      330.248  16.0012   0.0902     5.46    0.333 -18.13   0      20.58     1060.233     76.70277
       983    483.7208     95.7141     3082.875     207.5311  16.2776   0.0731     5.17    0.120  39.09   0       23.9     1549.402     78.13875
       984    747.8541     92.7967     6132.911     165.7702  15.5308   0.0294     1.01    0.097 -25.94   0      66.44     4661.569     87.25182
       985   1009.5245     89.4544     7990.241     436.3092  15.2436   0.0593     6.13    0.311 -26.46   0      31.92     1659.615     78.65511
       986    226.8457     88.6207     3306.006     301.6811  16.2017   0.0991     5.76    0.253   7.26   0      15.78     793.5364     76.71733
       987    679.3378     83.7305     2810.186     240.0128  16.3782   0.0928     5.59    0.194  -4.47   0       16.1     864.7596     76.52576
       988    667.2798     82.8860     5497.287     278.1126  15.6496   0.0549     0.16    0.307 -25.71   0      31.63     2115.988     79.76969
       989    928.6878     81.3840     7409.994     427.0663  15.3255   0.0626     4.91    0.186  -0.61   0      28.99      1471.72      78.1103
       990    605.3902     79.9051     21399.66     609.6066  14.1740   0.0309     9.18    0.404 -38.63   0      58.08     2153.176     80.26105
       991    170.2422     80.0732     16921.93     322.7153  14.4289   0.0207     5.25    0.280  -9.94   0      75.21     4179.169     85.80643
       992    794.0154     77.9326     45282.38     392.5231  13.3602   0.0094     5.38    0.272  -2.68   0        166     10552.92     101.2912
       993    949.7105     80.0474     4465.106     378.4671  15.8754   0.0921     6.57    0.399 -68.89   0      17.56     714.8242     75.67239
       994    771.0300     79.2799     10111.98      525.556  14.9879   0.0564     6.52    0.406 -13.94   0      28.12     1285.199      77.7644
       995    375.3214     80.3545     4602.697     352.1494  15.8425   0.0831     4.73    0.329  -4.54   0      19.49     1041.673     76.84883
       996    989.4670     79.1827     5148.552     267.9304  15.7208   0.0565     7.06    0.396  -9.58   0      25.83     1295.343     77.99216
       997    917.3209     78.9203     8341.951     445.2436  15.1968   0.0580     5.64    0.281   3.39   0      30.06     1512.668     77.83381
       998    306.2063     78.8816     11173.41     372.2503  14.8795   0.0362     7.36    0.427  -8.52   2      45.97     2344.267     80.99112
       999    757.2372     73.8824      8223.13     511.3328  15.2124   0.0675     9.69    0.600 -34.00   0      23.81     981.6663     76.67117
      1000    497.5145     74.0078     14923.76     554.7234  14.5653   0.0404    11.65    0.095 -20.44   0      46.94     2161.963     80.47793
      1001    137.1575     71.1062     54476.14      441.044  13.1595   0.0088    14.37    0.286  -9.95   0      182.7     10062.42     99.72137
      1002    888.6722     70.6764      8045.06     373.4478  15.2362   0.0504     9.36    0.333 -20.70   0      39.18     1709.067     78.60178
      1003    515.4190     69.9111     21773.03     440.8126  14.1552   0.0220     5.48    0.304  -1.82   0       83.7     4582.282     86.51154
      1004     65.3703     71.3147     3556.727     324.0598  16.1224   0.0989     5.79    0.158  44.94   0      15.89     701.9678     75.83753
      1005    860.7485     69.4870     14156.92     391.2085  14.6226   0.0300    10.75    0.279  -0.97   0      58.06     2873.022     81.89817
      1006    319.3544     69.9352     5814.748     429.8221  15.5887   0.0803     7.20    0.552   7.92   3      17.28     774.4012     76.25694
      1007    312.4782     68.5244     6269.412     382.5864  15.5069   0.0663     5.15    0.306 -12.33   2      26.52     1342.867      77.3364
      1008    195.6774     69.3389     4598.932     331.8407  15.8434   0.0784     0.00    0.396 -38.03   0      21.89     1484.007     77.94831
      1009    455.2278     66.4455     3746.768     188.8244  16.0659   0.0547     0.00    0.376  62.95   0      48.36     2521.965     81.67741
      1010    431.5218     66.1746     4860.417     362.0373  15.7833   0.0809     5.28    0.396  -1.43   0      22.03      1136.53     77.32868
      1011   1021.8010     63.3838     5216.018     247.0113  15.7067   0.0514     4.68    0.043  37.12  24      29.82     1613.327     78.71754
      1012    766.4913     64.2989     4400.712      352.019  15.8912   0.0869     5.60    0.351   0.28   0      18.29     945.7981     76.16058
      1013    414.0294     65.0226     3465.748     321.6055  16.1505   0.1008     5.40    0.451  15.99   0      14.97      815.066     76.78109
      1014    614.3591     60.8891     25809.08     548.0145  13.9706   0.0231     5.12    0.197 -25.11   3      77.13     4330.425     85.84734
      1015    625.2391     56.7433      11701.7     521.0857  14.8294   0.0484    11.92    0.572   7.09   3      39.76     2135.854     80.21199
      1016    601.7871     61.1068     6908.636     457.3453  15.4015   0.0719     7.40    0.291  -9.07   3      23.46      1118.09     76.87401
      1017    600.3600     56.5955     6442.063     430.1537  15.4774   0.0725     5.57    0.282  -2.24   3       25.4      1305.17     78.21835
      1018    434.9754     59.9524     4932.997     135.8177  15.7672   0.0299     0.00    0.093  60.53   0      86.02      4619.61     87.31938
      1019    925.5565     59.2486     2777.904     260.0435  16.3907   0.1017     4.97    0.407  -4.58   0      15.74     883.9073     76.78387
      1020     33.3177     74.8118     3328.021     308.0254  16.1945   0.1005     6.72    0.273 -70.44   0      18.98     1009.718     76.95507
      1021    853.3505     56.7399     8913.835     383.1485  15.1248   0.0467     8.28    0.433   3.13   0      38.39     1816.752      79.3027
      1022    237.2375     55.2495     9644.926     351.0194  15.0393   0.0395     5.63    0.275 -11.15   0      39.46     2002.777      79.6405
      1023    690.5909     54.5801     9033.747     412.3179  15.1103   0.0496     5.52    0.372 -10.12   0      37.03     1985.574     79.78505
      1024    186.0404     54.8689     5208.437       414.88  15.7082   0.0865     6.98    0.166 -25.87   0      17.23     732.2943     76.13135
      1025    864.2503     51.5078     21696.42     431.0371  14.1590   0.0216     5.36    0.273  -3.72   0      81.13     4313.719      85.8031
      1026    734.5803     54.5424     5072.512     412.9412  15.7369   0.0884     7.09    0.374 -18.42   0      18.61     876.1717     76.55965
      1027    280.7894     50.4356     33604.34     382.6896  13.6840   0.0124     5.19    0.213 -13.94   0        129     7657.713     95.06048
      1028    985.3876     51.7401     4294.443     301.1464  15.9177   0.0762     7.97    0.187 -38.39   0      21.52     924.9642     76.90529
      1029    818.1677     52.6388     4378.285     306.2903  15.8967   0.0760     5.42    0.376  -8.08   0      22.57     1181.016     77.65829
      1030    373.5536     50.1541      4990.72      357.832  15.7546   0.0779     5.29    0.309 -16.20   2      22.15     992.3468     77.10416
      1031     59.5509     48.2694     11717.42     435.5973  14.8279   0.0404     5.91    0.305 -13.10   3      45.89     2348.531     80.81234
      1032     75.1373     43.0676     7670.558     403.9968  15.2879   0.0572     8.89    0.511 -24.62   3      26.92     1197.096     77.30712
      1033     65.9689     41.1430     17580.27      470.884  14.3874   0.0291     6.08    0.305   1.84   3      64.18     3426.679     83.78963
      1034    613.5231     46.7398     12545.98     388.2894  14.7537   0.0336     5.19    0.285  -9.90   0      55.69     3051.729     82.57969
      1035    257.2611     47.7402     8862.203     475.6647  15.1311   0.0583     5.80    0.225 -23.66   2      27.38     1293.439     77.98662
      1036     48.2898     46.8571     10909.98     473.3933  14.9054   0.0471     6.16    0.284  -4.60   0      38.65     1870.853     79.06818
      1037    529.7280     45.3583     17235.49     332.3563  14.4089   0.0209     4.47    0.080 -21.55   3      80.34     4689.538     87.14774
      1038    537.3522     42.9930      43965.5      437.362  13.3922   0.0108     5.87    0.278 -18.67   3      150.9     9194.776     98.35359
      1039    191.3743     47.4365     3757.073     284.9305  16.0629   0.0824     5.87    0.447 -32.02   0      20.91       1458.9     78.66376
      1040    880.8868     46.0805     4481.762     336.3799  15.8714   0.0815     5.48    0.154 -18.18   0      20.44     993.1261     76.70513
      1041    445.1270     44.6716      6430.03     407.1069  15.4795   0.0688     5.39    0.270   3.80   0      22.13      1130.69     77.11164
      1042   1014.3423     41.3560     13385.29     509.0952  14.6834   0.0413     8.78    0.255  77.99  16      41.67       1346.5     77.94335
      1043    668.4538     44.3731     4335.843     313.7263  15.9073   0.0786     5.24    0.369 -11.35   0      20.11     998.2905     76.92132
      1044    399.4269     44.9212     2773.003      235.105  16.3926   0.0921     6.46    0.396 -26.79   0      15.74     797.0377     76.32438
      1045    483.7642     41.9630     3446.545     319.1836  16.1565   0.1006     4.72    0.027 -42.45   0      16.98     871.4907     76.54576
      1046    196.1213   1020.1112     9298.211     387.3809  15.0790   0.0452     5.29    0.314  -8.58  16      35.88     1869.644     79.06471
      1047    242.4034     39.0628     16736.68     281.7249  14.4408   0.0183     6.38    0.699 -41.14   2      85.23     7108.169     93.40755
      1048    248.9257     31.8589     5289.746     157.4218  15.6914   0.0323     1.90    0.244 -42.28   3      60.03     4384.176     86.16881
      1049    185.9393     39.1337     12863.72     359.5935  14.7266   0.0304     5.21    0.288  -8.48   0      57.12     3155.751     83.05151
      1050    517.6162     37.9151     2577.466     262.8208  16.4720   0.1107     4.74    0.291  14.48   0      14.72     809.8587     76.16018
      1051    348.4244     36.3310     6846.227     322.7926  15.4114   0.0512     5.93    0.325  -8.40   0      30.74     1532.892     78.68135
      1052    981.9499     36.2851     3923.482     341.6956  16.0158   0.0946     5.79    0.237 -40.91   0      18.48     954.2604     76.38812
      1053    109.8350     35.3480     10442.57     392.0085  14.9530   0.0408     5.86    0.342 -19.58   0      42.95     2111.584      80.1432
      1054    767.2492     34.0761     3071.701     288.4245  16.2816   0.1020     3.68    0.345 -10.84   0      16.14     912.4503     76.46572
      1055    440.6143     29.5529       7011.2     365.5023  15.3855   0.0566     5.92    0.323 -10.40   0      32.66     1725.111     79.42916
      1056    799.0601     27.9785     4365.098     330.5152  15.9000   0.0822     7.03    0.511  -3.32   0      20.99     1137.033     77.33016
      1057    965.4261     25.6538     4768.837     366.2184  15.8040   0.0834     8.24    0.328  -5.91   0      20.69     944.2548      76.7615
      1058    654.2770   1019.4664     5922.696     375.2511  15.5687   0.0688     5.37    0.098  15.34  16      24.58     1190.706     77.08839
      1059    612.1348   1018.7631     5026.543     346.9059  15.7468   0.0750     5.62    0.273 -12.80  16      23.35     1201.341     77.51894
      1060    628.0248   1016.4882     7968.559     479.2795  15.2466   0.0653    10.03    0.318 -59.75  16      25.57     855.5982     76.09401
      1061    227.3505     40.1907     9079.662     353.9387  15.1048   0.0423     5.72    0.260  -9.91   0      40.13     2043.769     80.14345
      1062     20.7371     25.8318     4354.424     271.5522  15.9027   0.0677     5.49    0.382  -3.72   0      22.81     1206.687     77.53461
      1063    187.3422     25.2320     5353.271     402.6911  15.6785   0.0817     6.38    0.406 -12.20   0      21.75     1096.834      77.0118
      1064   1023.1581     24.4967      1930.73     147.3484  16.7857   0.0829     5.20    0.323 -74.05  24      16.26     912.1652      75.0388
      1065    930.6735     24.3353     3599.272     336.9302  16.1095   0.1017     6.15    0.309  24.66   0      15.84     741.6975      75.9565
      1066    485.4289   1016.1410     25995.54      368.847  13.9628   0.0154     5.26    0.360  -2.09  16      104.8     6259.814     91.15092
      1067     73.8819     21.8276     5827.013     362.6436  15.5864   0.0676     5.19    0.314  -0.98   0         26     1345.708     77.94104
      1068    404.8857   1014.8005     51680.16     473.4068  13.2167   0.0099    11.15    0.515   0.70  16      151.5     6190.827     91.31738
      1069    539.4877   1016.9570     3750.998     236.0485  16.0646   0.0683     0.00    0.374   6.04  16      23.66     1551.064     78.14359
      1070    318.9125   1016.9776     2825.549      244.802  16.3722   0.0941     6.13    0.420   1.69  16      16.17     860.6684     76.10915
      1071    882.9676     17.7684     3335.798     287.2928  16.1920   0.0935     5.57    0.266  -5.37   0      17.76     912.4125      77.0687
      1072    178.7332   1016.1616     9138.365     480.6373  15.0978   0.0571     5.19    0.347  -8.58  16      24.41     1283.554     77.75959
      1073    646.3979   1015.4585     6698.422     454.7024  15.4351   0.0737     7.53    0.380 -10.54  16      19.39      766.142     76.43449
      1074    563.4927   1014.8765     4702.401     374.5113  15.8192   0.0865     0.00    0.592  32.28  16      20.39     658.6725     75.50356
      1075    747.0159   1010.5342     9085.418     459.2666  15.1041   0.0549     5.94    0.323  -9.21  18      34.24     1355.109     77.96845
      1076    149.0346   1013.0148      7678.89     395.3133  15.2868   0.0559     5.88    0.369   3.39  16      30.91     1612.135     79.30009
      1077   1018.4603   1012.2145     2199.597     242.6352  16.6441   0.1198     5.02    0.280  -0.86  16      13.64     805.9014     76.35077
      1078    911.6978   1010.2239     2923.624     288.3078  16.3352   0.1071     4.97    0.322 -18.26   0      15.88      887.769     75.78385
      1079    332.6748   1008.7342     2509.121     229.8685  16.5012   0.0995     5.77    0.327  18.12   0      15.45     823.0273     76.19947
      1080    848.9944   1005.7161     8703.538      438.444  15.1508   0.0547     5.41    0.289 -13.51   3       29.5     1555.426     78.74641
      1081    848.5472   1000.5197     10792.86     505.6527  14.9172   0.0509     6.26    0.259   4.44   3         31     1384.537     77.65775
      1082    665.2062   1004.4208     5643.104     379.1739  15.6212   0.0730     6.20    0.328  -8.25   0       25.2     1260.634     77.69257
      1083    421.6555   1004.2495     13578.16     460.6477  14.6679   0.0368     6.44    0.374  -1.64   0      49.79     2732.507     82.07335
      1084    916.2560   1001.8920      10727.3     384.2227  14.9238   0.0389     5.48    0.240 -17.54   0      46.56     2465.189     80.75848
      1085    696.7390    998.8398     7496.607      285.205  15.3128   0.0413     5.21    0.306  -3.51   0      36.06     1943.613     79.66544
      1086    158.6936    999.5865     4132.059     282.5111  15.9596   0.0743     4.30    0.277 -13.54   0      21.16     1158.064      76.9921
      1087    724.7156    994.1129     88671.42     432.3359  12.6305   0.0053     5.29    0.254  -3.40   0      278.8      20503.8     121.4585
      1088    807.0731    995.8899      6797.51     348.0643  15.4191   0.0556     5.23    0.312  -2.44   0       31.4     1658.275     78.45478
