#   1 NUMBER                 Running object number                                     
#   2 X_IMAGE                Object position along x                                    [pixel]
#   3 Y_IMAGE                Object position along y                                    [pixel]
#   4 FLUX_AUTO              Flux within a Kron-like elliptical aperture                [count]
#   5 FLUXERR_AUTO           RMS error for AUTO flux                                    [count]
#   6 MAG_AUTO               Kron-like elliptical aperture magnitude                    [mag]
#   7 MAGERR_AUTO            RMS error for AUTO magnitude                               [mag]
#   8 FWHM_IMAGE             FWHM assuming a gaussian core                              [pixel]
#   9 ELLIPTICITY            1 - B_IMAGE/A_IMAGE                                       
#  10 THETA_IMAGE            Position angle (CCW/x)                                     [deg]
#  11 FLAGS                  Extraction flags                                          
#  12 SNR_WIN                Gaussian-weighted SNR                                     
#  13 FLUX_APER              Flux vector within fixed circular aperture(s)              [count]
#  14 FLUXERR_APER           RMS error vector for aperture flux(es)                     [count]
         1    480.4530     23.7084      19782.7     385.9168  14.2593   0.0212     3.59    0.079  44.14   3      88.56     5977.739     93.41752
         2    890.9174     17.9418     9319.426     342.8723  15.0765   0.0400     3.97    0.069  18.35   0      45.88     2844.432     85.45526
         3     42.6931     15.2666     5337.635     401.5637  15.6816   0.0817     3.69    0.193  30.67   0      20.35     1264.669     81.35643
         4    495.1226     12.7630     19389.41     375.5347  14.2811   0.0210     9.64    0.153  16.68   0      88.41     5278.194     92.07355
         5    420.5765     14.4282     4275.912     303.4613  15.9224   0.0771     4.34    0.247  10.22   0      23.44     1447.321     82.49191
         6    478.1098     12.8703     4258.814     338.2346  15.9268   0.0863     4.18    0.112 -50.73   0      20.07     1151.199     81.03883
         7    281.0534     12.4203     8137.207     349.5357  15.2238   0.0466     4.43    0.181 -15.85   0      38.64     2349.121     84.73773
         8    717.0267     11.7301     7089.239     386.2275  15.3735   0.0592     4.77    0.076   8.67   0      33.67     2064.291     83.76559
         9    685.3811      6.4416     14620.12     451.7813  14.5876   0.0336     4.85    0.161 -88.04  18      49.25      2758.37     86.02818
        10    616.4127     12.0552     2028.525     171.0362  16.7320   0.0916     0.00    0.662  60.38   0      15.44     1033.288     81.13185
        11    961.6260      5.4952     97374.31     443.9353  12.5289   0.0050     3.95    0.302 -12.81  24        309     27928.14     136.5123
        12    846.8943      9.2734     8115.123     293.4402  15.2268   0.0393     4.15    0.132  -0.06  16       42.5     2663.782     84.97346
        13    313.6944      9.4591     2801.327     220.2095  16.3816   0.0854     4.95    0.205  28.74   0      16.87     978.0831      80.1244
        14    932.9889      7.0102     3186.703     279.0291  16.2416   0.0951     3.35    0.013  10.88   0      18.19     1136.677      81.2098
        15    765.6103      7.1937     4790.261     301.0075  15.7991   0.0682     3.73    0.117  45.01  16      23.44     1404.157     81.95495
        16    264.6859      6.9273     2867.162     257.9752  16.3564   0.0977     2.92    0.267  14.24  16      15.93     977.0483     80.12148
        17    942.8491      5.1142     5765.331     339.2454  15.5979   0.0639     4.22    0.150  -4.75  19      27.69     1673.609      82.2825
        18    948.9670      2.3829     7295.812     319.4475  15.3423   0.0476     4.48    0.302  -0.77  27      30.91     1890.946      83.9101
        19    443.9253      2.4278     58198.37     295.6503  13.0877   0.0055     4.50    0.367   2.75  24      242.8     22650.23     127.9606
        20    816.2104      4.2199     3486.704     289.8332  16.1440   0.0903     4.73    0.174  42.75  16      17.51     1004.018     80.83769
        21    274.9212      3.0419     49334.79     209.4947  13.2671   0.0046     4.82    0.240 -26.93  16      320.9     48856.21     168.1836
        22    731.9639      3.4725     3086.094     251.4291  16.2765   0.0885     3.93    0.157  -4.06  16      17.89     1060.203      80.9955
        23    658.4946      2.0885     3313.965     244.7163  16.1991   0.0802     4.19    0.142  -7.70  24      18.34     1115.744     80.93933
        24    683.0782    997.9757     6020.057     243.7192  15.5510   0.0440     3.44    0.121  14.35   0       34.5     2290.551     84.37725
        25    555.4673   1023.2910     2212.313     196.9282  16.6379   0.0967     3.64    0.283  -0.83  24      16.55      1096.74     79.16949
        26    190.9508   1022.9008     3470.751     237.7462  16.1489   0.0744     6.00    0.298  32.17  24      21.53     1333.804     80.70273
        27    145.3444    998.4365     3809.753     248.6533  16.0478   0.0709     3.98    0.188  -1.92   0      22.57     1418.057     81.99348
        28    711.1392    993.1545     75538.45      390.912  12.8046   0.0056     3.41    0.094  -2.68   0      267.3     25320.54     132.6186
        29    793.5859    994.8063      5460.61     294.3087  15.6569   0.0585     3.44    0.159  17.46   0      31.38     2031.382     83.67625
        30    339.2754    994.9565     4596.619     365.2995  15.8439   0.0863     3.74    0.145  -8.09   0      18.63         1145     81.23309
        31    774.4009    994.3295     3044.532     303.9532  16.2912   0.1084     5.65    0.149  43.35   0      16.14     960.1368     80.71423
        32    385.9317    994.5860     3544.896     318.1199  16.1260   0.0975     5.12    0.235  15.36   0      17.96     1051.624     80.97142
        33    865.1658    993.9371     3146.738     268.0101  16.2553   0.0925     4.77    0.226  15.10   0       17.8     1154.522     81.25973
        34    846.7567    992.1232     6714.709     316.3313  15.4324   0.0512     3.59    0.153  19.10   0      37.07     2403.104     84.67987
        35    425.0796    990.5240      40182.2     357.9887  13.4899   0.0097     3.41    0.089   5.95   0      167.7     13273.76      109.585
        36    327.8365    991.6754     17994.64     357.0916  14.3621   0.0216     3.41    0.025  21.53   0      87.19     6084.227     94.04211
        37    693.6775    992.3741     4866.045     347.4023  15.7821   0.0775     3.59    0.087  -6.60   0      23.01     1438.719     82.05074
        38    280.3522    992.2245     6930.645     162.2667  15.3981   0.0254     0.95    0.038  13.21   0      83.01     6849.054     96.23019
        39     51.9356    992.9105     2439.445     221.7798  16.5318   0.0987     2.95    0.383   9.30   0      16.59     1118.021     80.73333
        40    739.0153    985.6589     217515.8     618.2105  11.6563   0.0031     3.43    0.321  -5.87   3      510.1      66656.6     190.8171
        41    745.9948    983.2986     46255.66      364.189  13.3371   0.0086     3.56    0.124  -3.68   3      180.9     14201.41     111.9533
        42    478.5374    988.6767     8614.059     324.3786  15.1620   0.0409     4.24    0.152  38.45   0      44.36     2711.751     85.50423
        43    203.8301    987.8906     41566.97     358.8667  13.4531   0.0094     3.46    0.116  -4.42   0      170.6     13471.58     109.8382
        44   1011.9276    987.3659     20583.21     357.5367  14.2162   0.0189     4.01    0.334  13.04  16      91.95     6288.562     94.53464
        45    514.1990    986.1971     28857.42     391.2245  13.8494   0.0147    10.16    0.081  60.08   3        112     7339.229     97.02769
        46    513.5557    981.3652     43314.46     412.2261  13.4084   0.0103     3.73    0.110  15.57   3      165.9     12473.27     108.5466
        47    909.2860    986.4494     20337.18     354.9699  14.2293   0.0190     4.19    0.227   4.64   0       92.2     5978.175     93.41858
        48    360.0693    987.7198     3517.029     256.8814  16.1346   0.0793     7.26    0.507  30.80   0      19.86     991.8334     80.37731
        49    551.1772    985.5571     11878.09     337.0064  14.8131   0.0308     3.71    0.107   1.03   0      57.51     3800.958     88.73979
        50    253.7690    985.6138     6736.692     410.8011  15.4289   0.0662     3.89    0.130 -59.63   0      23.08     1369.286     82.27663
        51    591.7366    984.1592     5536.648     309.9934  15.6419   0.0608     3.71    0.061  30.42   0      30.72     1923.551     83.38287
        52    368.1156    985.4516     4126.761     291.8095  15.9610   0.0768     2.95    0.174 -15.89   0      22.67     1460.134     81.69073
        53    123.1089    984.6580     7828.356     297.5775  15.2658   0.0413     3.69    0.124  24.11   0      41.38     2656.275     84.95338
        54    616.5985    981.3774     31621.48     342.6317  13.7500   0.0118     3.57    0.071   0.89   0      140.2     10558.53     104.2962
        55    979.1681    979.6993     37441.15     438.3582  13.5666   0.0127     5.04    0.111  57.72   0      131.7     7518.729     96.73986
        56    267.6009    981.3909     3918.386     165.9423  16.0172   0.0460     0.68    0.141 -24.33   0      48.09     3374.763     87.24874
        57    220.2398    979.8644     9101.325     375.0233  15.1022   0.0447     5.47    0.059 -46.28   0      41.44     2633.726     85.29659
        58    831.9316    972.5982     23406.63     395.7129  14.0767   0.0184     3.63    0.126  -4.89   3      102.3     7136.881     96.73023
        59    837.7479    963.9430     125302.8     439.8424  12.2551   0.0038     3.52    0.079   4.15   3      370.7     41217.21     157.7407
        60    255.7008    974.0727      7026.37     422.2949  15.3832   0.0653     3.77    0.077  61.93   0      24.86      1435.04     80.98732
        61    156.5453    972.8470     9022.096     263.3418  15.1117   0.0317     3.56    0.073  15.89   0      49.72      3218.47     87.03816
        62    235.2095    973.2591      6525.93      374.607  15.4634   0.0623     3.87    0.139   2.53   0      30.83      1916.06     83.56816
        63    971.0003    972.3555     4096.021     155.5104  15.9691   0.0412     0.92    0.174  89.16   0      60.44     4014.668     89.28545
        64    379.2092    970.8954     2861.022     159.1828  16.3587   0.0604     2.68    0.320 -23.18   0      53.88     2342.688     84.51756
        65     61.8957    969.6354     9372.758     402.7766  15.0703   0.0467     4.32    0.176  20.68   0      39.16     2366.478     83.76556
        66    810.3094    968.2615     4953.385     399.2013  15.7627   0.0875     8.38    0.520  66.98   0         20     848.5356      79.9711
        67    918.8242    968.2374     3240.262     251.5684  16.2235   0.0843     3.91    0.158 -43.42   0      18.06     1081.205     81.68745
        68    391.8572    966.0398     3081.483     263.1049  16.2781   0.0927     3.33    0.132  84.73   0      17.73     1135.358     81.20611
        69    418.0199    963.8488     15648.99     322.6865  14.5138   0.0224     4.56    0.261  28.64   0       73.4     4602.115     90.76846
        70    120.9532    962.6185     3326.645     244.7281  16.1950   0.0799     3.54    0.135  -3.25   0      21.38     1379.469     82.30476
        71     53.5859    961.2303     12527.42     367.8745  14.7553   0.0319     3.67    0.117 -15.14   0       62.6     4064.342      89.4118
        72    781.3984    960.3073     9389.463     457.6631  15.0684   0.0529     3.99    0.089   2.77   0      33.87     2109.053     83.88696
        73    757.3477    962.1508     3197.762     316.5185  16.2379   0.1075     3.12    0.284  14.21   0      15.23     950.0266     80.89828
        74    372.3319    960.6777     2692.561     272.3941  16.4246   0.1099     3.75    0.105 -37.33   0      16.94       1062.1     80.57574
        75   1002.4471    958.7638     2723.543     293.6528  16.4122   0.1171     2.88    0.250   0.49   0       14.4     936.5342     80.64774
        76    802.0842    958.1314     3470.387      210.959  16.1491   0.0660     3.83    0.058 -11.29   0      20.99     1261.424     81.13602
        77    663.4850    955.0427     5891.067     352.9708  15.5745   0.0651     3.29    0.087  30.55   2      26.28     1608.516     82.10251
        78    994.4347    956.7910     5188.299     381.7487  15.7124   0.0799     4.41    0.081  21.35   3      21.07     1212.069      81.8412
        79    993.4216    950.6229     8590.882     399.1216  15.1649   0.0505     4.11    0.044  41.22   3      36.12     2265.091     84.71499
        80    298.9533    956.6628     6567.823     368.8588  15.4564   0.0610     3.75    0.173  67.93   0      30.37     1856.718      83.2005
        81    643.9822    956.6241      4405.09     296.4032  15.8901   0.0731     3.25    0.155   2.00   0      25.24     1697.094     83.17722
        82    282.7948    956.0759     6072.388     155.6384  15.5416   0.0278     0.00    0.255 -23.98   0      91.04     5330.186     92.20181
        83     95.4172    956.2305     2895.747      296.694  16.3456   0.1113     3.23    0.243  32.48   0      15.73     971.1232     81.16934
        84    904.1325    954.4962     12220.08     354.6098  14.7823   0.0315     9.18    0.329   9.98   0      58.96     3754.956     87.84348
        85    519.2841    955.9167     3627.904     336.5373  16.1009   0.1007     5.24    0.279 -13.50   0      15.17     886.5851     80.29329
        86    949.5958    953.5682     5300.439     380.6895  15.6892   0.0780     3.86    0.106  14.87   0      20.13     1176.604     81.74266
        87    443.2910    953.3288     3797.222     277.9861  16.0513   0.0795     3.78    0.089 -18.43   0      22.89     1414.102     81.77281
        88    141.0327    953.9523     12007.63     156.0307  14.8014   0.0141     4.51    0.150 -53.60   0      152.2     12089.91     107.5815
        89    835.0217    948.4857      7542.33     422.5725  15.3062   0.0608     3.98    0.233   7.07   2      31.87     1466.986     81.70979
        90    579.3759    937.9506     585002.1     677.5532  10.5821   0.0013     3.50    0.066  -7.08   0      910.6     188754.8     303.2238
        91    748.8310    947.5036     4300.999     304.8913  15.9161   0.0770     3.57    0.189 -15.24   0      22.99     1432.771      81.1927
        92    929.6248    945.2781     7191.226       256.79  15.3580   0.0388     3.51    0.119  -3.24   0      40.66     2603.271      85.2154
        93    555.6281    945.9725     8725.123     383.8485  15.1481   0.0478     3.74    0.133  18.29   0      38.55     2462.127     85.24196
        94    705.7249    945.7286     5485.666     157.5282  15.6519   0.0312     4.78    0.062 -29.88   3      65.38     5018.094     91.24128
        95    702.7956    943.6122       8417.3      274.014  15.1871   0.0354     3.70    0.170 -20.32   3      45.98     2983.897     86.22457
        96    289.6581    943.2460     36191.46     351.8044  13.6035   0.0106     3.52    0.088  -5.98   0      153.7     11857.95     107.0903
        97    670.3459    940.1740     32232.94     345.5306  13.7292   0.0116     3.49    0.102 -11.57   0        139      10518.4     104.2087
        98    847.2173    943.1102     2862.508     274.1064  16.3581   0.1040     4.42    0.371  10.48   0      16.51     1060.367     80.57086
        99    815.3223    941.1951     10362.54     361.8197  14.9613   0.0379     4.63    0.179   8.13   0      46.59     2853.096     86.07882
       100    622.7252    939.4774     16304.66     348.7049  14.4692   0.0232     3.22    0.020 -13.34   2      79.11     5487.575     92.03091
       101    624.0392    932.5079     4763.299     287.8654  15.8052   0.0656     3.60    0.070 -29.73   3      24.53     1503.541     81.60126
       102    644.7857    938.6351     11539.06     287.2496  14.8446   0.0270     3.64    0.076   8.71   0       61.2     4060.173     89.59306
       103    895.9724    938.9698     7840.017     146.9445  15.2642   0.0204     4.32    0.042  73.93   3      110.9     7493.463     97.74028
       104    892.7402    937.0045     9371.707     330.1514  15.0705   0.0383     3.51    0.095 -58.94   2      48.06     3168.547     86.90771
       105    402.9633    937.1218      11480.7     160.6957  14.8501   0.0152     0.00    0.188 -72.60   0      139.1     10632.49     104.4572
       106    134.9947    937.8068     4951.721     246.2326  15.7631   0.0540     4.33    0.090 -59.08   0       28.6     1753.982     82.91939
       107    113.5739    935.9342     5221.914     371.5113  15.7054   0.0773     4.00    0.197   8.59   3      25.31     1594.794     82.27348
       108    118.7321    933.0014     7619.752     428.6652  15.2951   0.0611     3.94    0.071  43.27   3      28.73      1312.67     82.12009
       109    120.9878    926.0135     5383.704     202.6839  15.6723   0.0409     0.00    0.009 -41.01   2      90.81     5189.175     91.85356
       110    967.9816    934.2564     7424.612     241.4963  15.3233   0.0353     3.68    0.116 -10.27   0      43.64     2955.487     86.34874
       111    750.1634    934.7168     9514.213     357.7042  15.0541   0.0408     4.56    0.184   6.66   0      44.04     2578.267      84.9468
       112    453.8641    947.8253     5968.984      344.404  15.5602   0.0627     3.44    0.075  -1.95   0      28.67     1837.433     83.35405
       113     18.5483    931.3002     6417.564     249.3097  15.4816   0.0422     3.62    0.075   8.40   0      37.54     2337.559     83.68705
       114    768.5399    930.2047     8887.999     466.7042  15.1280   0.0570     4.55    0.280  55.06   2      27.97     1481.686     82.37836
       115    353.6900    930.8845     6254.957     414.6959  15.5094   0.0720     8.00    0.291  -3.50   0      23.55     1337.056      81.5584
       116    661.4911    931.0478     3066.842     286.5229  16.2833   0.1015     4.10    0.265   2.91   0      15.93     990.6149     80.37386
       117    838.1724    928.5079     7632.942     318.3417  15.2933   0.0453     3.69    0.159  12.09   0      40.16     2486.716     84.29509
       118    427.5242    929.3475      2099.36      241.817  16.6948   0.1251     2.85    0.138  15.25   0      14.88     952.1684     80.47871
       119    319.9989    925.1151     55468.65     377.9299  13.1399   0.0074     3.40    0.102  -8.13   2      208.1     18133.12     119.9557
       120    881.5861    926.9709     8435.639     333.3918  15.1847   0.0429     3.75    0.169  44.62   0      39.79     2590.642     85.58392
       121    922.5034    926.7600     3227.643     266.4726  16.2278   0.0897     3.56    0.049   8.38   0      18.35     1085.171     80.21381
       122    856.7020    922.8956     5740.712     361.2889  15.6026   0.0683     3.94    0.202  16.11   0      27.34     1652.961     82.01636
       123    994.2593    920.4733     3282.928     302.7167  16.2093   0.1001     4.02    0.037  57.56   0      17.59     1089.651     80.86603
       124    606.7261    917.0342     4025.487     294.6588  15.9880   0.0795     3.41    0.098  18.56   0      22.98     1534.521     82.31567
       125    305.8034    917.1942     5133.239     222.6032  15.7240   0.0471     3.42    0.095 -17.52   0      32.32     2137.126     83.96297
       126    221.2065    916.9995     3669.669     258.6812  16.0884   0.0766     3.91    0.004 -53.04   0      21.39      1292.34     81.64428
       127     17.8716    906.1943     482378.8     674.8019  10.7915   0.0015     3.66    0.304 -11.74  16      804.9     141843.7     265.6177
       128    276.0406    912.4813     10573.48      280.427  14.9395   0.0288     3.50    0.096  -0.92   0      56.48     3721.175     87.75603
       129    170.5113    911.2956     18915.11     363.6281  14.3080   0.0209     3.64    0.078   4.82   0      87.63     5921.227     93.46382
       130    157.1218    912.5028     3108.116     293.9503  16.2688   0.1027     3.38    0.121  24.73   0      18.34     1189.021     80.93295
       131    458.3914    911.3915     3073.588     296.8302  16.2809   0.1049     3.59    0.146  52.96   0      16.51     972.9334     80.75024
       132    414.6431    910.7562     4300.327      367.459  15.9162   0.0928     4.47    0.216  77.48   0      18.29     1067.126     80.58992
       133    138.9166    911.3237     2912.766     303.8547  16.3392   0.1133     3.97    0.154  59.08   0      15.58     954.8212      80.0584
       134    374.4786    910.7797     2829.391     286.3345  16.3708   0.1099     3.16    0.252   1.02   0      14.54     855.9888     80.63366
       135     69.5174    908.8027     20652.78     328.8131  14.2126   0.0173     3.63    0.136  28.33   0      96.98     6711.043     95.72448
       136    405.1646    905.9711     6275.739     403.1604  15.5058   0.0698     3.84    0.088 -19.60   2      21.85     1300.415     82.08617
       137    108.2488    907.4967     7790.412     318.4541  15.2711   0.0444     3.44    0.142   7.37   0      39.57     2554.012     84.47634
       138    246.1189    904.6558      42861.9     382.8112  13.4198   0.0097     3.54    0.149 -19.16   0        171     13308.11     109.8127
       139    937.9280    906.5405     4800.114     269.4085  15.7969   0.0610     3.49    0.185  -0.91   0      26.64     1670.514     82.69029
       140    919.0554    904.6438     3801.242     310.1058  16.0502   0.0886     3.53    0.047  13.63   0      19.54     1194.387     81.58189
       141    563.1307    900.0129      25577.8     390.4157  13.9803   0.0166    12.16    0.269 -12.41   0      97.35     6192.263     94.30284
       142    323.7898    900.3528     4197.062     373.1914  15.9426   0.0966     4.66    0.414  39.41   0      17.79     968.4767     81.16193
       143     89.3851    898.1743     11572.64     314.3876  14.8414   0.0295     3.78    0.100   6.89   0       59.6     3964.235     89.15698
       144    352.5799    896.8275     4343.935     183.6844  15.9053   0.0459     2.49    0.461 -63.33   0      45.35     3849.055     88.86288
       145    879.0767    895.9926     4681.221     251.1636  15.8241   0.0583     3.38    0.045   7.65   0      27.77     1801.213     83.04874
       146    855.6928    892.5632     77513.34     410.2496  12.7766   0.0057     3.53    0.125   9.31   0      267.6     24403.91     130.5132
       147    986.1469    894.6710     4585.607     222.0434  15.8465   0.0526     3.71    0.211   8.39   0      27.36     1759.827     82.72811
       148    506.5407    893.3076     15386.88     396.5299  14.5321   0.0280     4.67    0.169 -34.34   0      66.57     3910.102     88.24397
       149    405.5220    893.4305     20545.11     372.7949  14.2182   0.0197     3.58    0.120 -11.04   0      94.25     6498.139     95.03715
       150    897.9380    890.5577     48131.19     424.0831  13.2939   0.0096     3.56    0.254 -27.73   0      178.5     14348.44     112.2514
       151    620.0899    890.0526     46362.91      374.712  13.3346   0.0088     3.44    0.053  12.80   2      184.4     15218.92     113.6986
       152    618.5707    879.4566     18532.38      377.298  14.3302   0.0221     3.48    0.057  46.66   3      86.56     5968.489     93.76199
       153   1022.6600    887.5740     64475.22     296.1193  12.9765   0.0050     5.60    0.327  89.80  24      269.9     27009.75     135.6092
       154    473.3975    892.2290     4813.963     364.2582  15.7937   0.0822     4.60    0.199  57.12   0      17.23     1049.942     81.38973
       155    190.3175    891.1699      3324.34     299.8986  16.1957   0.0980     3.22    0.186  61.89   0       17.5      1112.44     80.93005
       156    108.7650    890.1062     7410.261     300.1322  15.3254   0.0440     4.34    0.107 -79.17   0       36.9     2132.783     83.12907
       157    713.1635    889.3137     3125.454     237.4158  16.2627   0.0825     3.50    0.228   8.43   0         19     1170.629     80.88129
       158    687.5145    889.1086     5800.688     352.9126  15.5913   0.0661     3.83    0.165  32.36   0      26.84     1649.179     82.42358
       159     78.5844    889.5573     3999.356     315.7369  15.9950   0.0857     3.08    0.018  -4.93   0      21.43     1381.957     82.31163
       160    837.8785    885.6718     17961.29     390.3799  14.3642   0.0236     3.51    0.103  12.20   0      82.96     5699.384     92.73785
       161    305.3396    886.5956     4489.051     223.8703  15.8696   0.0542     3.34    0.139   3.20   0      26.71     1700.539     82.97996
       162    384.7751    883.0554     79421.88     453.0236  12.7501   0.0062     3.42    0.097   9.30   2      243.6     21934.38     126.6828
       163    544.8624    885.7264     3226.208     275.9677  16.2283   0.0929     3.88    0.180  24.03   0      18.95     1228.451     81.46623
       164    447.3369    883.8930      8681.33     489.0624  15.1535   0.0612     7.69    0.464 -28.52   0       29.3      1302.08     81.24982
       165    774.1060    883.2833     14078.77     354.5906  14.6286   0.0274     3.80    0.139  16.28   0      65.64     4370.939     89.61478
       166    331.8444    883.8333     5193.894      251.627  15.7113   0.0526     3.30    0.103  39.12   0      31.01     2048.591     83.92783
       167    315.9294    882.7112     5484.978     292.8654  15.6521   0.0580     3.90    0.096  49.66   0       29.8     1820.396     82.68695
       168     53.4545    881.5023     16833.47     450.9937  14.4346   0.0291     6.70    0.420  -4.35   0      66.69     3535.309     87.07638
       169     76.2229    882.3291     2892.867      266.187  16.3467   0.0999     3.19    0.114  68.10   0      16.11     999.9081     81.03829
       170    663.8710    881.2443     4342.801     259.2719  15.9056   0.0648     4.23    0.194   6.27   0      23.69     1440.655      82.0561
       171    162.0027    880.8226     3764.271     140.4993  16.0608   0.0405     1.00    0.106  88.36   0      63.12     3774.302     88.28336
       172    237.8018    879.6521     4349.372      349.529  15.9039   0.0873     6.25    0.374  31.38   0      17.65     1040.359      80.9398
       173    227.8201    879.3875     5869.831     397.5691  15.5784   0.0736     3.49    0.165  30.50   0      21.43     1314.424     81.91561
       174    511.6088    874.2526     14478.11     379.4009  14.5982   0.0285     3.86    0.212   9.11   0      64.85      4298.48     89.81401
       175    754.2874    873.0779     3207.601     277.5036  16.2345   0.0940     3.12    0.226  10.45   0      18.87     1187.417     80.92844
       176    172.7630    870.3591     31992.83     434.5375  13.7374   0.0148     4.16    0.251  -9.96   3      123.5     8679.888     100.1188
       177    162.9872    862.7047     181336.6     493.7899  11.8538   0.0030     3.43    0.076   9.58   3      464.1     57283.61     179.1145
       178    595.8805    871.2617     5837.503     384.3751  15.5844   0.0715     3.72    0.078 -14.59   0      25.17     1594.639     82.06409
       179    231.0748    865.4644     85150.77     437.6328  12.6745   0.0056     3.49    0.048  35.27   0        282     26525.48     134.5402
       180    953.5729    867.7226     4266.856      334.411  15.9247   0.0851     3.47    0.273  58.68   0      19.72     1263.851     81.56493
       181    633.7349    867.0574     19232.22     325.2004  14.2899   0.0184     3.53    0.136   7.82   0      93.92     6675.474     95.46029
       182    966.5518    865.0694     17085.03     432.6635  14.4185   0.0275     7.41    0.410  21.47   0      66.39     3164.407     86.69907
       183    251.3399    864.2057     56764.99     371.8455  13.1148   0.0071     3.46    0.102   5.75   0      216.7     18733.48     120.9459
       184     92.8159    863.9594     8915.214     363.2804  15.1247   0.0443     6.11    0.012  12.35   0      42.06     2818.621      86.3862
       185     33.0234    862.6679     17613.55     334.4962  14.3854   0.0206     3.54    0.082   4.41   0      85.64     6036.952     94.11042
       186    949.3461    862.2448     7950.439     456.0075  15.2490   0.0623     5.14    0.235  72.75   2      23.91     1465.535     82.33379
       187    858.0588    861.5746      3444.93     283.8137  16.1570   0.0895     3.48    0.155  -1.88   0      19.97     1249.268     81.52429
       188    681.6005    861.1251     3342.333     327.2887  16.1899   0.1063     3.86    0.236  47.59   0      17.03      1073.01     81.03143
       189    908.6667    859.3156     7714.636     311.5862  15.2817   0.0439     4.77    0.113  11.21   0      41.21     2578.745     84.74571
       190    533.7950    860.6165     4673.746     346.0381  15.8258   0.0804     3.60    0.175 -12.99   0      21.32      1292.28     81.64411
       191     48.4427    860.0781      4554.06     275.5054  15.8540   0.0657     4.77    0.168 -20.47   0      23.24     1332.722     81.75661
       192    712.9191    858.4265     6762.326     341.1732  15.4248   0.0548     4.13    0.161  21.59   0      35.07     2118.956     83.91378
       193    397.6333    858.2904     7357.494     255.2609  15.3332   0.0377     3.75    0.099  14.51   0      40.83     2615.986     84.64291
       194     70.4625    858.7018     4561.428     259.4635  15.8522   0.0618     3.60    0.112   4.85   0      26.64     1649.193     82.21503
       195    866.6435    857.2610     10782.62     376.0409  14.9182   0.0379     3.74    0.048  23.88   0      50.21     3302.291     87.05976
       196    876.1250    856.6392     5877.595     344.3437  15.5770   0.0636     3.79    0.165  12.47   0      27.88     1797.459     83.03847
       197    236.5620    851.7697     6782.104     358.3678  15.4216   0.0574     3.57    0.045 -20.09   0      34.29      2172.07     84.26154
       198    554.0456    849.2990      36778.9     445.7859  13.5860   0.0132     3.51    0.176   6.59   2      129.9     9389.932     101.0403
       199    643.3477    846.1635     94030.66     412.0716  12.5668   0.0048     3.51    0.096  -1.85   3      307.9      30609.2     141.3918
       200    647.6074    837.5959     15003.41     488.4891  14.5595   0.0354     6.82    0.378 -25.17   3      53.95     2524.923     85.00619
       201    856.5600    849.1865     5024.644     298.3203  15.7472   0.0645     4.05    0.156 -24.79   0      26.74     1659.059     83.27966
       202    453.8573    847.6950      3663.57     224.9471  16.0902   0.0667     3.46    0.098 -25.66   0      22.51     1362.517     81.20753
       203    402.9435    847.9653     3912.876     271.8358  16.0188   0.0754     3.36    0.027 -15.73   0      24.54     1605.394     82.51112
       204    171.3923    846.2188     9000.275     454.6461  15.1144   0.0549     4.12    0.190  20.09   0      30.35      1907.75     83.33978
       205    148.6492    845.8068     2736.971     222.0844  16.4068   0.0881     4.16    0.240  31.29   0      17.25     1053.769     81.18921
       206    972.5672    841.4910     11926.92     331.9058  14.8087   0.0302     9.06    0.025  47.15   0      61.06     3960.952     87.98539
       207    690.1340    844.2723     3787.697     298.8164  16.0541   0.0857     5.16    0.170 -50.51   0      19.98     1115.124     80.93759
       208    894.9081    843.6000     2601.457     183.8653  16.4620   0.0768     3.46    0.107  19.00   0      16.89     1039.978     80.93873
       209    335.5335    843.5044     2506.851     240.4208  16.5022   0.1042     3.10    0.020  65.37   0      15.98     1022.848     80.46495
       210    194.8778    843.3845     2793.255     147.8995  16.3847   0.0575     1.18    0.210 -74.23   0      36.86     2467.423     85.05444
       211    482.5303    839.0251     8123.881      318.692  15.2256   0.0426     8.39    0.069  -1.43   3         42     2666.119     85.38286
       212    476.8709    838.1111     4797.532      283.384  15.7975   0.0641     4.00    0.177  24.08   3      27.94     1752.267     82.49947
       213    250.1665    838.1552      16358.6     327.1463  14.4656   0.0217     3.76    0.138  -2.13   0      75.85     5147.777     91.93803
       214    122.4855    838.6852     4002.148     260.6254  15.9943   0.0707     4.86    0.249  82.62   0      21.09     1137.165     80.99946
       215    745.2058    837.2748     5263.292     332.5156  15.6969   0.0686     4.01    0.083  17.56   0       26.1     1602.019     82.29343
       216    590.6613    835.8027     7847.957     322.5131  15.2631   0.0446     3.82    0.021  46.78   0      39.32     2535.263     85.23552
       217    842.4497    832.5441     45533.61     420.6527  13.3542   0.0100    11.47    0.141  80.15   0      175.4     13604.88     110.8906
       218    187.7940    834.4947     6189.646     320.0038  15.5208   0.0561     3.94    0.011  55.30   0      31.33     1899.332     83.31683
       219    887.1797    833.5509     8346.892      318.851  15.1962   0.0415     3.70    0.088   5.92   0      43.65     2762.977     86.04034
       220     97.3037    833.0186     7367.511     372.8215  15.3317   0.0550     3.84    0.083 -24.54   0      35.35     2255.461     83.66927
       221    712.1152    831.8433     11997.58     311.9546  14.8023   0.0282     3.48    0.038   2.56   0      60.35     3982.029     88.42902
       222    610.6103    833.0334     5301.719     301.3934  15.6890   0.0617     7.13    0.115  44.68   0      31.25     2186.775     84.50462
       223     18.5123    834.0385     2494.359     215.9529  16.5076   0.0940     3.01    0.240   2.31   0      16.46     1035.619     80.50102
       224    965.8096    831.7437     4375.187      340.841  15.8975   0.0846     5.61    0.235  15.90   1      21.17     1309.684     81.90246
       225    731.6514    832.6656     11301.19     318.2636  14.8672   0.0306     3.46    0.078  -1.45   0      58.45     3887.917     88.57536
       226     86.8812    831.5598     3201.656     237.4888  16.2366   0.0806     3.79    0.130  24.19   0      18.39      1101.83     80.68773
       227    329.3614    823.1163     12187.31     455.2946  14.7852   0.0406     6.09    0.376 -82.06   2       41.2     1958.873     83.06669
       228    969.8271    826.7549     9866.258     407.2928  15.0146   0.0448     4.19    0.161  31.12   3      40.66     2448.082     85.20451
       229    976.0632    826.1113     7687.209      392.092  15.2856   0.0554     4.35    0.300  -1.08   3      32.07     2057.609      83.3364
       230    439.3724    826.8868     16636.09     357.4289  14.4474   0.0233     3.47    0.091   1.78   0      80.87     5563.459     92.40413
       231    354.7775    827.7852      7107.27     249.9377  15.3707   0.0382     3.68    0.111  -7.53   0      39.31     2506.424     85.15859
       232      2.2763    827.4532      6699.09     231.7284  15.4350   0.0376     3.69    0.232 -84.30  24      44.16      2965.14     85.97564
       233    546.0954    827.1451     4837.771     233.6002  15.7884   0.0524     4.21    0.122  64.89   0      28.26     1728.197     82.22458
       234    774.7949    826.0751     2210.207     241.9211  16.6389   0.1189     2.98    0.192   4.90   0      16.15     1075.646     81.03882
       235    475.2007    823.9949     6764.719     317.7212  15.4244   0.0510     4.84    0.207 -45.04   0       34.7     1972.043     83.51493
       236    571.2499    823.5045     6899.266     295.4175  15.4030   0.0465     3.69    0.148  30.19   0      39.13     2499.882     84.33058
       237    838.1539    819.5616     14218.05     389.2988  14.6179   0.0297     3.55    0.161  18.43   2       58.7     3943.326     88.71742
       238    618.2217    822.9986     2942.057     314.9749  16.3284   0.1163     3.67    0.202   1.91   0      14.01     849.9346     80.40333
       239    243.2755    822.5583     4283.175      273.718  15.9206   0.0694     3.50    0.156   2.23   0      23.79     1463.676     82.11983
       240    646.1889    819.5892     11746.85     343.2292  14.8252   0.0317     3.42    0.116  13.44   0      58.33     3865.981     88.51906
       241    127.7030    820.9739     5645.463     315.5622  15.6208   0.0607     3.68    0.107  10.23   0      30.83     1901.016       82.493
       242    811.1540    819.9978      2176.41     192.4769  16.6556   0.0960     2.89    0.160   5.77   0      16.67     1131.808     81.40737
       243    559.1650    817.8843      10179.8     275.4719  14.9807   0.0294     3.41    0.101 -22.71   0      57.49     3889.387     88.38509
       244     57.7143    817.5327     4135.974     343.1922  15.9586   0.0901     3.92    0.170  -2.40   0       20.1     1215.046       81.006
       245    447.3666    815.5992     2795.447     218.2453  16.3839   0.0848     4.67    0.123  41.37   0      16.31     959.1486      81.1358
       246     43.9766    814.5712     4334.922     303.5055  15.9075   0.0760     3.67    0.103   3.66   0      26.27     1713.498     83.22202
       247    585.0609    814.4399     3707.748     304.4487  16.0772   0.0892     3.66    0.175   2.12   0      19.02     1187.118     81.35084
       248    234.9682    811.6503     25475.77     388.1508  13.9847   0.0165     3.58    0.098  -0.89   0      111.8     8029.056     98.63028
       249    981.9427    809.4845     8249.871     284.6353  15.2089   0.0375     3.89    0.103  36.64   0      45.89     2902.465     85.60947
       250    528.2220    806.7562     86521.05     400.4745  12.6572   0.0050     3.46    0.084  -0.17   0      293.6     29107.89     139.2045
       251   1010.0915    800.0717     7693.193      394.279  15.2847   0.0557     6.73    0.357 -23.77  19      36.24     2279.953     83.94058
       252   1005.6102    807.8582     27426.08     407.6057  13.9046   0.0161     3.58    0.289  16.69   3      109.8     7849.661     98.39069
       253   1000.8887    802.9673     19143.54      331.674  14.2949   0.0188     3.86    0.085  32.23   3      89.49     6208.059     93.97618
       254    797.5501    807.7167     9431.519     277.9599  15.0635   0.0320     3.78    0.064  10.08   0      48.63     3032.881     85.95499
       255     15.2911    808.6869      2011.48     215.4441  16.7412   0.1163     4.15    0.225  45.81   0      13.18     788.8989     80.01631
       256    637.6964    806.2284     5104.998     289.6211  15.7300   0.0616     3.61    0.156  16.82   0      28.94     1802.989     82.22248
       257    585.3716    805.5209     3442.396      202.625  16.1578   0.0639     3.61    0.157   5.31   0      21.46     1298.948     81.66267
       258    603.7036    798.6581     5726.269     243.4451  15.6053   0.0462     3.37    0.063  34.61   0      32.08     2011.666     83.21101
       259    403.0728    797.9537     10442.79     313.5698  14.9530   0.0326     3.56    0.045 -18.01   0      54.97     3722.016     88.14866
       260    155.0742    797.4590     4181.712     301.9725  15.9466   0.0784     7.53    0.538  26.69   0      21.43     1236.175     81.27679
       261     55.7326    796.8315     3146.125     212.6378  16.2556   0.0734     3.81    0.227  14.68   0      20.18     1279.782     81.60931
       262     18.2002    795.6255     5896.327     260.6302  15.5735   0.0480     8.30    0.361  -8.99   0      32.33     1826.566     83.53024
       263    308.2573    790.4603     67383.25     462.9829  12.9286   0.0075     6.98    0.346  16.09   0      210.1     12318.92     108.3815
       264    216.1823    794.4253     4283.314     257.5585  15.9206   0.0653     3.32    0.187  14.35   0      24.05     1541.259     82.75031
       265    977.7968    793.9651     2358.993     215.8104  16.5682   0.0994     3.14    0.176  -2.45   0      16.59     1099.341     81.52756
       266    463.0611    791.8734     14509.62     291.0689  14.5959   0.0218     3.45    0.085   6.24   0      74.52     5164.357     91.79213
       267    673.5132    789.3784     32870.39     392.4566  13.7080   0.0130     3.46    0.064   0.90   0      139.3     10369.43     103.5522
       268     99.1110    790.2258     5281.552     288.2743  15.6931   0.0593     3.45    0.073  62.69   0      31.21     2002.722     83.18658
       269    728.4215    788.2730      13950.7     400.0216  14.6385   0.0311     3.61    0.114  11.65   0      62.89     4177.632     89.50768
       270    604.0760    788.9577      4662.66     235.2615  15.8284   0.0548     3.54    0.117  20.11   0      28.97     1854.203     83.19363
       271    934.6270    781.9720     147422.5       455.86  12.0786   0.0034     3.50    0.087  16.81   0      410.9     48571.18     168.0025
       272    660.8669    784.5941     45307.77      361.228  13.3596   0.0087     4.70    0.114 -11.61   0      182.3     14330.56     112.2152
       273    157.1779    785.5751     11822.08     415.6755  14.8183   0.0382     6.05    0.297 -41.66   0       45.9     2284.965     84.76829
       274    867.7925    785.3513     9320.314     389.7472  15.0764   0.0454     3.85    0.096   9.35   0       42.1     2669.752     85.59337
       275     43.7861    786.3215     2107.041     140.8734  16.6908   0.0726     1.90    0.350 -40.38   0      32.41     2020.876     83.64771
       276    337.8471    782.2665     22076.33     325.8674  14.1402   0.0160     3.52    0.029   4.82   0      101.9     7220.424     96.74902
       277    529.8865    777.3989     360376.4     576.2625  11.1081   0.0017     3.55    0.079  10.54   2      699.8     115310.8     241.9229
       278    525.5608    761.3292     84967.27     455.7971  12.6769   0.0058    11.42    0.126 -36.56   2      274.4     24117.18     130.5401
       279     59.5021    781.4999     9267.491     319.5065  15.0826   0.0374     3.55    0.139  27.14   0      46.01     2908.364      85.0214
       280    589.4236    781.6738      3739.71     276.3903  16.0679   0.0803     3.12    0.119  38.48   0      21.69     1351.055     81.80756
       281    978.2044    780.1782     3114.341     308.2124  16.2666   0.1075     3.99    0.281  20.00   0      16.42     1014.416     80.86692
       282    823.5864    774.5958     12193.72     471.0531  14.7847   0.0420     4.11    0.067  38.44   2      42.49     2627.934     85.28115
       283    704.4670    776.0317     14383.85     433.2285  14.6053   0.0327     3.76    0.128  22.13   0      61.27         4067     89.03368
       284    210.4595    775.9689     6413.792     244.0861  15.4822   0.0413     3.80    0.040   0.33   0      37.03     2302.272     84.20515
       285    796.6024    775.3030     8682.871     381.5802  15.1533   0.0477     3.87    0.071  27.36   0      40.27      2557.74     85.09389
       286    370.9702    773.9739     4619.136     354.5804  15.8386   0.0834     3.98    0.101  11.76   0      21.45     1369.933     82.27843
       287    316.3724    774.0054     3150.001      193.623  16.2542   0.0668     3.54    0.017  13.16   0      20.33     1278.609     81.81618
       288    544.9979    773.9420     7861.494     146.9777  15.2612   0.0203     4.26    0.045 -89.73   0      112.5     7854.838     98.40266
       289    494.8035    773.6168     3119.635     210.5808  16.2647   0.0733     4.07    0.164 -11.92   0      20.58     1243.731     81.50885
       290     77.9324    772.7170     6146.332     302.0296  15.5285   0.0534     4.07    0.142  21.26   0       32.2     1978.441     83.12021
       291    752.8899    770.7848     7317.943     314.0424  15.3390   0.0466     3.73    0.163   4.42   0      39.42     2479.757     84.47983
       292    687.2701    768.9022     17351.31     374.2992  14.4017   0.0234     5.93    0.194  -5.10   3      75.15     4677.628     90.00851
       293    694.8087    767.2451     17124.58     495.5759  14.4160   0.0314     5.16    0.242   9.82   3      60.82     3716.183     88.52241
       294    884.0452    768.0109     6368.217     262.6806  15.4900   0.0448     3.30    0.131  23.89   0      37.26     2522.808     85.40359
       295    167.9618    766.2763      16939.1     307.2632  14.4278   0.0197     3.51    0.068   2.33   0      81.72     5650.997     92.98922
       296     52.5493    763.0882     131229.5     475.6088  12.2049   0.0039     3.51    0.280   5.45   2      381.4     42008.08     158.4432
       297    428.2122    764.9184     5465.696     365.8398  15.6559   0.0727     5.45    0.286  65.45   0      24.31     1289.375     81.63602
       298    372.6831    764.4566     19168.49     422.7304  14.2935   0.0239     3.65    0.140  -7.07   0      80.99     5324.298     91.81402
       299    313.2798    762.1138     5430.697     369.3216  15.6629   0.0739     4.93    0.195  36.33   2      25.79     1567.624     81.98923
       300    307.9827    759.9396     3343.669     316.6232  16.1894   0.1028     4.19    0.238  27.71   3      15.33     879.1887     80.48597
       301     87.7708    762.3718     4021.971     310.2676  15.9889   0.0838     3.61    0.192  19.76   0      22.23     1438.413     82.46737
       302     74.4008    761.8638     5391.989     307.1044  15.6706   0.0619     3.64    0.150  -0.08   0      29.46     1876.152     83.66504
       303    342.7283    761.0757     5799.936     389.8971  15.5914   0.0730     3.90    0.181  24.86   0      23.61     1456.567     81.68081
       304     97.1663    760.1509     11622.72     421.7187  14.8367   0.0394     3.63    0.110  15.41   2      47.57     3135.337     86.62283
       305    999.4410    760.8099      2317.12     181.1593  16.5876   0.0849     3.30    0.265   3.30   0      15.74     1045.679     81.58855
       306    895.0748    759.0428     5807.687     268.6641  15.5900   0.0502     3.63    0.114  49.76   0      32.51     2140.627     83.97245
       307    407.1969    759.0446     5437.868     352.6788  15.6614   0.0704     3.51    0.022  34.53   0      25.86     1618.923     82.96335
       308     19.5971    755.4191     25627.45     349.8551  13.9782   0.0148     3.59    0.078  17.08   2      114.5     8165.276     98.94366
       309     19.8992    747.6582     4656.453     349.7286  15.8299   0.0816     5.07    0.092 -34.80   3      20.53     1089.583     80.44006
       310    562.2487    756.2223     5982.662     340.6534  15.5578   0.0618     4.64    0.241  25.87   0      30.64     1821.057     83.51524
       311    372.2909    755.3727     7168.815     411.0401  15.3614   0.0623     4.19    0.036  73.24   0      27.11     1669.239     82.06145
       312    415.9737    752.8400     8162.985     367.5117  15.2204   0.0489     3.74    0.040  49.48   0      42.93     2803.681      86.1478
       313    230.0986    751.7332     42700.67      359.584  13.4239   0.0091     3.40    0.101  -2.28   0      173.8     13891.08     110.8578
       314    284.6100    745.8585     308027.3     553.6843  11.2785   0.0020     3.49    0.066  -9.57   0      638.2     98906.88     225.9875
       315     65.8855    743.0247     5180.967     381.7443  15.7140   0.0800     4.09    0.154 -39.17   0      22.37     1347.104     81.37566
       316    650.0068    741.4263     4258.541     325.2957  15.9268   0.0830     4.32    0.267  24.15   0      20.69     1230.443     81.68227
       317    378.6064    738.8756     4416.518     379.0306  15.8873   0.0932     3.62    0.272  -2.23   2      18.09      1024.37     80.68235
       318    137.2455    737.4558     4897.137     354.7585  15.7751   0.0787     3.31    0.251  20.94   0      21.26      1395.28     82.13963
       319    110.4334    735.4333     16880.96     332.7104  14.4315   0.0214     3.55    0.032 -14.32   0      79.65     5402.522     92.75092
       320    672.5350    735.3270     6752.033     310.8832  15.4264   0.0500     3.63    0.104   3.40   0      36.14     2254.344     84.07568
       321    552.9414    744.4091     10665.77     328.4374  14.9300   0.0334     3.67    0.150  11.26   0      55.88     3735.298      88.3774
       322    164.5455    735.1334     14459.27     312.3717  14.5996   0.0235     3.62    0.117  -2.16   0      70.92     4679.817     90.58449
       323    151.9694    736.8510     2534.811     249.2137  16.4901   0.1068     4.22    0.170  83.65   0      16.18     1064.552     81.00771
       324    720.2657    735.3375     3207.476     271.2454  16.2346   0.0918     3.73    0.112 -13.63   0      20.91       1293.8     81.43777
       325    615.6832    733.6821     2499.112     234.9959  16.5055   0.1021     3.32    0.144  44.36   0      15.92     952.7454     80.26671
       326    462.7605    731.0387     4497.646     290.6249  15.8675   0.0702     3.71    0.095  -7.23   0       25.4     1580.355     82.44212
       327    408.9991    730.1278     4238.425     254.1632  15.9320   0.0651     3.86    0.121  38.82   0      25.61     1570.565     82.41513
       328     46.0450    730.7236     2957.531     286.4362  16.3227   0.1052     6.00    0.313 -27.28   0      16.77     1007.877     80.63588
       329    939.5048    729.4566     5707.861     383.1798  15.6088   0.0729     5.41    0.363  -1.32   0      22.49      1303.09     81.04104
       330    349.0799    728.5624     9416.781       331.48  15.0652   0.0382     3.54    0.110   5.00   2      46.73     3094.386     86.51531
       331    840.7894    726.6182     5906.608     387.7515  15.5717   0.0713     4.68    0.060  29.88   3      22.11     1232.903     81.47865
       332    844.8789    724.2184     7297.705     365.8046  15.3420   0.0544     3.81    0.151 -17.91   3       31.6     2094.124     84.05103
       333    532.1627    724.6052     29075.98     356.9317  13.8412   0.0133     3.67    0.036  -3.30   0      126.1     9178.066     101.5819
       334    123.5894    727.3926     5305.762     366.9123  15.6881   0.0751     0.00    0.504 -44.96   0      22.46     1712.077     82.80445
       335    603.9280    726.4983     4972.201     324.4736  15.7586   0.0709     3.99    0.275  -2.78   2      23.69     1317.634     80.65717
       336    155.9632    721.2067     41434.91      377.441  13.4566   0.0099     3.65    0.077  -4.25   0      170.3     13686.27     111.2118
       337     55.8764    724.0198     7169.729     249.9944  15.3612   0.0379     3.92    0.210  -2.11   0      41.26      2743.47     85.78889
       338    222.6245    720.5628     37692.41      433.566  13.5594   0.0125     3.93    0.334   3.65   0      145.1     10656.91     105.0021
       339    372.7695    720.6682     13203.01     337.8987  14.6983   0.0278     3.59    0.115  12.20   0      64.72     4256.932      89.5172
       340    573.4879    718.6019     4328.299     340.8098  15.9092   0.0855     3.86    0.167  75.40   0      22.53      1313.96     81.70444
       341    407.7309    716.4578     39756.42     402.8689  13.5015   0.0110     3.49    0.092   8.36   3      157.8     12202.06     107.8181
       342    398.6571    716.0164     17600.12     479.0612  14.3862   0.0296     5.76    0.265 -17.58   3      62.53     4122.523     89.36765
       343    195.6621    719.8823     2586.577     265.9253  16.4682   0.1117     3.74    0.274  12.26   0      14.95     909.4205     80.14394
       344    261.9105    717.9922     7382.875     322.1852  15.3294   0.0474     3.81    0.171  -9.78   0      37.77     2434.403     84.56102
       345    929.3615    716.7968     9265.628     304.3678  15.0828   0.0357     3.69    0.148 -36.38   2      43.91     2885.355       86.363
       346    594.9471    717.6713     3559.912     330.0512  16.1214   0.1007     4.23    0.142  -1.81   0       16.3     990.0504     80.58562
       347    558.5060    714.6718     13347.24     348.0077  14.6865   0.0283     3.60    0.072  12.11   0      65.29     4186.723     88.95355
       348    288.5803    715.2657     6944.564     379.4137  15.3959   0.0593     9.68    0.441 -26.76   0      29.05     1497.024     82.42067
       349   1021.8519    706.1479     224255.2      442.169  11.6231   0.0021     4.20    0.202  86.57  24      557.4     81908.98     208.2748
       350    799.3418    713.1486     10299.16     362.9644  14.9680   0.0383    11.03    0.354  15.33   0       42.2     2039.399     83.90292
       351    831.7436    715.8430     3798.366      277.987  16.0510   0.0795     3.28    0.113  -3.40   0      20.95     1350.554     82.01579
       352    894.7060    709.7947     3216.888     206.5707  16.2314   0.0697     3.53    0.038 -33.51   0      20.67     1320.013     81.72128
       353    367.5393    707.5871     14266.03     295.2727  14.6142   0.0225     3.57    0.081   2.63   0         73     4895.624     91.12433
       354    737.2188    708.9572     3313.666     246.4639  16.1992   0.0808     3.83    0.381   8.20   0      19.28     1258.779     81.97082
       355    718.2539    703.8230     43243.79     405.8904  13.4102   0.0102    11.82    0.263 -14.11   0      165.8     13028.34     109.7027
       356    476.4973    704.7836     4232.657     287.4462  15.9335   0.0738     3.30    0.150  81.98   0      24.44     1552.508     81.94733
       357    220.0484    704.9248     4862.653     313.6322  15.7828   0.0700     3.82    0.071  27.10   0         23     1428.801     81.81366
       358    112.5971    704.3762      8666.58     384.9307  15.1554   0.0482     3.73    0.079  42.84   0      39.19     2529.705     85.01897
       359    851.1322    703.1533     12916.56     402.6447  14.7221   0.0339     5.60    0.301  14.29   2      54.66     3193.882     86.77629
       360    857.3939    699.5240     8902.304     410.9542  15.1262   0.0501     7.03    0.362  84.10   3      35.19     2079.669     83.60217
       361    779.6158    703.8839     5922.972      315.762  15.5687   0.0579     3.51    0.161   8.48   0      31.82     2020.449     83.64655
       362    906.4302    702.8514     4832.587     338.6199  15.7896   0.0761     4.13    0.092  10.57   0      25.23     1553.347     82.57584
       363    829.2854    702.4514     10257.01     266.0239  14.9724   0.0282     3.51    0.119   1.33   0      58.06     3855.533     88.10331
       364    498.6791    703.1873     10761.62     323.2346  14.9203   0.0326     3.62    0.102  18.92   0      54.21     3536.448     87.66891
       365    595.5593    700.8196     2961.135     284.9366  16.3214   0.1045     1.40    0.380  -9.63   0       16.2     1194.821     81.79329
       366    206.0682    699.9189     3582.456     289.9083  16.1145   0.0879     3.63    0.198  36.86   0      19.55     1201.327      80.9675
       367    889.0389    696.3105     4108.654     310.3311  15.9658   0.0820     3.29    0.207  24.04   2      21.48     1314.858     81.28555
       368    579.2585    697.8360     5340.538     346.4758  15.6810   0.0705     3.94    0.208  15.58   0      26.55     1640.405      82.6075
       369    419.7415    696.3397     18740.91     213.1553  14.3180   0.0124     6.31    0.182 -49.23   0      163.5     15216.47     114.2962
       370    665.8793    694.7209     3839.449       215.38  16.0393   0.0609     6.85    0.184  14.91   0      23.92     1431.801      81.4012
       371    849.1649    692.4589     3737.687     217.2574  16.0685   0.0631     0.00    0.484 -26.90   0      33.74     2289.178     84.37355
       372    708.7883    691.0647      10588.4      274.248  14.9379   0.0281     3.56    0.075   2.98   0      59.01     4039.509     88.96349
       373    530.9659    691.6648     5598.697     419.4842  15.6298   0.0814     3.60    0.354  74.58   2      20.26     1153.822     81.25777
       374    986.0699    715.2582     4677.833     310.7476  15.8249   0.0721     3.71    0.139 -37.22   0      24.33      1527.28     82.29568
       375    785.1622    689.9919     3810.281     270.1658  16.0476   0.0770     3.92    0.079  57.48   0      21.14     1266.015     81.99088
       376    402.6078    685.7415     7759.708     387.7306  15.2754   0.0543     4.15    0.029 -69.91   0      34.76     2155.545     84.21695
       377    339.5780    686.4020     4292.997     300.6318  15.9181   0.0761     3.03    0.143  41.81   0      22.42     1429.285      82.0246
       378     26.2236    684.6194     5191.423     266.5366  15.7118   0.0558     3.58    0.139   8.95   0      29.52     1883.629     83.68535
       379    993.9372    685.0195     3327.703     301.3291  16.1946   0.0983     3.86    0.382   0.76   0      18.66     1198.869     81.38367
       380    215.1947    678.2736      3617.54     209.0743  16.1040   0.0628     3.97    0.332   4.10   0      23.22     1484.728     81.96887
       381    852.6525    674.7989     37024.63     364.3217  13.5788   0.0107     3.56    0.095   4.73   0        155     11930.56     107.2443
       382    785.5092    677.6781      3296.02     261.6547  16.2050   0.0862     3.67    0.018  67.73   0      18.58     1147.751     80.81697
       383    363.2825    671.8291     10561.78      403.447  14.9407   0.0415     3.78    0.112   1.01   2      47.25       3047.4     86.19281
       384    280.0113    673.8854     23304.49     412.6484  14.0814   0.0192     3.52    0.074 -19.60   2      93.17     6444.417     94.72751
       385    248.6379    677.0960     3257.671     249.8721  16.2177   0.0833     3.68    0.103  15.33   0      19.83     1225.241      80.6097
       386    149.2808    675.3410     6412.069      314.753  15.4825   0.0533     4.15    0.127 -83.78   0      29.31     1801.808     82.63584
       387    702.7932    674.2883     7881.184     273.5689  15.2585   0.0377     3.88    0.169  18.96   0      43.62     2847.095     85.86323
       388    620.0716    674.3120     4703.081     261.2359  15.8190   0.0603     3.67    0.146  13.83   0      26.13     1627.396     82.15475
       389    175.1728    674.4490     3039.721      283.489  16.2929   0.1013     2.91    0.144 -73.76   0      16.76     1045.579     81.37755
       390    979.2901    672.6143     3763.044     336.6285  16.0612   0.0971     4.03    0.191  27.80   0       17.9     1089.761     80.65373
       391    940.9460    670.0339     3849.159     262.1347  16.0366   0.0740     3.29    0.112   3.98   0      21.29     1425.661     82.01456
       392    561.1851    668.8321     7379.523     288.4392  15.3299   0.0424     3.84    0.173  -6.86   0      40.57     2631.279     85.89191
       393    809.0724    668.8941     3515.247     311.2783  16.1351   0.0962     3.26    0.185  -0.29   0      17.55     1104.759     80.69598
       394    268.9408    666.8453     10512.23     371.2812  14.9458   0.0384     4.05    0.089  -2.10   0      49.45     3135.324      86.6228
       395    787.5156    667.4548     2296.245     232.9642  16.5975   0.1102     3.05    0.016  63.85   0      15.91     1037.471     80.50625
       396    308.8499    663.3856     9527.436     462.3969  15.0526   0.0527     4.59    0.133  45.54   2      31.64     1793.696     83.23471
       397    870.7911    663.3027     6620.037     404.4173  15.4478   0.0663     4.04    0.115   2.53   0      25.26     1499.205     82.21811
       398    793.0829    664.0398     2619.492     141.6977  16.4545   0.0587     0.00    0.174  28.23   0      54.15     2299.119     83.99245
       399    581.2741    662.8047     8933.281     372.6246  15.1225   0.0453     4.07    0.219  -6.35   0      43.85     2686.476     85.43703
       400    495.1575    661.9861     4438.915     289.0979  15.8818   0.0707     3.47    0.074  61.65   0      24.57     1619.013     82.96359
       401    319.2895    662.4113     5421.215     351.4488  15.6648   0.0704     3.77    0.247  12.79   0      24.82     1524.511     81.86964
       402    895.7125    661.1483     3982.962     257.2933  15.9995   0.0702     3.50    0.130  38.99   0      22.89     1424.869     81.59256
       403    734.8022    661.0431     5253.185     389.5783  15.6989   0.0805     5.02    0.187  18.37   0      21.27      1140.23     81.64146
       404    624.7277    661.5842     3190.798     269.6442  16.2403   0.0918     3.51    0.014  75.19   0      19.05       1208.1     81.62008
       405    430.2758    660.8194     5653.058     360.0435  15.6193   0.0692     3.83    0.177   6.20   0      26.66       1677.9     82.91793
       406    397.7495    660.2834      4850.54     266.2458  15.7855   0.0596     3.39    0.088  32.27   0      28.96      1864.43     82.80789
       407    950.1420    656.9882     6043.603     350.6289  15.5468   0.0630     5.48    0.330  52.60   0      27.19      1515.16     82.47066
       408    824.8843    655.3625     54020.16     429.2323  13.1686   0.0086     9.29    0.134  -9.79   0      200.4     15969.99     115.1901
       409    421.0155    657.7286     4505.945     270.7504  15.8655   0.0653     3.54    0.078  22.46   0      26.18     1719.804     83.03271
       410    794.6488    654.2816     21442.96     333.2458  14.1718   0.0169     3.63    0.096  -2.15   0      101.2     7000.196     95.87276
       411    107.8796    656.2845     3379.206     313.9258  16.1780   0.1009     5.74    0.310 -27.52   0      16.31     888.4868     80.08456
       412     26.9747    655.1141     5015.762     145.4904  15.7492   0.0315     4.47    0.149 -71.20   0       82.9      4472.86     89.68164
       413    635.2820    653.2680     5184.546     368.0055  15.7132   0.0771     7.01    0.279  57.99   0      23.07     1321.217     81.30333
       414    356.1876    654.4997     3589.917     353.9201  16.1123   0.1071     4.04    0.304  26.17   0      15.49     843.0134     80.38376
       415    621.5975    650.5186     24029.77     383.9637  14.0481   0.0174     3.49    0.104  -0.17   0      108.1     7759.119     98.18133
       416    597.3719    649.1599     48438.24     364.3723  13.2870   0.0082     3.59    0.055   9.98   0      192.2     15868.93     115.5863
       417    143.2842    651.5507     10722.51       331.08  14.9243   0.0335     3.75    0.143  21.43   0       53.9     3473.554     87.11237
       418     66.7769    652.1473      3847.97     239.9025  16.0369   0.0677     3.52    0.127  47.06   0       22.6     1412.516     82.18731
       419    432.9491    651.2073     4193.616     329.1859  15.9435   0.0852     3.60    0.141  23.02   0      21.08     1373.463     82.07925
       420    804.1690    645.7894     5939.276     400.8346  15.5657   0.0733     3.96    0.219  57.28   2      22.86     1195.111      81.7941
       421    647.2347    646.9755     33032.24     400.1318  13.7027   0.0132     3.57    0.087 -10.27   0      138.1     10544.34     104.5941
       422    236.0206    649.9686     2552.465     267.5057  16.4826   0.1138     5.24    0.312   1.46   0      14.64     876.1235     80.90291
       423    165.7838    649.6496     3355.511     302.7712  16.1856   0.0980     3.01    0.185  23.75   0      17.66     1180.453     81.75336
       424     19.6875    642.2416     11438.12     470.6884  14.8541   0.0447     4.02    0.075 -11.65   2      38.98     2534.708     84.62753
       425    842.9958    641.7365     44168.37     361.6992  13.3872   0.0089     3.57    0.062  -5.17   0      178.4     14427.07     112.5631
       426    489.8402    642.7479      5015.22      248.028  15.7493   0.0537     6.29    0.433 -78.80   0      44.64     2979.376     86.41159
       427    995.2519    641.7589     7114.085     438.3027  15.3697   0.0669     6.69    0.415  86.10   0      25.52     1226.662     81.67175
       428    959.5330    642.8498     6547.735      354.606  15.4598   0.0588     3.48    0.122 -17.96   0       34.6     2229.385     84.21233
       429    711.4446    640.7108     12031.83     322.7994  14.7992   0.0291     5.76    0.273 -40.02   0      51.93     2574.945     84.73552
       430    206.9374    641.4568     7272.565     269.9005  15.3458   0.0403     3.67    0.132   7.58   0      42.14     2782.284     85.89165
       431    124.0628    638.4229     15703.91     321.3923  14.5100   0.0222     3.42    0.079  -9.51   0      79.61     5580.778     93.00225
       432    271.2629    638.6207     15091.23      316.921  14.5532   0.0228     3.50    0.085   4.00   0      76.37     5211.923     91.90983
       433     68.5814    631.8738     7085.455     319.2978  15.3741   0.0489     3.56    0.038  11.55   0       37.5     2407.558     84.89433
       434    200.1824    631.7923     7702.901     427.7068  15.2834   0.0603     8.02    0.319 -66.22   2      30.19     1393.957     81.92666
       435    566.4960    639.4634     9797.327     353.0536  15.0222   0.0391     3.65    0.088   5.51   0      47.61     2996.807     85.85955
       436    436.1906    629.0698     3548.409     318.1224  16.1249   0.0974     3.30    0.086 -22.64   0      20.16     1270.435     81.58327
       437    350.3246    626.8157      42883.8     416.1354  13.4193   0.0105    11.53    0.067  38.91   0      166.2     12708.37     109.0378
       438    310.9416    625.5950     43581.95     383.2385  13.4017   0.0095    11.26    0.079 -52.20   0      170.2     12208.17     107.9901
       439    691.4094    627.8632      4858.47     308.1057  15.7838   0.0689     3.57    0.283  28.70   0      25.73     1638.544     82.60238
       440    624.9460    628.1747     5475.647     282.4114  15.6539   0.0560     3.52    0.049  34.01   0      31.43     2023.245     83.65415
       441     55.4795    628.3541     3767.161     371.7767  16.0600   0.1072     7.05    0.520  32.99   0      15.41     651.9318     79.62633
       442   1018.6926    627.9189     2884.869     278.7832  16.3497   0.1049     3.70    0.245  13.64  16      16.14     994.4343     80.59798
       443    473.4691    626.6684     4355.948     344.5859  15.9023   0.0859     3.89    0.217  82.80   0      20.48      1151.45     81.03954
       444    252.2849    628.0372     3385.169     305.6157  16.1760   0.0980     3.60    0.339   1.23   0      17.26     1108.425     80.70631
       445    338.5028    626.5645      4729.69     372.3646  15.8129   0.0855     3.91    0.038  24.12   1      18.07     953.1345     79.83883
       446    824.1949    623.9554     10399.84     324.3065  14.9574   0.0339     3.52    0.095  13.24   0      55.41     3727.729     88.35793
       447    779.4278    625.4422     3246.474     312.4588  16.2215   0.1045     3.80    0.126  45.51   0       16.9     1017.319     81.29858
       448    926.9565    619.1353     10944.23     462.1648  14.9020   0.0459     4.43    0.121 -82.72   2      41.28     2548.935     85.07037
       449    605.9693    624.2346     5069.918     301.2186  15.7375   0.0645     3.75    0.111  -3.12   0      26.58     1708.315     83.20787
       450    187.4280    623.7959     4500.558     235.1048  15.8668   0.0567     7.39    0.273  47.23   0      25.34     1537.383     82.73967
       451     33.9693    624.8866     3094.947      280.489  16.2734   0.0984     3.05    0.149  -2.49   0      17.31     1130.549      80.9809
       452    742.9816    623.3165      4358.52     309.1285  15.9017   0.0770     3.81    0.202   3.86   0      21.56     1367.647     81.85364
       453    306.1053    642.4910     105358.6     433.3935  12.4433   0.0045     3.48    0.076   5.46   0      329.4        33384     145.6659
       454    592.2747    619.6636     26515.36     374.1293  13.9413   0.0153     3.78    0.185   8.31   0      114.6     7927.014     98.39486
       455    338.2669    619.3646     8822.109     423.2602  15.1361   0.0521     6.84    0.456  23.93   1      34.47     2037.336     83.69243
       456    320.8737    620.8519     6728.205     353.5094  15.4303   0.0571     3.87    0.101 -14.23   0      30.86     1941.931     83.22689
       457    915.7501    619.1361     9598.702     436.6498  15.0445   0.0494     3.84    0.106 -11.03   0       34.6     2271.505     84.32594
       458    363.2862    620.5055     3009.636     310.9089  16.3037   0.1122     3.58    0.047  55.47   0      16.46     1047.116      80.7464
       459    133.4371    619.9779     6660.246     349.8034  15.4413   0.0570     3.67    0.102  -3.17   0      31.78     2040.436     84.31402
       460    752.8923    620.9011     8657.202     336.1068  15.1566   0.0422     4.10    0.202   4.28   0      45.62     3023.617     85.73045
       461    158.0014    611.6686     100438.1      442.601  12.4953   0.0048     4.00    0.071 -85.24   0      313.3     31297.54     142.6144
       462    476.3345    615.7151     7363.503     319.4956  15.3323   0.0471     3.79    0.074  35.88   0      39.96     2455.107     84.41348
       463    520.6013    610.5806     96978.01     430.9729  12.5333   0.0048     3.50    0.030  11.85   0      310.2     30535.46     141.2732
       464    298.3445    607.7660     39093.61     369.1156  13.5197   0.0103     6.29    0.029  -9.96   0      160.6     12572.84     108.4387
       465    895.4056    608.5181     3396.016     241.2599  16.1726   0.0772     2.91    0.010 -72.28   0      21.57     1373.495     82.07933
       466    397.8907    605.9719     38472.44     368.7329  13.5371   0.0104     3.56    0.125  -7.22   0      159.7     12439.35     107.8406
       467    983.9672    606.8087     1918.533     217.3302  16.7926   0.1230     2.15    0.163 -86.40   0      15.26     1041.855     81.36715
       468     96.5676    605.6639     4812.642     325.6826  15.7940   0.0735     3.86    0.066  11.62   0      23.91     1460.098     82.10993
       469     67.6765    601.4211     78170.82      397.871  12.7674   0.0055     3.47    0.067   6.07   0      270.9     25512.42     133.0761
       470    451.7170    602.1646     6395.177     344.6851  15.4854   0.0585     3.87    0.075   5.87   0      31.39     1922.588     83.17405
       471    601.8773    602.1671     4934.272      369.016  15.7669   0.0812     3.66    0.145  45.49   0      21.09     1290.707     81.63973
       472    465.3675    602.3303     5022.825     269.5963  15.7476   0.0583     0.00    0.284 -23.68   0       35.6      2562.84     85.10751
       473    204.1241    601.5333     5911.837     307.4889  15.5707   0.0565     3.77    0.268 -11.59   2      29.46     1839.574     82.94691
       474    325.8102    601.2311     2707.629     275.5403  16.4185   0.1105     3.75    0.056  39.03   0      15.98     994.0269     81.23344
       475    965.8108    600.0027     3755.103     213.2877  16.0634   0.0617     3.50    0.111   0.24   0       23.8     1521.407     82.27946
       476    990.6115    599.1503     6246.788     317.3505  15.5109   0.0552     3.65    0.160  14.84   0       33.1     2128.567     84.14411
       477    416.0783    599.0030      6992.23      430.332  15.3885   0.0668     8.92    0.478  -6.05   0      27.62      1233.45     81.48018
       478    473.3224    598.2390     3802.282     324.9767  16.0499   0.0928     3.65    0.159   4.21   0      18.99     1148.458     81.24277
       479    426.5110    613.9172     2447.065     185.9967  16.5284   0.0825     4.07    0.128 -10.27   0      15.83     951.0581     80.47558
       480    354.1289    595.2406     10346.93     355.8283  14.9630   0.0373     3.84    0.025  -1.26   0      50.01     3238.723     86.89365
       481    108.7242    595.5274     4193.644     291.8615  15.9435   0.0756     3.99    0.028  64.06   0      22.87     1428.114      81.6016
       482     54.8034    594.5115     15445.67     392.2099  14.5280   0.0276     3.68    0.028  47.07   3      71.18     4731.467     90.71399
       483     55.0632    585.7626     18340.65     378.3188  14.3415   0.0224     3.45    0.072 -11.98   2      84.19     5892.353     93.57726
       484    866.5736    592.7504     31377.09     373.6402  13.7585   0.0129     3.68    0.182   2.65   0      130.7     9498.815     102.2971
       485    929.1039    594.7115     3408.488     269.8276  16.1686   0.0860     3.12    0.184  12.99   0      20.19     1301.235     81.24745
       486    613.5155    594.3763     3253.263     283.6602  16.2192   0.0947     5.99    0.291  20.55   0      17.87     953.1341     80.26781
       487    836.0590    591.4258     9456.916     322.3159  15.0606   0.0370     3.63    0.102  15.39   0      49.17     3217.222      86.8374
       488    579.9995    593.0074     2757.554     138.8613  16.3987   0.0547     0.00    0.008  51.24   2      60.99     2855.683     85.88596
       489    476.7587    590.5921      8511.31      471.099  15.1750   0.0601     4.66    0.229  18.46   2      27.95     1692.953      83.1659
       490    473.4883    587.5000     5194.024     327.2629  15.7112   0.0684     4.07    0.183   8.93   3      23.56      1347.61      81.1658
       491    204.7439    587.7634      5893.08     364.9308  15.5741   0.0673     7.91    0.341 -68.94   0      26.93     1443.783     82.06477
       492    612.4810    586.4703     3248.987     302.6912  16.2206   0.1012     3.67    0.035   4.49   0      18.07     1087.405     80.64709
       493    458.4111    586.0092     6595.406     321.6293  15.4519   0.0530     3.44    0.140   2.18   0      33.56     2205.308     84.14733
       494    173.7863    594.8427     4723.927     284.8361  15.8142   0.0655     3.73    0.090 -25.61   0      26.25     1670.665     83.10497
       495    401.2401    583.8822     7447.374     484.9608  15.3200   0.0707     6.21    0.272 -33.50   0      22.84     1242.165     81.08205
       496    787.6880    581.7100     13417.18     357.7839  14.6808   0.0290     3.94    0.280  22.46   0      62.19     3983.665     88.62717
       497     21.8611    580.7238     35896.23     378.6532  13.6124   0.0115     3.48    0.094   5.90   0      150.3     11487.16     106.1389
       498    641.6241    583.7094     3236.228     286.6573  16.2249   0.0962     3.33    0.132  45.85   0      17.84     1102.631     80.47691
       499    697.5658    579.6937     6662.936     313.5681  15.4408   0.0511     3.80    0.093  24.54   0      35.82      2238.88     83.41863
       500    675.9284    576.9026     50600.23     369.2228  13.2396   0.0079     3.54    0.084   4.38   0      197.2     16127.67     115.2031
       501    933.1889    579.7712     2670.064     262.7493  16.4337   0.1069     4.55    0.266  46.15   0       16.4     974.3671     80.96664
       502    809.4053    579.1940     3316.592      241.185  16.1983   0.0790     4.09    0.177   2.94   0       19.6     1224.766     81.45595
       503    639.8289    578.3733     4473.802     330.6799  15.8733   0.0803     3.76    0.198  20.94   1      20.43     1272.407     82.00859
       504    486.8262    578.6490     3161.647     309.6367  16.2502   0.1064     4.59    0.226  27.42   0      16.65     984.5748       81.207
       505    202.8379    578.6290     3423.485     283.7965  16.1638   0.0900     3.47    0.184 -14.30   0      19.99     1224.036     81.66444
       506    909.2013    577.6697     2898.503     286.3894  16.3446   0.1073     3.31    0.189 -24.11   0      16.52     1020.036     80.88271
       507    840.5609    576.3726     5662.825     337.9087  15.6174   0.0648     4.30    0.140  22.77   0      27.35     1681.394      83.1343
       508    396.2070    576.9551     3127.402      310.995  16.2620   0.1080     4.65    0.176   0.24   0      14.34     865.6112     80.87337
       509    744.6976    575.1170     3759.101      310.075  16.0623   0.0896     3.67    0.260   5.87   0      19.07     1196.839      80.9549
       510    638.5776    573.2647     4172.457     287.3986  15.9490   0.0748     7.58    0.533 -22.53   0      21.83     979.9179     80.98221
       511    254.3900    572.5215     8594.074     341.1352  15.1645   0.0431     4.31    0.166 -20.99   0      40.77     2572.031     85.13204
       512    532.7512    570.9829     8482.356     339.7998  15.1787   0.0435     3.42    0.168   0.17   0      41.89     2735.417     85.96751
       513    313.1851    566.7426     80786.19     403.6387  12.7317   0.0054     3.49    0.074  -3.12   0      276.5     26071.28     134.0272
       514    208.0455    570.5685     6120.692     407.3106  15.5330   0.0723     4.38    0.260  17.09   2       23.8     1451.625     82.50377
       515    980.7886    569.1479     4084.135     297.6029  15.9722   0.0791     3.81    0.157  47.38   0      23.29     1501.245     82.43231
       516    847.9536    566.7263      17867.6     362.9728  14.3698   0.0221     3.72    0.071  -2.25   0      83.63     5750.608     93.23236
       517    656.9229    567.9738     5653.826     345.4408  15.6191   0.0664     3.69    0.195  41.27   0       27.9     1791.997     83.02352
       518    817.8801    567.2094     2395.982     219.7908  16.5513   0.0996     3.59    0.042  24.23   0       15.8     1001.305     80.83006
       519    741.3202    564.0505     4311.401     342.0558  15.9135   0.0862     3.82    0.146  37.69   0      22.23     1397.502      81.5163
       520    519.4546    581.2328     2496.352     276.9205  16.5067   0.1205     4.97    0.282  -0.08   0      14.03     883.6042     80.28485
       521    476.4115    562.0488     3478.268     308.4806  16.1466   0.0963     4.53    0.034  14.85   0      17.75     1074.524     81.45835
       522    417.4254    562.9609     2982.878     302.4914  16.3134   0.1101     3.05    0.261   2.20   0      15.52     935.5736     81.06974
       523    271.3487    561.9539     2616.615      262.703  16.4557   0.1090     4.37    0.269 -15.34   1      15.16     968.7319     80.95081
       524    125.5181    560.7014     3224.427     304.0877  16.2289   0.1024     3.67    0.032  17.72   0      17.56     1064.484     80.36911
       525    648.7339    557.9112     10627.72     296.8295  14.9339   0.0303     3.65    0.103  31.65   0      56.75     3706.221      87.7173
       526     39.5220    558.7097      7191.52     392.8987  15.3579   0.0593     7.73    0.409 -11.00   0      30.77     1367.012     81.43124
       527    402.0926    557.6978     2503.871     280.0096  16.5035   0.1214     5.95    0.501 -78.77   0      13.66     741.8044     79.45138
       528    954.3281    556.2780     3214.846      301.244  16.2321   0.1018     3.41    0.154  39.25   0      17.53     1096.275     80.67208
       529    894.9908    552.4857     2386.713     264.1342  16.5555   0.1202     4.57    0.318  12.82   3      13.77     789.5352     80.01812
       530    889.5935    553.3552     7909.701     442.6116  15.2546   0.0608     3.99    0.144  25.06   2      25.37     1481.794     82.37866
       531    292.6151    554.8777     16941.79     323.5957  14.4276   0.0207     3.43    0.083  -6.27   0      82.31     5717.701     93.33625
       532    453.2287    553.1402     4183.265     232.9625  15.9462   0.0605     3.75    0.067  62.74   0      24.95     1608.695     82.52021
       533     95.6783    552.6424     5206.137     260.0276  15.7087   0.0542     3.54    0.176  39.68   0      30.18     1900.451     83.31988
       534   1011.3103    551.6499       7475.2     288.5146  15.3159   0.0419     3.87    0.075  -8.01   0      39.31     2379.267     84.20905
       535    989.1996    548.3042     5814.469     434.6757  15.5887   0.0812     4.98    0.039 -75.72   2      19.75       1006.8     80.84551
       536    657.5799    551.8107     7772.658     414.4925  15.2736   0.0579     3.90    0.107  -1.82   1      30.48     1851.771     83.18698
       537    483.1475    552.1266      4855.49     325.7125  15.7844   0.0729     3.68    0.077  37.35   0      24.08     1474.979     81.94183
       538    311.6485    546.2778     4695.292     330.8321  15.8208   0.0765     5.03    0.081 -24.72   0      24.89     1334.605     81.55157
       539    268.8167    546.8926     8148.637     363.9818  15.2223   0.0485     4.46    0.115  15.50   3      41.16     2668.564     84.98624
       540    269.9785    539.7471     8840.908     316.5019  15.1338   0.0389     3.69    0.031 -53.64   3      44.99      2858.49     86.09306
       541    258.8896    546.6011     3929.328      327.696  16.0142   0.0906     4.24    0.234  11.35   0      18.92     1121.892     81.16841
       542    170.0228    546.5896     2412.683     192.7556  16.5437   0.0868     3.84    0.027   4.91   0      16.05     1013.251     81.07571
       543    659.6320    545.4119     5375.379     376.1974  15.6740   0.0760     2.96    0.120  40.83   1      18.55     1178.839     81.95864
       544    531.7877    544.6729     3723.668     294.4259  16.0726   0.0859     4.12    0.213  53.36   0      20.35     1274.139     81.80376
       545    485.6892    545.9063     5009.883     184.5065  15.7504   0.0400     5.18    0.317  17.46   0      66.47     3634.225     87.72651
       546    868.0721    544.7082     3042.643     296.8065  16.2919   0.1059     4.04    0.163   4.34   0      16.78     972.8685     80.32367
       547    129.2612    543.6105     8184.711     297.8495  15.2175   0.0395     8.83    0.187  -1.54   0      42.51     2719.073     85.72423
       548    949.9206    540.9070     13362.81     379.8639  14.6853   0.0309     4.93    0.258  51.72   0      57.96     3352.676     86.99404
       549    225.3879    541.9425     3802.474     273.3186  16.0498   0.0781     3.23    0.030 -83.27   0      21.15     1360.824     82.04424
       550     36.5270    539.7114     50801.45     386.3868  13.2353   0.0083     3.58    0.070 -10.47   0      195.3     15713.08     114.6821
       551    440.3247    538.5364     12346.58     361.8795  14.7711   0.0318     5.07    0.096  12.72   0       58.1     3749.662     88.21991
       552    144.0352    540.5129     2892.224     186.5399  16.3469   0.0700     3.89    0.131   3.07   0      18.33     1108.032      80.7052
       553    791.7935    533.6563     181183.5     572.6207  11.8547   0.0034     5.11    0.199  75.20   0      439.8     41186.57     157.5876
       554    646.4359    533.6253     10488.44     429.1844  14.9482   0.0444    10.60    0.405  74.69   0      41.75     2439.655     85.18202
       555    383.9005    529.7364     22251.73     407.8799  14.1316   0.0199     3.84    0.220  85.98   0      94.65     6414.582      94.2924
       556    997.4125    533.8148      17070.6     383.1977  14.4194   0.0244     3.69    0.084  -3.23   0       77.5     5242.505     91.98542
       557    714.3176    534.4915     3071.752     259.8128  16.2815   0.0919     0.00    0.443  32.09   0      20.68     1487.284     81.97596
       558    420.1284    534.4952     5581.691     418.4504  15.6331   0.0814     4.31    0.201  -0.99   0       18.8     932.8987     79.99614
       559    396.1161    534.2156     2705.142     259.4919  16.4195   0.1042     4.36    0.233  10.72   0      16.78     1004.125     80.83799
       560    124.6166    530.3859     55038.63     379.9376  13.1483   0.0075     3.55    0.087   3.62   0      210.5     17643.05     118.7347
       561    627.3395    529.7095     21500.85     422.9688  14.1689   0.0214     4.10    0.256 -86.13   0      89.93     5802.799     92.99094
       562    672.3893    528.2527     8385.878     190.8815  15.1911   0.0247     0.00    0.403  33.55   0      102.1     7011.742     96.43577
       563    575.0880    526.9422     12587.07     468.5021  14.7502   0.0404     6.62    0.327 -75.24   0      45.74     2140.009     83.56081
       564    481.2041    526.2869     27094.71     417.8242  13.9178   0.0167     4.16    0.154 -61.65   0        110      7229.54     96.94769
       565    174.7165    528.4832     1743.619     146.2777  16.8964   0.0911     1.42    0.220  89.66   0      21.57      1408.16     81.75629
       566    703.7183    525.3995     8279.171     275.4622  15.2050   0.0361     3.51    0.122 -17.78   2      41.29     2661.981     85.57273
       567   1018.7709    525.0006     4863.264     218.4317  15.7827   0.0488     3.50    0.149 -10.40  16      29.53     1945.982     83.85452
       568    990.9171    524.1818     7823.611     364.9569  15.2665   0.0507     7.46    0.356 -82.61   0      30.36     1501.763     82.22518
       569    955.4796    525.5207     2764.933     296.5938  16.3958   0.1165     3.05    0.028  15.31   0      15.86     1002.277       80.193
       570     87.6430    524.1950     4925.799     357.1886  15.7688   0.0788     3.57    0.046 -24.27   0      22.83     1446.281     82.48904
       571    423.3069    522.0970     4199.794     262.4385  15.9419   0.0679     3.29    0.058 -54.54   0      23.95     1532.293     81.89124
       572    359.6683    520.5600     3081.334     271.1397  16.2782   0.0956     4.24    0.275  34.29   0      17.75     1050.515     80.96831
       573    233.5384    507.8987      1031346     835.9894   9.9665   0.0009     3.57    0.122   1.46   0       1231     316933.4     387.3891
       574    675.3474    519.9602     3790.489     358.8659  16.0533   0.1028     5.58    0.228  33.62   0      15.93     865.7083     80.66105
       575    896.4858    516.5690     17031.87     412.3143  14.4218   0.0263     4.93    0.279  28.10   0      73.78     4428.331     89.76022
       576    861.8221    517.7498     3972.466     346.8172  16.0023   0.0948     6.58    0.281  53.39   0      17.61      1015.14      81.2925
       577    953.2081    515.0328     2819.906     281.7935  16.3744   0.1085     3.38    0.197  -3.63   0      15.05     906.7579     80.98892
       578    503.8585    514.4421     2727.926      275.557  16.4104   0.1097     3.96    0.118 -16.96   0      17.24     1033.932     80.92175
       579    800.5944    513.1379     4593.412     344.7425  15.8447   0.0815     3.30    0.065 -74.86   0      19.39     1251.321     81.74034
       580    774.2304    508.0537      83212.6     474.3232  12.6995   0.0062     4.45    0.169 -38.16   0      267.1     22176.88     127.1171
       581    652.1755    513.0807     2418.065     264.1612  16.5413   0.1186     3.75    0.196  -2.31   0      14.07      858.945     80.42879
       582    478.6279    509.8347     8537.432     360.6714  15.1717   0.0459     3.74    0.079   6.10   0      41.12     2622.228     85.66776
       583    811.0093    508.5138     8390.925     422.0127  15.1905   0.0546     3.95    0.174  28.28   2      35.46     1374.805     81.66352
       584    758.0670    537.1904     3595.535     288.4341  16.1106   0.0871     3.79    0.102  60.19   0      20.83     1275.305     81.59684
       585      9.5489    509.6706       5019.9      327.142  15.7483   0.0708     5.43    0.314   0.73  16      25.91     1557.893     82.17148
       586    679.4570    507.4338     12800.66     298.4886  14.7319   0.0253     3.74    0.092   3.55   0      65.48     4319.245     89.67526
       587     63.3830    507.1003     2811.689     290.7834  16.3776   0.1123     4.86    0.224  48.93   0      15.33     881.9667     80.06605
       588    306.1521    504.6757     22446.26     283.9048  14.1221   0.0137     0.00    0.131  16.05   0      127.8     11913.84     107.0486
       589    627.9228    504.8632     3053.785     210.5098  16.2879   0.0749     4.41    0.307  37.57   0      18.72     1179.714     81.11876
       590    319.0965    504.6234     8360.642     379.1305  15.1944   0.0492     3.97    0.092  16.94   0      40.17     2485.375     84.29148
       591    119.0426    503.4223     8339.834     443.8007  15.1971   0.0578    10.18    0.463  36.09   0      29.89     1146.004     81.65754
       592    701.4116    503.4893      5707.32     395.3104  15.6089   0.0752     4.41    0.292  -0.93   0      21.68     1264.166     81.14369
       593    320.2099    516.4087      4856.35     383.7945  15.7842   0.0858     4.09    0.038 -37.19   2      20.79     1197.737      81.3805
       594    510.5471    500.9430      6698.48     325.6805  15.4351   0.0528     3.81    0.145   2.80   0      34.05     2206.287     84.55708
       595    350.2761    500.6114     7405.431     304.3891  15.3261   0.0446     8.79    0.274  33.83   0      36.39     2090.473      83.8366
       596    460.6846    500.4351      3509.15     248.3784  16.1370   0.0769     3.54    0.179   1.15   0       21.7     1394.316      81.7178
       597    174.4678    496.7667     17985.03     320.3323  14.3627   0.0193     3.60    0.098  16.62   0      87.22     5927.117     93.66165
       598    290.8276    494.6210     12315.43     455.3585  14.7739   0.0402     5.64    0.293  60.42   0      48.58     2945.174     86.52027
       599     83.6015    496.3886     2936.309     284.9167  16.3305   0.1054     4.05    0.130 -35.60   0      17.29     1053.601     80.97697
       600    479.3790    494.6691     4662.292     245.9653  15.8285   0.0573     7.98    0.334 -34.40   0       26.3     1573.489     82.63125
       601     66.7256    493.8952     22794.57     417.5399  14.1054   0.0199    10.11    0.105  33.18   0      94.81      6026.18     93.35154
       602    961.4460    493.4585     4614.241     270.8412  15.8397   0.0637     6.96    0.441  17.19   0      25.71     1520.414     82.27671
       603    214.9558    493.6446     12522.66     184.4545  14.7558   0.0160     5.65    0.336  75.66   0        135     10462.57     104.0868
       604    829.3367    490.8860     4869.559       372.45  15.7813   0.0831     4.65    0.204  -2.01   0      21.61     1207.403     80.98455
       605    941.5507    488.1817     15156.64     318.3193  14.5485   0.0228     3.59    0.109  10.82   0      73.63     5002.255     91.76488
       606    186.8510    489.2719     6497.944     399.0053  15.4681   0.0667     3.95    0.072   5.68   0      28.54     1812.949     82.87392
       607    450.1579    486.5239     4215.444      303.416  15.9379   0.0782     3.99    0.146  -2.21   0       24.9     1569.207     82.41138
       608    396.4699    485.0009      6271.02     423.9183  15.5067   0.0734     7.52    0.190 -41.96   2      23.33     1235.117     81.48483
       609    591.2836    485.8884     2875.397     287.8661  16.3533   0.1087     3.38    0.190  34.74   0      15.78     975.4464     80.54443
       610    283.8119    483.5703     7581.299     368.3191  15.3006   0.0528     3.63    0.039  38.10   0      37.99     2483.519     85.09743
       611    739.2111    480.5548     12418.24     319.0603  14.7649   0.0279     3.53    0.075   1.59   2      56.17     3653.287     88.36078
       612   1016.2171    478.3708     3123.981     302.5974  16.2632   0.1052     3.21    0.204  56.87   0      16.04     1012.141     81.28411
       613    618.8878    476.0701     4632.643     353.3764  15.8354   0.0828     8.06    0.453 -72.46   0      23.33      1341.34     81.35957
       614    666.5557    474.4349     5313.074     251.7346  15.6866   0.0515     8.19    0.281  19.04   0      28.77     1583.506      82.6588
       615    300.6757    475.0964     6816.208     363.1488  15.4161   0.0579     7.97    0.130  31.84   0      33.88     2097.556     83.44527
       616    272.8167    475.3958     3478.097     335.1578  16.1466   0.1046     4.57    0.095  28.35   0      15.58     975.5444      80.7576
       617    836.0490    474.1122     4151.361     330.4583  15.9545   0.0864     3.50    0.082 -19.45   0      20.33     1220.214      81.0205
       618    981.5731    471.7411     4399.953     265.8609  15.8914   0.0656     3.88    0.073 -26.75   0      24.74     1525.038     82.49788
       619    326.0654    472.7943     6476.993     429.0605  15.4716   0.0719     4.19    0.233  -5.42   0      23.75      1165.23     81.28967
       620    340.0640    466.1119     27642.73     468.4757  13.8960   0.0184     3.56    0.099 -12.91   2      105.1     7479.892     97.00324
       621    853.3765    466.5936     30478.29     356.6218  13.7900   0.0127     3.58    0.085   9.50   0        133      9780.69     102.7544
       622    134.8463    466.4183     25407.78      361.779  13.9876   0.0155     3.45    0.047  19.08   3      113.3     8219.206     99.41351
       623    133.8448    458.2143     13397.57     431.7177  14.6824   0.0350     5.77    0.148 -23.84   3      56.98     3657.744     88.37225
       624     88.4588    466.5477     21340.52     365.1409  14.1770   0.0186     3.60    0.102  -4.26   0      98.23     6764.645     95.85165
       625     23.8206    465.8734     9470.938     478.7887  15.0590   0.0549     4.14    0.137 -80.02   0      27.65     1699.147     82.97615
       626      6.9556    467.0567     7219.602     363.4012  15.3537   0.0547     4.40    0.255   7.75  16         32     1926.789     83.59734
       627    380.3231    466.5811      4514.16     380.2198  15.8636   0.0915     6.83    0.391  29.88   0      17.65      903.017     80.76611
       628    256.8684    461.4647     167731.1     471.3711  11.9385   0.0031     3.56    0.073 -10.59   2        445     52492.64     172.9286
       629    248.0073    461.8331     20695.37     165.6382  14.2103   0.0087     4.49    0.119 -89.53   3      184.7      20253.7     123.9083
       630    499.2008    463.9248     4443.878     303.5871  15.8806   0.0742     3.50    0.106 -89.43   0      22.71     1398.035     81.93797
       631    192.1485    464.1071     3896.369     281.1376  16.0233   0.0784     3.80    0.039 -65.50   0      22.71     1367.831      81.2224
       632     44.8341    464.6366     2921.658     287.9026  16.3359   0.1070     3.22    0.231  55.20   0      16.02     989.2956     81.00852
       633    165.1359    463.2422     4965.612      324.469  15.7601   0.0710     3.57    0.084  35.51   0      27.16     1722.575     82.83326
       634    983.1276    460.3631      6006.62     323.8747  15.5534   0.0586     3.67    0.062  60.28   0      31.82     1994.569     83.57621
       635    800.5000    461.2542     5393.179     311.2704  15.6704   0.0627     3.48    0.115   1.88   0      30.17     1853.162     82.56927
       636    521.0143    458.4617     13968.03      257.771  14.6372   0.0200     2.30    0.364 -27.17   0      100.8     8233.737      99.1008
       637    214.5287    456.3451     8961.312     283.6936  15.1191   0.0344     9.20    0.422  28.69   0      43.92     2353.864     84.34428
       638    701.5304    469.4049     4926.147     303.9479  15.7687   0.0670     3.54    0.121   9.56   0       26.3     1623.601     82.56126
       639    868.4329    454.5563     8860.682     377.1607  15.1313   0.0462     0.27    0.164 -55.00   2      41.09     2080.807     84.01501
       640    122.9441    452.7496     6088.044     336.9229  15.5388   0.0601     6.63    0.273   2.57   0      32.34     2009.933     83.82307
       641    956.8605    452.4442     3496.117     301.4561  16.1410   0.0936     3.74    0.054  -8.73   0      18.64     1170.699     81.30495
       642    573.1178    451.5004     4435.052     314.6892  15.8828   0.0771     5.45    0.339  61.07   0      19.73     1089.798     80.44066
       643    417.8362    451.9157     5614.294     385.3586  15.6268   0.0745     4.03    0.123 -81.47   0       24.1     1485.694     81.97155
       644    656.1501    449.3695     9970.916     296.3262  15.0032   0.0323     4.13    0.207  57.77   0      48.22     3037.065     86.56319
       645    619.9053    451.4809     3848.644     298.8628  16.0367   0.0843     3.99    0.262  22.59   0         21     1286.983     81.41875
       646    594.4182    449.9732     6038.832     341.9485  15.5476   0.0615     4.51    0.259  41.88   0      29.69      1772.35     83.38259
       647     21.0478    450.5123     7615.744     314.2579  15.2957   0.0448     3.67    0.122  23.66   3       39.6     2580.476     84.75035
       648     25.1627    446.9838     19385.05     439.7662  14.2813   0.0246     4.30    0.160  -1.89   3      75.62     4743.193     91.30926
       649    383.7690    449.2235      3938.88     310.2067  16.0116   0.0855     3.67    0.195  26.05   0      20.93     1287.856     82.05139
       650    158.8863    449.0679      4809.03     329.6105  15.7949   0.0744     3.61    0.028  10.95   0      26.22     1638.074     82.18429
       651    786.4846    446.4832     5484.653     196.3443  15.6521   0.0389     6.28    0.494 -41.21   0      58.15     3648.333     87.76305
       652    606.8257    445.8240     11151.71       470.55  14.8816   0.0458     8.79    0.457  46.07   0      38.33      1650.31     83.04929
       653     68.4233    447.5397     5891.561     378.7824  15.5744   0.0698     3.24    0.013 -80.91   0      21.54     1287.373     81.63045
       654    944.9591    441.7565     4556.087     262.7469  15.8535   0.0626     3.86    0.189  47.66   0      25.63     1637.436     82.18253
       655    417.0293    437.6352       166305     481.5027  11.9477   0.0031     3.59    0.021 -69.73   0        440     52080.09     172.6841
       656    990.9437    440.9174     5128.467     411.9995  15.7250   0.0872     7.95    0.288 -51.99   0      20.23     891.0536     80.09184
       657    118.7043    440.6057     3231.861     241.1052  16.2264   0.0810     3.61    0.132 -21.07   0      19.93     1206.237     81.40424
       658    999.5664    437.1295     7188.893     427.4336  15.3583   0.0646     4.02    0.168  10.20   0      26.39     1596.791     82.48742
       659    854.2147    434.2620     2651.494      227.724  16.4413   0.0933     0.00    0.573 -54.91   0      16.88      887.956     80.51073
       660    793.7726    433.4130     9743.575     304.7245  15.0282   0.0340     5.08    0.343  27.46   0      44.19     2621.085     85.46405
       661    627.3610    430.9964     5007.493     349.9567  15.7509   0.0759     5.46    0.251  85.86   0      20.87     1124.133     81.59664
       662    719.5679    428.2689     26769.34     346.9036  13.9309   0.0141     3.62    0.110  -1.99   0      118.7     8537.809      99.7957
       663     95.7777    428.8299     3913.749     301.7708  16.0185   0.0837     4.38    0.114 -36.60   0      21.26     1288.793     82.05399
       664    930.1129    427.2242     3489.016     279.2753  16.1432   0.0869     4.39    0.117 -28.96   0      20.01     1205.521     80.97927
       665    806.8292    425.6094     6018.585     300.5084  15.5513   0.0542     3.42    0.044  -5.80   0      33.43     2164.593     84.24136
       666    234.0831    424.2675      18544.4     316.6883  14.3295   0.0185     3.68    0.058 -36.15   0      89.22     6104.813     93.72617
       667    173.2582    425.3242     7650.293     263.7875  15.2908   0.0374     3.46    0.136 -21.90   0      42.29     2730.205     85.35234
       668    479.4142    423.7294      13682.3     340.7499  14.6596   0.0270     3.55    0.077  -3.35   0      67.94     4464.593     90.23338
       669     37.7908    425.0575     4378.972     299.2658  15.8966   0.0742     6.94    0.228  52.82   0       21.7     1245.931     81.72536
       670    689.1990    424.7554     2984.154     310.8903  16.3129   0.1131     4.16    0.137   9.60   0       15.2     924.5377      81.0388
       671    277.2786    424.1317     3110.737      282.028  16.2678   0.0985     4.20    0.234  -2.02   0      17.41     1019.098     80.45436
       672    442.7346    418.1798     78460.48     406.5725  12.7634   0.0056     8.25    0.047  50.49   0      266.9     24347.41     131.0714
       673    127.7466    421.4525     3649.529     285.4851  16.0944   0.0850     3.75    0.211  18.23   0      20.23      1246.65     81.93718
       674    488.5308    420.0041     2966.711     272.6227  16.3193   0.0998     3.99    0.132 -83.23   0      18.05     1073.067     81.03159
       675    889.9867    419.9949     9805.463     149.9535  15.0213   0.0166     0.00    0.010  19.69   3      121.9     8905.356     100.6293
       676    886.4418    418.4027     1537.324     255.1239  17.0331   0.1802     4.99    0.213  36.68   3      18.19     1053.525     81.39973
       677    332.8282    416.7804     31727.75     396.1526  13.7464   0.0136     3.51    0.193  -9.19   2      125.8     9231.047     101.7004
       678    584.0604    413.8150     3661.417     318.2031  16.0909   0.0944     7.09    0.434 -23.56   0      16.94     890.1661     80.51697
       679    877.5237    411.8489     14914.04      328.763  14.5660   0.0239     3.69    0.078  11.43   0      72.45      4718.53     90.49202
       680    552.0412    410.7278     14943.33     322.1891  14.5639   0.0234     9.43    0.139 -11.00   0      72.04     4618.812      90.4313
       681     21.5635    412.3846     3882.426     321.0463  16.0272   0.0898     3.92    0.141  37.68   0      18.97     1136.132     81.84013
       682    833.4297    408.8892     6100.144     313.1599  15.5366   0.0558     8.87    0.364  73.85   0      30.57     1712.964     82.39113
       683    701.7493    410.4611     7681.194      304.595  15.2864   0.0431     3.59    0.123  22.05   0      40.84     2645.421     85.32775
       684    621.8370    408.2043     8370.761     396.8387  15.1931   0.0515     8.27    0.449 -51.23   0      30.65      1423.81     82.42712
       685    225.3588    408.3547       7842.7     412.4546  15.2638   0.0571     4.57    0.153  83.43   0      33.39     1833.569     82.93045
       686    216.0831    409.6291     4046.979      346.866  15.9822   0.0931     3.70    0.189  16.72   0         19     1084.436     80.85137
       687    916.8747    405.8248     4496.444     153.3198  15.8678   0.0370     4.82    0.199  52.46   0      67.87      3665.37     88.00249
       688   1022.0013    399.3420     117125.6     362.4427  12.3284   0.0034     4.21    0.213  85.96  24      378.9     42956.37     160.0125
       689    148.2459    396.9536     95235.01      497.612  12.5530   0.0057     6.48    0.404  24.35   0      280.1      21199.8     125.4949
       690    912.7166    416.5466     4812.666     330.9128  15.7940   0.0747     3.49    0.022  28.30   0      25.52     1560.581     81.96971
       691    224.5702    397.8590     7277.538     331.3082  15.3450   0.0494     3.63    0.055 -15.16   0      38.25     2424.054      84.5332
       692    458.0472    394.1398     48946.35     383.0594  13.2757   0.0085     3.56    0.095  -0.77   0      191.6     15801.06     115.1549
       693    645.7694    393.9089     18846.45     339.1515  14.3119   0.0195     3.57    0.098   5.10   0      89.97     6221.015      93.6415
       694    484.0006    388.9264     14741.46     443.2096  14.5786   0.0327     6.62    0.368 -88.26   0      58.84     3711.758     88.12221
       695    124.1479    392.8927     14813.42     323.4274  14.5734   0.0237     3.48    0.105 -18.28   0      73.04      4912.83     90.78977
       696    599.8158    393.3330     2883.179     177.0845  16.3503   0.0667     5.83    0.497  72.42   0      33.63     1990.661     83.56558
       697    903.0604    387.1339     3843.838     178.3132  16.0381   0.0504     0.00    0.156  73.74   0      56.41     2954.005     86.14575
       698   1006.5048    386.7301     3013.467     261.4091  16.3023   0.0942     3.64    0.039  17.50   0      18.26     1144.092     80.59392
       699    169.1672    384.6837     9547.835       274.95  15.0502   0.0313     3.67    0.076  15.63   0      51.38     3301.076     86.85913
       700    108.6919    385.2695     13927.47     300.7759  14.6403   0.0235     3.67    0.138  -9.10   0      69.59     4602.418     90.19993
       701    822.7094    384.9052      5157.11     320.6113  15.7190   0.0675     3.71    0.163  20.57   0      27.08     1681.567     82.51284
       702    467.5956    383.4725     11624.72      411.415  14.8365   0.0384     5.11    0.186  18.32   0      51.02     3217.137     86.63922
       703    800.3766    383.5082     3485.928     266.6928  16.1442   0.0831     3.65    0.120   8.85   0      19.63     1161.732     80.64365
       704    143.2367    381.7570     10510.58     360.7246  14.9459   0.0373     3.49    0.160  -2.23   0      50.57     3306.824     87.26857
       705    133.9779    382.4138     5298.793     347.6853  15.6896   0.0713     3.85    0.082  17.28   0       26.9     1664.506     82.88121
       706      4.3590    382.1974     6080.651     325.2491  15.5401   0.0581     3.79    0.168   4.76  17      27.32     1696.217     83.17482
       707    961.0099    378.7327     36984.34     367.8146  13.5800   0.0108     3.43    0.080  14.04   0        157     12328.88     108.0851
       708    757.4916    380.5935      5432.66     346.5363  15.6625   0.0693     4.11    0.209  56.93   0       26.1     1529.251     82.30112
       709    328.5303    380.7954     5236.126     364.5215  15.7025   0.0756     4.00    0.109  18.45   0      23.88     1430.741     82.02864
       710     11.6534    381.0262     5797.625     408.1833  15.5919   0.0765     6.16    0.271 -49.67   0      22.87     1134.593     81.20397
       711    868.6107    379.5221     5737.105     355.2963  15.6033   0.0673     5.30    0.263 -54.22   0      26.11     1410.569     81.97272
       712    629.8470    379.8363     3503.395     204.8003  16.1388   0.0635     3.70    0.079  20.02   0      20.82     1251.507     81.53053
       713     33.3917    377.7886     15489.46     335.6178  14.5249   0.0235     3.54    0.065   2.58   0      75.51     5103.567     91.64149
       714    919.2121    375.7884     3500.881     311.2678  16.1396   0.0966     4.00    0.249  46.29   0      17.67      1114.22     81.14693
       715    659.0555    373.8208     23964.21     377.1567  14.0511   0.0171     3.50    0.130   7.89   0      108.9     8030.824     98.63435
       716    401.5920    375.4675     6344.405     302.1786  15.4940   0.0517     7.56    0.498  -5.05   0      28.12     1625.495     82.56647
       717     93.6598    374.6815     6277.108      265.851  15.5056   0.0460     3.66    0.105 -15.37   0      35.82      2251.03     83.86223
       718    979.6830    369.6989     9301.243     295.8121  15.0786   0.0345     3.57    0.138  19.29   0      50.67     3272.098     86.38666
       719    233.7684    369.5107     2308.251      250.725  16.5918   0.1180     3.23    0.255  88.73   0      14.61     944.8084     80.02997
       720    491.9250    362.5129     230910.6     507.7173  11.5914   0.0024     3.60    0.086  -5.06   0      539.9     71879.95     196.6784
       721    373.4716    364.4705     93837.84     411.9652  12.5691   0.0048     3.55    0.078   4.10   0      306.9     29678.26     139.7646
       722    548.9496    364.1768     41701.91     369.5584  13.4496   0.0096     3.62    0.087  24.63   0      168.1     13289.06     110.3971
       723    343.3003    366.2682        10702      356.055  14.9263   0.0361     3.61    0.070  19.99   0       52.1     3321.191     86.51572
       724    881.2028    362.0948     10873.93     528.8391  14.9090   0.0528    11.23    0.325  23.92   0      35.65     1586.137     82.45806
       725    958.4838    364.4536     3004.438     283.4607  16.3056   0.1025     3.49    0.042  12.00   0      16.65     1003.848     80.41127
       726    676.4039    361.8782     8682.006     390.4757  15.1535   0.0488     4.03    0.096  65.84   0      38.84     2320.655      84.4583
       727    181.4107    358.1201     40298.56     409.5131  13.4868   0.0110     3.54    0.150 -69.55   0      156.8     12050.33     107.4978
       728      8.9050    362.0528     12966.33     342.7858  14.7180   0.0287     3.64    0.091   9.79  16      66.44     4464.506     89.46876
       729    775.6740    361.2299     2562.997     227.6357  16.4781   0.0965     5.53    0.144 -16.71   0      16.12      981.366     80.77398
       730    749.2005    360.2327     9175.104     431.4834  15.0935   0.0511     4.58    0.252  -6.18   2      35.63     2270.806     84.73032
       731    265.8813    355.6857     22610.86     441.4302  14.1142   0.0212     3.69    0.113 -11.84   3      92.71      6321.11      94.4312
       732    852.6493    357.5558     5149.602     323.2727  15.7206   0.0682     3.88    0.223  20.00   0      27.35     1677.856     82.91781
       733    649.3158    355.2807     13539.28     398.7126  14.6710   0.0320     3.53    0.100  16.22   0      63.01     4165.935     88.90042
       734    977.4791    351.5469     30882.59     340.8842  13.7757   0.0120     3.50    0.076   7.17   0      133.7     9735.151     102.1506
       735     95.4051    352.1220      25385.5     373.4423  13.9885   0.0160     3.65    0.075   2.74   0      111.3     7852.199     98.39656
       736    429.4341    351.3460     7414.377     261.9506  15.3248   0.0384     3.66    0.068  20.68   0      41.66     2609.929     85.23316
       737    147.8308    343.7267     7086.086     331.1768  15.3740   0.0508     3.96    0.057  63.59   3      33.65     2035.643     83.68783
       738    601.9764    350.3108     6787.587     361.9469  15.4207   0.0579     3.78    0.177  15.04   3      32.16     1992.721     83.15925
       739    605.1547    347.1217     7034.926     329.8429  15.3819   0.0509     4.61    0.088  -5.86   3      32.96     1906.883     83.13113
       740    626.1338    348.9480     4651.977     298.0362  15.8309   0.0696     3.83    0.065 -49.42   0      25.08     1515.243     82.26243
       741    871.0741    347.3980     11425.92     400.7327  14.8553   0.0381     3.71    0.030  25.08   0      51.62     3294.446     87.03928
       742    259.7791    360.0027     10744.58     370.2659  14.9220   0.0374     3.99    0.046  -3.96   3      50.41     3171.708      86.7182
       743    690.2379    347.2347     3202.682     239.2904  16.2362   0.0811     4.42    0.165  41.36   0       19.1      1144.87     81.23273
       744    243.6845    345.7179     8382.051     371.1334  15.1916   0.0481     3.87    0.027  17.76   3      39.02     2391.959     84.44687
       745    237.7059    339.0635     110225.4     462.6887  12.3943   0.0046    13.35    0.126  14.75   2      331.8     32704.96     144.4838
       746    385.2411    345.5093     3007.023     263.0406  16.3047   0.0950     3.74    0.061  58.19   0      17.69     1093.091     80.66312
       747    458.3610    343.9418     5042.608     271.2005  15.7434   0.0584     3.73    0.095  14.55   0      28.34     1758.042     82.93052
       748     18.6612    342.0941     8752.317     327.1107  15.1447   0.0406     4.19    0.166  -3.48   3      42.29     2627.173     84.67294
       749     11.5303    340.6254     6581.157     381.4533  15.4542   0.0629     9.02    0.413 -24.53  19      29.09     1520.804     82.27779
       750    150.9400    350.4493     13987.86      333.314  14.6356   0.0259     4.81    0.080  34.59   3      67.11     4566.137     90.29882
       751     33.3287    338.7154     16724.91     308.4993  14.4416   0.0200     3.50    0.107   2.74   0      81.27     5489.953     92.22316
       752    570.8239    337.8581     11368.56     282.5938  14.8607   0.0270     3.51    0.059  20.16   0      61.26     4122.331     89.17481
       753    820.8072    335.0056     13390.54     318.4069  14.6830   0.0258     3.73    0.084  20.40   0      68.93     4602.081     90.38924
       754    264.2916    332.7734     26792.15      382.241  13.9300   0.0155     3.55    0.089   1.14   0        116     8281.723      98.6902
       755    951.2021    333.5670     3517.794     304.3069  16.1343   0.0939     3.55    0.185  13.96   0       20.3     1309.056      82.1101
       756    102.4148    331.2816     5095.388     316.5248  15.7321   0.0675     3.77    0.170 -13.96   0      26.03     1645.423     82.62131
       757    657.3447    331.0806     2436.063     219.8322  16.5333   0.0980     4.83    0.286  15.14   0      14.71     826.0417     79.90714
       758    830.1375    325.0638     13151.79     324.9108  14.7025   0.0268     3.68    0.082  11.60   0      64.49     4266.442     89.34938
       759    521.2947    324.7210      8180.17      449.486  15.2181   0.0597    10.40    0.568 -26.58   2       29.2     1404.961     81.74741
       760     21.5471    326.3812      3121.64     248.0236  16.2640   0.0863     3.80    0.204 -20.29   0      18.13     1093.611     81.30066
       761    678.5021    323.8240     5515.025     337.8093  15.6461   0.0665     3.92    0.097 -63.32   0      27.76     1670.671     81.85592
       762    384.7230    322.3612      19277.5     390.0464  14.2874   0.0220     3.49    0.043 -14.90   2      83.35     5690.878     93.08664
       763    739.0381    319.9852     3051.636     139.3418  16.2887   0.0496     0.00    0.017  30.20   2      58.08     2744.781     86.19171
       764    457.4045    317.7566     3836.777     213.3748  16.0401   0.0604     3.49    0.070  -4.53   0      24.15     1551.586     82.77867
       765    976.6497    314.9206     25494.22      374.656  13.9839   0.0160     3.80    0.198 -15.03   0      110.1     7745.338     97.62318
       766     21.0350    317.7383     2309.121     252.4321  16.5914   0.1187     2.68    0.176  89.11   0      14.67     927.3234     80.62178
       767    897.0134    316.0457     4160.385     291.8357  15.9522   0.0762     3.63    0.023 -13.28   0      22.61     1402.151     82.36737
       768    610.9362    312.6107     21430.11     372.1824  14.1724   0.0189     5.44    0.096  37.94   0      94.08     6579.138     95.23065
       769    935.6539    315.0861     2523.236     286.0914  16.4951   0.1231     5.59    0.172  33.88   0      14.66     831.3926     79.92236
       770    191.0248    313.5024     11342.69     339.1858  14.8632   0.0325     4.08    0.123  -2.80   0      57.47     3714.659     87.34688
       771    983.6970    306.8347     20998.04     357.8003  14.1946   0.0185     3.63    0.114  -1.35   0      94.52     6377.149     94.01968
       772    154.7677    308.4214     6006.746     297.6288  15.5534   0.0538     3.53    0.051  -6.91   0      32.73     2101.693     84.27548
       773    197.8960    307.8637     4935.164     344.9677  15.7667   0.0759     3.78    0.101  34.80   0       24.8     1496.949     81.79309
       774    884.7670    303.4621     59313.21     397.8881  13.0671   0.0073     3.62    0.076   0.01   0      219.8     18441.95     120.2542
       775    360.9088    305.9127     5793.498     273.4036  15.5926   0.0512     3.72    0.027  -7.27   0      33.45     2143.236      83.7748
       776     72.7602    306.6072     4599.729     286.2405  15.8432   0.0676     3.77    0.175   2.38   2       25.7     1320.945       82.143
       777    209.1654    301.2669     4055.538     340.6278  15.9799   0.0912     3.48    0.207  -1.34   0      19.05     1211.554     81.41908
       778    709.9052    300.9248     11746.12     155.6493  14.8253   0.0144    -2.30    0.138  40.01   0      140.9     11376.34      105.739
       779    174.3370    298.7318     21462.89      386.905  14.1708   0.0196     3.70    0.076 -42.91   2      93.35      6236.43     94.22717
       780    176.9091    291.4211     6113.669     410.4563  15.5342   0.0729     4.49    0.123 -70.68   3      21.43     1191.553     80.72765
       781    702.9851    298.6148     7044.201     329.8492  15.3804   0.0509     3.58    0.154  60.58   0      32.72     2130.272     83.94442
       782    640.4295    297.7878      4634.83     375.7497  15.8349   0.0880     4.01    0.215 -31.82   0      16.75     902.8516     80.76564
       783    776.3788    293.9624     12812.63     360.9849  14.7309   0.0306     9.03    0.146  36.43   0      62.17     3658.759     88.56893
       784     74.6682    294.3243     17291.16     326.4813  14.4054   0.0205     3.69    0.048   3.83   0       83.6     5555.066     92.56916
       785     16.9024    295.9906      6240.22     342.0824  15.5120   0.0595     3.90    0.110  23.38   0      30.09      1908.22     83.34106
       786    838.7762    292.0831     45792.99      375.511  13.3480   0.0089     3.51    0.073 -34.60   0      181.3     14769.45     113.1006
       787    432.1307    291.5852     34420.12     392.2603  13.6580   0.0124     3.92    0.265   2.67   0      138.1     10025.48     103.2944
       788    370.2496    293.9235     6047.676     275.1792  15.5460   0.0494     3.90    0.203   7.08   0      31.55     1922.091     83.17269
       789    952.6500    292.8139     3293.766      266.529  16.2058   0.0879     3.60    0.171   6.23   0      19.24     1186.473     81.55984
       790    501.0249    290.3888     6362.359     262.6755  15.4910   0.0448     3.46    0.064  72.20   0      36.38      2380.56     84.82201
       791    914.7559    289.5559      8644.61     298.2002  15.1581   0.0375     3.68    0.127   7.49   0      47.14     3092.728     86.51096
       792    879.4688    289.9434     3701.413     327.5379  16.0791   0.0961     3.57    0.150  88.15   0      17.87     1087.788     80.86079
       793    544.2562    288.7092      8608.17      343.652  15.1627   0.0434     0.97    0.442  28.52   0      46.14     2743.346       85.186
       794    198.2141    290.2720     3615.992      215.144  16.1044   0.0646     3.85    0.065 -73.20   0      23.21     1459.154     82.31618
       795    157.4791    285.9466     33743.79     359.8916  13.6795   0.0116     6.01    0.053  48.24   0        143     10690.28      104.254
       796    978.0225    284.5237     26157.02     351.4226  13.9560   0.0146     3.56    0.105   9.59   0      118.6     8637.517     100.0225
       797    616.1298    282.1767     8665.668     320.4206  15.1555   0.0402     3.70    0.052  16.73   0      44.61     2881.049      86.1526
       798    123.1701    283.4250      2566.83     261.0205  16.4765   0.1104     3.73    0.147 -75.07   0      15.94     1023.026     81.31454
       799     19.0761    273.4315     624294.6     690.6074  10.5115   0.0012     3.56    0.081  -3.79   0      942.1       191932     305.4835
       800     86.4160    278.0797      22349.5      322.084  14.1268   0.0157     3.60    0.094   0.43   0      105.1     7454.973     97.29843
       801    703.4567    275.9636     19634.06     361.7115  14.2675   0.0200     3.61    0.110  47.67   0      89.46     6073.153     94.01534
       802    530.0533    277.5751     8737.216     367.8666  15.1466   0.0457     9.24    0.547  15.66   0      33.46      1629.44     82.57732
       803    479.2429    273.8971     79199.25     406.9853  12.7532   0.0056     3.60    0.083  20.69   0      270.3     24349.44     130.4183
       804    280.6873    276.9529     2373.851     242.0748  16.5614   0.1107     3.66    0.259  18.77   0      15.48     921.0461      80.1769
       805    441.1169    275.6966     3125.281     272.7549  16.2628   0.0948     4.43    0.219 -25.54   0      17.45     1034.883     80.49894
       806    751.4633    271.9284     6435.195     314.7697  15.4786   0.0531     3.89    0.164  18.21   0      31.19     1936.597     83.41841
       807    258.1823    272.3640     3695.743     268.4753  16.0807   0.0789     3.84    0.221  14.13   0       23.3     1481.511      82.7937
       808    403.2148    269.1982      12387.2     329.6264  14.7676   0.0289     4.10    0.148 -25.01   0      58.93     3723.176     88.15165
       809    330.5151    267.8931     48261.05     371.2651  13.2910   0.0084     3.55    0.105   0.19   0      191.6     15608.83     114.6252
       810    788.5098    265.9510      3716.98     260.3766  16.0745   0.0761     4.21    0.161  44.23   0      22.06     1317.966     81.29424
       811    962.2830    265.7777     3223.464     266.4691  16.2292   0.0898     3.88    0.160  -1.17   0      18.24      1114.02     80.93449
       812    183.7131    261.7115     86759.07     431.5597  12.6542   0.0054     3.53    0.136 -18.93   0      284.4     26406.81     134.3396
       813     43.6201    265.0794     3946.427     268.6874  16.0095   0.0739     4.00    0.176 -84.96   0      22.26      1361.77     82.04687
       814    677.5011    262.3433     11642.26     313.0698  14.8349   0.0292     3.67    0.192  20.03   0      57.89     3721.115     87.75588
       815    373.1283    263.1518      3741.23     354.0172  16.0675   0.1028     5.22    0.307  -7.49   0      17.02     980.1591     80.77058
       816    939.6097    261.0992     5363.171     300.0123  15.6764   0.0608     3.76    0.117  -3.32   0      29.83     1857.488     83.20261
       817    412.7329    268.3669     5915.442     160.8385  15.5700   0.0295     1.02    0.065 -58.43   0      73.76         5865      93.5108
       818    233.4340    254.1793     199137.8     508.7122  11.7521   0.0028     3.53    0.111 -39.48   0      492.1      63026.2      186.535
       819    448.9750    258.9232     4990.464     339.9908  15.7546   0.0740     3.87    0.100  40.69   0       24.6     1514.148     82.25941
       820    441.5757    259.6306      3642.72     332.6988  16.0964   0.0992     4.03    0.149  43.66   0      17.32     1020.214     81.30668
       821    997.4554    258.2534     2139.902     221.4726  16.6740   0.1124     3.93    0.280  -1.02   0       15.2     967.7747     81.15997
       822    888.2709    256.9659     3623.954     318.1764  16.1020   0.0953     3.54    0.263  67.80   0      18.37     1097.018     81.09873
       823    408.6765    252.8438     69871.55     424.5995  12.8892   0.0066     3.55    0.109   2.48   2        235     20262.85     123.6477
       824    268.0195    256.8058     5592.867     314.1609  15.6309   0.0610     1.08    0.158 -27.82   2      28.87     2046.661     83.71775
       825    618.5122    250.4735     137293.2     477.5996  12.1559   0.0038     3.60    0.241  10.98   0      383.9     40954.83     156.9252
       826    699.1155    251.9161     31092.87     348.4951  13.7683   0.0122     3.53    0.088  -5.39   0      136.1     10278.87     103.5192
       827    899.0986    250.3388     3030.508     310.9241  16.2962   0.1114     5.21    0.285  72.40   0      14.05     849.5809     79.97407
       828    205.3523    248.2256     9684.126     444.4886  15.0348   0.0498     5.61    0.111  -3.20   3      36.85     2263.138     84.70975
       829    200.0169    249.3045     7580.083     414.3869  15.3008   0.0594     4.01    0.052  -3.07   3       26.1     1507.918     81.61345
       830    574.7038    246.2968     8880.029     408.8474  15.1290   0.0500     7.02    0.451  22.78   2      34.38     1954.858      83.0557
       831    656.1421    245.8973     15245.85      310.188  14.5421   0.0221     3.55    0.059  18.02   0      76.53     5136.164     91.34713
       832    538.6182    246.4017     3349.699     274.5101  16.1875   0.0890     3.31    0.115 -40.69   0         18     1110.231     81.13576
       833    334.2624    245.7003     2036.533     209.4086  16.7278   0.1117     5.12    0.214  41.17   0      12.63     697.9468     79.32582
       834     80.2603    244.8656     4974.271     295.3896  15.7582   0.0645     4.29    0.135  15.44   0      26.55     1595.651     82.48428
       835    602.5342    244.0329     6779.786     414.9834  15.4220   0.0665     3.84    0.131   3.45   0      26.66     1602.107     82.50207
       836    829.6259    241.8952     10080.35      404.239  14.9913   0.0436     0.00    0.476  36.47   0      45.52     1728.271     82.01569
       837    376.1148    241.1725     4185.851     416.6626  15.9455   0.1081     6.80    0.623  55.71   0      15.34     603.0074     79.48656
       838    455.1783    241.8491     3377.334     311.1776  16.1786   0.1001     5.66    0.296  10.42   0      18.29     1149.743     81.66795
       839    573.4064    237.4948     5650.531     355.2409  15.6198   0.0683     8.45    0.163 -73.31   0      27.92     1491.346     82.19638
       840    343.5816    239.2840     2859.284     193.2815  16.3594   0.0734     3.27    0.093  74.67   0      19.58     1278.421     81.60551
       841    104.3941    238.5357     6372.055      420.924  15.4893   0.0717     4.35    0.291 -75.24   0      23.08     1317.951     81.92539
       842    305.0475    237.5906     4381.401     284.5626  15.8960   0.0705     4.09    0.080 -20.59   0      24.23     1488.479     82.60523
       843    890.0243    237.4335     2986.425     226.1679  16.3121   0.0822     3.13    0.167  -0.56   0      18.31     1184.289     81.76402
       844    133.1178    236.1601     8573.034     336.0499  15.1672   0.0426     3.93    0.134   0.04   0      44.31     2740.707     85.17896
       845    744.2510    223.2960     563619.7     663.9079  10.6225   0.0013     3.57    0.082  -7.50   0      893.4     172853.2     290.7662
       846    845.6424    230.3217       5043.6     370.2446  15.7431   0.0797     4.02    0.287 -48.09   2      21.57      1241.11     81.50154
       847    531.5374    232.8670     2738.801     298.0176  16.4061   0.1182     5.65    0.413 -16.79   0      13.59     761.9459     79.93972
       848    360.3133    228.3819     17771.94     342.2147  14.3757   0.0209     3.67    0.060  -6.35   2      82.06     5411.312     92.21555
       849    218.6501    231.4433     4617.029     237.0353  15.8391   0.0558     3.79    0.016  65.35   0      26.14     1625.699     82.77473
       850    865.8029    230.3934     7280.251     419.3719  15.3446   0.0626     3.46    0.094  58.33   2      26.69     1709.789     82.79817
       851    434.4189    228.2514     20514.08     388.5631  14.2199   0.0206     3.84    0.141  -4.73   3      90.39     6124.018     94.32044
       852    429.6093    221.0252     118460.9     444.0941  12.3161   0.0041     3.59    0.061   6.28   3      352.6     36831.74     151.1767
       853    970.0979    228.1265     12375.17     370.1074  14.7686   0.0325     3.82    0.190  34.89   2      56.75     3597.608     87.23883
       854    276.8879    228.4745     3633.644     318.1833  16.0991   0.0951     4.57    0.209 -25.22   0       17.1      944.392     80.24305
       855    254.1565    224.3175     98748.84     414.6656  12.5137   0.0046     3.56    0.077   5.35   0      318.4     31276.96     142.2198
       856    477.3935    226.6613     8584.643     343.6364  15.1657   0.0435     3.81    0.164  17.59   0      43.55      2761.08     85.83553
       857    508.6640    226.5966     3628.643     297.2549  16.1006   0.0890     3.80    0.123  16.13   0      20.21     1215.165     81.63975
       858    296.3738    225.6190     3116.564     275.8774  16.2658   0.0961     3.23    0.116 -46.87   0      16.13     980.1852     81.19471
       859    561.3290    222.5114     18256.02     427.2924  14.3465   0.0254     3.57    0.163 -10.33   2      77.72      5170.06     91.43143
       860    495.5208    223.4310     11800.77     399.8732  14.8202   0.0368     3.63    0.066  18.18   2      47.04     2498.045      84.9343
       861    951.5947    221.6874     10749.93     353.6664  14.9215   0.0357     3.60    0.126  25.32   0      53.93     3536.473     87.66897
       862    656.1911    222.1187     18361.35     177.5563  14.3402   0.0105     0.00    0.154  25.91   0      169.8     16098.08     115.7397
       863    162.1941    234.8385     3248.037      261.613  16.2209   0.0875     3.63    0.250  44.28   0      17.52     1036.395      81.3519
       864     23.7406    221.1162     5969.901     308.9245  15.5601   0.0562     3.71    0.113   9.51   0      30.03     1891.056     82.88094
       865    178.2040    218.7357      2699.93     273.9716  16.4216   0.1102     3.36    0.135 -65.35   0      16.08     980.8842     80.98492
       866    919.2984    217.8776     2930.482     313.6007  16.3327   0.1162     5.66    0.193  36.74   0      14.22     716.5636     79.37914
       867    958.6791    213.6472      18684.1     392.9912  14.3213   0.0228     3.77    0.079  11.09   0      80.13     5184.549     91.65496
       868    216.7534    214.4969     3059.363     317.7728  16.2859   0.1128     3.61    0.020  71.27   0      16.02     943.3573     80.02585
       869    872.0163    213.5214      3233.67     230.1768  16.2258   0.0773     4.24    0.145   1.20   0      21.53     1354.506     81.81715
       870    311.8847    211.5688     22656.58     362.4231  14.1120   0.0174     3.63    0.103  -4.20   0      102.9     7092.864     96.27071
       871    146.4149    212.2496     3583.523     312.7039  16.1142   0.0948     3.42    0.047   6.35   0      17.04     1071.819      81.4508
       872     71.5068    210.0387     7821.512     318.4763  15.2668   0.0442     3.82    0.167  56.98   3      39.31     2373.252     83.78394
       873     74.9501    205.9233      16544.2     405.7465  14.4534   0.0266     4.08    0.011 -41.17   3      67.73     4340.958     89.53872
       874    684.1963    210.9836     3307.242       317.95  16.2013   0.1044     3.07    0.189  -0.52   0      14.81     913.0765      80.5816
       875    655.9970    208.7784     3003.305     316.3788  16.3060   0.1144     3.19    0.199 -85.60   0      14.54     839.7141     80.37443
       876    526.3923    203.6256     5743.841     310.1453  15.6020   0.0586     4.10    0.151  24.29   3      30.88       1885.5     83.48501
       877    531.8118    207.7916     4577.135       322.87  15.8485   0.0766     3.95    0.182  61.95   3      25.28     1579.526     82.43983
       878    532.5814    203.3305     10664.59     539.1999  14.9301   0.0549    11.26    0.434  -5.27   3      31.34     1583.848     82.65974
       879    344.4789    205.0146     3353.515     230.2951  16.1862   0.0746     3.35    0.108  87.05   0      19.55      1205.26     81.40151
       880     12.0686    202.8909     12776.47     335.0591  14.7340   0.0285     4.95    0.216 -85.90  16      56.61     3227.683     86.66688
       881    477.0127    204.6733     4836.854     336.0779  15.7886   0.0755     3.68    0.193  -0.60   0      22.13     1365.266     82.05655
       882    151.0039    202.8693     5467.133     392.9937  15.6556   0.0781     3.64    0.054 -14.53   0      21.65     1299.927      81.6654
       883    784.7835    200.0364     11821.19     411.5235  14.8183   0.0378     5.74    0.338  85.38   3      48.41     2561.992     85.70837
       884    782.2200    192.1145     9921.199     350.6938  15.0086   0.0384     9.50    0.224  72.86   3      47.06     2978.714     85.81165
       885     32.7031    193.7576     10443.09     384.8644  14.9529   0.0400     4.05    0.146  22.92   2      44.43     2697.662     84.65936
       886   1019.3830    196.4428     7538.194      336.627  15.3068   0.0485     4.78    0.265   4.08  16      36.21     2100.374     84.27193
       887    708.4528    197.2125     2131.082     253.9676  16.6785   0.1294     5.00    0.279  -1.85   0      12.91     786.5111     80.43759
       888    394.0928    195.9939     7531.875     339.1635  15.3077   0.0489     3.59    0.148 -19.74   0      36.64     2338.054      84.5051
       889    229.0622    192.4996     6510.009     225.9126  15.4660   0.0377     4.45    0.610  42.97   3      49.54       3813.6     87.79973
       890    223.3049    195.1297     15425.19     379.9678  14.5294   0.0268     3.95    0.158  -5.11   3      67.96     4390.998     89.28183
       891    217.7956    189.5593     21867.51      430.208  14.1505   0.0214    12.27    0.307 -17.02   3      88.48      6079.54     94.39529
       892    461.0698    195.2228     2367.328     267.3484  16.5644   0.1226     4.01    0.221  61.07   0      13.95      851.298     80.40718
       893    961.0732    191.2783     10392.66     366.5532  14.9582   0.0383     6.82    0.097  85.65   0      50.42     3216.374      86.4388
       894    675.8312    194.4632     4389.157      309.151  15.8940   0.0765     4.01    0.228  16.44   0      20.96     1243.084     81.50705
       895    659.4799    194.7808     15604.69     217.8158  14.5169   0.0152     0.00    0.404  20.41   0      146.6     12788.82     109.2053
       896    626.6268    192.5788     8510.386     290.8088  15.1751   0.0371     3.53    0.072  11.91   0      45.68      2988.88       86.635
       897    833.1737    192.0190     2286.958     223.5519  16.6019   0.1062     3.22    0.177   4.44   0      14.31     898.4261     80.96554
       898    314.9973    201.2368     31162.71     401.2141  13.7659   0.0140     3.57    0.071  -0.89   2      130.7     9724.025     102.7962
       899    308.0276    187.6829     12310.34     461.9077  14.7743   0.0407     9.47    0.263   8.87   0      51.13     3243.793     86.70911
       900    120.1562    189.3371     3907.137     279.6153  16.0204   0.0777     3.73    0.092 -21.99   0      21.62     1312.699     81.70093
       901    255.8613    186.0305     16570.94       362.16  14.4516   0.0237     3.71    0.120   7.14   0      76.82     5158.949     91.77874
       902    164.1343    185.9379     7056.483     415.1349  15.3785   0.0639     4.68    0.263 -30.52   0      25.17     1508.064     82.24259
       903    914.1061    185.2275     5899.612     397.5862  15.5729   0.0732     4.16    0.135 -31.02   0       25.5     1527.188     81.45657
       904    290.6127    179.1754     57126.39     382.3089  13.1079   0.0073     3.60    0.071  -2.89   0      215.7     18232.05          120
       905    376.3668    173.4539     393096.8     596.9883  11.0138   0.0016     3.57    0.079  -1.42   0      731.6     121264.7      247.453
       906    178.5512    179.9260     11703.38     377.7351  14.8292   0.0351     3.76    0.056  26.02   0       55.1     3504.572     87.38997
       907     69.6277    181.6473     3571.617     266.7658  16.1178   0.0811     3.57    0.091 -46.93   0      20.17     1222.797     81.87099
       908    567.6459    185.7986     3870.673     343.0165  16.0305   0.0962     4.65    0.152   6.18   0      18.06     1031.633     81.12722
       909    775.0457    179.9531     7157.565     405.7785  15.3631   0.0616     8.06    0.272  -4.40   0      27.91     1723.327     83.04235
       910    985.1316    179.4112      4639.39     254.5215  15.8338   0.0596     5.51    0.223  23.31   0      26.75     1610.579      82.5254
       911    268.4951    178.0332      3912.84     334.1703  16.0188   0.0927     3.48    0.119 -86.34   0      19.56     1180.958     80.48476
       912    246.6093    177.2396     16027.98      390.354  14.4878   0.0264     3.64    0.107  16.79   0       75.7     5107.369     92.21125
       913    126.1806    174.2625     31609.35     497.0194  13.7505   0.0171     4.39    0.206 -27.91   0      117.2     7669.909     97.79919
       914    190.9743    176.4267      9949.72     349.4862  15.0055   0.0381     3.91    0.116  21.64   0      50.28     3230.674     87.26701
       915    590.7269    170.1427     4785.451     324.3428  15.8002   0.0736     6.88    0.193 -44.60   0      25.35     1730.377     82.64717
       916    789.6393    168.3113      5227.89     292.6658  15.7042   0.0608     3.84    0.110  -3.59   0      28.84     1785.666     82.59143
       917    112.3562    165.3205     79872.05     413.6351  12.7440   0.0056     3.60    0.035  16.07   0      271.3     24440.34     130.9705
       918    155.1681    168.0180     4755.952     338.5685  15.8069   0.0773     5.13    0.082  37.58   0      21.89      1199.56     81.80647
       919    939.0401    164.6492     4764.956     295.2285  15.8049   0.0673     3.68    0.235  54.29   0      25.07     1536.954      82.5307
       920    995.5907    163.5803     10248.14     302.2736  14.9734   0.0320     3.85    0.193   8.33   0      53.67     3413.637     87.34995
       921     35.9604    161.6059     11179.22     380.8164  14.8790   0.0370     5.58    0.294 -56.49   0      46.04     2556.353     85.49281
       922    780.6506    163.5753     2736.548     261.1683  16.4070   0.1036     3.10    0.125  46.93   0      16.68     1051.489     81.39405
       923    716.2081    158.1773     122758.7     452.9711  12.2774   0.0040     3.93    0.079 -12.30   2      357.3     34426.33     147.5162
       924    705.5638    155.5966     10685.03     470.3246  14.9281   0.0478     4.53    0.206  -4.28   3      36.16     2128.757     84.34843
       925    243.0871    162.1470     2432.341     249.1203  16.5349   0.1112     3.13    0.242  61.14   0      14.56     893.8431     80.09975
       926    695.1710    158.5273     21434.71     360.4672  14.1722   0.0183     3.74    0.060   8.03   0      95.42     6548.109     95.15657
       927    626.5305    160.1618      6186.53     362.7545  15.5214   0.0637     5.04    0.094  23.41   2      26.63     1592.511     82.47562
       928    622.1697    154.8154     5551.775     365.8933  15.6389   0.0716     4.42    0.136  37.34   3      23.22      1335.28     82.18265
       929    647.3072    159.0441     10464.97     341.1233  14.9507   0.0354     4.10    0.098 -22.79   0      52.44     3340.848     86.56734
       930   1016.6137    157.4099     2606.375     280.0928  16.4599   0.1167     5.21    0.155 -42.33   0      13.58     790.7313      80.2358
       931    409.1272    161.6737     10604.93     367.8536  14.9362   0.0377    10.06    0.285  10.96   0      47.87     3034.411     86.15855
       932    101.3729    154.1799     5283.514     391.7934  15.6927   0.0805     4.57    0.216  44.18   0      21.69     1189.745     81.77919
       933    315.2577    152.7739     4884.288     277.3298  15.7780   0.0617     4.35    0.167  16.62   0      26.48     1555.936     82.37478
       934    870.3340    149.7694     17646.44     356.8699  14.3834   0.0220     3.60    0.073  21.28   0      80.39      5438.69     92.46887
       935    978.4860    150.4636      2840.96     286.3437  16.3663   0.1095     3.42    0.216 -46.23   0       18.3     1139.635     80.79414
       936     86.9816    149.5813     3666.991     289.9746  16.0892   0.0859     3.49    0.132   0.07   0      19.91     1279.518      82.0283
       937    540.2126    148.1274     6271.924     255.9751  15.5065   0.0443     3.61    0.163   5.61   0      35.36     2267.596      84.5188
       938    824.2520    147.0425     2410.812     255.9008  16.5446   0.1153     3.26    0.190   5.11   0      14.79     948.6975     80.89455
       939    253.1516    145.4223     9801.088     326.5265  15.0218   0.0362     4.33    0.092   5.83   0      45.69     2751.886     86.01105
       940    679.7351    145.1924     3022.037     254.7637  16.2993   0.0916     5.69    0.409  19.89   0      20.96     1490.795     82.19485
       941    581.2606    145.2447     5405.792     246.6514  15.6679   0.0496     4.89    0.276  -2.61   0      28.46     1609.991     82.52378
       942     53.5336    142.5898      17693.3     487.1023  14.3805   0.0299     4.52    0.154 -18.23   0      70.27     4153.007     89.25296
       943    414.7067    142.3553     4078.683     241.9021  15.9737   0.0644     3.64    0.058  48.49   0      24.21     1463.476     81.48959
       944     36.1344    136.8943     52997.12     418.5571  13.1894   0.0086     3.61    0.041 -46.81   2      195.6     15610.19      114.478
       945    376.5331    133.5840     10282.24     393.5933  14.9698   0.0416     4.27    0.202  31.34   2      46.84     2897.337     85.99611
       946    642.4158    138.2484     2399.161     270.5673  16.5499   0.1225     4.95    0.284  -2.58   0      14.23     871.5954     80.89018
       947    766.1777    136.4318     3827.211     273.3392  16.0428   0.0776     3.85    0.084  11.84   0      22.31     1348.953     82.22045
       948    678.8660    133.0207     38289.28     385.6924  13.5423   0.0109     3.65    0.112   1.07   0      157.9     12402.07     108.3974
       949    563.6391    134.7789     6669.097      323.013  15.4398   0.0526     3.79    0.012 -20.66   0      34.52     2199.855     84.74265
       950    381.3278    137.8727     3751.865     330.1834  16.0644   0.0956     4.15    0.158  -6.55   3      19.77     1174.197      81.1033
       951    540.5371    129.6812     5866.152     351.7364  15.5791   0.0651     3.96    0.094  26.72   0      29.63     1757.476     82.51382
       952    108.9423    128.4239      3266.46     286.6812  16.2148   0.0953     5.43    0.210 -26.20   0      18.58     1005.302      80.8413
       953    995.7089    127.3991     3647.979     286.9836  16.0949   0.0854     3.92    0.114  21.42   0      19.71     1139.048     81.21644
       954    809.9633    124.2854     37681.88     423.5439  13.5597   0.0122    12.47    0.362 -37.11   0      143.1     10666.72     104.2026
       955    775.5294    125.8341      3605.48     326.1579  16.1076   0.0982     4.43    0.098  67.51   0      17.49     926.6743     80.61995
       956    715.0630    125.4788     4983.572      306.802  15.7561   0.0669     4.07    0.020 -44.24   0       26.9      1624.64     82.35589
       957    275.6144    124.5052     5755.529     361.2982  15.5998   0.0682     7.87    0.071 -58.92   0      26.79     1555.995     81.95699
       958    265.0813    125.8147     8827.913     373.7107  15.1354   0.0460     3.63    0.088  17.65   0      42.96     2758.457      85.6283
       959    333.0317    124.8633     6120.544     384.5424  15.5330   0.0682     8.54    0.383  -3.65   0      28.15     1719.067     82.82364
       960    214.5372    124.0313     3741.111     253.7181  16.0675   0.0737     6.92    0.368 -71.02   0      18.57     961.5968     80.71834
       961    743.8432    120.5417     17960.35     354.6573  14.3642   0.0214     3.88    0.165  -2.04   3      85.27     5722.035     93.16268
       962    754.5254    118.9038     28086.68     387.4671  13.8787   0.0150     3.64    0.124   8.74   2      119.2     8425.586     99.02095
       963    559.4928    112.7027      6497.19     334.6431  15.4682   0.0559     4.61    0.073 -54.14   3      30.42     1713.584     82.18417
       964    156.2134    116.1657     9531.519      263.781  15.0521   0.0301     3.54    0.066   5.69   0       50.7     3393.269     87.88503
       965    556.0392    118.4963     7019.846     325.9047  15.3842   0.0504     4.08    0.130 -32.58   3      36.58     2238.371     83.41725
       966    686.9626    114.3045     2733.141      212.196  16.4083   0.0843     6.32    0.315  49.36   0         17     964.5674     79.87137
       967    232.9527    114.3191     2536.109     267.4918  16.4896   0.1145     3.71    0.138 -29.27   0      15.91     963.2427     80.29642
       968    946.5680    111.0977     15082.68     310.0684  14.5538   0.0223     3.58    0.102 -11.70   0      75.43     4995.164     90.61747
       969    591.8889    110.7605     15177.97      326.325  14.5470   0.0233     3.51    0.076  11.48   0      75.81     5156.796     91.39845
       970    969.0806    105.9198     13929.88     186.1803  14.6401   0.0145     5.63    0.163  75.22   3      137.4     10922.38     104.5947
       971    966.0841     96.5013     94677.05     550.6071  12.5594   0.0063     3.80    0.429  63.45   2      290.6     26169.92     133.6815
       972    627.8654    109.2521     12428.25       320.41  14.7640   0.0280     3.56    0.042 -20.16   0       62.4     4174.731     89.30826
       973    172.8811    109.7264     3625.443     297.2524  16.1016   0.0890     4.05    0.160  12.78   0      19.66      1177.28     80.68745
       974    428.6286    108.6514     4571.031     332.0421  15.8500   0.0789     3.39    0.117   8.17   0      22.79     1417.795      82.2019
       975     76.7718    107.3733     5112.942     325.8921  15.7283   0.0692     7.44    0.240 -67.29   0      27.55      1570.19     82.82973
       976    454.3508    108.0813     2396.732     238.5237  16.5510   0.1081     3.65    0.252  15.31   0      15.47     950.0793     80.25916
       977    325.4900    108.1199     5848.419      307.442  15.5824   0.0571     3.84    0.142   4.84   0      30.85     1915.358      83.1543
       978     36.2565    107.0643     5084.977     327.1872  15.7343   0.0699     3.82    0.071  -3.96   0      26.74     1633.059     82.79494
       979    708.1228    105.8635     1741.228     137.1878  16.8979   0.0856     4.25    0.038 -47.70   3      46.13     1998.194     83.38039
       980    709.5062    102.5363     3757.574     292.9906  16.0627   0.0847     4.06    0.169  61.98   3      19.89     1178.111     81.11427
       981    134.3646    105.4937     2956.544     193.3958  16.3230   0.0710     4.27    0.180  63.31   0      18.82     1142.151      80.3751
       982    530.6558    103.6665     8026.364     414.6316  15.2387   0.0561     4.44    0.152  -2.88   0      32.88     2037.433     83.48727
       983     55.0436    102.8789     9260.811     309.9543  15.0834   0.0363     3.80    0.051   1.32   0      47.46     2987.046     86.03352
       984    953.6865    101.7464     16161.92     464.7236  14.4788   0.0312     3.80    0.184  20.09   2      56.43      3594.46     87.42725
       985    852.6358    100.9459     27180.16      342.191  13.9144   0.0137     3.66    0.101  -0.04   0      121.6     8844.271     100.4912
       986    915.0665    100.9439     2529.608     252.6305  16.4924   0.1085     0.00    0.603  47.76   0      15.56     891.4024     80.30692
       987    595.2264    100.4897     8499.182     463.7462  15.1766   0.0593     3.34    0.084 -66.92   0       22.6     1163.465     80.86115
       988    817.7841     91.6738     358930.2     591.8688  11.1125   0.0018     3.62    0.088  -0.81   0      694.1     109930.2     236.8142
       989    694.4719     98.5227     2842.864     256.2842  16.3656   0.0979     3.93    0.238  42.89   0      17.01     1009.265     80.42657
       990    249.0085     94.8019      37290.5     357.3514  13.5710   0.0104     3.48    0.086  12.84   0      156.6     12236.65      107.891
       991    272.7048     99.5955     2774.702     179.3548  16.3920   0.0702     3.60    0.026  67.87   0       17.9     1081.445     81.05508
       992    547.5787     91.6115     172051.5     477.9615  11.9109   0.0030     3.62    0.064  -2.42   0        450     52963.58     173.7442
       993    332.4714     94.1249     34793.49     380.2552  13.6463   0.0119     3.79    0.255  -4.26   0      136.3     9726.494     102.2993
       994    108.2397     95.5812     5840.757     422.6732  15.5838   0.0786     8.46    0.562  48.15   0      21.79     1160.908     81.90891
       995     21.8603     93.9838     28534.98     402.9316  13.8616   0.0153     3.63    0.093  -8.85   0      119.5     8602.006      99.9418
       996    709.4672     95.7211     3538.424     305.7296  16.1280   0.0938     3.70    0.069  15.70   0      18.48     1168.627     80.87566
       997    120.6548     94.4502     10305.57     390.3213  14.9673   0.0411     3.67    0.082   3.04   0      43.29     2745.449     85.79413
       998    996.2112     88.5810      6822.35     349.9087  15.4152   0.0557     3.99    0.107 -33.00   0       31.9     1972.624     83.51651
       999    925.7700     87.9512     2711.548     278.6418  16.4170   0.1116     3.14    0.202   1.36   0       14.3     859.0367      80.8549
      1000    213.8041     87.5173     2955.397     289.4163  16.3235   0.1063     3.95    0.231 -89.28   0      14.65     972.7089     80.96198
      1001    832.5313     86.5162     5937.712     395.4428  15.5660   0.0723     4.16    0.172  -8.93   0      21.29     1208.775      80.9884
      1002    667.0455     82.3778     4144.223     207.5884  15.9564   0.0544     6.60    0.315 -16.99   0      30.15     2224.759     84.60672
      1003    653.3475     82.4331     4109.669      288.839  15.9655   0.0763     3.47    0.238   5.74   0      22.73     1444.061     82.06553
      1004    915.2316     80.3824     5861.875     322.4445  15.5799   0.0597     3.96    0.057 -44.10   0      30.62     1864.301     83.63284
      1005    591.4432     79.2339     18179.19     570.1396  14.3511   0.0341     6.65    0.401 -45.64   0      53.35     2615.714     85.44976
      1006    156.6632     79.1230     14924.54     302.9487  14.5652   0.0220     3.79    0.069   3.03   0      73.84     4918.597      90.9931
      1007    780.4396     77.0182     38692.02     348.5238  13.5309   0.0098     3.68    0.085   5.27   0      160.2     12405.76     108.7215
      1008    936.8029     78.4000     2934.934      271.017  16.3310   0.1003     5.81    0.450 -83.53   0       17.1     960.6093     80.71555
      1009    361.8721     79.3359     3174.085     251.5086  16.2460   0.0861     3.91    0.062  64.70   0      19.11     1132.697     80.98692
      1010    975.7705     78.1735     4477.561     300.7713  15.8724   0.0729     3.82    0.145  11.79   0         24     1493.983     82.62037
      1011    904.0890     78.1598     5423.019     324.7892  15.6644   0.0650     4.20    0.097  38.69   0      26.62     1577.591     82.01686
      1012    758.5264     77.8281     7323.778     459.4476  15.3382   0.0681     4.62    0.117   0.14   0      24.97     1452.571      82.0891
      1013    293.0534     77.6973     8057.355     296.3071  15.2345   0.0399     3.70    0.108 -12.72   0      43.19     2691.509     84.84545
      1014    484.1025     73.2022     10580.37     392.6738  14.9387   0.0403     4.86    0.100 -87.27   0      45.63     2541.499      85.0505
      1015    123.2607     70.2220      45757.2     378.9035  13.3489   0.0090     4.15    0.123  38.99   0      175.2     12564.21     108.5788
      1016     20.2918     73.3546      3240.27     289.6399  16.2235   0.0971     3.89    0.185 -46.63   0      18.81     1124.386     80.75124
      1017    744.5762     71.9355     5169.688     389.5296  15.7163   0.0818     4.53    0.121 -33.68   0      21.82     1287.003     81.83949
      1018    501.7190     69.0238     17722.17     372.2249  14.3787   0.0228     3.74    0.042  16.68   0      81.99     5520.787     92.67043
      1019    875.8397     69.3430     6366.036      265.927  15.4903   0.0454     3.87    0.146   2.62   0      34.06     2089.778     83.83472
      1020    846.9847     68.6507     10794.99     315.1898  14.9169   0.0317     3.69    0.074  12.00   0      53.82     3483.936     87.72861
      1021     52.2950     70.5297      3078.42     312.3365  16.2792   0.1102     5.88    0.172  13.47   0      15.29     806.0287     79.63488
      1022    298.9414     67.7556     5412.327     371.6277  15.6665   0.0746     3.68    0.126   0.01   0      22.92     1473.534     82.14712
      1023    417.9760     65.1027     4219.581     303.4191  15.9368   0.0781     3.63    0.007  24.20   0      22.41     1355.386     80.97581
      1024    400.5097     64.1179     3473.265     337.7064  16.1482   0.1056     4.87    0.149  14.25   0      16.17     896.9238     80.32255
      1025   1009.5988     62.3271     6257.611     375.5888  15.5090   0.0652     5.27    0.047  34.81   0      30.29     1683.675     82.72646
      1026    600.8938     60.0365     19143.12     477.9999  14.2950   0.0271     3.47    0.141 -21.41   2      74.92     5129.112      90.9528
      1027    753.9125     63.1691     2848.061     270.9441  16.3636   0.1033     3.42    0.202 -63.21   0      15.75     989.4147     80.58383
      1028    588.4703     60.2234     5336.945     365.7599  15.6818   0.0744     4.19    0.238   4.10   3      23.64     1444.924     82.27688
      1029    587.1463     55.8558     6948.331     404.6017  15.3953   0.0632     3.98    0.138  75.49   3      26.25     1543.782     82.75725
      1030    434.9556     59.9433     4765.878     142.1103  15.8046   0.0324     0.00    0.116  60.80   0      80.47     4290.821     89.79462
      1031    912.1013     58.3728     2489.547     275.3604  16.5097   0.1201     3.34    0.280  74.34   0      14.56      873.299     79.61124
      1032     90.2188     57.4937     2458.451     276.8893  16.5233   0.1223     3.14    0.247  88.68   0      13.91     857.9414      79.7829
      1033    838.9108     55.8732     5399.888     339.0005  15.6690   0.0682     3.56    0.032 -21.09   0      28.17     1770.942      82.5509
      1034    611.8136     55.4972     10325.91     456.2501  14.9652   0.0480     8.80    0.284  32.64   0      36.98       2173.5     83.85686
      1035    223.3439     54.0678     8100.207      291.962  15.2288   0.0391     8.74    0.263  52.06   0      41.13     2337.844      84.3011
      1036    677.1030     53.5550     6954.455     331.0865  15.3943   0.0517     4.19    0.085 -20.97   0      38.38     2479.043     84.07041
      1037    172.8015     53.8397     3437.287     301.4117  16.1595   0.0952     6.65    0.366  45.89   0      18.26     1025.135     81.32043
      1038    721.3359     53.9713     2765.914     278.6862  16.3954   0.1094     4.56    0.264 -16.26   0      15.58     972.4919     80.74901
      1039    850.6692     50.5261     16567.08      335.068  14.4519   0.0220     3.69    0.056  12.53   0      76.97     5079.547     91.39423
      1040    804.3534     51.7725     3566.816      291.373  16.1193   0.0887     4.23    0.159  59.56   0       21.3     1287.258     82.04974
      1041    267.5117     49.2327     32585.62     377.7988  13.7174   0.0126    11.03    0.186 -32.76   0      132.5     8621.104     99.64117
      1042    971.0087     51.5134     3911.883     341.7902  16.0190   0.0949     4.17    0.256  23.79   0      17.03      953.399     80.69525
      1043    360.1010     49.0082       3303.4     272.9033  16.2026   0.0897     4.56    0.136   4.09   0      20.24     1229.394     81.46886
      1044     46.1532     47.2111     10394.04     411.7784  14.9580   0.0430     4.21    0.158   4.85   0      44.14     2744.663     85.99196
      1045    600.2792     45.6738     14265.24     457.2704  14.6143   0.0348     3.72    0.074  41.19   0      53.83     3439.214      86.8252
      1046    243.7793     46.5600     5588.298     361.1931  15.6318   0.0702     4.57    0.143 -68.87   0      25.27     1424.705     82.42958
      1047    516.4439     44.2806     17324.88     355.4595  14.4033   0.0223     3.84    0.152  24.44   3      80.74     5257.924     91.64957
      1048     34.7385     45.9621     8518.991     410.7422  15.1740   0.0524     4.17    0.174  -3.05   0       35.3     2169.143     84.04959
      1049    867.3232     44.9661      3792.21     287.0977  16.0528   0.0822     4.34    0.022  73.91   0      19.48     1184.875     81.34457
      1050    431.9352     43.9059     4670.127     341.0376  15.8267   0.0793     3.78    0.095  24.13   0      21.37     1286.936     81.20744
      1051   1000.6570     39.5555     13265.15     361.2697  14.6932   0.0296    10.02    0.522  81.21   0      55.54      2441.36     84.98476
      1052    654.7413     43.5100     4120.185     311.7196  15.9627   0.0822     3.67    0.154  -0.19   0      20.98     1303.236     81.25305
      1053     61.8874     41.7709     7030.747     438.2595  15.3825   0.0677     7.26    0.333 -38.08   0      26.04     1479.392     81.74429
      1054    470.4430     40.8948     3249.141     285.1662  16.2206   0.0953     4.43    0.051 -68.81   0      18.75     1146.128     80.59966
      1055    371.9071     38.5063     35238.02     369.0675  13.6325   0.0114     6.07    0.063 -14.79   0      148.2     11238.76     105.6056
      1056     52.4173     40.0909     14999.05     421.5024  14.5598   0.0305     3.97    0.090  -6.79   1         62     4044.076     88.58834
      1057    213.7579     39.3756     7260.508     319.4224  15.3476   0.0478     3.58    0.139  15.17   0      40.16     2592.442      85.5887
      1058    172.5739     38.0962     10671.42     343.7674  14.9294   0.0350     3.77    0.040  46.67   0      53.15     3386.612     86.48911
      1059    524.1016     41.8609     34992.28     381.5009  13.6401   0.0118     3.60    0.108  -7.44   3      140.8     10160.04     103.0916
      1060    335.0038     35.4161     6133.295     307.6525  15.5308   0.0545     3.95    0.082 -10.38   0      32.44      1967.04     83.50131
      1061    969.0098     35.1308     5013.159     169.9794  15.7497   0.0368     0.00    0.123  16.41   0      61.69     3608.491     87.85547
      1062     96.1681     34.5604     8837.985     352.4355  15.1341   0.0433     4.01    0.206 -16.34   0      40.59     2521.779     85.40086
      1063    753.9983     33.0231     2300.886     223.5661  16.5953   0.1055     4.10    0.331   1.06   0      14.79     913.1917     80.58193
      1064    427.1020     28.5363     5906.452     311.6449  15.5717   0.0573     3.68    0.047  69.22   0      33.16     2079.803      83.3969
      1065    785.4611     27.0145      3441.85     305.6578  16.1580   0.0964     3.94    0.134  89.25   0      17.67     1058.344     80.99028
      1066    997.3505   1022.1808      2750.37     240.6509  16.4015   0.0950     3.16    0.274  13.03  16      16.08     1006.958     81.26962
      1067    474.2646     18.7364     8247.646     448.5641  15.2092   0.0591     6.21    0.357  12.05   3      26.79     1544.797     82.13525
      1068    386.4756     26.2334     2945.852     296.7324  16.3270   0.1094     4.10    0.251   0.96   0      14.66     905.3218     80.55973
      1069      7.6522     24.8165      5063.32     325.8575  15.7389   0.0699     4.34    0.144   6.99  16      24.34     1417.119     82.20004
      1070    952.1503     24.4915     3935.216     308.8171  16.0126   0.0852     3.66    0.189 -17.67   0      21.43     1301.815     81.24908
      1071    173.9480     24.6147     4290.066     338.2556  15.9188   0.0856     3.91    0.183   1.85   0       21.5     1308.366      81.8988
      1072   1010.5391     23.5120     2455.341     203.6339  16.5247   0.0901     3.70    0.026 -58.79   0      16.49       1003.5     80.41029
      1073    917.4695     23.5373     2425.309      272.171  16.5381   0.1219     3.79    0.048  -5.45   0      14.52     871.9288     80.46547
      1074     86.1139     21.5811     9777.282     276.6954  15.0245   0.0307     3.80    0.134   5.21   0      52.41     3333.209     86.94317
      1075     60.6644     20.9904     5270.433     251.6962  15.6954   0.0519     4.12    0.137  23.16   0      27.95     1623.721     82.56158
      1076    182.5020   1019.2693     7738.731     363.7257  15.2783   0.0510     3.51    0.044  54.68  16      35.68     2292.907     83.97565
      1077    868.9586     16.3976     3694.504     245.0695  16.0811   0.0720     6.22    0.347  24.21   0      23.87      1749.96     83.32154
      1078    144.4042     16.3247     2635.343     270.7656  16.4479   0.1116     3.73    0.154  44.15   0      15.55     984.9987      80.7842
      1079    641.1121   1018.5909     5001.142     349.9526  15.7523   0.0760     3.89    0.209  -9.59  16      23.51     1428.206     81.60185
      1080    598.7128   1017.9192     4877.218     341.1756  15.7796   0.0760     3.67    0.131  48.17  16      24.03      1516.56     82.05708
      1081    614.8013   1015.2500     6911.778     454.5462  15.4010   0.0714     9.16    0.476 -55.07  16      23.41     1042.451     80.94567
      1082    472.0945   1015.1275     21497.37     326.7796  14.1690   0.0165     3.54    0.118   7.32  16      101.6     7364.905     96.73346
      1083    389.5956   1013.9367     33089.95     371.2277  13.7008   0.0122     3.42    0.112  -8.61  19      140.4     10850.58     105.0942
      1084    396.1939   1013.9841     15842.73     368.7547  14.5004   0.0253     3.79    0.026  35.42  19      67.09     4311.667     89.65606
      1085    305.4110   1015.8642     2843.039     240.7384  16.3655   0.0920     3.41    0.167  14.34   0      18.32     1185.802     81.34717
      1086    165.3601   1015.2415      6212.95     394.5144  15.5168   0.0690     4.04    0.126  15.39  16      25.36     1547.217     82.35072
      1087    632.4706   1014.0342      3267.15     295.5294  16.2146   0.0982     3.94    0.261  -3.11   0      16.95     1048.644     80.96306
      1088    548.7336   1011.8665     3969.134     326.4112  16.0033   0.0893     7.24    0.340  81.52   0      18.18     983.6906     80.56768
      1089    135.1984   1011.9636     6010.828     381.1134  15.5527   0.0689     4.99    0.238  23.44   0      26.61      1559.44     82.80024
      1090    898.3875   1009.3219     2970.499     269.4584  16.3179   0.0985     4.09    0.140  41.40   0      17.14      1061.17     80.99821
      1091    733.4626   1009.3691     5606.237     337.8707  15.6283   0.0654     3.55    0.143   2.23   0      27.37     1742.734     82.88855
      1092    318.9997   1007.7493     2473.462     267.4386  16.5167   0.1174     3.41    0.165  88.23   0      14.72     985.2749     80.78498
      1093    835.7504   1004.7277     7214.666     408.9716  15.3545   0.0616     3.76    0.044  20.24   3      27.31     1647.827     82.41985
      1094    834.9053    999.6537     8213.823     463.6063  15.2136   0.0613     4.92    0.196  41.67   3      25.88     1525.323      81.6619
      1095    651.6076   1003.4699     5000.868     296.8597  15.7524   0.0645     3.93    0.151  35.43   0      26.47     1597.052     82.48814
      1096    408.2925   1003.3556     10725.84     353.6509  14.9239   0.0358     3.81    0.144  19.55   0      51.12     3256.401     86.34535
      1097    902.7804   1000.7858     8814.779     325.8393  15.1370   0.0401     3.49    0.154  22.90   0      47.03     3101.995      86.7335
      1098    400.6410    998.7382     5584.323     425.5721  15.6326   0.0828     6.94    0.404  86.89   0      17.94     711.0963     80.00991
