#   1 NUMBER                 Running object number                                     
#   2 X_IMAGE                Object position along x                                    [pixel]
#   3 Y_IMAGE                Object position along y                                    [pixel]
#   4 FLUX_AUTO              Flux within a Kron-like elliptical aperture                [count]
#   5 FLUXERR_AUTO           RMS error for AUTO flux                                    [count]
#   6 MAG_AUTO               Kron-like elliptical aperture magnitude                    [mag]
#   7 MAGERR_AUTO            RMS error for AUTO magnitude                               [mag]
#   8 FWHM_IMAGE             FWHM assuming a gaussian core                              [pixel]
#   9 ELLIPTICITY            1 - B_IMAGE/A_IMAGE                                       
#  10 THETA_IMAGE            Position angle (CCW/x)                                     [deg]
#  11 FLAGS                  Extraction flags                                          
#  12 SNR_WIN                Gaussian-weighted SNR                                     
#  13 FLUX_APER              Flux vector within fixed circular aperture(s)              [count]
#  14 FLUXERR_APER           RMS error vector for aperture flux(es)                     [count]
         1    258.9552     19.1008     4155.748     175.7218  15.9534   0.0459     4.16    0.138 -10.34   0      34.73     1174.498     47.73107
         2     37.5073     17.0215     4028.787     235.1004  15.9871   0.0634     3.76    0.255  27.59   0      23.34     759.8949     45.82447
         3    591.5911     15.4167     6061.098     176.7486  15.5436   0.0317     4.17    0.232  -3.81   0      51.29     1857.589     51.27459
         4     26.1795     15.8004     2698.179     200.1168  16.4223   0.0805     5.22    0.314  -4.31   0      21.77     703.1339     45.87299
         5    857.4045     12.6709     2457.756     125.4503  16.5237   0.0554     6.30    0.508  62.31   0      40.62     1625.582      50.2357
         6    507.8927     14.2956     2703.859     170.1699  16.4200   0.0683     4.41    0.374  -2.53   0      24.29     853.2233     46.50237
         7    992.2288     10.9617     3521.508     242.5341  16.1332   0.0748     9.77    0.406  81.01  16      23.78     534.0416     45.25083
         8    515.5485     11.5997     3630.105     181.4055  16.1002   0.0543     4.61    0.261 -11.64   0      31.55     1062.485     47.62008
         9    363.3691      8.3636     7935.373     167.5074  15.2511   0.0229     4.22    0.231  -7.18  16      64.77     2456.128     54.04917
        10    163.6936      8.3968     5044.055     208.8871  15.7431   0.0450     9.48    0.229 -22.70  16      41.34     1347.977     48.96368
        11     43.9664      9.9586     5715.203     261.0336  15.6074   0.0496     4.83    0.284  -0.03  16       30.8     1007.418     47.56898
        12    205.0955      8.9787     2255.899      178.267  16.6167   0.0858     6.97    0.282 -22.10  17      19.16     556.2953     44.80331
        13    329.0003      8.9863     6017.734     89.60474  15.5514   0.0162     4.21    0.010  48.37   3      106.8     5818.276      66.5537
        14    326.1946      4.0291      3558.72     158.3067  16.1218   0.0483     9.10    0.314  83.49  26      31.52     685.6041     46.00576
        15     87.3672      4.4047      1670.42     154.7599  16.9429   0.1006     4.15    0.130  37.42  16      15.91     518.5765     45.17309
        16    724.2101   1006.9117     4018.264     214.3372  15.9899   0.0579     8.83    0.167 -51.93   0      29.92      891.076     46.57889
        17    870.3444   1021.6985     7164.955     173.8658  15.3620   0.0264     4.81    0.257  -4.57  24      57.99     2096.784     52.13101
        18    748.5662   1022.0426     16858.07      169.816  14.4330   0.0109     4.19    0.307  -7.77  24      123.7     5819.358      66.6331
        19    595.9821   1022.6092     4891.391     175.9558  15.7764   0.0391     5.26    0.232  -0.48  24      41.53     1470.702     49.53005
        20    329.6587   1023.0801     2296.196     141.2434  16.5975   0.0668     6.87    0.597   0.79  24      19.75     650.7005     45.39087
        21    513.5022   1004.3565     13017.61      227.032  14.7137   0.0189     5.48    0.320  26.23   0      83.69     2902.923     55.35253
        22    778.0782   1004.9221     8428.895     230.1888  15.1856   0.0297     4.53    0.207   0.45   0      63.05     2348.528     53.12239
        23    871.2286   1004.3499     4903.675     176.6865  15.7737   0.0391     3.92    0.281  -9.57   0      43.86     1665.653     50.61627
        24     48.2234   1005.1797     1972.862     165.4241  16.7623   0.0911     4.06    0.236 -19.83   0      17.96     608.0532     45.62104
        25    482.9395   1004.2615     2117.736     117.5529  16.6853   0.0603     4.09    0.227 -21.77   0      23.15     809.7735     46.39832
        26    213.6129   1004.3750     2192.425     123.9561  16.6477   0.0614     7.07    0.351   6.20   0      22.24     702.5211     45.97973
        27    666.7107   1005.1962     3170.774     164.7829  16.2471   0.0564     4.23    0.292 -17.91   0      29.76     1024.593      47.4389
        28    735.5946    995.7557     1263.608     130.2288  17.2460   0.1119     5.08    0.283  -2.90   0      13.25     411.5156     44.51809
        29    304.1826    995.0845     2123.891     160.2162  16.6822   0.0819     7.04    0.505  -0.90   0      20.26     648.8761     45.49269
        30     17.1273    995.0754     1555.768     148.7748  17.0201   0.1039     3.55    0.178  -3.86   0      16.01     607.5745     45.17443
        31    546.8495    993.4447     1819.565     163.6805  16.8501   0.0977     4.38    0.246  13.44   0      18.63     621.2771     45.57638
        32    182.2340    993.6089     2151.307     167.9359  16.6682   0.0848     4.98    0.194 -21.06   2      22.56     548.5123     45.32345
        33    173.7166    988.7947     3568.556     160.6914  16.1188   0.0489     4.14    0.257  -4.72   0      36.01     1303.158     48.85849
        34    632.5939    987.8270     2278.059     175.4448  16.6061   0.0836     4.24    0.265 -11.00   0      21.26     731.1003     46.12078
        35    381.3551    983.3469     27214.21     241.3475  13.9130   0.0096     5.00    0.376  -1.60   0      155.5     7119.935     70.93054
        36    463.2778    984.6234     5015.046     185.8649  15.7493   0.0402     4.14    0.199 -15.06   0       41.6      1508.24       49.702
        37    297.8649    985.0883     1416.582     101.1085  17.1219   0.0775     4.56    0.149 -25.04   0      32.61     1009.559     47.15346
        38    222.9878    984.5042     3764.967     235.9161  16.0606   0.0680     5.54    0.317 -10.82   2      19.18     368.0995     44.18193
        39    156.0471    984.7831     1919.192      130.405  16.7922   0.0738     6.56    0.240  -3.65   0      20.88     717.8889     46.16497
        40    540.9222    979.3042     4864.556     101.3791  15.7824   0.0226     5.49    0.349 -72.64   0      88.85     4196.697     60.59825
        41    126.7272    981.5463     2414.871      120.241  16.5428   0.0541     4.29    0.301  -1.24   0      25.15     855.3501     46.51276
        42    724.9418    978.8417     1593.117     157.8727  16.9944   0.1076     4.96    0.385  -1.00   0      16.32     523.4191      44.9738
        43    826.8651    974.4137     3663.466     219.7725  16.0903   0.0651     3.76    0.123  81.71   0      19.93     519.6815     44.95491
        44    971.0120    972.3596     4002.229     91.50557  15.9942   0.0248     0.89    0.173 -89.74   0      72.54      4000.24     60.27657
        45    642.4597    973.1731     1317.263       148.41  17.2008   0.1224     5.09    0.261  -1.55   0      12.96     406.0291     44.49007
        46    894.0933    970.3763     2717.795     143.6854  16.4145   0.0574     3.95    0.209  -2.64   0      28.52     1017.854     47.08648
        47    379.2632    970.8809     2980.941     90.33895  16.3141   0.0329     2.47    0.330 -26.84   0      67.21     2520.176     53.94528
        48    399.6069    973.0061     2813.635      162.748  16.3768   0.0628     4.53    0.205  -7.97   0      26.72     895.2147     46.81496
        49    674.4527    967.4152     3581.735     174.9778  16.1148   0.0531     4.37    0.198 -16.28   0       32.7     1125.609      48.0255
        50    133.5526    967.9128     1485.686     96.15624  17.0702   0.0703    -0.55    0.472  -7.24   0      31.26      1083.51     47.50856
        51    784.8804    964.3129     2896.648     152.4716  16.3453   0.0572     4.35    0.269  -6.18   0      28.81     1002.907     47.22826
        52    702.3255    962.7328     13815.06     193.7459  14.6491   0.0152     4.03    0.231 -12.11   0      102.4     4417.922     61.50438
        53    319.0895    961.3076     4565.091     194.6031  15.8514   0.0463     4.16    0.175 -15.69   0      38.04     1360.937     48.92085
        54    263.0644    960.1085     11133.88     107.7726  14.8834   0.0105    -3.32    0.269  59.15   0      151.3      10983.6     82.20161
        55    838.0603    961.6205     2048.305      168.546  16.7215   0.0894     4.59    0.277   9.48   0      21.14      699.963     45.85728
        56    416.3307    960.1463     5213.382     153.4419  15.7072   0.0320     3.90    0.239  -2.23   0      47.24     1786.928      50.8614
        57    730.2836    955.1779     80252.44     308.9742  12.7389   0.0042     4.00    0.332  11.84   3      318.2     23085.35     110.7154
        58    737.1769    952.8858     36276.22     236.2491  13.6009   0.0071     4.16    0.175  15.36   3      191.9     9777.086     78.79523
        59    469.9455    958.0179     4265.371     160.8925  15.9251   0.0410     4.21    0.245   4.47   0      39.15     1383.234     49.22957
        60   1003.0262    956.7514     3151.748     161.6676  16.2536   0.0557     4.00    0.226  -2.59   0       28.9     1022.331     47.64019
        61    900.3240    955.9374     13377.79     188.6111  14.6840   0.0153     7.08    0.236  -8.42   0      98.92     3920.811     59.72363
        62    282.7163    956.1180     6412.158     99.86416  15.4825   0.0169     5.13    0.316 -23.91   0      102.1     5436.851     65.08344
        63    505.7349    955.7567     16843.28       230.83  14.4339   0.0149     4.53    0.194 -10.09   3      110.3     4540.906     62.03848
        64    542.5268    954.9606     3413.438     185.2618  16.1670   0.0589     4.01    0.177  -1.91   0       30.6     1024.195     47.43699
        65    358.6664    954.9022     1386.262     145.0813  17.1454   0.1137     3.23    0.282  13.49   0      14.05     472.4906     44.48963
        66    113.5265    954.1805     2375.423     121.2107  16.5606   0.0554     7.19    0.448  -0.29   0      28.69     1010.601     47.37181
        67    582.5781    953.5955     1817.877     178.4156  16.8511   0.1066     3.91    0.250 -24.95   0      16.76       551.32     45.11457
        68    141.0576    953.9143     12162.34     107.6023  14.7875   0.0096     0.00    0.241 -55.75   0        161     12338.45     85.86585
        69    970.5363    949.5795     22752.56     248.0207  14.1074   0.0118     4.22    0.064  19.46   2      134.6     5469.067     65.35032
        70    607.9271    950.8777     5770.682      199.827  15.5969   0.0376     4.13    0.325  -5.45   0      48.12     1758.987     50.63692
        71    211.6388    949.2699     1769.577     132.0667  16.8803   0.0811     3.91    0.218  -4.57   0      19.52     703.9329     45.87695
        72    823.3301    942.2648      16148.2     231.7817  14.4797   0.0156     5.80    0.119   6.05   3      107.2     4602.674     62.18333
        73    829.0189    933.4762     55282.29     251.3809  13.1435   0.0049     4.91    0.178 -12.23   3      258.7     17308.31     98.29662
        74    194.9489    957.5543     14352.49     256.4422  14.6077   0.0194     4.53    0.162 -14.92   0      87.48     3622.513     58.66349
        75    147.8432    942.4631     4889.484     151.3044  15.7768   0.0336     4.37    0.176  -9.15   0      46.05     1655.307        50.37
        76    504.7950    950.8849     14346.95     218.1979  14.6081   0.0165     4.12    0.251   3.74   3      97.33     3901.124     59.73312
        77     53.3795    939.0241     3636.304     224.2861  16.0983   0.0670     4.60    0.240   0.16   0      25.48      809.887     46.61568
        78    777.9808    935.8451     1874.825      197.272  16.8176   0.1143     5.44    0.386  -1.48   0      15.13     459.0887      44.8728
        79    408.7740    933.3905     7520.779     172.8783  15.3093   0.0250     9.68    0.139  -8.85   0       63.2     2066.085     52.28707
        80    899.9711    932.3210     3482.723     237.7739  16.1452   0.0741     5.74    0.535 -87.44   1      18.91      465.045     44.67784
        81    112.3930    932.5067      3694.07     306.4969  16.0812   0.0901     4.11    0.300  -1.55   0      35.24     759.5588      46.1517
        82     44.7443    930.8790     5008.348     187.2081  15.7508   0.0406     4.23    0.249  -1.79   0      45.43     1654.211     50.16446
        83    363.3129    930.2482     1213.479     125.2053  17.2899   0.1121     3.35    0.120  11.98   0       14.9     515.8789     44.71072
        84    772.2963    929.9990      1814.03     139.5653  16.8534   0.0836     4.20    0.349   2.81   0      17.84     605.4029     45.38621
        85    120.9973    925.9922     4940.698     116.5734  15.7655   0.0256     0.00    0.004 -55.43   2      100.8     5129.336     64.15794
        86    290.2190    926.2114      1996.07     124.6111  16.7496   0.0678     4.33    0.330   2.57   0      21.41     745.7762     46.08377
        87    510.1884    925.3202     2237.293     193.1746  16.6257   0.0938     4.96    0.367 -13.52   0       17.2      524.608     44.97981
        88     86.6311    925.9010     1412.832      130.489  17.1248   0.1003     3.31    0.260  12.74   0      14.89     495.3857     44.37981
        89    895.8088    924.0872     6153.526     254.0799  15.5272   0.0448     4.49    0.296  -2.42   0      37.37     1323.993     48.85223
        90    654.6250    924.6445     2468.998     143.2914  16.5187   0.0630     6.29    0.360 -12.95   0      24.47     877.1334     46.94239
        91    984.5139    920.2049     1156.997     139.3983  17.3417   0.1308     5.00    0.262   1.70   0      13.37     439.9165     44.54982
        92    826.7712    917.8053     3219.433     229.4244  16.2306   0.0774     5.30    0.273   8.70   0      21.38     674.0731     45.94876
        93    444.7636    917.1324     2325.254      186.643  16.5838   0.0872     4.06    0.397  -8.96   0       15.5     494.1574     44.82568
        94    546.9485    915.7377     1793.451     162.8722  16.8658   0.0986     4.10    0.306   6.82   0      17.15     607.9393     45.39891
        95    280.8185    912.7990     24378.21     208.8044  14.0325   0.0093     3.97    0.181 -10.64   0      153.6     7738.416     72.81612
        96    920.9930    914.8150     1436.026     97.34234  17.1071   0.0736     4.17    0.396   0.92   0      18.21     680.7723     45.76207
        97    694.1334    913.2812     4742.439     164.6559  15.8100   0.0377     4.05    0.188  -0.45   0      44.76     1618.739     50.00349
        98    570.5066    907.5872     85353.61     288.3802  12.6719   0.0037     4.02    0.137 -22.15   0      332.3     24971.73     114.5222
        99    806.9061    910.7019     3938.217     220.0565  16.0118   0.0607     6.63    0.414  -3.84   0      28.38     868.7801     46.36135
       100    634.7673    909.8981     5065.861        171.1  15.7384   0.0367     8.28    0.467 -52.29   2      51.11     1901.359     51.07491
       101    661.5677    909.5453      4972.17     187.8364  15.7586   0.0410     4.40    0.241  -6.05   0      42.92     1495.677     49.64452
       102    613.8707    909.0131     5969.175     240.6631  15.5602   0.0438     4.27    0.208 -12.81   0      41.84     1517.836      49.8471
       103    884.3737    906.6407     2762.438     198.9266  16.3968   0.0782     7.04    0.363   4.95   0      22.54     790.6683     46.52188
       104    959.5432    903.7782     4021.712     138.6418  15.9890   0.0374     3.94    0.239  -6.67   0      40.38     1488.686      49.6125
       105    741.0005    904.2531     3869.646     212.9994  16.0308   0.0598     6.75    0.379   4.89   0      29.82     914.7448     46.90968
       106    109.9362    902.5424     3513.606     224.1617  16.1356   0.0693     4.28    0.377 -20.56   2      22.05     735.8433     46.03476
       107    126.0490    907.3824     4340.945     240.6966  15.9060   0.0602     4.18    0.248 -19.43   0      30.08      1034.47     47.69806
       108    599.4914    902.2075      1173.87     130.0721  17.3260   0.1203     3.36    0.260   1.00   0      13.18     457.6805     44.64036
       109      9.8971    900.7800     4391.918     208.1764  15.8934   0.0515     4.51    0.203  -8.19  16      36.75     1259.723     48.23978
       110    757.9404    895.4596     2825.141      209.489  16.3724   0.0805     4.03    0.130  77.54   2      19.72     493.9542     45.04904
       111    417.1658    899.9208     3668.869     89.27296  16.0887   0.0264     4.87    0.246 -31.03   0       71.9     3086.995     56.46153
       112    829.4779    897.9857     1385.327     138.8654  17.1461   0.1089     3.33    0.258  -2.15   0       14.5     492.0358     44.81493
       113    352.5383    896.9384     4934.821     108.7296  15.7668   0.0239     2.35    0.464 -63.49   0      64.92     4357.064     61.27908
       114    872.5114    896.5142     2864.302     187.2983  16.3575   0.0710     3.48    0.284  -0.77   0      24.09     871.8806     46.59346
       115    311.3154    894.7098     15398.44     186.3547  14.5313   0.0131     3.95    0.199  -0.84   0        112     4987.555     63.57446
       116    847.7221    892.7043     4488.818     244.4722  15.8697   0.0591     4.74    0.266 -20.26   0      21.59      595.472      45.1135
       117   1022.0018    887.5477     33314.41     189.9093  13.6934   0.0062     4.41    0.174 -89.93  24      200.8     11731.88     84.36467
       118    297.0120    886.7433     3393.411      136.689  16.1734   0.0437     3.95    0.264  -8.77   0       34.1     1257.745     48.64679
       119    212.5457    886.4622     2367.275     162.1234  16.5644   0.0744     3.89    0.299   0.34   0      23.08     801.1124      46.4645
       120    161.7987    880.8755     16188.99     185.9657  14.4770   0.0125     1.32    0.123 -27.13   0      124.4     7641.048     72.51157
       121    267.3638    882.1222     6454.095     158.4825  15.4754   0.0267     4.23    0.217  -5.49   0      56.64      2096.12     52.32119
       122    449.4196    880.7834     3384.746     235.5495  16.1762   0.0756     6.57    0.415   1.93   0      18.08     521.5182     45.07618
       123     60.4382    878.4477     8225.451     178.1002  15.2121   0.0235    10.16    0.356 -15.70   0      65.01     2434.098     53.67541
       124     10.6018    875.1899     53498.64        290.8  13.1791   0.0059     9.79    0.499 -17.68  24      222.6     7794.789     72.99185
       125     99.5629    877.2254     7070.621      259.311  15.3764   0.0398     4.24    0.173 -11.98   0      44.03     1560.149     50.24075
       126    237.2732    874.3259      44136.7     238.4655  13.3880   0.0059     4.08    0.179 -10.84   0        225     13386.27     88.65276
       127    929.1616    876.0992     1372.067     128.4706  17.1566   0.1017     3.45    0.345   7.90   0      16.17     586.3378     44.84316
       128    554.6890    869.3292     16322.68     231.4087  14.4680   0.0154     5.55    0.237 -12.14   0      103.8     3946.357     59.65197
       129     80.6320    867.6702     3355.763     152.3293  16.1855   0.0493     4.19    0.160  -6.93   0      32.43     1118.744     47.88783
       130    870.4680    865.8036     1306.898     134.1177  17.2094   0.1114     3.86    0.266   0.18   0       14.3     469.8011     44.70202
       131    846.9693    862.2031        20608     221.2324  14.2149   0.0117     4.08    0.194  -1.99   0      133.4     6340.105     68.45989
       132    396.6657    862.9973     8429.148     167.4249  15.1855   0.0216     3.86    0.233  -4.00   0      69.85     2817.352     55.45649
       133    611.3071    859.6624     33705.95      228.308  13.6807   0.0074     4.06    0.145  -6.49   0        189     10210.33      80.0351
       134    497.8771    862.8521     6440.636     280.7197  15.4777   0.0473     5.30    0.346 -20.79   0      35.56     1092.371     47.65684
       135    889.1926    860.3056     6915.212     174.9856  15.4005   0.0275     5.26    0.362 -19.40   0      54.03     1999.865     51.90139
       136    100.2562    859.6104      6310.44      268.213  15.4999   0.0462     5.43    0.214 -29.86   0      37.67     1179.637      48.2805
       137   1015.3718    857.0801     29980.03     225.1289  13.8079   0.0082     7.05    0.060  -3.86  16      175.8     9517.672     78.17249
       138     69.9171    859.1405     2579.219     199.3504  16.4713   0.0839     3.91    0.096  12.48   0      20.95     713.3331      45.7034
       139    829.1263    855.2640     4124.921     184.0899  15.9615   0.0485     4.13    0.247  -6.12   0      37.38     1367.196      49.0528
       140    765.3709    853.4293     7901.058     197.8248  15.2558   0.0272    10.75    0.187  52.42   0       61.1     2198.349     52.95414
       141    296.4967    856.0092     1067.803     102.8035  17.4288   0.1046     4.34    0.365 -24.88   0      13.36     474.7324     44.72709
       142    438.5499    853.4738     1691.293     153.1534  16.9295   0.0983     6.17    0.662 -30.26   0      12.49     348.6264     43.96712
       143    376.0910    852.6147     1476.362      107.287  17.0770   0.0789     4.19    0.226  13.00   0      17.22     594.5004      45.1086
       144    307.1111    852.3760     1969.472     154.3842  16.7641   0.0851     3.92    0.209 -15.01   0      20.31     695.5889     45.61508
       145     43.9998    851.2686     7538.595      175.075  15.3068   0.0252     5.97    0.398  -5.21   0       59.5      2229.24     53.08656
       146    655.0331    850.7976     1722.278     164.3142  16.9097   0.1036     4.85    0.269  -5.40   0       17.7     593.8969     45.55046
       147    609.7657    849.1013     6589.666     229.4668  15.4528   0.0378     4.44    0.232 -13.01   0      47.97     1719.476     50.25905
       148    219.4524    848.7715     1707.434     168.8339  16.9191   0.1074     5.06    0.307   3.36   0      13.63     404.6108     44.48283
       149    502.7979    843.8877     3468.542     197.1913  16.1496   0.0617     4.78    0.291   2.66   0       28.4       939.34     47.02869
       150    164.2772    839.9113     20190.37     221.9417  14.2371   0.0119     4.12    0.264 -12.59   0      129.2     5922.116     66.75649
       151    587.1084    840.7197     1923.744     151.8468  16.7896   0.0857     4.64    0.295   1.87   0       20.1     696.8851     45.73191
       152    222.2255    835.0570     94685.53     293.0741  12.5593   0.0034     3.91    0.128  -4.56   0      355.9     29362.94     123.0102
       153    625.0386    836.7194     11216.68     205.9279  14.8753   0.0199     4.33    0.185   8.55   0      82.83     3315.127     57.37247
       154   1019.3217    835.1909     8063.743     165.4111  15.2337   0.0223     3.95    0.199  13.62  16       67.2     2651.552     54.68067
       155    958.3359    834.7263     8296.684     255.0031  15.2027   0.0334    10.95    0.457  21.02   0       54.2      1577.17      49.9153
       156    242.5789    833.8167     19231.47     201.2551  14.2900   0.0114     3.99    0.200 -10.62   0      129.1     6087.235      67.6152
       157    154.1310    832.0842     9718.774     222.5756  15.0310   0.0249     4.23    0.219 -14.04   0      71.59     2679.244     54.61132
       158     24.1552    832.2513     4320.576     141.8226  15.9111   0.0356     4.06    0.249  -9.72   0      41.19     1544.174     49.96704
       159    940.1505    831.9661     3539.814      88.9438  16.1275   0.0273     4.79    0.227 -10.52   0      69.45     2968.312     55.98176
       160    525.1695    830.4590     1533.285     160.1651  17.0359   0.1134     5.41    0.368   5.94   0      14.04     469.9844     44.59003
       161    900.0359    828.9659     2480.699     152.6781  16.5136   0.0668     4.10    0.154   1.84   0      25.42     906.6847     46.97805
       162    704.4186    828.1859     3344.392     141.1453  16.1892   0.0458     4.17    0.229   3.77   0      32.28     1102.453     47.81046
       163    857.9973    826.8277     3252.732     168.6744  16.2194   0.0563     5.52    0.294 -10.64   0      32.09     1156.647      48.2767
       164    388.6826    827.7125     2461.563     171.3237  16.5220   0.0756     5.47    0.414   7.87   0      22.76     744.0312     45.96561
       165     61.8551    827.9077     2528.384     200.5533  16.4929   0.0861     5.49    0.400   9.29   0      15.62     403.0273     44.13335
       166    939.4761    827.0148     1383.749     162.2995  17.1474   0.1274     4.95    0.373 -24.56   0      13.34      433.033     44.62781
       167    867.3747    825.9532     2902.716      141.327  16.3430   0.0529     4.20    0.193  -1.69   0      29.84      1076.83     47.89948
       168    990.1965    821.8267     1076.469     136.5249  17.4200   0.1377     5.55    0.672 -44.99   0      14.06     552.2999     45.23111
       169    227.8586    821.4249     2549.233     206.7653  16.4840   0.0881     5.57    0.340 -24.34   0      19.48     623.4788     45.47663
       170    847.4241    818.7808      1138.05      118.868  17.3596   0.1134     3.21    0.266   2.22   0      13.56     468.7845     44.92188
       171    545.4174    818.9041     1654.561     137.4839  16.9533   0.0902     4.20    0.329   3.49   0       17.7     604.4192     45.04677
       172    811.2585    818.4261     1296.092     114.8613  17.2184   0.0962     5.12    0.500  -9.59   0      14.25     458.8781     44.64645
       173    634.6042    815.6984     11304.93     223.0621  14.8668   0.0214     4.15    0.214 -17.05   2      80.92     3187.112      56.8631
       174    638.5936    807.3757     7095.995     319.8325  15.3725   0.0489     7.73    0.506 -20.57   3      28.09      795.448     46.43679
       175    394.7918    817.3955     1465.661     151.9911  17.0849   0.1126     6.07    0.503  16.41   0      14.04     386.4147     44.27604
       176     84.2116    833.4065     3947.496     232.8667  16.0092   0.0641     4.72    0.266   0.38   0      25.42     813.3439      46.4158
       177   1020.2517    814.4837     2902.815     105.5963  16.3430   0.0395     6.11    0.475 -56.94  16      52.46      2056.13     51.95347
       178    681.4096    814.2332     1562.981     113.1825  17.0151   0.0786     6.20    0.145  -5.58   0      17.38     565.3651     45.40788
       179    139.9470    815.1851     1501.233      144.391  17.0589   0.1045     3.68    0.394  -0.65   0      15.86     543.6915     45.18784
       180    963.6198    810.9681     3260.781     189.7817  16.2167   0.0632     3.99    0.132   7.94   0      27.61     933.7192     47.21556
       181    241.4010    807.8637     9576.166     197.8378  15.0470   0.0224     4.23    0.328 -20.98   0      72.48     2817.226     55.45597
       182    473.5036    808.5125     4075.408     207.8306  15.9746   0.0554     5.31    0.460   4.86   2      27.57     966.8046     46.94694
       183    114.8352    807.4504     2379.767     172.6812  16.5587   0.0788     7.06    0.507 -24.54   0      20.09     695.3732     45.83452
       184     88.2249    802.5614     4124.923     242.5799  15.9615   0.0639     7.31    0.340 -12.76   2      25.65     650.8254     45.83362
       185     92.9906    807.9937     3975.647     84.26617  16.0015   0.0230     0.00    0.003 -28.42   2      87.85     3978.198     59.94161
       186    736.8223    806.8901     1818.675     171.2065  16.8506   0.1022     5.85    0.399  -6.34   0      16.14     492.6646     44.47936
       187    957.0292    802.3589     2301.338     205.2683  16.5950   0.0969     6.31    0.590  77.52   1      14.93     432.0818      44.7358
       188    878.3588    803.2199      2574.99     150.3237  16.4731   0.0634     4.39    0.225   6.62   0      25.79     867.2574     46.89455
       189    833.5304    801.8645     12832.59     193.2433  14.7292   0.0164     5.40    0.171   0.02   0      94.28     3813.397     59.22841
       190    179.1545    804.1066     1405.117     142.4813  17.1307   0.1101     5.08    0.353   8.74   0      15.62     527.9691     44.65939
       191      9.4674    803.8005     982.4642     83.66988  17.5192   0.0925     2.85    0.243  -0.73   0      12.61     445.2966     44.80289
       192    722.6368    802.3041     2980.524     158.2728  16.3143   0.0577     4.75    0.302   3.65   0      27.75     933.9634     46.57167
       193    704.1762    800.0238     3954.844     131.0516  16.0072   0.0360     0.00    0.391 -48.64   0      44.84     1835.778     51.37447
       194     78.4462    801.0278     2306.236     196.4896  16.5927   0.0925     4.13    0.133  -2.05   0      19.36     643.7561     45.79856
       195    346.2192    797.3481     3467.027     161.3309  16.1501   0.0505     3.88    0.161   2.51   0      32.19     1117.125     47.98533
       196    960.5565    796.3237     7326.775     278.7362  15.3377   0.0413    10.27    0.524  -9.58   2      39.47     1282.808     48.66024
       197    967.3317    794.3676     3042.872     186.1656  16.2918   0.0664     3.86    0.465  53.05   3       22.6     599.6516      45.3574
       198    430.6820    796.6309      3380.51     183.8554  16.1775   0.0591     4.37    0.334  -5.66   0      29.24     1010.596     47.37179
       199    537.4638    796.9595     1091.285     122.9498  17.4052   0.1224     4.94    0.390  25.62   0      13.19     427.1584     44.48469
       200    884.5084    793.6694     2057.968     111.9424  16.7164   0.0591     4.33    0.577 -54.28   0      38.77     1448.476     49.32586
       201    320.7487    793.3286      3088.06      194.821  16.2758   0.0685     9.11    0.428  88.76   0      21.86     439.4044      44.4339
       202    466.4013    793.6212     4450.706     218.8643  15.8789   0.0534     6.25    0.286 -33.28   0      34.02     1050.059     47.56074
       203    562.5764    793.0888     4458.123     142.9274  15.8771   0.0348     3.94    0.312  -6.55   0       43.1     1574.149     49.80041
       204    119.0257    790.8632     2667.734     208.7151  16.4346   0.0850     7.45    0.181  16.17   0       19.5     642.0822     45.68002
       205    637.3559    789.1188     6262.295     157.4085  15.5082   0.0273     3.94    0.215  -3.47   0      55.44     2037.797     51.87321
       206    829.2687    789.1190     3275.825     180.2632  16.2117   0.0598     4.23    0.255  -6.70   0      31.05     1067.826     47.43347
       207    802.4672    789.4763     1349.755     117.1395  17.1744   0.0942     3.64    0.067   3.81   0      16.22     553.8096     44.90312
       208    550.3568    787.5922     3209.681     133.5819  16.2338   0.0452     4.13    0.183 -13.19   0      32.16     1131.711     48.26374
       209     29.7762    786.2888     3652.861     145.1569  16.0934   0.0432    -0.99    0.427 -49.95   0      50.85     1953.954     51.50456
       210     43.6596    786.3598     2346.822     91.52623  16.5738   0.0424     1.48    0.270 -44.67   0      48.03     2221.522      52.8631
       211     35.1412    784.0671     2211.831     179.6198  16.6381   0.0882     4.67    0.394  -8.24   0      17.61      573.419     45.22577
       212    226.1721    781.2563     8215.514     196.9097  15.2134   0.0260     4.24    0.228  -8.46   0      65.33     2473.448     53.93533
       213    972.7134    779.8194     5296.608     169.1858  15.6900   0.0347     4.34    0.236 -42.67   0      49.35      1910.26     51.31139
       214    996.9136    777.3671     17364.02     237.2595  14.4009   0.0148     4.17    0.239  -1.28   3      111.2     4829.536     63.00703
       215    992.1922    772.4611     13215.12     204.4559  14.6973   0.0168     4.12    0.220  -3.98   3      95.09     4022.846     60.19447
       216    788.7694    777.1660     5472.568     153.0038  15.6545   0.0304     4.18    0.207  -4.82   0      49.61     1843.777     51.40984
       217    519.4937    776.3735     6879.916     220.2308  15.4060   0.0348     4.20    0.265  -2.36   0       52.6     1884.298     51.09769
       218    544.9930    773.9340     3830.217     83.87302  16.0419   0.0238     4.27    0.054 -89.60   0      82.08     3830.439     59.37873
       219   1001.3609    769.2581     2460.511     211.4904  16.5224   0.0933     7.07    0.377 -24.36   1      17.91     536.6763     45.04074
       220    394.4142    767.4125     7544.836     216.8854  15.3059   0.0312     4.23    0.193 -13.75   0      58.99     2220.312      52.8579
       221    194.9603    766.9242     9281.378      98.8158  15.0810   0.0116     4.50    0.144  63.51   0      135.3     8854.078      76.2188
       222      7.0575    765.9852     41588.87     155.5561  13.4526   0.0041     0.00    0.115 -15.74   0      296.3     40948.31     142.8554
       223    207.1762    764.0073     1162.671      133.873  17.3364   0.1250     3.75    0.219   0.55   0      13.45     491.3737     44.92393
       224    454.2849    761.4821     4413.938     169.4898  15.8879   0.0417     3.77    0.257  -8.81   0      38.79     1419.663     49.19292
       225    301.4647    760.6988     14368.14     221.0891  14.6065   0.0167     5.21    0.317   5.72   0      95.61     3589.858     58.19131
       226    664.7996    758.9899     9962.588     169.4937  15.0041   0.0185     3.93    0.233 -11.43   0      81.15     3391.461     57.67407
       227    719.6873    757.9534     8406.878     206.4984  15.1884   0.0267     3.90    0.197  -9.63   0      66.51      2582.65     54.20784
       228     90.4072    759.5936     1874.167     156.6761  16.8180   0.0908     3.87    0.131  -7.70   0      20.17     697.2161     45.84366
       229    595.3069    758.4401     2555.209     145.1749  16.4814   0.0617     4.36    0.333  -6.06   0      26.73     922.1398      46.6222
       230    651.9758    754.2805     33212.08     220.5063  13.6968   0.0072     4.03    0.180  -9.99   0      189.5     10509.83     81.00567
       231    529.9981    756.3379     3125.702       89.302  16.2626   0.0310     0.93    0.167  89.61   0      61.63     2978.431     56.11275
       232    858.9548    754.9070      2585.67     196.8126  16.4686   0.0827     4.27    0.127  14.61   0      21.53     721.3084     45.63269
       233    521.0715    747.0235     202458.6     375.7422  11.7342   0.0020     4.02    0.116 -11.18   0        542     62440.43     173.7148
       234    148.3715    755.1540     2638.487     201.3051  16.4466   0.0829     7.65    0.342 -34.07   0      20.43     545.5516      45.3086
       235    925.9985    751.6842     9791.372     190.9575  15.0229   0.0212     4.09    0.134  12.11   0       74.5     2964.961     56.14803
       236    328.9347    751.7278     7289.451     199.6621  15.3433   0.0297     6.08    0.231   7.51   0      56.19     2083.556     52.17003
       237     50.8810    751.2911     2307.291     154.8807  16.5922   0.0729     4.49    0.396 -12.48   0      22.08     742.6646     45.95886
       238    695.6117    745.5787     6099.264     279.0917  15.5368   0.0497     4.85    0.217  18.17   0       33.3     1152.535     48.15275
       239    788.1309    744.7656     3305.647     142.8585  16.2019   0.0469     5.50    0.204 -13.99   0      32.24     1115.361     47.87178
       240    201.9386    745.5067     1878.618     143.2346  16.8154   0.0828     4.35    0.195   3.80   0      18.68     600.1245     45.13693
       241    814.7848    744.3079     3294.317     214.7453  16.2056   0.0708     4.69    0.400  -7.34   0       22.5     743.4196     45.85277
       242    190.4949    744.2918     1188.498     109.0129  17.3125   0.0996     4.43    0.612 -54.97   0      21.46     737.2862     45.93225
       243    486.3517    743.2880     2076.492     174.4626  16.7067   0.0912     6.77    0.343 -15.15   0      20.04     636.4583     45.31951
       244    307.4244    743.5883     2184.294     152.2363  16.6517   0.0757     4.15    0.294  -3.89   0      22.44     787.7914      46.3993
       245     68.9230    742.4279     3400.609     164.3344  16.1711   0.0525     4.17    0.179  -6.47   0      32.78     1147.303     48.02319
       246    744.0566    740.3251     1741.924     110.1607  16.8974   0.0687     3.73    0.214   0.81   0      20.26     717.3846     45.83367
       247    678.3558    738.3217     13093.31     273.4397  14.7074   0.0227     4.90    0.241 -18.57   3      81.17     3039.004     56.17835
       248    686.2621    736.7867     6072.688     268.0115  15.5415   0.0479     5.24    0.255  19.08   3      33.71     1050.542     47.56305
       249    875.2397    737.5925     2544.042     198.0415  16.4862   0.0845     3.88    0.278   1.94   0      19.59     686.3521     46.00945
       250     43.7550    732.6870     48855.43     243.9566  13.2777   0.0054     4.07    0.163 -10.32   0      240.3     14838.32     92.24558
       251    516.5466    731.1879     26023.18     239.1716  13.9616   0.0100     3.94    0.180  -7.27   0      154.8     7557.582     72.31924
       252    363.6391    734.1472     4750.823     201.1855  15.8081   0.0460     8.80    0.394 -11.81   0      39.13     1378.433      49.2074
       253    159.1154    736.0950     2667.364     147.0745  16.4348   0.0599     4.95    0.226 -18.82   0      25.88     866.0887      46.5652
       254    187.4125    733.4058     992.2019     80.62825  17.5085   0.0883     2.83    0.211  47.66   0      26.18     1083.377     47.71969
       255    304.5009    731.2473     1466.896     156.0842  17.0840   0.1156     3.55    0.278  -1.49   0      14.29     470.2203     44.25075
       256     88.5551    729.7352     3364.119     207.6591  16.1828   0.0670     4.64    0.241  -8.70   0       25.5     830.7074     46.50074
       257     66.0170    731.1379     1473.123     153.6517  17.0794   0.1133     4.90    0.389  -1.49   0      15.77     527.9476     44.99668
       258    886.1417    728.2606     2535.375     201.8142  16.4899   0.0864     6.15    0.230  -7.92   0      19.54     594.9061     45.44469
       259    398.5061    728.5831     2512.118     175.0291  16.4999   0.0757     4.67    0.339 -11.77   0      23.74     779.4848     45.92152
       260    553.1751    725.7039     3107.218     160.8232  16.2691   0.0562     4.48    0.269  -1.45   0      29.23     992.7471     46.85767
       261     10.9219    724.6804     10239.44     214.4653  14.9743   0.0227     6.52    0.095 -83.77  16      73.65     2709.661     54.64558
       262    221.4295    721.2647      39791.4     231.0372  13.5005   0.0063     3.94    0.179  -9.14   0      210.7     12285.47     85.84306
       263    407.3102    722.5724     2864.604     200.3057  16.3573   0.0759     4.13    0.330  -8.26   0      23.51      810.083     46.18201
       264    275.7846    715.4539     106862.4     302.7862  12.4279   0.0031     4.10    0.139 -17.48   0      380.6     32303.32     128.3672
       265    544.1152    713.9078     4045.757     178.4278  15.9825   0.0479     4.36    0.214  -4.13   0      34.83     1198.974     48.16254
       266     91.9742    707.2634     4691.564     89.05259  15.8217   0.0206     0.90    0.146 -89.07   0      79.48     4530.466     62.08149
       267    712.9938    705.4454      4797.13     137.1779  15.7975   0.0311     0.00    0.397  21.28   0      56.31     2595.091     54.53801
       268    663.6673    705.1702     3228.335      200.718  16.2276   0.0675     4.82    0.201  -8.44   0      24.76     823.2137      46.4641
       269    155.8800    704.8149     4564.351     157.3591  15.8516   0.0374     4.51    0.271 -16.94   0      40.96     1439.724     49.28551
       270    101.9118    704.9277     4071.824      178.461  15.9755   0.0476     8.30    0.349 -13.51   0      36.19     1255.015      48.2176
       271    453.9924    700.8181     3434.533     178.3556  16.1603   0.0564     4.01    0.174   4.95   0      31.26     1152.653      48.0485
       272    523.2890    694.1619     25921.59     226.0685  13.9658   0.0095     3.89    0.124  -3.79   2      156.2      7658.54     72.42729
       273    980.3624    699.4316     1933.253     178.5625  16.7843   0.1003     3.76    0.303  -3.21   0      15.74     498.3572     44.95925
       274    400.1403    699.7973     1538.506     145.3196  17.0323   0.1026     4.14    0.318   8.44   0      15.81     532.6929     45.13248
       275    340.1561    698.2129     5166.403     177.7347  15.7170   0.0374     7.22    0.316  -2.30   0      45.29     1673.463     50.65132
       276    594.7238    696.3065     2033.207     166.2668  16.7295   0.0888     6.54    0.294 -27.54   0      19.28     607.8067     45.17559
       277    835.1557    694.3245     2121.033      152.968  16.6836   0.0783     7.37    0.597 -26.73   0      15.81     412.3096     44.40876
       278     47.2744    693.6039     1287.361     142.2933  17.2257   0.1200     4.48    0.250 -16.40   0      14.33       479.66     44.75212
       279    147.2012    690.8649     9158.963     212.1322  15.0954   0.0252     4.45    0.228  -9.36   0      71.07     2794.355     55.45316
       280    364.2298    690.4025     2943.137     205.9776  16.3280   0.0760     4.77    0.323  -2.39   0      22.85      749.283     46.31927
       281    212.8497    690.1569     4574.541     202.8588  15.8491   0.0482     9.34    0.609  -0.41   0      30.95     819.4249     46.55399
       282    566.2725    688.9102     1310.118     140.5474  17.2067   0.1165     5.75    0.733  16.19   0      13.24     331.0982     43.76137
       283    399.0008    686.0504     27200.07     232.8281  13.9136   0.0093     4.03    0.205  -6.60   3      160.1     8106.134     73.95493
       284    389.1499    686.2198     12216.96     238.1709  14.7826   0.0212    10.88    0.412 -30.28   3      78.02     2429.119     53.93548
       285    920.7366    686.3249     4843.796     146.1499  15.7870   0.0328     3.97    0.185 -13.19   0      45.94     1728.181     50.69775
       286    253.4816    687.6755     2824.578     174.7145  16.3726   0.0672     7.33    0.420 -17.43   0      25.38      804.803     46.04666
       287    280.4290    685.1176      2293.04     221.7871  16.5990   0.1050     6.99    0.517 -30.73   0      15.52     424.5599      44.3579
       288    549.8371    684.0730     2980.943     190.7723  16.3141   0.0695     7.91    0.328 -24.84   0      25.44     818.8731     46.44287
       289   1013.9683    675.6415     107836.9     304.3461  12.4181   0.0031     4.58    0.073  -5.83  16      382.3     33594.64      130.672
       290    791.3552    682.6480     3128.555     155.2715  16.2616   0.0539     8.84    0.505  12.75   0      24.72     602.3852     45.48208
       291    358.7291    677.2146     10647.17     192.6287  14.9319   0.0196     4.09    0.228  -8.12   0      80.61     3257.041     57.23007
       292    885.7981    679.3182     1214.798     104.3429  17.2887   0.0933     4.95    0.495  -6.67   0       12.5     410.1335     44.51104
       293    728.9608    678.5079     1553.952     106.2718  17.0214   0.0743     4.09    0.208  -4.15   0      17.81     616.2468      45.1064
       294    709.7993    673.2771     5710.183     180.5354  15.6084   0.0343     4.52    0.301 -12.68   0      49.55     1799.514     51.01652
       295    489.9353    672.7740     6268.801     178.4338  15.5070   0.0309     4.09    0.176  -4.52   0      53.18     1988.241     51.85047
       296    467.8089    674.0754     2783.669     161.9296  16.3885   0.0632     4.76    0.270 -10.25   2      25.06     845.7446     46.57418
       297    211.5417    674.5671     2780.131     185.8446  16.3898   0.0726     4.20    0.329   6.64   0      24.86     853.6135     46.61256
       298    103.6198    674.2394     2077.783     182.9282  16.7060   0.0956     6.13    0.142  -7.09   0      17.17     575.6817     45.57025
       299    842.6799    672.4990     5762.183     250.7314  15.5985   0.0473    11.25    0.416  13.22   3      38.21     1029.496     47.14263
       300    848.8719    668.9846     5540.186     270.3712  15.6412   0.0530     9.82    0.429  75.83   3      33.64     1110.417     47.95355
       301    770.6754    673.6626      1238.74     142.2156  17.2675   0.1247     4.94    0.476  -0.43   0      13.89     467.5453     44.69055
       302    820.7762    671.9486     3724.497     164.7817  16.0723   0.0480     4.67    0.274  -6.26   0       34.9     1217.403     48.56188
       303    197.2093    669.4232     1828.085     150.0327  16.8450   0.0891     3.61    0.277 -10.63   0      20.15     716.2214      46.0474
       304    410.4321    666.6983     3293.595     200.7919  16.2058   0.0662     7.88    0.220 -21.14   0      26.91     867.7726     46.24753
       305    793.1646    664.1021      2749.27      86.9003  16.4020   0.0343     0.00    0.228  30.02   0      65.52     2399.827     53.24681
       306    656.5294    664.4040     1275.219     94.33068  17.2360   0.0803     5.03    0.239  45.70   0      16.53     589.9205     45.30861
       307    699.9186    660.7769     4131.644     193.4458  15.9597   0.0508     3.96    0.286 -15.58   2      31.97      1213.05     48.33334
       308    472.6845    659.6654     1380.418      94.5838  17.1500   0.0744     2.89    0.460 -64.53   0      26.59     1065.676     47.52936
       309   1021.9229    653.2522     34286.38      189.745  13.6622   0.0060     4.33    0.088 -86.73  24      206.1     13080.01     87.86411
       310    331.2472    655.6760     2817.743      191.238  16.3752   0.0737     4.30    0.427 -27.10   0      21.72     758.7327     46.03825
       311    393.9421    655.2767     2164.479     205.1167  16.6616   0.1029     3.81    0.146 -29.76   0      15.72     472.9883     44.60534
       312     17.6514    653.7673     1539.108     162.5169  17.0318   0.1147     5.54    0.423 -45.13   0      14.43     436.6179     44.53299
       313    349.7948    648.6910     1733.885      124.132  16.9024   0.0777     6.25    0.599 -22.51   0      30.04     1196.322     48.25461
       314    843.9733    644.3896     31077.62     222.3002  13.7689   0.0078     4.10    0.163 -11.71   0      179.9     9871.593     79.25841
       315    239.8546    646.5099     1485.087     149.5122  17.0706   0.1093     3.66    0.424 -18.71   0      15.35     543.7281     44.85206
       316    140.6869    644.6796     3423.288      193.265  16.1639   0.0613     4.41    0.197 -15.62   0      29.21     984.8039     47.03399
       317    694.2967    643.7321     2567.376     192.2559  16.4763   0.0813     3.84    0.269 -11.66   0      22.15     743.6497     45.85391
       318    611.4526    643.9136     2247.667     122.0084  16.6207   0.0590     4.14    0.270 -10.84   0      24.43     847.7545     46.36703
       319    271.2925    643.5225     5249.658     192.8036  15.6997   0.0399     3.94    0.195 -13.58   0      44.47     1585.398     49.95275
       320    166.4950    644.1478     1403.535     136.1456  17.1319   0.1053     4.51    0.160 -16.52   0       14.5     469.7656      44.3622
       321    353.6278    642.0971     3693.547     190.2993  16.0814   0.0560     8.42    0.586 -22.94   0      32.52     683.8309     45.33458
       322    552.6495    638.3747     3548.326     226.4345  16.1249   0.0693     5.42    0.388  -6.87   0      23.52     788.9573     46.51353
       323    260.1899    636.4677     3159.134     218.0976  16.2511   0.0750     4.75    0.318 -10.52   0       21.8      668.228     45.69973
       324    300.1971    633.0024     3745.317     212.2737  16.0663   0.0616     4.24    0.138  -0.51   0      27.82     942.3091     47.04304
       325    573.0515    632.0189      5800.91     275.2088  15.5913   0.0515     9.48    0.362 -39.88   0      34.01     1010.418     47.47725
       326    726.1812    630.9234     1990.199     174.3501  16.7528   0.0951     5.66    0.406   6.98   0      18.79     635.1296     45.64541
       327    421.1462    630.7283     2438.396     131.3068  16.5322   0.0585     5.21    0.050 -54.48   0      34.09     1354.607     48.89143
       328    389.2864    629.9905     1658.906     159.5552  16.9504   0.1045     4.33    0.363  -1.53   0      15.99     505.6535     44.77147
       329    815.8793    625.0999     23912.74     221.7782  14.0534   0.0101     3.98    0.179 -10.90   0      149.8     7389.678     71.50818
       330    334.4779    628.1697     1676.375     112.2931  16.9391   0.0727     0.00    0.464 -55.21   0      24.02     952.0988     47.09031
       331    203.8670    628.8738     3904.725     91.26308  16.0210   0.0254     4.93    0.304  42.33   0      82.93     3583.943      58.3413
       332    941.4734    626.1548     1470.018     156.0887  17.0817   0.1153     5.38    0.332 -42.97   0      14.37     378.5072     44.23543
       333    785.9166    623.8260     6578.374     175.9859  15.4547   0.0291     5.32    0.240 -11.39   0      54.53     1932.245     51.50665
       334    348.0956    623.1537      2636.32     86.60439  16.4475   0.0357     4.70    0.120  63.91   0      54.54     2090.197     52.00543
       335    134.7308    621.3368     6717.312     179.0042  15.4320   0.0289     9.76    0.266  -1.34   0      55.14     2047.658     52.01342
       336    612.8672    620.2109     19162.34     213.3396  14.2939   0.0121     4.56    0.089  -5.74   0      127.1     5801.791     66.49739
       337    798.0486    619.5029     5596.785     258.9911  15.6302   0.0503     3.53    0.282   2.28   2      36.72     717.4899     45.61367
       338    567.2971    622.0682     1310.412       83.052  17.2065   0.0688     2.46    0.253  10.64   0      33.04     955.3664     46.89153
       339     57.9435    621.6811       1545.9     167.1146  17.0270   0.1174     3.92    0.232 -12.21   0      14.39     477.2589     44.51398
       340    588.5400    618.8274     7224.726     165.7819  15.3529   0.0249     4.71    0.249 -14.37   0      61.53     2388.717     53.67111
       341    638.4871    616.8196     7662.413     217.5886  15.2891   0.0308     5.78    0.153 -17.40   0       62.1     2217.584     52.65502
       342    297.3319    612.1327     41193.45     235.6437  13.4629   0.0062     4.02    0.161 -12.04   0      215.3     12283.04     85.77786
       343    834.2812    611.4012     13643.85     183.5169  14.6627   0.0146     4.06    0.198 -12.30   0      100.5     4282.979     61.16875
       344    951.4216    612.5448     2130.343     169.4022  16.6789   0.0864     7.39    0.516   4.61   0      18.91     602.0441     45.36938
       345    702.2715    610.6904     5601.147     206.4622  15.6293   0.0400     6.21    0.353 -28.41   0      42.01     1245.172     48.38005
       346     10.9356    611.7833     3618.792     201.7852  16.1036   0.0606     4.91    0.360 -13.50  16      29.48     985.4476     47.25099
       347    987.6041    611.2390     2267.518      134.804  16.6111   0.0646     5.43    0.328 -30.88   0       30.1     1192.837     48.44677
       348    198.0132    610.9697     1994.704     155.2354  16.7503   0.0845     4.03    0.165  21.31   0      19.25     654.5293     45.85199
       349    557.7177    608.8962     5913.836     178.6879  15.5703   0.0328     4.54    0.223  -1.19   0      50.49     1810.118      50.8659
       350    262.5638    608.1740     10205.32     184.7488  14.9779   0.0197     3.91    0.249 -16.80   0      80.63     3329.423     57.60439
       351    115.4040    607.9688      10710.3     204.7536  14.9255   0.0208     3.88    0.230  -9.83   0      81.33     3342.762     57.65699
       352    408.0078    607.9920     3235.507     82.24573  16.2251   0.0276     0.00    0.006  44.12   2      76.42     3129.654     56.63298
       353     60.1795    601.3184     1577.295     143.6358  17.0052   0.0989     4.75    0.387 -14.05   0      16.14     545.8947     45.08723
       354    947.4933    600.1758     1272.525     129.2731  17.2383   0.1103     3.27    0.315 -40.68   0      14.08     494.7057     44.48979
       355    681.4174    598.9924     3117.204     131.5216  16.2656   0.0458     0.00    0.451 -65.02   0      38.07     1640.853     50.30474
       356    341.7502    596.7208     25809.79     229.2785  13.9705   0.0096     4.21    0.209 -12.05   0      157.5     7622.612     72.31447
       357    616.3523    597.7413     2799.843     158.0131  16.3822   0.0613     4.31    0.222  10.81   0      27.49     913.4933     46.90361
       358    427.6099    598.7349     1884.919     161.4458  16.8118   0.0930     3.67    0.162   5.15   0      20.03     699.7162     45.85605
       359    302.0816    595.5197      28339.2      225.152  13.8690   0.0086     4.06    0.161 -10.35   0      168.4     8641.061     75.38057
       360    815.6763    593.5898     3155.105     152.8564  16.2525   0.0526     4.09    0.240  -1.46   0      30.22     1042.135     47.52286
       361    597.5325    594.0579     2076.707     124.7581  16.7066   0.0652     4.40    0.348 -10.13   0      22.66     775.1374     46.22835
       362    744.5691    590.5910     6095.769     226.7646  15.5374   0.0404     9.67    0.100  11.31   0      47.23     1692.591     50.73708
       363    178.2561    593.1432     2611.882     181.5193  16.4576   0.0755     4.61    0.240 -24.46   0      22.89       752.91     46.33706
       364    583.1061    589.8434     9637.513     184.7325  15.0401   0.0208     0.00    0.168  -2.96   2      66.79      2991.94     55.80724
       365    312.2403    590.4022     3471.184     210.7875  16.1488   0.0659     4.67    0.405  -4.55   0      26.04     897.7955     47.04232
       366    907.0400    588.7165      2145.66     195.0154  16.6711   0.0987     4.83    0.319  -5.99   0      15.71     526.4976     44.76467
       367    918.1276    588.5314     2775.485     216.5364  16.3917   0.0847     6.17    0.131 -21.73   0      17.63     495.5348     44.72007
       368    149.2217    581.0833     66750.32     289.8863  12.9389   0.0047     3.99    0.085 -28.69   2      285.5     19579.67     103.3174
       369    467.4329    585.5209     2591.876     177.2786  16.4660   0.0743     4.17    0.288  -3.81   0      23.08      776.843     46.23673
       370    289.4439    577.5627     2864.742     181.8356  16.3573   0.0689     4.47    0.220 -14.01   0      25.46     862.4087     46.76336
       371    389.1511    575.6985     5503.396     184.4221  15.6484   0.0364     3.99    0.272 -13.56   0      48.14     1790.502     50.57921
       372     58.9289    571.0544     28058.44     228.7583  13.8798   0.0089     4.16    0.152 -15.83   0      165.4     8368.873     74.69053
       373    975.1782    575.9725     1532.994     147.8902  17.0361   0.1048     4.41    0.408   6.15   0      15.61     519.6191     45.17833
       374    455.9131    572.6299     1569.717     149.6408  17.0104   0.1035     4.03    0.174 -25.55   0      16.09     555.0023     45.02128
       375    443.2390    571.7769     3125.553     190.9445  16.2627   0.0663     7.58    0.328 -23.08   0      26.94     909.4252      47.2054
       376    593.4147    571.7183     2125.381     179.5104  16.6814   0.0917     4.57    0.317   4.95   0      18.21     586.5178     45.29154
       377    195.0156    571.9196     2981.528     81.54088  16.3139   0.0297     4.51    0.009   5.23   0      64.16     2593.434     54.43858
       378    982.1420    568.7063     3342.694     198.9559  16.1898   0.0646     4.91    0.338  -3.52   0      28.99     984.0568     46.92306
       379    957.0634    569.2935     1667.152     144.6519  16.9451   0.0942     4.48    0.268 -20.00   0      17.35     592.8688     45.21203
       380    407.8326    568.5266     2296.021     221.2212  16.5976   0.1046     6.90    0.597 -19.09   0      16.44     429.6484     44.49741
       381    345.6884    564.9104     1940.471     151.0396  16.7802   0.0845     3.67    0.114 -18.73   0      20.51     701.2667     45.75368
       382    100.1035    565.3049     2475.914     178.5473  16.5157   0.0783     3.88    0.275  -1.55   0      23.19     778.2997     46.02533
       383     45.8937    564.3659      8838.36     208.7917  15.1341   0.0257     8.89    0.263 -12.14   0      72.57     3215.318     56.62067
       384    920.6057    564.5875      1782.82     152.4647  16.8722   0.0929     4.86    0.217   4.92   0      19.19      627.685     45.49765
       385    857.8959    562.5048     5240.774     211.4984  15.7015   0.0438     4.31    0.273 -15.39   2      36.96      1271.03     48.50137
       386    165.7706    564.0739     1504.895     82.06069  17.0562   0.0592    -0.99    0.207 -13.67   0      30.63     1053.693     47.57811
       387    185.7982    561.9907     2858.996     82.73632  16.3595   0.0314     0.83    0.149  -0.20   0      59.96     2617.834     54.54035
       388    827.7125    560.9826     1888.352     174.2173  16.8098   0.1002     4.01    0.356  -3.00   0      16.43     550.9532     45.00083
       389    467.1102    559.9584     7383.057     105.6901  15.3294   0.0155     0.00    0.182  40.63   0      107.8     6259.283     67.89468
       390    724.3226    559.1527     1681.742     102.9346  16.9356   0.0665     0.00    0.518  -9.73   0      30.45     1119.197      47.7846
       391   1023.1771    557.3838     1698.143     128.0657  16.9251   0.0819     3.41    0.264  74.68  24      18.63     707.9759     45.56624
       392     46.3311    555.3049     5417.446     199.4249  15.6655   0.0400     4.21    0.276 -11.14   0      45.22     1594.673     49.79284
       393    603.9636    553.5961     3341.363     112.2956  16.1902   0.0365     6.05    0.444 -85.53   0      61.08     2561.269     54.48949
       394    449.4557    555.7231     1624.727     136.5144  16.9730   0.0912     4.75    0.396 -17.90   0      15.71     536.0272     44.92539
       395    779.1398    551.2803     4056.958     197.8683  15.9795   0.0530     4.60    0.230  -1.97   0      32.43     1138.972     47.77314
       396     13.0892    550.4482     7064.995     203.7829  15.3772   0.0313     4.07    0.205  -2.25   0      55.81      2095.22     52.12419
       397    688.9209    549.2978     4355.277      175.262  15.9025   0.0437     3.77    0.195  -6.05   0      38.15     1360.545     48.81586
       398    667.2430    546.4531     32007.56     220.4079  13.7369   0.0075     4.10    0.166  -7.06   0      183.1     9829.528      79.1377
       399    832.0743    545.9396     3863.623     223.9543  16.0325   0.0629     4.87    0.308 -13.00   0      26.99     911.6316     46.89459
       400    387.4893    546.2324      1191.18     134.8593  17.3101   0.1230     3.47    0.273  -0.57   0      13.84     448.7072     44.25419
       401    151.0475    543.8801      7257.88     100.5246  15.3480   0.0150     4.83    0.256 -71.67   0      117.5      6815.65     69.73221
       402    245.9833    542.1672     3579.712     237.3362  16.1154   0.0720     7.75    0.372 -10.01   0      22.51     646.5641     45.92241
       403    524.1039    540.6519     2446.451     134.1692  16.5287   0.0596     5.24    0.131  35.05   0      24.23     796.6284     46.00629
       404    839.2945    536.3080     6987.176     215.1317  15.3892   0.0334     4.25    0.259 -19.63   2      49.39     1774.654     50.80652
       405    304.5785    536.4604     29345.85     220.5225  13.8311   0.0082     6.04    0.122   0.42   0      170.8     8765.505     75.95423
       406    648.4081    537.7650     1525.294     148.7283  17.0416   0.1059     3.90    0.269   2.54   0      15.04     522.5596     45.19312
       407    732.8821    533.5050     2105.067     157.8114  16.6918   0.0814     4.61    0.227 -10.20   0      20.94      687.077     45.68314
       408    948.2154    532.1991     2425.896     105.7633  16.5378   0.0473     0.00    0.241  44.70   0       45.1     1579.532     50.02693
       409    467.4422    531.6994      2266.79     194.5096  16.6115   0.0932     5.97    0.348 -22.84   0      17.97     544.2075     44.62913
       410    116.7603    530.5964     1694.493     177.5499  16.9274   0.1138     4.01    0.292 -15.95   0      14.85     462.2931     44.88902
       411    993.4496    528.9965     1430.128      144.279  17.1116   0.1096     5.16    0.269  -2.03   0      15.22      495.477     44.83237
       412    640.1383    527.4842     3269.032     154.6642  16.2140   0.0514     4.20    0.216 -12.76   0      32.27     1103.145     47.60239
       413     30.1602    528.4465     2433.115     190.1185  16.5346   0.0849     7.58    0.526  -6.53   0      19.15      545.284     44.97219
       414    283.9026    524.5115     10336.49     193.5685  14.9641   0.0203     4.14    0.208  -9.37   0      80.43     3213.424      56.7909
       415    945.1786    525.6178       1592.5     150.5151  16.9948   0.1026     5.16    0.237  14.79   0      16.61     548.1208     45.32149
       416    444.0466    522.9960     2866.358      215.465  16.3567   0.0816     8.12    0.475 -27.06   0      22.12     711.9592     46.02636
       417    882.9094    522.3874     2466.934     206.6749  16.5196   0.0910     7.45    0.742 -12.63   0      15.35     365.2293     43.93827
       418   1002.5629    521.4885     2503.168     184.8249  16.5038   0.0802     4.42    0.321   5.21   0       22.8     772.6775     45.99756
       419    649.0833    522.0371     1893.188     186.1162  16.8070   0.1068     5.92    0.399  -6.30   0      16.11     498.4624     44.73495
       420     86.7876    522.0521     1169.526     131.9884  17.3300   0.1226     4.51    0.188   2.45   0      14.25     528.1298      45.1095
       421    260.5648    517.8513     2395.899     162.9389  16.5513   0.0739     0.00    0.378  66.42   0      25.27     936.8308     46.90921
       422    302.6163    516.3691     1841.872     185.3748  16.8369   0.1093     5.05    0.164 -45.39   0      14.55     374.0541     44.44003
       423    161.6200    515.5220     1182.672     111.2894  17.3178   0.1022     5.75    0.534 -30.37   0      13.37     426.0997     44.59248
       424    218.2440    511.8564     5050.384     227.3835  15.7417   0.0489     0.00    0.439   5.75   2      35.46     1593.491     50.19086
       425    859.2390    514.0434     1697.815     164.2803  16.9253   0.1051     4.26    0.360   0.36   0      16.28     575.7169     45.34862
       426    120.4377    513.0972     2135.727     134.5816  16.6761   0.0684     4.44    0.254 -20.94   0      22.46     774.2278     45.78552
       427    941.1272    510.6697     4125.046     227.0126  15.9614   0.0598     5.07    0.215  47.08   0      29.74     834.5624     46.41108
       428    783.1881    503.5443     157137.5     374.4915  12.0093   0.0026     4.56    0.110  78.05   0      462.5     38355.98     138.6699
       429    727.1612    509.0993     1245.057     82.87297  17.2620   0.0723     3.45    0.278  46.81   0      39.94     1114.574     47.44488
       430    431.9521    508.1972     6800.572      232.945  15.4186   0.0372     5.34    0.334  -3.72   0      49.79     1802.749     51.03093
       431    749.5351    506.7727     1994.916     164.6908  16.7502   0.0897     4.50    0.324  -6.38   0      19.37     643.3882     45.57602
       432    261.3366    509.3248     2316.298     172.5977  16.5880   0.0809     4.17    0.296 -12.24   0      20.66     696.2148      45.8387
       433    988.8046    503.4353     3379.553     178.2855  16.1779   0.0573     3.88    0.323   1.61   0      30.53      1095.56     47.98826
       434    637.5013    503.0250      2691.26     212.9255  16.4251   0.0859     5.18    0.231 -19.17   0      20.17     645.4597     45.14181
       435    375.2077    499.1121     11757.31     206.5237  14.8242   0.0191     3.99    0.165  -6.77   0      87.16     3620.815     58.48476
       436    115.8103    500.0600     8875.984     188.5325  15.1295   0.0231     4.16    0.232 -13.62   0      70.03     2788.297     55.33729
       437    809.9276    500.8177     3181.455     93.57579  16.2434   0.0319     5.01    0.289  69.00   1         67     2624.739     54.66142
       438    618.6381    499.7641     5197.876     202.3138  15.7104   0.0423     4.24    0.234  -3.99   0      42.88     1536.069     49.82909
       439    566.5762    497.0063     4691.461      276.123  15.8217   0.0639     9.70    0.285  89.50   0      26.88     701.4924     45.97465
       440    472.7909    495.9824     10490.88     214.7316  14.9480   0.0222    10.93    0.200 -21.38   0       74.6     2711.828     54.93063
       441    695.0413    494.8233     4772.345     169.9697  15.8032   0.0387     4.49    0.243  -4.49   0      42.42     1546.536     50.07856
       442   1010.4813    494.7445      1291.48     150.0599  17.2223   0.1262     3.64    0.275   1.97   0      13.16     429.8039     44.27103
       443    981.9623    494.2751     2537.461      207.968  16.4890   0.0890     5.97    0.156 -45.74   0      19.29     625.5972     45.48722
       444     78.9363    493.8212     2673.861     175.9568  16.4322   0.0715     4.43    0.191 -25.51   0      23.56      786.258     46.39179
       445    214.9118    493.7194      11153.5     112.3929  14.8815   0.0109     0.00    0.387  71.36   0      143.8     10028.09     79.57931
       446    414.6226    491.8858     1865.338      177.058  16.8231   0.1031     5.25    0.321  14.35   0      14.93     451.1353      44.3804
       447    887.5785    486.2784     3839.865     192.4489  16.0392   0.0544     9.38    0.306   3.55   0      30.48     897.2549     46.93241
       448    660.7855    487.5268     3455.051       99.444  16.1539   0.0313     2.54    0.212 -37.37   0      59.03     2929.203     55.91301
       449    852.9714    486.7973     1562.889      155.415  17.0152   0.1080     5.38    0.299  27.70   0      16.49     538.3747     45.27259
       450    224.7305    477.5201       424921     500.8714  10.9292   0.0013     4.11    0.149 -12.93   0      799.1     124585.6     241.6493
       451    765.4037    477.7636     52697.88     265.6847  13.1955   0.0055     4.25    0.178 -33.87   0      246.9      14895.4     92.60413
       452    469.9215    479.4856     4936.868     171.6643  15.7664   0.0378     4.00    0.216 -15.11   0      43.22     1580.646     49.83005
       453    695.8290    479.3281      1824.93     170.4771  16.8469   0.1014     6.33    0.289   3.84   0      15.84     502.1569     44.86622
       454    670.8906    477.0302     3890.685     177.5216  16.0249   0.0496     4.52    0.265   0.01   0      35.01     1162.673     47.67473
       455    310.5681    474.2137     4106.908     179.9123  15.9662   0.0476     4.77    0.107  -7.59   0      35.08     1205.561     48.61026
       456    298.5707    474.8806     6443.282     222.6287  15.4772   0.0375    10.08    0.499  14.54   0      44.09     1383.161     49.12672
       457     27.9362    509.3842     14204.03     192.2447  14.6190   0.0147     4.30    0.181  -9.21   0      100.9     4190.928     60.74284
       458    109.0157    472.0931     3588.582      223.675  16.1127   0.0677     4.82    0.299  -8.33   0      25.22     789.6744     46.08147
       459    342.0238    470.5453     3255.866     155.4578  16.2183   0.0519     4.45    0.363  -6.34   0      30.73     1064.196     47.62825
       460    501.7932    470.4938     1546.133     144.4617  17.0269   0.1015     5.19    0.248   0.03   0      15.68     507.9466     44.89554
       461    165.7901    466.4132     3635.268     186.2118  16.0987   0.0556     4.18    0.230 -15.14   0      32.46     1092.472     47.76299
       462    282.4027    465.4847     3907.234     231.7422  16.0203   0.0644     7.42    0.290  56.16   0      24.56     802.1995     46.57819
       463     57.8412    463.3434     8227.963     208.1262  15.2118   0.0275     4.10    0.205 -10.33   0      66.01     2518.864     54.12636
       464    471.0281    463.7592     2130.448     157.8479  16.6788   0.0805     5.33    0.273 -15.89   0      20.63     679.0309     45.97327
       465    248.0016    461.8493     20155.66     120.2304  14.2390   0.0065     4.44    0.107 -89.62   0      192.7     20160.09     104.6346
       466    932.9099    457.8213     2777.564     146.3862  16.3908   0.0572     4.58    0.294  -6.32   0      27.13     941.0626     46.71436
       467    522.0027    458.0008     9113.219     97.13932  15.1008   0.0116     4.19    0.000 -63.51   2      137.4     9141.401     77.07079
       468    441.7256    456.3508     1992.175     116.2305  16.7517   0.0634     5.09    0.285 -12.77   0      21.45      717.033     45.83193
       469    384.9749    455.5468     4168.792     281.5731  15.9500   0.0734     8.55    0.601 -27.19   0      19.22     394.2301     44.31614
       470    872.7401    454.3082     1478.392     81.98726  17.0755   0.0602     1.70    0.071 -78.70   0      33.25     1350.883     48.77085
       471    865.6797    455.0008     4674.897     110.4905  15.8256   0.0257     3.22    0.508  -0.23   0      73.23     3626.908     58.59453
       472    274.7057    453.8580     1487.059     148.6698  17.0692   0.1086     5.02    0.443 -12.36   0      14.91     512.3994     44.58009
       473    730.6086    450.1652     3452.076     157.3546  16.1548   0.0495     4.47    0.267  -4.71   0      31.32     1106.678     48.04089
       474    609.8909    444.9213     1212.387     125.2033  17.2909   0.1122     5.13    0.389  -8.24   0      12.85     402.3428     44.24392
       475    844.2258    435.6584      6839.44     177.7466  15.4124   0.0282    10.26    0.284  39.78   0      54.77     1787.645     50.96362
       476    126.2632    436.1879      6516.24     167.8389  15.4650   0.0280     3.75    0.217 -16.34   0      54.92      2082.66     52.26269
       477     79.6618    436.2625     6097.688     176.7956  15.5371   0.0315     9.52    0.384 -14.94   0      51.12     1835.465     51.07782
       478     15.2057    435.6287     4718.038     261.6133  15.8156   0.0602     6.65    0.228 -17.95   0      24.48     814.3473     46.63742
       479    248.1371    431.0805     88138.52     287.0755  12.6371   0.0035     4.11    0.153 -13.55   0      340.7     26187.61     116.9103
       480    371.8568    435.5704     3597.174     245.7024  16.1101   0.0742     7.04    0.223  11.08   0      18.42     451.3531     44.60813
       481    184.0486    433.8669     1239.225     122.1959  17.2671   0.1071     5.12    0.397   7.36   0      13.32     408.8865     44.39124
       482    491.8435    433.0487     2679.905     85.25288  16.4297   0.0345     4.72    0.219 -17.67   0      58.62     2224.189     52.96983
       483    331.4505    435.8091     5653.611     234.5259  15.6192   0.0450     4.92    0.313  -8.78   0      42.34     1456.262     49.56556
       484    974.8634    429.8729      1963.72      131.445  16.7673   0.0727     5.45    0.235  -2.49   0      21.06     723.4558     45.97356
       485    416.9767    430.2334     2471.272     83.19339  16.5177   0.0366     0.98    0.151 -78.09   0      56.87      2428.18     53.93153
       486    125.2032    427.7824     4168.457     244.1741  15.9501   0.0636     5.21    0.309 -15.01   0      25.28     830.2501     46.49851
       487    206.4335    426.0805     5283.972     184.1515  15.6926   0.0378     9.20    0.050  41.92   0      45.77     1380.644     49.11507
       488    860.2911    423.5264      1348.62     120.3221  17.1753   0.0969     2.90    0.243 -35.10   0      14.58      508.277     44.67207
       489    114.3313    422.3550      2843.51     171.8297  16.3654   0.0656     4.22    0.196 -12.52   0      26.69     892.5358     46.80195
       490    563.9633    421.2411     1920.721     177.8392  16.7913   0.1006     6.14    0.319   5.33   0      16.35      427.844     44.48819
       491    409.1982    421.7377      1873.84     156.6756  16.8182   0.0908     3.70    0.416 -27.26   0      17.49     598.8414     45.46437
       492     12.3563    420.1282     1953.935     169.9088  16.7727   0.0944     4.88    0.345 -20.21   3      18.23     555.2496     45.13437
       493     16.6558    416.3831     3187.705     192.3336  16.2413   0.0655     7.64    0.331 -12.75   2      25.56     791.2439     46.41621
       494    647.3650    419.0585     3831.714     208.1702  16.0415   0.0590     4.50    0.244  14.68   0      28.85     963.2087      47.1439
       495    599.0003    416.7365     2771.058     214.7784  16.3934   0.0842     4.40    0.235 -23.12   2      17.95      480.505     44.98114
       496    936.0778    411.5026     1730.371     165.8523  16.9047   0.1041     3.59    0.193   0.47   0      16.54     553.2271     44.90017
       497    408.3055    407.4050     45326.29     240.6463  13.3591   0.0058     4.08    0.169  -9.18   0      228.5     13743.17     89.61932
       498    981.8436    411.1030     2254.699     183.1479  16.6173   0.0882     5.95    0.418   6.88   0      16.85     491.5645     44.36024
       499    109.9386    410.1099     1940.943     155.9669  16.7800   0.0873     4.37    0.327  -1.96   0      17.82     580.1667     45.03633
       500    990.7957    406.9010     2224.206     205.1828  16.6321   0.1002     4.09    0.403  -7.57   0      14.94     525.7347      44.9855
       501    785.0215    402.8060     3464.015     185.3238  16.1511   0.0581     7.62    0.365  17.38   0      26.08     754.0936     46.12477
       502     21.2920    400.2274      1856.98     100.8515  16.8280   0.0590     4.02    0.553 -18.43   0      30.24       1252.3      48.2048
       503    710.6287    398.0656     2516.829     172.8615  16.4979   0.0746     3.70    0.243 -19.77   0      24.19     882.2238     46.75185
       504     87.0045    398.5022     1597.277     156.2739  16.9915   0.1063     4.26    0.221   1.25   0      17.08     580.4485     45.26108
       505    164.6582    394.9414     4823.311     193.6068  15.7916   0.0436     4.45    0.219  -8.41   0       40.1     1395.224     49.38708
       506    798.3112    395.1617     1716.326     127.1102  16.9135   0.0804     4.64    0.395  -7.58   0      17.51     573.4437     45.00238
       507    225.5352    393.9967     4643.025     181.9788  15.8330   0.0426     6.12    0.264  -5.26   0      40.36     1412.834     49.36604
       508    470.6103    393.3580     3212.744     196.8963  16.2328   0.0666     4.27    0.188  13.84   0      26.95     909.2006     47.20432
       509    118.8610    391.1734      2424.12     197.2659  16.5386   0.0884     5.74    0.246  -1.72   0      17.55     542.2292     45.18048
       510    434.2340    387.9495      6495.82     214.6119  15.4684   0.0359     8.81    0.336 -18.32   0      52.86     1945.855     51.66434
       511    324.5085    386.6657     3165.069     215.1949  16.2490   0.0738     5.14    0.250   4.47   0      21.82     675.1179     45.51297
       512    744.0922    385.3151     2610.302     94.87346  16.4583   0.0395     2.54    0.313 -88.93   0      45.34     2033.211     51.95025
       513    868.7802    381.3667     4531.575     182.5314  15.8594   0.0437     4.03    0.231  -8.23   0      39.73     1443.595     49.60918
       514    543.9072    380.1490     4300.866     192.3383  15.9161   0.0486     4.67    0.223  -0.64   0      36.38     1221.611     48.05989
       515    692.9260    380.1127     1199.024     144.7877  17.3029   0.1311     5.06    0.397   7.69   0      12.43     428.1077     44.14827
       516    216.6935    378.2460     5119.233     253.6504  15.7270   0.0538     5.15    0.144 -21.49   0      32.42     950.6517     46.76099
       517    613.3659    376.7926     3441.745      213.725  16.1581   0.0674     5.86    0.132 -20.17   0      23.58      738.751     46.26756
       518    791.9007    378.9433     2895.417      82.8363  16.3457   0.0311     0.00    0.164  21.57   0      69.87     2725.438     54.71116
       519    824.3541    377.6112     2009.203     182.1524  16.7424   0.0985     3.46    0.151 -28.80   0      16.29     569.8814     45.43048
       520   1014.0925    369.0602     104571.6     306.8669  12.4515   0.0032     8.25    0.137  -4.34  16        372     31899.75     127.5321
       521    145.1640    369.6422     3254.316     196.9443  16.2189   0.0657     4.77    0.265  -3.19   0       26.4     868.0291     46.79067
       522    215.9436    367.5838     2617.743      168.566  16.4552   0.0699     4.32    0.281   6.35   0      24.74     909.9089     46.99365
       523    475.4271    357.9353     7436.299      227.551  15.3216   0.0332     4.30    0.159  -8.74   2      54.66     2005.907     51.83067
       524    115.3316    362.5569     10593.53     205.8522  14.9374   0.0211     4.19    0.191  -9.07   0      80.48     3190.087     56.87499
       525    636.9102    363.6140     1837.558     137.7861  16.8394   0.0814     4.02    0.223 -11.46   0      18.48     625.5486     45.26476
       526    160.6995    354.4344      5009.36      179.651  15.7505   0.0389     4.20    0.234 -12.30   0      43.45     1544.183     49.46002
       527    814.0059    354.5858     1335.011     152.6237  17.1863   0.1242     5.26    0.288   1.51   0      13.53     446.3899     44.58284
       528    952.3868    348.2805     32544.83      289.591  13.7188   0.0097     3.90    0.154  -8.26   2      152.5       7289.2     71.40026
       529    791.6795    353.2688     1803.554     139.5482  16.8597   0.0840     4.75    0.246  -4.44   0      18.28     581.4235     45.04267
       530    458.7293    352.8892     3057.731     190.8637  16.2865   0.0678     4.68    0.200  12.21   0      25.44     829.3058     46.27651
       531    134.5173    351.4392     7620.438     251.9103  15.2950   0.0359     4.21    0.246 -14.11   0      50.91     1875.806     51.15855
       532    320.0603    350.5448     2595.657     184.2558  16.4644   0.0771     4.16    0.159 -14.47   0      22.88     762.1167     46.27337
       533    860.1071    348.9486     1793.877      131.151  16.8655   0.0794     5.34    0.431 -50.68   0      17.53     551.5291     44.77913
       534    748.8447    350.2575     1677.756     157.1948  16.9382   0.1018     5.58    0.449   4.13   0       15.7     472.0732     44.71357
       535    100.0665    355.1889      3935.97     216.5903  16.0124   0.0598     7.01    0.201 -15.33   0      31.32     1005.599     47.34782
       536     24.7998    347.5570     3184.967     179.4476  16.2422   0.0612     4.26    0.219  -9.02   0      29.46     1015.906     47.60952
       537    650.4900    343.5086     12708.62     198.8852  14.7398   0.0170     3.96    0.191 -18.93   0      93.95      3938.14     59.70515
       538    393.5922    345.2505     5088.992     251.6277  15.7334   0.0537     5.39    0.400 -10.55   2      32.43     957.2217     47.22191
       539    971.1371    339.5607     2020.452     120.5433  16.7364   0.0648     4.29    0.338  -5.08   0      21.31     732.1557     46.01655
       540    225.1698    339.0334     1089.672     113.3456  17.4068   0.1130     4.34    0.201  -0.51   0      12.56     437.6761     44.76422
       541    483.2153    332.1628     82952.13     280.7036  12.7029   0.0037     4.14    0.134 -12.00   0      329.5     25384.24     115.5563
       542    364.7990    334.1808     26315.03      210.902  13.9495   0.0087     4.08    0.188 -10.28   0        161     8160.694     74.12241
       543    334.6846    335.8503     7112.671     182.9825  15.3699   0.0279     3.60    0.212  -9.23   0      60.63     2409.767      53.4781
       544    949.8713    333.9135     1188.007     143.8971  17.3130   0.1315     5.11    0.417  -6.09   0      12.06     409.3369     44.16583
       545    172.8799    327.6990     28555.98     236.8241  13.8608   0.0090     6.18    0.144 -42.18   0      162.6      7940.03     73.23647
       546    872.4208    331.6906     2985.765     242.5517  16.3124   0.0882     7.99    0.423   7.10   0      18.43     410.0401     44.05516
       547    666.4639    331.7741     2925.544     174.8458  16.3345   0.0649     0.00    0.526  -9.06   0      26.76     933.8076     47.10909
       548    740.5959    329.9648     4078.565      207.834  15.9737   0.0553     5.09    0.288  -6.65   0      32.22     1130.301     48.15251
       549    843.7865    327.1761     1405.828     155.1852  17.1302   0.1199     4.46    0.133 -32.41   0      14.18      473.045     44.83111
       550    256.9961    325.5491     14446.15     243.9327  14.6006   0.0183    10.73    0.341 -17.95   0      91.71     3482.377     58.03123
       551    640.7815    325.0525      7813.25     234.4691  15.2679   0.0326     3.86    0.193 -12.14   0      57.14     2194.337     52.84159
       552     86.6810    321.8717     5104.452     193.2855  15.7301   0.0411     4.46    0.268  -5.73   0      41.65     1427.408     49.12617
       553    968.7081    321.0974      1667.93     148.9461  16.9446   0.0970     3.54    0.256   2.84   0      19.02      652.838     45.29039
       554    420.7153    320.9753     4473.126     176.8459  15.8735   0.0429     4.46    0.259  -6.76   0      39.67     1415.443     49.07078
       555    142.3130    320.0200     2604.606     163.2298  16.4606   0.0681     4.07    0.245  -3.14   0      26.17     913.0181     46.68583
       556    591.6197    319.9883     2196.874     139.2853  16.6455   0.0689     5.92    0.484   4.07   3      28.87     1193.745     48.24247
       557    598.6262    315.6935     4505.014     216.0228  15.8658   0.0521    10.87    0.616 -35.42   2      29.44     628.9523     45.17037
       558    617.3546    318.1880      1460.42     153.6329  17.0888   0.1142     5.24    0.254  64.35   0      14.61     527.0576     45.21574
       559    862.5385    317.1429     3397.541     179.0139  16.1721   0.0572     3.70    0.245 -11.97   0      29.27     1044.116     47.63829
       560    681.5629    316.9908     1874.416     160.6484  16.8178   0.0931     3.84    0.170  -1.45   0      18.56     651.2241      45.8356
       561    235.1843    315.5123     2027.536     118.4473  16.7326   0.0634     4.62    0.318  -0.73   0         22     758.6642     46.03791
       562    449.4587    313.4900     1612.624     164.1624  16.9812   0.1106     3.34    0.041  -9.90   0      14.85     476.0258     44.50768
       563    139.1396    313.1539     1617.344     139.2446  16.9780   0.0935     6.05    0.383 -13.83   0      17.14      552.917     45.12262
       564     10.2613    311.8582     2064.157     182.9113  16.7131   0.0962     6.72    0.451  -3.16   3      17.81     572.4081     45.33204
       565      3.7540    310.0184     2888.261     174.7973  16.3484   0.0657     6.23    0.362   4.01  19      23.57     748.9764     46.31776
       566    411.6249    310.6910     1353.366     164.5708  17.1715   0.1321     6.45    0.563   6.59   0      14.48       462.29     44.32389
       567     24.6897    308.4379     5790.613     173.5188  15.5932   0.0325     7.61    0.202 -25.77   0      48.99     1725.242     50.48524
       568    562.1360    307.5264     4827.674     192.3055  15.7907   0.0433     4.54    0.221  -1.55   0      42.58     1518.534     49.74905
       569    229.4407    308.7615     1273.754     137.7708  17.2373   0.1175     5.02    0.274  -0.35   0      13.83      447.898     44.59052
       570    811.9877    304.5578     4414.159     223.3866  15.8879   0.0550     5.33    0.301   3.59   2      34.46     1000.362      47.6412
       571    529.7371    307.0222     1833.924      182.625  16.8415   0.1081     3.60    0.399   8.72   2      15.39     477.4472     44.85342
       572    328.5502    305.3461     2018.676     101.2153  16.7373   0.0545     5.88    0.480  28.72   0      37.57     1348.876      49.0707
       573    255.6548    302.3660     19828.05     259.7985  14.2568   0.0142     4.23    0.134 -10.42   0      119.7     5028.172      63.7195
       574    942.9246    303.2715      1914.39     168.3653  16.7949   0.0955     4.12    0.247  -8.16   0      18.88     637.7317     45.32589
       575    274.8527    304.0062     1643.084     77.72086  16.9608   0.0514     0.00    0.107  -1.38   0      45.27     1547.726      49.9832
       576      5.1783    302.8704     1279.284     112.6114  17.2326   0.0956     3.08    0.257 -27.16  16      29.94     798.1866     46.34153
       577    709.9171    300.9229     11904.05     104.6742  14.8108   0.0095     0.00    0.121  44.09   0      151.2     11590.95     83.80387
       578     94.3178    300.5374     1576.533     158.6453  17.0057   0.1093     5.69    0.319  50.77   0      15.52     491.0324     44.58425
       579     12.8293    296.0749      1549.72     165.6046  17.0244   0.1161     5.47    0.391 -10.07   0      13.32     446.3957     44.58287
       580    821.4835    294.7487     2304.687     171.1155  16.5935   0.0806     3.84    0.238  -1.04   0      20.91     718.5696     45.72943
       581    515.8587    293.1279     1435.456     133.3938  17.1075   0.1009     0.00    0.053 -46.10   2      17.33     667.9035     45.58765
       582    669.4869    294.0037     1439.051     168.4722  17.1048   0.1271     5.00    0.408 -27.76   0      12.73     392.0375     44.41854
       583    376.1003    292.1058     4797.912      201.864  15.7974   0.0457     4.38    0.264  -8.40   0      40.58     1401.073      48.9012
       584    158.1369    289.9920     1362.604     78.51828  17.1641   0.0626     2.44    0.164  -1.77   0      37.43     1073.018     47.77597
       585    448.6086    287.3793     1774.502     148.2609  16.8773   0.0907     3.87    0.241   8.85   0      18.69     656.5544     45.64163
       586    968.2093    284.4868     5277.123     213.9075  15.6940   0.0440     4.15    0.223 -11.37   0      39.79     1454.167     49.45412
       587    182.5657    283.1127     2033.395     165.5072  16.7294   0.0884     4.63    0.390  -9.92   0      18.79     647.7678     45.37619
       588    602.4580    282.3969     2547.137     198.6804  16.4849   0.0847     4.25    0.303  -0.75   0      20.66      667.937     45.80847
       589   1019.5573    278.4697     2031.376     150.3403  16.7305   0.0804     4.06    0.374 -11.22  16      20.37     732.8817     46.02013
       590    975.0261    276.3686     12591.34     203.7613  14.7498   0.0176     4.15    0.151 -12.66   0       92.8     3953.683     60.01683
       591    876.2603    273.1378     58783.42     265.1972  13.0769   0.0049     4.00    0.177   7.82   0      268.4     17989.65       99.809
       592    189.5266    277.4891     2702.309     195.0179  16.4207   0.0784     4.25    0.300  -2.21   0      21.55     696.9595      45.6219
       593     64.1586    276.6929     2500.811     184.1388  16.5048   0.0800     4.90    0.303 -20.02   0       21.5     679.7924     45.42545
       594    352.3964    275.5129     2432.921     192.0968  16.5347   0.0857     4.18    0.443 -21.65   0      19.28     678.6257     45.86147
       595    165.6932    268.5087     4277.737     217.5288  15.9220   0.0552     4.02    0.184 -19.99   0       31.5     1091.675     47.65351
       596    768.7140    263.7735     3529.485     213.8183  16.1307   0.0658     8.76    0.428 -17.64   0      27.26     736.1551     45.81675
       597     66.0235    264.0500     7123.428     186.4079  15.3683   0.0284     4.17    0.220  -9.74   0      60.34     2347.981     53.59249
       598    830.3312    261.8488      6009.14     198.8343  15.5530   0.0359     9.62    0.094   3.20   0      47.31     1692.676     50.53833
       599    423.4484    261.3126     10840.65     206.7354  14.9124   0.0207     4.85    0.439  -0.06   0      77.59     2975.647     55.83122
       600    361.6843    263.8770     1633.432     137.4489  16.9672   0.0914     6.11    0.492  -7.12   0      16.92     515.3464     44.59511
       601    906.1344    259.1649     4207.108     146.8828  15.9400   0.0379     3.80    0.289 -15.63   0      40.61     1531.766     49.80946
       602    694.6673    268.0775     3758.933     170.8371  16.0623   0.0494     5.92    0.255  -2.25   0      31.71     1035.589     47.27876
       603    492.3642    260.0436     1521.423      130.678  17.0444   0.0933     5.08    0.464  -6.26   0      16.21     573.4955     45.33749
       604    148.7583    255.5253     11326.12     203.5871  14.8648   0.0195     4.20    0.234 -13.44   0      84.97     3446.043     57.88876
       605    270.6306    253.1189     1211.415     94.17683  17.2918   0.0844     2.12    0.426  66.14   2      21.71     998.1157     47.31188
       606    969.4564    254.0631     4551.665      167.431  15.8546   0.0399     3.99    0.318 -13.11   0       42.3     1581.289     50.13557
       607    114.4856    252.9771     1465.125     157.6884  17.0853   0.1169     5.43    0.270  -0.59   0      14.98     513.0096     44.69614
       608    607.5200    251.5843     2264.924      150.693  16.6124   0.0723     4.04    0.302  -1.06   0      22.71     762.5937     46.16664
       609     10.2987    243.1974     252245.6     407.2214  11.4954   0.0018     4.12    0.150 -12.87  24      607.4     73514.27     187.6174
       610    694.8653    245.6191     6116.764     189.2163  15.5337   0.0336     3.99    0.126  -5.29   0      51.71     1893.759     51.53259
       611    520.7493    246.9602     2497.286     162.3056  16.5063   0.0706     5.92    0.404  10.93   0      20.29     596.3779     45.45205
       612    470.5948    243.5660     53547.54     252.8168  13.1782   0.0051     4.23    0.172  -5.93   0      252.5     15822.84       94.853
       613     77.7858    247.7571     2052.306     182.8966  16.7194   0.0968     4.67    0.245  -4.97   0      17.55     582.6486      45.4943
       614    743.1392    241.7323     2964.374     174.1741  16.3202   0.0638     3.71    0.214  12.26   0      27.78     994.6966     47.29545
       615    133.4416    242.8186     1270.853     146.6297  17.2398   0.1253     4.25    0.265   0.21   0      12.75     392.0731     44.53208
       616    394.3861    239.0171     3226.884     179.5007  16.2280   0.0604     4.85    0.323 -12.66   0       27.8     952.8932     47.09414
       617    321.9923    237.4865     1735.537     169.6164  16.9014   0.1061     4.81    0.204   2.50   0      16.71     549.0635     45.10321
       618    174.9776    231.4061     31557.95     231.6656  13.7522   0.0080     7.48    0.266 -15.42   0      178.6     9503.729     78.13195
       619    669.1227    231.9560      7082.36     190.3725  15.3746   0.0292     4.12    0.196 -12.34   0      56.72      2128.74      52.3665
       620    364.5538    232.9167      1647.83     163.4418  16.9577   0.1077     3.20    0.282  15.79   0      15.59     493.9297     44.59901
       621   1022.8040    226.0428     6806.929     133.0965  15.4176   0.0212     3.99    0.304  89.51  24      69.55     3147.413     56.88175
       622    224.7514    223.8026     44361.19     240.2583  13.3825   0.0059     4.11    0.133  -5.15   0      225.7     13305.71     88.50297
       623    879.5099    226.8338     1721.639     154.0189  16.9101   0.0972     7.07    0.397  -7.15   0      18.17     564.0637      44.8427
       624    400.0872    222.5220     9260.959     194.9057  15.0834   0.0229     4.18    0.229 -10.91   0      73.86      2886.75     55.46817
       625    690.5178    221.5303     8317.494     193.1509  15.2000   0.0252     7.13    0.199 -20.70   0      66.61     2559.719     54.11161
       626     16.9882    223.9212     1619.927     77.65311  16.9763   0.0521     4.39    0.116 -83.52   0      46.18     1363.375      49.0351
       627    610.1128    220.3966     2677.208     214.6791  16.4308   0.0871     4.58    0.234  12.81   0      18.41     606.4894     45.39165
       628    195.2714    218.2566     8408.438     338.3564  15.1882   0.0437     9.65    0.568 -11.34   0      34.93     860.1973     46.53644
       629    647.5715    215.6330     8411.328     181.1422  15.1878   0.0234     4.15    0.211  -8.38   0      68.85      2686.78     55.01049
       630    530.3660    216.6450     1368.683     159.9313  17.1592   0.1269     5.46    0.277  25.94   0      13.23     426.8257     44.59618
       631    566.2589    215.4788     1921.965     196.6865  16.7906   0.1111     6.57    0.183  57.98   0      14.79     383.3064     44.03168
       632    817.9291    209.5190     3617.896     193.4937  16.1039   0.0581     6.97    0.511  26.02   0      29.96     1359.593     48.81143
       633    124.5893    206.3045     1936.219     163.0713  16.7826   0.0915     3.83    0.299 -10.77   0      21.28     754.7679     46.12809
       634    486.3018    202.7015     1336.822     86.10342  17.1848   0.0699     1.71    0.308 -43.93   0      32.47     1243.838     47.95508
       635    836.8322    199.8154     1628.396     175.3216  16.9706   0.1169     4.57    0.050 -31.18   0      14.25     458.4339      44.9817
       636    351.7580    198.1369     6007.864     170.1386  15.5532   0.0308     5.35    0.286   1.75   2      44.15     1403.782     49.22203
       637    961.2849    197.5701     3118.431     182.8431  16.2652   0.0637     4.74    0.092   1.29   0      29.44     960.9429     47.02589
       638    425.7182    197.9164     4523.594     181.1351  15.8613   0.0435     4.41    0.265   4.97   3      37.66     1323.922     48.64505
       639    420.9680    190.6917     37281.63     235.0794  13.5713   0.0068     4.15    0.137  -9.41   2      200.4     10973.85     82.05184
       640    735.6351    192.9243     75016.06     273.7428  12.8121   0.0040     3.98    0.133 -12.63   0      311.6     23226.77     111.0961
       641    468.8326    196.2859     4077.452     159.8402  15.9740   0.0426     3.94    0.234 -14.27   0      39.37      1434.07     49.25943
       642    131.1511    195.2710     4385.468     105.2058  15.8950   0.0261     4.29    0.384  75.68   0      64.68     3349.054     57.50671
       643     94.9845    196.0408      4498.96     85.66596  15.8672   0.0207     0.00    0.037 -89.51   0      84.48     4351.684     61.58744
       644    245.5172    194.0807     11091.37      174.647  14.8875   0.0171     3.90    0.237  -4.22   0      87.72     3613.309     58.28283
       645    943.0516    191.3193     3627.359     179.3055  16.1010   0.0537     4.20    0.211  -3.05   0      34.88     1244.736     48.27367
       646    648.2141    192.2922     1488.134     149.5168  17.0684   0.1091     4.77    0.381 -13.08   0      16.07     549.0891     44.87922
       647    487.4005    192.9905     1305.571     123.3453  17.2105   0.1026     4.25    0.272   0.38   0      15.44     519.3576     44.95327
       648    755.0711    190.9958      2275.71     79.54929  16.6072   0.0380     0.00    0.076   1.23   0      54.89      1976.05       51.797
       649     15.0701    190.7535     1745.552     176.1902  16.8952   0.1096     4.12    0.403  20.84   0      14.74      486.196      44.7853
       650    169.3131    188.8643      2433.49     190.7808  16.5344   0.0851     4.84    0.287 -14.39   0      16.21      459.823     44.42487
       651    950.1918    183.1320      3232.38     200.7226  16.2262   0.0674     4.25    0.167  -8.01   0      27.06     886.5931     46.77309
       652    863.4165    183.2972     1727.609     131.0361  16.9064   0.0824     4.31    0.254 -10.40   0      19.38     654.1458     45.40812
       653    303.2621    181.2740     13763.52     208.1151  14.6532   0.0164     4.29    0.208  -4.64   0      98.61     4130.164     60.51506
       654     62.9118    180.0858     3953.367     216.6086  16.0076   0.0595     4.78    0.230  -5.39   3      28.54     967.8298     47.05916
       655     66.0760    175.5435     3722.218      207.444  16.0730   0.0605     8.25    0.274   8.93   3      27.95     947.7197     46.96193
       656    511.0398    175.9996     4562.364     85.83401  15.8520   0.0204     4.27    0.053  -1.79   0      92.34     4382.433     61.61904
       657    552.8180    192.1399     8914.988      192.548  15.1247   0.0235     4.15    0.240  -7.59   0      70.98     2824.406     55.39446
       658      3.6486    172.3107     4990.553     170.2612  15.7546   0.0371     5.60    0.201 -66.90  24      40.76     1222.881     48.17067
       659    520.0622    173.3473     3803.688     239.6635  16.0495   0.0684     9.62    0.674  -4.75   0      20.69     438.5392      44.5428
       660    306.4225    171.0296     6439.861     199.9573  15.4778   0.0337     4.38    0.250  -6.56   0      51.41     1908.581     51.69553
       661    776.0208    166.6430     16088.34     143.7815  14.4837   0.0097     7.18    0.525  88.78   1      159.8     13009.77     87.85456
       662   1010.9438    166.1275     4390.173     233.2984  15.8938   0.0577     9.11    0.434   4.18  16      31.97     982.5754     47.13032
       663    699.9894    165.7586     1114.615     114.5017  17.3822   0.1116     1.60    0.186 -88.00   0      13.84     551.7331     45.45066
       664    385.4742    165.7922     2001.684     158.4598  16.7465   0.0860     4.43    0.249  17.23   0      18.79     585.0918     45.17292
       665    214.8006    164.8801     3794.831     212.9195  16.0520   0.0609     4.15    0.238 -13.65   0      31.13     1101.405     47.80548
       666    667.3831    164.3288     2109.962     157.0177  16.6893   0.0808     3.66    0.262 -18.22   0       20.2     727.0065      46.1006
       667    618.1357    162.1209     4203.808      169.951  15.9409   0.0439     8.17    0.254 -14.60   0      39.43     1437.053     49.27319
       668     23.1780    163.3860     2732.414      208.181  16.4086   0.0827     8.70    0.482   4.15   0      21.76     579.2729     45.36644
       669    952.2817    160.7893     3165.952     208.0488  16.2487   0.0714     4.54    0.224   4.59   0      25.26     799.8295     46.34958
       670    773.7601    161.5524     2192.509     137.4564  16.6476   0.0681     4.50    0.319  -0.15   0      23.37     797.7593     46.33943
       671    209.1687    159.2514     4377.719     175.2911  15.8969   0.0435     4.02    0.247  -2.35   0      39.82     1423.175     49.31149
       672    296.5810    155.4798      6256.84      129.261  15.5091   0.0224     0.00    0.520  36.95   0      89.77     4895.696     63.40445
       673    247.3656    155.8952     1461.861     142.5717  17.0877   0.1059     6.11    0.543 -12.12   0      15.49     475.3283     44.27697
       674    155.2181    155.6357     2242.587     205.8165  16.6231   0.0997     5.49    0.407 -21.14   0      15.26     469.2096     45.03611
       675    906.3747    154.3593     1230.007     158.1481  17.2752   0.1396     5.65    0.670 -26.62   0      12.06     330.5623     44.21704
       676    766.6624    149.6876     3149.024     199.9989  16.2546   0.0690     4.00    0.261   7.58   0       25.2     859.1141     46.42268
       677    169.9708    149.7259     2411.511     125.3665  16.5443   0.0565     3.78    0.194 -17.70   0      26.06     934.3466     47.00455
       678    976.4509    149.0868     2211.082     151.4463  16.6385   0.0744     5.13    0.393  -6.26   0      21.93     739.5676     45.83367
       679    801.0854    149.7616     5115.593       98.161  15.7278   0.0208     5.24    0.369 -71.70   0      92.73     4480.755      61.6544
       680    281.7026    149.1247     2008.129     169.2382  16.7430   0.0915     4.94    0.279  -7.09   0      17.47     539.2682     44.82946
       681    238.0511    146.9854     9054.591     194.6649  15.1078   0.0233     4.13    0.212  -3.63   0         72      2936.09     55.94099
       682    182.4668    146.2110     1790.441     116.9184  16.8676   0.0709     3.82    0.341 -24.51   0       21.6     807.3094     46.38625
       683    117.3893    144.1982     8007.701     225.3415  15.2412   0.0306     4.58    0.347 -16.70   0      56.87     2057.499     52.15316
       684    367.7300    143.3934     6232.002     182.5771  15.5134   0.0318     4.22    0.227  -6.64   0      50.55     1803.609     51.03477
       685    582.5580    139.4635      2076.54     143.5483  16.7066   0.0751     4.24    0.368 -11.41   0      20.19     667.8685     45.69794
       686    780.8148    138.0598     2009.518     179.3636  16.7423   0.0969     4.27    0.374  -9.70   0      15.74     500.1588      44.8561
       687    147.6846    137.4814     1495.649     159.3225  17.0629   0.1157     4.92    0.681  -7.21   0       13.6     388.7586     44.05981
       688    103.8476    135.0784     4107.073     163.0051  15.9662   0.0431     4.78    0.285  -7.18   0      37.03     1280.923      48.5477
       689    987.0547    133.2905     6338.693     192.1249  15.4950   0.0329     4.52    0.259  -5.51   0      52.03     1951.181     51.49232
       690    929.4279    134.6394      1579.84     173.8144  17.0035   0.1195     6.42    0.637   7.85   0      14.47     395.7849     44.55102
       691     27.7157    130.8170     5770.808     212.0672  15.5969   0.0399     4.25    0.248 -32.14   0       42.8     1499.827     49.56189
       692    400.8218    131.5076     2341.343      153.295  16.5763   0.0711     3.22    0.217 -13.00   0      24.96     906.2252     46.54456
       693    707.7398    127.0825     16100.55     214.7992  14.4829   0.0145    11.00    0.046 -80.28   0      106.5     2960.514     55.76958
       694    686.4802    128.0197     4787.393     199.3388  15.7998   0.0452     9.42    0.156  31.53   0      40.58     1372.636     49.18062
       695    638.8282    128.7392     2127.743     129.8005  16.6802   0.0663     4.96    0.300  -3.61   0      21.45     702.2442     45.86858
       696    778.0884    126.9323     1752.251     164.3556  16.8910   0.1019     6.05    0.134 -38.48   0      15.64     512.2514     44.69228
       697    696.5332    125.4804     3096.424      225.422  16.2728   0.0791     4.83    0.349 -24.72   0      17.52     510.8611     44.68521
       698    615.6607    123.2078     2479.322     98.47678  16.5142   0.0431     5.49    0.441 -29.49   0      53.26     1913.553     51.61981
       699    861.7250    119.4639     11117.75     197.0589  14.8850   0.0192     4.06    0.180  -6.37   0      83.86     3414.967     57.76662
       700     78.4872    119.7668     1247.797     143.9915  17.2596   0.1253     4.01    0.287   1.97   0      12.73     427.3826     44.37236
       701    531.7255    117.9374     1869.218     167.5537  16.8209   0.0973     4.34    0.396  -7.38   0      17.22     579.2097     45.25486
       702    244.5477    115.4407     2939.435     207.8012  16.3293   0.0768     4.97    0.349  -9.77   0      22.33     733.3754     46.13199
       703    572.7965    114.9187     1647.442     161.8916  16.9580   0.1067     5.39    0.384   7.86   0      14.67     510.0015     45.01807
       704     44.8636    112.4298     3666.293     170.7138  16.0894   0.0506     4.70    0.289  -9.70   0      32.15      1087.96     47.74152
       705     27.3434    106.6627     42286.93     246.0943  13.4345   0.0063     8.33    0.235  -8.05   0      215.2     12199.68     85.67448
       706    670.1453    102.7621     11267.52     200.4013  14.8704   0.0193     6.05    0.273 -10.82   0      84.64     3483.006      58.1205
       707    367.9947    103.1793     3073.751     181.4032  16.2808   0.0641     4.24    0.259 -16.55   0      28.06     942.2275     47.04264
       708    532.0795     99.3775     2765.255     208.8213  16.3957   0.0820     5.02    0.372 -10.39   0      19.78      650.658     45.61226
       709    100.2304     98.1687      1940.53     190.8541  16.7802   0.1068     5.79    0.475 -12.23   0      14.68     409.8876     44.62291
       710    987.0277     97.1688     1793.124     148.2894  16.8660   0.0898     4.08    0.377   1.17   0       17.7      616.653     45.66386
       711    256.4378     95.6769      4198.48     210.9736  15.9423   0.0546     6.40    0.351  -9.99   0      32.28      1105.42     47.82456
       712    801.5291     93.9902     4396.617     176.0331  15.8922   0.0435     3.88    0.252 -13.19   0      42.47     1597.139     50.10685
       713    735.3274     90.1650     13171.12     208.0737  14.7009   0.0172     4.20    0.245 -10.70   3       95.6     3931.205     59.76317
       714    746.0224     88.6003     19921.35     237.0529  14.2517   0.0129     4.14    0.167  -2.16   3      127.8     5874.741     66.74625
       715    147.5231     85.8355     2582.464     143.4712  16.4699   0.0603     4.71    0.233 -11.24   0      25.68     856.7177      46.6277
       716    762.3369     86.1141     1675.031     168.0419  16.9399   0.1089     4.25    0.269  11.96   0      14.25     493.6189     44.59743
       717    550.9070     82.1492     1875.297     184.7348  16.8173   0.1070     3.97    0.376 -21.79   0      15.71     511.1472      44.5737
       718    938.1335     80.8635     3751.484     168.5992  16.0645   0.0488     4.95    0.266   3.85   0      33.96     1186.548     48.10387
       719    618.6271     79.5800     2295.819     139.4467  16.5977   0.0660     7.50    0.392 -39.93   0      24.44     750.8534     46.32697
       720    583.0599     80.6118     2911.299     138.6398  16.3398   0.0517     6.89    0.393 -14.52   0       33.6     1371.272     49.17432
       721    962.9098     79.5741     3224.677     180.8968  16.2288   0.0609     4.32    0.373  -1.02   0       27.7     957.4535     46.79403
       722    419.1958     78.9395     1820.842     109.1749  16.8493   0.0651     0.00    0.213 -19.34   0      33.06      1100.75     47.90771
       723     28.0620     76.8967     3238.014     188.4213  16.2243   0.0632     8.44    0.433   6.92   0      24.52     832.7872     46.29361
       724    957.5514     66.3189     28177.29     252.9428  13.8753   0.0097     4.20    0.170  42.68   0        161     7752.246     72.72074
       725     46.3500     72.7464     4458.452     158.0058  15.8770   0.0385     4.04    0.283  -7.98   0       42.8     1602.836     50.33342
       726    945.1005     71.2457     3601.054     201.7652  16.1089   0.0608     6.23    0.330  -8.37   0      28.59     933.9315     46.46314
       727    844.1853     70.6019     5786.598     169.8428  15.5939   0.0319     4.02    0.256  -3.66   0      50.64     1897.039     51.44915
       728    586.5684     70.2143     2128.388     175.2509  16.6799   0.0894     3.11    0.258   2.40   0      15.51     491.9177     45.15056
       729    264.4601     69.3694     1351.437     159.9068  17.1730   0.1285     4.05    0.148  13.47   0      13.86     450.9261     44.49279
       730    809.2776     61.3660     140183.8     328.3807  12.1333   0.0025     4.02    0.110 -10.73   0      443.9     43007.92     146.0609
       731    538.9976     61.3154     91862.84      292.174  12.5922   0.0035     4.23    0.163 -15.92   0      349.6     27763.64      120.103
       732    324.1857     63.8441     27700.58     221.1123  13.8938   0.0087     4.17    0.221  -8.66   0      164.4     8345.704     74.82241
       733     13.2966     63.8327     14422.94     193.8084  14.6024   0.0146     4.03    0.217  -5.43   0      103.5     4374.198     61.09553
       734    240.4948     64.5114     1501.994     151.2142  17.0583   0.1093     3.48    0.071   1.64   0      14.75     485.4627     44.66885
       735    434.9409     59.8750     4921.391     92.40665  15.7698   0.0204     0.00    0.202  63.10   0      93.95     4564.742     62.04454
       736    987.3288     58.3768     1846.801       152.56  16.8340   0.0897     4.22    0.307 -11.40   0       17.7     598.3572     45.46194
       737    909.1430     50.0787     3430.768     144.8088  16.1615   0.0458     6.68    0.523  -6.36   0      49.37     2201.518     52.58563
       738    148.1357     48.8206     9499.741     173.2922  15.0557   0.0198     4.35    0.225 -11.32   0      76.64     2993.885     56.17531
       739    987.0977     50.0038     1480.872      131.569  17.0737   0.0965     5.74    0.470   0.45   0      19.12     749.2239     46.10077
       740    771.8460     46.4704     26847.37     225.3254  13.9277   0.0091    11.96    0.064  32.14   0      159.8      7843.41     73.14309
       741    967.5617     48.1480     2724.441     176.0221  16.4118   0.0702     5.43    0.231 -25.11   0      24.69     801.3681     46.46576
       742    895.6367     47.8381     3324.103     226.2094  16.1958   0.0739     4.35    0.246   8.60   0       23.3     749.7224     46.10323
       743    583.3663     48.4168     3812.222     269.8506  16.0471   0.0769     8.24    0.573 -53.91   0       19.1     420.2734     44.78848
       744    749.3884     47.9132     3273.796     209.9752  16.2124   0.0697     6.33    0.482   0.42   2      20.78     506.3974     44.77524
       745    284.3586     47.4739     2182.535     170.2143  16.6526   0.0847     4.94    0.319   5.94   0      21.83     740.2927     46.05672
       746    114.7236     40.0078     31042.52     229.5178  13.7701   0.0080     4.54    0.137   9.93   0      174.6     8077.157     73.86582
       747    838.4869     38.1474     3876.652     202.6982  16.0289   0.0568     4.24    0.213   0.07   2      31.43     1064.139      47.4158
       748    493.0805     38.8632     2232.033      181.738  16.6282   0.0884     3.86    0.228 -19.22   0      19.67     667.2434     45.58436
       749    867.1044     38.8286     1492.514     150.3641  17.0652   0.1094     4.04    0.396   0.33   0      15.99     534.3264     44.57878
       750    475.5003     43.2855     2236.777     191.2066  16.6259   0.0928     5.89    0.188 -31.50   0      18.84     536.3198     44.70187
       751   1000.5375     31.9875     3475.792     193.3268  16.1474   0.0604     4.31    0.183 -11.34   0      30.62     1027.504     47.45284
       752    744.8090     32.9603     1390.701     144.2169  17.1419   0.1126     3.45    0.203  -0.70   0      14.23     505.8803     45.22079
       753    591.1125     30.0158     13545.76     109.3389  14.6705   0.0088     0.00    0.157   6.25   0      161.1     12799.74     87.13613
       754    215.1405     24.3691     1749.198     172.5812  16.8929   0.1071     6.46    0.371  -7.96   0      16.14     494.0627     44.71259
       755    712.7859     23.9324     2152.222     192.4206  16.6678   0.0971     5.55    0.416  10.40   0      14.79     404.1445     44.36696
       756    842.1157     20.2456     3609.489     191.5196  16.1064   0.0576     4.35    0.219 -16.78   0      30.49     1015.764     47.18336
       757    962.4919     21.0186     1700.615     165.8115  16.9235   0.1059     3.79    0.351  27.08   0      14.48     457.5335     44.29949
       758    535.6894   1021.9478     1923.524     137.0109  16.7898   0.0774     3.72    0.244  -6.22  16       18.7     627.3995     45.27406
       759    406.3462   1019.3667     7992.224     212.0705  15.2433   0.0288     4.89    0.248 -12.38  16      63.44     2455.477     53.95307
       760    958.1628   1018.0023     1179.282     112.4094  17.3210   0.1035     3.01    0.180  -5.70  16      15.17     579.2927     45.47754
       761    565.9587   1016.1615     2941.897     127.3182  16.3284   0.0470     0.00    0.386   1.20  16      36.62     1645.825      50.3272
       762    599.4697   1015.2020     1715.279     160.4231  16.9142   0.1016     2.45    0.256  -2.08   0      14.77     539.0568     45.16452
       763    341.3622   1014.3997     1299.327      119.176  17.2157   0.0996     3.55    0.118  40.90   0      15.92     559.5947     45.37899
       764     30.2141   1010.5012     8077.375     224.8519  15.2318   0.0302     4.63    0.239  -2.39   2       55.6     1974.768     51.69394
       765    369.1202   1012.9902     2740.514     191.8044  16.4054   0.0760     4.19    0.133  -1.50   0      23.36       795.14     46.32658
       766    153.4803   1012.5831     3878.454     238.6805  16.0284   0.0668     4.41    0.312   7.24  16       19.8     607.9997     45.39921
       767    203.2727   1016.2081     85446.86     279.1269  12.6708   0.0035     3.92    0.147  -8.95  16      337.7     26571.32     117.7395
       768    900.3479   1010.1617      2183.85     166.4726  16.6519   0.0828     4.25    0.167 -22.11   0      22.16     772.1866      46.3228
       769    124.0937   1009.7771     2632.915     125.7673  16.4489   0.0519     3.73    0.122  -4.74   0      28.86     1050.055     47.24165
       770    646.6014   1005.9152     19613.31     235.6903  14.2686   0.0131     4.27    0.405  12.56   0      119.9     5421.695     65.33987
       771     95.8011   1005.9238     5759.993     144.9828  15.5989   0.0273     8.28    0.525  47.26   0      68.71     2954.406     55.92528
