#   1 NUMBER                 Running object number                                     
#   2 X_IMAGE                Object position along x                                    [pixel]
#   3 Y_IMAGE                Object position along y                                    [pixel]
#   4 FLUX_AUTO              Flux within a Kron-like elliptical aperture                [count]
#   5 FLUXERR_AUTO           RMS error for AUTO flux                                    [count]
#   6 MAG_AUTO               Kron-like elliptical aperture magnitude                    [mag]
#   7 MAGERR_AUTO            RMS error for AUTO magnitude                               [mag]
#   8 FWHM_IMAGE             FWHM assuming a gaussian core                              [pixel]
#   9 ELLIPTICITY            1 - B_IMAGE/A_IMAGE                                       
#  10 THETA_IMAGE            Position angle (CCW/x)                                     [deg]
#  11 FLAGS                  Extraction flags                                          
#  12 SNR_WIN                Gaussian-weighted SNR                                     
#  13 FLUX_APER              Flux vector within fixed circular aperture(s)              [count]
#  14 FLUXERR_APER           RMS error vector for aperture flux(es)                     [count]
         1   1010.0806     40.4014     10609.12     446.8047  14.9358   0.0457     8.74    0.396  81.03  16      35.16     1364.306     81.83043
         2    489.4597     23.8440      19836.9     424.0274  14.2563   0.0232     4.97    0.185   5.18   3      84.15     5390.076     92.33697
         3    900.0465     17.9336     8794.059     354.7706  15.1395   0.0438     4.28    0.232   8.57   0       39.9     2524.765     84.99236
         4     51.2565     15.1391     4228.286     339.4183  15.9346   0.0872     6.87    0.255  13.81   0      19.37     1129.642     81.38724
         5    504.1152     12.7130     16528.75     388.3723  14.4544   0.0255     4.17    0.181   7.29   0      70.16     4398.183     89.67121
         6    429.6580     14.4057     4144.104      329.091  15.9564   0.0862     4.66    0.327  -5.66   0      20.95     1192.977      81.5639
         7    487.3729     12.9315     4294.552     345.7252  15.9177   0.0874     3.49    0.035  86.80   0      20.05     1200.028     81.37289
         8    290.0433     12.5061     15035.82     440.3667  14.5572   0.0318     4.12    0.228 -15.84  18      65.37     2064.492     83.13544
         9    726.1588     11.9288     6317.858     322.7069  15.4986   0.0555     3.84    0.168   4.74   0      31.76     2002.575     83.58434
        10    694.1679      7.2073      14108.9      481.789  14.6263   0.0371    10.35    0.441 -69.04  16      45.54     2131.187     84.34132
        11    856.0016      9.8871      8606.06     334.7319  15.1630   0.0422     8.99    0.255  59.11  16       41.1     2222.338     84.17977
        12    970.6098      5.4737      92653.1     440.4737  12.5829   0.0052     4.17    0.296 -13.59  24      292.4     25493.56     133.0353
        13    322.6974      9.2556     2848.458     270.8945  16.3635   0.1033     3.80    0.135 -13.07   0      15.58     892.6791     79.86776
        14    774.4879      7.6086     4332.292     338.2216  15.9082   0.0848     3.30    0.255  20.26  16      20.41     1286.046     81.40221
        15    274.9898      3.1050     49476.83     213.6842  13.2640   0.0047     4.93    0.236 -86.97  16      320.2     48661.19     167.9131
        16    952.2803      5.0831     6294.554     381.2124  15.5026   0.0658     4.22    0.093   4.49  19      23.51     1347.249     81.15099
        17    957.9154      2.3204      8275.21     345.8597  15.2056   0.0454     4.49    0.359 -10.39  27      28.83     1688.208     82.30912
        18    452.9273      2.4725     57086.38     310.3563  13.1087   0.0059     4.85    0.394   0.87  24      231.1     19568.83     122.2157
        19    825.5352      3.9969     2370.156     247.2885  16.5631   0.1133     4.33    0.256  -0.85  16      14.98       937.88     80.84997
        20    740.3259      3.2532     3052.739     266.2744  16.2883   0.0947     4.21    0.150  17.98  16      15.84     887.8882     80.28286
        21    667.1772      2.0646     2968.035     247.8373  16.3188   0.0907     5.43    0.374   8.58  24      16.23     999.1363     81.02198
        22    692.2015    997.9467     6227.278     279.9151  15.5143   0.0488     4.17    0.240  10.41   0      32.72     2019.571     83.63054
        23    354.8955   1023.0960     1698.355     177.9531  16.9249   0.1138     4.93    0.394   7.08  24       12.5     829.1746     80.11648
        24    154.2083    998.5384     3197.546      272.765  16.2380   0.0926     4.09    0.165  -8.16   0      17.09     1001.169     81.02769
        25    720.1510    993.2237     72465.34     405.2702  12.8497   0.0061     3.88    0.145   0.09   0        251     21790.12      126.686
        26    802.6280    994.9628     5696.729     322.2692  15.6109   0.0614     4.14    0.204  -2.35   0      29.47     1844.633     83.56558
        27    783.2628    994.6929     3319.384      266.502  16.1974   0.0872     0.58    0.113 -38.91   0      20.28     1383.545     81.46354
        28    395.3542    994.3819     2542.943     279.9896  16.4867   0.1196     4.71    0.133  48.49   0      14.91      901.687     80.96045
        29    348.4669    994.7969     3783.373      300.191  16.0553   0.0862     4.55    0.355  10.98   0      19.02     1148.089     81.43874
        30    874.6376    993.6583     2560.209      183.781  16.4793   0.0780     6.11    0.465 -30.34   0      16.83     974.1608     80.73959
        31    434.0755    990.5883     38729.05      361.783  13.5299   0.0101     3.90    0.145  -0.20   0      156.6     11703.96      106.913
        32    336.8452    991.8058        17048     354.0098  14.4208   0.0226     3.93    0.188   7.56   0      79.34     5311.085     92.32842
        33    856.0427    992.1112      5756.99     268.5727  15.5995   0.0507     4.19    0.261 -10.15   0      31.75     1939.816     83.00095
        34    702.7042    992.4342     4347.637      335.685  15.9044   0.0839     5.29    0.265   4.98   0      21.37     1159.756       80.411
        35    749.7038    985.3102     242473.1     660.5546  11.5383   0.0030     8.58    0.424 -14.00   0      510.7     37598.25     151.9787
        36    487.7144    988.7793     8444.414     326.8375  15.1836   0.0420     4.12    0.095  15.54   0       41.6     2534.404     84.61339
        37    212.8366    987.9534      41083.1     408.8317  13.4658   0.0108     4.02    0.183   4.79   0      159.2     11772.33     106.8978
        38   1020.5734    987.2661      18227.4     308.1618  14.3482   0.0184     4.06    0.103  -8.15  24      86.54     5704.062     93.10658
        39    918.2642    986.6002     18494.46     323.3038  14.3324   0.0190     4.42    0.208   1.13   0      84.16     5399.125     92.73017
        40    523.2942    986.0309     26397.45      397.358  13.9461   0.0163     4.22    0.142  -2.07   3      105.2     6667.774     94.70784
        41    522.5659    981.3457     41031.78     398.1682  13.4672   0.0105     4.03    0.214   8.30   3      154.5     10865.53     104.9522
        42    560.3597    985.5884      10419.7     307.9734  14.9554   0.0321     3.92    0.225  -3.30   0      51.88     3347.916     87.75446
        43    368.1494    986.7878     3319.828     298.4054  16.1972   0.0976     3.74    0.217 -13.59   0      17.14     1046.251     81.15404
        44    377.1960    985.4285     4312.207     359.1298  15.9133   0.0904     3.85    0.255  -1.79   0       19.4     1179.916     81.73776
        45    263.0566    985.1736     6444.195     491.4364  15.4771   0.0828     7.82    0.399 -52.96   0      19.48     1141.291     81.20868
        46    132.0693    984.5338     6436.624      250.998  15.4784   0.0423     3.93    0.188  -8.48   0      35.29     2245.273     84.03767
        47    625.5125    981.0782     33435.33     384.9927  13.6895   0.0125    11.64    0.104  68.17   0      131.5      8929.46     100.3308
        48    600.5193    984.0994     5804.145     334.1109  15.5907   0.0625     4.10    0.175 -10.54   0      27.55     1627.516     81.93214
        49    988.3017    979.9031      36433.5     455.0624  13.5962   0.0136    13.50    0.179  48.03   0      122.9     6679.375     94.55432
        50    229.3548    979.9645     8274.617     380.1402  15.2056   0.0499     4.52    0.225   6.00   0      36.82     2235.719     84.41946
        51    840.9197    972.6879     24055.48     425.2747  14.0470   0.0192     3.91    0.209  -4.14   3      97.22     6519.217     94.89485
        52    846.7510    964.1126       121391     455.0601  12.2895   0.0041     3.84    0.120  -6.13   3      354.1     35172.35     148.3066
        53    264.7889    974.0521     7155.839     458.3445  15.3633   0.0696     4.79    0.165   7.78   0      22.08     1170.524     81.50132
        54    244.0022    973.3820     5575.659     355.1277  15.6343   0.0692     4.06    0.171 -18.48   0      27.39     1684.781     82.71572
        55    165.5616    973.0913     7930.689     263.9821  15.2517   0.0361     3.72    0.118   8.48   0      43.64     2724.218     84.91982
        56     70.9423    969.7085     8778.536     420.1061  15.1414   0.0520     6.38    0.103  50.85   0      34.83     2018.626     83.21648
        57    971.0003    972.3710     3811.235     155.0667  16.0473   0.0442     0.84    0.172 -89.92   0      59.41     3855.562     88.86655
        58    289.3379    972.7263     2866.543     295.1666  16.3566   0.1118     4.63    0.288  13.88   0      15.43     884.3578      80.4864
        59    379.2466    970.8929     2815.628     156.3692  16.3761   0.0603     2.65    0.326 -23.62   0      54.66     2459.622      84.2087
        60    819.5965    969.4305     4196.534     350.5912  15.9428   0.0907     3.66    0.116 -39.25   0      17.44      957.265     81.11632
        61    928.2625    968.3887     3719.551     344.1023  16.0738   0.1005     3.75    0.216  25.41   0       16.8     862.0343     80.42334
        62    401.4940    966.5374     2892.113     247.7677  16.3470   0.0930     5.87    0.277  47.89   0      17.16     983.4299     80.33952
        63    427.0711    963.9460     15340.01     326.3806  14.5354   0.0231     5.03    0.260  15.00   0      68.36      3952.27     88.53383
        64    130.0067    962.7260     3589.642     230.4861  16.1124   0.0697     3.80    0.146  21.73   0      20.62     1261.459     81.33353
        65     62.6711    961.3790     12169.86     367.5873  14.7868   0.0328     4.57    0.216   0.72   0      57.39      3479.25      87.7034
        66    790.4421    960.5621     6807.442     375.8524  15.4175   0.0600     4.11    0.259   3.40   0      30.33     1889.159     83.27538
        67    381.3032    960.7597     2134.514     180.8971  16.6768   0.0920     3.90    0.134 -17.78   0      14.91     908.8514     79.69869
        68   1011.2916    958.6757      3919.15     337.9439  16.0170   0.0936     2.95    0.202  41.02   0      14.46     856.7203     79.98026
        69   1003.6400    956.7852     4528.039     356.8696  15.8602   0.0856     3.71    0.122 -34.46   1      19.09     1195.597     81.99096
        70    810.9634    958.1492     3190.504     306.8162  16.2404   0.1044     5.05    0.377  -1.77   0      16.69     996.7396     80.80312
        71    308.0099    956.5748     5519.357     335.1997  15.6453   0.0660     3.59    0.138   1.13   0      26.09     1623.442     82.75468
        72    652.7930    956.6317     6583.184     419.9398  15.4539   0.0693     3.61    0.216  10.36   2      29.54     1362.443     82.24371
        73    282.8109    956.0876      6141.43     155.7133  15.5293   0.0275     4.81    0.256 -23.64   0       92.1     5338.126     92.02268
        74    913.4323    954.6360     10878.79     378.3063  14.9085   0.0378     4.03    0.202   3.49   0         50     3173.522      87.1048
        75    672.5753    955.0872     3870.401     248.6635  16.0306   0.0698     4.00    0.124  11.68   0      22.89     1433.654     81.60322
        76    529.0782    955.8659      3668.42     335.2249  16.0888   0.0992     6.83    0.649  -5.37   0      15.03      701.116     79.53687
        77    958.7477    953.7401     5123.141     369.0643  15.7262   0.0782     3.86    0.252  -3.92   0      19.04     1131.544      81.1814
        78    452.4933    953.5374     4110.064     321.1483  15.9654   0.0849     4.02    0.283   3.17   0      21.57     1313.034     81.26658
        79   1002.3318    950.7073     7379.905     373.9102  15.3299   0.0550     4.11    0.114   4.49   0      33.47     1979.143     83.10857
        80    845.2280    948.7455      5894.47      413.385  15.5739   0.0762     8.21    0.495  11.42   0       22.2      1043.37     80.93417
        81    462.8318    947.7707     6172.116     369.7097  15.5239   0.0651     4.24    0.204   4.84   0      28.18     1676.825     83.10794
        82    564.6981    946.1138     9965.353     447.4372  15.0038   0.0488     4.35    0.211  -5.65   0      36.78     2215.828     83.54813
        83    938.7037    945.3125     7415.427     302.9284  15.3247   0.0444     4.01    0.237   6.26   0      37.86     2391.845     84.22961
        84    588.3393    938.0527     561778.4     680.4697  10.6261   0.0013     3.79    0.129  -1.02   0      885.6     161573.4     281.9904
        85    298.7340    943.3340     36049.59     403.9046  13.6077   0.0122     3.93    0.150   4.13   0        143     10099.71     103.1142
        86    824.2074    941.5689     9809.746     364.9514  15.0209   0.0404     9.86    0.163  35.19   0      42.62     2426.025      85.1321
        87    712.0363    943.8565     7778.824     284.2079  15.2727   0.0397     4.05    0.223  -6.05   0      40.52     2570.701      85.1151
        88    757.8351    947.8306     4117.716     307.5023  15.9634   0.0811     7.06    0.164  69.00   0      22.19     1268.916     81.98486
        89    679.3439    940.2110     29920.79      348.904  13.8101   0.0127     3.78    0.156  -1.51   0      128.5     9219.275     101.4938
        90    653.8710    938.7399     11666.42     319.8123  14.8327   0.0298     4.16    0.071   5.58   0       56.6     3510.134     87.58765
        91    901.6326    936.8370      9606.06     387.6351  15.0436   0.0438     6.19    0.179  36.22   0      44.05     2703.376     85.66922
        92    143.8697    937.8845     5017.539     349.8988  15.7488   0.0757     3.67    0.102 -19.58   0       23.5      1439.67     81.61997
        93    759.1829    934.9788     9462.571     399.5447  15.0600   0.0459     5.06    0.362   9.55   0      40.67     2501.696     85.33389
        94    122.1237    935.6294     6280.525     422.8315  15.5050   0.0731     4.97    0.243 -18.98   2      23.76     1319.501     81.70589
        95    127.6785    932.8931     3929.781      337.951  16.0141   0.0934     4.44    0.262 -62.82   3      19.15      1073.43      80.8064
        96    977.2342    934.3034     6653.628     259.5951  15.4424   0.0424     3.60    0.126  12.05   0      36.35     2278.994     83.51452
        97    632.9857    932.6199      4286.58     303.4136  15.9197   0.0769     4.10    0.210  -2.52   1      20.84     1224.454     81.65157
        98     27.6931    931.3721     6457.762     340.9079  15.4748   0.0573     4.16    0.165 -19.53   0      32.81     1908.622     82.50044
        99    631.7070    939.4951     15291.38     369.5123  14.5389   0.0262     4.75    0.153   8.52   0      69.44     4306.213     89.43781
       100    362.1978    931.2416     4669.004     347.2094  15.8269   0.0808     3.84    0.148 -16.78   0      21.68     1321.425     82.13029
       101    847.2302    928.6805     6865.302     333.5479  15.4084   0.0528     4.47    0.053  31.27   0      34.49     2014.567     83.61694
       102    777.4258    930.1251     8835.908     500.3206  15.1344   0.0615     5.90    0.170  79.38   2      27.75     1380.765     81.87613
       103    436.4646    929.8237     2321.509     285.8782  16.5856   0.1337     5.02    0.258  -1.64   0      13.08     700.2149      80.1791
       104    329.1404    925.0840     51463.77     395.4923  13.2212   0.0083     8.25    0.160 -14.62   0      192.7     14997.15     113.2445
       105    890.7338    927.0164     7314.761     323.4082  15.3395   0.0480     4.25    0.219  12.01   0      36.04     2244.402     84.23932
       106    931.3296    926.7349     3057.418     261.3993  16.2866   0.0928     4.01    0.150  -6.13   0       17.6     1021.338     80.65976
       107    865.7239    923.1410     6199.997     394.4343  15.5190   0.0691     3.86    0.162 -15.11   0      24.83     1526.523     82.07086
       108   1003.3407    920.2396     3526.913     327.3563  16.1315   0.1008     3.44    0.188  63.43   0      16.65     974.8304     80.74147
       109     74.8255    920.8699     3408.506     319.3104  16.1686   0.1017     4.51    0.382   8.61   0         15     960.7298     80.70177
       110    615.7929    917.0776     3287.582     241.1136  16.2078   0.0796     4.01    0.315  35.06   0      19.54     1224.477     81.44115
       111    314.7891    917.3764     8653.615     361.8668  15.1570   0.0454     4.55    0.259  -6.57   2      42.04     1789.013     83.20815
       112    120.9910    925.9926     5203.468     142.7847  15.7093   0.0298   -38.43    0.013  39.88   2      91.49     5268.765      92.0379
       113    229.9637    916.6469     3377.741     277.5919  16.1784   0.0893     3.97    0.181  -0.11   0      19.89     1190.105     81.34518
       114    179.4356    911.3591     19344.66     425.7839  14.2836   0.0239     3.81    0.055 -16.07   0      81.21      5315.31     92.15276
       115     26.8731    906.2642       464402     678.2115  10.8328   0.0016     4.05    0.291 -11.20   0      781.5     123096.4     248.9872
       116    285.0541    912.5935     10321.87      312.054  14.9656   0.0328     4.14    0.168   6.67   0      50.71     3186.955     86.94265
       117    147.5706    911.5169      2651.29     244.0552  16.4414   0.1000     4.14    0.024 -10.70   0       14.7     832.6505     80.12634
       118    467.4537    911.2335     2713.842     286.1899  16.4160   0.1145     3.64    0.262  -1.11   0      14.85     895.5714     80.51806
       119    423.6091    910.6208      4365.91     374.3731  15.8998   0.0931     3.72    0.145  41.95   0      16.12     971.7747     80.73286
       120     78.4788    908.9114     20317.55     360.8905  14.2303   0.0193     4.01    0.212   5.68   0      88.24     5730.387     92.80164
       121    117.2410    907.6330     7433.484      385.247  15.3220   0.0563     3.95    0.149  16.04   0      34.66     2189.972     84.49957
       122    255.1413    904.7874     40844.49     387.1315  13.4722   0.0103     4.03    0.194  -9.06   0      159.8      11852.1     107.2275
       123    946.7703    906.6325     4184.014     268.8392  15.9460   0.0698     3.94    0.246   6.00   0      23.82     1446.247     82.47498
       124    414.2737    905.9205     4130.564     319.8239  15.9600   0.0841     3.45    0.088  48.21   0      20.74     1276.729     81.16499
       125    928.2102    904.5237     3054.633     286.4604  16.2876   0.1018     4.54    0.022 -38.69   0      16.75     988.4562     80.77982
       126    572.2951    900.0150     24024.66     406.6902  14.0484   0.0184     4.80    0.243 -16.95   0      90.21         5442     92.09267
       127    972.5514    901.6259     3172.338     218.5977  16.2466   0.0748    -0.18    0.432  34.72   0      32.31     1913.379     83.75233
       128    332.8400    900.0381     4045.238     383.2429  15.9826   0.1029     6.08    0.168  -2.53   0      15.71     751.7142     80.11098
       129     98.2710    898.1812      10675.1     336.1338  14.9291   0.0342     4.13    0.145   7.10   0      54.06     3382.805     87.45312
       130    864.8224    892.5657     77410.32     432.5373  12.7780   0.0061     8.60    0.159 -15.08   0      254.9     21861.64     126.8142
       131    352.6212    896.7909     4368.249     186.0035  15.8992   0.0462     2.72    0.459 -63.69   0      45.66     3715.684     88.11939
       132    888.1434    895.9941     5752.437     334.0757  15.6004   0.0631     4.48    0.305   3.39   0      27.24     1564.939     82.59386
       133    995.2994    894.6393     4852.878     239.0206  15.7850   0.0535     4.12    0.171 -19.66   0      26.44     1558.385      81.5299
       134    515.5660    893.5052     14388.64      402.337  14.6050   0.0304     4.83    0.213 -25.60   0      60.79      3517.04     86.81833
       135    414.4473    893.5160     20304.84     376.0223  14.2310   0.0201     3.89    0.198   5.68   0       87.2     5662.507     92.63525
       136    907.1673    890.6573     47193.96     430.5446  13.3153   0.0099     3.90    0.251 -23.66   0      167.1     12300.31     107.8555
       137    629.0737    890.1486     44411.03     402.2318  13.3813   0.0098     3.79    0.074  12.03   2      172.1     13185.17     109.7042
       138    627.6002    879.5267     17452.18     399.7935  14.3954   0.0249     4.10    0.172   8.56   2      77.05      5002.27     91.37746
       139    483.1962    892.3680     3660.031     332.6492  16.0913   0.0987     3.77    0.216  55.93   0      14.93     948.8147     81.09264
       140    117.8835    890.3118     7419.525     340.2898  15.3241   0.0498     4.49    0.102   3.24   0      34.67     1956.874     83.25407
       141      5.6429    890.5320      5180.21     308.2866  15.7141   0.0646     7.59    0.321 -63.02  16      25.98     1433.501     82.02238
       142    199.0668    890.9832     2659.968     240.5213  16.4378   0.0982     3.50    0.313   1.62   0      15.64     933.3712     80.62469
       143    696.6752    888.9552     5447.368     371.5807  15.6595   0.0741     3.91    0.240  22.22   0      23.29     1426.669     82.00346
       144     87.4226    889.4406     4382.891     359.1745  15.8956   0.0890     4.62    0.318   4.51   0      20.46     1131.414     81.60279
       145    722.0619    888.8840     3103.563     247.9616  16.2703   0.0868     4.56    0.325 -17.08   0      17.83     1079.494     80.61082
       146    846.8943    885.7558     16786.43     347.7255  14.4376   0.0225     3.84    0.160   3.00   0      76.74     5020.176       90.857
       147    393.7786    883.1263     77087.55     501.3053  12.7825   0.0071     3.83    0.122   3.62   2      225.9     18727.12     120.9245
       148    314.3336    886.4025     4372.491     287.5041  15.8982   0.0714     4.37    0.242  -7.60   0      22.69     1342.372     81.97913
       149    783.2118    883.4941     14129.93     381.3812  14.6247   0.0293     4.28    0.281  14.68   0      62.11      3813.24     88.37064
       150    553.8268    885.9175     3138.222     288.0204  16.2583   0.0997     4.16    0.277   7.31   0      18.55     1117.279     81.14145
       151    455.9139    884.0145     9295.265     523.1644  15.0793   0.0611     7.81    0.564 -21.23   2      26.03     1189.962      81.1335
       152    340.7778    883.7788     4822.986       287.86  15.7917   0.0648     3.63    0.144   6.88   0      26.71     1664.418     83.07401
       153    325.1238    882.7095     5768.513       361.24  15.5973   0.0680     4.29    0.172 -10.75   0       27.9     1622.071      82.1263
       154    161.9549    881.3146     3684.931     178.0789  16.0839   0.0525     1.81    0.469 -85.81   0      52.56     2686.297      85.0204
       155     85.1823    882.4777     3727.015      336.542  16.0716   0.0981     4.17    0.126  17.48   0      17.15     955.9506     80.90075
       156     62.4221    881.5631     16556.65     472.1597  14.4526   0.0310    11.18    0.492  -0.66   0       59.9     3256.898     87.51842
       157    672.8421    881.4250      4029.45     297.5065  15.9869   0.0802     4.24    0.196   2.60   0      21.15     1230.352     81.87788
       158    246.7079    879.5657     3748.407     322.2267  16.0654   0.0934     3.16    0.021 -16.26   0      18.13     1082.803     80.19321
       159    236.9218    879.4777     7320.748     448.0116  15.3386   0.0665     4.01    0.260  20.27   0      20.98     1046.503     80.30429
       160    520.6951    874.2924     13185.64     357.5728  14.6997   0.0295     4.03    0.164   6.11   0      60.87     3794.499     88.12788
       161    763.0641    873.0270     3443.995     301.3612  16.1573   0.0950     3.47    0.295  27.05   0      18.83     1166.455     81.06762
       162    181.7894    870.4661     31444.96     465.6492  13.7561   0.0161     4.48    0.251  -2.87   3      115.1     7481.809     97.34938
       163    172.0251    862.6616     172542.9      494.894  11.9078   0.0031     3.92    0.130   3.46   3      443.9     49697.37     169.4111
       164    240.0382    865.5762     82393.35     466.5557  12.7103   0.0061     3.92    0.102  19.67   0      265.7     23414.66        129.7
       165    642.7822    867.1578     17935.92     358.1915  14.3657   0.0217     4.07    0.195  -0.84   0      82.43     5453.445     92.86321
       166    260.4140    864.3080     56183.48     399.2714  13.1260   0.0077     5.12    0.151   8.31   0      204.3     15895.64     115.0335
       167    962.5118    867.7241      4890.99     353.4774  15.7765   0.0785     4.08    0.052  12.51   0      18.63     1134.004     80.76435
       168    975.6638    865.1005     18131.97     516.2955  14.3539   0.0309     7.27    0.422  17.19   0      61.64     2820.793      85.1779
       169    101.8504    863.8464     8589.571     374.6447  15.1651   0.0474     4.20    0.167   2.37   0      38.54     2376.458     84.79751
       170     41.9667    862.7663     17441.72      361.457  14.3960   0.0225     3.99    0.164  -5.50   0      78.97     5199.688     92.24007
       171    958.3554    862.2904     8575.798     472.8617  15.1668   0.0599     4.47    0.166  42.42   2      23.62     1271.102     81.14923
       172    917.8439    859.4956       8031.4     368.5294  15.2380   0.0498     4.12    0.194 -10.39   0      37.05     2294.112     83.55565
       173    690.7864    861.0624     2687.776     290.6328  16.4265   0.1174     5.54    0.378  -9.27   0      14.76     814.2056     80.28807
       174    542.8384    860.9001     4206.834     326.5165  15.9401   0.0843     5.18    0.421  -7.58   0      18.38     1095.937      80.0162
       175     79.5343    858.8898     5302.188     268.1875  15.6889   0.0549     4.45    0.187  25.20   0      28.14     1811.735      82.6495
       176     57.1584    860.1365     4287.506     272.0992  15.9195   0.0689     4.29    0.087  34.81   0      22.31     1281.374     81.59978
       177    722.0668    858.4357     6538.222     264.4084  15.4614   0.0439     4.94    0.218   8.36   0      32.63     1867.466     83.21616
       178    406.5400    858.2507     7084.417     316.5394  15.3742   0.0485     4.41    0.175  -0.18   0      36.49     2228.229     84.19568
       179    875.8021    857.3384     12052.24     457.0257  14.7973   0.0412     4.82    0.232   5.69   0      46.22     2967.042     86.36588
       180    885.1346    856.5320     5817.333     357.6897  15.5882   0.0668     3.93    0.292  -2.44   0      25.53     1569.456     82.18967
       181    245.4914    851.9935     5686.405     341.6516  15.6129   0.0652     3.86    0.151   4.14   0      28.95     1782.741     82.98444
       182    563.1148    849.3694     29177.98     413.7296  13.8374   0.0154     4.10    0.170   7.33   0      119.3     8091.644     98.58891
       183    652.3670    846.2336     92302.26     430.4365  12.5870   0.0051     3.84    0.122  -1.66   2      294.1     26763.77     135.3148
       184    656.2840    837.8073     15834.13      510.262  14.5010   0.0350     7.35    0.433 -19.07   3      49.64     2431.628     84.94524
       185    865.6239    849.1537     4886.371     348.5848  15.7775   0.0775     4.00    0.269 -24.06   0      23.88      1372.99     82.27286
       186    462.5231    847.8292     3296.603     261.6072  16.2048   0.0862     4.89    0.094  23.74   0      18.57     1057.828     80.97475
       187    411.9662    847.8679     4090.708     300.4236  15.9705   0.0798     4.44    0.100   9.32   0      21.63      1298.01      81.6461
       188    180.4968    846.0785      7069.19     412.9926  15.3766   0.0634     4.18    0.175  -0.97   0      28.12     1710.951     82.37189
       189    698.9935    845.5416     6873.212     200.0673  15.4071   0.0316     0.00    0.249 -83.02   0      74.52     4841.818     91.16598
       190    604.6934    871.2188     4633.417     338.4239  15.8352   0.0793     4.17    0.217  12.36   0      22.07      1345.49     81.14606
       191    344.2935    843.4937     2767.976     290.6955  16.3946   0.1141     4.29    0.178 -12.57   0         16     954.5173     80.47126
       192    981.7018    841.4226     9746.397     339.3205  15.0279   0.0378     4.25    0.184  14.50   0      48.27     2927.958     85.26229
       193    491.3646    839.2146     7715.216     285.6631  15.2816   0.0402     4.37    0.226   5.02   3      39.05      2378.45     85.20668
       194    486.1096    837.8734     4169.812     247.2072  15.9497   0.0644     6.14    0.049  39.42   3      24.74     1444.519     81.63348
       195    259.1408    838.1847     15354.28     361.3316  14.5344   0.0256     4.39    0.179  -4.24   0      70.01     4333.325     89.69823
       196    130.9969    838.7925     3636.465     266.7722  16.0983   0.0797     3.50    0.090  -8.40   0      19.88     1210.318     81.40163
       197    896.2366    833.6013     9194.181     357.4359  15.0912   0.0422     4.09    0.088 -44.92   2      39.82     2439.776     85.16881
       198    599.7131    835.9664     7712.876      310.148  15.2820   0.0437     1.48    0.201   7.12   0      42.99     2983.041     86.00977
       199    754.2369    837.3668     4848.965     342.3497  15.7859   0.0767     3.58    0.080   9.87   0      22.88     1392.526     82.11806
       200    851.4104    832.4904     40416.92      379.037  13.4836   0.0102     3.80    0.051   5.04   0      158.6     11591.34      106.351
       201    196.7451    834.6503     4993.032     278.9112  15.7541   0.0607     3.98    0.095   7.68   0      27.69     1656.825     82.84631
       202    740.6821    832.8407     11411.44     346.6789  14.8566   0.0330     3.81    0.143  17.89   0      52.42     3284.986       86.606
       203    106.2883    833.0140     7469.964     399.4852  15.3167   0.0581     4.36    0.117  15.09   0       33.3     2018.378      83.4218
       204    619.5590    832.8536       4153.9     336.8302  15.9539   0.0881     4.14    0.141   4.76   0      20.97     1255.828     81.73885
       205     27.4999    834.1688     2354.761     243.7789  16.5701   0.1124     3.18    0.246  -0.02   0      14.55     868.7561     79.36831
       206    978.9484    826.5728     12254.98     506.9754  14.7792   0.0449     4.74    0.300   1.67   3         35     2145.283     84.17564
       207    985.1944    826.0565     7011.887     321.8649  15.3854   0.0499     4.88    0.287   4.17   3      31.15     1876.336     83.44633
       208    721.2119    831.9485     11058.71     333.8322  14.8907   0.0328     4.84    0.172  11.15   0      54.15     3430.623     87.57729
       209    474.0303    829.8382     3070.475      312.273  16.2820   0.1104     4.85    0.189  88.31   0      14.81     837.2692     80.56666
       210    338.2965    823.2565     11409.58     478.7246  14.8568   0.0456     7.04    0.324 -84.55   2       38.1      1695.07     82.11932
       211    448.4742    827.0225     16402.91     382.7333  14.4627   0.0253     3.99    0.223   0.23   0      73.54     4877.749      91.2555
       212     49.0095    828.5259     3069.871     284.9707  16.2822   0.1008     6.01    0.521  38.73   0      14.45     699.3476     80.17664
       213     10.4654    827.3212     10144.44     289.0775  14.9844   0.0309     4.48    0.189 -20.64  16      50.12     3049.854     85.98675
       214    555.3176    827.5685     4160.651     310.3121  15.9521   0.0810     4.21    0.285  -6.55   0      24.09     1454.187      81.8703
       215    783.4874    825.9868      3059.54     292.3947  16.2859   0.1038     3.64    0.274  -1.13   0      15.37     870.2174     80.23282
       216    484.1399    824.2326     6946.862     341.2338  15.3955   0.0533     5.12    0.238 -32.48   0      34.45     1908.784     83.32893
       217    580.3894    823.5660     6667.107     299.5147  15.4402   0.0488     4.34    0.176  12.72   0      36.03     2129.971     84.33804
       218    252.4888    823.1806     3879.414     258.8181  16.0281   0.0725     3.93    0.142  -0.19   0       22.4     1317.902      81.2802
       219    655.3266    819.6603     11067.96     375.0027  14.8898   0.0368     4.44    0.187   5.46   0       50.6     3053.112     86.39362
       220    136.6428    821.1358     6811.537     395.8719  15.4169   0.0631     4.51    0.237 -24.17   0      27.19     1703.465     82.76704
       221    847.2883    819.5845     11196.13     356.3061  14.8773   0.0346     3.96    0.199   8.89   0      51.48     3154.287     86.46108
       222    820.4590    819.9975     2283.224      215.691  16.6036   0.1026     3.72    0.248   4.24   0      16.78     1107.844     81.32634
       223    568.2546    818.0156     9929.341     307.6113  15.0077   0.0336     4.01    0.225  -3.60   0      50.08     3136.137     86.80971
       224     66.6234    817.5999     3504.601     318.0324  16.1384   0.0986     4.10    0.149  43.54   0       16.6     959.5885     80.69855
       225    363.6953    827.9133     6692.845     277.2142  15.4360   0.0450     3.96    0.212  16.49   0      34.25     2093.707     83.62678
       226    594.2875    814.4470     4162.978      353.009  15.9515   0.0921     3.54    0.179 -28.80   0      16.96     1026.961     80.46256
       227    243.9841    811.7776     23795.17     379.2592  14.0588   0.0173     3.94    0.176   8.09   0      101.4     7020.824     96.62309
       228     52.7541    814.2602     5726.162     362.3994  15.6053   0.0687     4.19    0.243  -3.90   0       26.3     1585.238     82.44176
       229   1019.2640    800.0946     6688.107     346.0574  15.4367   0.0562     7.31    0.415 -22.67  19      30.92      1849.22     82.75252
       230   1014.5981    807.9099     27466.87     435.0573  13.9030   0.0172     4.07    0.361  17.41  19      100.8     6711.625     95.53439
       231   1009.9379    802.9843     18727.27     397.2906  14.3188   0.0230     4.50    0.161   3.87   3      80.36     5226.069      91.9324
       232    990.7968    809.6173     8059.401     287.4336  15.2342   0.0387     4.16    0.167   4.56   0      41.44     2586.973     85.15854
       233      5.5836    810.3273     5956.385     260.6356  15.5625   0.0475     4.05    0.322  10.18  16      33.68     2137.057     84.15342
       234    806.3826    807.7099     8151.289     304.8906  15.2219   0.0406     4.07    0.104  -4.16   0         43     2611.146     84.81927
       235     92.8847    807.8961     5085.618     159.6344  15.7341   0.0341     5.00    0.315  36.53   0      76.38     4004.401     88.47376
       236    646.6033    806.5143     6098.276     361.4474  15.5370   0.0644     4.10    0.288  -0.26   0      28.71     1765.466     83.34999
       237    907.2655    805.4427     2354.923       238.44  16.5701   0.1100     5.67    0.508 -22.26   0      13.59     819.5793     80.30328
       238    594.5844    805.3675     3101.592     267.9225  16.2710   0.0938     3.87    0.113  39.52   0      18.72     1142.044     81.84238
       239    612.7344    798.7681     5199.009     259.9743  15.7102   0.0543     4.38    0.154 -17.78   0      28.13     1679.859     82.70219
       240    412.1068    797.8892     10698.26     380.4602  14.9267   0.0386     4.09    0.130  11.90   0      48.99     3049.493     86.18518
       241    164.4679    797.8943      3925.12     318.3327  16.0154   0.0881     4.03    0.332  -1.72   0       19.4     1160.756      80.8396
       242     64.7267    797.1045     3115.055     285.0067  16.2663   0.0994     4.25    0.240   4.89   0      17.22      1050.73     80.31625
       243     26.5875    795.8986     5608.151     322.2067  15.6280   0.0624     3.92    0.178   9.14   0       27.7     1711.887     82.79016
       244    317.2318    790.5612     63782.73     463.9206  12.9882   0.0079     7.14    0.367  16.45   0      198.3     11110.89     105.6447
       245    225.1497    794.4280     3948.923     298.8841  16.0088   0.0822     3.86    0.167 -17.96   0      21.62     1331.435     82.15798
       246    537.1711    806.8627     84235.89     418.0232  12.6863   0.0054     3.88    0.129   4.91   0      278.8     24951.35     131.8456
       247    471.9406    791.9795     13706.99     329.1757  14.6576   0.0261     3.97    0.186   0.48   0      66.05     4396.318      89.8577
       248    682.5369    789.4324     35484.44     464.8555  13.6249   0.0142     3.94    0.149  12.51   0      132.4     9214.477     101.3138
       249    737.5416    788.5329     12825.14     377.2054  14.7298   0.0319     4.08    0.193  -2.64   0      57.89     3640.375     87.92494
       250    106.6401    789.9749     8128.515     260.8832  15.2250   0.0349     8.14    0.515  -2.10   0      47.29      2504.04     85.34013
       251    613.0863    789.1115     4751.374     247.7413  15.8080   0.0566     3.41    0.095  24.48   0       26.7     1729.079     82.62988
       252    943.6280    782.0675     141170.6     461.1265  12.1256   0.0035     3.83    0.127   5.93   0        393     41311.28     157.6513
       253    669.8051    784.7264     43147.25     395.0528  13.4126   0.0099     3.83    0.179   5.03   2        165     12381.76      108.027
       254    166.2280    785.5381     10777.16     429.2589  14.9187   0.0433     5.99    0.281 -47.57   0      41.48     2026.864     83.44492
       255    876.7872    785.3981      9265.87     417.2961  15.0828   0.0489     4.09    0.207  16.81   0      38.45     2365.956     84.56663
       256     43.6809    786.3007     2125.862     146.8441  16.6812   0.0750     2.04    0.283 -44.33   0      34.69     2222.248      83.5656
       257    538.9894    777.4106     354619.3     596.6597  11.1256   0.0018    10.24    0.157 -12.60   2      679.4     99871.59      226.875
       258    534.0880    761.3965     81589.95     472.5637  12.7209   0.0063    11.75    0.201  36.59   3      257.5     21725.19     126.2979
       259    346.7482    782.3121     21006.89     369.5439  14.1941   0.0191     3.96    0.125  10.33   0      91.13     5904.623     93.22738
       260     68.4722    781.4817     9366.756     327.4783  15.0710   0.0380     4.47    0.197   8.36   0      43.69     2547.278     84.64796
       261    598.3771    781.7828     3230.159     286.5997  16.2269   0.0964     3.55    0.146  -4.15   0       18.9     1193.686     81.77605
       262    986.6420    780.4479     2546.436      270.641  16.4852   0.1154     5.17    0.162 -42.10   0      14.57     881.7822     80.69212
       263    832.5646    774.7572     12059.28     501.7827  14.7967   0.0452     6.56    0.114 -56.24   2      38.38     2437.565     84.96112
       264    713.4564    776.0151     13630.31      433.745  14.6637   0.0346     4.11    0.191   2.79   0      53.59     3322.573     87.29644
       265    805.4401    775.2123     6767.741     339.8542  15.4239   0.0545     4.35    0.179 -13.33   0      33.26     1974.549     84.12245
       266    219.5163    776.0618      6294.27     275.3331  15.5026   0.0475     4.11    0.172  11.32   0      33.21     1974.665     83.09633
       267    379.4987    774.4733     5434.581      382.947  15.6621   0.0765     4.91    0.273  -2.58   2      24.18     1144.716     80.36848
       268    503.7640    773.6407     3272.662     305.4756  16.2127   0.1014     3.98    0.213  -2.82   0      18.06     1078.114     81.03168
       269    325.4330    774.0280     3323.333     283.6641  16.1961   0.0927     3.67    0.263  -1.38   0      18.48     1195.375     81.78074
       270     86.8767    772.7460     5049.763     277.4149  15.7418   0.0597     4.21    0.267  -3.47   0      28.25     1711.479     82.58146
       271    762.0153    770.6771     7004.088     320.5234  15.3866   0.0497     4.25    0.191  12.49   0      34.86     2172.982     84.25039
       272    696.0660    768.7798     16877.92     446.1515  14.4317   0.0287    10.89    0.284  -3.79   3      68.19     4196.544     89.54288
       273    703.7002    767.3140     16851.22     491.8833  14.4334   0.0317     5.55    0.344  10.52   3      56.23     3242.513      86.2958
       274    893.0079    768.1912     5638.696     268.4726  15.6221   0.0517     4.28    0.234   1.40   0      30.51     1794.664     83.01709
       275    176.9687    766.3307     15088.16     319.5604  14.5534   0.0230     3.93    0.168   3.53   0       72.8     4784.382     90.83392
       276     61.8146    763.1848     126445.1     487.5426  12.2452   0.0042     4.12    0.296   3.96   0      363.5     35581.25     149.1622
       277    437.3245    764.9590     5800.514     432.6087  15.5913   0.0810     7.47    0.369  66.79   0      21.92     1154.836     81.24657
       278    381.5620    764.5338     19048.13     457.6875  14.3004   0.0261     4.14    0.178  -0.47   0      71.05     4485.057     90.08186
       279    322.1481    762.2699     7555.787     445.2489  15.3043   0.0640     4.21    0.216   1.93   2      23.11     1330.888     81.52731
       280     96.6179    762.3635     4372.016     365.0923  15.8983   0.0907     5.04    0.288  -4.68   0      18.57     1107.969      81.7477
       281     83.4166    761.6880     6815.203      384.882  15.4163   0.0613     3.93    0.100 -18.39   0       29.3      1746.24     82.67707
       282    352.1022    761.4252     6110.956     397.6336  15.5347   0.0707     7.38    0.242 -10.83   0      24.47     1497.611     81.36031
       283    107.1830    760.4880     13153.39     495.3964  14.7024   0.0409     8.42    0.501  10.39   0      42.04     2334.885     84.27968
       284   1008.9028    760.8754     2149.548     215.5501  16.6691   0.1089     5.07    0.366  -9.03   0      14.16     846.7951     79.95206
       285    904.0822    758.9970     5624.722     261.9892  15.6247   0.0506     4.18    0.154  -5.14   0      30.28     1804.489     83.25041
       286    416.1776    759.0758     4497.517     321.4223  15.8676   0.0776     3.91    0.106  37.98   0      23.57     1499.985     82.41492
       287     28.6642    755.5016     24345.51     366.9434  14.0340   0.0164     4.01    0.153   4.69   2      103.9     6778.494     95.33392
       288     28.9093    747.7376      4006.32     350.4679  15.9931   0.0950     5.17    0.232  23.91   3      18.22     1005.386      80.4016
       289    570.8804    756.3091     5246.277     309.7238  15.7004   0.0641     4.75    0.332  11.02   0      27.62     1627.358     82.34962
       290    381.0669    755.1779     6940.824     397.0284  15.3965   0.0621     3.86    0.034 -22.92   0       26.5     1605.751     82.70608
       291    829.9260    753.7184     4546.147     227.6889  15.8559   0.0544     2.83    0.390 -83.29   0      40.25     2876.885     85.32744
       292    239.1449    751.7654     40097.91     366.1745  13.4922   0.0099     3.91    0.150   4.96   0      160.8     11980.77       107.18
       293    424.9566    752.9571     7624.329     384.2444  15.2945   0.0547     3.99    0.236  -0.61   0      35.79     2213.844     83.74794
       294    318.4446    753.7277     6934.726     298.2826  15.3974   0.0467     6.26    0.483  26.80   0      43.96     3348.457     87.16711
       295    293.5566    745.9185     294396.3     554.2324  11.3277   0.0020     3.78    0.096  -3.07   0      615.6     84833.75     211.1119
       296    561.6684    744.1620        10886     352.4748  14.9078   0.0352     9.95    0.257  36.01   0      49.09       2970.4     86.17577
       297     74.7976    742.7404     5498.426     396.2018  15.6494   0.0783     4.52    0.261 -19.92   0      21.08     1181.937     81.53314
       298    659.1000    741.4370     3683.773     320.8464  16.0843   0.0946     4.16    0.117  20.09   0      17.06     937.1773       79.564
       299    387.7781    738.8826     4653.396     392.4502  15.8306   0.0916     6.11    0.502   1.66   2      16.83     867.2477     80.22441
       300    146.3184    737.4742     4428.099      345.813  15.8845   0.0848     4.31    0.170   3.60   0      20.91     1215.918     80.78234
       301    681.7388    735.2605     6251.687     309.0755  15.5100   0.0537     4.50    0.107   9.70   0      31.69     1828.636     83.11004
       302    173.5705    735.2094     13504.13     374.1898  14.6738   0.0301     3.80    0.204   7.72   0      65.06     4220.998     89.79628
       303    119.3818    735.4082     15974.26     356.9447  14.4914   0.0243     4.05    0.173   7.45   0      72.74     4611.009     90.39908
       304    729.2040    735.1382     3149.418     280.4815  16.2544   0.0967     3.63    0.175  46.06   0      17.79     1066.872     81.21176
       305    624.8923    733.7725     2618.001     247.5161  16.4551   0.1027     4.16    0.254  12.03   0      15.28     943.0326     80.01092
       306    471.5666    730.8967     4471.278     281.5505  15.8739   0.0684     3.94    0.242  14.97   0      23.85     1429.506     81.16985
       307    417.8607    730.3188     3672.787     236.0853  16.0875   0.0698     3.27    0.212  12.83   0      21.79     1381.026     81.45651
       308    948.6382    729.5845     5840.542     407.0792  15.5839   0.0757     6.22    0.400   7.44   0      20.58     1095.641     81.71342
       309    357.6684    728.3553     8909.535     337.4905  15.1254   0.0411     9.62    0.275  27.60   0      42.84     2511.425     84.95668
       310    541.1813    724.7255     29005.21     392.3386  13.8438   0.0147     4.74    0.073  22.25   0      118.1     8115.349     98.99093
       311    852.6592    725.1013      8284.35     414.6968  15.2044   0.0544    10.28    0.509 -31.44   0      29.87     1166.428     80.85555
       312    612.6956    726.4905     3824.621     328.8703  16.0435   0.0934     4.64    0.187   1.23   0      19.95     1150.293      81.0223
       313    165.0214    721.2863     39734.88     390.8954  13.5021   0.0107     3.93    0.160   4.72   0      157.7     11662.11     106.3409
       314    231.7726    720.6135     35812.38     415.2967  13.6149   0.0126     4.29    0.339  -0.28   0      135.9     9463.641     102.0395
       315    381.8536    720.7079     12580.06     369.0056  14.7508   0.0319     4.16    0.148  -0.16   0      57.86      3620.76      87.4827
       316    206.1903    720.1317     2827.725     280.2207  16.3714   0.1076     6.54    0.615  24.57   0      16.68     723.0234     80.02954
       317    582.7302    718.8795     4264.699      333.062  15.9253   0.0848     4.35    0.255  23.59   0      20.27     1110.223      80.6974
       318    270.9476    718.0907     6692.067     303.8009  15.4361   0.0493     4.84    0.251 -23.39   0      33.21     1994.832     83.15147
       319    416.7130    716.5325     38447.66     416.7364  13.5378   0.0118     3.87    0.181  -2.26   3      146.7     10538.22     103.9111
       320    407.6624    716.0888     15934.23     480.8679  14.4942   0.0328     4.67    0.295 -11.98   3      57.93     3616.983     87.47289
       321    938.4086    716.7061     7912.994     318.4839  15.2541   0.0437     4.02    0.166   7.95   0      41.97     2630.143     85.27367
       322     64.9852    724.0829     6948.357     295.4019  15.3953   0.0462     3.70    0.170  -6.46   0      35.38     2207.234     84.13898
       323    567.5188    714.8487     11714.15     362.6024  14.8282   0.0336     4.08    0.177  -0.77   0      55.56      3451.58     87.04208
       324    995.1871    715.2841      4983.94     374.7481  15.7561   0.0817     4.23    0.136  16.17   0      22.22     1365.617     81.83408
       325    840.6472    715.8837      3043.35     233.6492  16.2916   0.0834     4.19    0.258   5.04   0      18.56     1110.317     80.69767
       326    297.8874    715.2758      4823.19     325.6301  15.7917   0.0733     5.65    0.413 -21.35   0      21.82     1183.515     80.90356
       327    808.4911    712.9100     8121.028     309.0617  15.2260   0.0413     7.03    0.473  18.59   0      36.01     1814.601     82.86478
       328    903.5948    709.6389     3865.582      301.679  16.0320   0.0848     3.35    0.063 -39.95   0      19.74     1208.407     81.81695
       329    376.5847    707.6616     14296.58     338.5736  14.6119   0.0257     4.06    0.189   3.81   0      67.86     4333.546      89.6988
       330    746.4722    708.8961     3437.877     331.2043  16.1593   0.1046     4.81    0.153  15.13   0       16.5     957.4836     80.05196
       331    727.2725    703.8734     38586.29     411.6324  13.5339   0.0116     9.24    0.244  -3.86   0      150.6     11144.84     105.3926
       332    229.0641    704.9489      3989.71     306.0086  15.9976   0.0833     4.21    0.035 -16.26   0      21.62     1245.882     81.50086
       333    121.6687    704.4982     8022.449     405.1303  15.2392   0.0548     4.52    0.192  -8.96   0      34.57     2050.336     83.30303
       334    860.0330    703.1142     11647.33     423.6856  14.8344   0.0395     5.59    0.287  13.25   2      47.09     2549.753     84.85712
       335    866.4706    699.3994     7746.743     395.3245  15.2772   0.0554     6.24    0.147  85.34   3      30.64     1764.645     82.93486
       336    788.5810    703.8910     5053.033     295.3963  15.7411   0.0635     3.76    0.165   9.82   0      27.41     1655.566     82.00992
       337    507.7105    703.3860     10608.43     316.3583  14.9359   0.0324     4.48    0.203   1.31   0      50.52     2975.168     85.78912
       338    485.0740    704.5974     4263.361     306.2118  15.9256   0.0780     3.81    0.185   0.40   0      21.25     1271.879     81.57333
       339    915.5421    702.8730     4329.531     310.4357  15.9089   0.0779     3.99    0.236  29.81   0      20.64     1254.226     81.31332
       340    838.2575    702.4706      9726.05     321.1142  15.0302   0.0359     3.79    0.213   6.63   0      52.66      3391.83     87.08325
       341    215.0181    699.7317     2984.779     254.6837  16.3127   0.0927     3.87    0.280   0.31   0      17.49     1100.523     81.30589
       342    588.0375    697.7817     4667.003     328.1469  15.8274   0.0764     4.31    0.160  30.39   0      22.87     1381.095     82.50355
       343    428.1914    697.5497     7642.053     422.5484  15.2920   0.0600     4.75    0.133  25.43   0      29.66     1687.254     82.92974
       344    898.1543    696.3409     3172.789     241.0054  16.2464   0.0825     3.56    0.202 -13.43   0      18.87     1150.642     81.23484
       345    674.5122    694.7483     3313.031     254.9764  16.1994   0.0836     3.03    0.049   2.84   0      19.84     1249.732     81.08936
       346    717.7375    691.2479     10919.58     311.1129  14.9045   0.0309     3.94    0.185   6.56   0      54.27      3478.12     87.50454
       347    540.1542    691.7882     4392.628     374.3893  15.8932   0.0926     4.56    0.087  26.92   2      17.67     964.0255     81.13526
       348    794.4403    689.7352     3236.518     291.0616  16.2248   0.0977     3.75    0.059 -16.80   0      17.24      1031.42      80.9006
       349    411.5001    685.6998     7303.731     429.4191  15.3411   0.0639     4.23    0.120  24.34   0      26.95     1483.826     81.11046
       350   1002.9915    684.9984     3251.676       288.11  16.2197   0.0962     4.08    0.423  16.51   2      16.79     960.0374     80.69982
       351     35.6214    684.5079      5648.77     336.5648  15.6201   0.0647     7.83    0.400  -0.78   0      26.05     1416.913     81.34585
       352    224.4120    678.3401     2870.292     238.9307  16.3552   0.0904     4.87    0.203  23.56   0      18.39     1080.158     81.24893
       353    158.3275    676.0359     7974.536     334.3029  15.2457   0.0455     8.93    0.284 -76.41   0       36.8     2508.279     84.94827
       354    861.7903    674.8076     35899.81     363.5595  13.6123   0.0110     9.40    0.243  -6.20   0      145.3     10664.63     104.5162
       355    794.4717    677.3630     2861.086      299.492  16.3587   0.1137     5.27    0.142 -18.73   0      15.01     946.2684     80.66103
       356    257.5047    676.7509     3114.197     278.9187  16.2666   0.0973     3.20    0.050  26.08   0      17.82     1049.147     80.31178
       357    711.8572    674.3256     8163.969     350.7152  15.2202   0.0467     3.99    0.192   0.80   0      39.31     2396.272     84.44505
       358    289.0989    673.8271     19834.27     418.9356  14.2565   0.0229     4.48    0.133   6.63   0       82.9     5339.494     91.46481
       359    628.9942    674.4434     3808.738     253.7323  16.0480   0.0723     3.75    0.250  22.17   0      22.77     1424.159     82.41409
       360    348.5049    686.2015     5984.225     402.9218  15.5575   0.0731     5.18    0.365 -16.99   2      21.84      1245.33     81.49932
       361    456.4954    673.8024     2602.324      292.039  16.4616   0.1219     4.93    0.252   0.96   0      13.93     771.3274      80.1666
       362    372.2127    671.8547     8741.076     359.5426  15.1461   0.0447     4.06    0.164  -0.70   0      40.25     2461.945     85.02631
       363    184.1679    674.3287     2203.195      257.342  16.6424   0.1268     5.08    0.489   6.68   0      13.27     759.7199     80.13369
       364    988.5145    672.5212     2765.507     261.1454  16.3956   0.1026     3.62    0.047  -6.67   0      15.77     940.6721     80.21846
       365    950.1473    670.3625     3251.938     246.3619  16.2196   0.0823     3.33    0.186 -13.67   0      20.25     1255.033     81.73664
       366    570.2334    668.7144     7254.602     292.7201  15.3485   0.0438     4.12    0.161 -10.64   0      37.82     2311.741     84.21724
       367    277.8659    666.9230     9722.345     356.5702  15.0306   0.0398     5.60    0.281  -9.20   0      44.43     2759.427     85.21567
       368    318.0904    663.5407     7713.447       439.51  15.2819   0.0619     5.03    0.215  19.53   0      28.04     1562.357     81.96088
       369    879.7493    663.3341     6075.967     416.5865  15.5410   0.0745     4.00    0.126  15.29   0      23.62     1407.036     81.94902
       370    590.2319    662.9047     8019.721     366.1861  15.2396   0.0496     4.60    0.339  -4.24   0      38.43     2290.456     83.54571
       371    503.9792    661.9346     4315.431     354.3203  15.9124   0.0892     4.34    0.125 -21.40   0      21.23     1285.989     81.82267
       372    327.9995    662.1508     5133.375     370.2314  15.7240   0.0783     6.61    0.191  24.30   0      22.19     1297.544      81.6448
       373    904.6612    661.2313     3373.053     224.6125  16.1799   0.0723     4.26    0.309   5.09   0      20.96     1334.731     81.74825
       374    744.4066    661.0878     5957.743     426.6996  15.5623   0.0778     8.13    0.425   4.41   0      22.86     1134.928     80.97919
       375    439.1810    660.5342     5376.697     357.4096  15.6737   0.0722     4.48    0.290  -0.05   0      24.15     1389.232     82.10894
       376    407.0214    660.3845      4308.78     309.0351  15.9141   0.0779     4.14    0.216  13.90   0      22.87     1388.958     82.10818
       377    833.8666    655.6572     50102.67     412.7771  13.2503   0.0089     4.08    0.288   3.08   0      186.4     13998.87     111.5312
       378    430.0431    657.7092     4546.641     297.9013  15.8558   0.0712     5.79    0.219 -12.41   0      23.78     1432.646     81.60041
       379    959.1296    656.8813     5253.631     324.6112  15.6989   0.0671     4.81    0.141  37.88   0      24.11     1266.819     81.13724
       380    803.9147    654.3347     21486.33     385.7401  14.1696   0.0195    11.02    0.289  -8.53   0       93.2     5939.174     93.31157
       381    116.9094    656.4150     3043.841     302.4813  16.2914   0.1079     6.24    0.223 -10.39   0       15.2     793.5859     79.80066
       382    365.3716    654.4149     3532.361     341.4745  16.1298   0.1050     3.40    0.132 -71.10   0      15.71       850.75     80.81733
       383    644.0829    653.3146     4405.701     362.7552  15.8900   0.0894     4.00    0.170  12.65   0      18.51     1110.648     80.91101
       384    630.5472    650.6348     24156.08     431.3392  14.0424   0.0194     3.83    0.147   3.99   0      99.19     6601.551     95.27216
       385    152.2801    651.7172      9532.04      300.255  15.0520   0.0342     3.79    0.156 -10.22   0      48.56     3019.624     85.70678
       386    606.5651    649.3149     48239.73     395.8094  13.2915   0.0089    12.20    0.281   8.83   0      180.6     13412.05     110.1732
       387     75.5503    652.2556     3029.501     222.3431  16.2966   0.0797     3.42    0.033   9.02   0      18.48     1171.321     81.50354
       388    442.0231    651.1802     3243.653     264.8219  16.2224   0.0887     3.98    0.132  17.44   0      18.08     1083.586     81.46948
       389    815.3192    649.8644     4197.405      330.429  15.9425   0.0855     3.67    0.185   4.23   3      19.95     1148.541     81.01739
       390    813.3076    645.8268     5148.771     389.4454  15.7207   0.0821     4.97    0.167  49.17   3       20.2     1027.229     80.24973
       391    656.3056    647.0820     30929.33     405.2708  13.7741   0.0142     3.75    0.119   7.89   0      127.8     9052.172     100.7788
       392    175.0322    649.7858     4014.391     343.0484  15.9910   0.0928     5.90    0.262   3.95   0      17.51      1070.31     81.64294
       393     28.6962    642.2233     10438.11     459.9691  14.9534   0.0479     4.18    0.089  41.85   2      36.36     2208.205      83.5274
       394    851.9799    641.7836     45935.94     411.5205  13.3446   0.0097     3.95    0.138  -1.52   2      167.6     12642.91     108.8907
       395    315.1429    642.6082       101289     445.8706  12.4861   0.0048     4.01    0.144  15.09   0      313.6     29303.06     139.3915
       396    968.5267    642.9091     6847.339     329.6535  15.4112   0.0523     4.19    0.152  -2.57   0      32.83     1963.596     83.06605
       397    498.6107    643.8829     2874.227     318.9299  16.3537   0.1205     4.16    0.297  15.00   0       13.7     825.3598     80.31963
       398   1004.4604    641.8315     5138.973     388.3363  15.7228   0.0821     6.20    0.441  69.61   0      20.18     952.3976      80.6783
       399    720.5443    640.7122      11484.5     352.8604  14.8497   0.0334     5.54    0.289 -31.66   0      48.46      2465.06     84.42693
       400    215.8308    641.4399      6855.08     266.2968  15.4100   0.0422     4.22    0.170  -5.51   0       38.2      2403.92     85.07307
       401    575.3200    639.6246     9095.019     320.6673  15.1030   0.0383     9.27    0.133 -34.00   0      45.25     2672.875     85.38749
       402    280.3069    638.6811     14839.14     357.4238  14.5715   0.0262     3.94    0.148   4.76   0      69.31     4342.617     89.53027
       403    133.1017    638.4206     14571.12     362.0258  14.5913   0.0270     3.93    0.175   3.45   0      68.02     4418.577     89.33946
       404    559.9963    634.4893      2516.73      273.769  16.4979   0.1181     3.11    0.334 -62.49   0      14.72     890.6756     80.50424
       405     77.8388    631.8914     5962.698     279.7002  15.5614   0.0509     4.30    0.201   1.77   0      31.89     1907.419     82.70493
       406    209.1271    631.5566     3507.853     226.6501  16.1374   0.0702     4.42    0.206 -10.14   0      21.18     1269.192     81.56583
       407    445.1440    629.0383     3386.745     299.8906  16.1755   0.0962     3.86    0.215 -11.89   0      18.82     1095.526      81.0805
       408    359.3152    627.0744     40324.75     458.8758  13.4861   0.0124     3.80    0.194   8.03   0      153.6     11253.23     105.3005
       409    700.2490    627.7137     3880.189      295.946  16.0279   0.0828     3.62    0.144 -17.65   0       21.5     1342.334     81.34849
       410    633.8306    628.1433     5680.713     312.7982  15.6140   0.0598     4.10    0.212 -14.80   0      29.09     1787.641     82.99786
       411    319.7688    625.9299     43521.79     471.5068  13.4032   0.0118     3.81    0.175   4.48   2      149.1     11019.85     105.2858
       412    203.9517    628.9480     4023.671     143.9077  15.9884   0.0388     4.50    0.149  44.54   0      72.99     3631.369     88.09671
       413    261.3416    628.1028     2799.914     251.1241  16.3821   0.0974     4.15    0.292  16.81   0      15.95     913.0434     80.14015
       414    482.6710    626.5482     3487.743     305.6356  16.1436   0.0952     4.23    0.004 -17.50   0      17.03     951.3873     80.46242
       415    347.5139    626.9686     11126.47     722.2852  14.8841   0.0705    11.77    0.800 -45.15   2      28.45     939.4926     80.42882
       416    346.5063    619.0079     10422.94     479.1524  14.9550   0.0499     4.96    0.344  31.41   3      35.57     1909.392     83.33058
       417    349.8563    618.1289     3247.229     154.2378  16.2212   0.0516     4.51    0.081 -82.75   3      50.69     2640.857     85.10078
       418    833.3141    623.9823     11340.67     385.3243  14.8634   0.0369     4.27    0.158   4.45   0      51.29      3165.36     86.49019
       419    614.8094    624.3353     5119.672     319.1844  15.7269   0.0677     2.89    0.157 -11.31   0      27.53     1858.382     83.19135
       420    936.0623    619.8690     10999.46     466.7271  14.8966   0.0461     6.64    0.314  89.25   0      39.49     2129.468     83.92867
       421    752.0618    623.3937     4814.178     365.3675  15.7937   0.0824     5.19    0.351  10.53   0      20.28     1084.462     81.26098
       422    195.9862    623.5668     3585.229      260.214  16.1137   0.0788     3.10    0.164  -1.80   0      21.28     1383.045     82.50892
       423    601.1995    619.7633      24679.6     361.2593  14.0192   0.0159     3.92    0.189  14.43   0      105.6     7267.366     97.20126
       424    762.1505    620.9875     8360.814     369.8944  15.1944   0.0480     4.11    0.253   8.72   0      40.75     2620.053     85.44789
       425    329.9749    620.9396     6886.086     395.9147  15.4051   0.0624     4.01    0.173 -19.90   0       26.9     1635.064     82.78659
       426    142.1475    620.1116     9066.116     383.9804  15.1064   0.0460     4.32    0.164 -27.62   2      38.68     1571.358     81.98584
       427    924.5936    619.0516     7947.347     411.3948  15.2494   0.0562     4.22    0.255   7.00   0       32.3     2032.938     83.87176
       428    166.8492    611.7337     97640.15     468.4606  12.5259   0.0052     7.84    0.086 -34.28   0      296.4     26365.83     134.3895
       429    485.3505    615.6994     6124.368     291.8413  15.5323   0.0518     3.86    0.118  -1.38   0      32.77     1958.634     82.43014
       430    529.5665    610.7299     92212.94     449.8878  12.5880   0.0053     3.77    0.083  -1.73   0      292.1     26387.35     134.4259
       431    435.3937    614.2584     2444.827     250.8026  16.5294   0.1114     3.42    0.249  29.98   0      15.08     948.3064     80.87927
       432      6.7869    611.3290     9257.373     346.5045  15.0838   0.0406     3.91    0.164  -3.79  16      45.92     2922.624     86.24891
       433    307.3726    607.7865     35769.32     356.3243  13.6162   0.0108     3.87    0.150   5.29   0      148.4     10863.83     105.1119
       434    904.2632    608.4877     3170.121     289.5315  16.2473   0.0992     4.05    0.191  27.53   0      19.44     1196.604     80.94032
       435    407.0236    606.1899     40697.58     388.1523  13.4761   0.0104    11.14    0.171  -1.22   0      159.7     10821.65     105.0207
       436    105.6760    605.8129     3830.765     266.9377  16.0418   0.0757     4.90    0.136  77.72   0      21.31     1287.071     81.82568
       437     76.6787    601.4596      76022.3     415.6036  12.7976   0.0059     4.09    0.130   3.87   0      257.8     21609.58     125.8172
       438    610.8397    602.2437     3631.662     331.3372  16.0997   0.0991     4.33    0.234   2.82   0      17.42     1008.198     80.83534
       439    473.6698    602.7463     2404.706     260.8312  16.5473   0.1178     5.11    0.192 -45.02   0         14     782.8029     79.98483
       440    460.6788    602.1449     5882.684     325.0513  15.5761   0.0600     4.58    0.262 -27.26   0      28.01     1574.787     81.99535
       441    333.8215    602.4226     3587.148     239.6116  16.1131   0.0725     0.00    0.453 -35.65   0      27.93     1995.857     83.97586
       442    213.0386    601.3261     4621.913     287.7012  15.8379   0.0676     3.54    0.193 -35.18   0      25.03     1584.153     82.43877
       443    974.6806    599.8376     3665.368     266.7968  16.0897   0.0790     3.75    0.169 -18.66   0      22.53     1405.204     81.94394
       444    999.7985    599.1885     7510.582      341.609  15.3108   0.0494     4.27    0.179 -14.47   2      32.62     1771.135     82.95264
       445    425.3279    598.8248     6021.565     359.0167  15.5507   0.0647     8.08    0.478  -5.48   0      25.25     1161.229     81.26446
       446    482.5176    598.2088     3656.477      347.782  16.0923   0.1033     5.45    0.283  -2.88   0      17.33     939.2846     80.64136
       447    363.3281    595.3175     9751.423     375.3489  15.0273   0.0418     4.30    0.210   7.19   0      46.26     2886.149     85.55297
       448    117.8363    595.7112     3991.244     323.7261  15.9972   0.0881     3.76    0.126 -18.60   0      20.52     1191.136     80.92496
       449     63.7851    594.5958      14751.8     391.7373  14.5779   0.0288     4.00    0.158  -5.99   3      65.72      4160.02     89.25804
       450     64.0568    585.7609     16888.33     368.1696  14.4310   0.0237     3.95    0.143  -5.72   2      75.98     4948.859     91.24452
       451    938.4404    595.1360     3110.142     253.1058  16.2680   0.0884     3.88    0.087  67.42   0      18.51     1119.955     81.14894
       452    875.5638    592.7551     29592.79     395.9435  13.8220   0.0145     4.07    0.213   0.05   0      120.6     8199.254     99.18337
       453    183.1381    594.6844     4516.509     307.7969  15.8630   0.0740     4.79    0.274   5.70   0      22.64     1339.816     81.34145
       454    845.1130    591.6002      9245.49     326.0808  15.0852   0.0383     3.95    0.149 -11.94   0      44.33     2700.458     85.46088
       455    579.9669    592.9981     3017.573      139.262  16.3009   0.0501     4.19    0.007  14.65   2      61.82     3007.077     86.66943
       456    484.1786    589.2058       9665.1      523.325  15.0370   0.0588    10.21    0.547  37.94   0      28.72     1103.491     81.10282
       457    214.0586    587.1086     4408.103     342.0569  15.8894   0.0843     4.11    0.102  36.05   0      20.83     1156.702      80.8282
       458    621.4750    586.4680     3582.201     330.0056  16.1146   0.1000     5.24    0.266  41.49   0      16.86     923.4099     80.38335
       459    467.5317    585.9388     6270.834     343.2923  15.5067   0.0595     4.04    0.146  -6.43   0      31.13      1946.97     83.43301
       460    410.2793    584.1731     6755.361     446.7653  15.4259   0.0718     6.73    0.396 -17.67   0      22.49     1250.057      81.5125
       461    796.7769    581.6682     13214.42     347.8589  14.6974   0.0286     4.23    0.293  10.66   0      58.12     3597.668     88.00973
       462    650.7446    583.9171     4076.822     330.3461  15.9742   0.0880     4.05    0.248  -2.15   0       18.3     1102.759     80.67638
       463     30.8198    580.8245      34716.8     393.4581  13.6487   0.0123     3.93    0.162  -7.10   0      139.7     10146.74     103.7154
       464    706.4857    579.9053     7296.337     311.2245  15.3422   0.0463     6.69    0.227 -25.26   0      34.58     1982.324     83.32352
       465    684.8884    576.9701     47657.57      376.578  13.3047   0.0086     3.91    0.144   0.17   0      184.7      14507.4     112.2573
       466    942.0736    579.8490     2320.021     248.9719  16.5863   0.1165     4.78    0.210 -62.16   0      14.22     862.6586     80.21141
       467    819.0170    579.0797     3339.355     294.0749  16.1908   0.0956     3.50    0.255  35.34   0      18.69     1186.455     81.33498
       468    648.8278    578.4788     7863.829     423.6817  15.2609   0.0585     4.01    0.114   8.79   0      20.35     995.9443     80.80088
       469    918.2904    577.7088     2455.569     260.8755  16.5246   0.1154     3.56    0.195  44.70   0      14.65     889.4286     80.28722
       470    849.7292    576.1741     5380.617     338.9253  15.6729   0.0684     4.35    0.192 -17.54   0      25.85     1460.568     82.09735
       471    753.4960    575.0022     2457.556     257.5666  16.5237   0.1138     4.83    0.272  -0.28   0      14.18     880.7153     80.47612
       472    263.3791    572.3915     7707.487     342.9934  15.2827   0.0483     4.83    0.263 -28.27   0      35.39     2101.535     83.85299
       473    211.9077    578.6118     3701.571      268.431  16.0790   0.0788     4.60    0.206 -11.10   0      19.49     1121.647     80.72957
       474    541.7567    570.8398     7965.078     361.4341  15.2470   0.0493     4.41    0.194  13.65   0       38.8     2349.304     84.52187
       475    322.1727    566.7913     77438.16     414.3109  12.7776   0.0058     3.85    0.150   3.82   0      260.9     22903.77     128.5349
       476    289.3546    570.3475     3284.137     167.6219  16.2089   0.0554     2.58    0.393 -31.70   0      39.67     2799.411     85.92361
       477    217.2442    570.1776     4898.249      352.266  15.7749   0.0781     5.67    0.323 -20.93   0      22.83      1327.85     82.14807
       478    989.9126    568.9022     4156.948     323.8424  15.9531   0.0846     4.45    0.252  -6.57   0      20.99     1285.502     80.97787
       479    857.0328    566.7252     17208.75     386.5562  14.4106   0.0244     3.96    0.149  -4.34   0      76.37     4997.277     91.36504
       480    665.8297    567.9889     5317.117     336.3408  15.6858   0.0687     4.16    0.161   6.16   0      25.75     1545.415     82.54012
       481    827.1413    567.0519     2814.233     275.5774  16.3766   0.1063     5.41    0.348   8.60   0       16.2     1002.659     81.03186
       482    750.6394    563.9922     3189.653     261.5143  16.2406   0.0890     4.27    0.035 -31.20   0      19.38     1170.843     81.71253
       483    279.8693    562.1984     2579.622     278.4828  16.4711   0.1172     5.12    0.234 -61.59   0      13.73     772.2782     80.38311
       484    485.6395    561.9470     3175.808     295.4046  16.2454   0.1010     4.58    0.285  17.97   0      16.06     972.9607     80.94852
       485    134.4787    560.7589     3519.861     283.8215  16.1337   0.0876     3.70    0.045  10.28   0      18.35     1109.497     81.11964
       486    657.6863    557.9766     10772.96     354.8288  14.9192   0.0358     3.98    0.127  -7.97   0      51.58     3151.541      86.2551
       487    301.6574    555.0060     18066.05     387.0599  14.3578   0.0233     3.85    0.221  -1.40   2      75.14     5058.835     91.70539
       488     48.3771    558.5938     6704.011     353.4291  15.4342   0.0573     7.65    0.505  -3.58   0      27.62     1338.636     81.96877
       489    963.4258    556.0158     3570.122     322.1009  16.1183   0.0980     4.43    0.260   0.10   0      16.39     948.8951     81.09286
       490    882.0153    555.4445     2489.784     273.7466  16.5096   0.1194     4.80    0.359 -62.20   0       14.3     883.9323     80.91059
       491    899.8397    553.0104     6325.758     404.1774  15.4972   0.0694     8.89    0.594 -13.52   0      22.07     1078.606     81.66603
       492    462.0760    553.1938     4185.588     294.7281  15.9456   0.0765     5.24    0.149 -29.16   0      23.03     1374.954     81.65005
       493   1020.0354    551.9838     7083.844     312.4457  15.3743   0.0479     5.42    0.307  -2.57  16      35.71     2290.592     84.97202
       494    666.6311    551.9728     6458.557     361.6739  15.4747   0.0608     4.07    0.203  16.90   0      28.46     1764.717     83.34795
       495    492.2533    552.0547     4934.838     366.6148  15.7668   0.0807     4.50    0.176 -21.85   0      23.82     1398.423     82.34309
       496    104.5396    552.4700     4926.697     286.4478  15.7686   0.0631     4.04    0.295  -7.07   0      27.19     1681.936      82.7079
       497    998.0126    547.9592     5177.869     382.7946  15.7146   0.0803     5.25    0.329  -0.61   0      17.66     818.8251     80.93984
       498    277.8966    546.8991     8703.641     378.1338  15.1507   0.0472     3.89    0.169  -1.76   3      38.13     2347.158     83.90462
       499    279.0003    539.6935     8616.169     343.5949  15.1617   0.0433     4.27    0.063   3.21   3      40.65     2473.973     84.85643
       500    320.7709    546.2048     5003.604      332.277  15.7518   0.0721     4.47    0.152  -9.21   0      22.02     1244.037     81.91586
       501    267.7110    546.3475     3505.173     308.4435  16.1382   0.0956     3.80    0.211 -24.41   0      17.63     1031.078      80.4742
       502    668.4561    545.1649     5570.673     402.6884  15.6352   0.0785     5.17    0.109  56.22   1      19.94      1017.82     80.86239
       503    877.0051    544.9698     2163.326     255.6337  16.6622   0.1283     5.67    0.434 -15.72   0      13.91     828.7427     80.75542
       504    540.6882    544.2540     2740.778     257.8163  16.4053   0.1022     3.67    0.132 -15.14   0      15.55     934.8448     80.20196
       505    137.9098    543.6223      7280.58     266.6598  15.3446   0.0398     8.75    0.293  -8.27   0      37.58     2275.868      83.7113
       506    958.7964    540.9451     14045.44     469.1236  14.6312   0.0363     5.77    0.200  45.86   0      52.87     2848.873     86.05435
       507    152.9154    540.3665     9278.213     459.3957  15.0813   0.0538     3.39    0.190  -8.02   2      47.23     1328.908     81.52178
       508    234.4813    541.5994     4293.572     287.4417  15.9180   0.0727     1.95    0.193 -41.70   0      26.34     1866.279     83.21291
       509     45.5911    539.8244      47668.3     381.1151  13.3044   0.0087     3.90    0.139   0.94   0      181.7     13879.11      111.441
       510    800.8534    533.8234     177351.1     590.2318  11.8779   0.0036     7.63    0.177  69.49   0        422     38402.47     153.5125
       511    448.8565    538.0443     13260.33     374.0417  14.6936   0.0306     9.98    0.307  35.52   0      56.32     3065.947     86.62576
       512    766.7834    536.8707     3345.742     289.6693  16.1888   0.0940     3.24    0.151  42.97   0       18.2     1144.344     81.42828
       513   1006.4830    533.8948     17343.85     438.6312  14.4021   0.0275     4.09    0.196   9.68   2      69.98     4426.483     89.74291
       514    655.5417    533.8201      10668.3     438.1068  14.9298   0.0446     5.74    0.287  70.67   0       39.5     2157.246     84.00385
       515    428.3619    534.2370     4791.383     357.0372  15.7988   0.0809     5.58    0.181  22.93   0      16.18     853.8845     80.40031
       516    133.5897    530.4213     52149.87     383.7783  13.2069   0.0080     3.93    0.161  -5.73   0      195.9     15417.66     114.5358
       517    392.8462    529.4471     18960.06     344.1922  14.3054   0.0197     4.02    0.152   0.29   0      86.21      5693.13     93.26411
       518    584.2152    527.1401      12462.9     500.2528  14.7610   0.0436     6.83    0.328 -80.03   0      41.58     1996.873     83.56883
       519    490.2543    526.3109     25978.24     434.2789  13.9635   0.0182     4.34    0.123 -49.92   0        102     6510.252     94.69229
       520    712.5278    525.4040     7215.857     323.3387  15.3543   0.0487     4.29    0.126 -20.14   0      36.27     2124.364     83.91484
       521   1000.0269    524.5875     7085.088     413.0014  15.3741   0.0633     6.24    0.140 -81.10   0      27.12     1499.302     82.41304
       522     96.6940    524.1424     4795.075     366.5282  15.7980   0.0830     4.58    0.073 -12.20   0      20.61     1143.963     80.57964
       523    636.3716    530.1095     18972.29     368.2905  14.3047   0.0211     3.84    0.085   2.91   0      83.86     5413.702      91.8361
       524    432.1559    522.0269     4649.105     316.1462  15.8316   0.0738     3.97    0.130  -1.01   0      22.36     1316.483     82.11662
       525    682.4439    530.5684     3477.995     218.9153  16.1467   0.0684     5.69    0.375 -36.29   0      32.75     2061.606     84.15361
       526    242.5322    507.9373     990260.8     828.3263  10.0106   0.0009     3.78    0.138   5.25   0       1198     284161.1     367.7502
       527    870.4370    517.7097     2810.462     281.7339  16.3781   0.1089     3.61    0.241 -27.99   0      15.42     867.1993     80.01003
       528    329.2216    516.6222      4960.74     415.9776  15.7611   0.0911     5.67    0.237 -46.92   2      19.03     963.3152     81.13327
       529    512.5227    514.4553     2536.965     249.1698  16.4892   0.1067     3.06    0.029  18.59   0      15.26     928.4401     80.39758
       530    810.0289    513.1599     4202.425     363.8092  15.9412   0.0940     6.89    0.475   3.28   0      17.89     991.8458     81.21315
       531    660.8554    513.4410     3036.941      327.016  16.2939   0.1169     4.15    0.311 -24.70   0      14.48     830.6147     80.54788
       532    783.2721    508.0413      79770.4     485.1417  12.7454   0.0066     4.63    0.177 -44.34   0      251.3     19674.21     122.5516
       533     18.8732    509.7193     5298.898     341.3937  15.6895   0.0700     4.33    0.181  23.53   0      23.83     1354.746     81.38316
       534    712.9221    509.7772     3833.704     328.8766  16.0410   0.0932     4.68    0.113  29.07   0      16.77     966.1139     80.71693
       535    820.3565    508.3634     5793.964      387.614  15.5926   0.0727     3.88    0.112 -68.36   0      21.11      1208.13     81.60612
       536    688.4649    507.5657     12378.64     337.2837  14.7683   0.0296     3.83    0.210   3.17   0      60.89     3949.136     88.71946
       537    314.9810    504.9285     17101.15     407.0414  14.4174   0.0258     4.17    0.236   5.33   0      72.19     4706.078     90.82695
       538     72.5126    507.2075     2422.247     249.0652  16.5395   0.1117     4.53    0.261  -1.28   0      13.37     743.0117     80.08629
       539    328.2754    504.8259     12811.75     454.5801  14.7310   0.0385     4.23    0.221   7.67   2      44.72     2160.753     84.01334
       540    126.5164    502.3759     7478.576     465.0095  15.3155   0.0675     4.96    0.348  -1.57   2       25.1     1132.321     80.97187
       541    487.5913    510.0456     7627.555     368.2803  15.2940   0.0524     4.33    0.185 -12.65   0      35.52     2159.324     84.41711
       542    636.8566    504.9256      2534.69     181.3992  16.4902   0.0777     3.36    0.388  -7.18   0      17.11     1094.144     80.86465
       543    710.4879    503.2596     4389.445     340.7877  15.8940   0.0843     3.08    0.038 -17.64   0      17.81     1085.351     80.62733
       544    862.0213    502.0013     4520.182      141.693  15.8621   0.0340     0.00    0.024 -42.91   2      76.44      4160.28     89.25871
       545    519.5470    500.7690     6810.724     376.9943  15.4170   0.0601     4.27    0.180  -1.49   0      30.92      1892.65      83.2849
       546    359.6502    500.9453     6314.367     311.8855  15.4992   0.0536     3.82    0.160  -9.23   0      32.21     2037.469     83.88403
       547    469.7518    500.3872     3612.699     232.3629  16.1054   0.0698     3.49    0.179  -0.68   0      20.83     1279.182     82.01331
       548    183.4672    496.8101     16898.47     375.1035  14.4304   0.0241     3.84    0.168  -8.86   0      79.03     5227.224     91.93526
       549    300.0567    494.8661     12751.28     501.2407  14.7361   0.0427     8.17    0.182  37.91   0      44.97       2795.5     85.71326
       550     75.5781    493.7710     20683.18     454.7397  14.2110   0.0239     3.86    0.116  -0.69   0      82.37     5394.432     92.71867
       551    488.8782    494.2024     3813.714     266.9232  16.0466   0.0760     3.25    0.138  36.75   0      22.12     1379.036     81.87134
       552    971.4515    493.7675      3465.86     294.1726  16.1505   0.0922     3.00    0.031  -7.44   0      19.44     1236.224     81.47392
       553    905.5320    516.6258     16451.64     429.2644  14.4595   0.0283     4.77    0.279  26.31   0      67.58     4022.544     88.90731
       554    950.6071    488.3455     16341.61     398.0852  14.4668   0.0265     3.87    0.187   1.60   2       65.4     4263.102     89.71166
       555    837.9594    490.6994     4966.481      389.339  15.7599   0.0851     4.65    0.236  -2.10   0      19.07     980.0673     79.90152
       556    196.0118    488.6835     6353.173     387.9417  15.4925   0.0663     7.89    0.247 -55.10   0      28.55     1485.205     82.16553
       557    459.2231    486.5920     3924.008      308.752  16.0157   0.0854     3.54    0.183   0.78   0      22.08      1378.05     82.07798
       558    403.6715    485.6734     7715.735     517.5266  15.2816   0.0728     9.36    0.492 -25.71   0      23.09     982.6305     80.55062
       559    292.8483    483.6108     8790.502     438.1121  15.1400   0.0541     4.33    0.159  15.71   0      33.74     2012.582     84.02111
       560    748.1455    480.6787     10113.46     320.0503  14.9878   0.0344     4.19    0.125   8.74   0       49.9     3026.917      85.9261
       561    588.5227    480.5550     2626.974     290.5853  16.4514   0.1201     5.10    0.272  73.08   0      13.71      813.752     80.07272
       562    628.0618    475.2832     4322.729     287.4648  15.9106   0.0722     4.97    0.196 -39.43   0      22.06     1263.771      81.1287
       563    309.7209    475.0358     5949.828     391.0116  15.5637   0.0714     3.80    0.109 -20.29   0      24.18     1472.221     82.12961
       564    676.0039    474.5250     4057.166     293.1691  15.9794   0.0785     4.00    0.188   0.72   0      22.55     1348.671     81.78699
       565    845.0307    473.8568     3683.645     326.1521  16.0843   0.0962     4.44    0.218  -3.41   0      18.19     1103.836     81.10379
       566    990.6311    471.5583     4459.834      293.481  15.8767   0.0715     6.28    0.194 -14.38   0      21.89     1207.808     81.81528
       567    348.4752    466.5491     26424.81     535.3843  13.9450   0.0220     4.85    0.442 -30.50   0      94.11     5981.698     93.59864
       568    862.3697    466.6836     28899.86     357.9603  13.8478   0.0135     3.79    0.150  -5.27   0      123.3     8583.462     99.71622
       569    143.9263    466.4311     24685.95     349.1835  14.0189   0.0154     4.24    0.132  -9.20   3      104.9     7010.336     96.24239
       570    142.8301    458.2317     14181.35     451.4785  14.6207   0.0346     4.06    0.149   7.50   3       54.9      3414.59     87.73154
       571     97.5723    466.5823     21271.21     388.9374  14.1805   0.0199     3.88    0.191   2.29   0      90.67     5985.202     94.15563
       572    265.8794    461.4494     160688.6     487.6631  11.9850   0.0033     3.90    0.075  -9.14   0      425.3     46146.88     164.2659
       573     32.8062    466.0605     5977.501     411.3496  15.5587   0.0747     4.52    0.018 -25.55   0      23.36     1278.967     81.80316
       574     15.8120    466.9973     7215.148     412.0328  15.3544   0.0620     4.94    0.267   2.67   0      28.09     1575.726     82.41553
       575    388.6121    466.1948     3986.281     356.5244  15.9986   0.0971     7.17    0.311  11.85   0       17.6     854.5704     80.40224
       576    201.1777    463.9416     3657.834     251.8994  16.0919   0.0748     4.67    0.169 -15.19   0      20.58     1256.718     81.53107
       577    508.1320    463.6762     3925.734     319.6783  16.0152   0.0884     3.64    0.208  13.66   0      20.46     1290.074     81.20235
       578    174.4460    463.5161     4116.531      281.264  15.9637   0.0742     4.16    0.281  -3.85   0      23.45     1389.288     81.47956
       579    992.2032    460.4325     5750.652     360.0389  15.6007   0.0680     3.89    0.120 -18.39   0      27.52     1693.531     83.15361
       580    809.5259    461.1991     6208.424     336.9425  15.5175   0.0589     4.17    0.255 -27.62   0      29.33     1772.424     82.95618
       581    248.0054    461.8394     18119.22     162.0441  14.3547   0.0097    -3.32    0.113 -88.07   0      173.1     17939.81     119.5792
       582    610.4424    460.2458     4234.601     388.9116  15.9330   0.0997     7.49    0.573 -26.36   0      15.25     692.7154     79.94342
       583    528.3235    460.3750     4300.022     323.9428  15.9163   0.0818     3.87    0.288 -13.62   0       20.6     1266.918      81.5595
       584    522.0009    458.0036     8514.886     147.9617  15.1746   0.0189     0.00    0.002 -80.83   2      124.6     8603.363     99.93348
       585    224.1040    456.8760     6983.196     269.6083  15.3899   0.0419     4.15    0.226   2.42   0      38.01     2373.176     84.17922
       586    710.4458    469.7249     5959.425     257.3245  15.5620   0.0469     0.00    0.217  -1.31   0      44.15      3142.97     86.62969
       587    877.8655    453.9177     2857.643     278.7096  16.3600   0.1059     3.35    0.351  10.28   0      16.37     1027.908     80.67827
       588    131.6802    452.7422     6200.121     341.9931  15.5190   0.0599     3.86    0.186  13.40   0      30.71      1904.41     82.90395
       589    965.6835    452.4009     3069.545     332.2455  16.2823   0.1175     5.21    0.150 -50.39   0      16.06      935.016     81.05396
       590    665.0203    449.7668     13155.39     472.3401  14.7022   0.0390     5.24    0.095  42.00   2      46.19     2567.936     85.51012
       591    628.9882    451.0558     3957.244     315.6484  16.0065   0.0866     4.78    0.096  23.77   0      20.59     1157.251      81.4643
       592    582.1386    451.4337     3632.512      309.925  16.0995   0.0927     5.18    0.128  34.96   0      17.56     922.1642     80.59309
       593    426.3863    451.4274     58351.08     806.4968  13.0849   0.0150     7.27    0.159  43.68   1      232.4     1054.774     81.38906
       594     33.3029    447.9623     22514.84     454.7115  14.1188   0.0219     9.29    0.447 -33.95   0      72.24     3083.423     85.67569
       595    603.3849    449.7946     6989.354     413.9865  15.3889   0.0643     4.99    0.197  22.63   0      27.33     1442.934     82.04852
       596    499.0229    450.1815     2456.595     272.1469  16.5242   0.1203     4.92    0.188 -86.68   0      14.45     885.0482     80.91373
       597    392.5995    449.0100     3753.664     326.2009  16.0639   0.0944     3.37    0.028   6.38   0      18.73     1150.116     81.23337
       598    167.7718    449.0395     4189.938     321.2048  15.9445   0.0833     4.72    0.195  21.44   0      22.17      1300.34     82.07192
       599     77.5179    447.7434     4834.438     384.8273  15.7891   0.0864     3.68    0.178   3.96   2      17.35     945.7883     80.23296
       600    615.8258    445.5154     9382.412     475.9615  15.0692   0.0551     8.64    0.442  45.71   0      34.25     1337.135     81.54472
       601    425.9725    437.8075     211803.8     601.2148  11.6852   0.0031     3.83    0.113   0.87   2      439.2     46547.51     165.1314
       602    953.9867    441.9757      4573.91     297.9221  15.8493   0.0707     4.24    0.160  35.35   0      24.32     1506.662     82.43334
       603    127.5860    440.3691     3296.183     308.2895  16.2050   0.1016     3.95    0.132 -40.60   0      16.57     996.5951     81.22644
       604   1009.0727    437.3907     6382.366     443.6835  15.4875   0.0755     5.58    0.348   9.97   0      22.02     1257.589      81.5335
       605    803.1508    433.4561     10004.26     342.0117  14.9995   0.0371     9.61    0.363  14.84   0      43.17     2437.498     84.96095
       606    636.2433    430.7222     4978.426     372.4477  15.7573   0.0812     2.80    0.307  71.25   0      19.88     1183.262     81.11473
       607    728.5844    428.3414     25752.62     374.7482  13.9729   0.0158     3.96    0.196  -7.32   0      110.6     7525.931      97.6283
       608    417.0105    430.1892      2537.97     138.4771  16.4888   0.0593     1.12    0.109 -87.90   0      44.87     2543.525     85.04251
       609    104.4508    428.8373      3631.82      311.306  16.0997   0.0931     3.63    0.072 -64.73   0      19.07     1192.464     81.35176
       610    938.7140    427.2345     3299.531     296.9484  16.2039   0.0977     3.64    0.153  -7.20   0      17.96     1098.684      80.8774
       611    815.9471    425.4728     5664.849     279.4581  15.6170   0.0536     4.05    0.186  -4.23   0      32.01     1966.427     83.28014
       612    243.0566    424.3329     17344.67      313.042  14.4021   0.0196     3.93    0.177 -11.03   0      81.98     5461.428     92.51242
       613    182.3447    425.2444      7308.76     336.4108  15.3404   0.0500     4.06    0.195  -2.37   0       37.4     2321.802     84.65089
       614    488.3963    423.7766     13264.35     358.8207  14.6933   0.0294     3.94    0.140   3.53   0      62.93      4041.76     88.95642
       615    698.3924    424.3945      2678.69      316.087  16.4302   0.1281     3.53    0.166  40.21   0      13.91     838.9346     80.35804
       616    286.3488    423.7357     3948.263      332.846  16.0090   0.0916     4.15    0.174  -4.91   0      18.05     1076.559     81.02731
       617    451.7634    418.4021     72746.98     415.8773  12.8455   0.0062     3.85    0.106   4.44   0      250.1     21641.09     126.4183
       618    136.9645    421.4049     4121.976     352.9826  15.9622   0.0930     4.66    0.236 -12.51   0      17.94      1040.05     81.34794
       619    896.5140    419.9352     3680.976     226.8236  16.0851   0.0669     5.37    0.360  -8.18   0      36.79     2249.009     83.84332
       620     47.0817    425.3429      3241.27     288.1018  16.2232   0.0965     4.04    0.243  11.00   0      17.77     1035.196     80.48582
       621    341.8658    416.7181     28832.77     392.2386  13.8503   0.0148     4.13    0.189  -3.00   0      117.3     7915.545     98.18211
       622    921.7653    416.5152     7104.623     415.0849  15.3711   0.0634     3.47    0.139 -16.98   2      25.07     1435.596     81.81868
       623    886.7683    411.9159     14532.02     336.1885  14.5942   0.0251     8.99    0.324 -10.99   0      66.64     4206.854     89.18497
       624    593.0168    413.7456     3092.354     317.7376  16.2743   0.1116     5.81    0.473 -24.22   0      14.76     829.3743     80.54438
       625    561.3412    410.6535     12839.73     348.8462  14.7286   0.0295     3.87    0.174  13.85   0      59.97     3837.737     88.82095
       626     30.3678    412.4143     3273.254     312.4206  16.2126   0.1037     3.42    0.114  38.99   0      16.76     981.2787     81.39472
       627    710.7373    410.5805     8247.002     359.2302  15.2093   0.0473     4.32    0.180  16.42   0      38.59     2278.846      84.3322
       628    630.8336    408.1770     8789.012     475.6781  15.1402   0.0588     8.56    0.422 -48.41   0      29.46     1318.809     82.12305
       629    234.3781    408.4325     7990.199     432.7672  15.2436   0.0588     4.86    0.081 -86.53   0      30.59     1594.607      82.8828
       630    224.9617    409.5691     4567.451     356.8947  15.8508   0.0849     4.55    0.232  10.33   0      17.18     1030.834     81.11085
       631    842.1562    408.1835      5202.11     306.9077  15.7096   0.0641     3.87    0.142   1.40   0      27.83     1692.588     83.15104
       632    157.2616    397.0053     89838.39     500.2372  12.6163   0.0060     6.35    0.419  23.08   0      263.1     18598.44     120.6824
       633    233.7077    397.9241     7335.487     345.2416  15.3364   0.0511     4.24    0.130  -2.29   0      36.09     2152.396     83.58102
       634    467.0784    394.1836     47661.62      416.613  13.3046   0.0095     3.91    0.190   8.47   0        179     13843.21     111.2135
       635    654.8371    393.9346     18377.81     388.3495  14.3393   0.0229     4.06    0.195  -4.03   0      82.26     5420.919     92.41285
       636    133.0424    392.8013     14539.84     324.5033  14.5936   0.0242     4.61    0.129  -1.05   0      67.41     4454.612     90.38562
       637    492.9887    388.3644     12887.09     392.8447  14.7246   0.0331     4.05    0.192  10.65   0      54.82     3503.017     88.15524
       638   1015.6057    387.0834      2401.34     259.1779  16.5489   0.1172     3.06    0.256 -15.12   0      14.44     907.8453      80.7655
       639    178.2937    384.7335     9563.922     327.6151  15.0484   0.0372     3.96    0.146 -14.87   0      48.41     3004.574     86.06665
       640    117.8390    385.3329     13551.78     338.0732  14.6700   0.0271     4.39    0.196  -6.80   0       63.4     3969.686     88.77209
       641    831.8220    384.9642     5003.104     323.1104  15.7519   0.0701     3.76    0.119  23.65   0      26.22     1661.338     83.27196
       642    476.3552    383.3585      12026.2     427.9189  14.7997   0.0386     4.21    0.136  -1.86   0      48.08     2883.148      85.7454
       643    809.4216    383.6507     3354.089     216.8164  16.1861   0.0702     4.73    0.275  -4.47   0      19.79     1143.219     81.63567
       644    361.4902    384.2118     3024.705     312.2397  16.2983   0.1121     4.98    0.282   0.50   0      14.26     835.5356     79.92004
       645    152.2452    381.9137     11431.33     428.6051  14.8548   0.0407     4.12    0.150   0.50   0      45.71     2837.929     85.42477
       646    142.8773    382.5813     5241.626     354.9138  15.7013   0.0735     3.81    0.204   8.86   0      23.11     1399.307     82.13682
       647     13.2956    382.1982      8397.65     446.6402  15.1896   0.0578     4.46    0.232  14.17   3       25.1     1496.722     82.19738
       648     20.6722    381.3636     4409.672     340.8012  15.8890   0.0839     7.38    0.327 -40.08   2       18.3     864.3981     80.43002
       649    970.0266    378.7108     35615.07     371.5556  13.6209   0.0113     3.76    0.141  -0.42   0      146.4     10807.43     104.4983
       650      2.7498    381.1171     4469.053     320.0643  15.8745   0.0778     6.90    0.341 -16.31  24      18.51     924.4982     80.17263
       651    877.4940    379.5729     5423.414     386.2874  15.6643   0.0774     6.25    0.324 -49.41   0      22.72      1067.64     80.15022
       652    766.2875    380.5648     5671.888      364.726  15.6157   0.0698     3.54    0.260 -13.76   0      25.26     1573.508      81.9918
       653    638.6212    379.9576     3946.521     339.2296  16.0095   0.0933     4.31    0.179 -59.78   0       19.6     1166.234     81.69971
       654    337.6458    380.5755     4312.808     344.4939  15.9131   0.0867     3.88    0.120   9.61   0      20.06     1171.675     81.71484
       655     42.4329    377.8073     14446.87     308.1586  14.6006   0.0232     4.07    0.124   4.52   0      68.73      4380.07     90.19799
       656    928.3712    375.9667     3190.054     306.8159  16.2405   0.1045     4.85    0.358  -0.78   0      15.59     954.5499     81.10871
       657    668.1707    373.7279     23393.33      432.924  14.0773   0.0201     9.95    0.126 -29.63   0      95.84     6461.756      94.9381
       658    411.0345    375.4182     5338.362     350.1071  15.6815   0.0712     3.49    0.252 -21.96   0      24.02     1564.933     83.00842
       659    102.5595    374.9788     5874.098     290.1713  15.5776   0.0536     4.04    0.172  -4.87   0      30.82     1912.915     83.75108
       660    988.6229    369.8925     11661.99     381.0355  14.8331   0.0355     4.33    0.208   3.53   2      49.67     3010.602     85.68285
       661    500.9068    362.5526     222012.1     518.7701  11.6341   0.0025     3.86    0.117  -3.55   0      519.2     63288.46     186.3882
       662    382.4735    364.5226     89011.32     417.5397  12.6264   0.0051     3.84    0.141   0.71   0      289.9     25798.42      133.169
       663    242.5244    369.2117     2110.628     247.0498  16.6890   0.1271     4.35    0.266   2.43   0      13.67     792.4451     80.44011
       664    557.9619    364.2629     40260.66     400.9514  13.4878   0.0108     3.96    0.119  14.76   0      155.8     11425.88     106.1587
       665    352.4529    366.2778      10739.4     392.6945  14.9226   0.0397     4.09    0.185  -1.77   0         46     2836.084     85.62057
       666    967.4984    364.4699      2717.55     277.0508  16.4146   0.1107     5.47    0.037 -18.33   0      15.39     904.3226     79.90089
       667    890.0737    361.9955     8720.406     435.1273  15.1487   0.0542     8.78    0.442   7.05   0      31.87     1407.393     81.95001
       668    190.3911    358.2044     37945.86      430.646  13.5521   0.0123     3.92    0.095 -49.15   0      144.3     10181.52     103.4603
       669     17.8381    362.0206     12623.75     315.0908  14.7470   0.0271     4.41    0.221  -8.75   0      60.78     3841.966     89.02479
       670    685.5146    361.8576     7598.333     350.3485  15.2982   0.0501     4.48    0.264   4.24   0      34.75     2057.042     83.32133
       671    784.6841    361.3900     3647.283      341.551  16.0951   0.1017     2.98    0.152 -39.61   0      15.76     991.3547     80.78797
       672    758.2343    360.1588     7436.892      385.249  15.3215   0.0563     4.16    0.201  -9.45   0      33.81      2071.27     83.97556
       673    268.5602    360.3190     9946.416     346.9561  15.0058   0.0379     4.19    0.137 -11.04   3      47.53     2847.124     85.64986
       674    274.9182    355.7247     23282.95     487.8596  14.0824   0.0228     3.91    0.125  -1.63   3      84.45     5508.621      92.0707
       675    861.2547    357.2726     4957.878     338.6417  15.7618   0.0742     7.95    0.398  28.79   0      24.33     1393.432     81.70147
       676    658.2898    355.2769     14518.24     449.7439  14.5952   0.0336     4.17    0.162  -7.73   0      56.46     3534.393     87.25805
       677    104.3681    352.1929     24503.93     386.4051  14.0269   0.0171     3.88    0.121   5.82   0        104     7085.201     96.77439
       678    986.5397    351.4942     29026.05      351.997  13.8430   0.0132     3.81    0.140  -4.73   0      124.8     8637.505      99.4949
       679    159.9011    350.4251     13391.45     344.2552  14.6829   0.0279     4.19    0.160   6.64   2      62.02     3844.159     87.67048
       680    156.7703    343.5294     7155.913     376.0631  15.3633   0.0571     4.78    0.054 -74.37   3      32.14     1900.667     83.30678
       681    610.8136    350.0492     7642.908     416.4112  15.2919   0.0592     5.20    0.231  11.22   3      31.96     1842.924     83.56094
       682    614.2969    346.9821     6368.577      362.802  15.4899   0.0619     4.56    0.168  25.99   3       27.4     1558.823     81.74137
       683    438.3224    351.2112     7061.884     354.8705  15.3777   0.0546     4.19    0.214   0.85   0      34.04     2072.478      83.7742
       684    880.2479    347.7535     10876.82     360.8901  14.9087   0.0360    10.13    0.389  18.81   0      46.01     2786.729     85.89007
       685    635.2055    349.2576     3619.995     269.9562  16.1032   0.0810     3.90    0.253  -3.75   0      20.41     1236.464     81.68499
       686    699.3184    347.2595     2441.683     272.1344  16.5308   0.1210     3.57    0.124  17.38   0      14.62     893.1343     80.08367
       687    246.9590    339.2644     107642.8     535.3979  12.4200   0.0054     4.45    0.310  41.54   2        314     27710.97     136.6454
       688    394.1376    345.7579     2365.389     213.7797  16.5652   0.0982     5.47    0.253 -10.34   0      15.28     934.8036     80.62872
       689    467.4243    343.9388     4826.594     283.3556  15.7909   0.0638     3.64    0.185  -8.06   0      26.97     1734.033     83.05785
       690     27.7281    342.0581     8503.633     376.8767  15.1760   0.0481     5.07    0.301   5.77   3      39.38     2245.868     84.03928
       691     21.1217    340.0687     4068.466     325.1029  15.9764   0.0868     4.05    0.170  14.03   3      22.26     1290.919     81.20471
       692      7.0156    335.9812     15987.14     342.2235  14.4906   0.0232     3.98    0.153  -0.77  18      73.89     4873.227     91.24424
       693     42.3776    338.8383     16228.81     344.8814  14.4743   0.0231     4.30    0.192  -2.59   0      75.55     4873.456     91.62026
       694    579.7478    337.9695     11503.53     319.6965  14.8479   0.0302     4.15    0.142 -16.78   0      56.07     3517.413     87.60654
       695    829.9259    335.0623     12767.64     328.5265  14.7347   0.0279     3.97    0.135   5.54   0      62.74     4100.279      89.1058
       696    273.2969    332.8411     26132.27     411.0104  13.9571   0.0171     3.78    0.123  -1.66   0      107.2     7192.798     95.95948
       697    960.3912    333.5918     3491.035     266.6483  16.1426   0.0829     4.17    0.130  47.05   0      18.49     1082.691     81.04451
       698    665.6218    331.5920     3776.114     245.1005  16.0574   0.0705     0.00    0.283 -22.37   0      23.14     1637.294     82.79271
       699    111.6282    331.2285     4930.544     327.0198  15.7678   0.0720     3.54    0.097  13.18   0      24.63     1511.415     82.65436
       700    839.2504    325.0069      12250.9     312.0839  14.7796   0.0277     4.39    0.147   8.68   0      57.45     3489.745     87.73059
       701    530.3743    324.8610     7522.967      440.387  15.3090   0.0636     6.57    0.381 -11.39   2      26.96     1250.994      81.7254
       702    687.5372    323.8843     5305.333     357.3643  15.6882   0.0732     4.47    0.129 -30.87   0      24.75     1428.181     81.58797
       703    404.5455    323.2440     5501.118     394.0313  15.6489   0.0778     6.84    0.465 -43.45   0       20.6      895.983     80.73211
       704    393.7271    322.3489     16439.71     372.5288  14.4603   0.0246     4.00    0.158  -6.67   0      75.31     4861.466     90.83782
       705    466.2462    317.8955     3199.737      202.316  16.2372   0.0687     4.16    0.098  22.54   0      20.86     1256.716     80.89704
       706   1002.6802    318.0734     4086.729      346.828  15.9716   0.0922     6.09    0.475   5.27   0      17.25     913.2936     80.14086
       707    985.7360    314.9113     23658.71     389.2291  14.0650   0.0179     3.93    0.216  -8.62   0      99.94     6700.321     95.14738
       708    904.8042    317.0147     6725.298     284.8745  15.4307   0.0460     0.16    0.442 -47.19   0      45.48     3016.107     86.29623
       709     29.8270    317.8011     2592.577     292.0315  16.4657   0.1223     5.30    0.042 -33.90   0      14.39     841.5105     80.79134
       710    619.8997    312.5349     19663.79     358.0899  14.2658   0.0198     3.86    0.131  14.21   0      86.05     5600.495     92.29721
       711    200.1761    313.5458     11464.52     363.6279  14.8516   0.0344     4.06    0.204 -12.04   0      52.67     3312.302      87.0728
       712    992.7367    306.8884      18954.6     387.5813  14.3057   0.0222     3.86    0.170  -2.83   0       85.1     5640.155      92.5804
       713    163.7777    308.4359     5614.709     273.2055  15.6267   0.0528     3.97    0.085   3.37   0      30.05     1848.297     83.78066
       714    206.9420    307.6616      4355.99       334.41  15.9023   0.0834     4.21    0.202   2.19   0      21.35     1259.285     81.74846
       715     81.7974    306.8561     3736.361     253.6675  16.0689   0.0737     3.61    0.141 -40.33   0      20.85     1316.169     81.90646
       716    893.8635    303.5391      56504.3     398.3783  13.1198   0.0077     4.69    0.150   1.83   0      206.6     16243.92     116.0159
       717    369.8084    305.9194     6653.323     349.7349  15.4424   0.0571     4.23    0.184  -5.85   0      29.51      1767.93     82.94387
       718    218.2231    301.0696     4238.832     356.6853  15.9319   0.0914     3.97    0.113 -22.79   0      19.06     1172.152       81.295
       719    183.5918    297.8028     24388.54     470.4737  14.0320   0.0209     6.05    0.455 -70.13   0      84.47     4379.567     89.81532
       720    710.5534    300.2268     18356.62     288.1104  14.3405   0.0170     8.32    0.397 -45.04   0      128.4     11494.95     106.6289
       721    649.1356    297.8847     4494.781     356.8484  15.8682   0.0862     5.16    0.402   7.44   0      14.17     681.0568     79.47953
       722     83.7207    294.3835     16079.54     350.9506  14.4843   0.0237     4.18    0.164   3.93   0      75.37     4805.815     90.88752
       723     25.7295    295.9891     5690.874     341.6545  15.6121   0.0652     4.17    0.216  -0.33   0      27.15     1651.465     82.62412
       724    847.7712    292.1192     43881.36     395.4749  13.3943   0.0098     3.85    0.143  -8.99   0        168      12752.6      108.962
       725    785.8838    294.3503     11184.96     386.3447  14.8784   0.0375     4.28    0.159  -4.52   0      48.03     2876.513     85.52737
       726    441.1704    291.6701     33607.84     419.2378  13.6839   0.0135     4.72    0.299   4.54   0      128.8     8824.136     100.4343
       727    379.1753    293.8691      5262.64     304.1438  15.6970   0.0628     3.49    0.079 -23.12   0      27.46     1801.422     83.24203
       728    961.4307    292.9691     3299.224      233.898  16.2040   0.0770     4.72    0.242  -5.95   0         20     1268.554     81.98386
       729    923.6436    289.6214     8071.642     349.4295  15.2326   0.0470     4.08    0.206  -7.67   0      41.53     2583.591     85.55171
       730    510.1468    290.2702     5759.861     347.9227  15.5990   0.0656     3.68    0.143   6.02   0         30     1881.083     83.04691
       731    207.0833    290.2019      3821.35     239.8337  16.0445   0.0682     3.91    0.171  31.04   0      22.86       1402.1     82.14455
       732    888.4001    289.5330     3362.266     306.9434  16.1834   0.0991     3.96    0.177 -10.03   0      16.78      1000.47     81.23728
       733    554.5404    289.3512     5578.665     337.7902  15.6337   0.0658     4.44    0.363  -0.51   0      27.45     1645.952     82.60896
       734    166.4668    285.8426     31554.19     358.4464  13.7524   0.0123     3.96    0.146   2.37   0      131.5     9262.439     101.4213
       735    987.1087    284.4868     25049.07     374.3213  14.0030   0.0162     3.76    0.158  -5.14   0      108.8     7467.802     97.14014
       736    625.1171    282.1754     7606.551     266.9374  15.2970   0.0381     4.04    0.182  -0.08   0      40.12      2498.31     84.92159
       737     28.0675    273.5350     598038.9     687.4994  10.5582   0.0012     3.93    0.104   0.08   0      915.7     168615.2       287.55
       738     95.4531    278.1787     22038.75      333.595  14.1420   0.0164     4.03    0.143   1.14   0      98.42     6569.609     95.37607
       739    712.3861    275.9550      18871.6     381.9562  14.3105   0.0220     3.97    0.098   0.08   0      82.58     5502.138      92.9823
       740    539.1003    277.6447     7853.127     340.5793  15.2624   0.0471     8.49    0.530   9.65   0      31.68     1435.099     80.97381
       741    488.2418    273.9593     75136.72      415.119  12.8104   0.0060     3.87    0.091   6.90   0      253.7     21845.04     126.5134
       742    450.4655    275.7053     3732.682     344.1109  16.0699   0.1001     4.97    0.043  -2.11   0      15.44     840.1594     79.93319
       743    760.4432    271.7998     5247.303     304.1324  15.7002   0.0629     4.05    0.186  -7.67   0      27.22     1668.447     83.08502
       744    268.3004    272.6111     4624.767     286.2081  15.8373   0.0672     7.83    0.507   8.64   0      22.99     1120.941      81.1517
       745    412.1287    269.2200     11923.08     342.0322  14.8090   0.0312     4.25    0.166  -3.61   0      54.71     3387.178     87.46448
       746    339.6039    267.9166     46368.34     389.2601  13.3344   0.0091     3.80    0.150  -3.86   0      179.4     13997.33     111.6818
       747    971.1741    266.0107     2326.788      255.779  16.5831   0.1194     4.39    0.193   0.73   0      14.56     883.0217     80.69562
       748    797.4907    265.6106     4187.325     335.5765  15.9452   0.0870     3.94    0.234 -12.45   0      18.85      1133.08       80.974
       749    192.7432    261.7737     83923.02     437.9101  12.6903   0.0057     3.95    0.184  -9.59   0      271.3     23661.78      129.736
       750     52.4930    265.1012     3865.082     257.1422  16.0321   0.0723     3.74    0.168   3.81   0      21.64     1313.553     81.05656
       751    686.5769    262.3034     16600.47     567.8964  14.4497   0.0372     4.23    0.186   2.53   0      50.81     3218.186     86.23171
       752    382.0036    262.9789     2716.517     231.4847  16.4150   0.0925     5.68    0.010  38.49   0      14.95     821.8439     80.30968
       753    948.6118    260.8912      5041.62     325.7825  15.7436   0.0702     8.03    0.069  14.67   0      28.46     1493.353     81.76932
       754    353.3374    261.3624     2228.871      255.692  16.6298   0.1246     4.27    0.126  46.06   0       14.2     857.3349     80.41006
       755    242.4811    254.2856     191318.2     527.5814  11.7956   0.0030     3.82    0.166 -22.36   0      472.1     54107.34     175.0314
       756    513.5550    259.8974     2742.575      166.886  16.4046   0.0661     0.00    0.377  11.32   0      35.37     1887.727     82.44286
       757    457.9034    258.9460     4616.037     328.1116  15.8393   0.0772     4.43    0.126  -3.17   0      23.22     1380.852     81.24504
       758    778.1969    257.3786     2763.299     269.2339  16.3964   0.1058     3.50    0.212  58.98   0      15.96     942.1738      80.6495
       759    897.2284    256.7753      5131.05     378.2561  15.7245   0.0801     5.21    0.374   1.20   0      20.16     1081.695      81.4642
       760    417.7462    252.8591     60863.73      398.711  13.0391   0.0071     3.90    0.139  -1.77   0      218.2     17940.85     119.5812
       761    276.9334    256.4344      3418.21     298.4803  16.1655   0.0948     3.93    0.222  13.88   0      20.26     1267.248     81.56042
       762    627.4877    250.4533     132727.7     493.0802  12.1926   0.0040     4.02    0.197   8.72   0      368.2     35674.59     149.0743
       763    708.1553    251.9215      30211.9     367.0686  13.7996   0.0132     3.90    0.151  -1.04   0      125.7     8845.688     100.3121
       764    584.0483    246.2924     9513.595     478.7209  15.0541   0.0546     7.38    0.421  23.98   2      31.54     1560.257     81.74536
       765    211.8309    248.6628     13812.48     572.8042  14.6493   0.0450    11.89    0.637 -13.15   0      38.62     1310.382     81.68053
       766    665.1921    245.9668     14288.96     302.4188  14.6125   0.0230     3.96    0.172   2.03   0      69.23     4535.645     90.58915
       767    547.7837    246.8212     2879.158     278.7271  16.3518   0.1051     6.26    0.301  -2.22   0      15.34     851.7288     80.82008
       768     89.4566    244.6646     4496.762     257.6999  15.8678   0.0622     4.23    0.162  -2.38   0      25.87     1516.257     82.45979
       769    611.5533    243.9930     6153.506     385.6055  15.5272   0.0681     3.98    0.142 -11.18   0       25.5      1462.18     82.51887
       770    837.3273    241.1290     6130.365     370.8429  15.5313   0.0657     4.68    0.229   9.37   0      26.51     1478.843     81.93872
       771    463.8228    241.9730     2258.525     211.6482  16.6154   0.1018     2.95    0.198   3.23   0      14.34      896.964     80.94719
       772    352.0351    239.4735     2988.065     212.4302  16.3115   0.0772     6.89    0.407 -25.15   0      17.43     1044.552     80.93748
       773    113.2223    238.8980     6134.809     416.6186  15.5305   0.0738     4.35    0.161  26.70   0      20.39     1129.617     80.32578
       774    753.2523    223.3296     544861.1     674.7958  10.6593   0.0013     3.93    0.077  -7.98   0      868.4     152324.9     274.3727
       775    582.5237    236.9202     5460.604     366.9406  15.6569   0.0730     6.14    0.217   7.74   0      23.25     1170.333     80.65398
       776    314.1950    237.4459     3123.417     242.7331  16.2634   0.0844     3.83    0.208 -16.65   0      19.16     1170.829     81.50217
       777    142.1976    236.3039      8133.05     353.1339  15.2244   0.0472     3.87    0.152  -6.81   0       39.8     2481.182     84.87574
       778    170.7790    234.9199     3802.496     301.6315  16.0498   0.0861     7.01    0.383  12.02   0      18.45     1030.743      81.1106
       779    227.9593    231.5960     4246.329     272.0648  15.9300   0.0696     6.83    0.239  16.99   0       23.1     1328.911       82.151
       780    875.0765    229.9992     4859.993     317.6515  15.7834   0.0710     7.23    0.135 -41.46   0      24.42     1458.612     82.09193
       781    854.5099    229.9402     3931.705     334.1215  16.0135   0.0923     3.91    0.074  67.99   0      18.41     1042.667     80.50692
       782    443.1950    228.2600     19571.25     360.4202  14.2710   0.0200     4.11    0.239  -8.16   3       84.4      5370.25     92.47395
       783    438.5655    221.1053     113553.2     470.6797  12.3620   0.0045     3.79    0.086  -6.22   2      335.7     31755.52     142.7343
       784    369.2493    228.4356     15678.24     323.9779  14.5118   0.0224     3.96    0.129  -0.97   0      73.45     4715.667     90.66182
       785    979.1133    228.0199     11686.11     376.5185  14.8308   0.0350     9.70    0.231  16.94   0       52.6     3239.329     86.48611
       786    285.3567    228.8737     3139.766     315.0593  16.2578   0.1090     4.62    0.294 -16.44   0      15.31     867.9135     80.43996
       787    263.1078    224.3968     94306.19     440.3524  12.5636   0.0051     3.87    0.185   3.45   0      299.5     27386.89     136.1053
       788    486.3279    226.5133     8379.933     359.3143  15.1919   0.0466     4.31    0.167   6.91   0      38.96     2367.093      84.1628
       789    517.6481    226.6383     3496.055     307.0425  16.1411   0.0954     3.80    0.221  19.47   0       17.7     1091.928     80.85841
       790    305.4880    225.7650     2276.811     255.7346  16.6067   0.1220     4.18    0.281   0.94   0      13.64     800.2555     79.81965
       791    960.5020    221.5539     12013.89     400.9933  14.8008   0.0362     3.81    0.184  11.78   2      48.84     2994.316     85.43899
       792    570.0222    222.2189     18171.13     418.0324  14.3515   0.0250    10.31    0.288  15.06   0      74.52     4601.034     90.75305
       793    504.4193    223.2396     6822.785     303.8987  15.4151   0.0484     3.78    0.142 -32.16   0      37.07     2347.503      85.1241
       794    666.0647    222.7267     5203.057     332.4134  15.7094   0.0694     4.30    0.254  -7.28   0      26.58     1619.697     82.32848
       795     32.8159    221.4321     5115.173     309.6276  15.7278   0.0657     4.02    0.032  38.52   0      25.84     1511.224     82.65384
       796    899.1893    237.2995     2528.491     223.7563  16.4928   0.0961     3.99    0.104  72.92   0      16.53     1017.653     80.86192
       797      6.5025    220.4765     2282.401     213.6914  16.6040   0.1017     3.38    0.049   8.55  16      15.58     964.1207     80.28487
       798    927.8214    217.5194     3812.112     344.1634  16.0471   0.0980     3.68    0.118  13.26   0      16.57     942.7164     80.65102
       799    967.7554    213.6405     17434.52     418.6579  14.3965   0.0261     3.93    0.152   5.52   0      73.18      4672.35     90.36342
       800    880.8958    213.5936     4002.125     300.3566  15.9943   0.0815     3.74    0.209 -14.90   0      20.98     1286.129     81.61301
       801    320.9228    211.6140     21928.45     392.6139  14.1475   0.0194     4.01    0.127 -11.17   3       93.6     6245.703     94.60108
       802    324.0002    201.3556     29236.04     391.3774  13.8352   0.0145     3.97    0.112  -7.31   3      120.7     8505.244     100.0538
       803    325.2871    193.4430     5025.363     413.9448  15.7471   0.0895     5.08    0.093  78.39   3      19.29     1067.959     80.57829
       804    226.0178    214.0128     2513.958     275.3296  16.4991   0.1189     4.54    0.316  -1.80   0      14.18     833.3175     80.34215
       805    155.5099    212.1098     3135.254     303.9649  16.2593   0.1053     3.65    0.134  18.66   0      15.87     976.1519     80.53234
       806     80.4925    210.4822     7262.921     336.3798  15.3472   0.0503     6.26    0.252  -8.19   3      34.47      2121.09     83.70116
       807     83.8975    206.0044     17082.86     427.5961  14.4186   0.0272     4.68    0.191 -28.60   2      64.86     3947.198     88.71449
       808    665.3871    208.2332     2579.419     278.4826  16.4712   0.1172     5.54    0.237  30.02   0      14.46     805.7753     80.90319
       809    541.1927    204.9694     12750.71     578.3491  14.7362   0.0493    10.85    0.446 -78.46   2      34.25     1244.507     81.91717
       810    536.1330    203.3111     10214.12     519.4493  14.9770   0.0552     9.86    0.110  18.80   3      33.19     1441.092     81.62393
       811     21.2642    203.0735      13147.5     369.3549  14.7029   0.0305     5.24    0.135 -70.20   0      54.62     2800.146     85.52512
       812    486.1674    203.6043     5287.002     332.4708  15.6920   0.0683     3.10    0.395 -58.96   0      27.22     1802.353     83.45052
       813    793.8141    200.0363     12262.31     487.1229  14.7786   0.0431     5.72    0.218  89.52   3      45.48     2186.267     84.69252
       814    791.2355    192.0294     8877.254     348.7248  15.1293   0.0427     4.45    0.119  21.93   3      42.86     2695.244     85.84782
       815    160.1645    202.7339     4201.925     356.6618  15.9414   0.0922     4.12    0.229   4.54   0      17.85     991.4163     80.78815
       816    403.2977    195.9985     6152.411     276.7707  15.5274   0.0489     4.17    0.080 -27.12   0       33.4     2053.427      83.7225
       817    232.2584    195.2840     14780.45     428.3787  14.5758   0.0315     3.86    0.147   8.15   3      62.85     3999.558     88.46132
       818    226.8225    189.5702     19841.91     413.7868  14.2560   0.0226     4.23    0.129  16.04   3      84.38     5469.692     92.90296
       819     41.6770    194.0504     8621.917     388.1647  15.1610   0.0489     4.42    0.214  13.33   0      38.56     2275.669     84.11983
       820    684.8412    194.5633     3577.231     298.6013  16.1161   0.0907     4.42    0.175 -14.53   0      19.13     1098.011     81.08746
       821    666.7379    193.9438     3937.941     304.5645  16.0118   0.0840     3.98    0.076 -23.66   0      19.91     1178.949     81.52481
       822    353.1559    205.0379     2853.445     252.8752  16.3616   0.0962     5.93    0.404  -7.81   0      15.98     926.3834     80.81765
       823    635.5153    192.4814     8412.564     337.1556  15.1877   0.0435     3.95    0.114  -7.93   0      42.41     2600.214     84.78997
       824    970.1131    190.9497     9266.982     357.4822  15.0827   0.0419     3.96    0.111   4.77   0      44.22     2787.519     85.29055
       825    842.3032    191.6829     2136.631     225.2709  16.6757   0.1145     3.49    0.195  44.17   0       13.4     808.9585     79.84443
       826    129.3071    189.5313     3373.964     298.4466  16.1796   0.0961     6.67    0.255   4.25   0      18.11     1041.946     80.50488
       827    316.2419    187.7385      9567.47     387.6125  15.0480   0.0440     9.48    0.379  -4.33   0      46.74      2875.25     85.92446
       828    264.7688    186.0870     15734.17     365.1134  14.5079   0.0252     4.08    0.202   1.81   0      70.77     4500.461     89.93007
       829    173.0204    186.0194      6484.37     384.6866  15.4703   0.0644     3.84    0.098  15.33   2       27.5     1309.809     82.09814
       830    923.2407    185.0421     5077.523     349.9378  15.7359   0.0748     4.24    0.184 -25.63   0      22.07     1266.552     81.55849
       831    576.5096    185.9600     3348.954     313.8459  16.1877   0.1018     3.01    0.346  25.94   0      14.83     961.5688     80.27765
       832    299.6408    179.2824     53787.91     380.2598  13.1733   0.0077     3.88    0.157   4.82   0      201.1     15693.37     114.6332
       833     78.4980    182.1951      3308.63     311.0699  16.2009   0.1021     6.09    0.254 -21.57   0      17.86     1007.357     80.83298
       834    385.3336    173.5321     375931.1     601.1646  11.0622   0.0017     3.87    0.118  -2.59   0      707.1     106839.7     233.6776
       835    187.6212    179.9144     10646.48     371.2961  14.9320   0.0379     4.04    0.184  -6.24   0      51.69     3204.006     86.39323
       836    918.2679    180.8778     4859.472     284.8922  15.7835   0.0637     6.03    0.302   5.70   0      29.37      2211.09     83.74046
       837    784.3918    178.9847     6777.148     382.6232  15.4224   0.0613     8.56    0.329 -72.06   0       29.8     1276.879     81.58726
       838    994.0111    179.3066     4370.078     273.7402  15.8988   0.0680     3.71    0.207   0.68   0      23.54     1520.869     82.26411
       839    277.6091    178.3394      3586.36     323.4417  16.1134   0.0979     3.56    0.120 -39.82   0       17.1     992.4155     81.00313
       840    255.7193    176.7644      17218.2     386.5618  14.4100   0.0244    10.65    0.148 -79.41   0      75.95     5015.445     91.41022
       841    200.0592    176.4803     10043.33     400.9466  14.9953   0.0434     4.07    0.139  -4.01   0      44.59     2734.394     85.14887
       842    135.1074    174.3410     31900.66     536.9052  13.7405   0.0183     4.40    0.255 -18.48   0      109.2     6965.108     95.77778
       843    600.1391    169.7170     4519.936     344.6305  15.8622   0.0828     4.83    0.263   0.65   0      20.79      1153.92     80.82037
       844    121.3985    165.3990     77015.82     438.2447  12.7836   0.0062     3.85    0.134   5.59   0      257.1     21790.23     126.4149
       845    164.5041    168.2615      4132.31     352.9892  15.9595   0.0928     3.80    0.033  -6.91   0      18.21     1049.431     80.52601
       846   1004.6661    163.5634     10681.98     339.9466  14.9284   0.0346     4.09    0.195  -5.56   0      50.47     3086.637     86.48177
       847    947.9374    164.5992     4357.558     303.4667  15.9019   0.0756     4.79    0.222  10.26   0      21.87     1197.174      81.5756
       848     45.0935    161.6587     11259.08     430.5119  14.8712   0.0415     5.64    0.248 -45.05   0      43.49     2309.205     83.80176
       849    789.6357    163.4184     3130.346     305.3697  16.2610   0.1059     3.39    0.128 -40.43   0      16.05     974.8582     81.37679
       850    725.1929    158.1680     118381.2     466.6117  12.3168   0.0043     4.25    0.119 -18.17   2        341     30663.47     141.7134
       851    714.4974    155.8009      9973.32     448.3993  15.0029   0.0488     4.90    0.239   7.68   3       34.4     1874.324     83.23489
       852    418.4005    161.6824     8552.918       290.79  15.1697   0.0369     4.03    0.208  -7.46   0      43.39     2712.531      85.6935
       853    704.2395    158.5052     20660.27     387.4744  14.2122   0.0204     4.12    0.187  -6.76   0      86.72      5538.62     91.95827
       854    656.4370    158.9340     10720.85     337.4388  14.9244   0.0342     4.44    0.198 -14.38   0      48.77     2897.511     85.98331
       855    635.5408    160.0557     5108.122      353.617  15.7293   0.0752     3.83    0.221  12.66   2      23.77      1470.23     82.54104
       856    631.3007    154.9402     4283.078     333.0746  15.9206   0.0845     4.27    0.120  23.99   3      20.87     1164.679     80.63805
       857    110.3302    154.7449      6095.57     435.7282  15.5375   0.0776     4.89    0.205  67.87   0      21.57     1181.371     81.10943
       858    324.1091    152.8167     4868.281     317.6574  15.7816   0.0709     4.11    0.137  35.42   0      23.31     1388.488     81.47733
       859    879.3254    149.8622     16825.18     387.4398  14.4351   0.0250     4.13    0.144  -0.10   0      72.81     4643.766      90.4814
       860    987.8000    150.3563     3453.632     291.2311  16.1543   0.0916     4.38    0.229  14.48   0      19.56     1135.665     81.61463
       861    549.1084    148.1706     5875.365     262.2066  15.5774   0.0485     3.96    0.218 -22.49   0      30.71     1852.095     82.34458
       862    798.9261    168.2467     5099.355     337.4675  15.7312   0.0719     3.79    0.038   1.82   0      24.13     1472.476     82.13031
       863      2.4496    149.2129     2790.067     231.5569  16.3860   0.0901     4.00    0.042   0.54  24      17.59     1076.994     81.24008
       864    833.6615    147.0943     2834.999     277.1471  16.3686   0.1062     4.10    0.263 -14.34   0      15.64      911.982     79.92267
       865    262.1764    145.3735     9771.571     336.7988  15.0251   0.0374     4.49    0.167  11.28   0      43.59     2577.732     85.53615
       866    590.3874    145.2155     5299.623     311.1451  15.6894   0.0638     4.63    0.283  -2.43   0      25.39     1508.408     82.22968
       867     62.5490    142.5983     16349.48     468.4099  14.4662   0.0311     6.82    0.100   3.05   0      62.88     3738.633     88.17856
       868    423.4966    142.3291     4756.681     272.4908  15.8067   0.0622     4.18    0.124   0.30   0      25.01     1464.636     81.26814
       869     75.9896    142.0089        36847     186.4696  13.5840   0.0055     0.00    0.034 -30.57   0      275.6     36532.95     150.6053
       870    950.3641    142.0830     3531.583     165.3825  16.1301   0.0509     5.14    0.332  10.88   0      47.96      2578.44     84.93392
       871     45.1316    136.9788     52527.59     433.3509  13.1990   0.0090     3.92    0.093  12.92   2      184.6     14182.82     112.0587
       872    390.4222    137.6613     4167.887     346.8812  15.9502   0.0904     4.69    0.286  -5.88   3      19.38     1104.134     81.10462
       873    385.6537    133.6066     9637.135     409.1933  15.0401   0.0461     4.15    0.182 -10.33   2      42.38     2551.992     85.26667
       874    775.1425    136.5937     3639.159     305.7481  16.0975   0.0912     3.65    0.189  15.75   0      20.29     1205.973     81.60011
       875    687.9346    132.9650     36398.41     394.4283  13.5973   0.0118     3.91    0.153  -6.14   0      146.5     10833.87     104.8836
       876    572.8146    134.9304     6651.973     342.2932  15.4426   0.0559     4.31    0.254 -12.07   0       32.5     1955.907     83.66276
       877    549.3157    129.4405     5307.703     345.1496  15.6877   0.0706     3.68    0.179  -9.22   0      26.25     1621.048     82.12347
       878    117.5036    128.7295     3312.231     311.0725  16.1997   0.1020     3.73    0.242 -51.47   0      16.42     959.4335     79.84281
       879   1004.7138    127.4144     3097.297      254.784  16.2725   0.0893     4.63    0.217  -8.52   0      17.42      1028.07     80.67873
       880    819.3699    124.0583     33825.19     422.4142  13.6769   0.0136     4.10    0.264 -30.77   0      131.7     9172.276     101.2191
       881    274.1374    125.9762     8635.512     381.4824  15.1593   0.0480     4.48    0.243  -2.94   0      39.46      2406.19     84.87715
       882    724.1072    125.5948      4363.52     270.5814  15.9004   0.0673     4.02    0.312   3.47   0      23.24      1433.07     82.02119
       883    342.5027    124.8439     5683.263     322.2597  15.6135   0.0616     4.15    0.096   5.36   0      26.72     1567.876     81.55635
       884    223.5637    123.9764     3650.697     268.3879  16.0941   0.0798     5.90    0.419 -52.43   0      17.33     852.3119     81.03381
       885    284.6199    124.3102     4555.606     310.6012  15.8536   0.0740     3.99    0.252  -8.80   0      24.16     1419.024     81.35175
       886    752.8311    120.5467     17807.92     392.4144  14.3735   0.0239     4.13    0.182  -1.05   1      78.64     5193.055     91.85075
       887    763.5649    118.9761     26921.29     409.3553  13.9248   0.0165     3.97    0.157  -6.06   0      110.7     7663.892     98.12402
       888    568.3616    112.8061     6537.191     391.3528  15.4615   0.0650     4.08    0.162 -35.04   3      27.09     1622.909     82.96037
       889    165.3351    116.2986     9158.911     316.6732  15.0954   0.0375     4.03    0.195   3.68   0      46.36     2816.782      85.1672
       890    565.0142    118.7230     7272.142     369.2249  15.3458   0.0551     4.03    0.232 -11.91   2       32.9     2084.511     84.01139
       891    241.8319    114.3512     2425.841     247.3396  16.5378   0.1107     5.85    0.082  31.40   0         15     844.7786     80.37457
       892    955.6534    111.1278     15211.79     372.9313  14.5445   0.0266     3.91    0.202  -9.85   0         70     4508.864      89.9513
       893    600.9346    110.7366     14879.19     346.4767  14.5686   0.0253     3.93    0.211  -5.30   0      71.59      4706.47      90.4492
       894    975.4739     97.2831     94783.57     563.6564  12.5582   0.0065     5.49    0.418  63.75   0      277.9     19325.36     121.4798
       895    637.2803    109.2169     16763.49      301.439  14.4391   0.0195     0.00    0.228  -9.01   0      96.36     8277.766     99.19023
       896    181.8481    109.7503     3548.876     295.6915  16.1248   0.0905     4.65    0.301  26.41   0      17.67     989.6644     81.20705
       897    437.4251    108.6135     4540.113     354.4644  15.8573   0.0848     5.06    0.326   3.90   0      19.74     1126.439     81.37829
       898    334.7478    108.1283     5810.469     349.1868  15.5895   0.0653     4.20    0.130   6.51   0      27.07     1571.581     82.19554
       899     85.9781    106.9956     4628.106     317.4855  15.8365   0.0745     3.81    0.036  -3.74   0      23.67      1426.21     82.00218
       900     45.3200    107.2518     5265.701     317.9417  15.6964   0.0656     3.66    0.161   5.74   0      25.14     1507.941     81.80985
       901    143.2822    106.0137     2783.919     281.7125  16.3884   0.1099     5.21    0.275  16.52   0      15.84     974.9689     80.74186
       902    539.5927    103.8046     8166.115     428.8759  15.2200   0.0570     4.44    0.224   3.16   0      30.98     1858.495     83.19165
       903     64.1225    102.8500     9067.825     319.3069  15.1062   0.0382     4.14    0.089  -6.83   0      44.31     2651.642     85.12957
       904    962.8329    101.7892     12929.89     453.6944  14.7210   0.0381     3.95    0.153   1.20   0      51.16     3279.235      87.3802
       905    861.5941    101.0708     26668.79     362.5085  13.9350   0.0148     4.88    0.129  -5.92   0        113     7742.071     97.95511
       906    718.2923    102.6630     3924.126     293.0659  16.0156   0.0811     4.94    0.293  14.74   0      19.69     1131.131     80.75626
       907    604.6347    100.4362     5594.488     416.3237  15.6306   0.0808     4.94    0.212  26.47   0      18.39     866.8649     80.65009
       908    826.8544     91.6755     345991.8     590.4645  11.1523   0.0019     3.94    0.083   1.69   0      673.7     97339.15     224.2472
       909    281.5122     99.5999     3517.812     309.8409  16.1343   0.0957     4.86    0.239  41.19   0      17.99      1046.26     80.94228
       910    173.5119    100.0016     2193.867     270.3448  16.6470   0.1338     4.18    0.385 -27.16   0       12.7     772.6075     80.17023
       911    556.5445     91.6984     164452.9      483.238  11.9599   0.0032     3.81    0.122  -5.31   0      430.6     46441.65     164.6732
       912    341.5044     94.2360     32925.41     406.3886  13.7062   0.0134     4.38    0.279  -6.10   0      127.6     8574.931     99.17895
       913    258.0250     94.8126     36107.98     370.7012  13.6060   0.0111     3.86    0.147   1.94   0      145.9     10721.37     104.8034
       914    117.6458     96.4659      4394.84     357.9854  15.8926   0.0885     5.32    0.272  21.35   0      17.87     981.3306     80.75977
       915     30.9680     93.9937     26482.16     409.1114  13.9426   0.0168     3.97    0.166  -8.89   0      110.5     7708.254     98.22672
       916    718.5385     95.5332     3284.408      302.662  16.2089   0.1001     2.84    0.031  22.82   0      16.11     1012.333     80.84696
       917    129.8027     94.2532      9555.55     411.2402  15.0494   0.0467     4.31    0.177  -8.29   0      39.93     2386.506     84.62184
       918   1005.2357     88.7968     5829.345     367.1689  15.5860   0.0684     3.92    0.185 -14.03   0      26.62     1615.398     82.93979
       919    841.6908     86.8178     8158.756     483.4326  15.2209   0.0643     4.69    0.293  21.01   0      22.04     1033.202     80.26664
       920    222.6528     87.6336     3353.198     323.2779  16.1864   0.1047     4.70    0.133  40.01   0      14.57     816.2788     80.29394
       921    675.2774     82.8633     2946.557     300.9859  16.3267   0.1109     4.78    0.141 -65.23   0      16.58     957.3041     80.47913
       922    662.4860     82.4949      3838.34     297.3604  16.0396   0.0841     4.01    0.292 -12.45   0      20.67     1250.623     81.30324
       923    924.2438     80.3684     5580.914     357.5395  15.6332   0.0696     4.11    0.054  13.26   0      26.35     1522.101     82.68374
       924    600.4604     79.1750     17082.89     584.4708  14.4186   0.0372     6.71    0.388 -42.34   0      48.64     2255.342     84.47227
       925    165.7036     79.1825     13931.35     302.1499  14.6400   0.0236     3.77    0.138  -5.17   0      67.66      4331.63       89.118
       926    945.8330     78.5359     3607.452     366.9622  16.1070   0.1105     6.02    0.516 -82.03   0      15.35     744.8035     80.09137
       927    789.4869     76.9825     36710.62     361.7011  13.5880   0.0107     3.81    0.182   0.39   0      148.8     10858.17     104.7725
       928    370.5406     79.4544     3680.745     322.1789  16.0852   0.0951     2.95    0.224 -43.40   0      16.98     1037.494     81.34079
       929    984.9761     78.1548     4230.419       297.66  15.9340   0.0764     3.72    0.105 -23.07   0      22.44     1397.736     82.34119
       930    913.1555     78.0125     6664.333     399.0266  15.4406   0.0650     4.97    0.268  19.18   0      26.98     1541.911     82.73817
       931    767.1812     77.9365     6091.451     421.7136  15.5382   0.0752     4.84    0.354 -21.56   0      22.31     1195.415     81.36001
       932    302.2872     77.8712     11365.78     385.3391  14.8610   0.0368     4.14    0.207  -6.13   2      45.88     2435.605      84.3476
       933    753.0359     72.7705     6791.313     479.2209  15.4201   0.0766     8.25    0.528 -29.76   0      19.37     999.9454     81.23582
       934    492.8460     73.2403     9201.454     387.3978  15.0904   0.0457     5.07    0.110 -54.33   0      40.03     2213.208     83.95092
       935    132.3366     70.2978     42923.55     382.7856  13.4183   0.0097     4.40    0.082  25.03   0      162.3     10791.16     104.4629
       936     29.3537     73.3991     2959.135      312.192  16.3221   0.1146     5.69    0.147  38.74   0      15.28     864.4347     80.43012
       937    886.7819     71.9703     3191.435     210.6201  16.2400   0.0717     4.75    0.167 -86.97   3      28.55     1757.836     83.32919
       938    884.5023     69.4658     6191.113     357.9271  15.5206   0.0628     3.97    0.073 -36.58   2      29.83     1759.127     82.50471
       939    510.7761     69.0088      18021.4     431.0912  14.3605   0.0260     3.87    0.151  -4.77   0      73.79      4921.75     91.36503
       940     61.4556     70.5318     2821.042     325.5505  16.3740   0.1253     4.78    0.009  17.72   0      14.55     802.9704     80.04211
       941    856.0104     68.5841     10770.96     353.6161  14.9194   0.0357     4.09    0.235   1.26   0      50.34     3139.807     86.62139
       942    193.9892     68.9903     3693.599     315.4586  16.0814   0.0928     6.95    0.575  40.47   0      17.23     968.9257     80.72485
       943    316.2020     69.0584     3221.572     323.1853  16.2298   0.1089     5.00    0.207   5.60   0      14.17     841.9855     80.57996
       944    307.9362     67.6003     4194.393     311.7164  15.9433   0.0807     4.09    0.218  12.59   0      21.75       1320.8     82.12856
       945    454.7432     66.1603     3568.672     191.8553  16.1187   0.0584     5.03    0.320 -29.15   0         50     2530.761     85.00839
       946    426.8600     65.2824     4673.409     343.4847  15.8259   0.0798     4.01    0.154 -20.12   0      22.09     1321.663     81.29071
       947    763.0103     63.4682     4304.182     365.0501  15.9153   0.0921     6.31    0.175  -0.26   0      17.04     921.1069     80.59011
       948   1018.4316     62.1339     5640.232     318.2093  15.6218   0.0613     4.13    0.108  -0.95  16      28.28       1679.2     82.70039
       949    609.9227     59.9529     20921.93     548.1249  14.1985   0.0285     4.14    0.129 -55.51   2      66.53      4355.76     89.56363
       950    597.0529     60.0341     5727.726     426.5771  15.6050   0.0809     4.91    0.179  56.38   3      21.06     1250.325     81.51325
       951    595.9288     55.7086     5060.546     346.2284  15.7395   0.0743     3.33    0.248  21.69   3      21.68     1419.633     81.77432
       952    434.9746     59.9455      4969.21     142.4114  15.7593   0.0311     0.00    0.091  62.91   0      84.73     4650.688     90.49879
       953    921.0557     58.6660     2084.625     203.1825  16.7024   0.1058     3.73    0.262 -70.99   0      15.15     954.3141     80.47069
       954    621.2157     55.9583     8005.847     344.4391  15.2415   0.0467     3.72    0.253   7.67   0      36.74     2415.177     85.10314
       955     99.3627     57.7117     2689.347     295.0301  16.4259   0.1191     5.51    0.414  44.61   0      13.91     767.6899     79.72687
       956    847.8499     55.7428     5555.753     353.9045  15.6381   0.0692     4.46    0.098 -22.79   0      24.58     1439.183     82.24709
       957    232.6380     54.5401     7832.057     357.7702  15.2653   0.0496     3.99    0.115 -13.10   0      36.24     2187.123     84.08464
       958    686.0934     53.5845       7156.1     356.1377  15.3633   0.0540     3.91    0.157  -7.17   0      33.77     2096.407     83.42863
       959    181.5927     54.1483     2950.147     292.3096  16.3254   0.1076     5.98    0.266  -9.27   0      15.88     908.2977     80.76677
       960    730.7900     53.9933     3508.478      305.651  16.1372   0.0946     4.02    0.196   0.72   0      15.13     911.4979       80.563
       961    859.7513     50.4785     16718.48     400.4491  14.4420   0.0260     4.01    0.150  -4.65   0      70.09     4422.426     89.73264
       962    813.4526     51.6655     3248.785     224.4868  16.2207   0.0750     2.99    0.052  -8.62   0      20.74     1335.668     81.75085
       963    276.3202     49.3641     31481.49     422.1689  13.7549   0.0146     4.03    0.142 -10.18   2      114.6     7701.443      97.8608
       964    370.0432     48.1994     3976.875     252.1871  16.0011   0.0689     0.00    0.445 -44.93   0      22.71     1162.755     81.69004
       965     55.2489     47.2919     10721.85     436.1714  14.9243   0.0442     4.64    0.196  10.08   0         42     2448.504     84.38235
       966    252.5546     46.9683     6773.154     326.9883  15.4230   0.0524     6.58    0.215 -30.02   0      35.47     2689.451     85.83248
       967    609.1796     45.7424     10205.46     359.2747  14.9779   0.0382     4.21    0.168  -7.03   0      49.54     3069.592     86.43697
       968    525.4559     44.4776     16389.16     342.4904  14.4636   0.0227     4.09    0.137  18.26   3      76.33     4810.034     90.70905
       969    533.0258     41.9032     33953.61     398.4387  13.6728   0.0127     4.10    0.165 -11.34   3      131.6     9055.928     100.2751
       970     43.5210     45.8806     8523.874     408.5745  15.1734   0.0521     4.71    0.196 -18.93   0       35.1     2049.808     83.09529
       971    876.2422     44.8808     4499.345      349.562  15.8671   0.0844     3.54    0.140  42.33   0      20.61     1239.627     81.06104
       972    395.7202     44.4883     2345.963     229.2565  16.5742   0.1061     5.60    0.243  39.21   0      14.84     867.1052     80.22401
       973     70.5866     42.0861      6698.93     443.8456  15.4350   0.0720     8.65    0.502 -36.81   0      23.65     1269.019     81.35465
       974    664.0067     43.5337     3752.151     320.8949  16.0643   0.0929     3.64    0.153  -1.05   0      19.15      1194.41      81.3572
       975    440.5060     43.7507     4426.192      365.126  15.8849   0.0896     4.28    0.265  -1.54   0      17.68     1079.987       80.399
       976   1006.1406   1021.9760     2423.069     240.2973  16.5391   0.1077     4.04    0.183  -2.15  16       13.9     791.9102     80.22493
       977     61.4089     40.1443      14743.5     434.3279  14.5785   0.0320     4.76    0.179   3.29   1      57.59     3571.809     87.94292
       978    222.7870     39.4376       7188.1     306.9803  15.3585   0.0464     4.57    0.142   7.39   0      36.24     2101.877     84.46575
       979    181.6290     38.3043     10438.77     394.7008  14.9534   0.0411     4.15    0.211  -6.35   0      48.42     2895.638     85.17609
       980    977.7474     35.4424     3712.095     340.3357  16.0760   0.0996     3.96    0.010  60.79   0      16.41     961.2833     80.91573
       981    343.8784     35.5136     5183.103     283.6414  15.7135   0.0594     4.77    0.341  -2.34   0      27.28      1570.14     81.98246
       982    105.0906     34.5475     8434.508     402.1732  15.1849   0.0518     4.41    0.179 -19.37   0      36.83     2125.583     83.50807
       983    436.2740     28.5619     6870.572     351.1003  15.4075   0.0555     3.81    0.166  19.35   0      31.05      1927.22     83.37919
       984    794.4921     26.8466     3262.538     283.6154  16.2161   0.0944     3.87    0.093  73.44   0       18.9     1136.606     80.77168
       985    924.9548     25.0222     3021.094     321.7133  16.2996   0.1156     5.52    0.642 -45.16   0      14.61     923.7926     81.02248
       986    191.1771   1019.4219     10034.24     446.5122  14.9963   0.0483     5.20    0.136  -5.06  24      33.39     1832.399      83.5323
       987    483.6113     18.4740     9679.072     533.0796  15.0354   0.0598     7.37    0.422   5.31   3      24.59     1234.463     81.67942
       988     16.4371     24.9984     4283.019      329.187  15.9206   0.0835     5.05    0.273  27.27   0      21.34     1226.818     81.86807
       989    961.3243     24.7824     3664.625     331.3599  16.0899   0.0982     4.26    0.134 -14.76   0      16.22     927.0264     80.81946
       990    183.1616     24.4405     4188.772     330.4231  15.9448   0.0857     3.67    0.179 -15.56   0      20.17     1242.732     81.49207
       991    380.9361     38.6059      33360.6      370.174  13.6919   0.0121     3.93    0.158  -3.65   0      135.7     9765.004     102.7085
       992     95.3234     21.6252     9491.923     300.2247  15.0566   0.0343     4.19    0.185   3.21   0      48.41     2982.372     86.20733
       993     69.3583     21.1152     5524.942     345.2926  15.6442   0.0679     4.35    0.155   3.57   0      25.45     1510.446     81.81681
       994    650.2881   1018.5056     4496.856     361.6276  15.8677   0.0873     5.49    0.254  -5.13  16      20.52     1164.637     81.06252
       995    623.8054   1015.6463     6303.013     433.8628  15.5011   0.0748     8.02    0.485 -66.56  16      19.59     831.0093     80.54899
       996    607.8573   1017.7740     3972.698     298.9022  16.0023   0.0817     4.44    0.245   6.68  16      22.29     1347.791     81.78455
       997    481.1167   1015.2492     22042.61     403.4595  14.1418   0.0199     4.01    0.188   1.14  16      95.05     6313.395     94.21863
       998    400.3742   1013.9193     42931.68     482.9151  13.4181   0.0122     9.36    0.536   0.62  16      130.6     6223.727     94.36656
       999    314.6066   1016.0605     2707.674     259.4464  16.4185   0.1041     5.10    0.365  -0.14  16         16     958.1271     80.90687
      1000    174.4521   1015.4224      4289.81     333.0792  15.9189   0.0843     3.74    0.287   0.41  16      22.23     1371.993      82.0612
      1001    641.8456   1013.9295     4121.659     367.2805  15.9623   0.0968     6.55    0.331 -27.69   0      16.65     892.2888      80.5088
      1002    144.3367   1012.0466      6457.96     338.3813  15.4748   0.0569     4.88    0.195  15.82   0      28.21     1530.592     82.29098
      1003    557.9725   1012.5254     3417.951     308.3793  16.1656   0.0980     3.79    0.188   2.99   0      17.09     1014.602     80.85334
      1004    742.8159   1009.4197     5825.167      377.538  15.5867   0.0704     4.21    0.120  -6.64   0       24.6     1472.824     82.33999
      1005    895.3528   1007.9008     2273.307     147.0721  16.6084   0.0703     1.78    0.225 -17.84   0      32.15     2103.312     83.03504
      1006    328.1817   1007.1249     2615.786     250.9574  16.4560   0.1042     4.23    0.378   8.56   0      14.97      885.007     80.48824
      1007    844.7873   1004.7090     6089.445     391.0927  15.5386   0.0697     4.64    0.085  14.11   3      26.42     1527.316     81.86366
      1008    843.8723    999.5388      7937.49     472.5548  15.2508   0.0647     8.00    0.233   3.47   3      25.92     1426.948     82.00423
      1009    660.3586   1003.4387     5547.825     390.7779  15.6397   0.0765     4.43    0.149  36.29   0      22.83     1246.019     81.50124
      1010    417.1931   1003.3345     11041.32     409.9725  14.8924   0.0403     4.82    0.184   0.88   0      47.64     2958.037     86.14315
      1011    911.8069   1000.8511     8413.844     347.1889  15.1875   0.0448     4.28    0.159   2.48   0       43.1     2738.979     85.76363
