#   1 NUMBER                 Running object number                                     
#   2 X_IMAGE                Object position along x                                    [pixel]
#   3 Y_IMAGE                Object position along y                                    [pixel]
#   4 FLUX_AUTO              Flux within a Kron-like elliptical aperture                [count]
#   5 FLUXERR_AUTO           RMS error for AUTO flux                                    [count]
#   6 MAG_AUTO               Kron-like elliptical aperture magnitude                    [mag]
#   7 MAGERR_AUTO            RMS error for AUTO magnitude                               [mag]
#   8 FWHM_IMAGE             FWHM assuming a gaussian core                              [pixel]
#   9 ELLIPTICITY            1 - B_IMAGE/A_IMAGE                                       
#  10 THETA_IMAGE            Position angle (CCW/x)                                     [deg]
#  11 FLAGS                  Extraction flags                                          
#  12 SNR_WIN                Gaussian-weighted SNR                                     
#  13 FLUX_APER              Flux vector within fixed circular aperture(s)              [count]
#  14 FLUXERR_APER           RMS error vector for aperture flux(es)                     [count]
         1    402.6706     40.6302     43907.35     361.2047  13.3937   0.0089     4.64    0.150   1.37   0      176.4     10976.63      99.2427
         2    509.1568     14.9115     5582.103      345.291  15.6330   0.0672     6.01    0.278 -35.66   3      26.77     1275.429     73.37959
         3    511.1876     25.9397     26717.18     407.3064  13.9330   0.0166     4.75    0.182  13.11   3      108.9     6180.503     87.72977
         4    505.0529     20.8680     10811.31     451.6317  14.9153   0.0454     7.59    0.429  -0.54   3      35.92     1574.764     74.66953
         5    921.5626     20.0090        11723     337.3134  14.8274   0.0312     5.43    0.200  16.47   0      55.45     2951.973     79.09775
         6     73.7465     17.3967     5267.942       325.64  15.6959   0.0671     5.29    0.232  15.81   2      26.49      1332.23     74.11309
         7    525.6296     14.8463     22171.12     381.1814  14.1355   0.0187     4.85    0.226  10.55   0      94.89     5268.638     85.49551
         8    451.3491     16.5876       6896.9     377.4584  15.4034   0.0594     4.82    0.121  11.47   0      29.98      1411.41     74.35551
         9    747.6503     14.0111     8333.968     330.8992  15.1979   0.0431     4.98    0.260   1.07   0      42.03     2196.803     76.71857
        10    715.7017      9.6271      18571.9     481.8809  14.3279   0.0282    10.07    0.432 -64.30  16       62.3     2170.139     75.73862
        11    312.0284     14.5549     9776.344     346.0629  15.0246   0.0384     5.22    0.279 -12.15   0      46.52     2334.301     77.30261
        12    145.9294     13.7963     2859.454     273.3951  16.3593   0.1038     6.74    0.282   4.09   0      15.85      660.952     71.83431
        13    992.5826      7.4622     131321.1     527.8769  12.2042   0.0044     5.24    0.506 -15.62  26      368.4     29690.71     135.4825
        14    977.1818      5.3354     19037.26     509.1075  14.3010   0.0290    14.27    0.602 -21.82  19      48.05     1073.757      73.1287
        15    877.3018     11.4920     11034.05     275.1636  14.8932   0.0271     8.86    0.293  -4.32  16      62.83     3557.436     79.96489
        16    646.1357     11.9726     2669.878     279.4472  16.4338   0.1137     5.99    0.419   6.72   0       14.8     670.9667     71.67471
        17    344.2876     11.4996      3513.82     231.8703  16.1356   0.0717     5.57    0.274  15.56   0      20.27     975.5977     72.25525
        18    796.0603      8.9961     6671.841     298.0488  15.4394   0.0485     6.99    0.387  47.23  16      31.01     1341.027     74.14007
        19    963.7709      9.2466      5596.19     350.2346  15.6303   0.0680     4.69    0.232  -1.18  16      24.95      1243.81     74.02713
        20    296.0856      9.0765      6336.28     404.3495  15.4954   0.0693     4.70    0.094 -15.51  16      20.93     940.8151     72.14576
        21    847.2031      6.4159     3525.468     254.4633  16.1320   0.0784     7.01    0.301   4.84  16      20.38      1004.44     72.91296
        22    474.6193      3.9148     95003.74     360.0977  12.5556   0.0041     4.68    0.244   0.07  24      317.7     25087.32      127.419
        23    762.5455      5.4848     3906.729     273.0101  16.0205   0.0759     6.76    0.360  10.07  16      20.58     959.6672       72.395
        24    750.0203      5.8691      3071.95      295.291  16.2815   0.1044     5.78    0.408  -0.07  16      15.75     721.7684     72.21681
        25    689.7157      4.0979     5942.294     323.9987  15.5651   0.0592     7.74    0.237 -11.53  16      27.93      1303.08     73.27808
        26    727.7982      2.6934     4595.485     258.0906  15.8442   0.0610     7.98    0.299 -17.36  24      25.62     1140.026     73.33437
        27    613.6185      1.7662     6999.703     239.5987  15.3873   0.0372     5.53    0.597   1.22  24      41.81     2427.824     76.50796
        28    824.2655    996.9059     7500.699     316.5316  15.3122   0.0458     4.80    0.264  -0.08   0      39.31     2025.813     75.66801
        29    213.3915   1021.3556     7064.128     278.1052  15.3774   0.0428     4.65    0.209 -11.23  24      40.09     2067.558     76.51436
        30    370.0658    996.8730     7089.928     402.2211  15.3734   0.0616     5.04    0.250   6.48   0      25.77     1298.108     73.63646
        31    896.1697    996.1743     3379.453     225.7369  16.1779   0.0725     4.44    0.283   1.92   0      20.38     1091.074     73.55672
        32    805.0762    996.2929     4322.626      346.448  15.9106   0.0870     6.43    0.231   2.36   0      18.57     877.0385     72.13513
        33    455.7318    992.5984     51231.07     363.9024  13.2262   0.0077     4.57    0.149  -7.31   0      198.2     12961.82     103.8216
        34    417.0267    996.5112     3958.301     307.3494  16.0062   0.0843     4.95    0.280  -5.57   0      20.68     972.1154     72.43407
        35    358.7162    993.6103      24703.4     384.4777  14.0181   0.0169    11.96    0.208 -34.20   0      106.2     5913.597     86.87769
        36    877.4304    994.1843     9491.139     334.7827  15.0567   0.0383     5.43    0.194   3.00   0      48.48     2417.584     77.54708
        37    771.4323    987.3300     326468.9     668.0524  11.2154   0.0022     8.85    0.387 -14.12   0      627.1     52515.79     169.5009
        38    724.6223    994.3144     8334.787     420.4309  15.1978   0.0548     4.91    0.267  10.26   0      28.53      1457.78     73.94221
        39     81.9497    994.4234      3025.91     259.3648  16.2979   0.0931     5.14    0.271 -10.41   0      16.99     826.2981     72.73402
        40    234.4892    989.9490     54525.43     388.6933  13.1585   0.0077     4.68    0.155   0.96   0      204.7     13251.31     104.0584
        41    509.8824    990.7408     12104.01     348.5742  14.7927   0.0313    10.82    0.398 -10.85   0      55.06     2809.075      77.9851
        42    940.0123    988.6071     30418.81     417.6663  13.7921   0.0149     5.58    0.222  -1.54   2      114.8     6397.549     88.13463
        43    544.5719    984.9016      81847.9     481.8113  12.7175   0.0064     8.57    0.305  78.83   2      228.4     8470.868     92.73783
        44    119.6032    990.5937     2718.037      256.432  16.4144   0.1025     3.67    0.149  38.84   0      16.25     820.2018      72.3364
        45    581.9072    987.5888     14117.83     314.7723  14.6256   0.0242     5.75    0.222  -8.02   0      69.91     3646.843     80.73036
        46    389.8151    989.0977     4510.205     328.2624  15.8645   0.0790     4.00    0.148 -14.07   0      22.76     1178.365     73.07834
        47    204.5112    990.0327     3709.245     310.4991  16.0768   0.0909     5.15    0.271  -3.27   0      16.49     798.8602      71.8884
        48    398.7432    987.4259     5910.703     334.4022  15.5709   0.0614     5.12    0.260  -9.85   0      26.83      1309.99     73.85923
        49    284.3228    987.2742     7573.759     420.8357  15.3017   0.0603     5.35    0.084 -42.44   0      29.53     1335.833     73.37959
        50    153.7751    986.7734     9266.201     271.1801  15.0827   0.0318     4.93    0.216 -12.33   0      49.06       2526.6     77.86593
        51    214.7267    984.5571     5299.357     404.6153  15.6894   0.0829     7.79    0.481  -9.72   0      18.32     767.7358     72.17136
        52     30.7771    984.7130     4595.127     364.9544  15.8443   0.0863     6.15    0.372 -14.59   0      18.03     614.2545     71.30238
        53    250.8961    981.7197     11271.63     413.8032  14.8700   0.0399     4.74    0.235   0.84   0      48.83     2494.286     77.06224
        54     55.1014    982.2196     2978.636     299.8332  16.3150   0.1093     5.35    0.473  12.69   0      14.47     619.3088     71.12574
        55    622.1083    986.2806     7116.443     306.3331  15.3693   0.0467     4.82    0.204 -11.00   0      36.74     1828.152     75.25462
        56    647.2565    983.4531      40290.5     353.1379  13.4870   0.0095     4.57    0.157  -3.86   0      165.9     10421.31     98.24259
        57    879.2720    977.3750     8480.079     466.1824  15.1790   0.0597    12.31    0.582  26.44   1       25.2      577.919     71.57112
        58    486.0894    978.7763     2452.199     238.1455  16.5261   0.1055     5.64    0.426   6.72   0      14.87      710.168     71.60745
        59    862.7643    974.6509     32965.29     416.5854  13.7049   0.0137     4.68    0.221  -3.32   3      128.3     7167.845      89.9466
        60    868.4385    966.0490     160790.3     460.8974  11.9844   0.0031     4.60    0.138   3.40   3      432.7     40136.19     151.9982
        61    286.3088    976.2250      8274.49     421.2139  15.2056   0.0553     5.24    0.083 -13.63   0      30.59     1351.004     73.42656
        62    265.8636    975.4226     12876.82     494.6933  14.7255   0.0417     5.40    0.245   4.73   0      38.71     1876.682      75.7643
        63    187.2985    975.0779     11054.24     273.9303  14.8912   0.0269     4.71    0.173  -4.39   0      58.92     3073.399     78.57714
        64    310.7265    974.5319      4884.73     365.1347  15.7779   0.0812     4.32    0.194  -5.62   0      18.86     893.9177     72.37821
        65     92.6538    971.8920     11411.93     379.2634  14.8566   0.0361     5.94    0.163  24.10   0      46.93     2212.223     76.22585
        66    970.9977    972.3521     3780.602     139.8747  16.0561   0.0402     0.95    0.165 -89.41   0      61.86      3894.49     81.42456
        67    949.7978    970.5789     4465.762      309.947  15.8753   0.0754     6.99    0.229  -8.20   0      23.77     1096.828     73.20036
        68    841.5214    971.5077     8420.453      522.396  15.1867   0.0674    11.20    0.389  75.38   2      30.21     1084.142     72.97308
        69    379.2708    970.8640     2906.297      140.904  16.3417   0.0527     2.56    0.359 -29.38   0      55.98     2418.925     77.01812
        70   1009.9202    981.7530      46682.1     427.2281  13.3271   0.0099     5.49    0.095  31.84  16      162.8     7849.686     91.50335
        71    817.6219    967.8146     4313.122     303.1161  15.9130   0.0763     5.35    0.296  10.96   3      21.73      1055.16     73.25851
        72    812.2778    962.5434     8563.385     372.9797  15.1684   0.0473     4.67    0.222   2.29   2      40.31     2045.938     75.90949
        73    448.6629    965.9438     20918.79     354.2749  14.1987   0.0184     5.34    0.203  16.75   0      92.07     4770.379      83.9973
        74    422.5771    967.7463     3668.329     253.2393  16.0888   0.0750     6.05    0.273   4.33   0      20.79     976.6901     73.01467
        75    249.5384    968.0115     2663.062     268.1604  16.4365   0.1094     4.71    0.271   0.35   0      14.45     745.1437     72.10019
        76    151.8738    964.8922     4248.409     218.9066  15.9294   0.0560     6.02    0.292  -4.64   0      26.26     1326.126     73.53644
        77     84.2414    963.3922     16325.85     346.3971  14.4678   0.0230     4.71    0.205  -9.33   0      75.72     4031.041     82.13976
        78    788.3130    963.9487     3898.004     308.4196  16.0229   0.0859     6.12    0.471   4.46   0       17.1      846.412     72.03857
        79    403.1038    962.9044     3754.061     312.7345  16.0637   0.0905     6.56    0.119  14.28   0      19.56     910.6167     72.43063
        80    833.0198    960.2090     4012.613     223.3207  15.9914   0.0604     4.18    0.049 -15.33   0      25.29     1331.933     73.92672
        81   1022.8615    952.8633     6655.785     281.4536  15.4420   0.0459     4.08    0.311  87.34  26      31.31     1860.125     75.53308
        82    675.0005    958.7606     5529.606     306.2762  15.6433   0.0602     5.18    0.301   2.48   0      29.11     1488.241      74.7738
        83    329.8635    958.4731     7708.132      368.754  15.2826   0.0520     4.91    0.179  -1.36   0      34.84     1752.049     75.20719
        84    935.1606    956.6428     14243.35     362.4909  14.6160   0.0276     4.56    0.177  -9.60   0      68.02     3637.503     80.70406
        85    550.3233    958.1940     4543.654     353.4565  15.8565   0.0845     6.19    0.524  -8.27   0      19.26     858.9959     72.45818
        86    113.1873    958.9420     2318.796     229.2035  16.5868   0.1073     5.95    0.429   7.48   0      14.97     754.7183     72.32043
        87    694.1483    957.0842      5570.39     285.4266  15.6353   0.0556     4.87    0.269  -1.62   0       30.5     1528.976     74.16072
        88    126.0587    958.0151     2581.318     235.3703  16.4704   0.0990     6.16    0.416  -0.87   0      17.08     817.7759     72.51833
        89    980.8082    955.6934     7954.043     468.1304  15.2485   0.0639     5.77    0.348  -6.21   0      23.98     1076.749       73.138
        90    474.3681    955.3359      7756.44     424.1831  15.2758   0.0594     4.97    0.171  -4.88   0      30.37      1451.22     74.29253
        91    282.8180    956.0725     6308.571      141.519  15.5002   0.0244     0.00    0.247 -24.37   0      94.67     5413.345     85.71933
        92    866.8990    950.5917      9590.31     485.4659  15.0454   0.0550    10.37    0.454   6.73   0      32.73      1480.66     74.38255
        93    609.9969    940.1011     761433.2     737.8865  10.2959   0.0011     4.94    0.112  -4.81   0       1050     187998.9     300.5225
        94    484.3636    949.7538     12765.53      511.023  14.7349   0.0435     5.40    0.261  13.71   2      37.13     1853.619      75.5135
        95    981.4689    950.4963     5813.011     398.9263  15.5890   0.0745     6.56    0.326   0.10   1      20.53     765.3934     71.78251
        96    779.4686    949.6617     5964.292     357.2624  15.5611   0.0651     4.80    0.266   2.08   0      27.93     1360.032     74.01305
        97    586.4615    948.0746     13091.31     436.5697  14.7075   0.0362     4.84    0.220  -4.08   0      50.05     2546.939     77.57213
        98    960.7188    947.0745      10723.9     333.5671  14.9241   0.0338     9.94    0.271 -23.33   0      53.38     2590.116     77.16666
        99    320.3828    945.3482     50306.23     432.3388  13.2459   0.0093     4.63    0.156  -4.24   0      185.6     11617.91     100.8368
       100    733.6815    945.7369     10269.78     269.4847  14.9711   0.0285     4.73    0.197   2.92   0      54.12     2804.593     77.97203
       101    877.5406    945.2860      5048.62     360.5078  15.7421   0.0775     6.41    0.294   1.24   0      22.42     1045.043     72.66253
       102    845.8854    943.3465     12253.76     342.7151  14.7793   0.0304     5.19    0.257   0.97   0      54.55     2731.632     77.75908
       103    764.0024    945.7745     2584.586     242.5545  16.4690   0.1019     5.68    0.413   0.14   0      15.77     799.2399     72.46021
       104    701.0518    942.2182     43335.83     379.3904  13.4079   0.0095     4.50    0.164   1.13   2      167.7        10696     98.73708
       105    653.5086    941.5269     20956.03     370.4004  14.1967   0.0192     4.51    0.163  -6.37   2      93.09     5061.876     84.29517
       106    655.0308    934.6322     5203.262     274.0873  15.7093   0.0572     4.83    0.249 -21.58   3      28.62     1484.274     74.76174
       107    675.5585    940.7607     15233.71     323.1001  14.5430   0.0230     4.62    0.203  -4.54   0      73.67     3934.432     81.53596
       108    744.9642    941.7508     2423.896     227.8061  16.5387   0.1021     5.60    0.454  -5.09   0      15.11      797.272     72.26432
       109    165.6136    939.8488     6901.887     339.1474  15.4026   0.0534     4.83    0.207 -15.66   0      33.16     1653.563     75.27461
       110    923.6086    939.1249     11596.38     320.5313  14.8392   0.0300     5.13    0.251  -7.07   0      56.53     2973.786      78.8128
       111    433.1784    941.1177      2992.65     283.3667  16.3099   0.1028     4.27    0.370   8.74   0      15.76     763.7249     71.96824
       112    144.3255    937.9683     9461.365     440.9471  15.0601   0.0506     9.68    0.401  35.73   2      33.13     1511.498     74.47671
       113    149.2662    934.9808     4612.525     315.5406  15.8402   0.0743     5.37    0.250  -6.56   3      25.74     1240.107     73.83006
       114    780.8914    936.9853     12964.92     394.3717  14.7181   0.0330     5.78    0.263   4.34   0      55.82     2639.322     77.48881
       115    998.8104    936.2982     8621.424     304.0803  15.1611   0.0383     4.70    0.253  -1.34   0      48.65     2650.157     77.87395
       116    638.9357    934.9954     3070.943     268.5059  16.2818   0.0950     6.14    0.419  -1.88   0      18.21     917.5217     72.83026
       117    383.9623    933.3208     5056.571     309.2722  15.7404   0.0664     5.28    0.290   1.70   0      26.23     1283.523     73.77774
       118     49.3589    933.3552     8162.409     309.3351  15.2205   0.0412     4.64    0.214  -2.79   0      43.55     2219.719     76.42802
       119    799.2831    932.4849     8697.467     457.3707  15.1515   0.0571     5.16    0.165  -3.86   3      32.82     1568.073     74.46502
       120    797.9102    926.8500     8956.975     399.8561  15.1196   0.0485     8.14    0.230 -45.71   3      34.45     2405.302     76.79937
       121    868.9561    930.5552     11371.49     393.4524  14.8605   0.0376     5.16    0.178   1.15   0      49.09     2363.596     77.03309
       122    458.4063    931.4703     3071.903     301.0461  16.2815   0.1064     6.52    0.347  -3.70   0      17.52     850.9744     72.43301
       123    350.7690    927.2274     70000.91     393.2999  12.8872   0.0061     4.60    0.136  -2.00   0      246.1     17413.33     113.2687
       124    912.3300    928.9506     9132.527     262.0555  15.0985   0.0312     4.88    0.225   8.37   0      47.87     2483.909     77.38725
       125    953.1829    928.8577     3963.033     282.9335  16.0049   0.0775     4.01    0.153 -14.53   0      24.39     1325.011     74.09096
       126    887.2667    925.0827     7383.239     351.3924  15.3294   0.0517     5.66    0.334 -11.19   0      34.18     1662.475     74.56872
       127    692.5648    933.1646     5292.862     352.9669  15.6908   0.0724     6.09    0.301  15.49   0      23.81      1116.44     73.63505
       128     96.2507    922.8167     9426.128     506.1567  15.0642   0.0583     4.43    0.285 -27.11   0         31     1056.101     73.26144
       129    637.8112    920.1713     8417.539      208.896  15.1870   0.0270     7.38    0.214  71.29   0      70.78     5054.656     84.76298
       130    336.3914    919.6157     7244.976      252.382  15.3499   0.0378     8.97    0.243 -21.90   0      41.78     1960.526     75.83458
       131    252.1405    918.7249     4832.447     293.1514  15.7896   0.0659     4.79    0.142 -21.45   0      27.22     1364.443     73.84091
       132     48.5078    908.2885     619184.6     711.2675  10.5204   0.0012     4.73    0.274 -12.42   0      925.5     136022.6     258.1874
       133    201.0945    913.5851     25974.94      392.291  13.9636   0.0164     5.44    0.082 -62.54   0      107.2      5797.78     86.25647
       134    306.8713    914.6367     17553.28      323.669  14.3891   0.0200     4.67    0.244  -4.41   2      67.13     3480.678     80.26122
       135    100.1743    910.9514     29116.81      374.459  13.8396   0.0140     4.76    0.195   6.85   2      116.6      6635.22     89.05424
       136    188.2460    914.5035      4007.07      297.167  15.9929   0.0805     5.42    0.312   1.28   0      22.67      1081.99     72.58913
       137    593.5702    911.7092     8547.511       197.21  15.1704   0.0251     4.74    0.465  81.00   3      68.87     4682.111     82.93457
       138    594.0852    901.9707     32177.76     416.9794  13.7311   0.0141     5.26    0.265 -13.25   2      120.7     6360.508     87.88299
       139    489.1859    913.3338     3617.218     294.5474  16.1041   0.0884     4.15    0.271  -3.08   0      19.65     1041.526     73.02847
       140    444.7088    912.8454      6177.83     360.2675  15.5229   0.0633     8.34    0.371  -7.00   0      27.93     1115.899     72.88381
       141    405.3824    912.1111     9696.898     521.6368  15.0334   0.0584     8.95    0.185 -46.48   2      26.45     956.4791     72.57439
       142    169.8305    913.6085     2941.924     234.2578  16.3284   0.0865     4.67    0.236 -15.10   0      17.54     881.6583      72.9068
       143      6.4134    912.2351      8961.36     356.2857  15.1191   0.0432     6.43    0.276  20.09  16         38      1666.55     75.49587
       144    138.9850    909.8145     12145.68     405.0678  14.7889   0.0362     4.80    0.192  -8.01   0      49.55     2531.433     77.52669
       145    845.7681    910.2899     13931.19     192.9262  14.6400   0.0150     1.04    0.114 -52.19   0      129.1     12791.29     102.9154
       146    968.8046    908.6753     5954.378     249.8472  15.5629   0.0456     4.75    0.212 -15.79   0      34.06     1759.058     75.22837
       147    276.9015    906.8179     54339.41     381.4534  13.1622   0.0076     4.83    0.211 -14.68   0      202.8     12978.21     103.4602
       148    836.7177    906.4619     5902.246     415.8255  15.5725   0.0765     5.28    0.201   1.34   2      27.54     774.6089     71.81168
       149    743.3177    908.7120     2203.131     246.4113  16.6424   0.1215     5.17    0.216  40.30   0      13.47     617.9338     71.50636
       150    436.0514    907.9614     9751.382     471.1924  15.0273   0.0525     4.80    0.223  -4.87   0      28.39     1406.534     74.34061
       151    950.0599    906.7365     4531.698     296.4123  15.8593   0.0710     4.82    0.190 -59.54   0      23.51     1130.877     73.30601
       152    920.5251    906.1346     3873.623     318.2597  16.0297   0.0892     6.27    0.342   1.92   0      19.34     955.3728     72.57093
       153    354.4321    903.4962     6522.082     297.9345  15.4640   0.0496     9.56    0.380 -48.25   0      24.83     920.7223     71.89173
       154    992.9926    902.2665     3420.385     233.2547  16.1648   0.0741     1.31    0.183 -23.35   0      21.89     1283.628     73.77807
       155    120.0839    900.2304     15606.05     342.9352  14.5168   0.0239     4.76    0.191  -4.69   0      73.81     3958.391     81.43432
       156    886.3237    894.6948     99065.41     421.3141  12.5102   0.0046     4.56    0.127 -13.56   0      315.6     24679.53     126.6896
       157    909.8403    897.8101     6999.378     307.3649  15.3874   0.0477     8.91    0.170  17.51   0      36.32     1866.491     76.09539
       158    509.6604    899.4526     4250.008     352.2948  15.9290   0.0900     5.79    0.282 -31.83   0      16.71     722.9504      72.0302
       159    650.8224    892.1182      61260.9     411.3939  13.0320   0.0073     7.76    0.126 -17.02   3      219.1     14881.77     107.8155
       160    649.3288    881.5054     24495.43     406.9091  14.0273   0.0180     4.60    0.101   5.42   3        104     5656.874      85.7244
       161    537.4036    895.4319     20460.21     425.3245  14.2227   0.0226     5.24    0.208 -24.20   0      83.25     4294.239      82.8648
       162    436.2066    895.5106     31220.33     477.8586  13.7639   0.0166     4.65    0.192  -5.98   0      117.4     6629.498     88.73074
       163   1016.9297    896.8239     6797.566     303.8457  15.4191   0.0485     5.22    0.300  -0.29  16      34.21     1707.941     75.25642
       164    352.5820    896.8730     4330.739      165.425  15.9086   0.0415     2.19    0.453 -63.43   0      47.87     3762.907     81.22564
       165    928.6732    892.6616     61489.89     405.6405  13.0280   0.0072     4.83    0.284 -23.75   0      215.4     13874.97     105.6718
       166    504.8567    894.4476     4912.097     345.8435  15.7718   0.0765     5.07    0.263   1.16   0       22.2     1130.069     73.49054
       167    220.9300    892.9982     4268.784     319.6173  15.9242   0.0813     5.22    0.357 -11.57   0      22.23     1158.554     73.39176
       168    139.7718    892.4044     10119.47     361.7982  14.9871   0.0388     7.70    0.397 -26.53   2      43.93     2177.978     76.84164
       169    138.2665    889.3057     3123.534     167.8973  16.2634   0.0584     0.00    0.241 -50.73   3      41.16     2154.987       76.055
       170    109.4758    891.6339     5684.499     346.3507  15.6133   0.0662     4.62    0.148  -7.78   0      28.31     1343.662     73.96277
       171     27.7244    892.2362     6117.471     345.6432  15.5336   0.0614     5.92    0.307 -21.19   2      28.97     1347.104     73.97334
       172    744.2129    891.0937     3640.317     201.9398  16.0972   0.0602     4.61    0.256   5.75   0      22.81     1266.198     73.53791
       173    718.1973    891.0336     7157.271     376.7051  15.3631   0.0572     5.07    0.299   9.62   0      32.12     1692.568     75.39229
       174    415.4511    885.1455     83459.22     403.5609  12.6963   0.0053     4.53    0.137  -2.90   0        282     21247.89     120.7178
       175    336.0280    888.5592     5509.445     230.8639  15.6472   0.0455     4.85    0.215 -12.67   0       32.6     1704.816      75.4292
       176     95.8756    887.7525     4031.547     352.1538  15.9863   0.0949     6.93    0.512  35.72   1       17.1     738.6691     71.88907
       177    804.7883    885.4434     19988.55     419.3825  14.2480   0.0228     4.66    0.175  -1.99   0      83.16     4501.592     83.43156
       178    868.6197    887.9410     24409.98     344.7619  14.0311   0.0153    10.98    0.113   9.23   0      110.6      5661.12     86.21468
       179    575.7488    887.7017      3388.72     248.8851  16.1749   0.0798     4.40    0.324  11.44   0      21.28     1088.826     72.61052
       180    477.8210    885.7894     17139.74     620.7355  14.4150   0.0393     8.97    0.445 -28.50   0      38.32     1451.009     74.47645
       181    362.6613    885.9120      6225.54     237.4221  15.5146   0.0414     4.81    0.284  -3.29   0         36     1893.135     75.26845
       182     84.2733    883.6727     22965.96     431.4607  14.0973   0.0204     7.08    0.402  -2.16   0      84.48     4047.237      81.6819
       183     17.3143    885.9437     6671.644     434.0063  15.4394   0.0706     5.15    0.207 -18.81   2      24.44     923.9611     72.28281
       184    346.8647    884.7923     7089.107     307.4312  15.3735   0.0471     5.03    0.209  -9.23   0      35.28     1714.885      75.0948
       185    107.1945    884.6971     5151.221     350.9251  15.7202   0.0740     4.74    0.199  -7.04   0      22.27     1090.552     73.18088
       186    694.7074    883.2739     5014.365     225.8625  15.7495   0.0489     4.96    0.274  -4.07   0      29.23     1465.688     73.96651
       187    257.4408    880.6414     12196.42      585.293  14.7844   0.0521     9.73    0.458  37.02   1      29.39     913.3229     72.62839
       188    268.2812    881.5057     5444.134     373.8385  15.6602   0.0746     5.63    0.411  -0.08   0      23.37      1093.73     73.00294
       189    161.9976    880.8215     3490.771     126.4958  16.1427   0.0394     0.99    0.099 -85.84   0      63.81     3543.372     80.43855
       190    542.4188    876.4163     17750.03     384.8304  14.3770   0.0235     4.58    0.205   2.49   0      78.92     4328.616     82.79338
       191    785.1028    875.1419     5081.485     344.9613  15.7350   0.0737     4.28    0.107  -1.57   0      24.58     1238.054     73.26373
       192    203.5133    872.4865     42204.76     440.7004  13.4366   0.0113     5.28    0.255  -6.77   3      152.8     8400.566     93.00924
       193    193.6566    864.7466     229322.1     507.9288  11.5989   0.0024     4.62    0.141  -4.22   3      536.3     55494.17     173.6067
       194    626.4736    873.2768     6926.806     353.0466  15.3987   0.0554     4.84    0.102 -22.20   0      30.87     1452.989     73.92748
       195    261.7119    867.6728     111400.2     463.3431  12.3828   0.0045     4.72    0.096  19.12   0      333.7     25430.23     127.9219
       196    846.2886    873.7284     2365.105     254.7755  16.5654   0.1170     5.26    0.148 -13.79   0      14.81     783.9119     71.84113
       197    712.4290    873.0816     2523.467     197.2288  16.4950   0.0849     5.23    0.349   8.07   0      18.73     1160.879     73.39896
       198    664.4146    869.1237     25373.39     356.1588  13.9891   0.0152     4.66    0.181  -2.48   0      113.8     6615.973     88.85073
       199    553.6221    870.4728     3330.461     327.4446  16.1937   0.1068     6.84    0.416  24.79   0      16.62     745.2361     72.29063
       200    997.7672    866.9566     25823.48     506.0608  13.9700   0.0213     7.86    0.371  -5.73   0      85.49     3768.375     81.40974
       201    984.5035    869.7314     7092.199     413.9958  15.3730   0.0634     5.53    0.287  12.35   3      24.69     1162.948     73.03037
       202    979.9606    863.3678     10781.56     530.5858  14.9183   0.0534     9.76    0.442  67.47   2      32.62     1065.985     73.29209
       203    282.0379    866.3115     74443.44     420.2497  12.8204   0.0061     4.60    0.152  -4.89   2      256.6     18005.17     113.9692
       204    123.5994    865.9122     11959.69     424.0078  14.8057   0.0385     4.81    0.162  -2.66   0       49.3     2568.893     77.63642
       205     63.6296    864.8276     22568.69     339.5264  14.1162   0.0163     4.64    0.154  -7.41   0      103.1     5762.233     86.79772
       206    605.2841    866.2142     4474.926     355.3492  15.8730   0.0862     6.22    0.230 -13.49   0      18.72     815.9673     72.32309
       207    889.2971    863.7783     5557.652     347.2572  15.6378   0.0679     5.39    0.308  -7.17   0      24.64     1207.984     72.98254
       208    712.7709    863.0787     4273.607      314.206  15.9230   0.0798     5.12    0.311 -12.46   0      20.98     1023.073     72.97102
       209    564.6837    862.9174     4322.053      286.834  15.9108   0.0721     4.75    0.214  -7.85   0      24.87     1285.949     73.59892
       210     79.3573    861.7725     6305.188     287.2086  15.5008   0.0495     8.92    0.219 -58.98   0      32.68     1655.994     75.28195
       211    960.8273    862.7512     1916.378     178.2112  16.7938   0.1010     5.86    0.534   0.98   0      13.68      707.972     72.36334
       212    939.6019    861.4807     8832.994     304.2384  15.1347   0.0374     4.66    0.248  -3.51   0      46.85     2498.004     77.60572
       213    897.4635    859.4165     14877.96     394.6039  14.5686   0.0288     4.70    0.224  -3.16   3      64.23     3377.914     79.96969
       214    906.7302    858.3652     7080.639     305.1841  15.3748   0.0468     4.89    0.290  -2.23   3      37.23     1940.208     75.77367
       215    743.7960    860.4952      8509.74      284.157  15.1752   0.0363     4.96    0.248   0.38   0      43.81     2193.285     76.52897
       216    428.3163    860.2479     9236.034     269.8861  15.0863   0.0317     4.62    0.209  -4.62   0      49.49     2578.713     77.31084
       217    101.0021    860.6967     7532.905     385.9294  15.3076   0.0556     5.48    0.202   7.28   0       32.7     1562.745     74.63293
       218    267.1369    854.0340     8636.427     376.6865  15.1592   0.0474     4.82    0.181   6.22   0       40.2     2013.847     75.99422
       219      3.9757    852.6476     28764.71     338.6186  13.8528   0.0128     7.96    0.223  45.95  24      115.6     4855.979     84.39142
       220    584.8191    851.3111     38710.09     397.0161  13.5304   0.0111     4.62    0.175   5.81   0      153.8     9227.271     94.86326
       221    887.0292    851.4915     12136.44     430.5278  14.7898   0.0385     5.14    0.225  -3.43   2      43.97     1810.086     74.65037
       222    674.0635    848.2410     123169.5     448.1263  12.2737   0.0040     4.49    0.222 -14.74   3      363.3     30960.47     137.5961
       223    678.1741    839.8996     25887.96     581.2132  13.9673   0.0244     9.87    0.495 -10.41   3      71.38     3153.106     78.63295
       224    202.2197    847.9565      14859.8     543.8109  14.5700   0.0397     7.41    0.219  71.97   2      41.19     1887.225     75.97682
       225    484.4725    849.7601     4655.412      240.239  15.8301   0.0560     4.97    0.226  -6.35   0      26.06     1252.889     73.68331
       226    433.2677    850.1459     5264.212      246.449  15.6967   0.0508     7.81    0.246 -15.88   0      32.54     1619.211     74.62094
       227    720.8000    846.5529     4637.937     228.5073  15.8342   0.0535     5.13    0.157 -38.72   0      26.57     1266.854     73.72637
       228    179.4739    847.6959      3286.48     252.8963  16.2082   0.0836     4.65    0.366 -10.10   0      20.65     1087.122     72.60519
       229   1003.2139    843.4053     15563.85     387.0999  14.5197   0.0270     4.69    0.187  -3.48   0      69.39      3668.12     80.79024
       230    926.9182    845.2385     4889.797     196.4739  15.7768   0.0436     0.00    0.454  -9.85   0      38.92     2475.851     77.18592
       231    366.1134    845.4908     3016.458      240.117  16.3013   0.0864     6.87    0.333  16.99   0      19.52     953.0316      72.5636
       232    511.4094    840.7301     15702.88     355.7693  14.5101   0.0246    10.96    0.546   8.37   0      57.93      2067.04     76.15313
       233    280.8909    840.3104     20205.13     333.8536  14.2363   0.0179     4.75    0.221  -9.16   0      91.64     4943.002     84.13738
       234    153.0793    840.7281     5178.552     319.1902  15.7145   0.0669     6.62    0.101 -29.28   0      27.03     1142.884     72.96791
       235    776.1191    839.4354     7443.291     389.4181  15.3206   0.0568     5.09    0.225   2.21   0      31.63     1528.979     74.53004
       236    873.0864    834.3560     56524.67     397.7045  13.1194   0.0076     5.07    0.046  11.21   0        207     13463.01     104.5197
       237    621.3702    837.7243      10292.2      372.192  14.9687   0.0393     4.65    0.225  -0.82   0      47.91     2470.632     77.34824
       238    917.4545    835.7679     13611.29      291.759  14.6653   0.0233     0.00    0.307  -2.97   0      73.22     4242.603     82.39048
       239    762.3055    834.9857     16391.91     401.5037  14.4634   0.0266     4.90    0.201   2.15   0      72.16     3742.684     80.66005
       240    218.5329    836.6354     6972.244     337.1648  15.3916   0.0525     4.89    0.215  -6.37   0      35.47     1728.425     75.13577
       241    127.8535    835.0600     11506.71     412.2707  14.8476   0.0389     4.93    0.193  -9.41   0      46.92     2314.538     77.06656
       242     49.1865    836.3065     4002.457     276.8344  15.9942   0.0751     5.36    0.148   2.35   0       21.9     1034.288     72.62888
       243    742.9641    833.5996     16231.87     384.8257  14.4741   0.0257     5.17    0.057  -5.77   0       72.1     3816.923     81.54516
       244    641.3109    834.8145     4607.436     292.9769  15.8414   0.0691     5.02    0.289  -2.98   0      27.59     1402.487     73.77206
       245    996.3550    833.8078     6254.082     390.4852  15.5096   0.0678     5.13    0.325  -2.55   3      26.59     1346.507     74.34176
       246   1000.5924    828.6362      13949.5      438.584  14.6386   0.0341     6.81    0.270   8.77   3       50.6     2463.314     77.68098
       247    409.6264    834.0700     2942.393     291.6824  16.3282   0.1077     6.87    0.443   5.74   0      16.31     733.6329      72.0639
       248    470.1180    829.0722     21870.62     337.0283  14.1503   0.0167     4.50    0.211 -11.45   2      98.24     5618.689     85.78329
       249    117.7025    833.6308     4455.013      345.543  15.8779   0.0842     5.53    0.319   6.37   0      20.84     933.6483     71.93259
       250    496.4358    832.1068     3589.215     237.7892  16.1125   0.0719     4.66    0.223  15.71   0      19.57     926.7825     71.91089
       251     70.9313    830.9418     6905.365     449.6618  15.4020   0.0707     8.57    0.186  41.68   0      22.23     866.0518     72.48031
       252    631.6169    831.8672     3289.964     295.4587  16.2070   0.0975     4.12    0.285  13.94   0      15.24     807.2918     72.48547
       253    359.8588    826.4519     15664.64     444.1328  14.5127   0.0308    11.08    0.466 -76.97   0       53.8     1868.914     75.74099
       254     32.2682    829.5472     14679.22      329.029  14.5832   0.0243     4.85    0.216 -18.39   2      62.52     3206.823     79.48196
       255    576.9956    829.4780     7892.607     388.7985  15.2569   0.0535     4.73    0.226  -8.82   0      34.86     1789.765     75.32108
       256    385.6611    829.7817     8706.814     299.5965  15.1504   0.0374     4.59    0.235   2.27   0      46.73     2487.757     77.39854
       257    805.2838    828.0934     3883.825     303.9253  16.0269   0.0850     6.33    0.279   1.08   0      20.25     981.9846     72.65422
       258    602.0259    825.6006     12855.87       435.66  14.7272   0.0368     4.67    0.233  -4.02   0      49.49     2673.609     78.29384
       259    506.0245    826.1802     8936.736     273.4258  15.1221   0.0332     5.13    0.226 -28.44   0         45     2211.493      76.9407
       260   1007.0106    828.1605     8424.399     339.1557  15.1862   0.0437     5.42    0.257  -0.28   3      41.85     2085.275     76.74605
       261    850.9263    851.0029     3773.815     275.4032  16.0580   0.0793     4.27    0.150  -5.25   0      19.91     1035.689     73.01029
       262    274.4387    824.9209     5779.815     337.3789  15.5952   0.0634     4.96    0.226   3.29   0      29.49     1461.192     74.32304
       263    868.9911    821.7557     16387.86     396.3394  14.4637   0.0263     4.65    0.204   6.22   0      71.54     3959.008     81.94021
       264    649.4742    824.9948     2727.767     264.3487  16.4105   0.1052     5.48    0.258  -4.85   0      15.98     809.2318      72.1118
       265    676.9271    821.6517     16651.99     379.6885  14.4463   0.0248     4.63    0.182  -2.18   2      67.32     3605.902     80.44455
       266    158.5118    823.0942     7503.668     317.6161  15.3118   0.0460     5.47    0.355  -8.67   0      36.27     1851.421     75.32486
       267    842.1641    822.0084     3361.348     216.4036  16.1837   0.0699     4.29    0.133   3.93   0      21.79     1148.996     73.73547
       268    589.9843    820.0806     15572.35     363.3232  14.5191   0.0253     4.83    0.190 -11.22   0      71.19     3784.635     81.11735
       269    615.6730    816.9927     8703.104     475.0413  15.1508   0.0593     7.29    0.255 -29.52   0      26.65     1167.631     73.41987
       270    105.9150    817.3348     6074.755     163.6624  15.5412   0.0293     5.62    0.366 -76.06   0      87.16     4914.585     83.89712
       271     88.5757    819.4551     4206.639      296.163  15.9402   0.0765     5.72    0.336   7.96   0      23.65     1114.862     73.25634
       272    478.6481    817.7047      2903.99     241.4363  16.3425   0.0903     6.39    0.338 -19.34   0      17.29     849.4554     71.85738
       273     74.5001    816.4830     9757.309     451.8611  15.0267   0.0503     5.16    0.257   3.50   0      32.83     1595.633     74.17988
       274    265.6593    813.8201     31973.37     384.3118  13.7380   0.0131     4.72    0.164   0.04   0      133.2     7574.427     91.11892
       275    558.9805    808.8279     114536.9     446.8097  12.3526   0.0042    12.10    0.206 -14.17   0      347.3     28925.81     134.3977
       276      6.9034    810.3915     92848.09      397.751  12.5806   0.0047     4.58    0.143  -4.75  24      302.9     22943.36     123.6468
       277   1012.5605    811.6336     11426.64     335.0714  14.8552   0.0318     4.81    0.210  -1.31  16      56.24     2886.095     78.73406
       278     27.3361    812.3971     8107.115     322.3351  15.2278   0.0432     4.44    0.214   4.61   0      42.47     2220.555      76.7889
       279    990.5453    812.7960     4329.268     370.3907  15.9090   0.0929     5.48    0.403   1.88   0      17.96     888.9315     72.74099
       280    828.2209    809.7831        12838     358.7501  14.7288   0.0303     4.73    0.216  -4.26   0      60.16     3151.124     79.66792
       281     46.4449    810.1550     3354.776     290.8259  16.1858   0.0941     5.05    0.162 -15.37   0      16.69     800.1877     72.27349
       282    668.5347    808.1917      8500.65     396.1463  15.1764   0.0506     5.47    0.165  -3.19   0      37.52     1834.768     75.45675
       283    616.4056    807.1396     4932.257     316.8558  15.7674   0.0698     4.28    0.171  -7.52   0      28.34     1471.757     74.53973
       284    930.5446    806.9665     2632.001     264.2663  16.4493   0.1090     4.26    0.259   1.16   0      15.98     821.9565     72.15189
       285    634.4652    800.9317     8372.188     346.1325  15.1929   0.0449     4.74    0.214 -11.76   0      42.26     2201.626      76.3742
       286    433.9604    799.8900      12736.4     293.4254  14.7374   0.0250     4.51    0.191  -2.70   0      65.25     3500.182     79.97384
       287    186.4879    800.0065     5469.337     352.1071  15.6552   0.0699     5.37    0.191  -5.42   0      26.84     1285.266     73.78311
       288     86.6197    798.9865      4286.42     228.1574  15.9198   0.0578     4.89    0.165   1.31   0      24.94     1274.737     73.93658
       289     48.1782    797.8172     8701.163     384.8373  15.1511   0.0480     5.22    0.199 -12.14   0      39.19     1937.499     76.12706
       290    691.5168    786.7326     58502.88     406.5042  13.0821   0.0075     4.63    0.153  -2.07   3      214.2     14098.52     105.8926
       291    704.1510    791.3564     52167.11     507.0399  13.2065   0.0106     5.38    0.062  15.31   3      171.7     10432.72      98.1292
       292    338.8066    792.6748     86321.09      465.849  12.6597   0.0059     7.26    0.306   7.88   0      257.9     14934.86     107.8001
       293    247.2613    796.3104     5465.709      267.976  15.6559   0.0532     5.05    0.179 -13.59   0      29.18     1392.311     73.74071
       294   1008.6940    796.1116     3521.073     310.3613  16.1333   0.0957     6.99    0.378   3.63   0       18.4     871.4906     72.30775
       295    493.7418    794.0289     17580.06     298.3061  14.3874   0.0184     4.57    0.181   0.30   0      86.45     4844.705     84.03496
       296     21.7868    795.8209     5279.258     269.0963  15.6936   0.0554     2.78    0.116  28.81   0      30.37     1746.906       75.374
       297    130.0639    792.2955     7186.358     340.3478  15.3587   0.0514     5.31    0.258  -2.94   0       36.4     1732.153     74.78078
       298    965.3406    784.1368     192217.7     492.4417  11.7905   0.0028     4.53    0.092   7.39   0      480.1     47789.74     163.0409
       299    759.0961    790.4685     17258.37     382.7508  14.4075   0.0241     4.74    0.171   3.52   0      77.12     3991.257     81.35743
       300    635.0143    790.9813     6730.905     285.1482  15.4298   0.0460     4.76    0.252   5.95   0      35.94     1890.728     75.62511
       301    187.7589    787.7689     15388.27     433.0343  14.5320   0.0306     6.69    0.327 -36.63   0      59.25     2545.172     77.92011
       302    898.7211    787.4787     11234.31     366.2654  14.8736   0.0354     4.83    0.242   9.16   0      52.57     2658.542     77.36792
       303    560.5566    779.4788     461675.4     616.5067  10.8392   0.0015     4.53    0.118   5.70   2      803.8     111526.3     235.6397
       304    555.9689    763.6584     101360.5     428.9989  12.4853   0.0046     4.52    0.124   8.93   3      317.4     24829.73     126.9587
       305     16.5103    788.6610     2826.846     291.5924  16.3717   0.1120     5.73    0.330 -35.98   0      16.01     795.0606     71.87638
       306    368.5717    784.2766     28857.46     363.1319  13.8494   0.0137     4.67    0.168   0.03   0      122.5     6940.592     89.52402
       307     42.6936    785.4365     5710.862     345.3757  15.6082   0.0657     1.51    0.477  39.12   0      29.84     1360.597     73.26912
       308     90.1445    783.5986     12318.95     356.5009  14.7736   0.0314     4.87    0.236   6.76   0      57.27     2955.734     78.76072
       309    620.4351    783.6356     3971.506     232.3185  16.0026   0.0635     4.45    0.314  -6.78   0      24.65     1305.436     74.03088
       310   1008.7677    782.4492     3395.588     280.0368  16.1727   0.0896     6.31    0.306   9.68   0      17.97     839.7004     72.39764
       311    137.7053    781.5557     2933.434     229.8121  16.3316   0.0851     6.68    0.313  56.63   0      16.72     735.1411     71.49491
       312    854.2687    776.8322     17024.53     544.7148  14.4223   0.0347     6.49    0.046  77.41   2      53.03     2684.565     77.97431
       313    735.1588    777.6698     21825.45     518.3577  14.1526   0.0258     4.99    0.182  -4.82   0      74.53     3755.436      81.0355
       314    241.3621    778.1389     8775.944     283.1604  15.1418   0.0350     4.88    0.169  -0.81   0      46.42      2346.41     76.98237
       315    827.4901    777.3064     9039.877       320.86  15.1096   0.0385     4.68    0.217  -0.33   0      45.79     2300.908     76.66908
       316    401.6384    776.1967     7202.038     403.9872  15.3564   0.0609     5.45    0.247 -13.82   0      29.54     1462.497     74.69551
       317    525.5176    775.7220     4296.233      257.827  15.9173   0.0652     4.86    0.269 -13.93   0      24.03     1156.476     72.82196
       318    347.0815    776.0400     4684.081     234.4828  15.8234   0.0544     4.83    0.290  -0.26   0      26.82      1332.29     73.55549
       319    108.2373    774.8878     7712.079     295.3755  15.2821   0.0416     9.57    0.355   5.83   0      39.03     1979.718     75.52943
       320    783.8382    772.4651     11850.26     421.5136  14.8157   0.0386    10.22    0.180 -14.45   0      48.57     2492.517     77.41252
       321    717.8630    770.8341     22762.31     414.3082  14.1070   0.0198     5.16    0.165  -1.99   3      92.26     4877.996     84.12495
       322    725.5419    769.1500     22109.99     471.3264  14.1385   0.0232     7.26    0.338   9.90   3      77.64     3725.364     81.12052
       323    545.0064    773.9351     7860.014     134.1164  15.2614   0.0185     0.00    0.044  89.92   0      114.7     7796.379     91.67085
       324    914.6284    770.1573     8237.058     346.0437  15.2106   0.0456     4.65    0.221   2.95   0      44.18      2310.21     77.23175
       325     83.4526    765.2554     168079.3     492.4523  11.9362   0.0032     4.66    0.267  -0.03   0      442.6     40904.17     153.3214
       326    303.9746    769.8917     3185.569     283.5214  16.2420   0.0967     4.65    0.186 -12.78   0       18.8     948.1128     72.16875
       327    198.3980    768.2143     21293.94     355.4822  14.1794   0.0181    10.95    0.239  13.68   0      95.38     5021.782      84.5125
       328    458.8959    767.0271     6799.188     392.5548  15.4189   0.0627     5.91    0.121  39.84   0      30.39     1233.894     72.87505
       329    403.3066    766.4994     24387.51     426.6142  14.0321   0.0190     4.78    0.231  -1.81   3      98.34     5240.032     84.61205
       330    402.9597    757.2800     10363.47     458.9462  14.9612   0.0481     5.39    0.207  -9.74   2      35.36     1728.394     75.13567
       331    342.1950    763.3134      11097.2     539.6984  14.8870   0.0528    12.48    0.586  26.44   2      34.67     1082.313      73.3427
       332    338.9533    755.4205     8773.559     518.5939  15.1421   0.0642    10.06    0.380  44.97   3      24.35     848.1345     72.80222
       333    373.4795    763.3141     8601.598     425.4431  15.1636   0.0537     5.25    0.264  -9.96   0      33.56     1607.643     74.40141
       334    118.4508    764.3509     4879.152      324.312  15.7791   0.0722     6.52    0.420  -4.41   3      23.84     1087.652     73.54614
       335    129.1144    762.1428     17690.84     503.7595  14.3806   0.0309    13.80    0.401   3.77   2      61.43     2795.622     77.94588
       336    105.1664    763.9006     7120.153     349.2624  15.3688   0.0533     4.89    0.277  -6.14   0      34.71     1717.524     74.36803
       337    907.4224    763.3357     2863.437     272.1402  16.3578   0.1032     5.68    0.174  43.41   0      16.81     871.1443     72.68539
       338    981.6677    761.2520     4480.472     333.4287  15.8717   0.0808     7.74    0.462 -34.93   0      20.22     811.0996     72.30779
       339    925.8403    761.0826     7358.454     305.3909  15.3330   0.0451     4.53    0.258   4.52   0      39.82     2083.297     75.84047
       340    438.2090    761.0900     6898.163     347.1462  15.4032   0.0547     4.69    0.264  -1.19   0      32.67     1633.238     74.66365
       341     50.1904    756.8477     38476.07     407.9689  13.5370   0.0115    14.17    0.219 -87.22   0      146.2      7430.23     91.06056
       342    592.6959    758.2737     6978.634      300.575  15.3906   0.0468     5.07    0.246   4.57   0      37.33     1833.522     74.90518
       343    260.7724    753.7830     54262.42     369.5247  13.1638   0.0074     4.68    0.153  -4.79   0      205.5     13434.14     104.9813
       344    530.0242    756.2969     3002.041     133.5599  16.3065   0.0483     1.10    0.174  76.97   0      52.03     2958.066     78.06719
       345    446.6963    754.9862     11907.94     391.1386  14.8104   0.0357     4.48    0.217 -15.23   0      49.56     2560.535     77.43487
       346    315.3389    747.9232       398378     600.1934  10.9993   0.0016     4.67    0.140  -9.79   0      737.3     95678.01     219.8233
       347   1000.4963    748.3765     2727.208     265.6433  16.4107   0.1058     5.06    0.207  -8.65   0      16.25     823.8733     71.77642
       348    583.7207    746.4363     13159.48     300.6812  14.7019   0.0248     4.66    0.197  -9.20   0       66.2     3488.525     80.28342
       349     96.9042    744.9150      9875.93     459.4523  15.0136   0.0505     6.43    0.343 -23.58   2      31.11     1459.246     73.94672
       350     64.0062    744.5277     2960.146     265.8425  16.3217   0.0975     4.53    0.181   0.37   0      16.06     737.5118     72.07613
       351    680.7577    743.4866     5333.564     360.6873  15.6825   0.0734     4.40    0.306   0.29   0      23.11      1203.47     73.15637
       352    167.8705    739.3299     8197.325     453.3526  15.2158   0.0601     5.66    0.332  -8.68   2      24.92     1135.309     73.13227
       353    410.8876    740.8412      6197.78     375.2122  15.5194   0.0657     9.99    0.628  -1.59   0      23.29     855.7245     72.06795
       354    195.1539    737.4614     18968.28      373.798  14.3049   0.0214     6.00    0.182 -13.36   0      86.85     4693.232      83.6243
       355    181.6684    739.2797     8932.053     505.9348  15.1226   0.0615     9.09    0.548 -21.43   1      20.38     834.3124     72.00039
       356    141.0670    737.4521     20890.17     360.9744  14.2001   0.0188     4.80    0.199  -5.43   0      94.04     5147.106     84.84886
       357    703.4213    737.3922     8395.256     309.5062  15.1899   0.0400     4.61    0.207   1.09   0      43.95     2271.478     76.76083
       358    298.4907    738.5799     3750.734     317.0914  16.0647   0.0918     4.50    0.146   8.42   0      17.78     877.2497     71.94524
       359    751.8337    737.5045      5657.78     334.2302  15.6184   0.0642     8.51    0.556   3.66   0      28.58     1334.667     73.18864
       360    646.9258    735.7482     3566.976     254.5004  16.1192   0.0775     4.42    0.301  -2.37   0      21.28     1110.075     73.05381
       361    493.2315    733.1230     5925.772     242.8551  15.5681   0.0445     5.06    0.219 -13.48   0      32.61     1635.141     74.85307
       362    439.7704    731.8201       6195.1     325.2329  15.5199   0.0570     8.98    0.280 -28.98   0      33.15     1580.437      75.0535
       363   1019.7278    731.8364     2898.285     241.4309  16.3446   0.0905     5.75    0.235  -2.48  16      17.55     813.2667     72.31461
       364    970.0984    731.6218     7665.448     405.0959  15.2887   0.0574     5.21    0.321   6.14   0      29.38     1386.702     73.35005
       365    379.7367    730.5654     11664.13     312.9957  14.8329   0.0291     4.83    0.179  -2.45   0      59.15     2995.193      78.8745
       366     76.7459    732.6841     3756.774     300.4225  16.0630   0.0868     5.86    0.291 -11.11   0      19.83     940.0552      72.3334
       367    562.8576    726.6942     37656.73     361.0723  13.5604   0.0104     4.68    0.113  -9.11   0      153.2     9002.571     94.17773
       368    874.5385    727.1749      13078.9     418.0911  14.7086   0.0347     8.99    0.485 -28.40   0       45.4     1730.134     75.32341
       369    634.5805    728.5872     5543.248     323.7186  15.6406   0.0634     5.19    0.235  -3.27   0      27.52     1323.203     73.89987
       370    156.8788    728.0235     4484.984     255.3189  15.8706   0.0618     9.40    0.354 -18.92   0       18.7     632.4501     71.74408
       371    186.7372    723.3570      53664.3     409.6964  13.1758   0.0083     4.62    0.158  -5.40   0      201.2     13049.55     103.8814
       372     86.7758    726.2440     9248.092     300.0068  15.0849   0.0352     4.77    0.176  -5.70   0      48.85     2561.002     77.96628
       373    253.2704    722.6579      47792.8     427.0157  13.3016   0.0097     5.53    0.359  -1.32   0      174.2     10045.51     96.94546
       374    403.4438    722.6857     16605.33     357.3072  14.4494   0.0234     4.76    0.162   0.89   0      78.02     4098.872     81.65749
       375    438.4392    718.5860     50277.92     404.4333  13.2466   0.0087     4.62    0.192 -12.86   3        188     11934.49     101.8178
       376    429.5019    718.0419     22316.22     441.3459  14.1284   0.0215     5.90    0.310 -15.02   3      81.38     4018.127     81.09459
       377    604.5145    720.8270     5451.945      330.994  15.6586   0.0659     5.11    0.254  -0.57   0      26.45     1300.484     73.45715
       378    292.8197    719.9549      9797.73     293.4885  15.0222   0.0325     5.46    0.291 -20.35   0      48.73     2464.931     77.68572
       379    226.7678    721.7687      3073.59     314.4302  16.2809   0.1111     4.09    0.217 -17.77   0      16.53     859.6509     72.83817
       380    114.4985    721.2404     2375.496     239.5096  16.5606   0.1095     3.71    0.330 -28.14   0      15.03     782.4445     71.45325
       381    960.0629    718.8229     11832.96     331.2279  14.8173   0.0304     4.55    0.236   4.86   0      58.09     3149.618     79.49111
       382    625.5635    719.3820     8109.058     470.3996  15.2276   0.0630     7.58    0.425  19.59   0      19.93     862.2169     73.03438
       383    862.4567    717.9239     4125.652     212.4116  15.9613   0.0559     4.81    0.221  -7.09   0      25.02     1278.703     73.57655
       384    589.1064    716.8829     16271.04     330.1266  14.4715   0.0220     4.78    0.234  -1.32   0      77.03     4169.407     82.02112
       385    319.4687    717.3043     9747.238     454.8841  15.0278   0.0507     7.38    0.423 -20.57   0      33.39     1432.235     73.86366
       386   1016.9948    717.4368     7157.812     391.0108  15.3630   0.0593     4.89    0.141   9.62  16       29.5     1407.551     74.52814
       387    519.8279    717.7205     2823.506     223.6471  16.3730   0.0860     5.88    0.257  -5.03   0      17.62     868.3214     72.48743
       388    830.2578    715.0032     10857.45     303.4937  14.9107   0.0304     6.87    0.416  17.12   0      49.21      2340.37      77.1427
       389    144.0998    713.3330     3538.088     267.6217  16.1281   0.0821     5.04    0.220  -0.89   0      20.26      1024.09     72.40762
       390    925.5044    711.8860     4089.067     209.1154  15.9709   0.0555     4.76    0.242  -6.85   0      25.58     1336.081     73.75357
       391    398.2244    709.7377     19347.89     370.3403  14.2834   0.0208     4.54    0.146  -1.77   0      89.11     4912.247     84.38028
       392    768.0749    710.9194     3517.021     194.8795  16.1346   0.0602     4.66    0.200  -3.86   0      22.68     1152.827     72.81058
       393    168.3051    709.9379     4067.657     357.0164  15.9766   0.0953     6.80    0.481  12.82   2      16.12     695.8157     71.56188
       394    749.1987    705.7814     49095.41     371.9116  13.2724   0.0082     4.50    0.147  -9.40   0      193.2     12898.92     103.5513
       395    937.4338    704.7716      6352.86     375.3062  15.4926   0.0642     4.55    0.124 -25.08   2      27.04      1360.43     74.38431
       396    143.2934    706.4398     10419.29     362.9334  14.9554   0.0378     5.31    0.211   2.14   0      47.44     2370.053     76.33615
       397    881.6984    705.1859     15524.14     392.3604  14.5225   0.0274     6.12    0.285  13.68   3      65.88     3188.309     79.25598
       398    888.5344    701.0250     11557.91     354.0822  14.8428   0.0333     3.52    0.065  62.53   3      53.18     3248.903     79.77447
       399    543.0485    707.2291     2810.865      299.706  16.3779   0.1158     6.19    0.498 -33.54   0      15.06     679.5825     72.27412
       400    529.0942    705.0339      13853.8     323.1917  14.6461   0.0253    10.88    0.216  27.68   0      65.07     3359.465     79.22715
       401    507.2319    706.4095     5221.439     230.5802  15.7055   0.0480     5.89    0.287 -17.99   0      29.79     1473.617     74.72933
       402    250.9579    707.0685     6283.185     359.3803  15.5045   0.0621     5.21    0.281   4.73   0      30.01     1514.661     74.48636
       403    860.0747    704.4046     13510.54     279.6667  14.6733   0.0225     4.55    0.202   2.66   0      70.75     3889.345     81.41019
       404    810.3458    705.9683     6553.104      314.762  15.4589   0.0522     4.66    0.240  -3.13   0      36.57     1940.323     75.59262
       405    794.5443    704.2297     2783.695     252.4441  16.3884   0.0985     5.94    0.430  -0.74   0      17.85     905.0163     72.41306
       406      2.0400    720.5271     6660.607     280.2354  15.4412   0.0457     8.32    0.607  86.51  24      32.56     1498.234     74.43622
       407    236.5017    701.9949     4150.867     260.3488  15.9547   0.0681     5.25    0.217  -1.69   0      24.26     1202.245     73.52694
       408    609.8964    699.8863     8689.084      356.112  15.1526   0.0445     4.86    0.226 -12.15   2      38.41     1691.559     74.65731
       409    100.5472    706.6191      2898.93     252.5478  16.3444   0.0946     5.41    0.215  17.46   0      16.86     852.7065     72.62772
       410    449.8823    699.6013     10150.54     405.6425  14.9838   0.0434     8.44    0.269   6.96   0      40.19     1940.369      75.9551
       411    919.9340    698.2120      4118.27     235.3963  15.9632   0.0621     4.31    0.199  -3.94   0       24.2     1210.019     73.55096
       412    696.3635    697.0187      4930.57     222.7173  15.7678   0.0491     4.35    0.235  -5.10   0      29.43     1562.871     75.18311
       413    878.2524    695.5112     4468.214     332.3894  15.8747   0.0808     6.73    0.352   9.88   0      21.23     1150.294     72.99099
       414    739.2213    693.0091     16069.66          314  14.4850   0.0212    10.05    0.214   9.49   0       78.8     3856.182     81.31756
       415    561.7753    694.1418     6298.405     404.3282  15.5019   0.0697     5.42    0.187  18.95   2      24.71     1009.499     72.92873
       416    816.0477    692.0163     5090.461     305.9501  15.7331   0.0653     4.97    0.126 -21.05   2      24.34     1162.404     73.77678
       417    496.3910    689.0915     2461.394     140.1845  16.5220   0.0619     4.89    0.417  58.01   0      30.99     2223.566     76.61884
       418    432.8360    687.2148     11172.17     469.6902  14.8797   0.0457     9.08    0.306  27.03   0      42.96     1838.818      76.0127
       419     57.0688    686.4379     6558.377     278.9248  15.4580   0.0462     4.58    0.190  -6.85   0      34.66     1736.651     75.16064
       420    203.4739    686.1777     2091.402     213.4639  16.6989   0.1108     4.25    0.335 -37.55   0      15.35     825.4995     72.54253
       421   1001.9934    681.5214     4112.978     333.1781  15.9646   0.0880     5.35    0.259   6.10   2      18.55     879.4951     72.52245
       422      2.0864    681.3145     2305.359     200.4317  16.5932   0.0944     4.12    0.186 -51.63  24      16.02       910.78     72.43114
       423    816.2276    679.6453     4195.983     300.7545  15.9429   0.0778     4.94    0.225 -14.17   0      21.66      1064.55     73.47472
       424    245.9514    680.4456     4607.151     283.4504  15.8414   0.0668     5.31    0.357  -5.34   0      25.52     1329.351     74.10426
       425    179.7256    677.7856     9174.534     328.3552  15.0935   0.0389     8.51    0.294 -54.52   0      41.66     1723.418     75.30315
       426    883.3943    676.9271     46483.58     354.2064  13.3318   0.0083     4.51    0.183  -3.12   0      186.4     12327.07     102.1543
       427    393.9130    674.6782     14043.49     410.3347  14.6313   0.0317     7.57    0.307 -66.17   0      56.87     2468.166     76.98517
       428    278.6673    678.4214     8114.863     253.1641  15.2268   0.0339     0.00    0.305  24.58   0      64.21     4469.268     83.17858
       429    311.0087    675.7715     27871.96     425.2504  13.8871   0.0166     9.59    0.191 -20.07   0        110     6187.907     87.74894
       430    733.6500    676.2884      10502.6     267.1236  14.9468   0.0276     5.38    0.210   2.45   0      55.53     2804.609     77.97208
       431    650.7749    676.4048     5897.398     263.1763  15.5733   0.0485     5.09    0.108 -10.87   0      32.49     1664.272     75.12442
       432    371.9671    687.4897     7447.804     319.7303  15.3199   0.0466    10.83    0.625 -23.64   0      29.32     1149.621     72.80057
       433    526.5429    676.4734     3036.752     248.5635  16.2940   0.0889     7.07    0.518 -19.64   0       17.3     877.2516     72.32586
       434    206.4319    676.3919     4505.744     333.4459  15.8656   0.0804     5.72    0.300 -10.60   0       20.8     970.3779     73.18285
       435    477.7845    675.8271     3949.414     324.7185  16.0087   0.0893     5.09    0.345   2.70   0      18.91     890.7874     72.93526
       436   1010.2518    674.6907     6772.551     390.7868  15.4231   0.0627     4.70    0.302  -1.50  10      25.27     1259.988     73.33174
       437    971.8071    672.3313     4426.277     214.3403  15.8849   0.0526     4.66    0.221 -13.15   0      25.74     1335.692     73.93828
       438    591.7081    670.8593     12663.38     417.8651  14.7436   0.0358     4.77    0.282 -10.68   0      52.24     2678.529     77.60371
       439    839.0532    670.6890     5833.355     439.0732  15.5852   0.0817     8.27    0.568  20.61   0      19.43     774.8477     71.81244
       440    219.2678    672.0480      2238.22     202.0613  16.6252   0.0980     1.80    0.262  11.75   0      16.84     1021.236     72.96529
       441    299.5815    669.0306     14342.58     409.6634  14.6084   0.0310     4.74    0.215 -11.80   0      60.88     3260.104      79.9782
       442    818.2017    669.5173     3374.635     257.0133  16.1794   0.0827     4.55    0.209  -2.84   0         21     1106.842     73.41867
       443    339.8046    665.7499     9704.912     444.9461  15.0325   0.0498     5.75    0.169  40.60   0      37.52     1756.455     75.40279
       444    611.9278    664.8082     12241.99     393.9549  14.7804   0.0349     5.34    0.241  -6.55   2      53.05     2690.315     77.99107
       445      6.7157    668.3838     4488.284     320.8448  15.8698   0.0776     4.75    0.263 -10.09  16       20.9     994.5542     72.88213
       446    901.3537    665.4834     7243.085     375.8449  15.3502   0.0564     4.72    0.158   6.40   0      31.34     1519.487     74.13164
       447    350.0215    664.3855     7082.057      372.076  15.3746   0.0571     4.65    0.141   1.17   0      31.06     1596.141     74.91803
       448    655.2546    663.8417     5804.612     391.9785  15.5906   0.0733     8.31    0.395  10.85   0      22.88     1067.016     73.29529
       449    525.9772    664.0821     5764.601     333.2747  15.5981   0.0628     4.99    0.281   0.04   0      30.17     1511.945     74.47807
       450    926.3808    663.0732     4506.918     219.1749  15.8653   0.0528     4.94    0.193  21.29   0      26.03     1344.284     74.15005
       451    793.0939    664.0417       2775.4     127.9157  16.3917   0.0501     4.42    0.131  26.56   0      57.94     2454.981     76.76762
       452    766.3344    663.3929     6728.351     352.9189  15.4302   0.0570     9.26    0.550  13.55   0       31.8     1231.552     73.61747
       453    461.1212    662.8213     7552.093     380.5678  15.3048   0.0547     4.83    0.227   5.74   0         32     1650.935     75.08406
       454    428.6010    662.3206      5797.56      237.012  15.5919   0.0444     4.96    0.274   0.71   0      32.85     1665.757     74.94597
       455    855.6237    657.7130     69767.33     426.6553  12.8909   0.0066     4.72    0.304  -0.03   0      239.9     16590.65     111.1127
       456    684.9872    661.0241     3899.094     319.3543  16.0226   0.0889     4.50    0.179  26.18   0      19.04     947.2317     72.92291
       457    981.0515    659.2188     7895.839     367.9381  15.2565   0.0506     6.32    0.301  26.49   0      36.19     1574.683     74.85291
       458    452.0132    659.9241     6828.472     351.0334  15.4142   0.0558     4.78    0.266   0.39   0      33.12     1758.327     75.40843
       459    138.8140    658.7653     8443.571     472.0176  15.1837   0.0607     9.16    0.185 -15.16   0      26.35     1115.543     73.81849
       460    374.9947    658.7696     3136.568     260.7812  16.2589   0.0903     4.92    0.125  -3.77   0      18.61     903.7825     72.97574
       461    825.3679    656.4368     27908.65     366.3047  13.8857   0.0143     4.58    0.139  -3.42   0      122.1     6990.231     89.80295
       462    386.6200    656.3246     4651.323     337.6359  15.8311   0.0788     8.42    0.486   8.44   0      20.74     780.8679     72.40257
       463      2.2560    655.4745     3698.667     224.5347  16.0799   0.0659     3.65    0.157 -64.97  24         25     1445.152     74.08891
       464    665.9700    654.6087     11724.06     517.9011  14.8273   0.0480     7.77    0.250 -26.69   1      29.31      1191.67     73.86688
       465    652.2329    652.6259     32418.11     422.8308  13.7230   0.0142     4.54    0.154  -6.93   0      130.9     7802.449     91.98486
       466    627.9942    651.2866     62332.32     372.6175  13.0132   0.0065     4.45    0.150   1.33   0      229.7     16104.79     110.3635
       467    174.1507    653.5488     13558.52     340.5694  14.6695   0.0273     5.04    0.164  -6.16   0      65.78     3482.723     80.60834
       468     97.4273    654.0859     4532.566     248.5505  15.8591   0.0596     4.90    0.243  12.87   0       26.1     1316.189     73.50572
       469    464.1386    653.1609     5930.539     361.0633  15.5673   0.0661     4.97    0.275  -7.98   0      28.07     1455.684     74.30619
       470    189.2509    653.8068     3391.405     314.6598  16.1741   0.1008     6.08    0.472  -7.30   1      15.94     743.8839     72.28638
       471    837.3215    651.8738     5500.756     366.4557  15.6489   0.0723     5.65    0.267   6.80   3      26.47     1251.656     73.30592
       472    834.8173    647.9765     6191.255      360.276  15.5206   0.0632     6.04    0.261   1.46   3      27.96     1239.309     74.01331
       473    677.9941    649.1384     41976.07     404.0108  13.4425   0.0105     4.51    0.145  -7.26   0      165.9     10534.09     98.36368
       474    266.1566    652.7383     5390.758     170.9388  15.6709   0.0344     5.43    0.154 -29.95   0      65.55      3658.22     80.76239
       475    196.6678    651.7152     4399.498     335.4261  15.8915   0.0828     7.04    0.285  -5.75   0         21     1045.074     72.66262
       476    336.7823    644.6196       134522     445.4515  12.1780   0.0036     4.52    0.118   9.12   2      385.6      33484.4     141.8972
       477    349.0149    649.1564      12173.7     469.4441  14.7864   0.0419     2.55    0.561 -10.90   3      31.84     1989.173     76.28117
       478     51.5076    650.6423     3662.614     232.0161  16.0905   0.0688     5.06    0.339  -6.33   3      22.82     1107.701     72.66958
       479     50.3005    644.3785     10696.04     383.3371  14.9269   0.0389     5.09    0.111 -14.98   2      48.64      2265.51     76.02426
       480    549.0659    649.3719     3213.754     304.5528  16.2325   0.1029     3.21    0.263  75.97   0      14.93     757.6155     72.13949
       481    873.7969    644.0329     60662.38     398.3426  13.0427   0.0071    13.43    0.081 -40.86   0        216     14928.66     108.1684
       482    990.4158    645.0079     9713.968     354.8363  15.0315   0.0397     4.73    0.191  -8.31   0      45.75     2398.214     77.13516
       483    742.0685    642.8217     14665.45     318.4176  14.5843   0.0236     6.10    0.227 -35.79   0      64.81     2975.174     78.99078
       484    520.1931    645.9463     2937.916      260.608  16.3299   0.0963     5.93    0.400   6.49   0      17.03     847.1844     72.61044
       485    237.8205    643.5233     9672.013     295.7214  15.0362   0.0332     4.60    0.269  -2.37   0      51.62      2752.59     78.34775
       486    597.2345    641.4082     11921.33     313.1824  14.8092   0.0285     4.46    0.168  -1.16   0      59.83     3226.186     79.88176
       487    352.0604    643.1432     2901.542     217.5038  16.3434   0.0814     4.61    0.179  61.26   0      22.01     1386.068     74.27801
       488    301.9327    640.7005     19163.48     348.2539  14.2938   0.0197     4.63    0.196  -1.34   0      89.76      4932.71      83.7825
       489    154.7731    640.5267     19515.39     329.2402  14.2741   0.0183     4.71    0.202  -6.47   0      92.09     4992.322     84.43324
       490    581.3058    636.3918     2772.471     275.8227  16.3928   0.1080     4.64    0.231  22.51   0      16.09     828.1144     72.36125
       491     99.5002    634.0157      8902.51     340.4854  15.1262   0.0415     4.67    0.164  -7.21   0      44.92     2259.224     76.36585
       492    231.0267    633.6099     5225.893     272.8511  15.7046   0.0567     4.72    0.187  -5.32   0      29.68     1497.543     74.61832
       493    369.4173    628.5240     5486.452     378.4264  15.6518   0.0749     5.75    0.127 -57.75   3      24.81     1162.367     73.59035
       494    380.9211    629.0184     52573.49      399.756  13.1981   0.0083     9.11    0.226  21.11   3      197.4     13164.71     104.2648
       495    368.6947    621.4200     11184.59     446.4706  14.8784   0.0434     6.24    0.314  24.14   3      44.62     2119.372     75.76752
       496    721.9203    629.8564     6495.555      304.748  15.4685   0.0510     8.93    0.406  18.08   0      33.24     1559.289     74.25356
       497    655.7325    630.2202     6955.614     257.5087  15.3942   0.0402     6.39    0.276  -4.37   0      38.28     1966.285     76.03261
       498    466.9380    631.2068     5214.227     362.5106  15.7070   0.0755     4.97    0.212  -0.88   0      22.77      1140.84     73.52384
       499    341.4384    628.0114     50612.84     395.1811  13.2393   0.0085     9.85    0.248  -5.52   3        192     12551.94     103.1869
       500    350.8353    622.9546     15401.76      482.522  14.5311   0.0340     3.19    0.432   1.94   3      50.88       1811.4     75.56821
       501     84.9004    630.0809     5649.642     412.3717  15.6199   0.0793     8.36    0.473  15.30   2       21.8     821.8793     71.77011
       502    282.8091    630.3093     3490.005     254.4317  16.1429   0.0792     6.91    0.349 -15.69   0      19.65      948.205     72.73746
       503    504.5139    628.8240     5129.148     343.9965  15.7249   0.0728     6.47    0.249 -21.52   0      23.65     1061.791     72.71489
       504    854.9691    626.1215     15058.46     391.2143  14.5555   0.0282     4.46    0.131   1.13   2      67.51     3637.138     80.70304
       505    810.4504    627.9514     3417.875     297.8704  16.1656   0.0946     5.61    0.415  -8.32   0      16.51     852.9256     72.81718
       506    636.6030    626.4624     6834.344     373.7657  15.4133   0.0594     4.82    0.242  -3.84   0      34.13     1708.561     75.25829
       507    957.7780    622.4188     14735.72     462.5925  14.5791   0.0341     7.31    0.307  88.45   0      54.47     2152.175     76.76529
       508    218.1061    625.6065      5062.37     270.1862  15.7391   0.0580     5.10    0.187   3.45   0      28.22     1423.507     74.20771
       509     64.6888    626.7095     3372.902     203.3335  16.1800   0.0655     5.36    0.307  -4.25   0      20.74     1011.436     72.74629
       510     38.4857    626.2374     2801.153     234.1211  16.3817   0.0908     5.59    0.259   1.30   0      16.63     766.4918     71.78599
       511    773.5868    625.2172     5926.374     299.7783  15.5680   0.0549     5.57    0.375  -6.61   1      28.58     1408.705     74.16236
       512    783.7432    623.0296     12245.34     359.3308  14.7801   0.0319     4.89    0.229 -11.41   0      55.45     3014.618     78.93045
       513    622.8491    621.7531      34929.2     389.5956  13.6420   0.0121     5.76    0.150  14.51   0      140.5     8178.046     92.76037
       514    164.0803    622.0352     9191.745     404.2569  15.0915   0.0478     4.50    0.216 -10.94   2      37.08     1931.807     75.74847
       515    945.6265    621.1971     12701.74     493.9185  14.7403   0.0422     8.64    0.485  -4.88   1      42.07     2044.433     76.26585
       516    648.9659    622.2494     3125.609      258.126  16.2627   0.0897     5.02    0.265  -6.97   0      18.74      956.301     72.76275
       517    394.0341    622.6616     3632.008     313.7416  16.0996   0.0938     4.62    0.192   1.51   0      18.79     922.3047     72.65649
       518    507.1046    617.9047     10294.33     376.7757  14.9685   0.0397     4.94    0.136  -5.63   0      49.24     2513.412     77.29644
       519    188.6568    613.7345     126678.5      455.211  12.2432   0.0039     4.67    0.032 -37.69   0      364.4     29637.24     135.3928
       520     23.4618    619.7645      3490.14     292.1089  16.1429   0.0909     6.35    0.276 -21.52   0      17.81     815.1689     72.32059
       521    551.1458    612.7548     123635.5     442.1966  12.2696   0.0039     4.49    0.120 -21.90   0      363.8     30990.47     137.7453
       522    519.7408    615.9883     3082.726     281.0068  16.2777   0.0990     4.53    0.368  -0.36   0      16.32      825.405     72.54224
       523     28.6042    613.5084     12932.05     353.9949  14.7208   0.0297     4.92    0.185  -0.75   0      60.53     3037.645     78.99673
       524      7.4440    614.0968     8016.843      348.863  15.2400   0.0473     5.16    0.215  23.89  16      37.06     1721.464     74.38007
       525    925.8782    610.5086       5099.5      276.495  15.7312   0.0589     4.65    0.203 -11.44   0      28.76     1493.747     74.23783
       526    695.9570    611.5922     3007.219     291.7329  16.3046   0.1054     5.59    0.415 -10.55   0      15.78     763.6444     72.72699
       527    428.5549    608.1264     47846.47     371.1476  13.3004   0.0084     4.55    0.186  -8.47   0      188.2     12195.51     101.9958
       528    628.6136    609.0963     6512.876     433.9231  15.4656   0.0724     7.28    0.101  64.53   3      20.68     843.5087     72.21975
       529    632.7279    604.1730     5958.342     343.5463  15.5622   0.0626     4.73    0.125 -12.48   3      27.14     1345.783     73.96928
       530   1014.5181    608.7778     3128.267     267.2734  16.2617   0.0928     4.76    0.344  -0.34   0      19.76     1045.992     73.04236
       531    127.4427    607.7913     5639.967      357.056  15.6218   0.0688     5.45    0.193   1.31   0      25.48     1214.325     74.12199
       532     98.3560    603.5306     100926.1     427.1648  12.4900   0.0046     4.66    0.123  -3.12   2      318.2     24305.82     126.1263
       533     85.6260    596.7157     22770.07     440.0224  14.1066   0.0210     5.51    0.144   0.20   3      87.51     4672.647     83.40389
       534     85.6738    587.9620     25456.13     371.3074  13.9855   0.0158     6.16    0.116  -8.73   3      115.1     7527.598     91.00204
       535    495.3320    604.7524     4857.796     366.9931  15.7839   0.0820     6.06    0.308 -12.71   0      20.18     1009.922     72.93005
       536    482.5540    604.3889     7587.721     329.3458  15.2997   0.0471     4.55    0.231  -1.68   0      38.63     2050.141     76.46261
       537    235.0712    603.4366     8458.188     393.5141  15.1818   0.0505     4.85    0.214  -1.25   0      37.38     1864.803     75.54716
       538    356.7800    603.5890     3994.052      286.574  15.9965   0.0779     4.48    0.282  11.14   0      20.71     1063.825     73.09782
       539   1021.3754    601.3382     6826.309     240.8633  15.4145   0.0383     4.44    0.114   2.30  24      38.55      2020.06     76.19318
       540    996.4283    602.0159     5549.574     298.3443  15.6394   0.0584     5.29    0.236   1.23   0      29.63     1552.323     74.96832
       541    447.0718    601.0256     10433.64     448.3904  14.9539   0.0467     8.38    0.462  -6.86   0      38.95     1717.102     75.10151
       542    504.7981    600.1152     6534.462     402.7602  15.4620   0.0669     6.21    0.346  -5.83   0      25.01     1118.983      73.6429
       543    457.3199    616.0220     4076.323     300.6641  15.9743   0.0801     4.81    0.255 -12.43   0      20.96     1092.535     73.18703
       544    384.9845    597.3094     12553.57     334.8114  14.7531   0.0290     4.70    0.235  -5.29   0      61.36     3146.746     78.96304
       545    139.5846    597.8439     5121.909     272.7645  15.7264   0.0578     4.50    0.196 -11.37   0      27.71     1418.435     74.56133
       546    959.9942    597.1194      4716.15     288.3388  15.8160   0.0664     5.58    0.309   0.16   0      25.31     1254.388       73.874
       547    897.3600    594.9256     39519.66     383.4153  13.5080   0.0105     4.70    0.243  -1.37   0      158.1     9804.009     96.51997
       548    644.2710    596.3903     7821.909     394.8885  15.2667   0.0548     4.72    0.321  16.58   2      28.17     1134.734     73.31796
       549    204.5103    596.7855     6253.245     342.7415  15.5097   0.0595     4.98    0.265  -7.14   0      31.85     1559.311     74.25362
       550    866.7531    593.6713     13259.83     367.5201  14.6937   0.0301     4.57    0.228  -3.14   0      61.68     3291.158     79.72275
       551    505.8396    591.2602     15142.64     558.8671  14.5495   0.0401     9.50    0.433  41.06   0      44.28     1406.812     74.15656
       552    329.0251    609.7621     48747.36     366.1169  13.2801   0.0082     4.55    0.155 -12.40   2      190.1     12634.98     103.3696
       553    762.2925    592.1485     2388.435     191.7775  16.5547   0.0872     4.58    0.253  -4.51   0      15.85     800.8288     71.89462
       554    580.0040    593.0153     2814.778     125.2754  16.3764   0.0483     4.17    0.013  47.01   2       64.5     2796.139     78.29884
       555    489.4012    588.0002     11093.43     434.7396  14.8873   0.0426     4.70    0.151   5.30   0       44.3     2278.556     76.78178
       556    235.9195    589.2227      7399.34     384.9603  15.3270   0.0565     4.63    0.285   0.17   0      31.99      1631.54     74.84213
       557    643.2377    588.3801     3676.119     282.7029  16.0865   0.0835     4.59    0.305 -10.16   0      20.68     1061.889     73.65311
       558    432.7200    585.9446     10679.13     504.0025  14.9287   0.0513     9.55    0.398 -23.12   0      32.79     1282.762      73.4023
       559    880.0577    585.4307     2936.691     244.2931  16.3304   0.0903     5.19    0.341  81.68   0      19.62     1231.153     73.42952
       560    672.4966    586.0162     7985.197     433.1117  15.2443   0.0589     5.25    0.148   0.22   1         23     1075.844     72.56988
       561     52.5597    582.8837     46967.24     408.4926  13.3205   0.0094     4.71    0.159  -4.63   0      179.4     11094.68     99.23639
       562    818.4559    583.8146     17268.25     329.7734  14.4069   0.0207     4.59    0.257  13.23   0      78.04     4269.978     82.63226
       563    315.1943    585.8047     2327.489     213.7151  16.5828   0.0997     5.79    0.483  11.17   0      14.74     757.9254     72.14046
       564    801.7778    584.3592     2849.512     214.2696  16.3631   0.0817     6.05    0.253  -7.58   0      17.68     896.5691     72.95327
       565    728.3998    581.9096     8537.018     284.1789  15.1717   0.0362     4.72    0.242  -3.11   0      44.51     2310.281     76.87563
       566    706.5987    579.0432     64639.69     374.0222  12.9738   0.0063     4.56    0.093  -7.94   0      236.1     16810.05     112.0517
       567    551.7703    582.5992     4239.876     259.1053  15.9316   0.0664     0.00    0.537 -23.33   0      29.82      1691.41     75.38879
       568    518.2520    580.9812     7224.638     437.4453  15.3530   0.0658     6.27    0.466  11.62   2      24.33     935.4488     72.88618
       569    963.6629    581.6263     3775.113     292.3306  16.0577   0.0841     6.00    0.318   6.74   0      18.99     884.1562     72.72607
       570    840.5200    581.0712      5201.99     327.6953  15.7096   0.0684     4.54    0.210  -1.40   0      26.37     1307.515      73.4789
       571    670.9036    580.1261     6611.472     405.3517  15.4493   0.0666     5.73    0.124  17.15   3      25.32     1211.012     72.99197
       572    670.8546    574.9291     4453.161     300.9488  15.8783   0.0734     4.99    0.166   2.04   3      22.05     1072.982     72.93832
       573    233.4864    580.8683     7684.872     421.7103  15.2859   0.0596     5.84    0.333   3.63   0      27.81     1267.212     73.35413
       574    939.9940    579.9727     3292.188     238.9458  16.2063   0.0788     4.35    0.174 -23.58   0      19.79     1034.427     73.19417
       575    871.5876    578.2513     8203.396     382.7541  15.2150   0.0507     4.35    0.149  -2.74   0      36.53     1892.591       75.812
       576    427.3953    578.5818     4062.907     344.2896  15.9779   0.0920     6.07    0.387  -4.98   0      18.17     869.4644     72.49101
       577    284.9300    574.9377     11629.24     349.2486  14.8361   0.0326     6.27    0.298 -39.41   0      50.93     2399.605     77.13926
       578    775.8538    577.1651     3747.069     237.9401  16.0658   0.0690     6.47    0.391  -2.36   0      20.79      1063.28     73.09613
       579    332.9363    576.0126     6526.138     262.4141  15.4634   0.0437     1.34    0.548   0.93   0      42.18     2606.771     77.74723
       580    563.4359    572.9333      10984.2     349.8111  14.8981   0.0346     4.97    0.192   5.40   0      52.98     2716.264     78.06664
       581    343.8591    568.8555     102493.9     414.9698  12.4733   0.0044     4.59    0.144  -8.46   0      323.6     26049.87      129.443
       582    239.1377    572.2856     7320.804      404.054  15.3386   0.0599     5.94    0.360 -13.11   0      29.01     1384.963     73.71806
       583    153.0935    570.8276     4738.765      264.779  15.8108   0.0607     7.59    0.604  34.20   0      29.71     1469.103     73.60493
       584   1011.4352    570.9339     4715.851     277.4194  15.8161   0.0639     4.62    0.242 -14.09   0      28.17     1481.146     74.38403
       585    878.6229    568.9224     24734.85     396.7959  14.0167   0.0174     4.64    0.160  -4.19   0      105.7      6012.64     87.13641
       586    687.7827    570.1411     7980.797     354.6934  15.2449   0.0483     4.49    0.184   5.10   0      37.13     1875.541     75.57946
       587    848.7632    569.4269     3243.748     243.1713  16.2224   0.0814     7.05    0.303 -13.09   0      19.34     910.0089     72.99512
       588    772.4048    565.9944     4393.726     211.0785  15.8929   0.0522     4.72    0.214 -11.20   0      26.11      1346.05     73.97011
       589    988.5558    565.5616      4249.48     348.3759  15.9292   0.0890     4.47    0.298   0.30   0      19.35     904.9744     72.60226
       590    719.5483    564.3500     3062.905      260.717  16.2847   0.0924     6.48    0.254 -33.85   0       16.8     799.7726     72.65109
       591    506.8107    564.1960     7232.128     431.9225  15.3518   0.0649     7.13    0.357  -7.09   0      22.01     1036.362     73.01239
       592    448.2802    564.9569     3039.527     240.1389  16.2930   0.0858     5.39    0.312 -13.74   0      18.95     982.8769     72.46783
       593    301.9118    564.3947     3563.296     299.1309  16.1204   0.0912     5.10    0.228  11.11   0      18.76     947.1294      72.7341
       594    156.3149    562.8990     4289.574     289.1916  15.9190   0.0732     4.49    0.210 -17.69   0      22.73     1112.074     72.68326
       595    679.4114    559.9957     13904.57     324.2874  14.6421   0.0253     4.73    0.254  -0.62   0      69.05      3770.94     81.07897
       596    185.8675    561.9899     2734.576     125.1298  16.4078   0.0497     0.92    0.102  -3.67   0      52.42     2538.525     77.54747
       597     70.1292    560.7593     10692.59     417.6145  14.9273   0.0424     7.84    0.463  -5.66   0      42.61     1913.054     75.69218
       598    432.9905    560.5135     2642.711     241.1902  16.4449   0.0991     5.91    0.222  -0.97   0      15.95     741.8856     71.89924
       599    323.3886    557.0205     21826.78      322.426  14.1525   0.0160     4.68    0.186  -0.53   0      100.2      5671.52     86.40113
       600    985.0914    558.2605     5312.575     364.4604  15.6867   0.0745     4.95    0.243   9.41   0      23.32     1153.558     73.00115
       601    903.5649    557.2438     3151.962     282.2812  16.2535   0.0973     4.21    0.269   0.11   0      17.48     913.6934     72.81831
       602    885.4691    556.5295     5230.814     389.8892  15.7036   0.0809     6.95    0.537 -20.50   0      16.48        649.6     71.60693
       603    484.0085    555.0953       6664.2      346.993  15.4406   0.0565     4.71    0.221  -0.68   0      31.67     1625.997     74.82529
       604    921.4051    554.9948     9523.172     424.3206  15.0530   0.0484     8.67    0.544  -8.48   0      32.97     1537.677     74.55656
       605    688.2294    553.9221     8877.844     392.8838  15.1292   0.0481     5.79    0.245  16.65   3      37.64     1798.068     75.34613
       606    690.3303    547.5244      7234.79     435.8787  15.3514   0.0654     4.64    0.265  39.14   3      25.41     1135.242     72.94411
       607    126.2527    554.6528     7425.793     350.4419  15.3231   0.0513     5.45    0.320  -4.43   0      36.05     1778.281     75.65023
       608   1019.1460    551.9830     7701.756     436.9083  15.2835   0.0616     9.47    0.212 -76.70  16      26.36     723.3182     72.22169
       609    514.0576    554.0462     7312.349     398.9202  15.3399   0.0592     6.33    0.282  -1.44   0      31.01     1580.691     74.87114
       610    300.8247    541.8899     12402.47     346.7951  14.7662   0.0304     4.79    0.238  -7.59   3      56.03     2921.433     78.13637
       611    342.3211    548.4349     6772.352     352.9472  15.4232   0.0566     5.65    0.188   1.38   0      30.91     1402.609     74.14368
       612    289.7386    548.4067     5180.738     328.7263  15.7140   0.0689     5.14    0.410   0.51   0      24.75      1271.66     73.92712
       613    200.5282    548.3611     3777.789     293.5043  16.0569   0.0844     6.19    0.333   2.39   0      20.15     937.3235     72.70345
       614    899.0614    546.7223     3990.946     269.2835  15.9973   0.0733     5.08    0.255 -30.08   0      21.45     1078.772     72.76795
       615    299.7449    548.8912     10909.14     359.4408  14.9055   0.0358     4.77    0.146 -23.76   3      51.84     2618.878     77.42883
       616    562.7323    546.6362     3902.468     210.5489  16.0217   0.0586     7.52    0.380   3.15   0      23.93     1131.131     73.30679
       617    159.9610    545.5392     10257.45     310.8706  14.9724   0.0329     4.49    0.251  -1.89   0      51.91     2811.283     78.34278
       618     67.2152    541.8322     66159.85     398.0327  12.9485   0.0065     4.77    0.134   0.07   0      234.2     15852.95     110.2179
       619    980.5717    542.8873     18216.94     426.5448  14.3488   0.0254     6.00    0.152  35.10   0      73.54     3408.678     79.71338
       620    822.4597    535.8410     234920.7     590.2509  11.5727   0.0027     5.54    0.151  69.10   0      517.7     43628.41     157.1332
       621    256.1804    543.9423     5109.861     296.8553  15.7290   0.0631     5.63    0.339 -15.85   0      28.36     1465.144     74.33512
       622    151.0553    543.8293     7449.093     148.0501  15.3197   0.0216     0.00    0.302 -71.25   0      110.2     6932.495     89.34995
       623    471.0699    540.6783     15087.88     370.5061  14.5534   0.0267     4.78    0.191  -1.47   0      69.48     3628.667     80.33814
       624    175.0424    542.4015     3429.356      205.077  16.1620   0.0649     5.37    0.303  -9.64   0      21.72     1098.823     73.58065
       625    450.9854    536.5011     10991.19     466.6701  14.8974   0.0461     6.25    0.333  -3.02   2       31.3     906.9941     72.22945
       626    415.7162    541.4583     5365.607     193.5083  15.6760   0.0392     6.18    0.463  61.07   0      66.81     3815.172     80.86404
       627    788.7808    539.3310      4841.38     316.7906  15.7876   0.0711     4.31    0.202   6.76   0      24.47     1269.685     73.92104
       628    769.8479    538.8075     3307.804     293.1401  16.2012   0.0962     6.17    0.159  -0.06   0      17.45     785.8519     72.41821
       629    677.2853    535.9291     15474.44     492.4126  14.5260   0.0346     6.05    0.185  67.37   2      54.24     2491.553     77.05418
       630    426.9182    536.4018     3521.419     311.4654  16.1332   0.0961     5.05    0.226  12.68   0      18.01     892.5416     72.75227
       631    155.2862    532.4770     70933.85     399.8921  12.8729   0.0061     4.65    0.150  -9.69   0      249.2     17178.71     112.3091
       632    658.1172    531.9120     26538.95     364.5135  13.9403   0.0149     4.72    0.102 -74.90   0      111.9     6258.542      87.6189
       633    414.5575    531.5016     25874.91     365.0407  13.9678   0.0153     4.54    0.154  -8.24   0      113.9     6386.663     87.48108
       634    273.7715    534.3184     4264.851     324.9392  15.9252   0.0827     4.79    0.335  -3.84   0      20.39     1018.509     72.95679
       635    911.4197    533.8719      3748.29     139.8222  16.0654   0.0405     1.12    0.140 -14.66   0      54.28     3455.891       80.362
       636    605.9333    529.3159      17353.9     457.1699  14.4015   0.0286     6.62    0.255 -82.55   2      60.68     2410.147      76.8137
       637    705.2750    531.7007     2553.649     210.7229  16.4821   0.0896     5.23    0.264   1.66   0      16.62     849.0992     71.85625
       638    511.9787    528.4268     35474.15     453.4004  13.6252   0.0139     4.79    0.118 -54.16   0      134.4     7549.613     91.35803
       639    849.1235    530.3677     4571.472     356.3753  15.8499   0.0847     6.86    0.270 -28.59   0      18.08     824.7969     72.35084
       640   1021.5580    526.2808     8143.033      315.908  15.2230   0.0421     7.31    0.318 -81.42  24      38.18     1642.552     74.50797
       641    986.5883    527.7761      4074.39     308.5496  15.9748   0.0822     5.35    0.230   7.31   0      21.59     1063.654     73.28486
       642    734.2615    527.5214     9492.294      276.382  15.0566   0.0316     4.68    0.216   2.72   0      51.02     2660.477     77.55083
       643      8.0282    527.0195     4104.625      262.932  15.9668   0.0696     5.93    0.290  -0.97  16      23.71     1146.841     73.72882
       644    117.8076    525.4731     7410.219     438.3254  15.3254   0.0642     7.20    0.304  54.27   0       28.3     1191.439     73.49353
       645    241.6787    524.9838     3560.136     267.6404  16.1213   0.0816     5.22    0.245 -14.48   0      18.77     903.7417      72.5984
       646    179.2413    525.9088      2837.36     263.1418  16.3677   0.1007     5.99    0.408   4.83   0       15.5     732.5134     71.67834
       647    453.8650    524.0358     5482.318     307.3597  15.6526   0.0609     4.46    0.257   4.31   0      30.17     1586.823     74.70621
       648    390.4761    522.7737     4231.414      310.881  15.9338   0.0798     7.02    0.353 -22.17   0       21.3     1035.023     73.00822
       649    706.2600    522.1055     3858.311     316.0846  16.0340   0.0890     6.15    0.370   7.16   0      19.24     860.8895     71.89354
       650    264.2172    510.0385      1322334     903.2747   9.6966   0.0007     4.65    0.126   0.61   0       1408     324582.1     390.4861
       651    892.6663    519.8703     4703.528     344.7122  15.8189   0.0796     4.75    0.194  19.70   0      22.64     1114.523     73.06764
       652    351.0763    518.5876     5880.101     355.2821  15.5765   0.0656     5.31    0.155 -24.79   2      26.04     1173.758     73.62553
       653   1003.5205    518.9667     4212.458     367.5282  15.9387   0.0948     6.10    0.506  -8.70   0      17.72     792.1503     72.24821
       654    983.9389    517.4128     3797.354     311.6667  16.0513   0.0891     4.27    0.213  11.89   0      19.47     994.8475     72.88305
       655    534.4334    516.4904     3144.392      276.129  16.2562   0.0954     4.95    0.294  -0.83   0      20.15     996.9514     72.32238
       656    831.4451    514.8920     6825.099     409.6817  15.4147   0.0652     5.40    0.222   5.45   0       26.2     1195.062     73.13025
       657    804.6666    510.3691     113933.7     513.0305  12.3584   0.0049    16.99    0.255 -47.67   2      319.1     24029.69     125.6277
       658    682.7582    515.2420      3295.51     314.5906  16.2052   0.1037     6.87    0.354  -3.68   0       16.3     717.2173     71.62982
       659    509.3611    512.2050     11586.92     400.4921  14.8401   0.0375     5.09    0.101 -14.48   0      49.72     2488.815     77.75556
       660    616.7323    513.5024     2435.245     271.7824  16.5336   0.1212     5.32    0.314 -11.74   0      14.19     702.6946     71.58372
       661    746.8594    513.0403     3090.093     125.7738  16.2751   0.0442     0.98    0.089  -1.88   0      52.55     3080.997     79.12135
       662    734.7975    512.0111     4579.929     304.4454  15.8479   0.0722     4.46    0.195   5.19   0      24.41     1270.901     73.73885
       663     40.8150    511.9344     6154.583     305.6187  15.5270   0.0539     5.79    0.318   4.06   0      30.64      1470.97     74.35293
       664    842.1768    510.4972      9002.02     436.7992  15.1142   0.0527     4.81    0.213 -15.40   0      28.82     1440.864     73.51768
       665    336.9017    507.0353     22733.38     483.1298  14.1083   0.0231     4.72    0.239   5.78   0      94.49     5107.541     84.09233
       666     94.0458    509.4676     3308.179     290.7895  16.2010   0.0955     5.43    0.191  -0.56   0      18.04     864.4211      72.4752
       667    349.8687    506.7477     12064.05     430.4896  14.7963   0.0388     4.63    0.198  -6.58   0      50.17     2572.338     77.64651
       668    771.7664    507.2898     3735.682     266.5047  16.0691   0.0775     4.08    0.342  -9.07   0      21.78     1231.528     73.05582
       669    658.6710    506.9868     4060.639     209.0845  15.9785   0.0559     4.69    0.291   0.36   0      23.96     1203.621     73.71765
       670    149.8777    505.4308     11317.63     402.0501  14.8656   0.0386    11.47    0.385  20.58   0      38.84      1244.74     73.65817
       671    731.8441    505.5089     9965.938     459.4969  15.0037   0.0501     5.00    0.101  -2.10   0      29.73     1298.996     73.45255
       672    887.6599    503.9799     5731.325     377.6657  15.6044   0.0716     4.60    0.346 -18.79   2      22.24     1079.641     73.14699
       673      4.9656    505.4178      11111.7     335.8811  14.8855   0.0328     7.36    0.399  -1.58  24      48.09     2303.993     77.39104
       674    381.5222    503.2152     8229.871     313.7905  15.2115   0.0414     4.63    0.218   2.67   0      43.62     2240.412     76.84765
       675    541.4973    502.8987     9671.364     377.3104  15.0363   0.0424     5.60    0.311  -2.03   0         42     2075.162     75.27091
       676    710.1010    509.6337        16126     294.8776  14.4812   0.0199     4.45    0.165  -4.40   0      79.45     4269.388     81.79573
       677    491.6145    502.4427      5076.64     305.9398  15.7361   0.0654     4.60    0.321   4.09   0      26.32       1361.2     74.38666
       678    205.2015    498.8531      23105.3     368.9366  14.0907   0.0173     4.58    0.175  -2.37   0      104.3     5863.883     86.74755
       679     97.2839    495.8763     28662.52     465.7147  13.8567   0.0176     5.05    0.078  12.72   0      109.5      5940.33     86.47264
       680    114.3477    498.2377     5983.035     406.6905  15.5577   0.0738     5.38    0.287 -20.98   0       20.9     1011.275     73.12224
       681    510.7588    496.4023     5250.035     265.2175  15.6996   0.0549     4.87    0.190   0.86   0      29.38     1481.559     74.75349
       682    993.2419    495.9442     4716.292     281.1066  15.8160   0.0647     4.54    0.232 -14.60   0       26.1     1337.324     74.12872
       683    927.3403    518.2991      30545.5     379.8696  13.7876   0.0135     5.06    0.307  27.96   0      130.7     8271.933     92.39771
       684    859.9670    492.9534     7749.383     430.6034  15.2768   0.0603     5.29    0.289  -5.26   0      25.47     1243.832     73.84152
       685   1017.7270    492.8137     2376.979     258.7956  16.5599   0.1182     5.44    0.409   1.98  16      13.99     645.0483     71.97497
       686    972.2419    490.4626     19300.42     335.2906  14.2861   0.0189     4.37    0.162  -1.08   0       90.1     5048.641      84.5847
       687    215.7457    492.9076     20153.68     348.8996  14.2391   0.0188     0.00    0.365 -41.99   1      113.7      7672.46      91.0621
       688    716.3841    489.6011     1892.823     237.6111  16.8072   0.1363     5.28    0.142 -46.68   0      12.43     607.9651     71.66647
       689    481.0261    488.7998     6004.297     340.5668  15.5538   0.0616     4.74    0.259  -7.24   0      29.08      1529.74     74.89983
       690    425.6136    487.9169     9105.866     485.9458  15.1017   0.0580    10.49    0.531 -20.33   0       30.8     1181.956      73.4642
       691     26.1915    489.3603     3202.094       234.51  16.2364   0.0795     5.58    0.287  -1.54   0      18.13     879.2292     72.89923
       692    621.5561    487.9679     2843.138     225.1963  16.3655   0.0860     6.01    0.263  -8.59   0      17.71     937.7822     73.08155
       693    321.7863    497.2133     20942.14     516.6434  14.1974   0.0268     6.66    0.264  39.35   2      62.29      3035.29     78.98995
       694    314.4741    485.7029     11321.08     405.4522  14.8653   0.0389     4.79    0.253   0.19   0      46.72     2312.134     76.34354
       695    770.0641    482.7258     14487.98     320.4402  14.5975   0.0240     7.82    0.209   3.49   0      69.09     3648.129     80.73399
       696    610.5482    482.9828     3215.184     272.4338  16.2320   0.0920     5.06    0.484   8.57   0      18.17     916.0082     72.82554
       697    811.2230    480.4546     3896.958     331.9986  16.0232   0.0925     6.05    0.350  -5.80   0      17.62     792.2714     72.24859
       698      1.8601    479.6615     3909.886     254.8064  16.0196   0.0708     4.82    0.482  86.34  24      21.58     1166.198     72.66362
       699    649.7513    477.5775     5555.441     338.2439  15.6382   0.0661     4.81    0.286   5.54   0      28.08     1447.969     74.65129
       700    866.6533    476.4371     5480.271     355.0262  15.6530   0.0704     4.83    0.104 -22.06   0       24.1     1162.548     73.59091
       701    697.9381    476.7538     5728.442     301.9103  15.6049   0.0572     4.71    0.292   5.08   0      31.17     1615.372     74.79302
       702    331.3070    476.9515     8186.215     383.6395  15.2173   0.0509     4.89    0.290   5.27   0      34.49     1742.092     74.62726
       703    580.0142    477.0950     3651.166     310.4565  16.0939   0.0923     5.37    0.301 -13.72   0      15.94     783.5858     72.03093
       704    357.0699    475.0890     5711.054     346.3681  15.6082   0.0659     4.95    0.295 -23.98   0      24.58     1225.616     73.22514
       705     51.9367    474.9780     4607.805     377.8983  15.8413   0.0891     5.95    0.028  16.96   1      18.32     770.0826     72.36871
       706   1012.5194    473.6925     5803.297      321.775  15.5908   0.0602     5.83    0.263  -9.42   0      31.31     1547.882     74.40337
       707    370.1435    468.7658     36715.73     518.2653  13.5879   0.0153     6.18    0.396 -32.26   0      126.4     6742.561     89.01987
       708    732.3325    471.4940     6136.939     276.1063  15.5301   0.0489     4.87    0.211 -11.67   0      33.65     1707.074     74.88806
       709    303.0111    476.8196     7000.347     397.8808  15.3872   0.0617     4.24    0.364  29.72   0      24.85     1355.706     73.99977
       710    884.0633    468.7376     37933.93     346.7033  13.5524   0.0099     4.52    0.173   1.42   0      159.2     10049.44     96.95467
       711    165.6270    468.5529     32904.68     356.1466  13.7069   0.0118     4.70    0.137   1.85   3      134.9     7782.084     91.93453
       712    164.4985    460.2966     18405.25     411.9111  14.3376   0.0243     4.90    0.207  -6.56   3      72.87     3608.538     79.93845
       713    119.2022    468.6589     28027.89     397.8158  13.8810   0.0154     4.75    0.206  -5.86   0      117.9     6657.271     88.95631
       714    287.5387    463.6162     214948.2     494.5645  11.6692   0.0025     4.58    0.121  -5.72   0      516.9     52264.95     169.1642
       715     37.5681    469.1963     10505.61      441.485  14.9464   0.0456     5.83    0.294   7.56   0      39.11     1824.839     75.78997
       716    411.0417    468.3355     4514.212     345.5819  15.8635   0.0831     5.55    0.177  54.30   0      21.35     940.3841     72.71302
       717     54.4697    468.2229     10245.58     469.9724  14.9737   0.0498     5.81    0.246  -6.90   0      34.18     1527.086     74.52426
       718      3.6836    467.7842     6129.662     338.6295  15.5314   0.0600     7.72    0.221  28.12  24       25.8     981.7284     72.84212
       719     75.7456    466.8281     3518.538     266.3195  16.1341   0.0822     4.74    0.188 -22.46   0      19.57     974.3423     72.81908
       720    530.1230    465.9224     5178.206     331.8419  15.7146   0.0696     4.88    0.260   8.66   0         26     1322.648     73.33875
       721    223.1615    466.1275     5186.807     243.5757  15.7127   0.0510     4.77    0.271  -7.97   0      29.21      1501.63     74.44659
       722    196.2357    465.6290     6557.606     281.3743  15.4581   0.0466     6.42    0.329 -19.02   0      31.75     1539.394     74.92912
       723    831.2780    463.3320     8311.402     321.4131  15.2008   0.0420     4.91    0.295  -5.76   0      37.74     1908.992     75.31631
       724     64.3169    464.9399     3922.079     324.6993  16.0162   0.0899     6.11    0.477   5.84   0      16.01     788.8464     71.85674
       725   1013.8090    462.3455     7191.032     322.7537  15.3580   0.0487     4.62    0.236  -8.50  16      39.04     2009.379     76.16132
       726    550.0316    462.4415     7539.279     413.4118  15.3067   0.0596     5.05    0.260 -10.78   0      29.67     1437.359     74.61898
       727    632.7908    462.1082      3929.13     320.4485  16.0143   0.0886     7.93    0.525 -32.91   0      19.29     763.8554     72.15915
       728    612.8192    462.9273     2992.204     274.7574  16.3100   0.0997     5.23    0.402  -7.62   0      16.91     923.8065     72.84988
       729    247.4215    461.1041     28254.36     261.6134  13.8723   0.0101     8.73    0.433  50.87   2      185.4     19312.08     116.4285
       730    521.5040    458.0012     10610.38     175.8017  14.9357   0.0180     3.19    0.467  -0.33   0      121.2     8628.138     93.71028
       731    899.5757    456.0306     4540.337     307.7795  15.8573   0.0736     4.46    0.173  -2.75   0      23.58     1179.176     73.82843
       732    448.4166    454.1909     7534.577     407.5566  15.3074   0.0587     4.86    0.270 -11.84   0      29.57     1395.266     74.12117
       733    153.4887    454.8773     8972.919     387.6629  15.1177   0.0469     5.92    0.358  -2.44   0      39.89     1981.775     75.53562
       734    987.8973    454.2258     6103.892     393.0262  15.5360   0.0699     5.13    0.142  -5.87   0      23.94     1140.472     72.58311
       735    865.4827    455.0045     4317.056     165.4062  15.9120   0.0416     3.61    0.475   0.14   0      53.86     3616.032     80.81363
       736    686.9166    451.5227      13386.6     329.1791  14.6833   0.0267     4.91    0.172  49.16   0      59.91     2959.594     78.24728
       737    625.1627    452.0307     10254.15     446.7656  14.9728   0.0473     7.06    0.132  19.37   0      39.04     1877.329     75.76624
       738     51.0466    452.9670     9120.135     155.0845  15.1000   0.0185     0.00    0.042 -27.28   3      92.72     6793.287     89.30313
       739     55.8981    449.2558     24605.47      381.732  14.0224   0.0168     7.35    0.249 -27.08   2      95.93     4636.947     83.14161
       740    708.2036    452.2898     3074.262     290.6066  16.2806   0.1027     6.06    0.433  27.11   0      16.25     770.8102     72.18105
       741    521.0249    452.0805     3355.095     280.0039  16.1857   0.0906     5.64    0.344   5.62   0      18.83      948.935     72.73974
       742    189.5123    451.3557     6052.102     273.5385  15.5452   0.0491     5.19    0.230  -8.33   0      33.63     1640.075     74.50041
       743    101.4338    450.6302     9425.237     489.6126  15.0643   0.0564    10.85    0.639  21.76   0      29.09     1121.614     73.65102
       744    414.5255    450.9778     4172.741     271.9725  15.9489   0.0708     5.16    0.297   1.34   0      24.28     1213.435      73.7479
       745    637.5743    447.7676     13629.17     453.0475  14.6638   0.0361     8.56    0.364  45.21   0      50.28     1715.812     75.46233
       746    816.1843    449.9635     2495.953     242.4714  16.5069   0.1055     4.92    0.369 -10.16   0      15.36      836.843     72.95538
       747    447.7309    439.9568     210090.7      490.931  11.6940   0.0025     4.50    0.114   7.09   0      510.7      53138.8     170.3342
       748   1021.2778    443.7724     5707.292     323.8338  15.6089   0.0616     5.38    0.181  -4.62  24      24.17     1158.673     73.39214
       749    975.7174    443.8534     6287.673     321.0497  15.5038   0.0555     4.68    0.264  -3.72   0      33.03     1704.481     74.69663
       750    149.3184    442.6101     4684.043     317.7596  15.8234   0.0737     5.20    0.378  -6.16   0      23.74     1156.138     73.38428
       751    650.7284    453.5641     4578.815     282.2142  15.8481   0.0669     5.13    0.107   1.81   0      25.44     1246.105     73.66238
       752    883.8317    437.9483     1973.887     216.5323  16.7617   0.1191     5.54    0.381   9.04   0      13.18     672.2953     71.87019
       753    824.5684    435.4743     12468.51     313.5793  14.7605   0.0273     5.84    0.324  17.59   0      56.49      2713.14     78.05755
       754    658.3666    433.4497     6068.801     361.1503  15.5422   0.0646     8.95    0.164 -76.91   0       24.6     1033.301     73.00286
       755      3.7223    429.5608     45402.34     326.2481  13.3573   0.0078     4.97    0.100 -73.33  24      189.6     12347.33     102.3336
       756    750.2444    430.4252     35076.64     374.4101  13.6375   0.0116     4.47    0.159 -12.82   0      146.3     8943.591     94.76242
       757    491.0736    432.9712     5623.738      243.983  15.6249   0.0471     0.00    0.273  -0.49   0      40.55     2768.759     78.21932
       758     18.2661    433.0096     6587.145     368.0625  15.4533   0.0607     5.21    0.271  11.60   0       29.5      1473.11     74.35947
       759    126.3987    430.9018     6096.237     355.4203  15.5373   0.0633     5.26    0.212  10.12   0      27.78     1396.064     74.12361
       760    416.9933    430.2224     2147.517     124.0589  16.6702   0.0627     1.06    0.104  86.75   0      46.02     2353.211     77.18053
       761   1014.7995    429.7942     4649.328     410.9858  15.8315   0.0960     8.19    0.522   7.95  16       15.3      504.015     71.33606
       762    960.8663    429.0031     4520.728     329.3135  15.8620   0.0791     5.29    0.171  29.46   0         22     1129.476     73.48871
       763    204.2486    427.2646     11683.02     333.1915  14.8311   0.0310    10.62    0.189 -34.33   0      53.78     2646.109     77.86214
       764    837.5981    427.6419     7483.966     268.4066  15.3147   0.0389     4.55    0.212  -4.12   0      40.77     2102.636     76.61848
       765    510.1227    425.8862     17852.66       357.14  14.3707   0.0217     4.65    0.215   0.94   0      83.93     4592.056      83.0188
       766    264.7664    426.3924     25342.58     391.9245  13.9904   0.0168     4.72    0.176  -9.53   0      107.8     6101.857      87.6825
       767    604.3103    453.6175     5586.203     354.1262  15.6322   0.0688     6.00    0.143  22.15   0       25.2     1107.119     72.85643
       768     68.7632    427.1424     4771.239     289.5699  15.8034   0.0659     5.35    0.194  12.18   0      25.85     1230.543     73.61436
       769    720.2513    426.5862     3134.117     279.8245  16.2597   0.0970     6.79    0.296   1.97   0      17.32     798.3463     72.45741
       770    473.3655    420.5209     99039.14     440.4172  12.5105   0.0048     4.55    0.143  13.31   0      312.6     24173.65     125.8879
       771    308.1469    425.8979     4186.878     319.5591  15.9453   0.0829     5.65    0.175   9.89   0      21.65     1046.946     72.47932
       772    795.0339    424.1412     3190.784     295.3824  16.2403   0.1005     5.15    0.386   0.50   0      16.11     814.0584     72.31709
       773    158.3029    423.4764     4307.743     304.2422  15.9144   0.0767     5.28    0.318  -1.05   0      22.91     1094.471     72.81696
       774    519.6027    422.1001     4610.221     325.1806  15.8407   0.0766     5.76    0.423 -18.15   1      23.43     1165.974     73.41473
       775    919.5515    421.5262     3422.065      247.533  16.1643   0.0786     5.81    0.318   0.92   0      20.13     970.2498      72.6175
       776    363.5475    418.8134     37514.68     386.6884  13.5645   0.0112     4.82    0.213  -3.92   0      150.3     8928.832     94.58199
       777    944.4377    419.5849      10927.5     422.6429  14.9037   0.0420     1.51    0.405  31.56   0       41.2     1359.016     74.56432
       778    614.9690    415.6149     5890.002      380.477  15.5747   0.0702     6.08    0.152 -24.77   0      24.49     970.9565     73.18464
       779    908.0325    414.0146      20282.8     333.9065  14.2322   0.0179    10.73    0.258 -11.89   0      91.64     5178.299      85.4159
       780    732.4012    412.8172     10544.92     328.2585  14.9424   0.0338    10.20    0.094 -18.56   0      50.93     2627.858     77.80885
       781    582.9694    412.7003     17506.96     310.6505  14.3920   0.0193     5.14    0.184   6.08   0      83.01      4460.68     82.32553
       782    823.7900    414.3955     3613.736     327.6411  16.1051   0.0985     5.23    0.483  41.75   0         17      763.088     72.15673
       783     52.5838    414.4251     4551.136     327.2436  15.8547   0.0781     5.21    0.306  -6.61   0       21.8     1034.554     73.38187
       784    653.0475    410.0615     13651.64     446.9575  14.6620   0.0356     9.14    0.363 -50.26   2      45.73     1539.304     74.56152
       785    255.8859    410.4107     11618.25     428.6559  14.8371   0.0401     5.88    0.044 -52.95   1      43.65     1918.726     75.52766
       786    246.8445    411.6088     6517.121     394.1368  15.4649   0.0657     5.64    0.275  -5.48   1      25.39     1179.016     73.82793
       787    863.8860    410.1049     7210.319     293.8234  15.3551   0.0443     4.73    0.318  -4.54   0         37     1966.912     75.67252
       788    828.6005    410.3866     2895.619     274.6775  16.3456   0.1030     3.97    0.118 -39.07   0      15.91     809.0402     72.30132
       789     87.3910    420.7095     3021.709     292.9182  16.2994   0.1053     6.19    0.366   7.89   0      15.93     713.3768     71.99998
       790    178.9656    399.0833     120811.6     501.9085  12.2947   0.0045     6.83    0.385  23.30   0      330.8      23035.2     123.7046
       791    362.8394    403.6277     2937.644     274.7123  16.3300   0.1016     4.97    0.225 -10.96   0      17.38     852.8789     72.81703
       792    255.1776    400.0315     9587.255     325.4927  15.0458   0.0369     5.17    0.279   4.49   2      48.09     2527.398     77.86826
       793    261.0006    398.0012     51142.21     194.0642  13.2281   0.0041     4.19    0.001  10.95   3      329.5     51037.56     167.5071
       794   1018.9042    400.8797     2101.009      218.244  16.6939   0.1128     4.87    0.378  -8.13  16      13.58     725.3568     71.65564
       795    488.8790    396.2902     64432.26     421.3674  12.9772   0.0071     4.60    0.271   0.26   0        229     15809.61     109.6288
       796    676.5122    396.1678     26448.26     405.4669  13.9440   0.0166     4.55    0.156  -3.61   0      110.1     6206.014     87.48254
       797    436.9159    398.6020     3016.698      242.959  16.3012   0.0875     5.29    0.271   7.75   0      15.98     755.3679     72.51205
       798    514.7235    390.5321     18210.73     421.6862  14.3492   0.0251     4.66    0.124   3.04   2      73.91     3899.924     81.10188
       799    154.7649    394.9833      19199.7     344.3133  14.2918   0.0195     4.65    0.157  -0.03   0      90.04     4999.326     84.93836
       800    804.4211    396.6645      3257.12     159.7017  16.2179   0.0532     2.37    0.390  23.65   0      39.39     2383.393     77.26935
       801     16.5979    391.4561     17155.06     506.2368  14.4140   0.0320     5.74    0.177  -9.51   3      65.04     3114.942      79.2188
       802      5.3512    389.0694     53453.21     376.3932  13.1801   0.0076     4.81    0.134 -30.75  27      198.4      12597.6     102.8879
       803    853.7504    387.3315     7307.121     366.6394  15.3406   0.0545     8.99    0.070 -12.11   0      34.56     1654.971     74.91325
       804    139.3648    387.4525     18270.08     348.6562  14.3456   0.0207     8.73    0.267  -4.84   0      83.24     4349.515     82.68487
       805    199.9792    386.8254     13749.25     350.6255  14.6543   0.0277     4.60    0.173   1.67   0       67.1     3700.777     81.22081
       806    498.2894    385.3155     16083.76     438.9074  14.4840   0.0296    11.29    0.233 -32.21   0      63.67     3318.378     79.62809
       807    831.0453    385.4756     4480.816      228.351  15.8716   0.0553     4.47    0.252   6.20   0      27.53     1478.085     74.37467
       808    383.2707    386.7980     4833.872     364.1618  15.7893   0.0818     6.43    0.309  15.24   2      19.78     833.4248     72.37793
       809    743.3723    385.2326     2100.287     249.0875  16.6943   0.1288     4.65    0.101 -53.62   0       15.1      781.961     72.59535
       810    594.1014    385.4030     3812.085     308.3563  16.0471   0.0878     5.55    0.254 -12.01   0      19.88     1003.471     72.90993
       811    174.0199    383.9704     14822.33     402.3239  14.5727   0.0295     5.27    0.251  -1.20   3      61.93     3107.076     79.54216
       812    165.0185    384.7708     7616.285     374.2408  15.2956   0.0534     5.07    0.300  -1.56   3      34.68     1800.248     75.71619
       813     42.5021    383.3756     6143.235     344.6658  15.5290   0.0609     9.45    0.294 -45.26   3      27.25     1031.656     72.24158
       814     35.3474    384.3876      10021.8     438.1135  14.9976   0.0475     5.58    0.321   4.52   3       33.7     1632.171     75.02724
       815    991.6705    380.8356     48014.44     377.6661  13.2966   0.0085     4.41    0.136  -1.32   0      189.5     12523.52     102.7241
       816     23.0461    383.3630     12781.87     503.5887  14.7335   0.0428     9.38    0.496 -11.94   1      33.77     1614.914     74.79163
       817    899.6877    381.5538     8091.938     425.9772  15.2299   0.0572     5.92    0.208 -50.37   0      33.16     1330.618     73.55032
       818    788.2787    382.6462     13489.47     505.2682  14.6750   0.0407    14.95    0.620 -55.54   2      40.78     1678.759     74.80208
       819    359.3255    382.7028      7309.83     424.7525  15.3402   0.0631     4.98    0.211   5.85   0       29.2     1440.076     73.70174
       820    660.6824    382.0440     4356.315     211.0383  15.9022   0.0526     4.64    0.205 -10.26   0      26.94      1374.51     73.68582
       821     64.0789    379.9007     19722.49     325.1886  14.2626   0.0179     4.73    0.146   2.83   0      91.23     4937.977     83.79679
       822    949.9963    378.0295     4912.921     363.2676  15.7717   0.0803     6.37    0.305   8.49   0      19.88     919.6967     73.02528
       823    689.8160    375.9913      29292.1     388.9494  13.8331   0.0144     4.51    0.125  -4.21   0      125.3     7502.765        90.94
       824    431.9666    377.5786     7546.532     283.3856  15.3056   0.0408     8.21    0.542  -4.03   0      34.07      1609.72     75.14213
       825    124.1335    376.7723     8994.139     333.4174  15.1151   0.0403     4.91    0.279   5.64   2       41.8     2070.915      76.1647
       826   1010.2672    371.9678     16030.33     253.4916  14.4876   0.0172     8.84    0.161  -2.27   0      96.29     7123.297     89.98666
       827    522.5228    364.7048     297007.8     543.7112  11.3181   0.0020     4.51    0.143  -5.66   2      626.4     72672.96     194.5199
       828    404.1857    366.6186       120588     429.5846  12.2967   0.0039     4.54    0.155  -2.38   0        360     29967.69     135.9464
       829    264.4164    371.3825     3124.981     271.0955  16.2629   0.0942     4.57    0.221  21.41   0      18.05     942.2942     72.71899
       830    374.1153    368.2438     14609.96     397.9146  14.5884   0.0296     4.69    0.212   0.35   0      64.84     3370.074     79.60323
       831    579.6636    366.3197     52514.58     364.7032  13.1993   0.0075     4.50    0.148   7.59   0        202     13374.75     104.4591
       832    108.2525    367.1638     3232.945     300.0259  16.2260   0.1008     4.51    0.257  -3.24   0      15.89     783.9019     72.22226
       833    989.3905    366.5419     3789.979     301.5877  16.0534   0.0864     4.97    0.316  -0.60   0      21.35     1082.998     73.34483
       834    707.0284    364.0282     9830.406     357.8002  15.0186   0.0395     5.76    0.307 -10.71   0      47.07     2460.896     77.67391
       835    212.0905    360.2262     51580.33     411.8853  13.2188   0.0087     4.78    0.103 -48.82   0      187.5     11562.26     100.1646
       836     39.5434    364.0489     16371.51     336.3743  14.4648   0.0223     4.68    0.253  -1.77   0      78.98      4334.19     82.80869
       837    911.7856    364.0829      12477.9     454.7394  14.7596   0.0396     8.00    0.399   6.86   0      45.98     1940.575     75.77477
       838    777.9366    362.3827     13099.52     382.9713  14.7069   0.0317    11.96    0.640   3.94   0      43.71     1498.543     74.43716
       839    290.3528    362.0385     15808.13     389.8931  14.5028   0.0268     4.86    0.206  12.35   3      66.77     3370.008     79.77532
       840    296.6967    357.8985      33820.3     508.2909  13.6771   0.0163     6.02    0.246  -7.36   3      114.1     6178.422      86.9384
       841    694.5236    363.5353     4732.591     360.3085  15.8123   0.0827     5.93    0.264  45.07   0      17.17     720.3845     71.83124
       842    630.0026    392.9882     2492.739     266.7325  16.5083   0.1162     5.29    0.336  -0.62   0      13.15     676.7972     71.88443
       843    883.6257    359.7052      6940.23     332.0144  15.3966   0.0520     5.38    0.223  -0.22   0       34.3     1719.918     74.37534
       844    679.1940    357.9251      21859.4     528.2103  14.1509   0.0262     9.08    0.474 -21.45   0      76.86     3644.597      80.5538
       845    126.0807    354.2431     32423.97     377.3714  13.7228   0.0126     4.70    0.168   2.27   0      135.5     7755.645     91.26947
       846    806.9964    363.3365     3882.175     300.5173  16.0273   0.0841     4.47    0.200   1.72   0      20.49     1041.194     73.21517
       847    460.2440    353.3872     9088.526     258.0578  15.1038   0.0308     4.75    0.241  -7.42   0      49.49     2645.904     78.21337
       848    181.7421    352.4893     17075.75      315.816  14.4191   0.0201     4.54    0.150   8.37   3      83.14     4449.279     82.62701
       849    178.6528    345.8181     9483.834      331.688  15.0575   0.0380     4.98    0.147   4.14   3      43.32       2082.3     76.37861
       850    634.4047    350.8988      14782.3     442.9069  14.5756   0.0325    10.66    0.441 -35.67   0      53.31     1702.796      75.0582
       851    657.0568    351.3069     6104.769     305.5816  15.5358   0.0544     4.52    0.209   2.26   0         32     1666.828     74.58199
       852    902.2974    349.7100     16909.73     368.8409  14.4297   0.0237     0.00    0.290   2.80   0      78.98     3803.754     80.66193
       853    616.1780    351.3761     3199.467      258.191  16.2373   0.0876     5.09    0.199 -14.52   0      18.22     881.3921     72.90597
       854    869.5925    350.5984      1926.12     228.8138  16.7883   0.1290     5.32    0.163 -18.10   0      13.71     746.5649     72.10467
       855    767.3745    349.4644     3341.024     222.6362  16.1903   0.0724     5.21    0.246  -1.87   0      17.77      796.011     72.45008
       856    721.1405    349.3811     3485.372     233.3181  16.1444   0.0727     4.89    0.252  -3.38   0      21.27     1078.835     73.14449
       857    268.8235    341.3709     145994.6     525.7382  12.0892   0.0039     5.50    0.265  31.42   0      390.3     32031.52     139.5508
       858    416.3185    347.5972     4680.363     331.5008  15.8243   0.0769     4.69    0.327  -6.94   0      22.88      1187.57     73.66814
       859    489.1922    346.0464     6442.706     292.0563  15.4773   0.0492     4.78    0.257 -10.94   0      34.97     1863.255     75.90509
       860     97.5964    346.0089     3127.265     284.6827  16.2621   0.0989     4.95    0.274   0.50   0      15.84     690.6772      71.9283
       861     49.5561    344.1848     11614.55     361.7888  14.8375   0.0338     5.07    0.286  -1.51   3      54.53     2714.535     78.41254
       862     43.4872    342.2180     7531.277      387.703  15.3078   0.0559    10.06    0.185 -47.51   3      33.48      1570.51     74.47247
       863     64.0220    340.9636     21793.38     335.9562  14.1542   0.0167     5.52    0.180  -5.35   0       97.4     5469.792     86.18801
       864    601.5554    340.0125      15019.3     280.8902  14.5584   0.0203     4.63    0.177   2.96   0      75.88     4179.928     82.55068
       865    451.5474    343.0729     2528.291     236.7731  16.4929   0.1017     5.00    0.276  -1.15   0      16.64     911.7265     72.43411
       866   1008.1757    353.5359     38803.04     346.2829  13.5278   0.0097     4.37    0.144   3.17   0      162.3     10387.32     98.02399
       867     28.7557    338.0689     20269.88      307.128  14.2329   0.0165     4.85    0.213  -7.25   0      95.47     5309.266     85.28211
       868    570.3970    339.6463     4125.087     325.8962  15.9614   0.0858     7.55    0.489 -10.08   0      19.29     801.8889     72.46852
       869    370.1242    339.0982      1935.35     253.0391  16.7831   0.1420     5.11    0.409  -7.02   0      12.32     624.1849     71.14132
       870    295.0648    334.9011     33728.84     396.7578  13.6800   0.0128     4.87    0.161   5.51   0        138     8007.003     91.74374
       871    982.3549    335.6654     4226.475     248.2704  15.9351   0.0638     5.06    0.298 -10.26   0      25.05     1292.416     73.80513
       872    133.3648    333.5175      7224.87     391.9265  15.3529   0.0589     5.03    0.237  -9.15   0      33.43     1610.541     74.59453
       873    687.6328    332.8890     3908.017     233.7294  16.0201   0.0650     4.83    0.207   1.47   0      20.77     973.3621     72.24821
       874    860.8377    327.1567     16757.65     356.4425  14.4395   0.0231     6.01    0.259   0.50   0      77.59     4224.476     82.50702
       875     52.6779    328.4932     4585.195     325.1631  15.8466   0.0770     4.61    0.244   4.33   0      22.19     1075.206     72.94525
       876    709.5362    326.1623     8646.253     408.1761  15.1579   0.0513     5.21    0.310 -17.96   0      35.38     1730.538     75.14216
       877    552.4257    326.6336     8816.817     397.1926  15.1367   0.0489     6.23    0.334 -16.93   0      36.52     1665.847     75.31169
       878    198.5683    327.1623     3706.841     259.9608  16.0775   0.0762     0.00    0.400  17.73   0      23.89     1589.193     74.89694
       879    426.8287    325.1341     5871.626      308.761  15.5781   0.0571     8.89    0.425 -36.69   0      25.25     967.8645     72.79886
       880    415.4185    324.4584     22183.71     352.1739  14.1349   0.0172     4.54    0.208  -0.93   0      101.1     5633.734     86.14246
       881    512.5504    325.4707     2552.437     252.2358  16.4826   0.1073     4.12    0.223  39.90   0      16.48     868.9476     72.48939
       882    851.5737    337.1862     18132.02     331.4054  14.3539   0.0198     4.47    0.192  -4.73   0      88.35     5029.268     84.69488
       883    773.8176    321.6562     3357.459     259.6552  16.1850   0.0840     6.02    0.244 -16.85   0      18.83     914.2653      72.8201
       884    607.2851    321.8475     2995.979     259.3386  16.3087   0.0940     6.53    0.341  -0.04   0      15.76     648.8011     71.41241
       885   1007.3787    317.0486     33963.89     406.2931  13.6725   0.0130     4.61    0.222 -14.49   3      134.9     8119.074     92.76387
       886   1014.3774    309.0372     26015.43     363.2434  13.9619   0.0152     4.48    0.163  -8.49  19        115     6857.689     89.77325
       887    488.1413    319.7904     4512.323     216.0261  15.8640   0.0520     4.29    0.224  -6.92   0       28.6     1512.524     74.66393
       888    927.8500    318.2864     4992.259     311.4368  15.7543   0.0677     4.42    0.104  -2.24   0       26.8     1361.924       73.647
       889     51.7461    319.8561     3391.335     283.6862  16.1741   0.0908     6.03    0.394  -6.83   0      18.33     865.1855     72.85543
       890    641.6781    314.6161     26890.77     359.9973  13.9260   0.0145     4.43    0.152   6.44   0      115.6     6745.446     89.02723
       891    221.8862    315.5915     14979.53     323.9823  14.5613   0.0235     4.64    0.207  -8.58   2      71.17     3780.958     81.10705
       892    228.8064    309.9081     8726.713     410.7353  15.1479   0.0511     5.49    0.281 -14.86   3      31.03     1465.029     74.33477
       893    195.4512    317.9840     4580.625     339.6154  15.8477   0.0805     4.46    0.373  -2.37   0         17     772.8973     72.37754
       894    965.9503    316.8223     3246.326     254.2139  16.2215   0.0850     5.12    0.347  -5.78   0      18.81     956.9465     73.14112
       895    185.5535    310.6186     8418.722     331.9928  15.1869   0.0428     4.80    0.254  -6.76   0      42.15     2121.999      76.6759
       896    915.5055    305.6227     75298.27     399.7978  12.8080   0.0058     4.53    0.148  -7.13   0      262.5     18733.97     115.2944
       897    594.0540    309.2043     3196.382     268.6121  16.2384   0.0913     5.20    0.280   7.26   0      16.94     804.8853     72.47792
       898    103.4810    309.0272     5203.913     292.2674  15.7092   0.0610     4.57    0.247   0.44   0      28.77     1460.337     74.32042
       899    391.5452    307.9480     9012.421     362.0513  15.1129   0.0436     4.91    0.295   2.03   0      41.63     2165.192     76.80382
       900    246.4943    308.0842     9237.771     471.6728  15.0861   0.0555     8.32    0.621  11.12   2      22.69     861.7162     72.27702
       901    240.1936    303.2692     7874.807     419.3646  15.2594   0.0578     5.60    0.303   3.41   2      26.13     1242.952     73.65266
       902    733.7208    301.2001     9221.703     317.7649  15.0880   0.0374     5.16    0.094  82.09   0      42.45     2133.191      76.3503
       903    205.0160    300.9541     26744.75      398.807  13.9319   0.0162     4.63    0.124 -20.91   2      112.4     6415.996     88.49299
       904    207.5329    293.0229     8681.047      439.765  15.1536   0.0550     5.10    0.219 -24.09   3      27.48     1316.701     74.06546
       905    709.9336    300.9350     11492.07     140.1361  14.8490   0.0132     0.00    0.105  44.62   0      142.7     11264.71     99.76274
       906    869.4462    294.3157     61071.98     407.0959  13.0354   0.0072     4.58    0.140 -26.51   0      219.6     14642.75     107.0543
       907     47.2211    298.0628     9406.655     394.9315  15.0664   0.0456     8.35    0.450  14.62   0      38.25     1852.869     75.51125
       908    807.5611    296.4384     14195.94     358.6537  14.6196   0.0274     4.79    0.168   6.65   0      62.91     3342.611     79.86929
       909    105.3844    296.4017     23059.43     343.8704  14.0929   0.0162     4.72    0.171  -0.01   0      103.2     5647.431     86.17859
       910      2.0423    295.6925     3873.724     198.7787  16.0297   0.0557     5.46    0.416  82.08  24      24.86     1279.287     73.20424
       911    462.8777    293.6829     43078.36     378.3301  13.4144   0.0095     4.98    0.288   1.74   0        167     10071.69     96.72336
       912    401.1076    296.0262     7015.387     317.2666  15.3849   0.0491     4.85    0.293   1.41   0       36.7     1842.091     74.93118
       913    983.4855    295.1998     4653.861     269.8424  15.8305   0.0630     4.66    0.220  15.35   0       25.8     1303.656     74.21064
       914    959.8350    294.2553     2549.814     213.9514  16.4837   0.0911     6.14    0.320 -25.26   0      16.45     854.6797     72.44464
       915    945.5239    291.7879      10999.2     300.1893  14.8966   0.0296     4.34    0.163  -5.32   0      58.36     3169.631      79.5483
       916    531.8609    292.5453     8437.811     322.5682  15.1844   0.0415     4.67    0.212   5.25   0       41.7     2133.694     76.53139
       917    229.1138    292.5003     7049.562      365.542  15.3796   0.0563     8.86    0.340  12.77   0      31.86     1440.718     73.70373
       918    910.3403    291.8350      5158.36     351.9064  15.7187   0.0741     5.08    0.218 -12.27   0      23.45     1175.946      73.4456
       919    575.9239    291.4291      8392.82     381.9691  15.1902   0.0494     5.33    0.276   7.54   0      36.05     1756.141     75.21956
       920    188.1114    287.9624     43092.75     367.2919  13.4140   0.0093     4.69    0.131  -3.20   0      171.3     10633.36     98.17417
       921   1008.6966    286.6083     33070.71     341.4965  13.7014   0.0112     4.41    0.163   0.10   0      144.6     8874.422     94.30569
       922    886.4659    286.4845     4042.741      343.278  15.9833   0.0922     5.54    0.173  -8.96   0      16.61     723.9955     71.84266
       923     49.7229    275.6313     803261.3      747.911  10.2379   0.0010     4.68    0.108  -5.69   0       1083     189467.6     301.6312
       924    646.8344    284.3433     10143.33      294.922  14.9845   0.0316     4.59    0.220   6.89   0      53.28     2785.103      78.2668
       925    154.0345    285.6534     3404.591     239.0527  16.1698   0.0763     5.38    0.304  -9.01   0      19.31     968.3896      72.8005
       926    117.1487    280.0969     31067.28     381.0833  13.7692   0.0133     7.57    0.108 -20.02   0      128.1     7355.473     90.11528
       927    529.9924    282.3209     3944.992     287.7304  16.0099   0.0792     4.56    0.208  -0.35   0      20.66     1085.796     73.16611
       928    560.9993    279.8111     11346.55      366.335  14.8628   0.0351     8.33    0.477  12.07   0       44.3     1895.255     75.63872
       929    390.0533    281.5779     4748.884      369.721  15.8085   0.0845     5.30    0.214  15.85   0       18.6     828.0059     72.55038
       930    734.1733    278.0399     26273.76     383.6197  13.9512   0.0159     4.81    0.170   2.57   0      112.2     6396.803     88.44369
       931    509.9475    276.0036     101328.5     422.5331  12.4857   0.0045     4.58    0.136   5.93   0      317.9     25103.93     127.6639
       932    311.5722    279.1361     3008.835      183.381  16.3040   0.0662     5.10    0.436  -6.52   0      18.91     924.8462     72.47527
       933    472.4561    277.7770     4375.901     326.0711  15.8973   0.0809     4.31    0.248 -17.95   0      20.44     1030.073     72.99281
       934    782.4135    273.8871     8201.035     337.9921  15.2153   0.0448     5.86    0.186 -17.14   0      39.87     1966.877     75.67242
       935    173.2371    275.3549     2872.173     275.9048  16.3545   0.1043     5.63    0.218  21.74   0      16.54      824.881      72.3511
       936    289.2858    274.4619      4851.57     209.9425  15.7853   0.0470     6.01    0.402  -5.60   0      29.09      1446.55     73.90768
       937    433.8921    271.3374     16292.46     347.3647  14.4700   0.0232     4.64    0.220 -11.53   0      76.17     4010.562     81.41134
       938    361.0454    270.0343      64210.9      398.644  12.9810   0.0067     6.55    0.240  -0.43   0        230     16049.84     110.3747
       939    687.6691    272.0122     2688.838     293.8302  16.4261   0.1187     5.78    0.384  -0.75   0      14.38     654.8855     71.81512
       940    214.3135    263.8707     114989.3     466.5738  12.3484   0.0044     4.84    0.175 -12.61   0      339.3     26326.76     129.5049
       941    992.9398    268.0998     3264.585     217.8828  16.2154   0.0725     5.42    0.093  51.19   0      21.09      1065.61     72.53782
       942    819.4366    267.8758      5048.74     309.2664  15.7420   0.0665     4.82    0.220  -7.80   0      25.89     1317.548     73.88248
       943    708.1879    264.8410      16700.7     323.0698  14.4432   0.0210    11.56    0.076  38.13   0      75.71      3888.91     81.91331
       944    670.8772    300.0695     6466.255     429.9257  15.4734   0.0722     7.18    0.449   4.74   2      22.62     828.7961     71.98298
       945     74.0617    267.2578     5270.452     322.4645  15.6954   0.0664     4.91    0.336   0.65   0      27.14     1386.858     74.28043
       946    479.6482    261.1959     5782.178     313.1107  15.5948   0.0588     5.11    0.356   0.53   3      30.19     1517.447     74.49486
       947    472.4050    261.8860       4833.1     358.4621  15.7894   0.0805     7.69    0.370 -19.64   3       21.8     1007.817     72.92348
       948    404.0135    265.1771     3743.275     276.6215  16.0669   0.0803     4.39    0.162  31.68   0      21.41      1083.91     73.34766
       949    970.4340    263.2843     6137.129     271.0888  15.5301   0.0480     4.75    0.247  -3.67   0       34.6     1777.522     75.10155
       950    264.2039    256.3535     258841.5     543.5381  11.4674   0.0023     4.58    0.165 -21.19   0      572.9     62445.65      182.405
       951    374.8131    263.5164     3434.198     290.8879  16.1604   0.0920     6.43    0.286  19.20   0      17.34     788.2586     72.23597
       952    919.1587    258.9511     5183.947     315.9519  15.7133   0.0662     4.80    0.278  11.01   0       25.7     1262.412     73.89868
       953    800.1262    259.4143     3327.621     221.0755  16.1947   0.0722     4.62    0.224 -12.35   0      18.97     966.2923     72.98229
       954    439.4241    254.9489     81158.97     397.1113  12.7267   0.0053     4.60    0.140   1.07   0      275.8     20803.47     119.8782
       955    298.9398    258.7968     5076.582     267.6458  15.7361   0.0573     4.49    0.237   1.78   0      28.69     1472.733     74.54271
       956    649.1497    252.6130     176404.8     490.0163  11.8837   0.0030     4.81    0.232   7.21   0      451.8     41913.44     154.7215
       957    729.8185    254.0445     38947.01       344.39  13.5238   0.0096     4.51    0.173  -5.15   0      163.7     10546.04     98.53072
       958    233.1147    251.0871     21891.94     644.1497  14.1493   0.0320    14.20    0.659 -13.18   0      52.24     1798.468     75.16492
       959    930.0138    252.2673      3701.49     311.5968  16.0791   0.0914     3.92    0.213   0.07   0      19.08     1032.307     72.99977
       960    686.9543    248.0832     19149.17     308.5304  14.2946   0.0175     4.53    0.162  -4.15   0         93     5247.505     84.79418
       961    606.0707    248.4595     11571.19     452.7726  14.8416   0.0425     7.74    0.454  17.87   0      42.61     1929.411     75.74127
       962    569.7249    248.6705     3741.072     286.3733  16.0675   0.0831     4.40    0.305 -10.65   0      20.47     1058.771     72.89403
       963    111.0534    247.1303      6936.24     353.0527  15.3972   0.0553     4.92    0.205 -10.48   0      34.94     1733.251     74.96747
       964    633.1877    246.3155     8984.572     423.2218  15.1163   0.0512     4.62    0.245 -15.30   0       33.5      1704.66     75.06385
       965    364.8301    248.1114     2626.984     280.6379  16.4514   0.1160     5.15    0.396   6.68   0      13.55     657.7491     71.44089
       966    408.7188    245.3481     9116.723     228.4561  15.1004   0.0272     7.03    0.480  64.51   0      93.19     6371.864     87.75606
       967    797.9902    285.7245     2719.327     280.7127  16.4138   0.1121     5.60    0.471  -5.53   0      15.52     721.2835     72.02494
       968    858.8038    243.2089     8714.082     367.5105  15.1494   0.0458     5.50    0.277  -2.58   0      36.26     1713.486     75.09056
       969    485.7082    243.9865     3689.643     309.3774  16.0825   0.0911     7.21    0.344 -18.86   0      19.34     984.7643     72.47375
       970    136.3124    241.6843     9571.633     470.3766  15.0475   0.0534    12.49    0.532  35.38   0      32.24      1205.19     73.34912
       971    374.2569    241.3538     4258.798     209.2998  15.9268   0.0534     4.76    0.293   0.23   0      24.97     1263.995     73.90355
       972    774.8977    225.4849     727089.2     721.0703  10.3460   0.0011     4.45    0.064  -3.45   0       1025     178318.6     292.9698
       973    335.9641    239.6514     4163.056     220.3809  15.9515   0.0575     4.82    0.187 -12.00   0      24.97      1265.88     73.72337
       974    920.9215    239.3564     3970.447     218.6179  16.0029   0.0598     4.49    0.287  -1.95   0      24.69     1280.017      73.5806
       975    604.0618    238.9218     6728.282     342.0544  15.4302   0.0552     4.96    0.271  -6.78   0      31.02     1545.736     74.21207
       976    163.8289    238.3987     11132.01     369.9316  14.8836   0.0361     4.66    0.244   1.29   0      52.64     2748.165     78.50996
       977    193.1222    236.7827     6704.636      281.493  15.4341   0.0456     0.00    0.041   5.90   0      42.19     2942.992     78.89813
       978    961.9542    235.0004     2662.772     207.5595  16.4367   0.0847     1.03    0.417  -1.72   0      26.54     2015.467     76.17948
       979    562.0056    235.0144      2787.69     264.4002  16.3869   0.1030     5.72    0.443 -14.98   0      15.41     767.2291     72.16978
       980    249.3010    233.1442     8059.457     326.5331  15.2342   0.0440     8.96    0.236  25.49   0      42.19     1844.672       74.939
       981    896.9770    232.5052     7726.608     337.6729  15.2800   0.0475     8.48    0.251  -9.98   0      41.91     2449.941      76.7527
       982   1000.7739    230.3286     17049.52     416.9645  14.4207   0.0266     4.32    0.167   9.51   0      74.86     4186.457     82.23546
       983    876.5448    231.9853     5763.505     379.4981  15.5983   0.0715     8.66    0.107 -32.29   0      27.49     1353.396     74.17797
       984    465.0351    230.3381     25341.97     349.3279  13.9904   0.0150     4.84    0.281  -4.44   3      110.4     6110.768     87.39198
       985    460.2685    223.2086     154016.7     467.1945  12.0311   0.0033     4.50    0.134   5.17   2      415.3     37200.77     147.5438
       986    348.7673    232.0268     2895.087     252.5443  16.3458   0.0947     4.44    0.222  36.85   0      16.39     843.2626     72.78701
       987    307.8094    230.8995     4403.403     321.8528  15.8905   0.0794     5.61    0.286 -12.73   0      20.94     1002.024     72.90543
       988    284.7964    226.4835     126918.4     435.2926  12.2412   0.0037     4.59    0.166  -1.28   0      371.7     31225.99     138.1334
       989    583.9377    229.1411       5368.5     364.4953  15.6754   0.0737     1.51    0.573 -27.08   3       21.7     649.7692     71.98987
       990    592.1197    224.6104     21230.97     349.6006  14.1826   0.0179     4.56    0.163 -10.58   2      96.64     5423.861     85.58695
       991    508.0905    228.7778     11944.46     341.5064  14.8071   0.0311     4.69    0.241   9.88   0      55.05      2906.21     78.09207
       992    327.2669    227.4110      7837.63     208.2641  15.2645   0.0289     0.00    0.285  65.71   0      83.23      5254.19     85.13521
       993    539.2859    228.8062     4087.676     307.4451  15.9713   0.0817     5.83    0.291   2.26   0      23.43     1117.999     73.26607
       994    526.3443    225.4240     8990.176     319.7532  15.1156   0.0386     4.68    0.179   2.37   0      47.33     2434.473     77.24192
       995    982.3414    223.7389     15522.01     408.6409  14.5226   0.0286     4.57    0.200   2.34   1      68.07     3693.483     81.03115
       996    687.8545    224.7708      6964.34     332.0309  15.3928   0.0518     4.69    0.251  -7.95   0      34.99      1846.13     75.49097
       997    981.7192    256.8490     2535.064     242.5081  16.4900   0.1039     5.81    0.457 -12.12   0      14.85     723.5398     71.64988
       998     54.6257    223.3693     7484.779      351.458  15.3146   0.0510     5.50    0.255   3.48   0      34.84     1663.987     75.30608
       999    795.8354    223.5909     5628.129      398.821  15.6241   0.0770     6.89    0.344  -5.60   0      19.46     793.0759     72.63013
      1000     28.6172    222.6246     4100.841     215.5927  15.9678   0.0571     4.99    0.230   4.00   0      24.14     1211.055      73.9265
      1001    208.5822    221.2998     4866.635     351.7179  15.7819   0.0785     5.79    0.328  -0.44   0      21.58     1030.361     72.61659
      1002    949.8471    219.4724     4966.584     351.7825  15.7599   0.0769     5.41    0.358  10.24   0      21.89     1031.544     72.99739
      1003    989.3383    215.8511     24477.77     421.8083  14.0281   0.0187     4.57    0.099   0.42   1       97.6     5420.165     85.57714
      1004    902.6635    215.8695     5836.153     288.0312  15.5847   0.0536     8.46    0.354 -10.46   0      30.28     1499.959     74.25684
      1005    391.0442    230.5463     21224.76     307.8338  14.1829   0.0158     4.46    0.175   0.15   0      99.71     5709.477     86.50092
      1006    342.5832    213.6606      30320.4     405.9442  13.7957   0.0145     4.68    0.092  -4.02   3      122.9     6985.668     89.63838
      1007    345.6388    203.4750     48981.43     565.8298  13.2749   0.0125     4.69    0.298 -75.67   3      157.3     9321.212     95.37636
      1008    247.6282    216.5570     3997.434      301.744  15.9955   0.0820     4.86    0.333   5.52   0      21.16     1013.253     73.31587
      1009    178.0719    213.5764     9044.759     515.3939  15.1090   0.0619    10.15    0.676 -29.44   0      23.47     973.8314     73.00577
      1010    104.6649    209.3784     28397.31     414.0858  13.8668   0.0158     9.92    0.385 -46.20   0      94.55     3213.215     79.67273
      1011    715.1516    213.0890       3116.3     258.1178  16.2659   0.0900     5.28    0.401  -5.30   0      18.43      985.121     72.47486
      1012    686.8480    210.6997     3393.882     304.6872  16.1733   0.0975     5.69    0.232  -1.70   0      17.55     789.2706     71.28264
      1013    557.7838    205.8232     15812.29     606.8241  14.5025   0.0417    15.59    0.583  40.44   2      52.06     1934.959     76.11948
      1014    563.2847    205.4252     9536.602     438.6449  15.0515   0.0500     6.18    0.227   8.11   3      34.29     1567.804     74.27962
      1015     42.7976    205.1549     18100.59     392.1033  14.3558   0.0235    13.06    0.121  49.76   0      73.78     3093.709      79.3311
      1016    508.0103    206.6579     6042.456      338.571  15.5470   0.0609     5.77    0.323 -33.17   0      27.94     1407.293     74.34293
      1017    375.2192    207.0906     4058.105     242.5202  15.9792   0.0649     5.75    0.325   2.76   0      22.22     1051.239     72.49278
      1018    181.8730    205.0175      7628.41     432.1309  15.2939   0.0615     5.73    0.148 -23.30   0      24.23     1142.461     73.52885
      1019    815.4045    202.1991        18482     508.8596  14.3331   0.0299     6.13    0.135 -82.48   3      62.74     2524.627     77.50673
      1020    813.0149    194.1942     13416.24     404.0849  14.6809   0.0327     4.81    0.140  -5.71   3      58.78     3102.531     79.18318
      1021    424.7608    198.2517     9445.347     350.7722  15.0620   0.0403     4.82    0.244   2.27   0      45.37      2330.07     77.11235
      1022    254.0450    197.4207     22375.56     439.8186  14.1256   0.0213     9.43    0.541  -9.14   3      86.33     4708.874     83.99432
      1023    248.6309    191.7142     26062.51     405.2507  13.9600   0.0169     4.68    0.219 -37.87   3      106.3     5795.614     86.40977
      1024    991.8525    193.2662     15145.07     420.0306  14.5493   0.0301     4.58    0.170 -18.65   2      62.16     3248.445     79.60089
      1025    738.5627    199.2497     3077.282     269.7864  16.2796   0.0952     6.22    0.540  -3.28   0      16.06     750.2876      72.1164
      1026     63.6053    196.0251     12488.02     406.1058  14.7588   0.0353     5.04    0.241   4.34   0      54.69     2725.074     78.26788
      1027    706.7637    196.6583     4852.199     267.4552  15.7852   0.0599     5.31    0.273  -3.89   0      27.09     1389.957     74.10489
      1028    492.0544    197.2093     3033.842     258.0452  16.2950   0.0924     4.70    0.269   6.23   0      17.51      892.144     72.75103
      1029      8.2026    195.6159     7688.609     346.6747  15.2854   0.0490     5.25    0.164  22.03  19       36.3     1758.116     75.22552
      1030      4.3183    190.9936     6336.993     332.6346  15.4953   0.0570     4.95    0.164  15.91  19      25.21     1200.604     73.70835
      1031    688.3992    195.9965       4489.5     242.9242  15.8695   0.0588     4.81    0.195   8.01   0      26.03     1346.163     73.97045
      1032    193.0462    194.1956     5533.167     398.7669  15.6426   0.0783     7.27    0.185 -19.64   3      18.94     780.9149     72.40272
      1033    194.9619    188.2299     7588.736     432.9036  15.2996   0.0620     5.51    0.176 -19.10   2      29.89     1367.749     74.22194
      1034    864.1927    193.7055     3254.823     271.2044  16.2187   0.0905     4.70    0.284   1.13   0      19.01     938.0164     72.70562
      1035    150.9509    191.8867     6532.993       404.46  15.4622   0.0672     5.10    0.278  -3.24   0      25.88     1195.833     73.13264
      1036    338.3368    189.9631     17683.17     406.4777  14.3811   0.0250     4.46    0.095 -15.42   2      70.41     3392.338     80.01067
      1037     20.0373    190.0576     10241.74     409.9016  14.9741   0.0435     4.92    0.202  -2.80   0      42.54       2153.3     76.41013
      1038    286.4894    188.2018     21940.25     382.8408  14.1469   0.0189     4.67    0.228   3.94   0      95.51     5287.187     85.22325
      1039    598.1602    187.8418     5554.646     384.7627  15.6384   0.0752     8.07    0.334   6.52   0      22.03     1018.377     72.95638
      1040    944.9762    187.1135     6017.714     333.4472  15.5514   0.0602     5.21    0.225  -5.29   2      29.62     1404.499     73.77827
      1041    939.0984    183.1373     5126.153     340.9883  15.7255   0.0722     5.03    0.234  10.85   3      23.16     1065.087      72.7252
      1042    406.9793    175.5724     505312.4     641.5484  10.7411   0.0014     4.53    0.082   5.61   0      842.4     126096.6      249.462
      1043    321.2250    181.3702     72869.48      390.585  12.8436   0.0058     4.55    0.176   2.20   0      255.3     18455.61     115.3411
      1044    658.8773    194.8302     22087.58     243.8459  14.1396   0.0120     0.00    0.449   6.30   0      147.6     12250.01     102.1172
      1045    209.2250    182.0527     15352.81     386.0881  14.5345   0.0273     4.71    0.145  -3.26   0      68.03     3623.154     80.83366
      1046    100.5365    183.9546     4747.579     277.4454  15.8088   0.0635     4.57    0.147   1.00   0      25.13      1271.24     73.73989
      1047      4.1007    183.8016       4355.9     295.1169  15.9023   0.0736     7.18    0.310 -13.21  24      22.24     1059.271     73.08366
      1048    805.2305    181.5986     9282.909     405.1561  15.0808   0.0474    10.77    0.451  18.21   0      36.48     1609.612      75.1418
      1049   1015.9049    181.5120     6623.957     302.5837  15.4472   0.0496     5.14    0.238 -13.04  16      33.59     1678.807     74.80223
      1050    277.4721    179.4769     20619.13     372.0432  14.2143   0.0196     4.59    0.179   1.02   0      92.75     4995.261     84.11537
      1051    156.8043    176.4211     43080.19     515.7525  13.4143   0.0130     5.14    0.266 -18.81   0      145.4     8073.235     92.35468
      1052    299.4491    180.1797     6002.606     381.4451  15.5542   0.0690     5.03    0.259   1.97   0      23.61       1162.6     73.77738
      1053      9.4077    173.6054     14382.79     387.2931  14.6054   0.0292     4.97    0.191 -12.15  16      62.85     3150.793     79.32159
      1054    621.8719    171.8291      5990.84     352.4436  15.5563   0.0639     5.17    0.255  -4.93   0      28.72     1398.379     74.13071
      1055    577.2381    172.0306     3652.504     296.8957  16.0935   0.0883     6.95    0.300 -29.84   0      18.68     869.9983     72.68181
      1056    143.0592    167.5105     104057.8     446.8563  12.4568   0.0047     4.61    0.135   1.75   0      321.5     24768.93     126.7416
      1057    820.2831    170.8486     9713.048     337.9934  15.0316   0.0378     8.45    0.095 -17.63   0      51.22     3158.979     78.99825
      1058    186.0625    170.5675     6118.049     351.5507  15.5335   0.0624     4.90    0.237 -17.38   0      28.04      1360.34       74.014
      1059     16.7548    168.1826     4824.345     364.1559  15.7914   0.0820     7.03    0.131 -26.71   1      20.16     848.5616     72.80356
      1060    969.8399    166.8366     5740.266     287.9555  15.6027   0.0545     4.89    0.210 -16.82   0      29.87     1408.707     74.16237
      1061   1023.3603    165.7414     2790.995     167.4466  16.3856   0.0652     3.42    0.436  86.24  24      24.99     1568.866     72.41121
      1062    775.8319    166.0434     13516.53     159.2582  14.6728   0.0128     0.00    0.260 -13.22   0      154.8     12566.74     103.0864
      1063    746.3682    160.1819     165620.5     527.6906  11.9522   0.0035     5.22    0.328   9.13   2      425.5     34775.77     143.9507
      1064    725.9503    160.7046     26880.61     347.3761  13.9264   0.0140     4.45    0.207  -8.47   2      116.9      6807.38     88.72221
      1065    440.0288    163.8441     12895.81     353.9716  14.7239   0.0298    10.85    0.264  16.60   0      59.43      3230.43     79.89384
      1066     66.6934    163.7426     14124.17     365.2461  14.6251   0.0281     6.06    0.247 -40.83   0      58.44     2583.669     77.14767
      1067    811.7320    165.4194     5031.409     355.7049  15.7458   0.0768     5.23    0.249   0.92   0      22.35     1060.878     73.27625
      1068    678.1933    161.1067     15813.43     350.9844  14.5024   0.0241     4.73    0.225  -3.94   2      70.32     3467.042     80.22259
      1069    657.0843    162.0853     6373.819     244.6807  15.4890   0.0417     4.69    0.116  13.73   3      34.88      1736.17     74.97632
      1070    652.6895    156.9418     6090.314     319.8387  15.5384   0.0570     5.02    0.246  22.44   3      28.62     1396.898     73.75484
      1071    221.9782    178.3947     14887.99     418.2536  14.5679   0.0305     9.13    0.158 -22.34   0      62.66     3250.746     79.60746
      1072    817.1312    158.9728     4871.947     366.0655  15.7807   0.0816     6.03    0.125  -2.59   0      19.62     926.5983     72.66991
      1073    132.3115    156.6351     10515.79     483.0654  14.9454   0.0499     5.73    0.277  21.03   0       31.2     1364.403     73.65464
      1074    345.8626    154.8105       6865.6      337.093  15.4083   0.0533     4.78    0.226  11.24   0      33.11      1696.82     75.04011
      1075    900.8774    151.8797     21904.88     345.1013  14.1486   0.0171     4.49    0.127  -2.59   0      98.35     5493.805     85.29098
      1076   1009.5149    152.3724     5000.181     326.5059  15.7525   0.0709     4.45    0.066 -17.37   0      25.69     1286.127     73.59947
      1077    117.6191    151.9111     6251.253     404.3017  15.5101   0.0702     4.87    0.218   3.89   0      24.44     1144.519       72.973
      1078    571.0008    150.3379     7500.798     273.4875  15.3122   0.0396     4.76    0.247   1.70   0      41.37     2229.964     76.81674
      1079     23.9710    151.1370     4353.305     283.2468  15.9030   0.0707     5.41    0.322  -3.72   0      23.99     1189.697     73.48814
      1080    855.1851    149.0018     4161.223     314.1247  15.9519   0.0820     5.48    0.325  -1.51   0      20.24     1023.374     72.97195
      1081    284.0085    147.2110     12840.67     313.8489  14.7285   0.0265     7.97    0.113 -17.77   0      60.02     3030.907     78.97734
      1082    611.9746    147.3277     7563.042     332.4405  15.3033   0.0477     6.37    0.356   3.20   0      35.96     1707.161     75.07142
      1083    445.5154    144.5164     8240.246     356.7887  15.2101   0.0470     5.55    0.330  -3.97   2      42.55     1538.113     74.37353
      1084     84.2383    144.8436     21163.08     428.9126  14.1861   0.0220     5.38    0.265  -2.37   0      85.03     4419.833      83.0434
      1085    311.6817    146.9933     2626.181     228.0078  16.4517   0.0943     5.72    0.364  -0.36   0      16.03     816.0737     72.51299
      1086    973.8374    144.5327      2736.55     279.5014  16.4070   0.1109     5.83    0.320  23.91   0      14.48     725.4561      72.0381
      1087     66.7878    139.1550     67676.35     399.7572  12.9239   0.0064     4.78    0.158   2.08   0      235.2      15916.7     110.2248
      1088    672.3083    139.3456     5505.839     177.0073  15.6479   0.0349     5.73    0.279  45.51   0      68.35     3872.073      81.0238
      1089    408.4749    136.8676     16673.11     416.7592  14.4450   0.0271    14.79    0.326  32.48   0      60.02     2309.713     76.69517
      1090    796.9609    138.7971     5297.374     280.3545  15.6898   0.0575     4.57    0.234  -5.52   0      29.68     1508.666     74.83585
      1091    661.3820    137.9815     4250.008     385.7747  15.9290   0.0986     7.71    0.291  84.27   0      17.23     656.9224     72.20284
      1092    709.5255    135.0806     49471.52     419.8111  13.2641   0.0092     4.62    0.152  -7.06   0      188.2     11975.27     101.0973
      1093    594.5123    136.9868     8448.449     346.1826  15.1831   0.0445     4.92    0.210   1.01   0       40.5     2136.438     76.17997
      1094     82.8904    135.4833     4195.484     338.3448  15.9430   0.0876     6.60    0.294   3.79   0      17.45     779.2863     72.01736
      1095    571.2247    131.6744     7418.608     364.8319  15.3242   0.0534     4.97    0.206  -1.67   0      34.99     1699.293     75.04759
      1096    139.2577    130.8205     4505.786     344.5818  15.8656   0.0831     8.01    0.503  -8.72   0      20.92     884.3412     72.53764
      1097    841.2039    126.2243     48264.36     434.4356  13.2909   0.0098    14.60    0.162 -27.21   0      173.9      10713.8     98.77804
      1098    295.8231    127.9788     11832.96     349.3811  14.8173   0.0321     4.80    0.219  -5.52   0      53.96     2806.896     78.67979
      1099    807.2690    127.5991     8434.865     327.8428  15.1848   0.0422     9.45    0.596  16.15   0      46.12     2416.372     77.36629
      1100    746.8345    128.1223     8568.132      275.621  15.1678   0.0349     1.51    0.496  18.13   0      44.81     1620.946     74.80995
      1101    364.3476    126.8794     8968.334     401.5755  15.1182   0.0486     5.05    0.328  -3.49   0      37.97     1962.349     75.47715
      1102    306.4749    126.3292     6806.333     322.4827  15.4177   0.0515     5.55    0.216   6.22   0      33.71     1701.072     74.86984
      1103    245.8938    125.8715     4868.516     294.3477  15.7815   0.0657     9.38    0.352 -44.33   0      23.72     963.9167     72.40834
      1104    466.7761    126.0387     2802.155     305.3715  16.3813   0.1183     3.14    0.206  -3.55   0       14.6     702.8562     72.53678
      1105    774.4763    122.5618     23817.94     391.0394  14.0577   0.0178     4.59    0.202  -5.66   3        105     5842.013     86.69023
      1106    785.2079    121.0430     35348.86     393.3461  13.6291   0.0121     4.66    0.171   0.79   3      144.7     8945.641     94.91209
      1107      6.3746    122.7747     4749.958     274.9622  15.8083   0.0629     5.62    0.261   7.57  16      23.72     1140.769     73.71011
      1108    586.9120    120.7732     9352.626     381.6415  15.0727   0.0443     5.95    0.236  -7.40   3      44.61     2184.698     76.14373
      1109    590.1713    114.7846     9436.985     380.7916  15.0629   0.0438     4.58    0.089  -0.43   3      39.76     2038.446     76.42784
      1110    187.0695    118.3064     12418.19     284.8666  14.7649   0.0249     4.65    0.188  -0.10   0      63.62     3327.278     79.48096
      1111    801.5428    118.5555     3576.632     243.4823  16.1163   0.0739     4.24    0.298  -0.48   0      20.48     1045.384     73.22818
      1112     37.5984    119.1403     2598.022     260.3114  16.4634   0.1088     3.64    0.287 -13.58   0      15.17     788.3528     72.42606
      1113    718.6287    116.7638     5194.184     364.3866  15.7112   0.0762     5.48    0.273  -8.06   2      23.33     900.7997     72.96645
      1114    263.7529    116.3526     2844.402     179.3908  16.3650   0.0685     5.68    0.331   9.67   0      18.96     1017.976     73.33051
      1115    977.6237    113.0193     21783.39     378.2377  14.1547   0.0189     5.98    0.223 -24.03   0       95.4     5334.889     85.67145
      1116    658.6116    111.4423      19906.9     370.6832  14.2525   0.0202     4.60    0.169  -0.98   2      79.24     4257.633     82.93004
      1117    622.6204    112.8091     21015.47     361.0533  14.1937   0.0187     4.72    0.175  -3.94   0       95.5     5316.859     85.30235
      1118    997.1335     99.5861     130430.8     570.0217  12.2115   0.0047     6.10    0.403  62.91   0        352     22966.35     123.6891
      1119    775.3947    112.9480     3789.014     335.0122  16.0537   0.0960     6.12    0.192   9.31   0      18.11     872.2645      72.6889
      1120    203.5148    111.8949     4417.342     249.8227  15.8871   0.0614     5.59    0.226   7.83   0      24.51     1180.422     73.27233
      1121    459.3619    110.8133     5310.963     302.7317  15.6871   0.0619     5.12    0.368   6.21   0      25.91     1372.451     74.60526
      1122    484.9887    110.6197      2630.84      220.358  16.4498   0.0910     6.36    0.325 -16.61   0      16.87     822.0965     72.34235
      1123     67.0110    109.4310     6673.561     328.7144  15.4391   0.0535     4.97    0.256  20.60   0       34.1     1735.956     75.52297
      1124    450.5428    110.0079     3767.003     317.1031  16.0600   0.0914     5.66    0.497   9.49   0      18.24     907.1067     72.79775
      1125    107.8658    109.0863     6772.205     318.1728  15.4232   0.0510     4.69    0.287  -3.90   0      32.92     1673.789      74.6032
      1126    842.6678    108.0495      4706.29      370.622  15.8183   0.0855     6.48    0.071 -22.87   0      18.02     819.8153     72.33518
      1127    165.0355    107.8535     4055.697     215.5452  15.9798   0.0577     4.81    0.243  -1.78   0      23.42     1172.739     73.43568
      1128    561.8201    105.8885     10672.68     428.9551  14.9293   0.0436     8.47    0.490   6.17   0       40.5     2062.121     75.77699
      1129     85.8167    105.1127     12696.38     352.8723  14.7408   0.0302     5.05    0.224   1.81   0      58.32     2970.763     78.62968
      1130    984.4915    103.8058     16304.58     391.0609  14.4692   0.0260     4.60    0.187   3.34   1      71.02     3763.478     81.05805
      1131    883.3118    103.0832     33928.52     331.8821  13.6736   0.0106     4.46    0.172  -2.84   0      146.9      9088.16      94.6745
      1132    740.3079    104.8187      5646.05     329.0479  15.6206   0.0633     4.66    0.154  21.93   2      27.64     1354.203     73.43646
      1133    740.4396     97.7824     4655.068     333.5477  15.8302   0.0778     4.64    0.141  -5.57   2      22.19     1153.565     73.93546
      1134    630.8091     99.3694     8806.139     439.8296  15.1380   0.0542     5.99    0.250 -27.49   3      33.42      918.353      73.0211
      1135    626.0233    102.5181     10421.33     420.7424  14.9552   0.0438     5.17    0.286  19.82   3      35.49     1265.653     73.72267
      1136    848.5922     93.7516     462703.8     637.6765  10.8367   0.0015     4.58    0.185 -11.10   0      802.7     113700.6     237.8429
      1137    303.5654    101.6413     4023.923     270.5827  15.9884   0.0730     6.37    0.324 -11.06   0      22.75     1061.729     73.27888
      1138    194.8240    102.2087     2647.652     223.4684  16.4428   0.0917     5.80    0.258  -9.19   0      15.67     778.0873     72.39384
      1139    150.0094    102.5138     3847.281     301.6309  16.0371   0.0851     4.90    0.166  33.23   3      20.17     1043.125     72.84523
      1140    151.4157     96.4430     11384.38     359.7412  14.8592   0.0343     4.94    0.170  -4.50   2      53.68     2778.523     78.59779
      1141    944.5121    101.4933     4184.358      313.047  15.9459   0.0812     5.73    0.168   0.10   2      23.06     770.7645     71.99046
      1142    578.2152     93.7979     218914.3     497.0746  11.6493   0.0025     4.57    0.101  -3.93   0      522.7     54506.26     172.1491
      1143    279.4621     96.8158     49999.76     377.0429  13.2526   0.0082    12.69    0.212  16.53   0        189     11887.83     101.3079
      1144     52.6021     96.2114     36651.19     403.5635  13.5898   0.0120     4.71    0.187 -19.46   0      144.9      8536.33     93.48736
      1145    725.3732    100.6354     3614.483     251.8318  16.1049   0.0757     4.45    0.327  -6.56   0      21.33     1093.151     73.56313
      1146    363.0811     96.3100        44975     391.0486  13.3676   0.0094     5.24    0.285  -0.66   0      167.8     9731.431     96.20632
      1147    356.4421    110.3152     7954.688     341.8659  15.2484   0.0467     4.83    0.236   7.51   0      37.39     1869.747     75.19779
      1148    138.8376     97.7250     6063.163     387.7276  15.5433   0.0694     9.21    0.478  43.30   0      24.93      1004.11     72.91193
      1149    500.9294     96.2914     1982.148     172.4236  16.7572   0.0945     5.49    0.460   4.33   0       14.8     789.3063     72.04897
      1150    244.4118     89.5893     4979.464     411.1683  15.7570   0.0897     7.92    0.250  22.18   0      19.71     878.2009     72.51839
      1151    956.5081     89.7395     2846.143     269.5916  16.3644   0.1029     3.94    0.048  -5.89   0      16.64     892.8116     72.18481
      1152      8.1170     86.0277     6959.311     388.2525  15.3936   0.0606     5.21    0.301   0.08  16      26.87     1308.701     73.66915
      1153    697.3507     84.8533     3502.258     222.8007  16.1391   0.0691     6.39    0.200 -13.69   0      21.13     1027.502     73.17266
      1154    684.3641     84.5057     5340.337     308.3697  15.6811   0.0627     4.82    0.159  22.23   0      28.27     1344.039     73.21774
      1155    967.6962     80.2944     7683.539     388.6762  15.2861   0.0549     6.32    0.167 -89.50   2      32.37     958.7265     72.58143
      1156    945.8451     82.5270     8500.218     392.6653  15.1764   0.0502     5.12    0.207  -1.25   0      36.35     1796.383     75.34105
      1157    622.1748     81.2729     21205.64     490.1739  14.1839   0.0251     8.55    0.354 -34.50   0      70.51     2927.018     78.67781
      1158    187.4386     81.2880     18339.39     301.1718  14.3415   0.0178     4.70    0.198  -3.00   0      88.57      4790.93     83.56146
      1159    811.1457     79.0845     49375.45     362.7416  13.2662   0.0080     4.60    0.163  -0.67   0      191.6     12456.25     102.3072
      1160    392.7357     81.5648     4580.643     328.3112  15.8477   0.0778     5.08    0.199 -12.80   0      23.26     1150.677     73.36736
      1161    934.5786     80.0377     9099.237      405.053  15.1025   0.0483     5.31    0.154  13.72   0      37.99     1805.627     75.91339
      1162    788.6057     79.9147     11922.86     551.9885  14.8090   0.0503     7.81    0.210   3.55   0      33.33       1332.2     74.11301
      1163    323.8250     79.8780     10310.11     337.3789  14.9668   0.0355     4.59    0.208  -1.51   0       53.2     2881.172     78.54527
      1164   1006.6613     80.2227     5520.908     221.7767  15.6450   0.0436     7.98    0.336   3.86   0      32.45     1647.569     74.89079
      1165    896.0687     77.1101     7755.817     464.3533  15.2759   0.0650     7.11    0.581  -5.30   2      37.29     1781.745     74.93135
      1166    774.3192     75.2541     10977.36     562.0768  14.8988   0.0556    10.98    0.525 -34.50   0      28.81     911.1804     72.24262
      1167    514.7192     75.3057     13510.79      436.788  14.6733   0.0351     5.28    0.038 -80.27   0      56.83     2586.998      77.5125
      1168    153.9191     72.5117     59541.11     400.2829  13.0630   0.0073    13.17    0.114  -8.36   0      211.2        12550      102.649
      1169    289.8180     75.1356     4633.714     364.0369  15.8352   0.0853     4.56    0.148  40.39   0      17.85     851.8365     72.43572
      1170    532.5577     71.0937      23954.7     411.6402  14.0515   0.0187     4.59    0.161  -0.73   0      99.17     5464.811     85.21368
      1171    906.5031     71.4863     7937.478     297.8623  15.2508   0.0408     5.46    0.253   7.01   0      40.33     2005.036     75.60558
      1172    877.7100     70.6523     13729.28     293.0245  14.6559   0.0232     4.65    0.214  -1.60   0      67.88      3588.75     80.22514
      1173     82.8687     72.3317     3746.279     325.6319  16.0660   0.0944     7.03    0.283  34.85   0      18.06     757.0175     71.94705
      1174    627.7071     70.4980     7645.111     444.6652  15.2915   0.0632     7.81    0.248  42.97   1      22.24     945.5285     72.16061
      1175    337.6642     71.1096      4462.31     318.6798  15.8761   0.0776     5.20    0.254   9.68   1      20.92      935.199     72.31815
      1176    329.9177     69.8949      6635.11     361.5065  15.4454   0.0592     4.79    0.277  -4.50   0       30.9     1588.931     74.52866
      1177    474.5173     69.2964     2073.448     164.3952  16.7083   0.0861     3.77    0.256 -28.52   0      14.55     782.8509     71.83777
      1178    213.5183     69.6056     4248.765     350.3401  15.9293   0.0895     6.49    0.189  24.15   0      17.45     775.7988     72.38665
      1179    448.7223     67.2555      4764.52     278.6935  15.8050   0.0635     5.33    0.265  -4.39   0      26.32     1283.037     73.58994
      1180    431.4797     66.2147     3847.927     329.8908  16.0369   0.0931     5.40    0.411  10.57   0      18.97     921.8857     72.65517
      1181     63.3058     66.6901     3083.021      294.135  16.2776   0.1036     5.52    0.409  44.05   0      15.64     715.7759     71.81666
      1182    784.3915     65.3765     5121.438     357.6866  15.7265   0.0758     5.46    0.386  -2.46   0      22.12     1096.957     73.38807
      1183    631.5300     62.2104     28444.03     526.4925  13.8650   0.0201     4.59    0.139 -54.68   3      90.94     5018.597     84.50394
      1184    618.8168     62.4940     7156.755     403.1112  15.3632   0.0612     5.57    0.225   2.49   3       27.8     1326.742     73.35143
      1185    618.2741     57.4920     9519.367     448.6922  15.0535   0.0512     7.55    0.095  -1.86   3      34.48     1567.957     74.28008
      1186    545.8239     63.3908     4082.682     356.0634  15.9726   0.0947     4.51    0.204  16.90   0      17.66     847.7603     72.61224
      1187    942.9749     60.6346     3843.842     293.5555  16.0381   0.0829     5.63    0.225   0.67   0      18.99     949.0967     73.11672
      1188    642.7357     57.9632     11849.39     406.5932  14.8158   0.0373     4.78    0.187  -6.46   0      47.23     2420.631     77.20118
      1189    435.1228     59.8753      6137.47     148.3545  15.5300   0.0263     5.03    0.116   1.38   0      87.83       5010.4     83.99299
      1190    121.8645     59.8524     3006.946      245.759  16.3047   0.0888     6.45    0.278  17.25   0      17.15     829.7828     72.36649
      1191    869.6776     57.7033      7825.39     399.2124  15.2662   0.0554     4.47    0.139  -6.39   0       32.8     1688.153     74.64693
      1192     51.1718     75.7821     4780.073      303.466  15.8014   0.0689     5.41    0.281   4.75   0      26.96     1389.651     74.47353
      1193    707.7260     55.8257     11346.56     424.4883  14.8628   0.0406     5.22    0.257   0.51   0      45.45     2296.595     76.83517
      1194    881.3257     52.5883     23408.83      408.828  14.0766   0.0190     4.71    0.140   6.85   0       94.9     5112.746     84.91859
      1195    752.1706     56.2503     5904.518     412.5121  15.5720   0.0759     5.33    0.278   1.12   0      20.96     994.7777     73.07095
      1196    201.5657     55.5427     6320.055     241.8086  15.4982   0.0416     8.45    0.569  15.17   0      39.86     1552.589       74.602
      1197    297.9727     51.6317     36822.32     355.7554  13.5847   0.0105     4.64    0.130 -14.71   0      150.2     9168.883     95.30122
      1198    835.3627     53.8667      4785.03     224.1054  15.8003   0.0509     4.54    0.250  10.43   0      28.32     1461.742     74.32471
      1199   1001.7783     53.4688     3984.427      269.278  15.9991   0.0734     5.58    0.327  -0.35   0      21.66     1027.072     73.17133
      1200    254.4062     56.6204     9558.036     330.7027  15.0491   0.0376     4.86    0.244   8.52   0      47.88      2432.34     77.23564
      1201    391.1497     51.3063     4150.526     220.3679  15.9547   0.0577     5.07    0.401   9.04   0      24.57     1265.382     73.16106
      1202     77.0112     49.3348     12519.39     413.6591  14.7560   0.0359     5.03    0.219  -5.63   3      54.72     2805.882     78.32711
      1203     92.3730     44.3995     7665.047     395.6666  15.2887   0.0561     8.82    0.433 -28.40   3       31.4     1333.614     74.30232
      1204     83.1501     42.3280     18012.98     387.6509  14.3610   0.0234     4.72    0.240   6.16   3      77.73     4114.858     81.86983
      1205    274.5453     49.1409     11194.65     452.5835  14.8775   0.0439     4.83    0.096 -42.79   2      41.05      1502.63     74.81752
      1206    630.7902     47.8446     14921.61     404.0823  14.5655   0.0294     4.80    0.213   0.29   0      67.38     3594.881     80.92394
      1207    208.0112     49.6897     5408.689     390.8719  15.6673   0.0785     4.97    0.258   1.65   0      19.23     911.1838     72.24263
      1208     65.4472     48.1105     11085.94     403.6234  14.8881   0.0395     5.01    0.183  -2.73   0      47.14      2274.97      76.4127
      1209    547.1316     46.5875     21341.87     360.3074  14.1769   0.0183     4.82    0.166  14.86   3      99.99     5464.693     85.69531
      1210    554.9308     44.0372     45229.99     394.6904  13.3614   0.0095     4.91    0.124 -18.21   3      171.3      10449.7     98.02856
      1211    897.8035     47.1741     5152.762     315.9295  15.7199   0.0666     5.87    0.347   2.05   0         25      1309.71     74.04401
      1212    685.7274     45.7303     4782.765     309.0709  15.8008   0.0702     4.69    0.176   3.73   0      25.69     1288.986     73.60831
      1213    462.5780     45.9049     5162.292     349.9529  15.7179   0.0736     4.56    0.139   7.41   0      23.96     1129.164     72.73667
      1214    417.6532     46.2702     2926.904      222.213  16.3340   0.0825     5.06    0.311   4.18   0      18.17     945.6609      72.5405
      1215    671.7799   1020.7324     5891.258     317.5429  15.5745   0.0585     5.30    0.266  -4.68  16      27.63     1277.322     73.94453
      1216    244.5146     41.6331     9507.436     314.7145  15.0548   0.0359     4.84    0.209  -1.30   0      47.92     2395.382     76.94862
      1217    203.3189     40.4616     15369.54     395.7551  14.5333   0.0280     4.75    0.174   2.25   0      70.23     3637.162     80.36217
      1218    535.6935     39.3897     3092.323     282.2332  16.2743   0.0991     4.45    0.305  10.56   0       17.7      903.387     72.59728
      1219    440.7526     38.3561     2711.343     278.2502  16.4170   0.1115     5.98    0.242 -23.33   0      15.42     758.8262     72.33334
      1220    365.7192     37.4364     7362.742     280.8043  15.3324   0.0414     4.71    0.199  -2.57   0      38.18      1957.54     75.82563
      1221    126.9825     36.5189     11065.47     366.1606  14.8901   0.0359     5.92    0.264 -19.58   0      50.21     2474.853     77.36064
      1222    999.8541     37.6735     6797.673     230.6454  15.4191   0.0368     0.00    0.154  26.47   0      62.43     3845.107     81.11754
      1223    784.5148     35.2713      3320.89     246.0491  16.1969   0.0805     4.16    0.350 -15.74   0      20.13     1038.231     72.64121
      1224    457.9774     30.6573     8103.516     305.9448  15.2283   0.0410     4.87    0.213   5.79   0      40.55     2079.491     76.19028
      1225    816.2554     29.0282     4930.675     313.5884  15.7677   0.0691     4.33    0.279   0.00   0      26.14     1431.316     74.23162
      1226    629.4454   1019.9812     5118.222     263.8067  15.7272   0.0560     4.66    0.249   0.07  16      28.52      1488.02     74.77312
      1227    645.3578   1017.5615     7055.095     370.2101  15.3787   0.0570     7.49    0.327 -58.23  16      28.78     1021.392     72.96577
      1228    502.4765   1017.1760     29699.83     375.7272  13.8181   0.0137     6.68    0.340  -0.11  16      125.1     6989.225      89.6474
      1229    416.8056     28.0235     6609.259     397.6573  15.4496   0.0653     4.05    0.254  13.02   2       24.9     1023.263     73.15949
      1230    501.3031     43.3848     4035.416     281.7762  15.9853   0.0758     4.30    0.317   2.10   0      21.72     1116.629      73.0742
      1231    982.9926     26.8718     6264.305     386.0716  15.5078   0.0669     4.89    0.249 -19.93   0      26.08      1302.94     73.83753
      1232    204.5670     26.7582     5511.777     342.2495  15.6468   0.0674     5.03    0.272  -7.95   0      26.81     1323.483     74.27133
      1233     38.2595     26.8519     5191.137     275.3266  15.7118   0.0576     5.29    0.290   2.37   0      28.64     1441.279     74.26212
      1234    948.3582     25.6515     2312.597     236.5659  16.5898   0.1111     4.09    0.135 -39.24   0      15.97     878.5969     72.70869
      1235    116.9034     23.8042     13782.67     355.5073  14.6517   0.0280     4.92    0.277   4.72   0      64.16     3349.551     79.88905
      1236     91.4098     23.0463     6324.388      284.824  15.4975   0.0489     5.10    0.294   3.77   0      35.77     1838.466     75.83083
      1237    422.0793   1015.9348     58032.54     456.3719  13.0908   0.0085    10.14    0.492   1.21  16      175.8      8419.95     93.05659
      1238     78.9767     21.6048     3468.004     284.9546  16.1498   0.0892     4.80    0.307  18.52   3      19.35     954.5648     72.94576
      1239    336.0135   1018.1193     3630.704     208.6167  16.1000   0.0624     4.82    0.259  -5.95  16      22.76     1208.145     73.54517
      1240    900.4346     19.0351     4137.298     294.9485  15.9582   0.0774     4.36    0.188  29.52   0      22.76     1161.143      73.7729
      1241    176.9967     18.5764     6706.047      444.185  15.4338   0.0719     9.22    0.638   3.25   0      20.64     915.8524      72.6363
      1242    196.0397   1017.1985      7618.57     418.4062  15.2953   0.0596     5.33    0.246  -8.23  16      27.95     1404.373     74.51845
      1243    556.8176   1017.8994     2692.558     257.7444  16.4246   0.1040     4.41    0.367   8.68  16      16.39     839.4811     72.01671
      1244    686.8943     16.3240     3354.004     294.3443  16.1861   0.0953     6.66    0.210   4.50   0      18.14       821.71      71.9606
      1245    663.4010   1016.3028     5508.095     374.7943  15.6475   0.0739     6.61    0.305  20.24  17      21.71     970.6278     72.80749
      1246    262.2139   1017.0602     2065.173     208.5563  16.7126   0.1097     5.07    0.230  -2.41   0      13.01     622.6696     71.71309
      1247    579.4935   1014.7570     4807.284     334.6784  15.7953   0.0756     5.28    0.251 -24.23  16      22.84     1095.752      72.6322
      1248    166.3662   1014.1832     8949.719     405.8157  15.1205   0.0492     4.89    0.174   9.89  16      36.42     1783.563     75.84731
      1249    764.1260   1011.0278     7410.728     285.6895  15.3253   0.0419     6.92    0.116 -84.41   0      35.36     1729.745     75.13976
      1250    978.4955   1012.0290     2575.694     137.9031  16.4728   0.0581    -1.15    0.215   5.52   0      43.73     2471.859     76.63866
      1251    928.8832   1011.4431     3015.142     234.3288  16.3017   0.0844     4.87    0.240  -8.69   0      18.65     931.7203     72.30721
      1252    350.1035   1009.5125     3807.762     295.8568  16.0483   0.0844     5.43    0.276  -3.63   0      20.65     964.6641     72.41068
      1253      4.3691   1007.4806     7168.113     314.1151  15.3615   0.0476     6.83    0.382  -3.03  24      34.95     1691.138      75.0229
      1254    866.7484   1006.7805     7960.354     361.3903  15.2477   0.0493     4.83    0.288   0.85   3      36.77     1819.159     75.59155
      1255    865.9927   1001.5429     9281.846     436.1586  15.0809   0.0510     5.34    0.194  -8.43   3      32.87     1503.227     74.63563
      1256    438.9003   1005.4444     14468.83      441.193  14.5989   0.0331     5.81    0.352   3.68   2      61.54     2990.326     77.98521
      1257    431.4003   1000.8116     6141.757     446.9781  15.5293   0.0790     8.89    0.455 -58.31   2      21.21     726.0514     72.03998
      1258    682.2283   1005.4896     5873.571     239.9626  15.5777   0.0444     4.87    0.168   5.71   0      32.25     1562.938     74.26472
      1259    933.5687   1002.9225        11936     368.5676  14.8079   0.0335     4.66    0.209  -1.81   0      55.71     2922.782     78.66557
      1260    714.1505   1000.0098     8628.569     292.5817  15.1602   0.0368     2.94    0.237   0.41   0      49.65     3034.777     79.16209
      1261    176.1559   1000.5594     4264.754     212.5604  15.9253   0.0541     4.93    0.295   1.77   0      25.35     1271.055     73.55292
      1262    741.8322    995.2510     96124.47     397.8973  12.5429   0.0045     4.46    0.156  -1.60   0      313.7     24922.92     127.2334
