#   1 NUMBER                 Running object number                                     
#   2 X_IMAGE                Object position along x                                    [pixel]
#   3 Y_IMAGE                Object position along y                                    [pixel]
#   4 FLUX_AUTO              Flux within a Kron-like elliptical aperture                [count]
#   5 FLUXERR_AUTO           RMS error for AUTO flux                                    [count]
#   6 MAG_AUTO               Kron-like elliptical aperture magnitude                    [mag]
#   7 MAGERR_AUTO            RMS error for AUTO magnitude                               [mag]
#   8 FWHM_IMAGE             FWHM assuming a gaussian core                              [pixel]
#   9 ELLIPTICITY            1 - B_IMAGE/A_IMAGE                                       
#  10 THETA_IMAGE            Position angle (CCW/x)                                     [deg]
#  11 FLAGS                  Extraction flags                                          
#  12 SNR_WIN                Gaussian-weighted SNR                                     
#  13 FLUX_APER              Flux vector within fixed circular aperture(s)              [count]
#  14 FLUXERR_APER           RMS error vector for aperture flux(es)                     [count]
         1    506.4006     14.2606     6254.419     268.6246  15.5095   0.0466     4.08    0.103 -69.06   3      35.57     1910.555     73.74397
         2    508.6050     25.1383      27387.4     337.4254  13.9061   0.0134     3.62    0.044  35.67   3      128.7     8420.207     91.63572
         3    502.1934     20.1907     12634.74     466.4148  14.7461   0.0401     7.29    0.378  -1.65   3      42.02     2141.487     74.27967
         4    114.3505     23.0722     14735.45     303.4133  14.5791   0.0224     3.52    0.089  16.56   0      78.96     4721.833      81.6375
         5     70.7469     16.4606     6285.925     301.3075  15.5041   0.0521     3.94    0.170  28.98   2      34.05     1843.587     73.36252
         6    919.1138     19.1852     12295.32     288.5284  14.7757   0.0255     3.44    0.094  25.91   0      66.33     3858.403      79.1973
         7    448.9578     15.8447     7685.901     336.5179  15.2858   0.0475     4.57    0.174  58.01   0      37.62     2111.859     74.01574
         8    713.0262      9.0469      20997.2     437.9729  14.1946   0.0227     9.84    0.541 -66.72  16      74.65     3124.995       77.562
         9    523.1000     14.1123     24620.88     363.1156  14.0217   0.0160     3.76    0.152  20.75   0      113.3     7006.282     87.47412
        10    309.4624     13.7894     10808.13     325.0816  14.9156   0.0327     3.94    0.184 -10.33   0      58.45      3217.57     77.50224
        11    143.4788     13.0071     3079.964     256.0892  16.2786   0.0903     3.99    0.163  87.28   0      20.27     1093.478     71.00071
        12    989.9750      6.7627     141758.3     498.6352  12.1211   0.0038     4.46    0.483 -16.96  27      403.3     38287.13     148.4059
        13    974.5989      4.7742     17301.18     429.3762  14.4048   0.0270    13.15    0.579 -23.97  27      54.27     1281.562      71.9579
        14    875.1147     10.8685     12729.61     269.3235  14.7380   0.0230     8.73    0.140  51.40   0      76.11     4621.354     81.19936
        15    643.3385     11.3865     3054.559     209.1611  16.2876   0.0744     3.98    0.137 -14.12   0      18.53     925.2537     70.46017
        16    341.9159     10.7568     4116.527     241.5596  15.9637   0.0637     4.16    0.182  35.89   0      24.69     1312.686        71.34
        17    793.5043      8.4160     6956.631     278.5909  15.3940   0.0435     5.74    0.343  68.42  16      36.31     1814.479     72.74483
        18    961.0870      8.4649     5329.462        325.2  15.6833   0.0663     3.92    0.042   0.31  16       29.1     1496.893     71.92445
        19    745.1967     13.2492     8964.729      315.762  15.1187   0.0383     3.73    0.074  36.93   0      49.72      2853.18     76.42622
        20    293.0873      8.1695     12288.67     412.9561  14.7762   0.0365     7.77    0.208 -71.84  18      57.31     1265.749      71.3704
        21    472.0509      3.3227     98983.01     329.4422  12.5111   0.0036     3.97    0.210   0.83  24      346.4     33826.92      141.047
        22    844.4660      5.5512     4222.388     233.5557  15.9361   0.0601     3.56    0.071  42.81  16      28.92     1582.097     72.54792
        23    299.5894      6.1590     2747.887     223.6675  16.4025   0.0884     3.61    0.083 -68.36  16      18.36     989.6255     71.21035
        24    760.1084      4.7575     4826.918     279.1567  15.7908   0.0628     5.61    0.078  -1.22  16      25.79     1372.537     71.53043
        25    747.5226      5.0521     3992.844     280.7721  15.9968   0.0764     3.53    0.151 -88.54  16      20.45     1115.384     70.88995
        26    686.6057      3.3250       5763.9     281.0626  15.5982   0.0530     4.10    0.043   2.13  24      29.89     1497.835     72.10567
        27    725.0063      2.2571     3949.536     203.9311  16.0086   0.0561     4.35    0.237 -16.95  24      27.96     1540.991     72.59607
        28    611.2251      1.6631     4793.268     231.3528  15.7984   0.0524     4.68    0.600   2.79  24      30.71     1777.023     71.37981
        29    739.2592    994.4363     105050.9      382.032  12.4465   0.0039     3.44    0.035   8.99   8      346.7     34393.05     142.0467
        30    379.8506    998.3229      2818.95     238.9967  16.3748   0.0921     4.11    0.115   7.52   0      18.68     940.4247      70.3268
        31    821.7806    996.1145     8790.268     320.6796  15.1400   0.0396     3.56    0.043 -36.73   0      49.09     2798.735     75.92676
        32    893.3714    995.5831     4142.411     245.5367  15.9569   0.0644     3.53    0.139   1.51   0      26.13     1436.858     72.44672
        33    414.3503    995.9307     4490.858      303.143  15.8692   0.0733     4.08    0.093  10.70   0      27.01     1457.194     72.15557
        34    367.3400    996.0631     6490.274     339.5116  15.4693   0.0568     3.90    0.176   4.95   0      31.38     1668.173     72.81707
        35     60.0169    996.8262     1829.861     188.3876  16.8440   0.1118     3.93    0.185 -85.09   0      14.05     786.1396     70.37576
        36    802.5522    995.2542     4699.199     312.6768  15.8199   0.0723     3.64    0.155  18.73   0      25.17     1368.482     72.05398
        37    722.5045    993.9767     10960.06     482.5214  14.9005   0.0478     7.86    0.429  22.66   0      33.49     1682.679     72.33189
        38    453.1570    991.8229     55714.18     338.4335  13.1351   0.0066     3.36    0.045 -13.01   0        228     18808.95     114.6514
        39    356.0430    993.0806     24587.74     321.8663  14.0232   0.0142     3.41    0.031  31.17   2      124.6     8352.232     91.04499
        40    925.7896    994.3463     3667.158     298.2516  16.0892   0.0883     7.22    0.201  49.08   0      19.38     932.6086     70.66577
        41    875.0246    993.4558     10193.34     282.3578  14.9792   0.0301     3.32    0.091 -10.65   0      59.53      3585.61      78.5741
        42    767.2108    987.0226     300398.2     625.0634  11.3058   0.0023     3.41    0.254 -10.57   3      628.3     92268.47     215.6617
        43    774.0289    984.6815     62208.18     320.5109  13.0154   0.0056     3.75    0.176 -17.45   3        244     19000.32     114.8067
        44    208.7957    994.5031     1992.166     211.0666  16.7517   0.1151     4.39    0.232 -89.65   0      14.45     742.7694     69.86908
        45    231.9517    989.2267     60305.29     377.2224  13.0491   0.0068     3.47    0.082  23.29   0      234.2     19083.74     115.1948
        46     79.3439    993.7831     2673.754     163.9757  16.4322   0.0666     3.26    0.138  -5.65   0      20.27      1135.77     71.31618
        47    506.8019    990.0071      12084.2     290.5793  14.7945   0.0261     3.61    0.042   8.49   0      67.37     4019.682     79.81976
        48    937.3743    987.8333      29469.7     346.3192  13.8266   0.0128     3.98    0.140   1.24   0      134.7     8558.989     92.11874
        49    117.1301    989.8853     3403.867     204.8943  16.1701   0.0654     3.62    0.081 -41.77   0      22.96     1234.732     71.09122
        50    201.7010    989.2170     3712.744     261.6039  16.0758   0.0765     5.78    0.237  11.33   0      23.67     1258.497     71.16716
        51    579.4302    986.8568     16277.15     313.9056  14.4711   0.0209     3.72    0.029  14.34   0       86.9     5323.208     83.44882
        52    619.6867    985.5045      8602.97     311.4064  15.1634   0.0393     3.91    0.026 -40.08   0      46.21     2592.852     75.47822
        53    396.3040    986.5947     5253.184      254.252  15.6989   0.0526     3.65    0.061 -17.10   0      33.33     1837.888     73.34486
        54    281.8641    986.5731       7538.2     355.8867  15.3068   0.0513     4.33    0.197 -85.93   2      35.21     1835.306     73.16162
        55    283.5396    976.0382     9908.921     471.9342  15.0099   0.0517     7.40    0.433 -80.57   3      35.59     1706.892     72.93782
        56    151.2689    985.9837     10125.97     240.5692  14.9864   0.0258     3.51    0.072   9.62   0      61.24     3701.259      79.0704
        57    644.6498    982.6687     43969.54     320.5941  13.3921   0.0079     3.38    0.011 -31.27   0        194      14788.7     106.1424
        58   1007.2691    980.9873     50177.35      389.632  13.2487   0.0084     4.94    0.132  50.62   0      185.9     10592.02     96.73997
        59    541.9233    984.0931     87742.53     444.7134  12.6420   0.0055    15.15    0.409  81.46   0      258.7     11656.87     98.95099
        60    387.2801    988.3365     3685.141     230.2617  16.0839   0.0679     3.39    0.034 -14.61   0      27.08     1504.037     72.12521
        61    212.0626    983.9114     5259.588     358.9272  15.6976   0.0741     3.80    0.109  21.40   0      21.46     1154.157     70.83317
        62     28.0530    983.8350     5462.669     388.2561  15.6565   0.0772     8.43    0.548  20.95   0      21.65     797.7245     70.04762
        63    248.4366    981.0072     11761.19      356.779  14.8239   0.0329     3.56    0.092   8.73   0      60.63     3531.209     78.74329
        64     52.3961    981.5328     4963.391     364.0673  15.7606   0.0797     6.80    0.404   6.03   0      18.16     847.9902     70.21051
        65    860.1092    973.9537      34509.1     361.3464  13.6552   0.0114     3.48    0.135  15.82   3      148.5     10060.85     95.21468
        66    865.8571    965.3240     181307.5     529.8434  11.8540   0.0032     3.41    0.411  43.56   3      472.2     55783.18     172.8421
        67    483.4838    977.8301     2195.511      230.185  16.6462   0.1139     4.84    0.120  74.44   0      15.76     792.3315     69.84657
        68    263.3330    974.6310     12942.48     438.9211  14.7200   0.0368     3.88    0.136 -80.71   0      44.55     2601.388     75.67374
        69    184.7333    974.3355     12152.63     247.7136  14.7883   0.0221     3.52    0.046  16.21   0      72.63      4313.22     80.49191
        70    127.5417    975.9998     2171.243      242.385  16.6582   0.1212     3.18    0.373  26.15   0      14.16     746.3331     69.88067
        71     90.2488    971.3571     12813.27      354.745  14.7309   0.0301     6.51    0.281  70.43   0      58.36     2926.166     76.81025
        72    308.0394    973.7100     4787.118     331.6643  15.7998   0.0752     3.45    0.199   3.73   0      21.83     1159.727     70.85104
        73    970.9899    972.3275     3880.474     135.8348  16.0278   0.0380     1.08    0.164  89.00   0      63.67      3977.91     79.70073
        74   1020.7227    971.0726     2599.682     216.2191  16.4627   0.0903     4.96    0.281 -59.82  16      17.82     922.0959     70.08463
        75    947.3138    969.6937     5151.112     308.8768  15.7202   0.0651     6.99    0.093 -71.36   0      27.65     1426.399     71.88016
        76    838.2819    969.2640     6684.259      336.795  15.4374   0.0547     9.80    0.507  66.70   2      28.51     905.9155     70.21519
        77    844.1708    967.1375     5217.498     335.8037  15.7063   0.0699     7.87    0.415  67.09   2       24.7     983.2019     70.64684
        78    379.1976    970.8806     2666.093      131.367  16.4353   0.0535     2.61    0.283 -35.58   0      57.94     2392.306     75.21403
        79    793.5239    968.8806     2495.478      213.119  16.5071   0.0927     3.10    0.100  79.59   0      17.46      958.363     70.01905
        80    642.6996    969.6029     4136.756     320.3836  15.9584   0.0841     3.60    0.162  45.46   0      17.39     813.4877     70.09874
        81    247.0805    967.5537     4621.406     335.4001  15.8381   0.0788     3.86    0.088  37.30   0      19.41     1013.951     70.38187
        82    815.0538    967.1376     5154.502     310.9503  15.7195   0.0655     3.51    0.142  44.78   3      26.18     1418.955     72.03503
        83    809.5504    961.6728     8916.782     316.7422  15.1245   0.0386     3.68    0.110  -5.38   2      49.09     2705.726     75.81734
        84    446.2015    965.1344     22622.55     321.4754  14.1136   0.0154     4.43    0.198  34.88   0        109     6350.326     86.49811
        85    420.2677    967.1314      4155.29     223.6628  15.9535   0.0585     3.50    0.099  20.56   0       28.1     1588.183     72.38988
        86    493.2070    965.0739     2287.951     243.8141  16.6014   0.1157     4.23    0.370  10.32   0      14.93     804.6342      69.8866
        87    149.1640    964.0228     4653.094     199.9556  15.8306   0.0467     3.96    0.063  43.61   0      33.38      1955.44     74.22884
        88     81.6657    962.5811     17337.36     327.6618  14.4025   0.0205     3.58    0.079  28.57   0      90.34     5499.742     84.08104
        89    785.5175    963.5083     3889.091     280.6881  16.0254   0.0784     2.99    0.025  59.48   0      22.17     1237.785     71.28129
        90    400.5874    961.9840     3653.799     254.0844  16.0931   0.0755     3.30    0.026   5.06   0      24.76     1413.697     72.01844
        91    263.0610    960.0636     9806.891     138.6343  15.0212   0.0154     0.00    0.212  50.01   0      134.6     9681.146     94.57583
        92    830.1182    959.4238     4512.766     229.6842  15.8639   0.0553     3.41    0.090  78.20   0      31.58     1819.848     73.28895
        93   1022.5129    958.2903     5009.593     218.7375  15.7505   0.0474     4.23    0.141 -80.20  27      32.58     1814.248     73.09618
        94   1021.6029    951.9906      10160.2     278.9004  14.9827   0.0298     4.03    0.099  83.46  27      54.24     3070.315     77.06921
        95    327.2087    957.7446     8663.981     353.8949  15.1557   0.0444     4.06    0.077 -16.95   0      43.71       2448.8     75.38454
        96    892.7387    958.0828     5959.565     184.8186  15.5620   0.0337     4.45    0.528  19.30   0      54.47     3253.822     77.27697
        97    672.3446    957.8885     6859.651     314.2432  15.4092   0.0498     3.48    0.118   5.16   0      38.73     2209.544     74.14215
        98    110.2551    958.3493     2727.155     167.9165  16.4107   0.0669     3.28    0.129 -15.62   0         21     1169.058     71.60168
        99    932.6013    955.8206     16347.04     345.1183  14.4664   0.0229     3.37    0.099   6.34   0      83.27     5106.333     82.85606
       100    691.5850    956.4394     6153.579     262.4962  15.5272   0.0463     3.60    0.025 -42.83   0      38.03      2156.29     74.84127
       101    547.1840    957.3221     5318.686     320.2203  15.6855   0.0654     4.47    0.316   1.51   2      25.46     1434.376     72.26152
       102    123.5312    957.3266     3035.691     184.6958  16.2944   0.0661     3.36    0.137  82.24   0      22.58     1228.372     71.25127
       103    282.8150    956.0887     6179.007     137.3101  15.5227   0.0241     0.00    0.247 -24.35   0      95.16     5391.477     83.32702
       104    977.7583    955.1968     8062.876     431.2088  15.2338   0.0581     6.15    0.267 -18.57   2      28.56     1670.512     73.17606
       105    978.9810    949.9659     6031.432     395.1403  15.5489   0.0711     4.35    0.141  48.50   3      23.41     1109.447     71.59174
       106    471.7066    954.6282     7244.858     355.6993  15.3499   0.0533     3.90    0.036 -36.81   0      36.12     1934.674     72.94363
       107     31.6330    953.7402     3931.396     195.8841  16.0136   0.0541     6.23    0.515 -19.81   0      47.04     2519.422     75.42717
       108      1.9809    952.7432     2246.054     190.5804  16.6215   0.0921     4.74    0.275 -71.43  24      16.63      923.356     70.45405
       109    864.3269    950.1275     10506.13     466.7535  14.9464   0.0482     7.66    0.358  16.17   0      37.12     1603.664     72.43847
       110    607.4953    939.3350     822585.6     741.4583  10.2120   0.0010     3.39    0.095   3.41   0       1091     255314.7     347.1957
       111    776.8658    948.7922     6664.548     304.7683  15.4406   0.0497     3.49    0.085  24.25   0      36.35     2045.949     73.98678
       112    583.7838    947.4332     13298.71     370.9682  14.6905   0.0303     3.63    0.082 -20.84   0      61.95     3584.175     79.05855
       113    957.8207    946.6309     11169.73     286.5226  14.8799   0.0279     3.47    0.151  -9.96   2      61.61     3686.843     79.19122
       114    317.7958    944.5976     51803.57     365.0997  13.2141   0.0077     3.45    0.039   5.05   0      212.6     16534.11     109.8161
       115    731.0870    944.9221     11545.59     249.7393  14.8440   0.0235     3.53    0.084  49.81   0      68.11     4075.519     79.65694
       116    825.9058    944.1689     2977.521     290.0825  16.3154   0.1058     6.66    0.422  85.29   0      16.04     732.0306     69.09498
       117    760.8069    944.8917     2873.736     225.2247  16.3539   0.0851     3.23    0.235  84.26   0       21.8     1240.881     71.47099
       118    843.3715    942.4911     14098.44     343.6343  14.6271   0.0265     4.02    0.160  -4.33   0       69.2     3773.057     78.62616
       119    698.5120    941.4263     43829.82     322.4914  13.3956   0.0080     3.43    0.083 -10.02   0      192.6      14354.6     104.9645
       120    650.8881    940.8215     21835.49     313.8407  14.1521   0.0156     3.41    0.041 -27.55   3      111.2     7183.839     88.08009
       121    652.3010    933.7445      6420.11     309.8092  15.4811   0.0524     4.18    0.025  77.05   3      37.24     1950.352      73.1681
       122    672.9034    939.9560     17515.18      295.883  14.3915   0.0183     3.49    0.043  -9.68   0      92.02     5666.656      83.7683
       123    742.0104    941.3044     2412.898     165.5635  16.5437   0.0745     3.79    0.044   3.17   0      18.43     970.8164     70.60698
       124    430.9435    940.3915     3198.312      231.173  16.2377   0.0785     4.12    0.030 -22.06   0      19.32     1033.115     70.98828
       125    141.6326    937.2115     8351.871     298.5934  15.1955   0.0388    10.98    0.549  43.00   2      36.63     1960.257     74.24358
       126    920.8790    938.2674     11863.77     280.2852  14.8144   0.0257     3.54    0.080  17.73   0      68.81     4099.555     79.72549
       127    162.8949    938.9880      7233.67     276.5053  15.3516   0.0415     4.09    0.254   3.86   0      41.21     2230.555     74.55169
       128    778.2082    936.0557     13679.62     356.2017  14.6598   0.0283     4.49    0.242   9.51   0      66.21     3712.224     79.10191
       129    996.2699    935.4316     10417.46     268.5629  14.9556   0.0280     3.83    0.070 -28.05   0       62.9     3657.818     78.78268
       130    636.3443    934.0510     3897.781     284.1042  16.0230   0.0792     3.58    0.232  46.99   0      23.55     1350.336     72.17479
       131     46.9487    932.5573     10554.89       338.45  14.9414   0.0348     3.58    0.008  49.21   0      56.34     3271.539     77.82545
       132      4.5000    935.2090     1934.274     206.3912  16.7837   0.1159     3.93    0.247   2.26  16      13.37     743.8062     69.87245
       133    381.4893    932.4383     6084.306     336.3899  15.5395   0.0600     3.92    0.164   7.87   0       33.5     1846.374     73.02042
       134    796.6221    931.6492     9107.463     384.5865  15.1015   0.0459     4.24    0.107  69.86   3      40.87     2233.635      74.9046
       135    796.3117    926.6179     10517.42      393.657  14.9452   0.0406     8.47    0.493 -14.88   3      38.74     1547.956     72.26347
       136    866.3720    929.8967     11839.69     348.6411  14.8166   0.0320     3.64    0.051  19.47   0      59.36     3370.585     77.28815
       137    455.8660    930.9932     3563.391      252.737  16.1203   0.0770     3.87    0.117  31.70   0      22.39     1226.882     71.42646
       138    348.1803    926.4410     74150.74     361.4129  12.8247   0.0053     3.42    0.019  60.61   0      275.5     24427.42     125.2948
       139    909.7571    928.1606     10497.37     255.1516  14.9473   0.0264     3.47    0.105  40.13   0      61.33     3609.376     78.64281
       140    875.0298    944.7483     5448.595     335.0035  15.6593   0.0668     3.80    0.050  -1.64   0      25.71     1400.281     72.15421
       141    950.8063    928.0247     4785.108     250.0117  15.8003   0.0567     3.55    0.137  29.98   0      29.88     1663.886      72.9798
       142    146.5794    934.1411     5259.824     252.9926  15.6976   0.0522     4.02    0.204 -14.38   3      32.09     1745.369     73.05762
       143     90.8960    927.9544     3610.826     246.3503  16.1060   0.0741     3.39    0.028   9.87   0      24.17     1348.997     71.27572
       144    884.7627    924.3486     8197.766     339.7094  15.2158   0.0450     3.82    0.075 -18.47   0      42.81     2449.745     75.21693
       145    481.9702    949.0156      12105.7     421.3189  14.7925   0.0378     3.61    0.211  28.43   2      45.13     2744.173     76.43797
       146   1022.0657    921.7063     4648.881     247.3061  15.8316   0.0578     4.91    0.149  -9.24  24      26.63     1386.475     71.75381
       147     93.7846    921.9288     5100.506       297.19  15.7310   0.0633     3.36    0.113  13.50   0      26.58     1520.843     72.53297
       148    501.8019    942.0809     3496.792     317.9168  16.1408   0.0987     7.38    0.445 -56.56   0      16.89     630.5476     69.68752
       149    634.5270    918.4905      9332.83     350.6827  15.0750   0.0408     3.47    0.101 -27.85   2      46.46     1985.771       73.453
       150    334.0042    918.9075     8241.162     234.7155  15.2100   0.0309     8.77    0.157  60.89   0      50.08     2679.298     75.90737
       151     45.9486    907.4865     670519.4     711.5562  10.4340   0.0012     3.53    0.253 -13.45   0      968.7     196741.4     306.4648
       152    249.4534    918.0334     5245.028     250.4295  15.7006   0.0519     3.51    0.101   5.64   0      34.18     1921.472      73.7776
       153    198.5876    912.8108     27332.38     322.8059  13.9083   0.0128     4.72    0.187 -74.97   0      128.1     8387.394     91.41399
       154     97.7952    910.1648     31786.23     354.2353  13.7444   0.0121     3.64    0.160  30.28   2      138.4     9345.604     94.03942
       155     77.2304    915.7798     2212.507     220.2275  16.6378   0.1081     0.00    0.674 -44.72   0      15.18     961.1455     70.93867
       156    304.3627    913.8611     14335.64     262.2451  14.6090   0.0199     3.37    0.070  15.36   0      81.92     5062.176     82.73485
       157    185.4843    913.6955     3974.453     216.1799  16.0018   0.0591     3.43    0.138   3.43   0      28.26     1558.496     72.29662
       158    486.4900    912.5178     4317.361     281.0347  15.9120   0.0707     4.45    0.202 -57.03   2      27.28     1486.597     72.07024
       159    489.2686    907.8635     2845.627     204.2742  16.3646   0.0780     4.32    0.489  58.67   2      28.28     1722.997      72.8119
       160    401.7654    911.5057      9071.35      430.996  15.1058   0.0516     2.65    0.270  40.81   2      28.98     1542.889     71.71254
       161    166.9606    912.8560     3456.017     214.1408  16.1536   0.0673     3.58    0.014  57.12   0       25.4     1426.468     72.23665
       162    443.0482    912.1262     5529.313     253.2346  15.6433   0.0497     7.03    0.190 -78.76   0      37.84     2413.721      74.9369
       163      4.1778    911.1810     10268.04     334.4409  14.9713   0.0354    11.18    0.202  49.75  24      46.78     1959.647     74.06862
       164    689.6492    932.4609     5157.785     318.0948  15.7188   0.0670     4.20    0.253  11.57   0      26.59     1411.688     72.01209
       165    135.9750    908.8352     12411.95     384.8704  14.7654   0.0337     9.90    0.292   8.75   0      58.95     3334.746     78.17419
       166    274.3363    905.9820     58947.62     356.2553  13.0738   0.0066     3.54    0.152 -24.55   0      232.7     18727.17     114.2647
       167    966.0991    907.7538     6196.698     243.5089  15.5196   0.0427     3.75    0.090 -20.46   0      41.33     2285.544     74.02877
       168    433.3428    907.2042     8021.634     372.9204  15.2393   0.0505     3.85    0.048 -49.00   0      34.01     1876.346     73.63847
       169    977.6405    908.0793     3311.038     273.2621  16.2001   0.0896     3.30    0.251 -14.61   0      16.58     959.5982     70.57086
       170    947.2288    906.0448     5171.943     265.2989  15.7159   0.0557     4.26    0.220 -66.22   0      29.48     1529.953     72.73819
       171    740.2269    907.6974     2638.863     250.6271  16.4465   0.1031     3.08    0.110 -77.00   0      16.35     843.7219      69.4614
       172    352.4289    901.9733     7295.199     326.5709  15.3424   0.0486     5.92    0.186   3.77   2      30.51     1333.025     72.12025
       173    352.5941    896.9473     4798.797      164.961  15.7972   0.0373     1.73    0.491 -65.75   3      49.74     4091.409     80.18398
       174    917.4989    905.4390     3236.136     246.0044  16.2249   0.0826     3.82    0.034 -13.58   0      21.36     1116.079     70.34688
       175    834.2601    905.6099     3286.574     280.1999  16.2081   0.0926     3.29    0.143  10.52   0      18.29     979.5342     70.81654
       176    591.4604    901.2540     34056.73     375.8676  13.6695   0.0120     4.02    0.212 -17.77   0      140.5     8802.164     92.57819
       177    883.6801    894.0344     109063.3     424.1027  12.4058   0.0042     3.41    0.154 -50.13   0      349.9     35044.68     143.0855
       178    496.9448    902.1060     3353.874     280.2544  16.1861   0.0907     4.12    0.202  74.75   0      18.44     1061.762     70.35387
       179    990.9946    901.6023     4372.934     281.0796  15.8981   0.0698     7.13    0.373   9.96   0      23.54     1074.577     70.94019
       180    117.5145    899.4778     17513.52     338.3819  14.3916   0.0210     3.48    0.052 -30.65   0      89.68     5433.352     83.44115
       181    507.1033    898.7073     5165.441     368.5728  15.7172   0.0775     4.89    0.185  65.83   2      21.96     1081.579     70.59991
       182    502.2469    893.8362     4966.685     309.7788  15.7598   0.0677     3.34    0.009  57.39   2      26.16     1434.438     72.08386
       183    417.2258    899.8714     4344.545     184.5688  15.9051   0.0461    -1.55    0.371 -31.38   0      62.81      2985.26     76.81798
       184    907.3672    897.1628     7415.799      237.995  15.3246   0.0349     5.55    0.075 -35.36   0      45.37     2491.811     75.51411
       185    698.0201    898.0444     3299.691     304.3647  16.2038   0.1002     6.61    0.407 -39.19   0      16.44     755.8034     70.27773
       186    433.6411    894.7641     32284.49     399.6566  13.7275   0.0134     3.45    0.044 -11.45   0      137.4     9192.258      93.3936
       187    534.6672    894.5237     22342.82     384.0634  14.1272   0.0187     4.19    0.141 -41.08   0      99.35     5550.075     83.75848
       188   1014.4407    895.8286     7794.262     276.9657  15.2706   0.0386     3.90    0.236   2.87  16      45.42     2591.646      75.9831
       189    648.1818    891.4433     64394.36     360.6043  12.9779   0.0061     3.40    0.072  82.78   3      247.6     20743.71     118.4245
       190    646.7715    880.7685     25368.39     337.0163  13.9893   0.0144     3.41    0.042  38.68   3      123.8     8283.618     91.43682
       191    926.0609    891.9090     67378.62     387.3043  12.9287   0.0062     3.60    0.261 -30.84   0      244.8     19801.44      116.161
       192    137.1446    891.0999     12806.36     353.8348  14.7314   0.0300     9.62    0.241 -64.32   0         64     3019.036     76.41556
       193    218.3340    892.0647     4342.444     310.3562  15.9057   0.0776     3.68    0.128  -9.55   0      26.45     1452.323     71.96207
       194     25.2830    891.2078      7590.63     355.9202  15.2993   0.0509     3.86    0.131   7.68   2      35.16     2003.571     74.03008
       195    741.2894    890.3168     4738.165     218.4553  15.8110   0.0501     3.69    0.076 -20.00   0      30.35     1637.041     72.54311
       196    715.8270    890.3820     7652.964     326.8198  15.2904   0.0464     3.55    0.141  -3.63   0      40.77     2329.733     75.19562
       197    106.7058    890.7933     5771.587     283.3431  15.5968   0.0533     3.73    0.102 -23.15   0      35.44     1974.142     73.76587
       198    866.3325    887.3475     26278.79     333.8062  13.9510   0.0138    10.93    0.237  41.47   0      122.1     7538.108     89.27753
       199    333.5062    887.8140     6048.678     222.7152  15.5458   0.0400     3.54    0.057  -8.39   0      40.46     2277.367     74.34976
       200    802.6204    884.7715     22742.06     400.6526  14.1079   0.0191     4.19    0.288  21.99   0      98.96     5834.747     85.13265
       201    572.9338    886.9266     4363.075     247.0433  15.9005   0.0615     3.51    0.071  34.76   0      30.53     1720.226     72.80325
       202     93.5949    887.0887      4523.57     344.7708  15.8613   0.0828     7.79    0.313  26.30   0      21.22     839.4054     70.18272
       203    726.8200    886.9117      3567.24     300.3202  16.1192   0.0914     4.50    0.338   6.38   0      18.38     898.1513     70.00694
       204    475.4462    884.9964     16521.06     549.6395  14.4549   0.0361     8.43    0.451 -27.34   0      44.41     1623.929     72.85526
       205    359.9725    885.0839      6587.37     214.4668  15.4532   0.0354     3.29    0.143  -5.58   0      44.92     2672.993     75.71915
       206     14.1002    885.3400     4353.875     308.2897  15.9028   0.0769     4.08    0.029  84.18   3      24.02     1193.784     70.77907
       207     18.1176    881.5303     4833.884     270.9962  15.7893   0.0609     3.96    0.059 -33.37   3      29.75     1583.635     72.19802
       208    344.2184    883.8322      7272.15     228.2184  15.3458   0.0341     3.84    0.047 -70.30   0      45.84     2548.523     75.85401
       209    104.5009    883.8576     4959.172     319.9651  15.7615   0.0701     3.63    0.178  10.43   0      26.64     1433.444     71.54448
       210     81.7357    882.6932     23312.26     386.3017  14.0810   0.0180     6.51    0.362  -1.73   0      97.62     4610.101     81.32585
       211    692.0730    882.5298     5768.538     210.5711  15.5973   0.0396     3.62    0.068  67.44   0      37.75      2098.73     73.97541
       212    412.8587    884.3621     89972.44     366.8813  12.6147   0.0044     3.40    0.054  11.77   0      314.9     29912.26     134.6868
       213    265.7672    880.8064     5804.831     327.4977  15.5905   0.0613     3.55    0.103  20.23   0      30.21     1673.985     73.18684
       214    254.7557    879.5899     12433.61     536.1057  14.7635   0.0468     8.98    0.510  43.69   0      33.66     1128.425      71.4726
       215    161.9967    880.8488     3399.553       122.57  16.1714   0.0392     1.05    0.100 -89.16   0      63.78     3512.607     78.36266
       216    540.0437    875.7098     18944.81     330.7213  14.3063   0.0190     3.70    0.243  23.46   0      94.63     5760.258     84.32686
       217    523.5441    877.7932     2395.183     251.6843  16.5517   0.1141     4.91    0.272   0.10   0       13.9     699.3683     69.91161
       218    782.3786    874.4605     4549.436     216.7836  15.8551   0.0517     3.49    0.056 -30.37   0      30.92     1716.572     72.96798
       219    119.6767    874.9839     3397.608     299.1209  16.1721   0.0956     6.38    0.225  60.11   0      17.48     897.0061     70.55118
       220    200.9717    871.6849     44420.26     377.8599  13.3810   0.0092     3.91    0.217 -15.78   3        175     11791.98     99.39007
       221    191.1280    863.9353     247627.5     491.4908  11.5155   0.0022     3.38    0.089  -0.05   3      574.8     79718.47     201.8763
       222    843.5654    872.8875      2548.65      199.167  16.4842   0.0849     3.08    0.054  82.57   0      19.05      1074.31     70.57651
       223    623.5139    872.4650     7428.572     296.8105  15.3227   0.0434     9.62    0.388  10.11   0       39.5     2043.014     73.62991
       224    259.2109    866.8715     118146.1     417.5696  12.3190   0.0038     3.39    0.077  44.05   0      366.7     37284.89     146.6006
       225    711.0117    872.9333     4375.463     304.1136  15.8974   0.0755    -0.53    0.432 -10.37   2      20.13     1322.434     71.72986
       226    551.8848    870.1020     4292.854     274.0775  15.9181   0.0693     2.24    0.245  75.37   0      24.46     1385.372     71.39161
       227    930.0948    870.6873      3532.08     142.1907  16.1299   0.0437     5.13    0.304 -70.16   0      59.99     2850.686     76.25063
       228    661.8856    868.3663     27308.83     318.7878  13.9092   0.0127     3.48    0.058   9.01   0      133.8      9007.08     92.80367
       229    981.7199    868.9937     7062.751     366.2527  15.3776   0.0563     3.77    0.201  18.78   3       30.5     1653.843     72.94851
       230    977.7350    863.5700     10906.21     420.6713  14.9058   0.0419     4.20    0.103  19.89   3      37.59     1765.896     73.12144
       231    279.4814    865.4936     79016.08     367.9648  12.7557   0.0051     3.39    0.048   3.48   2      287.4     25571.21     127.0499
       232    995.4012    865.9388     29224.16     544.3575  13.8356   0.0202     9.37    0.415 -12.96   0      99.45      3788.44     79.32059
       233     60.9678    864.1261     24823.82     306.7213  14.0128   0.0134     3.54    0.155 -52.10   0      123.9     8225.364     91.01026
       234    602.6550    865.5715     4362.128     322.5395  15.9008   0.0803     4.80    0.104 -58.27   0      21.25     1065.193     70.91011
       235    120.9228    864.8453     12123.98      339.502  14.7909   0.0304     3.68    0.232  68.92   0       63.2     3768.887        78.94
       236    886.4128    863.0047     5572.002     297.5504  15.6350   0.0580     3.68    0.098 -17.39   0      30.99     1757.279     73.09466
       237    710.1331    862.6057     5456.417     333.0875  15.6577   0.0663     3.71    0.120 -65.80   0       27.1     1497.542     72.28255
       238    936.8621    860.6664     9337.916     250.2996  15.0744   0.0291     3.52    0.087   4.32   0      58.88     3504.188     78.33823
       239    561.8659    862.0182     5195.192     280.6024  15.7110   0.0587     3.33    0.079  -5.54   0      31.26     1808.754     73.25453
       240     76.8870    861.0733     6615.832     249.1071  15.4485   0.0409     9.19    0.257 -42.76   0      38.68     1965.155     73.21407
       241    957.9615    861.9248     2457.509     217.5497  16.5238   0.0961     3.41    0.300  19.45   0      18.49     1050.959     70.86448
       242     98.5890    859.8834     7549.214      325.764  15.3052   0.0469     3.80    0.090  66.43   0       41.4     2251.093     74.61427
       243    894.7971    858.5570     14601.54     329.6756  14.5890   0.0245     3.43    0.081  11.51   1      77.04     4674.676     81.97722
       244    741.0648    859.7167     9219.796     247.6137  15.0882   0.0292     3.99    0.160   8.15   0       53.9     3027.779     76.77666
       245    425.6459    859.3548     10388.42     253.7932  14.9586   0.0265     3.61    0.114   1.29   0      61.93     3645.995      78.9114
       246    904.4477    857.6788     7328.444     254.8442  15.3375   0.0378     4.51    0.146 -17.76   0      43.72     2376.632     74.82433
       247      2.7932    852.3902     18310.44     264.4568  14.3433   0.0157     4.97    0.348  83.07  24      97.06     5444.077     83.77736
       248    264.5705    853.1190     9442.303     319.1366  15.0623   0.0367     3.74    0.012 -69.00   0      51.37     2926.934     76.64523
       249    582.3033    850.5402     42074.19     358.9922  13.4400   0.0093     3.53    0.064   5.92   0      179.9     12837.48     101.6265
       250   1009.1987    852.9993      2272.49     238.4765  16.6087   0.1140     4.64    0.200   1.52   0      13.68     761.1852     69.92896
       251    993.0903    852.4229     3426.694     283.7271  16.1628   0.0899     3.33    0.184 -20.55   0      19.73     1073.802     70.39275
       252    671.4889    847.5104     130404.7     404.0411  12.2118   0.0034     3.36    0.071  -9.50   3      394.5     42402.29     154.2471
       253    199.5235    847.1183     14405.98     476.7948  14.6036   0.0359     6.22    0.332  76.89   2      47.94     2595.872     75.14645
       254    884.7361    850.3170     8372.257     325.3529  15.1929   0.0422     5.01    0.249 -39.94   0       42.9      2204.28     74.12601
       255    331.3690    851.5582       1744.5     158.6884  16.8958   0.0988     4.73    0.127  62.49   0      13.99     761.5997     70.29646
       256    872.8174    850.6964     2848.871     232.2153  16.3633   0.0885     6.02    0.357  31.69   0      17.31     859.8346      69.6985
       257    848.3102    850.2667     4226.261     268.1028  15.9351   0.0689     3.61    0.114  -9.46   0      26.35     1452.563     71.78423
       258    431.2267    849.5115     5878.051     210.6892  15.5769   0.0389     7.65    0.180  59.13   0      41.15     2190.363     74.08333
       259    481.9645    849.0713     4706.497     209.4217  15.8183   0.0483     3.83    0.041 -12.47   0      31.14     1762.231     73.11005
       260    675.5707    839.1552     21740.61     448.4904  14.1568   0.0224     6.85    0.385 -18.68   3      81.84     3709.882     79.25731
       261    176.9881    847.0645     3856.122     180.4439  16.0346   0.0508     3.34    0.018  17.06   0      27.61     1583.064     72.55095
       262    718.2287    845.6190     5460.206     219.2052  15.6570   0.0436     4.19    0.135 -50.90   0      33.66     1758.976     73.45029
       263    602.4725    847.0215     1906.454      225.673  16.7994   0.1286     4.14    0.361  27.38   0      13.05     675.4648     69.83386
       264    923.1372    845.0461     3951.195     210.1331  16.0082   0.0578     3.75    0.068  43.42   0      26.16     1406.347     71.99524
       265    363.5418    844.6573     3539.683     214.2296  16.1276   0.0657     3.22    0.194   2.84   0       24.4     1390.458     72.30102
       266   1000.7349    842.7133     15302.18     319.2874  14.5381   0.0227     3.52    0.102  16.66   0      82.22     4962.286     82.14806
       267    773.4089    838.8181     7973.752     372.0296  15.2458   0.0507     4.19    0.150 -72.99   0      38.05      2109.31     74.18115
       268    510.8557    840.4261     11662.14     303.2265  14.8331   0.0282     3.63    0.134   8.60   3      65.01     3860.163     79.36426
       269    505.0131    839.2944     6108.472     240.7755  15.5352   0.0428     3.64    0.081 -46.14   3      40.25     2288.249     74.55539
       270    278.3364    839.4612     22371.03     309.0798  14.1258   0.0150     3.78    0.093  -7.81   0      110.6     6903.061       87.646
       271    150.4581    839.7059     6316.006     304.5083  15.4989   0.0524     4.48    0.095  85.63   0      33.46     1582.241     72.01561
       272    684.7971    839.7500     3986.233     314.2074  15.9986   0.0856     3.63    0.036 -35.65   1      20.08     1087.198     70.98061
       273    618.7364    837.0602     10217.09     294.6129  14.9767   0.0313     3.64    0.074   8.58   0      58.27     3406.455     78.05418
       274    870.5225    833.5992     60384.78     362.5217  13.0477   0.0065     3.67    0.123  86.78   2      235.3     18354.64     113.5213
       275    866.4353    820.9724     16474.09     325.0942  14.4580   0.0214     3.44    0.037  26.73   2      86.43     5405.029     83.97763
       276    934.2885    836.4212     2104.461     201.8644  16.6921   0.1042     5.97    0.390 -29.68   0      14.35     672.9986     69.27213
       277    915.4827    835.1994     13886.25     248.0085  14.6435   0.0194     8.49    0.092  27.15   0      88.33     6527.649     86.96278
       278    759.6685    834.2829     16858.12     330.2573  14.4330   0.0213     3.51    0.072  36.89   0      85.76     5198.593     82.79926
       279    215.9461    835.7159     7713.514     282.6347  15.2819   0.0398     3.57    0.102  -3.52   0      45.48     2584.458     75.28263
       280     46.7718    835.5554     4135.929     222.2036  15.9586   0.0583     3.84    0.090  61.72   0      26.94     1453.977     72.50041
       281    125.4304    834.1768     11018.79     352.6848  14.8947   0.0348     3.60    0.075   9.23   0       55.5     3224.488     77.85298
       282    740.3091    832.8188     17326.29     303.2386  14.4032   0.0190     3.66    0.116  74.54   0      89.84      5384.55      83.1539
       283    638.5068    834.0159     5595.479      288.812  15.6304   0.0561     3.39    0.126   0.93   0      34.47     1917.897     73.24269
       284    993.7889    832.9938     6794.369     353.6009  15.4196   0.0565     3.78    0.134  11.07   3      31.88     1737.958     73.03456
       285    997.9766    827.9489     14450.49     389.3829  14.6003   0.0293     4.20    0.182 -42.49   3      61.51     3527.539      78.7327
       286   1004.5112    827.4313     9409.009     299.3969  15.0661   0.0346     3.65    0.148 -23.82   3      52.65     2930.431     76.31995
       287    894.8587    833.7838     2441.433     234.5685  16.5309   0.1043     3.82    0.317 -10.76   0      16.98     897.3427     70.37009
       288    467.5541    828.2277     22195.38     294.0494  14.1343   0.0144     3.42    0.064  -0.49   2      116.4     7669.939     89.89854
       289    406.9485    833.1502     3780.178     260.4332  16.0562   0.0748     5.11    0.212  38.88   0       22.4     1156.486     71.56177
       290    396.4630    833.8275     2208.561     231.5878  16.6397   0.1139     4.82    0.247   1.86   0      14.65     757.8265     69.73421
       291    115.2215    832.7905     4632.292     283.5618  15.8355   0.0665     3.50    0.110  -0.80   0      27.71     1544.914     72.60835
       292    629.0283    830.6804     3627.586     298.2214  16.1010   0.0893     4.13    0.048  -1.01   0      18.69     945.1994     70.52448
       293    493.5430    831.0812     3784.735     221.8441  16.0549   0.0637     5.71    0.266  34.37   0      22.83     1093.168     70.63721
       294    355.8655    831.1061     4180.177     288.8094  15.9470   0.0750     3.65    0.238  56.66   3      24.94     1404.675     71.81143
       295    357.5302    824.4304     14148.21     371.4883  14.6232   0.0285     6.26    0.343 -89.13   3      63.29     2935.924     76.67188
       296     68.3132    830.0091      6273.56     385.4142  15.5062   0.0667     6.88    0.370  40.10   0      25.36     1032.168     70.80419
       297    574.4070    828.6661     7388.489     312.5788  15.3286   0.0459     3.39    0.028 -68.35   0      42.67     2417.213     75.11856
       298    382.9141    829.0322     10246.47      300.032  14.9736   0.0318     3.40    0.065  20.51   0      57.27     3445.175     78.00245
       299     29.6444    828.6581     13537.64     266.4151  14.6711   0.0214     3.57    0.079 -17.69   0      74.31     4385.388     80.85433
       300    802.6309    827.4567     3568.313     225.9245  16.1188   0.0688     3.73    0.205  -7.44   0      24.37     1332.893     71.76299
       301    503.3733    825.3596     9819.596     258.3016  15.0198   0.0286     4.72    0.178 -46.64   0      55.26     2796.346     76.59293
       302    981.0318    826.5242     3266.634     280.1837  16.2147   0.0931     4.41    0.182  -0.05   0      17.95     924.9438     70.45917
       303    599.4268    824.6439     12778.82     382.5788  14.7338   0.0325     3.72    0.082   3.21   0      61.29     3527.016     78.73119
       304    271.7624    824.2428      6795.81     338.7701  15.4194   0.0541     3.86    0.102  47.52   0      36.37     1969.443     73.92523
       305    193.9298    825.4575     2750.936     229.3377  16.4013   0.0905     4.18    0.198  -2.43   0      18.04     948.1592     70.35179
       306    646.6035    824.4227     3920.331     306.9261  16.0167   0.0850     4.48    0.218 -14.76   0      21.35     1112.775     71.06245
       307    156.0177    822.2456     8023.495     285.1437  15.2391   0.0386     3.53    0.103  -6.95   2      46.95     2741.759     76.43079
       308    838.3009    822.4078     6038.781     235.3166  15.5476   0.0423     0.00    0.492 -49.90   0      35.09     1015.755     70.75148
       309    673.7213    820.6835     18141.36     323.2934  14.3533   0.0194    10.11    0.281   9.86   0      89.49     4750.971     81.40381
       310    521.8095    822.9807     1725.804     134.5865  16.9075   0.0847     4.10    0.191  -1.21   0      14.07     756.4062     69.91342
       311    587.3627    819.2529     16051.38     310.6584  14.4862   0.0210     4.03    0.097 -28.24   0      85.37     5217.736     83.31528
       312    718.3552    819.5359     1807.263     174.1984  16.8574   0.1047     2.98    0.146  65.57   0      14.96     833.9396     70.16502
       313     85.8979    818.8756     4360.512     255.9725  15.9012   0.0638     3.26    0.069  38.89   0      29.24     1685.812     72.51896
       314     63.9382    818.7277     5807.745     383.4694  15.5900   0.0717     6.62    0.505  85.72   0      18.85     721.6945     69.80049
       315    105.5310    817.2598     6352.272     172.7533  15.4927   0.0295    -0.55    0.532 -29.39   0       84.8     4937.268     82.39101
       316    475.7004    817.0602     3126.339     206.1489  16.2624   0.0716     3.14    0.087  56.34   0       23.2      1303.49     71.13046
       317    613.3260    815.8168     7391.695     358.4888  15.3281   0.0527     3.66    0.054   2.14   0      34.25     1892.254     73.68755
       318     71.9025    815.6962     7755.595     340.3576  15.2760   0.0477     3.31    0.023  28.82   0      40.73     2315.762     74.29446
       319    263.1451    812.9701     33829.52     328.3271  13.6768   0.0105     3.37    0.066   0.61   0      157.1     11231.99     98.10118
       320    556.3535    808.0103     122572.3     409.1343  12.2790   0.0036     3.30    0.098 -62.35   0      381.2      41634.2     153.3625
       321      4.5321    809.5848     97602.95      350.238  12.5263   0.0039     3.54    0.023 -86.59  24      335.4     32373.92     138.7785
       322   1009.9146    810.9070      11981.9     266.2924  14.8037   0.0241     3.43    0.031 -16.40   0      68.99     4132.389      79.9797
       323    988.4117    812.1835      3766.84     303.6584  16.0601   0.0875     3.80    0.089  28.79   0      19.61      1028.31      70.7918
       324     24.7062    811.6071      8391.52     260.7605  15.1904   0.0337     3.60    0.140 -18.79   0      53.03     3075.766     77.08528
       325    825.6209    809.1448     13142.93     267.2815  14.7033   0.0221     3.43    0.038 -68.29   0      72.71     4401.484     81.05808
       326    116.0976    811.4916     2278.929     217.3631  16.6057   0.1036     3.35    0.134 -73.43   0      16.47     869.4525     69.72986
       327     43.5802    809.4355     3690.049     293.9339  16.0824   0.0865     3.76    0.092  45.66   0      18.65      1021.77     71.31287
       328    665.9363    807.5993      8443.42     329.3237  15.1837   0.0424     6.74    0.186  -2.40   0      45.66     2637.782     76.12098
       329    613.9039    806.5695     5693.426     269.3436  15.6116   0.0514     3.43    0.106 -86.78   0      35.96      2032.44      73.2476
       330     92.6920    807.7843     4670.187     154.7404  15.8267   0.0360     5.66    0.463  33.22   0      77.98     4015.765     79.48627
       331    928.0997    806.1680     2844.443     197.8892  16.3650   0.0756     4.51    0.301 -42.50   0      19.57     1010.192     69.82034
       332    632.0847    800.2133     8446.602     311.2922  15.1833   0.0400     6.59    0.134  34.73   0      48.93     2712.354     76.00628
       333    431.3037    799.1487     15653.02     333.3008  14.5135   0.0231     3.35    0.068  -4.56   0      81.52     4911.939     81.85198
       334    183.8759    799.1562     5923.188     309.4444  15.5686   0.0567     3.79    0.198  -4.14   0      33.91      1858.74     73.40945
       335     83.9819    798.1688     4369.119     215.1078  15.8990   0.0535     3.24    0.021  10.91   0      30.79     1833.463     73.68042
       336     45.7554    797.1514     9009.493     310.6717  15.1132   0.0374     3.63    0.115   4.57   0      49.59     2827.553     76.51791
       337    770.5128    797.5867     2118.228     185.3033  16.6851   0.0950     3.10    0.032 -15.49   0      16.64      909.937      70.2282
       338    244.4846    795.7334     5921.559     259.8368  15.5689   0.0477     3.73    0.101 -18.77   0       36.5       1984.9     73.45031
       339   1006.2482    795.0783     3586.477     241.0604  16.1133   0.0730     3.94    0.221   2.54   0      22.48     1265.326     71.36905
       340    491.1580    793.1652     19665.95     273.9457  14.2657   0.0151     3.34    0.048   4.19   0      106.9      7091.42      88.2786
       341    336.3171    791.7576     92362.67     431.7313  12.5863   0.0051     7.03    0.343  18.28   0      287.2     16590.37     109.6987
       342     19.6787    795.0093     5123.141     211.3969  15.7262   0.0448     7.65    0.236  26.86   0       34.6     1968.452     73.74834
       343    701.6299    790.6732     49986.35      403.283  13.2529   0.0088     3.44    0.058  27.99   3      198.2     14785.32     106.1351
       344    688.9191    786.0322     61131.52     346.7113  13.0343   0.0062     3.34    0.080  11.19   2      242.1      20595.5     117.9223
       345    756.6328    789.7031     18494.74     332.3487  14.3324   0.0195     3.45    0.058  27.76   0      94.76     5783.632     84.08507
       346    127.4334    791.4220     7647.771     270.9877  15.2912   0.0385     3.44    0.052  -1.90   0      48.58     2846.466     76.74151
       347    962.8003    783.3506     204821.7      469.234  11.7216   0.0025     3.50    0.074   7.95   0      514.9     65122.12     184.7837
       348    632.2149    790.2437     6853.582     250.6078  15.4102   0.0397     3.55    0.006  40.53   0      44.22     2592.889     75.98682
       349    875.0980    791.0670     2537.424     230.5224  16.4890   0.0987     4.30    0.393  -6.52   0      16.21     837.2711     69.80901
       350    185.0845    786.9072     15894.77     364.7205  14.4969   0.0249     5.61    0.301 -46.02   0      70.03     3312.185     77.61399
       351    896.0440    786.7630     13108.37     358.5323  14.7061   0.0297     3.56    0.141   9.45   0      64.56     3848.652     79.49294
       352    213.1288    788.7078      2115.43     197.0502  16.6865   0.1012     3.38    0.268 -74.15   0       14.9     804.2123     69.88522
       353     13.8426    788.4036     2730.259     220.7612  16.4095   0.0878     3.59    0.110 -15.93   0      18.93     1033.404      71.1698
       354    557.9911    778.7329     498237.7     607.4167  10.7564   0.0013     3.35    0.047  -8.94   2      844.4     162231.8      279.796
       355    553.3964    762.8893     108684.4     400.5451  12.4096   0.0040     3.35    0.067  29.36   3      350.6     35294.97     143.4825
       356    365.9348    783.5233     30395.56     309.7882  13.7930   0.0111     3.53    0.037  42.78   0      143.5     9745.514     94.45898
       357     87.6162    782.7734     14086.62     321.4302  14.6280   0.0248     3.53    0.104  12.94   0      71.68     4268.261     80.84262
       358    617.6266    782.9476     4825.617     200.1516  15.7911   0.0450     3.52    0.091  19.82   0      33.53      1943.43     73.84521
       359     38.1609    782.8262     4815.749     415.8273  15.7933   0.0938     3.53    0.107  43.62   0      19.74     1212.684     71.74003
       360   1006.2289    781.6428     3685.147     234.4054  16.0839   0.0691     3.38    0.065  -4.92   0      23.68     1313.151      72.0576
       361    857.3712    780.0795     6283.907     361.3557  15.5044   0.0625     6.78    0.325   9.60   3      26.49     1373.272     71.89075
       362    851.6991    776.0804     14068.21     401.3385  14.6294   0.0310     6.03    0.349 -74.07   2      63.29     3641.696     78.24554
       363    135.3779    780.8478     3202.691     258.6912  16.2362   0.0877     3.80    0.164  71.47   0      19.87     1095.771     71.36868
       364    732.6935    776.9080     22895.88     490.0793  14.1006   0.0232     4.01    0.173 -13.01   2      88.82     5258.153     83.11716
       365    715.0188    770.0905     22078.96     324.0753  14.1401   0.0159     3.52    0.059 -45.51   3      108.1     6918.184     87.24493
       366    722.9164    768.5758     22281.95     422.9965  14.1301   0.0206     5.20    0.229   9.16   3      90.75     5029.563     82.48975
       367    824.9147    776.5367     10231.73     292.4376  14.9751   0.0310     3.62    0.107   3.52   0      58.99     3365.254       77.604
       368    398.9385    775.4407     7145.039     332.3119  15.3650   0.0505     6.49    0.156  23.60   0      37.09     2082.048     74.09758
       369    344.5119    775.2621     5411.202     208.6527  15.6668   0.0419     3.67    0.045  -1.43   0      36.12     2015.111     73.54372
       370   1003.2549    775.7223     2093.449     228.6852  16.6978   0.1186     3.36    0.212  42.45   0      13.65     733.5975      69.6552
       371    522.9966    774.8724      4645.94     210.8832  15.8323   0.0493     4.02    0.103 -81.47   0      30.46     1680.143     72.85442
       372    105.7745    774.2150     8473.799     285.5024  15.1798   0.0366     4.16    0.154  -4.15   0      50.58     2882.865     76.84923
       373    781.0954    772.0662     10798.95     326.0609  14.9165   0.0328     3.47    0.058  19.29   0      57.63      3434.06     77.80525
       374    545.0002    773.9355     8196.617     131.1636  15.2159   0.0174     0.00    0.054 -87.83   0      116.4     8009.542     90.75303
       375    365.2886    771.8389     4608.593     354.9162  15.8411   0.0836     5.35    0.167 -76.72   0      18.16     845.8367     69.83689
       376    912.0792    769.3555     9218.351     284.9706  15.0884   0.0336     3.49    0.057   7.78   0      53.82     3069.336     76.89958
       377     80.9839    764.4214     181265.2     474.2116  11.8542   0.0028     3.67    0.251   3.99   0      479.8     57783.53      175.672
       378    301.0882    769.1494     3921.346     280.7142  16.0164   0.0777     3.32    0.048  -9.23   0      24.14     1368.491     71.51756
       379    195.9844    767.4540      22595.8     274.0335  14.1149   0.0132     4.21    0.097  19.65   0      118.8     8072.804     90.77001
       380    456.2720    765.9519     7604.573     299.0988  15.2973   0.0427     7.91    0.332  68.19   0      39.54     1924.945     73.61414
       381    400.6546    765.7310     25572.85     368.9669  13.9806   0.0157     3.55    0.103   0.65   3      117.1     7498.583     89.03281
       382    238.6703    777.2631     9988.709     295.5245  15.0012   0.0321     3.55    0.085  41.43   0      58.59     3369.254     77.94579
       383    400.3195    756.4821     9592.203     385.7058  15.0452   0.0437     5.31    0.132 -21.15   3      41.01     2212.177     73.97691
       384    335.6685    754.5052     9245.519     475.6798  15.0852   0.0559    10.00    0.480  49.36   3      27.02     1129.089     70.75269
       385    341.2456    763.4171     8082.062      358.031  15.2312   0.0481     3.94    0.177  38.18   3      40.47     2311.826     75.14147
       386    335.8015    761.0018      5940.91     363.7959  15.5654   0.0665     4.54    0.151 -30.78   3      24.62     1321.477     71.72683
       387    115.9817    763.4851     5901.806     278.8821  15.5725   0.0513     3.75    0.071 -30.91   0      33.19     1846.553     73.19655
       388    102.6564    762.9445     7808.246     297.1011  15.2686   0.0413     3.45    0.077  44.27   0      46.43     2737.927      76.4194
       389    905.4410    762.5766     2854.092     210.4734  16.3613   0.0801     3.18    0.099 -69.50   0      22.67      1293.72     71.99629
       390    371.0880    762.6597      8263.73     349.9892  15.2071   0.0460     4.03    0.156   5.98   0      40.18     2189.243      74.0799
       391    131.8257    762.1946     5255.243     304.7704  15.6985   0.0630     4.35    0.160 -27.63   3      30.74      1344.04     71.97684
       392    125.4747    761.5057     15572.62     357.4074  14.5191   0.0249     3.52    0.102  -6.38   3      72.28     4184.688     79.96781
       393    978.5740    760.5773      4855.84     362.2326  15.7843   0.0810     7.89    0.576 -40.80   0      19.91     821.1622     70.48877
       394    923.1298    760.3770     7918.125     250.2925  15.2534   0.0343     3.59    0.092  -7.71   0      49.35     2847.826     76.57809
       395    896.8674    761.1144     1965.257     181.6154  16.7665   0.1004     4.27    0.009  27.04   0       16.2     885.2653     69.96509
       396    435.6226    760.1384     7393.771     309.4874  15.3278   0.0455     7.54    0.259 -47.34   2      41.36     2339.853     74.88415
       397    444.0785    754.2452     11605.17      336.304  14.8384   0.0315     3.66    0.120 -24.47   2      60.25     3542.185     78.28459
       398     47.8553    756.6661     37092.64     307.4413  13.5768   0.0090     2.40    0.067  26.48   2      173.7     13666.68     103.5882
       399     48.0377    749.0477     6032.362     334.4412  15.5488   0.0602     4.08    0.073  25.29   3      30.35       1575.3     72.34942
       400     22.1586    759.4443     1718.073     127.2185  16.9124   0.0804     0.63    0.208 -85.92   0      28.13      1495.86     72.09944
       401    590.1200    757.4938     7697.488     265.0431  15.2841   0.0374     3.81    0.140  17.98   0      47.18     2595.978     75.48763
       402    258.2403    752.9412      57970.6     339.0001  13.0920   0.0064     3.42    0.035  -7.13   0      234.1     19271.51     115.3423
       403    599.9970    756.5118     2834.965     257.1228  16.3686   0.0985     3.73    0.173   0.58   0         19     994.7173     70.68388
       404    530.0010    756.2671     2927.059     124.2999  16.3339   0.0461     1.20    0.135  87.03   0      51.99     2931.171     76.99196
       405    312.7499    747.1409     429723.1     585.0682  10.9170   0.0015     3.46    0.046   8.55   0      779.2     136828.6     258.3387
       406    997.6938    747.4824     2827.479     237.6584  16.3715   0.0913     3.75    0.022 -68.67   0      19.94      1062.89     70.72146
       407    580.9414    745.6617     14666.13     289.2827  14.5842   0.0214     3.36    0.027 -17.19   0      82.43     5191.088     83.24256
       408     94.0599    744.1953     7710.073     348.7104  15.2824   0.0491     4.09    0.138 -24.16   0      38.57     2123.998     74.39887
       409     61.1006    743.7581     3313.955     270.9056  16.1991   0.0888     3.47    0.063 -68.12   0      18.95      1013.54     69.83125
       410    678.3248    742.6255     5829.167     323.5715  15.5860   0.0603     3.60    0.082 -17.03   0      30.45     1643.103     72.73878
       411    160.5444    742.6508     3934.059      316.206  16.0129   0.0873     3.86    0.258 -78.26   3       19.6     975.0726     70.80221
       412    165.5151    738.5794     5748.052     328.4369  15.6012   0.0621     3.83    0.018  84.97   2      31.72      1645.86     72.39364
       413    406.5105    740.2691     7101.183     391.6797  15.3717   0.0599     3.93    0.174  -5.70   2      27.18     1335.988      71.4142
       414    192.4115    736.4075      22135.1     351.6576  14.1373   0.0173     9.70    0.197  33.87   0      106.9     6707.317     87.13694
       415    178.6694    738.6470     6502.595     401.8514  15.4673   0.0671     8.53    0.598 -19.81   1       23.7     1034.273     70.81094
       416    700.8646    736.6653     9036.912     247.4458  15.1100   0.0297     3.80    0.085 -12.59   0      53.49     3026.589     76.77314
       417    590.5067    735.5004     3337.991      275.623  16.1913   0.0897     5.20    0.223  89.59   2      19.95     646.1456     68.99818
       418    138.5142    736.6987     22414.43     314.2597  14.1237   0.0152     3.48    0.061 -18.36   0      115.1     7333.659      88.3206
       419    748.4382    736.6395     5261.826     216.0489  15.6972   0.0446     3.74    0.084   9.92   0      35.23     1981.607     73.78886
       420    295.8235    737.6008     3918.998     264.2234  16.0171   0.0732     3.63    0.192 -13.75   0      22.87     1219.966     71.40445
       421    644.1354    735.1027     3518.873     187.0133  16.1340   0.0577     3.64    0.080  40.77   0      25.61     1404.695     71.63252
       422    967.2460    731.2166      9977.09      465.118  15.0025   0.0506    10.07    0.162 -44.00   0      34.11     1797.021     73.56792
       423    490.6609    732.2172     6955.983       263.19  15.3941   0.0411     3.94    0.091  24.04   0      41.11      2293.14     74.74224
       424    437.2182    731.2150     6756.218     283.0001  15.4257   0.0455     8.86    0.267 -11.38   0      38.65     2160.307     74.33723
       425     74.1632    731.9923     3721.667     257.9054  16.0732   0.0753     3.63    0.036   2.82   0      25.64      1439.25     72.45423
       426   1017.1953    731.0602     3684.689     261.5795  16.0840   0.0771     3.54    0.029  -9.01  16      22.56     1265.455     71.72828
       427    377.1452    729.9189     12206.73      252.891  14.7835   0.0225     3.44    0.031  -5.84   0       71.7     4280.488     80.23962
       428    868.7738    728.3996     5537.796     292.0815  15.6417   0.0573     3.71    0.039  15.37   3       31.3     1693.451     73.24726
       429    873.1335    725.5060     10316.37     322.7552  14.9662   0.0340     3.74    0.183 -23.83   3      50.57     2800.576     76.10113
       430    560.2822    725.9558     40224.13     324.9167  13.4888   0.0088     3.41    0.030  76.07   0      177.9      12974.4     101.9322
       431    184.1915    722.5474     56935.31     350.4199  13.1115   0.0067     3.44    0.054   7.05   0      230.9     18813.51     114.5484
       432    152.9576    727.6017     5628.253     379.1544  15.6241   0.0732     7.72    0.167 -67.91   2      23.09       803.78      70.4327
       433    631.9327    727.6917     6137.018     308.5632  15.5301   0.0546     3.52    0.125  10.59   0      34.01     1900.277     73.36317
       434    745.9629    726.4399     2752.036     225.1019  16.4009   0.0888     4.01    0.192   0.63   0       18.4     968.8981     70.60081
       435     84.0541    725.3398      10336.2     279.0438  14.9641   0.0293     3.85    0.046   4.23   0      60.96     3592.125      78.7561
       436    250.7377    721.8010     51799.01     398.7084  13.2142   0.0084     4.09    0.296  -1.04   0      200.5     14515.75     105.6778
       437    401.0164    721.8801     18436.72     324.4915  14.3358   0.0191     3.44    0.069 -11.88   0      95.19     5976.296     85.20895
       438    312.7590    724.8294     4019.344     301.7276  15.9896   0.0815     3.78    0.218  17.90   0      20.55     1102.397     71.38978
       439    435.9101    717.7012     55130.41     383.4117  13.1465   0.0076     3.40    0.149 -27.96   3      216.4     16770.79     109.9551
       440    426.8606    717.3101     24519.66     412.6935  14.0262   0.0183     3.68    0.286 -18.33   3      95.94     5788.217     84.40218
       441    223.9978    720.9564     3152.086      179.555  16.2535   0.0619     3.62    0.030 -22.46   0      22.12     1241.444     71.83108
       442    601.8847    719.9236     5295.059     234.5972  15.6903   0.0481     3.87    0.081 -61.83   0      33.57     1802.531      72.7075
       443    290.3726    719.1843     11369.31     275.2594  14.8607   0.0263     3.97    0.255 -22.86   0      59.64     3316.326     78.12063
       444    111.6824    720.0570     3028.379     241.8641  16.2970   0.0867     3.73    0.033  86.18   0      19.95     1034.919     70.44955
       445    957.5538    718.0287     13113.83     324.7191  14.7057   0.0269     3.57    0.105 -13.57   0      70.79     4238.256     80.75822
       446    622.8569    718.7255     6637.675     369.4795  15.4450   0.0605     3.93    0.289  27.99   0       23.3     1276.924     71.40598
       447    586.5225    716.1132     17905.52     296.1827  14.3675   0.0180     3.32    0.033 -50.54   0      95.55      6053.27     85.11291
       448    316.6355    716.7063     8592.628     372.4075  15.1647   0.0471     5.95    0.412 -25.58   0      39.26     1751.477     72.37058
       449   1014.4429    716.6411     7276.932     352.0928  15.3451   0.0525     3.88    0.091 -21.39   0      34.44     1850.384      73.0329
       450    859.9085    717.1559     4499.554     194.9026  15.8671   0.0470     3.51    0.022  25.34   0       31.6     1775.992     72.80103
       451    613.9244    716.7803     5470.475     375.6582  15.6549   0.0746     4.58    0.181   3.21   0       21.9     1055.977     71.06144
       452    517.7231    716.8638     2973.069     173.8769  16.3170   0.0635     3.81    0.118 -39.17   0      21.48     1165.189     71.04945
       453    827.6844    714.2858     11569.66     282.3291  14.8417   0.0265     7.09    0.412  19.67   0      56.72     2508.815     75.22475
       454    141.5692    712.5634     3531.225     205.0356  16.1302   0.0631     3.66    0.090   3.70   3      25.29     1391.286     72.30362
       455    140.8806    705.5386     10886.53     303.7031  14.9078   0.0303     3.85    0.075  61.91   2      59.37     3358.472     77.58414
       456    934.7695    705.0496     7181.492     316.5102  15.3595   0.0479     7.43    0.432  80.93   2      35.39     1654.162     72.94951
       457    922.7574    711.0686     4447.919     201.3226  15.8796   0.0492     3.52    0.093  28.67   0      32.62      1871.43     73.44873
       458    395.5970    708.9128     20242.22     289.2262  14.2344   0.0155     3.48    0.057  21.12   0      108.2     7019.151     87.94651
       459    166.0325    709.3601     3445.562      273.374  16.1568   0.0862     3.93    0.203 -16.38   0      20.77     1140.189     71.50999
       460    746.5477    705.0757     52701.14     332.5663  13.1954   0.0069     3.40    0.043  16.43   0      220.8     17836.14     112.3643
       461    540.4954    706.3279     3088.351     258.5907  16.2757   0.0909     6.38    0.228  87.55   0      18.51     957.4435     70.01607
       462    248.4514    706.3940     5921.729      268.343  15.5689   0.0492     3.60    0.133  46.07   0      37.01     2047.094     74.16357
       463    879.0700    704.4407     16700.59     326.2377  14.4432   0.0212     6.43    0.320  20.89   3      78.35     4312.859     80.65021
       464    886.3246    700.5049     12306.35      410.628  14.7747   0.0362    11.94    0.133  45.67   3      56.62     2782.846     75.70982
       465    526.7263    704.3557     15077.85     277.1491  14.5542   0.0200     8.00    0.105  78.65   0      82.23     4880.638     82.23465
       466    504.6200    705.7456     6701.079     277.2272  15.4346   0.0449     3.57    0.086 -35.38   0      40.47     2312.504      74.9725
       467    159.4386    706.2114     3033.718      249.703  16.2951   0.0894     3.49    0.066  -3.32   0      18.97     1090.209     71.53065
       468     98.0407    706.2436     2776.289      204.197  16.3913   0.0799     3.39    0.112 -27.36   0      20.63     1135.844     70.77438
       469    857.4136    703.7237     14347.79     251.0013  14.6080   0.0190     3.41    0.064   0.31   0      85.85     5355.953     83.69147
       470    713.9669    705.8901     2571.888     123.6488  16.4744   0.0522     4.42    0.138  61.18   0      55.54     2279.658     74.18394
       471    792.1796    703.7388     3630.542     267.5973  16.1001   0.0800     3.53    0.047  19.47   0      24.04     1333.535     71.76502
       472    972.0655    702.3530     1927.172     158.9498  16.7877   0.0896     3.26    0.249  74.86   0      15.52     870.9726     70.28487
       473    421.8333    702.0869     3281.383     285.8648  16.2099   0.0946     4.16    0.373 -10.12   0      16.27     753.1863     69.71909
       474    234.2265    701.0403     4561.508     209.2643  15.8522   0.0498     3.98    0.140  -5.41   0      31.36     1744.032     73.40404
       475    607.3776    699.2603     13164.95     441.2236  14.7015   0.0364     4.40    0.078   6.56   2      47.28     2315.253     74.80945
       476    447.0240    698.7792     9807.705     354.6287  15.0211   0.0393     3.76    0.076  41.27   0      48.57     2726.312     76.38484
       477    765.3799    710.2816      4202.13     192.8989  15.9413   0.0499     3.71    0.184   8.51   0      29.17     1594.787     72.58766
       478    807.7984    705.2156     7531.791     255.0255  15.3078   0.0368     3.37    0.028   4.72   0      47.24     2740.943     76.09171
       479    803.1043    699.3759     3298.933     255.0283  16.2041   0.0840     6.88    0.381 -12.75   0      22.52     1231.708     70.90074
       480    917.3082    697.5877     4953.719     205.0472  15.7627   0.0450     3.82    0.081 -13.76   0      33.63      1809.37     72.90515
       481    693.6223    696.1931     5454.249     219.1991  15.6582   0.0436     3.61    0.063  25.17   0      36.26     2048.103     74.16666
       482     42.7623    695.8321     3101.371     257.3582  16.2711   0.0901     4.57    0.229  69.29   0      19.45     1034.346     70.99223
       483    876.5042    694.9564     5315.331     300.5745  15.6862   0.0614     2.25    0.237  23.48   3      26.38     1524.777     71.65511
       484    736.9476    692.4574     17034.53     249.5945  14.4217   0.0159     1.35    0.042  73.79   0      102.3     7366.957     89.12927
       485    312.4325    695.8741     2852.063     257.1379  16.3621   0.0979     3.36    0.148  12.77   0      18.02     1000.053     70.70103
       486    558.9944    693.2600     5088.244     318.0451  15.7336   0.0679     5.99    0.144  40.98   3      26.04     1343.617     71.97551
       487    557.2904    688.9752     4045.687     294.2088  15.9825   0.0790     3.53    0.025  19.16   3      23.55     1254.213     70.97284
       488    813.2176    691.3137     4822.121     242.2226  15.7919   0.0546     3.72    0.153 -81.61   0      30.13     1642.697     72.56083
       489    146.5858    691.0759     3023.032     239.1907  16.2989   0.0859     3.64    0.169  73.49   0      20.43     1086.882     71.16021
       490    430.4993    686.5186     10831.04      342.405  14.9133   0.0343     4.72    0.267  69.07   0      49.92     2552.087     75.01391
       491    367.7895    687.4454     6410.767     303.5236  15.4827   0.0514     4.38    0.230 -30.01   3      35.65      1941.95      74.0143
       492    373.4872    684.7097     3507.791     283.7921  16.1374   0.0879     5.60    0.112 -73.78   3      19.26     872.5096     70.10698
       493   1021.8010    686.3270     4206.007     192.9035  15.9403   0.0498     3.68    0.081 -88.96  24      29.61     1681.467     72.85856
       494    581.7623    687.4249     2428.236     239.9659  16.5368   0.1073     4.34    0.244 -58.75   0      15.25     824.2786     70.68066
       495     54.4666    685.7075     7119.424     282.1566  15.3689   0.0430     3.67    0.072 -21.55   0      44.37     2500.696     75.20022
       496    201.0512    685.5496     3037.204     201.3241  16.2938   0.0720     3.77    0.203  15.73   0      20.64     1090.131     71.35072
       497    998.7792    680.9425     3410.108      264.999  16.1681   0.0844     3.25    0.187  24.68   0       20.2     1138.654     71.14518
       498    321.2145    681.2835     2744.741     229.3316  16.4037   0.0907     3.52    0.220  -5.37   0      18.86     1046.631     70.85059
       499    243.4467    679.5557     4364.349     194.7448  15.9002   0.0485     3.57    0.052  46.17   0      32.09     1786.652     73.36111
       500    880.8283    676.1885     51304.48     330.6414  13.2246   0.0070     3.42    0.065   8.30   0      215.3     17143.67      111.186
       501    813.7913    678.8210     4592.454     284.6594  15.8449   0.0673     3.89    0.118  60.12   0      25.88     1394.079      71.9565
       502    389.4790    678.9830     3043.308     216.6849  16.2916   0.0773     4.23    0.329  -4.32   3      20.76     1128.557     71.29319
       503    391.5209    673.0626     13245.03     328.7391  14.6949   0.0270     3.51    0.102 -54.50   2      70.13     4162.292     80.06463
       504    277.4575    678.0883     7662.738      196.934  15.2890   0.0279     0.00    0.187  -4.04   0      75.83     4959.793     82.14117
       505    308.1801    675.1127     26788.43     338.9208  13.9301   0.0137     3.38    0.061 -12.16   0      130.8     8810.204     92.18112
       506    731.0818    675.5623     10925.58     247.8832  14.9039   0.0246     7.20    0.223   7.93   0      64.76      3825.17     79.10188
       507    689.0757    676.6454     2478.786     169.4841  16.5144   0.0743     3.31    0.111 -17.48   0      18.41     1032.489      70.6237
       508    648.3807    675.6532     6398.004     235.6633  15.4849   0.0400     5.63    0.098  39.92   0      39.06     2169.264     74.53702
       509    523.8107    675.9153     3492.443      256.455  16.1422   0.0797     5.10    0.195 -45.08   0      21.84     1141.283     71.15357
       510    420.3448    676.0512     3391.307     244.8405  16.1741   0.0784     3.07    0.035  82.72   0      23.18     1363.841      72.2173
       511    203.2984    675.6086     4526.474     313.5762  15.8606   0.0752     3.49    0.073  -7.94   0      23.95     1304.355     71.67255
       512    475.1497    675.2441     5220.208     344.2989  15.7058   0.0716     4.30    0.188   0.02   2      23.91     1208.416     71.54732
       513   1007.4158    674.1430     4634.861     245.9921  15.8349   0.0576     3.52    0.145  22.28   0      30.88     1761.505     73.28316
       514    969.3500    671.6883     4854.028     217.1027  15.7847   0.0486     3.67    0.177  -2.53   0      31.97     1742.446     72.69623
       515    589.2048    670.0670     11662.85     292.4525  14.8330   0.0272     3.57    0.098 -11.04   0      63.64     3752.138     79.05431
       516    218.4458    671.4199     2221.054     209.7887  16.6336   0.1026     5.98    0.269 -22.18   0      15.15     780.3364     70.35701
       517    836.9112    669.9774     4805.341     314.7993  15.7957   0.0711     4.80    0.309  54.54   0      24.21     1229.301     71.07386
       518    177.3640    677.0775     9050.225      332.649  15.1084   0.0399     6.34    0.396 -71.77   0      46.55     2270.915     74.67463
       519    815.6870    668.6932     3695.685     256.6351  16.0808   0.0754     3.44    0.044 -33.78   0      25.42     1416.378     71.84846
       520    296.9353    668.1063     15415.53     372.2628  14.5301   0.0262     3.81    0.129 -14.32   0      74.49     4334.466     80.55188
       521    337.2648    665.0910     11047.03     412.2722  14.8919   0.0405     5.39    0.289  53.82   0       45.9     2365.585     74.61894
       522      4.2048    667.4035     5000.273     283.8566  15.7525   0.0617     5.14    0.274 -15.97  16      24.87     1234.994     71.45227
       523    898.9136    664.6188     8365.809     376.5545  15.1937   0.0489     4.24    0.139 -10.99   0      38.44     2119.722     74.03988
       524    609.4146    664.1125      12070.7      286.117  14.7957   0.0257     3.96    0.170 -21.53   0      65.37      3575.82     78.38218
       525    523.3188    663.3955     6563.483     306.7922  15.4572   0.0508     3.70    0.071 -47.34   0      37.01     2029.987     74.11113
       526    347.4659    663.5752     7654.386     352.3363  15.2902   0.0500     3.54    0.063 -14.60   0      38.74     2200.591     74.63248
       527    923.9584    662.5502      5230.85     217.4968  15.7036   0.0452     4.13    0.125  60.70   0      32.33       1721.3     73.15837
       528    793.1110    664.0664     2819.028     124.1022  16.3748   0.0478     0.00    0.159  26.99   0      57.26     2409.277      74.7519
       529    762.6868    662.3953     6783.305     345.3292  15.4214   0.0553     4.49    0.198  18.93   0      33.11      1651.48     72.94115
       530    652.5970    663.1871     5658.281     324.4421  15.6183   0.0623     3.94    0.191  -2.53   0      28.64       1620.8     72.66907
       531    458.2718    662.1589     8303.776     344.4702  15.2018   0.0451     3.44    0.141  13.51   0      40.41     2336.449     74.87382
       532    425.9832    661.6842     6095.054     210.9232  15.5376   0.0376     3.46    0.076  38.17   0      42.38     2486.553     75.32806
       533    853.0387    656.9550     73665.88     404.6892  12.8318   0.0060     3.73    0.297   1.67   0      267.4     22869.26      122.226
       534    681.9088    660.1319     5231.449     315.1068  15.7034   0.0654     4.66    0.235  33.68   0      25.83     1361.473     71.49526
       535    449.2988    658.9890     5967.718     226.9156  15.5605   0.0413     3.38    0.027  -9.76   0      40.11     2317.356     74.81583
       536    978.5257    658.3105     7981.999     314.0336  15.2447   0.0427     7.15    0.337  31.95   0      42.73     1928.667      73.2761
       537    135.9017    657.7936     6226.134     376.9673  15.5145   0.0658     4.87    0.075 -87.34   0      27.08     1276.402     71.58386
       538    125.0519    658.7864     2510.246     167.6226  16.5007   0.0725     3.22    0.100 -14.89   0      18.76     1063.366     71.08507
       539    822.7878    655.6667     30718.01     330.0783  13.7815   0.0117     3.47    0.033 -16.64   0      146.5     10073.67     95.51443
       540    383.8112    655.6201     5875.212     326.5653  15.5774   0.0604     7.25    0.383  16.68   0      26.04     1067.259     70.91674
       541    663.6447    653.2642     9862.666      481.338  15.0150   0.0530     9.27    0.512 -74.96   0      34.63     1292.047     71.63351
       542    675.3495    648.3892     53232.98     417.5907  13.1845   0.0085     3.44    0.025 -19.87   2      193.5     14413.74     105.4582
       543    649.6457    651.8560     33839.25     371.4412  13.6764   0.0119     3.38    0.024 -18.98   0      153.2     10896.69     97.58474
       544    625.4119    650.5032      66634.1     348.4627  12.9408   0.0057     3.38    0.040  -0.20   0      257.9     22028.06     120.6517
       545    171.4912    652.8825     14534.77     296.8459  14.5940   0.0222     4.98    0.111  -5.88   0      80.01     4859.843     82.02081
       546     94.9527    653.4259     5348.126     221.9991  15.6795   0.0451     3.71    0.077 -88.08   0      35.97     1992.795     74.17026
       547    461.2836    652.4664     6774.167     334.9449  15.4229   0.0537     4.15    0.129   2.45   0       35.4     1835.096     72.98531
       548    186.2950    652.9855     3040.222     223.9643  16.2927   0.0800     3.95    0.015 -19.35   0      20.83     1106.156     70.67899
       549    834.5162    651.0089     8174.514     391.4832  15.2188   0.0520     4.62    0.108  43.78   3      35.63     1932.225      73.6366
       550    832.2754    647.0170     7143.137     338.0551  15.3653   0.0514     3.87    0.246   9.05   3      32.16     1763.269     73.28864
       551    357.7240    652.3860     3217.761     281.2872  16.2311   0.0949     3.81    0.170  22.99   0      18.69     993.9954     70.86293
       552    265.2791    652.3464      5630.68     192.9184  15.6236   0.0372     7.00    0.403  41.74   0      54.45     3490.269     77.96926
       553    193.9750    650.9829     4161.065     242.9262  15.9520   0.0634     3.29    0.038  -2.60   0      27.84     1637.109     73.07224
       554   1019.4526    650.4077     2909.238     263.3534  16.3406   0.0983     4.40    0.114 -44.93  16      17.62     901.6736     70.56621
       555     48.9146    649.6972     5038.803     277.0219  15.7442   0.0597     4.42    0.127  70.04   3      28.93     1470.992     71.84256
       556     47.7673    643.4920     12204.02     373.7473  14.7837   0.0333     3.60    0.072  57.30   3      58.49     3314.128     77.12196
       557    348.2708    648.6482     14836.19     529.2994  14.5717   0.0387     1.76    0.358   1.99   3      37.09     2348.314     74.90982
       558    334.2056    643.8232     146645.2      432.061  12.0843   0.0032     3.38    0.114  20.90   2      423.3     47539.14     161.7975
       559    697.5175    649.0175     2135.922      185.325  16.6760   0.0942     3.92    0.250  -0.61   0      17.02     949.1336     70.53716
       560    546.5789    648.5493     3952.097     331.0917  16.0079   0.0910     6.19    0.350  35.76   0       16.9     793.9647     70.40102
       561    492.7570    647.7248     2989.431     278.8101  16.3110   0.1013     3.95    0.146  84.79   0      16.58      797.512     70.04692
       562    372.2499    657.9547      3334.54      257.564  16.1924   0.0839     4.01    0.091  26.75   0      21.28     1166.778     71.41493
       563    567.9700    647.7802      2103.98     242.3219  16.6924   0.1251     4.01    0.172  89.43   0      13.48     734.6608     70.20931
       564    987.6736    644.3281     9668.981      322.299  15.0365   0.0362     3.44    0.052  32.54   0      53.71     3069.773     76.90087
       565    517.3717    645.4605     3761.906      259.182  16.0615   0.0748     3.39    0.096  -4.08   0      22.62     1219.537     71.40308
       566   1022.8218    642.7469     5859.343     256.0497  15.5804   0.0475     6.87    0.515  89.07  24      33.08     1518.598     72.52593
       567    235.0768    642.7381     10529.23      251.379  14.9440   0.0259     3.43    0.063  10.74   0      63.53     3815.737     79.23693
       568    871.0269    643.1232      64316.6     360.5553  12.9792   0.0061     3.33    0.119 -21.17   2      243.9     20445.21     117.6322
       569    594.6902    640.7188     12676.77      298.661  14.7425   0.0256     3.31    0.017 -38.56   0      71.76     4319.854     80.51064
       570    299.3441    639.9067     20951.25     311.1437  14.1970   0.0161     3.45    0.060  30.45   0      108.6     6918.487     87.24571
       571    152.2839    639.6966     21283.29     283.3268  14.1799   0.0145     3.45    0.083  -5.41   0      112.2     7204.778      88.1341
       572    287.1317    636.9355     3525.493     307.6784  16.1320   0.0948     5.00    0.397   5.43   0      16.62     854.4043     70.04826
       573    578.8404    635.6316     3769.324     274.8132  16.0593   0.0792     3.11    0.198 -16.02   0      21.68     1255.854     71.87666
       574     97.0172    633.0864     9257.683     292.7777  15.0837   0.0343     3.60    0.071  32.37   0      53.98     3118.442     77.04458
       575    228.4022    632.9553     5201.984      234.507  15.7096   0.0490     3.38    0.110  -4.63   0      35.53     2071.373     74.41064
       576    739.6207    642.1469     16852.99     315.3416  14.4333   0.0203     5.42    0.281 -49.71   0      78.36     3717.639     79.11747
       577    464.2950    630.3369     5706.467     318.4866  15.6091   0.0606     3.56    0.101   5.88   0      30.41     1660.621     72.43996
       578    378.4248    628.2853     55641.54     350.4965  13.1365   0.0068     3.43    0.090  30.45   2      224.7     17881.52     112.3418
       579    366.4020    620.6986     12059.35     404.9819  14.7967   0.0365     6.11    0.455  29.00   3      52.09     2660.527     75.85114
       580    719.5768    629.2652     7402.873     241.9942  15.3265   0.0355     2.28    0.221  38.14   0      46.11     2786.204     76.39499
       581    653.0466    629.4270     7409.717     294.6257  15.3255   0.0432     3.59    0.074   0.62   0      47.22     2747.755     76.44862
       582    548.3898    630.0208     4038.147     325.2843  15.9845   0.0875     4.24    0.246 -52.47   0      19.98     1023.811     70.95849
       583    338.8257    627.2366     53554.38     352.7979  13.1780   0.0072     5.07    0.096 -11.12   0        218      17440.6      111.906
       584    280.3252    629.4415     3977.786      244.073  16.0009   0.0666     3.39    0.048 -89.60   0      25.61     1427.635     72.06241
       585     83.0505    628.9128     6062.109     360.3267  15.5434   0.0646     9.68    0.290  60.70   0      28.69      1166.35     70.87228
       586    501.9085    627.9969     5209.108     288.5078  15.7081   0.0601     3.60    0.088  23.92   0      30.84     1668.293     72.81745
       587    366.5374    627.9329     4695.348     272.0621  15.8208   0.0629     3.58    0.162  10.07   1      28.02     1556.594     72.46799
       588    203.9483    628.9454     4436.624     129.5316  15.8824   0.0317     4.54    0.172  45.49   0      76.44     3750.865     79.37474
       589    852.4150    625.2611     14981.68     292.8368  14.5611   0.0212     3.39    0.048  17.63   2      82.09     5015.657     82.60696
       590    853.5366    617.9498     3722.343     272.4285  16.0730   0.0795     4.42    0.065 -42.33   3      20.21     1035.174     70.81384
       591    808.1073    627.0842     4965.645     345.9908  15.7601   0.0757     4.66    0.188  -4.78   0       21.8      1126.82     70.92661
       592    955.2049    621.3685     17048.72     413.2444  14.4208   0.0263     6.78    0.337  88.52   2      65.58     3147.278     77.62727
       593    634.0873    625.6746     7107.693     310.3131  15.3707   0.0474     3.99    0.148 -10.33   0      41.22     2223.435     74.18472
       594     62.0743    625.9512     3764.035     206.8507  16.0609   0.0597     3.56    0.081 -31.39   0      26.83     1507.957     72.13757
       595    771.1509    624.5961     6255.105     256.4007  15.5094   0.0445     4.29    0.176   5.19   0      35.69      1866.14     73.43236
       596    215.3769    624.8565     5720.923      252.137  15.6063   0.0479     3.68    0.053  26.93   0      36.66     2052.204     74.00598
       597     35.7842    625.4112     3308.998     247.3724  16.2008   0.0812     3.80    0.170   1.03   0      22.18      1161.96     71.21959
       598    781.2070    622.3537     12350.52     304.7967  14.7708   0.0268     3.49    0.097 -32.37   0      68.48     4093.835     80.35076
       599    620.3474    620.9786     36716.24     335.1417  13.5879   0.0099     3.90    0.100  20.29   0      162.5     11288.54     98.49312
       600    348.7630    622.4670     13451.95     333.7253  14.6780   0.0269     4.45    0.208 -15.42   3       62.1     4361.653     80.78759
       601    562.3657    622.9056     6374.718     183.5887  15.4888   0.0313     0.00    0.433   9.70   0      74.72     4484.466     80.49701
       602    391.3056    621.8647     3460.986     272.2104  16.1520   0.0854     3.45    0.147 -19.75   0      23.49     1283.495     71.24695
       603    161.5669    621.1028     8088.336      272.537  15.2304   0.0366     3.82    0.129 -55.93   0      46.96     2600.479      74.9894
       604    943.8297    620.3754     13182.77     402.4348  14.7000   0.0332     3.57    0.115  -7.99   2      51.82     3066.288     77.38978
       605    688.6639    619.2981     2433.668     153.5246  16.5343   0.0685     5.74    0.632 -76.20   0      24.37       1430.1     71.71308
       606    645.8531    621.5416     2988.868      241.827  16.3112   0.0879     3.33    0.177 -15.41   0      21.36     1162.292     71.58021
       607    153.4960    621.3368     3514.891     289.3964  16.1352   0.0894     5.72    0.274 -19.71   0      19.53     952.8163     70.18417
       608    186.0909    612.9504     137205.8     431.5518  12.1566   0.0034     3.45    0.099 -80.63   0      400.9     42712.61     154.6206
       609     20.5364    619.1436     3857.008     284.0716  16.0344   0.0800     3.90    0.156 -30.14   1      23.34     1205.152     71.53695
       610    548.6074    612.0048     132380.3     419.1658  12.1954   0.0034     3.36    0.064 -54.95   0      396.2     43300.76     155.6478
       611    504.4455    617.0387      11179.3     318.3615  14.8790   0.0309     3.85    0.037   0.48   0      61.32     3545.225      78.4572
       612      4.9365    613.5829     8584.006     291.1542  15.1658   0.0368     4.56    0.244  71.65  16      44.61     2328.903     74.85091
       613    517.2303    615.3318     4305.765     315.4574  15.9149   0.0796     3.75    0.126 -18.84   0      20.85     1118.143     71.07962
       614    454.5827    615.3564     3758.848     221.8176  16.0624   0.0641     3.61    0.083 -16.33   0      25.79     1417.525     72.38605
       615    784.3149    614.4565      2803.05     229.3894  16.3809   0.0889     3.39    0.025  79.56   0      18.33     964.2211      70.2211
       616    103.8270    614.3865     2380.706      180.364  16.5582   0.0823     3.59    0.116 -11.76   0       18.8     1038.582     71.00578
       617     25.8686    612.6881     14116.06     286.6196  14.6257   0.0221     3.49    0.128   4.09   0      76.63     4541.688     80.97607
       618    326.4465    608.9786      52194.7     331.2527  13.2059   0.0069     3.38    0.062  -5.09   0      218.2     17802.04     112.6377
       619    923.4335    609.5739     5769.554     240.4554  15.5971   0.0453     6.76    0.203 -69.00   0      34.35     1904.657     73.89969
       620    693.4048    610.6979     3776.896     298.3352  16.0572   0.0858     3.44    0.092  40.89   0      18.96     1009.235     70.73054
       621    426.0457    607.3400     52898.34     345.9414  13.1914   0.0071     3.46    0.098 -12.20   0      217.8     17294.28     111.3782
       622    626.3519    608.5137     6309.168     390.3988  15.5001   0.0672     4.68    0.169  68.29   3      22.63     1122.116     70.73029
       623    629.9911    603.4190     5650.438     305.0649  15.6198   0.0586     3.54    0.112  20.65   2      32.18     1805.391      73.2441
       624   1012.0645    607.9769     3037.164     177.6118  16.2938   0.0635     3.31    0.085  28.93   0      22.95     1337.723     71.95689
       625    124.8536    607.0033     6385.153     284.9632  15.4871   0.0485     3.92    0.092  81.60   0      36.67     2001.864     74.02484
       626     95.7995    602.7147     108532.1     397.2403  12.4111   0.0040     3.48    0.055  14.85   2      350.6     34867.84      142.984
       627     82.9920    595.8726     21980.28     344.1775  14.1449   0.0170     3.49    0.055  -7.17   3      106.1     6751.359     87.25174
       628     83.4860    587.2471     27535.85     332.7376  13.9003   0.0131    10.62    0.143  45.26   3      129.7     7532.281     88.97463
       629    492.9267    603.9963     4178.851     277.4745  15.9474   0.0721     3.41    0.005  -3.17   0      25.89     1461.106     72.16789
       630    480.0461    603.6205     7724.845     247.5375  15.2803   0.0348     3.57    0.132 -19.38   0      46.39     2656.945     76.17817
       631    353.9993    602.8759     3653.917     247.6891  16.0931   0.0736     3.70    0.080 -28.54   0      24.79     1317.522     71.71429
       632    232.4498    602.6655     7342.708     280.0539  15.3354   0.0414     3.61    0.061 -26.72   0      44.41      2485.66     75.32537
       633    993.7191    601.1979     6729.851     254.3098  15.4300   0.0410     3.62    0.129  16.96   0      40.47      2232.57      74.7298
       634   1018.9757    600.5782     7758.095     232.8733  15.2756   0.0326     3.53    0.133  -7.57  16       49.9     2889.286     76.86822
       635    444.3785    600.1820     10803.53     429.6737  14.9161   0.0432     8.20    0.411  -3.44   0      44.57     1661.539     73.14818
       636    502.0744    599.1915     7741.664      406.518  15.2779   0.0570     5.87    0.325  -5.14   1      30.07     1367.493     71.69366
       637    202.2239    595.8957     8477.272     313.3695  15.1794   0.0401     3.81    0.119 -16.99   2      39.77     2261.344     74.12781
       638    551.9510    598.2333     4725.021     341.1615  15.8140   0.0784     4.87    0.214  44.36   0      20.53        998.7     70.69668
       639    382.4122    596.5436     13923.43     310.1342  14.6406   0.0242     3.51    0.014 -72.37   0      76.59     4643.212     81.73303
       640    136.8942    596.9691     6006.434     252.3942  15.5535   0.0456     4.08    0.059 -72.50   0      36.26     2022.388     73.21641
       641    957.3896    596.4473     4767.113     209.4874  15.8044   0.0477     4.08    0.061  28.23   0      32.75     1851.631     73.73643
       642    894.7647    594.1418     42440.58     337.1028  13.4305   0.0086     3.73    0.137  -1.82   0      183.1     13121.63     102.5107
       643    925.8291    596.0128      2547.68     203.9424  16.4846   0.0869     7.02    0.594  42.53   0       14.4     747.2719     70.06717
       644    641.6062    595.5274     8501.288       419.37  15.1763   0.0536     4.93    0.268  21.30   0      25.99     1312.667     71.69891
       645    462.1238    595.5225     2842.819     254.6215  16.3656   0.0973     3.09    0.136  70.98   0      17.47     948.7972     69.98799
       646    864.2446    592.8492      13808.5     323.2253  14.6496   0.0254     3.58    0.111 -20.49   0      74.08     4430.656     81.13984
       647    503.2705    590.5945     14767.37     474.2681  14.5767   0.0349     9.13    0.458  43.50   0      52.01     1761.282      73.1071
       648      2.4305    593.1854      2471.32     175.0626  16.5177   0.0769     3.33    0.091  65.58  24      20.14     1144.279     71.52299
       649    579.9991    593.0128     2927.891     121.6923  16.3336   0.0451   -38.43    0.003 -62.59   2         65      2917.87     76.61835
       650    759.5106    591.6674     2307.608     155.4166  16.5921   0.0731     3.34    0.009 -41.58   0       19.5     1082.228       70.602
       651    663.8512    589.9918     2078.431     120.0954  16.7057   0.0628     4.50    0.123  -2.21   0      38.85     1676.739     73.01981
       652    233.3752    588.5775     8560.339     338.0586  15.1688   0.0429     3.63    0.049 -22.92   0      40.34     2266.089     75.00301
       653    640.5874    587.7089     4552.228     309.4745  15.8544   0.0738     3.50    0.084 -10.40   0      25.01     1350.305     71.45975
       654    486.6469    587.1567      10837.9     367.7162  14.9126   0.0368     3.55    0.049  26.92   0      52.82     3023.612     77.09804
       655    408.0431    588.0376     3111.315     244.5804  16.2676   0.0854     4.19    0.110  -4.95   0      19.67      1032.37      70.9859
       656    878.5993    585.6612      3915.57     334.9214  16.0180   0.0929     0.00    0.492 -24.61   0      19.01     898.0104     70.55441
       657    520.6973    581.7134     5125.217      361.515  15.7257   0.0766     4.02    0.167  18.05   3      21.53     1111.501     70.69617
       658    515.0001    580.2352     3896.481     287.4719  16.0233   0.0801     4.46    0.286  -2.94   3      22.44     1250.289     71.85906
       659    429.8127    585.0002     9350.197     424.3913  15.0729   0.0493     7.21    0.420 -32.45   0      36.27     1650.179     72.76089
       660    905.8204    585.3435     2311.111     227.4952  16.5904   0.1069     3.55    0.072  23.69   0      16.74     894.4797     70.36084
       661    815.9677    583.0695     18617.93     318.6317  14.3252   0.0186     3.86    0.237  12.74   0      92.84       5709.9     84.49541
       662    669.9243    585.4164     6337.865     366.6788  15.4951   0.0628     4.20    0.071  57.17   3      28.92     1550.365      72.6254
       663    668.0118    579.5060     6445.247     338.5349  15.4769   0.0570     3.98    0.177 -83.01   3      30.72     1651.988     72.76654
       664    668.1782    574.0085     4570.188     273.1349  15.8502   0.0649     4.01    0.091  19.42   3      26.96     1455.312     72.32734
       665    312.4980    585.1718     2977.754     202.8452  16.3153   0.0740     2.85    0.098  75.27   0      20.53     1120.804     70.36214
       666     49.9720    582.0342     49868.44     365.6526  13.2554   0.0080     3.47    0.023  14.51   0      206.4     16285.48     109.5349
       667    799.1999    583.5182     2932.811      243.098  16.3318   0.0900     3.84    0.172  -3.23   0      22.03     1214.415     71.38678
       668    704.0046    578.3266     68801.92     349.8737  12.9060   0.0055     3.39    0.013  -3.05   0      263.8      22842.5     122.0711
       669    725.7272    580.9881     9456.973     266.5476  15.0606   0.0306     3.59    0.084   0.32   0      55.13     3198.226     77.61107
       670    547.0794    582.5258     3219.547     235.3212  16.2305   0.0794     3.13    0.150   1.30   0      21.64     1206.411      70.8196
       671    960.9537    581.0946     3605.265     192.1944  16.1077   0.0579     3.75    0.081 -53.12   0      25.02     1342.145     71.25387
       672    837.9802    580.5407     4891.771     274.5736  15.7763   0.0610     3.47    0.107  69.04   0      30.82     1727.042     73.00058
       673    231.0555    579.9387      6697.16     348.9704  15.4353   0.0566     3.77    0.180   7.39   0      33.72     1915.381     73.75884
       674    937.3101    579.1366     3776.258      220.384  16.0573   0.0634     3.60    0.177  18.28   0      25.83      1414.73     71.66435
       675    868.9706    577.4893     9132.172      349.636  15.0986   0.0416     4.13    0.115 -32.54   0      44.96     2469.299     74.93417
       676    424.6434    578.1051      3855.01     285.1975  16.0349   0.0803     3.96    0.159  23.07   0      22.63      1211.52       70.836
       677    773.0020    576.3542      3844.51     237.2803  16.0379   0.0670     3.86    0.086 -13.70   0      25.55     1356.554     72.01634
       678    282.4966    573.9747     12390.02     321.2289  14.7673   0.0282     4.20    0.219 -45.72   0      62.09     3400.431     77.37587
       679    328.2631    575.0912     4143.349     313.2984  15.9566   0.0821     3.96    0.151 -26.28   0      21.87     1177.792     70.90896
       680    560.8340    572.2426     10898.09     276.0351  14.9066   0.0275     3.32    0.096   5.75   0      65.39     4002.125     79.93051
       681    341.2841    568.0875     110008.7     387.4628  12.3964   0.0038     3.38    0.035  -7.88   0      356.4     36329.62     145.0237
       682    236.4978    571.6397     7276.712     342.8572  15.3452   0.0512     4.63    0.183  -5.24   0      38.23     2010.354     73.17905
       683    876.0708    568.1580     26072.19     353.2857  13.9596   0.0147     3.31    0.059 -37.39   0      121.8     8174.314     90.88269
       684    152.2557    570.5499     4957.718     209.6941  15.7618   0.0459     0.00    0.277  66.49   0      48.14      2933.84     76.83295
       685   1008.8520    570.1216      5364.25     247.9626  15.6762   0.0502     3.75    0.101  -5.97   0      35.67     1978.748     73.60587
       686    685.0570    569.2974     7993.731     303.6516  15.2431   0.0413     3.58    0.129  21.16   0      44.54     2477.548     74.95918
       687    846.2808    568.6082      3825.42     211.5197  16.0433   0.0600     3.80    0.095  71.47   0      26.73     1422.675     72.04677
       688    769.5247    565.2875      5248.86     216.0352  15.6998   0.0447     3.71    0.066  26.90   0      34.34      1860.63     73.06477
       689    986.1569    565.1686     4346.544     304.0919  15.9046   0.0760     3.81    0.109  46.67   0      23.56     1256.971     71.88019
       690    716.7821    563.8088     3345.604     277.9481  16.1888   0.0902     3.71    0.128 -41.70   0      21.79     1165.049     71.22945
       691    504.5006    563.3862     5564.068     333.1609  15.6365   0.0650     3.26    0.023 -15.62   0      26.38      1518.08     72.34709
       692    445.6988    564.4332     3625.947      242.425  16.1014   0.0726     3.47    0.087  19.97   0      24.14     1297.109     70.92933
       693    299.3084    563.4678     4002.299     255.6543  15.9942   0.0694     3.74    0.218  -6.82   0      25.27     1343.845     71.61865
       694    153.6120    562.0033     5153.858     311.9801  15.7197   0.0657     3.60    0.080  -5.15   0      27.89     1551.812     72.45298
       695    676.8599    559.1339      14913.5     280.4681  14.5661   0.0204     3.29    0.061 -11.66   0       83.9     5278.493     83.32695
       696     67.4951    559.8841     11152.39      386.624  14.8816   0.0376     6.86    0.406  -6.20   0      48.74     2054.549     73.83955
       697    430.0478    559.8534     2870.774     210.4914  16.3550   0.0796     3.83    0.074 -43.47   0      20.45     1116.773     71.25562
       698    982.4435    557.4929     5428.651     315.2491  15.6633   0.0631     3.47    0.019  -7.51   0      28.68     1567.517     71.96913
       699    320.8399    556.2150      24128.2     315.4966  14.0437   0.0142     3.41    0.055   1.01   0      120.3     8077.453       91.064
       700    901.2202    556.3624     3717.745     252.8757  16.0743   0.0739     3.28    0.096   8.54   0      23.85     1351.441      72.3559
       701    918.4135    554.1949     11281.14     433.6423  14.8691   0.0417    10.38    0.603  -4.18   0      39.44     1945.177     73.67657
       702    882.5574    555.6328     3574.404     294.9346  16.1170   0.0896     3.88    0.095 -37.25   0      18.47     998.0675     71.05686
       703    481.2755    554.3568     6452.964     272.3506  15.4756   0.0458     3.31    0.056 -32.37   0       39.6     2276.837     74.69265
       704    685.5370    553.0609     14672.58     614.0015  14.5837   0.0454    13.85    0.512  70.39   3      40.91     2603.722     75.68075
       705    687.5345    546.7883      7702.94     379.5514  15.2834   0.0535     6.13    0.302  35.78   3      30.21     1639.676     72.72807
       706    511.4403    553.3230     7606.345     334.5512  15.2971   0.0478     3.54    0.056 -86.24   0      39.97     2236.947     74.57117
       707    123.8596    553.8385     7951.849     280.5478  15.2488   0.0383     3.71    0.106  -5.71   0      46.04     2637.167     75.78112
       708      9.5665    554.6349      1949.18      190.226  16.7754   0.1060     3.02    0.146  41.62   0      15.23     860.6284     70.61591
       709   1016.5678    550.9489     8845.569     470.0584  15.1332   0.0577     8.08    0.338 -76.41  16      29.67     984.8535     70.65215
       710    243.5452    551.5667     2087.403     185.2655  16.7010   0.0964     3.95    0.026 -11.69   0      15.93     866.7436     70.08828
       711    985.5768    550.3080     3797.249      290.724  16.0513   0.0831     3.85    0.202 -22.78   0       21.1     1120.569     70.54359
       712    339.7807    547.7459     6714.145     306.9037  15.4325   0.0496     4.36    0.094 -11.95   0      36.18     1855.231     73.57327
       713    296.9895    548.2659     11438.86     307.2655  14.8540   0.0292     3.58    0.062 -41.54   3      63.14      3773.61     79.11601
       714    298.1871    541.0576     11710.97     282.4428  14.8285   0.0262     3.50    0.024  34.88   3      66.34     3950.896     79.78471
       715    287.0459    547.7459     5008.817     272.3238  15.7507   0.0590     3.50    0.150  14.19   0      31.75      1843.66     73.53751
       716    198.2398    547.7260      3461.74     220.0595  16.1518   0.0690     3.80    0.133 -14.30   0      24.74     1349.752     71.81636
       717    273.0886    546.7946     3472.562     283.7639  16.1484   0.0887     3.44    0.134  17.14   0      20.72     1119.956     71.08542
       718    896.0482    546.0433     3903.751     210.0818  16.0213   0.0584     3.22    0.042  13.27   0       26.6     1523.707     72.54194
       719    559.9860    545.8248     3986.484     190.9716  15.9985   0.0520     3.33    0.066 -30.06   0       28.8     1677.598     73.02248
       720    511.6322    546.4030     4832.361     314.8188  15.7896   0.0708     3.06    0.108  43.51   1      19.99     1002.408     71.07075
       721    157.2514    544.8820     10369.03     272.0835  14.9607   0.0285     3.56    0.146   7.62   0       61.6     3584.659     78.24392
       722     64.6945    541.0798     70466.71     359.0887  12.8800   0.0055     3.50    0.045  33.85   0      263.5     22209.61      120.887
       723    977.9872    542.1510     19609.78     342.6086  14.2688   0.0190     4.80    0.192  55.65   0      89.77     4732.499     82.13737
       724    253.4907    543.1975     5846.283     219.6051  15.5828   0.0408     3.91    0.048  39.20   0       37.4     2131.567     74.24931
       725    819.8677    535.0228     251648.5     563.7745  11.4980   0.0024     5.16    0.219  74.02   0      556.5     59798.92     178.1883
       726    172.0264    541.7118     4241.364     192.9452  15.9312   0.0494     3.40    0.087 -17.87   0      30.28     1726.754     72.64715
       727    468.5121    539.9043     16563.39     331.0253  14.4521   0.0217     3.41    0.056   1.76   0       83.9      5124.24     82.75018
       728    447.9700    541.1887     3121.409     267.1646  16.2641   0.0930     3.84    0.180  87.99   3      20.11     1099.849     71.20161
       729    447.5611    535.9395     8643.075     342.8269  15.1583   0.0431     7.78    0.392  15.02   2      43.11     3088.506     77.12284
       730    411.9790    530.8311        29254     354.4225  13.8345   0.0132     3.37    0.007  50.03   2      136.6     9534.301     94.49436
       731    786.0422    538.5590     5118.204      274.761  15.7272   0.0583     3.53    0.037  87.27   0      30.55      1710.71     72.77354
       732    767.1370    537.7972     3475.629     243.6049  16.1474   0.0761     3.47    0.114  46.46   0      21.88     1197.387     71.51228
       733    674.6756    535.1313     13644.55     311.9937  14.6626   0.0248     5.66    0.320  74.90   0      64.09     3436.583     77.97741
       734   1023.3030    535.0505      5502.53     182.5058  15.6486   0.0360     3.74    0.533  89.76  24      45.48     2807.172     74.24271
       735    152.7907    531.6666     75938.88     370.4165  12.7988   0.0053     3.51    0.157 -21.56   0      280.7     24699.85     125.5837
       736    741.0986    535.0350     4316.964     319.5086  15.9121   0.0804     3.58    0.189 -33.84   0       20.5     1120.363     70.36073
       737    424.1293    535.2520     3310.015     222.8022  16.2004   0.0731     3.85    0.137 -47.15   0      22.61     1220.177     71.22513
       738    392.9630    535.5721     2774.766     262.0154  16.3919   0.1025     3.56    0.147   0.10   0      17.63     955.4396     70.92039
       739    271.1407    533.6205     4743.184     303.3322  15.8098   0.0695     3.59    0.111  40.01   0      25.16     1359.962     71.84866
       740    655.5496    530.9103     28686.97     341.1335  13.8558   0.0129     4.11    0.273 -87.67   0      131.5     8282.946     90.87186
       741    603.3887    528.0430     20533.64     504.4875  14.2188   0.0267    11.91    0.428 -82.38   0      71.64     2979.618     77.13484
       742    846.0674    529.8032      3457.04     261.3817  16.1532   0.0821     3.65    0.145  47.66   0      21.02     1122.043     71.09209
       743    509.3549    527.6412      36623.5     392.4231  13.5906   0.0116     4.04    0.165 -69.85   0      154.2     9765.814     94.64354
       744    362.4258    530.1959     2804.844     242.9783  16.3802   0.0941     4.66    0.175  53.01   0      16.87     843.9795     70.38015
       745    731.7252    526.7645     10359.71     239.4535  14.9616   0.0251     3.27    0.057 -48.28   0      63.23     3853.161     79.34421
       746   1019.0918    525.4218     9868.825     311.2997  15.0143   0.0343     6.10    0.377 -75.28  16      45.84     2050.447     73.47836
       747    983.9087    526.9545     4385.378     275.3222  15.8950   0.0682     4.29    0.189  32.12   0      24.93     1248.429       71.135
       748    261.6618    509.2535      1352877     902.5237   9.6719   0.0007     3.97    0.064   8.57   0       1423     369853.9     415.5231
       749    115.4939    525.4382       6177.3     305.4572  15.5230   0.0537     3.90    0.082 -21.22   0      35.54     1907.982     72.86041
       750    176.6339    525.3078     3076.448     229.6601  16.2799   0.0811     3.24    0.096  39.67   0       21.2     1161.754     70.49429
       751    238.9524    524.1025     3822.366     261.6991  16.0442   0.0744     3.87    0.054  12.96   0      25.34     1316.382     71.17165
       752    451.3480    523.1536     6198.067     262.5347  15.5194   0.0460     3.81    0.155 -12.78   0       37.9     2117.657      74.3795
       753    388.0089    521.9020     4358.435     294.4503  15.9017   0.0734     5.49    0.125  28.68   0      24.43     1286.136     71.61475
       754    703.2806    521.2640     4073.961     273.8959  15.9750   0.0730     5.93    0.433  15.24   0      22.03     1075.023     70.76044
       755    925.0079    517.7991     33087.52     358.6662  13.7008   0.0118     0.00    0.234  -1.18   2      141.2     6415.044     86.37126
       756    889.9586    518.9540     5609.692     336.0691  15.6277   0.0651     4.14    0.190  22.08   0      28.29     1535.319     72.22372
       757   1000.8616    517.9672     3536.019      267.517  16.1287   0.0822     4.48    0.119 -17.81   0      22.02     1152.366     71.18896
       758    349.3132    516.4757     7687.285     377.8472  15.2856   0.0534     7.80    0.440 -56.32   0      33.39     1205.684      70.9983
       759    981.1870    516.5810     3756.319     266.5027  16.0631   0.0770     4.76    0.197 -11.78   0      22.56     1120.491     71.08713
       760    702.6823    531.0004     3813.452     243.9199  16.0467   0.0695     3.37    0.152  73.80   2      22.79     1243.302     71.65805
       761    531.9243    515.6316     3953.345     205.5029  16.0076   0.0565     3.66    0.118  -3.89   0      26.47     1442.249     72.10848
       762    828.7392    514.3361     6602.909     333.8689  15.4507   0.0549     3.48    0.062   7.99   0      31.78      1768.78     73.13041
       763    680.0396    514.6199     3749.688     251.6324  16.0650   0.0729     3.83    0.111   1.68   0      23.22     1214.619     71.92484
       764    802.1624    509.4359     115540.3     460.7936  12.3432   0.0043     3.90    0.196 -48.23   2      349.4     32033.12     138.2193
       765    506.6101    511.3487     11828.63     337.4074  14.8177   0.0310     3.58    0.113 -55.06   0      61.99     3558.894     78.66014
       766    613.9012    512.5471     2826.394     245.6255  16.3719   0.0944     3.24    0.131  18.58   0      18.92     1071.429     70.38509
       767    604.8963    508.3457     4622.124     333.4814  15.8379   0.0784     5.69    0.395  81.41   2      20.16     751.1636     69.34325
       768     38.0724    510.9988     7517.638     311.6447  15.3098   0.0450     3.90    0.106   5.96   0      39.38     2179.244      74.3951
       769    729.5256    504.7351     7966.688     380.5535  15.2468   0.0519     3.59    0.170 -65.65   3      34.33     1835.835     73.16327
       770    707.5223    508.7914     17373.39     267.2768  14.4003   0.0167     3.45    0.073 -20.77   0      96.82     6097.557     85.53176
       771    399.4915    510.0031     2218.872     225.9874  16.6347   0.1106     3.59    0.343 -25.20   0       14.9     833.2952     70.16293
       772     53.6809    509.4205     2022.661     166.9602  16.7352   0.0896     5.18    0.263   2.40   0      14.67     778.4958     70.16837
       773    334.2963    506.2232     23711.92     334.9407  14.0626   0.0153     3.68    0.213   7.46   0      113.2     7072.409     87.64576
       774     91.7292    508.4270     3703.223      223.203  16.0786   0.0655     4.25    0.093  -6.55   0      25.71     1365.953     71.86761
       775    347.2774    505.9289     11922.66     340.3115  14.8091   0.0310     3.57    0.083  26.22   0       62.3      3613.39     78.32733
       776    147.3524    504.7000     11818.15     355.9148  14.8186   0.0327    10.45    0.383  26.41   0      45.22     1236.923     70.55452
       777    769.2923    506.3001     3207.724     232.5663  16.2345   0.0787     6.93    0.055   4.91   0      22.87     1198.043     70.79275
       778    655.9589    506.0789     3687.766     180.2317  16.0831   0.0531     3.20    0.049   6.51   0      26.95     1572.963      72.5193
       779      3.0122    504.3615     8797.063     245.9239  15.1392   0.0304     7.37    0.075  80.16  24      51.82     2664.316     76.36843
       780    720.4440    504.5340     3232.362     273.1967  16.2262   0.0918     3.31    0.222 -46.12   0      18.14     971.0737     70.60781
       781    884.8261    503.1326     5909.183     320.6392  15.5712   0.0589     8.17    0.359 -26.27   0      25.99     1375.414     71.89753
       782    538.8301    502.1461     8978.842     289.2518  15.1169   0.0350     3.78    0.006  -3.79   0      52.49      3041.42     76.81703
       783    378.8677    502.3811     8940.533     252.4933  15.1216   0.0307     3.44    0.109   4.79   0      54.57     3200.794     77.61858
       784    587.8693    502.6641     3741.386      146.959  16.0674   0.0427     0.00    0.378  64.70   0       61.5     2934.009     76.49859
       785    488.7856    501.6031     4846.223      253.888  15.7865   0.0569     3.73    0.019  62.59   0      30.61     1636.414     72.71788
       786    731.6336    511.3203     6448.326     341.3688  15.4764   0.0575     8.19    0.258  16.80   3      29.84     1583.677     72.55287
       787    839.8446    508.9988     11144.09     504.0739  14.8824   0.0491     9.80    0.499 -65.86   0      32.64     1696.165     73.25568
       788    202.6568    498.0107      24007.2     294.3582  14.0491   0.0133     3.47    0.032 -26.90   0      125.2     8484.319     91.79459
       789    318.8330    495.7689     18325.06     438.7837  14.3424   0.0260     6.17    0.349  63.01   0      74.31     4128.616     80.44908
       790    181.4889    498.7787     2910.149     254.6815  16.3402   0.0950     3.57    0.056   4.57   0      18.71      1013.84     70.38151
       791    111.9172    497.5099     8215.598     337.8268  15.2134   0.0447     4.22    0.096  22.83   2       41.3     1422.893     71.86906
       792    508.0243    495.6928     6384.061     261.4712  15.4873   0.0445     3.52    0.105 -89.54   0      37.37     2074.401     73.55241
       793    990.4799    495.1908     5088.465     256.6181  15.7335   0.0548     3.62    0.160  -7.55   0      31.98     1786.964      73.1869
       794     94.7252    495.0887     28148.98     349.1474  13.8763   0.0135     3.55    0.043 -89.07   0      133.2     8937.604     92.49469
       795    857.1171    492.3021     6487.253     342.3335  15.4698   0.0573     5.03    0.231 -16.65   0      30.77     1438.296     71.55989
       796      5.0124    526.4479     5013.159     242.4018  15.7497   0.0525     4.13    0.096  27.99  16      29.68     1565.896     72.85041
       797    359.7727    499.0081     2141.153     220.1539  16.6734   0.1117     3.06    0.168   2.91   0      15.19       847.42     70.39126
       798    214.4863    490.5481     21535.48     397.5533  14.1671   0.0200     2.55    0.246  -8.22   2        101     3343.995     77.54172
       799   1015.2839    492.1880     3331.814     263.7178  16.1933   0.0860     4.33    0.208  14.90   0      20.02     1035.882     70.63461
       800    969.7277    489.6332     20099.05     294.6113  14.2421   0.0159     3.55    0.073  11.30   0        106     6693.955     87.10208
       801    478.3499    488.0459     6146.151     272.0945  15.5285   0.0481     3.57    0.076  28.72   0      38.12     2161.932     74.51466
       802    714.5007    488.5349     2100.071     205.0143  16.6944   0.1060     3.89    0.238  44.01   0      16.16     849.9184     69.66616
       803    420.5934    488.1959     5466.377     332.1295  15.6558   0.0660     4.19    0.056  16.12   3       25.5     1269.558     71.56213
       804    424.3698    486.1242     6033.333     336.3554  15.5486   0.0605     4.71    0.200 -44.45   3       30.1     1558.448      72.4738
       805     23.6030    488.5608     3523.068     201.8718  16.1327   0.0622     3.83    0.213   0.20   0      24.73     1324.225     72.09252
       806    619.0577    486.9993     3576.125     252.7484  16.1165   0.0768     3.18    0.018   1.92   0      23.72     1372.207     71.88739
       807     88.8334    487.9378     4037.562     316.2804  15.9847   0.0851     3.46    0.380  -7.64   0      17.36     1002.207     70.70795
       808    642.3231    486.3038     1725.936     194.9613  16.9074   0.1227     3.19    0.188 -43.99   0      13.99     790.0591     69.65514
       809    311.8910    484.9207     11578.28      338.189  14.8409   0.0317     3.50    0.066  26.01   0      58.74     3512.259     78.19766
       810    767.3474    482.0118     15293.93     309.0672  14.5387   0.0219     3.51    0.088  24.34   0      81.81     5011.957     82.75204
       811    607.8242    481.7100     3569.139     224.5004  16.1186   0.0683     5.13    0.167  72.16   0      24.64     1299.187     71.11671
       812    808.1887    479.8064     3386.713     224.3157  16.1756   0.0719     5.42    0.352 -43.46   0      19.38      930.354     70.47662
       813    328.5870    476.1396     11324.48     401.3839  14.8650   0.0385     3.72    0.086 -27.36   2      42.84     2316.079     74.98335
       814    695.4709    475.8901     6657.833     246.5559  15.4417   0.0402     3.69    0.051 -49.02   0      41.24     2341.766     74.71835
       815    647.1129    476.6865      5207.45     243.9032  15.7084   0.0509     3.50    0.049  32.55   0      36.08     2061.792     73.86184
       816    864.0282    475.6722     5167.773     243.8662  15.7167   0.0512     3.61    0.047 -40.29   0      30.78     1696.494     72.90541
       817    577.3870    476.5733     2962.648     269.4223  16.3208   0.0988     4.41    0.145 -38.70   0      16.43     826.7156     70.32438
       818    301.3326    476.3314     5653.314     287.7444  15.6192   0.0553     2.36    0.250   0.36   0      34.39     2226.777     74.36776
       819    354.0979    474.4205     5547.305     310.2045  15.6398   0.0607     4.28    0.137 -48.91   0      29.94     1497.393     71.74734
       820     48.9014    474.1847     4846.519     356.8716  15.7864   0.0800     4.90    0.229  65.71   3      22.39     1050.742     70.50057
       821     52.0360    467.3781     9931.097     416.3076  15.0075   0.0455     4.92    0.148 -31.98   3       39.6     2104.555       74.684
       822   1009.7488    473.0018     7377.786     333.4349  15.3302   0.0491     3.94    0.072  76.68   0       40.3     2204.983     74.47369
       823    367.5872    467.9456     38347.81     446.1671  13.5406   0.0126     4.56    0.414 -37.07   0      147.6     9284.472     93.75475
       824    320.7209    472.5101     2620.873     254.4233  16.4539   0.1054     3.43    0.036  56.61   0      17.27     921.5444     70.26576
       825    881.4528    467.8946     41863.06     316.0659  13.4454   0.0082     3.43    0.023 -26.50   0      186.7     13855.79     103.7552
       826    729.8347    470.6957     6779.698     246.6682  15.4220   0.0395     3.67    0.065 -61.43   0      41.44     2357.504     74.24937
       827    583.0685    471.4364     2973.224      265.834  16.3169   0.0971     5.20    0.286  18.85   0      17.95     905.3383      70.3959
       828    848.8629    490.6009     3815.711     284.0386  16.0461   0.0808     3.52    0.096  23.23   1      20.47     1073.324      71.1169
       829    162.9954    467.8328     33753.26     311.2124  13.6792   0.0100     3.37    0.035 -11.00   3      157.6     11404.11     98.88931
       830    161.8609    459.5337     18251.52      369.675  14.3468   0.0220     3.64    0.109 -29.87   3       86.7     5188.047      83.0799
       831    116.6974    467.8144     28906.01      336.545  13.8475   0.0126     3.48    0.052 -27.19   0      140.1     9563.385     94.15618
       832    284.9894    462.8264     231200.8     474.4587  11.5900   0.0022     3.37    0.053   2.51   0      553.8     75481.62      197.179
       833     34.9982    468.3701     10256.39     364.7265  14.9725   0.0386     4.16    0.195   9.16   0      47.42     2575.992     75.93626
       834    408.4679    467.6223     6098.786     360.3498  15.5369   0.0642     5.44    0.215  35.81   0      27.63     1277.154     71.76534
       835      2.2971    467.1836     4643.074     268.4559  15.8330   0.0628     7.03    0.269  82.80  24      23.75     1132.707     70.76431
       836    527.3199    465.2704     6456.342     326.9695  15.4750   0.0550     3.64    0.046 -22.64   0      34.96     1889.333       73.154
       837    220.5038    465.3879     5852.591     210.6618  15.5816   0.0391     3.47    0.106  43.09   0      38.32     2147.957     74.29946
       838     73.0432    465.9527       3902.6     279.5535  16.0216   0.0778     3.40    0.035   4.90   0      23.44     1314.028     71.88201
       839    193.9321    464.4333     6967.029     246.8408  15.3924   0.0385     5.91    0.374 -41.66   0      40.07     2096.006     74.14038
       840     61.3734    464.2278      3559.95     279.2748  16.1214   0.0852     3.02    0.164   6.97   0      20.69     1149.594     71.53988
       841   1011.2184    461.6784     9262.432      356.086  15.0832   0.0418     3.52    0.056 -30.81   0      49.28     2783.333     76.38645
       842    828.7471    462.4189     9066.112     331.6938  15.1064   0.0397     3.83    0.114 -34.00   0      47.23     2592.073     75.81526
       843    609.4290    462.0749     3464.288     273.3895  16.1510   0.0857     7.55    0.165  30.25   0      21.58     1008.532     70.72828
       844    630.3876    461.3496     4703.212     269.6993  15.8190   0.0623     8.93    0.510 -36.34   0      23.33     828.4232      70.3299
       845    547.5391    461.6296      6819.47     334.9756  15.4156   0.0533     3.88    0.062 -14.08   0      36.31     1957.914     73.54151
       846    102.0596    462.5909     2994.585      263.427  16.3092   0.0955     3.92    0.189  11.36   0      19.05     994.4543      70.8644
       847    247.9993    461.8420      19965.5     150.1778  14.2493   0.0082     4.46    0.114  88.70   3      186.5     19910.36     116.8143
       848    242.5571    458.2732     12156.43     279.3761  14.7880   0.0250     9.65    0.302 -14.24   2      66.24     3390.492     78.00768
       849    128.9977    458.3636     4654.324     369.9962  15.8304   0.0863     4.82    0.194 -34.74   0      18.24     834.4937     70.53174
       850    521.4552    458.0024     9955.235     170.0416  15.0049   0.0185     3.17    0.479  -0.32   0        110     8095.301     90.68488
       851    896.9730    455.0969     3984.046     224.9201  15.9992   0.0613     3.29    0.026  12.86   0      27.63     1601.362     71.89761
       852    150.8580    453.9709     9395.039     346.1178  15.0678   0.0400     3.53    0.090  12.85   0      50.23     2850.816     76.41918
       853    985.4294    453.6116     5746.724     324.5041  15.6014   0.0613     5.92    0.211 -23.49   0      29.74     1582.042     72.72446
       854    865.5306    455.0192     4487.629     162.5696  15.8700   0.0393     3.53    0.479   0.82   0      64.56     3525.554     78.56375
       855    601.3998    452.6709     5400.356     278.4732  15.6689   0.0560     4.34    0.251  57.30   0      30.21     1556.871     72.46885
       856    445.9957    453.3604     7260.902     330.4546  15.3475   0.0494     4.05    0.099 -23.62   0      36.77     1995.236     74.17773
       857    684.4023    450.6750     14456.34     307.4085  14.5999   0.0231     3.82    0.308  66.76   0      70.44      4057.07     79.92615
       858    647.9965    452.7789     5025.968     268.7798  15.7470   0.0581     3.49    0.073 -67.31   0         32     1790.286     73.19722
       859     50.5921    452.5918     12708.62     199.4817  14.7398   0.0170     0.00    0.288  11.45   3      92.51     6967.949     87.81409
       860     53.4858    448.4249     24266.05      332.433  14.0375   0.0149     6.74    0.341 -13.75   3      109.3     6246.808     85.62814
       861    622.4433    451.0721     10331.53     391.9155  14.9646   0.0412     4.76    0.249  38.13   0       47.1     2489.819     75.33792
       862    705.6186    451.5060     2973.734     222.4589  16.3167   0.0812     3.48    0.148  41.12   0      20.38       1093.7     70.45697
       863    518.2380    451.5037     4111.563     279.7233  15.9650   0.0739     3.62    0.157   1.27   0      24.28     1299.033     70.93549
       864    411.6191    450.2495     5338.229     274.9429  15.6815   0.0559     3.78    0.052   6.41   0      33.47     1836.869     73.69092
       865    187.0283    450.3821     6805.313     256.8879  15.4179   0.0410     4.00    0.055  46.04   0      41.39     2367.148     75.30862
       866    102.1699    450.9509     3919.802     276.1024  16.0168   0.0765     3.30    0.136  44.19   3      23.64     1394.212     72.31282
       867     96.9275    448.9837     5329.068     331.0676  15.6834   0.0675     4.21    0.155  -2.63   3       30.7     1659.213     72.96524
       868    813.2579    449.3897     3484.324     239.6286  16.1447   0.0747     3.55    0.157  -1.28   0      22.06     1230.811     71.61842
       869    634.9334    446.9851     14707.15     419.6722  14.5812   0.0310     8.08    0.390  51.29   0      58.89     2157.024     74.32719
       870    985.3200    446.9149     4126.518     336.0209  15.9610   0.0884     3.43    0.063  13.93   0      18.31     947.8397     70.16806
       871    445.1712    439.1430     226794.5     475.0532  11.6109   0.0023     3.42    0.041  32.60   0      548.1     73557.63     194.8829
       872    259.3168    446.0444     3783.805     140.3239  16.0552   0.0403     5.09    0.306   6.23   0      63.29     3011.779     76.56181
       873    973.1761    443.1396     6873.104     285.3521  15.4071   0.0451     3.44    0.097  -9.69   0      41.71     2382.748     75.01422
       874   1018.3757    442.7099     6548.284     350.7083  15.4597   0.0582     4.51    0.207  15.52  16      28.41     1428.382      71.5284
       875    146.6960    441.7124      4472.77     270.6931  15.8736   0.0657     3.56    0.121  41.30   0      29.36     1593.189      72.2281
       876    670.6375    440.7761      2723.87     216.3496  16.4120   0.0863     6.59    0.268  82.03   0       18.2     870.2278     70.82825
       877    881.6104    437.3460      2262.48     165.3569  16.6135   0.0794     4.20    0.104 -41.08   0      17.01     903.3345     70.57156
       878    822.0421    434.7005      13452.9     281.5708  14.6780   0.0227     5.06    0.289  27.73   0      67.86     3634.627     77.89612
       879    747.6604    429.6135     39384.05     340.7343  13.5117   0.0094     3.44    0.057 -75.17   2      168.9     12022.88      100.045
       880    655.5060    432.6096     6606.381     297.2618  15.4501   0.0489     6.93    0.410 -75.46   0      31.05     1393.216     71.95377
       881    487.4929    432.0850     5695.858     365.4035  15.6111   0.0697     4.37    0.260  76.99   2      27.32     1172.339     71.07232
       882     15.8553    432.3093     6775.323     304.8509  15.4227   0.0489     3.90    0.094  13.02   0      37.92      2064.73     73.69691
       883      2.2125    428.6966     28048.83     250.6216  13.8802   0.0097     5.31    0.399 -88.38  24      156.6     11307.18     98.40575
       884    416.9882    430.2080     2287.609     120.4906  16.6015   0.0572     1.05    0.094  83.07   0      47.83     2404.667      75.0806
       885    123.7987    430.0526     5865.784     325.5746  15.5792   0.0603     3.45    0.104   8.09   0       34.9     1979.417     73.78212
       886    958.0480    428.3855     5031.492     315.9798  15.7458   0.0682     3.47    0.029 -77.59   0      27.62      1554.44     72.81466
       887   1011.3971    428.5963     2441.715     234.5688  16.5308   0.1043     6.07    0.116  39.71   0      15.26     712.3341        69.77
       888    835.0353    426.8654     8167.039     231.8923  15.2198   0.0308     3.48    0.050 -54.75   0      50.63     2938.904     76.68071
       889    313.5603    428.6670     2685.421     265.5878  16.4275   0.1074     3.98    0.036 -13.80   0      15.39     789.6977     70.02156
       890    220.4171    428.7475     2502.278     244.0139  16.5042   0.1059     3.23    0.028   9.40   0       17.6     972.4753     70.79388
       891    201.8313    426.4317     12075.22     311.8791  14.7953   0.0280    10.32    0.262 -28.88   0      63.16     3618.125     78.99376
       892    507.4713    424.9850     19018.08     302.3888  14.3021   0.0173     3.42    0.020  61.18   0      100.7     6482.874     86.69775
       893    261.9755    425.5058     27783.21     347.9883  13.8905   0.0136    11.17    0.167  16.96   0      129.9     8473.181     91.20577
       894     66.0694    426.5828     5584.557     283.1931  15.6325   0.0551     3.82    0.131 -89.70   0      32.08     1736.489     73.20554
       895    717.1533    425.6812     3846.149     231.8091  16.0374   0.0655     3.42    0.127 -19.09   0      24.14     1298.256     71.29401
       896    685.6512    427.1044     5023.646     338.5284  15.7475   0.0732     7.88    0.574   2.44   2         20     761.9041     69.37844
       897    470.5404    419.7993     108378.9     446.5964  12.4126   0.0045     3.61    0.105 -11.97   0      346.9     33892.37     141.2434
       898    398.0156    425.8266     2130.543     190.4426  16.6788   0.0971     3.57    0.161  86.59   0      16.07     944.9705     70.88683
       899    305.4092    425.1333     3895.821      249.202  16.0235   0.0695     3.52    0.046  27.61   0      26.52     1474.359     72.20962
       900    946.7661    421.9779     7172.563     324.5138  15.3608   0.0491     3.99    0.465  57.14   3      33.93     2148.311     74.64527
       901    940.8005    417.9590     7366.018     333.4268  15.3319   0.0492     3.66    0.136   7.07   2      39.64     2277.172     75.03659
       902    791.9317    423.2502      2928.32     226.6998  16.3335   0.0841     5.63    0.151 -38.96   0      20.41     1116.847     71.07548
       903    155.6785    422.6470     4713.146     242.1203  15.8167   0.0558     4.66    0.232 -14.43   0       29.4     1484.819     72.06463
       904    516.7979    421.5002     5875.167     349.3544  15.5774   0.0646     4.20    0.181 -16.01   0      27.49     1462.944     72.17368
       905    917.0995    421.0361     3752.502      252.907  16.0642   0.0732     4.23    0.099  34.28   0      24.56     1296.369     70.92696
       906    360.9054    418.0134     40452.26     350.7187  13.4826   0.0094     3.53    0.111 -11.66   0      175.9     12754.42      101.567
       907    146.3417    421.4211     1963.391     224.3042  16.7675   0.1241     3.45    0.134  37.33   0      15.94     847.9272      70.2103
       908     84.2554    419.4916     2571.204     236.0576  16.4747   0.0997     3.34    0.052  81.40   0      16.83     889.7892     69.97978
       909    612.4949    414.9291      6351.51     319.9511  15.4928   0.0547     6.55    0.320 -31.13   0      30.09     1188.364     70.76167
       910    905.5995    413.3007     21164.27     288.8409  14.1860   0.0148     5.36    0.015 -53.39   0      107.5     6546.149     86.71556
       911    729.6958    411.9489     10722.14     261.5599  14.9243   0.0265     9.39    0.110  42.60   0       61.4     3613.339     78.16312
       912    404.4917    416.2640     2094.312     212.6907  16.6974   0.1103     4.97    0.276   2.09   0      14.14     764.6109     69.57205
       913    821.0417    413.7637     3516.807     282.6663  16.1346   0.0873     7.24    0.480  41.36   1      19.22     844.2527     70.38103
       914    580.4036    411.9105      18708.3     278.9624  14.3199   0.0162     3.52    0.077  43.69   0      99.62     6263.278     85.97099
       915    271.7389    414.4559     2433.957     226.2036  16.5342   0.1009     3.33    0.016 -72.13   0      17.87     988.5583     70.84549
       916     49.6068    413.6045     5230.208     302.6383  15.7037   0.0628     4.19    0.193  38.46   0      29.49     1599.478     72.60235
       917    649.9177    409.7450     11162.83     317.3401  14.8806   0.0309     8.26    0.363 -46.43   0      48.49     1733.315     72.66767
       918    253.3715    409.5282     12013.64     393.7057  14.8008   0.0356     4.68    0.138 -80.21   1      52.33     2551.202     75.52287
       919    244.3453    410.9236     6508.055     340.4673  15.4664   0.0568     3.97    0.163  12.07   0      31.26     1701.122     72.74359
       920    861.3795    409.4044     7726.153     282.6449  15.2801   0.0397     3.67    0.094   2.46   0      45.99     2597.278     75.66139
       921    825.8804    409.1266     3537.577     268.7152  16.1282   0.0825     4.13    0.105  71.40   0      21.62     1110.118     70.69172
       922    943.5939    405.5947     3245.643      288.073  16.2217   0.0964     4.60    0.116  38.31   0      16.59     830.2252     70.15298
       923    176.4125    398.2533     130729.9     480.4039  12.2091   0.0040     5.82    0.377  26.33   0      366.6     28348.86     132.1196
       924    359.9634    402.8747     3585.192     241.0592  16.1137   0.0730     3.59    0.065  31.77   0      24.47      1371.64     71.88559
       925     73.5202    402.5606     1965.497     185.1159  16.7663   0.1023     3.79    0.042   1.79   0         15      809.267     70.08505
       926    252.7443    399.3194     11100.43     322.3127  14.8867   0.0315     3.44    0.031 -48.52   0      60.44     3493.792     77.97953
       927   1016.3179    400.5467     2058.818     150.8562  16.7160   0.0796     3.77    0.145 -43.46   0      16.44      852.391     69.85822
       928    486.3112    395.5088     70013.52      401.835  12.8870   0.0062     3.55    0.235   1.86   0      260.1      21614.3     119.7626
       929    673.9055    395.2856     27779.79     358.8817  13.8907   0.0140     3.35    0.021 -44.74   0      130.6     8833.138      92.3767
       930    851.7902    397.4867     2941.621     260.9331  16.3285   0.0963     3.03    0.024  88.21   0      18.41     1027.341     70.60712
       931    733.6465    397.5487     1945.954     146.3649  16.7772   0.0817     0.00    0.447  49.62   0      27.23     1301.703     71.84303
       932    434.3245    397.9639     2901.622     191.3605  16.3434   0.0716     3.57    0.012  60.12   0      20.73       1173.4     71.25608
       933    511.7080    396.3033     4243.272     277.5272  15.9307   0.0710     4.37    0.100  53.42   3      23.75     1166.788     70.87368
       934    512.0560    389.6454     17423.32     316.7671  14.3972   0.0197     3.39    0.020 -14.07   2      90.67     5688.637     84.59009
       935    152.2005    394.2512     20680.35     280.5645  14.2111   0.0147     3.59    0.095  -4.84   0      107.7     6839.157     87.48013
       936    781.9769    395.5150     2215.948     195.5317  16.6361   0.0958     3.37    0.231 -87.20   0      15.85     864.4745     69.89752
       937    627.4323    392.4358     2171.973     208.1999  16.6579   0.1041     3.37    0.026  -5.51   0      15.81     876.1772     70.66592
       938     14.2718    390.7826     16410.58     383.0583  14.4622   0.0253     6.53    0.162  -6.00   3      76.94      4360.26     80.94242
       939      3.1885    388.3148     51379.89     315.8017  13.2230   0.0067     4.17    0.268 -67.30  26      220.2     16647.55     109.9339
       940    355.6480    390.1226     2786.617     253.3076  16.3873   0.0987     3.40    0.175  68.56   0      18.91     1045.078     70.66419
       941    932.2355    389.5638     3668.663     299.3268  16.0887   0.0886     3.80    0.019 -77.62   0       17.2     921.1273     70.44686
       942    197.4075    385.9714     14420.19     281.2116  14.6026   0.0212     4.51    0.067  50.93   0      79.63     4892.185     82.57803
       943    850.9926    386.1910     8128.594     338.7169  15.2250   0.0453     4.31    0.037  44.95   0      43.41     2361.807     74.95074
       944    107.9663    387.2267     1567.538     189.7695  17.0120   0.1315     3.13    0.202  88.26   0      13.65     776.3539     70.34415
       945    495.4928    384.6967     16262.49     368.4501  14.4720   0.0246     3.54    0.038 -31.40   0      78.47     4652.281     81.28587
       946    380.8737    385.9428     3090.166     196.5452  16.2750   0.0691     4.36    0.086  37.95   3      20.78     1089.906     70.80823
       947    375.6987    383.3706     3261.896     233.9947  16.2163   0.0779     6.24    0.153 -52.48   2      21.38     1109.989      70.3272
       948    828.5043    384.9847     4800.201      222.882  15.7969   0.0504     3.54    0.137   2.60   0      33.73     1922.171     73.25595
       949    591.4329    384.6853     4231.115     293.2597  15.9339   0.0753     3.88    0.130  27.25   0      24.74     1306.453      71.4999
       950    171.3035    383.1790      15421.1     358.2081  14.5297   0.0252     3.55    0.076  24.60   1      73.38     4234.673     79.94936
       951     39.6322    382.7376     6669.648      280.653  15.4397   0.0457     7.07    0.366 -56.39   2       32.6     1370.475     71.88191
       952     32.5192    383.5493     8357.648      345.436  15.1948   0.0449     3.68    0.120  -5.88   3      40.91     2204.818     74.12766
       953    989.0928    380.0795     50657.93     335.0208  13.2384   0.0072     3.40    0.044  -3.46   0      213.6     17001.06     110.6623
       954    740.6524    384.1694     2861.179     239.0369  16.3586   0.0907     3.06    0.158  -2.57   0      19.43     1091.854     70.99551
       955    162.3075    383.7712     7430.869     308.4761  15.3224   0.0451     3.58    0.064  21.04   0      41.65     2270.843     73.98362
       956    785.6668    381.9319     11137.55     453.1109  14.8830   0.0442     3.60    0.100  78.70   0      39.22     2296.794     74.58144
       957     20.3501    382.5363     11457.38     433.7347  14.8523   0.0411     6.67    0.464  -8.69   1      41.51     2129.319     74.24243
       958    896.8388    380.8889     8558.178     339.9504  15.1690   0.0431     5.11    0.246 -56.73   0      42.97      2029.63     73.58858
       959    657.9982    381.3672     5055.175     241.1139  15.7407   0.0518     3.73    0.073  51.09   0      31.45     1708.108     73.29272
       960    356.7228    382.1717     6249.929     303.4031  15.5103   0.0527     3.47    0.123  -0.96   0       35.4     2017.499     73.89933
       961     61.5362    379.1502     20142.82     276.6706  14.2397   0.0149     3.58    0.007  89.65   0      106.8     6723.113     87.17813
       962    136.7769    386.7368     19147.93     286.1307  14.2947   0.0162     4.13    0.152 -11.83   0        100     6357.477      86.3684
       963    789.8732    374.6512     6893.825     394.8241  15.4038   0.0622     3.49    0.077  29.37   2      31.27     1163.335     71.04352
       964    687.1860    375.2131     32073.56     350.7791  13.7346   0.0119     3.41    0.065   9.47   0      148.2     10285.42     96.01698
       965    947.4693    377.0609     5374.549     337.8153  15.6741   0.0683     3.89    0.155   2.74   0      25.42     1352.649     71.82553
       966    430.3360    376.8992      8565.89     288.9272  15.1681   0.0366     8.86    0.558  -3.31   2       44.6     2462.828       74.743
       967    431.0005    373.0172     12592.03     138.5706  14.7498   0.0120     4.21    0.002 -79.54   3      155.5     12496.36     101.1149
       968    121.6658    375.4938     10260.75     286.9213  14.9721   0.0304     9.50    0.223  75.06   0      56.77     2778.619     76.03553
       969   1008.3066    371.3272     17348.11     275.5324  14.4019   0.0172     9.37    0.238  15.29   0      96.03      4774.24     81.62615
       970    519.9615    363.9240       320443     524.0812  11.2356   0.0018     3.37    0.044  -9.98   2      664.3     104315.6      227.948
       971    277.9412    373.1859     3677.075     335.7168  16.0862   0.0992     6.39    0.564  -7.99   0      16.04     747.5141     70.06796
       972    401.5710    365.8245       129597     405.1737  12.2185   0.0034     3.46    0.052  -2.82   0      394.3     42392.15     154.4816
       973    261.6418    370.7728     3567.681     275.8124  16.1190   0.0840     4.29    0.204  12.08   0      24.18      1301.92     72.02217
       974    577.0872    365.4970     57672.13     350.8974  13.0976   0.0066     3.44    0.070  19.35   0      228.8     18181.91     112.9479
       975    371.5934    367.4830     15276.69     337.8275  14.5399   0.0240     3.47    0.054  19.54   0      78.99     4778.499     82.10837
       976    105.6863    366.4731     2393.341       213.01  16.5525   0.0967     2.96    0.004 -81.04   0      18.85     1055.411     70.33335
       977    909.2158    363.3638     13344.65     392.0251  14.6867   0.0319     7.56    0.324   7.00   0      55.09     2097.759     74.66331
       978    209.6014    359.5773      55870.8       387.18  13.1320   0.0075     3.70    0.203 -68.03   2      216.1     16174.02     109.0683
       979     36.8643    363.3216     17984.47     300.5451  14.3628   0.0181     3.53    0.072   3.63   0      95.73     5922.159     84.91339
       980    704.4855    363.2096     10971.74     318.2133  14.8993   0.0315     3.83    0.047 -18.01   0      59.42     3376.106     77.80094
       981    974.3917    362.9665     2905.731     263.3503  16.3419   0.0984     6.58    0.354 -63.79   0      16.83     753.0942     70.26896
       982    804.0997    362.5535     4455.594     283.4201  15.8777   0.0691     3.72    0.167  80.09   0      26.13     1396.157      71.0656
       983    777.2482    361.6097     10298.22     346.7104  14.9681   0.0366     3.79    0.171   9.53   2      55.25     3217.508     77.83261
       984    770.5177    362.0290     7017.779     461.5887  15.3845   0.0714     9.91    0.658  31.50   3      22.28     1099.446     71.01981
       985    692.1202    362.9869     4664.047     339.2342  15.8281   0.0790     4.18    0.071 -66.98   0      19.98     968.6135     70.59989
       986     54.1613    367.9275     2403.108     202.2004  16.5481   0.0914     3.71    0.213  17.73   0      17.12      934.313     70.48939
       987    287.7434    361.3996     17134.69     375.0262  14.4153   0.0238     3.79    0.098  21.60   3       78.2      4468.69     81.08815
       988    293.9561    357.0103     33720.21     432.8214  13.6803   0.0139     3.72    0.048  29.00   3      134.3     8972.007     93.13214
       989    677.4301    356.5164     21067.63     404.4902  14.1910   0.0209     3.40    0.262  75.53   0      94.88     5863.445      84.7561
       990    669.9547    360.0067     4616.487     312.6166  15.8392   0.0735     3.44    0.037  -0.05   1      23.02     1320.124     72.07959
       991    986.6066    365.7652     4614.772     268.4319  15.8396   0.0632     3.69    0.161  20.02   0      26.31     1394.137     72.31258
       992    880.6810    358.7754     7542.324     287.0049  15.3062   0.0413     3.64    0.077 -17.49   0      43.74     2463.588     75.25874
       993   1005.6360    352.8174     42060.45      318.231  13.4403   0.0082     3.49    0.026  -7.51   0      186.6     14101.75     105.0284
       994    595.4589    377.0434     3436.738     316.8627  16.1596   0.1001     5.96    0.340 -27.40   0      16.06     787.4268     70.01419
       995    123.4850    353.4816     34183.81     309.4596  13.6654   0.0098     3.60    0.039  15.92   0      158.2     10771.87     97.02937
       996    457.3919    352.6092     9525.026      230.451  15.0528   0.0263     3.38    0.060  34.96   0      60.06     3617.531     78.66637
       997    630.1750    351.5049      9551.53     319.2144  15.0498   0.0363     4.36    0.007  74.29   3       51.2     2751.723     75.61634
       998    633.5109    348.4999     7512.386     229.8579  15.3106   0.0332     3.96    0.150  67.39   3      44.57     2367.144     74.45148
       999    179.0746    351.7135     18110.23     283.0467  14.3552   0.0170     3.51    0.025 -23.08   3      96.49     5993.719     84.80251
      1000    175.9278    344.9530     10055.14     302.0196  14.9940   0.0326     3.73    0.081  34.09   3      53.31     3064.621     77.05242
      1001    345.1803    352.5021     1896.359     170.5929  16.8052   0.0977     3.48    0.225 -89.93   0       14.5     780.0773     69.43794
      1002    654.3573    350.5832     6422.775     272.3254  15.4807   0.0460     3.61    0.077  44.56   0      39.12     2179.386     74.73982
      1003    613.5529    350.6416     3019.774     194.8235  16.3001   0.0701     3.61    0.081  78.65   0      22.47     1236.805     71.63744
      1004    899.1258    348.9275     19191.67     385.5381  14.2922   0.0218     3.44    0.144   8.11   2       79.4     4757.508     81.73676
      1005    866.6790    349.7021     2697.916     216.3223  16.4224   0.0871     3.01    0.124  47.04   0       18.2     992.6575     70.13027
      1006    826.1381    349.6007     1865.932     150.5654  16.8228   0.0876     5.70    0.431  36.19   0       14.1     732.7079     70.01991
      1007    764.6215    348.5227     3430.002     244.8764  16.1618   0.0775     6.45    0.443  33.82   0      20.19     955.4122     70.73907
      1008    718.5408    348.6458     4167.537     234.8726  15.9503   0.0612     3.68    0.135  15.14   0      28.58      1557.22     72.46995
      1009    271.8555    347.1776     13388.09     360.4944  14.6832   0.0292     4.22    0.060  49.46   3      62.18     3449.677     78.17992
      1010    265.7195    340.1957     146480.5     454.4207  12.0856   0.0034     3.45    0.176   2.19   2      418.8     46107.16     159.7734
      1011    413.4176    346.9745     4979.957     282.7074  15.7569   0.0617     3.50    0.118  -0.91   0      30.06     1689.909     73.23627
      1012    486.4701    345.2270     6466.079     221.6979  15.4734   0.0372     3.52    0.071 -20.86   0      41.65     2346.013     74.90284
      1013     94.8358    345.2106     3680.829     280.5194  16.0851   0.0828     3.54    0.121  49.96   0      21.11     1138.132     71.68275
      1014     46.9768    343.4464     11014.31     276.1308  14.8951   0.0272     4.21    0.163  24.07   3      63.74     3767.542     79.42248
      1015     40.2755    341.5048     7949.327     339.5431  15.2492   0.0464     9.51    0.237 -34.70   3       40.6     2163.311     73.82663
      1016     61.4577    340.1239     22659.55     284.4287  14.1119   0.0136     3.54    0.057   3.05   0      116.1     7449.886     88.90841
      1017    448.7097    342.3264     3369.233     203.2834  16.1812   0.0655     3.27    0.043  53.17   0      23.88     1318.134     71.35735
      1018    598.9689    339.2259     16156.47     262.5991  14.4791   0.0177     3.41    0.062  -6.08   0      91.14      5825.49     85.10794
      1019     26.0976    337.3741     22760.43     288.9858  14.1070   0.0138     3.47    0.044  31.40   0      115.7     7359.766     88.24241
      1020    567.7332    338.9498     5062.802     382.1888  15.7390   0.0820     8.63    0.424   1.73   0      21.92     858.4715     70.24443
      1021    848.9773    336.3503        19535     306.9873  14.2730   0.0171     3.57    0.055   1.27   0      102.5     6548.702     87.01778
      1022    367.5432    338.1324     2116.674     157.1921  16.6859   0.0807     3.50    0.140  16.27   0      16.49     891.3019     70.35057
      1023    537.8153    337.8093     2693.675     253.2242  16.4241   0.1021     4.10    0.064 -35.32   0      16.28     883.1752     70.32432
      1024    292.4788    334.1789      36333.6     350.7947  13.5992   0.0105     3.46    0.050  23.51   0      161.7     11449.14       98.863
      1025    979.5203    334.9564     4539.895      229.711  15.8574   0.0549     3.65    0.121  -2.18   0      30.22     1712.636     72.77956
      1026    502.3919    335.6453     2214.665      256.574  16.6367   0.1258     3.89    0.143 -45.44   0      14.26     759.3052     70.28905
      1027    130.7388    332.8365     7271.281     316.5746  15.3460   0.0473     3.83    0.086  89.59   0      40.85     2176.143     74.38563
      1028    685.4375    332.3109     3951.572     220.5648  16.0081   0.0606     3.93    0.129   7.95   0      26.46     1393.369     71.59658
      1029    858.3867    326.4182     18498.12     335.2352  14.3322   0.0197     3.65    0.098   7.02   0      91.65     5457.592     83.81402
      1030     49.9068    327.8617     4126.055     295.3594  15.9612   0.0777     3.57    0.085  30.15   0      26.12     1442.147     71.75125
      1031    549.7374    326.0432     9450.791     371.2058  15.0613   0.0427     6.79    0.378 -16.31   0      42.99     1908.623     73.56373
      1032    185.6142    328.1190     2312.267     231.6895  16.5899   0.1088     3.91    0.294 -13.98   0      15.15     805.6487     69.88989
      1033    706.9387    325.2224     9303.564     388.0247  15.0784   0.0453     3.85    0.116 -61.35   0      43.46     2353.778      74.9264
      1034    423.7549    324.3666     6415.473     301.4052  15.4819   0.0510     7.64    0.433 -42.37   0      29.91     1109.698     71.23305
      1035    412.8654    323.7275     23578.57     286.2852  14.0687   0.0132     3.45    0.036  -6.22   0      121.4     8010.711     90.33064
      1036    197.7724    326.8320     3849.169     202.2386  16.0366   0.0571     0.00    0.116  15.39   0      33.96     2049.363     74.34339
      1037    509.9980    324.9432     3313.317     262.4821  16.1993   0.0860     3.73    0.149  26.62   0      20.58     1150.993     71.36468
      1038     18.5753    323.4304     2334.874     234.4652  16.5793   0.1091     4.94    0.141 -41.67   0      17.18     915.2542      70.7915
      1039    120.5619    342.2229     4050.912     295.3015  15.9811   0.0792     5.03    0.269   2.93   0      16.67      788.452     70.56537
      1040    604.9330    321.4821     7452.595     335.4049  15.3192   0.0489     4.07    0.178   5.09   2      28.13     1010.734     70.37148
      1041    770.8500    320.9686     3771.597     214.4755  16.0587   0.0618     3.86    0.105  -4.64   0      25.23     1365.098     71.86491
      1042   1021.9094    319.6384     3944.963     227.7167  16.0099   0.0627     3.11    0.223  -2.89  24      25.38     1409.633     71.64819
      1043   1004.7505    316.2750     35138.05     346.3325  13.6356   0.0107     3.55    0.195 -16.46   3      154.7     10629.66     96.69569
      1044   1011.7448    308.2052     28835.23     345.9025  13.8502   0.0130     3.49    0.051  -4.51   3      133.9     8884.333     92.77969
      1045    485.5150    319.0349     5414.009     203.9896  15.6662   0.0409     3.41    0.120   1.02   0      37.21     2106.876     74.00043
      1046    242.5478    319.7478     3011.407     263.4415  16.3031   0.0950     3.74    0.050   3.84   0      17.56     913.8818     70.78709
      1047     49.2931    319.1078       3665.1     272.3808  16.0898   0.0807     3.62    0.132  62.04   0      23.36     1305.413     71.49659
      1048    925.4638    317.0785     5609.065      307.131  15.6278   0.0595     8.45    0.288 -70.02   0      33.88     1872.001     73.27553
      1049    904.7222    317.3834     7244.945     304.1476  15.3499   0.0456     0.00    0.563 -40.19   0      38.85     3172.573     77.37018
      1050    193.0323    317.1425      3562.51     297.0937  16.1206   0.0906     4.14    0.111 -27.40   0      19.81     973.9683     70.43512
      1051    963.8445    316.3011     3525.897     250.1506  16.1318   0.0770     3.53    0.138 -20.51   0      23.96     1308.372     70.96541
      1052    639.0228    313.7871     28981.39     321.9776  13.8447   0.0121     3.47    0.109  38.89   0      135.7     9190.524     93.52673
      1053    547.6454    316.5909     3008.666     269.4611  16.3041   0.0973     3.16    0.133  42.33   0      17.09     935.1393     70.85531
      1054    219.3695    314.8876      15502.5     286.5994  14.5240   0.0201     3.45    0.064  -5.32   2      85.72     5331.636     83.16364
      1055    225.9153    309.1637     7754.891     345.0392  15.2761   0.0483     5.67    0.066 -61.83   3      38.74     2130.068     73.89812
      1056    183.0506    309.8509         9248     290.5698  15.0849   0.0341     3.88    0.084 -35.01   0      51.25     2852.602     76.75968
      1057    149.3124    311.5766     2182.852      190.505  16.6524   0.0948     3.59    0.220  35.30   0      15.88     846.0702     69.83765
      1058    244.7979    307.7148     7165.124     424.7333  15.3619   0.0644     9.31    0.478  41.88   1      25.11     1122.959     71.45522
      1059    912.8909    304.8355     81599.83     371.2898  12.7208   0.0049     3.48    0.038  -4.93   0        293     26040.41     127.6856
      1060    591.3610    308.3882     2956.067     209.0541  16.3232   0.0768     4.21    0.095  84.33   0      22.28     1246.134     72.02436
      1061    389.0890    307.2511     9050.615     322.8582  15.1083   0.0387     3.43    0.077  25.81   0      51.72     3026.354     76.60506
      1062    100.8992    308.1371     4914.691     198.6438  15.7713   0.0439     3.81    0.067  37.30   0      33.45     1807.075      72.7217
      1063    731.1780    300.4514     11025.75     342.5342  14.8940   0.0337     4.06    0.199  89.07   0      53.28     2926.768     76.97896
      1064    237.6015    302.5323      6520.21      330.916  15.4643   0.0551     3.83    0.057  12.31   0       32.6     1746.729     73.41238
      1065    202.4429    300.1550     28871.43     351.4483  13.8488   0.0132     3.54    0.088 -63.52   2        133     8682.475     92.00529
      1066    204.8147    292.5143     7609.036     359.5203  15.2967   0.0513     4.75    0.183 -89.11   3       31.8     1502.164     72.11931
      1067    879.0052    300.7013     5183.332     351.6525  15.7135   0.0737     3.70    0.168  73.56   0      18.01      885.182      70.3308
      1068    709.9453    300.9268     11685.83     137.0763  14.8309   0.0127    -3.32    0.095  50.74   0      144.2     11395.69      98.4797
      1069    866.8843    293.5023     65614.98     371.0125  12.9575   0.0061     3.51    0.109 -47.15   0      248.6     20181.87     116.7931
      1070    804.9044    295.7472     15028.35     328.0188  14.5577   0.0237     3.61    0.032 -89.26   0      75.84     4430.959      80.5054
      1071     45.1019    297.3244     9336.691     361.4995  15.0745   0.0420     4.09    0.122  23.39   0      45.42     2391.625     74.52617
      1072    662.4788    297.6795     3552.805     278.1175  16.1236   0.0850     3.87    0.055   9.46   0      19.44     1040.435     70.28493
      1073    571.9795    297.4118     3472.298     294.8559  16.1485   0.0922     3.88    0.188 -26.93   0      17.35     881.8197     70.50224
      1074    102.8579    295.6245     24068.75     327.4338  14.0464   0.0148     3.51    0.074  -3.37   0      119.6     7763.869     89.85042
      1075    460.1944    292.9447     47386.09     372.8159  13.3109   0.0085     3.77    0.255   3.07   0      191.2     14199.51     104.9955
      1076    398.4514    295.3506     8422.045     302.9144  15.1865   0.0391     3.51    0.087  54.67   0      47.62     2737.422     76.41788
      1077    980.8475    294.1505     4591.587     257.4273  15.8451   0.0609     3.52    0.064 -42.42   0      30.76     1723.879     73.16638
      1078    956.6396    293.4925     2703.857     197.7277  16.4200   0.0794     3.42    0.093  -6.77   0      19.38     1007.934     70.17976
      1079    529.2712    291.6964     8327.543      280.852  15.1987   0.0366     3.60    0.057 -16.88   0      51.13     2868.088     75.79612
      1080    942.8404    290.8295     12125.35     262.7764  14.7908   0.0235     3.47    0.053  40.00   0       69.8     4191.218     80.62574
      1081    573.3412    290.5828     8601.273     322.5417  15.1636   0.0407     4.22    0.083  19.63   0      44.68     2372.443     74.98299
      1082    226.2208    291.4957     5791.069     254.7323  15.5931   0.0478     3.47    0.053 -50.46   0      38.01     2164.401     73.82999
      1083    907.5576    291.0301      4579.66     300.0177  15.8479   0.0711     4.58    0.103  15.00   0      27.63      1482.82     72.59077
      1084    185.5181    287.1890     45972.61     330.8586  13.3438   0.0078     3.52    0.039  15.62   0      197.8     14850.28     106.2741
      1085   1006.1770    285.8203     35442.88     310.3829  13.6262   0.0095     3.48    0.049  -7.56   0      165.1     11823.86     99.84936
      1086     47.2059    274.8194     868123.1     750.1717  10.1535   0.0009     3.53    0.039  -8.19   0       1130     265215.8     353.6902
      1087    668.5714    299.2737     5235.071     324.1455  15.7027   0.0672     3.83    0.101 -11.52   0      24.87     1247.658     71.49254
      1088    536.1646    285.9900     2614.003     217.7132  16.4567   0.0904    -2.30    0.160   0.01   0      18.23     1163.314     71.58345
      1089    151.3767    284.9198     3626.758     235.7142  16.1012   0.0706     3.51    0.117 -23.47   0      24.05     1335.511     71.77128
      1090    795.4520    284.7059     3145.877     277.7848  16.2556   0.0959     3.50    0.017   4.27   0      18.01     915.7363     69.88055
      1091    644.2505    283.5081     11539.94     282.3052  14.8445   0.0266     3.50    0.104   2.75   0      65.81     3832.721     78.96117
      1092    527.0989    281.6237     4399.846     286.7526  15.8914   0.0708     3.65    0.037  48.67   0      26.72     1421.348     71.32631
      1093    114.5944    279.4463     31094.06     308.2249  13.7683   0.0108     3.52    0.026  35.29   0      148.9     10188.66     95.92157
      1094    558.3697    279.0606      11700.1     325.7047  14.8295   0.0302    10.03    0.510  16.67   0      51.07     2056.532     73.84565
      1095    387.5094    280.7895     4646.556      331.568  15.8322   0.0775     4.51    0.083 -16.48   0      21.35      1043.32     70.65854
      1096    731.6358    277.3365     28204.39     348.2632  13.8742   0.0134     3.62    0.083  56.20   0      130.9     8514.109     91.72849
      1097    507.3395    275.2333     108838.7     394.1725  12.4080   0.0039     3.49    0.043  17.25   0        350     34253.46     141.8232
      1098    308.8707    278.2574     3498.189     192.0678  16.1404   0.0596     3.69    0.025   8.97   0      25.03     1370.208     71.70226
      1099    469.1588    277.0946       4439.4     281.1334  15.8817   0.0688     3.58    0.168 -13.90   0      25.74     1420.254     71.32282
      1100    779.9006    273.1101     9757.805     325.3344  15.0266   0.0362     5.49    0.069 -58.65   0      48.48     2673.444      75.3807
      1101    286.4899    273.7269     5078.592     208.2901  15.7356   0.0445     3.46    0.063   2.11   0       35.1     1947.965     73.33593
      1102    170.4975    274.4846     3648.606     273.5427  16.0947   0.0814     3.02    0.026 -28.14   0      21.41     1187.148     70.93893
      1103    358.4852    269.2787     68875.72     359.8683  12.9048   0.0057     3.45    0.140  -2.95   0      260.4     22036.27     120.4542
      1104    431.2705    270.5806     17362.64     306.4239  14.4010   0.0192     3.62    0.106 -15.02   0      89.75     5386.079     83.77324
      1105    684.8093    271.2061     2794.049     260.8045  16.3844   0.1014     2.78    0.040  42.74   0      17.03      960.027     70.57224
      1106    211.7717    263.1281     122518.3     423.7462  12.2795   0.0038     3.51    0.111 -31.42   0      372.3     37277.65     146.5894
      1107    990.0623    267.2013     3678.822      188.914  16.0857   0.0558     3.90    0.093 -84.05   0      25.74     1411.618     72.18991
      1108    705.6760    263.7892      18238.8      322.368  14.3475   0.0192     3.36    0.085  31.52   2      92.38     5825.354     84.80539
      1109    816.6911    267.0103     5706.523     277.5692  15.6091   0.0528     3.78    0.143   0.26   0      33.57     1841.462     73.18075
      1110     71.6859    266.2775     5992.744     267.2048  15.5559   0.0484     3.67    0.071  21.03   0      36.53     1971.769     73.40967
      1111    857.9601    266.8127     2631.564     219.2004  16.4495   0.0905     3.99    0.293  25.56   0      18.94     1065.452     71.45194
      1112    649.2305    265.8665     4785.748     353.2172  15.8001   0.0802     3.43    0.128   4.29   0      19.79     1003.694     70.71273
      1113    401.1153    264.4447     4451.471     287.9103  15.8787   0.0702     3.55    0.116 -16.98   0      24.24     1288.324     71.26235
      1114    261.6257    255.5984     279199.1     531.8555  11.3852   0.0021     3.46    0.161 -27.58   0      608.6     86279.19     209.2548
      1115    967.7427    262.4485     6789.494     227.7372  15.4204   0.0364     3.78    0.152  -5.90   0      41.57     2310.109     74.96524
      1116    568.2504    263.5275     2330.017     239.8729  16.5816   0.1118     2.77    0.225 -57.53   0      15.82     872.5447     70.10709
      1117    876.0981    262.2128     2490.651     246.6194  16.5092   0.1075     5.04    0.233  60.72   0      14.46      793.097      70.0326
      1118    372.1048    262.6314     3580.084      238.377  16.1153   0.0723     3.65    0.182 -12.05   0      23.28     1257.726     70.80302
      1119    476.9852    260.1886     6242.501     263.7925  15.5116   0.0459     3.55    0.157  21.30   0      37.95     2168.922     74.36356
      1120    469.8975    260.9258     4175.078     258.3047  15.9483   0.0672     6.48    0.256 -75.57   0      24.22     1288.434     71.08234
      1121    916.3284    258.3415      5489.45     278.5459  15.6512   0.0551     3.86    0.124  42.53   0      30.48     1595.893     72.41408
      1122    797.3033    258.7088     3518.622     208.1285  16.1341   0.0642     3.37    0.052  45.44   0      24.82     1349.132     71.45602
      1123    646.5507    251.8331     191646.2     477.1476  11.7937   0.0027     3.64    0.194  11.57   0      488.4     58310.57     176.2069
      1124    296.3077    257.7798      5392.07     245.3864  15.6706   0.0494     3.66    0.122  30.98   0      33.62     1824.936      72.7775
      1125    727.2386    253.2429     42221.84     313.2655  13.4362   0.0081     3.44    0.054  -2.70   0      188.9     14223.73     105.0479
      1126    979.0096    255.7657     3770.866     268.9125  16.0589   0.0774     6.22    0.355 -31.61   2      20.39     1140.157      71.5099
      1127    228.1867    250.8134     13965.22     515.4047  14.6374   0.0401     9.59    0.544 -15.33   3      39.58     2154.076     74.31818
      1128    233.5088    249.5098     11470.88     340.9522  14.8510   0.0323     7.27    0.069  67.21   3         56     3010.618     76.72585
      1129    927.2617    251.3974     3194.924     233.9296  16.2388   0.0795     3.06    0.167  48.63   0       23.2     1345.615     71.98181
      1130    684.2816    247.3010     21260.21     275.2651  14.1811   0.0141     3.36    0.045  17.44   0      112.8     7355.105     88.37577
      1131    603.5062    247.7086     11745.44     391.0969  14.8253   0.0362     6.82    0.377  27.90   0      51.26     2129.454     74.06974
      1132    566.7748    248.2166     4151.345     278.6062  15.9545   0.0729     8.43    0.315 -22.09   0      25.34     1321.422     72.08369
      1133    362.0938    247.1732     3264.132     256.2526  16.2156   0.0853     3.99    0.121 -39.54   0      20.03     1035.992     70.08766
      1134    108.5098    246.0452     7644.608     301.2672  15.2916   0.0428     3.85    0.072  55.60   0      43.63     2412.796      74.7626
      1135    630.7195    245.3838     8639.033     345.6211  15.1588   0.0434     3.72    0.114 -22.19   0      43.01      2363.23     74.95506
      1136    408.9876    245.9978     5910.774     127.1412  15.5709   0.0234     4.20    0.006  37.89   3      100.6     5764.224     84.64141
      1137    404.5511    243.0500     4391.687     343.7516  15.8934   0.0850     6.88    0.490  57.73   2      20.58     815.4354     70.47031
      1138     21.9135    245.3234     2425.997     254.2491  16.5378   0.1138     3.31    0.198  54.26   0      15.28     811.0292     69.72353
      1139    137.9958    243.9304     4190.969     325.3911  15.9442   0.0843     4.57    0.231  21.97   3      19.89     1039.723     70.82844
      1140    132.4401    239.9185     7057.008     331.2844  15.3784   0.0510     4.68    0.195 -85.50   2      36.56     1941.323     73.31535
      1141    856.1483    242.3519     9578.462     359.8725  15.0468   0.0408     6.13    0.332   7.46   0      44.01     2411.189     75.27106
      1142    483.2297    243.2009     3369.201     209.5027  16.1812   0.0675     4.21    0.124 -48.12   0      24.53     1354.469     72.18781
      1143    371.5971    240.5981     4918.241     224.4367  15.7705   0.0496     3.47    0.087  37.93   0       32.4     1815.879     73.27663
      1144    772.3374    224.6830     786222.2     724.9344  10.2611   0.0010     3.45    0.005  87.48   0       1070     241565.5     338.0758
      1145    601.5975    238.3192     6957.748     283.1619  15.3938   0.0442     4.24    0.170  -9.23   0       38.7     2032.179     74.11785
      1146    333.2356    238.7460     4837.216     221.4755  15.7885   0.0497     3.55    0.080  -2.45   0      33.51     1888.819     73.50252
      1147    161.1474    237.6512     11518.55     281.1488  14.8465   0.0265     3.60    0.042 -35.95   0      65.14      3780.86     79.46058
      1148    915.6324    238.0613     14091.32     186.1319  14.6276   0.0143     0.00    0.443   5.23   0      139.8      11424.7      98.6768
      1149    409.2169    238.5105     2361.757     267.7189  16.5669   0.1231     4.75    0.247  89.29   0      14.35     694.2629     69.34187
      1150    191.4295    236.3010     6871.673      245.449  15.4073   0.0388     8.17    0.362  -6.12   0      41.59     1904.503     72.84956
      1151    150.6235    237.4535     3340.739     268.5487  16.1904   0.0873     3.82    0.118  43.38   0      19.21     992.1507     70.85701
      1152     45.3983    236.4294     2942.996     285.5956  16.3280   0.1054     3.75    0.141  35.36   0      14.97     799.8715     70.42009
      1153    998.2915    229.4502     18711.65     376.8332  14.3197   0.0219     5.63    0.068   7.35   2      83.21     4913.644     82.01338
      1154    559.7006    234.2228     4082.393     293.1445  15.9727   0.0780     4.19    0.136  -4.11   0      21.72     1025.782     70.05455
      1155    247.0617    232.5750     7729.099     236.9435  15.2797   0.0333     7.66    0.143 -29.98   0      52.86     3577.889       78.715
      1156    894.6630    231.8712     8468.215      348.284  15.1805   0.0447     9.74    0.346  16.22   0      43.43     2193.991     74.44014
      1157    873.8168    231.2678     5832.463     332.3799  15.5854   0.0619     8.16    0.205 -44.99   0      31.99     1736.566     73.20578
      1158    388.4220    229.8157     22881.93     284.6063  14.1013   0.0135     3.42    0.021 -20.12   0      119.5     7939.621     90.43593
      1159    462.5001    229.5229     27043.75     300.9889  13.9198   0.0121     3.63    0.122 -15.66   3      131.2     8355.128     90.91113
      1160    457.6769    222.3678     163165.9     437.0092  11.9684   0.0029     3.48    0.030  -1.30   3      447.9      50599.4     165.9632
      1161    346.7207    231.5756     2506.283     199.1187  16.5024   0.0863     5.84    0.398 -28.68   0      17.68     983.5953      70.6481
      1162    282.2643    225.7207     136357.3     412.0751  12.1633   0.0033     3.43    0.030  -2.39   0        405     43496.96     155.8517
      1163    579.8693    229.4021     3464.165      267.456  16.1510   0.0838     3.89    0.169  62.10   0      22.98     1218.977     71.58086
      1164    304.9273    229.9735     4268.137     223.7775  15.9244   0.0569     3.86    0.117 -36.04   0      27.72     1533.869     72.39668
      1165    910.9924    229.7960     2349.651     243.8717  16.5725   0.1127     2.99    0.168  89.06   0       14.5     767.3287     69.94892
      1166    505.3875    227.8766      12499.6     322.3037  14.7578   0.0280     3.73    0.232  22.04   0      64.98     3869.506     79.55253
      1167    536.8917    227.9659     4524.751     224.0379  15.8610   0.0538     3.27    0.070  38.86   0      30.19     1685.332     72.16256
      1168    589.2963    223.9775     23416.71     331.8518  14.0762   0.0154     9.67    0.168 -48.28   0      115.8     7470.765     88.67271
      1169    326.1816    226.9070     7680.863     188.6323  15.2865   0.0267     0.00    0.376   6.78   0      78.35     5366.971     83.10583
      1170    523.7789    224.6423     9648.016       241.45  15.0389   0.0272     3.51    0.034  55.13   0      58.58     3414.408     78.40545
      1171    979.6161    223.0480     21494.62      472.753  14.1692   0.0239     6.98    0.344   0.02   3      81.28     5020.967     82.93172
      1172    986.8968    215.0373     30087.65     436.8269  13.8040   0.0158     3.47    0.332  63.60   2      114.6     7273.686     88.02043
      1173    685.1411    223.9160     7786.327     283.8262  15.2717   0.0396     3.57    0.037 -77.15   0      45.12     2558.839     75.20525
      1174    436.8689    254.1552      87327.8     371.3388  12.6471   0.0046     3.45    0.044  -7.83   0      306.3      28299.4     131.9372
      1175    793.4755    222.8135     5828.926     361.9571  15.5860   0.0674     3.90    0.015  62.82   0      22.64     1156.579     71.38246
      1176     52.0120    222.4018     7436.295     309.5187  15.3216   0.0452     3.78    0.107  34.00   0      42.12     2306.072     74.78156
      1177    610.2763    222.5544     3325.262     296.9121  16.1954   0.0970     6.96    0.458 -23.60   0      16.27     717.9564     69.60414
      1178     25.7887    221.8510     4698.145     240.7771  15.8202   0.0557     3.73    0.086   3.29   0      30.59     1683.475     73.04077
      1179    206.1059    220.3106     3556.352     242.3598  16.1225   0.0740     3.08    0.129 -24.64   0      24.99     1422.689     71.86842
      1180    947.0928    218.8970     5106.938      312.973  15.7296   0.0666     3.77    0.131  32.07   0      27.63     1451.838     71.78194
      1181    900.0798    215.0690     5724.437     259.6643  15.6057   0.0493     5.26    0.101 -61.28   0      36.45      1930.11     73.28058
      1182    245.0759    215.5421     4215.831      226.575  15.9378   0.0584     4.18    0.109  76.91   0      26.85     1416.219     71.84796
      1183    339.9762    212.9563     30773.48     323.2401  13.7796   0.0114     3.45    0.054  46.00   3        145     10210.14     96.10611
      1184    343.1522    202.0560     57480.89     471.7242  13.1012   0.0089     4.22    0.382 -83.93   3        182     12628.52     101.5381
      1185    174.3688    213.4964     7698.388     402.5271  15.2840   0.0568     4.67    0.128  -2.83   0      27.62     1410.713     71.29241
      1186     99.9531    211.6995     11466.98     274.1721  14.8514   0.0260     3.85    0.225   2.45   3      61.94     3295.125     76.89919
      1187    103.0821    207.2772     24626.21     362.2341  14.0215   0.0160     5.45    0.224 -17.61   3      105.5     6111.186     85.11674
      1188    712.2918    212.0924     3394.555     222.8885  16.1730   0.0713     3.80    0.103  -3.98   0      23.27     1280.009     71.41579
      1189    684.1155    209.6003     3321.979     256.3039  16.1965   0.0838     3.54    0.169 -13.37   0      23.03      1238.04      71.8203
      1190    554.6973    205.0240     9140.738     378.7205  15.0975   0.0450     4.83    0.172   3.28   3       47.4     2655.822     75.15695
      1191    559.8857    208.8564     7306.336     322.6242  15.3408   0.0480     4.51    0.224 -12.50   3      39.25     2145.085      73.9443
      1192    560.8744    204.8263     9135.454     340.3361  15.0982   0.0405     4.28    0.153  -4.59   3      41.68      2183.01     74.40661
      1193    179.3849    204.1417     9149.274     438.4189  15.0965   0.0520     4.37    0.088  78.81   2      30.01     1548.087     72.61828
      1194     40.1525    204.3484     20278.23     355.9072  14.2324   0.0191     5.81    0.182  89.42   2      87.81     4280.514     80.71819
      1195    505.9233    205.3251     6691.705     285.2076  15.4362   0.0463     7.30    0.379 -43.16   0      33.84     1465.456      71.6461
      1196    372.5780    206.2872     4003.083     222.0677  15.9940   0.0602     3.55    0.111  -8.68   0      28.02     1550.678      72.0942
      1197    812.8775    201.3043     17696.54     431.0768  14.3803   0.0265     5.76    0.208  89.75   3      73.71     3289.771     77.38263
      1198    810.2941    193.2632     15346.06      359.948  14.5350   0.0255     5.78    0.140  71.10   3      72.28     4186.695     79.97352
      1199    824.4020    201.3680     3574.572     299.2553  16.1169   0.0909     3.52    0.100  42.46   0      16.14     859.3127     70.61166
      1200    719.1385    200.9927     2360.746     173.0747  16.5674   0.0796     3.88    0.233  14.83   0      17.85     1011.318     70.91846
      1201    251.3947    196.6481     20197.35      326.706  14.2368   0.0176     3.44    0.078   7.02   3      101.4     6351.339     86.35225
      1202    246.0066    190.9148     29322.61      390.644  13.8320   0.0145     3.58    0.484 -60.71   2      125.8     8280.122     91.28763
      1203    735.8850    198.5490     3547.139     273.4584  16.1253   0.0837     5.96    0.282   8.85   0       20.8     972.5001     70.24789
      1204    422.1492    197.4868     10335.53     301.1668  14.9642   0.0316     3.49    0.096   0.28   0      57.54     3320.907     77.47402
      1205    982.4317    197.7434     3434.072     299.1486  16.1605   0.0946     5.24    0.379 -12.58   3      19.26     872.3258     70.10638
      1206    989.2764    192.3395      13998.9     298.5926  14.6348   0.0232     3.73    0.181 -52.03   2      74.54     4285.059     80.41235
      1207     60.8068    195.2820      12325.8     307.9208  14.7730   0.0271     3.78    0.091  23.22   0      66.62     3833.241     79.44885
      1208    703.9146    195.9799     5077.204      230.242  15.7359   0.0492     3.45    0.136 -25.65   0      33.02     1855.844     73.04989
      1209    489.0636    196.5236     3355.023      239.506  16.1858   0.0775     3.72    0.181  16.59   0      23.51     1304.098     71.67174
      1210    685.7114    195.2624     5512.945     234.8082  15.6465   0.0463     3.50    0.108  -9.05   0      36.03      2015.54     73.54505
      1211    659.9902    194.9966      12321.9     138.1268  14.7733   0.0122     4.20    0.003  36.69   3      154.6     12169.89     100.3785
      1212    654.6477    193.7912     12019.62     266.3246  14.8003   0.0241     3.39    0.016   9.67   2      70.13     4227.923     80.72914
      1213      5.5045    194.7253     7231.985     283.3819  15.3519   0.0426     3.84    0.078  17.10  19      44.13     2380.356      74.4918
      1214      1.9353    190.1606     4037.558     197.6377  15.9847   0.0532     3.91    0.266  88.56  27      28.12     1665.385     72.80837
      1215    861.2149    193.1189     3867.074     256.7868  16.0315   0.0721     3.87    0.108  43.23   0      24.19     1294.376      71.6409
      1216    190.3035    193.5205     3763.146     287.3665  16.0611   0.0829     3.10    0.203  80.79   3      21.01     1176.391     70.90446
      1217    192.3863    187.4602     8414.679     387.5038  15.1874   0.0500     4.28    0.145 -18.96   2      36.34     1938.754     73.65675
      1218    148.2538    190.7054     6381.552     352.4261  15.4877   0.0600     4.15    0.120  31.31   0      33.02     1730.904     72.48325
      1219    335.8040    188.9875     18277.46     400.5229  14.3452   0.0238     4.06    0.072  29.05   0      74.69     4739.388     81.84335
      1220     17.4620    189.2383     10400.28     353.1957  14.9574   0.0369     3.65    0.058   0.82   0      52.95     2937.648     76.67699
      1221    595.8541    187.3103     6052.381     336.3683  15.5452   0.0604     2.81    0.031 -50.10   0      29.52     1668.629     72.46508
      1222    283.9323    187.3477     22346.88     313.1878  14.1270   0.0152     3.48    0.046  21.71   0      111.9     7193.207     88.39516
      1223    942.3755    186.4443     6741.266     317.2072  15.4281   0.0511     4.02    0.062 -52.35   2      36.75     1944.269     74.02142
      1224    936.3825    182.4084     5114.404     298.2785  15.7280   0.0633     4.15    0.263  16.56   3      26.85     1462.774     72.17314
      1225    543.0540    187.6255     2572.724     200.7991  16.4740   0.0848     3.54    0.228 -40.21   0      17.34     951.8128     70.54578
      1226    404.4482    174.8098     546038.8     635.2316  10.6569   0.0013     3.49    0.021  18.78   0      883.8     172612.2     288.1935
      1227    884.7922    184.2931     2403.583     243.9219  16.5479   0.1102     3.05    0.107 -68.91   0      15.81     838.9277     70.18117
      1228    685.6652    184.2171     2708.231     220.7385  16.4183   0.0885     3.45    0.173  33.33   0      18.61     1016.794     70.75482
      1229    318.6784    180.5786     78223.71     361.3104  12.7667   0.0050     3.43    0.042   9.25   0      285.6     25462.54     127.0575
      1230    206.7691    181.2912     16816.32      346.355  14.4357   0.0224     3.53    0.020  -2.81   0      85.65     5101.234     82.21993
      1231     97.7540    183.0482     5028.314     221.6715  15.7464   0.0479     3.90    0.111  21.73   0      32.11     1780.145     73.34096
      1232      1.9932    182.9523     3390.158     206.4395  16.1744   0.0661     3.96    0.294  88.83  25      23.41     1386.549     72.11095
      1233   1013.3862    180.8142     6645.217     246.5443  15.4437   0.0403     4.70    0.119  67.36   0      40.94     2236.496      74.5698
      1234    802.6385    181.0200     11257.71     431.4042  14.8714   0.0416     7.89    0.463  23.83   0      45.74     2372.789     75.49586
      1235    274.8072    178.6931     21933.61     327.9116  14.1472   0.0162     3.59    0.063  29.12   0      109.6     6884.656     87.59826
      1236    296.8265    179.5399     5234.952     316.1261  15.7027   0.0656     3.52    0.034 -21.96   0      29.62     1636.032       72.893
      1237    219.5181    177.6113     16653.84     383.2026  14.4462   0.0250     9.98    0.223 -27.56   0      74.72     4214.443     80.37239
      1238      6.5931    172.8423     14409.58     301.0446  14.6034   0.0227     3.59    0.032   6.92  16      77.89      4644.05     81.89227
      1239    140.4954    166.7639     111651.4     408.5579  12.3803   0.0040     3.50    0.051   3.59   0      354.7     34348.07     141.6126
      1240    818.3998    170.2289     10145.12      355.748  14.9844   0.0381     9.35    0.329  45.97   0      50.99     2313.211     75.14566
      1241    619.1747    171.0466     6176.121     290.3758  15.5232   0.0511     3.91    0.136  -5.83   0       34.8     1918.055     73.94089
      1242    574.9026    171.1573     3573.116     246.3155  16.1174   0.0749     3.51    0.076  27.13   0      22.75     1189.663     70.58421
      1243    183.4303    169.3894     6078.589     285.8435  15.5405   0.0511     3.75    0.087 -40.92   0      33.92     1821.957     73.64491
      1244    154.2751    175.6720     45356.17     463.7748  13.3584   0.0111     4.06    0.213 -28.70   0      169.9     11149.81     97.91061
      1245     14.2039    167.3163     6365.236     378.7496  15.4905   0.0646     5.33    0.114 -69.12   0      24.52     1138.871     71.32606
      1246    967.2498    165.8981       6405.1      238.378  15.4837   0.0404     3.82    0.174 -86.50   0      38.23     2083.124     73.57936
      1247   1022.7661    164.9764     10105.43     182.9622  14.9886   0.0197     3.67    0.257  89.65  24      73.97     4803.941     82.33481
      1248    770.5777    165.8624     2860.179     202.7135  16.3590   0.0770     3.44    0.153 -76.70   0      20.85     1151.747     71.18699
      1249    437.4303    162.9296     14240.64     333.3005  14.6162   0.0254     8.05    0.098  30.37   0      73.39     4371.907     80.81644
      1250     64.1264    162.9699     14526.33     328.6487  14.5946   0.0246     5.08    0.280 -57.43   0      68.96     3534.428     78.42592
      1251    808.9436    164.8347     5191.468     312.0075  15.7118   0.0653     4.77    0.102  45.78   0      27.39     1514.317     72.33527
      1252    744.2932    159.5802     168875.7     447.2031  11.9311   0.0029     3.78    0.060 -40.24   2      454.7      47156.4     160.9403
      1253    733.7669    156.9778     13743.67     402.7514  14.6547   0.0318     4.74    0.060 -21.99   3      56.27     3006.829     77.21497
      1254    723.3228    159.9452     29136.15     325.0621  13.8389   0.0121     3.51    0.068 -32.33   0        137     9123.026     93.08718
      1255    675.3843    160.3847     18048.28     342.5094  14.3589   0.0206     3.57    0.110 -34.84   2      81.24     4867.195     82.19749
      1256    271.1262    163.4206     2897.416     184.5256  16.3450   0.0692     3.35    0.178  -9.96   0      21.74     1214.886     71.56786
      1257    654.5838    161.3786     6426.575     243.7234  15.4801   0.0412     3.58    0.029  -7.74   3      40.79     2293.164     75.08501
      1258    650.1895    156.2311     5776.835     252.1874  15.5958   0.0474     3.75    0.094  29.44   3      36.45     2043.942     74.32682
      1259    845.2296    161.2538     2878.174     283.2874  16.3522   0.1069     4.16    0.129  65.31   0      15.88     780.7648     69.99256
      1260    183.9890    160.4977     3239.115     266.0612  16.2239   0.0892     4.50    0.165   3.77   0      19.54     1009.121     70.73017
      1261    814.8817    158.4269     4682.093     317.7547  15.8239   0.0737     3.51    0.101  21.49   0       24.2     1328.715     71.74976
      1262    343.3548    153.9657      7041.39     274.0149  15.3809   0.0423     3.57    0.083  18.96   0      42.21     2395.103     75.22248
      1263    898.4214    151.0906     24172.78     329.4599  14.0417   0.0148     3.52    0.038  -8.41   0      117.4      7447.25     88.61242
      1264   1006.9363    151.6033     5404.586     288.6617  15.6681   0.0580     6.11    0.147 -44.96   0      30.53     1510.273     72.49983
      1265    129.4760    155.6343     10182.49     438.2226  14.9804   0.0467     4.39    0.141  49.43   0      33.84     1747.333     73.06373
      1266    568.3918    149.5204     8632.387      253.485  15.1597   0.0319     3.59    0.072 -14.21   0      52.57     3020.357     76.92175
      1267    115.3096    151.0335     8048.329     406.6894  15.2357   0.0549     4.06    0.098 -11.00   2      30.48     1537.471     71.87418
      1268     21.2483    150.4135     5396.199     315.2256  15.6698   0.0634     3.88    0.078  21.87   0      30.62     1641.003     73.08434
      1269    852.6473    148.3159     4415.293     307.2924  15.8876   0.0756     3.82    0.192  -7.62   0      23.71     1240.646     71.11013
      1270    842.4247    148.1574     4217.171      317.422  15.9374   0.0817     3.46    0.137 -11.58   0      17.06      770.491      70.3252
      1271    609.4293    146.7013     7652.074     274.5209  15.2906   0.0390     5.06    0.257   8.00   0       40.8     2127.596     73.54226
      1272    369.8227    148.9132     2144.941      211.231  16.6715   0.1069     5.04    0.227  29.46   0      14.99     785.6202     69.64066
      1273    281.3135    146.5425     14201.79     290.0263  14.6191   0.0222     4.28    0.074  52.50   0      72.36     3949.944     79.29785
      1274    442.8577    143.7173      8320.27     322.3436  15.1997   0.0421     3.60    0.147  42.16   2      39.44     2183.821     74.06326
      1275    309.1291    146.2372     2447.737     167.5378  16.5281   0.0743     2.99    0.212 -84.78   0      19.84     1143.051     71.15922
      1276     81.5612    144.1699     60133.64     552.4855  13.0522   0.0100     3.90    0.125   0.59   2      185.2     5884.889     85.26641
      1277    971.4666    143.9979     3361.704     287.0488  16.1836   0.0927     3.64    0.146 -85.05   0      18.91     1031.593     70.98341
      1278     64.1951    138.2885       113392     691.6287  12.3635   0.0066     3.57    0.009  14.44   0      267.2     21999.14     120.5972
      1279    693.0074    140.4739     2142.688     242.3582  16.6726   0.1228     5.03    0.410  62.39   0      13.12     599.4432     69.21609
      1280    409.5070    138.9760      6563.88      330.946  15.4571   0.0548     3.98    0.069 -70.81   3      31.24      1658.52     72.25594
      1281    404.6809    134.9819     14399.34     378.4867  14.6041   0.0285     9.17    0.153  19.48   3      69.12     4043.159     79.88658
      1282    794.4084    137.5311     6439.826      300.357  15.4778   0.0507     9.08    0.262 -75.80   0      36.86     1890.712     73.50837
      1283    671.5189    139.2291     6104.059     164.8139  15.5360   0.0293     0.00    0.323 -21.76   0      69.84     4257.546     80.49419
      1284    658.4225    137.0700      4889.18     368.4024  15.7769   0.0818     8.76    0.455  77.76   0      21.37     775.7409     69.97625
      1285    638.8394    139.6358     3365.148       295.86  16.1825   0.0955     3.73    0.206 -16.45   0      17.47     894.1953     70.35992
      1286    719.3303    137.2096      4802.76     333.6045  15.7963   0.0754     4.22    0.037 -34.96   0      21.22      1046.29      70.8495
      1287    707.0116    134.3449     52359.89     354.7519  13.2025   0.0074     3.46    0.057 -20.59   0      216.3     17124.39     111.1465
      1288    591.8970    136.2244     8374.335     259.5119  15.1926   0.0337     3.63    0.085 -38.23   0       51.3     2857.814      75.7653
      1289     80.3192    134.8375     3137.258     235.2417  16.2586   0.0814     3.84    0.060   3.69   0      20.02     1067.049     70.91606
      1290    568.5715    130.8359      8762.14     316.6313  15.1435   0.0392     3.68    0.189  29.88   2      43.49     2469.595     75.61716
      1291    136.8250    130.0983     4248.066     268.1212  15.9295   0.0685     4.64    0.180 -61.85   0      25.69     1383.002     71.20402
      1292   1023.0604    128.8640     3023.458     162.4967  16.2987   0.0584     3.52    0.280  84.78  24      25.66     1550.678     72.44942
      1293    838.5891    125.1894      49722.2      376.801  13.2586   0.0082     4.33    0.318 -44.18   0      199.9     13719.63      103.828
      1294    805.6932    127.1549     9055.859     283.7121  15.1077   0.0340     9.20    0.566  11.84   0      47.97     3213.349      76.9913
      1295    293.3092    127.2242     11481.22     294.4987  14.8500   0.0279     3.48    0.088 -13.52   0      66.74     3893.294     78.97295
      1296    743.2754    126.8109     7163.336     272.9428  15.3622   0.0414     3.71    0.030  20.95   0      41.92      2348.81     75.08248
      1297    361.6172    126.1002      9253.51     340.4149  15.0842   0.0400     3.47    0.059 -83.90   0      46.82     2703.643     75.64159
      1298    242.5939    125.7183      5088.36     234.3969  15.7336   0.0500     6.40    0.387 -60.19   0      28.33     1241.866     71.65349
      1299    647.8302    126.4778     2806.707     244.2972  16.3795   0.0945     3.16    0.120 -17.83   0      18.39     1007.926     70.72633
      1300    303.7112    125.6606     6927.788     273.9206  15.3985   0.0429     3.51    0.048  23.78   0      41.29     2310.156     74.44992
      1301    464.2919    124.9020     3552.213     288.3148  16.1238   0.0881     4.06    0.174  56.20   0      19.25     937.4628     69.95118
      1302    771.9428    121.8128     26013.22     345.9038  13.9620   0.0144     3.52    0.076 -26.92   3      125.2     8253.555     91.22146
      1303    782.6201    120.3012     38376.64     356.6436  13.5398   0.0101     3.57    0.041  46.78   3      167.8     11571.74     98.62519
      1304      3.6470    122.0193     4364.529      196.386  15.9002   0.0489     4.08    0.046 -79.91  24      28.29     1507.434     72.66779
      1305    584.2440    119.9472     10521.46     355.9884  14.9448   0.0367     3.91    0.192 -27.87   3      53.54     2975.942     76.95739
      1306    587.4855    114.1350     9194.324     326.9097  15.0912   0.0386     3.97    0.060 -42.85   3       45.3     2440.896     74.84797
      1307    184.4264    117.5699     13055.48     254.9147  14.7105   0.0212     3.47    0.033  50.39   0      75.61     4541.393     81.60686
      1308    799.0880    117.8666     3822.734     226.1803  16.0441   0.0643     3.27    0.089 -48.12   0      25.72     1476.154     71.85889
      1309     34.6618    118.5475     3110.412     251.0543  16.2680   0.0877     3.90    0.113 -47.89   0      20.72     1108.683     71.04937
      1310    715.8834    116.1424     3485.193     239.6294  16.1444   0.0747     3.86    0.073  14.64   0      24.55      1321.64     71.36852
      1311    260.9904    115.6772     3737.178     183.8194  16.0686   0.0534     3.35    0.134  33.26   0      25.91     1485.552     72.24483
      1312    974.8213    112.4868     21707.07     309.6294  14.1585   0.0155     3.60    0.078  -3.35   0      111.7     7018.127     87.65146
      1313    620.0070    112.0341     22778.15     313.5006  14.1062   0.0149     3.39    0.015  -0.71   0      114.2     7581.504     89.67469
      1314    773.1652    112.3223     5959.895     378.5063  15.5619   0.0690     5.32    0.153  32.34   1      24.08     1175.956     71.26424
      1315    994.5620     98.8485     140879.1     550.2653  12.1279   0.0042     6.11    0.443  64.33   0      386.8     29030.32     133.0939
      1316    656.0292    110.6584     17708.38     303.5248  14.3796   0.0186     3.48    0.083  -8.19   0      93.65      5858.95     84.89538
      1317    200.8038    111.1471     5168.052     262.8652  15.7167   0.0552     3.91    0.154  32.26   0      31.09     1691.531     73.06583
      1318    353.8358    109.4876     8116.373      302.685  15.2266   0.0405     3.65    0.065 -42.61   0      45.55     2509.578     75.05623
      1319    456.7319    110.1099     5517.986     240.2175  15.6455   0.0473     3.30    0.095   6.52   0      34.38     1949.781     73.16633
      1320    482.5031    109.5377     3140.525     210.7825  16.2575   0.0729     4.10    0.032  47.63   0      22.96     1237.893     71.10133
      1321    447.8270    109.4660     3650.396     273.5442  16.0942   0.0814     3.24    0.100 -33.54   0      21.77     1193.565     71.32037
      1322    105.1692    108.2543     7580.977      328.728  15.3007   0.0471     3.88    0.109   0.11   0      39.56     2135.272     74.08759
      1323     64.2552    108.3823     8272.402     346.3078  15.2059   0.0455     4.21    0.086  50.50   0      41.66     2216.405     74.68062
      1324    558.6287    105.0558     11978.06     385.4475  14.8040   0.0349     3.54    0.147   2.90   2      53.01     3078.608     77.09367
      1325    162.3632    107.0073     4326.315     194.7005  15.9097   0.0489     3.19    0.029  19.09   0      31.43     1867.803     73.78626
      1326     83.2627    104.2364     14017.49     307.0839  14.6333   0.0238     3.70    0.095  27.12   0      73.85     4262.563     80.50835
      1327    981.9638    103.1086     18063.87     366.9453  14.3580   0.0221     3.65    0.017  87.54   1      85.43     5059.274     82.10387
      1328    880.7381    102.4024      38309.3     312.4747  13.5417   0.0089     3.73    0.034 -45.32   0      173.8     12269.68     100.7317
      1329    737.6033    104.1321     5852.622     287.9018  15.5816   0.0534     4.05    0.104  -6.52   0      34.83     1828.667     73.31629
      1330    845.9880     93.0251       501104     632.7902  10.7502   0.0014     3.58    0.140 -16.25   0      846.7     155807.6     274.5749
      1331    628.3895     98.2086      6796.63     397.1993  15.4193   0.0635     3.85    0.080 -76.28   3      31.88     1084.451     70.97181
      1332    623.8190    101.5909      10787.6     470.3146  14.9177   0.0473     7.75    0.327  16.22   3      35.46     1357.865     71.84203
      1333    147.2433    102.0018     3847.799     273.7082  16.0370   0.0773     3.78    0.125  50.73   3       24.3     1320.152     72.07968
      1334    148.6790     95.7268     11974.19     316.9097  14.8044   0.0287     3.51    0.030  49.57   2      64.78     3734.735     78.67863
      1335    942.4023    101.0263      2802.22     237.6342  16.3812   0.0921     3.30    0.133 -88.02   0      19.13     1049.637     71.22162
      1336    575.6362     93.0272     236290.4     481.5779  11.5664   0.0022     3.49    0.026 -52.29   0      559.7     75614.05     197.3966
      1337    300.5783    101.0697      4851.59     285.9905  15.7853   0.0640     3.92    0.137  -0.36   0      29.35     1619.699     72.84206
      1338    192.1500    101.4406     2633.508     189.3546  16.4487   0.0781     4.17    0.178 -13.25   0       20.5     1124.516      71.2803
      1339    722.6619    100.1309      3538.36     225.8944  16.1280   0.0693     3.62    0.074 -41.54   0      24.97     1365.423     71.86594
      1340     49.9695     95.4130     43606.65     397.2554  13.4011   0.0099     3.52    0.087 -11.24   2        169     11932.87     100.0972
      1341    465.6010     98.0290     2365.851     189.0331  16.5650   0.0868     3.16    0.019 -31.69   0      18.49     1084.088     71.33147
      1342    360.5498     95.4755      48216.7     361.0869  13.2920   0.0081     3.77    0.213  -2.95   0      191.3     13339.21     102.8672
      1343    136.0325     96.9377     6836.022     366.9875  15.4130   0.0583     7.71    0.471  50.70   0      31.54     1409.782     72.00608
      1344    737.7703     97.0034     5331.647     289.7141  15.6828   0.0590     3.69    0.030  72.52   1      28.84     1617.699     73.01184
      1345    498.4310     95.5320     2649.471     182.4696  16.4421   0.0748     3.47    0.008 -58.15   0      20.56     1126.804     71.10731
      1346    277.0456     96.1149      52974.6     331.7874  13.1898   0.0068     5.93    0.069  34.68   0      218.9     16814.54     110.1621
      1347   1023.0149     89.9551     4736.782     198.4401  15.8113   0.0455     4.10    0.345 -86.17  24      36.82     2270.376       75.016
      1348    761.4921     91.6377     2812.543     268.1013  16.3773   0.1035     3.36    0.132  12.41   0      15.34     809.9218     69.35071
      1349    953.9551     89.1229     3949.267     331.0897  16.0087   0.0910     4.28    0.083  88.39   0      19.77     1047.763     70.67283
      1350    241.9555     88.9926     4744.763     296.9178  15.8095   0.0680     4.86    0.163  16.22   0      25.72     1446.596     72.47727
      1351    723.9871     86.7752     2179.332     242.3925  16.6542   0.1208     3.54    0.157  89.47   0      14.32     792.3409      70.2132
      1352      5.3055     85.1409     5066.225     265.2083  15.7383   0.0569     4.21    0.100  31.68  16      31.19     1592.251      72.0472
      1353    964.7767     79.7980     7998.688     392.2002  15.2425   0.0532     5.95    0.282 -86.04   2      32.87     1205.166     71.35733
      1354    694.5488     84.1814     3739.349     187.2811  16.0680   0.0544     3.35    0.107 -14.97   0      26.89     1495.919     72.45483
      1355    681.6798     83.7768     6442.189     324.9908  15.4774   0.0548     4.14    0.124 -33.54   0      35.04      1940.99     73.66365
      1356    476.5641     84.2277     2378.177     220.3984  16.5594   0.1006     6.21    0.200 -24.00   0      16.85     881.4103     70.68275
      1357    943.3191     81.7414     8562.958     349.2658  15.1684   0.0443     3.70    0.079  72.14   0      42.31     2350.387     74.57264
      1358    184.8544     80.5611     20013.28     274.2337  14.2467   0.0149     3.61    0.060  -3.28   0      107.1     6761.884     87.42609
      1359    808.4974     78.3267     53402.86      337.829  13.1811   0.0069     3.62    0.068   9.72   0      218.5     16357.42     109.0974
      1360    389.9662     80.8357     5215.458      318.136  15.7068   0.0662     3.56    0.107 -18.26   0      27.51      1587.08     72.91647
      1361   1004.1002     79.6589         6341     243.6436  15.4946   0.0417     2.86    0.122 -24.97   0      41.47     2462.771     74.74282
      1362    932.2325     79.2743     11299.56     428.4406  14.8673   0.0412     4.69    0.090  38.57   0       42.7     2136.956      74.2658
      1363    785.2715     78.9854     12692.45     546.2947  14.7411   0.0467     7.28    0.288  16.49   0      38.38     1410.652     72.18687
      1364    418.4711     79.5816     2491.348     224.8385  16.5089   0.0980     0.00    0.428 -50.33   0      17.81     1137.371     71.32128
      1365    321.2590     79.1361     11677.08     309.5222  14.8317   0.0288     3.53    0.092 -24.50   0      66.46     3888.184     79.44447
      1366    890.4244     76.9253     2798.683     232.1662  16.3826   0.0901     3.18    0.155  89.80   1      18.75     1029.071     70.79424
      1367    771.6820     74.5558     10176.07     488.7625  14.9811   0.0522     8.69    0.547 -38.65   0      32.46     1186.026     70.93534
      1368    524.9492     77.4796     3520.773      289.401  16.1334   0.0893     3.43    0.138  -3.04   0      19.82      1049.23      70.4957
      1369    703.7737     76.4856      1647.22     191.5476  16.9581   0.1263     5.01    0.253  88.90   0      13.65     716.2399     69.41386
      1370    512.1261     74.4613     14371.38     372.4873  14.6063   0.0281     4.75    0.133 -77.85   0      66.93     3296.717     77.73399
      1371    151.2005     71.6424     65761.88     388.8383  12.9551   0.0064    12.08    0.112  37.35   0      239.8     17334.75     111.6908
      1372     48.5854     74.9541     5357.846     291.9414  15.6775   0.0592     3.78    0.126   3.28   0      31.37     1711.331     73.30272
      1373    286.9041     73.9950     3772.707     285.1319  16.0584   0.0821     3.64    0.397  15.02   0      17.07     989.0416     70.66563
      1374     80.4979     72.2202     4313.308     312.3961  15.9130   0.0787     5.58    0.240  48.29   0      24.18     1092.751      70.4539
      1375    903.8040     70.6929     8873.012     291.3797  15.1298   0.0357     3.74    0.061   4.59   0      50.56     2797.206     76.25957
      1376    529.9438     70.3684     23677.77     332.0305  14.0641   0.0152     3.47    0.040  12.90   0      116.7     7518.095      89.0826
      1377    875.1281     69.7640     15704.06     302.0203  14.5100   0.0209     3.72    0.059  42.82   0      81.36     4843.713     82.13254
      1378    625.6574     70.0369     6784.285     388.2032  15.4212   0.0621     7.69    0.299 -58.44   1      25.06     1160.966     71.21642
      1379    335.2522     70.3426     3608.424     260.2832  16.1067   0.0783     3.79    0.088  12.82   0      22.89     1242.525      71.8345
      1380    327.0226     69.0639     7523.466     309.5827  15.3090   0.0447     3.79    0.226   0.05   0      38.54     2186.266     74.58884
      1381    211.5067     68.9651     3537.468     255.2407  16.1283   0.0784     3.90    0.241  68.36   0      22.13     1196.572     70.60645
      1382    571.0009     68.4519     2284.677     237.1387  16.6029   0.1127     4.92    0.357  61.62   0      14.87      770.067     69.95782
      1383    471.6076     68.4157     2587.822     159.8916  16.4677   0.0671     3.46    0.078  54.59   0      19.67      1059.77     70.89273
      1384    719.2348     67.3134     2193.787     221.6607  16.6470   0.1097     2.83    0.110  76.48   0      15.83     829.4717     69.78362
      1385    446.2832     66.5022     5707.676     277.5702  15.6089   0.0528     3.56    0.110 -13.19   0      34.97     1966.725     73.21894
      1386    619.6353     80.5179      22877.5     451.9155  14.1015   0.0215     7.45    0.381 -46.31   0      84.86     3481.558     78.10838
      1387     60.5392     66.1129     6403.754     376.2224  15.4839   0.0638     5.11    0.086  89.61   2      28.04     943.3615     70.15356
      1388    781.7620     64.6774     4700.344     315.7415  15.8197   0.0730     3.93    0.203   2.43   0      25.36     1391.153     71.94726
      1389    428.8737     65.4148     3730.882     281.7015  16.0705   0.0820     3.59    0.248  31.33   0      22.53      1205.71     71.53872
      1390    417.3688     64.9443     2559.387     255.6268  16.4797   0.1085     4.93    0.245 -80.94   0      15.83     813.3627     70.09834
      1391    629.0634     61.0003     26243.25     402.6338  13.9525   0.0167     4.05    0.268 -64.92   1      110.4     6761.504     87.57182
      1392    616.6338     61.5236     7634.246     354.1403  15.2931   0.0504     3.97    0.055 -30.92   3      35.37     1874.051     73.45684
      1393    615.4568     56.9908     8990.959     382.0057  15.1155   0.0461     8.97    0.283  -5.56   3      39.54     2137.246     74.43933
      1394    542.6656     62.5475     3506.059     268.6886  16.1380   0.0832     4.05    0.102  11.15   0      20.61     1064.942     70.90931
      1395    940.2603     59.9684     4285.277     291.1053  15.9201   0.0738     3.10    0.100 -87.34   0      22.82     1275.188        71.58
      1396    434.8266     59.7215     6222.037     146.4271  15.5152   0.0256     0.00    0.323  58.41   0      87.74      5043.29     82.68295
      1397    118.4530     59.2736       3550.8     228.7303  16.1242   0.0700     7.50    0.161 -15.35   0      22.31     1115.801      70.8913
      1398    867.0629     57.0539     8872.921     353.1215  15.1298   0.0432     3.92    0.038 -63.45   0      42.68     2396.246      75.0551
      1399    639.7205     57.1540     10859.49      331.955  14.9105   0.0332     9.85    0.282   7.62   1      57.79     3132.749     77.08677
      1400    399.6623     58.6598      2414.41     185.6662  16.5430   0.0835     3.43    0.138  47.23   0       16.9     902.2878     70.38605
      1401    358.9749     58.5249     2603.116     224.9514  16.4613   0.0938     3.24    0.152  -5.21   0      17.81     983.4313     70.64758
      1402    251.8785     55.9409     11048.98     310.0972  14.8917   0.0305     3.75    0.040  32.53   0      57.85     3296.172     77.40143
      1403    499.0272     75.7605     2433.834     229.0233  16.5343   0.1022     4.29    0.272  -0.28   0      16.73     878.4418     70.67321
      1404    749.4919     55.3740     4326.723     272.9323  15.9096   0.0685     3.02    0.201 -87.79   0      26.64     1509.534     71.78579
      1405    878.7653     51.8742     23836.17     339.7805  14.0569   0.0155     3.53    0.035  -2.38   0      111.7     7048.152     88.02142
      1406    705.1959     55.1310     9975.499     275.2744  15.0027   0.0300     3.61    0.053 -44.83   0      55.93     3252.687     77.60516
      1407    295.3690     50.8272     39860.16     329.5671  13.4987   0.0090     3.57    0.070 -53.78   0      173.8     12382.64     101.1132
      1408    200.5454     55.1555     7104.395     207.4173  15.3712   0.0317     0.16    0.179   5.30   0      62.27     4136.734     80.31234
      1409    964.2260     54.6848     2354.271     247.7921  16.5704   0.1143     2.92    0.109 -75.21   0      15.33     856.2919     70.05438
      1410    767.0673     54.3155     2328.637     220.3473  16.5822   0.1028     3.40    0.183 -54.92   0      16.14      886.684      69.9697
      1411    999.3756     53.0328     4098.646     258.2374  15.9684   0.0684     3.65    0.233  23.10   0      26.01     1425.895     72.41233
      1412    832.5916     52.9659     5185.711     208.4069  15.7130   0.0436     3.79    0.137  -9.91   0      34.65     1936.675     73.99809
      1413    697.8247     51.5897     3838.111       322.17  16.0397   0.0912     6.52    0.223 -10.62   0      17.86     805.4905     70.25575
      1414    388.3556     50.3727     4519.744      199.804  15.8622   0.0480     3.87    0.105  43.16   0      31.08     1703.689     73.27902
      1415     74.4001     48.5399     14268.26     382.6248  14.6141   0.0291     3.84    0.090   3.94   3      65.84     3637.671     78.72453
      1416     89.6745     43.6798     8917.661     360.3466  15.1244   0.0439     7.83    0.440 -34.03   3      36.98     1608.084     72.09712
      1417     80.4940     41.5146     20339.84     344.0266  14.2291   0.0184     4.04    0.079  -7.79   3      95.51     5709.791     84.34306
      1418    628.3253     47.0548     15509.14     322.4345  14.5235   0.0226     3.61    0.055 -20.43   0      81.93     4837.524     81.95894
      1419    271.2108     47.8385     10705.87     306.7228  14.9259   0.0311     9.14    0.162 -53.03   0      66.23     4278.149     81.02899
      1420    205.3305     48.9259      4327.93     325.4867  15.9093   0.0817     3.94    0.104  63.98   0      20.21     1072.726     70.75306
      1421    544.5657     45.8712     23965.75     319.4238  14.0510   0.0145     3.64    0.071  46.93   3      117.8      7491.54     89.15891
      1422    552.1702     43.2793     47939.07      352.819  13.2983   0.0080     3.61    0.045 -38.54   3      194.8     14113.33     104.6863
      1423     62.7799     47.2359     11859.46     367.4748  14.8148   0.0337     3.97    0.128   0.22   0      57.77     3229.392     78.03197
      1424    895.3322     46.4429     5676.064     274.0536  15.6149   0.0524     3.92    0.084  52.05   0      31.77     1711.841     72.95324
      1425    659.6265     47.4868     2226.238     243.7566  16.6311   0.1189     5.63    0.249 -34.63   0      13.71     643.5335      69.1754
      1426    414.8071     45.5639     3615.242     187.1304  16.1047   0.0562     4.09    0.116 -49.51   0      25.18     1347.769     72.16671
      1427    682.8003     44.8265     5455.761      288.702  15.6579   0.0575     3.75    0.137   6.07   0      30.87     1680.221     73.20621
      1428    459.8286     45.0620     6077.748     322.7534  15.5406   0.0577     3.75    0.127  14.30   0      32.88     1870.555     73.27104
      1429     18.6934     45.1168     2510.259     246.6374  16.5007   0.1067     3.38    0.270 -13.45   0      16.32     859.0041     70.06318
      1430    498.5955     42.5492     3972.785     208.6239  16.0023   0.0570     4.57    0.173  13.24   0      26.36     1385.185     72.10664
      1431    400.0422     39.8708     47025.61     329.6398  13.3192   0.0076     3.49    0.060  16.50   0        202     15494.57     107.6432
      1432    241.8868     40.8072     10657.75     283.8641  14.9308   0.0289     3.78    0.076 -14.39   0      60.15     3398.078     78.02979
      1433    200.8314     39.6892     16073.55     339.3102  14.4847   0.0229     5.54    0.112  36.88   0      80.64     4630.208     81.06595
      1434    278.0732     40.4432     3454.352     303.4244  16.1541   0.0954     4.18    0.097  23.89   0      17.33     904.2932     70.39253
      1435    259.2732     39.6207      2475.69     249.1946  16.5158   0.1093     6.16    0.453 -63.07   0      16.72     872.5404     70.47232
      1436    532.8310     38.4889     3448.519     271.0185  16.1559   0.0853     3.47    0.202  20.98   0      21.51     1168.108     70.87791
      1437    438.0404     37.6639     2856.995     196.2754  16.3602   0.0746     3.49    0.108  23.66   0      21.53     1178.011     71.27079
      1438    363.0705     36.7742      7930.29     262.8118  15.2518   0.0360     3.89    0.011  -2.17   0      46.73     2587.178     75.63105
      1439    996.5264     36.5159     8366.215     365.3079  15.1937   0.0474     4.24    0.055 -34.96   2      41.54     1365.154     71.32722
      1440    124.5834     35.7752     12988.39     371.6425  14.7161   0.0311     6.72    0.301 -29.29   0      62.22      3305.45     78.08898
      1441    740.9299     36.2154     2401.762      252.962  16.5487   0.1144     5.53    0.397 -79.85   0      14.36     680.6427     69.85071
      1442    782.0818     34.4434     3378.427     251.2968  16.1782   0.0808     3.42    0.171 -15.98   0      22.34     1210.332     71.01318
      1443      7.2035     34.9806     1679.818     209.2016  16.9368   0.1352     3.96    0.190   0.94   0      13.76      778.835      69.9863
      1444    455.4022     29.8366     8816.139     320.6979  15.1368   0.0395     3.51    0.121  -2.49   0      50.16      2893.77     76.88147
      1445    813.5903     28.2491     6525.307     331.8878  15.4635   0.0552     3.71    0.100   2.66   0      31.78     1730.891     73.18816
      1446    339.8695     29.9659     1489.603     121.6432  17.0673   0.0887     4.62    0.208  -3.28   0      23.98     1467.856     72.18915
      1447    413.5743     26.0436     6633.664     249.1234  15.4456   0.0408     0.00    0.430  61.98   0      48.58     3177.056      77.7144
      1448    210.8235   1020.5149     9023.221     284.8149  15.1116   0.0343     3.67    0.134  11.17  16      51.74     2932.002     76.32462
      1449    669.3573   1019.8419     6250.354     278.0141  15.5102   0.0483     3.59    0.121 -18.10  16      35.76     1950.924      73.3451
      1450    642.6885   1016.3963     8429.004     361.8165  15.1856   0.0466    10.39    0.541 -67.05  16      33.85     1349.689     71.81616
      1451    186.2705     27.0731     4032.486     308.0526  15.9861   0.0830     3.87    0.060 -37.48   0      20.19     1067.534     70.73638
      1452     35.5971     26.2049     5749.198     245.7169  15.6010   0.0464     3.59    0.075  27.45   0      34.98     1891.281     73.51012
      1453    980.4260     25.9604     5948.524     315.6236  15.5640   0.0576     3.90    0.077  -0.73   0      31.35      1677.88     73.19894
      1454    201.9980     25.7256     5736.588     308.2681  15.6034   0.0584     3.79    0.065  56.24   0      33.29     1832.374     73.32778
      1455    945.4788     24.9785     2873.792     223.7954  16.3539   0.0846     3.76    0.077  89.63   0      20.67     1133.718      71.1294
      1456    626.8511   1019.0928     5370.747     227.7305  15.6749   0.0460     3.48    0.093  18.71  16      36.14      2056.72     73.49776
      1457     88.6660     22.2827     7124.568     250.8534  15.3681   0.0382     3.75    0.092  22.09   0      43.55     2368.843     74.80067
      1458     76.3438     20.6837     4460.019     300.9951  15.8767   0.0733     4.11    0.168  24.77   3      24.91     1242.035     71.11456
      1459    499.7818   1016.4259     32892.32      354.039  13.7073   0.0117     3.77    0.377   0.67  16      147.4     9973.987     95.54602
      1460    417.6615   1015.1161     45470.12     334.3745  13.3557   0.0080     3.40    0.107  44.39  19      194.7     14605.17     105.5056
      1461    897.7792     18.0387     4198.928     194.5517  15.9422   0.0503     3.72    0.021  36.25   0      28.45     1587.884      73.0948
      1462    172.8460     17.6073     5263.479     331.9906  15.6968   0.0685     4.28    0.203  22.58   2       24.8     1307.887     72.04099
      1463    424.2138   1015.0396     20582.43     315.9935  14.2163   0.0167     3.88    0.083  44.75  19      97.89     5912.138      85.4893
      1464    553.6605   1017.2144     2552.776     178.7948  16.4825   0.0761     3.81    0.178  -3.67  16       18.8     1015.368     70.75024
      1465    333.4536   1017.1080     3966.618     227.7383  16.0039   0.0624     3.62    0.162   7.71  16      28.18     1556.695     72.11317
      1466    684.0447     15.6722     3916.278     288.6016  16.0178   0.0800     4.03    0.217   1.70   0      21.33     1142.744     71.15823
      1467    193.5696   1016.2775     8508.973     376.6409  15.1753   0.0481     3.74    0.083 -16.36  16      35.22     1921.338       73.603
      1468    661.0762   1015.6512     6574.768      359.759  15.4553   0.0594     4.08    0.186  -9.55  24      26.67     1406.193     71.81624
      1469    259.6132   1016.2311     2363.948     183.8673  16.5659   0.0845     3.93    0.040   5.42   0      18.73     1049.016     71.39964
      1470    577.0225   1013.8319     4142.574     268.0318  15.9568   0.0703     3.44    0.091 -26.88   0      24.31     1375.191     72.25301
      1471    163.6054   1013.2517     9762.492     373.9798  15.0261   0.0416     4.14    0.155   0.75  16      44.95     2431.128     75.33125
      1472    134.6232   1014.8974     2023.445      214.119  16.7348   0.1149     3.35    0.280  16.48   0      14.79     747.5687     69.14607
      1473    926.3330   1010.7242     3761.856     246.4896  16.0615   0.0712     3.99    0.077  -7.21   0      23.78     1246.017     71.30753
      1474    761.6208   1009.9479     8799.951     338.2196  15.1388   0.0417     7.42    0.401 -89.43   0      42.61     2126.015     74.40504
      1475    347.3376   1008.7675     3970.312     234.6817  16.0029   0.0642     3.46    0.083  19.81   0      26.95     1476.171     72.21532
      1476    864.0533   1005.9651     10013.02     385.1213  14.9986   0.0418     3.61    0.072  -6.63   3      43.42     2494.521      75.3521
      1477    863.2656   1000.7708     9920.776     361.8666  15.0086   0.0396     4.67    0.090  21.99   3      41.84     2117.851     74.20731
      1478      2.6643   1006.6855     5594.023     244.2631  15.6307   0.0474     5.72    0.150  11.56  24      34.23     1564.218     72.13687
      1479    679.6876   1004.8263      6960.88     301.8161  15.3933   0.0471     4.10    0.181  64.53   0      39.71     2150.187     73.95998
      1480    436.5557   1004.5918     15344.04     359.0541  14.5352   0.0254     3.34    0.317   2.80   2      76.82     4738.899     82.15508
      1481    428.6108    999.9500     6157.687     452.0282  15.5265   0.0797     9.69    0.463 -77.93   3       22.5     819.7778     70.30196
      1482    930.9265   1002.1157     12792.14     275.2684  14.7326   0.0234     3.50    0.008   8.27   0      71.24     4248.919     79.98984
      1483    711.5283    999.3214     9695.686      281.957  15.0336   0.0316     9.18    0.252  16.21   0      55.42      3086.59     76.78356
      1484    173.5839    999.7455     4619.678     209.3274  15.8385   0.0492     3.58    0.121 -19.03   0      32.95     1844.602     73.54042
