Timestamp,Telescope,Filter,Magnitude,Error,Source
2025-04-13 00:59:11,ATLAS,o,> 18.243872275,,ATLAS
2025-04-13 00:55:07,ATLAS,o,> 18.550302283,,ATLAS
2025-04-13 00:52:31,ATLAS,o,> 18.702046884,,ATLAS
2025-04-12 07:31:00,ATLAS,o,> 19.051201868,,ATLAS
2025-04-12 07:11:29,ATLAS,o,> 19.089301784,,ATLAS
2025-04-12 07:01:20,ATLAS,o,> 18.978792628,,ATLAS
2025-04-12 06:57:24,ATLAS,o,> 18.944321917,,ATLAS
2025-04-08 09:55:01,,OGLE_I,16.169,0.01,OGLE
2025-04-08 07:36:38,ATLAS,c,> 19.696896906,,ATLAS
2025-04-08 07:28:00,ATLAS,c,> 19.841876774,,ATLAS
2025-04-08 07:22:06,ATLAS,c,> 19.631074559,,ATLAS
2025-04-08 07:18:00,ATLAS,c,> 19.766968715,,ATLAS
2025-04-07 05:33:08,,OGLE_I,16.177,0.012,OGLE
2025-04-05 08:04:20,ATLAS,c,> 19.696896906,,ATLAS
2025-04-05 07:55:52,ATLAS,c,19.523,0.273,ATLAS
2025-04-05 07:51:18,ATLAS,c,> 19.696896906,,ATLAS
2025-04-05 07:48:41,ATLAS,c,> 19.841876774,,ATLAS
2025-04-05 05:46:52,,OGLE_I,16.174,0.011,OGLE
2025-04-03 09:16:33,ATLAS,c,> 19.631074559,,ATLAS
2025-04-03 09:00:13,ATLAS,c,> 19.631074559,,ATLAS
2025-04-03 08:56:14,ATLAS,c,> 19.696896906,,ATLAS
2025-04-03 08:51:36,ATLAS,c,> 19.631074559,,ATLAS
2025-04-03 08:42:37,ATLAS,c,> 19.696896906,,ATLAS
2025-04-03 07:55:16,ATLAS,c,> 19.631074559,,ATLAS
2025-04-03 07:49:16,ATLAS,c,> 19.922338482,,ATLAS
2025-04-03 07:46:36,ATLAS,c,> 19.922338482,,ATLAS
2025-04-03 05:48:12,,OGLE_I,16.176,0.011,OGLE
2025-04-01 05:53:55,,OGLE_I,16.165,0.011,OGLE
2025-04-01 01:55:24,ATLAS,o,> 19.631074559,,ATLAS
2025-04-01 01:41:31,ATLAS,o,> 19.454621874,,ATLAS
2025-04-01 01:28:11,ATLAS,o,19.428,0.32,ATLAS
2025-04-01 01:24:46,ATLAS,o,> 19.401648626,,ATLAS
2025-03-31 08:06:01,ATLAS,c,> 19.696896906,,ATLAS
2025-03-31 07:40:36,ATLAS,c,> 19.569015600,,ATLAS
2025-03-31 07:35:59,ATLAS,c,> 19.696896906,,ATLAS
2025-03-31 07:26:49,ATLAS,c,> 19.841876774,,ATLAS
2025-03-30 08:20:39,ATLAS,c,> 19.631074559,,ATLAS
2025-03-30 08:12:27,ATLAS,c,> 19.569015600,,ATLAS
2025-03-30 08:07:52,ATLAS,c,> 19.401648626,,ATLAS
2025-03-30 08:03:43,ATLAS,c,19.381,0.229,ATLAS
2025-03-30 06:12:39,,OGLE_I,16.158,0.011,OGLE
2025-03-30 03:34:15,ATLAS,o,> 19.302877273,,ATLAS
2025-03-30 03:29:40,ATLAS,o,> 19.302877273,,ATLAS
2025-03-30 03:19:10,ATLAS,o,> 19.510312860,,ATLAS
2025-03-30 03:03:39,ATLAS,o,> 19.454621874,,ATLAS
2025-03-28 08:38:28,,OGLE_I,16.18,0.01,OGLE
2025-03-26 03:30:34,ATLAS,o,> 19.256668758,,ATLAS
2025-03-26 03:26:48,ATLAS,o,> 19.351140161,,ATLAS
2025-03-26 02:57:54,ATLAS,o,> 19.302877273,,ATLAS
2025-03-26 02:42:34,ATLAS,o,> 19.510312860,,ATLAS
2025-03-25 09:21:30,,OGLE_I,16.163,0.011,OGLE
2025-03-24 02:44:10,ATLAS,o,> 19.454621874,,ATLAS
2025-03-24 02:27:20,ATLAS,o,> 19.401648626,,ATLAS
2025-03-24 02:21:56,ATLAS,o,> 19.256668758,,ATLAS
2025-03-24 02:18:37,ATLAS,o,18.921,0.212,ATLAS
2025-03-23 09:16:46,ATLAS,o,> 18.847026752,,ATLAS
2025-03-23 08:52:59,ATLAS,o,> 18.878499570,,ATLAS
2025-03-23 08:50:23,ATLAS,o,> 18.574165578,,ATLAS
2025-03-20 08:27:35,ATLAS,o,> 18.459771852,,ATLAS
2025-03-20 08:11:25,ATLAS,o,> 18.336726795,,ATLAS
2025-03-20 08:00:49,ATLAS,o,> 18.208845489,,ATLAS
2025-03-19 07:56:08,ATLAS,o,> 18.786692553,,ATLAS
2025-03-19 07:41:10,ATLAS,o,> 18.649073637,,ATLAS
2025-03-19 07:31:48,ATLAS,o,> 18.417188504,,ATLAS
2025-03-19 07:27:38,ATLAS,o,> 18.396507189,,ATLAS
2025-03-19 06:29:57,,OGLE_I,16.175,0.012,OGLE
2025-03-18 06:36:08,,OGLE_I,16.163,0.012,OGLE
2025-03-16 08:26:25,ATLAS,o,> 18.878499570,,ATLAS
2025-03-16 08:06:01,ATLAS,o,18.48,0.278,ATLAS
2025-03-16 08:01:27,ATLAS,o,> 18.944321917,,ATLAS
2025-03-16 07:30:29,ATLAS,o,> 18.910912013,,ATLAS
2025-03-16 06:43:01,,OGLE_I,16.179,0.012,OGLE
2025-03-15 09:12:13,ATLAS,o,> 18.878499570,,ATLAS
2025-03-15 08:58:10,ATLAS,o,> 18.649073637,,ATLAS
2025-03-15 08:49:23,ATLAS,o,> 18.574165578,,ATLAS
2025-03-15 08:44:38,ATLAS,o,> 18.786692553,,ATLAS
2025-03-14 06:54:56,,OGLE_I,16.155,0.011,OGLE
2025-03-11 09:45:49,ATLAS,o,> 18.847026752,,ATLAS
2025-03-11 09:26:32,,OGLE_I,16.173,0.009,OGLE
2025-03-11 09:24:27,ATLAS,o,> 19.256668758,,ATLAS
2025-03-11 09:11:46,,OMEGA_apphot_gp,20.096689769,0.072,OMEGA_apphot_gp
2025-03-11 09:11:46,,OMEGA_cal_apphot_gp,18.305087321,0.07,OMEGA_cal_apphot_gp
2025-03-11 09:08:14,ATLAS,o,> 19.256668758,,ATLAS
2025-03-11 09:06:20,,OMEGA_cal_apphot_gp,18.321431621,0.065,OMEGA_cal_apphot_gp
2025-03-11 09:06:20,,OMEGA_apphot_gp,20.114384971,0.066,OMEGA_apphot_gp
2025-03-11 08:59:21,ATLAS,o,> 18.944321917,,ATLAS
2025-03-11 08:54:04,ATLAS,o,> 18.786692553,,ATLAS
2025-03-10 09:04:20,ATLAS,o,> 19.089301784,,ATLAS
2025-03-10 08:40:11,ATLAS,o,> 18.944321917,,ATLAS
2025-03-10 08:35:32,ATLAS,o,> 18.910912013,,ATLAS
2025-03-10 08:05:53,ATLAS,o,> 19.014393726,,ATLAS
2025-03-09 08:31:37,,OGLE_I,16.159,0.01,OGLE
2025-03-08 09:35:58,ATLAS,o,> 18.978792628,,ATLAS
2025-03-08 09:17:46,ATLAS,o,> 19.302877273,,ATLAS
2025-03-08 09:11:52,ATLAS,o,> 19.256668758,,ATLAS
2025-03-08 08:47:45,ATLAS,o,> 19.089301784,,ATLAS
2025-03-08 08:43:05,ATLAS,o,> 19.169763493,,ATLAS
2025-03-07 09:26:27,ATLAS,o,> 19.256668758,,ATLAS
2025-03-07 09:18:29,ATLAS,o,> 19.128787452,,ATLAS
2025-03-07 09:14:30,ATLAS,o,> 19.169763493,,ATLAS
2025-03-07 09:09:12,ATLAS,o,> 19.256668758,,ATLAS
2025-03-07 07:31:01,,OGLE_I,16.159,0.012,OGLE
2025-03-06 03:24:08,ATLAS,c,> 19.569015600,,ATLAS
2025-03-06 03:17:03,ATLAS,c,> 19.841876774,,ATLAS
2025-03-06 03:02:46,ATLAS,c,> 19.631074559,,ATLAS
2025-03-06 02:55:25,ATLAS,c,> 19.841876774,,ATLAS
2025-03-05 07:33:04,,OGLE_I,16.159,0.01,OGLE
2025-03-02 08:35:18,ATLAS,o,> 19.351140161,,ATLAS
2025-03-02 08:27:56,ATLAS,o,> 19.212346841,,ATLAS
2025-03-02 08:05:37,ATLAS,o,> 19.351140161,,ATLAS
2025-03-02 08:00:59,ATLAS,o,> 19.169763493,,ATLAS
2025-03-02 07:39:00,,OGLE_I,16.167,0.01,OGLE
2025-02-27 18:46:04,,OMEGA_apphot_gp,20.256232059,0.09,OMEGA_apphot_gp
2025-02-27 18:46:04,,OMEGA_cal_apphot_gp,18.452449707,0.087,OMEGA_cal_apphot_gp
2025-02-27 18:45:42,,OMEGA_cal_apphot_gp,18.454976752,0.097,OMEGA_cal_apphot_gp
2025-02-27 18:45:42,,OMEGA_apphot_gp,20.258967971,0.102,OMEGA_apphot_gp
2025-02-27 18:40:38,,OMEGA_apphot_gp,20.275986469,0.086,OMEGA_apphot_gp
2025-02-27 18:40:38,,OMEGA_cal_apphot_gp,18.47069601,0.082,OMEGA_cal_apphot_gp
2025-02-27 18:40:16,,OMEGA_apphot_gp,20.180188176,0.087,OMEGA_apphot_gp
2025-02-27 18:40:16,,OMEGA_cal_apphot_gp,18.382211226,0.084,OMEGA_cal_apphot_gp
2025-02-27 18:36:37,,OMEGA_cal_apphot_ip,16.611718268,0.088,OMEGA_cal_apphot_ip
2025-02-27 18:36:37,,OMEGA_apphot_ip,18.809942975,0.088,OMEGA_apphot_ip
2025-02-27 18:36:16,,OMEGA_cal_apphot_ip,16.611637343,0.126,OMEGA_cal_apphot_ip
2025-02-27 18:36:16,,OMEGA_apphot_ip,18.809860311,0.128,OMEGA_apphot_ip
2025-02-27 18:34:11,,OMEGA_cal_apphot_ip,16.630839158,0.069,OMEGA_cal_apphot_ip
2025-02-27 18:34:11,,OMEGA_apphot_ip,18.829474804,0.069,OMEGA_apphot_ip
2025-02-27 18:33:51,,OMEGA_apphot_ip,18.801996887,0.067,OMEGA_apphot_ip
2025-02-27 18:33:51,,OMEGA_cal_apphot_ip,16.603939361,0.067,OMEGA_cal_apphot_ip
2025-02-27 18:31:46,,OMEGA_cal_apphot_ip,16.598569694,0.077,OMEGA_cal_apphot_ip
2025-02-27 18:31:46,,OMEGA_apphot_ip,18.796511817,0.077,OMEGA_apphot_ip
2025-02-27 18:31:26,,OMEGA_cal_apphot_ip,16.547232976,0.105,OMEGA_cal_apphot_ip
2025-02-27 18:31:26,,OMEGA_apphot_ip,18.744071792,0.106,OMEGA_apphot_ip
2025-02-27 18:29:20,,OMEGA_apphot_ip,18.791120418,0.094,OMEGA_apphot_ip
2025-02-27 18:29:20,,OMEGA_cal_apphot_ip,16.593291727,0.093,OMEGA_cal_apphot_ip
2025-02-27 18:29:01,,OMEGA_cal_apphot_ip,16.572444543,0.066,OMEGA_cal_apphot_ip
2025-02-27 18:29:01,,OMEGA_apphot_ip,18.769825195,0.066,OMEGA_apphot_ip
2025-02-27 17:46:07,,OMEGA_apphot_gp,20.166247675,0.092,OMEGA_apphot_gp
2025-02-27 17:46:07,,OMEGA_cal_apphot_gp,18.369334982,0.088,OMEGA_cal_apphot_gp
2025-02-27 17:45:43,,OMEGA_apphot_gp,20.167799033,0.1,OMEGA_apphot_gp
2025-02-27 17:45:43,,OMEGA_cal_apphot_gp,18.370767904,0.095,OMEGA_cal_apphot_gp
2025-02-27 17:40:41,,OMEGA_cal_apphot_gp,18.430456799,0.097,OMEGA_cal_apphot_gp
2025-02-27 17:40:41,,OMEGA_apphot_gp,20.232421377,0.102,OMEGA_apphot_gp
2025-02-27 17:40:18,,OMEGA_apphot_gp,20.160371571,0.076,OMEGA_apphot_gp
2025-02-27 17:40:18,,OMEGA_cal_apphot_gp,18.363907476,0.074,OMEGA_cal_apphot_gp
2025-02-27 17:36:40,,OMEGA_cal_apphot_ip,16.617534414,0.096,OMEGA_cal_apphot_ip
2025-02-27 17:36:40,,OMEGA_apphot_ip,18.815884119,0.097,OMEGA_apphot_ip
2025-02-27 17:36:17,,OMEGA_cal_apphot_ip,16.637911458,0.099,OMEGA_cal_apphot_ip
2025-02-27 17:36:17,,OMEGA_apphot_ip,18.836699099,0.1,OMEGA_apphot_ip
2025-02-27 17:31:27,,OMEGA_cal_apphot_ip,16.674023977,0.103,OMEGA_cal_apphot_ip
2025-02-27 17:31:27,,OMEGA_apphot_ip,18.873587733,0.104,OMEGA_apphot_ip
2025-02-27 17:29:02,,OMEGA_apphot_ip,18.82614268,0.108,OMEGA_apphot_ip
2025-02-27 17:29:02,,OMEGA_cal_apphot_ip,16.627577141,0.107,OMEGA_cal_apphot_ip
2025-02-27 17:11:04,,OMEGA_apphot_gp,20.204713969,0.069,OMEGA_apphot_gp
2025-02-27 17:11:04,,OMEGA_cal_apphot_gp,18.404864652,0.068,OMEGA_cal_apphot_gp
2025-02-27 17:05:38,,OMEGA_cal_apphot_gp,18.401622974,0.076,OMEGA_cal_apphot_gp
2025-02-27 17:05:38,,OMEGA_apphot_gp,20.201204358,0.079,OMEGA_apphot_gp
2025-02-27 16:58:35,,OMEGA_cal_apphot_gp,18.586881279,0.121,OMEGA_cal_apphot_gp
2025-02-27 16:58:35,,OMEGA_apphot_gp,20.401774767,0.129,OMEGA_apphot_gp
2025-02-27 16:53:08,,OMEGA_cal_apphot_gp,18.489110296,0.108,OMEGA_cal_apphot_gp
2025-02-27 16:53:08,,OMEGA_apphot_gp,20.295922746,0.114,OMEGA_apphot_gp
2025-02-27 09:32:54,ATLAS,o,> 19.212346841,,ATLAS
2025-02-27 09:22:05,ATLAS,o,> 19.351140161,,ATLAS
2025-02-27 09:03:05,ATLAS,o,> 19.631074559,,ATLAS
2025-02-27 08:57:02,ATLAS,o,19.469,0.327,ATLAS
2025-02-27 08:46:14,,OMEGA_cal_apphot_gp,18.293733769,0.063,OMEGA_cal_apphot_gp
2025-02-27 08:46:14,,OMEGA_apphot_gp,20.084397816,0.064,OMEGA_apphot_gp
2025-02-27 08:46:05,,OMEGA_apphot_gp,20.129698279,0.061,OMEGA_apphot_gp
2025-02-27 08:46:05,,OMEGA_cal_apphot_gp,18.335575869,0.061,OMEGA_cal_apphot_gp
2025-02-27 08:40:48,,OMEGA_cal_apphot_gp,18.321500579,0.054,OMEGA_cal_apphot_gp
2025-02-27 08:40:48,,OMEGA_apphot_gp,20.114459628,0.054,OMEGA_apphot_gp
2025-02-27 08:40:39,,OMEGA_cal_apphot_gp,18.338320088,0.057,OMEGA_cal_apphot_gp
2025-02-27 08:40:39,,OMEGA_apphot_gp,20.132669316,0.057,OMEGA_apphot_gp
2025-02-27 08:36:48,,OMEGA_apphot_ip,18.767782879,0.096,OMEGA_apphot_ip
2025-02-27 08:36:48,,OMEGA_cal_apphot_ip,16.570445196,0.095,OMEGA_cal_apphot_ip
2025-02-27 08:36:38,,OMEGA_apphot_ip,18.734913888,0.06,OMEGA_apphot_ip
2025-02-27 08:36:38,,OMEGA_cal_apphot_ip,16.53826775,0.061,OMEGA_cal_apphot_ip
2025-02-27 08:34:22,,OMEGA_cal_apphot_ip,16.569165019,0.079,OMEGA_cal_apphot_ip
2025-02-27 08:34:22,,OMEGA_apphot_ip,18.766475189,0.08,OMEGA_apphot_ip
2025-02-27 08:34:13,,OMEGA_apphot_ip,18.732635314,0.044,OMEGA_apphot_ip
2025-02-27 08:34:13,,OMEGA_cal_apphot_ip,16.536037115,0.045,OMEGA_cal_apphot_ip
2025-02-27 08:31:57,,OMEGA_cal_apphot_ip,16.57848259,0.056,OMEGA_cal_apphot_ip
2025-02-27 08:31:57,,OMEGA_apphot_ip,18.775993009,0.055,OMEGA_apphot_ip
2025-02-27 08:31:48,,OMEGA_cal_apphot_ip,16.543372322,0.046,OMEGA_cal_apphot_ip
2025-02-27 08:31:48,,OMEGA_apphot_ip,18.740128166,0.044,OMEGA_apphot_ip
2025-02-27 08:29:31,,OMEGA_apphot_ip,18.764473894,0.063,OMEGA_apphot_ip
2025-02-27 08:29:31,,OMEGA_cal_apphot_ip,16.56720583,0.063,OMEGA_cal_apphot_ip
2025-02-27 08:29:23,,OMEGA_cal_apphot_ip,16.553098652,0.058,OMEGA_cal_apphot_ip
2025-02-27 08:29:23,,OMEGA_apphot_ip,18.750063531,0.057,OMEGA_apphot_ip
2025-02-27 07:51:15,,OGLE_I,16.161,0.011,OGLE
2025-02-27 07:46:21,,OMEGA_cal_apphot_gp,18.28818388,0.06,OMEGA_cal_apphot_gp
2025-02-27 07:46:21,,OMEGA_apphot_gp,20.078389213,0.061,OMEGA_apphot_gp
2025-02-27 07:46:18,,OMEGA_apphot_gp,20.10776142,0.054,OMEGA_apphot_gp
2025-02-27 07:46:18,,OMEGA_cal_apphot_gp,18.31531373,0.054,OMEGA_cal_apphot_gp
2025-02-27 07:40:53,,OMEGA_apphot_gp,20.075204455,0.073,OMEGA_apphot_gp
2025-02-27 07:40:53,,OMEGA_cal_apphot_gp,18.285242255,0.07,OMEGA_cal_apphot_gp
2025-02-27 07:40:52,,OMEGA_cal_apphot_gp,18.298198308,0.053,OMEGA_cal_apphot_gp
2025-02-27 07:40:52,,OMEGA_apphot_gp,20.089231361,0.053,OMEGA_apphot_gp
2025-02-27 07:36:53,,OMEGA_cal_apphot_ip,16.574471921,0.052,OMEGA_cal_apphot_ip
2025-02-27 07:36:53,,OMEGA_apphot_ip,18.771896145,0.051,OMEGA_apphot_ip
2025-02-27 07:36:52,,OMEGA_apphot_ip,18.747738567,0.052,OMEGA_apphot_ip
2025-02-27 07:36:52,,OMEGA_cal_apphot_ip,16.550822605,0.053,OMEGA_cal_apphot_ip
2025-02-27 07:34:26,,OMEGA_apphot_ip,18.723747235,0.069,OMEGA_apphot_ip
2025-02-27 07:34:26,,OMEGA_cal_apphot_ip,16.527336037,0.069,OMEGA_cal_apphot_ip
2025-02-27 07:34:26,,OMEGA_cal_apphot_ip,16.562889502,0.065,OMEGA_cal_apphot_ip
2025-02-27 07:34:26,,OMEGA_apphot_ip,18.760064801,0.065,OMEGA_apphot_ip
2025-02-27 07:32:01,,OMEGA_cal_apphot_ip,16.558747045,0.087,OMEGA_cal_apphot_ip
2025-02-27 07:32:01,,OMEGA_apphot_ip,18.755833316,0.088,OMEGA_apphot_ip
2025-02-27 07:31:57,,OMEGA_apphot_ip,18.751534262,0.101,OMEGA_apphot_ip
2025-02-27 07:31:57,,OMEGA_cal_apphot_ip,16.554538441,0.1,OMEGA_cal_apphot_ip
2025-02-27 07:29:35,,OMEGA_apphot_ip,18.751057439,0.049,OMEGA_apphot_ip
2025-02-27 07:29:35,,OMEGA_cal_apphot_ip,16.55407165,0.05,OMEGA_cal_apphot_ip
2025-02-27 07:29:32,,OMEGA_cal_apphot_ip,16.543433584,0.057,OMEGA_cal_apphot_ip
2025-02-27 07:29:32,,OMEGA_apphot_ip,18.740190744,0.057,OMEGA_apphot_ip
2025-02-27 03:21:13,,OMEGA_apphot_gp,20.067105673,0.082,OMEGA_apphot_gp
2025-02-27 03:21:13,,OMEGA_cal_apphot_gp,18.277761756,0.079,OMEGA_cal_apphot_gp
2025-02-27 03:15:47,,OMEGA_cal_apphot_gp,18.32820612,0.051,OMEGA_cal_apphot_gp
2025-02-27 03:15:47,,OMEGA_apphot_gp,20.121719401,0.05,OMEGA_apphot_gp
2025-02-27 03:11:39,,OMEGA_cal_apphot_ip,16.568098125,0.073,OMEGA_cal_apphot_ip
2025-02-27 03:11:39,,OMEGA_apphot_ip,18.765385365,0.073,OMEGA_apphot_ip
2025-02-27 03:09:14,,OMEGA_apphot_ip,18.760387687,0.044,OMEGA_apphot_ip
2025-02-27 03:09:14,,OMEGA_cal_apphot_ip,16.563205595,0.045,OMEGA_cal_apphot_ip
2025-02-27 03:06:49,,OMEGA_apphot_ip,18.776910511,0.059,OMEGA_apphot_ip
2025-02-27 03:06:49,,OMEGA_cal_apphot_ip,16.579380788,0.059,OMEGA_cal_apphot_ip
2025-02-27 03:04:21,,OMEGA_apphot_ip,18.803693652,0.048,OMEGA_apphot_ip
2025-02-27 03:04:21,,OMEGA_cal_apphot_ip,16.605600427,0.049,OMEGA_cal_apphot_ip
2025-02-27 02:46:00,,OMEGA_apphot_gp,20.104701761,0.044,OMEGA_apphot_gp
2025-02-27 02:46:00,,OMEGA_cal_apphot_gp,18.312487655,0.046,OMEGA_cal_apphot_gp
2025-02-27 02:40:34,,OMEGA_cal_apphot_gp,18.322372674,0.046,OMEGA_cal_apphot_gp
2025-02-27 02:40:34,,OMEGA_apphot_gp,20.115403804,0.043,OMEGA_apphot_gp
2025-02-27 02:36:32,,OMEGA_apphot_ip,18.771065614,0.045,OMEGA_apphot_ip
2025-02-27 02:36:32,,OMEGA_cal_apphot_ip,16.573658864,0.047,OMEGA_cal_apphot_ip
2025-02-27 02:34:07,,OMEGA_cal_apphot_ip,16.55313451,0.053,OMEGA_cal_apphot_ip
2025-02-27 02:34:07,,OMEGA_apphot_ip,18.750100159,0.052,OMEGA_apphot_ip
2025-02-27 02:31:39,,OMEGA_cal_apphot_ip,16.56542525,0.064,OMEGA_cal_apphot_ip
2025-02-27 02:31:39,,OMEGA_apphot_ip,18.762655047,0.063,OMEGA_apphot_ip
2025-02-27 02:29:14,,OMEGA_cal_apphot_ip,16.608056104,0.086,OMEGA_cal_apphot_ip
2025-02-27 02:29:14,,OMEGA_apphot_ip,18.806202106,0.086,OMEGA_apphot_ip
2025-02-27 01:51:04,,OMEGA_apphot_gp,20.199836186,0.111,OMEGA_apphot_gp
2025-02-27 01:51:04,,OMEGA_cal_apphot_gp,18.400359252,0.105,OMEGA_cal_apphot_gp
2025-02-27 01:50:36,,OMEGA_apphot_gp,20.10474601,0.062,OMEGA_apphot_gp
2025-02-27 01:50:36,,OMEGA_cal_apphot_gp,18.312528525,0.061,OMEGA_cal_apphot_gp
2025-02-27 01:46:37,,OMEGA_cal_apphot_ip,16.558920652,0.049,OMEGA_cal_apphot_ip
2025-02-27 01:46:37,,OMEGA_apphot_ip,18.756010654,0.048,OMEGA_apphot_ip
2025-02-27 01:45:38,,OMEGA_apphot_gp,20.263504883,0.115,OMEGA_apphot_gp
2025-02-27 01:45:38,,OMEGA_cal_apphot_gp,18.459167304,0.109,OMEGA_cal_apphot_gp
2025-02-27 01:44:12,,OMEGA_cal_apphot_ip,16.593617256,0.079,OMEGA_cal_apphot_ip
2025-02-27 01:44:12,,OMEGA_apphot_ip,18.791452944,0.079,OMEGA_apphot_ip
2025-02-27 01:41:46,,OMEGA_apphot_ip,18.783015943,0.053,OMEGA_apphot_ip
2025-02-27 01:41:46,,OMEGA_cal_apphot_ip,16.585357765,0.054,OMEGA_cal_apphot_ip
2025-02-27 01:41:37,,OMEGA_apphot_ip,18.820105699,0.115,OMEGA_apphot_ip
2025-02-27 01:41:37,,OMEGA_cal_apphot_ip,16.621667174,0.114,OMEGA_cal_apphot_ip
2025-02-27 01:39:21,,OMEGA_apphot_ip,18.774095128,0.064,OMEGA_apphot_ip
2025-02-27 01:39:21,,OMEGA_cal_apphot_ip,16.576624639,0.064,OMEGA_cal_apphot_ip
2025-02-27 01:39:12,,OMEGA_apphot_ip,18.756197761,0.064,OMEGA_apphot_ip
2025-02-27 01:39:12,,OMEGA_cal_apphot_ip,16.559103822,0.064,OMEGA_cal_apphot_ip
2025-02-27 01:36:45,,OMEGA_cal_apphot_ip,16.581896221,0.04,OMEGA_cal_apphot_ip
2025-02-27 01:36:45,,OMEGA_apphot_ip,18.779480005,0.038,OMEGA_apphot_ip
2025-02-27 01:34:20,,OMEGA_apphot_ip,18.749348962,0.072,OMEGA_apphot_ip
2025-02-27 01:34:20,,OMEGA_cal_apphot_ip,16.552399118,0.072,OMEGA_cal_apphot_ip
2025-02-26 18:49:46,,OMEGA_apphot_gp,20.233454612,0.088,OMEGA_apphot_gp
2025-02-26 18:49:46,,OMEGA_cal_apphot_gp,18.431411154,0.084,OMEGA_cal_apphot_gp
2025-02-26 18:46:06,,OMEGA_cal_apphot_gp,18.322273596,0.068,OMEGA_cal_apphot_gp
2025-02-26 18:46:06,,OMEGA_apphot_gp,20.115296537,0.069,OMEGA_apphot_gp
2025-02-26 18:44:20,,OMEGA_apphot_gp,20.1580385,0.084,OMEGA_apphot_gp
2025-02-26 18:44:20,,OMEGA_cal_apphot_gp,18.361752518,0.08,OMEGA_cal_apphot_gp
2025-02-26 18:40:39,,OMEGA_cal_apphot_gp,18.338271603,0.065,OMEGA_cal_apphot_gp
2025-02-26 18:40:39,,OMEGA_apphot_gp,20.132616824,0.066,OMEGA_apphot_gp
2025-02-26 18:40:20,,OMEGA_cal_apphot_ip,16.571623179,0.062,OMEGA_cal_apphot_ip
2025-02-26 18:40:20,,OMEGA_apphot_ip,18.768986178,0.062,OMEGA_apphot_ip
2025-02-26 18:37:55,,OMEGA_apphot_ip,18.828356945,0.103,OMEGA_apphot_ip
2025-02-26 18:37:55,,OMEGA_cal_apphot_ip,16.629744819,0.102,OMEGA_cal_apphot_ip
2025-02-26 18:36:39,,OMEGA_apphot_ip,18.785369079,0.076,OMEGA_apphot_ip
2025-02-26 18:36:39,,OMEGA_cal_apphot_ip,16.587661393,0.076,OMEGA_cal_apphot_ip
2025-02-26 18:35:30,,OMEGA_cal_apphot_ip,16.579569906,0.087,OMEGA_cal_apphot_ip
2025-02-26 18:35:30,,OMEGA_apphot_ip,18.777103694,0.088,OMEGA_apphot_ip
2025-02-26 18:34:14,,OMEGA_cal_apphot_ip,16.605480246,0.084,OMEGA_cal_apphot_ip
2025-02-26 18:34:14,,OMEGA_apphot_ip,18.803570888,0.085,OMEGA_apphot_ip
2025-02-26 18:33:05,,OMEGA_apphot_ip,18.79903532,0.094,OMEGA_apphot_ip
2025-02-26 18:33:05,,OMEGA_cal_apphot_ip,16.601040104,0.094,OMEGA_cal_apphot_ip
2025-02-26 18:31:48,,OMEGA_cal_apphot_ip,16.613546757,0.06,OMEGA_cal_apphot_ip
2025-02-26 18:31:48,,OMEGA_apphot_ip,18.811810761,0.059,OMEGA_apphot_ip
2025-02-26 18:29:23,,OMEGA_cal_apphot_ip,16.570451253,0.057,OMEGA_cal_apphot_ip
2025-02-26 18:29:23,,OMEGA_apphot_ip,18.767789066,0.057,OMEGA_apphot_ip
2025-02-26 18:18:13,,OMEGA_cal_apphot_gp,18.414767582,0.101,OMEGA_cal_apphot_gp
2025-02-26 18:18:13,,OMEGA_apphot_gp,20.215435403,0.107,OMEGA_apphot_gp
2025-02-26 18:12:47,,OMEGA_cal_apphot_gp,18.42505096,0.073,OMEGA_cal_apphot_gp
2025-02-26 18:12:47,,OMEGA_apphot_gp,20.226568731,0.075,OMEGA_apphot_gp
2025-02-26 18:08:47,,OMEGA_apphot_ip,18.845724058,0.062,OMEGA_apphot_ip
2025-02-26 18:08:47,,OMEGA_cal_apphot_ip,16.646746537,0.062,OMEGA_cal_apphot_ip
2025-02-26 18:06:21,,OMEGA_apphot_ip,18.801057685,0.146,OMEGA_apphot_ip
2025-02-26 18:06:21,,OMEGA_cal_apphot_ip,16.603019919,0.144,OMEGA_cal_apphot_ip
2025-02-26 18:03:56,,OMEGA_apphot_ip,18.875999738,0.09,OMEGA_apphot_ip
2025-02-26 18:03:56,,OMEGA_cal_apphot_ip,16.676385234,0.09,OMEGA_cal_apphot_ip
2025-02-26 18:01:31,,OMEGA_apphot_ip,18.811248768,0.071,OMEGA_apphot_ip
2025-02-26 18:01:31,,OMEGA_cal_apphot_ip,16.612996588,0.071,OMEGA_cal_apphot_ip
2025-02-26 17:47:46,,OMEGA_cal_apphot_gp,18.416334355,0.107,OMEGA_cal_apphot_gp
2025-02-26 17:47:46,,OMEGA_apphot_gp,20.217131675,0.113,OMEGA_apphot_gp
2025-02-26 17:43:50,,OMEGA_apphot_ip,18.862877758,0.121,OMEGA_apphot_ip
2025-02-26 17:43:50,,OMEGA_cal_apphot_ip,16.663539333,0.12,OMEGA_cal_apphot_ip
2025-02-26 17:41:25,,OMEGA_apphot_ip,18.846393314,0.11,OMEGA_apphot_ip
2025-02-26 17:41:25,,OMEGA_cal_apphot_ip,16.647401712,0.108,OMEGA_cal_apphot_ip
2025-02-26 17:39:00,,OMEGA_apphot_ip,18.837962343,0.13,OMEGA_apphot_ip
2025-02-26 17:39:00,,OMEGA_cal_apphot_ip,16.639148125,0.128,OMEGA_cal_apphot_ip
2025-02-26 17:36:34,,OMEGA_cal_apphot_ip,16.658643679,0.069,OMEGA_cal_apphot_ip
2025-02-26 17:36:34,,OMEGA_apphot_ip,18.857876889,0.069,OMEGA_apphot_ip
2025-02-26 08:45:59,,OMEGA_apphot_gp,20.089578427,0.073,OMEGA_apphot_gp
2025-02-26 08:45:59,,OMEGA_cal_apphot_gp,18.298518878,0.071,OMEGA_cal_apphot_gp
2025-02-26 08:45:56,,OMEGA_apphot_gp,20.075139116,0.07,OMEGA_apphot_gp
2025-02-26 08:45:56,,OMEGA_cal_apphot_gp,18.285181904,0.068,OMEGA_cal_apphot_gp
2025-02-26 08:40:34,,OMEGA_cal_apphot_gp,18.321953842,0.048,OMEGA_cal_apphot_gp
2025-02-26 08:40:34,,OMEGA_apphot_gp,20.114950354,0.047,OMEGA_apphot_gp
2025-02-26 08:40:30,,OMEGA_apphot_gp,20.110015585,0.049,OMEGA_apphot_gp
2025-02-26 08:40:30,,OMEGA_cal_apphot_gp,18.317395807,0.05,OMEGA_cal_apphot_gp
2025-02-26 08:36:30,,OMEGA_cal_apphot_ip,16.55355231,0.064,OMEGA_cal_apphot_ip
2025-02-26 08:36:30,,OMEGA_apphot_ip,18.750526938,0.064,OMEGA_apphot_ip
2025-02-26 08:34:07,,OMEGA_cal_apphot_ip,16.554816136,0.059,OMEGA_cal_apphot_ip
2025-02-26 08:34:07,,OMEGA_apphot_ip,18.751817925,0.059,OMEGA_apphot_ip
2025-02-26 08:34:05,,OMEGA_cal_apphot_ip,16.564345554,0.102,OMEGA_cal_apphot_ip
2025-02-26 08:34:05,,OMEGA_apphot_ip,18.761552146,0.103,OMEGA_apphot_ip
2025-02-26 08:31:42,,OMEGA_apphot_ip,18.765002757,0.047,OMEGA_apphot_ip
2025-02-26 08:31:42,,OMEGA_cal_apphot_ip,16.567723566,0.048,OMEGA_cal_apphot_ip
2025-02-26 08:31:40,,OMEGA_cal_apphot_ip,16.575810966,0.091,OMEGA_cal_apphot_ip
2025-02-26 08:31:40,,OMEGA_apphot_ip,18.773263968,0.092,OMEGA_apphot_ip
2025-02-26 08:29:17,,OMEGA_cal_apphot_ip,16.579853578,0.085,OMEGA_cal_apphot_ip
2025-02-26 08:29:17,,OMEGA_apphot_ip,18.777393462,0.086,OMEGA_apphot_ip
2025-02-26 08:29:14,,OMEGA_apphot_ip,18.747343042,0.054,OMEGA_apphot_ip
2025-02-26 08:29:14,,OMEGA_cal_apphot_ip,16.550435402,0.055,OMEGA_cal_apphot_ip
2025-02-26 07:53:38,,OMEGA_apphot_gp,20.07099158,0.059,OMEGA_apphot_gp
2025-02-26 07:53:38,,OMEGA_cal_apphot_gp,18.281351003,0.059,OMEGA_cal_apphot_gp
2025-02-26 07:48:11,,OMEGA_cal_apphot_gp,18.305740093,0.085,OMEGA_cal_apphot_gp
2025-02-26 07:48:11,,OMEGA_apphot_gp,20.097396495,0.089,OMEGA_apphot_gp
2025-02-26 07:45:50,,OMEGA_cal_apphot_gp,18.334676629,0.046,OMEGA_cal_apphot_gp
2025-02-26 07:45:50,,OMEGA_apphot_gp,20.128724715,0.043,OMEGA_apphot_gp
2025-02-26 07:44:10,,OMEGA_cal_apphot_ip,16.551212807,0.062,OMEGA_cal_apphot_ip
2025-02-26 07:44:10,,OMEGA_apphot_ip,18.748137155,0.061,OMEGA_apphot_ip
2025-02-26 07:41:45,,OMEGA_cal_apphot_ip,16.526512424,0.074,OMEGA_cal_apphot_ip
2025-02-26 07:41:45,,OMEGA_apphot_ip,18.722905922,0.074,OMEGA_apphot_ip
2025-02-26 07:40:24,,OMEGA_apphot_gp,20.128016122,0.056,OMEGA_apphot_gp
2025-02-26 07:40:24,,OMEGA_cal_apphot_gp,18.334022132,0.056,OMEGA_cal_apphot_gp
2025-02-26 07:39:19,,OMEGA_cal_apphot_ip,16.567394592,0.081,OMEGA_cal_apphot_ip
2025-02-26 07:39:19,,OMEGA_apphot_ip,18.764666713,0.081,OMEGA_apphot_ip
2025-02-26 07:36:54,,OMEGA_cal_apphot_ip,16.539108716,0.054,OMEGA_cal_apphot_ip
2025-02-26 07:36:54,,OMEGA_apphot_ip,18.735772928,0.053,OMEGA_apphot_ip
2025-02-26 07:36:23,,OMEGA_cal_apphot_ip,16.571168141,0.052,OMEGA_cal_apphot_ip
2025-02-26 07:36:23,,OMEGA_apphot_ip,18.768521361,0.051,OMEGA_apphot_ip
2025-02-26 07:33:58,,OMEGA_apphot_ip,18.790099287,0.083,OMEGA_apphot_ip
2025-02-26 07:33:58,,OMEGA_cal_apphot_ip,16.59229208,0.082,OMEGA_cal_apphot_ip
2025-02-26 07:31:32,,OMEGA_apphot_ip,18.795310438,0.051,OMEGA_apphot_ip
2025-02-26 07:31:32,,OMEGA_cal_apphot_ip,16.597393591,0.052,OMEGA_cal_apphot_ip
2025-02-26 07:29:07,,OMEGA_cal_apphot_ip,16.568845447,0.039,OMEGA_cal_apphot_ip
2025-02-26 07:29:07,,OMEGA_apphot_ip,18.766148748,0.037,OMEGA_apphot_ip
2025-02-25 08:54:09,,OMEGA_apphot_gp,20.094537313,0.073,OMEGA_apphot_gp
2025-02-25 08:54:09,,OMEGA_cal_apphot_gp,18.303099188,0.071,OMEGA_cal_apphot_gp
2025-02-25 08:48:43,,OMEGA_apphot_gp,20.081904416,0.078,OMEGA_apphot_gp
2025-02-25 08:48:43,,OMEGA_cal_apphot_gp,18.291430722,0.075,OMEGA_cal_apphot_gp
2025-02-25 08:45:46,,OMEGA_cal_apphot_gp,18.333070947,0.061,OMEGA_cal_apphot_gp
2025-02-25 08:45:46,,OMEGA_apphot_gp,20.126986319,0.061,OMEGA_apphot_gp
2025-02-25 08:44:43,,OMEGA_cal_apphot_ip,16.573035185,0.071,OMEGA_cal_apphot_ip
2025-02-25 08:44:43,,OMEGA_apphot_ip,18.770428531,0.071,OMEGA_apphot_ip
2025-02-25 08:42:17,,OMEGA_cal_apphot_ip,16.537650695,0.05,OMEGA_cal_apphot_ip
2025-02-25 08:42:17,,OMEGA_apphot_ip,18.734283572,0.049,OMEGA_apphot_ip
2025-02-25 08:40:19,,OMEGA_apphot_gp,20.132856319,0.044,OMEGA_apphot_gp
2025-02-25 08:40:19,,OMEGA_cal_apphot_gp,18.338492815,0.046,OMEGA_cal_apphot_gp
2025-02-25 08:39:52,,OMEGA_cal_apphot_ip,16.539000816,0.063,OMEGA_cal_apphot_ip
2025-02-25 08:39:52,,OMEGA_apphot_ip,18.735662709,0.063,OMEGA_apphot_ip
2025-02-25 08:37:26,,OMEGA_cal_apphot_ip,16.584152892,0.069,OMEGA_cal_apphot_ip
2025-02-25 08:37:26,,OMEGA_apphot_ip,18.781785176,0.069,OMEGA_apphot_ip
2025-02-25 08:36:19,,OMEGA_apphot_ip,18.764896431,0.055,OMEGA_apphot_ip
2025-02-25 08:36:19,,OMEGA_cal_apphot_ip,16.567619477,0.055,OMEGA_cal_apphot_ip
2025-02-25 08:33:54,,OMEGA_apphot_ip,18.765216261,0.067,OMEGA_apphot_ip
2025-02-25 08:33:54,,OMEGA_cal_apphot_ip,16.567932578,0.067,OMEGA_cal_apphot_ip
2025-02-25 08:31:28,,OMEGA_cal_apphot_ip,16.559104192,0.068,OMEGA_cal_apphot_ip
2025-02-25 08:31:28,,OMEGA_apphot_ip,18.756198139,0.068,OMEGA_apphot_ip
2025-02-25 08:29:03,,OMEGA_apphot_ip,18.790203009,0.046,OMEGA_apphot_ip
2025-02-25 08:29:03,,OMEGA_cal_apphot_ip,16.59239362,0.047,OMEGA_cal_apphot_ip
2025-02-25 07:47:35,,OMEGA_cal_apphot_gp,18.297628587,0.056,OMEGA_cal_apphot_gp
2025-02-25 07:47:35,,OMEGA_apphot_gp,20.088614551,0.056,OMEGA_apphot_gp
2025-02-25 07:47:31,,OMEGA_cal_apphot_gp,18.339159625,0.067,OMEGA_cal_apphot_gp
2025-02-25 07:47:31,,OMEGA_apphot_gp,20.133578243,0.068,OMEGA_apphot_gp
2025-02-25 07:42:08,,OMEGA_apphot_gp,20.15222435,0.082,OMEGA_apphot_gp
2025-02-25 07:42:08,,OMEGA_cal_apphot_gp,18.356382237,0.079,OMEGA_cal_apphot_gp
2025-02-25 07:42:03,,OMEGA_cal_apphot_gp,18.337317909,0.073,OMEGA_cal_apphot_gp
2025-02-25 07:42:03,,OMEGA_apphot_gp,20.131584303,0.075,OMEGA_apphot_gp
2025-02-25 07:38:08,,OMEGA_cal_apphot_ip,16.553132246,0.056,OMEGA_cal_apphot_ip
2025-02-25 07:38:08,,OMEGA_apphot_ip,18.750097846,0.055,OMEGA_apphot_ip
2025-02-25 07:38:02,,OMEGA_apphot_ip,18.837458367,0.091,OMEGA_apphot_ip
2025-02-25 07:38:02,,OMEGA_cal_apphot_ip,16.638654752,0.091,OMEGA_cal_apphot_ip
2025-02-25 07:35:40,,OMEGA_apphot_ip,18.745812441,0.051,OMEGA_apphot_ip
2025-02-25 07:35:40,,OMEGA_cal_apphot_ip,16.548937003,0.052,OMEGA_cal_apphot_ip
2025-02-25 07:35:35,,OMEGA_apphot_ip,18.772985785,0.06,OMEGA_apphot_ip
2025-02-25 07:35:35,,OMEGA_cal_apphot_ip,16.575538636,0.061,OMEGA_cal_apphot_ip
2025-02-25 07:33:10,,OMEGA_apphot_ip,18.819559614,0.072,OMEGA_apphot_ip
2025-02-25 07:33:10,,OMEGA_cal_apphot_ip,16.621132578,0.072,OMEGA_cal_apphot_ip
2025-02-25 07:30:41,,OMEGA_cal_apphot_ip,16.569521373,0.083,OMEGA_cal_apphot_ip
2025-02-25 07:30:41,,OMEGA_apphot_ip,18.766839202,0.083,OMEGA_apphot_ip
2025-02-25 07:30:38,,OMEGA_apphot_ip,18.78783061,0.067,OMEGA_apphot_ip
2025-02-25 07:30:38,,OMEGA_cal_apphot_ip,16.590071134,0.067,OMEGA_cal_apphot_ip
2025-02-24 18:45:41,,OMEGA_cal_apphot_gp,18.27904462,0.084,OMEGA_cal_apphot_gp
2025-02-24 18:45:41,,OMEGA_apphot_gp,20.068494568,0.088,OMEGA_apphot_gp
2025-02-24 18:45:20,,OMEGA_cal_apphot_gp,18.265198442,0.068,OMEGA_cal_apphot_gp
2025-02-24 18:45:20,,OMEGA_apphot_gp,20.053503967,0.07,OMEGA_apphot_gp
2025-02-24 18:40:15,,OMEGA_apphot_gp,20.109767082,0.09,OMEGA_apphot_gp
2025-02-24 18:40:15,,OMEGA_cal_apphot_gp,18.317166275,0.086,OMEGA_cal_apphot_gp
2025-02-24 18:39:54,,OMEGA_cal_apphot_gp,18.308460221,0.053,OMEGA_cal_apphot_gp
2025-02-24 18:39:54,,OMEGA_apphot_gp,20.100341449,0.053,OMEGA_apphot_gp
2025-02-24 18:36:15,,OMEGA_apphot_ip,18.760471317,0.077,OMEGA_apphot_ip
2025-02-24 18:36:15,,OMEGA_cal_apphot_ip,16.563287465,0.077,OMEGA_cal_apphot_ip
2025-02-24 18:35:54,,OMEGA_apphot_ip,18.745479073,0.053,OMEGA_apphot_ip
2025-02-24 18:35:54,,OMEGA_cal_apphot_ip,16.548610649,0.054,OMEGA_cal_apphot_ip
2025-02-24 18:33:50,,OMEGA_apphot_ip,18.760147893,0.065,OMEGA_apphot_ip
2025-02-24 18:33:50,,OMEGA_cal_apphot_ip,16.562970846,0.066,OMEGA_cal_apphot_ip
2025-02-24 18:33:28,,OMEGA_cal_apphot_ip,16.542880602,0.069,OMEGA_cal_apphot_ip
2025-02-24 18:33:28,,OMEGA_apphot_ip,18.739625878,0.069,OMEGA_apphot_ip
2025-02-24 18:31:24,,OMEGA_apphot_ip,18.771301796,0.094,OMEGA_apphot_ip
2025-02-24 18:31:24,,OMEGA_cal_apphot_ip,16.573890077,0.094,OMEGA_cal_apphot_ip
2025-02-24 18:31:03,,OMEGA_cal_apphot_ip,16.560753804,0.041,OMEGA_cal_apphot_ip
2025-02-24 18:31:03,,OMEGA_apphot_ip,18.757883203,0.04,OMEGA_apphot_ip
2025-02-24 18:28:59,,OMEGA_cal_apphot_ip,16.590067845,0.113,OMEGA_cal_apphot_ip
2025-02-24 18:28:59,,OMEGA_apphot_ip,18.78782725,0.114,OMEGA_apphot_ip
2025-02-24 18:28:38,,OMEGA_apphot_ip,18.747669332,0.051,OMEGA_apphot_ip
2025-02-24 18:28:38,,OMEGA_cal_apphot_ip,16.550754826,0.052,OMEGA_cal_apphot_ip
2025-02-24 18:20:00,,OMEGA_apphot_gp,20.111531802,0.04,OMEGA_apphot_gp
2025-02-24 18:20:00,,OMEGA_cal_apphot_gp,18.318796271,0.043,OMEGA_cal_apphot_gp
2025-02-24 18:14:34,,OMEGA_apphot_gp,20.160161831,0.073,OMEGA_apphot_gp
2025-02-24 18:14:34,,OMEGA_cal_apphot_gp,18.363713748,0.071,OMEGA_cal_apphot_gp
2025-02-24 18:10:34,,OMEGA_apphot_ip,18.773027003,0.044,OMEGA_apphot_ip
2025-02-24 18:10:34,,OMEGA_cal_apphot_ip,16.575578986,0.045,OMEGA_cal_apphot_ip
2025-02-24 18:08:08,,OMEGA_apphot_ip,18.800746493,0.083,OMEGA_apphot_ip
2025-02-24 18:08:08,,OMEGA_cal_apphot_ip,16.602715274,0.083,OMEGA_cal_apphot_ip
2025-02-24 18:05:43,,OMEGA_apphot_ip,18.753903159,0.046,OMEGA_apphot_ip
2025-02-24 18:05:43,,OMEGA_cal_apphot_ip,16.556857497,0.047,OMEGA_cal_apphot_ip
2025-02-24 18:03:17,,OMEGA_cal_apphot_ip,16.57839007,0.052,OMEGA_cal_apphot_ip
2025-02-24 18:03:17,,OMEGA_apphot_ip,18.775898501,0.052,OMEGA_apphot_ip
2025-02-24 17:47:41,,OMEGA_cal_apphot_gp,18.323358989,0.051,OMEGA_cal_apphot_gp
2025-02-24 17:47:41,,OMEGA_apphot_gp,20.116471641,0.05,OMEGA_apphot_gp
2025-02-24 17:42:15,,OMEGA_apphot_gp,20.121359096,0.052,OMEGA_apphot_gp
2025-02-24 17:42:15,,OMEGA_cal_apphot_gp,18.327873322,0.053,OMEGA_cal_apphot_gp
2025-02-24 17:38:14,,OMEGA_cal_apphot_ip,16.566748864,0.064,OMEGA_cal_apphot_ip
2025-02-24 17:38:14,,OMEGA_apphot_ip,18.764007107,0.064,OMEGA_apphot_ip
2025-02-24 17:35:49,,OMEGA_cal_apphot_ip,16.541410012,0.072,OMEGA_cal_apphot_ip
2025-02-24 17:35:49,,OMEGA_apphot_ip,18.738123682,0.072,OMEGA_apphot_ip
2025-02-24 17:33:23,,OMEGA_apphot_ip,18.788529193,0.058,OMEGA_apphot_ip
2025-02-24 17:33:23,,OMEGA_cal_apphot_ip,16.59075502,0.058,OMEGA_cal_apphot_ip
2025-02-24 17:30:58,,OMEGA_cal_apphot_ip,16.567666206,0.051,OMEGA_cal_apphot_ip
2025-02-24 17:30:58,,OMEGA_apphot_ip,18.764944164,0.05,OMEGA_apphot_ip
2025-02-24 17:10:17,,OMEGA_cal_apphot_gp,18.365395996,0.067,OMEGA_cal_apphot_gp
2025-02-24 17:10:17,,OMEGA_apphot_gp,20.161983122,0.069,OMEGA_apphot_gp
2025-02-24 17:10:17,,OMEGA_cal_apphot_gp,18.365552796,0.065,OMEGA_cal_apphot_gp
2025-02-24 17:10:17,,OMEGA_apphot_gp,20.162152881,0.067,OMEGA_apphot_gp
2025-02-24 17:04:50,,OMEGA_cal_apphot_gp,18.368341081,0.064,OMEGA_cal_apphot_gp
2025-02-24 17:04:50,,OMEGA_apphot_gp,20.165171625,0.065,OMEGA_apphot_gp
2025-02-24 17:04:50,,OMEGA_apphot_gp,20.188726961,0.092,OMEGA_apphot_gp
2025-02-24 17:04:50,,OMEGA_cal_apphot_gp,18.390098136,0.088,OMEGA_cal_apphot_gp
2025-02-24 17:00:50,,OMEGA_cal_apphot_ip,16.586365377,0.073,OMEGA_cal_apphot_ip
2025-02-24 17:00:50,,OMEGA_apphot_ip,18.78404521,0.074,OMEGA_apphot_ip
2025-02-24 17:00:50,,OMEGA_cal_apphot_ip,16.569041099,0.08,OMEGA_cal_apphot_ip
2025-02-24 17:00:50,,OMEGA_apphot_ip,18.766348606,0.081,OMEGA_apphot_ip
2025-02-24 16:58:24,,OMEGA_apphot_ip,18.746348615,0.074,OMEGA_apphot_ip
2025-02-24 16:58:24,,OMEGA_cal_apphot_ip,16.549461897,0.074,OMEGA_cal_apphot_ip
2025-02-24 16:58:24,,OMEGA_cal_apphot_ip,16.560698175,0.083,OMEGA_cal_apphot_ip
2025-02-24 16:58:24,,OMEGA_apphot_ip,18.757826379,0.084,OMEGA_apphot_ip
2025-02-24 16:55:59,,OMEGA_cal_apphot_ip,16.588238504,0.1,OMEGA_cal_apphot_ip
2025-02-24 16:55:59,,OMEGA_apphot_ip,18.785958594,0.102,OMEGA_apphot_ip
2025-02-24 16:55:58,,OMEGA_apphot_ip,18.760193156,0.07,OMEGA_apphot_ip
2025-02-24 16:55:58,,OMEGA_cal_apphot_ip,16.563015156,0.07,OMEGA_cal_apphot_ip
2025-02-24 16:53:33,,OMEGA_apphot_ip,18.772541773,0.058,OMEGA_apphot_ip
2025-02-24 16:53:33,,OMEGA_cal_apphot_ip,16.575103965,0.059,OMEGA_cal_apphot_ip
2025-02-24 16:53:33,,OMEGA_cal_apphot_ip,16.555797527,0.067,OMEGA_cal_apphot_ip
2025-02-24 16:53:33,,OMEGA_apphot_ip,18.752820409,0.067,OMEGA_apphot_ip
2025-02-24 09:29:44,ATLAS,o,> 19.302877273,,ATLAS
2025-02-24 09:17:25,ATLAS,o,> 19.454621874,,ATLAS
2025-02-24 09:11:23,ATLAS,o,> 19.256668758,,ATLAS
2025-02-24 08:58:59,ATLAS,o,> 19.401648626,,ATLAS
2025-02-24 08:45:53,,OMEGA_apphot_gp,20.084265109,0.062,OMEGA_apphot_gp
2025-02-24 08:45:53,,OMEGA_cal_apphot_gp,18.293611193,0.061,OMEGA_cal_apphot_gp
2025-02-24 08:45:43,,OMEGA_cal_apphot_gp,18.328669102,0.057,OMEGA_cal_apphot_gp
2025-02-24 08:45:43,,OMEGA_apphot_gp,20.12222065,0.058,OMEGA_apphot_gp
2025-02-24 08:40:27,,OMEGA_apphot_gp,20.11012013,0.048,OMEGA_apphot_gp
2025-02-24 08:40:27,,OMEGA_cal_apphot_gp,18.31749237,0.049,OMEGA_cal_apphot_gp
2025-02-24 08:40:17,,OMEGA_apphot_gp,20.141076345,0.061,OMEGA_apphot_gp
2025-02-24 08:40:17,,OMEGA_cal_apphot_gp,18.346085301,0.061,OMEGA_cal_apphot_gp
2025-02-24 08:36:26,,OMEGA_cal_apphot_ip,16.587719236,0.09,OMEGA_cal_apphot_ip
2025-02-24 08:36:26,,OMEGA_apphot_ip,18.785428166,0.091,OMEGA_apphot_ip
2025-02-24 08:36:18,,OMEGA_cal_apphot_ip,16.579260124,0.076,OMEGA_cal_apphot_ip
2025-02-24 08:36:18,,OMEGA_apphot_ip,18.776787253,0.076,OMEGA_apphot_ip
2025-02-24 08:34:01,,OMEGA_cal_apphot_ip,16.520140241,0.08,OMEGA_cal_apphot_ip
2025-02-24 08:34:01,,OMEGA_apphot_ip,18.716396791,0.08,OMEGA_apphot_ip
2025-02-24 08:33:52,,OMEGA_apphot_ip,18.767507992,0.045,OMEGA_apphot_ip
2025-02-24 08:33:52,,OMEGA_cal_apphot_ip,16.570176092,0.046,OMEGA_cal_apphot_ip
2025-02-24 08:31:35,,OMEGA_apphot_ip,18.774234334,0.073,OMEGA_apphot_ip
2025-02-24 08:31:35,,OMEGA_cal_apphot_ip,16.576760916,0.073,OMEGA_cal_apphot_ip
2025-02-24 08:31:27,,OMEGA_cal_apphot_ip,16.572814612,0.055,OMEGA_cal_apphot_ip
2025-02-24 08:31:27,,OMEGA_apphot_ip,18.770203217,0.055,OMEGA_apphot_ip
2025-02-24 08:29:10,,OMEGA_apphot_ip,18.745985062,0.097,OMEGA_apphot_ip
2025-02-24 08:29:10,,OMEGA_cal_apphot_ip,16.549105993,0.096,OMEGA_cal_apphot_ip
2025-02-24 08:29:02,,OMEGA_cal_apphot_ip,16.563530922,0.085,OMEGA_cal_apphot_ip
2025-02-24 08:29:02,,OMEGA_apphot_ip,18.760720006,0.086,OMEGA_apphot_ip
2025-02-24 07:51:37,,OMEGA_apphot_gp,20.206957911,0.106,OMEGA_apphot_gp
2025-02-24 07:51:37,,OMEGA_cal_apphot_gp,18.406937285,0.1,OMEGA_cal_apphot_gp
2025-02-24 07:51:22,,OMEGA_apphot_gp,20.214267022,0.07,OMEGA_apphot_gp
2025-02-24 07:51:22,,OMEGA_cal_apphot_gp,18.413688398,0.069,OMEGA_cal_apphot_gp
2025-02-24 07:46:11,,OMEGA_cal_apphot_gp,18.433908034,0.09,OMEGA_cal_apphot_gp
2025-02-24 07:46:11,,OMEGA_apphot_gp,20.236157866,0.094,OMEGA_apphot_gp
2025-02-24 07:45:52,,OMEGA_cal_apphot_gp,18.435943821,0.099,OMEGA_cal_apphot_gp
2025-02-24 07:45:52,,OMEGA_apphot_gp,20.238361917,0.104,OMEGA_apphot_gp
2025-02-24 07:41:51,,OMEGA_apphot_ip,18.823363455,0.137,OMEGA_apphot_ip
2025-02-24 07:41:51,,OMEGA_cal_apphot_ip,16.624856388,0.135,OMEGA_cal_apphot_ip
2025-02-24 07:39:25,,OMEGA_apphot_ip,18.824771543,0.128,OMEGA_apphot_ip
2025-02-24 07:39:25,,OMEGA_cal_apphot_ip,16.626234851,0.126,OMEGA_cal_apphot_ip
2025-02-24 07:36:56,,OMEGA_cal_apphot_ip,16.580535064,0.085,OMEGA_cal_apphot_ip
2025-02-24 07:36:56,,OMEGA_apphot_ip,18.778089595,0.086,OMEGA_apphot_ip
2025-02-24 07:34:27,,OMEGA_cal_apphot_ip,16.603786519,0.07,OMEGA_cal_apphot_ip
2025-02-24 07:34:27,,OMEGA_apphot_ip,18.801840761,0.07,OMEGA_apphot_ip
2025-02-23 18:45:33,,OMEGA_cal_apphot_gp,18.2915509,0.092,OMEGA_cal_apphot_gp
2025-02-23 18:45:33,,OMEGA_apphot_gp,20.082034527,0.096,OMEGA_apphot_gp
2025-02-23 18:45:12,,OMEGA_apphot_gp,20.050153821,0.102,OMEGA_apphot_gp
2025-02-23 18:45:12,,OMEGA_cal_apphot_gp,18.262104057,0.097,OMEGA_cal_apphot_gp
2025-02-23 18:40:07,,OMEGA_apphot_gp,20.215580812,0.093,OMEGA_apphot_gp
2025-02-23 18:40:07,,OMEGA_cal_apphot_gp,18.41490189,0.089,OMEGA_cal_apphot_gp
2025-02-23 18:39:46,,OMEGA_apphot_gp,20.191932443,0.127,OMEGA_apphot_gp
2025-02-23 18:39:46,,OMEGA_cal_apphot_gp,18.393058903,0.119,OMEGA_cal_apphot_gp
2025-02-23 18:33:41,,OMEGA_cal_apphot_ip,16.610262221,0.1,OMEGA_cal_apphot_ip
2025-02-23 18:33:41,,OMEGA_apphot_ip,18.808455635,0.101,OMEGA_apphot_ip
2025-02-23 18:31:16,,OMEGA_apphot_ip,18.806386097,0.111,OMEGA_apphot_ip
2025-02-23 18:31:16,,OMEGA_cal_apphot_ip,16.608236224,0.11,OMEGA_cal_apphot_ip
2025-02-23 18:28:51,,OMEGA_cal_apphot_ip,16.617080934,0.095,OMEGA_cal_apphot_ip
2025-02-23 18:28:51,,OMEGA_apphot_ip,18.815420893,0.096,OMEGA_apphot_ip
2025-02-23 18:16:40,,OMEGA_apphot_gp,20.228121919,0.12,OMEGA_apphot_gp
2025-02-23 18:16:40,,OMEGA_cal_apphot_gp,18.426485574,0.113,OMEGA_cal_apphot_gp
2025-02-23 18:11:14,,OMEGA_cal_apphot_gp,18.48033014,0.118,OMEGA_cal_apphot_gp
2025-02-23 18:11:14,,OMEGA_apphot_gp,20.286416885,0.125,OMEGA_apphot_gp
2025-02-23 18:07:14,,OMEGA_apphot_ip,18.829128215,0.135,OMEGA_apphot_ip
2025-02-23 18:07:14,,OMEGA_cal_apphot_ip,16.630499861,0.133,OMEGA_cal_apphot_ip
2025-02-23 18:04:49,,OMEGA_cal_apphot_ip,16.622677266,0.075,OMEGA_cal_apphot_ip
2025-02-23 18:04:49,,OMEGA_apphot_ip,18.8211375,0.075,OMEGA_apphot_ip
2025-02-23 18:02:24,,OMEGA_apphot_ip,18.821357791,0.095,OMEGA_apphot_ip
2025-02-23 18:02:24,,OMEGA_cal_apphot_ip,16.622892923,0.095,OMEGA_cal_apphot_ip
2025-02-23 17:59:59,,OMEGA_apphot_ip,18.883851205,0.128,OMEGA_apphot_ip
2025-02-23 17:59:59,,OMEGA_cal_apphot_ip,16.684071511,0.126,OMEGA_cal_apphot_ip
2025-02-23 17:45:31,,OMEGA_apphot_gp,20.323589743,0.133,OMEGA_apphot_gp
2025-02-23 17:45:31,,OMEGA_cal_apphot_gp,18.514665118,0.125,OMEGA_cal_apphot_gp
2025-02-23 17:40:05,,OMEGA_apphot_gp,20.288096315,0.148,OMEGA_apphot_gp
2025-02-23 17:40:05,,OMEGA_cal_apphot_gp,18.481881357,0.138,OMEGA_cal_apphot_gp
2025-02-23 17:13:56,,OMEGA_cal_apphot_gp,18.366607612,0.075,OMEGA_cal_apphot_gp
2025-02-23 17:13:56,,OMEGA_apphot_gp,20.16329488,0.078,OMEGA_apphot_gp
2025-02-23 17:13:55,,OMEGA_apphot_gp,20.200094485,0.084,OMEGA_apphot_gp
2025-02-23 17:13:55,,OMEGA_cal_apphot_gp,18.400597832,0.081,OMEGA_cal_apphot_gp
2025-02-23 17:08:30,,OMEGA_cal_apphot_gp,18.347920802,0.062,OMEGA_cal_apphot_gp
2025-02-23 17:08:30,,OMEGA_apphot_gp,20.143063554,0.063,OMEGA_apphot_gp
2025-02-23 17:08:29,,OMEGA_apphot_gp,20.118673659,0.14,OMEGA_apphot_gp
2025-02-23 17:08:29,,OMEGA_cal_apphot_gp,18.325392899,0.131,OMEGA_cal_apphot_gp
2025-02-23 17:04:30,,OMEGA_cal_apphot_ip,16.599565561,0.05,OMEGA_cal_apphot_ip
2025-02-23 17:04:30,,OMEGA_apphot_ip,18.797529088,0.049,OMEGA_apphot_ip
2025-02-23 17:04:29,,OMEGA_apphot_ip,18.789139388,0.048,OMEGA_apphot_ip
2025-02-23 17:04:29,,OMEGA_cal_apphot_ip,16.591352376,0.049,OMEGA_cal_apphot_ip
2025-02-23 17:02:04,,OMEGA_cal_apphot_ip,16.59649725,0.057,OMEGA_cal_apphot_ip
2025-02-23 17:02:04,,OMEGA_apphot_ip,18.794394833,0.057,OMEGA_apphot_ip
2025-02-23 17:02:04,,OMEGA_cal_apphot_ip,16.618904088,0.079,OMEGA_cal_apphot_ip
2025-02-23 17:02:04,,OMEGA_apphot_ip,18.817283231,0.08,OMEGA_apphot_ip
2025-02-23 16:59:39,,OMEGA_cal_apphot_ip,16.557122944,0.071,OMEGA_cal_apphot_ip
2025-02-23 16:59:39,,OMEGA_apphot_ip,18.754174311,0.071,OMEGA_apphot_ip
2025-02-23 16:59:38,,OMEGA_apphot_ip,18.786809372,0.067,OMEGA_apphot_ip
2025-02-23 16:59:38,,OMEGA_cal_apphot_ip,16.589071383,0.067,OMEGA_cal_apphot_ip
2025-02-23 16:57:14,,OMEGA_cal_apphot_ip,16.54841872,0.06,OMEGA_cal_apphot_ip
2025-02-23 16:57:14,,OMEGA_apphot_ip,18.745283018,0.06,OMEGA_apphot_ip
2025-02-23 16:57:13,,OMEGA_cal_apphot_ip,16.587112532,0.038,OMEGA_cal_apphot_ip
2025-02-23 16:57:13,,OMEGA_apphot_ip,18.784808422,0.035,OMEGA_apphot_ip
2025-02-23 09:33:53,ATLAS,o,> 18.376212463,,ATLAS
2025-02-23 09:12:24,ATLAS,o,> 18.598565171,,ATLAS
2025-02-23 09:04:22,ATLAS,o,> 18.729535345,,ATLAS
2025-02-23 08:58:55,ATLAS,o,> 18.417188504,,ATLAS
2025-02-21 18:44:58,,OMEGA_apphot_gp,20.143303219,0.099,OMEGA_apphot_gp
2025-02-21 18:44:58,,OMEGA_cal_apphot_gp,18.348142169,0.094,OMEGA_cal_apphot_gp
2025-02-21 18:44:58,,OMEGA_cal_apphot_gp,18.339153951,0.063,OMEGA_cal_apphot_gp
2025-02-21 18:44:58,,OMEGA_apphot_gp,20.1335721,0.064,OMEGA_apphot_gp
2025-02-21 18:39:32,,OMEGA_apphot_gp,20.10818756,0.104,OMEGA_apphot_gp
2025-02-21 18:39:32,,OMEGA_cal_apphot_gp,18.315707338,0.099,OMEGA_cal_apphot_gp
2025-02-21 18:39:31,,OMEGA_cal_apphot_gp,18.321755965,0.069,OMEGA_cal_apphot_gp
2025-02-21 18:39:31,,OMEGA_apphot_gp,20.114736123,0.071,OMEGA_apphot_gp
2025-02-21 18:35:31,,OMEGA_cal_apphot_ip,16.527111711,0.047,OMEGA_cal_apphot_ip
2025-02-21 18:35:31,,OMEGA_apphot_ip,18.723518088,0.046,OMEGA_apphot_ip
2025-02-21 18:35:31,,OMEGA_apphot_ip,18.742759172,0.076,OMEGA_apphot_ip
2025-02-21 18:35:31,,OMEGA_cal_apphot_ip,16.545947973,0.076,OMEGA_cal_apphot_ip
2025-02-21 18:33:06,,OMEGA_apphot_ip,18.754224822,0.048,OMEGA_apphot_ip
2025-02-21 18:33:06,,OMEGA_cal_apphot_ip,16.557172392,0.049,OMEGA_cal_apphot_ip
2025-02-21 18:33:05,,OMEGA_cal_apphot_ip,16.557291647,0.084,OMEGA_cal_apphot_ip
2025-02-21 18:33:05,,OMEGA_apphot_ip,18.754346639,0.085,OMEGA_apphot_ip
2025-02-21 18:30:40,,OMEGA_apphot_ip,18.749030823,0.055,OMEGA_apphot_ip
2025-02-21 18:30:40,,OMEGA_cal_apphot_ip,16.552087673,0.056,OMEGA_cal_apphot_ip
2025-02-21 18:30:40,,OMEGA_cal_apphot_ip,16.531186817,0.075,OMEGA_cal_apphot_ip
2025-02-21 18:30:40,,OMEGA_apphot_ip,18.727680774,0.075,OMEGA_apphot_ip
2025-02-21 18:28:15,,OMEGA_cal_apphot_ip,16.575187728,0.057,OMEGA_cal_apphot_ip
2025-02-21 18:28:15,,OMEGA_apphot_ip,18.772627335,0.056,OMEGA_apphot_ip
2025-02-21 18:28:14,,OMEGA_apphot_ip,18.772145221,0.083,OMEGA_apphot_ip
2025-02-21 18:28:14,,OMEGA_cal_apphot_ip,16.574715757,0.082,OMEGA_cal_apphot_ip
2025-02-21 18:17:47,,OMEGA_cal_apphot_gp,18.280944822,0.067,OMEGA_cal_apphot_gp
2025-02-21 18:17:47,,OMEGA_apphot_gp,20.070551827,0.069,OMEGA_apphot_gp
2025-02-21 18:12:21,,OMEGA_cal_apphot_gp,18.288147455,0.064,OMEGA_cal_apphot_gp
2025-02-21 18:12:21,,OMEGA_apphot_gp,20.078349778,0.065,OMEGA_apphot_gp
2025-02-21 18:08:37,,OMEGA_cal_apphot_gp,18.307295428,0.073,OMEGA_cal_apphot_gp
2025-02-21 18:08:37,,OMEGA_apphot_gp,20.099080383,0.075,OMEGA_apphot_gp
2025-02-21 18:08:20,,OMEGA_apphot_ip,18.730465157,0.05,OMEGA_apphot_ip
2025-02-21 18:08:20,,OMEGA_cal_apphot_ip,16.533912617,0.051,OMEGA_cal_apphot_ip
2025-02-21 18:05:55,,OMEGA_apphot_ip,18.745401712,0.072,OMEGA_apphot_ip
2025-02-21 18:05:55,,OMEGA_cal_apphot_ip,16.548534916,0.072,OMEGA_cal_apphot_ip
2025-02-21 18:03:30,,OMEGA_apphot_ip,18.735142135,0.068,OMEGA_apphot_ip
2025-02-21 18:03:30,,OMEGA_cal_apphot_ip,16.538491194,0.068,OMEGA_cal_apphot_ip
2025-02-21 18:03:11,,OMEGA_cal_apphot_gp,18.262677724,0.09,OMEGA_cal_apphot_gp
2025-02-21 18:03:11,,OMEGA_apphot_gp,20.050774904,0.095,OMEGA_apphot_gp
2025-02-21 18:01:04,,OMEGA_apphot_ip,18.738397151,0.059,OMEGA_apphot_ip
2025-02-21 18:01:04,,OMEGA_cal_apphot_ip,16.541677727,0.06,OMEGA_cal_apphot_ip
2025-02-21 17:59:10,,OMEGA_cal_apphot_ip,16.587631276,0.084,OMEGA_cal_apphot_ip
2025-02-21 17:59:10,,OMEGA_apphot_ip,18.785338315,0.084,OMEGA_apphot_ip
2025-02-21 17:56:45,,OMEGA_apphot_ip,18.718407541,0.06,OMEGA_apphot_ip
2025-02-21 17:56:45,,OMEGA_cal_apphot_ip,16.522108686,0.06,OMEGA_cal_apphot_ip
2025-02-21 17:54:20,,OMEGA_apphot_ip,18.773096491,0.092,OMEGA_apphot_ip
2025-02-21 17:54:20,,OMEGA_cal_apphot_ip,16.575647013,0.091,OMEGA_cal_apphot_ip
2025-02-21 17:51:55,,OMEGA_apphot_ip,18.767455187,0.132,OMEGA_apphot_ip
2025-02-21 17:51:55,,OMEGA_cal_apphot_ip,16.570124399,0.13,OMEGA_cal_apphot_ip
2025-02-21 08:59:26,,OMEGA_cal_apphot_gp,18.299692498,0.057,OMEGA_cal_apphot_gp
2025-02-21 08:59:26,,OMEGA_apphot_gp,20.09084905,0.058,OMEGA_apphot_gp
2025-02-21 08:54:00,,OMEGA_cal_apphot_gp,18.339495365,0.066,OMEGA_cal_apphot_gp
2025-02-21 08:54:00,,OMEGA_apphot_gp,20.133941733,0.067,OMEGA_apphot_gp
2025-02-21 08:50:00,,OMEGA_apphot_ip,18.73572409,0.049,OMEGA_apphot_ip
2025-02-21 08:50:00,,OMEGA_cal_apphot_ip,16.539060906,0.05,OMEGA_cal_apphot_ip
2025-02-21 08:47:35,,OMEGA_apphot_ip,18.773870421,0.087,OMEGA_apphot_ip
2025-02-21 08:47:35,,OMEGA_cal_apphot_ip,16.57640466,0.087,OMEGA_cal_apphot_ip
2025-02-21 08:45:34,,OMEGA_apphot_gp,20.084754064,0.098,OMEGA_apphot_gp
2025-02-21 08:45:34,,OMEGA_cal_apphot_gp,18.29406282,0.093,OMEGA_cal_apphot_gp
2025-02-21 08:45:09,,OMEGA_apphot_ip,18.745536037,0.055,OMEGA_apphot_ip
2025-02-21 08:45:09,,OMEGA_cal_apphot_ip,16.548666414,0.056,OMEGA_cal_apphot_ip
2025-02-21 08:42:44,,OMEGA_apphot_ip,18.745603264,0.084,OMEGA_apphot_ip
2025-02-21 08:42:44,,OMEGA_cal_apphot_ip,16.548732228,0.083,OMEGA_cal_apphot_ip
2025-02-21 08:40:07,,OMEGA_apphot_gp,20.044622487,0.114,OMEGA_apphot_gp
2025-02-21 08:40:07,,OMEGA_cal_apphot_gp,18.256994999,0.107,OMEGA_cal_apphot_gp
2025-02-21 08:36:07,,OMEGA_apphot_ip,18.71494554,0.135,OMEGA_apphot_ip
2025-02-21 08:36:07,,OMEGA_cal_apphot_ip,16.518719524,0.133,OMEGA_cal_apphot_ip
2025-02-21 08:33:37,,OMEGA_cal_apphot_ip,16.552723439,0.063,OMEGA_cal_apphot_ip
2025-02-21 08:33:37,,OMEGA_apphot_ip,18.749680254,0.063,OMEGA_apphot_ip
2025-02-21 08:31:12,,OMEGA_cal_apphot_ip,16.555101726,0.086,OMEGA_cal_apphot_ip
2025-02-21 08:31:12,,OMEGA_apphot_ip,18.752109653,0.087,OMEGA_apphot_ip
2025-02-21 08:28:47,,OMEGA_cal_apphot_ip,16.525987471,0.129,OMEGA_cal_apphot_ip
2025-02-21 08:28:47,,OMEGA_apphot_ip,18.722369686,0.131,OMEGA_apphot_ip
2025-02-21 08:02:52,,OMEGA_apphot_gp,20.103814654,0.085,OMEGA_apphot_gp
2025-02-21 08:02:52,,OMEGA_cal_apphot_gp,18.311668272,0.081,OMEGA_cal_apphot_gp
2025-02-21 08:02:29,,OMEGA_apphot_gp,20.134276314,0.071,OMEGA_apphot_gp
2025-02-21 08:02:29,,OMEGA_cal_apphot_gp,18.339804404,0.069,OMEGA_cal_apphot_gp
2025-02-21 07:57:26,,OMEGA_apphot_gp,20.050043831,0.092,OMEGA_apphot_gp
2025-02-21 07:57:26,,OMEGA_cal_apphot_gp,18.262002463,0.087,OMEGA_cal_apphot_gp
2025-02-21 07:57:03,,OMEGA_apphot_gp,20.125606639,0.084,OMEGA_apphot_gp
2025-02-21 07:57:03,,OMEGA_cal_apphot_gp,18.331796596,0.081,OMEGA_cal_apphot_gp
2025-02-21 07:53:26,,OMEGA_cal_apphot_ip,16.564550191,0.077,OMEGA_cal_apphot_ip
2025-02-21 07:53:26,,OMEGA_apphot_ip,18.761761181,0.077,OMEGA_apphot_ip
2025-02-21 07:53:03,,OMEGA_cal_apphot_ip,16.535363379,0.044,OMEGA_cal_apphot_ip
2025-02-21 07:53:03,,OMEGA_apphot_ip,18.731947098,0.043,OMEGA_apphot_ip
2025-02-21 07:51:00,,OMEGA_apphot_ip,18.733674325,0.089,OMEGA_apphot_ip
2025-02-21 07:51:00,,OMEGA_cal_apphot_ip,16.537054266,0.088,OMEGA_cal_apphot_ip
2025-02-21 07:50:38,,OMEGA_apphot_ip,18.732379257,0.05,OMEGA_apphot_ip
2025-02-21 07:50:38,,OMEGA_cal_apphot_ip,16.535786446,0.051,OMEGA_cal_apphot_ip
2025-02-21 07:48:35,,OMEGA_cal_apphot_ip,16.545891422,0.067,OMEGA_cal_apphot_ip
2025-02-21 07:48:35,,OMEGA_apphot_ip,18.742701405,0.067,OMEGA_apphot_ip
2025-02-21 07:48:13,,OMEGA_cal_apphot_ip,16.555250438,0.046,OMEGA_cal_apphot_ip
2025-02-21 07:48:13,,OMEGA_apphot_ip,18.752261561,0.045,OMEGA_apphot_ip
2025-02-21 07:46:10,,OMEGA_cal_apphot_ip,16.547392363,0.069,OMEGA_cal_apphot_ip
2025-02-21 07:46:10,,OMEGA_apphot_ip,18.744234604,0.069,OMEGA_apphot_ip
2025-02-21 07:45:48,,OMEGA_cal_apphot_ip,16.540763677,0.065,OMEGA_cal_apphot_ip
2025-02-21 07:45:48,,OMEGA_apphot_ip,18.737463457,0.065,OMEGA_apphot_ip
2025-02-20 09:30:21,ATLAS,o,> 18.459771852,,ATLAS
2025-02-20 09:18:22,ATLAS,o,> 18.816440611,,ATLAS
2025-02-20 09:08:28,,OMEGA_apphot_gp,20.145302877,0.101,OMEGA_apphot_gp
2025-02-20 09:08:28,,OMEGA_cal_apphot_gp,18.349989168,0.096,OMEGA_cal_apphot_gp
2025-02-20 09:07:50,ATLAS,o,> 18.944321917,,ATLAS
2025-02-20 09:03:03,,OMEGA_cal_apphot_gp,18.26262184,0.094,OMEGA_cal_apphot_gp
2025-02-20 09:03:03,,OMEGA_apphot_gp,20.050714401,0.099,OMEGA_apphot_gp
2025-02-20 09:01:51,ATLAS,o,> 19.014393726,,ATLAS
2025-02-20 08:59:00,,OMEGA_apphot_ip,18.759812635,0.069,OMEGA_apphot_ip
2025-02-20 08:59:00,,OMEGA_cal_apphot_ip,16.562642641,0.069,OMEGA_cal_apphot_ip
2025-02-20 08:57:13,ATLAS,o,> 18.944321917,,ATLAS
2025-02-20 08:56:35,,OMEGA_apphot_ip,18.774955918,0.082,OMEGA_apphot_ip
2025-02-20 08:56:35,,OMEGA_cal_apphot_ip,16.577467318,0.081,OMEGA_cal_apphot_ip
2025-02-20 08:54:10,,OMEGA_cal_apphot_ip,16.512201563,0.09,OMEGA_cal_apphot_ip
2025-02-20 08:54:10,,OMEGA_apphot_ip,18.708287498,0.091,OMEGA_apphot_ip
2025-02-20 08:51:45,,OMEGA_apphot_ip,18.745042697,0.089,OMEGA_apphot_ip
2025-02-20 08:51:45,,OMEGA_cal_apphot_ip,16.548183454,0.088,OMEGA_cal_apphot_ip
2025-02-20 08:45:09,,OMEGA_cal_apphot_gp,18.370952243,0.081,OMEGA_cal_apphot_gp
2025-02-20 08:45:09,,OMEGA_apphot_gp,20.167998607,0.084,OMEGA_apphot_gp
2025-02-20 08:39:43,,OMEGA_apphot_gp,20.108836864,0.061,OMEGA_apphot_gp
2025-02-20 08:39:43,,OMEGA_cal_apphot_gp,18.316307072,0.06,OMEGA_cal_apphot_gp
2025-02-20 08:35:42,,OMEGA_cal_apphot_ip,16.553440976,0.042,OMEGA_cal_apphot_ip
2025-02-20 08:35:42,,OMEGA_apphot_ip,18.750413212,0.04,OMEGA_apphot_ip
2025-02-20 08:33:17,,OMEGA_apphot_ip,18.752586906,0.068,OMEGA_apphot_ip
2025-02-20 08:33:17,,OMEGA_cal_apphot_ip,16.555568937,0.068,OMEGA_cal_apphot_ip
2025-02-20 08:30:52,,OMEGA_cal_apphot_ip,16.570417834,0.094,OMEGA_cal_apphot_ip
2025-02-20 08:30:52,,OMEGA_apphot_ip,18.767754929,0.095,OMEGA_apphot_ip
2025-02-20 08:28:27,,OMEGA_cal_apphot_ip,16.549460502,0.053,OMEGA_cal_apphot_ip
2025-02-20 08:28:27,,OMEGA_apphot_ip,18.746347191,0.052,OMEGA_apphot_ip
2025-02-20 08:16:53,,OMEGA_apphot_gp,20.11255987,0.073,OMEGA_apphot_gp
2025-02-20 08:16:53,,OMEGA_cal_apphot_gp,18.319745854,0.071,OMEGA_cal_apphot_gp
2025-02-20 08:11:27,,OMEGA_cal_apphot_gp,18.33132192,0.056,OMEGA_cal_apphot_gp
2025-02-20 08:11:27,,OMEGA_apphot_gp,20.12509273,0.056,OMEGA_apphot_gp
2025-02-20 08:10:15,,OMEGA_cal_apphot_gp,18.292726486,0.079,OMEGA_cal_apphot_gp
2025-02-20 08:10:15,,OMEGA_apphot_gp,20.083307278,0.082,OMEGA_apphot_gp
2025-02-20 08:07:25,,OMEGA_apphot_ip,18.724627174,0.065,OMEGA_apphot_ip
2025-02-20 08:07:25,,OMEGA_cal_apphot_ip,16.528197463,0.065,OMEGA_cal_apphot_ip
2025-02-20 08:05:00,,OMEGA_cal_apphot_ip,16.553593077,0.062,OMEGA_cal_apphot_ip
2025-02-20 08:05:00,,OMEGA_apphot_ip,18.750568582,0.061,OMEGA_apphot_ip
2025-02-20 08:04:49,,OMEGA_apphot_gp,20.06471608,0.094,OMEGA_apphot_gp
2025-02-20 08:04:49,,OMEGA_cal_apphot_gp,18.275554592,0.089,OMEGA_cal_apphot_gp
2025-02-20 08:02:34,,OMEGA_cal_apphot_ip,16.532955853,0.06,OMEGA_cal_apphot_ip
2025-02-20 08:02:34,,OMEGA_apphot_ip,18.72948783,0.06,OMEGA_apphot_ip
2025-02-20 08:00:49,,OMEGA_cal_apphot_ip,16.545378178,0.073,OMEGA_cal_apphot_ip
2025-02-20 08:00:49,,OMEGA_apphot_ip,18.742177131,0.073,OMEGA_apphot_ip
2025-02-20 08:00:09,,OMEGA_apphot_ip,18.735741047,0.081,OMEGA_apphot_ip
2025-02-20 08:00:09,,OMEGA_cal_apphot_ip,16.539077505,0.08,OMEGA_cal_apphot_ip
2025-02-20 07:58:24,,OMEGA_cal_apphot_ip,16.528442417,0.066,OMEGA_cal_apphot_ip
2025-02-20 07:58:24,,OMEGA_apphot_ip,18.724877393,0.066,OMEGA_apphot_ip
2025-02-20 07:55:59,,OMEGA_cal_apphot_ip,16.568457929,0.091,OMEGA_cal_apphot_ip
2025-02-20 07:55:59,,OMEGA_apphot_ip,18.765752903,0.092,OMEGA_apphot_ip
2025-02-20 07:53:33,,OMEGA_cal_apphot_ip,16.552116573,0.057,OMEGA_cal_apphot_ip
2025-02-20 07:53:33,,OMEGA_apphot_ip,18.749060344,0.056,OMEGA_apphot_ip
2025-02-20 07:44:20,,OGLE_I,16.156,0.012,OGLE
2025-02-19 18:15:28,,OMEGA_cal_apphot_gp,18.304562177,0.066,OMEGA_cal_apphot_gp
2025-02-19 18:15:28,,OMEGA_apphot_gp,20.096121221,0.067,OMEGA_apphot_gp
2025-02-19 18:13:52,,OMEGA_cal_apphot_gp,18.271255593,0.089,OMEGA_cal_apphot_gp
2025-02-19 18:13:52,,OMEGA_apphot_gp,20.060061757,0.093,OMEGA_apphot_gp
2025-02-19 18:10:02,,OMEGA_cal_apphot_gp,18.329237856,0.083,OMEGA_cal_apphot_gp
2025-02-19 18:10:02,,OMEGA_apphot_gp,20.122836412,0.087,OMEGA_apphot_gp
2025-02-19 18:08:26,,OMEGA_cal_apphot_gp,18.286373305,0.069,OMEGA_cal_apphot_gp
2025-02-19 18:08:26,,OMEGA_apphot_gp,20.07642899,0.072,OMEGA_apphot_gp
2025-02-19 18:06:02,,OMEGA_apphot_ip,18.772439764,0.059,OMEGA_apphot_ip
2025-02-19 18:06:02,,OMEGA_cal_apphot_ip,16.575004102,0.059,OMEGA_cal_apphot_ip
2025-02-19 18:04:24,,OMEGA_cal_apphot_ip,16.530404698,0.047,OMEGA_cal_apphot_ip
2025-02-19 18:04:24,,OMEGA_apphot_ip,18.726881847,0.046,OMEGA_apphot_ip
2025-02-19 18:03:37,,OMEGA_apphot_ip,18.761912964,0.065,OMEGA_apphot_ip
2025-02-19 18:03:37,,OMEGA_cal_apphot_ip,16.564698781,0.065,OMEGA_cal_apphot_ip
2025-02-19 18:01:59,,OMEGA_cal_apphot_ip,16.566020478,0.065,OMEGA_cal_apphot_ip
2025-02-19 18:01:59,,OMEGA_apphot_ip,18.763263066,0.065,OMEGA_apphot_ip
2025-02-19 18:01:12,,OMEGA_apphot_ip,18.77594312,0.071,OMEGA_apphot_ip
2025-02-19 18:01:12,,OMEGA_cal_apphot_ip,16.57843375,0.071,OMEGA_cal_apphot_ip
2025-02-19 17:59:33,,OMEGA_cal_apphot_ip,16.550463469,0.072,OMEGA_cal_apphot_ip
2025-02-19 17:59:33,,OMEGA_apphot_ip,18.747371713,0.072,OMEGA_apphot_ip
2025-02-19 17:58:47,,OMEGA_cal_apphot_ip,16.607754583,0.083,OMEGA_cal_apphot_ip
2025-02-19 17:58:47,,OMEGA_apphot_ip,18.805894104,0.083,OMEGA_apphot_ip
2025-02-19 17:57:08,,OMEGA_cal_apphot_ip,16.55465241,0.07,OMEGA_cal_apphot_ip
2025-02-19 17:57:08,,OMEGA_apphot_ip,18.75165068,0.07,OMEGA_apphot_ip
2025-02-19 09:05:27,,OMEGA_cal_apphot_gp,18.272375667,0.081,OMEGA_cal_apphot_gp
2025-02-19 09:05:27,,OMEGA_apphot_gp,20.061274409,0.085,OMEGA_apphot_gp
2025-02-19 09:00:01,,OMEGA_apphot_gp,20.075797992,0.083,OMEGA_apphot_gp
2025-02-19 09:00:01,,OMEGA_cal_apphot_gp,18.28579048,0.079,OMEGA_cal_apphot_gp
2025-02-19 08:55:57,,OMEGA_apphot_ip,18.756997268,0.078,OMEGA_apphot_ip
2025-02-19 08:55:57,,OMEGA_cal_apphot_ip,16.559886508,0.078,OMEGA_cal_apphot_ip
2025-02-19 08:53:32,,OMEGA_cal_apphot_ip,16.542787383,0.071,OMEGA_cal_apphot_ip
2025-02-19 08:53:32,,OMEGA_apphot_ip,18.739530656,0.071,OMEGA_apphot_ip
2025-02-19 08:51:57,,OMEGA_cal_apphot_gp,18.377790345,0.067,OMEGA_cal_apphot_gp
2025-02-19 08:51:57,,OMEGA_apphot_gp,20.175401897,0.069,OMEGA_apphot_gp
2025-02-19 08:51:07,,OMEGA_cal_apphot_ip,16.555171349,0.068,OMEGA_cal_apphot_ip
2025-02-19 08:51:07,,OMEGA_apphot_ip,18.752180773,0.067,OMEGA_apphot_ip
2025-02-19 08:48:39,,OMEGA_cal_apphot_ip,16.577982556,0.075,OMEGA_cal_apphot_ip
2025-02-19 08:48:39,,OMEGA_apphot_ip,18.775482229,0.075,OMEGA_apphot_ip
2025-02-19 08:46:31,,OMEGA_cal_apphot_gp,18.311063076,0.097,OMEGA_cal_apphot_gp
2025-02-19 08:46:31,,OMEGA_apphot_gp,20.103159437,0.102,OMEGA_apphot_gp
2025-02-19 08:42:31,,OMEGA_apphot_ip,18.798194425,0.1,OMEGA_apphot_ip
2025-02-19 08:42:31,,OMEGA_cal_apphot_ip,16.600216901,0.099,OMEGA_cal_apphot_ip
2025-02-19 08:40:06,,OMEGA_apphot_ip,18.80041299,0.05,OMEGA_apphot_ip
2025-02-19 08:40:06,,OMEGA_cal_apphot_ip,16.602388789,0.051,OMEGA_cal_apphot_ip
2025-02-19 08:37:40,,OMEGA_apphot_ip,18.770237294,0.077,OMEGA_apphot_ip
2025-02-19 08:37:40,,OMEGA_cal_apphot_ip,16.572847972,0.076,OMEGA_cal_apphot_ip
2025-02-19 08:35:15,,OMEGA_cal_apphot_ip,16.560118313,0.052,OMEGA_cal_apphot_ip
2025-02-19 08:35:15,,OMEGA_apphot_ip,18.757234055,0.051,OMEGA_apphot_ip
2025-02-19 08:24:57,,OGLE_I,16.173,0.013,OGLE
2025-02-19 08:10:25,,OMEGA_cal_apphot_gp,18.317252544,0.087,OMEGA_cal_apphot_gp
2025-02-19 08:10:25,,OMEGA_apphot_gp,20.109860482,0.092,OMEGA_apphot_gp
2025-02-19 08:10:22,,OMEGA_cal_apphot_gp,18.331528922,0.104,OMEGA_cal_apphot_gp
2025-02-19 08:10:22,,OMEGA_apphot_gp,20.125316841,0.11,OMEGA_apphot_gp
2025-02-19 08:04:59,,OMEGA_apphot_gp,20.12691065,0.071,OMEGA_apphot_gp
2025-02-19 08:04:59,,OMEGA_cal_apphot_gp,18.333001055,0.069,OMEGA_cal_apphot_gp
2025-02-19 08:04:56,,OMEGA_apphot_gp,20.126773253,0.118,OMEGA_apphot_gp
2025-02-19 08:04:56,,OMEGA_cal_apphot_gp,18.332874147,0.111,OMEGA_cal_apphot_gp
2025-02-19 08:00:59,,OMEGA_cal_apphot_ip,16.519374093,0.088,OMEGA_cal_apphot_ip
2025-02-19 08:00:59,,OMEGA_apphot_ip,18.715614177,0.088,OMEGA_apphot_ip
2025-02-19 08:00:55,,OMEGA_apphot_ip,18.728453941,0.085,OMEGA_apphot_ip
2025-02-19 08:00:55,,OMEGA_cal_apphot_ip,16.531943716,0.085,OMEGA_cal_apphot_ip
2025-02-19 07:58:34,,OMEGA_cal_apphot_ip,16.530538266,0.053,OMEGA_cal_apphot_ip
2025-02-19 07:58:34,,OMEGA_apphot_ip,18.727018286,0.053,OMEGA_apphot_ip
2025-02-19 07:58:30,,OMEGA_cal_apphot_ip,16.541885169,0.055,OMEGA_cal_apphot_ip
2025-02-19 07:58:30,,OMEGA_apphot_ip,18.738609051,0.054,OMEGA_apphot_ip
2025-02-19 07:56:09,,OMEGA_apphot_ip,18.80417447,0.043,OMEGA_apphot_ip
2025-02-19 07:56:09,,OMEGA_cal_apphot_ip,16.606071129,0.044,OMEGA_cal_apphot_ip
2025-02-19 07:56:05,,OMEGA_cal_apphot_ip,16.5475247,0.068,OMEGA_cal_apphot_ip
2025-02-19 07:56:05,,OMEGA_apphot_ip,18.744369785,0.068,OMEGA_apphot_ip
2025-02-19 07:53:44,,OMEGA_cal_apphot_ip,16.537848559,0.059,OMEGA_cal_apphot_ip
2025-02-19 07:53:44,,OMEGA_apphot_ip,18.734485689,0.058,OMEGA_apphot_ip
2025-02-19 07:53:40,,OMEGA_cal_apphot_ip,16.513289484,0.08,OMEGA_cal_apphot_ip
2025-02-19 07:53:40,,OMEGA_apphot_ip,18.7093988,0.08,OMEGA_apphot_ip
2025-02-18 17:45:18,,OMEGA_apphot_gp,20.203103107,0.099,OMEGA_apphot_gp
2025-02-18 17:45:18,,OMEGA_cal_apphot_gp,18.403376768,0.094,OMEGA_cal_apphot_gp
2025-02-18 17:44:53,,OMEGA_cal_apphot_gp,18.368276467,0.079,OMEGA_cal_apphot_gp
2025-02-18 17:44:53,,OMEGA_apphot_gp,20.165101671,0.082,OMEGA_apphot_gp
2025-02-18 17:39:51,,OMEGA_apphot_gp,20.16050208,0.081,OMEGA_apphot_gp
2025-02-18 17:39:51,,OMEGA_cal_apphot_gp,18.364028021,0.078,OMEGA_cal_apphot_gp
2025-02-18 17:39:27,,OMEGA_apphot_gp,20.178999607,0.065,OMEGA_apphot_gp
2025-02-18 17:39:27,,OMEGA_cal_apphot_gp,18.381113395,0.064,OMEGA_cal_apphot_gp
2025-02-18 17:35:51,,OMEGA_apphot_ip,18.78472626,0.055,OMEGA_apphot_ip
2025-02-18 17:35:51,,OMEGA_cal_apphot_ip,16.587032098,0.056,OMEGA_cal_apphot_ip
2025-02-18 17:35:26,,OMEGA_cal_apphot_ip,16.544060989,0.072,OMEGA_cal_apphot_ip
2025-02-18 17:35:26,,OMEGA_apphot_ip,18.740831633,0.072,OMEGA_apphot_ip
2025-02-18 17:33:26,,OMEGA_cal_apphot_ip,16.575334044,0.048,OMEGA_cal_apphot_ip
2025-02-18 17:33:26,,OMEGA_apphot_ip,18.772776797,0.047,OMEGA_apphot_ip
2025-02-18 17:33:01,,OMEGA_cal_apphot_ip,16.607740924,0.107,OMEGA_cal_apphot_ip
2025-02-18 17:33:01,,OMEGA_apphot_ip,18.805880152,0.109,OMEGA_apphot_ip
2025-02-18 17:31:00,,OMEGA_cal_apphot_ip,16.567276119,0.065,OMEGA_cal_apphot_ip
2025-02-18 17:31:00,,OMEGA_apphot_ip,18.764545694,0.065,OMEGA_apphot_ip
2025-02-18 17:30:36,,OMEGA_apphot_ip,18.749792681,0.043,OMEGA_apphot_ip
2025-02-18 17:30:36,,OMEGA_cal_apphot_ip,16.552833502,0.044,OMEGA_cal_apphot_ip
2025-02-18 17:28:35,,OMEGA_cal_apphot_ip,16.544487303,0.067,OMEGA_cal_apphot_ip
2025-02-18 17:28:35,,OMEGA_apphot_ip,18.741267109,0.067,OMEGA_apphot_ip
2025-02-18 17:28:11,,OMEGA_apphot_ip,18.747490785,0.078,OMEGA_apphot_ip
2025-02-18 17:28:11,,OMEGA_cal_apphot_ip,16.550580036,0.078,OMEGA_cal_apphot_ip
2025-02-18 08:47:21,,OMEGA_cal_apphot_gp,18.35222863,0.088,OMEGA_cal_apphot_gp
2025-02-18 08:47:21,,OMEGA_apphot_gp,20.147727437,0.093,OMEGA_apphot_gp
2025-02-18 08:44:52,,OMEGA_apphot_gp,20.159722964,0.08,OMEGA_apphot_gp
2025-02-18 08:44:52,,OMEGA_cal_apphot_gp,18.363308385,0.077,OMEGA_cal_apphot_gp
2025-02-18 08:41:55,,OMEGA_cal_apphot_gp,18.298498042,0.06,OMEGA_cal_apphot_gp
2025-02-18 08:41:55,,OMEGA_apphot_gp,20.089555869,0.06,OMEGA_apphot_gp
2025-02-18 08:39:26,,OMEGA_cal_apphot_gp,18.374964884,0.088,OMEGA_cal_apphot_gp
2025-02-18 08:39:26,,OMEGA_apphot_gp,20.172342904,0.092,OMEGA_apphot_gp
2025-02-18 08:37:54,,OMEGA_cal_apphot_ip,16.562209938,0.057,OMEGA_cal_apphot_ip
2025-02-18 08:37:54,,OMEGA_apphot_ip,18.759370633,0.056,OMEGA_apphot_ip
2025-02-18 08:35:29,,OMEGA_cal_apphot_ip,16.574953729,0.076,OMEGA_cal_apphot_ip
2025-02-18 08:35:29,,OMEGA_apphot_ip,18.772388308,0.076,OMEGA_apphot_ip
2025-02-18 08:35:26,,OMEGA_apphot_ip,18.750029135,0.079,OMEGA_apphot_ip
2025-02-18 08:35:26,,OMEGA_cal_apphot_ip,16.553064981,0.078,OMEGA_cal_apphot_ip
2025-02-18 08:33:04,,OMEGA_cal_apphot_ip,16.574293963,0.081,OMEGA_cal_apphot_ip
2025-02-18 08:33:04,,OMEGA_apphot_ip,18.771714363,0.081,OMEGA_apphot_ip
2025-02-18 08:33:01,,OMEGA_cal_apphot_ip,16.589203954,0.079,OMEGA_cal_apphot_ip
2025-02-18 08:33:01,,OMEGA_apphot_ip,18.786944793,0.079,OMEGA_apphot_ip
2025-02-18 08:30:38,,OMEGA_apphot_ip,18.72136782,0.094,OMEGA_apphot_ip
2025-02-18 08:30:38,,OMEGA_cal_apphot_ip,16.525006683,0.093,OMEGA_cal_apphot_ip
2025-02-18 08:30:35,,OMEGA_cal_apphot_ip,16.614448739,0.062,OMEGA_cal_apphot_ip
2025-02-18 08:30:35,,OMEGA_apphot_ip,18.812732128,0.061,OMEGA_apphot_ip
2025-02-18 08:28:10,,OMEGA_apphot_ip,18.789336047,0.079,OMEGA_apphot_ip
2025-02-18 08:28:10,,OMEGA_cal_apphot_ip,16.591544898,0.079,OMEGA_cal_apphot_ip
2025-02-18 08:13:54,,OMEGA_apphot_gp,20.084064848,0.084,OMEGA_apphot_gp
2025-02-18 08:13:54,,OMEGA_cal_apphot_gp,18.293426221,0.081,OMEGA_cal_apphot_gp
2025-02-18 08:08:28,,OMEGA_apphot_gp,20.097624331,0.102,OMEGA_apphot_gp
2025-02-18 08:08:28,,OMEGA_cal_apphot_gp,18.305950535,0.097,OMEGA_cal_apphot_gp
2025-02-18 08:04:34,,OMEGA_cal_apphot_ip,16.556698394,0.055,OMEGA_cal_apphot_ip
2025-02-18 08:04:34,,OMEGA_apphot_ip,18.753740636,0.055,OMEGA_apphot_ip
2025-02-18 08:04:26,,OMEGA_apphot_ip,18.776855002,0.062,OMEGA_apphot_ip
2025-02-18 08:04:26,,OMEGA_cal_apphot_ip,16.579326447,0.062,OMEGA_cal_apphot_ip
2025-02-18 08:02:07,,OMEGA_apphot_ip,18.753442477,0.064,OMEGA_apphot_ip
2025-02-18 08:02:07,,OMEGA_cal_apphot_ip,16.556406507,0.064,OMEGA_cal_apphot_ip
2025-02-18 08:02:01,,OMEGA_apphot_ip,18.747233094,0.059,OMEGA_apphot_ip
2025-02-18 08:02:01,,OMEGA_cal_apphot_ip,16.550327767,0.059,OMEGA_cal_apphot_ip
2025-02-18 07:59:38,,OMEGA_apphot_ip,18.797288192,0.06,OMEGA_apphot_ip
2025-02-18 07:59:38,,OMEGA_cal_apphot_ip,16.599329734,0.061,OMEGA_cal_apphot_ip
2025-02-18 07:59:35,,OMEGA_apphot_ip,18.773273234,0.054,OMEGA_apphot_ip
2025-02-18 07:59:35,,OMEGA_cal_apphot_ip,16.575820037,0.055,OMEGA_cal_apphot_ip
2025-02-18 07:57:10,,OMEGA_apphot_ip,18.758581052,0.047,OMEGA_apphot_ip
2025-02-18 07:57:10,,OMEGA_cal_apphot_ip,16.56143697,0.048,OMEGA_cal_apphot_ip
2025-02-18 07:57:09,,OMEGA_cal_apphot_ip,16.5716144,0.073,OMEGA_cal_apphot_ip
2025-02-18 07:57:09,,OMEGA_apphot_ip,18.768977211,0.073,OMEGA_apphot_ip
2025-02-17 17:48:02,,OMEGA_cal_apphot_gp,18.446474909,0.129,OMEGA_cal_apphot_gp
2025-02-17 17:48:02,,OMEGA_apphot_gp,20.249763428,0.137,OMEGA_apphot_gp
2025-02-17 17:42:36,,OMEGA_apphot_gp,20.437862874,0.162,OMEGA_apphot_gp
2025-02-17 17:42:36,,OMEGA_cal_apphot_gp,18.620214319,0.152,OMEGA_cal_apphot_gp
2025-02-17 09:12:08,,OMEGA_cal_apphot_gp,18.386154466,0.085,OMEGA_cal_apphot_gp
2025-02-17 09:12:08,,OMEGA_apphot_gp,20.184457335,0.089,OMEGA_apphot_gp
2025-02-17 09:06:42,,OMEGA_cal_apphot_gp,18.307523564,0.053,OMEGA_cal_apphot_gp
2025-02-17 09:06:42,,OMEGA_apphot_gp,20.099327375,0.053,OMEGA_apphot_gp
2025-02-17 09:02:41,,OMEGA_apphot_ip,18.792681312,0.085,OMEGA_apphot_ip
2025-02-17 09:02:41,,OMEGA_cal_apphot_ip,16.594819781,0.084,OMEGA_cal_apphot_ip
2025-02-17 09:00:16,,OMEGA_apphot_ip,18.740180165,0.056,OMEGA_apphot_ip
2025-02-17 09:00:16,,OMEGA_cal_apphot_ip,16.543423227,0.056,OMEGA_cal_apphot_ip
2025-02-17 08:57:51,,OMEGA_apphot_ip,18.747525148,0.083,OMEGA_apphot_ip
2025-02-17 08:57:51,,OMEGA_cal_apphot_ip,16.550613676,0.082,OMEGA_cal_apphot_ip
2025-02-17 08:55:26,,OMEGA_cal_apphot_ip,16.543466628,0.074,OMEGA_cal_apphot_ip
2025-02-17 08:55:26,,OMEGA_apphot_ip,18.740224498,0.074,OMEGA_apphot_ip
2025-02-17 08:49:49,,OMEGA_cal_apphot_gp,18.32849607,0.074,OMEGA_cal_apphot_gp
2025-02-17 08:49:49,,OMEGA_apphot_gp,20.122033316,0.077,OMEGA_apphot_gp
2025-02-17 08:44:23,,OMEGA_cal_apphot_gp,18.320152891,0.078,OMEGA_cal_apphot_gp
2025-02-17 08:44:23,,OMEGA_apphot_gp,20.11300055,0.081,OMEGA_apphot_gp
2025-02-17 08:40:23,,OMEGA_apphot_ip,18.78333088,0.039,OMEGA_apphot_ip
2025-02-17 08:40:23,,OMEGA_cal_apphot_ip,16.585666076,0.041,OMEGA_cal_apphot_ip
2025-02-17 08:37:58,,OMEGA_apphot_ip,18.778023462,0.098,OMEGA_apphot_ip
2025-02-17 08:37:58,,OMEGA_cal_apphot_ip,16.580470323,0.097,OMEGA_cal_apphot_ip
2025-02-17 08:35:33,,OMEGA_apphot_ip,18.784161588,0.061,OMEGA_apphot_ip
2025-02-17 08:35:33,,OMEGA_cal_apphot_ip,16.586479307,0.062,OMEGA_cal_apphot_ip
2025-02-17 08:33:08,,OMEGA_cal_apphot_ip,16.581146506,0.109,OMEGA_cal_apphot_ip
2025-02-17 08:33:08,,OMEGA_apphot_ip,18.778714177,0.11,OMEGA_apphot_ip
2025-02-17 08:18:12,,OMEGA_cal_apphot_gp,18.335175432,0.053,OMEGA_cal_apphot_gp
2025-02-17 08:18:12,,OMEGA_apphot_gp,20.129264745,0.052,OMEGA_apphot_gp
2025-02-17 08:17:58,,OMEGA_cal_apphot_gp,18.334472743,0.06,OMEGA_cal_apphot_gp
2025-02-17 08:17:58,,OMEGA_apphot_gp,20.128503977,0.061,OMEGA_apphot_gp
2025-02-17 08:12:46,,OMEGA_cal_apphot_gp,18.327543954,0.08,OMEGA_cal_apphot_gp
2025-02-17 08:12:46,,OMEGA_apphot_gp,20.121002505,0.083,OMEGA_apphot_gp
2025-02-17 08:12:32,,OMEGA_apphot_gp,20.163752588,0.066,OMEGA_apphot_gp
2025-02-17 08:12:32,,OMEGA_cal_apphot_gp,18.367030376,0.064,OMEGA_cal_apphot_gp
2025-02-17 08:08:38,,OMEGA_cal_apphot_ip,16.564635112,0.08,OMEGA_cal_apphot_ip
2025-02-17 08:08:38,,OMEGA_apphot_ip,18.761847927,0.08,OMEGA_apphot_ip
2025-02-17 08:08:32,,OMEGA_cal_apphot_ip,16.558324007,0.074,OMEGA_cal_apphot_ip
2025-02-17 08:08:32,,OMEGA_apphot_ip,18.755401186,0.074,OMEGA_apphot_ip
2025-02-17 08:06:13,,OMEGA_apphot_ip,18.77674481,0.068,OMEGA_apphot_ip
2025-02-17 08:06:13,,OMEGA_cal_apphot_ip,16.579218573,0.068,OMEGA_cal_apphot_ip
2025-02-17 08:06:06,,OMEGA_cal_apphot_ip,16.592068354,0.108,OMEGA_cal_apphot_ip
2025-02-17 08:06:06,,OMEGA_apphot_ip,18.789870754,0.11,OMEGA_apphot_ip
2025-02-17 08:03:48,,OMEGA_apphot_ip,18.787406812,0.104,OMEGA_apphot_ip
2025-02-17 08:03:48,,OMEGA_cal_apphot_ip,16.589656253,0.103,OMEGA_cal_apphot_ip
2025-02-17 08:03:41,,OMEGA_cal_apphot_ip,16.599468134,0.061,OMEGA_cal_apphot_ip
2025-02-17 08:03:41,,OMEGA_apphot_ip,18.797429566,0.061,OMEGA_apphot_ip
2025-02-17 08:01:22,,OMEGA_apphot_ip,18.781527211,0.069,OMEGA_apphot_ip
2025-02-17 08:01:22,,OMEGA_cal_apphot_ip,16.583900355,0.069,OMEGA_cal_apphot_ip
2025-02-17 08:01:16,,OMEGA_apphot_ip,18.783484215,0.111,OMEGA_apphot_ip
2025-02-17 08:01:16,,OMEGA_cal_apphot_ip,16.585816185,0.109,OMEGA_cal_apphot_ip
2025-02-17 02:03:18,ATLAS,o,> 19.014393726,,ATLAS
2025-02-17 01:41:13,ATLAS,o,> 19.051201868,,ATLAS
2025-02-17 01:31:44,ATLAS,o,> 18.978792628,,ATLAS
2025-02-17 01:26:27,ATLAS,o,> 18.910912013,,ATLAS
2025-02-16 17:44:47,,OMEGA_apphot_gp,20.165671542,0.116,OMEGA_apphot_gp
2025-02-16 17:44:47,,OMEGA_cal_apphot_gp,18.368802832,0.109,OMEGA_cal_apphot_gp
2025-02-16 17:40:41,,OMEGA_apphot_ip,18.817284202,0.075,OMEGA_apphot_ip
2025-02-16 17:40:41,,OMEGA_cal_apphot_ip,16.61890504,0.075,OMEGA_cal_apphot_ip
2025-02-16 17:39:21,,OMEGA_cal_apphot_gp,18.361183907,0.104,OMEGA_cal_apphot_gp
2025-02-16 17:39:21,,OMEGA_apphot_gp,20.157422892,0.11,OMEGA_apphot_gp
2025-02-16 17:37:34,,OMEGA_cal_apphot_ip,16.640195569,0.128,OMEGA_cal_apphot_ip
2025-02-16 17:37:34,,OMEGA_apphot_ip,18.839032299,0.13,OMEGA_apphot_ip
2025-02-16 17:35:20,,OMEGA_cal_apphot_ip,16.62549471,0.134,OMEGA_cal_apphot_ip
2025-02-16 17:35:20,,OMEGA_apphot_ip,18.824015495,0.136,OMEGA_apphot_ip
2025-02-16 17:35:02,,OMEGA_apphot_ip,18.828848524,0.113,OMEGA_apphot_ip
2025-02-16 17:35:02,,OMEGA_cal_apphot_ip,16.630226055,0.111,OMEGA_cal_apphot_ip
2025-02-16 17:32:55,,OMEGA_cal_apphot_ip,16.65093074,0.089,OMEGA_cal_apphot_ip
2025-02-16 17:32:55,,OMEGA_apphot_ip,18.849998185,0.09,OMEGA_apphot_ip
2025-02-16 17:32:37,,OMEGA_cal_apphot_ip,16.627186459,0.087,OMEGA_cal_apphot_ip
2025-02-16 17:32:37,,OMEGA_apphot_ip,18.825743603,0.088,OMEGA_apphot_ip
2025-02-16 17:30:30,,OMEGA_cal_apphot_ip,16.568919059,0.057,OMEGA_cal_apphot_ip
2025-02-16 17:30:30,,OMEGA_apphot_ip,18.766223943,0.056,OMEGA_apphot_ip
2025-02-16 08:44:17,,OMEGA_cal_apphot_gp,18.268685958,0.066,OMEGA_cal_apphot_gp
2025-02-16 08:44:17,,OMEGA_apphot_gp,20.057279734,0.067,OMEGA_apphot_gp
2025-02-16 08:38:50,,OMEGA_apphot_gp,20.107810786,0.095,OMEGA_apphot_gp
2025-02-16 08:38:50,,OMEGA_cal_apphot_gp,18.315359327,0.09,OMEGA_cal_apphot_gp
2025-02-16 08:38:18,,OGLE_I,16.138,0.011,OGLE
2025-02-16 08:34:50,,OMEGA_apphot_ip,18.765232329,0.071,OMEGA_apphot_ip
2025-02-16 08:34:50,,OMEGA_cal_apphot_ip,16.567948308,0.071,OMEGA_cal_apphot_ip
2025-02-16 08:34:47,,OMEGA_cal_apphot_ip,16.595140234,0.049,OMEGA_cal_apphot_ip
2025-02-16 08:34:47,,OMEGA_apphot_ip,18.793008652,0.047,OMEGA_apphot_ip
2025-02-16 08:33:57,ATLAS,o,> 19.212346841,,ATLAS
2025-02-16 08:32:25,,OMEGA_cal_apphot_ip,16.539035078,0.052,OMEGA_cal_apphot_ip
2025-02-16 08:32:25,,OMEGA_apphot_ip,18.735697708,0.052,OMEGA_apphot_ip
2025-02-16 08:32:22,,OMEGA_cal_apphot_ip,16.525076858,0.081,OMEGA_cal_apphot_ip
2025-02-16 08:32:22,,OMEGA_apphot_ip,18.721439503,0.081,OMEGA_apphot_ip
2025-02-16 08:30:00,,OMEGA_apphot_ip,18.77290401,0.082,OMEGA_apphot_ip
2025-02-16 08:30:00,,OMEGA_cal_apphot_ip,16.575458581,0.081,OMEGA_cal_apphot_ip
2025-02-16 08:29:56,,OMEGA_apphot_ip,18.777511106,0.053,OMEGA_apphot_ip
2025-02-16 08:29:56,,OMEGA_cal_apphot_ip,16.579968747,0.054,OMEGA_cal_apphot_ip
2025-02-16 08:28:42,ATLAS,o,> 18.910912013,,ATLAS
2025-02-16 08:27:35,,OMEGA_apphot_ip,18.717465118,0.069,OMEGA_apphot_ip
2025-02-16 08:27:35,,OMEGA_cal_apphot_ip,16.521186092,0.069,OMEGA_cal_apphot_ip
2025-02-16 08:27:32,,OMEGA_apphot_ip,18.729045747,0.065,OMEGA_apphot_ip
2025-02-16 08:27:32,,OMEGA_cal_apphot_ip,16.532523071,0.065,OMEGA_cal_apphot_ip
2025-02-16 08:21:23,,OMEGA_apphot_gp,20.09375663,0.119,OMEGA_apphot_gp
2025-02-16 08:21:23,,OMEGA_cal_apphot_gp,18.302378105,0.112,OMEGA_cal_apphot_gp
2025-02-16 08:15:58,,OMEGA_apphot_gp,20.026037545,0.129,OMEGA_apphot_gp
2025-02-16 08:15:58,,OMEGA_cal_apphot_gp,18.239828884,0.121,OMEGA_cal_apphot_gp
2025-02-16 08:11:58,,OMEGA_cal_apphot_ip,16.563436396,0.08,OMEGA_cal_apphot_ip
2025-02-16 08:11:58,,OMEGA_apphot_ip,18.760623449,0.081,OMEGA_apphot_ip
2025-02-16 08:11:57,,OMEGA_apphot_ip,18.816341211,0.099,OMEGA_apphot_ip
2025-02-16 08:11:57,,OMEGA_cal_apphot_ip,16.617981888,0.098,OMEGA_cal_apphot_ip
2025-02-16 08:09:32,,OMEGA_apphot_ip,18.766026747,0.066,OMEGA_apphot_ip
2025-02-16 08:09:32,,OMEGA_cal_apphot_ip,16.568726012,0.066,OMEGA_cal_apphot_ip
2025-02-16 08:07:07,,OMEGA_apphot_ip,18.755902339,0.044,OMEGA_apphot_ip
2025-02-16 08:07:07,,OMEGA_cal_apphot_ip,16.558814616,0.045,OMEGA_cal_apphot_ip
2025-02-16 08:04:42,,OMEGA_cal_apphot_ip,16.562447282,0.06,OMEGA_cal_apphot_ip
2025-02-16 08:04:42,,OMEGA_apphot_ip,18.759613077,0.059,OMEGA_apphot_ip
2025-02-16 07:58:11,ATLAS,o,> 19.014393726,,ATLAS
2025-02-16 07:54:10,ATLAS,o,> 19.089301784,,ATLAS
2025-02-16 02:48:07,,OMEGA_apphot_gp,20.118953204,0.077,OMEGA_apphot_gp
2025-02-16 02:48:07,,OMEGA_cal_apphot_gp,18.325651102,0.074,OMEGA_cal_apphot_gp
2025-02-16 02:47:03,,OMEGA_apphot_gp,20.151262713,0.095,OMEGA_apphot_gp
2025-02-16 02:47:03,,OMEGA_cal_apphot_gp,18.355494013,0.091,OMEGA_cal_apphot_gp
2025-02-16 02:42:41,,OMEGA_apphot_gp,20.191870008,0.079,OMEGA_apphot_gp
2025-02-16 02:42:41,,OMEGA_cal_apphot_gp,18.393001234,0.076,OMEGA_cal_apphot_gp
2025-02-16 02:41:33,,OMEGA_cal_apphot_gp,18.410271718,0.127,OMEGA_cal_apphot_gp
2025-02-16 02:41:33,,OMEGA_apphot_gp,20.210567944,0.135,OMEGA_apphot_gp
2025-02-16 02:38:40,,OMEGA_apphot_ip,18.90837097,0.13,OMEGA_apphot_ip
2025-02-16 02:38:40,,OMEGA_cal_apphot_ip,16.708075394,0.128,OMEGA_cal_apphot_ip
2025-02-16 02:36:13,,OMEGA_apphot_ip,18.927317363,0.152,OMEGA_apphot_ip
2025-02-16 02:36:13,,OMEGA_cal_apphot_ip,16.726623166,0.149,OMEGA_cal_apphot_ip
2025-02-16 02:16:19,,OMEGA_cal_apphot_gp,18.307706425,0.09,OMEGA_cal_apphot_gp
2025-02-16 02:16:19,,OMEGA_apphot_gp,20.09952535,0.094,OMEGA_apphot_gp
2025-02-16 02:16:14,,OMEGA_cal_apphot_gp,18.390501645,0.121,OMEGA_cal_apphot_gp
2025-02-16 02:16:14,,OMEGA_apphot_gp,20.18916382,0.129,OMEGA_apphot_gp
2025-02-16 02:10:50,,OMEGA_cal_apphot_gp,18.380946771,0.092,OMEGA_cal_apphot_gp
2025-02-16 02:10:50,,OMEGA_apphot_gp,20.17881921,0.096,OMEGA_apphot_gp
2025-02-16 02:10:42,,OMEGA_apphot_gp,20.237427775,0.13,OMEGA_apphot_gp
2025-02-16 02:10:42,,OMEGA_cal_apphot_gp,18.435080994,0.123,OMEGA_cal_apphot_gp
2025-02-16 02:06:49,,OMEGA_apphot_ip,18.760083165,0.086,OMEGA_apphot_ip
2025-02-16 02:06:49,,OMEGA_cal_apphot_ip,16.56290748,0.085,OMEGA_cal_apphot_ip
2025-02-16 02:06:42,,OMEGA_apphot_ip,18.798541127,0.096,OMEGA_apphot_ip
2025-02-16 02:06:42,,OMEGA_cal_apphot_ip,16.600556308,0.095,OMEGA_cal_apphot_ip
2025-02-16 02:04:24,,OMEGA_apphot_ip,18.77960443,0.051,OMEGA_apphot_ip
2025-02-16 02:04:24,,OMEGA_cal_apphot_ip,16.582018028,0.052,OMEGA_cal_apphot_ip
2025-02-16 02:04:16,,OMEGA_cal_apphot_ip,16.619264635,0.049,OMEGA_cal_apphot_ip
2025-02-16 02:04:16,,OMEGA_apphot_ip,18.817651525,0.048,OMEGA_apphot_ip
2025-02-16 02:01:54,,OMEGA_apphot_ip,18.761149407,0.08,OMEGA_apphot_ip
2025-02-16 02:01:54,,OMEGA_cal_apphot_ip,16.563951288,0.079,OMEGA_cal_apphot_ip
2025-02-16 02:01:51,,OMEGA_cal_apphot_ip,16.549779009,0.071,OMEGA_cal_apphot_ip
2025-02-16 02:01:51,,OMEGA_apphot_ip,18.746672543,0.071,OMEGA_apphot_ip
2025-02-16 01:59:27,,OMEGA_cal_apphot_ip,16.575357423,0.081,OMEGA_cal_apphot_ip
2025-02-16 01:59:27,,OMEGA_apphot_ip,18.772800677,0.082,OMEGA_apphot_ip
2025-02-16 01:59:26,,OMEGA_cal_apphot_ip,16.614387685,0.074,OMEGA_cal_apphot_ip
2025-02-16 01:59:26,,OMEGA_apphot_ip,18.812669762,0.074,OMEGA_apphot_ip
2025-02-15 09:06:14,ATLAS,o,> 19.014393726,,ATLAS
2025-02-15 08:58:53,ATLAS,o,> 18.944321917,,ATLAS
2025-02-15 08:55:37,,OMEGA_apphot_ip,18.753408404,0.063,OMEGA_apphot_ip
2025-02-15 08:55:37,,OMEGA_cal_apphot_ip,16.556373152,0.064,OMEGA_cal_apphot_ip
2025-02-15 08:53:11,,OMEGA_apphot_ip,18.73175242,0.065,OMEGA_apphot_ip
2025-02-15 08:53:11,,OMEGA_cal_apphot_ip,16.535172797,0.065,OMEGA_cal_apphot_ip
2025-02-15 08:52:50,ATLAS,o,> 18.786692553,,ATLAS
2025-02-15 08:50:44,,OMEGA_cal_apphot_ip,16.547449769,0.067,OMEGA_cal_apphot_ip
2025-02-15 08:50:44,,OMEGA_apphot_ip,18.744293244,0.066,OMEGA_apphot_ip
2025-02-15 08:49:50,,OMEGA_apphot_gp,20.091467872,0.084,OMEGA_apphot_gp
2025-02-15 08:49:50,,OMEGA_cal_apphot_gp,18.300264078,0.08,OMEGA_cal_apphot_gp
2025-02-15 08:48:17,,OMEGA_cal_apphot_ip,16.582727047,0.072,OMEGA_cal_apphot_ip
2025-02-15 08:48:17,,OMEGA_apphot_ip,18.780328687,0.072,OMEGA_apphot_ip
2025-02-15 08:44:24,,OMEGA_cal_apphot_gp,18.33019523,0.063,OMEGA_cal_apphot_gp
2025-02-15 08:44:24,,OMEGA_apphot_gp,20.123872916,0.064,OMEGA_apphot_gp
2025-02-15 08:40:24,,OMEGA_apphot_ip,18.717809089,0.085,OMEGA_apphot_ip
2025-02-15 08:40:24,,OMEGA_cal_apphot_ip,16.521522826,0.084,OMEGA_cal_apphot_ip
2025-02-15 08:37:59,,OMEGA_cal_apphot_ip,16.557006609,0.054,OMEGA_cal_apphot_ip
2025-02-15 08:37:59,,OMEGA_apphot_ip,18.754055475,0.054,OMEGA_apphot_ip
2025-02-15 08:35:34,,OMEGA_cal_apphot_ip,16.559395157,0.088,OMEGA_cal_apphot_ip
2025-02-15 08:35:34,,OMEGA_apphot_ip,18.756495357,0.089,OMEGA_apphot_ip
2025-02-15 08:33:09,,OMEGA_apphot_ip,18.774483635,0.087,OMEGA_apphot_ip
2025-02-15 08:33:09,,OMEGA_cal_apphot_ip,16.577004972,0.087,OMEGA_cal_apphot_ip
2025-02-15 02:59:13,,OMEGA_apphot_gp,20.085608122,0.077,OMEGA_apphot_gp
2025-02-15 02:59:13,,OMEGA_cal_apphot_gp,18.294851677,0.074,OMEGA_cal_apphot_gp
2025-02-15 02:53:47,,OMEGA_apphot_gp,20.06956224,0.062,OMEGA_apphot_gp
2025-02-15 02:53:47,,OMEGA_cal_apphot_gp,18.280030783,0.061,OMEGA_cal_apphot_gp
2025-02-15 02:52:00,,OMEGA_cal_apphot_gp,18.342677822,0.099,OMEGA_cal_apphot_gp
2025-02-15 02:52:00,,OMEGA_apphot_gp,20.137387228,0.105,OMEGA_apphot_gp
2025-02-15 02:49:47,,OMEGA_apphot_ip,18.757557544,0.05,OMEGA_apphot_ip
2025-02-15 02:49:47,,OMEGA_cal_apphot_ip,16.560434996,0.051,OMEGA_cal_apphot_ip
2025-02-15 02:47:21,,OMEGA_apphot_ip,18.753696204,0.062,OMEGA_apphot_ip
2025-02-15 02:47:21,,OMEGA_cal_apphot_ip,16.556654896,0.062,OMEGA_cal_apphot_ip
2025-02-15 02:46:34,,OMEGA_cal_apphot_gp,18.348865832,0.076,OMEGA_cal_apphot_gp
2025-02-15 02:46:34,,OMEGA_apphot_gp,20.144086694,0.079,OMEGA_apphot_gp
2025-02-15 02:44:56,,OMEGA_apphot_ip,18.723839427,0.075,OMEGA_apphot_ip
2025-02-15 02:44:56,,OMEGA_cal_apphot_ip,16.527426289,0.074,OMEGA_cal_apphot_ip
2025-02-15 02:42:31,,OMEGA_cal_apphot_ip,16.551360642,0.081,OMEGA_cal_apphot_ip
2025-02-15 02:42:31,,OMEGA_apphot_ip,18.748288168,0.082,OMEGA_apphot_ip
2025-02-15 02:42:31,,OMEGA_cal_apphot_ip,16.60891175,0.057,OMEGA_cal_apphot_ip
2025-02-15 02:42:31,,OMEGA_apphot_ip,18.807076141,0.056,OMEGA_apphot_ip
2025-02-15 02:40:06,,OMEGA_cal_apphot_ip,16.607716542,0.061,OMEGA_cal_apphot_ip
2025-02-15 02:40:06,,OMEGA_apphot_ip,18.805855246,0.06,OMEGA_apphot_ip
2025-02-15 02:37:41,,OMEGA_cal_apphot_ip,16.611520692,0.073,OMEGA_cal_apphot_ip
2025-02-15 02:37:41,,OMEGA_apphot_ip,18.809741154,0.074,OMEGA_apphot_ip
2025-02-15 02:35:16,,OMEGA_apphot_ip,18.816364132,0.08,OMEGA_apphot_ip
2025-02-15 02:35:16,,OMEGA_cal_apphot_ip,16.618004327,0.08,OMEGA_cal_apphot_ip
2025-02-15 02:19:57,,OMEGA_cal_apphot_gp,18.372759113,0.081,OMEGA_cal_apphot_gp
2025-02-15 02:19:57,,OMEGA_apphot_gp,20.16995482,0.084,OMEGA_apphot_gp
2025-02-15 02:14:30,,OMEGA_cal_apphot_gp,18.331949162,0.077,OMEGA_cal_apphot_gp
2025-02-15 02:14:30,,OMEGA_apphot_gp,20.125771816,0.08,OMEGA_apphot_gp
2025-02-15 02:10:30,,OMEGA_cal_apphot_ip,16.554288802,0.08,OMEGA_cal_apphot_ip
2025-02-15 02:10:30,,OMEGA_apphot_ip,18.751279259,0.081,OMEGA_apphot_ip
2025-02-15 02:08:05,,OMEGA_apphot_ip,18.776115,0.064,OMEGA_apphot_ip
2025-02-15 02:08:05,,OMEGA_cal_apphot_ip,16.578602014,0.064,OMEGA_cal_apphot_ip
2025-02-15 02:05:40,,OMEGA_cal_apphot_ip,16.585932503,0.06,OMEGA_cal_apphot_ip
2025-02-15 02:05:40,,OMEGA_apphot_ip,18.783603033,0.06,OMEGA_apphot_ip
2025-02-15 02:03:12,,OMEGA_cal_apphot_ip,16.54121988,0.055,OMEGA_cal_apphot_ip
2025-02-15 02:03:12,,OMEGA_apphot_ip,18.737929465,0.054,OMEGA_apphot_ip
2025-02-14 08:50:48,,OMEGA_apphot_gp,20.155151345,0.064,OMEGA_apphot_gp
2025-02-14 08:50:48,,OMEGA_cal_apphot_gp,18.359085777,0.063,OMEGA_cal_apphot_gp
2025-02-14 08:45:22,,OMEGA_apphot_gp,20.096886013,0.08,OMEGA_apphot_gp
2025-02-14 08:45:22,,OMEGA_cal_apphot_gp,18.305268583,0.077,OMEGA_cal_apphot_gp
2025-02-14 08:43:17,,OMEGA_cal_apphot_ip,16.545185505,0.061,OMEGA_cal_apphot_ip
2025-02-14 08:43:17,,OMEGA_apphot_ip,18.741980317,0.06,OMEGA_apphot_ip
2025-02-14 08:41:22,,OMEGA_apphot_ip,18.74271844,0.059,OMEGA_apphot_ip
2025-02-14 08:41:22,,OMEGA_cal_apphot_ip,16.545908098,0.059,OMEGA_cal_apphot_ip
2025-02-14 08:40:50,,OMEGA_cal_apphot_ip,16.562354154,0.069,OMEGA_cal_apphot_ip
2025-02-14 08:40:50,,OMEGA_apphot_ip,18.759517948,0.069,OMEGA_apphot_ip
2025-02-14 08:38:57,,OMEGA_apphot_ip,18.77674452,0.058,OMEGA_apphot_ip
2025-02-14 08:38:57,,OMEGA_cal_apphot_ip,16.57921829,0.058,OMEGA_cal_apphot_ip
2025-02-14 08:38:23,,OMEGA_cal_apphot_ip,16.535584058,0.059,OMEGA_cal_apphot_ip
2025-02-14 08:38:23,,OMEGA_apphot_ip,18.732172519,0.059,OMEGA_apphot_ip
2025-02-14 08:36:32,,OMEGA_apphot_ip,18.773453434,0.093,OMEGA_apphot_ip
2025-02-14 08:36:32,,OMEGA_cal_apphot_ip,16.575996446,0.092,OMEGA_cal_apphot_ip
2025-02-14 08:35:55,,OMEGA_apphot_ip,18.746381,0.069,OMEGA_apphot_ip
2025-02-14 08:35:55,,OMEGA_cal_apphot_ip,16.5494936,0.069,OMEGA_cal_apphot_ip
2025-02-14 08:34:07,,OMEGA_cal_apphot_ip,16.582781659,0.066,OMEGA_cal_apphot_ip
2025-02-14 08:34:07,,OMEGA_apphot_ip,18.780384472,0.066,OMEGA_apphot_ip
2025-02-14 03:11:06,ATLAS,o,> 18.847026752,,ATLAS
2025-02-14 03:08:17,ATLAS,o,> 18.816440611,,ATLAS
2025-02-14 02:49:04,,OMEGA_apphot_gp,20.103620295,0.093,OMEGA_apphot_gp
2025-02-14 02:49:04,,OMEGA_cal_apphot_gp,18.311488751,0.088,OMEGA_cal_apphot_gp
2025-02-14 02:46:27,ATLAS,o,> 19.089301784,,ATLAS
2025-02-14 02:44:24,,OMEGA_apphot_gp,20.024019487,0.084,OMEGA_apphot_gp
2025-02-14 02:44:24,,OMEGA_cal_apphot_gp,18.23796489,0.081,OMEGA_cal_apphot_gp
2025-02-14 02:43:39,,OMEGA_apphot_gp,20.220278948,0.134,OMEGA_apphot_gp
2025-02-14 02:43:39,,OMEGA_cal_apphot_gp,18.419241357,0.126,OMEGA_cal_apphot_gp
2025-02-14 02:39:38,,OMEGA_cal_apphot_ip,16.634688216,0.096,OMEGA_cal_apphot_ip
2025-02-14 02:39:38,,OMEGA_apphot_ip,18.833406584,0.097,OMEGA_apphot_ip
2025-02-14 02:38:58,,OMEGA_cal_apphot_gp,18.292079122,0.084,OMEGA_cal_apphot_gp
2025-02-14 02:38:58,,OMEGA_apphot_gp,20.082606408,0.088,OMEGA_apphot_gp
2025-02-14 02:37:13,,OMEGA_apphot_ip,18.800775778,0.075,OMEGA_apphot_ip
2025-02-14 02:37:13,,OMEGA_cal_apphot_ip,16.602743944,0.075,OMEGA_cal_apphot_ip
2025-02-14 02:34:57,,OMEGA_cal_apphot_ip,16.559077044,0.066,OMEGA_cal_apphot_ip
2025-02-14 02:34:57,,OMEGA_apphot_ip,18.756170407,0.066,OMEGA_apphot_ip
2025-02-14 02:34:48,,OMEGA_cal_apphot_ip,16.602266743,0.052,OMEGA_cal_apphot_ip
2025-02-14 02:34:48,,OMEGA_apphot_ip,18.800288322,0.051,OMEGA_apphot_ip
2025-02-14 02:32:28,,OMEGA_apphot_ip,18.767253887,0.061,OMEGA_apphot_ip
2025-02-14 02:32:28,,OMEGA_cal_apphot_ip,16.569927333,0.061,OMEGA_cal_apphot_ip
2025-02-14 02:32:23,,OMEGA_cal_apphot_ip,16.582080367,0.049,OMEGA_cal_apphot_ip
2025-02-14 02:32:23,,OMEGA_apphot_ip,18.779668109,0.048,OMEGA_apphot_ip
2025-02-14 02:29:59,,OMEGA_apphot_ip,18.751477829,0.075,OMEGA_apphot_ip
2025-02-14 02:29:59,,OMEGA_cal_apphot_ip,16.554483195,0.075,OMEGA_cal_apphot_ip
2025-02-14 02:27:34,,OMEGA_apphot_ip,18.763334035,0.092,OMEGA_apphot_ip
2025-02-14 02:27:34,,OMEGA_cal_apphot_ip,16.566089953,0.091,OMEGA_cal_apphot_ip
2025-02-14 02:19:26,ATLAS,o,> 18.550302283,,ATLAS
2025-02-13 09:00:07,,OMEGA_cal_apphot_gp,18.306710381,0.078,OMEGA_cal_apphot_gp
2025-02-13 09:00:07,,OMEGA_apphot_gp,20.09844698,0.081,OMEGA_apphot_gp
2025-02-13 08:54:41,,OMEGA_cal_apphot_gp,18.367202204,0.092,OMEGA_cal_apphot_gp
2025-02-13 08:54:41,,OMEGA_apphot_gp,20.163938617,0.097,OMEGA_apphot_gp
2025-02-13 08:51:49,,OMEGA_apphot_gp,20.08919219,0.092,OMEGA_apphot_gp
2025-02-13 08:51:49,,OMEGA_cal_apphot_gp,18.298162127,0.087,OMEGA_cal_apphot_gp
2025-02-13 08:50:41,,OMEGA_cal_apphot_ip,16.567714323,0.049,OMEGA_cal_apphot_ip
2025-02-13 08:50:41,,OMEGA_apphot_ip,18.764993316,0.047,OMEGA_apphot_ip
2025-02-13 08:48:16,,OMEGA_apphot_ip,18.748343309,0.063,OMEGA_apphot_ip
2025-02-13 08:48:16,,OMEGA_cal_apphot_ip,16.551414623,0.064,OMEGA_cal_apphot_ip
2025-02-13 08:46:23,,OMEGA_cal_apphot_gp,18.31016727,0.073,OMEGA_cal_apphot_gp
2025-02-13 08:46:23,,OMEGA_apphot_gp,20.102189591,0.075,OMEGA_apphot_gp
2025-02-13 08:45:51,,OMEGA_cal_apphot_ip,16.566986607,0.064,OMEGA_cal_apphot_ip
2025-02-13 08:45:51,,OMEGA_apphot_ip,18.76424996,0.064,OMEGA_apphot_ip
2025-02-13 08:43:26,,OMEGA_cal_apphot_ip,16.529810798,0.071,OMEGA_cal_apphot_ip
2025-02-13 08:43:26,,OMEGA_apphot_ip,18.726275183,0.071,OMEGA_apphot_ip
2025-02-13 08:42:23,,OMEGA_cal_apphot_ip,16.550831439,0.059,OMEGA_cal_apphot_ip
2025-02-13 08:42:23,,OMEGA_apphot_ip,18.747747591,0.059,OMEGA_apphot_ip
2025-02-13 08:42:14,,OGLE_I,16.163,0.014,OGLE
2025-02-13 08:39:58,,OMEGA_cal_apphot_ip,16.561104851,0.098,OMEGA_cal_apphot_ip
2025-02-13 08:39:58,,OMEGA_apphot_ip,18.758241795,0.099,OMEGA_apphot_ip
2025-02-13 08:37:33,,OMEGA_cal_apphot_ip,16.540276637,0.049,OMEGA_cal_apphot_ip
2025-02-13 08:37:33,,OMEGA_apphot_ip,18.736965949,0.048,OMEGA_apphot_ip
2025-02-13 08:35:08,,OMEGA_cal_apphot_ip,16.541793352,0.047,OMEGA_cal_apphot_ip
2025-02-13 08:35:08,,OMEGA_apphot_ip,18.738515262,0.046,OMEGA_apphot_ip
2025-02-13 02:50:12,,OMEGA_cal_apphot_gp,18.300262408,0.083,OMEGA_cal_apphot_gp
2025-02-13 02:50:12,,OMEGA_apphot_gp,20.091466065,0.087,OMEGA_apphot_gp
2025-02-13 02:50:03,,OMEGA_apphot_gp,20.227196682,0.091,OMEGA_apphot_gp
2025-02-13 02:50:03,,OMEGA_cal_apphot_gp,18.425630971,0.087,OMEGA_cal_apphot_gp
2025-02-13 02:44:46,,OMEGA_cal_apphot_gp,18.377994495,0.093,OMEGA_cal_apphot_gp
2025-02-13 02:44:46,,OMEGA_apphot_gp,20.175622921,0.097,OMEGA_apphot_gp
2025-02-13 02:44:37,,OMEGA_cal_apphot_gp,18.428905479,0.101,OMEGA_cal_apphot_gp
2025-02-13 02:44:37,,OMEGA_apphot_gp,20.230741836,0.107,OMEGA_apphot_gp
2025-02-13 02:40:37,,OMEGA_cal_apphot_ip,16.579544971,0.044,OMEGA_cal_apphot_ip
2025-02-13 02:40:37,,OMEGA_apphot_ip,18.777078223,0.042,OMEGA_apphot_ip
2025-02-13 02:40:37,,OMEGA_cal_apphot_ip,16.578075573,0.057,OMEGA_cal_apphot_ip
2025-02-13 02:40:37,,OMEGA_apphot_ip,18.775577245,0.057,OMEGA_apphot_ip
2025-02-13 02:38:12,,OMEGA_apphot_ip,18.773992664,0.06,OMEGA_apphot_ip
2025-02-13 02:38:12,,OMEGA_cal_apphot_ip,16.576524331,0.06,OMEGA_cal_apphot_ip
2025-02-13 02:38:12,,OMEGA_apphot_ip,18.741778469,0.07,OMEGA_apphot_ip
2025-02-13 02:38:12,,OMEGA_cal_apphot_ip,16.544987903,0.07,OMEGA_cal_apphot_ip
2025-02-13 02:35:47,,OMEGA_cal_apphot_ip,16.567150031,0.061,OMEGA_cal_apphot_ip
2025-02-13 02:35:47,,OMEGA_apphot_ip,18.764416896,0.06,OMEGA_apphot_ip
2025-02-13 02:35:46,,OMEGA_apphot_ip,18.743665933,0.053,OMEGA_apphot_ip
2025-02-13 02:35:46,,OMEGA_cal_apphot_ip,16.546835656,0.054,OMEGA_cal_apphot_ip
2025-02-13 02:33:22,,OMEGA_cal_apphot_ip,16.551026164,0.078,OMEGA_cal_apphot_ip
2025-02-13 02:33:22,,OMEGA_apphot_ip,18.747946501,0.078,OMEGA_apphot_ip
2025-02-13 02:33:21,,OMEGA_cal_apphot_ip,16.548071461,0.077,OMEGA_cal_apphot_ip
2025-02-13 02:33:21,,OMEGA_apphot_ip,18.744928297,0.077,OMEGA_apphot_ip
2025-02-12 09:25:42,ATLAS,o,> 18.226217639,,ATLAS
2025-02-12 09:19:02,ATLAS,o,> 18.757737871,,ATLAS
2025-02-12 09:16:08,,OMEGA_cal_apphot_gp,18.315529233,0.092,OMEGA_cal_apphot_gp
2025-02-12 09:16:08,,OMEGA_apphot_gp,20.107994734,0.097,OMEGA_apphot_gp
2025-02-12 09:10:42,,OMEGA_apphot_gp,20.07926116,0.085,OMEGA_apphot_gp
2025-02-12 09:10:42,,OMEGA_cal_apphot_gp,18.28898926,0.081,OMEGA_cal_apphot_gp
2025-02-12 09:06:42,,OMEGA_apphot_ip,18.738131613,0.1,OMEGA_apphot_ip
2025-02-12 09:06:42,,OMEGA_cal_apphot_ip,16.541417775,0.099,OMEGA_cal_apphot_ip
2025-02-12 09:05:45,ATLAS,o,> 19.014393726,,ATLAS
2025-02-12 09:04:16,,OMEGA_apphot_ip,18.772830148,0.073,OMEGA_apphot_ip
2025-02-12 09:04:16,,OMEGA_cal_apphot_ip,16.575386273,0.073,OMEGA_cal_apphot_ip
2025-02-12 09:03:45,ATLAS,o,> 18.786692553,,ATLAS
2025-02-12 09:01:51,,OMEGA_apphot_ip,18.741298158,0.072,OMEGA_apphot_ip
2025-02-12 09:01:51,,OMEGA_cal_apphot_ip,16.544517698,0.072,OMEGA_cal_apphot_ip
2025-02-12 08:59:22,,OMEGA_apphot_ip,18.739573,0.074,OMEGA_apphot_ip
2025-02-12 08:59:22,,OMEGA_cal_apphot_ip,16.542828837,0.074,OMEGA_cal_apphot_ip
2025-02-12 08:56:19,ATLAS,o,> 18.816440611,,ATLAS
2025-02-12 08:55:01,ATLAS,o,> 18.623525724,,ATLAS
2025-02-12 08:53:49,,OMEGA_cal_apphot_gp,18.277155145,0.09,OMEGA_cal_apphot_gp
2025-02-12 08:53:49,,OMEGA_apphot_gp,20.066448923,0.094,OMEGA_apphot_gp
2025-02-12 08:52:34,,OMEGA_apphot_gp,20.057623867,0.099,OMEGA_apphot_gp
2025-02-12 08:52:34,,OMEGA_cal_apphot_gp,18.269003818,0.094,OMEGA_cal_apphot_gp
2025-02-12 08:50:22,ATLAS,o,> 18.598565171,,ATLAS
2025-02-12 08:49:04,ATLAS,o,> 18.816440611,,ATLAS
2025-02-12 08:48:23,,OMEGA_apphot_gp,20.112187243,0.1,OMEGA_apphot_gp
2025-02-12 08:48:23,,OMEGA_cal_apphot_gp,18.319401674,0.095,OMEGA_cal_apphot_gp
2025-02-12 08:47:09,,OMEGA_cal_apphot_gp,18.368152264,0.085,OMEGA_cal_apphot_gp
2025-02-12 08:47:09,,OMEGA_apphot_gp,20.164967203,0.089,OMEGA_apphot_gp
2025-02-12 08:44:23,,OMEGA_apphot_ip,18.718023076,0.065,OMEGA_apphot_ip
2025-02-12 08:44:23,,OMEGA_cal_apphot_ip,16.521732311,0.065,OMEGA_cal_apphot_ip
2025-02-12 08:43:08,,OMEGA_cal_apphot_ip,16.513363442,0.085,OMEGA_cal_apphot_ip
2025-02-12 08:43:08,,OMEGA_apphot_ip,18.709474347,0.086,OMEGA_apphot_ip
2025-02-12 08:41:58,,OMEGA_cal_apphot_ip,16.539424666,0.061,OMEGA_cal_apphot_ip
2025-02-12 08:41:58,,OMEGA_apphot_ip,18.736095669,0.06,OMEGA_apphot_ip
2025-02-12 08:40:43,,OMEGA_cal_apphot_ip,16.584475182,0.071,OMEGA_cal_apphot_ip
2025-02-12 08:40:43,,OMEGA_apphot_ip,18.782114392,0.071,OMEGA_apphot_ip
2025-02-12 08:39:33,,OMEGA_apphot_ip,18.727352866,0.053,OMEGA_apphot_ip
2025-02-12 08:39:33,,OMEGA_cal_apphot_ip,16.530865807,0.054,OMEGA_cal_apphot_ip
2025-02-12 08:38:18,,OMEGA_cal_apphot_ip,16.567137873,0.08,OMEGA_cal_apphot_ip
2025-02-12 08:38:18,,OMEGA_apphot_ip,18.764404477,0.08,OMEGA_apphot_ip
2025-02-12 08:37:08,,OMEGA_cal_apphot_ip,16.539229795,0.082,OMEGA_cal_apphot_ip
2025-02-12 08:37:08,,OMEGA_apphot_ip,18.735896609,0.082,OMEGA_apphot_ip
2025-02-12 08:35:53,,OMEGA_apphot_ip,18.833837373,0.136,OMEGA_apphot_ip
2025-02-12 08:35:53,,OMEGA_cal_apphot_ip,16.635109941,0.134,OMEGA_cal_apphot_ip
2025-02-12 08:35:14,,OMEGA_apphot_ip,18.765240765,0.067,OMEGA_apphot_ip
2025-02-12 08:35:14,,OMEGA_cal_apphot_ip,16.567956566,0.067,OMEGA_cal_apphot_ip
2025-02-12 02:51:08,,OMEGA_apphot_gp,20.113427934,0.075,OMEGA_apphot_gp
2025-02-12 02:51:08,,OMEGA_cal_apphot_gp,18.320547647,0.072,OMEGA_cal_apphot_gp
2025-02-12 02:45:42,,OMEGA_cal_apphot_gp,18.286778156,0.104,OMEGA_cal_apphot_gp
2025-02-12 02:45:42,,OMEGA_apphot_gp,20.076867302,0.11,OMEGA_apphot_gp
2025-02-12 02:43:28,,OMEGA_apphot_ip,18.737963862,0.107,OMEGA_apphot_ip
2025-02-12 02:43:28,,OMEGA_cal_apphot_ip,16.541253554,0.106,OMEGA_cal_apphot_ip
2025-02-12 02:41:42,,OMEGA_cal_apphot_ip,16.530313239,0.065,OMEGA_cal_apphot_ip
2025-02-12 02:41:42,,OMEGA_apphot_ip,18.726788422,0.064,OMEGA_apphot_ip
2025-02-12 02:41:03,,OMEGA_apphot_ip,18.751483649,0.065,OMEGA_apphot_ip
2025-02-12 02:41:03,,OMEGA_cal_apphot_ip,16.554488893,0.065,OMEGA_cal_apphot_ip
2025-02-12 02:39:15,,OMEGA_cal_apphot_ip,16.551630688,0.07,OMEGA_cal_apphot_ip
2025-02-12 02:39:15,,OMEGA_apphot_ip,18.748564018,0.07,OMEGA_apphot_ip
2025-02-12 02:38:38,,OMEGA_cal_apphot_ip,16.567071544,0.056,OMEGA_cal_apphot_ip
2025-02-12 02:38:38,,OMEGA_apphot_ip,18.764336722,0.055,OMEGA_apphot_ip
2025-02-12 02:36:50,,OMEGA_apphot_ip,18.738215629,0.059,OMEGA_apphot_ip
2025-02-12 02:36:50,,OMEGA_cal_apphot_ip,16.541500024,0.06,OMEGA_cal_apphot_ip
2025-02-12 02:34:25,,OMEGA_apphot_ip,18.747988873,0.067,OMEGA_apphot_ip
2025-02-12 02:34:25,,OMEGA_cal_apphot_ip,16.551067645,0.067,OMEGA_cal_apphot_ip
2025-02-11 18:21:51,,OMEGA_apphot_gp,20.107837763,0.087,OMEGA_apphot_gp
2025-02-11 18:21:51,,OMEGA_cal_apphot_gp,18.315384245,0.083,OMEGA_cal_apphot_gp
2025-02-11 18:16:33,,OMEGA_apphot_gp,20.144385353,0.093,OMEGA_apphot_gp
2025-02-11 18:16:33,,OMEGA_cal_apphot_gp,18.349141691,0.089,OMEGA_cal_apphot_gp
2025-02-11 18:16:28,,OMEGA_cal_apphot_gp,18.397051677,0.088,OMEGA_cal_apphot_gp
2025-02-11 18:16:28,,OMEGA_apphot_gp,20.19625523,0.092,OMEGA_apphot_gp
2025-02-11 18:12:28,,OMEGA_apphot_ip,18.759406939,0.05,OMEGA_apphot_ip
2025-02-11 18:12:28,,OMEGA_cal_apphot_ip,16.562245481,0.051,OMEGA_cal_apphot_ip
2025-02-11 18:11:07,,OMEGA_apphot_gp,20.196012251,0.104,OMEGA_apphot_gp
2025-02-11 18:11:07,,OMEGA_cal_apphot_gp,18.396827247,0.099,OMEGA_cal_apphot_gp
2025-02-11 18:10:02,,OMEGA_apphot_ip,18.74797897,0.07,OMEGA_apphot_ip
2025-02-11 18:10:02,,OMEGA_cal_apphot_ip,16.55105795,0.07,OMEGA_cal_apphot_ip
2025-02-11 18:07:37,,OMEGA_cal_apphot_ip,16.576869193,0.05,OMEGA_cal_apphot_ip
2025-02-11 18:07:37,,OMEGA_apphot_ip,18.774344938,0.049,OMEGA_apphot_ip
2025-02-11 18:07:06,,OMEGA_apphot_ip,18.780188317,0.089,OMEGA_apphot_ip
2025-02-11 18:07:06,,OMEGA_cal_apphot_ip,16.582589631,0.088,OMEGA_cal_apphot_ip
2025-02-11 18:05:12,,OMEGA_cal_apphot_ip,16.583391191,0.053,OMEGA_cal_apphot_ip
2025-02-11 18:05:12,,OMEGA_apphot_ip,18.781007105,0.052,OMEGA_apphot_ip
2025-02-11 18:04:41,,OMEGA_cal_apphot_ip,16.641128631,0.12,OMEGA_cal_apphot_ip
2025-02-11 18:04:41,,OMEGA_apphot_ip,18.839985414,0.122,OMEGA_apphot_ip
2025-02-11 18:02:16,,OMEGA_cal_apphot_ip,16.550716022,0.068,OMEGA_cal_apphot_ip
2025-02-11 18:02:16,,OMEGA_apphot_ip,18.747629694,0.068,OMEGA_apphot_ip
2025-02-11 17:59:50,,OMEGA_apphot_ip,18.810385275,0.092,OMEGA_apphot_ip
2025-02-11 17:59:50,,OMEGA_cal_apphot_ip,16.612151262,0.091,OMEGA_cal_apphot_ip
2025-02-11 08:53:37,,OMEGA_apphot_gp,20.137336755,0.059,OMEGA_apphot_gp
2025-02-11 08:53:37,,OMEGA_cal_apphot_gp,18.342631202,0.059,OMEGA_cal_apphot_gp
2025-02-11 08:53:36,,OMEGA_apphot_gp,20.040955709,0.081,OMEGA_apphot_gp
2025-02-11 08:53:36,,OMEGA_cal_apphot_gp,18.253608154,0.078,OMEGA_cal_apphot_gp
2025-02-11 08:48:11,,OMEGA_apphot_gp,20.121277746,0.073,OMEGA_apphot_gp
2025-02-11 08:48:11,,OMEGA_cal_apphot_gp,18.327798182,0.071,OMEGA_cal_apphot_gp
2025-02-11 08:48:10,,OMEGA_cal_apphot_gp,18.275218824,0.083,OMEGA_cal_apphot_gp
2025-02-11 08:48:10,,OMEGA_apphot_gp,20.06435256,0.087,OMEGA_apphot_gp
2025-02-11 08:44:11,,OMEGA_cal_apphot_ip,16.582667065,0.1,OMEGA_cal_apphot_ip
2025-02-11 08:44:11,,OMEGA_apphot_ip,18.780267415,0.102,OMEGA_apphot_ip
2025-02-11 08:44:10,,OMEGA_cal_apphot_ip,16.570602685,0.044,OMEGA_cal_apphot_ip
2025-02-11 08:44:10,,OMEGA_apphot_ip,18.767943753,0.043,OMEGA_apphot_ip
2025-02-11 08:41:46,,OMEGA_apphot_ip,18.753043502,0.055,OMEGA_apphot_ip
2025-02-11 08:41:46,,OMEGA_cal_apphot_ip,16.556015927,0.056,OMEGA_cal_apphot_ip
2025-02-11 08:41:44,,OMEGA_cal_apphot_ip,16.576829578,0.083,OMEGA_cal_apphot_ip
2025-02-11 08:41:44,,OMEGA_apphot_ip,18.774304472,0.084,OMEGA_apphot_ip
2025-02-11 08:39:21,,OMEGA_apphot_ip,18.751175413,0.053,OMEGA_apphot_ip
2025-02-11 08:39:21,,OMEGA_cal_apphot_ip,16.554187141,0.054,OMEGA_cal_apphot_ip
2025-02-11 08:39:19,,OMEGA_apphot_ip,18.773505978,0.074,OMEGA_apphot_ip
2025-02-11 08:39:19,,OMEGA_cal_apphot_ip,16.576047884,0.074,OMEGA_cal_apphot_ip
2025-02-11 08:36:55,,OMEGA_cal_apphot_ip,16.55665421,0.08,OMEGA_cal_apphot_ip
2025-02-11 08:36:55,,OMEGA_apphot_ip,18.753695503,0.08,OMEGA_apphot_ip
2025-02-11 08:36:54,,OMEGA_cal_apphot_ip,16.549298444,0.054,OMEGA_cal_apphot_ip
2025-02-11 08:36:54,,OMEGA_apphot_ip,18.74618165,0.054,OMEGA_apphot_ip
2025-02-10 08:55:15,,OGLE_I,16.151,0.01,OGLE
2024-10-30 00:08:46,,OGLE_I,15.955,0.011,OGLE
2024-10-27 09:44:56,,OMEGA_apphot_ip,18.524210325,0.051,OMEGA_apphot_ip
2024-10-27 09:44:56,,OMEGA_cal_apphot_ip,16.331997268,0.052,OMEGA_cal_apphot_ip
2024-10-27 09:41:29,,OMEGA_cal_apphot_ip,16.340172622,0.061,OMEGA_cal_apphot_ip
2024-10-27 09:41:29,,OMEGA_apphot_ip,18.53256138,0.061,OMEGA_apphot_ip
2024-10-27 09:38:03,,OMEGA_cal_apphot_ip,16.357154829,0.043,OMEGA_cal_apphot_ip
2024-10-27 09:38:03,,OMEGA_apphot_ip,18.549908562,0.041,OMEGA_apphot_ip
2024-10-26 00:28:46,,OMEGA_apphot_gp,19.845861362,0.103,OMEGA_apphot_gp
2024-10-26 00:28:46,,OMEGA_cal_apphot_gp,18.073407853,0.097,OMEGA_cal_apphot_gp
2024-10-26 00:25:17,,OMEGA_apphot_gp,19.873160261,0.058,OMEGA_apphot_gp
2024-10-26 00:25:17,,OMEGA_cal_apphot_gp,18.098622678,0.057,OMEGA_cal_apphot_gp
2024-10-26 00:22:16,,OMEGA_apphot_ip,18.531071635,0.062,OMEGA_apphot_ip
2024-10-26 00:22:16,,OMEGA_cal_apphot_ip,16.338714221,0.062,OMEGA_cal_apphot_ip
2024-10-26 00:19:50,,OMEGA_cal_apphot_ip,16.325500426,0.063,OMEGA_cal_apphot_ip
2024-10-26 00:19:50,,OMEGA_apphot_ip,18.517573855,0.063,OMEGA_apphot_ip
2024-10-26 00:17:24,,OMEGA_apphot_ip,18.51867474,0.059,OMEGA_apphot_ip
2024-10-26 00:17:24,,OMEGA_cal_apphot_ip,16.32657815,0.059,OMEGA_cal_apphot_ip
2024-10-26 00:14:58,,OMEGA_cal_apphot_ip,16.336633754,0.056,OMEGA_cal_apphot_ip
2024-10-26 00:14:58,,OMEGA_apphot_ip,18.528946456,0.056,OMEGA_apphot_ip
2024-10-25 09:46:22,,OMEGA_cal_apphot_ip,16.340129496,0.065,OMEGA_cal_apphot_ip
2024-10-25 09:46:22,,OMEGA_apphot_ip,18.532517327,0.065,OMEGA_apphot_ip
2024-10-25 09:43:56,,OMEGA_cal_apphot_ip,16.359298208,0.071,OMEGA_cal_apphot_ip
2024-10-25 09:43:56,,OMEGA_apphot_ip,18.552098005,0.072,OMEGA_apphot_ip
2024-10-25 09:41:29,,OMEGA_apphot_ip,18.523089134,0.043,OMEGA_apphot_ip
2024-10-25 09:41:29,,OMEGA_cal_apphot_ip,16.330899666,0.045,OMEGA_cal_apphot_ip
2024-10-25 00:24:40,,OMEGA_apphot_ip,18.576254118,0.137,OMEGA_apphot_ip
2024-10-25 00:24:40,,OMEGA_cal_apphot_ip,16.38294609,0.135,OMEGA_cal_apphot_ip
2024-10-25 00:22:14,,OMEGA_cal_apphot_ip,16.405037791,0.102,OMEGA_cal_apphot_ip
2024-10-25 00:22:14,,OMEGA_apphot_ip,18.598820605,0.104,OMEGA_apphot_ip
2024-10-25 00:19:48,,OMEGA_cal_apphot_ip,16.375284766,0.079,OMEGA_cal_apphot_ip
2024-10-25 00:19:48,,OMEGA_apphot_ip,18.56842814,0.079,OMEGA_apphot_ip
2024-10-25 00:17:22,,OMEGA_cal_apphot_ip,16.41699236,0.118,OMEGA_cal_apphot_ip
2024-10-25 00:17:22,,OMEGA_apphot_ip,18.611032097,0.12,OMEGA_apphot_ip
2024-10-24 00:29:06,,OMEGA_apphot_ip,18.608346792,0.104,OMEGA_apphot_ip
2024-10-24 00:29:06,,OMEGA_cal_apphot_ip,16.414363553,0.103,OMEGA_cal_apphot_ip
2024-10-24 00:26:41,,OMEGA_apphot_ip,18.559559058,0.122,OMEGA_apphot_ip
2024-10-24 00:26:41,,OMEGA_cal_apphot_ip,16.366602285,0.12,OMEGA_cal_apphot_ip
2024-10-24 00:24:15,,OMEGA_apphot_ip,18.569838496,0.098,OMEGA_apphot_ip
2024-10-24 00:24:15,,OMEGA_cal_apphot_ip,16.376665449,0.096,OMEGA_cal_apphot_ip
2024-10-24 00:21:49,,OMEGA_cal_apphot_ip,16.446008346,0.138,OMEGA_cal_apphot_ip
2024-10-24 00:21:49,,OMEGA_apphot_ip,18.640671683,0.14,OMEGA_apphot_ip
2024-10-23 00:35:59,,OMEGA_cal_apphot_gp,18.138086185,0.102,OMEGA_cal_apphot_gp
2024-10-23 00:35:59,,OMEGA_apphot_gp,19.915885534,0.108,OMEGA_apphot_gp
2024-10-23 00:32:34,,OMEGA_cal_apphot_gp,18.195491194,0.115,OMEGA_cal_apphot_gp
2024-10-23 00:32:34,,OMEGA_apphot_gp,19.978035224,0.123,OMEGA_apphot_gp
2024-10-22 09:43:17,,OMEGA_apphot_gp,19.866985595,0.062,OMEGA_apphot_gp
2024-10-22 09:43:17,,OMEGA_cal_apphot_gp,18.092919403,0.06,OMEGA_cal_apphot_gp
2024-10-22 09:39:51,,OMEGA_cal_apphot_gp,18.081957109,0.063,OMEGA_cal_apphot_gp
2024-10-22 09:39:51,,OMEGA_apphot_gp,19.855117237,0.065,OMEGA_apphot_gp
2024-10-22 09:36:24,,OMEGA_apphot_gp,19.817178236,0.084,OMEGA_apphot_gp
2024-10-22 09:36:24,,OMEGA_cal_apphot_gp,18.046914477,0.08,OMEGA_cal_apphot_gp
2024-10-22 09:32:58,,OMEGA_cal_apphot_gp,18.100186882,0.057,OMEGA_cal_apphot_gp
2024-10-22 09:32:58,,OMEGA_apphot_gp,19.874853751,0.058,OMEGA_apphot_gp
2024-10-22 02:21:02,ATLAS,o,18.49,0.189,ATLAS
2024-10-22 01:59:32,ATLAS,o,18.263,0.141,ATLAS
2024-10-22 00:39:20,ATLAS,o,18.263,0.138,ATLAS
2024-10-22 00:35:17,ATLAS,o,18.4,0.124,ATLAS
2024-10-22 00:23:08,,OMEGA_apphot_gp,19.969655872,0.121,OMEGA_apphot_gp
2024-10-22 00:23:08,,OMEGA_cal_apphot_gp,18.187751545,0.114,OMEGA_cal_apphot_gp
2024-10-22 00:20:07,,OMEGA_apphot_ip,18.604825261,0.119,OMEGA_apphot_ip
2024-10-22 00:20:07,,OMEGA_cal_apphot_ip,16.410916113,0.117,OMEGA_cal_apphot_ip
2024-10-22 00:17:41,,OMEGA_apphot_ip,18.545121941,0.091,OMEGA_apphot_ip
2024-10-22 00:17:41,,OMEGA_cal_apphot_ip,16.352468916,0.09,OMEGA_cal_apphot_ip
2024-10-22 00:15:15,,OMEGA_apphot_ip,18.540614112,0.062,OMEGA_apphot_ip
2024-10-22 00:15:15,,OMEGA_cal_apphot_ip,16.34805593,0.062,OMEGA_cal_apphot_ip
2024-10-22 00:12:49,,OMEGA_cal_apphot_ip,16.330260214,0.086,OMEGA_cal_apphot_ip
2024-10-22 00:12:49,,OMEGA_apphot_ip,18.522435938,0.087,OMEGA_apphot_ip
2024-10-22 00:07:06,,OGLE_I,15.928,0.012,OGLE
2024-10-21 09:51:35,,OMEGA_cal_apphot_gp,18.081932727,0.074,OMEGA_cal_apphot_gp
2024-10-21 09:51:35,,OMEGA_apphot_gp,19.85509084,0.077,OMEGA_apphot_gp
2024-10-21 09:48:09,,OMEGA_cal_apphot_gp,18.116508794,0.087,OMEGA_cal_apphot_gp
2024-10-21 09:48:09,,OMEGA_apphot_gp,19.892524714,0.092,OMEGA_apphot_gp
2024-10-21 09:45:07,,OMEGA_cal_apphot_ip,16.373574021,0.12,OMEGA_cal_apphot_ip
2024-10-21 09:45:07,,OMEGA_apphot_ip,18.566680629,0.121,OMEGA_apphot_ip
2024-10-21 09:42:41,,OMEGA_cal_apphot_ip,16.358157813,0.123,OMEGA_cal_apphot_ip
2024-10-21 09:42:41,,OMEGA_apphot_ip,18.550933102,0.125,OMEGA_apphot_ip
2024-10-21 09:40:15,,OMEGA_apphot_ip,18.506709884,0.124,OMEGA_apphot_ip
2024-10-21 09:40:15,,OMEGA_cal_apphot_ip,16.314865026,0.122,OMEGA_cal_apphot_ip
2024-10-21 09:37:49,,OMEGA_apphot_ip,18.55134486,0.068,OMEGA_apphot_ip
2024-10-21 09:37:49,,OMEGA_cal_apphot_ip,16.358560909,0.068,OMEGA_cal_apphot_ip
2024-10-21 09:22:47,,OMEGA_cal_apphot_gp,18.082837671,0.059,OMEGA_cal_apphot_gp
2024-10-21 09:22:47,,OMEGA_apphot_gp,19.85607058,0.061,OMEGA_apphot_gp
2024-10-21 09:19:21,,OMEGA_cal_apphot_gp,18.092389529,0.074,OMEGA_cal_apphot_gp
2024-10-21 09:19:21,,OMEGA_apphot_gp,19.866411925,0.077,OMEGA_apphot_gp
2024-10-21 09:18:01,,OMEGA_apphot_ip,18.512633599,0.061,OMEGA_apphot_ip
2024-10-21 09:18:01,,OMEGA_cal_apphot_ip,16.32066411,0.061,OMEGA_cal_apphot_ip
2024-10-21 09:15:54,,OMEGA_cal_apphot_ip,16.319007762,0.08,OMEGA_cal_apphot_ip
2024-10-21 09:15:54,,OMEGA_apphot_ip,18.510941653,0.081,OMEGA_apphot_ip
2024-10-21 09:15:52,,OMEGA_cal_apphot_gp,18.163181642,0.099,OMEGA_cal_apphot_gp
2024-10-21 09:15:52,,OMEGA_apphot_gp,19.9430552,0.105,OMEGA_apphot_gp
2024-10-21 09:13:46,,OMEGA_apphot_ip,18.527106486,0.065,OMEGA_apphot_ip
2024-10-21 09:13:46,,OMEGA_cal_apphot_ip,16.334832496,0.065,OMEGA_cal_apphot_ip
2024-10-21 09:12:25,,OMEGA_cal_apphot_gp,18.088375526,0.083,OMEGA_cal_apphot_gp
2024-10-21 09:12:25,,OMEGA_apphot_gp,19.862066154,0.087,OMEGA_apphot_gp
2024-10-21 09:11:39,,OMEGA_apphot_ip,18.550615407,0.054,OMEGA_apphot_ip
2024-10-21 09:11:39,,OMEGA_cal_apphot_ip,16.357846803,0.055,OMEGA_cal_apphot_ip
2024-10-20 09:48:15,,OMEGA_apphot_gp,19.821938258,0.058,OMEGA_apphot_gp
2024-10-20 09:48:15,,OMEGA_cal_apphot_gp,18.051311106,0.057,OMEGA_cal_apphot_gp
2024-10-20 09:44:48,,OMEGA_apphot_gp,19.859783221,0.052,OMEGA_apphot_gp
2024-10-20 09:44:48,,OMEGA_cal_apphot_gp,18.086266879,0.052,OMEGA_cal_apphot_gp
2024-10-20 09:41:22,,OMEGA_apphot_gp,19.853881267,0.08,OMEGA_apphot_gp
2024-10-20 09:41:22,,OMEGA_cal_apphot_gp,18.080815496,0.076,OMEGA_cal_apphot_gp
2024-10-20 09:37:55,,OMEGA_cal_apphot_gp,18.078553328,0.044,OMEGA_cal_apphot_gp
2024-10-20 09:37:55,,OMEGA_apphot_gp,19.851432124,0.043,OMEGA_apphot_gp
2024-10-20 09:17:19,,OMEGA_apphot_ip,18.482828717,0.059,OMEGA_apphot_ip
2024-10-20 09:17:19,,OMEGA_cal_apphot_ip,16.291486306,0.059,OMEGA_cal_apphot_ip
2024-10-20 09:15:11,,OMEGA_cal_apphot_ip,16.29315113,0.058,OMEGA_cal_apphot_ip
2024-10-20 09:15:11,,OMEGA_apphot_ip,18.484529321,0.058,OMEGA_apphot_ip
2024-10-20 09:13:05,,OMEGA_cal_apphot_ip,16.293436498,0.071,OMEGA_cal_apphot_ip
2024-10-20 09:13:05,,OMEGA_apphot_ip,18.484820822,0.071,OMEGA_apphot_ip
2024-10-20 09:10:57,,OMEGA_apphot_ip,18.474148161,0.076,OMEGA_apphot_ip
2024-10-20 09:10:57,,OMEGA_cal_apphot_ip,16.282988384,0.076,OMEGA_cal_apphot_ip
2024-10-20 00:13:38,,OMEGA_cal_apphot_ip,16.307915856,0.057,OMEGA_cal_apphot_ip
2024-10-20 00:13:38,,OMEGA_apphot_ip,18.499611365,0.056,OMEGA_apphot_ip
2024-10-20 00:11:31,,OMEGA_cal_apphot_ip,16.361296635,0.066,OMEGA_cal_apphot_ip
2024-10-20 00:11:31,,OMEGA_apphot_ip,18.554139382,0.066,OMEGA_apphot_ip
2024-10-20 00:09:25,,OMEGA_apphot_ip,18.558665693,0.11,OMEGA_apphot_ip
2024-10-20 00:09:25,,OMEGA_cal_apphot_ip,16.365727715,0.109,OMEGA_cal_apphot_ip
2024-10-20 00:07:17,,OMEGA_apphot_ip,18.525845353,0.061,OMEGA_apphot_ip
2024-10-20 00:07:17,,OMEGA_cal_apphot_ip,16.333597897,0.061,OMEGA_cal_apphot_ip
2024-10-19 00:33:38,,OMEGA_apphot_ip,18.522536485,0.068,OMEGA_apphot_ip
2024-10-19 00:33:38,,OMEGA_cal_apphot_ip,16.330358645,0.068,OMEGA_cal_apphot_ip
2024-10-19 00:31:31,,OMEGA_apphot_ip,18.496223875,0.062,OMEGA_apphot_ip
2024-10-19 00:31:31,,OMEGA_cal_apphot_ip,16.304599638,0.062,OMEGA_cal_apphot_ip
2024-10-19 00:29:24,,OMEGA_cal_apphot_ip,16.292942218,0.078,OMEGA_cal_apphot_ip
2024-10-19 00:29:24,,OMEGA_apphot_ip,18.484315919,0.079,OMEGA_apphot_ip
2024-10-19 00:27:17,,OMEGA_apphot_ip,18.483986331,0.072,OMEGA_apphot_ip
2024-10-19 00:27:17,,OMEGA_cal_apphot_ip,16.292619565,0.071,OMEGA_cal_apphot_ip
2024-10-18 01:24:41,ATLAS,o,> 18.675237221,,ATLAS
2024-10-18 01:16:49,ATLAS,o,18.052,0.179,ATLAS
2024-10-18 00:51:27,ATLAS,o,17.875,0.184,ATLAS
2024-10-18 00:46:48,ATLAS,o,17.988,0.142,ATLAS
2024-10-16 00:31:11,,OMEGA_cal_apphot_ip,16.299256622,0.089,OMEGA_cal_apphot_ip
2024-10-16 00:31:11,,OMEGA_apphot_ip,18.490766029,0.089,OMEGA_apphot_ip
2024-10-16 00:29:04,,OMEGA_cal_apphot_ip,16.282798514,0.066,OMEGA_cal_apphot_ip
2024-10-16 00:29:04,,OMEGA_apphot_ip,18.473954211,0.066,OMEGA_apphot_ip
2024-10-16 00:26:57,,OMEGA_cal_apphot_ip,16.312678174,0.079,OMEGA_cal_apphot_ip
2024-10-16 00:26:57,,OMEGA_apphot_ip,18.504476032,0.08,OMEGA_apphot_ip
2024-10-16 00:24:49,,OMEGA_cal_apphot_ip,16.272759071,0.064,OMEGA_cal_apphot_ip
2024-10-16 00:24:49,,OMEGA_apphot_ip,18.463699004,0.064,OMEGA_apphot_ip
2024-10-12 19:04:55,,OMEGA_apphot_ip,18.479477081,0.096,OMEGA_apphot_ip
2024-10-12 19:04:55,,OMEGA_cal_apphot_ip,16.288205186,0.095,OMEGA_cal_apphot_ip
2024-10-12 19:02:48,,OMEGA_cal_apphot_ip,16.297156108,0.075,OMEGA_cal_apphot_ip
2024-10-12 19:02:48,,OMEGA_apphot_ip,18.488620373,0.075,OMEGA_apphot_ip
2024-10-12 19:00:41,,OMEGA_apphot_ip,18.458417775,0.068,OMEGA_apphot_ip
2024-10-12 19:00:41,,OMEGA_cal_apphot_ip,16.267588956,0.068,OMEGA_cal_apphot_ip
2024-10-12 18:58:34,,OMEGA_cal_apphot_ip,16.234408649,0.077,OMEGA_cal_apphot_ip
2024-10-12 18:58:34,,OMEGA_apphot_ip,18.42452437,0.078,OMEGA_apphot_ip
2024-10-12 18:12:48,,OMEGA_apphot_ip,18.473683396,0.081,OMEGA_apphot_ip
2024-10-12 18:12:48,,OMEGA_cal_apphot_ip,16.282533397,0.081,OMEGA_cal_apphot_ip
2024-10-12 18:10:40,,OMEGA_apphot_ip,18.448026758,0.087,OMEGA_apphot_ip
2024-10-12 18:10:40,,OMEGA_cal_apphot_ip,16.25741656,0.087,OMEGA_cal_apphot_ip
2024-10-12 18:08:33,,OMEGA_cal_apphot_ip,16.304374386,0.084,OMEGA_cal_apphot_ip
2024-10-12 18:08:33,,OMEGA_apphot_ip,18.495993783,0.085,OMEGA_apphot_ip
2024-10-12 18:06:25,,OMEGA_cal_apphot_ip,16.243539953,0.086,OMEGA_cal_apphot_ip
2024-10-12 18:06:25,,OMEGA_apphot_ip,18.43385192,0.086,OMEGA_apphot_ip
2024-10-10 20:37:01,ATLAS,o,16.903,0.263,ATLAS
2024-10-10 20:31:33,ATLAS,o,> 17.740267527,,ATLAS
2024-10-10 20:04:24,ATLAS,o,> 16.960064172,,ATLAS
2024-10-10 19:27:34,ATLAS,o,> 18.048889712,,ATLAS
2024-10-10 09:29:20,,OMEGA_apphot_ip,18.413694998,0.06,OMEGA_apphot_ip
2024-10-10 09:29:20,,OMEGA_cal_apphot_ip,16.223807121,0.06,OMEGA_cal_apphot_ip
2024-10-10 09:27:35,,OMEGA_apphot_ip,18.450239162,0.076,OMEGA_apphot_ip
2024-10-10 09:27:35,,OMEGA_cal_apphot_ip,16.259582417,0.076,OMEGA_cal_apphot_ip
2024-10-06 17:53:33,ATLAS,o,17.916,0.103,ATLAS
2024-10-06 17:44:24,ATLAS,o,17.677,0.143,ATLAS
2024-10-06 17:39:50,ATLAS,o,> 15.429302841,,ATLAS
2024-10-06 09:28:02,,OMEGA_apphot_gp,19.731355279,0.056,OMEGA_apphot_gp
2024-10-06 09:28:02,,OMEGA_cal_apphot_gp,17.967643483,0.055,OMEGA_cal_apphot_gp
2024-10-06 09:24:35,,OMEGA_cal_apphot_gp,17.973505045,0.053,OMEGA_cal_apphot_gp
2024-10-06 09:24:35,,OMEGA_apphot_gp,19.737701315,0.054,OMEGA_apphot_gp
2024-10-06 09:21:09,,OMEGA_apphot_gp,19.694830687,0.067,OMEGA_apphot_gp
2024-10-06 09:21:09,,OMEGA_cal_apphot_gp,17.93390728,0.065,OMEGA_cal_apphot_gp
2024-10-06 09:17:42,,OMEGA_cal_apphot_gp,17.985062676,0.047,OMEGA_cal_apphot_gp
2024-10-06 09:17:42,,OMEGA_apphot_gp,19.750214215,0.047,OMEGA_apphot_gp
2024-10-05 03:09:36,ATLAS,c,18.735,0.173,ATLAS
2024-10-05 02:38:58,ATLAS,c,18.495,0.097,ATLAS
2024-10-05 02:30:59,ATLAS,c,18.614,0.116,ATLAS
2024-10-05 02:26:20,ATLAS,c,19.122,0.166,ATLAS
2024-10-04 18:04:53,,OMEGA_cal_apphot_ip,16.196804694,0.071,OMEGA_cal_apphot_ip
2024-10-04 18:04:53,,OMEGA_apphot_ip,18.386112246,0.072,OMEGA_apphot_ip
2024-10-04 18:03:10,,OMEGA_apphot_ip,18.397021668,0.055,OMEGA_apphot_ip
2024-10-04 18:03:10,,OMEGA_cal_apphot_ip,16.207484587,0.056,OMEGA_cal_apphot_ip
2024-10-04 18:00:17,,OMEGA_apphot_gp,19.772723556,0.081,OMEGA_apphot_gp
2024-10-04 18:00:17,,OMEGA_cal_apphot_gp,18.005853591,0.077,OMEGA_cal_apphot_gp
2024-10-04 17:56:49,,OMEGA_cal_apphot_gp,17.953605876,0.057,OMEGA_cal_apphot_gp
2024-10-04 17:56:49,,OMEGA_apphot_gp,19.716157425,0.058,OMEGA_apphot_gp
2024-10-04 17:53:22,,OMEGA_apphot_gp,19.748644579,0.065,OMEGA_apphot_gp
2024-10-04 17:53:22,,OMEGA_cal_apphot_gp,17.98361287,0.063,OMEGA_cal_apphot_gp
2024-10-04 17:49:54,,OMEGA_cal_apphot_gp,17.995231737,0.094,OMEGA_cal_apphot_gp
2024-10-04 17:49:54,,OMEGA_apphot_gp,19.761223777,0.099,OMEGA_apphot_gp
2024-10-03 23:44:46,,OGLE_I,15.813,0.009,OGLE
2024-10-03 19:24:37,,OMEGA_apphot_ip,18.402984559,0.056,OMEGA_apphot_ip
2024-10-03 19:24:37,,OMEGA_cal_apphot_ip,16.213322023,0.056,OMEGA_cal_apphot_ip
2024-10-03 19:22:54,,OMEGA_apphot_ip,18.418667406,0.061,OMEGA_apphot_ip
2024-10-03 19:22:54,,OMEGA_cal_apphot_ip,16.228674912,0.062,OMEGA_cal_apphot_ip
2024-10-03 19:05:26,ATLAS,o,18.092,0.09,ATLAS
2024-10-03 18:37:04,ATLAS,o,17.813,0.098,ATLAS
2024-10-03 18:29:32,ATLAS,o,18.093,0.102,ATLAS
2024-10-03 18:24:52,ATLAS,o,17.89,0.093,ATLAS
2024-10-03 11:37:53,,H50_SDSS_r,17.136510099,0.016,H50_SDSS_r
2024-10-03 11:34:44,,H50_SDSS_r,17.138673209,0.016,H50_SDSS_r
2024-10-03 11:31:36,,H50_SDSS_r,17.137056814,0.016,H50_SDSS_r
2024-10-03 11:28:27,,H50_SDSS_r,17.168847727,0.017,H50_SDSS_r
2024-10-03 11:25:18,,H50_SDSS_r,17.151175958,0.017,H50_SDSS_r
2024-10-03 10:39:11,,H50_SDSS_r,17.161679852,0.017,H50_SDSS_r
2024-10-03 10:36:02,,H50_SDSS_r,17.152006242,0.017,H50_SDSS_r
2024-10-03 10:32:53,,H50_SDSS_r,17.154850774,0.017,H50_SDSS_r
2024-10-03 10:29:44,,H50_SDSS_r,17.155255092,0.017,H50_SDSS_r
2024-10-03 10:26:35,,H50_SDSS_r,17.156964389,0.017,H50_SDSS_r
2024-10-03 10:22:14,,H50_SDSS_r,17.141775509,0.016,H50_SDSS_r
2024-10-02 19:03:36,ATLAS,o,17.869,0.094,ATLAS
2024-10-02 18:27:37,ATLAS,o,18.184,0.297,ATLAS
2024-10-02 18:19:38,ATLAS,o,18.029,0.112,ATLAS
2024-10-02 18:15:00,ATLAS,o,18.167,0.258,ATLAS
2024-10-02 12:53:17,,H50_SDSS_r,17.152318266,0.017,H50_SDSS_r
2024-10-02 12:50:08,,H50_SDSS_r,17.181189973,0.017,H50_SDSS_r
2024-10-02 12:47:00,,H50_SDSS_r,17.1894901,0.017,H50_SDSS_r
2024-10-02 12:43:51,,H50_SDSS_r,17.152698135,0.017,H50_SDSS_r
2024-10-02 12:40:42,,H50_SDSS_r,17.128952971,0.016,H50_SDSS_r
2024-10-02 02:10:27,,OMEGA_apphot_ip,18.388402751,0.061,OMEGA_apphot_ip
2024-10-02 02:10:27,,OMEGA_cal_apphot_ip,16.199047008,0.061,OMEGA_cal_apphot_ip
2024-10-02 02:08:47,,OMEGA_apphot_ip,18.372498919,0.062,OMEGA_apphot_ip
2024-10-02 02:08:47,,OMEGA_cal_apphot_ip,16.183477784,0.062,OMEGA_cal_apphot_ip
2024-10-02 01:59:00,,OMEGA_apphot_gp,19.726677301,0.045,OMEGA_apphot_gp
2024-10-02 01:59:00,,OMEGA_cal_apphot_gp,17.963322635,0.045,OMEGA_cal_apphot_gp
2024-10-02 01:55:34,,OMEGA_apphot_gp,19.750529171,0.07,OMEGA_apphot_gp
2024-10-02 01:55:34,,OMEGA_cal_apphot_gp,17.985353588,0.067,OMEGA_cal_apphot_gp
2024-10-02 01:16:22,ATLAS,c,18.761,0.15,ATLAS
2024-10-02 01:05:51,ATLAS,c,18.649,0.137,ATLAS
2024-10-02 00:37:06,ATLAS,c,18.449,0.086,ATLAS
2024-10-02 00:33:03,ATLAS,c,18.551,0.108,ATLAS
2024-10-01 19:20:38,,OMEGA_cal_apphot_ip,16.202383659,0.055,OMEGA_cal_apphot_ip
2024-10-01 19:20:38,,OMEGA_apphot_ip,18.391811112,0.055,OMEGA_apphot_ip
2024-10-01 19:17:08,,OMEGA_apphot_ip,18.389122172,0.042,OMEGA_apphot_ip
2024-10-01 19:17:08,,OMEGA_cal_apphot_ip,16.199751292,0.043,OMEGA_cal_apphot_ip
2024-10-01 19:13:41,,OMEGA_cal_apphot_ip,16.203686379,0.039,OMEGA_cal_apphot_ip
2024-10-01 19:13:41,,OMEGA_apphot_ip,18.393141829,0.038,OMEGA_apphot_ip
2024-10-01 19:10:14,,OMEGA_apphot_ip,18.395018283,0.047,OMEGA_apphot_ip
2024-10-01 19:10:14,,OMEGA_cal_apphot_ip,16.205523353,0.048,OMEGA_cal_apphot_ip
2024-10-01 18:23:41,,OMEGA_cal_apphot_ip,16.219776912,0.06,OMEGA_cal_apphot_ip
2024-10-01 18:23:41,,OMEGA_apphot_ip,18.409578174,0.06,OMEGA_apphot_ip
2024-10-01 18:20:14,,OMEGA_apphot_ip,18.41649219,0.051,OMEGA_apphot_ip
2024-10-01 18:20:14,,OMEGA_cal_apphot_ip,16.226545462,0.051,OMEGA_cal_apphot_ip
2024-10-01 18:16:47,,OMEGA_apphot_ip,18.430379588,0.061,OMEGA_apphot_ip
2024-10-01 18:16:47,,OMEGA_cal_apphot_ip,16.240140676,0.061,OMEGA_cal_apphot_ip
2024-10-01 18:13:20,,OMEGA_apphot_ip,18.386497881,0.042,OMEGA_apphot_ip
2024-10-01 18:13:20,,OMEGA_cal_apphot_ip,16.197182215,0.043,OMEGA_cal_apphot_ip
2024-10-01 10:06:09,,OMEGA_cal_apphot_ip,16.230885359,0.061,OMEGA_cal_apphot_ip
2024-10-01 10:06:09,,OMEGA_apphot_ip,18.420925359,0.061,OMEGA_apphot_ip
2024-10-01 10:02:42,,OMEGA_cal_apphot_ip,16.219985077,0.059,OMEGA_cal_apphot_ip
2024-10-01 10:02:42,,OMEGA_apphot_ip,18.409790813,0.059,OMEGA_apphot_ip
2024-10-01 09:59:15,,OMEGA_cal_apphot_ip,16.194446567,0.048,OMEGA_cal_apphot_ip
2024-10-01 09:59:15,,OMEGA_apphot_ip,18.383703439,0.047,OMEGA_apphot_ip
2024-10-01 09:55:48,,OMEGA_apphot_ip,18.382996344,0.049,OMEGA_apphot_ip
2024-10-01 09:55:48,,OMEGA_cal_apphot_ip,16.193754349,0.05,OMEGA_cal_apphot_ip
2024-10-01 09:18:55,,OMEGA_apphot_ip,18.391273712,0.038,OMEGA_apphot_ip
2024-10-01 09:18:55,,OMEGA_cal_apphot_ip,16.201857565,0.04,OMEGA_cal_apphot_ip
2024-10-01 09:15:28,,OMEGA_apphot_ip,18.37753531,0.047,OMEGA_apphot_ip
2024-10-01 09:15:28,,OMEGA_cal_apphot_ip,16.188408211,0.048,OMEGA_cal_apphot_ip
2024-10-01 09:12:01,,OMEGA_cal_apphot_ip,16.224399333,0.056,OMEGA_cal_apphot_ip
2024-10-01 09:12:01,,OMEGA_apphot_ip,18.414299938,0.055,OMEGA_apphot_ip
2024-10-01 09:08:32,,OMEGA_apphot_ip,18.433054744,0.089,OMEGA_apphot_ip
2024-10-01 09:08:32,,OMEGA_cal_apphot_ip,16.242759548,0.088,OMEGA_cal_apphot_ip
2024-09-30 10:50:25,,OMEGA_apphot_ip,18.400999098,0.069,OMEGA_apphot_ip
2024-09-30 10:50:25,,OMEGA_cal_apphot_ip,16.211378335,0.069,OMEGA_cal_apphot_ip
2024-09-30 10:46:58,,OMEGA_apphot_ip,18.412895606,0.067,OMEGA_apphot_ip
2024-09-30 10:46:58,,OMEGA_cal_apphot_ip,16.223024547,0.067,OMEGA_cal_apphot_ip
2024-09-30 10:43:32,,OMEGA_cal_apphot_ip,16.200174771,0.05,OMEGA_cal_apphot_ip
2024-09-30 10:43:32,,OMEGA_apphot_ip,18.389554752,0.049,OMEGA_apphot_ip
2024-09-30 10:40:05,,OMEGA_cal_apphot_ip,16.204318178,0.082,OMEGA_cal_apphot_ip
2024-09-30 10:40:05,,OMEGA_apphot_ip,18.393787207,0.083,OMEGA_apphot_ip
2024-09-30 10:13:42,,OMEGA_apphot_ip,18.367138465,0.048,OMEGA_apphot_ip
2024-09-30 10:13:42,,OMEGA_cal_apphot_ip,16.17823011,0.049,OMEGA_cal_apphot_ip
2024-09-30 10:10:16,,OMEGA_cal_apphot_ip,16.196968696,0.043,OMEGA_cal_apphot_ip
2024-09-30 10:10:16,,OMEGA_apphot_ip,18.386279773,0.042,OMEGA_apphot_ip
2024-09-30 10:06:49,,OMEGA_cal_apphot_ip,16.18432229,0.082,OMEGA_cal_apphot_ip
2024-09-30 10:06:49,,OMEGA_apphot_ip,18.373361576,0.082,OMEGA_apphot_ip
2024-09-30 10:03:22,,OMEGA_apphot_ip,18.374216166,0.05,OMEGA_apphot_ip
2024-09-30 10:03:22,,OMEGA_cal_apphot_ip,16.1851589,0.051,OMEGA_cal_apphot_ip
2024-09-30 09:19:22,,OMEGA_cal_apphot_ip,16.178201412,0.056,OMEGA_cal_apphot_ip
2024-09-30 09:19:22,,OMEGA_apphot_ip,18.36710915,0.056,OMEGA_apphot_ip
2024-09-30 09:15:56,,OMEGA_apphot_ip,18.367440138,0.041,OMEGA_apphot_ip
2024-09-30 09:15:56,,OMEGA_cal_apphot_ip,16.178525436,0.043,OMEGA_cal_apphot_ip
2024-09-30 09:12:29,,OMEGA_apphot_ip,18.360262003,0.065,OMEGA_apphot_ip
2024-09-30 09:12:29,,OMEGA_cal_apphot_ip,16.171498325,0.065,OMEGA_cal_apphot_ip
2024-09-30 09:09:02,,OMEGA_cal_apphot_ip,16.170310872,0.086,OMEGA_cal_apphot_ip
2024-09-30 09:09:02,,OMEGA_apphot_ip,18.35904903,0.087,OMEGA_apphot_ip
2024-09-30 01:48:27,,OMEGA_cal_apphot_ip,16.186694676,0.074,OMEGA_cal_apphot_ip
2024-09-30 01:48:27,,OMEGA_apphot_ip,18.375784947,0.075,OMEGA_apphot_ip
2024-09-30 01:45:01,,OMEGA_apphot_ip,18.378790243,0.05,OMEGA_apphot_ip
2024-09-30 01:45:01,,OMEGA_cal_apphot_ip,16.189636741,0.051,OMEGA_cal_apphot_ip
2024-09-30 01:41:35,,OMEGA_cal_apphot_ip,16.218255206,0.054,OMEGA_cal_apphot_ip
2024-09-30 01:41:35,,OMEGA_apphot_ip,18.408023764,0.054,OMEGA_apphot_ip
2024-09-30 01:38:09,,OMEGA_cal_apphot_ip,16.189608579,0.063,OMEGA_cal_apphot_ip
2024-09-30 01:38:09,,OMEGA_apphot_ip,18.378761476,0.063,OMEGA_apphot_ip
2024-09-30 00:41:23,,OMEGA_cal_apphot_ip,16.179986813,0.079,OMEGA_cal_apphot_ip
2024-09-30 00:41:23,,OMEGA_apphot_ip,18.368932922,0.08,OMEGA_apphot_ip
2024-09-30 00:37:57,,OMEGA_cal_apphot_ip,16.196293137,0.057,OMEGA_cal_apphot_ip
2024-09-30 00:37:57,,OMEGA_apphot_ip,18.385589695,0.057,OMEGA_apphot_ip
2024-09-30 00:34:31,,OMEGA_apphot_ip,18.379806455,0.039,OMEGA_apphot_ip
2024-09-30 00:34:31,,OMEGA_cal_apphot_ip,16.190631573,0.04,OMEGA_cal_apphot_ip
2024-09-30 00:31:04,,OMEGA_apphot_ip,18.387186305,0.054,OMEGA_apphot_ip
2024-09-30 00:31:04,,OMEGA_cal_apphot_ip,16.197856155,0.055,OMEGA_cal_apphot_ip
2024-09-30 00:20:23,,OMEGA_cal_apphot_ip,16.199640619,0.061,OMEGA_cal_apphot_ip
2024-09-30 00:20:23,,OMEGA_apphot_ip,18.389009119,0.061,OMEGA_apphot_ip
2024-09-30 00:16:56,,OMEGA_cal_apphot_ip,16.222526224,0.045,OMEGA_cal_apphot_ip
2024-09-30 00:16:56,,OMEGA_apphot_ip,18.412386573,0.044,OMEGA_apphot_ip
2024-09-30 00:13:30,,OMEGA_apphot_ip,18.370283431,0.056,OMEGA_apphot_ip
2024-09-30 00:13:30,,OMEGA_cal_apphot_ip,16.181308908,0.057,OMEGA_cal_apphot_ip
2024-09-30 00:10:04,,OMEGA_apphot_ip,18.379328924,0.058,OMEGA_apphot_ip
2024-09-30 00:10:04,,OMEGA_cal_apphot_ip,16.190164089,0.058,OMEGA_cal_apphot_ip
2024-09-29 00:40:16,,OGLE_I,15.786,0.01,OGLE
2024-09-28 10:01:18,,OMEGA_cal_apphot_ip,16.198971962,0.063,OMEGA_cal_apphot_ip
2024-09-28 10:01:18,,OMEGA_apphot_ip,18.388326093,0.063,OMEGA_apphot_ip
2024-09-28 09:57:52,,OMEGA_apphot_ip,18.370695126,0.046,OMEGA_apphot_ip
2024-09-28 09:57:52,,OMEGA_cal_apphot_ip,16.181711941,0.047,OMEGA_cal_apphot_ip
2024-09-28 09:54:25,,OMEGA_cal_apphot_ip,16.167690103,0.066,OMEGA_cal_apphot_ip
2024-09-28 09:54:25,,OMEGA_apphot_ip,18.356371936,0.066,OMEGA_apphot_ip
2024-09-28 09:50:59,,OMEGA_cal_apphot_ip,16.207999742,0.073,OMEGA_cal_apphot_ip
2024-09-28 09:50:59,,OMEGA_apphot_ip,18.397547893,0.074,OMEGA_apphot_ip
2024-09-28 09:17:11,,OMEGA_cal_apphot_ip,16.174770132,0.044,OMEGA_cal_apphot_ip
2024-09-28 09:17:11,,OMEGA_apphot_ip,18.363604126,0.043,OMEGA_apphot_ip
2024-09-28 09:13:45,,OMEGA_apphot_ip,18.345663472,0.082,OMEGA_apphot_ip
2024-09-28 09:13:45,,OMEGA_cal_apphot_ip,16.157206939,0.081,OMEGA_cal_apphot_ip
2024-09-28 09:10:18,,OMEGA_cal_apphot_ip,16.186207006,0.07,OMEGA_cal_apphot_ip
2024-09-28 09:10:18,,OMEGA_apphot_ip,18.375286797,0.07,OMEGA_apphot_ip
2024-09-28 09:06:52,,OMEGA_apphot_ip,18.375510547,0.053,OMEGA_apphot_ip
2024-09-28 09:06:52,,OMEGA_cal_apphot_ip,16.186426048,0.054,OMEGA_cal_apphot_ip
2024-09-27 10:27:08,,H50_SDSS_r,17.1116152,0.016,H50_SDSS_r
2024-09-27 10:23:59,,H50_SDSS_r,17.120195316,0.016,H50_SDSS_r
2024-09-27 10:20:50,,H50_SDSS_r,17.125942395,0.016,H50_SDSS_r
2024-09-27 10:17:42,,H50_SDSS_r,17.108853065,0.016,H50_SDSS_r
2024-09-27 10:14:33,,H50_SDSS_r,17.104186398,0.016,H50_SDSS_r
2024-09-27 02:06:54,,OMEGA_cal_apphot_ip,16.155884501,0.067,OMEGA_cal_apphot_ip
2024-09-27 02:06:54,,OMEGA_apphot_ip,18.344312613,0.067,OMEGA_apphot_ip
2024-09-27 02:03:28,,OMEGA_apphot_ip,18.329183571,0.064,OMEGA_apphot_ip
2024-09-27 02:03:28,,OMEGA_cal_apphot_ip,16.141073765,0.064,OMEGA_cal_apphot_ip
2024-09-27 02:00:02,,OMEGA_apphot_ip,18.38237954,0.057,OMEGA_apphot_ip
2024-09-27 02:00:02,,OMEGA_cal_apphot_ip,16.193150522,0.057,OMEGA_cal_apphot_ip
2024-09-27 01:56:35,,OMEGA_cal_apphot_ip,16.199179609,0.059,OMEGA_cal_apphot_ip
2024-09-27 01:56:35,,OMEGA_apphot_ip,18.388538202,0.058,OMEGA_apphot_ip
2024-09-27 00:41:46,,OMEGA_cal_apphot_ip,16.174943635,0.04,OMEGA_cal_apphot_ip
2024-09-27 00:41:46,,OMEGA_apphot_ip,18.363781358,0.038,OMEGA_apphot_ip
2024-09-27 00:38:20,,OMEGA_cal_apphot_ip,16.183788896,0.039,OMEGA_cal_apphot_ip
2024-09-27 00:38:20,,OMEGA_apphot_ip,18.372816718,0.038,OMEGA_apphot_ip
2024-09-27 00:34:53,,OMEGA_apphot_ip,18.33856373,0.066,OMEGA_apphot_ip
2024-09-27 00:34:53,,OMEGA_cal_apphot_ip,16.150256571,0.066,OMEGA_cal_apphot_ip
2024-09-27 00:31:27,,OMEGA_cal_apphot_ip,16.178915162,0.049,OMEGA_cal_apphot_ip
2024-09-27 00:31:27,,OMEGA_apphot_ip,18.36783824,0.049,OMEGA_apphot_ip
2024-09-27 00:05:15,,OMEGA_cal_apphot_ip,16.16951405,0.048,OMEGA_cal_apphot_ip
2024-09-27 00:05:15,,OMEGA_apphot_ip,18.358235083,0.047,OMEGA_apphot_ip
2024-09-27 00:01:49,,OMEGA_apphot_ip,18.353489876,0.074,OMEGA_apphot_ip
2024-09-27 00:01:49,,OMEGA_cal_apphot_ip,16.164868679,0.073,OMEGA_cal_apphot_ip
2024-09-26 23:58:22,,OMEGA_apphot_ip,18.382468757,0.048,OMEGA_apphot_ip
2024-09-26 23:58:22,,OMEGA_cal_apphot_ip,16.193237862,0.049,OMEGA_cal_apphot_ip
2024-09-26 19:41:57,,OMEGA_cal_apphot_ip,16.170081663,0.059,OMEGA_cal_apphot_ip
2024-09-26 19:41:57,,OMEGA_apphot_ip,18.358814895,0.058,OMEGA_apphot_ip
2024-09-26 19:38:29,,OMEGA_cal_apphot_ip,16.183637823,0.099,OMEGA_cal_apphot_ip
2024-09-26 19:38:29,,OMEGA_apphot_ip,18.372662398,0.1,OMEGA_apphot_ip
2024-09-26 19:35:01,,OMEGA_cal_apphot_ip,16.151960118,0.065,OMEGA_cal_apphot_ip
2024-09-26 19:35:01,,OMEGA_apphot_ip,18.340303889,0.065,OMEGA_apphot_ip
2024-09-26 19:31:33,,OMEGA_apphot_ip,18.352108547,0.045,OMEGA_apphot_ip
2024-09-26 19:31:33,,OMEGA_cal_apphot_ip,16.163516414,0.046,OMEGA_cal_apphot_ip
2024-09-26 19:19:59,,OMEGA_apphot_ip,18.343009546,0.044,OMEGA_apphot_ip
2024-09-26 19:19:59,,OMEGA_cal_apphot_ip,16.15460885,0.045,OMEGA_cal_apphot_ip
2024-09-26 19:16:31,,OMEGA_cal_apphot_ip,16.168853925,0.046,OMEGA_cal_apphot_ip
2024-09-26 19:16:31,,OMEGA_apphot_ip,18.35756077,0.045,OMEGA_apphot_ip
2024-09-26 19:13:03,,OMEGA_apphot_ip,18.341585374,0.059,OMEGA_apphot_ip
2024-09-26 19:13:03,,OMEGA_cal_apphot_ip,16.153214642,0.059,OMEGA_cal_apphot_ip
2024-09-26 19:09:36,,OMEGA_cal_apphot_ip,16.174273499,0.04,OMEGA_cal_apphot_ip
2024-09-26 19:09:36,,OMEGA_apphot_ip,18.36309682,0.039,OMEGA_apphot_ip
2024-09-26 18:11:07,,OMEGA_cal_apphot_ip,16.170390271,0.061,OMEGA_cal_apphot_ip
2024-09-26 18:11:07,,OMEGA_apphot_ip,18.359130135,0.061,OMEGA_apphot_ip
2024-09-26 18:07:37,,OMEGA_apphot_ip,18.347553636,0.055,OMEGA_apphot_ip
2024-09-26 18:07:37,,OMEGA_cal_apphot_ip,16.159057335,0.056,OMEGA_cal_apphot_ip
2024-09-26 01:48:50,,OMEGA_apphot_ip,18.342661641,0.066,OMEGA_apphot_ip
2024-09-26 01:48:50,,OMEGA_cal_apphot_ip,16.154268265,0.066,OMEGA_cal_apphot_ip
2024-09-26 01:45:23,,OMEGA_apphot_ip,18.361786226,0.045,OMEGA_apphot_ip
2024-09-26 01:45:23,,OMEGA_cal_apphot_ip,16.17299048,0.046,OMEGA_cal_apphot_ip
2024-09-26 01:41:57,,OMEGA_cal_apphot_ip,16.164912894,0.063,OMEGA_cal_apphot_ip
2024-09-26 01:41:57,,OMEGA_apphot_ip,18.353535041,0.063,OMEGA_apphot_ip
2024-09-26 01:38:30,,OMEGA_cal_apphot_ip,16.171602124,0.092,OMEGA_cal_apphot_ip
2024-09-26 01:38:30,,OMEGA_apphot_ip,18.360368032,0.093,OMEGA_apphot_ip
2024-09-26 01:16:39,,OMEGA_apphot_ip,18.346784686,0.062,OMEGA_apphot_ip
2024-09-26 01:16:39,,OMEGA_cal_apphot_ip,16.158304563,0.062,OMEGA_cal_apphot_ip
2024-09-26 01:13:13,,OMEGA_apphot_ip,18.352456935,0.047,OMEGA_apphot_ip
2024-09-26 01:13:13,,OMEGA_cal_apphot_ip,16.163857471,0.048,OMEGA_cal_apphot_ip
2024-09-26 01:09:46,,OMEGA_apphot_ip,18.35904847,0.057,OMEGA_apphot_ip
2024-09-26 01:09:46,,OMEGA_cal_apphot_ip,16.170310324,0.057,OMEGA_cal_apphot_ip
2024-09-26 01:06:19,,OMEGA_cal_apphot_ip,16.143974638,0.069,OMEGA_cal_apphot_ip
2024-09-26 01:06:19,,OMEGA_apphot_ip,18.332146787,0.069,OMEGA_apphot_ip
2024-09-26 00:23:30,,OGLE_I,15.775,0.01,OGLE
2024-09-26 00:20:54,,OMEGA_apphot_ip,18.378841672,0.048,OMEGA_apphot_ip
2024-09-26 00:20:54,,OMEGA_cal_apphot_ip,16.189687088,0.049,OMEGA_cal_apphot_ip
2024-09-26 00:17:27,,OMEGA_cal_apphot_ip,16.178174826,0.06,OMEGA_cal_apphot_ip
2024-09-26 00:17:27,,OMEGA_apphot_ip,18.367081992,0.06,OMEGA_apphot_ip
2024-09-26 00:14:01,,OMEGA_cal_apphot_ip,16.177768477,0.07,OMEGA_cal_apphot_ip
2024-09-26 00:14:01,,OMEGA_apphot_ip,18.36666691,0.07,OMEGA_apphot_ip
2024-09-26 00:10:35,,OMEGA_cal_apphot_ip,16.212338046,0.061,OMEGA_cal_apphot_ip
2024-09-26 00:10:35,,OMEGA_apphot_ip,18.401979435,0.06,OMEGA_apphot_ip
2024-09-25 17:54:36,,OMEGA_apphot_ip,18.338775346,0.056,OMEGA_apphot_ip
2024-09-25 17:54:36,,OMEGA_cal_apphot_ip,16.150463735,0.056,OMEGA_cal_apphot_ip
2024-09-25 17:36:53,,OMEGA_cal_apphot_ip,16.176330356,0.085,OMEGA_cal_apphot_ip
2024-09-25 17:36:53,,OMEGA_apphot_ip,18.365197882,0.086,OMEGA_apphot_ip
2024-09-25 17:35:11,,OMEGA_apphot_ip,18.404659296,0.131,OMEGA_apphot_ip
2024-09-25 17:35:11,,OMEGA_cal_apphot_ip,16.214961524,0.129,OMEGA_cal_apphot_ip
2024-09-25 09:40:11,,H50_SDSS_r,17.07879397,0.016,H50_SDSS_r
2024-09-25 09:37:02,,H50_SDSS_r,17.119153341,0.016,H50_SDSS_r
2024-09-25 09:33:53,,H50_SDSS_r,17.105928434,0.016,H50_SDSS_r
2024-09-25 09:30:44,,H50_SDSS_r,17.091739937,0.016,H50_SDSS_r
2024-09-25 09:27:35,,H50_SDSS_r,17.092572789,0.016,H50_SDSS_r
2024-09-25 01:45:58,,OMEGA_apphot_ip,18.369051267,0.062,OMEGA_apphot_ip
2024-09-25 01:45:58,,OMEGA_cal_apphot_ip,16.180102668,0.063,OMEGA_cal_apphot_ip
2024-09-25 01:44:17,,OMEGA_cal_apphot_ip,16.161584898,0.039,OMEGA_cal_apphot_ip
2024-09-25 01:44:17,,OMEGA_apphot_ip,18.35013552,0.037,OMEGA_apphot_ip
2024-09-25 01:41:27,,OMEGA_cal_apphot_gp,17.923332279,0.062,OMEGA_cal_apphot_gp
2024-09-25 01:41:27,,OMEGA_apphot_gp,19.683381633,0.064,OMEGA_apphot_gp
2024-09-25 01:38:01,,OMEGA_cal_apphot_gp,17.952272554,0.083,OMEGA_cal_apphot_gp
2024-09-25 01:38:01,,OMEGA_apphot_gp,19.7147139,0.088,OMEGA_apphot_gp
2024-09-25 01:34:35,,OMEGA_apphot_gp,19.71251512,0.072,OMEGA_apphot_gp
2024-09-25 01:34:35,,OMEGA_cal_apphot_gp,17.950241635,0.069,OMEGA_cal_apphot_gp
2024-09-25 01:31:09,,OMEGA_cal_apphot_gp,17.935470622,0.063,OMEGA_cal_apphot_gp
2024-09-25 01:31:09,,OMEGA_apphot_gp,19.696523243,0.065,OMEGA_apphot_gp
2024-09-24 18:56:53,ATLAS,o,17.655,0.067,ATLAS
2024-09-24 18:40:40,,OMEGA_apphot_ip,18.366255958,0.065,OMEGA_apphot_ip
2024-09-24 18:40:40,,OMEGA_cal_apphot_ip,16.177366171,0.065,OMEGA_cal_apphot_ip
2024-09-24 18:38:59,,OMEGA_cal_apphot_ip,16.157623261,0.055,OMEGA_cal_apphot_ip
2024-09-24 18:38:59,,OMEGA_apphot_ip,18.346088742,0.054,OMEGA_apphot_ip
2024-09-24 18:37:29,ATLAS,o,17.136,0.086,ATLAS
2024-09-24 18:37:29,ATLAS,o,17.71,0.072,ATLAS
2024-09-24 18:28:54,ATLAS,o,17.102,0.089,ATLAS
2024-09-24 18:28:54,ATLAS,o,17.639,0.082,ATLAS
2024-09-24 18:24:07,ATLAS,o,17.044,0.073,ATLAS
2024-09-24 18:24:07,ATLAS,o,17.526,0.07,ATLAS
2024-09-23 09:42:21,,OMEGA_cal_apphot_ip,16.139643743,0.069,OMEGA_cal_apphot_ip
2024-09-23 09:42:21,,OMEGA_apphot_ip,18.327722815,0.069,OMEGA_apphot_ip
2024-09-23 09:38:52,,OMEGA_cal_apphot_ip,16.143655291,0.059,OMEGA_cal_apphot_ip
2024-09-23 09:38:52,,OMEGA_apphot_ip,18.331820578,0.058,OMEGA_apphot_ip
2024-09-23 09:35:26,,OMEGA_cal_apphot_ip,16.136219223,0.076,OMEGA_cal_apphot_ip
2024-09-23 09:35:26,,OMEGA_apphot_ip,18.324224697,0.077,OMEGA_apphot_ip
2024-09-23 09:31:59,,OMEGA_cal_apphot_ip,16.13280359,0.06,OMEGA_cal_apphot_ip
2024-09-23 09:31:59,,OMEGA_apphot_ip,18.320735656,0.06,OMEGA_apphot_ip
2024-09-23 09:05:24,,OMEGA_apphot_ip,18.323422093,0.045,OMEGA_apphot_ip
2024-09-23 09:05:24,,OMEGA_cal_apphot_ip,16.135433506,0.046,OMEGA_cal_apphot_ip
2024-09-23 09:01:57,,OMEGA_apphot_ip,18.32287109,0.048,OMEGA_apphot_ip
2024-09-23 09:01:57,,OMEGA_cal_apphot_ip,16.134894096,0.049,OMEGA_cal_apphot_ip
2024-09-23 08:58:31,,OMEGA_cal_apphot_ip,16.153728271,0.051,OMEGA_cal_apphot_ip
2024-09-23 08:58:31,,OMEGA_apphot_ip,18.342110042,0.05,OMEGA_apphot_ip
2024-09-23 08:55:05,,OMEGA_cal_apphot_ip,16.152594335,0.065,OMEGA_cal_apphot_ip
2024-09-23 08:55:05,,OMEGA_apphot_ip,18.340951736,0.065,OMEGA_apphot_ip
2024-09-23 01:53:31,,OMEGA_cal_apphot_ip,16.138513708,0.044,OMEGA_cal_apphot_ip
2024-09-23 01:53:31,,OMEGA_apphot_ip,18.326568494,0.043,OMEGA_apphot_ip
2024-09-23 01:50:04,,OMEGA_cal_apphot_ip,16.13547142,0.049,OMEGA_cal_apphot_ip
2024-09-23 01:50:04,,OMEGA_apphot_ip,18.323460822,0.048,OMEGA_apphot_ip
2024-09-23 01:46:38,,OMEGA_apphot_ip,18.321552551,0.051,OMEGA_apphot_ip
2024-09-23 01:46:38,,OMEGA_cal_apphot_ip,16.133603298,0.052,OMEGA_cal_apphot_ip
2024-09-23 01:43:08,,OMEGA_apphot_ip,18.33655988,0.041,OMEGA_apphot_ip
2024-09-23 01:43:08,,OMEGA_cal_apphot_ip,16.148294881,0.043,OMEGA_cal_apphot_ip
2024-09-23 00:59:48,,OMEGA_apphot_ip,18.327577747,0.044,OMEGA_apphot_ip
2024-09-23 00:59:48,,OMEGA_cal_apphot_ip,16.139501727,0.046,OMEGA_cal_apphot_ip
2024-09-23 00:56:23,,OMEGA_cal_apphot_ip,16.147876065,0.046,OMEGA_cal_apphot_ip
2024-09-23 00:56:23,,OMEGA_apphot_ip,18.336132063,0.045,OMEGA_apphot_ip
2024-09-23 00:52:57,,OMEGA_apphot_ip,18.345539971,0.04,OMEGA_apphot_ip
2024-09-23 00:52:57,,OMEGA_cal_apphot_ip,16.157086036,0.042,OMEGA_cal_apphot_ip
2024-09-23 00:49:31,,OMEGA_cal_apphot_ip,16.154522925,0.043,OMEGA_cal_apphot_ip
2024-09-23 00:49:31,,OMEGA_apphot_ip,18.342921774,0.042,OMEGA_apphot_ip
2024-09-23 00:25:45,,OMEGA_cal_apphot_ip,16.152871777,0.06,OMEGA_cal_apphot_ip
2024-09-23 00:25:45,,OMEGA_apphot_ip,18.34123514,0.06,OMEGA_apphot_ip
2024-09-23 00:22:18,,OMEGA_apphot_ip,18.328421401,0.047,OMEGA_apphot_ip
2024-09-23 00:22:18,,OMEGA_cal_apphot_ip,16.140327631,0.048,OMEGA_cal_apphot_ip
2024-09-23 00:18:48,,OMEGA_apphot_ip,18.349843973,0.046,OMEGA_apphot_ip
2024-09-23 00:18:48,,OMEGA_cal_apphot_ip,16.161299484,0.047,OMEGA_cal_apphot_ip
2024-09-23 00:15:20,,OMEGA_apphot_ip,18.337662206,0.05,OMEGA_apphot_ip
2024-09-23 00:15:20,,OMEGA_cal_apphot_ip,16.149374015,0.051,OMEGA_cal_apphot_ip
2024-09-22 19:25:08,ATLAS,o,17.888,0.097,ATLAS
2024-09-22 19:25:08,ATLAS,o,17.17,0.086,ATLAS
2024-09-22 18:56:24,,OMEGA_apphot_ip,18.362178451,0.054,OMEGA_apphot_ip
2024-09-22 18:56:24,,OMEGA_cal_apphot_ip,16.173374452,0.054,OMEGA_cal_apphot_ip
2024-09-22 18:55:46,ATLAS,o,17.029,0.077,ATLAS
2024-09-22 18:55:46,ATLAS,o,17.751,0.077,ATLAS
2024-09-22 18:52:49,,OMEGA_cal_apphot_ip,16.151965245,0.085,OMEGA_cal_apphot_ip
2024-09-22 18:52:49,,OMEGA_apphot_ip,18.340309125,0.085,OMEGA_apphot_ip
2024-09-22 18:49:21,,OMEGA_cal_apphot_ip,16.211644704,0.107,OMEGA_cal_apphot_ip
2024-09-22 18:49:21,,OMEGA_apphot_ip,18.401271192,0.108,OMEGA_apphot_ip
2024-09-22 18:45:54,,OMEGA_apphot_ip,18.384545784,0.078,OMEGA_apphot_ip
2024-09-22 18:45:54,,OMEGA_cal_apphot_ip,16.19527119,0.078,OMEGA_cal_apphot_ip
2024-09-22 18:42:24,ATLAS,o,17.162,0.088,ATLAS
2024-09-22 18:42:24,ATLAS,o,17.846,0.094,ATLAS
2024-09-22 18:37:46,ATLAS,o,16.975,0.07,ATLAS
2024-09-22 18:37:46,ATLAS,o,17.524,0.061,ATLAS
2024-09-22 18:16:06,,OMEGA_cal_apphot_ip,16.139050775,0.051,OMEGA_cal_apphot_ip
2024-09-22 18:16:06,,OMEGA_apphot_ip,18.327117104,0.05,OMEGA_apphot_ip
2024-09-22 18:12:38,,OMEGA_apphot_ip,18.394779496,0.081,OMEGA_apphot_ip
2024-09-22 18:12:38,,OMEGA_cal_apphot_ip,16.20528959,0.08,OMEGA_cal_apphot_ip
2024-09-22 18:09:10,,OMEGA_cal_apphot_ip,16.19598215,0.09,OMEGA_cal_apphot_ip
2024-09-22 18:09:10,,OMEGA_apphot_ip,18.385272025,0.091,OMEGA_apphot_ip
2024-09-22 18:05:42,,OMEGA_cal_apphot_ip,16.141056563,0.094,OMEGA_cal_apphot_ip
2024-09-22 18:05:42,,OMEGA_apphot_ip,18.329165999,0.095,OMEGA_apphot_ip
2024-09-22 11:45:03,,OMEGA_cal_apphot_ip,16.158321292,0.046,OMEGA_cal_apphot_ip
2024-09-22 11:45:03,,OMEGA_apphot_ip,18.346801775,0.045,OMEGA_apphot_ip
2024-09-22 11:41:37,,OMEGA_apphot_ip,18.317380509,0.058,OMEGA_apphot_ip
2024-09-22 11:41:37,,OMEGA_cal_apphot_ip,16.129519033,0.059,OMEGA_cal_apphot_ip
2024-09-22 11:38:11,,OMEGA_cal_apphot_ip,16.120770074,0.057,OMEGA_cal_apphot_ip
2024-09-22 11:38:11,,OMEGA_apphot_ip,18.30844352,0.057,OMEGA_apphot_ip
2024-09-22 11:34:45,,OMEGA_apphot_ip,18.324795699,0.055,OMEGA_apphot_ip
2024-09-22 11:34:45,,OMEGA_cal_apphot_ip,16.136778212,0.055,OMEGA_cal_apphot_ip
2024-09-22 11:19:41,,OMEGA_apphot_ip,18.327809469,0.044,OMEGA_apphot_ip
2024-09-22 11:19:41,,OMEGA_cal_apphot_ip,16.139728574,0.045,OMEGA_cal_apphot_ip
2024-09-22 11:16:14,,OMEGA_cal_apphot_ip,16.131354008,0.054,OMEGA_cal_apphot_ip
2024-09-22 11:16:14,,OMEGA_apphot_ip,18.31925492,0.054,OMEGA_apphot_ip
2024-09-22 11:12:48,,OMEGA_apphot_ip,18.325899357,0.047,OMEGA_apphot_ip
2024-09-22 11:12:48,,OMEGA_cal_apphot_ip,16.13785865,0.048,OMEGA_cal_apphot_ip
2024-09-22 11:09:22,,OMEGA_apphot_ip,18.306481322,0.084,OMEGA_apphot_ip
2024-09-22 11:09:22,,OMEGA_cal_apphot_ip,16.118849158,0.083,OMEGA_cal_apphot_ip
2024-09-22 09:50:29,,OMEGA_apphot_ip,18.327868713,0.059,OMEGA_apphot_ip
2024-09-22 09:50:29,,OMEGA_cal_apphot_ip,16.139786571,0.059,OMEGA_cal_apphot_ip
2024-09-22 09:47:03,,OMEGA_apphot_ip,18.325681286,0.047,OMEGA_apphot_ip
2024-09-22 09:47:03,,OMEGA_cal_apphot_ip,16.137645166,0.048,OMEGA_cal_apphot_ip
2024-09-22 09:43:37,,OMEGA_cal_apphot_ip,16.142905763,0.055,OMEGA_cal_apphot_ip
2024-09-22 09:43:37,,OMEGA_apphot_ip,18.331054941,0.054,OMEGA_apphot_ip
2024-09-22 09:40:11,,OMEGA_cal_apphot_ip,16.12049824,0.072,OMEGA_cal_apphot_ip
2024-09-22 09:40:11,,OMEGA_apphot_ip,18.308165845,0.072,OMEGA_apphot_ip
2024-09-22 09:04:45,,OMEGA_apphot_ip,18.323611248,0.071,OMEGA_apphot_ip
2024-09-22 09:04:45,,OMEGA_cal_apphot_ip,16.135618681,0.071,OMEGA_cal_apphot_ip
2024-09-22 09:01:18,,OMEGA_cal_apphot_ip,16.163198965,0.057,OMEGA_cal_apphot_ip
2024-09-22 09:01:18,,OMEGA_apphot_ip,18.351784277,0.056,OMEGA_apphot_ip
2024-09-22 08:57:52,,OMEGA_apphot_ip,18.338723459,0.054,OMEGA_apphot_ip
2024-09-22 08:57:52,,OMEGA_cal_apphot_ip,16.15041294,0.055,OMEGA_cal_apphot_ip
2024-09-22 08:54:26,,OMEGA_apphot_ip,18.374423703,0.119,OMEGA_apphot_ip
2024-09-22 08:54:26,,OMEGA_cal_apphot_ip,16.185362071,0.117,OMEGA_cal_apphot_ip
2024-09-22 02:06:23,,OMEGA_cal_apphot_ip,16.157371993,0.068,OMEGA_cal_apphot_ip
2024-09-22 02:06:23,,OMEGA_apphot_ip,18.345832073,0.068,OMEGA_apphot_ip
2024-09-22 02:02:56,,OMEGA_cal_apphot_ip,16.155178426,0.054,OMEGA_cal_apphot_ip
2024-09-22 02:02:56,,OMEGA_apphot_ip,18.343591364,0.054,OMEGA_apphot_ip
2024-09-22 01:59:30,,OMEGA_cal_apphot_ip,16.171401898,0.055,OMEGA_cal_apphot_ip
2024-09-22 01:59:30,,OMEGA_apphot_ip,18.360163503,0.055,OMEGA_apphot_ip
2024-09-22 01:56:03,,OMEGA_cal_apphot_ip,16.139783249,0.054,OMEGA_cal_apphot_ip
2024-09-22 01:56:03,,OMEGA_apphot_ip,18.327865319,0.053,OMEGA_apphot_ip
2024-09-21 18:20:01,,OMEGA_apphot_ip,18.342454774,0.073,OMEGA_apphot_ip
2024-09-21 18:20:01,,OMEGA_cal_apphot_ip,16.15406575,0.073,OMEGA_cal_apphot_ip
2024-09-21 18:16:33,,OMEGA_apphot_ip,18.354602662,0.105,OMEGA_apphot_ip
2024-09-21 18:16:33,,OMEGA_cal_apphot_ip,16.165958054,0.103,OMEGA_cal_apphot_ip
2024-09-21 18:13:05,,OMEGA_apphot_ip,18.38506288,0.076,OMEGA_apphot_ip
2024-09-21 18:13:05,,OMEGA_cal_apphot_ip,16.195777406,0.076,OMEGA_cal_apphot_ip
2024-09-21 18:09:37,,OMEGA_cal_apphot_ip,16.135308996,0.055,OMEGA_cal_apphot_ip
2024-09-21 18:09:37,,OMEGA_apphot_ip,18.323294907,0.054,OMEGA_apphot_ip
2024-09-21 11:50:33,,OMEGA_apphot_ip,18.324062535,0.05,OMEGA_apphot_ip
2024-09-21 11:50:33,,OMEGA_cal_apphot_ip,16.136060473,0.051,OMEGA_cal_apphot_ip
2024-09-21 11:47:07,,OMEGA_apphot_ip,18.334056025,0.058,OMEGA_apphot_ip
2024-09-21 11:47:07,,OMEGA_cal_apphot_ip,16.145843706,0.059,OMEGA_cal_apphot_ip
2024-09-21 11:43:41,,OMEGA_apphot_ip,18.312421318,0.051,OMEGA_apphot_ip
2024-09-21 11:43:41,,OMEGA_cal_apphot_ip,16.124664181,0.052,OMEGA_cal_apphot_ip
2024-09-21 11:40:15,,OMEGA_cal_apphot_ip,16.152406759,0.074,OMEGA_cal_apphot_ip
2024-09-21 11:40:15,,OMEGA_apphot_ip,18.340760129,0.075,OMEGA_apphot_ip
2024-09-21 11:01:59,,OMEGA_cal_apphot_ip,16.110601642,0.049,OMEGA_cal_apphot_ip
2024-09-21 11:01:59,,OMEGA_apphot_ip,18.298056552,0.048,OMEGA_apphot_ip
2024-09-21 10:58:33,,OMEGA_cal_apphot_ip,16.115860557,0.052,OMEGA_cal_apphot_ip
2024-09-21 10:58:33,,OMEGA_apphot_ip,18.30342849,0.051,OMEGA_apphot_ip
2024-09-21 10:55:07,,OMEGA_cal_apphot_ip,16.128470534,0.058,OMEGA_cal_apphot_ip
2024-09-21 10:55:07,,OMEGA_apphot_ip,18.316309476,0.057,OMEGA_apphot_ip
2024-09-21 10:51:41,,OMEGA_cal_apphot_ip,16.140942435,0.046,OMEGA_cal_apphot_ip
2024-09-21 10:51:41,,OMEGA_apphot_ip,18.329049418,0.045,OMEGA_apphot_ip
2024-09-21 10:21:54,,OMEGA_apphot_ip,18.311208284,0.07,OMEGA_apphot_ip
2024-09-21 10:21:54,,OMEGA_cal_apphot_ip,16.123476668,0.069,OMEGA_cal_apphot_ip
2024-09-21 10:18:28,,OMEGA_apphot_ip,18.327130492,0.071,OMEGA_apphot_ip
2024-09-21 10:18:28,,OMEGA_cal_apphot_ip,16.139063882,0.071,OMEGA_cal_apphot_ip
2024-09-21 10:15:02,,OMEGA_apphot_ip,18.31409138,0.043,OMEGA_apphot_ip
2024-09-21 10:15:02,,OMEGA_cal_apphot_ip,16.126299105,0.044,OMEGA_cal_apphot_ip
2024-09-21 10:11:36,,OMEGA_cal_apphot_ip,16.130754586,0.095,OMEGA_cal_apphot_ip
2024-09-21 10:11:36,,OMEGA_apphot_ip,18.318642616,0.096,OMEGA_apphot_ip
2024-09-21 09:21:58,,OMEGA_apphot_ip,18.299836466,0.089,OMEGA_apphot_ip
2024-09-21 09:21:58,,OMEGA_cal_apphot_ip,16.112344106,0.088,OMEGA_cal_apphot_ip
2024-09-21 09:18:32,,OMEGA_apphot_ip,18.317177237,0.041,OMEGA_apphot_ip
2024-09-21 09:18:32,,OMEGA_cal_apphot_ip,16.129320038,0.042,OMEGA_cal_apphot_ip
2024-09-21 09:15:05,,OMEGA_cal_apphot_ip,16.130233854,0.101,OMEGA_cal_apphot_ip
2024-09-21 09:15:05,,OMEGA_apphot_ip,18.318110693,0.102,OMEGA_apphot_ip
2024-09-21 09:11:39,,OMEGA_cal_apphot_ip,16.117374736,0.061,OMEGA_cal_apphot_ip
2024-09-21 09:11:39,,OMEGA_apphot_ip,18.304975212,0.061,OMEGA_apphot_ip
2024-09-20 18:54:38,ATLAS,o,17.047,0.069,ATLAS
2024-09-20 18:54:38,ATLAS,o,17.679,0.069,ATLAS
2024-09-20 18:46:01,ATLAS,o,17.173,0.075,ATLAS
2024-09-20 18:46:01,ATLAS,o,17.747,0.068,ATLAS
2024-09-20 18:22:43,ATLAS,o,17.87,0.079,ATLAS
2024-09-20 18:22:43,ATLAS,o,17.097,0.081,ATLAS
2024-09-20 18:16:40,ATLAS,o,17.296,0.094,ATLAS
2024-09-20 18:16:40,ATLAS,o,17.907,0.087,ATLAS
2024-09-20 11:44:56,,OMEGA_cal_apphot_ip,16.142594458,0.065,OMEGA_cal_apphot_ip
2024-09-20 11:44:56,,OMEGA_apphot_ip,18.330736946,0.065,OMEGA_apphot_ip
2024-09-20 11:41:30,,OMEGA_cal_apphot_ip,16.132761484,0.039,OMEGA_cal_apphot_ip
2024-09-20 11:41:30,,OMEGA_apphot_ip,18.320692646,0.038,OMEGA_apphot_ip
2024-09-20 11:38:04,,OMEGA_cal_apphot_ip,16.122341849,0.053,OMEGA_cal_apphot_ip
2024-09-20 11:38:04,,OMEGA_apphot_ip,18.310049076,0.052,OMEGA_apphot_ip
2024-09-20 11:34:38,,OMEGA_apphot_ip,18.299891634,0.042,OMEGA_apphot_ip
2024-09-20 11:34:38,,OMEGA_cal_apphot_ip,16.112398114,0.043,OMEGA_cal_apphot_ip
2024-09-20 10:59:59,,OMEGA_cal_apphot_ip,16.126751982,0.052,OMEGA_cal_apphot_ip
2024-09-20 10:59:59,,OMEGA_apphot_ip,18.314553989,0.052,OMEGA_apphot_ip
2024-09-20 10:56:33,,OMEGA_apphot_ip,18.309902136,0.065,OMEGA_apphot_ip
2024-09-20 10:56:33,,OMEGA_cal_apphot_ip,16.122198001,0.065,OMEGA_cal_apphot_ip
2024-09-20 10:53:07,,OMEGA_cal_apphot_ip,16.12976537,0.064,OMEGA_cal_apphot_ip
2024-09-20 10:53:07,,OMEGA_apphot_ip,18.31763214,0.064,OMEGA_apphot_ip
2024-09-20 10:49:41,,OMEGA_apphot_ip,18.320059085,0.07,OMEGA_apphot_ip
2024-09-20 10:49:41,,OMEGA_cal_apphot_ip,16.132141254,0.07,OMEGA_cal_apphot_ip
2024-09-20 10:13:13,,OMEGA_cal_apphot_ip,16.125770624,0.057,OMEGA_cal_apphot_ip
2024-09-20 10:13:13,,OMEGA_apphot_ip,18.31355154,0.056,OMEGA_apphot_ip
2024-09-20 10:09:47,,OMEGA_cal_apphot_ip,16.106517863,0.062,OMEGA_cal_apphot_ip
2024-09-20 10:09:47,,OMEGA_apphot_ip,18.293885007,0.062,OMEGA_apphot_ip
2024-09-20 10:06:21,,OMEGA_cal_apphot_ip,16.135819301,0.063,OMEGA_cal_apphot_ip
2024-09-20 10:06:21,,OMEGA_apphot_ip,18.32381618,0.063,OMEGA_apphot_ip
2024-09-20 10:02:55,,OMEGA_apphot_ip,18.31465217,0.042,OMEGA_apphot_ip
2024-09-20 10:02:55,,OMEGA_cal_apphot_ip,16.126848096,0.043,OMEGA_cal_apphot_ip
2024-09-20 09:21:58,,OMEGA_cal_apphot_ip,16.124653314,0.066,OMEGA_cal_apphot_ip
2024-09-20 09:21:58,,OMEGA_apphot_ip,18.312410218,0.066,OMEGA_apphot_ip
2024-09-20 09:18:32,,OMEGA_cal_apphot_ip,16.142858524,0.067,OMEGA_cal_apphot_ip
2024-09-20 09:18:32,,OMEGA_apphot_ip,18.331006687,0.067,OMEGA_apphot_ip
2024-09-20 09:15:05,,OMEGA_cal_apphot_ip,16.131513322,0.034,OMEGA_cal_apphot_ip
2024-09-20 09:15:05,,OMEGA_apphot_ip,18.319417659,0.032,OMEGA_apphot_ip
2024-09-20 09:11:39,,OMEGA_cal_apphot_ip,16.128494505,0.062,OMEGA_cal_apphot_ip
2024-09-20 09:11:39,,OMEGA_apphot_ip,18.316333962,0.062,OMEGA_apphot_ip
2024-09-20 02:40:58,,OGLE_I,15.72,0.009,OGLE
2024-09-20 02:18:49,,OMEGA_cal_apphot_ip,16.151759758,0.089,OMEGA_cal_apphot_ip
2024-09-20 02:18:49,,OMEGA_apphot_ip,18.340099222,0.09,OMEGA_apphot_ip
2024-09-20 02:15:23,,OMEGA_cal_apphot_ip,16.137795855,0.07,OMEGA_cal_apphot_ip
2024-09-20 02:15:23,,OMEGA_apphot_ip,18.325835213,0.071,OMEGA_apphot_ip
2024-09-20 02:11:57,,OMEGA_apphot_ip,18.312110146,0.053,OMEGA_apphot_ip
2024-09-20 02:11:57,,OMEGA_cal_apphot_ip,16.124359555,0.054,OMEGA_cal_apphot_ip
2024-09-20 01:56:52,ATLAS,o,17.825,0.096,ATLAS
2024-09-20 01:56:52,ATLAS,o,17.224,0.08,ATLAS
2024-09-20 01:46:55,ATLAS,o,17.286,0.097,ATLAS
2024-09-20 01:46:55,ATLAS,o,17.815,0.105,ATLAS
2024-09-20 01:14:55,ATLAS,o,17.722,0.089,ATLAS
2024-09-20 01:14:55,ATLAS,o,17.184,0.081,ATLAS
2024-09-20 01:11:32,,OMEGA_cal_apphot_ip,16.126963738,0.076,OMEGA_cal_apphot_ip
2024-09-20 01:11:32,,OMEGA_apphot_ip,18.314770296,0.076,OMEGA_apphot_ip
2024-09-20 01:10:16,ATLAS,o,17.672,0.078,ATLAS
2024-09-20 01:10:16,ATLAS,o,17.219,0.093,ATLAS
2024-09-20 01:08:06,,OMEGA_cal_apphot_ip,16.126422008,0.067,OMEGA_cal_apphot_ip
2024-09-20 01:08:06,,OMEGA_apphot_ip,18.314216924,0.067,OMEGA_apphot_ip
2024-09-20 01:04:40,,OMEGA_cal_apphot_ip,16.129438492,0.063,OMEGA_cal_apphot_ip
2024-09-20 01:04:40,,OMEGA_apphot_ip,18.317298237,0.063,OMEGA_apphot_ip
2024-09-20 01:01:14,,OMEGA_apphot_ip,18.296712944,0.048,OMEGA_apphot_ip
2024-09-20 01:01:14,,OMEGA_cal_apphot_ip,16.109286302,0.049,OMEGA_cal_apphot_ip
2024-09-20 00:22:02,,OMEGA_cal_apphot_ip,16.129500024,0.051,OMEGA_cal_apphot_ip
2024-09-20 00:22:02,,OMEGA_apphot_ip,18.317361091,0.05,OMEGA_apphot_ip
2024-09-20 00:18:36,,OMEGA_apphot_ip,18.305565284,0.053,OMEGA_apphot_ip
2024-09-20 00:18:36,,OMEGA_cal_apphot_ip,16.117952393,0.054,OMEGA_cal_apphot_ip
2024-09-20 00:15:09,,OMEGA_cal_apphot_ip,16.128795136,0.051,OMEGA_cal_apphot_ip
2024-09-20 00:15:09,,OMEGA_apphot_ip,18.316641054,0.051,OMEGA_apphot_ip
2024-09-20 00:11:43,,OMEGA_cal_apphot_ip,16.126313988,0.053,OMEGA_cal_apphot_ip
2024-09-20 00:11:43,,OMEGA_apphot_ip,18.314106582,0.052,OMEGA_apphot_ip
2024-09-19 12:25:11,,OMEGA_cal_apphot_ip,16.11652795,0.076,OMEGA_cal_apphot_ip
2024-09-19 12:25:11,,OMEGA_apphot_ip,18.304110227,0.076,OMEGA_apphot_ip
2024-09-19 12:23:35,,OMEGA_apphot_ip,18.317992204,0.076,OMEGA_apphot_ip
2024-09-19 12:23:35,,OMEGA_cal_apphot_ip,16.130117858,0.076,OMEGA_cal_apphot_ip
2024-09-19 12:20:45,,OMEGA_cal_apphot_gp,17.942409449,0.091,OMEGA_cal_apphot_gp
2024-09-19 12:20:45,,OMEGA_apphot_gp,19.704035583,0.097,OMEGA_apphot_gp
2024-09-19 12:17:18,,OMEGA_apphot_gp,19.662656704,0.101,OMEGA_apphot_gp
2024-09-19 12:17:18,,OMEGA_cal_apphot_gp,17.904189549,0.095,OMEGA_cal_apphot_gp
2024-09-19 12:13:52,,OMEGA_apphot_gp,19.667432885,0.086,OMEGA_apphot_gp
2024-09-19 12:13:52,,OMEGA_cal_apphot_gp,17.908601103,0.081,OMEGA_cal_apphot_gp
2024-09-19 12:10:26,,OMEGA_cal_apphot_gp,17.881871194,0.103,OMEGA_cal_apphot_gp
2024-09-19 12:10:26,,OMEGA_apphot_gp,19.638493676,0.11,OMEGA_apphot_gp
2024-09-19 12:00:57,,OMEGA_cal_apphot_ip,16.144231496,0.053,OMEGA_cal_apphot_ip
2024-09-19 12:00:57,,OMEGA_apphot_ip,18.332409166,0.053,OMEGA_apphot_ip
2024-09-19 11:57:31,,OMEGA_apphot_ip,18.344340283,0.055,OMEGA_apphot_ip
2024-09-19 11:57:31,,OMEGA_cal_apphot_ip,16.155911589,0.056,OMEGA_cal_apphot_ip
2024-09-19 11:54:05,,OMEGA_apphot_ip,18.299240877,0.049,OMEGA_apphot_ip
2024-09-19 11:54:05,,OMEGA_cal_apphot_ip,16.111761048,0.05,OMEGA_cal_apphot_ip
2024-09-19 11:50:39,,OMEGA_cal_apphot_ip,16.141763545,0.079,OMEGA_cal_apphot_ip
2024-09-19 11:50:39,,OMEGA_apphot_ip,18.329888175,0.079,OMEGA_apphot_ip
2024-09-19 11:00:45,,OMEGA_cal_apphot_ip,16.154129034,0.07,OMEGA_cal_apphot_ip
2024-09-19 11:00:45,,OMEGA_apphot_ip,18.342519418,0.07,OMEGA_apphot_ip
2024-09-19 10:57:19,,OMEGA_apphot_ip,18.34056618,0.069,OMEGA_apphot_ip
2024-09-19 10:57:19,,OMEGA_cal_apphot_ip,16.152216891,0.069,OMEGA_cal_apphot_ip
2024-09-19 10:53:53,,OMEGA_cal_apphot_ip,16.16942583,0.071,OMEGA_cal_apphot_ip
2024-09-19 10:53:53,,OMEGA_apphot_ip,18.358144967,0.071,OMEGA_apphot_ip
2024-09-19 10:50:26,,OMEGA_apphot_ip,18.310683695,0.055,OMEGA_apphot_ip
2024-09-19 10:50:26,,OMEGA_cal_apphot_ip,16.122963116,0.056,OMEGA_cal_apphot_ip
2024-09-19 09:42:34,,OMEGA_cal_apphot_ip,16.12323485,0.039,OMEGA_cal_apphot_ip
2024-09-19 09:42:34,,OMEGA_apphot_ip,18.310961269,0.037,OMEGA_apphot_ip
2024-09-19 09:39:08,,OMEGA_apphot_ip,18.294872289,0.055,OMEGA_apphot_ip
2024-09-19 09:39:08,,OMEGA_cal_apphot_ip,16.107484374,0.056,OMEGA_cal_apphot_ip
2024-09-19 09:35:42,,OMEGA_cal_apphot_ip,16.127802061,0.051,OMEGA_cal_apphot_ip
2024-09-19 09:35:42,,OMEGA_apphot_ip,18.315626637,0.051,OMEGA_apphot_ip
2024-09-19 09:32:16,,OMEGA_cal_apphot_ip,16.124280092,0.064,OMEGA_cal_apphot_ip
2024-09-19 09:32:16,,OMEGA_apphot_ip,18.312028975,0.064,OMEGA_apphot_ip
2024-09-19 09:22:09,,OMEGA_cal_apphot_ip,16.12495711,0.084,OMEGA_cal_apphot_ip
2024-09-19 09:22:09,,OMEGA_apphot_ip,18.312720542,0.085,OMEGA_apphot_ip
2024-09-19 09:18:42,,OMEGA_apphot_ip,18.288869526,0.058,OMEGA_apphot_ip
2024-09-19 09:18:42,,OMEGA_cal_apphot_ip,16.101607905,0.058,OMEGA_cal_apphot_ip
2024-09-19 09:15:16,,OMEGA_apphot_ip,18.305678575,0.032,OMEGA_apphot_ip
2024-09-19 09:15:16,,OMEGA_cal_apphot_ip,16.118063301,0.034,OMEGA_cal_apphot_ip
2024-09-19 09:11:49,,OMEGA_cal_apphot_ip,16.11138366,0.07,OMEGA_cal_apphot_ip
2024-09-19 09:11:49,,OMEGA_apphot_ip,18.298855378,0.07,OMEGA_apphot_ip
2024-09-17 19:51:45,ATLAS,o,17.517,0.128,ATLAS
2024-09-17 19:51:45,ATLAS,o,16.947,0.092,ATLAS
2024-09-17 19:43:49,ATLAS,o,17.476,0.109,ATLAS
2024-09-17 19:43:49,ATLAS,o,16.943,0.083,ATLAS
2024-09-17 19:10:08,ATLAS,o,17.663,0.133,ATLAS
2024-09-17 19:10:08,ATLAS,o,17.002,0.096,ATLAS
2024-09-17 19:05:30,ATLAS,o,17.455,0.104,ATLAS
2024-09-17 19:05:30,ATLAS,o,16.948,0.095,ATLAS
2024-09-17 00:46:41,ATLAS,o,17.156,0.206,ATLAS
2024-09-17 00:46:41,ATLAS,o,> 17.633737418,,ATLAS
2024-09-17 00:32:18,ATLAS,o,> 17.217447732,,ATLAS
2024-09-17 00:32:18,ATLAS,o,> 17.303776857,,ATLAS
2024-09-17 00:22:00,ATLAS,o,17.278,0.197,ATLAS
2024-09-17 00:22:00,ATLAS,o,17.836,0.31,ATLAS
2024-09-17 00:17:21,ATLAS,o,17.34,0.185,ATLAS
2024-09-17 00:17:21,ATLAS,o,17.636,0.177,ATLAS
2024-09-16 17:52:28,,OMEGA_cal_apphot_ip,16.091493043,0.086,OMEGA_cal_apphot_ip
2024-09-16 17:52:28,,OMEGA_apphot_ip,18.27853728,0.087,OMEGA_apphot_ip
2024-09-16 17:38:12,,OMEGA_cal_apphot_ip,16.158197734,0.064,OMEGA_cal_apphot_ip
2024-09-16 17:38:12,,OMEGA_apphot_ip,18.346675561,0.064,OMEGA_apphot_ip
2024-09-16 17:34:44,,OMEGA_apphot_ip,18.315292878,0.076,OMEGA_apphot_ip
2024-09-16 17:34:44,,OMEGA_cal_apphot_ip,16.127475325,0.076,OMEGA_cal_apphot_ip
2024-09-16 17:31:16,,OMEGA_cal_apphot_ip,16.148671866,0.105,OMEGA_cal_apphot_ip
2024-09-16 17:31:16,,OMEGA_apphot_ip,18.336944967,0.106,OMEGA_apphot_ip
2024-09-16 17:27:48,,OMEGA_apphot_ip,18.332314291,0.122,OMEGA_apphot_ip
2024-09-16 17:27:48,,OMEGA_cal_apphot_ip,16.144138617,0.12,OMEGA_cal_apphot_ip
2024-09-16 09:58:04,,OMEGA_cal_apphot_ip,16.107297097,0.039,OMEGA_cal_apphot_ip
2024-09-16 09:58:04,,OMEGA_apphot_ip,18.294680988,0.038,OMEGA_apphot_ip
2024-09-16 09:54:39,,OMEGA_cal_apphot_ip,16.115926595,0.094,OMEGA_cal_apphot_ip
2024-09-16 09:54:39,,OMEGA_apphot_ip,18.303495948,0.095,OMEGA_apphot_ip
2024-09-16 09:51:13,,OMEGA_apphot_ip,18.313447551,0.124,OMEGA_apphot_ip
2024-09-16 09:51:13,,OMEGA_cal_apphot_ip,16.125668822,0.122,OMEGA_cal_apphot_ip
2024-09-16 09:47:47,,OMEGA_apphot_ip,18.296396208,0.076,OMEGA_apphot_ip
2024-09-16 09:47:47,,OMEGA_cal_apphot_ip,16.10897623,0.075,OMEGA_cal_apphot_ip
2024-09-16 09:28:04,,OMEGA_cal_apphot_ip,16.09436724,0.062,OMEGA_cal_apphot_ip
2024-09-16 09:28:04,,OMEGA_apphot_ip,18.281473248,0.062,OMEGA_apphot_ip
2024-09-16 09:24:37,,OMEGA_cal_apphot_ip,16.097970654,0.054,OMEGA_cal_apphot_ip
2024-09-16 09:24:37,,OMEGA_apphot_ip,18.285154105,0.054,OMEGA_apphot_ip
2024-09-16 09:21:11,,OMEGA_cal_apphot_ip,16.099544762,0.091,OMEGA_cal_apphot_ip
2024-09-16 09:21:11,,OMEGA_apphot_ip,18.286762043,0.092,OMEGA_apphot_ip
2024-09-16 09:17:45,,OMEGA_apphot_ip,18.306509744,0.078,OMEGA_apphot_ip
2024-09-16 09:17:45,,OMEGA_cal_apphot_ip,16.118876982,0.078,OMEGA_cal_apphot_ip
2024-09-16 09:01:55,,OMEGA_apphot_ip,18.293722906,0.07,OMEGA_apphot_ip
2024-09-16 09:01:55,,OMEGA_cal_apphot_ip,16.106359173,0.07,OMEGA_cal_apphot_ip
2024-09-16 08:58:28,,OMEGA_cal_apphot_ip,16.108543233,0.064,OMEGA_cal_apphot_ip
2024-09-16 08:58:28,,OMEGA_apphot_ip,18.295953905,0.064,OMEGA_apphot_ip
2024-09-16 08:55:02,,OMEGA_apphot_ip,18.286260077,0.095,OMEGA_apphot_ip
2024-09-16 08:55:02,,OMEGA_cal_apphot_ip,16.099053357,0.094,OMEGA_cal_apphot_ip
2024-09-16 08:51:36,,OMEGA_apphot_ip,18.296108563,0.066,OMEGA_apphot_ip
2024-09-16 08:51:36,,OMEGA_cal_apphot_ip,16.108694637,0.066,OMEGA_cal_apphot_ip
2024-09-16 03:16:03,,OGLE_I,15.713,0.011,OGLE
2024-09-16 01:22:45,ATLAS,o,17.815,0.102,ATLAS
2024-09-16 01:22:45,ATLAS,o,17.38,0.117,ATLAS
2024-09-16 01:06:34,ATLAS,o,17.357,0.108,ATLAS
2024-09-16 01:06:34,ATLAS,o,17.691,0.08,ATLAS
2024-09-16 01:03:50,ATLAS,o,17.736,0.09,ATLAS
2024-09-16 01:03:50,ATLAS,o,17.153,0.102,ATLAS
2024-09-16 01:01:41,,OMEGA_apphot_ip,18.282377675,0.074,OMEGA_apphot_ip
2024-09-16 01:01:41,,OMEGA_cal_apphot_ip,16.095252639,0.074,OMEGA_cal_apphot_ip
2024-09-16 00:58:29,ATLAS,o,17.776,0.104,ATLAS
2024-09-16 00:58:29,ATLAS,o,17.407,0.099,ATLAS
2024-09-16 00:58:15,,OMEGA_apphot_ip,18.309314896,0.087,OMEGA_apphot_ip
2024-09-16 00:58:15,,OMEGA_cal_apphot_ip,16.121623116,0.086,OMEGA_cal_apphot_ip
2024-09-16 00:54:48,,OMEGA_apphot_ip,18.292291122,0.065,OMEGA_apphot_ip
2024-09-16 00:54:48,,OMEGA_cal_apphot_ip,16.104957513,0.065,OMEGA_cal_apphot_ip
2024-09-16 00:54:26,ATLAS,o,17.59,0.076,ATLAS
2024-09-16 00:54:26,ATLAS,o,17.266,0.096,ATLAS
2024-09-16 00:51:21,,OMEGA_cal_apphot_ip,16.113895035,0.068,OMEGA_cal_apphot_ip
2024-09-16 00:51:21,,OMEGA_apphot_ip,18.301420727,0.068,OMEGA_apphot_ip
2024-09-16 00:49:08,ATLAS,o,17.223,0.069,ATLAS
2024-09-16 00:49:08,ATLAS,o,16.74,0.069,ATLAS
2024-09-16 00:40:26,ATLAS,o,17.651,0.081,ATLAS
2024-09-16 00:40:26,ATLAS,o,17.091,0.08,ATLAS
2024-09-16 00:36:19,,OMEGA_apphot_ip,18.294973083,0.066,OMEGA_apphot_ip
2024-09-16 00:36:19,,OMEGA_cal_apphot_ip,16.107583047,0.066,OMEGA_cal_apphot_ip
2024-09-16 00:35:49,ATLAS,o,16.76,0.078,ATLAS
2024-09-16 00:35:49,ATLAS,o,17.289,0.102,ATLAS
2024-09-16 00:32:53,,OMEGA_cal_apphot_ip,16.10654874,0.091,OMEGA_cal_apphot_ip
2024-09-16 00:32:53,,OMEGA_apphot_ip,18.293916547,0.092,OMEGA_apphot_ip
2024-09-16 00:29:27,,OMEGA_apphot_ip,18.278220525,0.047,OMEGA_apphot_ip
2024-09-16 00:29:27,,OMEGA_cal_apphot_ip,16.091182953,0.048,OMEGA_cal_apphot_ip
2024-09-16 00:26:00,,OMEGA_apphot_ip,18.270518948,0.069,OMEGA_apphot_ip
2024-09-16 00:26:00,,OMEGA_cal_apphot_ip,16.083643412,0.068,OMEGA_cal_apphot_ip
2024-09-15 23:57:44,,OMEGA_cal_apphot_ip,16.118189638,0.036,OMEGA_cal_apphot_ip
2024-09-15 23:57:44,,OMEGA_apphot_ip,18.305807627,0.035,OMEGA_apphot_ip
2024-09-15 23:54:17,,OMEGA_cal_apphot_ip,16.086591932,0.062,OMEGA_cal_apphot_ip
2024-09-15 23:54:17,,OMEGA_apphot_ip,18.273530836,0.062,OMEGA_apphot_ip
2024-09-15 23:50:51,,OMEGA_apphot_ip,18.302040062,0.05,OMEGA_apphot_ip
2024-09-15 23:50:51,,OMEGA_cal_apphot_ip,16.114501341,0.051,OMEGA_cal_apphot_ip
2024-09-15 23:47:25,,OMEGA_apphot_ip,18.293873628,0.052,OMEGA_apphot_ip
2024-09-15 23:47:25,,OMEGA_cal_apphot_ip,16.106506724,0.052,OMEGA_cal_apphot_ip
2024-09-15 23:41:03,,OMEGA_cal_apphot_ip,16.103747632,0.057,OMEGA_cal_apphot_ip
2024-09-15 23:41:03,,OMEGA_apphot_ip,18.291055239,0.056,OMEGA_apphot_ip
2024-09-15 23:37:37,,OMEGA_cal_apphot_ip,16.112048833,0.063,OMEGA_cal_apphot_ip
2024-09-15 23:37:37,,OMEGA_apphot_ip,18.299534847,0.063,OMEGA_apphot_ip
2024-09-15 23:34:11,,OMEGA_apphot_ip,18.302451759,0.052,OMEGA_apphot_ip
2024-09-15 23:34:11,,OMEGA_cal_apphot_ip,16.114904375,0.053,OMEGA_cal_apphot_ip
2024-09-15 23:30:44,,OMEGA_apphot_ip,18.259220034,0.085,OMEGA_apphot_ip
2024-09-15 23:30:44,,OMEGA_cal_apphot_ip,16.072582221,0.084,OMEGA_cal_apphot_ip
2024-09-15 09:01:35,,OMEGA_cal_apphot_ip,16.071561156,0.051,OMEGA_cal_apphot_ip
2024-09-15 09:01:35,,OMEGA_apphot_ip,18.258177025,0.05,OMEGA_apphot_ip
2024-09-15 08:58:09,,OMEGA_apphot_ip,18.299258004,0.088,OMEGA_apphot_ip
2024-09-15 08:58:09,,OMEGA_cal_apphot_ip,16.111777816,0.087,OMEGA_cal_apphot_ip
2024-09-15 08:54:43,,OMEGA_cal_apphot_ip,16.098222208,0.063,OMEGA_cal_apphot_ip
2024-09-15 08:54:43,,OMEGA_apphot_ip,18.285411065,0.063,OMEGA_apphot_ip
2024-09-15 08:51:17,,OMEGA_apphot_ip,18.281227007,0.069,OMEGA_apphot_ip
2024-09-15 08:51:17,,OMEGA_cal_apphot_ip,16.09412618,0.069,OMEGA_cal_apphot_ip
2024-09-15 03:34:11,ATLAS,o,17.568,0.098,ATLAS
2024-09-15 03:34:11,ATLAS,o,17.24,0.099,ATLAS
2024-09-15 03:12:36,ATLAS,o,17.92,0.139,ATLAS
2024-09-15 03:12:36,ATLAS,o,17.321,0.114,ATLAS
2024-09-15 02:46:19,ATLAS,o,17.687,0.078,ATLAS
2024-09-15 02:46:19,ATLAS,o,17.31,0.104,ATLAS
2024-09-15 02:45:40,ATLAS,o,17.446,0.111,ATLAS
2024-09-15 02:45:40,ATLAS,o,16.869,0.075,ATLAS
2024-09-15 02:28:19,,OMEGA_cal_apphot_ip,16.079772702,0.086,OMEGA_cal_apphot_ip
2024-09-15 02:28:19,,OMEGA_apphot_ip,18.266565049,0.086,OMEGA_apphot_ip
2024-09-15 02:24:53,,OMEGA_cal_apphot_ip,16.105372745,0.06,OMEGA_cal_apphot_ip
2024-09-15 02:24:53,,OMEGA_apphot_ip,18.292715279,0.06,OMEGA_apphot_ip
2024-09-15 02:21:26,,OMEGA_apphot_ip,18.289568645,0.071,OMEGA_apphot_ip
2024-09-15 02:21:26,,OMEGA_cal_apphot_ip,16.102292315,0.071,OMEGA_cal_apphot_ip
2024-09-15 02:20:04,ATLAS,o,16.982,0.087,ATLAS
2024-09-15 02:20:04,ATLAS,o,17.546,0.1,ATLAS
2024-09-15 02:18:00,,OMEGA_cal_apphot_ip,16.102943785,0.059,OMEGA_cal_apphot_ip
2024-09-15 02:18:00,,OMEGA_apphot_ip,18.290234116,0.059,OMEGA_apphot_ip
2024-09-15 02:16:43,ATLAS,o,17.485,0.085,ATLAS
2024-09-15 02:16:43,ATLAS,o,17.143,0.088,ATLAS
2024-09-15 02:15:24,ATLAS,o,17.38,0.096,ATLAS
2024-09-15 02:15:24,ATLAS,o,16.9,0.08,ATLAS
2024-09-15 01:58:11,,OMEGA_cal_apphot_ip,16.128225961,0.068,OMEGA_cal_apphot_ip
2024-09-15 01:58:11,,OMEGA_apphot_ip,18.316059646,0.068,OMEGA_apphot_ip
2024-09-15 01:54:45,,OMEGA_apphot_ip,18.257524572,0.102,OMEGA_apphot_ip
2024-09-15 01:54:45,,OMEGA_cal_apphot_ip,16.070922431,0.101,OMEGA_cal_apphot_ip
2024-09-15 01:51:19,,OMEGA_apphot_ip,18.306719893,0.102,OMEGA_apphot_ip
2024-09-15 01:51:19,,OMEGA_cal_apphot_ip,16.119082711,0.1,OMEGA_cal_apphot_ip
2024-09-15 01:47:52,,OMEGA_apphot_ip,18.278709079,0.063,OMEGA_apphot_ip
2024-09-15 01:47:52,,OMEGA_cal_apphot_ip,16.091661228,0.063,OMEGA_cal_apphot_ip
2024-09-15 01:43:31,ATLAS,o,17.547,0.102,ATLAS
2024-09-15 01:43:31,ATLAS,o,16.922,0.091,ATLAS
2024-09-15 01:28:13,,OMEGA_apphot_ip,18.287035318,0.061,OMEGA_apphot_ip
2024-09-15 01:28:13,,OMEGA_cal_apphot_ip,16.099812288,0.061,OMEGA_cal_apphot_ip
2024-09-15 01:24:45,,OMEGA_apphot_ip,18.282141467,0.057,OMEGA_apphot_ip
2024-09-15 01:24:45,,OMEGA_cal_apphot_ip,16.0950214,0.057,OMEGA_cal_apphot_ip
2024-09-15 01:21:18,,OMEGA_apphot_ip,18.275987801,0.105,OMEGA_apphot_ip
2024-09-15 01:21:18,,OMEGA_cal_apphot_ip,16.088997204,0.103,OMEGA_cal_apphot_ip
2024-09-15 01:17:52,,OMEGA_cal_apphot_ip,16.094795011,0.102,OMEGA_cal_apphot_ip
2024-09-15 01:17:52,,OMEGA_apphot_ip,18.281910212,0.103,OMEGA_apphot_ip
2024-09-15 00:58:10,,OMEGA_cal_apphot_ip,16.09640151,0.079,OMEGA_cal_apphot_ip
2024-09-15 00:58:10,,OMEGA_apphot_ip,18.283551237,0.079,OMEGA_apphot_ip
2024-09-15 00:54:44,,OMEGA_cal_apphot_ip,16.119618408,0.118,OMEGA_cal_apphot_ip
2024-09-15 00:54:44,,OMEGA_apphot_ip,18.307267104,0.119,OMEGA_apphot_ip
2024-09-15 00:51:18,,OMEGA_apphot_ip,18.297168786,0.081,OMEGA_apphot_ip
2024-09-15 00:51:18,,OMEGA_cal_apphot_ip,16.109732553,0.081,OMEGA_cal_apphot_ip
2024-09-15 00:47:51,,OMEGA_cal_apphot_ip,16.098430518,0.052,OMEGA_cal_apphot_ip
2024-09-15 00:47:51,,OMEGA_apphot_ip,18.285623852,0.051,OMEGA_apphot_ip
2024-09-15 00:28:10,,OMEGA_cal_apphot_ip,16.082030646,0.057,OMEGA_cal_apphot_ip
2024-09-15 00:28:10,,OMEGA_apphot_ip,18.26887152,0.057,OMEGA_apphot_ip
2024-09-15 00:24:44,,OMEGA_cal_apphot_ip,16.108657333,0.053,OMEGA_cal_apphot_ip
2024-09-15 00:24:44,,OMEGA_apphot_ip,18.296070458,0.052,OMEGA_apphot_ip
2024-09-15 00:21:18,,OMEGA_cal_apphot_ip,16.113787772,0.069,OMEGA_cal_apphot_ip
2024-09-15 00:21:18,,OMEGA_apphot_ip,18.301311158,0.07,OMEGA_apphot_ip
2024-09-15 00:17:52,,OMEGA_cal_apphot_ip,16.109781092,0.088,OMEGA_cal_apphot_ip
2024-09-15 00:17:52,,OMEGA_apphot_ip,18.297218368,0.089,OMEGA_apphot_ip
2024-09-14 18:38:36,ATLAS,o,> 18.226217639,,ATLAS
2024-09-14 18:38:36,ATLAS,o,> 18.298626879,,ATLAS
2024-09-14 18:21:08,ATLAS,o,17.022,0.085,ATLAS
2024-09-14 18:21:08,ATLAS,o,16.787,0.079,ATLAS
2024-09-14 18:10:56,ATLAS,o,17.484,0.162,ATLAS
2024-09-14 18:10:56,ATLAS,o,17.882,0.191,ATLAS
2024-09-14 18:06:06,ATLAS,o,17.866,0.194,ATLAS
2024-09-14 18:06:06,ATLAS,o,17.409,0.158,ATLAS
2024-09-14 03:02:21,,OMEGA_apphot_ip,18.25688847,0.064,OMEGA_apphot_ip
2024-09-14 03:02:21,,OMEGA_cal_apphot_ip,16.070299712,0.064,OMEGA_cal_apphot_ip
2024-09-14 02:58:54,,OMEGA_cal_apphot_ip,16.072545069,0.061,OMEGA_cal_apphot_ip
2024-09-14 02:58:54,,OMEGA_apphot_ip,18.259182083,0.061,OMEGA_apphot_ip
2024-09-14 02:55:28,,OMEGA_cal_apphot_ip,16.090526281,0.086,OMEGA_cal_apphot_ip
2024-09-14 02:55:28,,OMEGA_apphot_ip,18.27754974,0.087,OMEGA_apphot_ip
2024-09-14 02:52:02,,OMEGA_apphot_ip,18.27441509,0.052,OMEGA_apphot_ip
2024-09-14 02:52:02,,OMEGA_cal_apphot_ip,16.087457582,0.052,OMEGA_cal_apphot_ip
2024-09-14 02:31:41,,OMEGA_cal_apphot_ip,16.085254454,0.075,OMEGA_cal_apphot_ip
2024-09-14 02:31:41,,OMEGA_apphot_ip,18.272164614,0.076,OMEGA_apphot_ip
2024-09-14 02:28:14,,OMEGA_cal_apphot_ip,16.093568216,0.045,OMEGA_cal_apphot_ip
2024-09-14 02:28:14,,OMEGA_apphot_ip,18.280657051,0.044,OMEGA_apphot_ip
2024-09-14 02:24:48,,OMEGA_cal_apphot_ip,16.0729629,0.069,OMEGA_cal_apphot_ip
2024-09-14 02:24:48,,OMEGA_apphot_ip,18.259608894,0.069,OMEGA_apphot_ip
2024-09-14 02:21:22,,OMEGA_apphot_ip,18.282974607,0.052,OMEGA_apphot_ip
2024-09-14 02:21:22,,OMEGA_cal_apphot_ip,16.095837011,0.052,OMEGA_cal_apphot_ip
2024-09-14 02:04:24,,OGLE_I,15.693,0.01,OGLE
2024-09-14 02:02:34,,OMEGA_apphot_ip,18.257628972,0.064,OMEGA_apphot_ip
2024-09-14 02:02:34,,OMEGA_cal_apphot_ip,16.071024634,0.064,OMEGA_cal_apphot_ip
2024-09-14 01:59:08,,OMEGA_cal_apphot_ip,16.063191029,0.047,OMEGA_cal_apphot_ip
2024-09-14 01:59:08,,OMEGA_apphot_ip,18.24962701,0.046,OMEGA_apphot_ip
2024-09-14 01:55:42,,OMEGA_cal_apphot_ip,16.061189282,0.08,OMEGA_cal_apphot_ip
2024-09-14 01:55:42,,OMEGA_apphot_ip,18.247582243,0.08,OMEGA_apphot_ip
2024-09-14 01:52:16,,OMEGA_apphot_ip,18.253038953,0.047,OMEGA_apphot_ip
2024-09-14 01:52:16,,OMEGA_cal_apphot_ip,16.066531187,0.048,OMEGA_cal_apphot_ip
2024-09-14 01:28:21,,OMEGA_cal_apphot_ip,16.10581009,0.065,OMEGA_cal_apphot_ip
2024-09-14 01:28:21,,OMEGA_apphot_ip,18.293162023,0.065,OMEGA_apphot_ip
2024-09-14 01:24:55,,OMEGA_apphot_ip,18.269080148,0.048,OMEGA_apphot_ip
2024-09-14 01:24:55,,OMEGA_cal_apphot_ip,16.082234884,0.049,OMEGA_cal_apphot_ip
2024-09-14 01:21:29,,OMEGA_cal_apphot_ip,16.082140119,0.041,OMEGA_cal_apphot_ip
2024-09-14 01:21:29,,OMEGA_apphot_ip,18.268983346,0.039,OMEGA_apphot_ip
2024-09-14 01:18:03,,OMEGA_apphot_ip,18.284968223,0.075,OMEGA_apphot_ip
2024-09-14 01:18:03,,OMEGA_cal_apphot_ip,16.097788683,0.075,OMEGA_cal_apphot_ip
2024-09-14 01:02:39,,OMEGA_apphot_ip,18.26186138,0.074,OMEGA_apphot_ip
2024-09-14 01:02:39,,OMEGA_cal_apphot_ip,16.075167994,0.073,OMEGA_cal_apphot_ip
2024-09-14 00:59:12,,OMEGA_cal_apphot_ip,16.094750441,0.053,OMEGA_cal_apphot_ip
2024-09-14 00:59:12,,OMEGA_apphot_ip,18.281864684,0.053,OMEGA_apphot_ip
2024-09-14 00:55:46,,OMEGA_apphot_ip,18.237077525,0.08,OMEGA_apphot_ip
2024-09-14 00:55:46,,OMEGA_cal_apphot_ip,16.050905578,0.079,OMEGA_cal_apphot_ip
2024-09-14 00:52:19,,OMEGA_cal_apphot_ip,16.080026781,0.063,OMEGA_cal_apphot_ip
2024-09-14 00:52:19,,OMEGA_apphot_ip,18.266824589,0.063,OMEGA_apphot_ip
2024-09-14 00:37:33,,OMEGA_apphot_ip,18.253034686,0.062,OMEGA_apphot_ip
2024-09-14 00:37:33,,OMEGA_cal_apphot_ip,16.066527009,0.062,OMEGA_cal_apphot_ip
2024-09-14 00:34:06,,OMEGA_cal_apphot_ip,16.0632763,0.048,OMEGA_cal_apphot_ip
2024-09-14 00:34:06,,OMEGA_apphot_ip,18.249714113,0.048,OMEGA_apphot_ip
2024-09-14 00:30:40,,OMEGA_apphot_ip,18.296210873,0.06,OMEGA_apphot_ip
2024-09-14 00:30:40,,OMEGA_cal_apphot_ip,16.108794795,0.061,OMEGA_cal_apphot_ip
2024-09-14 00:27:14,,OMEGA_apphot_ip,18.253478097,0.073,OMEGA_apphot_ip
2024-09-14 00:27:14,,OMEGA_cal_apphot_ip,16.066961091,0.072,OMEGA_cal_apphot_ip
2024-09-13 20:34:42,ATLAS,o,17.279,0.148,ATLAS
2024-09-13 20:34:42,ATLAS,o,16.869,0.123,ATLAS
2024-09-13 20:24:46,ATLAS,o,16.938,0.124,ATLAS
2024-09-13 20:24:46,ATLAS,o,17.429,0.157,ATLAS
2024-09-13 20:19:21,ATLAS,o,17.249,0.138,ATLAS
2024-09-13 20:19:21,ATLAS,o,17.903,0.269,ATLAS
2024-09-13 19:57:31,ATLAS,o,17.336,0.128,ATLAS
2024-09-13 19:57:31,ATLAS,o,16.888,0.105,ATLAS
2024-09-13 18:50:08,,OMEGA_apphot_ip,18.3395583,0.084,OMEGA_apphot_ip
2024-09-13 18:50:08,,OMEGA_cal_apphot_ip,16.151230216,0.083,OMEGA_cal_apphot_ip
2024-09-13 18:48:30,,OMEGA_cal_apphot_ip,16.124872736,0.106,OMEGA_cal_apphot_ip
2024-09-13 18:48:30,,OMEGA_apphot_ip,18.312634356,0.108,OMEGA_apphot_ip
2024-09-13 18:46:51,,OMEGA_apphot_ip,18.261735325,0.08,OMEGA_apphot_ip
2024-09-13 18:46:51,,OMEGA_cal_apphot_ip,16.075044591,0.079,OMEGA_cal_apphot_ip
2024-09-13 18:38:46,,OMEGA_apphot_ip,18.273099889,0.08,OMEGA_apphot_ip
2024-09-13 18:38:46,,OMEGA_cal_apphot_ip,16.086170052,0.08,OMEGA_cal_apphot_ip
2024-09-13 18:37:08,,OMEGA_cal_apphot_ip,16.122448986,0.079,OMEGA_cal_apphot_ip
2024-09-13 18:37:08,,OMEGA_apphot_ip,18.310158515,0.079,OMEGA_apphot_ip
2024-09-13 18:35:29,,OMEGA_apphot_ip,18.319626969,0.077,OMEGA_apphot_ip
2024-09-13 18:35:29,,OMEGA_cal_apphot_ip,16.131718229,0.076,OMEGA_cal_apphot_ip
2024-09-13 18:33:51,,OMEGA_apphot_ip,18.298976196,0.071,OMEGA_apphot_ip
2024-09-13 18:33:51,,OMEGA_cal_apphot_ip,16.111501936,0.071,OMEGA_cal_apphot_ip
2024-09-13 18:32:12,,OMEGA_cal_apphot_ip,16.088759722,0.079,OMEGA_cal_apphot_ip
2024-09-13 18:32:12,,OMEGA_apphot_ip,18.275745215,0.08,OMEGA_apphot_ip
2024-09-13 18:01:59,,OMEGA_cal_apphot_ip,16.073151259,0.079,OMEGA_cal_apphot_ip
2024-09-13 18:01:59,,OMEGA_apphot_ip,18.259801302,0.08,OMEGA_apphot_ip
2024-09-13 18:00:21,,OMEGA_cal_apphot_ip,16.092759983,0.073,OMEGA_cal_apphot_ip
2024-09-13 18:00:21,,OMEGA_apphot_ip,18.279831448,0.073,OMEGA_apphot_ip
2024-09-13 17:58:43,,OMEGA_apphot_ip,18.274626448,0.06,OMEGA_apphot_ip
2024-09-13 17:58:43,,OMEGA_cal_apphot_ip,16.087664493,0.06,OMEGA_cal_apphot_ip
2024-09-13 17:57:05,,OMEGA_cal_apphot_ip,16.109340826,0.062,OMEGA_cal_apphot_ip
2024-09-13 17:57:05,,OMEGA_apphot_ip,18.29676864,0.062,OMEGA_apphot_ip
2024-09-13 17:55:27,,OMEGA_cal_apphot_ip,16.06418679,0.067,OMEGA_cal_apphot_ip
2024-09-13 17:55:27,,OMEGA_apphot_ip,18.250644172,0.067,OMEGA_apphot_ip
2024-09-13 17:29:27,,OMEGA_cal_apphot_ip,16.064203026,0.084,OMEGA_cal_apphot_ip
2024-09-13 17:29:27,,OMEGA_apphot_ip,18.250660756,0.084,OMEGA_apphot_ip
2024-09-13 17:27:49,,OMEGA_cal_apphot_ip,16.067274058,0.08,OMEGA_cal_apphot_ip
2024-09-13 17:27:49,,OMEGA_apphot_ip,18.25379779,0.081,OMEGA_apphot_ip
2024-09-13 17:26:11,,OMEGA_apphot_ip,18.275583612,0.102,OMEGA_apphot_ip
2024-09-13 17:26:11,,OMEGA_cal_apphot_ip,16.088601519,0.1,OMEGA_cal_apphot_ip
2024-09-13 12:25:48,,OMEGA_cal_apphot_ip,16.098958864,0.076,OMEGA_cal_apphot_ip
2024-09-13 12:25:48,,OMEGA_apphot_ip,18.286163553,0.076,OMEGA_apphot_ip
2024-09-13 12:24:11,,OMEGA_cal_apphot_ip,16.105885272,0.069,OMEGA_cal_apphot_ip
2024-09-13 12:24:11,,OMEGA_apphot_ip,18.293238821,0.069,OMEGA_apphot_ip
2024-09-13 12:22:35,,OMEGA_cal_apphot_ip,16.098302034,0.117,OMEGA_cal_apphot_ip
2024-09-13 12:22:35,,OMEGA_apphot_ip,18.285492607,0.119,OMEGA_apphot_ip
2024-09-13 12:20:58,,OMEGA_apphot_ip,18.332908548,0.098,OMEGA_apphot_ip
2024-09-13 12:20:58,,OMEGA_cal_apphot_ip,16.144720371,0.097,OMEGA_cal_apphot_ip
2024-09-13 12:19:22,,OMEGA_apphot_ip,18.269173816,0.077,OMEGA_apphot_ip
2024-09-13 12:19:22,,OMEGA_cal_apphot_ip,16.082326581,0.077,OMEGA_cal_apphot_ip
2024-09-13 11:53:17,,OMEGA_apphot_ip,18.26957008,0.073,OMEGA_apphot_ip
2024-09-13 11:53:17,,OMEGA_cal_apphot_ip,16.082714508,0.072,OMEGA_cal_apphot_ip
2024-09-13 11:51:41,,OMEGA_apphot_ip,18.253852891,0.055,OMEGA_apphot_ip
2024-09-13 11:51:41,,OMEGA_cal_apphot_ip,16.067328,0.056,OMEGA_cal_apphot_ip
2024-09-13 11:50:04,,OMEGA_apphot_ip,18.26748881,0.06,OMEGA_apphot_ip
2024-09-13 11:50:04,,OMEGA_cal_apphot_ip,16.080677026,0.061,OMEGA_cal_apphot_ip
2024-09-13 11:48:27,,OMEGA_apphot_ip,18.270980249,0.079,OMEGA_apphot_ip
2024-09-13 11:48:27,,OMEGA_cal_apphot_ip,16.084095008,0.078,OMEGA_cal_apphot_ip
2024-09-13 11:46:50,,OMEGA_apphot_ip,18.278427719,0.089,OMEGA_apphot_ip
2024-09-13 11:46:50,,OMEGA_cal_apphot_ip,16.091385788,0.089,OMEGA_cal_apphot_ip
2024-09-13 11:37:58,,OMEGA_apphot_ip,18.29094485,0.062,OMEGA_apphot_ip
2024-09-13 11:37:58,,OMEGA_cal_apphot_ip,16.103639565,0.062,OMEGA_cal_apphot_ip
2024-09-13 11:36:21,,OMEGA_cal_apphot_ip,16.105090786,0.081,OMEGA_cal_apphot_ip
2024-09-13 11:36:21,,OMEGA_apphot_ip,18.29242726,0.082,OMEGA_apphot_ip
2024-09-13 11:33:38,,OMEGA_cal_apphot_ip,16.070498751,0.06,OMEGA_cal_apphot_ip
2024-09-13 11:33:38,,OMEGA_apphot_ip,18.257091787,0.06,OMEGA_apphot_ip
2024-09-13 11:32:02,,OMEGA_cal_apphot_ip,16.076500341,0.056,OMEGA_cal_apphot_ip
2024-09-13 11:32:02,,OMEGA_apphot_ip,18.26322236,0.055,OMEGA_apphot_ip
2024-09-13 11:30:25,,OMEGA_cal_apphot_ip,16.088091524,0.087,OMEGA_cal_apphot_ip
2024-09-13 11:30:25,,OMEGA_apphot_ip,18.275062657,0.088,OMEGA_apphot_ip
2024-09-13 11:28:48,,OMEGA_cal_apphot_ip,16.08554873,0.084,OMEGA_cal_apphot_ip
2024-09-13 11:28:48,,OMEGA_apphot_ip,18.272465214,0.085,OMEGA_apphot_ip
2024-09-13 11:27:12,,OMEGA_apphot_ip,18.25144549,0.076,OMEGA_apphot_ip
2024-09-13 11:27:12,,OMEGA_cal_apphot_ip,16.064971249,0.076,OMEGA_cal_apphot_ip
2024-09-13 11:15:33,,OMEGA_apphot_ip,18.297989063,0.069,OMEGA_apphot_ip
2024-09-13 11:15:33,,OMEGA_cal_apphot_ip,16.110535572,0.069,OMEGA_cal_apphot_ip
2024-09-13 11:14:08,,OMEGA_apphot_ip,18.242347644,0.071,OMEGA_apphot_ip
2024-09-13 11:14:08,,OMEGA_cal_apphot_ip,16.056064816,0.071,OMEGA_cal_apphot_ip
2024-09-13 11:12:31,,OMEGA_cal_apphot_ip,16.106180843,0.104,OMEGA_cal_apphot_ip
2024-09-13 11:12:31,,OMEGA_apphot_ip,18.293540744,0.105,OMEGA_apphot_ip
2024-09-13 09:30:34,,OMEGA_apphot_ip,18.276162688,0.083,OMEGA_apphot_ip
2024-09-13 09:30:34,,OMEGA_cal_apphot_ip,16.089168412,0.082,OMEGA_cal_apphot_ip
2024-09-13 09:29:14,,OMEGA_cal_apphot_ip,16.104085111,0.079,OMEGA_cal_apphot_ip
2024-09-13 09:29:14,,OMEGA_apphot_ip,18.291399972,0.079,OMEGA_apphot_ip
2024-09-13 09:27:37,,OMEGA_cal_apphot_ip,16.058611165,0.071,OMEGA_cal_apphot_ip
2024-09-13 09:27:37,,OMEGA_apphot_ip,18.244948717,0.071,OMEGA_apphot_ip
2024-09-13 08:55:52,,OMEGA_apphot_ip,18.265938115,0.058,OMEGA_apphot_ip
2024-09-13 08:55:52,,OMEGA_cal_apphot_ip,16.079158958,0.059,OMEGA_cal_apphot_ip
2024-09-13 08:54:15,,OMEGA_cal_apphot_ip,16.082629968,0.062,OMEGA_cal_apphot_ip
2024-09-13 08:54:15,,OMEGA_apphot_ip,18.269483723,0.061,OMEGA_apphot_ip
2024-09-13 08:52:38,,OMEGA_cal_apphot_ip,16.085190962,0.059,OMEGA_cal_apphot_ip
2024-09-13 08:52:38,,OMEGA_apphot_ip,18.272099757,0.059,OMEGA_apphot_ip
2024-09-13 08:51:02,,OMEGA_cal_apphot_ip,16.094148002,0.095,OMEGA_cal_apphot_ip
2024-09-13 08:51:02,,OMEGA_apphot_ip,18.281249298,0.096,OMEGA_apphot_ip
2024-09-13 08:49:25,,OMEGA_apphot_ip,18.244841492,0.069,OMEGA_apphot_ip
2024-09-13 08:49:25,,OMEGA_cal_apphot_ip,16.058506195,0.069,OMEGA_cal_apphot_ip
2024-09-13 02:31:28,,OMEGA_apphot_ip,18.273555296,0.107,OMEGA_apphot_ip
2024-09-13 02:31:28,,OMEGA_cal_apphot_ip,16.086615877,0.105,OMEGA_cal_apphot_ip
2024-09-13 02:29:52,,OMEGA_cal_apphot_ip,16.1228634,0.06,OMEGA_cal_apphot_ip
2024-09-13 02:29:52,,OMEGA_apphot_ip,18.310581835,0.06,OMEGA_apphot_ip
2024-09-13 02:27:04,,OMEGA_cal_apphot_gp,17.878389389,0.081,OMEGA_cal_apphot_gp
2024-09-13 02:27:04,,OMEGA_apphot_gp,19.634724091,0.086,OMEGA_apphot_gp
2024-09-13 02:23:38,,OMEGA_apphot_gp,19.673800432,0.076,OMEGA_apphot_gp
2024-09-13 02:23:38,,OMEGA_cal_apphot_gp,17.914482534,0.072,OMEGA_cal_apphot_gp
2024-09-13 02:20:12,,OMEGA_cal_apphot_gp,17.891611327,0.087,OMEGA_cal_apphot_gp
2024-09-13 02:20:12,,OMEGA_apphot_gp,19.649038857,0.092,OMEGA_apphot_gp
2024-09-13 02:16:41,,OMEGA_cal_apphot_gp,17.900903738,0.09,OMEGA_cal_apphot_gp
2024-09-13 02:16:41,,OMEGA_apphot_gp,19.659099312,0.095,OMEGA_apphot_gp
2024-09-13 00:34:22,,OMEGA_apphot_ip,18.266667789,0.076,OMEGA_apphot_ip
2024-09-13 00:34:22,,OMEGA_cal_apphot_ip,16.07987328,0.076,OMEGA_cal_apphot_ip
2024-09-13 00:32:45,,OMEGA_apphot_ip,18.247373192,0.071,OMEGA_apphot_ip
2024-09-13 00:32:45,,OMEGA_cal_apphot_ip,16.06098463,0.071,OMEGA_cal_apphot_ip
2024-09-12 23:34:55,,OMEGA_apphot_ip,18.274692629,0.044,OMEGA_apphot_ip
2024-09-12 23:34:55,,OMEGA_cal_apphot_ip,16.087729281,0.045,OMEGA_cal_apphot_ip
2024-09-12 23:33:18,,OMEGA_cal_apphot_ip,16.106651398,0.064,OMEGA_cal_apphot_ip
2024-09-12 23:33:18,,OMEGA_apphot_ip,18.294021412,0.064,OMEGA_apphot_ip
2024-09-12 23:31:42,,OMEGA_cal_apphot_ip,16.135563057,0.097,OMEGA_cal_apphot_ip
2024-09-12 23:31:42,,OMEGA_apphot_ip,18.323554429,0.098,OMEGA_apphot_ip
2024-09-12 23:30:04,,OMEGA_apphot_ip,18.294958842,0.094,OMEGA_apphot_ip
2024-09-12 23:30:04,,OMEGA_cal_apphot_ip,16.107569105,0.093,OMEGA_cal_apphot_ip
2024-09-12 23:28:28,,OMEGA_cal_apphot_ip,16.077345782,0.083,OMEGA_cal_apphot_ip
2024-09-12 23:28:28,,OMEGA_apphot_ip,18.264085971,0.083,OMEGA_apphot_ip
2024-09-12 21:23:30,,OMEGA_apphot_ip,18.257112151,0.085,OMEGA_apphot_ip
2024-09-12 21:23:30,,OMEGA_cal_apphot_ip,16.070518686,0.084,OMEGA_cal_apphot_ip
2024-09-12 21:21:52,,OMEGA_apphot_ip,18.279522347,0.074,OMEGA_apphot_ip
2024-09-12 21:21:52,,OMEGA_cal_apphot_ip,16.092457385,0.073,OMEGA_cal_apphot_ip
2024-09-12 21:20:14,,OMEGA_cal_apphot_ip,16.052823977,0.077,OMEGA_cal_apphot_ip
2024-09-12 21:20:14,,OMEGA_apphot_ip,18.239037154,0.078,OMEGA_apphot_ip
2024-09-12 21:18:35,,OMEGA_cal_apphot_ip,16.106944686,0.103,OMEGA_cal_apphot_ip
2024-09-12 21:18:35,,OMEGA_apphot_ip,18.294321003,0.105,OMEGA_apphot_ip
2024-09-12 21:16:57,,OMEGA_cal_apphot_ip,16.129454974,0.102,OMEGA_cal_apphot_ip
2024-09-12 21:16:57,,OMEGA_apphot_ip,18.317315073,0.103,OMEGA_apphot_ip
2024-09-12 20:54:56,,OMEGA_cal_apphot_ip,16.046293433,0.088,OMEGA_cal_apphot_ip
2024-09-12 20:54:56,,OMEGA_apphot_ip,18.232366258,0.089,OMEGA_apphot_ip
2024-09-12 20:53:17,,OMEGA_cal_apphot_ip,16.076714728,0.092,OMEGA_cal_apphot_ip
2024-09-12 20:53:17,,OMEGA_apphot_ip,18.263441355,0.093,OMEGA_apphot_ip
2024-09-12 20:51:37,,OMEGA_apphot_ip,18.315492063,0.098,OMEGA_apphot_ip
2024-09-12 20:51:37,,OMEGA_cal_apphot_ip,16.127670319,0.097,OMEGA_cal_apphot_ip
2024-09-12 20:49:58,,OMEGA_cal_apphot_ip,16.124062037,0.094,OMEGA_cal_apphot_ip
2024-09-12 20:49:58,,OMEGA_apphot_ip,18.311806233,0.095,OMEGA_apphot_ip
2024-09-12 20:48:20,,OMEGA_cal_apphot_ip,16.066683023,0.078,OMEGA_cal_apphot_ip
2024-09-12 20:48:20,,OMEGA_apphot_ip,18.253194053,0.078,OMEGA_apphot_ip
2024-09-12 20:24:35,,OMEGA_cal_apphot_ip,16.162101864,0.11,OMEGA_cal_apphot_ip
2024-09-12 20:24:35,,OMEGA_apphot_ip,18.350663597,0.112,OMEGA_apphot_ip
2024-09-12 20:22:57,,OMEGA_cal_apphot_ip,16.119084738,0.1,OMEGA_cal_apphot_ip
2024-09-12 20:22:57,,OMEGA_apphot_ip,18.306721964,0.102,OMEGA_apphot_ip
2024-09-12 20:21:19,,OMEGA_apphot_ip,18.303872349,0.088,OMEGA_apphot_ip
2024-09-12 20:21:19,,OMEGA_cal_apphot_ip,16.116295077,0.087,OMEGA_cal_apphot_ip
2024-09-12 20:19:40,,OMEGA_cal_apphot_ip,16.032026664,0.092,OMEGA_cal_apphot_ip
2024-09-12 20:19:40,,OMEGA_apphot_ip,18.217792873,0.093,OMEGA_apphot_ip
2024-09-12 20:18:02,,OMEGA_cal_apphot_ip,16.068189209,0.085,OMEGA_cal_apphot_ip
2024-09-12 20:18:02,,OMEGA_apphot_ip,18.254732609,0.086,OMEGA_apphot_ip
2024-09-12 19:57:38,,OMEGA_cal_apphot_ip,16.06562742,0.08,OMEGA_cal_apphot_ip
2024-09-12 19:57:38,,OMEGA_apphot_ip,18.252115763,0.081,OMEGA_apphot_ip
2024-09-12 19:56:00,,OMEGA_cal_apphot_ip,16.071838989,0.071,OMEGA_cal_apphot_ip
2024-09-12 19:56:00,,OMEGA_apphot_ip,18.258460829,0.072,OMEGA_apphot_ip
2024-09-12 19:54:21,,OMEGA_cal_apphot_ip,16.064181473,0.057,OMEGA_cal_apphot_ip
2024-09-12 19:54:21,,OMEGA_apphot_ip,18.25063874,0.057,OMEGA_apphot_ip
2024-09-12 19:52:43,,OMEGA_cal_apphot_ip,16.092691539,0.072,OMEGA_cal_apphot_ip
2024-09-12 19:52:43,,OMEGA_apphot_ip,18.279761533,0.072,OMEGA_apphot_ip
2024-09-12 19:51:05,,OMEGA_cal_apphot_ip,16.072705114,0.076,OMEGA_cal_apphot_ip
2024-09-12 19:51:05,,OMEGA_apphot_ip,18.259345568,0.076,OMEGA_apphot_ip
2024-09-12 19:38:13,,OMEGA_apphot_ip,18.342269999,0.114,OMEGA_apphot_ip
2024-09-12 19:38:13,,OMEGA_cal_apphot_ip,16.153884862,0.113,OMEGA_cal_apphot_ip
2024-09-12 19:36:35,,OMEGA_cal_apphot_ip,16.074824082,0.077,OMEGA_cal_apphot_ip
2024-09-12 19:36:35,,OMEGA_apphot_ip,18.261510076,0.077,OMEGA_apphot_ip
2024-09-12 19:24:24,,OMEGA_cal_apphot_ip,16.043695647,0.115,OMEGA_cal_apphot_ip
2024-09-12 19:24:24,,OMEGA_apphot_ip,18.229712642,0.117,OMEGA_apphot_ip
2024-09-12 19:22:44,,OMEGA_apphot_ip,18.275009857,0.083,OMEGA_apphot_ip
2024-09-12 19:22:44,,OMEGA_cal_apphot_ip,16.088039836,0.083,OMEGA_cal_apphot_ip
2024-09-12 19:21:06,,OMEGA_apphot_ip,18.272430376,0.062,OMEGA_apphot_ip
2024-09-12 19:21:06,,OMEGA_cal_apphot_ip,16.085514625,0.063,OMEGA_cal_apphot_ip
2024-09-12 19:02:33,,OMEGA_apphot_ip,18.309005982,0.104,OMEGA_apphot_ip
2024-09-12 19:02:33,,OMEGA_cal_apphot_ip,16.121320701,0.103,OMEGA_cal_apphot_ip
2024-09-12 19:00:54,,OMEGA_cal_apphot_ip,16.07829183,0.062,OMEGA_cal_apphot_ip
2024-09-12 19:00:54,,OMEGA_apphot_ip,18.265052352,0.062,OMEGA_apphot_ip
2024-09-12 18:59:16,,OMEGA_cal_apphot_ip,16.032632797,0.08,OMEGA_cal_apphot_ip
2024-09-12 18:59:16,,OMEGA_apphot_ip,18.218412033,0.081,OMEGA_apphot_ip
2024-09-12 18:55:59,,OMEGA_cal_apphot_ip,16.08590312,0.076,OMEGA_cal_apphot_ip
2024-09-12 18:55:59,,OMEGA_apphot_ip,18.27282722,0.077,OMEGA_apphot_ip
2024-09-12 18:05:04,,OMEGA_cal_apphot_ip,16.065154007,0.074,OMEGA_cal_apphot_ip
2024-09-12 18:05:04,,OMEGA_apphot_ip,18.251632176,0.074,OMEGA_apphot_ip
2024-09-12 18:03:26,,OMEGA_cal_apphot_ip,16.085367411,0.066,OMEGA_cal_apphot_ip
2024-09-12 18:03:26,,OMEGA_apphot_ip,18.272279998,0.066,OMEGA_apphot_ip
2024-09-12 18:01:47,,OMEGA_apphot_ip,18.251131486,0.078,OMEGA_apphot_ip
2024-09-12 18:01:47,,OMEGA_cal_apphot_ip,16.064663852,0.078,OMEGA_cal_apphot_ip
2024-09-12 18:00:09,,OMEGA_apphot_ip,18.248686006,0.077,OMEGA_apphot_ip
2024-09-12 18:00:09,,OMEGA_cal_apphot_ip,16.062269823,0.077,OMEGA_cal_apphot_ip
2024-09-12 17:58:26,,OMEGA_apphot_ip,18.272860877,0.069,OMEGA_apphot_ip
2024-09-12 17:58:26,,OMEGA_cal_apphot_ip,16.085936069,0.069,OMEGA_cal_apphot_ip
2024-09-11 12:22:41,,H50_SDSS_r,17.028612461,0.015,H50_SDSS_r
2024-09-10 10:25:21,,H50_SDSS_r,17.042592136,0.015,H50_SDSS_r
2024-09-10 10:22:12,,H50_SDSS_r,17.020494372,0.015,H50_SDSS_r
2024-09-10 10:19:04,,H50_SDSS_r,16.986636208,0.015,H50_SDSS_r
2024-09-10 10:15:55,,H50_SDSS_r,17.020483415,0.015,H50_SDSS_r
2024-09-10 10:12:46,,H50_SDSS_r,17.005855838,0.015,H50_SDSS_r
2024-09-09 18:46:03,ATLAS,o,17.095,0.105,ATLAS
2024-09-09 18:46:03,ATLAS,o,17.491,0.076,ATLAS
2024-09-09 18:31:36,ATLAS,o,17.464,0.091,ATLAS
2024-09-09 18:31:36,ATLAS,o,17.041,0.077,ATLAS
2024-09-09 18:22:37,ATLAS,o,17.116,0.112,ATLAS
2024-09-09 18:22:37,ATLAS,o,17.533,0.087,ATLAS
2024-09-09 18:18:56,ATLAS,o,17.345,0.097,ATLAS
2024-09-09 18:18:56,ATLAS,o,16.847,0.068,ATLAS
2024-09-09 18:16:55,ATLAS,o,16.938,0.105,ATLAS
2024-09-09 18:16:55,ATLAS,o,17.404,0.073,ATLAS
2024-09-09 18:04:27,ATLAS,o,17.03,0.093,ATLAS
2024-09-09 18:04:27,ATLAS,o,17.442,0.097,ATLAS
2024-09-09 12:42:09,,OMEGA_cal_apphot_gp,17.867076385,0.086,OMEGA_cal_apphot_gp
2024-09-09 12:42:09,,OMEGA_apphot_gp,19.622476036,0.091,OMEGA_apphot_gp
2024-09-09 12:38:43,,OMEGA_apphot_gp,19.605178847,0.078,OMEGA_apphot_gp
2024-09-09 12:38:43,,OMEGA_cal_apphot_gp,17.851099712,0.074,OMEGA_cal_apphot_gp
2024-09-09 12:36:07,,OMEGA_apphot_ip,18.246656333,0.074,OMEGA_apphot_ip
2024-09-09 12:36:07,,OMEGA_cal_apphot_ip,16.060282853,0.074,OMEGA_cal_apphot_ip
2024-09-09 12:34:32,,OMEGA_cal_apphot_ip,16.068346489,0.056,OMEGA_cal_apphot_ip
2024-09-09 12:34:32,,OMEGA_apphot_ip,18.254893269,0.056,OMEGA_apphot_ip
2024-09-09 12:32:57,,OMEGA_cal_apphot_ip,16.082111606,0.059,OMEGA_cal_apphot_ip
2024-09-09 12:32:57,,OMEGA_apphot_ip,18.268954221,0.059,OMEGA_apphot_ip
2024-09-09 11:42:08,,OMEGA_apphot_gp,19.562216311,0.074,OMEGA_apphot_gp
2024-09-09 11:42:08,,OMEGA_cal_apphot_gp,17.811417056,0.07,OMEGA_cal_apphot_gp
2024-09-09 11:38:41,,OMEGA_cal_apphot_gp,17.811132416,0.065,OMEGA_cal_apphot_gp
2024-09-09 11:38:41,,OMEGA_apphot_gp,19.561908145,0.068,OMEGA_apphot_gp
2024-09-09 11:36:05,,OMEGA_cal_apphot_ip,16.044186504,0.079,OMEGA_cal_apphot_ip
2024-09-09 11:36:05,,OMEGA_apphot_ip,18.230214047,0.08,OMEGA_apphot_ip
2024-09-09 11:34:31,,OMEGA_cal_apphot_ip,16.073123188,0.07,OMEGA_cal_apphot_ip
2024-09-09 11:34:31,,OMEGA_apphot_ip,18.259772627,0.07,OMEGA_apphot_ip
2024-09-09 11:32:56,,OMEGA_cal_apphot_ip,16.054229721,0.071,OMEGA_cal_apphot_ip
2024-09-09 11:32:56,,OMEGA_apphot_ip,18.24047311,0.072,OMEGA_apphot_ip
2024-09-09 10:53:00,,OMEGA_cal_apphot_gp,17.833316287,0.063,OMEGA_cal_apphot_gp
2024-09-09 10:53:00,,OMEGA_apphot_gp,19.585925574,0.065,OMEGA_apphot_gp
2024-09-09 10:49:34,,OMEGA_cal_apphot_gp,17.828451811,0.052,OMEGA_cal_apphot_gp
2024-09-09 10:49:34,,OMEGA_apphot_gp,19.580659035,0.053,OMEGA_apphot_gp
2024-09-09 10:46:59,,OMEGA_apphot_ip,18.256856645,0.083,OMEGA_apphot_ip
2024-09-09 10:46:59,,OMEGA_cal_apphot_ip,16.070268557,0.083,OMEGA_cal_apphot_ip
2024-09-09 10:45:25,,OMEGA_cal_apphot_ip,16.060989219,0.063,OMEGA_cal_apphot_ip
2024-09-09 10:45:25,,OMEGA_apphot_ip,18.24737788,0.063,OMEGA_apphot_ip
2024-09-09 10:43:50,,OMEGA_cal_apphot_ip,16.061553726,0.06,OMEGA_cal_apphot_ip
2024-09-09 10:43:50,,OMEGA_apphot_ip,18.247954519,0.059,OMEGA_apphot_ip
2024-09-09 09:42:11,,OMEGA_apphot_gp,19.567945355,0.072,OMEGA_apphot_gp
2024-09-09 09:42:11,,OMEGA_cal_apphot_gp,17.816708729,0.069,OMEGA_cal_apphot_gp
2024-09-09 09:38:40,,OMEGA_apphot_gp,19.556915244,0.071,OMEGA_apphot_gp
2024-09-09 09:38:40,,OMEGA_cal_apphot_gp,17.806520687,0.068,OMEGA_cal_apphot_gp
2024-09-09 09:34:30,,OMEGA_apphot_ip,18.241346413,0.116,OMEGA_apphot_ip
2024-09-09 09:34:30,,OMEGA_cal_apphot_ip,16.055084651,0.115,OMEGA_cal_apphot_ip
2024-09-09 09:32:56,,OMEGA_cal_apphot_ip,16.075828699,0.067,OMEGA_cal_apphot_ip
2024-09-09 09:32:56,,OMEGA_apphot_ip,18.262536284,0.067,OMEGA_apphot_ip
2024-09-09 09:24:01,,OMEGA_cal_apphot_ip,16.071069086,0.058,OMEGA_cal_apphot_ip
2024-09-09 09:24:01,,OMEGA_apphot_ip,18.257674379,0.058,OMEGA_apphot_ip
2024-09-09 09:22:26,,OMEGA_cal_apphot_ip,16.071556428,0.059,OMEGA_cal_apphot_ip
2024-09-09 09:22:26,,OMEGA_apphot_ip,18.258172195,0.058,OMEGA_apphot_ip
2024-09-09 09:06:16,,OMEGA_cal_apphot_gp,17.827167839,0.078,OMEGA_cal_apphot_gp
2024-09-09 09:06:16,,OMEGA_apphot_gp,19.579268939,0.082,OMEGA_apphot_gp
2024-09-09 09:02:51,,OMEGA_cal_apphot_gp,17.848614457,0.056,OMEGA_cal_apphot_gp
2024-09-09 09:02:51,,OMEGA_apphot_gp,19.602488178,0.058,OMEGA_apphot_gp
2024-09-09 09:00:15,,OMEGA_apphot_ip,18.255749835,0.05,OMEGA_apphot_ip
2024-09-09 09:00:15,,OMEGA_cal_apphot_ip,16.069185033,0.051,OMEGA_cal_apphot_ip
2024-09-09 08:58:41,,OMEGA_cal_apphot_ip,16.046008318,0.065,OMEGA_cal_apphot_ip
2024-09-09 08:58:41,,OMEGA_apphot_ip,18.232075015,0.065,OMEGA_apphot_ip
2024-09-09 08:57:06,,OMEGA_cal_apphot_ip,16.066979954,0.067,OMEGA_cal_apphot_ip
2024-09-09 08:57:06,,OMEGA_apphot_ip,18.253497365,0.067,OMEGA_apphot_ip
2024-09-08 03:28:48,,OGLE_I,15.66,0.008,OGLE
2024-09-08 02:42:28,,OMEGA_apphot_gp,19.62710881,0.057,OMEGA_apphot_gp
2024-09-08 02:42:28,,OMEGA_cal_apphot_gp,17.87135548,0.056,OMEGA_cal_apphot_gp
2024-09-08 02:39:02,,OMEGA_apphot_gp,19.613712681,0.055,OMEGA_apphot_gp
2024-09-08 02:39:02,,OMEGA_cal_apphot_gp,17.858982049,0.054,OMEGA_cal_apphot_gp
2024-09-08 02:36:26,,OMEGA_cal_apphot_ip,16.089197114,0.059,OMEGA_cal_apphot_ip
2024-09-08 02:36:26,,OMEGA_apphot_ip,18.276192008,0.058,OMEGA_apphot_ip
2024-09-08 01:38:58,,OMEGA_apphot_gp,19.599872944,0.096,OMEGA_apphot_gp
2024-09-08 01:38:58,,OMEGA_cal_apphot_gp,17.846198876,0.09,OMEGA_cal_apphot_gp
2024-09-08 01:36:22,,OMEGA_apphot_ip,18.242695062,0.048,OMEGA_apphot_ip
2024-09-08 01:36:22,,OMEGA_cal_apphot_ip,16.056404925,0.049,OMEGA_cal_apphot_ip
2024-09-08 01:33:13,,OMEGA_apphot_ip,18.260399964,0.068,OMEGA_apphot_ip
2024-09-08 01:33:13,,OMEGA_cal_apphot_ip,16.073737326,0.068,OMEGA_cal_apphot_ip
2024-09-08 01:05:36,,OMEGA_apphot_gp,19.602428087,0.067,OMEGA_apphot_gp
2024-09-08 01:05:36,,OMEGA_cal_apphot_gp,17.848558953,0.064,OMEGA_cal_apphot_gp
2024-09-08 01:02:10,,OMEGA_apphot_gp,19.616883718,0.054,OMEGA_apphot_gp
2024-09-08 01:02:10,,OMEGA_cal_apphot_gp,17.861911001,0.053,OMEGA_cal_apphot_gp
2024-09-08 00:56:25,,OMEGA_cal_apphot_ip,16.106376424,0.102,OMEGA_cal_apphot_ip
2024-09-08 00:56:25,,OMEGA_apphot_ip,18.293740529,0.103,OMEGA_apphot_ip
2024-09-08 00:42:19,ATLAS,o,16.88,0.067,ATLAS
2024-09-08 00:42:19,ATLAS,o,17.484,0.07,ATLAS
2024-09-08 00:27:34,ATLAS,o,16.905,0.067,ATLAS
2024-09-08 00:27:34,ATLAS,o,17.42,0.054,ATLAS
2024-09-08 00:22:20,,OMEGA_cal_apphot_gp,17.851350749,0.055,OMEGA_cal_apphot_gp
2024-09-08 00:22:20,,OMEGA_apphot_gp,19.605450633,0.056,OMEGA_apphot_gp
2024-09-08 00:19:02,ATLAS,o,17.293,0.055,ATLAS
2024-09-08 00:19:02,ATLAS,o,16.864,0.072,ATLAS
2024-09-08 00:16:18,,OMEGA_apphot_ip,18.232475847,0.05,OMEGA_apphot_ip
2024-09-08 00:16:18,,OMEGA_cal_apphot_ip,16.046400716,0.05,OMEGA_cal_apphot_ip
2024-09-08 00:14:43,,OMEGA_apphot_ip,18.28294416,0.072,OMEGA_apphot_ip
2024-09-08 00:14:43,,OMEGA_cal_apphot_ip,16.095807205,0.072,OMEGA_cal_apphot_ip
2024-09-08 00:13:43,ATLAS,o,16.89,0.072,ATLAS
2024-09-08 00:13:43,ATLAS,o,17.423,0.058,ATLAS
2024-09-08 00:13:04,,OMEGA_cal_apphot_ip,16.07905156,0.051,OMEGA_cal_apphot_ip
2024-09-08 00:13:04,,OMEGA_apphot_ip,18.265828409,0.05,OMEGA_apphot_ip
2024-09-07 20:42:29,,OMEGA_apphot_gp,19.56712551,0.089,OMEGA_apphot_gp
2024-09-07 20:42:29,,OMEGA_cal_apphot_gp,17.815951473,0.084,OMEGA_cal_apphot_gp
2024-09-07 20:36:24,,OMEGA_cal_apphot_ip,16.082670684,0.072,OMEGA_cal_apphot_ip
2024-09-07 20:36:24,,OMEGA_apphot_ip,18.269525314,0.072,OMEGA_apphot_ip
2024-09-07 20:33:13,,OMEGA_apphot_ip,18.268095307,0.063,OMEGA_apphot_ip
2024-09-07 20:33:13,,OMEGA_cal_apphot_ip,16.081270763,0.063,OMEGA_cal_apphot_ip
2024-09-07 19:45:07,,OMEGA_cal_apphot_ip,16.055381194,0.059,OMEGA_cal_apphot_ip
2024-09-07 19:45:07,,OMEGA_apphot_ip,18.24164933,0.059,OMEGA_apphot_ip
2024-09-07 19:41:53,,OMEGA_apphot_ip,18.211623293,0.061,OMEGA_apphot_ip
2024-09-07 19:41:53,,OMEGA_cal_apphot_ip,16.025986888,0.061,OMEGA_cal_apphot_ip
2024-09-07 12:06:42,,OMEGA_cal_apphot_gp,17.830840059,0.048,OMEGA_cal_apphot_gp
2024-09-07 12:06:42,,OMEGA_apphot_gp,19.583244678,0.049,OMEGA_apphot_gp
2024-09-07 12:03:15,,OMEGA_apphot_gp,19.582167972,0.051,OMEGA_apphot_gp
2024-09-07 12:03:15,,OMEGA_cal_apphot_gp,17.829845551,0.05,OMEGA_cal_apphot_gp
2024-09-07 12:00:39,,OMEGA_cal_apphot_ip,16.03909127,0.088,OMEGA_cal_apphot_ip
2024-09-07 12:00:39,,OMEGA_apphot_ip,18.225009309,0.089,OMEGA_apphot_ip
2024-09-07 11:59:04,,OMEGA_apphot_ip,18.226499619,0.089,OMEGA_apphot_ip
2024-09-07 11:59:04,,OMEGA_cal_apphot_ip,16.040550225,0.088,OMEGA_cal_apphot_ip
2024-09-07 11:57:30,,OMEGA_apphot_ip,18.22720797,0.086,OMEGA_apphot_ip
2024-09-07 11:57:30,,OMEGA_cal_apphot_ip,16.041243672,0.085,OMEGA_cal_apphot_ip
2024-09-07 10:05:19,,OMEGA_apphot_gp,19.591528168,0.038,OMEGA_apphot_gp
2024-09-07 10:05:19,,OMEGA_cal_apphot_gp,17.838491164,0.039,OMEGA_cal_apphot_gp
2024-09-07 10:01:53,,OMEGA_apphot_gp,19.591144532,0.042,OMEGA_apphot_gp
2024-09-07 10:01:53,,OMEGA_cal_apphot_gp,17.838136816,0.042,OMEGA_cal_apphot_gp
2024-09-07 09:59:17,,OMEGA_cal_apphot_ip,16.052799374,0.039,OMEGA_cal_apphot_ip
2024-09-07 09:59:17,,OMEGA_apphot_ip,18.239012022,0.037,OMEGA_apphot_ip
2024-09-07 09:57:43,,OMEGA_apphot_ip,18.239575047,0.065,OMEGA_apphot_ip
2024-09-07 09:57:43,,OMEGA_cal_apphot_ip,16.053350554,0.065,OMEGA_cal_apphot_ip
2024-09-07 09:56:08,,OMEGA_cal_apphot_ip,16.067481593,0.04,OMEGA_cal_apphot_ip
2024-09-07 09:56:08,,OMEGA_apphot_ip,18.254009785,0.038,OMEGA_apphot_ip
2024-09-07 09:03:47,,OMEGA_cal_apphot_gp,17.827770886,0.055,OMEGA_cal_apphot_gp
2024-09-07 09:03:47,,OMEGA_apphot_gp,19.579921829,0.056,OMEGA_apphot_gp
2024-09-07 09:00:21,,OMEGA_cal_apphot_gp,17.812686102,0.056,OMEGA_cal_apphot_gp
2024-09-07 09:00:21,,OMEGA_apphot_gp,19.563590248,0.058,OMEGA_apphot_gp
2024-09-07 08:57:46,,OMEGA_cal_apphot_ip,16.072739162,0.047,OMEGA_cal_apphot_ip
2024-09-07 08:57:46,,OMEGA_apphot_ip,18.259380348,0.046,OMEGA_apphot_ip
2024-09-07 08:56:11,,OMEGA_cal_apphot_ip,16.075742362,0.056,OMEGA_cal_apphot_ip
2024-09-07 08:56:11,,OMEGA_apphot_ip,18.262448091,0.055,OMEGA_apphot_ip
2024-09-07 08:54:36,,OMEGA_cal_apphot_ip,16.041737262,0.063,OMEGA_cal_apphot_ip
2024-09-07 08:54:36,,OMEGA_apphot_ip,18.227712168,0.063,OMEGA_apphot_ip
2024-09-07 02:44:55,,OMEGA_apphot_gp,19.61239145,0.045,OMEGA_apphot_gp
2024-09-07 02:44:55,,OMEGA_cal_apphot_gp,17.857761684,0.045,OMEGA_cal_apphot_gp
2024-09-07 02:41:29,,OMEGA_cal_apphot_gp,17.84661329,0.043,OMEGA_cal_apphot_gp
2024-09-07 02:41:29,,OMEGA_apphot_gp,19.60032161,0.042,OMEGA_apphot_gp
2024-09-07 02:38:53,,OMEGA_cal_apphot_ip,16.021726412,0.072,OMEGA_cal_apphot_ip
2024-09-07 02:38:53,,OMEGA_apphot_ip,18.207271252,0.072,OMEGA_apphot_ip
2024-09-07 02:37:18,,OMEGA_cal_apphot_ip,16.046872216,0.071,OMEGA_cal_apphot_ip
2024-09-07 02:37:18,,OMEGA_apphot_ip,18.232957479,0.071,OMEGA_apphot_ip
2024-09-07 02:35:44,,OMEGA_apphot_ip,18.222357418,0.079,OMEGA_apphot_ip
2024-09-07 02:35:44,,OMEGA_cal_apphot_ip,16.036495174,0.078,OMEGA_cal_apphot_ip
2024-09-07 01:44:44,,OMEGA_cal_apphot_gp,17.848936027,0.047,OMEGA_cal_apphot_gp
2024-09-07 01:44:44,,OMEGA_apphot_gp,19.602836327,0.047,OMEGA_apphot_gp
2024-09-07 01:41:17,,OMEGA_cal_apphot_gp,17.854464263,0.07,OMEGA_cal_apphot_gp
2024-09-07 01:41:17,,OMEGA_apphot_gp,19.608821487,0.073,OMEGA_apphot_gp
2024-09-07 01:38:42,,OMEGA_cal_apphot_ip,16.048987644,0.069,OMEGA_cal_apphot_ip
2024-09-07 01:38:42,,OMEGA_apphot_ip,18.235118372,0.07,OMEGA_apphot_ip
2024-09-07 01:37:07,,OMEGA_apphot_ip,18.265228475,0.058,OMEGA_apphot_ip
2024-09-07 01:37:07,,OMEGA_cal_apphot_ip,16.078464248,0.058,OMEGA_cal_apphot_ip
2024-09-07 01:35:32,,OMEGA_cal_apphot_ip,16.065924762,0.049,OMEGA_cal_apphot_ip
2024-09-07 01:35:32,,OMEGA_apphot_ip,18.252419495,0.048,OMEGA_apphot_ip
2024-09-07 00:42:16,,OMEGA_cal_apphot_gp,17.851068625,0.059,OMEGA_cal_apphot_gp
2024-09-07 00:42:16,,OMEGA_apphot_gp,19.605145191,0.061,OMEGA_apphot_gp
2024-09-07 00:38:50,,OMEGA_apphot_gp,19.58128726,0.048,OMEGA_apphot_gp
2024-09-07 00:38:50,,OMEGA_cal_apphot_gp,17.829032075,0.048,OMEGA_cal_apphot_gp
2024-09-07 00:36:14,,OMEGA_apphot_ip,18.287596692,0.093,OMEGA_apphot_ip
2024-09-07 00:36:14,,OMEGA_cal_apphot_ip,16.100361851,0.092,OMEGA_cal_apphot_ip
2024-09-07 00:34:39,,OMEGA_cal_apphot_ip,16.110826128,0.097,OMEGA_cal_apphot_ip
2024-09-07 00:34:39,,OMEGA_apphot_ip,18.298285864,0.098,OMEGA_apphot_ip
2024-09-07 00:33:04,,OMEGA_apphot_ip,18.285313889,0.108,OMEGA_apphot_ip
2024-09-07 00:33:04,,OMEGA_cal_apphot_ip,16.098127076,0.106,OMEGA_cal_apphot_ip
2024-09-06 23:42:28,,OMEGA_apphot_gp,19.711863439,0.14,OMEGA_apphot_gp
2024-09-06 23:42:28,,OMEGA_cal_apphot_gp,17.949639705,0.13,OMEGA_cal_apphot_gp
2024-09-06 23:39:01,,OMEGA_apphot_gp,19.682004789,0.11,OMEGA_apphot_gp
2024-09-06 23:39:01,,OMEGA_cal_apphot_gp,17.922060547,0.103,OMEGA_cal_apphot_gp
2024-09-06 20:42:50,,OMEGA_apphot_gp,19.593150496,0.082,OMEGA_apphot_gp
2024-09-06 20:42:50,,OMEGA_cal_apphot_gp,17.839989639,0.078,OMEGA_cal_apphot_gp
2024-09-06 20:39:21,,OMEGA_cal_apphot_gp,17.854160665,0.069,OMEGA_cal_apphot_gp
2024-09-06 20:39:21,,OMEGA_apphot_gp,19.608492796,0.073,OMEGA_apphot_gp
2024-09-06 20:36:44,,OMEGA_cal_apphot_ip,16.049159159,0.08,OMEGA_cal_apphot_ip
2024-09-06 20:36:44,,OMEGA_apphot_ip,18.235293572,0.081,OMEGA_apphot_ip
2024-09-06 20:33:30,,OMEGA_cal_apphot_ip,16.044583965,0.044,OMEGA_cal_apphot_ip
2024-09-06 20:33:30,,OMEGA_apphot_ip,18.230620051,0.043,OMEGA_apphot_ip
2024-09-06 19:42:29,,OMEGA_apphot_gp,19.597830186,0.083,OMEGA_apphot_gp
2024-09-06 19:42:29,,OMEGA_cal_apphot_gp,17.844312068,0.078,OMEGA_cal_apphot_gp
2024-09-06 19:39:01,,OMEGA_apphot_gp,19.62212592,0.109,OMEGA_apphot_gp
2024-09-06 19:39:01,,OMEGA_cal_apphot_gp,17.866752998,0.102,OMEGA_cal_apphot_gp
2024-09-06 19:36:24,,OMEGA_apphot_ip,18.252765939,0.062,OMEGA_apphot_ip
2024-09-06 19:36:24,,OMEGA_cal_apphot_ip,16.066263917,0.062,OMEGA_cal_apphot_ip
2024-09-06 19:34:48,,OMEGA_apphot_ip,18.234364439,0.092,OMEGA_apphot_ip
2024-09-06 19:34:48,,OMEGA_cal_apphot_ip,16.048249573,0.091,OMEGA_cal_apphot_ip
2024-09-06 19:33:12,,OMEGA_apphot_ip,18.259990716,0.061,OMEGA_apphot_ip
2024-09-06 19:33:12,,OMEGA_cal_apphot_ip,16.073336689,0.061,OMEGA_cal_apphot_ip
2024-09-06 18:43:38,,OMEGA_cal_apphot_gp,17.839680546,0.075,OMEGA_cal_apphot_gp
2024-09-06 18:43:38,,OMEGA_apphot_gp,19.592815856,0.079,OMEGA_apphot_gp
2024-09-06 18:40:10,,OMEGA_cal_apphot_gp,17.916105999,0.104,OMEGA_cal_apphot_gp
2024-09-06 18:40:10,,OMEGA_apphot_gp,19.675558081,0.111,OMEGA_apphot_gp
2024-09-06 18:37:32,,OMEGA_cal_apphot_ip,16.090785381,0.07,OMEGA_cal_apphot_ip
2024-09-06 18:37:32,,OMEGA_apphot_ip,18.277814409,0.071,OMEGA_apphot_ip
2024-09-06 18:35:56,,OMEGA_apphot_ip,18.274084454,0.105,OMEGA_apphot_ip
2024-09-06 18:35:56,,OMEGA_cal_apphot_ip,16.087133902,0.104,OMEGA_cal_apphot_ip
2024-09-06 18:34:21,,OMEGA_cal_apphot_ip,16.09997692,0.095,OMEGA_cal_apphot_ip
2024-09-06 18:34:21,,OMEGA_apphot_ip,18.287203489,0.096,OMEGA_apphot_ip
2024-09-06 18:25:35,ATLAS,c,18.352,0.093,ATLAS
2024-09-06 18:11:09,ATLAS,c,18.484,0.118,ATLAS
2024-09-06 18:03:18,ATLAS,c,18.428,0.108,ATLAS
2024-09-06 17:59:10,ATLAS,c,18.498,0.131,ATLAS
2024-09-06 17:42:28,,OMEGA_apphot_gp,19.651647699,0.102,OMEGA_apphot_gp
2024-09-06 17:42:28,,OMEGA_cal_apphot_gp,17.894021003,0.095,OMEGA_cal_apphot_gp
2024-09-06 17:38:59,,OMEGA_apphot_gp,19.696915682,0.11,OMEGA_apphot_gp
2024-09-06 17:38:59,,OMEGA_cal_apphot_gp,17.935833102,0.103,OMEGA_cal_apphot_gp
2024-09-06 17:36:21,,OMEGA_cal_apphot_ip,16.095608026,0.129,OMEGA_cal_apphot_ip
2024-09-06 17:36:21,,OMEGA_apphot_ip,18.2827407,0.131,OMEGA_apphot_ip
2024-09-06 17:34:45,,OMEGA_apphot_ip,18.279309548,0.108,OMEGA_apphot_ip
2024-09-06 17:34:45,,OMEGA_cal_apphot_ip,16.092249064,0.107,OMEGA_cal_apphot_ip
2024-09-06 17:33:10,,OMEGA_apphot_ip,18.269231165,0.068,OMEGA_apphot_ip
2024-09-06 17:33:10,,OMEGA_cal_apphot_ip,16.082382724,0.068,OMEGA_cal_apphot_ip
2024-09-06 12:42:24,,OMEGA_cal_apphot_gp,17.868148896,0.06,OMEGA_cal_apphot_gp
2024-09-06 12:42:24,,OMEGA_apphot_gp,19.623637192,0.062,OMEGA_apphot_gp
2024-09-06 12:38:57,,OMEGA_cal_apphot_gp,17.851685044,0.078,OMEGA_cal_apphot_gp
2024-09-06 12:38:57,,OMEGA_apphot_gp,19.605812558,0.083,OMEGA_apphot_gp
2024-09-06 12:36:22,,OMEGA_cal_apphot_ip,16.054609217,0.048,OMEGA_cal_apphot_ip
2024-09-06 12:36:22,,OMEGA_apphot_ip,18.240860761,0.047,OMEGA_apphot_ip
2024-09-06 12:34:47,,OMEGA_cal_apphot_ip,16.091340637,0.123,OMEGA_cal_apphot_ip
2024-09-06 12:34:47,,OMEGA_apphot_ip,18.278381598,0.125,OMEGA_apphot_ip
2024-09-06 12:33:12,,OMEGA_apphot_ip,18.250526383,0.096,OMEGA_apphot_ip
2024-09-06 12:33:12,,OMEGA_cal_apphot_ip,16.06407148,0.095,OMEGA_cal_apphot_ip
2024-09-06 11:42:15,,OMEGA_apphot_gp,19.626973559,0.052,OMEGA_apphot_gp
2024-09-06 11:42:15,,OMEGA_cal_apphot_gp,17.871230555,0.051,OMEGA_cal_apphot_gp
2024-09-06 11:38:48,,OMEGA_apphot_gp,19.581454558,0.078,OMEGA_apphot_gp
2024-09-06 11:38:48,,OMEGA_cal_apphot_gp,17.829186601,0.074,OMEGA_cal_apphot_gp
2024-09-06 11:36:13,,OMEGA_apphot_ip,18.258564753,0.041,OMEGA_apphot_ip
2024-09-06 11:36:13,,OMEGA_cal_apphot_ip,16.071940727,0.042,OMEGA_cal_apphot_ip
2024-09-06 11:34:38,,OMEGA_apphot_ip,18.268402249,0.1,OMEGA_apphot_ip
2024-09-06 11:34:38,,OMEGA_cal_apphot_ip,16.081571248,0.099,OMEGA_cal_apphot_ip
2024-09-06 11:33:03,,OMEGA_apphot_ip,18.266205458,0.058,OMEGA_apphot_ip
2024-09-06 11:33:03,,OMEGA_cal_apphot_ip,16.079420676,0.058,OMEGA_cal_apphot_ip
2024-09-06 11:02:36,,OMEGA_cal_apphot_gp,17.844740096,0.108,OMEGA_cal_apphot_gp
2024-09-06 11:02:36,,OMEGA_apphot_gp,19.598293591,0.115,OMEGA_apphot_gp
2024-09-06 10:59:09,,OMEGA_apphot_gp,19.576829739,0.055,OMEGA_apphot_gp
2024-09-06 10:59:09,,OMEGA_cal_apphot_gp,17.824914854,0.054,OMEGA_cal_apphot_gp
2024-09-06 10:56:34,,OMEGA_cal_apphot_ip,16.056326519,0.073,OMEGA_cal_apphot_ip
2024-09-06 10:56:34,,OMEGA_apphot_ip,18.242614971,0.073,OMEGA_apphot_ip
2024-09-06 10:54:59,,OMEGA_apphot_ip,18.230401169,0.076,OMEGA_apphot_ip
2024-09-06 10:54:59,,OMEGA_cal_apphot_ip,16.044369688,0.076,OMEGA_cal_apphot_ip
2024-09-06 10:53:24,,OMEGA_cal_apphot_ip,16.042169524,0.103,OMEGA_cal_apphot_ip
2024-09-06 10:53:24,,OMEGA_apphot_ip,18.22815372,0.104,OMEGA_apphot_ip
2024-09-06 10:03:20,,OMEGA_cal_apphot_gp,17.819294273,0.043,OMEGA_cal_apphot_gp
2024-09-06 10:03:20,,OMEGA_apphot_gp,19.570744602,0.043,OMEGA_apphot_gp
2024-09-06 09:59:54,,OMEGA_cal_apphot_gp,17.804557885,0.064,OMEGA_cal_apphot_gp
2024-09-06 09:59:54,,OMEGA_apphot_gp,19.554790211,0.067,OMEGA_apphot_gp
2024-09-06 09:57:19,,OMEGA_apphot_ip,18.221872616,0.057,OMEGA_apphot_ip
2024-09-06 09:57:19,,OMEGA_cal_apphot_ip,16.036020572,0.057,OMEGA_cal_apphot_ip
2024-09-06 09:55:44,,OMEGA_cal_apphot_ip,16.035694894,0.077,OMEGA_cal_apphot_ip
2024-09-06 09:55:44,,OMEGA_apphot_ip,18.221539939,0.077,OMEGA_apphot_ip
2024-09-06 09:54:09,,OMEGA_cal_apphot_ip,16.059028652,0.063,OMEGA_cal_apphot_ip
2024-09-06 09:54:09,,OMEGA_apphot_ip,18.245375177,0.063,OMEGA_apphot_ip
2024-09-06 09:17:18,,OMEGA_cal_apphot_gp,17.841434565,0.052,OMEGA_cal_apphot_gp
2024-09-06 09:17:18,,OMEGA_apphot_gp,19.594714849,0.053,OMEGA_apphot_gp
2024-09-06 09:13:52,,OMEGA_apphot_gp,19.562340134,0.065,OMEGA_apphot_gp
2024-09-06 09:13:52,,OMEGA_cal_apphot_gp,17.811531426,0.063,OMEGA_cal_apphot_gp
2024-09-06 09:11:16,,OMEGA_apphot_ip,18.249445163,0.08,OMEGA_apphot_ip
2024-09-06 09:11:16,,OMEGA_cal_apphot_ip,16.063013008,0.08,OMEGA_cal_apphot_ip
2024-09-06 09:09:41,,OMEGA_cal_apphot_ip,16.038146932,0.061,OMEGA_cal_apphot_ip
2024-09-06 09:09:41,,OMEGA_apphot_ip,18.224044675,0.061,OMEGA_apphot_ip
2024-09-06 09:08:07,,OMEGA_cal_apphot_ip,16.044114631,0.059,OMEGA_cal_apphot_ip
2024-09-06 09:08:07,,OMEGA_apphot_ip,18.23014063,0.059,OMEGA_apphot_ip
2024-09-06 02:00:47,,OGLE_I,15.65,0.007,OGLE
2024-09-05 18:46:37,ATLAS,c,18.262,0.08,ATLAS
2024-09-05 18:32:07,ATLAS,c,18.391,0.101,ATLAS
2024-09-05 18:23:36,ATLAS,c,18.257,0.091,ATLAS
2024-09-05 18:17:40,ATLAS,c,18.358,0.101,ATLAS
2024-09-04 03:57:57,,OMEGA_cal_apphot_ip,16.066117031,0.112,OMEGA_cal_apphot_ip
2024-09-04 03:57:57,,OMEGA_apphot_ip,18.252615897,0.113,OMEGA_apphot_ip
2024-09-04 03:56:22,,OMEGA_cal_apphot_ip,16.054811266,0.048,OMEGA_cal_apphot_ip
2024-09-04 03:56:22,,OMEGA_apphot_ip,18.241067153,0.047,OMEGA_apphot_ip
2024-09-04 03:53:20,,OMEGA_cal_apphot_gp,17.820891942,0.054,OMEGA_cal_apphot_gp
2024-09-04 03:53:20,,OMEGA_apphot_gp,19.572474323,0.056,OMEGA_apphot_gp
2024-09-04 03:49:54,,OMEGA_cal_apphot_gp,17.868984369,0.068,OMEGA_cal_apphot_gp
2024-09-04 03:49:54,,OMEGA_apphot_gp,19.624541719,0.071,OMEGA_apphot_gp
2024-09-04 03:46:27,,OMEGA_cal_apphot_gp,17.849966688,0.061,OMEGA_cal_apphot_gp
2024-09-04 03:46:27,,OMEGA_apphot_gp,19.603952175,0.064,OMEGA_apphot_gp
2024-09-04 03:43:00,,OMEGA_cal_apphot_gp,17.863598277,0.073,OMEGA_cal_apphot_gp
2024-09-04 03:43:00,,OMEGA_apphot_gp,19.618710452,0.076,OMEGA_apphot_gp
2024-09-04 01:37:08,ATLAS,o,17.484,0.049,ATLAS
2024-09-04 01:22:34,ATLAS,o,17.412,0.049,ATLAS
2024-09-04 01:12:43,ATLAS,o,17.406,0.048,ATLAS
2024-09-04 01:08:07,ATLAS,o,17.486,0.041,ATLAS
2024-09-03 11:14:31,,OMEGA_apphot_ip,18.236211119,0.062,OMEGA_apphot_ip
2024-09-03 11:14:31,,OMEGA_cal_apphot_ip,16.0500574,0.062,OMEGA_cal_apphot_ip
2024-09-03 11:12:56,,OMEGA_apphot_ip,18.212168826,0.051,OMEGA_apphot_ip
2024-09-03 11:12:56,,OMEGA_cal_apphot_ip,16.026520943,0.052,OMEGA_cal_apphot_ip
2024-09-03 02:04:03,,OMEGA_cal_apphot_ip,16.114859717,0.116,OMEGA_cal_apphot_ip
2024-09-03 02:04:03,,OMEGA_apphot_ip,18.302406141,0.118,OMEGA_apphot_ip
2024-09-03 02:02:28,,OMEGA_apphot_ip,18.242661987,0.06,OMEGA_apphot_ip
2024-09-03 02:02:28,,OMEGA_cal_apphot_ip,16.056372546,0.061,OMEGA_cal_apphot_ip
2024-09-03 01:59:19,,OMEGA_apphot_gp,19.60324493,0.065,OMEGA_apphot_gp
2024-09-03 01:59:19,,OMEGA_cal_apphot_gp,17.849313436,0.062,OMEGA_cal_apphot_gp
2024-09-03 01:55:53,,OMEGA_cal_apphot_gp,17.840840371,0.063,OMEGA_cal_apphot_gp
2024-09-03 01:55:53,,OMEGA_apphot_gp,19.594071544,0.066,OMEGA_apphot_gp
2024-09-03 01:52:27,,OMEGA_apphot_gp,19.629806077,0.074,OMEGA_apphot_gp
2024-09-03 01:52:27,,OMEGA_cal_apphot_gp,17.873846831,0.07,OMEGA_cal_apphot_gp
2024-09-03 01:49:01,,OMEGA_apphot_gp,19.592987259,0.053,OMEGA_apphot_gp
2024-09-03 01:49:01,,OMEGA_cal_apphot_gp,17.839838864,0.052,OMEGA_cal_apphot_gp
2024-09-03 01:46:36,ATLAS,o,17.492,0.043,ATLAS
2024-09-03 01:43:13,,OGLE_I,15.644,0.008,OGLE
2024-09-03 01:28:49,ATLAS,o,17.487,0.054,ATLAS
2024-09-03 01:21:27,ATLAS,o,17.585,0.057,ATLAS
2024-09-03 01:15:36,ATLAS,o,17.624,0.059,ATLAS
2024-09-02 13:03:11,,OMEGA_cal_apphot_ip,16.034726421,0.057,OMEGA_cal_apphot_ip
2024-09-02 13:03:11,,OMEGA_apphot_ip,18.220550653,0.057,OMEGA_apphot_ip
2024-09-02 13:01:36,,OMEGA_cal_apphot_ip,16.049286104,0.078,OMEGA_cal_apphot_ip
2024-09-02 13:01:36,,OMEGA_apphot_ip,18.235423246,0.079,OMEGA_apphot_ip
2024-09-02 10:09:59,,OMEGA_cal_apphot_ip,16.07652525,0.08,OMEGA_cal_apphot_ip
2024-09-02 10:09:59,,OMEGA_apphot_ip,18.263247805,0.08,OMEGA_apphot_ip
2024-09-02 10:08:24,,OMEGA_cal_apphot_ip,16.03136136,0.079,OMEGA_cal_apphot_ip
2024-09-02 10:08:24,,OMEGA_apphot_ip,18.217113271,0.08,OMEGA_apphot_ip
2024-09-02 10:05:15,,OMEGA_cal_apphot_gp,17.870341754,0.088,OMEGA_cal_apphot_gp
2024-09-02 10:05:15,,OMEGA_apphot_gp,19.626011296,0.093,OMEGA_apphot_gp
2024-09-02 10:01:49,,OMEGA_cal_apphot_gp,17.800398404,0.054,OMEGA_cal_apphot_gp
2024-09-02 10:01:49,,OMEGA_apphot_gp,19.550286937,0.056,OMEGA_apphot_gp
2024-09-02 09:58:23,,OMEGA_apphot_gp,19.550950259,0.044,OMEGA_apphot_gp
2024-09-02 09:58:23,,OMEGA_cal_apphot_gp,17.801011086,0.044,OMEGA_cal_apphot_gp
2024-09-02 09:54:57,,OMEGA_cal_apphot_gp,17.86361814,0.071,OMEGA_cal_apphot_gp
2024-09-02 09:54:57,,OMEGA_apphot_gp,19.618731957,0.075,OMEGA_apphot_gp
2024-09-02 01:35:18,,OMEGA_cal_apphot_ip,16.047467563,0.056,OMEGA_cal_apphot_ip
2024-09-02 01:35:18,,OMEGA_apphot_ip,18.233565622,0.056,OMEGA_apphot_ip
2024-09-02 01:33:45,,OMEGA_apphot_ip,18.247009746,0.094,OMEGA_apphot_ip
2024-09-02 01:33:45,,OMEGA_cal_apphot_ip,16.06062883,0.093,OMEGA_cal_apphot_ip
2024-09-02 01:30:34,,OMEGA_cal_apphot_gp,17.837069521,0.055,OMEGA_cal_apphot_gp
2024-09-02 01:30:34,,OMEGA_apphot_gp,19.589989023,0.056,OMEGA_apphot_gp
2024-09-02 01:27:08,,OMEGA_apphot_gp,19.585397215,0.057,OMEGA_apphot_gp
2024-09-02 01:27:08,,OMEGA_cal_apphot_gp,17.832828265,0.055,OMEGA_cal_apphot_gp
2024-09-02 01:23:42,,OMEGA_cal_apphot_gp,17.815963559,0.06,OMEGA_cal_apphot_gp
2024-09-02 01:23:42,,OMEGA_apphot_gp,19.567138595,0.062,OMEGA_apphot_gp
2024-09-02 01:20:16,,OMEGA_cal_apphot_gp,17.834671408,0.077,OMEGA_cal_apphot_gp
2024-09-02 01:20:16,,OMEGA_apphot_gp,19.587392699,0.081,OMEGA_apphot_gp
2024-09-01 19:56:27,ATLAS,c,18.77,0.206,ATLAS
2024-09-01 19:51:52,ATLAS,c,18.146,0.097,ATLAS
2024-09-01 19:39:29,ATLAS,c,18.458,0.151,ATLAS
2024-09-01 19:34:53,ATLAS,c,18.543,0.118,ATLAS
2024-09-01 19:31:39,ATLAS,c,17.689,0.078,ATLAS
2024-09-01 19:26:25,ATLAS,c,18.091,0.091,ATLAS
2024-09-01 19:23:46,ATLAS,c,18.27,0.136,ATLAS
2024-09-01 19:19:14,ATLAS,c,18.291,0.116,ATLAS
2024-09-01 12:33:57,,OMEGA_apphot_ip,18.224538242,0.089,OMEGA_apphot_ip
2024-09-01 12:33:57,,OMEGA_cal_apphot_ip,16.038630114,0.088,OMEGA_cal_apphot_ip
2024-09-01 12:32:23,,OMEGA_cal_apphot_ip,16.023321571,0.089,OMEGA_cal_apphot_ip
2024-09-01 12:32:23,,OMEGA_apphot_ip,18.208900694,0.09,OMEGA_apphot_ip
2024-09-01 12:29:14,,OMEGA_cal_apphot_gp,17.798298716,0.075,OMEGA_cal_apphot_gp
2024-09-01 12:29:14,,OMEGA_apphot_gp,19.548013704,0.079,OMEGA_apphot_gp
2024-09-01 12:25:48,,OMEGA_cal_apphot_gp,17.827946342,0.077,OMEGA_cal_apphot_gp
2024-09-01 12:25:48,,OMEGA_apphot_gp,19.580111787,0.082,OMEGA_apphot_gp
2024-09-01 12:22:22,,OMEGA_apphot_gp,19.557865975,0.078,OMEGA_apphot_gp
2024-09-01 12:22:22,,OMEGA_cal_apphot_gp,17.807398836,0.074,OMEGA_cal_apphot_gp
2024-09-01 12:18:55,,OMEGA_cal_apphot_gp,17.797757352,0.058,OMEGA_cal_apphot_gp
2024-09-01 12:18:55,,OMEGA_apphot_gp,19.547427595,0.06,OMEGA_apphot_gp
2024-09-01 04:17:17,,OMEGA_cal_apphot_ip,16.013953759,0.082,OMEGA_cal_apphot_ip
2024-09-01 04:17:17,,OMEGA_apphot_ip,18.199331553,0.083,OMEGA_apphot_ip
2024-09-01 04:15:43,,OMEGA_cal_apphot_ip,16.066683707,0.081,OMEGA_cal_apphot_ip
2024-09-01 04:15:43,,OMEGA_apphot_ip,18.253194751,0.081,OMEGA_apphot_ip
2024-09-01 02:41:03,ATLAS,o,17.482,0.061,ATLAS
2024-09-01 02:29:11,,OMEGA_apphot_ip,18.198909433,0.08,OMEGA_apphot_ip
2024-09-01 02:29:11,,OMEGA_cal_apphot_ip,16.013540521,0.079,OMEGA_cal_apphot_ip
2024-09-01 02:27:37,,OMEGA_apphot_ip,18.206556431,0.051,OMEGA_apphot_ip
2024-09-01 02:27:37,,OMEGA_cal_apphot_ip,16.02102663,0.052,OMEGA_cal_apphot_ip
2024-09-01 02:24:27,,OMEGA_cal_apphot_gp,17.823833761,0.059,OMEGA_cal_apphot_gp
2024-09-01 02:24:27,,OMEGA_apphot_gp,19.575659291,0.061,OMEGA_apphot_gp
2024-09-01 02:21:00,,OMEGA_cal_apphot_gp,17.814434304,0.047,OMEGA_cal_apphot_gp
2024-09-01 02:21:00,,OMEGA_apphot_gp,19.565482943,0.048,OMEGA_apphot_gp
2024-09-01 02:17:34,,OMEGA_cal_apphot_gp,17.826898606,0.061,OMEGA_cal_apphot_gp
2024-09-01 02:17:34,,OMEGA_apphot_gp,19.578977453,0.063,OMEGA_apphot_gp
2024-09-01 02:14:08,,OMEGA_cal_apphot_gp,17.806052695,0.057,OMEGA_cal_apphot_gp
2024-09-01 02:14:08,,OMEGA_apphot_gp,19.556408571,0.059,OMEGA_apphot_gp
2024-09-01 02:04:17,ATLAS,o,17.473,0.06,ATLAS
2024-09-01 01:59:44,ATLAS,o,17.639,0.098,ATLAS
2024-09-01 01:56:51,ATLAS,o,17.524,0.048,ATLAS
2024-09-01 01:51:39,ATLAS,o,17.382,0.052,ATLAS
2024-09-01 01:40:21,ATLAS,o,17.543,0.09,ATLAS
2024-09-01 01:25:16,ATLAS,o,17.913,0.164,ATLAS
2024-09-01 01:17:45,ATLAS,o,17.32,0.1,ATLAS
2024-09-01 00:24:01,,OMEGA_cal_apphot_ip,16.020686004,0.047,OMEGA_cal_apphot_ip
2024-09-01 00:24:01,,OMEGA_apphot_ip,18.206208484,0.046,OMEGA_apphot_ip
2024-09-01 00:22:28,,OMEGA_cal_apphot_ip,16.020955942,0.042,OMEGA_cal_apphot_ip
2024-09-01 00:22:28,,OMEGA_apphot_ip,18.206484223,0.041,OMEGA_apphot_ip
2024-08-31 21:27:19,,OMEGA_cal_apphot_ip,16.028254104,0.091,OMEGA_cal_apphot_ip
2024-08-31 21:27:19,,OMEGA_apphot_ip,18.213939235,0.092,OMEGA_apphot_ip
2024-08-31 21:25:45,,OMEGA_apphot_ip,18.25299975,0.079,OMEGA_apphot_ip
2024-08-31 21:25:45,,OMEGA_cal_apphot_ip,16.066492808,0.079,OMEGA_cal_apphot_ip
2024-08-31 21:22:31,,OMEGA_cal_apphot_gp,17.848979246,0.069,OMEGA_cal_apphot_gp
2024-08-31 21:22:31,,OMEGA_apphot_gp,19.602883118,0.072,OMEGA_apphot_gp
2024-08-31 21:19:03,,OMEGA_apphot_gp,19.658122331,0.085,OMEGA_apphot_gp
2024-08-31 21:19:03,,OMEGA_cal_apphot_gp,17.900001343,0.081,OMEGA_cal_apphot_gp
2024-08-31 21:15:34,,OMEGA_cal_apphot_gp,17.838472005,0.078,OMEGA_cal_apphot_gp
2024-08-31 21:15:34,,OMEGA_apphot_gp,19.591507426,0.083,OMEGA_apphot_gp
2024-08-31 21:12:06,,OMEGA_cal_apphot_gp,17.860016025,0.115,OMEGA_cal_apphot_gp
2024-08-31 21:12:06,,OMEGA_apphot_gp,19.614832117,0.123,OMEGA_apphot_gp
2024-08-31 17:18:24,,OMEGA_cal_apphot_ip,16.063755705,0.115,OMEGA_cal_apphot_ip
2024-08-31 17:18:24,,OMEGA_apphot_ip,18.250203822,0.117,OMEGA_apphot_ip
2024-08-31 17:16:49,,OMEGA_cal_apphot_ip,16.050358174,0.075,OMEGA_cal_apphot_ip
2024-08-31 17:16:49,,OMEGA_apphot_ip,18.236518357,0.075,OMEGA_apphot_ip
2024-08-31 13:41:02,,OMEGA_apphot_ip,18.237845976,0.072,OMEGA_apphot_ip
2024-08-31 13:41:02,,OMEGA_cal_apphot_ip,16.051657861,0.072,OMEGA_cal_apphot_ip
2024-08-31 13:39:29,,OMEGA_cal_apphot_ip,16.028554253,0.069,OMEGA_cal_apphot_ip
2024-08-31 13:39:29,,OMEGA_apphot_ip,18.214245834,0.069,OMEGA_apphot_ip
2024-08-31 13:36:28,,OMEGA_apphot_gp,19.554134456,0.047,OMEGA_apphot_gp
2024-08-31 13:36:28,,OMEGA_cal_apphot_gp,17.803952192,0.046,OMEGA_cal_apphot_gp
2024-08-31 13:33:03,,OMEGA_apphot_gp,19.599299728,0.078,OMEGA_apphot_gp
2024-08-31 13:33:03,,OMEGA_cal_apphot_gp,17.845669422,0.074,OMEGA_cal_apphot_gp
2024-08-31 13:29:36,,OMEGA_cal_apphot_gp,17.804079476,0.066,OMEGA_cal_apphot_gp
2024-08-31 13:29:36,,OMEGA_apphot_gp,19.55427226,0.069,OMEGA_apphot_gp
2024-08-31 13:26:10,,OMEGA_cal_apphot_gp,17.865485822,0.074,OMEGA_cal_apphot_gp
2024-08-31 13:26:10,,OMEGA_apphot_gp,19.620754008,0.078,OMEGA_apphot_gp
2024-08-31 12:29:18,,OMEGA_apphot_ip,18.283899492,0.093,OMEGA_apphot_ip
2024-08-31 12:29:18,,OMEGA_cal_apphot_ip,16.096742437,0.092,OMEGA_cal_apphot_ip
2024-08-31 12:27:45,,OMEGA_apphot_ip,18.194803483,0.104,OMEGA_apphot_ip
2024-08-31 12:27:45,,OMEGA_cal_apphot_ip,16.009520958,0.103,OMEGA_cal_apphot_ip
2024-08-31 11:08:45,,OMEGA_apphot_gp,19.658689734,0.128,OMEGA_apphot_gp
2024-08-31 11:08:45,,OMEGA_cal_apphot_gp,17.900525428,0.119,OMEGA_cal_apphot_gp
2024-08-31 11:05:19,,OMEGA_cal_apphot_gp,17.79729294,0.052,OMEGA_cal_apphot_gp
2024-08-31 11:05:19,,OMEGA_apphot_gp,19.546924798,0.053,OMEGA_apphot_gp
2024-08-31 11:01:52,,OMEGA_cal_apphot_gp,17.810009025,0.057,OMEGA_cal_apphot_gp
2024-08-31 11:01:52,,OMEGA_apphot_gp,19.560691903,0.058,OMEGA_apphot_gp
2024-08-31 10:58:27,,OMEGA_apphot_gp,19.600261315,0.048,OMEGA_apphot_gp
2024-08-31 10:58:27,,OMEGA_cal_apphot_gp,17.846557598,0.048,OMEGA_cal_apphot_gp
2024-08-31 04:24:06,,OMEGA_apphot_ip,18.288546604,0.092,OMEGA_apphot_ip
2024-08-31 04:24:06,,OMEGA_cal_apphot_ip,16.101291777,0.091,OMEGA_cal_apphot_ip
2024-08-31 04:22:33,,OMEGA_cal_apphot_ip,16.095923092,0.147,OMEGA_cal_apphot_ip
2024-08-31 04:22:33,,OMEGA_apphot_ip,18.283062538,0.15,OMEGA_apphot_ip
2024-08-31 00:55:15,,OMEGA_apphot_ip,18.227027727,0.123,OMEGA_apphot_ip
2024-08-31 00:55:15,,OMEGA_cal_apphot_ip,16.041067221,0.121,OMEGA_cal_apphot_ip
2024-08-31 00:53:42,,OMEGA_apphot_ip,18.22133054,0.074,OMEGA_apphot_ip
2024-08-31 00:53:42,,OMEGA_cal_apphot_ip,16.0354899,0.074,OMEGA_cal_apphot_ip
2024-08-31 00:50:32,,OMEGA_cal_apphot_gp,17.813745216,0.057,OMEGA_cal_apphot_gp
2024-08-31 00:50:32,,OMEGA_apphot_gp,19.5647369,0.059,OMEGA_apphot_gp
2024-08-31 00:47:06,,OMEGA_cal_apphot_gp,17.807587369,0.044,OMEGA_cal_apphot_gp
2024-08-31 00:47:06,,OMEGA_apphot_gp,19.55807009,0.043,OMEGA_apphot_gp
2024-08-31 00:43:40,,OMEGA_cal_apphot_gp,17.858997154,0.054,OMEGA_cal_apphot_gp
2024-08-31 00:43:40,,OMEGA_apphot_gp,19.613729034,0.056,OMEGA_apphot_gp
2024-08-31 00:40:14,,OMEGA_cal_apphot_gp,17.8374577,0.054,OMEGA_cal_apphot_gp
2024-08-31 00:40:14,,OMEGA_apphot_gp,19.590409286,0.056,OMEGA_apphot_gp
2024-08-31 00:22:25,,OMEGA_cal_apphot_ip,16.033346189,0.089,OMEGA_cal_apphot_ip
2024-08-31 00:22:25,,OMEGA_apphot_ip,18.219140757,0.09,OMEGA_apphot_ip
2024-08-31 00:20:52,,OMEGA_apphot_ip,18.225563325,0.071,OMEGA_apphot_ip
2024-08-31 00:20:52,,OMEGA_cal_apphot_ip,16.03963363,0.071,OMEGA_cal_apphot_ip
2024-08-30 21:13:30,,OMEGA_cal_apphot_ip,16.021786557,0.079,OMEGA_cal_apphot_ip
2024-08-30 21:13:30,,OMEGA_apphot_ip,18.20733269,0.08,OMEGA_apphot_ip
2024-08-30 21:11:56,,OMEGA_cal_apphot_ip,16.043407669,0.059,OMEGA_cal_apphot_ip
2024-08-30 21:11:56,,OMEGA_apphot_ip,18.229418474,0.059,OMEGA_apphot_ip
2024-08-30 21:08:46,,OMEGA_cal_apphot_gp,17.818748989,0.066,OMEGA_cal_apphot_gp
2024-08-30 21:08:46,,OMEGA_apphot_gp,19.570154248,0.069,OMEGA_apphot_gp
2024-08-30 21:05:19,,OMEGA_cal_apphot_gp,17.797857433,0.084,OMEGA_cal_apphot_gp
2024-08-30 21:05:19,,OMEGA_apphot_gp,19.547535948,0.089,OMEGA_apphot_gp
2024-08-30 21:01:51,,OMEGA_apphot_gp,19.585209817,0.051,OMEGA_apphot_gp
2024-08-30 21:01:51,,OMEGA_cal_apphot_gp,17.832655173,0.05,OMEGA_cal_apphot_gp
2024-08-30 20:58:23,,OMEGA_apphot_gp,19.634358315,0.093,OMEGA_apphot_gp
2024-08-30 20:58:23,,OMEGA_cal_apphot_gp,17.878051538,0.087,OMEGA_cal_apphot_gp
2024-08-30 18:31:16,ATLAS,o,17.599,0.065,ATLAS
2024-08-30 18:23:28,ATLAS,o,17.497,0.055,ATLAS
2024-08-30 18:18:55,ATLAS,o,17.328,0.046,ATLAS
2024-08-30 17:58:24,,OMEGA_apphot_ip,18.194629947,0.049,OMEGA_apphot_ip
2024-08-30 17:58:24,,OMEGA_cal_apphot_ip,16.009351072,0.049,OMEGA_cal_apphot_ip
2024-08-30 17:46:18,ATLAS,o,17.418,0.052,ATLAS
2024-08-30 17:43:42,ATLAS,o,17.39,0.052,ATLAS
2024-08-28 02:20:08,,OGLE_I,15.632,0.009,OGLE
2024-08-28 01:23:44,ATLAS,o,> 14.305713329,,ATLAS
2024-08-28 01:09:28,ATLAS,o,17.268,0.145,ATLAS
2024-08-28 01:01:55,ATLAS,o,17.228,0.103,ATLAS
2024-08-28 00:56:44,ATLAS,o,17.537,0.264,ATLAS
2024-08-27 13:09:33,,OMEGA_cal_apphot_ip,16.069219928,0.066,OMEGA_cal_apphot_ip
2024-08-27 13:09:33,,OMEGA_apphot_ip,18.25578548,0.066,OMEGA_apphot_ip
2024-08-27 13:08:00,,OMEGA_apphot_ip,18.269414831,0.104,OMEGA_apphot_ip
2024-08-27 13:08:00,,OMEGA_cal_apphot_ip,16.082562525,0.103,OMEGA_cal_apphot_ip
2024-08-27 13:04:50,,OMEGA_apphot_gp,19.564943022,0.057,OMEGA_apphot_gp
2024-08-27 13:04:50,,OMEGA_cal_apphot_gp,17.813935602,0.055,OMEGA_cal_apphot_gp
2024-08-27 13:01:24,,OMEGA_apphot_gp,19.604250756,0.095,OMEGA_apphot_gp
2024-08-27 13:01:24,,OMEGA_cal_apphot_gp,17.850242474,0.089,OMEGA_cal_apphot_gp
2024-08-27 12:57:58,,OMEGA_apphot_gp,19.556311397,0.066,OMEGA_apphot_gp
2024-08-27 12:57:58,,OMEGA_cal_apphot_gp,17.80596294,0.063,OMEGA_cal_apphot_gp
2024-08-27 12:54:31,,OMEGA_apphot_gp,19.613839169,0.089,OMEGA_apphot_gp
2024-08-27 12:54:31,,OMEGA_cal_apphot_gp,17.859098881,0.084,OMEGA_cal_apphot_gp
2024-08-27 09:36:53,,OMEGA_apphot_ip,18.206935806,0.056,OMEGA_apphot_ip
2024-08-27 09:36:53,,OMEGA_cal_apphot_ip,16.021398024,0.056,OMEGA_cal_apphot_ip
2024-08-27 09:35:20,,OMEGA_cal_apphot_ip,16.043048938,0.104,OMEGA_cal_apphot_ip
2024-08-27 09:35:20,,OMEGA_apphot_ip,18.229052034,0.106,OMEGA_apphot_ip
2024-08-27 04:09:48,,OMEGA_apphot_ip,18.243616098,0.095,OMEGA_apphot_ip
2024-08-27 04:09:48,,OMEGA_cal_apphot_ip,16.057306583,0.094,OMEGA_cal_apphot_ip
2024-08-27 04:08:16,,OMEGA_cal_apphot_ip,16.063679658,0.072,OMEGA_cal_apphot_ip
2024-08-27 04:08:16,,OMEGA_apphot_ip,18.250126141,0.072,OMEGA_apphot_ip
2024-08-27 04:05:10,,OMEGA_cal_apphot_gp,17.822699445,0.067,OMEGA_cal_apphot_gp
2024-08-27 04:05:10,,OMEGA_apphot_gp,19.57443122,0.07,OMEGA_apphot_gp
2024-08-27 04:01:44,,OMEGA_cal_apphot_gp,17.860677209,0.098,OMEGA_cal_apphot_gp
2024-08-27 04:01:44,,OMEGA_apphot_gp,19.61554795,0.104,OMEGA_apphot_gp
2024-08-27 03:58:17,,OMEGA_apphot_gp,19.555956719,0.047,OMEGA_apphot_gp
2024-08-27 03:58:17,,OMEGA_cal_apphot_gp,17.805635339,0.047,OMEGA_cal_apphot_gp
2024-08-27 03:54:51,,OMEGA_apphot_gp,19.601603251,0.061,OMEGA_apphot_gp
2024-08-27 03:54:51,,OMEGA_cal_apphot_gp,17.847797087,0.059,OMEGA_cal_apphot_gp
2024-08-27 00:20:49,,OMEGA_cal_apphot_ip,16.000682706,0.061,OMEGA_cal_apphot_ip
2024-08-27 00:20:49,,OMEGA_apphot_ip,18.185775283,0.06,OMEGA_apphot_ip
2024-08-27 00:19:16,,OMEGA_cal_apphot_ip,16.008962887,0.077,OMEGA_cal_apphot_ip
2024-08-27 00:19:16,,OMEGA_apphot_ip,18.194233419,0.077,OMEGA_apphot_ip
2024-08-26 13:13:43,,OMEGA_apphot_ip,18.243839356,0.088,OMEGA_apphot_ip
2024-08-26 13:13:43,,OMEGA_cal_apphot_ip,16.057525143,0.087,OMEGA_cal_apphot_ip
2024-08-26 13:12:10,,OMEGA_apphot_ip,18.211654466,0.069,OMEGA_apphot_ip
2024-08-26 13:12:10,,OMEGA_cal_apphot_ip,16.026017405,0.069,OMEGA_cal_apphot_ip
2024-08-26 13:09:03,,OMEGA_cal_apphot_gp,17.79148262,0.051,OMEGA_cal_apphot_gp
2024-08-26 13:09:03,,OMEGA_apphot_gp,19.54063424,0.052,OMEGA_apphot_gp
2024-08-26 13:05:37,,OMEGA_cal_apphot_gp,17.795866299,0.084,OMEGA_cal_apphot_gp
2024-08-26 13:05:37,,OMEGA_apphot_gp,19.545380242,0.089,OMEGA_apphot_gp
2024-08-26 13:02:10,,OMEGA_apphot_gp,19.528272143,0.059,OMEGA_apphot_gp
2024-08-26 13:02:10,,OMEGA_cal_apphot_gp,17.780064281,0.057,OMEGA_cal_apphot_gp
2024-08-26 12:58:44,,OMEGA_apphot_gp,19.524523049,0.053,OMEGA_apphot_gp
2024-08-26 12:58:44,,OMEGA_cal_apphot_gp,17.776601403,0.052,OMEGA_cal_apphot_gp
2024-08-25 19:36:59,ATLAS,o,17.406,0.063,ATLAS
2024-08-25 19:29:11,ATLAS,o,17.446,0.063,ATLAS
2024-08-25 18:54:52,ATLAS,o,17.124,0.205,ATLAS
2024-08-25 18:50:15,ATLAS,o,17.427,0.136,ATLAS
2024-08-25 18:05:38,,OMEGA_cal_apphot_ip,16.056359415,0.085,OMEGA_cal_apphot_ip
2024-08-25 18:05:38,,OMEGA_apphot_ip,18.242648574,0.085,OMEGA_apphot_ip
2024-08-25 18:04:04,,OMEGA_cal_apphot_ip,16.04953242,0.071,OMEGA_cal_apphot_ip
2024-08-25 18:04:04,,OMEGA_apphot_ip,18.235674856,0.072,OMEGA_apphot_ip
2024-08-25 01:37:02,ATLAS,o,17.313,0.059,ATLAS
2024-08-25 00:44:59,ATLAS,o,17.19,0.052,ATLAS
2024-08-25 00:37:38,ATLAS,o,17.274,0.06,ATLAS
2024-08-25 00:32:11,ATLAS,o,17.28,0.063,ATLAS
2024-08-23 20:13:15,ATLAS,o,17.315,0.055,ATLAS
2024-08-23 19:58:51,ATLAS,o,17.324,0.053,ATLAS
2024-08-23 19:48:16,ATLAS,o,17.608,0.068,ATLAS
2024-08-23 19:43:41,ATLAS,o,17.399,0.075,ATLAS
2024-08-23 03:57:09,,OGLE_I,15.656,0.01,OGLE
2024-08-22 04:00:55,,OMEGA_apphot_ip,18.051991841,0.094,OMEGA_apphot_ip
2024-08-22 04:00:55,,OMEGA_cal_apphot_ip,15.86971399,0.093,OMEGA_cal_apphot_ip
2024-08-22 03:59:23,,OMEGA_apphot_ip,18.000316369,0.083,OMEGA_apphot_ip
2024-08-22 03:59:23,,OMEGA_cal_apphot_ip,15.819125741,0.083,OMEGA_cal_apphot_ip
2024-08-22 03:56:13,,OMEGA_cal_apphot_gp,17.642595644,0.078,OMEGA_cal_apphot_gp
2024-08-22 03:56:13,,OMEGA_apphot_gp,19.379441349,0.083,OMEGA_apphot_gp
2024-08-22 03:52:46,,OMEGA_cal_apphot_gp,17.616493487,0.087,OMEGA_cal_apphot_gp
2024-08-22 03:52:46,,OMEGA_apphot_gp,19.351181777,0.093,OMEGA_apphot_gp
2024-08-22 03:49:20,,OMEGA_apphot_gp,19.398912266,0.078,OMEGA_apphot_gp
2024-08-22 03:49:20,,OMEGA_cal_apphot_gp,17.660580097,0.074,OMEGA_cal_apphot_gp
2024-08-22 03:45:54,,OMEGA_cal_apphot_gp,17.634788037,0.075,OMEGA_cal_apphot_gp
2024-08-22 03:45:54,,OMEGA_apphot_gp,19.370988422,0.079,OMEGA_apphot_gp
2024-08-22 00:51:38,,OGLE_I,15.313,0.007,OGLE
2024-08-21 19:21:50,,OMEGA_apphot_ip,17.651320512,0.072,OMEGA_apphot_ip
2024-08-21 19:21:50,,OMEGA_cal_apphot_ip,15.477472556,0.073,OMEGA_cal_apphot_ip
2024-08-21 19:20:18,,OMEGA_apphot_ip,17.654212204,0.047,OMEGA_apphot_ip
2024-08-21 19:20:18,,OMEGA_cal_apphot_ip,15.480303408,0.049,OMEGA_cal_apphot_ip
2024-08-21 04:09:11,,OMEGA_apphot_ip,17.773846711,0.065,OMEGA_apphot_ip
2024-08-21 04:09:11,,OMEGA_cal_apphot_ip,15.597420874,0.065,OMEGA_cal_apphot_ip
2024-08-21 04:07:40,,OMEGA_cal_apphot_ip,15.572695269,0.074,OMEGA_cal_apphot_ip
2024-08-21 04:07:40,,OMEGA_apphot_ip,17.748589713,0.074,OMEGA_apphot_ip
2024-08-21 04:04:29,,OMEGA_apphot_gp,19.084805782,0.088,OMEGA_apphot_gp
2024-08-21 04:04:29,,OMEGA_cal_apphot_gp,17.370453378,0.082,OMEGA_cal_apphot_gp
2024-08-21 04:01:03,,OMEGA_apphot_gp,19.085853558,0.079,OMEGA_apphot_gp
2024-08-21 04:01:03,,OMEGA_cal_apphot_gp,17.371421163,0.074,OMEGA_cal_apphot_gp
2024-08-21 03:57:36,,OMEGA_cal_apphot_gp,17.355916656,0.092,OMEGA_cal_apphot_gp
2024-08-21 03:57:36,,OMEGA_apphot_gp,19.069067561,0.098,OMEGA_apphot_gp
2024-08-21 03:54:09,,OMEGA_cal_apphot_gp,17.439641983,0.101,OMEGA_cal_apphot_gp
2024-08-21 03:54:09,,OMEGA_apphot_gp,19.159713014,0.108,OMEGA_apphot_gp
2024-08-21 03:11:36,,OMEGA_cal_apphot_ip,15.631180605,0.084,OMEGA_cal_apphot_ip
2024-08-21 03:11:36,,OMEGA_apphot_ip,17.808331993,0.084,OMEGA_apphot_ip
2024-08-21 03:10:04,,OMEGA_cal_apphot_ip,15.614749239,0.088,OMEGA_cal_apphot_ip
2024-08-21 03:10:04,,OMEGA_apphot_ip,17.79154749,0.089,OMEGA_apphot_ip
2024-08-19 21:03:04,ATLAS,o,17.532,0.13,ATLAS
2024-08-19 10:56:53,,OMEGA_cal_apphot_ip,16.057840004,0.059,OMEGA_cal_apphot_ip
2024-08-19 10:56:53,,OMEGA_apphot_ip,18.244160983,0.058,OMEGA_apphot_ip
2024-08-19 10:55:21,,OMEGA_cal_apphot_ip,16.040269293,0.08,OMEGA_cal_apphot_ip
2024-08-19 10:55:21,,OMEGA_apphot_ip,18.226212649,0.081,OMEGA_apphot_ip
2024-08-17 22:51:58,ATLAS,o,17.413,0.165,ATLAS
2024-08-17 22:11:25,ATLAS,o,17.859,0.261,ATLAS
2024-08-17 22:03:31,ATLAS,o,17.63,0.147,ATLAS
2024-08-17 21:58:51,ATLAS,o,17.45,0.25,ATLAS
2024-08-14 04:27:43,,OMEGA_cal_apphot_ip,15.976579908,0.082,OMEGA_cal_apphot_ip
2024-08-14 04:27:43,,OMEGA_apphot_ip,18.161154478,0.082,OMEGA_apphot_ip
2024-08-14 04:26:12,,OMEGA_cal_apphot_ip,16.005139679,0.081,OMEGA_cal_apphot_ip
2024-08-14 04:26:12,,OMEGA_apphot_ip,18.190328044,0.082,OMEGA_apphot_ip
2024-08-14 02:51:44,,OMEGA_cal_apphot_ip,16.007830999,0.086,OMEGA_cal_apphot_ip
2024-08-14 02:51:44,,OMEGA_apphot_ip,18.193077204,0.087,OMEGA_apphot_ip
2024-08-14 02:50:12,,OMEGA_apphot_ip,18.209997779,0.094,OMEGA_apphot_ip
2024-08-14 02:50:12,,OMEGA_cal_apphot_ip,16.024395574,0.093,OMEGA_cal_apphot_ip
2024-08-13 05:38:24,,OMEGA_apphot_ip,18.185773726,0.059,OMEGA_apphot_ip
2024-08-13 05:38:24,,OMEGA_cal_apphot_ip,16.000681181,0.059,OMEGA_cal_apphot_ip
2024-08-13 05:36:53,,OMEGA_apphot_ip,18.178066319,0.054,OMEGA_apphot_ip
2024-08-13 05:36:53,,OMEGA_cal_apphot_ip,15.993135934,0.054,OMEGA_cal_apphot_ip
2024-08-13 05:34:10,,OMEGA_cal_apphot_gp,17.789349712,0.102,OMEGA_cal_apphot_gp
2024-08-13 05:34:10,,OMEGA_apphot_gp,19.538325041,0.109,OMEGA_apphot_gp
2024-08-13 05:30:44,,OMEGA_cal_apphot_gp,17.782951817,0.04,OMEGA_cal_apphot_gp
2024-08-13 05:30:44,,OMEGA_apphot_gp,19.531398342,0.039,OMEGA_apphot_gp
2024-08-13 05:27:18,,OMEGA_cal_apphot_gp,17.773734788,0.076,OMEGA_cal_apphot_gp
2024-08-13 05:27:18,,OMEGA_apphot_gp,19.5214195,0.081,OMEGA_apphot_gp
2024-08-13 05:23:52,,OMEGA_apphot_gp,19.474346266,0.08,OMEGA_apphot_gp
2024-08-13 05:23:52,,OMEGA_cal_apphot_gp,17.730255255,0.075,OMEGA_cal_apphot_gp
2024-08-12 21:12:42,,OMEGA_apphot_ip,18.220625283,0.076,OMEGA_apphot_ip
2024-08-12 21:12:42,,OMEGA_cal_apphot_ip,16.034799481,0.075,OMEGA_cal_apphot_ip
2024-08-12 21:11:06,,OMEGA_cal_apphot_ip,16.026760211,0.07,OMEGA_cal_apphot_ip
2024-08-12 21:11:06,,OMEGA_apphot_ip,18.212413235,0.071,OMEGA_apphot_ip
2024-08-12 20:27:53,ATLAS,o,17.342,0.067,ATLAS
2024-08-12 20:13:35,ATLAS,o,17.272,0.085,ATLAS
2024-08-12 20:04:36,ATLAS,o,17.37,0.073,ATLAS
2024-08-12 19:58:52,ATLAS,o,17.283,0.094,ATLAS
2024-08-12 04:45:38,,OMEGA_cal_apphot_ip,16.004276589,0.066,OMEGA_cal_apphot_ip
2024-08-12 04:45:38,,OMEGA_apphot_ip,18.189446405,0.066,OMEGA_apphot_ip
2024-08-12 04:44:06,,OMEGA_cal_apphot_ip,16.016944079,0.078,OMEGA_cal_apphot_ip
2024-08-12 04:44:06,,OMEGA_apphot_ip,18.20238614,0.079,OMEGA_apphot_ip
2024-08-12 04:41:20,,OMEGA_apphot_gp,19.498362547,0.08,OMEGA_apphot_gp
2024-08-12 04:41:20,,OMEGA_cal_apphot_gp,17.752438067,0.075,OMEGA_cal_apphot_gp
2024-08-12 04:37:54,,OMEGA_cal_apphot_gp,17.78149794,0.054,OMEGA_cal_apphot_gp
2024-08-12 04:37:54,,OMEGA_apphot_gp,19.529824298,0.056,OMEGA_apphot_gp
2024-08-12 04:34:28,,OMEGA_apphot_gp,19.517023765,0.067,OMEGA_apphot_gp
2024-08-12 04:34:28,,OMEGA_cal_apphot_gp,17.769674635,0.064,OMEGA_cal_apphot_gp
2024-08-12 04:31:02,,OMEGA_apphot_gp,19.509135033,0.082,OMEGA_apphot_gp
2024-08-12 04:31:02,,OMEGA_cal_apphot_gp,17.762388151,0.078,OMEGA_cal_apphot_gp
2024-08-12 04:27:16,,OMEGA_apphot_ip,18.181035316,0.049,OMEGA_apphot_ip
2024-08-12 04:27:16,,OMEGA_cal_apphot_ip,15.996042464,0.049,OMEGA_cal_apphot_ip
2024-08-12 04:25:44,,OMEGA_cal_apphot_ip,16.013399224,0.051,OMEGA_cal_apphot_ip
2024-08-12 04:25:44,,OMEGA_apphot_ip,18.1987651,0.051,OMEGA_apphot_ip
2024-08-12 03:25:30,,OGLE_I,15.626,0.007,OGLE
2024-08-12 02:51:15,,OMEGA_cal_apphot_gp,17.771232285,0.052,OMEGA_cal_apphot_gp
2024-08-12 02:51:15,,OMEGA_apphot_gp,19.518710159,0.053,OMEGA_apphot_gp
2024-08-12 02:47:49,,OMEGA_apphot_gp,19.560755648,0.095,OMEGA_apphot_gp
2024-08-12 02:47:49,,OMEGA_cal_apphot_gp,17.810067904,0.09,OMEGA_cal_apphot_gp
2024-08-12 02:44:23,,OMEGA_apphot_gp,19.532561663,0.049,OMEGA_apphot_gp
2024-08-12 02:44:23,,OMEGA_cal_apphot_gp,17.784026327,0.049,OMEGA_cal_apphot_gp
2024-08-12 02:40:57,,OMEGA_apphot_gp,19.550364606,0.074,OMEGA_apphot_gp
2024-08-12 02:40:57,,OMEGA_cal_apphot_gp,17.800470143,0.071,OMEGA_cal_apphot_gp
2024-08-11 23:43:47,,OGLE_I,15.608,0.008,OGLE
2024-08-11 13:21:47,,OMEGA_apphot_ip,18.194799319,0.082,OMEGA_apphot_ip
2024-08-11 13:21:47,,OMEGA_cal_apphot_ip,16.009516881,0.081,OMEGA_cal_apphot_ip
2024-08-11 13:20:15,,OMEGA_cal_apphot_ip,16.044771603,0.114,OMEGA_cal_apphot_ip
2024-08-11 13:20:15,,OMEGA_apphot_ip,18.230811721,0.116,OMEGA_apphot_ip
2024-08-11 13:17:29,,OMEGA_apphot_gp,19.569633502,0.073,OMEGA_apphot_gp
2024-08-11 13:17:29,,OMEGA_cal_apphot_gp,17.818267998,0.069,OMEGA_cal_apphot_gp
2024-08-11 13:14:03,,OMEGA_apphot_gp,19.539649234,0.068,OMEGA_apphot_gp
2024-08-11 13:14:03,,OMEGA_cal_apphot_gp,17.790572812,0.065,OMEGA_cal_apphot_gp
2024-08-11 13:10:35,,OMEGA_cal_apphot_gp,17.775889248,0.055,OMEGA_cal_apphot_gp
2024-08-11 13:10:35,,OMEGA_apphot_gp,19.523752032,0.056,OMEGA_apphot_gp
2024-08-11 13:07:09,,OMEGA_apphot_gp,19.579752092,0.127,OMEGA_apphot_gp
2024-08-11 13:07:09,,OMEGA_cal_apphot_gp,17.827614106,0.119,OMEGA_cal_apphot_gp
2024-08-11 12:21:54,,OMEGA_apphot_ip,18.198693945,0.105,OMEGA_apphot_ip
2024-08-11 12:21:54,,OMEGA_cal_apphot_ip,16.013329566,0.104,OMEGA_cal_apphot_ip
2024-08-11 12:20:23,,OMEGA_cal_apphot_ip,15.981962182,0.065,OMEGA_cal_apphot_ip
2024-08-11 12:20:23,,OMEGA_apphot_ip,18.166652426,0.065,OMEGA_apphot_ip
2024-08-11 12:05:28,,OMEGA_apphot_ip,18.182405336,0.059,OMEGA_apphot_ip
2024-08-11 12:05:28,,OMEGA_cal_apphot_ip,15.99738366,0.059,OMEGA_cal_apphot_ip
2024-08-11 12:03:56,,OMEGA_cal_apphot_ip,16.01293146,0.061,OMEGA_cal_apphot_ip
2024-08-11 12:03:56,,OMEGA_apphot_ip,18.198287283,0.061,OMEGA_apphot_ip
2024-08-11 12:01:12,,OMEGA_apphot_gp,19.564778854,0.06,OMEGA_apphot_gp
2024-08-11 12:01:12,,OMEGA_cal_apphot_gp,17.813783967,0.058,OMEGA_cal_apphot_gp
2024-08-11 11:57:46,,OMEGA_apphot_gp,19.535092139,0.057,OMEGA_apphot_gp
2024-08-11 11:57:46,,OMEGA_cal_apphot_gp,17.786363619,0.055,OMEGA_cal_apphot_gp
2024-08-11 11:54:20,,OMEGA_cal_apphot_gp,17.783053998,0.066,OMEGA_cal_apphot_gp
2024-08-11 11:54:20,,OMEGA_apphot_gp,19.531508969,0.069,OMEGA_apphot_gp
2024-08-11 11:50:54,,OMEGA_cal_apphot_gp,17.780659072,0.054,OMEGA_cal_apphot_gp
2024-08-11 11:50:54,,OMEGA_apphot_gp,19.528916096,0.056,OMEGA_apphot_gp
2024-08-11 09:42:21,,OMEGA_apphot_ip,18.18289555,0.08,OMEGA_apphot_ip
2024-08-11 09:42:21,,OMEGA_cal_apphot_ip,15.99786356,0.08,OMEGA_cal_apphot_ip
2024-08-11 09:40:49,,OMEGA_cal_apphot_ip,16.003118778,0.046,OMEGA_cal_apphot_ip
2024-08-11 09:40:49,,OMEGA_apphot_ip,18.188263711,0.045,OMEGA_apphot_ip
2024-08-11 05:40:44,,OMEGA_cal_apphot_ip,16.035926121,0.088,OMEGA_cal_apphot_ip
2024-08-11 05:40:44,,OMEGA_apphot_ip,18.221776135,0.089,OMEGA_apphot_ip
2024-08-11 05:39:13,,OMEGA_apphot_ip,18.221375582,0.082,OMEGA_apphot_ip
2024-08-11 05:39:13,,OMEGA_cal_apphot_ip,16.035533995,0.081,OMEGA_cal_apphot_ip
2024-08-11 05:36:26,,OMEGA_apphot_gp,19.53059592,0.073,OMEGA_apphot_gp
2024-08-11 05:36:26,,OMEGA_cal_apphot_gp,17.782210654,0.07,OMEGA_cal_apphot_gp
2024-08-11 05:33:00,,OMEGA_cal_apphot_gp,17.862056555,0.107,OMEGA_cal_apphot_gp
2024-08-11 05:33:00,,OMEGA_apphot_gp,19.617041303,0.115,OMEGA_apphot_gp
2024-08-11 05:29:33,,OMEGA_cal_apphot_gp,17.765414846,0.045,OMEGA_cal_apphot_gp
2024-08-11 05:29:33,,OMEGA_apphot_gp,19.512411893,0.045,OMEGA_apphot_gp
2024-08-11 05:26:06,,OMEGA_cal_apphot_gp,17.815668259,0.075,OMEGA_cal_apphot_gp
2024-08-11 05:26:06,,OMEGA_apphot_gp,19.566818888,0.079,OMEGA_apphot_gp
2024-08-11 01:52:07,ATLAS,o,17.427,0.053,ATLAS
2024-08-11 01:44:44,ATLAS,o,17.319,0.061,ATLAS
2024-08-11 01:40:09,ATLAS,o,17.266,0.041,ATLAS
2024-08-11 01:20:09,ATLAS,o,17.333,0.046,ATLAS
2024-08-10 20:02:51,,OMEGA_cal_apphot_ip,16.033679539,0.082,OMEGA_cal_apphot_ip
2024-08-10 20:02:51,,OMEGA_apphot_ip,18.219481271,0.083,OMEGA_apphot_ip
2024-08-10 20:01:18,,OMEGA_apphot_ip,18.237103602,0.101,OMEGA_apphot_ip
2024-08-10 20:01:18,,OMEGA_cal_apphot_ip,16.050931106,0.1,OMEGA_cal_apphot_ip
2024-08-10 04:58:07,,OMEGA_apphot_ip,18.194664139,0.101,OMEGA_apphot_ip
2024-08-10 04:58:07,,OMEGA_cal_apphot_ip,16.009384545,0.1,OMEGA_cal_apphot_ip
2024-08-10 04:56:35,,OMEGA_cal_apphot_ip,15.98966914,0.108,OMEGA_cal_apphot_ip
2024-08-10 04:56:35,,OMEGA_apphot_ip,18.174525019,0.109,OMEGA_apphot_ip
2024-08-10 04:55:57,,OMEGA_cal_apphot_ip,16.006490038,0.069,OMEGA_cal_apphot_ip
2024-08-10 04:55:57,,OMEGA_apphot_ip,18.191707424,0.07,OMEGA_apphot_ip
2024-08-10 04:54:26,,OMEGA_apphot_ip,18.189178834,0.063,OMEGA_apphot_ip
2024-08-10 04:54:26,,OMEGA_cal_apphot_ip,16.004014648,0.063,OMEGA_cal_apphot_ip
2024-08-10 04:53:52,,OMEGA_apphot_gp,19.516468009,0.083,OMEGA_apphot_gp
2024-08-10 04:53:52,,OMEGA_cal_apphot_gp,17.769161307,0.079,OMEGA_cal_apphot_gp
2024-08-10 04:50:26,,OMEGA_apphot_gp,19.501289162,0.08,OMEGA_apphot_gp
2024-08-10 04:50:26,,OMEGA_cal_apphot_gp,17.755141256,0.075,OMEGA_cal_apphot_gp
2024-08-10 04:47:00,,OMEGA_cal_apphot_gp,17.778544417,0.078,OMEGA_cal_apphot_gp
2024-08-10 04:47:00,,OMEGA_apphot_gp,19.526626658,0.083,OMEGA_apphot_gp
2024-08-10 04:43:33,,OMEGA_apphot_gp,19.572139014,0.103,OMEGA_apphot_gp
2024-08-10 04:43:33,,OMEGA_cal_apphot_gp,17.820582232,0.096,OMEGA_cal_apphot_gp
2024-08-10 03:44:45,,OMEGA_apphot_ip,18.194710997,0.06,OMEGA_apphot_ip
2024-08-10 03:44:45,,OMEGA_cal_apphot_ip,16.009430418,0.06,OMEGA_cal_apphot_ip
2024-08-10 03:41:59,,OMEGA_cal_apphot_gp,17.790881885,0.064,OMEGA_cal_apphot_gp
2024-08-10 03:41:59,,OMEGA_apphot_gp,19.539983852,0.067,OMEGA_apphot_gp
2024-08-10 03:38:33,,OMEGA_apphot_gp,19.522030334,0.07,OMEGA_apphot_gp
2024-08-10 03:38:33,,OMEGA_cal_apphot_gp,17.774298988,0.066,OMEGA_cal_apphot_gp
2024-08-10 03:35:06,,OMEGA_cal_apphot_gp,17.790287418,0.075,OMEGA_cal_apphot_gp
2024-08-10 03:35:06,,OMEGA_apphot_gp,19.539340251,0.08,OMEGA_apphot_gp
2024-08-10 03:31:39,,OMEGA_apphot_gp,19.532155495,0.08,OMEGA_apphot_gp
2024-08-10 03:31:39,,OMEGA_cal_apphot_gp,17.783651166,0.075,OMEGA_cal_apphot_gp
2024-08-09 23:37:46,,OMEGA_apphot_ip,18.193186864,0.057,OMEGA_apphot_ip
2024-08-09 23:37:46,,OMEGA_cal_apphot_ip,16.007938351,0.058,OMEGA_cal_apphot_ip
2024-08-09 23:36:14,,OMEGA_apphot_ip,18.175897182,0.046,OMEGA_apphot_ip
2024-08-09 23:36:14,,OMEGA_cal_apphot_ip,15.991012434,0.047,OMEGA_cal_apphot_ip
2024-08-09 04:43:36,,OMEGA_cal_apphot_ip,16.034822906,0.109,OMEGA_cal_apphot_ip
2024-08-09 04:43:36,,OMEGA_apphot_ip,18.220649211,0.11,OMEGA_apphot_ip
2024-08-09 04:42:04,,OMEGA_cal_apphot_ip,16.036154176,0.117,OMEGA_cal_apphot_ip
2024-08-09 04:42:04,,OMEGA_apphot_ip,18.222009092,0.118,OMEGA_apphot_ip
2024-08-09 04:39:52,,OMEGA_apphot_ip,18.19292344,0.071,OMEGA_apphot_ip
2024-08-09 04:39:52,,OMEGA_cal_apphot_ip,16.007680469,0.071,OMEGA_cal_apphot_ip
2024-08-09 04:38:21,,OMEGA_cal_apphot_ip,16.026446162,0.051,OMEGA_cal_apphot_ip
2024-08-09 04:38:21,,OMEGA_apphot_ip,18.212092437,0.051,OMEGA_apphot_ip
2024-08-09 04:35:34,,OMEGA_cal_apphot_gp,17.814857273,0.062,OMEGA_cal_apphot_gp
2024-08-09 04:35:34,,OMEGA_apphot_gp,19.565940871,0.065,OMEGA_apphot_gp
2024-08-09 04:32:07,,OMEGA_cal_apphot_gp,17.860254004,0.114,OMEGA_cal_apphot_gp
2024-08-09 04:32:07,,OMEGA_apphot_gp,19.615089766,0.122,OMEGA_apphot_gp
2024-08-09 04:28:41,,OMEGA_cal_apphot_gp,17.790472743,0.073,OMEGA_cal_apphot_gp
2024-08-09 04:28:41,,OMEGA_apphot_gp,19.539540894,0.077,OMEGA_apphot_gp
2024-08-09 04:25:15,,OMEGA_cal_apphot_gp,17.806017999,0.08,OMEGA_cal_apphot_gp
2024-08-09 04:25:15,,OMEGA_apphot_gp,19.556371007,0.085,OMEGA_apphot_gp
2024-08-09 01:06:29,,OMEGA_cal_apphot_ip,16.018198447,0.055,OMEGA_cal_apphot_ip
2024-08-09 01:06:29,,OMEGA_apphot_ip,18.203667465,0.054,OMEGA_apphot_ip
2024-08-09 01:04:57,,OMEGA_apphot_ip,18.172818949,0.053,OMEGA_apphot_ip
2024-08-09 01:04:57,,OMEGA_cal_apphot_ip,15.987998965,0.053,OMEGA_cal_apphot_ip
2024-08-09 01:02:11,,OMEGA_cal_apphot_gp,17.789235796,0.076,OMEGA_cal_apphot_gp
2024-08-09 01:02:11,,OMEGA_apphot_gp,19.538201709,0.08,OMEGA_apphot_gp
2024-08-09 00:58:45,,OMEGA_apphot_gp,19.573006339,0.055,OMEGA_apphot_gp
2024-08-09 00:58:45,,OMEGA_cal_apphot_gp,17.821383343,0.054,OMEGA_cal_apphot_gp
2024-08-09 00:55:19,,OMEGA_apphot_gp,19.548331067,0.07,OMEGA_apphot_gp
2024-08-09 00:55:19,,OMEGA_cal_apphot_gp,17.798591851,0.067,OMEGA_cal_apphot_gp
2024-08-09 00:51:53,,OMEGA_cal_apphot_gp,17.858396899,0.084,OMEGA_cal_apphot_gp
2024-08-09 00:51:53,,OMEGA_apphot_gp,19.613079167,0.089,OMEGA_apphot_gp
2024-08-09 00:08:20,,OMEGA_cal_apphot_ip,15.993383445,0.065,OMEGA_cal_apphot_ip
2024-08-09 00:08:20,,OMEGA_apphot_ip,18.17831915,0.064,OMEGA_apphot_ip
2024-08-09 00:06:49,,OMEGA_apphot_ip,18.204643983,0.052,OMEGA_apphot_ip
2024-08-09 00:06:49,,OMEGA_cal_apphot_ip,16.019154418,0.053,OMEGA_cal_apphot_ip
2024-08-08 05:03:24,,OMEGA_apphot_ip,18.179744664,0.058,OMEGA_apphot_ip
2024-08-08 05:03:24,,OMEGA_cal_apphot_ip,15.994778967,0.058,OMEGA_cal_apphot_ip
2024-08-08 05:01:52,,OMEGA_cal_apphot_ip,16.027737006,0.084,OMEGA_cal_apphot_ip
2024-08-08 05:01:52,,OMEGA_apphot_ip,18.213411023,0.085,OMEGA_apphot_ip
2024-08-08 04:59:07,,OMEGA_cal_apphot_gp,17.852692702,0.07,OMEGA_cal_apphot_gp
2024-08-08 04:59:07,,OMEGA_apphot_gp,19.606903501,0.073,OMEGA_apphot_gp
2024-08-08 04:58:25,,OMEGA_apphot_ip,18.233019618,0.096,OMEGA_apphot_ip
2024-08-08 04:58:25,,OMEGA_cal_apphot_ip,16.046933047,0.095,OMEGA_cal_apphot_ip
2024-08-08 04:56:53,,OMEGA_cal_apphot_ip,16.031906607,0.133,OMEGA_cal_apphot_ip
2024-08-08 04:56:53,,OMEGA_apphot_ip,18.217670236,0.135,OMEGA_apphot_ip
2024-08-08 03:47:12,,OGLE_I,15.628,0.01,OGLE
2024-08-08 01:42:07,,OMEGA_apphot_ip,18.209851683,0.076,OMEGA_apphot_ip
2024-08-08 01:42:07,,OMEGA_cal_apphot_ip,16.024252552,0.076,OMEGA_cal_apphot_ip
2024-08-08 01:40:35,,OMEGA_cal_apphot_ip,16.042158585,0.091,OMEGA_cal_apphot_ip
2024-08-08 01:40:35,,OMEGA_apphot_ip,18.228142545,0.092,OMEGA_apphot_ip
2024-08-08 01:37:51,,OMEGA_cal_apphot_gp,17.787067424,0.071,OMEGA_cal_apphot_gp
2024-08-08 01:37:51,,OMEGA_apphot_gp,19.535854116,0.075,OMEGA_apphot_gp
2024-08-08 01:34:25,,OMEGA_apphot_gp,19.565127073,0.084,OMEGA_apphot_gp
2024-08-08 01:34:25,,OMEGA_cal_apphot_gp,17.814105602,0.08,OMEGA_cal_apphot_gp
2024-08-08 01:30:56,,OMEGA_apphot_gp,19.540550913,0.06,OMEGA_apphot_gp
2024-08-08 01:30:56,,OMEGA_cal_apphot_gp,17.791405654,0.058,OMEGA_cal_apphot_gp
2024-08-08 01:27:30,,OMEGA_apphot_gp,19.580324825,0.067,OMEGA_apphot_gp
2024-08-08 01:27:30,,OMEGA_cal_apphot_gp,17.828143115,0.064,OMEGA_cal_apphot_gp
2024-08-08 00:28:17,,OMEGA_cal_apphot_ip,16.033128491,0.094,OMEGA_cal_apphot_ip
2024-08-08 00:28:17,,OMEGA_apphot_ip,18.21891838,0.095,OMEGA_apphot_ip
2024-08-08 00:26:46,,OMEGA_apphot_ip,18.202354286,0.06,OMEGA_apphot_ip
2024-08-08 00:26:46,,OMEGA_cal_apphot_ip,16.016912895,0.06,OMEGA_cal_apphot_ip
2024-08-07 21:56:55,,OMEGA_apphot_ip,18.183136057,0.059,OMEGA_apphot_ip
2024-08-07 21:56:55,,OMEGA_cal_apphot_ip,15.998099007,0.059,OMEGA_cal_apphot_ip
2024-08-07 21:55:22,,OMEGA_cal_apphot_ip,15.978378161,0.076,OMEGA_cal_apphot_ip
2024-08-07 21:55:22,,OMEGA_apphot_ip,18.162991378,0.076,OMEGA_apphot_ip
2024-08-07 21:52:34,,OMEGA_apphot_gp,19.501643862,0.081,OMEGA_apphot_gp
2024-08-07 21:52:34,,OMEGA_cal_apphot_gp,17.755468877,0.077,OMEGA_cal_apphot_gp
2024-08-07 21:49:06,,OMEGA_apphot_gp,19.494072233,0.049,OMEGA_apphot_gp
2024-08-07 21:49:06,,OMEGA_cal_apphot_gp,17.748475287,0.048,OMEGA_cal_apphot_gp
2024-08-07 21:45:37,,OMEGA_apphot_gp,19.52170476,0.055,OMEGA_apphot_gp
2024-08-07 21:45:37,,OMEGA_cal_apphot_gp,17.77399827,0.053,OMEGA_cal_apphot_gp
2024-08-07 21:42:09,,OMEGA_cal_apphot_gp,17.754290434,0.069,OMEGA_cal_apphot_gp
2024-08-07 21:42:09,,OMEGA_apphot_gp,19.500368018,0.073,OMEGA_apphot_gp
2024-08-07 20:44:37,ATLAS,o,17.178,0.043,ATLAS
2024-08-07 20:28:10,ATLAS,o,17.329,0.048,ATLAS
2024-08-07 20:23:18,ATLAS,o,17.21,0.042,ATLAS
2024-08-07 20:13:39,ATLAS,o,17.263,0.043,ATLAS
2024-08-07 17:07:17,,OMEGA_cal_apphot_ip,16.037764368,0.119,OMEGA_cal_apphot_ip
2024-08-07 17:07:17,,OMEGA_apphot_ip,18.22365389,0.121,OMEGA_apphot_ip
2024-08-07 17:05:44,,OMEGA_apphot_ip,18.204982429,0.073,OMEGA_apphot_ip
2024-08-07 17:05:44,,OMEGA_cal_apphot_ip,16.019485744,0.073,OMEGA_cal_apphot_ip
2024-08-07 12:28:59,,OMEGA_apphot_ip,18.198486189,0.062,OMEGA_apphot_ip
2024-08-07 12:28:59,,OMEGA_cal_apphot_ip,16.013126181,0.063,OMEGA_cal_apphot_ip
2024-08-07 12:27:21,,OMEGA_cal_apphot_ip,15.985712402,0.084,OMEGA_cal_apphot_ip
2024-08-07 12:27:21,,OMEGA_apphot_ip,18.170483244,0.085,OMEGA_apphot_ip
2024-08-07 12:24:28,,OMEGA_apphot_gp,19.516440723,0.074,OMEGA_apphot_gp
2024-08-07 12:24:28,,OMEGA_cal_apphot_gp,17.769136104,0.07,OMEGA_cal_apphot_gp
2024-08-07 12:21:02,,OMEGA_cal_apphot_gp,17.767673157,0.065,OMEGA_cal_apphot_gp
2024-08-07 12:21:02,,OMEGA_apphot_gp,19.51485686,0.068,OMEGA_apphot_gp
2024-08-07 12:17:36,,OMEGA_apphot_gp,19.517715739,0.063,OMEGA_apphot_gp
2024-08-07 12:17:36,,OMEGA_cal_apphot_gp,17.770313782,0.06,OMEGA_cal_apphot_gp
2024-08-07 12:14:10,,OMEGA_cal_apphot_gp,17.790939749,0.045,OMEGA_cal_apphot_gp
2024-08-07 12:14:10,,OMEGA_apphot_gp,19.540046499,0.045,OMEGA_apphot_gp
2024-08-07 12:02:11,,OMEGA_cal_apphot_ip,16.021296649,0.115,OMEGA_cal_apphot_ip
2024-08-07 12:02:11,,OMEGA_apphot_ip,18.206832253,0.117,OMEGA_apphot_ip
2024-08-07 12:00:32,,OMEGA_cal_apphot_ip,16.008262133,0.056,OMEGA_cal_apphot_ip
2024-08-07 12:00:32,,OMEGA_apphot_ip,18.193517605,0.056,OMEGA_apphot_ip
2024-08-07 11:57:42,,OMEGA_apphot_gp,19.53514458,0.063,OMEGA_apphot_gp
2024-08-07 11:57:42,,OMEGA_cal_apphot_gp,17.786412056,0.061,OMEGA_cal_apphot_gp
2024-08-07 11:54:16,,OMEGA_cal_apphot_gp,17.774407592,0.049,OMEGA_cal_apphot_gp
2024-08-07 11:54:16,,OMEGA_apphot_gp,19.522147914,0.049,OMEGA_apphot_gp
2024-08-07 11:50:49,,OMEGA_apphot_gp,19.505844597,0.066,OMEGA_apphot_gp
2024-08-07 11:50:49,,OMEGA_cal_apphot_gp,17.759348915,0.063,OMEGA_cal_apphot_gp
2024-08-07 11:47:24,,OMEGA_apphot_gp,19.520075631,0.056,OMEGA_apphot_gp
2024-08-07 11:47:24,,OMEGA_cal_apphot_gp,17.772493513,0.054,OMEGA_cal_apphot_gp
2024-08-06 14:57:34,,OMEGA_cal_apphot_ip,15.984605335,0.05,OMEGA_cal_apphot_ip
2024-08-06 14:57:34,,OMEGA_apphot_ip,18.169352384,0.049,OMEGA_apphot_ip
2024-08-06 14:55:56,,OMEGA_cal_apphot_ip,16.007428597,0.06,OMEGA_cal_apphot_ip
2024-08-06 14:55:56,,OMEGA_apphot_ip,18.192666155,0.06,OMEGA_apphot_ip
2024-08-06 04:42:33,,OMEGA_apphot_ip,18.213227579,0.101,OMEGA_apphot_ip
2024-08-06 04:42:33,,OMEGA_cal_apphot_ip,16.02755742,0.1,OMEGA_cal_apphot_ip
2024-08-06 04:40:56,,OMEGA_cal_apphot_ip,16.051710221,0.146,OMEGA_cal_apphot_ip
2024-08-06 04:40:56,,OMEGA_apphot_ip,18.237899461,0.148,OMEGA_apphot_ip
2024-08-06 04:38:08,,OMEGA_cal_apphot_gp,17.83874408,0.099,OMEGA_cal_apphot_gp
2024-08-06 04:38:08,,OMEGA_apphot_gp,19.591801988,0.106,OMEGA_apphot_gp
2024-08-06 04:34:41,,OMEGA_cal_apphot_gp,17.810475003,0.075,OMEGA_cal_apphot_gp
2024-08-06 04:34:41,,OMEGA_apphot_gp,19.561196395,0.079,OMEGA_apphot_gp
2024-08-06 04:31:14,,OMEGA_apphot_gp,19.657646121,0.107,OMEGA_apphot_gp
2024-08-06 04:31:14,,OMEGA_cal_apphot_gp,17.899561488,0.1,OMEGA_cal_apphot_gp
2024-08-06 04:27:47,,OMEGA_apphot_gp,19.57668053,0.085,OMEGA_apphot_gp
2024-08-06 04:27:47,,OMEGA_cal_apphot_gp,17.824777036,0.08,OMEGA_cal_apphot_gp
2024-08-06 04:04:02,ATLAS,c,18.187,0.078,ATLAS
2024-08-06 03:21:07,ATLAS,c,18.329,0.08,ATLAS
2024-08-06 03:13:10,ATLAS,c,18.297,0.086,ATLAS
2024-08-06 03:07:47,ATLAS,c,18.342,0.085,ATLAS
2024-08-03 21:10:40,ATLAS,o,17.37,0.066,ATLAS
2024-08-03 20:56:13,ATLAS,o,17.27,0.062,ATLAS
2024-08-03 20:47:33,ATLAS,o,17.421,0.059,ATLAS
2024-08-03 20:42:55,ATLAS,o,17.346,0.057,ATLAS
2024-08-03 15:40:27,,G,16.71,0.011,Gaia
2024-08-03 13:53:54,,G,16.72,0.011,Gaia
2024-08-03 09:40:14,,G,16.7,0.01,Gaia
2024-08-03 07:53:41,,G,16.69,0.01,Gaia
2024-08-01 21:00:04,ATLAS,o,17.404,0.052,ATLAS
2024-08-01 20:45:28,ATLAS,o,17.344,0.051,ATLAS
2024-08-01 20:38:02,ATLAS,o,17.25,0.048,ATLAS
2024-08-01 20:32:47,ATLAS,o,17.314,0.041,ATLAS
2024-08-01 11:52:39,,OMEGA_apphot_ip,18.210752795,0.045,OMEGA_apphot_ip
2024-08-01 11:52:39,,OMEGA_cal_apphot_ip,16.025134705,0.046,OMEGA_cal_apphot_ip
2024-08-01 11:51:02,,OMEGA_apphot_ip,18.218382576,0.033,OMEGA_apphot_ip
2024-08-01 11:51:02,,OMEGA_cal_apphot_ip,16.03260396,0.035,OMEGA_cal_apphot_ip
2024-07-31 21:17:53,ATLAS,o,17.479,0.057,ATLAS
2024-07-31 21:02:37,ATLAS,o,17.486,0.055,ATLAS
2024-07-31 20:53:28,ATLAS,o,17.197,0.045,ATLAS
2024-07-31 20:48:48,ATLAS,o,17.299,0.053,ATLAS
2024-07-30 04:12:34,,OGLE_I,15.629,0.007,OGLE
2024-07-30 03:21:27,ATLAS,c,18.295,0.078,ATLAS
2024-07-30 03:06:03,ATLAS,c,18.114,0.062,ATLAS
2024-07-30 02:58:39,ATLAS,c,18.351,0.094,ATLAS
2024-07-30 02:54:34,ATLAS,c,18.22,0.097,ATLAS
2024-07-27 04:51:11,,OGLE_I,15.643,0.009,OGLE
2024-07-27 02:05:02,,OGLE_I,15.633,0.008,OGLE
2024-07-26 03:04:15,ATLAS,c,18.263,0.081,ATLAS
2024-07-26 02:58:39,ATLAS,c,18.419,0.075,ATLAS
2024-07-26 02:49:31,ATLAS,c,18.164,0.062,ATLAS
2024-07-26 02:44:52,ATLAS,c,18.244,0.059,ATLAS
2024-07-25 04:09:02,,OGLE_I,15.645,0.008,OGLE
2024-07-25 00:40:52,ATLAS,o,17.387,0.067,ATLAS
2024-07-24 21:32:24,,OMEGA_apphot_ip,18.257764727,0.088,OMEGA_apphot_ip
2024-07-24 21:32:24,,OMEGA_cal_apphot_ip,16.071157533,0.087,OMEGA_cal_apphot_ip
2024-07-24 21:30:46,,OMEGA_cal_apphot_ip,16.047016254,0.057,OMEGA_cal_apphot_ip
2024-07-24 21:30:46,,OMEGA_apphot_ip,18.233104614,0.057,OMEGA_apphot_ip
2024-07-24 21:27:58,,OMEGA_cal_apphot_gp,17.874694511,0.085,OMEGA_cal_apphot_gp
2024-07-24 21:27:58,,OMEGA_apphot_gp,19.630723821,0.09,OMEGA_apphot_gp
2024-07-24 21:24:30,,OMEGA_apphot_gp,19.614826141,0.09,OMEGA_apphot_gp
2024-07-24 21:24:30,,OMEGA_cal_apphot_gp,17.860010504,0.085,OMEGA_cal_apphot_gp
2024-07-24 21:21:02,,OMEGA_apphot_gp,19.583929084,0.072,OMEGA_apphot_gp
2024-07-24 21:21:02,,OMEGA_cal_apphot_gp,17.831472215,0.069,OMEGA_cal_apphot_gp
2024-07-24 21:17:32,,OMEGA_apphot_gp,19.550278809,0.097,OMEGA_apphot_gp
2024-07-24 21:17:32,,OMEGA_cal_apphot_gp,17.800390896,0.091,OMEGA_cal_apphot_gp
2024-07-24 21:16:46,ATLAS,o,17.481,0.057,ATLAS
2024-07-24 21:08:34,ATLAS,o,17.348,0.058,ATLAS
2024-07-24 21:03:58,ATLAS,o,17.389,0.057,ATLAS
2024-07-24 08:47:54,,OMEGA_cal_apphot_ip,16.052514004,0.045,OMEGA_cal_apphot_ip
2024-07-24 08:47:54,,OMEGA_apphot_ip,18.238720519,0.044,OMEGA_apphot_ip
2024-07-24 08:46:18,,OMEGA_cal_apphot_ip,16.067444007,0.058,OMEGA_cal_apphot_ip
2024-07-24 08:46:18,,OMEGA_apphot_ip,18.253971391,0.058,OMEGA_apphot_ip
2024-07-24 05:33:32,,OMEGA_apphot_ip,18.223086208,0.063,OMEGA_apphot_ip
2024-07-24 05:33:32,,OMEGA_cal_apphot_ip,16.03720863,0.064,OMEGA_cal_apphot_ip
2024-07-24 05:31:55,,OMEGA_cal_apphot_ip,16.031336498,0.078,OMEGA_cal_apphot_ip
2024-07-24 05:31:55,,OMEGA_apphot_ip,18.217087875,0.079,OMEGA_apphot_ip
2024-07-24 05:29:06,,OMEGA_cal_apphot_gp,17.841110598,0.084,OMEGA_cal_apphot_gp
2024-07-24 05:29:06,,OMEGA_apphot_gp,19.594364105,0.089,OMEGA_apphot_gp
2024-07-24 05:25:40,,OMEGA_apphot_gp,19.60596359,0.061,OMEGA_apphot_gp
2024-07-24 05:25:40,,OMEGA_cal_apphot_gp,17.851824545,0.059,OMEGA_cal_apphot_gp
2024-07-24 05:22:14,,OMEGA_cal_apphot_gp,17.814680425,0.066,OMEGA_cal_apphot_gp
2024-07-24 05:22:14,,OMEGA_apphot_gp,19.565749407,0.069,OMEGA_apphot_gp
2024-07-24 05:18:48,,OMEGA_apphot_gp,19.56319004,0.076,OMEGA_apphot_gp
2024-07-24 05:18:48,,OMEGA_cal_apphot_gp,17.812316448,0.072,OMEGA_cal_apphot_gp
2024-07-24 04:19:11,,OMEGA_apphot_ip,18.229911338,0.083,OMEGA_apphot_ip
2024-07-24 04:19:11,,OMEGA_cal_apphot_ip,16.043890164,0.082,OMEGA_cal_apphot_ip
2024-07-24 04:17:34,,OMEGA_apphot_ip,18.260634337,0.103,OMEGA_apphot_ip
2024-07-24 04:17:34,,OMEGA_cal_apphot_ip,16.073966768,0.102,OMEGA_cal_apphot_ip
2024-07-24 00:30:10,,OMEGA_apphot_ip,18.236144607,0.067,OMEGA_apphot_ip
2024-07-24 00:30:10,,OMEGA_cal_apphot_ip,16.049992287,0.067,OMEGA_cal_apphot_ip
2024-07-24 00:28:29,,OMEGA_cal_apphot_ip,16.015348432,0.092,OMEGA_cal_apphot_ip
2024-07-24 00:28:29,,OMEGA_apphot_ip,18.200756199,0.093,OMEGA_apphot_ip
2024-07-23 21:58:24,,OMEGA_cal_apphot_ip,16.021429153,0.064,OMEGA_cal_apphot_ip
2024-07-23 21:58:24,,OMEGA_apphot_ip,18.206967605,0.064,OMEGA_apphot_ip
2024-07-23 21:56:47,,OMEGA_apphot_ip,18.242144293,0.048,OMEGA_apphot_ip
2024-07-23 21:56:47,,OMEGA_cal_apphot_ip,16.055865744,0.048,OMEGA_cal_apphot_ip
2024-07-23 21:53:56,,OMEGA_apphot_gp,19.573264324,0.07,OMEGA_apphot_gp
2024-07-23 21:53:56,,OMEGA_cal_apphot_gp,17.821621633,0.067,OMEGA_cal_apphot_gp
2024-07-23 21:50:28,,OMEGA_apphot_gp,19.543967946,0.078,OMEGA_apphot_gp
2024-07-23 21:50:28,,OMEGA_cal_apphot_gp,17.794561821,0.074,OMEGA_cal_apphot_gp
2024-07-23 21:47:01,,OMEGA_cal_apphot_gp,17.774585792,0.104,OMEGA_cal_apphot_gp
2024-07-23 21:47:01,,OMEGA_apphot_gp,19.522340842,0.111,OMEGA_apphot_gp
2024-07-23 21:43:32,,OMEGA_apphot_gp,19.630121852,0.093,OMEGA_apphot_gp
2024-07-23 21:43:32,,OMEGA_cal_apphot_gp,17.874138499,0.088,OMEGA_cal_apphot_gp
2024-07-23 17:50:52,,OMEGA_cal_apphot_ip,16.027519693,0.063,OMEGA_cal_apphot_ip
2024-07-23 17:50:52,,OMEGA_apphot_ip,18.21318904,0.063,OMEGA_apphot_ip
2024-07-23 17:49:14,,OMEGA_cal_apphot_ip,16.019422054,0.072,OMEGA_cal_apphot_ip
2024-07-23 17:49:14,,OMEGA_apphot_ip,18.20491737,0.072,OMEGA_apphot_ip
2024-07-23 12:53:34,,OMEGA_cal_apphot_ip,16.05120725,0.079,OMEGA_cal_apphot_ip
2024-07-23 12:53:34,,OMEGA_apphot_ip,18.23738568,0.08,OMEGA_apphot_ip
2024-07-23 12:51:57,,OMEGA_cal_apphot_ip,16.069075895,0.065,OMEGA_cal_apphot_ip
2024-07-23 12:51:57,,OMEGA_apphot_ip,18.255638351,0.064,OMEGA_apphot_ip
2024-07-23 12:49:11,,OMEGA_apphot_gp,19.575571102,0.1,OMEGA_apphot_gp
2024-07-23 12:49:11,,OMEGA_cal_apphot_gp,17.823752305,0.094,OMEGA_cal_apphot_gp
2024-07-23 12:45:45,,OMEGA_cal_apphot_gp,17.833178748,0.076,OMEGA_cal_apphot_gp
2024-07-23 12:45:45,,OMEGA_apphot_gp,19.585776666,0.08,OMEGA_apphot_gp
2024-07-23 12:42:19,,OMEGA_apphot_gp,19.531017003,0.089,OMEGA_apphot_gp
2024-07-23 12:42:19,,OMEGA_cal_apphot_gp,17.78259959,0.084,OMEGA_cal_apphot_gp
2024-07-23 12:38:53,,OMEGA_cal_apphot_gp,17.795163704,0.082,OMEGA_cal_apphot_gp
2024-07-23 12:38:53,,OMEGA_apphot_gp,19.544619576,0.087,OMEGA_apphot_gp
2024-07-23 12:22:02,,OMEGA_apphot_ip,18.237380694,0.055,OMEGA_apphot_ip
2024-07-23 12:22:02,,OMEGA_cal_apphot_ip,16.051202368,0.056,OMEGA_cal_apphot_ip
2024-07-23 12:20:25,,OMEGA_cal_apphot_ip,16.034772912,0.066,OMEGA_cal_apphot_ip
2024-07-23 12:20:25,,OMEGA_apphot_ip,18.220598142,0.066,OMEGA_apphot_ip
2024-07-23 09:26:58,,OMEGA_cal_apphot_ip,16.040389062,0.048,OMEGA_cal_apphot_ip
2024-07-23 09:26:58,,OMEGA_apphot_ip,18.226334993,0.047,OMEGA_apphot_ip
2024-07-23 09:25:21,,OMEGA_apphot_ip,18.241321853,0.105,OMEGA_apphot_ip
2024-07-23 09:25:21,,OMEGA_cal_apphot_ip,16.055060608,0.104,OMEGA_cal_apphot_ip
2024-07-23 09:22:32,,OMEGA_apphot_gp,19.57758727,0.051,OMEGA_apphot_gp
2024-07-23 09:22:32,,OMEGA_cal_apphot_gp,17.825614553,0.05,OMEGA_cal_apphot_gp
2024-07-23 09:19:06,,OMEGA_apphot_gp,19.550092174,0.042,OMEGA_apphot_gp
2024-07-23 09:19:06,,OMEGA_cal_apphot_gp,17.800218509,0.042,OMEGA_cal_apphot_gp
2024-07-23 09:15:40,,OMEGA_cal_apphot_gp,17.830941423,0.068,OMEGA_cal_apphot_gp
2024-07-23 09:15:40,,OMEGA_apphot_gp,19.58335442,0.071,OMEGA_apphot_gp
2024-07-23 09:12:13,,OMEGA_cal_apphot_gp,17.807983294,0.051,OMEGA_cal_apphot_gp
2024-07-23 09:12:13,,OMEGA_apphot_gp,19.558498739,0.052,OMEGA_apphot_gp
2024-07-23 04:32:28,,OMEGA_apphot_ip,18.220864789,0.098,OMEGA_apphot_ip
2024-07-23 04:32:28,,OMEGA_cal_apphot_ip,16.035033949,0.097,OMEGA_cal_apphot_ip
2024-07-23 04:30:51,,OMEGA_apphot_ip,18.200000019,0.097,OMEGA_apphot_ip
2024-07-23 04:30:51,,OMEGA_cal_apphot_ip,16.014608161,0.096,OMEGA_cal_apphot_ip
2024-07-23 03:13:35,,OMEGA_apphot_ip,18.253113636,0.106,OMEGA_apphot_ip
2024-07-23 03:13:35,,OMEGA_cal_apphot_ip,16.066604299,0.104,OMEGA_cal_apphot_ip
2024-07-23 03:11:58,,OMEGA_cal_apphot_ip,16.082669394,0.104,OMEGA_cal_apphot_ip
2024-07-23 03:11:58,,OMEGA_apphot_ip,18.269523997,0.106,OMEGA_apphot_ip
2024-07-22 22:23:17,,OMEGA_apphot_ip,18.198872725,0.075,OMEGA_apphot_ip
2024-07-22 22:23:17,,OMEGA_cal_apphot_ip,16.013504585,0.075,OMEGA_cal_apphot_ip
2024-07-22 22:21:39,,OMEGA_cal_apphot_ip,16.055406544,0.082,OMEGA_cal_apphot_ip
2024-07-22 22:21:39,,OMEGA_apphot_ip,18.241675224,0.083,OMEGA_apphot_ip
2024-07-22 21:55:38,ATLAS,o,17.418,0.074,ATLAS
2024-07-22 21:39:52,ATLAS,o,17.555,0.085,ATLAS
2024-07-22 21:31:52,ATLAS,o,17.373,0.084,ATLAS
2024-07-22 21:27:17,ATLAS,o,17.497,0.139,ATLAS
2024-07-22 13:12:52,,OMEGA_apphot_ip,18.241558356,0.059,OMEGA_apphot_ip
2024-07-22 13:12:52,,OMEGA_cal_apphot_ip,16.055292134,0.06,OMEGA_cal_apphot_ip
2024-07-22 13:11:15,,OMEGA_cal_apphot_ip,16.02472326,0.055,OMEGA_cal_apphot_ip
2024-07-22 13:11:15,,OMEGA_apphot_ip,18.210332507,0.054,OMEGA_apphot_ip
2024-07-22 05:20:06,ATLAS,o,17.637,0.112,ATLAS
2024-07-22 05:12:00,ATLAS,o,17.769,0.14,ATLAS
2024-07-22 04:43:16,ATLAS,o,17.646,0.133,ATLAS
2024-07-22 04:38:35,ATLAS,o,17.423,0.089,ATLAS
2024-07-22 04:32:18,,OMEGA_cal_apphot_ip,16.016846999,0.077,OMEGA_cal_apphot_ip
2024-07-22 04:32:18,,OMEGA_apphot_ip,18.202286973,0.077,OMEGA_apphot_ip
2024-07-22 04:30:42,,OMEGA_cal_apphot_ip,15.988550622,0.096,OMEGA_cal_apphot_ip
2024-07-22 04:30:42,,OMEGA_apphot_ip,18.173382462,0.097,OMEGA_apphot_ip
2024-07-22 02:55:25,,OGLE_I,15.646,0.012,OGLE
2024-07-18 01:51:03,,OMEGA_cal_apphot_ip,16.078756644,0.069,OMEGA_cal_apphot_ip
2024-07-18 01:51:03,,OMEGA_apphot_ip,18.265527155,0.069,OMEGA_apphot_ip
2024-07-18 01:49:26,,OMEGA_apphot_ip,18.236145149,0.077,OMEGA_apphot_ip
2024-07-18 01:49:26,,OMEGA_cal_apphot_ip,16.049992819,0.077,OMEGA_cal_apphot_ip
2024-07-18 00:44:58,,OMEGA_apphot_ip,18.247369671,0.088,OMEGA_apphot_ip
2024-07-18 00:44:58,,OMEGA_cal_apphot_ip,16.060981183,0.088,OMEGA_cal_apphot_ip
2024-07-18 00:43:22,,OMEGA_cal_apphot_ip,16.098876746,0.081,OMEGA_cal_apphot_ip
2024-07-18 00:43:22,,OMEGA_apphot_ip,18.286079671,0.081,OMEGA_apphot_ip
2024-07-17 04:57:30,,OMEGA_apphot_ip,18.277322148,0.054,OMEGA_apphot_ip
2024-07-17 04:57:30,,OMEGA_cal_apphot_ip,16.090303477,0.054,OMEGA_cal_apphot_ip
2024-07-17 04:55:54,,OMEGA_cal_apphot_ip,16.043452817,0.063,OMEGA_cal_apphot_ip
2024-07-17 04:55:54,,OMEGA_apphot_ip,18.229464593,0.063,OMEGA_apphot_ip
2024-07-17 03:02:43,,OMEGA_cal_apphot_ip,16.049522336,0.097,OMEGA_cal_apphot_ip
2024-07-17 03:02:43,,OMEGA_apphot_ip,18.235664555,0.098,OMEGA_apphot_ip
2024-07-17 03:01:07,,OMEGA_cal_apphot_ip,16.104200899,0.081,OMEGA_cal_apphot_ip
2024-07-17 03:01:07,,OMEGA_apphot_ip,18.291518248,0.081,OMEGA_apphot_ip
2024-07-15 05:34:16,,OMEGA_cal_apphot_ip,16.059151003,0.052,OMEGA_cal_apphot_ip
2024-07-15 05:34:16,,OMEGA_apphot_ip,18.245500157,0.051,OMEGA_apphot_ip
2024-07-15 05:32:31,,OMEGA_apphot_ip,18.243759977,0.058,OMEGA_apphot_ip
2024-07-15 05:32:31,,OMEGA_cal_apphot_ip,16.057447435,0.058,OMEGA_cal_apphot_ip
2024-07-15 05:29:42,,OMEGA_cal_apphot_gp,17.850962823,0.085,OMEGA_cal_apphot_gp
2024-07-15 05:29:42,,OMEGA_apphot_gp,19.605030643,0.09,OMEGA_apphot_gp
2024-07-15 05:26:16,,OMEGA_cal_apphot_gp,17.825045334,0.05,OMEGA_cal_apphot_gp
2024-07-15 05:26:16,,OMEGA_apphot_gp,19.576971004,0.051,OMEGA_apphot_gp
2024-07-15 05:22:50,,OMEGA_apphot_gp,19.590492431,0.062,OMEGA_apphot_gp
2024-07-15 05:22:50,,OMEGA_cal_apphot_gp,17.837534498,0.06,OMEGA_cal_apphot_gp
2024-07-15 05:19:23,,OMEGA_cal_apphot_gp,17.844766035,0.069,OMEGA_cal_apphot_gp
2024-07-15 05:19:23,,OMEGA_apphot_gp,19.598321674,0.073,OMEGA_apphot_gp
2024-07-15 04:38:37,,OMEGA_apphot_ip,18.25242486,0.07,OMEGA_apphot_ip
2024-07-15 04:38:37,,OMEGA_cal_apphot_ip,16.065930014,0.07,OMEGA_cal_apphot_ip
2024-07-15 04:36:52,,OMEGA_cal_apphot_ip,16.098106905,0.093,OMEGA_cal_apphot_ip
2024-07-15 04:36:52,,OMEGA_apphot_ip,18.285293284,0.094,OMEGA_apphot_ip
2024-07-15 03:29:49,,OMEGA_cal_apphot_ip,16.035541936,0.079,OMEGA_cal_apphot_ip
2024-07-15 03:29:49,,OMEGA_apphot_ip,18.221383694,0.08,OMEGA_apphot_ip
2024-07-15 03:28:04,,OMEGA_cal_apphot_ip,16.063014042,0.056,OMEGA_cal_apphot_ip
2024-07-15 03:28:04,,OMEGA_apphot_ip,18.24944622,0.055,OMEGA_apphot_ip
2024-07-15 03:25:12,,OMEGA_apphot_gp,19.582383198,0.057,OMEGA_apphot_gp
2024-07-15 03:25:12,,OMEGA_cal_apphot_gp,17.830044346,0.055,OMEGA_cal_apphot_gp
2024-07-15 03:21:45,,OMEGA_cal_apphot_gp,17.864645492,0.05,OMEGA_cal_apphot_gp
2024-07-15 03:21:45,,OMEGA_apphot_gp,19.619844223,0.05,OMEGA_apphot_gp
2024-07-15 03:18:19,,OMEGA_apphot_gp,19.574456856,0.077,OMEGA_apphot_gp
2024-07-15 03:18:19,,OMEGA_cal_apphot_gp,17.822723123,0.073,OMEGA_cal_apphot_gp
2024-07-15 03:14:53,,OMEGA_cal_apphot_gp,17.826290834,0.074,OMEGA_cal_apphot_gp
2024-07-15 03:14:53,,OMEGA_apphot_gp,19.578319448,0.078,OMEGA_apphot_gp
2024-07-14 23:55:25,,OMEGA_cal_apphot_ip,16.082533246,0.072,OMEGA_cal_apphot_ip
2024-07-14 23:55:25,,OMEGA_apphot_ip,18.269384922,0.072,OMEGA_apphot_ip
2024-07-14 23:53:41,,OMEGA_apphot_ip,18.282790862,0.081,OMEGA_apphot_ip
2024-07-14 23:53:41,,OMEGA_cal_apphot_ip,16.095657133,0.081,OMEGA_cal_apphot_ip
2024-07-14 23:51:50,,OGLE_I,15.679,0.009,OGLE
2024-07-14 06:58:53,,OMEGA_apphot_ip,18.312634081,0.087,OMEGA_apphot_ip
2024-07-14 06:58:53,,OMEGA_cal_apphot_ip,16.124872467,0.086,OMEGA_cal_apphot_ip
2024-07-14 06:57:10,,OMEGA_apphot_ip,18.28696218,0.079,OMEGA_apphot_ip
2024-07-14 06:57:10,,OMEGA_cal_apphot_ip,16.099740689,0.079,OMEGA_cal_apphot_ip
2024-07-14 06:54:20,,OMEGA_apphot_gp,19.640675919,0.07,OMEGA_apphot_gp
2024-07-14 06:54:20,,OMEGA_cal_apphot_gp,17.883886839,0.067,OMEGA_cal_apphot_gp
2024-07-14 06:50:54,,OMEGA_cal_apphot_gp,17.887976465,0.058,OMEGA_cal_apphot_gp
2024-07-14 06:50:54,,OMEGA_apphot_gp,19.645103564,0.06,OMEGA_apphot_gp
2024-07-14 06:47:27,,OMEGA_apphot_gp,19.654984279,0.054,OMEGA_apphot_gp
2024-07-14 06:47:27,,OMEGA_cal_apphot_gp,17.897102859,0.053,OMEGA_cal_apphot_gp
2024-07-14 06:44:00,,OMEGA_cal_apphot_gp,17.89074059,0.061,OMEGA_cal_apphot_gp
2024-07-14 06:44:00,,OMEGA_apphot_gp,19.648096152,0.063,OMEGA_apphot_gp
2024-07-14 04:32:08,ATLAS,o,17.625,0.056,ATLAS
2024-07-14 03:41:30,ATLAS,o,17.616,0.066,ATLAS
2024-07-14 03:37:36,ATLAS,o,17.653,0.096,ATLAS
2024-07-14 03:32:58,ATLAS,o,17.638,0.055,ATLAS
2024-07-14 03:28:59,ATLAS,o,17.699,0.068,ATLAS
2024-07-14 03:23:02,ATLAS,o,17.609,0.089,ATLAS
2024-07-14 03:12:54,ATLAS,o,17.809,0.17,ATLAS
2024-07-14 03:07:42,ATLAS,o,17.858,0.122,ATLAS
2024-07-14 00:55:24,,OMEGA_cal_apphot_ip,16.086876358,0.081,OMEGA_cal_apphot_ip
2024-07-14 00:55:24,,OMEGA_apphot_ip,18.273821375,0.082,OMEGA_apphot_ip
2024-07-14 00:53:40,,OMEGA_cal_apphot_ip,16.114291777,0.123,OMEGA_cal_apphot_ip
2024-07-14 00:53:40,,OMEGA_apphot_ip,18.301825995,0.125,OMEGA_apphot_ip
2024-07-13 04:44:27,,OMEGA_apphot_ip,18.270545116,0.058,OMEGA_apphot_ip
2024-07-13 04:44:27,,OMEGA_cal_apphot_ip,16.08366903,0.059,OMEGA_cal_apphot_ip
2024-07-13 04:42:43,,OMEGA_apphot_ip,18.285775149,0.044,OMEGA_apphot_ip
2024-07-13 04:42:43,,OMEGA_cal_apphot_ip,16.098578632,0.045,OMEGA_cal_apphot_ip
2024-07-13 04:39:53,,OMEGA_cal_apphot_gp,17.860663579,0.048,OMEGA_cal_apphot_gp
2024-07-13 04:39:53,,OMEGA_apphot_gp,19.615533194,0.049,OMEGA_apphot_gp
2024-07-13 04:36:27,,OMEGA_cal_apphot_gp,17.842633488,0.058,OMEGA_cal_apphot_gp
2024-07-13 04:36:27,,OMEGA_apphot_gp,19.596012866,0.06,OMEGA_apphot_gp
2024-07-13 04:33:00,,OMEGA_apphot_gp,19.640675415,0.073,OMEGA_apphot_gp
2024-07-13 04:33:00,,OMEGA_cal_apphot_gp,17.883886373,0.07,OMEGA_cal_apphot_gp
2024-07-13 04:29:34,,OMEGA_apphot_gp,19.617409406,0.044,OMEGA_apphot_gp
2024-07-13 04:29:34,,OMEGA_cal_apphot_gp,17.862396556,0.044,OMEGA_cal_apphot_gp
2024-07-12 04:28:55,,OMEGA_cal_apphot_ip,16.096629301,0.054,OMEGA_cal_apphot_ip
2024-07-12 04:28:55,,OMEGA_apphot_ip,18.283783924,0.053,OMEGA_apphot_ip
2024-07-12 04:27:11,,OMEGA_cal_apphot_ip,16.109176676,0.07,OMEGA_cal_apphot_ip
2024-07-12 04:27:11,,OMEGA_apphot_ip,18.296600962,0.07,OMEGA_apphot_ip
2024-07-12 04:24:19,,OMEGA_cal_apphot_gp,17.873024053,0.047,OMEGA_cal_apphot_gp
2024-07-12 04:24:19,,OMEGA_apphot_gp,19.628915294,0.047,OMEGA_apphot_gp
2024-07-12 04:20:52,,OMEGA_apphot_gp,19.635554748,0.039,OMEGA_apphot_gp
2024-07-12 04:20:52,,OMEGA_cal_apphot_gp,17.879156632,0.04,OMEGA_cal_apphot_gp
2024-07-12 04:17:26,,OMEGA_cal_apphot_gp,17.858615659,0.051,OMEGA_cal_apphot_gp
2024-07-12 04:17:26,,OMEGA_apphot_gp,19.613316007,0.052,OMEGA_apphot_gp
2024-07-12 04:14:00,,OMEGA_apphot_gp,19.660883311,0.054,OMEGA_apphot_gp
2024-07-12 04:14:00,,OMEGA_cal_apphot_gp,17.902551542,0.053,OMEGA_cal_apphot_gp
2024-07-12 03:55:56,,OGLE_I,15.694,0.008,OGLE
2024-07-10 06:14:40,,OGLE_I,15.7,0.008,OGLE
2024-07-10 02:29:43,,OMEGA_apphot_ip,18.283311817,0.07,OMEGA_apphot_ip
2024-07-10 02:29:43,,OMEGA_cal_apphot_ip,16.096167127,0.07,OMEGA_cal_apphot_ip
2024-07-10 02:27:59,,OMEGA_cal_apphot_ip,16.115993267,0.053,OMEGA_cal_apphot_ip
2024-07-10 02:27:59,,OMEGA_apphot_ip,18.303564053,0.052,OMEGA_apphot_ip
2024-07-08 07:04:36,,OGLE_I,15.718,0.008,OGLE
2024-07-06 23:29:52,,OGLE_I,15.715,0.009,OGLE
2024-07-06 22:20:18,ATLAS,c,18.513,0.137,ATLAS
2024-07-06 22:05:15,ATLAS,c,18.46,0.099,ATLAS
2024-07-06 21:56:49,ATLAS,c,18.505,0.086,ATLAS
2024-07-06 21:52:16,ATLAS,c,18.501,0.099,ATLAS
2024-07-06 04:42:26,ATLAS,o,17.55,0.075,ATLAS
2024-07-06 04:28:13,ATLAS,o,17.544,0.047,ATLAS
2024-07-06 04:20:26,ATLAS,o,17.628,0.054,ATLAS
2024-07-06 04:15:49,ATLAS,o,17.547,0.053,ATLAS
2024-07-05 05:05:29,ATLAS,o,17.6,0.066,ATLAS
2024-07-05 04:40:15,,OGLE_I,15.729,0.01,OGLE
2024-07-05 04:17:32,ATLAS,o,17.58,0.082,ATLAS
2024-07-05 04:08:59,ATLAS,o,17.753,0.07,ATLAS
2024-07-05 04:04:25,ATLAS,o,17.72,0.065,ATLAS
2024-07-03 07:11:19,,OGLE_I,15.736,0.009,OGLE
2024-07-03 02:05:02,,OMEGA_apphot_ip,18.313657242,0.038,OMEGA_apphot_ip
2024-07-03 02:05:02,,OMEGA_cal_apphot_ip,16.125874102,0.04,OMEGA_cal_apphot_ip
2024-07-03 02:03:17,,OMEGA_cal_apphot_ip,16.146878471,0.08,OMEGA_cal_apphot_ip
2024-07-03 02:03:17,,OMEGA_apphot_ip,18.335113029,0.081,OMEGA_apphot_ip
2024-07-03 02:00:25,,OMEGA_apphot_gp,19.662373271,0.048,OMEGA_apphot_gp
2024-07-03 02:00:25,,OMEGA_cal_apphot_gp,17.903927754,0.047,OMEGA_cal_apphot_gp
2024-07-03 01:56:59,,OMEGA_cal_apphot_gp,17.930254701,0.055,OMEGA_cal_apphot_gp
2024-07-03 01:56:59,,OMEGA_apphot_gp,19.690876211,0.057,OMEGA_apphot_gp
2024-07-03 01:53:33,,OMEGA_apphot_gp,19.68456145,0.072,OMEGA_apphot_gp
2024-07-03 01:53:33,,OMEGA_cal_apphot_gp,17.924422026,0.069,OMEGA_cal_apphot_gp
2024-07-03 01:50:06,,OMEGA_apphot_gp,19.692055905,0.061,OMEGA_apphot_gp
2024-07-03 01:50:06,,OMEGA_cal_apphot_gp,17.931344333,0.059,OMEGA_cal_apphot_gp
2024-07-03 00:36:31,ATLAS,c,> 16.817132220,,ATLAS
2024-07-03 00:25:23,,OMEGA_apphot_ip,18.308361251,0.064,OMEGA_apphot_ip
2024-07-03 00:25:23,,OMEGA_cal_apphot_ip,16.120689535,0.064,OMEGA_cal_apphot_ip
2024-07-03 00:23:40,,OMEGA_cal_apphot_ip,16.118243986,0.063,OMEGA_cal_apphot_ip
2024-07-03 00:23:40,,OMEGA_apphot_ip,18.305863144,0.063,OMEGA_apphot_ip
2024-07-02 17:47:01,,OMEGA_apphot_ip,18.4018551,0.111,OMEGA_apphot_ip
2024-07-02 17:47:01,,OMEGA_cal_apphot_ip,16.212216327,0.11,OMEGA_cal_apphot_ip
2024-07-02 17:45:15,,OMEGA_cal_apphot_ip,16.177314506,0.104,OMEGA_cal_apphot_ip
2024-07-02 17:45:15,,OMEGA_apphot_ip,18.366203183,0.106,OMEGA_apphot_ip
2024-07-02 17:19:58,,OMEGA_cal_apphot_ip,16.138797688,0.103,OMEGA_cal_apphot_ip
2024-07-02 17:19:58,,OMEGA_apphot_ip,18.326858577,0.104,OMEGA_apphot_ip
2024-07-02 17:18:12,,OMEGA_cal_apphot_ip,16.184317892,0.09,OMEGA_cal_apphot_ip
2024-07-02 17:18:12,,OMEGA_apphot_ip,18.373357083,0.09,OMEGA_apphot_ip
2024-07-02 02:28:07,ATLAS,o,17.639,0.061,ATLAS
2024-07-02 02:20:23,ATLAS,o,17.584,0.067,ATLAS
2024-07-02 02:11:55,ATLAS,o,17.647,0.06,ATLAS
2024-07-02 02:07:22,ATLAS,o,17.626,0.055,ATLAS
2024-07-01 23:49:16,,OGLE_I,15.74,0.009,OGLE
2024-07-01 01:00:33,ATLAS,c,18.335,0.088,ATLAS
2024-07-01 00:49:13,ATLAS,c,18.418,0.097,ATLAS
2024-07-01 00:40:49,ATLAS,c,18.684,0.138,ATLAS
2024-06-30 03:43:26,,OGLE_I,15.767,0.008,OGLE
2024-06-30 00:01:44,,OGLE_I,15.748,0.008,OGLE
2024-06-29 03:10:33,ATLAS,o,17.613,0.152,ATLAS
2024-06-29 02:37:57,ATLAS,o,17.89,0.114,ATLAS
2024-06-29 02:28:32,ATLAS,o,17.722,0.1,ATLAS
2024-06-29 02:24:27,ATLAS,o,17.755,0.099,ATLAS
2024-06-28 04:53:30,ATLAS,o,> 15.874203700,,ATLAS
2024-06-28 04:45:30,ATLAS,o,> 15.090958952,,ATLAS
2024-06-28 04:37:54,ATLAS,o,> 15.363402133,,ATLAS
2024-06-28 04:22:23,ATLAS,o,> 17.010312860,,ATLAS
2024-06-27 03:16:55,,OGLE_I,15.772,0.009,OGLE
2024-06-26 23:43:55,ATLAS,o,17.733,0.089,ATLAS
2024-06-26 23:29:49,ATLAS,o,17.866,0.084,ATLAS
2024-06-26 23:18:54,ATLAS,o,17.723,0.086,ATLAS
2024-06-26 23:14:16,ATLAS,o,18.024,0.09,ATLAS
2024-06-25 23:41:34,ATLAS,o,17.626,0.067,ATLAS
2024-06-25 23:24:12,ATLAS,o,17.964,0.094,ATLAS
2024-06-25 23:11:49,ATLAS,o,17.831,0.094,ATLAS
2024-06-24 23:21:09,ATLAS,o,17.895,0.13,ATLAS
2024-06-24 23:06:37,ATLAS,o,17.742,0.084,ATLAS
2024-06-24 22:58:36,ATLAS,o,17.645,0.086,ATLAS
2024-06-24 22:53:58,ATLAS,o,17.82,0.098,ATLAS
2024-06-24 09:08:27,,OGLE_I,15.775,0.011,OGLE
2024-06-19 01:37:49,,OGLE_I,15.801,0.011,OGLE
2024-06-18 18:11:43,,OMEGA_apphot_ip,18.425940428,0.109,OMEGA_apphot_ip
2024-06-18 18:11:43,,OMEGA_cal_apphot_ip,16.235794914,0.108,OMEGA_cal_apphot_ip
2024-06-18 18:09:58,,OMEGA_apphot_ip,18.453142421,0.132,OMEGA_apphot_ip
2024-06-18 18:09:58,,OMEGA_cal_apphot_ip,16.262424592,0.13,OMEGA_cal_apphot_ip
2024-06-18 08:49:02,,OMEGA_cal_apphot_ip,16.218261526,0.1,OMEGA_cal_apphot_ip
2024-06-18 08:49:02,,OMEGA_apphot_ip,18.40803022,0.101,OMEGA_apphot_ip
2024-06-18 08:48:29,,OMEGA_cal_apphot_ip,16.217990018,0.099,OMEGA_cal_apphot_ip
2024-06-18 08:48:29,,OMEGA_apphot_ip,18.407752876,0.1,OMEGA_apphot_ip
2024-06-18 08:47:17,,OMEGA_apphot_ip,18.395917289,0.082,OMEGA_apphot_ip
2024-06-18 08:47:17,,OMEGA_cal_apphot_ip,16.206403444,0.082,OMEGA_cal_apphot_ip
2024-06-18 08:46:44,,OMEGA_cal_apphot_ip,16.208923751,0.053,OMEGA_cal_apphot_ip
2024-06-18 08:46:44,,OMEGA_apphot_ip,18.398491761,0.053,OMEGA_apphot_ip
2024-06-18 08:43:50,,OMEGA_apphot_gp,19.70543606,0.066,OMEGA_apphot_gp
2024-06-18 08:43:50,,OMEGA_cal_apphot_gp,17.94370301,0.063,OMEGA_cal_apphot_gp
2024-06-18 08:40:24,,OMEGA_cal_apphot_gp,17.960469452,0.061,OMEGA_cal_apphot_gp
2024-06-18 08:40:24,,OMEGA_apphot_gp,19.723588294,0.063,OMEGA_apphot_gp
2024-06-18 08:36:58,,OMEGA_apphot_gp,19.756142633,0.062,OMEGA_apphot_gp
2024-06-18 08:36:58,,OMEGA_cal_apphot_gp,17.990538502,0.06,OMEGA_cal_apphot_gp
2024-06-18 08:33:32,,OMEGA_apphot_gp,19.750584717,0.079,OMEGA_apphot_gp
2024-06-18 08:33:32,,OMEGA_cal_apphot_gp,17.985404893,0.075,OMEGA_cal_apphot_gp
2024-06-18 05:35:24,,OMEGA_apphot_ip,18.36902737,0.068,OMEGA_apphot_ip
2024-06-18 05:35:24,,OMEGA_cal_apphot_ip,16.180079274,0.068,OMEGA_cal_apphot_ip
2024-06-18 05:33:39,,OMEGA_apphot_ip,18.401186253,0.067,OMEGA_apphot_ip
2024-06-18 05:33:39,,OMEGA_cal_apphot_ip,16.211561552,0.067,OMEGA_cal_apphot_ip
2024-06-18 05:30:44,,OMEGA_cal_apphot_gp,18.015399568,0.061,OMEGA_cal_apphot_gp
2024-06-18 05:30:44,,OMEGA_apphot_gp,19.783058534,0.063,OMEGA_apphot_gp
2024-06-18 05:27:18,,OMEGA_apphot_gp,19.735954771,0.093,OMEGA_apphot_gp
2024-06-18 05:27:18,,OMEGA_cal_apphot_gp,17.971891838,0.088,OMEGA_cal_apphot_gp
2024-06-18 05:23:52,,OMEGA_apphot_gp,19.647308582,0.093,OMEGA_apphot_gp
2024-06-18 05:23:52,,OMEGA_cal_apphot_gp,17.890013146,0.088,OMEGA_cal_apphot_gp
2024-06-18 05:20:25,,OMEGA_apphot_gp,19.714739957,0.076,OMEGA_apphot_gp
2024-06-18 05:20:25,,OMEGA_cal_apphot_gp,17.952296622,0.073,OMEGA_cal_apphot_gp
2024-06-18 04:30:24,,OMEGA_apphot_ip,18.394727001,0.079,OMEGA_apphot_ip
2024-06-18 04:30:24,,OMEGA_cal_apphot_ip,16.205238199,0.078,OMEGA_cal_apphot_ip
2024-06-18 04:28:39,,OMEGA_apphot_ip,18.40476515,0.059,OMEGA_apphot_ip
2024-06-18 04:28:39,,OMEGA_cal_apphot_ip,16.215065151,0.059,OMEGA_cal_apphot_ip
2024-06-18 02:51:22,,OGLE_I,15.807,0.01,OGLE
2024-06-17 02:39:38,ATLAS,o,17.918,0.11,ATLAS
2024-06-17 01:58:53,ATLAS,o,17.958,0.09,ATLAS
2024-06-17 01:19:45,ATLAS,o,17.901,0.087,ATLAS
2024-06-17 01:15:25,ATLAS,o,17.88,0.094,ATLAS
2024-06-16 02:39:27,,OGLE_I,15.823,0.01,OGLE
2024-06-15 00:07:38,ATLAS,o,17.998,0.085,ATLAS
2024-06-15 00:03:03,ATLAS,o,17.748,0.071,ATLAS
2024-06-14 23:13:24,ATLAS,o,17.935,0.096,ATLAS
2024-06-14 23:02:00,ATLAS,o,17.755,0.064,ATLAS
2024-06-14 20:39:58,,OMEGA_apphot_ip,18.429100785,0.061,OMEGA_apphot_ip
2024-06-14 20:39:58,,OMEGA_cal_apphot_ip,16.238888778,0.061,OMEGA_cal_apphot_ip
2024-06-14 20:38:10,,OMEGA_cal_apphot_ip,16.292749445,0.081,OMEGA_cal_apphot_ip
2024-06-14 20:38:10,,OMEGA_apphot_ip,18.484119003,0.081,OMEGA_apphot_ip
2024-06-14 18:30:58,,OMEGA_apphot_ip,18.409730362,0.113,OMEGA_apphot_ip
2024-06-14 18:30:58,,OMEGA_cal_apphot_ip,16.219925898,0.112,OMEGA_cal_apphot_ip
2024-06-14 03:15:35,,OMEGA_cal_apphot_ip,16.202617122,0.067,OMEGA_cal_apphot_ip
2024-06-14 03:15:35,,OMEGA_apphot_ip,18.392049593,0.067,OMEGA_apphot_ip
2024-06-14 03:13:47,,OMEGA_apphot_ip,18.427550946,0.066,OMEGA_apphot_ip
2024-06-14 03:13:47,,OMEGA_cal_apphot_ip,16.237371548,0.066,OMEGA_cal_apphot_ip
2024-06-14 03:10:51,,OMEGA_cal_apphot_gp,18.024112175,0.067,OMEGA_cal_apphot_gp
2024-06-14 03:10:51,,OMEGA_apphot_gp,19.792491262,0.07,OMEGA_apphot_gp
2024-06-14 03:07:18,,OMEGA_apphot_gp,19.742970078,0.053,OMEGA_apphot_gp
2024-06-14 03:07:18,,OMEGA_cal_apphot_gp,17.978371577,0.052,OMEGA_cal_apphot_gp
2024-06-14 03:03:50,,OMEGA_cal_apphot_gp,18.000170281,0.054,OMEGA_cal_apphot_gp
2024-06-14 03:03:50,,OMEGA_apphot_gp,19.766570505,0.054,OMEGA_apphot_gp
2024-06-14 03:00:23,,OMEGA_cal_apphot_gp,18.052434638,0.079,OMEGA_cal_apphot_gp
2024-06-14 03:00:23,,OMEGA_apphot_gp,19.823154654,0.083,OMEGA_apphot_gp
2024-06-13 02:06:02,ATLAS,o,17.87,0.084,ATLAS
2024-06-13 01:30:57,ATLAS,o,17.857,0.079,ATLAS
2024-06-13 01:21:35,ATLAS,o,18.113,0.095,ATLAS
2024-06-13 01:16:11,ATLAS,o,17.978,0.098,ATLAS
2024-06-12 02:41:59,,OGLE_I,15.839,0.009,OGLE
2024-06-08 06:29:05,ATLAS,c,> 18.786692553,,ATLAS
2024-06-08 06:28:26,ATLAS,c,> 17.518329459,,ATLAS
2024-06-08 06:25:01,ATLAS,c,18.901,0.196,ATLAS
2024-06-08 06:24:22,ATLAS,c,> 19.051201868,,ATLAS
2024-06-08 05:46:40,ATLAS,c,18.407,0.31,ATLAS
2024-06-08 05:46:01,ATLAS,c,> 19.051201868,,ATLAS
2024-06-08 05:37:28,ATLAS,c,> 18.336726795,,ATLAS
2024-06-08 05:36:49,ATLAS,c,18.408,0.122,ATLAS
2024-06-06 08:34:21,,OGLE_I,15.848,0.009,OGLE
2024-06-03 07:55:31,,OGLE_I,15.869,0.009,OGLE
2024-06-01 07:04:08,,OGLE_I,15.875,0.008,OGLE
2024-06-01 01:27:51,ATLAS,o,17.871,0.104,ATLAS
2024-06-01 01:22:18,ATLAS,o,18.005,0.112,ATLAS
2024-06-01 01:07:24,ATLAS,o,18.285,0.1,ATLAS
2024-06-01 00:59:08,ATLAS,o,18.25,0.106,ATLAS
2024-06-01 00:54:34,ATLAS,o,18.282,0.118,ATLAS
2024-05-31 06:45:23,ATLAS,o,17.8,0.074,ATLAS
2024-05-31 06:37:15,ATLAS,o,17.987,0.097,ATLAS
2024-05-31 06:33:05,ATLAS,o,17.869,0.126,ATLAS
2024-05-31 05:43:59,ATLAS,o,18.024,0.225,ATLAS
2024-05-30 02:18:58,,OGLE_I,15.882,0.009,OGLE
2024-05-30 01:03:38,ATLAS,o,18.116,0.114,ATLAS
2024-05-30 00:53:29,ATLAS,o,18.152,0.106,ATLAS
2024-05-30 00:08:29,ATLAS,o,18.464,0.14,ATLAS
2024-05-30 00:03:42,ATLAS,o,18.063,0.1,ATLAS
2024-05-28 02:23:21,,OGLE_I,15.884,0.012,OGLE
2024-05-28 02:13:03,ATLAS,o,18.057,0.152,ATLAS
2024-05-28 01:34:11,ATLAS,o,18.427,0.169,ATLAS
2024-05-28 01:28:42,ATLAS,o,18.195,0.142,ATLAS
2024-05-28 01:18:07,ATLAS,o,18.043,0.093,ATLAS
2024-05-27 10:32:12,ATLAS,o,> 17.949471895,,ATLAS
2024-05-27 10:28:10,ATLAS,o,18.05,0.233,ATLAS
2024-05-27 10:02:15,ATLAS,o,> 18.481706663,,ATLAS
2024-05-21 22:05:09,ATLAS,o,18.159,0.164,ATLAS
2024-05-21 21:57:34,ATLAS,o,18.469,0.236,ATLAS
2024-05-21 21:52:56,ATLAS,o,18.255,0.207,ATLAS
2024-05-21 21:50:18,ATLAS,o,18.499,0.25,ATLAS
2024-05-20 22:47:44,ATLAS,o,18.259,0.158,ATLAS
2024-05-20 22:35:50,ATLAS,o,18.608,0.219,ATLAS
2024-05-20 22:28:22,ATLAS,o,18.199,0.136,ATLAS
2024-05-20 22:25:44,ATLAS,o,18.086,0.142,ATLAS
2024-05-20 02:54:00,,OGLE_I,15.908,0.01,OGLE
2024-05-19 05:53:41,ATLAS,o,18.607,0.156,ATLAS
2024-05-19 05:07:48,ATLAS,o,18.374,0.12,ATLAS
2024-05-19 05:00:20,ATLAS,o,18.325,0.136,ATLAS
2024-05-19 04:55:01,ATLAS,o,18.935,0.24,ATLAS
2024-05-19 02:53:09,,OGLE_I,15.922,0.011,OGLE
2024-05-18 03:29:04,ATLAS,c,> 17.093415193,,ATLAS
2024-05-18 02:52:33,ATLAS,c,18.826,0.144,ATLAS
2024-05-18 02:15:35,ATLAS,c,> 18.649073637,,ATLAS
2024-05-18 01:34:22,ATLAS,c,> 19.510312860,,ATLAS
2024-05-16 00:43:53,ATLAS,c,18.704,0.113,ATLAS
2024-05-16 00:13:35,ATLAS,c,19.471,0.209,ATLAS
2024-05-15 23:38:22,ATLAS,c,19.337,0.23,ATLAS
2024-05-15 23:34:09,ATLAS,c,18.895,0.145,ATLAS
2024-05-13 08:58:52,,OGLE_I,15.935,0.011,OGLE
2024-05-12 23:55:09,ATLAS,c,19.47,0.216,ATLAS
2024-05-12 23:47:17,ATLAS,c,19.075,0.147,ATLAS
2024-05-12 23:42:43,ATLAS,c,19.13,0.17,ATLAS
2024-05-12 23:40:07,ATLAS,c,18.754,0.119,ATLAS
2024-05-12 05:50:16,ATLAS,o,18.319,0.115,ATLAS
2024-05-12 05:40:59,ATLAS,o,18.611,0.12,ATLAS
2024-05-12 05:36:16,ATLAS,o,18.396,0.122,ATLAS
2024-05-12 05:33:40,ATLAS,o,18.16,0.097,ATLAS
2024-05-11 06:20:01,ATLAS,o,18.48,0.21,ATLAS
2024-05-11 06:12:46,ATLAS,o,18.239,0.169,ATLAS
2024-05-11 06:04:39,ATLAS,o,> 18.280066834,,ATLAS
2024-05-11 06:01:23,ATLAS,o,> 18.034117563,,ATLAS
2024-05-10 08:54:33,,OGLE_I,15.955,0.012,OGLE
2024-05-09 23:58:11,ATLAS,c,19.044,0.144,ATLAS
2024-05-09 23:48:02,ATLAS,c,18.983,0.136,ATLAS
2024-05-09 23:37:20,ATLAS,c,19.072,0.174,ATLAS
2024-05-09 23:33:06,ATLAS,c,19.177,0.171,ATLAS
2024-05-07 04:11:00,,OGLE_I,15.961,0.011,OGLE
2024-05-06 00:01:30,ATLAS,c,19.257,0.178,ATLAS
2024-05-05 23:53:57,ATLAS,c,19.315,0.2,ATLAS
2024-05-05 23:49:39,ATLAS,c,19.055,0.166,ATLAS
2024-05-05 23:45:56,ATLAS,c,19.322,0.202,ATLAS
2024-05-05 06:28:03,,OGLE_I,15.962,0.01,OGLE
2024-05-03 23:46:21,ATLAS,c,> 19.510312860,,ATLAS
2024-05-03 23:41:39,ATLAS,c,19.597,0.322,ATLAS
2024-05-03 23:19:24,ATLAS,c,> 19.089301784,,ATLAS
2024-05-03 23:15:15,ATLAS,c,19.035,0.207,ATLAS
2024-05-03 07:15:56,ATLAS,o,18.595,0.135,ATLAS
2024-05-03 07:12:36,ATLAS,o,18.535,0.141,ATLAS
2024-05-03 06:44:03,ATLAS,o,18.792,0.163,ATLAS
2024-05-03 06:08:22,ATLAS,o,18.698,0.166,ATLAS
2024-05-02 09:47:49,,OGLE_I,15.959,0.01,OGLE
2024-05-01 11:26:44,,H50_SDSS_r,17.330397173,0.019,H50_SDSS_r
2024-05-01 11:24:35,,H50_SDSS_r,17.295230918,0.018,H50_SDSS_r
2024-05-01 11:22:26,,H50_SDSS_r,17.306951457,0.019,H50_SDSS_r
2024-05-01 11:20:17,,H50_SDSS_r,17.316262341,0.019,H50_SDSS_r
2024-05-01 11:18:09,,H50_SDSS_r,17.305035794,0.019,H50_SDSS_r
2024-04-30 00:53:33,ATLAS,o,18.629,0.231,ATLAS
2024-04-30 00:39:02,ATLAS,o,> 17.896498648,,ATLAS
2024-04-30 00:34:56,ATLAS,o,18.818,0.249,ATLAS
2024-04-30 00:30:44,ATLAS,o,> 17.762887849,,ATLAS
2024-04-26 13:31:24,,H50_SDSS_r,17.309491141,0.019,H50_SDSS_r
2024-04-26 13:29:16,,H50_SDSS_r,17.314380443,0.019,H50_SDSS_r
2024-04-26 13:24:58,,H50_SDSS_r,17.28143373,0.018,H50_SDSS_r
2024-04-26 11:16:16,,H50_SDSS_r,17.29525278,0.018,H50_SDSS_r
2024-04-26 11:14:07,,H50_SDSS_r,17.278217987,0.018,H50_SDSS_r
2024-04-26 11:11:58,,H50_SDSS_r,17.257943955,0.018,H50_SDSS_r
2024-04-26 11:04:28,,H50_SDSS_r,17.265434292,0.018,H50_SDSS_r
2024-04-26 11:00:10,,H50_SDSS_r,17.314808571,0.019,H50_SDSS_r
2024-04-25 05:47:21,ATLAS,o,18.669,0.282,ATLAS
2024-04-25 05:40:02,ATLAS,o,18.69,0.261,ATLAS
2024-04-25 05:36:02,ATLAS,o,18.875,0.32,ATLAS
2024-04-25 05:32:06,ATLAS,o,18.639,0.247,ATLAS
2024-04-25 05:13:32,,OGLE_I,15.975,0.012,OGLE
2024-04-24 00:04:46,ATLAS,o,> 17.664613514,,ATLAS
2024-04-23 23:50:02,ATLAS,o,> 18.005162882,,ATLAS
2024-04-23 23:46:06,ATLAS,o,> 18.356290139,,ATLAS
2024-04-23 06:37:14,,OGLE_I,16.001,0.01,OGLE
2024-04-23 00:48:46,ATLAS,o,18.167,0.278,ATLAS
2024-04-23 00:41:16,ATLAS,o,> 18.376212463,,ATLAS
2024-04-23 00:36:51,ATLAS,o,> 17.883649548,,ATLAS
2024-04-23 00:34:08,ATLAS,o,> 17.896498648,,ATLAS
2024-04-21 14:27:26,,H50_SDSS_r,17.32086561,0.019,H50_SDSS_r
2024-04-21 14:22:17,,H50_SDSS_r,17.304290958,0.019,H50_SDSS_r
2024-04-21 14:17:08,,H50_SDSS_r,17.295167466,0.018,H50_SDSS_r
2024-04-21 14:11:59,,H50_SDSS_r,17.315243993,0.019,H50_SDSS_r
2024-04-21 14:06:50,,H50_SDSS_r,17.298175224,0.019,H50_SDSS_r
2024-04-21 12:54:37,,H50_SDSS_r,17.299459225,0.019,H50_SDSS_r
2024-04-21 12:49:28,,H50_SDSS_r,17.331933627,0.019,H50_SDSS_r
2024-04-21 12:44:19,,H50_SDSS_r,17.310379169,0.019,H50_SDSS_r
2024-04-21 12:39:10,,H50_SDSS_r,17.283283938,0.018,H50_SDSS_r
2024-04-21 12:34:01,,H50_SDSS_r,17.325001637,0.019,H50_SDSS_r
2024-04-20 01:04:06,ATLAS,o,18.668,0.181,ATLAS
2024-04-20 00:49:30,ATLAS,o,19.04,0.245,ATLAS
2024-04-20 00:44:54,ATLAS,o,> 19.128787452,,ATLAS
2024-04-20 00:40:45,ATLAS,o,19.166,0.318,ATLAS
2024-04-19 22:05:08,,OMEGA_cal_apphot_ip,16.423066322,0.066,OMEGA_cal_apphot_ip
2024-04-19 22:05:08,,OMEGA_apphot_ip,18.617236598,0.066,OMEGA_apphot_ip
2024-04-19 22:01:13,,OMEGA_cal_apphot_gp,18.103078106,0.07,OMEGA_cal_apphot_gp
2024-04-19 22:01:13,,OMEGA_apphot_gp,19.877983943,0.073,OMEGA_apphot_gp
2024-04-19 07:35:43,,OGLE_I,16.004,0.01,OGLE
2024-04-17 23:56:49,ATLAS,o,18.452,0.144,ATLAS
2024-04-17 23:50:51,ATLAS,o,18.705,0.145,ATLAS
2024-04-17 23:49:33,ATLAS,o,18.79,0.193,ATLAS
2024-04-17 23:44:59,ATLAS,o,18.705,0.16,ATLAS
2024-04-17 23:43:01,ATLAS,o,19.065,0.238,ATLAS
2024-04-17 23:42:22,ATLAS,o,18.596,0.161,ATLAS
2024-04-17 23:38:28,ATLAS,o,18.928,0.145,ATLAS
2024-04-17 23:35:49,ATLAS,o,18.421,0.129,ATLAS
2024-04-16 07:01:56,,OGLE_I,16.007,0.011,OGLE
2024-04-16 06:46:28,ATLAS,o,18.559,0.147,ATLAS
2024-04-16 06:14:39,ATLAS,o,18.831,0.249,ATLAS
2024-04-16 06:10:35,ATLAS,o,18.606,0.172,ATLAS
2024-04-16 06:07:19,ATLAS,o,18.872,0.193,ATLAS
2024-04-13 02:08:29,ATLAS,o,18.933,0.115,ATLAS
2024-04-13 01:58:33,ATLAS,o,18.541,0.104,ATLAS
2024-04-13 01:48:38,ATLAS,o,18.486,0.088,ATLAS
2024-04-10 08:19:08,ATLAS,o,18.665,0.124,ATLAS
2024-04-10 08:00:35,ATLAS,o,18.571,0.108,ATLAS
2024-04-10 07:37:27,ATLAS,o,18.605,0.138,ATLAS
2024-04-09 06:04:05,,OGLE_I,16.02,0.01,OGLE
2024-04-07 07:27:36,ATLAS,o,18.83,0.094,ATLAS
2024-04-07 06:54:09,ATLAS,o,18.704,0.096,ATLAS
2024-04-07 06:42:03,ATLAS,o,18.777,0.114,ATLAS
2024-04-06 08:20:50,,OGLE_I,16.028,0.011,OGLE
2024-04-04 07:51:26,ATLAS,o,19.038,0.144,ATLAS
2024-04-04 07:41:25,ATLAS,o,18.962,0.121,ATLAS
2024-04-04 07:31:28,ATLAS,o,18.872,0.135,ATLAS
2024-04-03 09:26:08,,OGLE_I,16.017,0.01,OGLE
2024-03-29 06:39:05,,OGLE_I,16.031,0.01,OGLE
2024-03-28 07:32:34,ATLAS,o,18.421,0.217,ATLAS
2024-03-28 07:17:47,ATLAS,o,> 18.878499570,,ATLAS
2024-03-28 07:13:14,ATLAS,o,18.866,0.324,ATLAS
2024-03-28 07:09:11,ATLAS,o,18.316,0.209,ATLAS
2024-03-28 06:04:01,,OGLE_I,16.022,0.012,OGLE
2024-03-26 06:15:18,,OGLE_I,16.023,0.01,OGLE
2024-03-24 22:37:53,ATLAS,o,> 18.356290139,,ATLAS
2024-03-24 22:29:05,ATLAS,o,> 16.612820456,,ATLAS
2024-03-24 08:31:41,ATLAS,o,19.192,0.328,ATLAS
2024-03-24 08:15:46,ATLAS,o,18.588,0.25,ATLAS
2024-03-24 08:11:51,ATLAS,o,18.489,0.232,ATLAS
2024-03-24 08:04:08,ATLAS,o,18.59,0.179,ATLAS
2024-03-23 08:18:48,,OGLE_I,16.039,0.009,OGLE
2024-03-22 02:43:19,ATLAS,o,18.848,0.203,ATLAS
2024-03-22 02:25:34,ATLAS,o,18.797,0.208,ATLAS
2024-03-22 02:21:33,ATLAS,o,19.016,0.241,ATLAS
2024-03-22 02:18:53,ATLAS,o,19.08,0.234,ATLAS
2024-03-21 07:10:52,,OGLE_I,16.05,0.009,OGLE
2024-03-20 13:17:03,,G,17.12,0.013,Gaia
2024-03-19 05:43:38,ATLAS,o,18.992,0.222,ATLAS
2024-03-19 05:16:56,ATLAS,o,19.212,0.297,ATLAS
2024-03-19 05:12:53,ATLAS,o,> 19.169763493,,ATLAS
2024-03-19 04:35:56,ATLAS,o,> 18.978792628,,ATLAS
2024-03-18 02:57:10,ATLAS,c,19.727,0.301,ATLAS
2024-03-18 02:49:50,ATLAS,c,19.563,0.296,ATLAS
2024-03-18 02:41:48,ATLAS,c,> 19.922338482,,ATLAS
2024-03-18 02:36:52,ATLAS,c,> 19.696896906,,ATLAS
2024-03-17 07:39:38,,OGLE_I,16.066,0.009,OGLE
2024-03-16 09:40:17,ATLAS,o,> 19.256668758,,ATLAS
2024-03-16 09:32:57,ATLAS,o,> 19.351140161,,ATLAS
2024-03-16 09:21:42,ATLAS,o,> 19.302877273,,ATLAS
2024-03-16 09:15:39,ATLAS,o,19.146,0.315,ATLAS
2024-03-15 07:50:39,ATLAS,o,19.04,0.298,ATLAS
2024-03-15 07:39:23,ATLAS,o,18.879,0.248,ATLAS
2024-03-15 07:15:30,ATLAS,o,18.58,0.221,ATLAS
2024-03-15 07:11:25,ATLAS,o,> 19.089301784,,ATLAS
2024-03-15 07:02:44,,OGLE_I,16.058,0.01,OGLE
2024-03-12 09:40:23,ATLAS,o,> 19.401648626,,ATLAS
2024-03-12 09:25:00,ATLAS,o,19.482,0.293,ATLAS
2024-03-12 09:00:55,ATLAS,o,19.104,0.219,ATLAS
2024-03-12 08:50:55,ATLAS,o,18.981,0.228,ATLAS
2024-03-12 08:46:17,ATLAS,o,19.195,0.325,ATLAS
2024-03-12 07:20:53,,OGLE_I,16.067,0.011,OGLE
2024-03-09 07:42:36,,OGLE_I,16.066,0.01,OGLE
2024-03-09 03:02:10,ATLAS,c,> 19.841876774,,ATLAS
2024-03-09 02:57:34,ATLAS,c,> 19.766968715,,ATLAS
2024-03-09 02:27:28,ATLAS,c,19.384,0.215,ATLAS
2024-03-09 02:22:52,ATLAS,c,> 19.841876774,,ATLAS
2024-03-08 09:38:50,ATLAS,o,19.335,0.328,ATLAS
2024-03-08 09:25:37,ATLAS,o,> 19.351140161,,ATLAS
2024-03-08 08:58:03,ATLAS,o,19.03,0.208,ATLAS
2024-03-08 08:52:06,ATLAS,o,19.032,0.212,ATLAS
2024-03-02 07:43:29,,OGLE_I,16.075,0.012,OGLE
2024-03-02 02:21:56,ATLAS,o,19.004,0.289,ATLAS
2024-03-02 01:43:11,ATLAS,o,> 19.256668758,,ATLAS
2024-03-02 01:34:07,ATLAS,o,19.028,0.279,ATLAS
2024-03-02 01:29:33,ATLAS,o,> 18.944321917,,ATLAS
2024-02-29 09:09:02,ATLAS,o,18.285,0.219,ATLAS
2024-02-29 08:35:56,ATLAS,o,> 19.051201868,,ATLAS
2024-02-29 08:31:51,ATLAS,o,> 18.786692553,,ATLAS
2024-02-28 08:27:15,,OGLE_I,16.079,0.011,OGLE
2024-02-28 03:22:46,ATLAS,o,18.647,0.252,ATLAS
2024-02-28 03:20:44,ATLAS,o,> 19.014393726,,ATLAS
2024-02-28 03:16:48,ATLAS,o,> 19.051201868,,ATLAS
2024-02-28 03:10:49,ATLAS,o,> 19.089301784,,ATLAS
2024-02-28 03:03:20,ATLAS,o,19.09,0.281,ATLAS
2024-02-28 03:00:41,ATLAS,o,> 19.051201868,,ATLAS
2024-02-28 02:44:39,ATLAS,o,> 19.256668758,,ATLAS
2024-02-28 02:44:00,ATLAS,o,> 19.128787452,,ATLAS
2024-02-21 09:26:23,ATLAS,o,19.23,0.332,ATLAS
2024-02-21 09:13:39,ATLAS,o,18.947,0.247,ATLAS
2024-02-21 09:07:45,ATLAS,o,> 19.454621874,,ATLAS
2024-02-21 08:57:05,ATLAS,o,19.192,0.324,ATLAS
2024-02-17 08:55:57,,OGLE_I,16.083,0.012,OGLE
2024-02-13 09:15:37,ATLAS,o,19.142,0.324,ATLAS
2024-02-13 09:06:57,ATLAS,o,> 19.454621874,,ATLAS
2024-02-13 08:42:27,ATLAS,o,18.767,0.186,ATLAS
2024-02-13 08:36:28,ATLAS,o,19.248,0.302,ATLAS
2024-02-13 07:53:09,,G,17.2,0.014,Gaia
2024-02-13 03:39:27,,G,17.2,0.014,Gaia
2024-02-13 01:52:52,,G,17.19,0.014,Gaia
2024-02-02 01:45:02,,G,17.19,0.014,Gaia
2024-02-01 21:31:20,,G,17.22,0.014,Gaia
2023-11-06 00:02:36,,OGLE_I,16.167,0.019,OGLE
2023-11-01 13:29:49,,G,17.23,0.014,Gaia
2023-11-01 11:43:16,,G,17.22,0.014,Gaia
2023-10-25 19:01:49,ATLAS,o,> 18.816440611,,ATLAS
2023-10-25 18:35:04,ATLAS,o,> 18.847026752,,ATLAS
2023-10-25 18:27:02,ATLAS,o,> 19.051201868,,ATLAS
2023-10-25 18:22:26,ATLAS,o,> 18.978792628,,ATLAS
2023-10-24 00:26:10,ATLAS,o,> 19.256668758,,ATLAS
2023-10-24 00:11:20,ATLAS,o,> 19.089301784,,ATLAS
2023-10-24 00:01:59,ATLAS,o,> 19.051201868,,ATLAS
2023-10-23 23:57:26,ATLAS,o,> 18.910912013,,ATLAS
2023-10-22 19:16:02,ATLAS,o,> 18.816440611,,ATLAS
2023-10-22 19:06:36,ATLAS,o,> 18.786692553,,ATLAS
2023-10-22 19:01:56,ATLAS,o,> 18.396507189,,ATLAS
2023-10-22 18:10:53,ATLAS,o,> 18.847026752,,ATLAS
2023-10-22 01:02:39,,OGLE_I,16.16,0.013,OGLE
2023-10-21 00:45:02,ATLAS,o,> 19.351140161,,ATLAS
2023-10-21 00:17:55,ATLAS,o,> 19.128787452,,ATLAS
2023-10-21 00:08:28,ATLAS,o,> 19.128787452,,ATLAS
2023-10-21 00:03:53,ATLAS,o,> 19.089301784,,ATLAS
2023-10-19 18:54:34,ATLAS,o,> 19.128787452,,ATLAS
2023-10-19 18:25:14,ATLAS,o,> 19.014393726,,ATLAS
2023-10-19 18:15:56,ATLAS,o,> 19.212346841,,ATLAS
2023-10-19 18:11:48,ATLAS,o,> 19.302877273,,ATLAS
2023-10-18 01:25:13,,G,17.26,0.014,Gaia
2023-10-17 23:38:38,,G,17.27,0.014,Gaia
2023-10-15 00:47:43,ATLAS,o,> 19.569015600,,ATLAS
2023-10-15 00:39:42,ATLAS,o,> 19.169763493,,ATLAS
2023-10-15 00:23:37,ATLAS,o,> 19.256668758,,ATLAS
2023-10-15 00:18:56,ATLAS,o,> 19.128787452,,ATLAS
2023-10-13 19:34:14,ATLAS,o,> 19.302877273,,ATLAS
2023-10-13 19:07:07,ATLAS,o,> 18.944321917,,ATLAS
2023-10-13 18:59:29,ATLAS,o,> 19.454621874,,ATLAS
2023-10-13 18:55:20,ATLAS,o,> 18.978792628,,ATLAS
2023-10-12 01:09:47,,OGLE_I,16.173,0.015,OGLE
2023-10-10 18:36:16,ATLAS,o,> 19.351140161,,ATLAS
2023-10-10 18:21:18,ATLAS,o,> 19.510312860,,ATLAS
2023-10-10 18:10:38,ATLAS,o,> 19.454621874,,ATLAS
2023-10-10 18:06:02,ATLAS,o,> 19.454621874,,ATLAS
2023-10-09 00:24:27,ATLAS,o,> 19.510312860,,ATLAS
2023-10-09 00:08:53,ATLAS,o,> 19.302877273,,ATLAS
2023-10-09 00:00:53,ATLAS,o,> 19.128787452,,ATLAS
2023-10-08 23:55:32,ATLAS,o,> 19.302877273,,ATLAS
2023-10-08 00:54:48,,OGLE_I,16.18,0.014,OGLE
2023-10-06 00:35:59,ATLAS,c,> 19.841876774,,ATLAS
2023-10-06 00:18:02,ATLAS,c,> 19.766968715,,ATLAS
2023-10-06 00:08:37,ATLAS,c,> 19.766968715,,ATLAS
2023-10-06 00:03:17,ATLAS,c,19.626,0.313,ATLAS
2023-10-04 18:43:31,ATLAS,o,> 17.870950735,,ATLAS
2023-10-04 18:26:45,ATLAS,o,> 18.910912013,,ATLAS
2023-10-04 18:18:43,ATLAS,o,> 19.128787452,,ATLAS
2023-10-04 18:14:34,ATLAS,o,> 19.351140161,,ATLAS
2023-10-03 00:35:36,ATLAS,o,> 19.569015600,,ATLAS
2023-10-03 00:20:08,ATLAS,o,> 19.510312860,,ATLAS
2023-10-03 00:12:02,ATLAS,o,> 19.569015600,,ATLAS
2023-10-03 00:08:00,ATLAS,o,> 19.510312860,,ATLAS
2023-10-01 19:16:53,ATLAS,o,> 19.256668758,,ATLAS
2023-10-01 19:08:48,ATLAS,o,> 19.454621874,,ATLAS
2023-10-01 19:05:27,ATLAS,o,> 19.569015600,,ATLAS
2023-10-01 18:39:46,ATLAS,o,> 19.510312860,,ATLAS
2023-10-01 18:35:35,ATLAS,o,> 19.454621874,,ATLAS
2023-10-01 18:32:14,ATLAS,o,> 19.454621874,,ATLAS
2023-10-01 18:22:03,ATLAS,o,> 19.510312860,,ATLAS
2023-10-01 18:18:01,ATLAS,o,> 19.401648626,,ATLAS
2023-09-29 18:04:55,ATLAS,o,> 16.616790245,,ATLAS
2023-09-29 17:50:40,ATLAS,o,> 18.786692553,,ATLAS
2023-09-29 17:39:56,ATLAS,o,> 16.500012904,,ATLAS
2023-09-29 17:35:54,ATLAS,o,> 16.632816163,,ATLAS
2023-09-29 02:32:29,,OGLE_I,16.176,0.017,OGLE
2023-09-28 18:43:03,ATLAS,o,> 19.128787452,,ATLAS
2023-09-28 18:28:33,ATLAS,o,> 19.014393726,,ATLAS
2023-09-28 18:21:06,ATLAS,o,> 19.169763493,,ATLAS
2023-09-28 18:17:00,ATLAS,o,19.12,0.318,ATLAS
2023-09-27 00:48:03,ATLAS,o,> 18.910912013,,ATLAS
2023-09-27 00:33:23,ATLAS,o,> 19.051201868,,ATLAS
2023-09-27 00:24:43,ATLAS,o,> 18.847026752,,ATLAS
2023-09-27 00:20:02,ATLAS,o,> 18.786692553,,ATLAS
2023-09-25 01:57:50,,OGLE_I,16.171,0.012,OGLE
2023-09-24 00:29:30,ATLAS,o,> 18.944321917,,ATLAS
2023-09-24 00:14:03,ATLAS,o,> 18.878499570,,ATLAS
2023-09-24 00:06:02,ATLAS,o,> 19.051201868,,ATLAS
2023-09-24 00:01:09,ATLAS,o,> 18.910912013,,ATLAS
2023-09-21 00:51:03,ATLAS,o,> 19.401648626,,ATLAS
2023-09-21 00:34:18,ATLAS,o,> 19.454621874,,ATLAS
2023-09-21 00:25:37,ATLAS,o,> 19.051201868,,ATLAS
2023-09-21 00:20:08,ATLAS,o,> 19.128787452,,ATLAS
2023-09-17 00:44:48,,OGLE_I,16.162,0.014,OGLE
2023-09-14 23:34:10,,OGLE_I,16.168,0.012,OGLE
2023-09-13 18:24:18,ATLAS,c,> 19.766968715,,ATLAS
2023-09-13 18:08:53,ATLAS,c,> 19.631074559,,ATLAS
2023-09-13 18:01:23,ATLAS,c,> 19.922338482,,ATLAS
2023-09-13 17:55:38,ATLAS,c,> 19.922338482,,ATLAS
2023-09-06 00:57:51,ATLAS,o,14.809,0.239,ATLAS
2023-09-06 00:43:17,ATLAS,o,> 16.471810378,,ATLAS
2023-09-06 00:33:09,ATLAS,o,> 16.729859095,,ATLAS
2023-09-06 00:28:32,ATLAS,o,> 16.703695511,,ATLAS
2023-09-05 19:24:36,ATLAS,c,> 19.696896906,,ATLAS
2023-09-04 00:32:21,,OGLE_I,16.177,0.014,OGLE
2023-08-30 00:42:47,,OGLE_I,16.188,0.017,OGLE
2023-08-24 00:42:10,,OGLE_I,16.175,0.012,OGLE
2023-08-21 03:55:35,,OGLE_I,16.186,0.012,OGLE
2023-08-17 00:03:13,,OGLE_I,16.18,0.013,OGLE
2023-08-14 02:46:38,,OGLE_I,16.182,0.01,OGLE
2023-08-12 02:52:37,,OGLE_I,16.203,0.011,OGLE
2023-08-05 04:35:49,,OGLE_I,16.188,0.012,OGLE
2023-08-03 05:23:36,,OGLE_I,16.179,0.012,OGLE
2023-08-01 06:25:27,,OGLE_I,16.183,0.013,OGLE
2023-07-28 07:12:01,,OGLE_I,16.17,0.016,OGLE
2023-07-28 05:49:27,,OGLE_I,16.173,0.014,OGLE
2023-07-27 23:31:51,,OGLE_I,16.191,0.015,OGLE
2023-07-24 01:00:10,,OGLE_I,16.181,0.011,OGLE
2023-07-18 03:33:02,,OGLE_I,16.177,0.01,OGLE
2023-07-16 02:57:42,,OGLE_I,16.185,0.012,OGLE
2023-07-14 04:32:02,,OGLE_I,16.183,0.011,OGLE
2023-07-08 23:29:58,,OGLE_I,16.196,0.014,OGLE
2023-07-06 05:54:33,,OGLE_I,16.173,0.013,OGLE
2023-07-04 23:29:47,,OGLE_I,16.17,0.018,OGLE
2023-06-29 23:36:06,,OGLE_I,16.191,0.017,OGLE
2023-06-28 08:32:11,,OGLE_I,16.182,0.012,OGLE
2023-06-27 03:35:02,,OGLE_I,16.186,0.012,OGLE
2023-06-25 04:58:32,,OGLE_I,16.182,0.011,OGLE
2023-06-23 07:42:32,,OGLE_I,16.2,0.012,OGLE
2023-06-18 09:13:51,,OGLE_I,16.174,0.014,OGLE
2023-06-17 06:01:18,,OGLE_I,16.183,0.011,OGLE
2023-06-16 03:34:34,,OGLE_I,16.184,0.01,OGLE
2023-06-14 09:18:49,,OGLE_I,16.188,0.013,OGLE
2023-06-13 01:16:21,,OGLE_I,16.199,0.013,OGLE
2023-06-11 04:29:19,,OGLE_I,16.18,0.013,OGLE
2023-06-09 07:38:53,,OGLE_I,16.184,0.012,OGLE
2023-06-03 03:17:14,,OGLE_I,16.178,0.017,OGLE
2023-06-02 09:56:51,,OGLE_I,16.192,0.014,OGLE
2023-06-01 05:06:56,,OGLE_I,16.179,0.011,OGLE
2023-05-30 06:54:21,,OGLE_I,16.177,0.01,OGLE
2023-05-27 07:51:30,,OGLE_I,16.187,0.012,OGLE
2023-05-25 06:09:57,,OGLE_I,16.186,0.012,OGLE
2023-05-24 02:18:52,,OGLE_I,16.17,0.015,OGLE
2023-05-23 03:39:21,,OGLE_I,16.18,0.011,OGLE
2023-05-22 02:43:13,,OGLE_I,16.179,0.013,OGLE
2023-05-12 07:24:25,,OGLE_I,16.178,0.009,OGLE
2023-05-06 09:35:41,,OGLE_I,16.166,0.013,OGLE
2023-05-05 03:34:56,,OGLE_I,16.177,0.014,OGLE
2023-05-03 04:00:52,,OGLE_I,16.191,0.012,OGLE
2023-04-30 11:53:13,,G,17.28,0.014,Gaia
2023-04-30 07:39:32,,G,17.25,0.014,Gaia
2023-04-29 07:11:45,,OGLE_I,16.178,0.009,OGLE
2023-04-27 07:04:38,,OGLE_I,16.17,0.009,OGLE
2023-04-25 05:57:59,,OGLE_I,16.186,0.01,OGLE
2023-04-23 04:27:09,,OGLE_I,16.174,0.011,OGLE
2023-04-20 04:54:20,,OGLE_I,16.188,0.009,OGLE
2023-04-17 05:42:39,,OGLE_I,16.196,0.01,OGLE
2023-04-14 05:40:10,,OGLE_I,16.196,0.009,OGLE
2023-04-13 07:30:23,,G,17.27,0.014,Gaia
2023-04-13 05:43:48,,G,17.28,0.014,Gaia
2023-04-09 05:07:03,,OGLE_I,16.19,0.011,OGLE
2023-04-08 05:37:56,,OGLE_I,16.178,0.01,OGLE
2023-04-06 05:28:56,,OGLE_I,16.171,0.011,OGLE
2023-04-04 07:27:08,,OGLE_I,16.179,0.009,OGLE
2023-04-02 06:21:46,,OGLE_I,16.189,0.01,OGLE
2023-03-30 08:09:29,,OGLE_I,16.174,0.009,OGLE
2023-03-28 06:26:44,,OGLE_I,16.177,0.009,OGLE
2023-03-25 09:25:07,,OGLE_I,16.208,0.01,OGLE
2023-03-23 07:35:41,,OGLE_I,16.176,0.011,OGLE
2023-03-20 09:47:09,,OGLE_I,16.174,0.01,OGLE
2023-03-18 06:32:16,,OGLE_I,16.179,0.009,OGLE
2023-03-13 06:16:04,,OGLE_I,16.195,0.013,OGLE
2023-03-11 07:10:18,,OGLE_I,16.179,0.01,OGLE
2023-03-10 19:52:22,,G,17.28,0.014,Gaia
2023-03-08 06:58:58,,OGLE_I,16.167,0.015,OGLE
2023-03-07 07:03:00,,OGLE_I,16.206,0.012,OGLE
2023-03-03 08:50:06,,OGLE_I,16.185,0.009,OGLE
2023-02-28 07:27:48,,OGLE_I,16.199,0.01,OGLE
2023-02-24 07:45:37,,OGLE_I,16.171,0.01,OGLE
2023-02-20 08:01:26,,OGLE_I,16.173,0.009,OGLE
2023-02-09 08:43:00,,OGLE_I,16.174,0.01,OGLE
2023-02-04 08:59:15,,OGLE_I,16.173,0.013,OGLE
2022-10-23 12:27:30,,G,17.27,0.014,Gaia
2022-10-03 00:30:24,,G,17.27,0.014,Gaia
2022-10-02 22:43:51,,G,17.28,0.014,Gaia
2022-09-03 04:09:09,,OGLE_I,16.183,0.013,OGLE
2022-09-02 00:56:27,,G,17.27,0.014,Gaia
2022-09-01 23:09:54,,G,17.24,0.014,Gaia
2022-04-21 00:30:54,,G,17.28,0.014,Gaia
2022-03-28 12:29:19,,G,17.24,0.014,Gaia
2022-02-28 10:55:45,,G,17.27,0.014,Gaia
2021-10-13 17:22:24,,G,17.29,0.015,Gaia
2021-10-13 15:35:51,,G,17.27,0.014,Gaia
2021-09-17 23:35:36,,G,17.25,0.014,Gaia
2021-08-22 05:47:41,,G,17.28,0.014,Gaia
2021-08-22 04:01:07,,G,17.31,0.015,Gaia
2021-04-10 17:20:13,,G,17.26,0.014,Gaia
2021-04-10 15:33:39,,G,17.25,0.014,Gaia
2021-03-13 15:43:47,,G,17.32,0.015,Gaia
2021-02-18 09:47:05,,G,17.24,0.014,Gaia
2021-02-18 05:33:24,,G,17.27,0.014,Gaia
2020-10-03 08:29:04,,G,17.28,0.014,Gaia
2020-09-02 16:39:55,,G,17.24,0.014,Gaia
2020-09-02 14:53:20,,G,17.25,0.014,Gaia
2020-08-11 22:39:38,,G,17.27,0.014,Gaia
2020-08-11 20:53:05,,G,17.25,0.014,Gaia
2020-04-09 17:28:01,,G,17.27,0.014,Gaia
2020-03-15 04:25:51,,G,17.26,0.014,Gaia
2020-03-15 02:39:15,,G,17.25,0.014,Gaia
2020-02-18 07:37:50,,G,17.29,0.015,Gaia
2019-10-14 11:44:57,,G,17.26,0.014,Gaia
2019-10-14 09:58:24,,G,17.26,0.014,Gaia
2019-09-16 04:41:06,,G,17.27,0.014,Gaia
2019-09-16 02:54:31,,G,17.26,0.014,Gaia
2019-08-23 03:53:22,,G,17.28,0.014,Gaia
2019-08-23 02:06:49,,G,17.26,0.014,Gaia
2019-04-10 05:21:10,,G,17.27,0.014,Gaia
2019-03-12 23:32:36,,G,17.3,0.015,Gaia
2019-03-12 21:46:03,,G,17.27,0.014,Gaia
2019-02-17 23:34:52,,G,17.24,0.014,Gaia
2018-10-02 22:16:56,,G,17.28,0.014,Gaia
2018-10-02 20:30:21,,G,17.29,0.015,Gaia
2018-09-29 01:27:45,,OGLE_I,16.182,0.012,OGLE
2018-09-22 02:03:47,,OGLE_I,16.206,0.013,OGLE
2018-09-20 00:33:17,,OGLE_I,16.241,0.015,OGLE
2018-09-01 16:42:12,,G,17.28,0.014,Gaia
2018-08-11 16:41:08,,G,17.27,0.014,Gaia
2018-08-11 14:54:35,,G,17.28,0.014,Gaia
2018-07-02 00:38:38,,OGLE_I,16.227,0.016,OGLE
2018-06-23 03:19:52,,OGLE_I,16.184,0.012,OGLE
2018-06-22 04:22:22,,OGLE_I,16.192,0.01,OGLE
2018-06-21 03:19:01,,OGLE_I,16.163,0.01,OGLE
2018-06-20 02:58:02,,OGLE_I,16.172,0.01,OGLE
2018-06-19 03:11:04,,OGLE_I,16.167,0.01,OGLE
2018-06-18 03:23:43,,OGLE_I,16.208,0.009,OGLE
2018-06-17 03:09:19,,OGLE_I,16.194,0.01,OGLE
2018-06-15 09:51:55,,OGLE_I,16.184,0.011,OGLE
2018-06-15 03:10:19,,OGLE_I,16.177,0.01,OGLE
2018-06-14 09:51:36,,OGLE_I,16.208,0.012,OGLE
2018-06-14 03:07:48,,OGLE_I,16.193,0.011,OGLE
2018-06-13 03:14:59,,OGLE_I,16.196,0.01,OGLE
2018-06-09 03:35:39,,OGLE_I,16.199,0.01,OGLE
2018-06-08 04:51:48,,OGLE_I,16.191,0.01,OGLE
2018-06-07 04:08:34,,OGLE_I,16.207,0.01,OGLE
2018-06-06 04:39:38,,OGLE_I,16.171,0.01,OGLE
2018-06-05 04:10:02,,OGLE_I,16.183,0.011,OGLE
2018-06-04 04:47:39,,OGLE_I,16.205,0.01,OGLE
2018-06-03 05:02:26,,OGLE_I,16.201,0.011,OGLE
2018-06-02 06:09:51,,OGLE_I,16.188,0.012,OGLE
2018-05-28 02:49:14,,OGLE_I,16.194,0.019,OGLE
2018-05-27 02:51:09,,OGLE_I,16.177,0.013,OGLE
2018-05-26 04:57:50,,OGLE_I,16.187,0.01,OGLE
2018-05-25 04:09:32,,OGLE_I,16.198,0.01,OGLE
2018-05-24 05:37:43,,OGLE_I,16.194,0.01,OGLE
2018-05-23 05:43:07,,OGLE_I,16.178,0.01,OGLE
2018-05-21 10:20:15,,OGLE_I,16.183,0.011,OGLE
2018-05-21 03:04:23,,OGLE_I,16.214,0.01,OGLE
2018-05-19 09:42:40,,OGLE_I,16.202,0.011,OGLE
2018-05-19 03:04:47,,OGLE_I,16.168,0.012,OGLE
2018-05-18 04:51:32,,OGLE_I,16.184,0.012,OGLE
2018-05-17 06:26:29,,OGLE_I,16.183,0.009,OGLE
2018-05-16 06:59:49,,OGLE_I,16.207,0.01,OGLE
2018-05-15 05:37:13,,OGLE_I,16.177,0.01,OGLE
2018-05-13 09:04:29,,OGLE_I,16.176,0.01,OGLE
2018-05-13 03:05:21,,OGLE_I,16.164,0.012,OGLE
2018-05-12 04:32:28,,OGLE_I,16.168,0.009,OGLE
2018-05-11 05:29:33,,OGLE_I,16.194,0.011,OGLE
2018-05-09 08:40:24,,OGLE_I,16.176,0.012,OGLE
2018-05-08 10:02:54,,OGLE_I,16.186,0.016,OGLE
2018-05-07 09:46:10,,OGLE_I,16.17,0.012,OGLE
2018-05-06 07:57:14,,OGLE_I,16.168,0.011,OGLE
2018-04-30 09:00:21,,OGLE_I,16.164,0.011,OGLE
2018-04-28 05:46:55,,OGLE_I,16.198,0.01,OGLE
2018-04-24 09:02:40,,OGLE_I,16.17,0.01,OGLE
2018-04-22 05:38:47,,OGLE_I,16.196,0.01,OGLE
2018-04-21 05:10:43,,OGLE_I,16.166,0.01,OGLE
2018-04-19 09:22:20,,OGLE_I,16.183,0.01,OGLE
2018-04-18 08:37:26,,OGLE_I,16.194,0.012,OGLE
2018-04-16 06:19:21,,OGLE_I,16.177,0.011,OGLE
2018-04-14 09:30:04,,OGLE_I,16.185,0.01,OGLE
2018-04-13 08:17:01,,OGLE_I,16.197,0.01,OGLE
2018-04-12 06:50:25,,OGLE_I,16.173,0.011,OGLE
2018-04-07 08:31:50,,OGLE_I,16.181,0.013,OGLE
2018-04-04 09:53:00,,OGLE_I,16.209,0.01,OGLE
2018-04-03 09:42:46,,OGLE_I,16.197,0.01,OGLE
2018-04-02 09:12:59,,OGLE_I,16.2,0.011,OGLE
2018-04-01 08:33:19,,OGLE_I,16.2,0.011,OGLE
2018-03-31 07:31:33,,OGLE_I,16.192,0.011,OGLE
2018-03-30 14:23:19,,G,17.27,0.014,Gaia
2018-03-30 06:32:11,,OGLE_I,16.227,0.011,OGLE
2018-03-28 09:30:03,,OGLE_I,16.189,0.01,OGLE
2018-03-27 07:30:57,,OGLE_I,16.179,0.011,OGLE
2018-03-26 06:08:38,,OGLE_I,16.196,0.01,OGLE
2018-03-24 08:55:13,,OGLE_I,16.174,0.01,OGLE
2018-03-23 06:59:04,,OGLE_I,16.162,0.011,OGLE
2018-03-21 08:11:36,,OGLE_I,16.182,0.01,OGLE
2018-03-20 06:04:58,,OGLE_I,16.185,0.011,OGLE
2018-03-18 07:49:02,,OGLE_I,16.174,0.011,OGLE
2018-03-16 08:39:46,,OGLE_I,16.181,0.011,OGLE
2017-11-06 20:22:36,,G,17.23,0.014,Gaia
2017-11-06 14:22:23,,G,17.27,0.014,Gaia
2017-11-06 08:22:10,,G,17.28,0.014,Gaia
2017-11-06 06:35:36,,G,17.26,0.014,Gaia
2017-11-01 18:32:06,,G,17.25,0.014,Gaia
2017-09-22 03:08:55,,G,17.25,0.014,Gaia
2017-08-15 21:43:22,,G,17.25,0.014,Gaia
2017-08-03 09:36:10,,G,17.28,0.014,Gaia
2017-08-03 07:49:35,,G,17.28,0.014,Gaia
2017-08-03 03:35:57,,G,17.26,0.014,Gaia
2017-06-30 04:32:11,,OGLE_I,16.196,0.01,OGLE
2017-06-29 04:22:35,,OGLE_I,16.145,0.012,OGLE
2017-06-28 07:00:59,,OGLE_I,16.179,0.012,OGLE
2017-06-24 02:18:35,,OGLE_I,16.191,0.012,OGLE
2017-06-22 01:34:33,,OGLE_I,16.206,0.012,OGLE
2017-06-21 02:43:08,,OGLE_I,16.196,0.012,OGLE
2017-06-20 03:22:11,,OGLE_I,16.22,0.011,OGLE
2017-06-19 06:11:30,,OGLE_I,16.215,0.011,OGLE
2017-06-18 04:22:22,,OGLE_I,16.206,0.011,OGLE
2017-06-13 08:51:46,,OGLE_I,16.203,0.013,OGLE
2017-06-13 02:46:57,,OGLE_I,16.212,0.012,OGLE
2017-06-12 05:48:08,,OGLE_I,16.187,0.011,OGLE
2017-06-07 07:35:48,,OGLE_I,16.197,0.014,OGLE
2017-06-06 01:11:25,,OGLE_I,16.202,0.014,OGLE
2017-06-05 06:11:00,,OGLE_I,16.195,0.011,OGLE
2017-06-04 08:20:35,,OGLE_I,16.177,0.011,OGLE
2017-06-04 01:24:46,,OGLE_I,16.155,0.013,OGLE
2017-06-02 04:58:17,,OGLE_I,16.174,0.01,OGLE
2017-06-01 06:35:15,,OGLE_I,16.206,0.01,OGLE
2017-05-31 08:31:28,,OGLE_I,16.172,0.011,OGLE
2017-05-30 10:33:10,,OGLE_I,16.192,0.014,OGLE
2017-05-29 07:06:19,,OGLE_I,16.19,0.011,OGLE
2017-05-21 04:40:03,,OGLE_I,16.211,0.01,OGLE
2017-05-20 06:47:01,,OGLE_I,16.205,0.012,OGLE
2017-05-17 06:12:13,,OGLE_I,16.2,0.015,OGLE
2017-05-09 05:36:21,,OGLE_I,16.189,0.012,OGLE
2017-05-07 08:28:06,,OGLE_I,16.2,0.014,OGLE
2017-05-06 06:22:15,,OGLE_I,16.191,0.013,OGLE
2017-05-05 06:14:47,,OGLE_I,16.196,0.01,OGLE
2017-05-04 18:51:03,,G,17.24,0.014,Gaia
2017-05-04 14:37:22,,G,17.24,0.014,Gaia
2017-05-04 08:37:07,,G,17.25,0.014,Gaia
2017-05-04 06:50:32,,G,17.22,0.014,Gaia
2017-05-04 04:33:37,,OGLE_I,16.203,0.011,OGLE
2017-05-04 02:36:52,,G,17.28,0.014,Gaia
2017-05-03 14:36:21,,G,17.28,0.014,Gaia
2017-05-03 04:23:28,,OGLE_I,16.205,0.012,OGLE
2017-05-01 04:50:56,,OGLE_I,16.199,0.011,OGLE
2017-04-30 20:33:33,,G,17.27,0.014,Gaia
2017-04-30 14:33:18,,G,17.25,0.014,Gaia
2017-04-30 08:33:01,,G,17.27,0.014,Gaia
2017-04-30 06:46:28,,G,17.24,0.014,Gaia
2017-04-30 04:43:56,,OGLE_I,16.172,0.01,OGLE
2017-04-30 02:32:47,,G,17.25,0.014,Gaia
2017-04-30 00:46:11,,G,17.26,0.014,Gaia
2017-04-29 20:32:30,,G,17.23,0.014,Gaia
2017-04-29 18:45:56,,G,17.24,0.014,Gaia
2017-04-28 09:59:56,,OGLE_I,16.19,0.011,OGLE
2017-04-27 08:37:28,,OGLE_I,16.182,0.01,OGLE
2017-04-26 06:50:16,,OGLE_I,16.195,0.01,OGLE
2017-04-24 07:32:03,,OGLE_I,16.191,0.01,OGLE
2017-04-23 06:06:34,,OGLE_I,16.168,0.01,OGLE
2017-04-22 05:23:35,,OGLE_I,16.177,0.01,OGLE
2017-04-19 09:13:22,,OGLE_I,16.208,0.012,OGLE
2017-03-19 19:11:47,,G,17.19,0.014,Gaia
2017-02-11 01:48:55,,G,17.27,0.014,Gaia
2017-02-10 19:48:38,,G,17.25,0.014,Gaia
2017-01-31 18:18:32,,G,17.23,0.014,Gaia
2017-01-31 14:04:51,,G,17.25,0.014,Gaia
2017-01-31 12:18:17,,G,17.25,0.014,Gaia
2016-10-31 00:03:04,,G,17.25,0.014,Gaia
2016-10-30 22:16:30,,G,17.25,0.014,Gaia
2016-10-15 22:12:30,,G,17.24,0.014,Gaia
2016-06-21 07:10:09,,OGLE_I,16.197,0.014,OGLE
2016-04-28 22:25:54,,G,17.28,0.014,Gaia
2016-04-28 18:12:14,,G,17.28,0.014,Gaia
2016-04-11 00:03:28,,G,17.29,0.015,Gaia
2016-03-09 04:38:20,,G,17.28,0.014,Gaia
2016-03-09 00:24:38,,G,17.25,0.014,Gaia
2016-03-03 09:06:01,,OGLE_I,16.209,0.012,OGLE
2015-10-22 23:00:31,,G,17.27,0.014,Gaia
2015-10-22 21:13:58,,G,17.28,0.014,Gaia
2015-10-01 21:17:47,,G,17.28,0.014,Gaia
2015-10-01 17:04:09,,G,17.28,0.014,Gaia
2015-09-01 05:28:59,,G,17.27,0.014,Gaia
2015-09-01 03:42:27,,G,17.29,0.015,Gaia
2015-03-27 11:02:49,,G,17.23,0.014,Gaia
2015-03-27 09:16:14,,G,17.26,0.014,Gaia
2014-04-18 08:38:23,,OGLE_I,16.173,0.009,OGLE
