#   1 NUMBER                 Running object number                                     
#   2 X_IMAGE                Object position along x                                    [pixel]
#   3 Y_IMAGE                Object position along y                                    [pixel]
#   4 FLUX_AUTO              Flux within a Kron-like elliptical aperture                [count]
#   5 FLUXERR_AUTO           RMS error for AUTO flux                                    [count]
#   6 MAG_AUTO               Kron-like elliptical aperture magnitude                    [mag]
#   7 MAGERR_AUTO            RMS error for AUTO magnitude                               [mag]
#   8 FWHM_IMAGE             FWHM assuming a gaussian core                              [pixel]
#   9 ELLIPTICITY            1 - B_IMAGE/A_IMAGE                                       
#  10 THETA_IMAGE            Position angle (CCW/x)                                     [deg]
#  11 FLAGS                  Extraction flags                                          
#  12 SNR_WIN                Gaussian-weighted SNR                                     
#  13 FLUX_APER              Flux vector within fixed circular aperture(s)              [count]
#  14 FLUXERR_APER           RMS error vector for aperture flux(es)                     [count]
         1    261.0119     46.1084     90036.84     718.8831  12.6139   0.0087    21.26    0.464   6.47   3        199     7979.131     90.88343
         2    248.0001     31.9262     140157.1     567.8815  12.1335   0.0044     9.93    0.382  -0.13   3        333     16211.07     109.7931
         3    610.3893     24.3142     55634.77     635.5032  13.1366   0.0124     9.39    0.207  -1.68   2      145.6     4798.548     82.54743
         4    415.2328     29.6319     27204.46      575.652  13.9134   0.0230    15.45    0.656  -8.85   2      71.95     2144.283     75.58763
         5    983.5447     25.8734     29616.81     544.7313  13.8212   0.0200    11.78    0.513  11.31   0      80.53     2679.843     76.66489
         6     76.7843     20.6894     34353.42     496.5877  13.6601   0.0157     9.76    0.501  -1.13  16        104     4075.431     80.53191
         7    220.4641     17.5548     19422.12     414.2973  14.2793   0.0232    10.03    0.486  -4.76  16      67.12     2585.612     76.55812
         8    348.1743     17.5622     8749.198     334.4514  15.1451   0.0415    10.30    0.612  -2.72  18      32.37     1263.075      73.0713
         9    193.0868     15.1919     42335.08     510.7024  13.4332   0.0131     9.67    0.457  -2.72  16      128.7     5019.958     83.47256
        10     36.0174     11.0171     29747.28     423.0637  13.8164   0.0154     9.81    0.485  -1.34  16      97.88     3759.785     79.96787
        11    631.8040     10.9756     8666.551     447.7807  15.1554   0.0561     8.04    0.677   2.72  19      18.24      717.845     70.98335
        12    620.1403      7.5994     18780.32     606.0172  14.3157   0.0350    11.43    0.564  -0.38  18      44.25     1521.025     73.32969
        13    876.5450      5.7361     28666.08      482.455  13.8566   0.0183    10.18    0.496   0.40  18      87.96     3270.031     78.73195
        14    921.8964      7.8641     6556.701     382.0196  15.4583   0.0633    10.01    0.520  -4.55  16      24.67     817.5438     70.74271
        15    596.4261      6.6929     15044.81     511.5165  14.5565   0.0369    10.46    0.550  -0.82  16      46.42     1678.001     73.27465
        16    330.4752      8.5125      11230.2     306.2547  14.8740   0.0296     9.13    0.707 -15.29  16      76.77     3020.346     77.49712
        17    762.6298      4.7119     22781.31     391.5531  14.1061   0.0187     9.98    0.416  -4.88  24      76.66     2418.467     75.71145
        18    713.5811      2.3483     84174.81      390.846  12.6870   0.0050    12.06    0.666   1.52  24      259.4     12439.19     101.8161
        19    132.8082      3.6460     18730.49     370.0161  14.3186   0.0215     9.98    0.541   0.88  24      66.17     2398.731     76.34885
        20    448.5058    987.7888     28795.01      465.054  13.8517   0.0175    10.25    0.467  -2.46   0      87.65     3076.961     78.00312
        21    934.5350   1023.4487     3312.212     220.2194  16.1997   0.0722     6.72    0.805   0.09  24      16.67     616.6592     67.39871
        22    853.1916   1021.7859     8033.419     302.7822  15.2377   0.0409     9.70    0.597  -4.34  24      31.92      1273.79     72.55938
        23    778.2134   1023.5527     5531.055      313.818  15.6430   0.0616     7.24    0.727  -0.55  26      27.13     858.0042     67.03316
        24    635.5803   1022.2081     9873.859      394.194  15.0138   0.0434    11.59    0.599  -1.44  24      35.03     1186.086     72.28415
        25    508.9604   1021.0994     5630.328     351.6774  15.6237   0.0678     9.12    0.270  -8.58  24      21.24     566.1749     69.55088
        26    464.9556   1022.3949     179028.7     465.1808  11.8677   0.0028    12.70    0.570  -0.27  24      435.8     21371.25     120.1105
        27      3.0592   1021.3760     4704.629     268.8756  15.8187   0.0621     8.34    0.225 -38.41  24      22.19     875.6646     71.30145
        28    740.7741    980.3789     94563.62     537.1483  12.5607   0.0062    10.18    0.427  -4.29   0      250.3     11042.01     98.78215
        29    764.8314    984.1775      6826.75     439.3777  15.4145   0.0699     9.15    0.556 -14.92   2      23.03     830.9152     71.52975
        30    290.9072    981.4996     26298.93     566.6004  13.9502   0.0234    15.59    0.490   1.34   0      79.74     2838.001     76.78833
        31    391.5700    981.3015     18962.01     515.8266  14.3053   0.0295    10.81    0.534  -8.79   0      56.03     1842.281     73.60281
        32    871.9713    982.2514     6750.901     335.0718  15.4266   0.0539     2.69    0.435  -5.37   2      29.26     1527.571     73.53021
        33    783.0315    978.3868     59978.63     559.0336  13.0550   0.0101     9.94    0.455  -9.48   0      165.9     6612.358     88.15275
        34    505.2508    977.9788     58233.89     529.1095  13.0871   0.0099     9.73    0.392  -3.07   3      165.6     6817.824      88.5315
        35    503.9081    967.4384     26799.76     573.7646  13.9297   0.0233     9.88    0.447  -3.19   3      74.77     2613.036     76.11958
        36    909.2290    975.3492       126596     518.3362  12.2439   0.0044     9.97    0.425  -3.28   0      318.5     14902.14     107.1729
        37    597.3694    976.7601       4665.5     374.7618  15.8278   0.0872     7.26    0.564   6.69   0      17.13     692.2952     71.08794
        38    572.5645    976.7628     9062.775     504.9346  15.1068   0.0605     8.77    0.657  -0.08   0      21.68     721.9953     70.80994
        39    723.3214    973.2375     23514.15     520.3784  14.0717   0.0240    14.88    0.447  -7.13   0      71.71     2423.978     76.07678
        40    269.8840    970.9915     82295.13     559.2269  12.7116   0.0074     9.70    0.424  -2.70   0      220.2     9218.671     94.21345
        41    189.8529    974.4212     5652.869      382.348  15.6193   0.0735     8.83    0.561  -4.24   0      20.06     736.3679     71.04263
        42    659.3065    971.2315     18507.11     503.9416  14.3317   0.0296    11.41    0.533  -2.00   0      56.53     1864.667      73.6719
        43    332.6443    971.6140     8075.022     474.0537  15.2321   0.0638    10.65    0.571 -16.56   0      24.81      864.139     71.63523
        44    216.6829    971.8343     6055.195     413.3536  15.5447   0.0741     9.51    0.617  -0.91   0      20.06     714.8671     70.59982
        45    200.7617    970.7878     9178.572     505.6416  15.0931   0.0598    10.77    0.587  -0.72   1      25.51     967.4927      72.1461
        46    379.7847    970.5867     2865.202     162.6422  16.3571   0.0616     2.57    0.459 -26.53   0      34.85     2446.979     76.14546
        47    548.5961    969.0459     4635.193     350.0898  15.8348   0.0820     8.00    0.593   1.75   0      17.58     692.3694     70.90173
        48    117.5936    967.4313     8499.902     515.7078  15.1765   0.0659    10.99    0.809   0.55   0      25.15     695.2177     71.09728
        49    396.8920    962.2891     18748.25     537.7216  14.3176   0.0311    10.38    0.499  -0.60   2      54.96      1774.67     73.93282
        50    263.0930    960.1330     8997.575     148.1879  15.1147   0.0179     0.00    0.318  56.16   0      124.8     8454.758     92.20882
        51    985.7688    960.6522      4669.17     329.6657  15.8269   0.0767     8.55    0.401 -15.57   0      18.43     552.8196     70.26485
        52     57.6462    958.4150     40216.54     497.2714  13.4890   0.0134    10.99    0.525  -3.67   3      114.3     4221.488     81.59457
        53     48.1900    950.6680     221934.7      593.059  11.6344   0.0029     9.90    0.399  -2.47   3        468     25028.73     126.7382
        54    971.0143    972.3475     4366.949     138.5387  15.8996   0.0345     0.97    0.178 -89.67   0      67.92     4290.909      81.6257
        55    481.0239    958.8303     5694.738     411.5503  15.6113   0.0785    10.04    0.643  -7.17   0      21.29     627.8441     70.88159
        56    116.2129    953.5715     104534.7     563.5147  12.4518   0.0059    10.21    0.408  -3.11   3      265.6     11497.21     99.69127
        57    137.3431    952.4230     93426.34     518.4764  12.5738   0.0060    16.90    0.479   2.10   3      246.4     8780.478     93.15038
        58    518.9645    954.9449     25105.65     535.4806  14.0006   0.0232    10.16    0.487  -3.31   0      76.53     2898.409     77.48114
        59    282.8139    956.0831     6394.827     139.4736  15.4854   0.0237     4.79    0.260 -24.71   0      99.82     5726.081     85.37349
        60    913.1890    953.6045     14070.91     401.5816  14.6292   0.0310     9.57    0.468  -2.50   0      50.47     1809.005     74.21687
        61    851.7846    952.5858     33224.36     743.7625  13.6964   0.0243    16.98    0.503  -2.27   0      68.23     2112.386     75.14016
        62    833.2073    949.5948     14909.66     636.0396  14.5663   0.0463    10.62    0.260 -60.92   2      33.95     678.1772     70.66916
        63    793.2801    947.3737     8444.053      434.158  15.1836   0.0558    12.46    0.533 -10.74   0      29.43     998.4769     71.69185
        64    752.8751    945.4756     23828.01     653.0467  14.0573   0.0298    18.42    0.703 -12.33   0      50.18     1538.551     72.84084
        65    597.8185    946.0812     8112.107     375.0858  15.2272   0.0502    10.72    0.555  -3.53   2      29.06     978.0237     71.62698
        66    282.7109    946.1597     8012.814     344.6786  15.2405   0.0467    10.30    0.541  -1.67   0      30.15     1052.704     71.49421
        67    826.0206    945.8067     2234.639     130.0002  16.6270   0.0632     0.96    0.103  87.57   0       44.1     2145.336     75.23976
        68    121.1985    940.0455     9778.229     514.9872  15.0243   0.0572    10.74    0.560  -5.52   0      27.73     957.3447     71.74607
        69    439.2921    937.1329     35622.93     467.6719  13.6207   0.0143    10.13    0.475  -3.22   0      109.8     4073.951     80.69195
        70    529.0569    933.0135     138382.1     706.9081  12.1473   0.0055    11.06    0.328 -30.25   0      303.6     11565.34     99.84645
        71    741.1748    937.1173     11451.18     600.5133  14.8529   0.0570    10.68    0.657  -4.19   0      26.64     718.5244      70.7988
        72    338.6684    935.5677     6051.511     423.6313  15.5453   0.0760     7.53    0.491  -9.36   0      18.17     691.5153     70.71204
        73    287.7628    936.0942     4403.117     353.7014  15.8906   0.0872     6.14    0.604 -13.91   0      15.72     590.1417     69.62916
        74     56.4004    934.1727     11044.03     579.6058  14.8922   0.0570    10.54    0.547  -6.46   0      29.21     897.3445      71.7405
        75    912.8944    931.5959     5856.768     370.1579  15.5809   0.0686     9.40    0.522  -0.54   0      21.23     780.3259     70.99691
        76    574.8795    932.6423     4168.701     370.9087  15.9500   0.0966     7.08    0.369   0.85   0      17.34     596.3275     70.21718
        77    857.5511    929.1411     13800.46     523.1239  14.6503   0.0412    10.64    0.539  -2.33   0      42.52     1573.244     73.49136
        78    365.8185    926.6797     17382.59     588.8685  14.3997   0.0368    13.37    0.608   4.35   0      47.02     1507.755     73.46894
        79    135.6471    926.1349     32865.25     730.1807  13.7082   0.0241    15.02    0.532  -1.47   0      63.14     2256.983     75.57625
        80      7.7498    926.9607     4659.212     346.3039  15.8292   0.0807     7.19    0.602   4.82  16      17.42      576.572     70.52957
        81    630.3209    925.3185     6839.388     453.4684  15.4125   0.0720     8.37    0.534  -9.53   0      20.01     632.7646     69.95761
        82    475.3741    923.7856     11323.26     525.2065  14.8651   0.0504    10.66    0.514  -1.35   0      31.88     1174.234     72.61239
        83    727.5724    920.1321      53538.8     524.5716  13.1783   0.0106     9.82    0.390  -2.92   0      153.2     5852.646     85.70975
        84     72.7989    922.5792     6070.004     356.6316  15.5420   0.0638    10.07    0.579  -8.13   0      22.13     791.3546     71.03221
        85    772.4258    921.4387     12875.19     564.7171  14.7256   0.0476    12.13    0.587  -3.40   0      35.49     1178.023     72.62424
        86    616.5834    920.6027     16851.33     561.6208  14.4334   0.0362    10.65    0.511  -1.80   0      45.99     1486.957     73.22402
        87    597.3655    919.5951     14224.05     454.9777  14.6174   0.0347    10.47    0.542  -1.78   0      47.27     1776.157     74.47254
        88    494.9615    920.5433     6724.524     445.3101  15.4308   0.0719     7.50    0.461   6.64   0      18.29     757.6873     70.92441
        89    989.5802    917.9471     14018.83     604.7763  14.6332   0.0469     8.59    0.466  -8.55   0      34.36     1037.039     71.99808
        90    856.3190    915.0070     20360.34     646.7421  14.2280   0.0345    16.89    0.586 -19.19   0      48.65     1335.649     72.93459
        91   1022.4433    915.7357     12628.19     301.8579  14.7466   0.0260     5.30    0.274 -86.26  24      65.49     3337.817     78.75949
        92    324.7046    914.7687     19749.93     389.7896  14.2611   0.0214    10.16    0.477  -4.97   0      66.16     2315.167     75.04879
        93    239.6031    915.7513     7901.322     381.0859  15.2558   0.0524    10.27    0.552  -3.72   0      29.17     1034.027     71.80446
        94    431.1105    915.2236      10146.7     537.7786  14.9842   0.0576    10.17    0.564  -3.96   0      24.28     749.1965      70.5228
        95   1008.2842    914.8826     9987.753     491.4068  15.0013   0.0534     7.87    0.621  -6.44  17      22.58     794.2813       70.855
        96    214.3071    911.4131     13472.44     488.2946  14.6764   0.0394    10.80    0.276   7.99   0      39.79     1004.535     71.34092
        97    359.4801    912.3821     11950.36     463.2227  14.8065   0.0421     0.00    0.527 -10.57   0      38.74      1576.75      73.5022
        98    456.4939    911.2863     11091.64     518.7659  14.8875   0.0508    10.81    0.595  -4.37   0      31.85     1144.165     71.96853
        99    995.6497    910.3629     12433.68     566.8792  14.7635   0.0495    10.74    0.544  -3.91   1      28.69     827.4642     70.96136
       100    127.8426    911.3649     8739.079     513.8849  15.1463   0.0639     9.33    0.645  -8.40   2      24.11     627.4422      70.6933
       101     11.6218    909.1340     7887.564     410.3472  15.2576   0.0565    10.14    0.502 -10.71  16      26.05     932.4213     71.66708
       102    723.3945    907.4800     16832.64     538.1426  14.4346   0.0347    11.33    0.521  -0.22   0      48.72     1512.216     73.48273
       103    531.4443    907.4374     13709.28      482.954  14.6575   0.0383    12.02    0.552   0.82   0      44.34     1506.707      73.4657
       104    444.5970    905.7146     19500.81     610.0961  14.2749   0.0340    13.66    0.528  -5.29   0      49.42     1707.087     74.26146
       105   1019.4631    902.0759     22899.82     444.6474  14.1004   0.0211     9.50    0.337   7.80  24       76.4     2882.379      77.4341
       106    950.1245    901.2371     30929.11     416.6095  13.7741   0.0146     9.91    0.474  -2.96   0      100.7     3844.355     80.20787
       107    470.3126    902.3435     4595.275     362.1446  15.8442   0.0856     6.64    0.541  -4.19   0      17.16     598.8735     70.03667
       108    120.0222    899.7252     31923.29     563.0045  13.7397   0.0192     9.88    0.474  -3.76   0      95.59      3627.15     79.75617
       109    413.2437    894.7558     115488.6     569.0795  12.3437   0.0054     9.90    0.405  -4.50   2      283.4     12408.09     101.3556
       110    890.4648    895.5060     36743.42     577.6899  13.5871   0.0171    11.25    0.476   2.02   3      102.1     3457.835     78.76968
       111    886.1385    890.9506      35040.3     563.6746  13.6386   0.0175    17.70    0.677 -14.41   3      91.17     2858.773     77.36478
       112    866.7504    897.3495     9124.266     372.1587  15.0995   0.0443    10.61    0.535  -1.98   0      34.68     1311.462     73.04063
       113    682.4044    895.1014     17432.32     360.1436  14.3966   0.0224    12.41    0.426  -3.20   0       80.3     5642.685     85.15119
       114    352.0503    897.9049     1896.069     124.1872  16.8054   0.0711     4.46    0.170 -62.39   0      46.87     1772.847     73.56824
       115    523.1602    894.1952     6179.326     415.8162  15.5226   0.0731    10.72    0.595  -5.23   0       22.1     726.7537     71.19802
       116    469.8857    893.3057     7950.363     464.1168  15.2490   0.0634     8.65    0.522 -10.29   0      21.85     657.2467     70.41408
       117    288.1230    885.8788     12018.18     346.3555  14.8004   0.0313    10.61    0.553  -2.41   2      41.51     1478.477     72.65316
       118    488.9042    886.4929     10656.86      561.471  14.9309   0.0572    10.74    0.541   5.77   0      26.67     757.3774     70.73653
       119     39.9364    886.0100      4332.81     358.3043  15.9081   0.0898     6.67    0.543  -0.57   0      16.22     573.2464     70.33089
       120    193.1059    878.5963     83806.06     554.4951  12.6918   0.0072    18.91    0.454  -2.78   0      211.8     8332.741      92.0515
       121    101.2033    882.1695     6189.589     422.1404  15.5208   0.0741     9.03    0.578 -10.17   0      21.16     710.4541     71.14597
       122    347.9245    879.9033     15335.65     368.8233  14.5357   0.0261    10.18    0.523  -0.10   0      56.07     2069.984     74.65804
       123    558.8845    877.3914     46649.87     573.5527  13.3279   0.0134    16.09    0.506  -1.90   3      124.8     4539.495     82.31493
       124    546.0224    872.5112     58599.62      553.114  13.0803   0.0103    10.97    0.463  -3.00   3      162.3     6191.128      86.2964
       125    161.9694    880.7567     3758.088     130.1179  16.0626   0.0376     0.85    0.158  77.19   0      65.42     3636.869      79.9496
       126    613.5094    876.3098     16183.02     545.2012  14.4774   0.0366    10.30    0.509  -6.23   2      50.25      1762.79     73.89629
       127    488.8815    876.7150     9607.936     516.8365  15.0434   0.0584    10.02    0.482  -5.10   0      26.69     944.6258     71.33561
       128     42.3953    873.7435     14565.67     543.9185  14.5917   0.0406    14.30    0.501   0.19   0      43.77     1355.994     72.99796
       129    753.0728    873.1542     13656.43     561.5063  14.6617   0.0447    10.96    0.476  -4.97   2      37.72     1223.737     72.40244
       130    414.9486    865.3336     436159.9     681.8932  10.9009   0.0017     9.86    0.359  -2.70   2      729.2     49182.06     164.4426
       131    223.0651    870.0789     25307.68     416.7202  13.9919   0.0179    10.34    0.447  -5.20   0      82.39     2961.203     77.49448
       132    709.4321    863.5267     14527.35     595.5956  14.5945   0.0445    13.07    0.352  17.25   0      39.61     1085.986     71.96873
       133     95.4416    864.1840     10140.72     500.1541  14.9848   0.0536    12.32    0.522  -4.23   0      31.85     1054.372     72.23625
       134    589.4172    863.4704     17624.74     556.0135  14.3847   0.0343    10.58    0.450   0.02   3      52.07     1655.475     73.92449
       135    575.8069    855.8935      41672.5     720.1636  13.4504   0.0188    16.45    0.631  -7.37   2      90.83     2776.868      77.1238
       136    682.4388    863.1959     8722.238     407.5743  15.1484   0.0507    11.86    0.605  -3.39   0      29.62     997.7846     72.05799
       137    410.3880    849.5392     98465.59      543.079  12.5168   0.0060     9.91    0.394  -0.66   3      254.3     10958.83     98.45621
       138    256.2797    862.0906     5695.265     406.6974  15.6112   0.0776     7.43    0.622  -3.09   0      18.66     604.7401      70.2444
       139    819.6602    869.7563     181175.9     560.9461  11.8547   0.0034     9.88    0.383  -0.31   0      409.6     20831.94     118.9745
       140    637.9981    858.6696     8313.821     462.1516  15.2005   0.0604    11.34    0.584  -5.40   0      28.89     989.4016     71.84755
       141    768.5870    856.0338      10651.5     496.4023  14.9315   0.0506    10.98    0.582  -6.75   0      33.26     1132.408     72.66375
       142     53.0949    854.3143     22584.87     496.5327  14.1155   0.0239    10.47    0.489  -3.09   0      68.82     2378.932     75.76759
       143    257.8205    852.4282     25867.73     604.8516  13.9681   0.0254    10.59    0.516  -2.13   0      67.26     2387.082     76.31417
       144    313.1848    853.1025     5007.112     352.2152  15.7510   0.0764     8.25    0.483   0.78   0      19.21     571.8166     69.94881
       145    196.3831    849.4811     12716.13     615.6793  14.7391   0.0526    11.40    0.600  11.73   0      30.61     803.5329     71.07116
       146    227.1902    849.1841     7983.064     487.0936  15.2446   0.0663     8.92    0.557  -8.55   0      23.01     725.4144     70.82092
       147    942.5040    847.6147     8498.974     431.8942  15.1766   0.0552    10.35    0.540  -1.18   0      29.95     1012.085     71.55021
       148    780.3577    846.9461     6117.343     377.3991  15.5336   0.0670    10.51    0.587   8.86   0      23.21      918.642     71.62337
       149    291.8076    847.1442     8397.718     494.0315  15.1896   0.0639     9.45    0.627 -16.59   3      22.49     748.1793      71.0804
       150    300.5206    840.9614     10841.69     474.6816  14.9123   0.0475    12.61    0.504  -0.74   2       33.1     1080.523     71.95148
       151    994.0583    844.9773     11931.81     421.3116  14.8082   0.0383    11.78    0.513  -1.40   0      42.45     1588.598     73.53882
       152    448.5157    843.9849     7397.298     412.4894  15.3273   0.0606    11.13    0.727  -7.46   0       22.1     763.9689     70.94453
       153    256.7910    843.4180     9607.206     520.6638  15.0435   0.0589     9.44    0.562  -3.63   0      24.24     775.6328     70.98189
       154    115.2825    839.6398     51784.82     466.3253  13.2145   0.0098     9.48    0.463  -1.94   0      156.7     6484.941     87.06676
       155    973.5029    838.1904     7366.464     449.3352  15.3319   0.0662     8.65    0.421   0.22   2      24.88     775.1015     70.98019
       156    169.6850    833.8184     374576.3     656.5281  11.0661   0.0019     9.76    0.357  -3.02   0      663.7     42302.45     154.5567
       157    945.7715    838.9805      7043.51     384.8971  15.3805   0.0593     8.87    0.497 -21.51   0      30.29     1200.655     72.69504
       158    437.9119    832.2678     10482.61     335.6273  14.9488   0.0348    11.69    0.554   0.65   0      40.12     1446.508     72.73531
       159    977.1680    830.7925     5790.419     378.0784  15.5932   0.0709     6.32    0.331   2.60   0      18.96     685.6235     71.06661
       160    945.6034    826.9703     7402.471     422.0095  15.3266   0.0619    10.62    0.577  -0.53   0      26.42     913.7556     71.79247
       161    264.7276    827.0076     4792.887     392.0985  15.7985   0.0888     7.18    0.581  -0.76   0      17.32     629.1492     70.51131
       162     22.7816    826.0797     10817.79      549.021  14.9147   0.0551     8.54    0.639  -7.42   0      20.34       541.61     70.41682
       163     49.2842    823.2082     23383.54     607.7411  14.0777   0.0282     9.86    0.523  -3.98   0      62.05     2214.241     75.62285
       164    557.6481    823.0993         6667     377.7299  15.4402   0.0615    10.16    0.581  -3.23   0      25.47     912.7767     70.48686
       165    605.2092    823.1999     5248.395     382.9726  15.6999   0.0792     6.16    0.467   5.04   0      17.05      654.186     70.59196
       166    347.3112    818.8374     4837.499      344.505  15.7884   0.0773     8.58    0.446  -1.15   0      18.85       666.96     70.25727
       167    293.6968    818.1060     4294.675     248.0287  15.9177   0.0627     8.73    0.637  -4.88   0       18.8     674.8701     70.28285
       168    823.9859    817.3967     5887.707     421.1929  15.5751   0.0777     8.61    0.697  -1.55   0      19.13     647.1415     70.56928
       169    234.1180    816.5573     10902.18      414.416  14.9062   0.0413    10.13    0.541  -3.08   0      37.89     1379.694     72.52623
       170    416.6769    812.5173     43262.78     508.5186  13.4097   0.0128     9.54    0.459  -7.23   2      121.8      4026.37     80.22852
       171    728.5057    812.6972      11875.5     470.2762  14.8134   0.0430    12.70    0.539 -18.03   0      35.77      1185.29     71.73015
       172    489.2484    814.4636     3488.451     328.8507  16.1434   0.1024     6.10    0.554 -10.94   0      15.07     564.2416     70.30179
       173     41.0757    809.2829     51979.12      467.129  13.2104   0.0098     9.74    0.447  -2.98   8      153.2      6015.07     85.67712
       174    258.0349    808.6755     15440.71     505.1838  14.5283   0.0355    10.51    0.528  -2.85   0      51.66     1848.089     74.33646
       175    147.2043    805.8411     8739.567     382.4518  15.1463   0.0475    11.44    0.578  -6.16   0      31.33     1146.212     72.52463
       176    907.7571    793.9309     329572.6       649.48  11.2051   0.0021     9.79    0.331  -2.19   0      610.7     38162.75     148.4337
       177    814.1855    804.3823     9780.844     332.1764  15.0241   0.0369    10.47    0.510  -3.10   0      35.98     1220.301     72.39165
       178    543.2835    805.6386     2337.795      127.613  16.5780   0.0593     0.94    0.068  80.00   0      40.53     2386.103     75.61423
       179    961.6133    803.0210     21982.47     672.8795  14.1448   0.0332    14.32    0.474  -6.18   2      53.81     1836.399     74.47865
       180    959.7468    796.9310     13411.37     523.5872  14.6813   0.0424    12.18    0.556  -4.78   3      36.49     1140.338     71.95644
       181    717.3887    803.8629      5779.77     423.4855  15.5952   0.0796     8.12    0.496  -2.28   0      19.78     671.1389     70.64652
       182    443.3759    802.5938     17063.97     548.5927  14.4198   0.0349    10.17    0.534  -2.60   2       50.6     1843.693      74.5009
       183    173.9983    803.2147     6768.443     409.7269  15.4238   0.0657     9.77    0.569  -6.52   0      22.44     685.7357     70.69347
       184    871.3868    803.0075      3364.36     302.5562  16.1827   0.0977     6.76    0.545  -5.93   0      15.39     546.0738     70.24303
       185    684.2784    800.7324     15228.67     587.4736  14.5433   0.0419    11.38    0.516   1.74   0      40.64     1355.683     72.45095
       186    252.4957    795.6623      18723.3     502.0656  14.3190   0.0291     9.77    0.491  -4.15   0      60.86     2148.557     74.89684
       187    603.5333    791.5250     46670.91     486.1213  13.3274   0.0113     9.80    0.462  -3.25   0      141.4      5514.81     84.65297
       188    106.1044    793.8660      10036.5     421.8597  14.9960   0.0456     8.57    0.492   1.46   2      42.73     2045.323     74.58292
       189    664.2896    791.5547     10651.36     535.5257  14.9315   0.0546    10.26    0.485   5.87   0      26.29     893.7811     70.98721
       190    383.7457    791.1041     12930.31     481.2139  14.7210   0.0404    10.81    0.567  -0.77   0      43.06     1596.486     73.02138
       191    361.4295    792.8251     3661.581     315.6224  16.0908   0.0936     7.08    0.647  -5.67   0      15.93     669.6069     71.01537
       192    108.1235    808.6125      49790.4      510.132  13.2571   0.0111    14.88    0.517  -2.71   2      135.4      4980.03      83.5224
       193    714.5411    790.2827     14672.09     479.2819  14.5838   0.0355    10.66    0.531   1.63   0      48.18     1746.164     73.66567
       194    790.9646    790.5775      7942.87      498.491  15.2501   0.0682     8.84    0.584  -4.24   0      22.04     656.2244     71.15879
       195    738.2120    789.5999     34638.45     837.1111  13.6511   0.0262    17.71    0.544 -19.02   0      62.23     1556.698     73.44017
       196    463.8652    785.5162     5117.796     314.5723  15.7273   0.0668     1.86    0.431 -20.86   0      21.61     666.4158     70.44367
       197    303.7421    785.3784     8701.999     476.4425  15.1510   0.0595    11.21    0.509   3.11   0      27.66     1003.329     71.70723
       198    290.4310    804.2916     67287.53     656.0031  12.9302   0.0106    20.96    0.562  -1.30   0      153.4     5555.692     84.29287
       199    773.9064    784.0308      6191.51      445.038  15.5205   0.0781     8.56    0.659  -0.67   0       20.3     549.6697     69.49693
       200    549.9290    782.6703     3948.483     346.7927  16.0089   0.0954     7.34    0.589   0.52   0      16.74     665.9705     70.44223
       201    593.8377    779.1171     12555.99      416.118  14.7529   0.0360    10.19    0.521  -3.83   0       45.3     1651.952     73.55462
       202    419.9147    780.9377      2958.61     143.3121  16.3223   0.0526     4.46    0.119  26.64   0      51.32     2327.842     75.43892
       203    671.8027    777.2365     4477.805     306.6462  15.8723   0.0744     6.86    0.597  -8.92   0      20.13     1159.928      72.5676
       204    916.3087    771.3380     35396.05     614.9136  13.6276   0.0189     9.78    0.457  -2.94   0      96.75     3485.274     78.84882
       205    286.4956    773.6371     9288.807     499.1043  15.0801   0.0584    11.06    0.467   1.97   0      28.92     875.9548     70.55589
       206    226.4440    773.3168     5988.021     376.4431  15.5568   0.0683     9.82    0.644 -16.45   0      19.55     574.2217     69.95663
       207    194.9855    766.9655     9262.747     134.5701  15.0832   0.0158     0.00    0.065  61.10   0      129.5     8859.908     93.76844
       208    994.1047    764.8268     8872.587     428.2443  15.1299   0.0524    10.02    0.594  -2.34   0      32.07     1178.212     71.52289
       209    958.4130    763.5334     12892.64     459.3827  14.7241   0.0387    10.33    0.496  -4.01   0      41.32     1371.548     72.86494
       210    737.7580    762.4816     46730.11     455.2138  13.3260   0.0106    16.34    0.399  -5.00   0      140.4     5200.138      83.6458
       211     99.2288    766.3142     3066.896     295.6924  16.2833   0.1047     6.32    0.627   7.74   0      14.32     542.8657     70.04392
       212     34.0218    763.2304     7030.848     418.6594  15.3825   0.0647    10.05    0.519  -2.86   0      24.62     735.3152     71.22535
       213    587.9546    762.1010     9485.252     344.6894  15.0574   0.0395     9.77    0.490  -4.74   0      34.45     1252.738     71.75932
       214    165.1212    761.7286     25279.69     466.1811  13.9931   0.0200     9.85    0.481   0.98   2      78.64     2766.437     76.74889
       215    153.9948    754.9428     12620.05     447.5701  14.7473   0.0385    11.16    0.548   1.47   3      40.87     1358.226     73.00491
       216    505.2802    762.1325     5167.162     362.5033  15.7169   0.0762     8.58    0.610   0.35   0      18.91     655.8203     70.22122
       217    248.3933    759.7128     11332.11     454.2599  14.8642   0.0435     9.87    0.492  -7.21   0      37.04     1271.385     72.55184
       218    863.6455    760.5533     5490.349     395.0238  15.6510   0.0781     7.34    0.431   1.22   0      19.04     697.1618     70.91709
       219    825.7885    757.6490     4672.586     380.0273  15.8261   0.0883     8.26    0.526  10.68   0      17.28     545.9975     70.43098
       220    445.8033    756.6647     10373.51     479.3149  14.9602   0.0502    12.04    0.558  -1.15   0      33.74     1202.016     72.51698
       221    529.9951    756.3424      3255.13     136.7026  16.2186   0.0456     0.98    0.171  89.57   0      55.49     3250.803     78.67642
       222    197.7220    751.1021     13015.84     485.3625  14.7138   0.0405    15.80    0.706  -6.45   0      31.31     731.7788     70.46664
       223    754.8054    750.9531     5774.696     303.2722  15.5962   0.0570    10.50    0.504   9.64   0      23.06     731.3085     71.02644
       224    465.7840    750.7823     11291.21     483.1864  14.8681   0.0465     9.70    0.543  -4.94   0      35.51     1365.585     72.84634
       225    620.0639    749.1700     5857.314      427.416  15.5808   0.0792     9.10    0.652   8.09   0      20.57     622.5209     70.48994
       226    380.1006    750.0003     5482.662     394.1808  15.6525   0.0781     8.75    0.514   4.77   0      20.06     702.9754     70.74887
       227   1007.7748    749.8080     5184.876     381.2026  15.7132   0.0798     7.52    0.495 -10.98   0      19.46     730.3325     71.02332
       228    310.8065    747.3804     12271.39     590.2661  14.7778   0.0522    14.54    0.764  14.92   0       28.6     665.3023     70.62775
       229    780.6157    749.0754     3590.816     328.9215  16.1120   0.0995     6.84    0.608  -9.33   0      15.83     584.7169     70.55581
       230    282.6034    748.4764     4715.101     291.3313  15.8163   0.0671     9.01    0.549  -1.31   0      18.97     701.8524     70.74526
       231    710.0256    743.4517     65917.43     527.4036  12.9525   0.0087    15.46    0.477   0.34   0      182.5     7191.147     89.48474
       232    835.5710    744.8730      6820.04      313.697  15.4155   0.0500    10.00    0.502   5.09   0      25.42     897.0065     71.36945
       233    681.6732    741.0798     33399.07     673.7842  13.6907   0.0219    15.94    0.607 -24.14   0      84.04     2640.911     76.37627
       234    531.5215    735.2430     47741.91     635.8047  13.3028   0.0145    11.54    0.548 -14.09   2      121.2     4510.947     81.91352
       235    506.7468    738.4135     37734.68     654.8436  13.5581   0.0188    10.07    0.511   0.33   3      92.89     3372.975     79.02856
       236    482.3535    737.0224     59255.61     505.2437  13.0682   0.0093     9.91    0.455  -3.26   0      170.3     6755.972     88.37257
       237     28.2838    739.4866     12604.78     504.5626  14.7487   0.0435    10.51    0.520  -1.79   0      41.14     1378.338     72.70428
       238    318.3331    739.0820     6214.167     422.1537  15.5165   0.0738     8.10    0.544  -6.59   0      20.63     666.8148      70.2568
       239     49.4241    738.3746     7315.421     484.0551  15.3394   0.0719     8.94    0.535  -6.02   0      19.52     667.9927      71.0102
       240    964.7810    730.8896     76058.99     529.8857  12.7971   0.0076     9.82    0.416  -2.39   0      207.6     8563.241     92.18909
       241    191.4205    730.6223     131885.2     568.0674  12.1995   0.0047     9.99    0.424   2.97   0      319.4     14521.69     106.4875
       242    728.0844    729.5458     53000.43     455.4365  13.1893   0.0093     9.64    0.457  -2.68   0      159.8     6372.607     86.77304
       243    844.4935    730.6980     7094.502     351.6826  15.3727   0.0538    10.19    0.573  -2.39   0      26.15     952.5577     70.98892
       244    596.6268    728.4144     16463.67     514.7247  14.4587   0.0340    14.91    0.460 -10.33   0         50     1449.327     73.46836
       245    880.3136    729.8210     7542.916     484.8449  15.3062   0.0698    10.52    0.444 -19.77   0      23.54     594.8011     70.02346
       246     91.9486    729.5222     9288.545      396.369  15.0801   0.0463    11.01    0.470  -0.93   0      33.01     1132.263     71.93093
       247    451.7356    727.2336     11181.63     440.8746  14.8787   0.0428    12.49    0.531  -3.61   0      38.97     1252.235     72.49183
       248    156.0888    726.4166     20305.73     506.7151  14.2310   0.0271    14.66    0.450   2.26   0      63.19     2205.478     75.06937
       249      9.2474    726.4271     17905.59     409.4432  14.3675   0.0248    10.15    0.476  -3.44  16      61.45     2203.807     75.76639
       250     84.2566    719.6238     3825.929     364.3961  16.0432   0.1034     6.82    0.672  -5.17   0      15.32     587.0683     70.37554
       251    235.3089    715.0074     54199.23     554.8928  13.1650   0.0111     9.94    0.486   0.13   2      149.5     5841.611     85.68049
       252    223.0085    707.4921     15812.87     650.2513  14.5025   0.0447    12.95    0.465   5.16   3      34.11     995.9651     71.68388
       253    196.9169    713.3045        56274     632.0775  13.1242   0.0122    12.21    0.536 -16.65   0      142.8     4929.935     82.90838
       254    576.2044    715.5767     7249.112     486.0707  15.3493   0.0728     9.49    0.569  -4.74   0      21.74     692.2961     70.71455
       255    509.8147    716.2402     6440.787     436.1536  15.4777   0.0735     9.91    0.584  -4.14   0      23.55     808.3566     71.64304
       256    491.0885    712.5796     12530.15     602.5714  14.7551   0.0522    11.22    0.351  11.84   3         25     710.8636     70.39915
       257    477.3364    707.5865      33625.7     560.1578  13.6833   0.0181    10.15    0.456  -1.08   2      98.94     3488.385     79.19279
       258    953.9865    709.7044     69371.77     510.4226  12.8970   0.0080    11.04    0.431   0.59   0      192.2     7823.278     90.63901
       259    709.5048    711.7166     16805.38     580.1518  14.4364   0.0375    13.23    0.523  -1.36   0      47.03     1458.622     72.95481
       260    635.6066    709.2132     15094.23     542.9216  14.5530   0.0391    15.68    0.718  -9.69   0      37.22     1287.358     72.60187
       261    811.9805    707.1479     12151.22     528.7035  14.7885   0.0473     9.85    0.394 -15.00   3      36.55     1252.359     72.67459
       262    801.0297    706.7847     15193.09     641.8376  14.5459   0.0459    12.80    0.675  -2.70   3      36.86     955.9523     71.92593
       263     17.0613    707.8386     9504.587     493.2003  15.0552   0.0564    11.11    0.569  -3.45  16      27.02      947.047     71.52863
       264     72.1359    711.7166     4967.611      394.723  15.7596   0.0863     8.60    0.668 -10.95   0      18.38     672.7367     70.27596
       265     43.0618    699.5993       122534     553.6577  12.2794   0.0049     9.64    0.345  -4.74   0      301.5     13645.11     104.4733
       266    405.5659    698.5518     119926.7     534.3185  12.3027   0.0048     9.84    0.388  -4.10   0      299.5      13407.6     103.8279
       267    361.5038    703.5427     11442.99     537.0953  14.8537   0.0510    11.41    0.512  -5.48   0       31.4     1057.811      71.3251
       268    183.3785    695.6575     46595.93     443.3611  13.3291   0.0103     9.96    0.452  -2.38   0      142.8     5497.219     84.76204
       269    977.4148    696.6946     7545.897     306.7618  15.3057   0.0441    10.48    0.597  -1.46   0      29.17     1127.221     71.73071
       270    282.6472    693.9097     49587.16     494.8937  13.2616   0.0108    16.03    0.465  -2.97   0      147.4     5491.515     84.43378
       271    485.7209    691.2897     9215.838      536.152  15.0887   0.0632     9.01    0.202 -79.97   0       23.5     674.0468     70.46828
       272    336.7796    690.2589     9108.541     508.2214  15.1014   0.0606    10.52    0.625  -3.76   0      23.48     752.8085     70.90877
       273     88.7639    689.3256     6327.372     409.4822  15.4969   0.0703    10.04    0.606  -2.94   0       20.3     655.7163     70.59689
       274    945.7432    689.0063     3954.549     280.3063  16.0073   0.0770     7.57    0.625   0.27   0      17.11     632.7438     70.71034
       275    875.0657    686.8742     6248.991      357.672  15.5105   0.0622     9.74    0.453  -5.08   0      24.32     928.5815     71.28448
       276    849.9164    687.7476     4127.547     319.0844  15.9608   0.0840     7.44    0.469   1.79   0      17.86     650.4398     70.20381
       277    301.1860    686.9667     8874.488     465.9916  15.1296   0.0570    10.59    0.536  -3.25   0       26.9     875.3394     71.85521
       278    358.1026    686.4755     8378.664     471.3996  15.1921   0.0611     7.63    0.657 -13.73   0      21.31     639.7455     70.16918
       279    239.5906    683.2477     12013.99     397.9287  14.8008   0.0360    10.64    0.505  -1.49   0      40.91     1409.468     73.34496
       280    751.5972    680.5581     37666.84     522.1051  13.5601   0.0151     9.81    0.462  -2.15   0      114.1     4247.775     81.66776
       281     58.1044    682.6635     5868.339     418.0279  15.5787   0.0774     8.69    0.485  -5.03   0      20.05     649.1658     70.19968
       282    813.3604    682.7979     3414.974     324.7492  16.1665   0.1033     6.75    0.634  -9.87   0      15.05     558.3915     70.65855
       283    720.4668    679.5023     15027.53     521.1228  14.5578   0.0377    13.02    0.524  -8.45   0      46.02     1448.267      72.7408
       284    361.1986    677.4812     13008.84     623.7963  14.7144   0.0521    12.73    0.498  13.98   0         31     778.1505     71.17616
       285    917.4183    675.7889     10860.26     442.2082  14.9104   0.0442    10.07    0.461  -1.94   2      36.21     1213.516     72.37034
       286     90.1149    675.3152      5749.88     425.8074  15.6009   0.0804     8.04    0.581  -3.25   0      19.76     619.1686     70.29107
       287    343.2559    673.7673     9455.656     527.5435  15.0608   0.0606    11.18    0.589  -1.85   0      27.43     915.5911     71.24305
       288    530.5825    670.6445     6446.968     299.3864  15.4766   0.0504     2.94    0.489  46.69   3      29.95     2013.339     75.19289
       289    524.6058    666.3465     15755.14     755.6812  14.5064   0.0521    14.53    0.583  79.89   2      31.41     628.1422     70.69555
       290    286.4265    671.6031     9450.865     533.7775  15.0613   0.0613    10.64    0.634 -17.24   0      25.43     745.5073     71.07185
       291    672.9049    669.5154     16571.54     503.7253  14.4516   0.0330    10.30    0.519   1.19   0       52.2     1737.354     73.81802
       292    582.3211    667.5765     7232.748     378.0702  15.3517   0.0568    11.10    0.514  -7.95   0      27.54     899.8427     71.37848
       293    561.0294    664.6733     61966.77     528.2104  13.0196   0.0093    11.55    0.400  -4.30   0      177.8     7056.269     88.84404
       294    993.6112    665.7524     19712.65     422.3657  14.2631   0.0233    10.98    0.545  -3.96   0      63.79     2338.586     76.16961
       295    695.2452    666.9973     3450.085     320.6721  16.1554   0.1009     6.39    0.649 -10.97   0      14.33      592.215     70.57996
       296    374.1747    667.1681     5837.821     434.3181  15.5844   0.0808     7.33    0.693   7.69   0      18.45     602.0121     70.79871
       297     87.3935    666.4177     6385.531      444.393  15.4870   0.0756     7.82    0.522  -9.18   0      19.29     580.0806     70.35297
       298    793.3040    664.1990     3830.672     146.9578  16.0418   0.0417     0.00    0.321  31.00   0      57.37     2782.665     77.14088
       299    725.8481    663.8270     7434.139      462.435  15.3219   0.0676     9.87    0.583  -7.38   0      24.13     746.2225     71.26014
       300   1014.4708    662.7784     4059.324     313.8067  15.9789   0.0840     3.58    0.258   1.76  16      14.73      618.759     70.47781
       301    139.4856    660.2974     9449.396     411.2113  15.0615   0.0473    12.12    0.474  -8.49   0      34.32     1126.946     71.72983
       302    472.1610    660.6583     3705.282     142.1826  16.0779   0.0417     2.54    0.360 -64.27   0      61.94     3000.393     77.77971
       303    417.8688    658.7024     10390.26     413.3354  14.9584   0.0432    11.03    0.557  -5.30   0      34.48     1158.551      71.8299
       304     93.0942    658.4341     6555.956     445.9667  15.4584   0.0739     8.35    0.438 -13.29   0      21.04     764.4115     70.19567
       305    198.2082    654.6794     100406.5     535.9225  12.4956   0.0058     9.78    0.416  -4.23   0      260.9     11218.61     98.92035
       306    732.9330    654.6655     22751.16     482.4123  14.1075   0.0230    10.16    0.489  -2.91   0      71.85     2602.619     76.43562
       307    865.1859    656.8109       4375.3     380.7196  15.8975   0.0945     6.44    0.580  -9.25   0      16.11     546.2872     70.24372
       308    541.5652    655.6396     8018.792     495.1955  15.2397   0.0671     9.79    0.504  -6.61   0      23.32     719.6305     70.80235
       309    626.1193    651.9183     4489.127     354.6909  15.8696   0.0858     6.31    0.506  -4.60   0      16.59     628.7002      69.9444
       310     10.2148    648.8203     4395.482     364.7511  15.8925   0.0901     6.63    0.479  -7.24  16      16.66     559.7735     70.47542
       311    533.7248    645.6105     14426.98     530.3053  14.6021   0.0399    10.89    0.531  -2.66   2      46.14     1590.033     73.72302
       312    542.2062    639.5798     13933.22     590.9055  14.6399   0.0461    12.02    0.491   0.49   3      33.47     902.4393     71.38675
       313    177.6995    642.8799     20114.49     483.2273  14.2412   0.0261     9.73    0.466  -0.10   0      67.56     2411.702     75.51606
       314    896.4283    639.5118     10998.45     502.5232  14.8967   0.0496    11.57    0.554  -2.68   2      33.24     1156.045     71.82197
       315    775.3232    640.7840     8861.314      504.188  15.1313   0.0618    10.86    0.591  -5.40   0      23.93      770.107     71.15047
       316    337.3801    641.1184     4184.211     351.6838  15.9460   0.0913     8.04    0.589   2.67   0       16.4     582.0806     70.35944
       317    368.4253    640.2005     5482.828     406.5787  15.6525   0.0805     8.25    0.603  -4.31   0      20.27     681.8522     70.86801
       318    873.5035    636.3866     6357.934     448.0869  15.4917   0.0765     8.28    0.538 -18.79   0      20.67     578.3671     70.15902
       319    153.0886    634.7314     12494.14     499.2378  14.7582   0.0434    13.46    0.539  -1.95   3      35.86     1056.392     71.50594
       320    155.0651    627.7851     10192.07     361.0865  14.9793   0.0385    11.31    0.463  -2.94   3      36.25     1229.561     72.42072
       321    196.7665    634.3116     5774.674      417.977  15.5962   0.0786     8.84    0.495  -4.99   0      20.17     588.0283     70.00147
       322     14.0589    631.5985     11649.65     519.6476  14.8342   0.0484    10.16    0.500  -3.75  16      34.04     1262.653     72.70677
       323    920.9598    628.4893     19980.31     386.5142  14.2485   0.0210    14.18    0.578  -1.08   0      65.97     1938.505     74.25671
       324    834.9082    628.4990     18130.23       551.44  14.3540   0.0330    12.41    0.419   3.82   0       51.7     1552.967      72.8858
       325    676.8069    621.5079     225711.7     669.8817  11.6161   0.0032     9.98    0.204   6.16   0      449.5     19607.17     116.6114
       326    325.1124    626.5436     15467.84     531.3743  14.5264   0.0373    11.14    0.524  -2.76   2      45.35     1569.338      73.1181
       327    203.6872    628.6810      2964.69     154.4355  16.3201   0.0566     5.50    0.430  44.44   0      47.17     2199.223      75.2266
       328    882.4781    621.4562     20306.92     489.4412  14.2309   0.0262    10.63    0.518  -3.40   0      66.02     2375.174     75.58138
       329    531.7755    621.3470      15464.1     613.4648  14.5267   0.0431    10.66    0.437   3.17   0      37.88     1113.805        72.24
       330      9.6836    618.3743     68839.45     487.6336  12.9054   0.0077     9.82    0.438  -4.84  24      194.6     7827.668     90.65002
       331    715.0933    620.9573     5347.852     127.7873  15.6796   0.0260     0.00    0.051  -3.16   0      82.74     5245.175     83.60991
       332    512.3987    617.8816     26248.43     522.2053  13.9522   0.0216     9.62    0.413  -2.60   0      78.02     2685.457     77.02599
       333    268.9863    617.4128     27760.25     582.7264  13.8914   0.0228    10.08    0.474  -2.53   0      79.97     2918.232     77.53926
       334    995.7303    614.4977     72471.02     527.7178  12.8496   0.0079    13.71    0.451   0.48   0      201.3     8335.916     91.62695
       335    460.3530    614.9479     17035.63     622.6097  14.4216   0.0397    12.19    0.264 -14.12   0         44     1150.682     72.35592
       336    366.4180    614.2719      34469.7     552.7716  13.6564   0.0174    10.41    0.398  -2.81   0      98.01     3231.135     78.61959
       337    904.5264    612.8665     6156.703     316.3698  15.5266   0.0558    10.66    0.461   0.97   0      23.36     848.9286     71.03007
       338    588.2952    613.0717     8279.686     311.5826  15.2050   0.0409    10.17    0.480 -12.92   0      32.08     1087.747     71.42043
       339    876.2842    612.1592     10283.15     490.1951  14.9697   0.0518    12.37    0.347  -8.36   0      29.31     712.8523     70.40557
       340    307.4713    610.1095     3989.417     312.6995  15.9977   0.0851     7.97    0.647  -1.23   0      16.57     597.4148      70.2207
       341    118.5721    595.9005      1257818     937.8133   9.7510   0.0008     9.70    0.333  -2.15   0       1346     139675.4        260.9
       342    781.8067    604.4091     20561.55      455.234  14.2174   0.0240    11.02    0.488   2.57   0      65.21     2221.947     75.47081
       343    205.0155    603.9174     6078.947     445.7235  15.5404   0.0796     8.63    0.582  -4.21   0      19.94     563.5656     70.29961
       344    109.9340    629.9159     3870.771     317.8621  16.0305   0.0892     7.12    0.582  -0.72   0      17.09     655.7593     70.40928
       345    659.0262    595.7256     111206.8     598.0342  12.3847   0.0058    20.18    0.360 -11.42   0      263.8     10059.36     96.22009
       346    363.8307    598.0393     9630.829      450.479  15.0408   0.0508    11.91    0.588   0.24   0      32.71     1064.803     72.26906
       347    693.3136    597.3416     7781.966     392.9861  15.2723   0.0548     5.34    0.278 -51.57   2      22.45     612.6207     70.08127
       348    564.5852    595.3147     20019.21      621.572  14.2464   0.0337    10.53    0.523  -3.36   0      50.35     1832.491     74.11035
       349    191.3475    592.9838     25223.85     616.5334  13.9955   0.0265    15.80    0.623  -1.84   3      66.57     2400.771     76.18137
       350    203.3514    591.7285     17055.39     659.7763  14.4203   0.0420     4.39    0.289   2.22   3      38.68      1172.22     72.24054
       351    583.1161    590.1193     12492.69     526.3414  14.7584   0.0458     9.94    0.603  13.47   2      47.71     1963.485     74.33313
       352      4.3943    591.2406     8233.209     382.1508  15.2111   0.0504    10.67    0.223  11.26  24      28.24     951.2352     71.91103
       353    396.0320    588.7774     8486.554     432.6532  15.1782   0.0554    10.72    0.589  -5.80   0      28.71     1040.745     72.19337
       354    235.8657    588.8965     8265.421      395.782  15.2068   0.0520    10.83    0.559  -3.94   0       28.9     1033.024     71.43163
       355    344.9741    587.9977     4491.372     362.0793  15.8691   0.0875     7.03    0.633  -4.60   0      16.09     577.3395     70.53204
       356     59.5997    584.7254     24548.25     548.6772  14.0249   0.0243    10.38    0.461  -1.86   0      72.41     2535.982     76.41064
       357    176.1130    582.9758        13270     529.8092  14.6928   0.0434    12.88    0.510  -3.25   0      41.77     1369.489     72.49425
       358    364.9045    582.4723     5260.246     382.9796  15.6975   0.0791     8.26    0.598 -11.22   0      19.19     618.4259     69.91101
       359    826.5636    576.0419     17741.99     447.2134  14.3775   0.0274    10.06    0.513  -1.10   0      60.57     2250.772     75.73256
       360    713.3409    578.6752     6878.345     464.3048  15.4063   0.0733     8.20    0.560   4.04   0      19.26     613.7194     70.27345
       361     71.4809    577.1474     10134.84     538.3885  14.9855   0.0577    10.26    0.599   1.36   0      26.51       792.35     70.66173
       362    334.7751    574.6080     5894.945     404.3613  15.5738   0.0745     8.20    0.472  -2.46   0      20.37     730.5621     71.02405
       363    279.6863    573.4434     6806.512     449.0519  15.4177   0.0716     9.11    0.506  -8.99   0      20.82     662.8434     70.24395
       364    168.2810    571.4041     11828.16     539.7164  14.8177   0.0496     9.51    0.475  -1.33   0      33.45     1076.389     72.12218
       365    624.2830    568.3038     14638.43     508.7406  14.5863   0.0377    13.64    0.436  -2.48   0      46.23     1567.005     73.11085
       366    502.7619    563.3317     4140.811     345.9635  15.9573   0.0907     7.86    0.610   6.37   0       17.4     612.1665     70.45655
       367    185.4790    562.5372     10095.44     374.5226  14.9897   0.0403     8.89    0.414  -5.40   0      42.14     3234.303     78.29133
       368    551.9305    562.8431     4333.686      347.045  15.9079   0.0870     7.67    0.555  -1.10   0      17.39     645.6425     70.56445
       369    224.8232    554.3843     36770.51     605.6651  13.5863   0.0179    12.62    0.529 -18.54   2      94.16     3336.918     79.09233
       370    866.3096    559.6071     6162.446      381.785  15.5256   0.0673     8.57    0.492  -0.97   2      22.58     667.3022     70.63418
       371    738.3959    554.3568     36586.93     474.4595  13.5917   0.0141     9.80    0.472  -3.35   0      115.8     4456.796     82.24738
       372    586.5133    557.2748      5511.58     349.7132  15.6468   0.0689     9.32    0.633  -3.64   0      20.38     712.6569     70.21667
       373     19.8766    554.4872     30761.08     479.3162  13.7800   0.0169     9.83    0.443  -2.47  19      97.46     3500.774     78.89348
       374     19.0789    546.4036     19327.98     570.7973  14.2845   0.0321    10.73    0.465  -3.20  19      51.31     1649.031     73.90468
       375    141.8469    549.5041     211414.3      580.525  11.6872   0.0030     9.88    0.375  -3.17   2      447.5     22638.04     122.0511
       376     77.1229    551.8265      5042.26     377.6284  15.7434   0.0813     8.05    0.463   0.80   0      19.26      661.508     70.61553
       377     50.8881    551.2931     5705.207     365.5663  15.6093   0.0696     9.50    0.603 -10.88   0      20.11     625.4273      70.3113
       378    685.6133    548.9697     7885.687     413.5594  15.2579   0.0570     9.97    0.511  -1.27   0      26.79     1021.163     72.13169
       379    867.5334    547.9957     8625.251     483.3022  15.1606   0.0609    10.10    0.525   1.14   0      26.39      929.457     71.47271
       380    404.4650    547.9973     7609.731     445.7617  15.2966   0.0636     7.99    0.645  -0.47   0      19.59     589.7549     70.57204
       381    967.3262    540.2308     230782.8     603.6098  11.5920   0.0028     9.73    0.372  -2.24   3      476.8      25910.6     128.3098
       382    961.0754    527.1905     166989.8     608.0822  11.9433   0.0040    15.61    0.401  -4.55   3      371.3     17779.59     112.9934
       383    100.2464    544.8319     9099.396     371.2532  15.1025   0.0443    11.33    0.548  -2.01   0      33.68     1164.372     72.58151
       384      7.5175    540.5678     9044.052      432.946  15.1091   0.0520    10.78    0.574  -0.46  17       26.5     899.2896     71.19102
       385   1010.3433    537.2816     19920.09     441.6257  14.2518   0.0241    13.56    0.538  -1.02  16      65.94     2187.269     75.01422
       386    541.3026    537.3373     10922.43     451.1302  14.9042   0.0449    10.57    0.499  -2.37   0      37.75     1251.779     72.12428
       387    479.4501    537.6985     8798.457     504.8156  15.1390   0.0623    10.92    0.514   1.69   0      25.72     779.6711     70.43325
       388    267.6246    537.0509     4390.069     388.4724  15.8938   0.0961     7.10    0.441   2.62   0      16.78       553.63     70.64323
       389     43.2264    537.2169     4820.387     384.4439  15.7923   0.0866     7.89    0.640  -3.77   0      17.98     588.0366     70.75384
       390    491.8287    533.7142     17080.79     702.0662  14.4187   0.0446    13.31    0.386   4.16   0      35.67     858.9949     71.06227
       391    302.0435    525.7151     204135.2     586.1981  11.7252   0.0031     9.91    0.384  -3.00   0      443.8     22978.22     122.7907
       392    829.8915    529.7296      6362.42     426.9101  15.4909   0.0729     9.03    0.562   4.97   0      20.53     696.7553     70.54149
       393      2.9772    528.7919     2862.867     245.3682  16.3580   0.0931     5.07    0.193  87.28  16      14.78      600.148      70.6055
       394    884.2468    525.0693     13731.87     654.0928  14.6557   0.0517    11.14    0.664  -6.55   0      27.53     745.9335     70.88673
       395    335.9309    524.0612     8267.024     132.8778  15.2066   0.0175     4.42    0.039 -23.77   0      112.1         8016     91.26612
       396    679.0790    521.3119     11423.76     424.1696  14.8555   0.0403    12.04    0.532   1.11   0      39.46     1289.561     72.24323
       397    604.4968    515.9976     34333.62     469.8706  13.6607   0.0149    15.33    0.467  -5.52   0      107.6     3795.129     80.06826
       398   1002.4293    514.0588     49856.68     513.3945  13.2557   0.0112     9.85    0.509  -0.72  16      146.6     5993.855     86.08337
       399    119.0625    512.3563      23946.3     482.2893  14.0519   0.0219    10.03    0.497  -2.13   0      75.89     2716.827     76.94666
       400     58.1081    513.4532     10196.57      421.946  14.9789   0.0449    11.47    0.493   0.50   0      35.13     1172.457     71.87389
       401    840.3570    513.7836     5988.024      143.498  15.5568   0.0260     1.03    0.045   0.55   0      78.16     5808.378     85.90103
       402    691.5437    513.2020     7086.801     413.9204  15.3739   0.0634    10.46    0.553  -3.98   0      25.92     904.8206     71.39433
       403    365.3117    511.2446     24960.71     678.7776  14.0069   0.0295    13.64    0.569 -12.78   0      59.85      1935.32     74.24696
       404    965.5671    512.2499     8486.675     508.5943  15.1782   0.0651     9.59    0.589  -8.24   0      22.46     716.9039     70.79359
       405    383.7686    552.0463     5062.188     381.1295  15.7392   0.0818     7.76    0.579  -1.26   0      18.43     757.9023     71.29739
       406    327.5940    506.4051       104312     583.6199  12.4542   0.0061     9.75    0.402  -2.66   2        261     10828.38     98.01968
       407     11.5068    509.8860     5375.123     384.7717  15.6740   0.0777     7.90    0.751  -1.75  16       16.3      618.829     70.28997
       408    217.7000    504.6311     35724.63     457.7089  13.6176   0.0139    13.83    0.474  -3.28   0      109.4     3990.556     79.79591
       409    798.4459    504.4651     8020.207     507.7345  15.2395   0.0688     9.90    0.643   1.19   0      24.09     753.7504     70.91179
       410    586.4382    498.2659     13215.71     510.7032  14.6973   0.0420    10.78    0.526  -0.91   2      45.14     1286.602     72.59949
       411    762.4234    499.6187      17310.9     413.9378  14.4042   0.0260    10.08    0.513  -1.19   0      58.28     2199.216     75.75262
       412    437.3581    498.4333     16046.06     381.6011  14.4866   0.0258    10.39    0.470  -3.53   0      55.38     1910.251     74.88065
       413    108.0795    496.7593     18506.36     650.6837  14.3317   0.0382    15.14    0.632  -6.38   0      41.29     2076.702     75.03215
       414    506.8292    495.9397     8614.833     447.0147  15.1619   0.0564    11.89    0.495 -12.62   0      28.55     896.7675     71.18298
       415    717.9251    495.9421     6448.791     380.2187  15.4763   0.0640     9.91    0.554  -6.29   0      24.08     753.7984     70.72503
       416    907.5674    487.0844       190122     565.7302  11.8024   0.0032     9.85    0.388  -3.20   2        417     20860.06      118.917
       417    214.9059    493.5094     11744.74     182.0331  14.8254   0.0168     6.24    0.441  82.00   0      128.8     9887.812     95.67577
       418     33.2233    485.0111     117882.8     604.4108  12.3214   0.0056    11.24    0.450   9.92   2        272     10913.42     98.35134
       419    343.0714    482.0764     67623.63     593.6287  12.9248   0.0095    10.06    0.452  -3.28   0      178.8     7037.909     88.49842
       420    109.7418    486.0507     8520.947     417.0941  15.1738   0.0532    10.99    0.551  -4.03   0      31.87     1196.296     72.49905
       421    530.7437    481.8544     27417.74     554.0613  13.9049   0.0219    10.17    0.479  -2.03   0      77.51     2728.879     77.32539
       422      9.1857    480.9288     18557.36     463.6065  14.3287   0.0271    10.14    0.531  -2.89  16      59.95     2209.812     75.60954
       423    368.9848    476.1695     20068.11     604.3135  14.2437   0.0327    10.19    0.459  -3.83   0      53.42     1800.685     74.54736
       424    709.0187    471.9330     9280.103     484.2939  15.0811   0.0567     0.00    0.337  -8.31   0      33.14     706.1104     70.94576
       425     54.3154    472.6967     17761.21     632.8884  14.3763   0.0387    12.40    0.548  -5.46   0      40.29     1517.549     72.95694
       426    352.3280    471.4069     19067.83     620.1577  14.2992   0.0353    11.18    0.529  -1.21   1         45     1416.869     73.00616
       427     25.6922    470.1196     20607.44     668.4662  14.2149   0.0352    16.17    0.676  -2.93  16      48.62     1646.648     73.53822
       428   1002.9850    471.3860     5572.785     393.3924  15.6348   0.0767     8.77    0.619  -7.49   0      19.81     694.3608     70.72119
       429    685.5358    471.2368     3754.599     333.0333  16.0636   0.0963     6.81    0.631  -6.07   0      15.65     616.7198     70.47124
       430    846.0250    466.4662     45575.51      480.815  13.3532   0.0115     9.77    0.476  -2.82   0      139.1     5537.783     84.87074
       431    642.7957    468.4727     7575.237     469.6048  15.3015   0.0673     9.62    0.567  -1.74   0      23.84     770.2987     70.77803
       432    214.5422    468.8497     4692.744     378.2938  15.8214   0.0875     7.17    0.499  -4.92   0      18.03     629.7493     70.70072
       433    754.0787    467.1974     7225.013     449.2636  15.3529   0.0675     9.84    0.513 -12.08   0      24.11     776.1132     70.98343
       434    285.5046    463.7638     8186.389     382.9879  15.2173   0.0508    10.18    0.639  -4.88   2      28.37     830.7392      70.4101
       435    543.7073    461.7801     31172.82     557.3835  13.7656   0.0194    10.17    0.483  -4.80   0      91.08     3281.379     78.08958
       436    248.0005    461.8524      19487.1     150.8527  14.2756   0.0084     4.43    0.104  89.80   0      184.3     19463.21     116.3305
       437    963.9734    459.9949     37359.32     175.7278  13.5690   0.0051     4.34    0.070   7.34   0      276.9      36697.2     146.2631
       438    865.1971    456.7089     15483.78     399.0772  14.5253   0.0280     6.31    0.395 -13.94   0      60.52     1833.094      74.2906
       439    521.5040    458.0029     10601.75     173.1159  14.9366   0.0177     3.18    0.465  -0.41   0      123.7     9060.209     93.83041
       440    376.9204    450.4365     283464.5     612.4166  11.3688   0.0023     9.89    0.378  -3.94   0      555.5     31973.93     138.6343
       441    258.4880    452.3026     121929.6     544.9736  12.2847   0.0049    15.80    0.411  -1.76   0      299.7     13129.77     102.8325
       442    433.8781    452.1202     51885.24     487.8752  13.2124   0.0102    10.91    0.435  -1.08   0      151.6     5730.264     84.91827
       443    228.4555    454.0924     17108.08     596.5796  14.4170   0.0379    10.56    0.488  -0.68   0      42.15     1419.859     72.65199
       444    765.6874    449.8576     11529.38     488.7455  14.8455   0.0460    10.78    0.518   2.98   0      36.03     1221.812     72.02979
       445    561.0486    449.8389     13645.11     586.2965  14.6626   0.0467    12.02    0.549  -2.54   0       32.8     1140.551     72.14084
       446     66.4361    446.1713     47227.91     464.0992  13.3145   0.0107     9.73    0.393  -4.94   0      140.1     5667.349     85.52709
       447    948.1052    448.4539     14236.51      569.348  14.6165   0.0434    13.31    0.634  -1.95   2      39.04     1350.494     72.25169
       448    935.3597    448.5085     9141.316     515.3486  15.0975   0.0612     9.81    0.459  -6.75   3       25.1     858.9128     70.68848
       449    632.7195    448.3631     12504.01     509.7376  14.7574   0.0443    12.78    0.634  -5.17   0      35.06     1213.321     72.36973
       450    149.1920    445.0078     41920.36     763.0763  13.4439   0.0198    14.21    0.544 -21.01   0      94.31     2960.793     77.66391
       451   1023.1432    447.1468     3140.511     215.4832  16.2575   0.0745     4.45    0.394 -83.30  24       20.8     1186.843     71.91936
       452    738.0788    445.4431     6342.008     411.1034  15.4944   0.0704     9.26    0.564  -2.33   0      22.24      712.364     70.59176
       453    533.9131    443.3984     22750.75     613.4672  14.1075   0.0293     9.90    0.498  -6.51   0      58.34     2007.121     74.82109
       454    862.4734    439.2407     37026.28     431.5815  13.5787   0.0127     9.96    0.462  -1.56   0      117.9     4634.278     82.41576
       455    483.0022    440.9985     57281.36     199.8393  13.1050   0.0038     4.19    0.001 -42.36   3      347.7     56897.83     174.7813
       456    490.0051    435.1286     16692.87     594.7545  14.4437   0.0387    15.47    0.502 -32.41   2      46.51     1082.578     71.95797
       457    314.1568    439.3230     9329.309     365.1034  15.0754   0.0425    10.14    0.507  -2.13   0      34.53     1271.553     72.55237
       458     35.7763    438.4403     16099.55     450.8041  14.4830   0.0304    10.19    0.460  -2.42   2      55.05     1933.753     74.95195
       459     32.6124    431.8097     7992.281     333.9367  15.2433   0.0454     9.52    0.417   3.71   3      30.09     1103.295     72.02337
       460    510.3924    437.3435     5586.422     385.7553  15.6322   0.0750     7.92    0.503   2.31   0      20.36     789.6957     71.21302
       461    756.1589    435.3651     13106.48     505.4437  14.7063   0.0419    11.36    0.557  -1.18   0      43.88     1482.199     73.38984
       462    123.0222    427.2749       137395     600.7867  12.1551   0.0047    10.35    0.354   9.09   0      318.6     14375.91     106.0512
       463    979.2988    430.4976     25984.58     565.8898  13.9632   0.0237    10.36    0.455  -1.88   0      75.51     2635.084     75.83709
       464    343.6783    431.8814     6314.101     392.1363  15.4992   0.0674     9.95    0.643 -12.63   0      22.25     733.0967      70.2828
       465    417.0240    430.2354     2219.297     122.0964  16.6345   0.0597     0.99    0.101 -87.17   0      47.79     2404.669     76.36653
       466    455.3521    425.7669     16070.98      421.188  14.4849   0.0285    11.78    0.546  -4.14   2      51.84      1884.58     74.44794
       467    992.3165    423.7832     13906.13     536.9052  14.6420   0.0419    11.13    0.567  -1.32   0      41.18     1405.572     72.97099
       468    705.9793    422.9509     17817.16     478.7015  14.3729   0.0292    10.26    0.513  -3.36   0      58.41     2099.102     75.45166
       469    962.1821    422.4931     15464.83      542.467  14.5266   0.0381    13.88    0.666   0.59   0      42.49     1544.147      72.8583
       470    149.2876    420.9142     32898.24     527.6062  13.7071   0.0174    10.01    0.483  -2.61   0      99.05     3651.506     79.49321
       471    836.1585    421.2292     4248.019     353.6018  15.9295   0.0904     7.19    0.488  -0.83   0      16.11     659.2395     70.98219
       472    715.1291    412.9157     15139.84      437.649  14.5497   0.0314    10.34    0.511  -1.38   0      51.78     1852.131     73.99188
       473    406.2650    412.7655     7561.313     429.8636  15.3035   0.0617    10.30    0.607  -1.38   0      25.22     892.7518      71.3559
       474    563.8307    411.8717     6942.266     446.1635  15.3962   0.0698     9.23    0.562   2.84   0      22.45     824.1558     71.13708
       475    271.1958    410.5341     27265.41     578.5432  13.9110   0.0230    14.24    0.621   1.42   0      71.34     2478.881     76.41404
       476    861.8008    402.6227     35647.58     556.2383  13.6199   0.0169    10.28    0.482  -6.60   3      98.05     3517.825     79.27723
       477    868.4807    394.6026     26301.23      484.765  13.9501   0.0200    10.14    0.506  -1.15   3      83.36     3052.562     78.10166
       478    342.6462    405.7271     3816.221      303.986  16.0459   0.0865     7.24    0.577  -7.07   0      16.08     660.4788     70.61222
       479    782.0056    403.7250     5407.886     395.8133  15.6674   0.0795     7.23    0.572  -5.61   0      18.32     615.1824     70.27818
       480    495.9696    400.3743     24248.18     402.3962  14.0383   0.0180     9.91    0.486  -0.97   0      79.53     2931.912     77.91985
       481     76.0584    401.5755     29077.29     844.6595  13.8411   0.0315    17.77    0.632 -28.16   2      57.61     1675.863     73.80802
       482     39.7997    396.5672     8392.696     439.4346  15.1902   0.0569    10.87    0.521  -7.01   0       27.7     914.0839     71.79351
       483    769.7280    391.2191     73575.09     515.5105  12.8332   0.0076    10.04    0.447   0.01   0      206.7     8844.414     93.44801
       484    245.6883    393.9698     8641.662     443.3116  15.1585   0.0557    11.19    0.548  -4.79   0      28.77     1032.236     71.42912
       485     59.7482    386.3023     30291.28     694.9945  13.7967   0.0249    18.38    0.290  -9.29   0      81.48     2553.922     75.94287
       486    913.2372    396.3295     9495.444     365.2068  15.0562   0.0418    11.38    0.548  -0.19   0      36.16     1364.023     72.84146
       487    588.1238    386.7013     9944.303     498.7396  15.0061   0.0545    11.03    0.526   0.27   0      30.89     1054.283     71.31386
       488    723.7607    379.8828     58096.28     526.5424  13.0896   0.0098     9.84    0.445  -1.60   0      166.4     6861.312     88.04373
       489    920.4609    378.6699     86788.85     545.4991  12.6538   0.0068    10.92    0.485 -12.86   0      226.3     9379.193     94.59988
       490    317.2010    379.5788      41034.4     470.2944  13.4671   0.0124    10.18    0.494   0.04   0      123.2     4661.458     82.49068
       491    255.3570    381.7306     7601.402     414.2029  15.2978   0.0592    10.10    0.581  -2.62   0      26.09      909.002     71.40764
       492    962.2178    378.9489      12019.4      426.045  14.8003   0.0385    10.67    0.553  -2.66   0      41.69     1576.058     73.67993
       493    799.7894    377.2970     15486.25     543.0857  14.5251   0.0381    11.33    0.551  -2.90   2      40.54     1398.227      72.9481
       494    386.1073    378.0286     7248.569     405.1213  15.3494   0.0607    10.21    0.564  -3.46   0       26.7     980.2251     70.89097
       495     83.0261    378.3034     4667.458     378.2786  15.8273   0.0880     7.74    0.654   6.24   0      17.38     528.6042       69.428
       496    661.9751    382.0832     14406.93     545.6746  14.6036   0.0411    10.88    0.531  -5.97   0      42.51     1477.931     73.01494
       497    430.2903    377.0631     6087.587     372.0826  15.5389   0.0664     8.68    0.494  -3.85   2      24.74     922.8148     71.08011
       498    431.0046    373.0082     11746.24      138.701  14.8253   0.0128     0.00    0.001  71.87   3      148.6     11509.96     99.58749
       499     42.5047    373.8195     40189.21     469.1809  13.4897   0.0127     9.99    0.467  -3.78   0      125.4     4861.111     82.55933
       500    862.9210    372.1998     32646.66     478.1376  13.7154   0.0159    10.03    0.491  -0.93   0      103.5     4060.255     80.81731
       501    501.1134    370.0583      9075.23     322.5892  15.1054   0.0386    10.63    0.584  -1.31   0      34.44     1247.926     72.11213
       502    945.3833    363.7562     41794.05     744.1563  13.4472   0.0193    12.06    0.555   6.84   3      91.07     3171.742     78.61626
       503    940.9768    353.0633     36805.07     851.0245  13.5852   0.0251    13.29    0.410 -29.99   3      66.34     1896.286     74.66117
       504    588.4070    363.8771     24279.66     467.1123  14.0369   0.0209     9.92    0.445   0.32   0      78.89     2821.753     77.25596
       505    414.6605    365.4359     9983.399     432.6746  15.0018   0.0471    12.30    0.585   5.17   0      32.87     1145.383     72.15606
       506    364.2911    361.8048     97989.67     503.0131  12.5220   0.0056     9.88    0.429  -1.07   0      258.5     11356.46     99.23655
       507    966.1265    362.9763     7312.938     446.3523  15.3398   0.0663     8.60    0.516  -0.35   0      20.96     763.9614     70.94451
       508    636.4919    359.8405     6992.737     387.4381  15.3884   0.0602    10.16    0.515  -2.26   0      25.49     898.2902     70.81497
       509    143.4722    360.4937     4248.941     371.8488  15.9293   0.0950     7.22    0.331  -0.49   0      17.56     623.8766     70.11776
       510    215.4387    355.9422     64031.17     500.8227  12.9840   0.0085    10.20    0.460  -2.91   2      178.9     7303.664     89.47466
       511    288.2352    357.1584     15492.93     427.1198  14.5247   0.0299    10.72    0.505  -4.37   0      51.69     1833.567        74.47
       512     68.6426    349.7700     110616.5     552.3503  12.3904   0.0054     9.81    0.417  -3.40   0      278.5     12920.16     103.0127
       513    673.4907    353.4141     4374.996     374.5856  15.8976   0.0930     7.08    0.602  -2.06   0      16.76     621.5574     70.11024
       514    562.5966    350.1176     14745.01     416.5182  14.5784   0.0307    11.16    0.462  -1.51   0      52.26     1858.734     74.54677
       515    118.4128    342.2214     250295.5      611.995  11.5039   0.0027     9.76    0.372  -5.37   0      507.3     29120.02     133.9728
       516    956.7800    349.2670     9295.462     499.1073  15.0793   0.0583     7.66    0.491  -9.44   1      27.39     905.8424     71.58274
       517    824.6658    348.7571     5320.324     270.6212  15.6852   0.0552     8.91    0.615  -3.67   0      22.57     819.7226     71.12292
       518    917.7589    344.2683      28147.7     573.1447  13.8764   0.0221     9.95    0.467  -0.79   0      84.55     2998.251     77.77345
       519    331.2903    347.0753     8064.649       424.71  15.2335   0.0572    11.00    0.671  -7.32   0      25.69     888.3059     70.96968
       520    773.5790    344.6920     5964.795     438.9316  15.5610   0.0799     8.10    0.695  -0.54   0      16.36     553.3468     69.69912
       521    293.7082    340.6683     78440.37     487.3578  12.7637   0.0067     9.93    0.428  -3.24   0      217.9     9180.748     93.84023
       522    153.0463    344.8509     4576.142     368.4737  15.8488   0.0874     7.43    0.658  -5.94   0      17.89     759.3099     71.11598
       523    503.1330    338.0412     177412.6     629.0315  11.8775   0.0039    15.63    0.461   5.29   0      392.1     19353.31     116.1156
       524    584.0651    339.7179     38026.04     451.5806  13.5498   0.0129    10.07    0.490  -4.10   0      119.5     4611.691     82.19257
       525    946.6633    340.3598     12922.24     444.0126  14.7217   0.0373    10.94    0.579  -1.32   0      45.89     1757.448     74.05882
       526     87.7377    336.8255     21973.97     697.0331  14.1452   0.0344    14.18    0.646  -9.82   0      42.72     1576.585     73.68156
       527    541.1196    333.7268     19099.12     492.2529  14.2975   0.0280    10.61    0.537  -2.83   0      62.58     2262.325     75.24128
       528    460.8311    334.0204     12032.82     559.6675  14.7991   0.0505    12.58    0.503  -0.15   0       32.3     942.6348     71.88384
       529    713.0352    328.8003     7278.986     450.7616  15.3448   0.0673    10.31    0.551  -1.26   0      23.81     801.7217     71.43693
       530    458.8395    324.7134     5771.667     385.8645  15.5967   0.0726     9.49    0.610  -1.24   0      22.07     798.8882     70.68275
       531     17.6681    324.1952     12002.99     466.0971  14.8018   0.0422    10.95    0.591  -3.97  16      35.96     1333.009     72.74463
       532     47.1389    323.1906     3468.222     322.7422  16.1497   0.1011     6.58    0.667  -9.74   0      14.76      646.071     70.75317
       533    629.2252    311.1280     697246.1     779.4102  10.3915   0.0012     9.81    0.370  -2.75   0      965.5     80148.39     202.7732
       534    103.2535    319.4123     5089.822     345.6302  15.7332   0.0737     8.72    0.592  -8.71   0      21.06     818.5806     71.30515
       535    930.5822    317.0184      14829.2     386.0536  14.5722   0.0283    14.18    0.459   4.15   0      51.56     1822.244     74.61306
       536    750.8978    317.9393     9603.623     510.3916  15.0439   0.0577    10.09    0.603  -7.81   0      23.49     940.4853     71.13659
       537    315.1746    309.8434       168993     644.7325  11.9303   0.0041    10.71    0.292  23.69   0      361.4     15606.71     108.7786
       538    245.2439    316.3300     19493.28       385.37  14.2753   0.0215     9.96    0.507  -5.08   0      67.23     2475.848     76.23158
       539    854.5176    315.7819     15762.93     511.1885  14.5059   0.0352    10.76    0.542  -1.21   0      48.54     1706.435      73.9021
       540    730.5002    317.9808     4928.299     369.5873  15.7683   0.0814     6.53    0.390   7.32   0      17.11     698.9159     70.36057
       541    362.2607    314.2219     11512.47     488.0601  14.8471   0.0460     9.68    0.490  -2.43   0      38.07     1341.871     72.77231
       542    139.0344    312.2990     123500.6     533.9806  12.2708   0.0047     9.75    0.431  -1.10   0      308.8     14288.86     105.2374
       543    446.3543    310.3382     25860.01     595.4751  13.9684   0.0250    10.12    0.525  -7.15   2       67.5     2479.119     76.24133
       544    380.6610    311.2379     13589.24     567.3423  14.6670   0.0453    10.95    0.541   0.22   0      30.88     1101.582     72.01796
       545    837.2732    309.4239     18612.75     579.7189  14.3255   0.0338    13.23    0.619  -3.75   3      49.86     1697.059     73.87326
       546    843.6575    301.5215     24099.54      538.137  14.0450   0.0243    10.01    0.470  -2.22   3      70.08     2489.483     75.92433
       547    542.3418    310.3330     8306.693     480.4049  15.2014   0.0628    10.52    0.598  -4.80   0      24.98      848.814     71.21581
       548    755.6778    301.5899      4115.21     351.6393  15.9640   0.0928     7.41    0.447  -9.76   0       17.3     679.2773      70.6727
       549    192.6588    275.7206     20449.48     643.6962  14.2233   0.0342    10.98    0.542   3.09   3      43.14     1499.464     72.90058
       550    196.8549    299.5009     31760.09     563.5262  13.7453   0.0193     9.70    0.437  -2.32   3      90.86     3189.994     77.82316
       551    199.8439    289.2274     46808.98      614.288  13.3242   0.0143     9.98    0.303  -7.02   3      121.3     4495.271     82.35364
       552    920.1660    300.4714     4722.959     366.7642  15.8145   0.0843     8.28    0.543  -3.37   0      19.29     627.4691      70.5059
       553    709.9349    300.9372     11334.11      138.024  14.8640   0.0132     4.36    0.104  44.59   0      141.5     11107.56     98.53064
       554    415.1222    292.5144      18571.5     623.1702  14.3279   0.0364    15.19    0.468   6.70   0      46.76     1146.263     71.79101
       555    362.0340    292.3390       5914.8     440.4111  15.5701   0.0809     8.31    0.464 -11.65   0      19.83     637.3817     70.53784
       556    669.4664    287.7936     16625.87     644.9155  14.4480   0.0421    12.02    0.291   6.05   3      44.59     1163.286     72.21243
       557    667.2277    279.8665     10942.71     445.9762  14.9022   0.0443    10.31    0.509   1.40   3       39.5     1394.633      72.9369
       558    985.4567    284.7960     8191.454     457.7744  15.2166   0.0607    11.66    0.519 -12.74   0      26.44     871.2152     71.47271
       559    904.4346    284.1595     11792.62     553.0264  14.8210   0.0509    11.57    0.574  -2.82   0       32.2     1139.683      72.1381
       560    516.7029    286.0358     1977.364     129.5496  16.7598   0.0712     1.34    0.107  -1.34   0      31.15     1725.044     73.23991
       561    278.6230    284.1304     8270.697     408.1341  15.2061   0.0536    11.04    0.596  -8.46   0      30.31     1093.823     71.99348
       562    107.4820    283.2807     21046.77     435.4179  14.1920   0.0225    11.63    0.616  -5.62   3       61.6     2184.123       74.828
       563    102.6800    277.8042     25793.69     492.6546  13.9712   0.0207    10.50    0.485  -1.10   3      79.85     2848.194     77.50468
       564    846.1052    278.7464     15873.56     414.7467  14.4983   0.0284    13.08    0.367 -14.35   0      56.06     1675.869     73.26804
       565    563.2396    282.4057     3700.263     322.9056  16.0794   0.0948     3.10    0.291  -3.98   2       16.2     690.1617     71.08112
       566    542.5035    281.7284     5804.827       398.54  15.5905   0.0746     9.10    0.540   1.92   0      19.87     691.0381     70.14667
       567    511.5153    280.2753     11363.59     423.3564  14.8612   0.0405    12.70    0.593  -2.78   0      38.23     1241.884     71.90924
       568    140.7382    274.0098     22574.97     566.2747  14.1159   0.0272    10.12    0.492   0.26   2      67.15      2500.33     76.47781
       569    131.9636    265.5054     25275.38     546.5618  13.9933   0.0235    14.48    0.476  -3.14   2      79.09     3280.554     77.91748
       570     47.5208    274.3303     7778.643     473.9116  15.2727   0.0662     9.01    0.656   0.98   2       22.3     725.4341     70.44617
       571    942.0991    272.1401     10640.91      436.066  14.9326   0.0445    10.50    0.530  -1.07   0      37.08     1277.274     72.02101
       572    798.8129    272.4240     10212.99     539.6494  14.9771   0.0574     9.85    0.438   3.16   2      27.54     813.2269     71.28808
       573    452.8544    273.9952     4980.972     403.8472  15.7567   0.0881     7.06    0.648  -6.69   0      15.77     508.3889     70.30952
       574    175.5200    267.2426     74215.38     559.4937  12.8238   0.0082     9.87    0.455  -0.92   0      200.7     8369.645     91.99879
       575    261.3002    261.4005     493755.8     704.5942  10.7662   0.0015     9.86    0.367  -4.38   0      787.3      56849.9      174.719
       576     63.6082    267.9693     18343.96     565.7451  14.3413   0.0335    10.61    0.537  -4.18   3      49.06     1849.839     74.69707
       577     75.3136    264.5001     16681.36     560.9624  14.4444   0.0365    11.89    0.569  -2.69   3      43.35     1519.964     72.78282
       578    869.9744    267.2369     4967.849     305.9294  15.7596   0.0669     8.99    0.599  -1.30   0      20.62     776.3239     71.54134
       579    659.2520    267.5440     7724.621     456.0938  15.2803   0.0641     9.84    0.629   4.98   0      24.57     884.9904     71.70135
       580    153.9219    266.2151     10696.94     487.0011  14.9269   0.0494     7.44    0.490  -9.11   0      22.42     680.8904     70.86493
       581     10.9443    262.3995     39650.34     540.3952  13.5044   0.0148    10.59    0.470  -4.74  18      108.6     3817.942       80.133
       582      2.6521    253.3760     23224.56     305.4297  14.0851   0.0143     5.62    0.320  88.07  27      111.2     5936.923     86.08684
       583    475.6475    257.7080     4891.816     387.0596  15.7763   0.0859     7.09    0.729  -3.66   0      17.34     602.3157     70.04784
       584    674.2321    256.1388      6935.04     450.5882  15.3974   0.0706     9.98    0.554  -4.41   0      23.29     728.2545     70.83003
       585     39.9852    256.1847     5501.551     417.0357  15.6488   0.0823     7.50    0.481   4.25   0      19.47     717.7443      70.7963
       586   1019.4598    250.2775     17733.27     442.7468  14.3780   0.0271     9.59    0.370  -3.80  24      57.83     2157.943     74.92532
       587    880.2794    251.2926     13867.35     456.9772  14.6450   0.0358    10.27    0.516  -4.26   0      46.31      1650.62      73.5505
       588    823.2063    252.7304     5761.314     415.5877  15.5987   0.0783     7.91    0.566  -0.60   0      18.83     664.1498     70.62404
       589    600.9552    246.0311     158270.6     576.8088  12.0015   0.0040     9.87    0.425   1.19   2      360.6     17014.52     111.6812
       590    580.4410    246.5623     30170.12     491.3131  13.8011   0.0177    16.87    0.494 -13.51   3      87.26      2972.52     77.69822
       591    293.6659    249.6576     14020.06     464.9493  14.6331   0.0360     9.62    0.469  -7.44   2      45.51     1435.955     73.06555
       592    971.4087    249.8288     4420.342       390.19  15.8864   0.0959     7.13    0.572 -13.09   0      16.97     591.5668     70.57787
       593    532.4950    246.9452     13072.78     428.1552  14.7091   0.0356    10.43    0.494   0.36   0         45     1602.136     73.03896
       594    511.4486    247.6924     5560.278     386.5969  15.6373   0.0755     8.74    0.594   3.51   2      21.96     704.0446      70.1888
       595    506.9138    242.8594     6486.899      462.685  15.4699   0.0775     9.09    0.534  13.32   3      22.17     630.8727     70.14043
       596    993.0135    245.3461     9191.792     523.6517  15.0915   0.0619    10.05    0.513  11.02   0      25.08     645.3918     70.75098
       597    755.1307    237.6902     22012.17     453.7751  14.1433   0.0224    10.27    0.470  -4.85   0      71.72     2653.474     76.58668
       598    200.3302    240.6411     5981.776     325.5256  15.5579   0.0591     9.62    0.597  -0.16   0      22.75     768.8307     70.96011
       599   1018.2801    237.4150     19983.02     593.7854  14.2483   0.0323    12.93    0.448  13.94  19      44.36     1211.409     72.18057
       600   1013.2355    231.4766     10631.49     494.3892  14.9335   0.0505    10.76    0.586  -2.75  19      29.06     1040.854     71.82607
       601    863.1743    238.3336     3595.092     326.9061  16.1107   0.0988     6.49    0.657   7.88   0      14.97     634.4327     70.34041
       602    424.9427    235.9994     7619.451     418.9789  15.2952   0.0597    10.71    0.540   1.23   0      28.57     992.9103      71.6742
       603    138.0934    233.3854     14578.98     522.1961  14.5907   0.0389    10.08    0.504  -3.07   0      44.68     1527.139     72.98681
       604    466.4971    233.0180      6031.55     352.8756  15.5489   0.0635    10.00    0.655  -1.78   0      22.97     881.5566     70.76125
       605    328.6771    233.1161     1702.293     145.9143  16.9224   0.0931     5.49    0.507  77.69   0      20.73     1198.311     71.77139
       606    299.7981    230.3631     6245.315     407.0047  15.5111   0.0708     8.63    0.595  -6.71   0      22.96     832.3735     71.53438
       607    261.9417    222.0046     14909.55     503.6323  14.5663   0.0367    12.16    0.476  17.99   2      42.59      1388.75     73.09988
       608    981.6091    223.4328     4480.123     354.6852  15.8718   0.0860     6.51    0.450  -6.72   0      17.14      707.375     71.13613
       609    564.0257    220.8937     50021.24     537.4001  13.2521   0.0117    15.64    0.475  -1.41   0        145     5495.175     84.28674
       610    448.6084    222.7121     7571.856     397.8865  15.3020   0.0571    10.95    0.549  -5.01   0      27.07     915.5424     71.24289
       611   1017.8699    220.8631     7373.947      396.106  15.3307   0.0583    10.00    0.503  -1.41  16      26.44     881.1868     71.31905
       612    427.1500    217.1502     7365.583     411.6689  15.3320   0.0607     6.51    0.314  -8.97   2      25.76     974.1491     71.98341
       613    879.6265    215.4211      4028.72     353.4608  15.9871   0.0953     7.35    0.563  -1.62   0      16.36     673.9102     71.02914
       614    153.6837    213.5105     16546.32     610.0804  14.4532   0.0400    16.20    0.758  -7.59   0       39.9     1110.163     71.86108
       615    694.7623    212.2792     47765.04      529.616  13.3022   0.0120     9.53    0.443  -6.20   2      135.2     5131.965     83.77696
       616    660.5645    213.9457     5388.429     335.1353  15.6713   0.0675     0.53    0.646  -3.68   0      21.92     910.3096      71.4118
       617    599.5704    213.4836     4976.674     370.5113  15.7577   0.0809     8.42    0.497  -0.43   0      19.82     728.3857     70.64332
       618    218.5742    212.7047     6861.263     437.8867  15.4090   0.0693     9.75    0.575  -8.58   0       23.7     843.5128     70.45132
       619    635.6063    207.2297     58585.18     683.6804  13.0805   0.0127    20.87    0.693  -8.99   0      118.4     3698.628     80.12497
       620    440.9349    206.3796      11291.7     565.2515  14.8681   0.0544    10.90    0.421  -6.46   2      31.32      948.314     71.71746
       621    443.8748    200.7625     9270.841      494.433  15.0822   0.0579    10.32    0.631 -10.14   3      27.14     812.9189     71.10117
       622     41.0493    204.1130     13333.58     413.3525  14.6876   0.0337    12.51    0.493  -0.12   2      45.77     1479.777     72.83918
       623    117.5124    202.5239      3303.37     299.2106  16.2026   0.0984     4.94    0.678  -6.79   0      14.44     593.2031     70.01826
       624    831.6925    198.9422     22488.37     528.7657  14.1201   0.0255     9.95    0.522  -1.00   0      67.56     2514.345     75.99872
       625    476.7704    198.5317     18843.44     422.6814  14.3121   0.0244    10.66    0.521  -4.03   0      65.04     2297.567      75.6982
       626    917.7832    198.4803     15186.02      456.184  14.5464   0.0326    10.65    0.557   2.16   0      50.89     1875.522     74.42028
       627    850.1917    185.7418     145275.2     775.9698  12.0945   0.0058    23.36    0.273  -1.98   0      294.7     10117.67     96.49498
       628    513.0121    197.2216     14042.43     352.4081  14.6314   0.0273     9.96    0.507  -3.24   0      50.99     1938.302     74.78896
       629     56.3498    197.9556     4577.732     370.2665  15.8484   0.0878     6.65    0.515  -4.30   0      16.98     674.0455     70.84297
       630    312.4297    196.4948     6678.678     454.1172  15.4383   0.0738     9.01    0.657   0.25   0      19.85     745.7455     70.13521
       631    209.9723    195.9825     7115.527     445.5096  15.3695   0.0680     9.79    0.575   2.27   0      23.54     908.5145     71.77588
       632    415.8880    191.8779     12224.08      565.041  14.7820   0.0502    11.82    0.634   3.15   0      30.66     1072.196     71.55614
       633    737.5117    188.8550     33524.81     436.6093  13.6866   0.0141     9.52    0.488  -1.12   0      108.7     4182.644     80.83392
       634    593.9006    190.7935     3886.098     344.8378  16.0262   0.0964     7.20    0.630  -1.73   0      17.05     593.2516     70.39552
       635    156.8140    189.6377     5557.179     170.2933  15.6379   0.0333     5.72    0.330  54.73   0       78.1     4306.597     81.99289
       636    702.8055    179.5222     447303.4     691.3651  10.8735   0.0017     9.73    0.371  -2.32   0      740.8     53711.09     170.6648
       637    481.4885    187.2999     9303.499     584.6111  15.0784   0.0682    10.88    0.483 -36.16   1      24.68     567.7816     69.74618
       638    969.6705    187.0199     4996.888     374.9627  15.7533   0.0815     8.87    0.553  -3.52   0      19.98     766.6902     71.13956
       639      5.7313    182.7843      10856.5     350.3474  14.9108   0.0350    11.01    0.328  -6.54  24      38.14     1282.579     72.76904
       640    432.4606    179.5887     212237.3     576.8452  11.6829   0.0030     9.95    0.401  -3.21   0      457.2     24753.67     126.3488
       641    133.8709    182.8512     46456.22     490.0892  13.3324   0.0115     9.90    0.465  -3.26   0      140.7     5524.167     84.67809
       642    217.3746    182.1777     41676.96     445.3137  13.4503   0.0116    10.14    0.509  -3.58   0        127     5026.525     83.80692
       643    880.3136    176.4243     8727.953      469.458  15.1477   0.0584    10.53    0.580  -7.13   0      28.22     1010.944     71.36134
       644   1011.2394    177.3019     14759.22     591.7826  14.5773   0.0435    10.96    0.380 -13.79  16      38.89     1182.368     71.53609
       645    967.2952    170.4885     9767.748     425.6204  15.0255   0.0473    11.54    0.575   0.14   0      34.65     1236.592     72.25982
       646    537.6750    170.3134     4835.545      374.865  15.7889   0.0842     7.70    0.634  -2.18   0      17.95     666.8533     70.06826
       647    476.5603    167.1480     20732.31     637.0787  14.2084   0.0334    12.24    0.468 -17.47   0      53.75      1568.39     73.65627
       648     41.6089    167.2992     16998.97     367.1528  14.4239   0.0235    10.25    0.511  -4.92   0      61.62     2314.858     75.75009
       649    798.9257    167.8232     13672.24     621.9131  14.6604   0.0494    11.41    0.614   3.40   3      25.07     756.2649     70.91985
       650    788.3604    165.8797        10358     547.6234  14.9618   0.0574    11.15    0.524   9.26   3      26.67     756.2175     70.91969
       651    665.3285    164.8869     47011.02     445.0634  13.3195   0.0103     9.68    0.462  -1.75   0        146     5904.909     85.53929
       652    860.4954    166.1549     4860.537     337.7296  15.7833   0.0755     8.77    0.585   1.85   0      19.38     688.5294     70.13853
       653    641.5955    165.8039      12436.1     590.3295  14.7633   0.0516    10.90    0.663  -3.80   1      27.67     727.7341     70.82835
       654    177.7641    165.9057     9880.255     387.4236  15.0131   0.0426    10.49    0.561  -3.50   0      34.89     1293.892     71.88953
       655   1022.7781    165.5013     3924.537     249.0218  16.0155   0.0689     2.60    0.038 -84.66  24      18.27     954.4518      70.8083
       656    628.7053    160.5478     11321.61     547.4189  14.8652   0.0525     9.48    0.430 -25.85   0      25.17     633.9194     69.96136
       657      8.3278    158.3497     54000.49     432.0855  13.1690   0.0087     9.72    0.407  -0.51  24      162.4     6154.885     86.35432
       658    386.7357    156.8443     24344.83      593.783  14.0340   0.0265    10.16    0.473  -2.13   0      68.69     2509.507     76.33186
       659    760.5728    157.0070     7652.984     411.0232  15.2904   0.0583    11.08    0.544  -1.23   0      28.12      1095.51     72.18242
       660    731.8248    156.3478     13044.77     374.5452  14.7114   0.0312    10.13    0.483  -3.79   0      45.88       1639.1     74.05309
       661    183.5051    155.5976     7258.957     478.5279  15.3478   0.0716    11.00    0.613  -1.34   2      22.95     800.5048     71.06148
       662    302.6981    153.0853     4456.289     353.7356  15.8776   0.0862     7.58    0.561  -3.65   0       17.2     608.6979     69.87938
       663    946.4458    151.1122     5768.787     387.5742  15.5973   0.0730     8.63    0.466  -1.73   0      21.69     786.6955     70.64354
       664    895.8405    149.7037     9358.925     457.6311  15.0719   0.0531    11.63    0.663  -5.92   0       26.8      787.699     70.27103
       665    369.0360    161.1612     19935.64     676.1148  14.2509   0.0368    12.19    0.482  -4.74   0      38.91     1130.373     72.10876
       666    485.0395    146.4387      42974.9     937.6948  13.4170   0.0237    25.34    0.701  -3.92   0      71.58     1511.214     73.29927
       667    801.0683    149.7409     7702.793     152.8288  15.2834   0.0215     0.00    0.374 -75.20   0      109.1     6720.151     87.98001
       668    735.4453    138.3676     30260.84     672.7248  13.7978   0.0241    10.30    0.516  -8.71   2      68.47     2574.075     76.86904
       669    108.7383    142.5870     9520.086     462.7444  15.0534   0.0528    11.55    0.498  -1.00   0      32.11     1098.007     72.00668
       670    561.1679    141.4628     10880.12     493.1632  14.9084   0.0492    10.66    0.560   2.59   0      31.53     1206.133     72.34715
       671    152.1197    137.3613      35238.9     450.1757  13.6324   0.0139    10.52    0.429  -1.07   0      110.9     4228.093     81.28793
       672    689.1749    139.7353     3689.414     304.9782  16.0826   0.0898     7.68    0.650  -1.76   0      15.48     604.7067     70.62017
       673   1005.7749    139.4075     3108.806     303.4567  16.2685   0.1060     4.65    0.467   2.46   0      14.91     673.4584     70.84109
       674    245.7634    136.9597     4153.075     366.4108  15.9541   0.0958     7.81    0.675  -2.85   0      16.16      586.629     70.37413
       675     60.5481    136.5154     8970.307     410.1404  15.1180   0.0497     3.89    0.413  43.31   0      24.71     715.6948     70.41474
       676    485.0664    133.7014     14111.51      512.395  14.6261   0.0394     9.60    0.541   0.18   0      46.43     1748.748     73.49375
       677    406.5694    130.7577     61672.27     545.9541  13.0248   0.0096    14.88    0.585 -11.58   2      153.5     5600.697     85.34979
       678    128.8380    134.8601     5772.946     416.3896  15.5965   0.0783     8.10    0.682  -0.80   0      20.58     636.6864      70.5356
       679    723.9349    143.8378     9705.765     451.9835  15.0324   0.0506     7.51    0.541   5.01   3      32.93     966.5079     71.59043
       680    539.6949    131.2314     4455.544     363.8803  15.8777   0.0887     7.71    0.626   6.59   0      17.31     595.1911     69.64563
       681    315.6550    131.9910     6359.616     416.7097  15.4914   0.0712     7.15    0.581  -1.28   0      18.39     690.8713     70.89693
       682    980.8853    128.3344        17626     432.8649  14.3846   0.0267    10.68    0.512  -2.78   0      60.66      2173.87     74.97362
       683    886.1544    128.2335     13034.99      437.312  14.7122   0.0364    12.68    0.168  -0.42   0      38.28     907.3801     71.58762
       684    256.9111    126.4972     43700.61     540.2615  13.3988   0.0134    12.01    0.472  -0.86   0      131.8     5184.861     83.60428
       685    354.3658    127.3506     4106.435     368.1839  15.9663   0.0974     0.00    0.457 -65.59   0       17.7     763.4087     70.94273
       686     98.3657    127.3913     11093.19     513.6381  14.8874   0.0503    10.37    0.471  -1.44   0      33.76     1195.723     72.67961
       687     57.2452    126.2641     16026.74     542.7024  14.4879   0.0368     9.83    0.494  -1.77   0      47.53     1623.828     73.64762
       688    220.1159    123.3216     6505.201     396.4429  15.4668   0.0662    10.05    0.549  -0.72   0      24.37     846.1503     70.64744
       689    853.0609    123.2494     3902.886       327.12  16.0215   0.0910     5.65    0.473  -4.68   0      14.82     615.6464     70.46777
       690    312.4797    116.4857     6885.669     367.2018  15.4051   0.0579     9.75    0.602  -2.22   0      25.98     1005.252      71.3432
       691   1015.8299    114.4427     10932.62     389.7424  14.9032   0.0387     9.63    0.509  -4.23  16      38.92     1422.344     73.38484
       692    985.4677    112.7216     35095.46     531.6731  13.6369   0.0165     9.86    0.464  -0.35   0      106.7     4093.111     80.58179
       693    669.9659    114.7488     3717.182     346.6411  16.0745   0.1013     6.46    0.661  -7.53   0      15.14     542.6094     70.23182
       694    363.9344    109.8055     40175.54       795.27  13.4901   0.0215    14.12    0.314  36.43   0      82.96     1765.932     74.08485
       695     58.4143    112.6325     7398.079      455.931  15.3272   0.0669     8.17    0.550  -8.10   0      19.87     778.0973     71.54697
       696    775.8727    105.8822     9906.078     365.4623  15.0102   0.0401    10.29    0.570   3.05   0      36.27      1428.94     72.68039
       697     28.9244    104.5195     5026.374     379.3675  15.7469   0.0820     5.93    0.753   1.92   2      16.38     574.1771     69.76701
       698   1003.3751    102.3272     4492.014     362.9925  15.8689   0.0878     8.18    0.600  -0.85   0      16.92      583.814     70.36504
       699    379.9782    100.7187      22334.9     508.2759  14.1275   0.0247    10.11    0.507   0.85   0      68.05     2478.249     76.23874
       700    305.1367    102.5369     5726.042      393.481  15.6054   0.0746     9.49    0.653  -4.27   0      20.83     712.4358     70.59199
       701    165.4626    100.7382     9379.883     406.3152  15.0695   0.0470    11.72    0.564  -3.90   0      31.56     1119.137     71.88945
       702    601.8765     99.7327     8108.343     454.8321  15.2277   0.0609    10.19    0.615  -0.99   0      28.45     973.1387     71.24083
       703    731.5489     97.2143      9234.45     398.0044  15.0865   0.0468     7.73    0.497  -0.79   0       35.3     1256.934      72.6889
       704    845.4771     92.9725     140627.4      661.213  12.1298   0.0051    10.46    0.612  -1.40   0      312.4     14492.24     106.1756
       705    570.3184     94.5686     21716.82     704.5054  14.1580   0.0352    10.32    0.351  -5.20   0      47.51     1348.527      72.7931
       706    650.4394     95.1146     5190.596     372.4239  15.7120   0.0779     8.56    0.707  -0.51   0      20.88     711.3837     70.40083
       707    328.8381     89.3871     100116.6      511.792  12.4987   0.0056     9.73    0.412  -5.39   0      263.7     12100.35     101.3186
       708    542.4592     90.0634     6160.852     426.0267  15.5259   0.0751     7.64    0.658  -1.83   0      17.52     614.5287     70.46417
       709    962.9244     85.1553     23654.26     563.1931  14.0652   0.0259    15.78    0.635 -12.86   0      56.84     1345.364     72.78322
       710    582.1469     87.6615     6816.597     435.5903  15.4161   0.0694     7.79    0.586  -7.37   0       18.2     677.1148     70.66575
       711    467.6661     86.0978     16457.84      576.008  14.4591   0.0380    11.22    0.544  -1.05   0      44.42     1608.644     73.24017
       712    900.5526     84.3464      13891.4     492.5375  14.6431   0.0385    10.87    0.575  -2.14   2      44.05     1319.305     72.88364
       713     97.0089     83.9408     7529.839     305.6692  15.3080   0.0441    10.93    0.529  -1.28   0      30.06     1139.079     72.31947
       714     35.5933     84.9127     3770.075     343.8001  16.0591   0.0990     5.95    0.483   5.57   0      15.34     531.8622     70.19704
       715    132.3680     73.7649     137570.6     625.1461  12.1537   0.0049    10.22    0.566 -19.56   3      291.2      13092.8     103.3929
       716    134.7699     65.3616     75092.55     533.2079  12.8110   0.0077    17.39    0.501   1.25   3      197.8     7997.876     91.36597
       717    777.9509     80.7025     3784.461     334.0458  16.0550   0.0959     5.91    0.413  16.92   2      16.99     657.8813     70.03915
       718    590.1813     79.0513     8821.809     440.4085  15.1361   0.0542    10.74    0.538  -0.83   0      32.19     1115.142      72.2442
       719    455.0177     77.6673     20998.63     655.6042  14.1945   0.0339    10.24    0.550  -3.64   0      40.94     1502.436     73.45248
       720    258.6130     77.4792     8439.956     395.0454  15.1841   0.0508    11.03    0.548  -7.01   0      29.27     1131.325     72.11176
       721     16.8936     75.7954     7438.643      470.243  15.3213   0.0687     8.44    0.488  -2.12   0      20.99     620.9914     70.48502
       722    700.7443     75.1213     8767.313     421.9604  15.1428   0.0523     7.51    0.644  -3.95   0       28.8     730.5395     70.46264
       723    890.2744     72.1266     14284.09      489.349  14.6129   0.0372     0.00    0.570   0.61   0      45.35     1477.918      73.0149
       724    714.0707     77.7518     11491.85     472.8981  14.8490   0.0447     9.42    0.512   1.58   2      35.33     868.2767      71.2779
       725    610.6833     70.0188     12176.18     475.3202  14.7862   0.0424    10.56    0.564  -0.72   0      39.45     1454.208     73.12231
       726    726.7039     69.8080     7913.518     163.5899  15.2541   0.0225     1.23    0.212 -60.54   0       83.4     6249.655      86.7561
       727    813.0657     68.9978     8606.295     447.7501  15.1630   0.0565     8.24    0.531   1.76   1       22.9     807.7773     71.27071
       728     19.6177     68.2573     16193.81     606.6851  14.4766   0.0407    12.09    0.458  -3.59   0      39.34     1270.897     72.73254
       729    827.1486     68.0099     15254.67     615.0035  14.5415   0.0438    11.79    0.606   0.01   1      30.88      1032.99      71.9853
       730    710.2205     65.2668     52126.88     568.1974  13.2073   0.0118     9.82    0.477  -0.39   0      147.3      6004.16     86.26416
       731    205.9779     68.3535     6814.695      458.536  15.4164   0.0731     6.99    0.375  25.63   2      24.69     661.9388     70.99082
       732    443.3183     63.4428     105155.3     575.3849  12.4454   0.0059    10.31    0.428   0.75   2      261.1     11729.27     99.82186
       733     56.7874     67.9791     4752.926     356.7202  15.8076   0.0815     7.71    0.645  -3.40   0      18.63     722.6494     70.99873
       734    798.9127     65.2768     18112.18     566.2367  14.3551   0.0340     9.60    0.496  -0.07   0      55.36     2097.304     74.74116
       735    321.4099     63.7353     19292.21     450.9455  14.2865   0.0254    10.05    0.475   1.42   0      64.04     2366.876       75.906
       736    768.6207     63.8612     8142.891      303.955  15.2231   0.0405    11.19    0.594  -0.91   0      31.32     1247.933     72.47835
       737    836.6286     61.1740     14519.55     457.3014  14.5951   0.0342    11.04    0.561  -2.90   0      44.87     1650.424     74.08784
       738    288.4398     54.3200     112073.9     544.5066  12.3762   0.0053     9.68    0.436  -2.49   0      284.9     13319.18     103.6342
       739    166.4490     59.2429     5211.279     344.7515  15.7076   0.0718     8.93    0.624  -2.01   0      20.13     781.3102     71.18626
       740    258.6781     55.4902     31305.47      773.718  13.7609   0.0268    20.06    0.735  -1.90   3      63.13     2423.521     75.72662
       741    237.6278   1019.1349      3786.74     313.6092  16.0543   0.0899     7.02    0.494   5.53  16      16.15     641.5529     70.55128
       742    653.5776   1016.4117     12533.29     590.3669  14.7548   0.0512    13.67    0.171  32.80  16      30.66     668.7233     70.82589
       743    504.7915     55.3269     10984.85     539.3611  14.8980   0.0533     9.51    0.377  -8.15   2      32.61     1010.321     71.72939
       744    456.7148     55.7433     10138.29      483.329  14.9851   0.0518    11.19    0.560  -0.46   1      31.91     1134.668      71.7543
       745    993.5310     52.1505     9304.097     390.4902  15.0783   0.0456    11.83    0.633   1.26   2      31.58     1160.645     72.20411
       746    738.8500     51.3352     7586.938     446.4918  15.2998   0.0639     8.98    0.562  -7.87   0      23.95     781.2188     70.99977
       747    418.3592     51.1824     5709.068     383.2459  15.6086   0.0729     9.07    0.594  -0.78   0      21.63     840.3817     71.55981
       748      2.3290     49.1536     12540.16     335.0481  14.7542   0.0290     6.21    0.435  82.60  24       58.3     2775.581     77.12001
       749    923.4244     45.7781     34841.66     522.1429  13.6448   0.0163    10.57    0.503  -0.38   0      103.7     4052.745     81.12319
       750    712.1237     45.0197     29144.13     556.5557  13.8386   0.0207    10.21    0.488  -3.30   0      88.76     3377.104     79.04043
       751    637.7786     44.2921      28913.9     573.4484  13.8472   0.0215    10.11    0.476   2.20   0      83.12     2969.817     77.17748
       752     27.1096     44.3743     22457.97     458.3509  14.1216   0.0222    10.57    0.520  -1.65   0      73.33     2755.728     76.54443
       753    937.9814     41.3824     5297.196     400.7355  15.6899   0.0822     8.06    0.552   5.51   0      18.23     704.2836     71.12626
       754    760.7691     35.8731     17335.63     547.4977  14.4027   0.0343    11.75    0.592   5.34   2      44.49     1726.834     73.96481
       755    614.2770     38.5819     22909.04     575.1057  14.1000   0.0273    10.19    0.520   1.75   2      66.09     2530.864      76.5685
       756    546.8055   1019.1104     5961.055     402.7585  15.5617   0.0734     7.00    0.627   5.12  16      16.71     542.1691      70.2304
       757    840.3006     34.5829     43212.77     476.2351  13.4110   0.0120    10.66    0.442   2.05   0      130.3     5125.331     83.44229
       758    790.9792     39.0361     8969.786     527.9613  15.1180   0.0639    10.60    0.612   6.36   3      22.63     713.7018     71.34213
       759    802.1050     34.5386     17902.89     541.0465  14.3677   0.0328    10.74    0.556  -6.85   2      47.66     1590.964     73.18529
       760    523.1072     38.8586     4281.345     353.6232  15.9210   0.0897     6.96    0.574  -0.75   0      18.56      753.141     70.53551
       761    427.9569     37.8537     7248.883       451.48  15.3493   0.0676     8.73    0.630  -0.10   0      22.37     769.6409     71.14899
       762    736.0421     31.9304     19940.16     445.3668  14.2507   0.0243    10.77    0.521  -0.57   0      66.72     2519.065     76.36031
       763    492.6860     33.0179     9352.192     396.4055  15.0727   0.0460    11.08    0.555  -2.11   0      34.46     1196.522     72.13368
       764    268.7023     31.1369     11052.03     520.0229  14.8914   0.0511    11.46    0.546  -2.52   1      31.23     1199.532     71.95945
       765    454.9178     31.3366     5932.668     432.8413  15.5669   0.0792     8.76    0.530   2.96   0      20.22     730.8217     70.46355
       766    723.1720   1016.3152     7703.061     398.7921  15.2833   0.0562    10.66    0.578  -3.34  16       28.5     1080.646     71.76766
       767    205.2237   1013.0681     64199.35     503.5347  12.9812   0.0085     9.94    0.443  -3.28  16      183.8     7609.993     90.24941
       768    178.6912     30.2682     5578.571     362.7611  15.6337   0.0706     8.85    0.589  -2.51   0      21.01     803.5372      70.6977
       769    549.6806     27.9082     3356.768     131.9473  16.1852   0.0427     0.89    0.159  12.72   0      54.07     3323.315     78.54929
       770    868.1508     25.4847     6388.448     416.7254  15.4865   0.0708     9.15    0.563   1.89   0      23.22      826.807     70.77246
       771    766.6062   1014.6212     9288.075     537.4156  15.0802   0.0628    11.41    0.536  -4.67  16      29.84     1042.702     71.83191
       772    962.8361   1007.8006      68859.5     506.2878  12.9051   0.0080     9.95    0.456  -3.02  16      195.1     8147.041     91.88045
       773    916.7698   1005.6140     161321.9     552.8436  11.9808   0.0037     9.77    0.387  -5.74  16      375.3      18446.3     114.5578
       774    741.4508   1010.9124     5896.984     404.3624  15.5734   0.0745     9.22    0.594 -10.19  16      20.17     739.2399      70.4907
       775    190.7844   1005.2526      9542.53     501.2045  15.0508   0.0570    10.12    0.581  -5.78   0      26.31     911.2432     71.59988
       776    105.3096   1004.9894     4530.824     367.5465  15.8596   0.0881     6.33    0.531  -0.83   0       16.5     624.0033      70.3067
       777    986.6667   1000.4081     25515.45     558.6375  13.9830   0.0238    11.95    0.570 -13.70  16      69.33     2327.981     75.78945
       778    161.2417   1000.6660     12865.92     369.0959  14.7264   0.0312    10.13    0.508  -2.08   0      45.02     1575.574     73.49856
       779     55.4039    999.3966      27747.1     584.9885  13.8920   0.0229    10.47    0.501  -4.09   0      73.85     2604.131     76.61308
       780    131.3881    992.7115     49382.59     452.8974  13.2661   0.0100     9.97    0.458  -5.77   0      149.7     5891.999     85.50498
       781    968.1730    993.6653     6357.383     397.1922  15.4918   0.0679    10.06    0.536  -5.53   0      25.75     950.8433     71.54069
       782    823.5439    994.2720     8331.846     526.4309  15.1981   0.0686     9.98    0.607  -4.03   0      20.92      824.199      70.9509
       783    209.7113    989.2707     10039.56     587.7193  14.9957   0.0636    10.57    0.264 -21.24   0      23.92     665.8146     70.25356
