RA,DEC,B,B_err,V,V_err,R,R_err,I,I_err
276.94315051,-26.68479999,19.326638,0.03640634477670067,18.369476,0.018440514092616832,17.817705999999998,0.02052028569489226,17.363574,0.018870438256701934
276.9455648,-26.68894299,19.259647,0.24161463076560574,18.628594,0.1734518238589609,18.254088999999997,0.17370545831953582,17.897231,0.15987271436990116
276.94257506,-26.68737188,17.566707,0.035444477200263516,16.512714,0.017692900723171427,15.908309,0.019850957785457105,15.324610999999999,0.018869787068220987
276.94067561,-26.69072867,18.399195000000002,0.03606096282685752,17.09589,0.018440416481196948,16.355965,0.020520148634939273,15.702235,0.021262338535542134
276.93838178,-26.69145543,19.466357,0.036060129339756955,18.468014,0.0169717845850105,17.893859,0.019211059314884225,17.344061,0.01886991595105818
276.93688747,-26.6839999,19.250783000000002,0.04281234700410619,18.477266,0.015624075780666196,18.025320999999998,0.018032598259818244,17.460158999999997,0.02000496578352485
276.93498692,-26.68795959,18.575528,0.03573982708408087,17.095256,0.017692986180970132,16.259135999999998,0.019851076796990132,15.521544,0.02334682505181379
276.93494624,-26.68960633,17.917219,0.035739422770940214,17.112538,0.016971687011019265,16.643653,0.019210924626368194,16.160987,0.020617173424114177
276.93316361,-26.68941908,18.515011,0.036063014405343326,17.469922,0.02163486519486544,16.870357,0.02343299596722536,16.220803,0.021263109085926265
276.92957813,-26.691358,18.979584000000003,0.04405793535788985,18.291768,0.01769568399356182,17.886407999999996,0.019854833794318197,17.323631999999996,0.018874426295916916
276.92903929,-26.68411206,19.514332000000003,0.03716718950902799,18.599464,0.016280350856170148,18.070684,0.01860316774100583,17.551236,0.020617676299719133
276.9276291,-26.68984785,19.490504,0.038019738925984224,18.624608000000002,0.016972399712474367,18.122448,0.019211908416396327,17.647792000000003,0.01941934211038057
276.92315881,-26.68757598,19.406693,0.19909400734326488,18.711086,0.13855061977486785,18.301491,0.13885938391048694,17.909588999999997,0.12706970433584866
276.92225932,-26.68930053,18.025983,0.035739050798811095,16.584666,0.016279890908725402,15.769721,0.018602538805227633,15.045758999999999,0.018869603917411725
276.91824622,-26.69167565,18.079594000000004,0.035739050798811095,17.135788,0.016279890908725402,16.591277999999996,0.018602538805227633,16.059361999999997,0.019418083118577897
276.9176593,-26.68534641,18.915832000000005,0.03605942406639352,17.444464,0.015621623987281221,16.613183999999997,0.01802927896506125,15.898735999999998,0.02126176060442785
276.91676338,-26.69080598,19.278242000000002,0.03895832901960761,18.441284,0.020810900989625604,17.954854,0.022674793273589067,17.409666,0.020004159567449966
276.91438192,-26.68880177,19.173367000000002,0.03716718950902799,17.919034,0.016280350856170148,17.205728999999998,0.01860316774100583,16.568791,0.020002214277424386
276.91209511,-26.68794832,19.645860000000003,0.03606142764783447,18.57072,0.01921075573734672,17.954819999999998,0.021215160263358842,17.37778,0.020002361460587596
276.91177628,-26.68637217,19.359064,0.23072217155704824,18.626728,0.16846231018242627,18.197167999999998,0.16872180297756423,17.786672,0.1558894904988787
276.90893487,-26.68742389,18.283915999999998,0.03544335198595076,16.888232000000002,0.015621421190147842,16.098092,0.018029004409561834,15.362867999999999,0.0188693190126194
276.90808091,-26.68901939,17.671323,0.03640482061485814,16.430346,0.01562173921175232,15.724301,0.018029434960641445,15.060579000000002,0.018869787068220987
276.90497318,-26.68669409,19.117911,0.04221769799503521,18.406722,0.02594544615149256,17.988657,0.027463787976169635,17.302502999999998,0.07864664915938886
276.90073092,-26.68977619,16.995291,0.03544335198595076,15.460482,0.015621421190147842,14.594717,0.018029004409561834,13.775243,0.0188693190126194
276.89892163,-26.68467614,19.606539,0.03716754718837389,18.401178,0.016972128210687075,17.714492999999997,0.019211533645183042,17.105347000000002,0.026402546543846862
276.89642998,-26.68745352,16.712136,0.03544369444626223,15.249672,0.016279798033145252,14.423232,0.01860241180599978,13.657928,0.018869461465553277
276.89451235,-26.69158738,19.616487000000003,0.036405916112632025,18.629274000000002,0.0176931815115315,18.061169,0.01985134882067211,17.486551,0.024084985530408772
276.89175694,-26.6847143,18.940734000000003,0.036059760675855854,17.752068,0.01627999262899096,17.074457999999996,0.018602677898625238,16.416582,0.01941823472924354
276.89150989,-26.69190016,15.36446,0.03517367299558009,14.51192,0.015000777579845652,14.01702,0.017493897507416693,13.53658,0.019417555767912705
276.89093046,-26.6881075,19.508965000000003,0.04810062806242763,18.52843,0.02081365128947826,17.963955,0.022678737288482353,17.430445,0.023353156531826697
276.88729144,-26.68753554,19.427439000000003,0.0384777988975461,18.555978,0.016972548188177283,18.050793,0.01921211336631137,17.498047,0.020618433694148543
276.88711968,-26.68564197,18.56211,0.03640482061485814,17.76522,0.01562173921175232,17.300569999999997,0.018029434960641445,16.89203,0.024840870838197276
276.88675961,-26.68399976,16.396339,0.035444477200263516,14.745778000000001,0.017692900723171427,13.817093,0.019850957785457105,12.800747,0.040312142885239925
276.8802485,-26.69050069,16.984778000000002,0.03544335198595076,15.782756,0.015621421190147842,15.097885999999999,0.018029004409561834,14.438794,0.019417806261264426
276.877342,-26.68897436,18.184918000000003,0.03640551919695694,16.738036,0.016971890643060365,15.920065999999998,0.019211205714374097,15.182013999999999,0.019418551130298056
276.87411408,-26.68815579,17.489852,0.035739422770940214,16.619504,0.016971687011019265,16.114924,0.019210924626368194,15.640196,0.018869759934879934
276.94463544,-26.69278728,17.348128,0.035739050798811095,16.090456,0.016279890908725402,15.375336,0.018602538805227633,14.682344,0.018869603917411725
276.94201798,-26.69339957,17.457743999999998,0.03544406951804491,16.013088,0.01697159792123299,15.196328000000001,0.019210801649072327,14.458312,0.0188696174841993
276.93966753,-26.69355558,19.166854000000004,0.036060530057113696,18.245308,0.017693079777133205,17.712897999999996,0.01985120714213622,17.169342,0.019418551130298056
276.92529408,-26.69784001,18.646942,0.03716718950902799,17.698684,0.016280350856170148,17.151753999999997,0.01860316774100583,16.609766,0.01887030937743205
276.92502545,-26.69601214,19.295854,0.036780240347229924,18.374308,0.02506188181282483,17.841897999999997,0.026629926774214007,17.275342,0.020004351526605405
276.92311201,-26.69552195,18.650074,0.039970610102924374,17.661748,0.016281306090114515,17.093038,0.01860447392430111,16.495402,0.018871774479364677
276.91667131,-26.69825511,18.835052000000005,0.19909400734326488,18.409904,0.13855061977486785,18.147323999999998,0.13885938391048694,17.902796,0.12706970433584866
276.91306499,-26.69330578,19.198133000000002,0.03640551919695694,18.368966,0.016971890643060365,17.886770999999996,0.019211205714374097,17.439709,0.018870085532397565
276.91074926,-26.69501318,18.993070000000003,0.035739050798811095,18.10714,0.016279890908725402,17.59409,0.018602538805227633,17.089109999999998,0.019418083118577897
276.90631085,-26.69227188,17.482732000000002,0.035740263737135465,16.345264,0.01844032667823431,15.695484,0.020520022538973975,15.059436000000002,0.019418577496819894
276.904358,-26.69803689,17.527587,0.035739050798811095,16.206474,0.016279890908725402,15.456869000000001,0.018602538805227633,14.797851,0.018869603917411725
276.90068988,-26.69288584,18.959831,0.0357407327289187,18.070562000000002,0.019210669535443058,17.555697,0.021215038298339223,17.063663,0.020002214277424386
276.95315023,-26.6852514,19.571204,0.038027050687635504,18.594008000000002,0.027733222243367252,18.031348,0.02915828612933209,17.500892,0.020005848744804603
276.95674334,-26.68421604,19.312954,0.03716793596636757,18.057508000000002,0.017693409394460978,17.343598,0.019851666176923286,16.714642,0.020617974294289923
276.86741221,-26.67659779,19.620596000000003,0.037582740719644174,18.625592,0.01697225971990766,18.053251999999997,0.019211715175902436,17.388507999999998,0.02193404659427895
276.87041845,-26.68222789,17.561457,0.035739050798811095,16.229214,0.016279890908725402,15.473559,0.018602538805227633,14.765361,0.018869603917411725
276.8749556,-26.68344376,17.641406999999997,0.035444477200263516,16.476114,0.017692900723171427,15.811209000000002,0.019850957785457105,15.180711000000002,0.021261911108834974
276.87604159,-26.67923711,18.308213999999996,0.03544369444626223,17.075028,0.016279798033145252,16.373218,0.01860241180599978,15.704621999999999,0.021933001983312727
276.87747795,-26.67554543,18.562133000000003,0.12484342771648013,17.732966,0.1076880785231123,17.250770999999997,0.10807319753296836,16.787709,0.10624319904822142
276.88995281,-26.6776742,19.115049,0.15296476552461352,18.210198,0.11664105026961992,17.686863,0.11700009754269439,17.181576999999997,0.11020947414809672
276.89154755,-26.68179357,18.91285,0.036787735619360974,18.093700000000002,0.03324404620379414,17.61695,0.034442130088018656,17.06005,0.020622710588087106
276.89655303,-26.67528978,18.384676000000002,0.03573871116870333,17.567752000000002,0.01562151798001718,17.092211999999996,0.018029135447935378,16.641347999999997,0.018869461465553277
276.89884217,-26.67563216,18.892801000000002,0.03640551919695694,17.658502000000002,0.016971890643060365,16.956086999999997,0.019211205714374097,16.298473,0.019418551130298056
276.89944642,-26.67917995,19.23221,0.03677528980171332,18.10142,0.017693291384024624,17.45527,0.01985150183235515,16.822329999999997,0.05059736593934511
276.90072163,-26.67570241,18.451925,0.03640515403071384,17.38235,0.016280103193776138,16.769475,0.018602829085921313,16.133525,0.020617328633942854
276.90298394,-26.68277417,19.146607,0.2445772639637626,18.426514,0.16248142155951245,18.003609,0.16275159538388556,17.599311,0.14496106666274222
276.90523223,-26.67797092,19.26403,0.03640680518804143,18.28906,0.01921084943462938,17.72761,0.021215292833237066,17.19119,0.020002521441058373
276.90707021,-26.67870863,18.000285,0.035739050798811095,16.61907,0.016279890908725402,15.836795,0.018602538805227633,15.111804999999999,0.019418083118577897
276.90889421,-26.6828341,19.544311,0.036781686095120766,18.610522,0.026834887143418362,18.071457,0.028305011923685886,17.483703,0.021936217358514663
276.91290287,-26.67618201,18.751136000000002,0.2158866372983747,18.401672,0.16048121240818192,18.180232,0.16075126134808398,17.974928,0.14991720402942418
276.91340363,-26.68062158,16.729011000000003,0.03544335198595076,15.683922,0.015621421190147842,15.084356999999999,0.018029004409561834,14.448803,0.02000127995904262
276.91637007,-26.67663594,18.412007000000003,0.03640551919695694,17.469314,0.016971890643060365,16.925409,0.019211205714374097,16.293511,0.02061747142595328
276.92503402,-26.67993054,19.439780000000003,0.036774205307525,18.18656,0.015621863653226526,17.47386,0.01802960343435207,16.805939999999996,0.020001894310289713
276.92681864,-26.68033191,19.581403000000005,0.13546428515295095,18.518506000000002,0.10967762783722121,17.909260999999997,0.11005696002525236,17.318419,0.1052588939330069
276.93134744,-26.67974262,18.947839000000002,0.03895654861509166,17.853778,0.01769396281221366,17.227593,0.019852436878126573,16.580246999999996,0.019419981462401037
276.93317825,-26.67880799,19.303894,0.038956949213202,18.471388,0.018441263731100426,17.987378,0.020521338284819536,17.489262,0.018871740566254083
276.93405584,-26.68050945,19.350302999999997,0.17547560579180227,18.621306,0.12361002658360688,18.193561,0.12395184720285535,17.784119,0.11417725924193486
276.93546188,-26.68307774,18.491417000000002,0.037582740719644174,17.070134000000003,0.01697225971990766,16.266078999999998,0.019211715175902436,15.576441,0.020002559836180968
276.9389939,-26.68015847,19.623040000000003,0.038019389263900596,18.39208,0.016280633894292938,17.69148,0.018603554767839398,17.059919999999998,0.019419190508360537
276.94089774,-26.67832805,19.586487,0.03606096282685752,18.599274,0.018440416481196948,18.031169,0.020520148634939273,17.493551,0.020002175881638478
276.94568824,-26.68098767,19.324567000000002,0.03947207828326246,18.515434,0.03890057500860366,18.044128999999998,0.03992991391175293,17.649391,0.08649539215472696
276.945689,-26.67783092,19.466074000000003,0.036780240347229924,18.477748000000002,0.02506188181282483,17.909038,0.026629926774214007,17.385402,0.038486024476425205
276.94739593,-26.67943541,17.745956,0.035739050798811095,16.439312,0.016279890908725402,15.697572,0.018602538805227633,15.029788,0.020617030630039817
276.94963288,-26.68357739,19.399644000000002,0.03544369444626223,18.288888,0.016279798033145252,17.653627999999998,0.01860241180599978,17.058011999999998,0.02000141434999035
276.95075392,-26.6774711,19.57329,0.03607224506459225,18.62058,0.032313315150259654,18.07123,0.03354452116218087,17.620169999999998,0.019423369017757965
276.95222625,-26.6792134,18.005852,0.03640515403071384,17.135504,0.016280103193776138,16.630924,0.018602829085921313,16.158196,0.02000185591388959
276.95927815,-26.67607097,19.179437000000004,0.03640634477670067,18.359174,0.018440514092616832,17.881818999999997,0.02052028569489226,17.334901,0.018870438256701934
276.96132182,-26.68298002,18.210965,0.03544369444626223,17.23043,0.016279798033145252,16.665954999999997,0.01860241180599978,16.163445,0.019417944690414583
276.96655531,-26.6758035,19.574122000000003,0.0375844631729655,18.470044,0.020001843115073168,17.838414,0.021934338376162613,17.301906,0.01941986282134866
276.97294546,-26.6752735,19.431812,0.03606142764783447,18.472424,0.01921075573734672,17.919444,0.021215160263358842,17.412276,0.018870465389067646
276.85228299,-26.6683091,18.101636,0.03573871116870333,17.195672,0.01562151798001718,16.671732,0.018029135447935378,16.159428,0.020616900251977745
276.85561391,-26.66756827,19.210373999999998,0.036059760675855854,18.333348,0.01627999262899096,17.825138,0.018602677898625238,17.307302,0.01941823472924354
276.85699971,-26.67044382,19.329117999999998,0.038527893531829636,18.327436,0.060212522949964487,17.751466,0.06088395622000922,17.347614,0.03668751940374274
276.86011387,-26.67052212,19.405469999999998,0.03573871116870333,18.29694,0.01562151798001718,17.662889999999997,0.018029135447935378,17.104309999999998,0.02000141434999035
276.86427413,-26.67385492,18.107354,0.03640482061485814,16.629308,0.01562173921175232,15.794398000000001,0.018029434960641445,15.056842,0.018869787068220987
276.86517785,-26.66726128,19.474581,0.03677830735637517,18.307062,0.02247398958796591,17.640946999999997,0.024210025299449812,17.014413,0.018871740566254083
276.86602459,-26.671868,16.486674,0.03544335198595076,15.720948,0.015621421190147842,15.273238000000001,0.018029004409561834,14.816201999999999,0.020616769873091176
276.86946938,-26.67380916,19.307290000000002,0.038023037753446266,18.35458,0.022474287530420183,17.805229999999998,0.024210457451275057,17.32817,0.018872371340136352
276.87055762,-26.66973222,19.546411000000003,0.03606096282685752,18.278722000000002,0.018440416481196948,17.558157,0.020520148634939273,16.888002999999998,0.018870268678532375
276.87827621,-26.67094922,19.510831,0.03802011898981906,18.621562,0.017693669828500812,18.106696999999997,0.019852028863569588,17.578663,0.040312742997717234
276.88088476,-26.66811933,16.914787,0.03517367299558009,16.038874,0.015000777579845652,15.531269,0.017493897507416693,15.041451,0.018869061237910063
276.8815542,-26.67006989,19.181219,0.036405916112632025,18.376538,0.0176931815115315,17.907653,0.01985134882067211,17.358987,0.020617626633538593
276.88343733,-26.67217455,18.898263,0.03573871116870333,18.080226,0.01562151798001718,17.604080999999997,0.018029135447935378,17.169199,0.02334644675319994
276.88727997,-26.67160758,18.734731999999997,0.036405916112632025,17.597264,0.0176931815115315,16.947484,0.01985134882067211,16.269436,0.020002163083026794
276.88898711,-26.67240716,17.994243,0.03640551919695694,16.575186000000002,0.016971890643060365,15.772341,0.019211205714374097,15.043739,0.019418551130298056
276.88905994,-26.67403753,19.539416,0.16273558687638054,18.700232,0.12062219556947221,18.212592,0.12097077425973597,17.744368,0.11219250570336683
276.89178708,-26.67329584,19.375064000000002,0.037587969351908335,18.642728,0.025062054185561088,18.213168,0.02663018024723077,17.543672,0.036676824290006356
276.89292776,-26.66732985,18.048875000000002,0.03640482061485814,17.146250000000002,0.01562173921175232,16.624125,0.018029434960641445,16.073874999999997,0.020001721525908712
276.89503786,-26.66815941,18.035453000000004,0.03544369444626223,16.805606,0.016279798033145252,16.105611,0.01860241180599978,15.403068999999999,0.020616900251977745
276.89983525,-26.66766051,18.99959,0.04162698322002208,18.15818,0.01628190308287087,17.66933,0.01860529024229399,17.067069999999998,0.03577958121610704
276.89999575,-26.67348161,18.263648,0.03573871116870333,17.050496,0.01562151798001718,16.359575999999997,0.018029135447935378,15.688304,0.021933001983312727
276.90102875,-26.67026702,19.492998,0.03640680518804143,18.224196,0.01921084943462938,17.503025999999995,0.021215292833237066,16.851854,0.018870634965469497
276.91728238,-26.67397688,18.950376,0.03640551919695694,18.022152,0.016971890643060365,17.486112,0.019211205714374097,16.839448,0.05154687311564107
276.91773088,-26.66771421,18.902548000000003,0.0384777988975461,18.023296000000002,0.016972548188177283,17.513876,0.01921211336631137,17.003004,0.020618433694148543
276.92411173,-26.66866939,18.899445,0.12387846226039456,17.87439,0.1047071950154334,17.285715,0.10510290112551603,16.716485000000002,0.1032782363908292
276.9282011,-26.67179712,19.380083,0.2010654985023537,18.717866,0.13855102927080692,18.326421,0.13886002232464173,17.953059,0.1250876152462745
276.9382737,-26.66729199,19.621733999999996,0.036059760675855854,18.433068,0.01627999262899096,17.755457999999997,0.018602677898625238,17.091582,0.01941823472924354
276.94289135,-26.6737514,19.105321,0.03640515403071384,17.915542,0.016280103193776138,17.237326999999997,0.018602829085921313,16.581432999999997,0.026402163547709495
276.94529216,-26.6718073,18.972988,0.036774205307525,17.960176,0.015621863653226526,17.378156,0.01802960343435207,16.733123999999997,0.01941843907218085
276.95875986,-26.67211661,19.320271,0.03606423247484965,18.297442,0.023325486833075962,17.709977,0.025002447880157656,17.120783,0.01942007373827401
276.96177575,-26.67385277,18.879040000000003,0.03606142764783447,17.64808,0.01921075573734672,16.94748,0.021215160263358842,16.25292,0.018870465389067646
276.96370096,-26.67115296,19.474011,0.03677528980171332,18.428922,0.017693291384024624,17.829356999999998,0.01985150183235515,17.312803000000002,0.019418893892289537
276.96702556,-26.67427074,19.430394000000003,0.03640551919695694,18.041388,0.016971890643060365,17.254877999999998,0.019211205714374097,16.608762,0.018870085532397565
276.96759299,-26.67015158,19.555026,0.046705236408779695,18.682452,0.01769666047592031,18.176662,0.019856193618113215,17.652898,0.019424350902925942
276.9766838,-26.671117,19.373812,0.15004336510489225,18.414424,0.11962486651194223,17.861444,0.11997492373408702,17.328276,0.11515677188945511
276.85044024,-26.66421668,19.558124,0.21686461490985567,18.402848,0.14851851332409705,17.743387999999996,0.14880938310469538,17.104052,0.13402362179854715
276.85399382,-26.6634431,19.796329,0.03677528980171332,18.401758,0.017693291384024624,17.612223,0.01985150183235515,16.863017,0.019418893892289537
276.85521577,-26.66053441,19.44989,0.21192169501964633,18.71978,0.14253839370499444,18.29143,0.14284034837888065,17.88097,0.12806773332889124
276.85548799,-26.66485713,18.169951,0.03573982708408087,17.547802,0.017692986180970132,17.178136999999996,0.019851076796990132,16.753422999999998,0.026402163547709495
276.85640246,-26.66173385,19.570210000000003,0.03716835584203315,18.439420000000002,0.018440732740322444,17.793269999999996,0.020520592705865006,17.151329999999998,0.0206181419143433
276.85685,-26.66632389,17.930386000000002,0.03573871116870333,16.746172,0.01562151798001718,16.070982,0.018029135447935378,15.401178,0.018869461465553277
276.8579558,-26.66495361,16.054755,0.03544335198595076,14.88501,0.015621421190147842,14.217685,0.018029004409561834,13.529115000000001,0.0188693190126194
276.86034776,-26.66558496,19.335223000000003,0.17546857975147573,18.428145999999998,0.11465658079674276,17.903601,0.11502426048447345,17.397279,0.10132571480132771
276.86250465,-26.6611423,18.276942,0.1152476230731029,17.328684,0.1027192317728282,16.781754,0.10312159521652095,16.253766,0.10228763866665415
276.86251256,-26.66277882,18.710789,0.03573871116870333,17.783678,0.01562151798001718,17.248243,0.018029135447935378,16.716597,0.02000141434999035
276.86339478,-26.65946495,19.511141,0.15101325564333748,18.477182,0.11465157268873376,17.883667,0.11501646023504636,17.308293,0.10823058199972871
276.86496524,-26.66544457,19.103500000000004,0.036060129339756955,18.34,0.0169717845850105,17.8935,0.019211059314884225,17.464499999999997,0.02262904611334733
276.86521795,-26.65940725,18.330764000000002,0.035739422770940214,17.487128000000002,0.016971687011019265,16.997068,0.019210924626368194,16.450771999999997,0.020001695928095697
276.86633128,-26.66437335,19.622467999999998,0.041627649705454184,18.565136,0.017694837665262714,17.958916,0.01985365520502459,17.402164,0.020620153248703074
276.86827419,-26.6645885,18.880458,0.038019738925984224,18.079116,0.016972399712474367,17.612046,0.019211908416396327,17.079434,0.03053049046445209
276.87018091,-26.66211726,19.487502000000003,0.03848290591938192,18.672804000000003,0.025062249539895654,18.198474,0.026630467513733214,17.865645999999998,0.020005170531640065
276.87096477,-26.66537491,18.829665,0.035739050798811095,17.73783,0.016279890908725402,17.112855,0.018602538805227633,16.439545,0.018869603917411725
276.87228609,-26.65991082,19.533242,0.03650219116710667,18.696284,0.07991197056761896,18.209854,0.08042040941203918,17.674666000000002,0.02338035414616297
276.87584711,-26.66162371,16.830029,0.03517398521634988,15.324158,0.01562133361784454,14.474123,0.018028885850212707,13.717116999999998,0.020001158366454677
276.87672088,-26.66354938,17.063826000000002,0.03544335198595076,15.746052,0.015621421190147842,14.998261999999999,0.018029004409561834,14.338297999999998,0.02000127995904262
276.88049968,-26.66154463,18.582296,0.036774205307525,17.475992,0.015621863653226526,16.843151999999996,0.01802960343435207,16.194608,0.020001894310289713
276.88109576,-26.66502016,19.440212999999996,0.21093756061925054,18.789126,0.1465240578198679,18.403731,0.14681801830838065,18.036549,0.13302831458001715
276.88157133,-26.65959712,19.288749000000003,0.038019738925984224,18.272598000000002,0.016972399712474367,17.688762999999998,0.019211908416396327,16.969677,0.022629866283299157
276.88613441,-26.66537135,19.610791000000003,0.036059760675855854,18.632482,0.01627999262899096,18.069216999999995,0.018602677898625238,17.556743,0.018869759934879934
276.89003509,-26.66198174,18.507401000000005,0.11429452188097206,17.495702,0.104705627203126,16.914286999999998,0.1051004606317213,16.352273,0.10426317869698774
276.89497738,-26.66156407,19.478225000000002,0.13159647686773382,18.519949999999998,0.11067097621327825,17.967574999999997,0.11104661870133642,17.434425,0.10723444700281715
276.89594834,-26.65869536,19.067176000000003,0.03758206401995505,17.693752,0.015622140186286897,16.915711999999996,0.01802997781473954,16.181848,0.02000227827023712
276.89784124,-26.66040957,19.339473,0.17450735646384655,18.710646,0.13854585176034684,18.337350999999998,0.13885195038241271,17.981529,0.13301263458784657
276.89791663,-26.66275211,19.364072,0.03677665716184657,18.426944,0.020001627133810887,17.886063999999998,0.021934030637345246,17.400256,0.02061833436531671
276.90198008,-26.66025856,19.309545999999997,0.2060006714746338,18.481492,0.14353354573757313,17.999901999999995,0.14383279546056246,17.536858,0.13004916165819755
276.90697202,-26.65893041,19.162826999999997,0.1315974475436359,18.375954,0.11166511003890159,17.916749,0.11203749930268883,17.476371,0.10921210189351727
276.90717219,-26.66084947,17.476348,0.03574123405815754,16.151896,0.02000135715395333,15.400476,0.021933645957751758,14.714404,0.01941897299035147
276.91054727,-26.66051722,18.664683999999998,0.03573871116870333,17.642968,0.01562151798001718,17.056108,0.018029135447935378,16.485932,0.02000141434999035
276.91073966,-26.65894614,17.290541,0.03544335198595076,16.033982,0.015621421190147842,15.319467,0.018029004409561834,14.632493,0.02000127995904262
276.9121095,-26.66370473,17.451199000000003,0.035739050798811095,16.045498000000002,0.016279890908725402,15.249913,0.018602538805227633,14.541527000000002,0.018869603917411725
276.91482511,-26.66052592,19.095746,0.03640482061485814,17.599892,0.01562173921175232,16.755302,0.018029434960641445,15.996458,0.019418261096194992
276.91499898,-26.66432446,19.05125,0.03640482061485814,18.0095,0.01562173921175232,17.411749999999998,0.018029434960641445,16.852249999999998,0.020001721525908712
276.91625599,-26.6665835,19.436876,0.03640551919695694,17.952152,0.016971890643060365,17.113612,0.019211205714374097,16.397948,0.018870085532397565
276.91914269,-26.66132686,18.358961000000004,0.036059760675855854,17.480822,0.01627999262899096,16.972006999999998,0.018602677898625238,16.480153,0.01941823472924354
276.92115761,-26.66047938,17.612286,0.03573982708408087,16.761972,0.017692986180970132,16.268282,0.019851076796990132,15.785878,0.01941839952210274
276.9254221,-26.66095383,19.581009,0.038019070004407005,18.587118,0.015622292277383624,18.015382999999996,0.01803018372063912,17.435657,0.019419052088091217
276.92745287,-26.66143887,19.548076000000002,0.036060129339756955,18.508552,0.0169717845850105,17.912011999999997,0.019211059314884225,17.312548,0.01941838633872547
276.93269837,-26.65972488,19.580855999999997,0.1686085472803796,18.608112,0.11962842297715036,18.047871999999998,0.11998046445150977,17.506487999999997,0.11021612774907308
276.93356709,-26.66670796,19.360215,0.1471152001664002,18.65793,0.111667895475826,18.244704999999996,0.11204183705205836,17.849695,0.10526342726702374
276.93393056,-26.66130277,18.064562,0.03573871116870333,16.826924,0.01562151798001718,16.122694,0.018029135447935378,15.436026000000002,0.018869461465553277
276.93627375,-26.66413732,18.308216,0.036059760675855854,17.023832000000002,0.01627999262899096,16.294192,0.018602677898625238,15.575767999999998,0.018869759934879934
276.93661881,-26.66616111,19.426305000000003,0.14809571544106195,18.64611,0.11962451742013423,18.190535,0.11997437986920373,17.754265,0.11515612720129138
276.93875984,-26.66214119,17.279543,0.03573871116870333,15.971786,0.01562151798001718,15.229441,0.018029135447935378,14.563638999999998,0.018869461465553277
276.93888285,-26.65966713,19.346296,0.036060530057113696,18.239992,0.017693079777133205,17.607151999999996,0.01985120714213622,17.025608000000002,0.018870085532397565
276.94044478,-26.66301324,18.939808,0.036060129339756955,18.082816,0.0169717845850105,17.585496,0.019211059314884225,17.117984,0.01941838633872547
276.94445328,-26.66349869,18.440178999999997,0.036059760675855854,17.546458,0.01627999262899096,17.029173,0.018602677898625238,16.542067,0.018869759934879934
276.94757957,-26.6644756,19.448131000000004,0.1549211536879325,18.670162,0.12261087488473443,18.215797,0.12295315825549175,17.779563,0.11713943554584852
276.95173179,-26.66374905,19.130355000000005,0.0375844631729655,18.18321,0.020001843115073168,17.636884999999996,0.021934338376162613,17.042915,0.01887143534551625
276.95353955,-26.66171697,14.983757,0.03518180626403369,13.762814,0.02683457858808295,13.067658999999999,0.028304554845466127,12.263261,0.02884732556061307
276.95378723,-26.66005861,18.518791000000004,0.039971304206893224,17.540482,0.017694288343982643,16.977216999999996,0.019852890217799523,16.417743,0.02000390361904396
276.95826353,-26.66235379,17.760621000000004,0.035739422770940214,16.682142,0.016971687011019265,16.064427,0.019210924626368194,15.425333000000002,0.018869759934879934
276.95922662,-26.66449246,18.315363,0.035739050798811095,17.163425999999998,0.016279890908725402,16.505781,0.018602538805227633,15.905499,0.021261748564029254
276.96349858,-26.65915435,19.211810000000003,0.04282083815153552,18.30362,0.029549996954314563,17.778469999999995,0.0308920074614778,17.23913,0.02000898997950671
276.96774594,-26.66215356,19.445961000000004,0.04342889936436336,18.567822,0.01844270045302477,18.059006999999998,0.020523355597952302,17.530153,0.03138848196393065
276.96997568,-26.66152884,18.771331000000004,0.03640551919695694,17.325562,0.016971890643060365,16.508197,0.019211205714374097,15.744163,0.021933538884548475
276.97022936,-26.66440664,19.742652,0.03945413620902123,18.427104,0.01697287058808851,17.680524,0.019212558392884587,17.022596,0.022630494117451348
276.97160061,-26.65989754,17.894164000000004,0.03584305221378336,16.827928,0.08188993960188272,16.216867999999998,0.0823863062043687,15.695972,0.020656974415436544
276.97703473,-26.66409227,17.465952,0.035740263737135465,16.261704,0.01844032667823431,15.575624,0.020520022538973975,14.896496,0.0200020286971097
276.97869528,-26.66164234,19.24555,0.03606142764783447,18.3151,0.01921075573734672,17.77785,0.021215160263358842,17.24515,0.018870465389067646
276.84182846,-26.65140533,19.208578000000003,0.18137216903373019,18.674356,0.12958379065299797,18.352486,0.1299110200290953,18.049194,0.12012231765995858
276.8469051,-26.65065062,17.438732,0.03573871116870333,16.301264,0.01562151798001718,15.651484,0.018029135447935378,14.999436,0.019417944690414583
276.84810827,-26.65646194,19.467846,0.16470033901604453,18.751092,0.1295805885462788,18.330001999999997,0.12990602930580242,17.926757999999996,0.12408019935509453
276.84906835,-26.65840061,19.358323000000002,0.036060129339756955,18.117346,0.0169717845850105,17.411300999999998,0.019211059314884225,16.737578999999997,0.01886991595105818
276.86123352,-26.65803272,18.822303,0.03716718950902799,18.093306,0.016280350856170148,17.665560999999997,0.01860316774100583,17.177119,0.01887030937743205
276.864528,-26.65612736,18.582991999999997,0.03640515403071384,17.467783999999998,0.016280103193776138,16.830104,0.018602829085921313,16.161416,0.01941839952210274
276.86718581,-26.65095585,18.948806,0.16958599550670453,18.143012000000002,0.11664435574857449,17.673522,0.11700524646356675,17.222838,0.10527344903630734
276.86936807,-26.6503924,19.771784,0.036059760675855854,18.416168,0.01627999262899096,17.647807999999998,0.018602677898625238,17.015232,0.021261887028201424
276.87505369,-26.65102647,19.546179000000002,0.18137135001978674,18.652458,0.12858818682911738,18.135172999999998,0.12891786261026825,17.637067,0.11913146271241698
276.88547758,-26.65368293,19.120960999999998,0.03544643400964334,18.242822,0.02080999798173945,17.734007,0.022673498296469384,17.252153,0.022629617407282872
276.88796988,-26.65359455,18.188028000000003,0.03716835584203315,17.264256,0.018440732740322444,16.730635999999997,0.020520592705865006,16.188043999999998,0.019419263013822123
276.8901685,-26.65235548,19.413374,0.1764570402335934,18.536348,0.12361022753801564,18.028138,0.12395216032808787,17.539302,0.11318805081809652
276.89587665,-26.6510903,11.511601999999998,0.04881928311640801,10.363004,0.03046784035667773,9.707174,0.03177187474795909,8.925946,0.10127445040087851
276.89763305,-26.65555191,18.960594000000004,0.03997030642864775,18.016788000000002,0.015622992799076623,17.472277999999996,0.01803113210533382,16.969361999999997,0.019420053964909572
276.9032005,-26.6574009,17.946393000000004,0.03544369444626223,17.139486,0.016279798033145252,16.669390999999997,0.01860241180599978,16.218688999999998,0.02000141434999035
276.90906623,-26.65621094,19.237222,0.2198243491244771,18.912244,0.14254011516762569,18.704114,0.14284303246921073,18.513206,0.1260881309560896
276.91572072,-26.65219715,19.626923,0.039494724913588145,18.608546,0.055321582623782554,18.023501,0.056051280984469924,17.545379,0.020021211152175585
276.9181811,-26.65394593,19.3292,0.048101493240854803,18.4544,0.022477064932948876,17.947400000000002,0.024214485850416065,17.3346,0.02000970644462332
276.9204667,-26.65607103,19.642447,0.24953982513418574,18.566194,0.1734534377635681,17.949689,0.17370797635687313,17.351631,0.1568925751206857
276.92610719,-26.65308933,19.037232,0.20501416650563445,18.456264,0.14353334257934633,18.108984,0.14383247868614374,17.779936,0.13104075994895634
276.92657401,-26.65135106,19.260047,0.03760512645903481,18.406394,0.0417644258191107,17.910888999999997,0.04272490608532686,17.520431,0.044016759717180456
276.92767655,-26.65831559,17.440111000000005,0.03573871116870333,16.061122,0.01562151798001718,15.280057,0.018029135447935378,14.567103,0.018869461465553277
276.92788462,-26.65290458,19.307103,0.037586077901265516,18.132906,0.022474181809356262,17.463161,0.024210304107961964,16.847519000000002,0.036676395024593134
276.92849962,-26.65592395,19.469006999999998,0.03847901563189994,18.526314,0.019211430347582138,17.982409,0.021216114747992856,17.370510999999997,0.021934916092841567
276.93380463,-26.65256653,19.355137000000003,0.14614672326124867,18.423574000000002,0.1166397928667571,17.885719,0.11699813887408637,17.366000999999997,0.11218559051856883
276.93517135,-26.65695329,18.50508,0.03640515403071384,17.36316,0.016280103193776138,16.710959999999996,0.018602829085921313,16.076839999999997,0.020617328633942854
276.9432555,-26.65579868,19.357506,0.036405916112632025,18.440412000000002,0.0176931815115315,17.910422,0.01985134882067211,17.453938,0.020002163083026794
276.94362276,-26.65190433,19.303441000000003,0.036782456089826304,18.380782,0.02773298079904142,17.847766999999997,0.0291579273097386,17.297193,0.03667710697424212
276.94378238,-26.65357465,18.244718000000002,0.036405916112632025,17.465636,0.0176931815115315,17.010666,0.01985134882067211,16.534414,0.018870255112212977
276.94414549,-26.65725594,19.399904000000003,0.03758550890968486,18.311408,0.021635237923350877,17.688247999999998,0.02343353366438788,17.066992,0.021935096990895662
276.94866277,-26.6508171,16.789954,0.03544335198595076,15.534508,0.015621421190147842,14.820598,0.018029004409561834,14.172641999999998,0.0188693190126194
276.95070132,-26.6536373,18.109288000000003,0.11524865120251951,17.207776,0.1037124394467703,16.686255999999997,0.1041110442028126,16.184023999999997,0.10327542546027103
276.95272381,-26.65814779,17.940481,0.03640482061485814,17.106862,0.01562173921175232,16.622246999999998,0.018029434960641445,16.129112999999997,0.018869787068220987
276.95818308,-26.65059793,19.36937,0.0375844631729655,18.59474,0.020001843115073168,18.14219,0.021934338376162613,17.61601,0.02126337395617168
276.95850871,-26.65255116,18.314896,0.03574356272113904,17.431192,0.023325415837665144,16.919352,0.025002344390076703,16.438408,0.020003334122090745
276.96038733,-26.65586522,19.498166,0.03758550890968486,18.380732,0.021635237923350877,17.741841999999995,0.02343353366438788,17.119118,0.02000371165559032
276.96333064,-26.65245955,17.282946,0.035739050798811095,16.232292,0.016279890908725402,15.629702000000002,0.018602538805227633,15.028057999999998,0.018869603917411725
276.96621899,-26.65056063,19.14659,0.035444477200263516,18.30518,0.017692900723171427,17.816329999999997,0.019850957785457105,17.30907,0.020001721525908712
276.96626465,-26.65463561,19.587296,0.039970942695913496,18.480992,0.01697304451181343,17.848151999999995,0.019212798468729118,17.235608,0.020003743649627186
276.98586725,-26.65797924,18.514841,0.036060129339756955,17.369581999999998,0.0169717845850105,16.715566999999997,0.019211059314884225,16.036393,0.01941838633872547
276.98630081,-26.65051049,17.192808,0.03573871116870333,16.335816,0.01562151798001718,15.838496000000001,0.018029135447935378,15.363984,0.020616900251977745
276.83930486,-26.6450891,19.591593999999997,0.036060129339756955,18.647788,0.0169717845850105,18.103278,0.019211059314884225,17.518362,0.01886991595105818
276.84978222,-26.6430283,18.778854,0.03895617768724237,17.857308,0.01697270514679378,17.324897999999997,0.019212330025272832,16.830341999999998,0.020618663390239437
276.85093005,-26.6469245,18.608474,0.03573871116870333,17.397548,0.01562151798001718,16.707837999999995,0.018029135447935378,16.058601999999997,0.018869461465553277
276.85207631,-26.64223076,18.837697,0.046026568414340864,18.039694,0.020812976721266953,17.574438999999998,0.02267776995209185,16.971881,0.019424726510301246
276.85255851,-26.64562188,19.157711,0.03640551919695694,18.001322000000002,0.016971890643060365,17.341257,0.019211205714374097,16.702903,0.018870085532397565
276.86025229,-26.64508831,17.985394999999997,0.03640837689323709,17.12729,0.021634948393744784,16.629365,0.023433115989983065,16.142835,0.019419737588340372
276.86118074,-26.64763757,18.186631000000002,0.036059760675855854,16.852162,0.01627999262899096,16.095297,0.018602677898625238,15.385063,0.018869759934879934
276.8636293,-26.64643726,17.189283000000003,0.03573871116870333,15.859266,0.01562151798001718,15.104821,0.018029135447935378,14.440659,0.018869461465553277
276.86565436,-26.64390048,18.190189000000004,0.03573871116870333,17.040478,0.01562151798001718,16.384043,0.018029135447935378,15.765797,0.018869461465553277
276.86691261,-26.64692626,19.100378,0.03945379925938692,18.120956,0.016281124776869688,17.557085999999998,0.018604225998412296,16.813594,0.02334809148517283
276.86750602,-26.64923532,19.210074000000002,0.03677665716184657,18.221748,0.020001627133810887,17.653038,0.021934030637345246,17.013402,0.024085591377418992
276.86901124,-26.64329265,19.462881,0.04165341229719361,18.406662,0.046576544998529035,17.801047,0.04744033331459634,17.286313,0.022642125695261035
276.87227843,-26.64247301,19.574006999999998,0.03802011898981906,18.631314,0.017693669828500812,18.087409,0.019852028863569588,17.562510999999997,0.020618371613684724
276.87435823,-26.64466638,18.095986,0.03573871116870333,17.134372,0.01562151798001718,16.580181999999997,0.018029135447935378,16.036977999999998,0.019417944690414583
276.876335,-26.64449058,18.171386000000002,0.036059760675855854,16.987172,0.01627999262899096,16.311982,0.018602677898625238,15.663178,0.018869759934879934
276.88148964,-26.64694935,19.243745000000004,0.036060129339756955,18.329990000000002,0.0169717845850105,17.801814999999998,0.019211059314884225,17.339384999999996,0.020001843115073168
276.88159331,-26.64195201,19.455539,0.16175669537920215,18.250178000000002,0.11962706215568447,17.563492999999998,0.1199783444001458,16.874347,0.10625919254351596
276.88288266,-26.64408837,19.546883000000005,0.03544369444626223,18.439466000000003,0.016279798033145252,17.806020999999998,0.01860241180599978,17.148459,0.024840623502641795
276.88637942,-26.64510989,19.353649,0.19810848483596052,18.671398,0.13855041658544373,18.269063,0.13885906713283075,17.884377,0.12607779211264766
276.88998851,-26.64501764,16.968283,0.036405916112632025,15.638266,0.0176931815115315,14.883821,0.01985134882067211,14.201659,0.020002163083026794
276.89140182,-26.64635001,19.308899999999998,0.15199331374767772,18.3228,0.1206201798042102,17.7553,0.12096763368769349,17.2067,0.11515769111961216
276.89304282,-26.64827823,19.172297999999998,0.03640515403071384,18.014796,0.016280103193776138,17.354125999999997,0.018602829085921313,16.061754,0.018869929517621415
276.89450068,-26.64504615,18.554048000000005,0.036059760675855854,17.118296,0.01627999262899096,16.306375999999997,0.018602677898625238,15.597504,0.020001695928095697
276.89540152,-26.64743927,19.345135000000003,0.12195925355625953,18.46477,0.10768760314910904,17.954745,0.1080724574070563,17.462855,0.10723075737865512
276.89596922,-26.64356062,18.612562999999998,0.11238549304959249,17.905826,0.10371198750385607,17.490181,0.10411034074480786,17.093099,0.10327461860496023
276.89791214,-26.64288903,19.820872,0.035739422770940214,18.438544,0.016971687011019265,17.655663999999998,0.019210924626368194,16.958656,0.01941823472924354
276.90114534,-26.64503244,19.283888,0.18137299441758134,18.604976,0.13057946276501523,18.204455999999997,0.13090428335237927,17.821824,0.12012259364499252
276.90371062,-26.64201792,19.325057,0.036060530057113696,18.215414,0.017693079777133205,17.580758999999997,0.01985120714213622,17.002160999999997,0.02000200309968979
276.90858985,-26.64590654,18.032569000000002,0.035739422770940214,17.172238,0.016971687011019265,16.673103,0.019210924626368194,16.205537,0.024084597567740257
276.91031851,-26.6491612,19.27994,0.036060129339756955,18.38288,0.0169717845850105,17.863779999999995,0.019211059314884225,17.36262,0.02126202549147188
276.91586475,-26.64288435,15.683819999999997,0.035187128839960786,14.519639999999999,0.03231317477438576,13.85534,0.03354430987514872,13.248859999999999,0.034003692975910715
276.91953,-26.64837473,18.994179000000003,0.18039393964321526,18.100458,0.1345626138271697,17.583173,0.13487805279214257,17.086067,0.12606988918849735
276.92084051,-26.64428931,19.023267000000004,0.038959397223263095,18.102834,0.02247451819283341,17.571028999999996,0.024210792015132425,16.998490999999998,0.019421246921863693
276.92205942,-26.64821385,19.061841,0.11524865120251951,17.916582,0.1037124394467703,17.262566999999997,0.1041110442028126,16.627393,0.10228789519781899
276.9225047,-26.64661431,19.462491,0.047400091561093004,18.372882,0.024191327371601585,17.749117,0.025813644647743952,17.163843,0.026408174492001526
276.92287051,-26.64386109,17.935592999999997,0.035739422770940214,16.460886,0.016971687011019265,15.627790999999998,0.019210924626368194,14.864289,0.020001695928095697
276.92345113,-26.65019722,18.073878,0.036060129339756955,16.537956,0.0169717845850105,15.671586,0.019211059314884225,14.880094,0.020001843115073168
276.92559404,-26.64377116,19.227078,0.03641658358495481,18.136356,0.031387026619289694,17.511986,0.032653135377785705,16.999693999999998,0.037580028738679806
276.93265748,-26.64703777,19.367068,0.12677221108744613,18.532336,0.1106701662418558,18.047116,0.11104535739957794,17.579963999999997,0.10822156857114944
276.93313762,-26.64552408,19.390542,0.03999436185264118,18.664884,0.04368429374500634,18.238953999999996,0.04460376805831544,17.865565999999998,0.018882915029200337
276.9349743,-26.64629291,18.074032,0.03577280363628213,17.047864,0.04851118963703117,16.458584,0.04934089835015167,16.071336,0.018883762336992065
276.93726823,-26.64350691,17.999342,0.035591702628562184,17.941484,0.09675402577670864,17.878553999999998,0.09717559415820415,17.463966,0.0796390915066213
276.94259315,-26.64708166,18.939690999999996,0.11143166444058888,18.295282,0.10271862615903699,17.913517,0.1031206526356384,17.549443,0.10327410052864174
276.94885759,-26.64802145,18.189536,0.040506617730933794,17.617472,0.018441743952240526,17.275032,0.020522012571870238,16.925128,0.020004351526605405
276.94952332,-26.64577997,19.405445,0.13740719262105605,18.38039,0.11564364062065843,17.791715,0.11600411910790065,17.222485000000002,0.11317205478385554
276.9523118,-26.64746565,16.868093000000002,0.035173393637805264,15.949886000000001,0.014422928967446244,15.419291,0.017000959531744082,14.927788999999999,0.01788958132545309
276.96091252,-26.64871216,16.808418,0.03517470824328185,15.918036,0.016971517315785292,15.402566,0.019210690383221526,14.899514,0.01886948859932351
276.9625605,-26.64948654,19.086221,0.03847858001537999,18.230342,0.01844111927188803,17.733627,0.020521135446168667,17.218133,0.02126342211404364
276.96332732,-26.64252395,18.673098000000003,0.24952614953948213,18.183396,0.1555031989896028,17.885726,0.15578553414871357,17.605154,0.1340401757086285
276.96366447,-26.64484824,18.615205,0.03640515403071384,17.05591,0.016280103193776138,16.176834999999997,0.018602829085921313,15.377965000000001,0.020617328633942854
276.96581131,-26.64388039,18.535604,0.03758238699178114,17.335808,0.016280487953375354,16.652147999999997,0.018603355208133825,16.018092,0.01941897299035147
276.96645609,-26.64607892,16.357669,0.03544335198595076,15.163438000000001,0.015621421190147842,14.482803,0.018029004409561834,13.821837,0.02000127995904262
276.97037605,-26.6423047,19.00581,0.036059760675855854,18.09762,0.01627999262899096,17.57247,0.018602677898625238,17.20013,0.03939629221132364
276.97454919,-26.64497999,19.245960999999998,0.03641237729124535,18.367822,0.026834814700310492,17.859007,0.028304904610332113,17.311153,0.020620153248703074
276.9759504,-26.64865949,18.705105,0.03640482061485814,17.479709999999997,0.01562173921175232,16.782134999999997,0.018029434960641445,16.119665,0.019418261096194992
276.97692052,-26.64473013,18.615965000000003,0.036060129339756955,17.63543,0.0169717845850105,17.070954999999998,0.019211059314884225,16.556445,0.01886991595105818
276.97933926,-26.64779994,19.260147000000003,0.036405916112632025,18.072594000000002,0.0176931815115315,17.395588999999998,0.01985134882067211,16.766731,0.019418715920472188
276.98014501,-26.6492397,18.417858000000003,0.038020970319022636,17.393916,0.01921129917522498,16.805846,0.021215929157121543,16.263633999999996,0.019419876003723607
276.98174185,-26.6472744,18.637052999999998,0.035739050798811095,17.629806000000002,0.016279890908725402,17.050811,0.018602538805227633,16.530869,0.019418083118577897
276.98545309,-26.64450055,19.510814,0.041630315540480835,18.500228,0.022475206962339636,17.919418,0.02421179103247011,17.256422,0.06403311543256349
276.98986581,-26.64597324,18.210581,0.035739050798811095,17.043062,0.016279890908725402,16.376946999999998,0.018602538805227633,15.734413,0.018869603917411725
276.8418555,-26.64058549,17.327541,0.035739050798811095,16.070982,0.016279890908725402,15.356467,0.018602538805227633,14.668493000000002,0.020001548740035107
276.84494343,-26.639345,19.006911,0.2198192507129437,18.295721999999998,0.13556697686383656,17.877657,0.13588486173963604,17.477503,0.1161796900667238
276.84702446,-26.63661001,19.015149,0.04405793535788985,17.776398,0.01769568399356182,17.071562999999998,0.019854833794318197,16.363877,0.019422769318508625
276.84860178,-26.63867557,19.123610999999997,0.03847745339806157,18.301122,0.01628078867868507,17.822557,0.018603766419733395,17.252603,0.019419421206616844
276.85688843,-26.63499189,17.774949999999997,0.03544335198595076,16.6219,0.015621421190147842,15.96365,0.018029004409561834,15.30035,0.019417806261264426
276.86219325,-26.63371116,18.975334,0.03606142764783447,18.009268,0.01921075573734672,17.452658,0.021215160263358842,16.936382000000002,0.019418920258345983
276.86617505,-26.63714749,17.228512,0.035739422770940214,16.157824,0.016971687011019265,15.544344,0.019210924626368194,14.922376,0.018869759934879934
276.87257761,-26.63583428,18.018504,0.035739050798811095,17.152608,0.016279890908725402,16.650447999999997,0.018602538805227633,16.141792000000002,0.018869603917411725
276.87562379,-26.63438245,17.01746,0.03544369444626223,16.16492,0.016279798033145252,15.670020000000001,0.01860241180599978,15.182579999999998,0.019417944690414583
276.8787044,-26.63953201,19.510896,0.037582740719644174,18.627191999999997,0.01697225971990766,18.115351999999998,0.019211715175902436,17.629407999999998,0.020002559836180968
276.87979494,-26.64175063,16.971566000000003,0.03544369444626223,15.631532000000002,0.016279798033145252,14.871642000000001,0.01860241180599978,14.232318,0.018869461465553277
276.88244675,-26.6362364,17.430458,0.03544335198595076,16.629116,0.015621421190147842,16.162046,0.018029004409561834,15.701433999999999,0.0188693190126194
276.88438186,-26.64146771,19.170376000000005,0.14614951146001137,18.242152,0.1196241731423879,17.706111999999997,0.11997384350349037,17.189448,0.11614554317751499
276.88627482,-26.63648283,19.468848,0.12869735700471863,18.700896,0.10768873107247573,18.251976,0.10807421350627539,17.820904000000002,0.10525619791727231
276.88936396,-26.63404968,19.498797,0.03640515403071384,18.366894,0.016280103193776138,17.720138999999996,0.018602829085921313,17.069180999999997,0.020617328633942854
276.89193894,-26.63441302,19.549007000000003,0.0394545024553599,18.606314,0.017694121509699203,18.062409,0.019852657882510342,17.582510999999997,0.022630635519136442
276.89905933,-26.63766278,18.613484999999997,0.036407821247638535,17.67747,0.020810236711772404,17.137195,0.022673840653934216,16.533405000000002,0.020002930985233137
276.90300731,-26.63431749,19.505288,0.036407821247638535,18.603776,0.020810236711772404,18.082255999999997,0.022673840653934216,17.582024,0.01887106907411448
276.90587767,-26.6345313,18.440384,0.036774535374359256,17.307368,0.016280222602900737,16.660007999999998,0.01860299236682099,16.028031999999996,0.02408487392534991
276.91060217,-26.63391401,19.470544,0.16665294143218715,18.693688,0.12360827040291439,18.239928,0.12394911072694309,17.804712,0.11615366842248247
276.91250028,-26.63681013,19.086593999999998,0.0375844631729655,18.142788,0.020001843115073168,17.598278,0.021934338376162613,17.075362,0.020003276531608515
276.91673801,-26.640947,17.869744000000004,0.035739050798811095,16.425088000000002,0.016279890908725402,15.608328,0.018602538805227633,14.920312,0.020617030630039817
276.91978938,-26.63412202,19.239047,0.14809116851453363,18.385393999999998,0.1146510244524662,17.889888999999997,0.11501560633235822,17.413431,0.10921829238731028
276.93070708,-26.63776348,17.167012000000003,0.17057515882449006,16.652824,0.12759051137133984,16.341843999999995,0.12792147610936952,16.047876,0.12011772811704356
276.93206804,-26.6351139,6.526217999999999,0.10573135769486743,6.303636,0.10073172290793006,6.151166000000001,0.10114099070110003,6.0159139999999995,0.1012971865354611
276.93475758,-26.63457423,16.904152,0.1637191077913632,16.145104,0.1265937302712895,15.701024,0.12692648305219836,15.275096,0.12011501927735764
276.93991766,-26.64130321,17.857102,0.036774205307525,18.378003999999997,0.015621863653226526,18.629673999999998,0.01802960343435207,17.928446,0.018869970217252594
276.94227832,-26.63988063,19.245670000000004,0.1725439013468746,18.582340000000002,0.13655319918625122,18.19029,0.1368633911058761,17.81591,0.13102689262895614
276.94448997,-26.63711326,19.495701000000004,0.2485521531188173,18.595302,0.17744358449941208,18.074386999999998,0.17769261415433113,17.573173,0.16286040746602595
276.95884266,-26.63376222,17.656939,0.03640482061485814,16.228978,0.01562173921175232,15.421292999999999,0.018029434960641445,14.706547,0.018869787068220987
276.96063423,-26.63601903,19.351490000000002,0.2406251847168122,18.843980000000002,0.17444918022163358,18.53663,0.17470133657187628,18.246769999999998,0.1608671859640741
276.96982938,-26.63980764,19.405932000000004,0.03945489799758707,18.713664,0.01844141599769389,18.305884,0.020521552085551426,17.830036,0.02061922830757737
276.97173589,-26.64006043,18.566824000000004,0.036059760675855854,17.300248,0.01627999262899096,16.580288,0.018602677898625238,15.941151999999999,0.018869759934879934
276.97379224,-26.63623007,18.065502000000002,0.03605942406639352,17.250804000000002,0.015621623987281221,16.776474,0.01802927896506125,16.356645999999998,0.020001561539039894
276.97902516,-26.63454843,18.141127,0.036059760675855854,17.465554,0.01627999262899096,17.066849,0.018602677898625238,16.679271,0.021933258763804343
276.97924705,-26.63630034,19.055244000000002,0.03640634477670067,18.167088,0.018440514092616832,17.652827999999996,0.02052028569489226,17.140812,0.02000233586359353
276.9792976,-26.64176173,19.352697,0.038019738925984224,18.554694,0.016972399712474367,18.089439,0.019211908416396327,17.628881,0.02000277100803786
276.98099925,-26.63668913,19.347853999999998,0.04105822680048421,18.426308,0.0169734178054981,17.893897999999997,0.01921331374333954,17.190341999999998,0.028020925894766575
276.98192329,-26.63924841,19.042095,0.036405916112632025,18.07269,0.0176931815115315,17.514264999999998,0.01985134882067211,16.938935,0.019418715920472188
276.98634915,-26.64101574,19.144468999999997,0.03640515403071384,17.505038,0.016280103193776138,16.582403,0.018602829085921313,15.189237,0.018869929517621415
276.98902839,-26.63367532,19.457584,0.15394013490964598,18.769768,0.11664123483571323,18.364408,0.11700038504210146,17.976632000000002,0.11119894215324172
276.99143178,-26.63987729,19.439573,0.03606488957421054,18.476846000000002,0.02418851462988168,17.922051,0.025809525857713855,17.426828999999998,0.019420343972236947
276.99294398,-26.6354051,19.421724,0.03758730812388671,18.489048,0.024188848008948258,17.950587999999996,0.02581001404494,17.254852,0.020004460302642506
276.84248535,-26.62676498,18.561252,0.036774205307525,17.468304,0.015621863653226526,16.842724,0.01802960343435207,16.258395999999998,0.021262073652398066
276.84369815,-26.62792669,17.368417,0.03544369444626223,15.947134,0.016279798033145252,15.143079,0.01860241180599978,14.420440999999999,0.019417944690414583
276.84398435,-26.63346248,19.10797,0.17940182317914163,18.55594,0.12261567534373409,18.224389999999996,0.1229606380107065,17.91181,0.1112103419651248
276.84744042,-26.62886081,16.944382,0.03605942406639352,15.862564,0.015621623987281221,15.243034,0.01802927896506125,14.587885999999997,0.01941809630216103
276.84763493,-26.63133811,17.898269000000003,0.036059760675855854,16.926638,0.01627999262899096,16.367002999999997,0.018602677898625238,15.827637,0.021261887028201424
276.85177821,-26.6291597,19.623445,0.036405916112632025,18.59839,0.0176931815115315,18.009715,0.01985134882067211,17.444485,0.019418715920472188
276.85346395,-26.62762027,18.558290000000003,0.036059760675855854,17.60558,0.01627999262899096,17.05623,0.018602677898625238,16.52517,0.020001695928095697
276.85808919,-26.62850236,18.726764000000003,0.042812941034224686,17.883128000000003,0.016974041357319714,17.393068,0.019214174455333747,16.911772,0.0194218928016813
276.86225359,-26.63140153,19.31286,0.0371668629292277,18.23772,0.015621997311483574,17.621819999999996,0.01802978438584333,16.96078,0.020002079891851248
276.8648758,-26.63354486,19.56916,0.03895783941647688,18.605320000000003,0.02000222107667046,18.04992,0.021934876908704094,17.527679999999997,0.02061935867091894
276.86647379,-26.62644523,19.654126000000005,0.03640551919695694,18.447652,0.016971890643060365,17.760361999999997,0.019211205714374097,17.159198,0.019418551130298056
276.87478698,-26.63105105,19.47537,0.14614857415657534,18.70074,0.11862929095295141,18.248189999999997,0.11898180449127504,17.81401,0.11416534731695077
276.87660646,-26.63110256,18.814766000000002,0.036060129339756955,17.919932,0.0169717845850105,17.402041999999998,0.019211059314884225,16.918917999999998,0.020001843115073168
276.87746911,-26.63274451,19.499762000000004,0.15883141384499477,18.707324000000003,0.12758833087708293,18.245094,0.1279180778858094,17.801626,0.12308647132808706
276.88014634,-26.63308627,18.413984,0.038955836430501656,17.503568,0.01628095230629953,16.977207999999997,0.018603990163403118,16.431832,0.0219345251145312
276.88628052,-26.63324566,18.535303000000003,0.21885302853741823,17.806306,0.16347337520220226,17.378560999999998,0.1637390473436315,16.970119,0.1529010974453748
276.89938922,-26.62844791,19.313762000000004,0.036062453438444816,18.521324,0.02081015021570003,18.059093999999995,0.02267371661197167,17.611625999999998,0.02126289839132944
276.9005686,-26.63121407,19.243349000000002,0.1451732431820685,18.449798,0.11564500535691112,17.986962999999996,0.11600624487500662,17.542476999999998,0.11119566149809983
276.90351063,-26.63188099,17.133503,0.03573871116870333,15.736706,0.01562151798001718,14.945961,0.018029135447935378,14.228719000000002,0.02000141434999035
276.90872857,-26.62651824,19.514701000000002,0.036060530057113696,18.614302,0.017693079777133205,18.093386999999996,0.01985120714213622,17.594172999999998,0.021262175994004002
276.91000189,-26.62770858,18.710829,0.03544406951804491,17.872757999999997,0.01697159792123299,17.385723,0.019210801649072327,16.891517,0.01941809630216103
276.91261196,-26.63004593,19.349722,0.03574123405815754,18.468244,0.02000135715395333,17.957614,0.021933645957751758,17.460706,0.020617868755038675
276.91271158,-26.63168892,19.613451000000005,0.0384777988975461,18.434802,0.016972548188177283,17.762636999999998,0.01921211336631137,17.206923,0.020002994975753006
276.9142517,-26.6331422,17.357645,0.03544369444626223,15.66479,0.016279798033145252,14.713115,0.01860241180599978,13.612085,0.024084363724209117
276.91517454,-26.63167862,19.155911,0.15980765022989357,18.444722,0.12659301137108636,18.026657,0.12692536271368304,17.626503,0.12110447668026149
276.91704526,-26.63310198,19.255975000000003,0.035739422770940214,18.01945,0.016971687011019265,17.315824999999997,0.019210924626368194,16.624175,0.021261887028201424
276.9194719,-26.6316927,19.668755,0.03998973693336829,18.49901,0.039853123340586494,17.831684999999997,0.04085858691878612,17.231115,0.02640989511527829
276.92370218,-26.62772892,18.916498000000004,0.036414805889912416,18.204196,0.02954876159841559,17.785525999999997,0.030890161054937866,17.172354,0.08060539614690818
276.92574724,-26.62723475,19.455416,0.0416314262546937,18.616232,0.024189800495250057,18.128592,0.025811408814708274,17.527368,0.01942319108694552
276.93390409,-26.62829315,18.852984,0.03898680443432111,17.942568,0.04851154584220132,17.416207999999997,0.04934144556050218,16.959832,0.01888538906138817
276.93712842,-26.63320483,14.358601999999998,0.10006884837950321,13.210004,0.10073089091237108,12.554174000000001,0.10113969596553077,11.921945999999998,0.10129571568432695
276.94016795,-26.63214494,19.243423999999997,0.03896923222235717,18.199448,0.03417893269252274,17.600488,0.03534560262606934,17.265952,0.026407471669964922
276.94209464,-26.62737456,19.475833000000005,0.07163341706215054,18.535366,0.04081409756444457,17.992670999999998,0.04179994318177956,17.302809,0.020649586920807882
276.94553578,-26.62557685,17.370028,0.03606096282685752,16.446256,0.018440416481196948,15.912636000000003,0.020520148634939273,15.361044000000001,0.018870268678532375
276.94661657,-26.62930026,18.924851999999998,0.12870028071453457,18.054503999999998,0.11067048632765648,17.549923999999997,0.11104585584343073,17.064196,0.10822215048685735
276.95036888,-26.626844,19.030204,0.036407821247638535,18.053008000000002,0.020810236711772404,17.490348,0.022673840653934216,17.032892,0.020618371613684724
276.95210906,-26.62531721,19.500833,0.037172834220704776,18.560366000000002,0.02506196512646205,18.017671,0.026630049286473355,17.575809,0.02061992977679604
276.95373994,-26.6302623,18.207161,0.036407297345449854,16.661222000000002,0.020001529941481976,15.789407,0.021933892153468793,14.938752999999998,0.020618166746827905
276.95728328,-26.62586711,19.508057,0.17449277232023108,18.398414,0.12161956671522885,17.763758999999997,0.12196668991983016,17.148160999999998,0.11219729850580182
276.95947713,-26.63125997,17.877827000000003,0.03544335198595076,17.090954,0.015621421190147842,16.631749,0.018029004409561834,16.182370999999996,0.0188693190126194
276.96093332,-26.62571948,17.865869999999997,0.035739422770940214,16.53474,0.016971687011019265,15.77969,0.019210924626368194,15.045510000000002,0.018869759934879934
276.96098993,-26.6333355,18.603276,0.03716754718837389,18.008952,0.016972128210687075,17.654412,0.019211533645183042,17.193147999999997,0.019418920258345983
276.96172496,-26.62955667,19.054613,0.035444477200263516,18.180926,0.017692900723171427,17.674530999999998,0.019850957785457105,17.159748999999998,0.018869787068220987
276.97095868,-26.63351062,19.23999,0.036774896872731,18.17598,0.016972005185009815,17.566129999999998,0.01921136382457008,16.945269999999997,0.018870268678532375
276.97126355,-26.6318024,18.285449,0.035739050798811095,17.157998,0.016279890908725402,16.513663,0.018602538805227633,15.900776999999998,0.018869603917411725
276.97324604,-26.62695731,19.498810000000002,0.15198972386316123,18.59062,0.1166408669377933,18.06547,0.11699981196566087,17.55813,0.11020912920443568
276.97514252,-26.62711317,18.900906000000003,0.036060530057113696,17.761212,0.017693079777133205,17.110222,0.01985120714213622,16.475137999999998,0.02000200309968979
276.97705841,-26.62696981,19.452307,0.1451732431820685,18.620914,0.11564500535691112,18.137508999999998,0.11600624487500662,17.672411,0.11119566149809983
276.9790096,-26.63001853,17.401298000000004,0.036059760675855854,16.243796,0.01627999262899096,15.583126,0.018602677898625238,14.942754,0.020617173424114177
276.98292823,-26.62541506,17.585722,0.035739050798811095,16.704244,0.016279890908725402,16.193614,0.018602538805227633,15.671706,0.019418083118577897
276.98492856,-26.6263523,18.063679,0.03573982708408087,16.613458,0.017692986180970132,15.793673,0.019851076796990132,15.044566999999999,0.02000185591388959
276.98980787,-26.62654394,19.331304000000003,0.03640515403071384,18.020208,0.016280103193776138,17.276048,0.018602829085921313,16.571191999999996,0.018869929517621415
276.84200024,-26.62211956,18.399744,0.03544406951804491,16.955088,0.01697159792123299,16.138327999999998,0.019210801649072327,15.470312,0.0188696174841993
276.84239638,-26.61931019,19.552005000000005,0.03606096282685752,18.660510000000002,0.018440416481196948,18.144434999999998,0.020520148634939273,17.746364999999997,0.026402405950973484
276.84413115,-26.61765675,18.693466,0.03640551919695694,17.687332,0.016971890643060365,17.108942,0.019211205714374097,16.579018,0.019418551130298056
276.84770132,-26.62016328,19.236603,0.20697960426090292,18.618906,0.13357222735284457,18.251661,0.13389303053183912,17.903018999999997,0.11716305765897372
276.84957274,-26.6235317,19.418678,0.04105895882752021,18.550556,0.0184419196397772,18.047186,0.020522259256719275,17.476494,0.02263151784569475
276.84962458,-26.62162834,19.303870999999997,0.03895654861509166,18.503642,0.01769396281221366,18.037177,0.019852436878126573,17.570583,0.02334814082534196
276.85532074,-26.61912875,19.57386,0.037586077901265516,18.49872,0.022474181809356262,17.88282,0.024210304107961964,17.23978,0.021935312899523454
276.86247551,-26.61935899,19.485399,0.038959397223263095,18.524898,0.02247451819283341,17.971313,0.024210792015132425,17.512127,0.02062001047526407
276.86397,-26.62120356,19.563476,0.03640551919695694,18.301352,0.016971890643060365,17.583811999999998,0.019211205714374097,16.965747999999998,0.02000200309968979
276.86424885,-26.61810625,19.293802,0.1510204817499931,18.590404,0.12261017491219886,18.176574,0.1229520675913992,17.781546,0.11812849871220746
276.86715406,-26.61824486,19.259023000000003,0.035739050798811095,17.906746000000002,0.016279890908725402,17.140200999999998,0.018602538805227633,16.488679,0.020001548740035107
276.86893571,-26.6210056,19.526508,0.036405916112632025,18.558216,0.0176931815115315,18.000396,0.01985134882067211,17.463084,0.020617626633538593
276.87137365,-26.62247531,18.81882,0.03606096282685752,17.65464,0.018440416481196948,16.99034,0.020520148634939273,16.35086,0.019418729103625704
276.87203001,-26.61975976,19.152689000000002,0.20797812847508748,18.559478,0.14851668517712074,18.205543,0.14880653219869078,17.870297,0.1369976854694998
276.87328737,-26.62237936,19.483254,0.036405916112632025,18.339108,0.0176931815115315,17.685698,0.01985134882067211,17.129542,0.019418715920472188
276.87468335,-26.62497036,18.499285000000004,0.03605942406639352,17.11807,0.015621623987281221,16.335794999999997,0.01802927896506125,15.641805,0.0188696174841993
276.87609868,-26.62020931,17.158908,0.03573871116870333,15.968016,0.01562151798001718,15.289195999999999,0.018029135447935378,14.629283999999998,0.021261622139432355
276.87858835,-26.62379662,19.198549000000003,0.17940182317914163,18.850198,0.12261567534373409,18.629362999999998,0.1229606380107065,18.426077,0.1112103419651248
276.87891739,-26.62172698,18.992591,0.20798751341366623,18.682082,0.15948257605142951,18.481817,0.15975338447119047,18.299142999999997,0.14991407651051317
276.8801255,-26.62032196,19.335732000000004,0.036774535374359256,18.198264,0.016280222602900737,17.548484,0.01860299236682099,16.969435999999998,0.02408487392534991
276.88341856,-26.62095668,19.528766,0.03802011898981906,18.633932,0.017693669828500812,18.116042,0.019852028863569588,17.659917999999998,0.01941950689384259
276.88506799,-26.61775987,19.132154,0.03716754718837389,18.321908,0.016972128210687075,17.849998,0.019211533645183042,17.430242,0.023347258168787185
276.8866484,-26.61935164,19.389978000000003,0.1412841032388287,18.633156,0.11266103617489057,18.190286,0.11303117014788443,17.766394,0.10921545736753566
276.89191708,-26.61762064,18.645657000000003,0.03605942406639352,17.758614,0.015621623987281221,17.244958999999998,0.01802927896506125,16.747961,0.020001561539039894
276.89294546,-26.62505922,19.645579,0.03605942406639352,18.529258,0.015621623987281221,17.890973,0.01802927896506125,17.336267,0.020617043046955108
276.89589593,-26.62276038,16.81727,0.03544335198595076,15.263539999999999,0.015621421190147842,14.38749,0.018029004409561834,13.585709999999999,0.0188693190126194
276.89667533,-26.62100176,18.102223000000002,0.035739422770940214,17.195145999999998,0.016971687011019265,16.670600999999998,0.019210924626368194,16.174279000000002,0.020001695928095697
276.90117361,-26.6245473,19.245678,0.037582740719644174,18.377556000000002,0.01697225971990766,17.874185999999998,0.019211715175902436,17.348494,0.024085315028041464
276.9048882,-26.62382735,19.107136,0.23763167069227115,18.757672,0.14453697929595732,18.536232,0.14483815528029897,18.331927999999998,0.1221329030851228
276.90647767,-26.61988049,19.413399000000002,0.035444477200263516,18.452898,0.017692900723171427,17.899313,0.019850957785457105,17.402127,0.019418261096194992
276.9118887,-26.62162245,19.333573000000005,0.11812175828356096,18.370846,0.10669328338747476,17.816050999999998,0.1070812827948937,17.280828999999997,0.10624097740514249
276.9178848,-26.62291775,19.366391000000004,0.042213960202757576,18.610682,0.020003171348563706,18.168416999999998,0.021936230874970295,17.669542999999997,0.020005637605435122
276.91969769,-26.6241913,19.179305000000003,0.18727827530175514,18.39911,0.13854825007916916,17.943535,0.1388556894765209,17.506265,0.13004054137075868
276.92371596,-26.622991,19.535024000000003,0.039970942695913496,18.713648000000003,0.01697304451181343,18.235688,0.019212798468729118,17.762752,0.019420343972236947
276.92596216,-26.62446414,19.677973000000005,0.04050554752129639,18.492646,0.016281496245738596,17.816851,0.018604733940586198,17.223029,0.07375740559428592
276.93042987,-26.62225258,19.077988,0.036790799284603756,18.065176,0.03605821249036064,17.483156,0.0371659010384519,16.955123999999998,0.019425398631688358
276.93700829,-26.62382979,18.147810000000003,0.05483915396867461,17.23962,0.01770001672315594,16.714469999999995,0.019860867302310844,16.16713,0.019429786617459286
276.94175152,-26.62143643,19.049764000000003,0.03640482061485814,18.206128,0.01562173921175232,17.716067999999996,0.018029434960641445,17.167772,0.019418261096194992
276.94297282,-26.61735703,18.909637999999998,0.03640680518804143,17.952475999999997,0.01921084943462938,17.400705999999996,0.021215292833237066,16.944574,0.019419085045387693
276.94621794,-26.61854184,19.274135,0.036774535374359256,18.39377,0.016280222602900737,17.883744999999998,0.01860299236682099,17.344855,0.02126220007431028
276.94813133,-26.62487226,18.154308,0.03716754718837389,16.740816,0.016972128210687075,15.940995999999998,0.019211533645183042,15.184484,0.02193386568756178
276.94831253,-26.62248513,19.566072000000002,0.036789746669418644,18.628944,0.03511673447232815,18.088064,0.03625312572730798,17.557256,0.018876677673785713
276.9510417,-26.61852044,18.945504000000003,0.03640680518804143,18.079608,0.01921084943462938,17.577447999999997,0.021215292833237066,17.066791999999996,0.021262663614890775
276.95796083,-26.6237882,17.779891000000003,0.036060530057113696,16.467682,0.017693079777133205,15.722916999999999,0.01985120714213622,15.039043000000001,0.018870085532397565
276.96084086,-26.62297565,19.687407000000004,0.037588661322265786,18.522114000000002,0.025944422136559526,17.857208999999997,0.027462276398725578,17.201711,0.01942166213278359
276.96243998,-26.62455439,19.224749000000003,0.036407297345449854,18.208598000000002,0.020001529941481976,17.624762999999998,0.021933892153468793,17.081677,0.020618166746827905
276.96331407,-26.62312205,19.233768,0.03640482061485814,18.287736,0.01562173921175232,17.742015999999996,0.018029434960641445,17.242063999999996,0.018869787068220987
276.96730656,-26.61736279,18.390026000000002,0.03544760804342093,17.517452000000002,0.0224736820303216,17.011662,0.024209579199151728,16.554897999999998,0.020618390237843495
276.9679622,-26.62091285,18.765602,0.036060129339756955,17.617004,0.0169717845850105,16.961174,0.019211059314884225,16.334946,0.01941838633872547
276.96987345,-26.62174362,18.258852,0.03544335198595076,17.388504,0.015621421190147842,16.883924,0.018029004409561834,16.410196,0.021932879427927376
276.97236496,-26.62241636,17.842725,0.03573871116870333,16.32795,0.01562151798001718,15.473075000000001,0.018029135447935378,14.757925,0.020616900251977745
276.97492512,-26.61785042,19.490351,0.16078877648642023,18.645602,0.13057558369006053,18.154936999999997,0.1308982372875968,17.682623,0.12606203450682524
276.97502056,-26.62029303,19.340994,0.036405916112632025,18.174588,0.0176931815115315,17.509078,0.01985134882067211,16.847562,0.021262326495470812
276.98031375,-26.62448076,17.247902999999997,0.035445390391417614,16.741506,0.019210590829019287,16.434760999999998,0.021214926938361113,16.119919,0.024841159393232833
276.98655767,-26.61830037,19.245006999999998,0.12677022319141035,18.302314,0.10868221065105366,17.758409,0.10906407887109301,17.233511,0.10723244046462806
276.98850327,-26.61794223,19.357066,0.17351339292400458,18.573532,0.12360962816868272,18.116141999999996,0.12395122639570776,17.677818,0.11417649243167352
276.99034316,-26.61931299,19.421181,0.036061924518805154,18.476262,0.02000143994816373,17.931146999999996,0.021933763926877667,17.473212999999998,0.020002559836180968
276.99308574,-26.62206296,19.485581,0.03847858001537999,18.318061999999998,0.01844111927188803,17.651946999999996,0.020521135446168667,16.932413,0.020003327723156463
276.84034678,-26.61160404,18.240649,0.16371138654351444,17.558398,0.11763782391730987,17.156063,0.11799508474932335,16.771377,0.10922480480183977
276.84224499,-26.60864739,19.284192000000004,0.2099375393777873,18.614184,0.12958999405818336,18.218504,0.12992068830636636,17.841016,0.11221510343977766
276.84388531,-26.61381285,18.466374,0.03716793596636757,17.589347999999998,0.017693409394460978,17.081137999999996,0.019851666176923286,16.632302,0.028846158565743203
276.84540751,-26.61139829,17.747425999999997,0.036059760675855854,16.652252,0.01627999262899096,16.025462,0.018602677898625238,15.453097999999999,0.020001695928095697
276.8532276,-26.61314523,17.051167000000003,0.03544335198595076,16.464634,0.015621421190147842,16.114328999999998,0.018029004409561834,15.789190999999999,0.028018765140526803
276.85479611,-26.61122423,19.564856,0.038479481285485125,18.592112,0.020002087891017775,18.031872,0.021934687141602908,17.558487999999997,0.021935096990895662
276.85535779,-26.61684148,18.442133000000002,0.03574176772349124,17.612966,0.02081007063899592,17.130770999999996,0.022673602492766783,16.575709,0.02061807362485642
276.85935795,-26.60886547,19.164492,0.2050071378269547,18.605784,0.13456768349050227,18.270604,0.134885955532813,17.953916,0.11914295010616448
276.86274069,-26.60891904,19.307896,0.03802011898981906,18.424191999999998,0.017693669828500812,17.912352,0.019852028863569588,17.439407999999997,0.020618371613684724
276.86674189,-26.61322328,17.213023000000003,0.035739422770940214,15.860746,0.016971687011019265,15.094201000000002,0.019210924626368194,14.432678999999998,0.020001695928095697
276.87958023,-26.61127125,19.08016,0.03677528980171332,18.11632,0.017693291384024624,17.56092,0.01985150183235515,17.04968,0.02000233586359353
276.88151319,-26.6132044,19.287579,0.036405916112632025,18.171257999999998,0.0176931815115315,17.532973,0.01985134882067211,16.891267,0.020617626633538593
276.88212509,-26.61567243,18.817252,0.0384777988975461,17.724304,0.016972548188177283,17.098724,0.01921211336631137,16.499395999999997,0.020618433694148543
276.88335051,-26.61420966,19.468498000000004,0.22675176165137065,18.756196,0.15151075436417047,18.337525999999997,0.15179729847727857,17.937354,0.13601353650280548
276.88462244,-26.61622809,18.478051000000004,0.03573982708408087,17.522002,0.017692986180970132,16.970836999999996,0.019851076796990132,16.409722999999996,0.01941839952210274
276.88744535,-26.61172764,19.610971,0.16664554341475804,18.476842,0.11465468747504395,17.828877,0.11502131161223993,17.200883,0.10428388485283811
276.88946747,-26.6120926,19.271401,0.1344973010881631,18.259702,0.11067147780706645,17.678287,0.11104739978945927,17.116273,0.10723536730015895
276.89673122,-26.61462682,17.448089000000003,0.036774535374359256,16.632278000000003,0.016280222602900737,16.157342999999997,0.01860299236682099,15.686497000000001,0.0200020286971097
276.89752856,-26.61219823,18.736579000000003,0.03847745339806157,17.620258,0.01628078867868507,16.981973,0.018603766419733395,16.422267,0.019419421206616844
276.89782052,-26.61626535,18.750365000000002,0.036060129339756955,17.547230000000003,0.0169717845850105,16.861755,0.019211059314884225,16.218645,0.01886991595105818
276.89956324,-26.61219477,19.459171,0.16372090124354924,18.770242,0.12858478018801447,18.364276999999998,0.12891255330649534,17.975483,0.12308837436573772
276.90208645,-26.61046993,16.799346000000003,0.03640482061485814,15.526092,0.01562173921175232,14.802502,0.018029434960641445,14.125258,0.018869787068220987
276.90324412,-26.614113,19.224764,0.037583986430393464,18.381128,0.01921117549761076,17.891067999999997,0.021215754169955872,17.370772,0.02061851439847207
276.90603444,-26.61411785,17.326116,0.03544369444626223,16.375632,0.016279798033145252,15.827492000000001,0.01860241180599978,15.328468,0.019417944690414583
276.90632286,-26.61036754,19.434739,0.1374024602545384,18.674578,0.11067199110886186,18.229892999999997,0.11104819910741462,17.802947,0.10723630907486512
276.90957757,-26.61518688,19.379192000000003,0.2317115636734602,18.709184,0.16846250550196623,18.313504,0.16872210769487206,17.936016,0.15588986573860406
276.91325951,-26.61287666,16.303569,0.03517398521634988,15.443238000000001,0.01562133361784454,14.944103,0.018028885850212707,14.473537,0.020001158366454677
276.9133455,-26.61094587,19.451214,0.036060129339756955,18.218028,0.0169717845850105,17.516218,0.019211059314884225,16.831621999999996,0.01941838633872547
276.91475552,-26.61372659,19.364399000000002,0.038019738925984224,18.403898,0.016972399712474367,17.850313,0.019211908416396327,17.406126999999998,0.023347609042469422
276.91619823,-26.61530639,19.497336,0.03802011898981906,18.480072,0.017693669828500812,17.895632,0.019852028863569588,17.316528,0.021263048887683066
276.91659538,-26.61363684,19.706581,0.03758238699178114,18.539061999999998,0.016280487953375354,17.872946999999996,0.018603355208133825,17.227413,0.02262954953153067
276.91801552,-26.61000103,19.434097000000005,0.036407297345449854,18.413494,0.020001529941481976,17.827239,0.021933892153468793,17.309081,0.020618166746827905
276.9183789,-26.61379982,19.547462,0.03677528980171332,18.643724,0.017693291384024624,18.120994,0.01985150183235515,17.659726,0.02193384234465088
276.92007331,-26.61480524,19.503924000000005,0.03945788641070375,17.903448,0.023326277028278646,17.001987999999997,0.02500359974083732,16.070451999999996,0.019421760991218073
276.92198616,-26.60946458,18.938571,0.03640551919695694,18.027042,0.016971890643060365,17.500076999999997,0.019211205714374097,17.024683,0.02000200309968979
276.92519392,-26.61261936,19.429334,0.036405916112632025,18.463268,0.0176931815115315,17.906658,0.01985134882067211,17.425382,0.021262326495470812
276.92636926,-26.61649754,19.043929000000002,0.03606096282685752,17.871958,0.018440416481196948,17.203422999999997,0.020520148634939273,16.571817,0.018870268678532375
276.92709839,-26.6125464,18.971143000000005,0.036060530057113696,17.885986000000003,0.017693079777133205,17.264640999999997,0.01985120714213622,16.625439,0.02061747142595328
276.92882295,-26.61328094,19.724023000000003,0.036774535374359256,18.371746,0.016280222602900737,17.605200999999997,0.01860299236682099,17.021679000000002,0.019418577496819894
276.93165402,-26.61445702,18.983669000000003,0.14706744849897951,18.902438,0.017775516645093612,18.826802999999998,0.019965947260272926,17.844837,0.02013152274419399
276.93331554,-26.61515771,17.194546000000003,0.035445390391417614,16.366492,0.019210590829019287,15.884902,0.021214926938361113,15.414858,0.019418630229756165
276.93944133,-26.6154565,19.619988,0.03896188958456712,18.607176,0.025944713527036676,18.025156,0.02746270653085744,17.399123999999997,0.020621053319362714
276.94551606,-26.61659316,16.552198,0.034931940226675076,15.728596,0.016971445194797055,15.249426000000001,0.019210590829019287,14.765454,0.01835900999509505
276.94812456,-26.61421352,19.492179000000004,0.17154566460275236,18.598458,0.11565019955019533,18.081173,0.11601433542885983,17.583067,0.10428619728420438
276.94891482,-26.61581715,19.134938000000002,0.036060129339756955,18.289076,0.0169717845850105,17.797805999999998,0.019211059314884225,17.285473999999997,0.02061731621719956
276.95249421,-26.61288696,19.267873,0.037586677639823395,18.416446,0.02332583254677097,17.922150999999996,0.025002951825734497,17.377729,0.020004197959428413
276.96066471,-26.60883164,19.723656000000002,0.03758550890968486,18.305712,0.021635237923350877,17.503472,0.02343353366438788,16.832887999999997,0.02061912898257344
276.96180306,-26.61495015,19.377198,0.03758497066647785,18.553596,0.020810537715301832,18.074426,0.02267427231467418,17.626454,0.0219348927510485
276.9685277,-26.61482989,19.260617,0.03716793596636757,18.284534,0.017693409394460978,17.722479,0.019851666176923286,17.182041,0.019419085045387693
276.97014077,-26.61570396,17.410587,0.03716754718837389,16.089474,0.016972128210687075,15.339869,0.019211533645183042,14.624851000000001,0.018870465389067646
276.97027,-26.61046,19.134418,0.03573871116870333,18.244036,0.01562151798001718,17.728565999999997,0.018029135447935378,17.146514,0.02720398088515723
276.9705979,-26.60863358,19.203255,0.19515870383869635,18.59001,0.14552434853315785,18.225185,0.14581846599453718,17.879614999999998,0.13599933670426484
276.97177331,-26.61162144,18.917001,0.12195925355625953,18.127902,0.10768760314910904,17.667486999999998,0.1080724574070563,17.226073,0.10624234244405568
276.97245843,-26.61639517,19.238664,0.1325591517776121,18.728928,0.10669572287584915,18.420368,0.1070850806601928,18.129472,0.10328151199512911
276.97796444,-26.61352304,17.660395,0.03640515403071384,16.80229,0.016280103193776138,16.304364999999997,0.018602829085921313,15.801834999999999,0.02000185591388959
276.97799543,-26.60944366,18.348309,0.11143166444058888,17.465718,0.10271862615903699,16.954483,0.1031206526356384,16.461557,0.10228655747457728
276.97922476,-26.61065907,19.578841,0.03716793596636757,18.433581999999998,0.017693409394460978,17.779566999999997,0.019851666176923286,17.143393,0.020002521441058373
276.9812341,-26.61235932,18.502179,0.11716127716954951,17.608458,0.1037127476832043,17.091172999999998,0.10411152397789593,16.594067,0.1022884508045752
276.98746677,-26.61646096,18.809768000000002,0.036060530057113696,17.863736,0.017693079777133205,17.318015999999997,0.01985120714213622,16.751063999999996,0.02061747142595328
276.98953576,-26.61174618,19.318166,0.03847817443694542,18.200732,0.017693812251744958,17.561841999999995,0.01985222720502664,16.908117999999998,0.03053074201522131
276.98957137,-26.61013779,19.346919000000003,0.037583986430393464,18.430938,0.01921117549761076,17.901553,0.021215754169955872,17.385087,0.021263187343387634
276.84116007,-26.60689864,19.242322,0.13740527445480397,18.583444,0.1136546785310662,18.193814,0.11402128332026439,17.822506,0.11020343573591523
276.84229117,-26.60471518,18.578221,0.11907781771597933,17.722342,0.10470639392128829,17.225627,0.1051016541258985,16.748133000000003,0.10327679251409774
276.84818932,-26.60051724,19.254385,0.18924339110256927,18.65227,0.13556034163427,18.293495,0.1358745183064139,17.953105,0.12508206176746528
276.84912171,-26.60238012,18.69634,0.035739422770940214,17.57668,0.016971687011019265,16.936579999999996,0.019210924626368194,16.35982,0.020617173424114177
276.85038425,-26.60374904,19.227338,0.03758312520267573,18.158876,0.01769353554267773,17.546606,0.01985184185409505,17.002674,0.035778608133911524
276.85440016,-26.60527391,18.769422,0.036774896872731,17.776644,0.016972005185009815,17.205513999999997,0.01921136382457008,16.696806,0.020002175881638478
276.86174466,-26.60576717,19.361001,0.03847858001537999,18.571902,0.01844111927188803,18.111487,0.020521135446168667,17.613073,0.02334808600292538
276.86434606,-26.60768402,17.262981,0.03544406951804491,15.872862,0.01697159792123299,15.085747,0.019210801649072327,14.380613000000002,0.0188696174841993
276.86852324,-26.60680538,18.713889,0.03640515403071384,17.452878000000002,0.016280103193776138,16.735943,0.018602829085921313,16.105897,0.01941839952210274
276.87322826,-26.60678883,19.281787000000005,0.03643828986107883,18.405874,0.04851126087827444,17.898268999999996,0.049341007792707274,17.319450999999997,0.023358269798938448
276.87644646,-26.60754373,18.4022,0.035739050798811095,17.5274,0.016279890908725402,17.020399999999995,0.018602538805227633,16.543599999999998,0.019418083118577897
276.87857291,-26.60540014,15.004159,0.03574492103782019,13.509418,0.0250616663452373,12.665433,0.026629609929550227,11.724606999999999,0.030531211571111945
276.88089717,-26.60543771,19.299047,0.036060530057113696,18.445394,0.017693079777133205,17.949889,0.01985120714213622,17.430431,0.02061747142595328
276.88272303,-26.60326653,18.872021999999998,0.036774896872731,18.101844,0.016972005185009815,17.651714000000002,0.01921136382457008,17.144606,0.021262338535542134
276.88310259,-26.60063174,19.308523,0.03945413620902123,18.512746,0.01697287058808851,18.048700999999998,0.019212558392884587,17.627178999999998,0.020618905499565198
276.88437922,-26.60497652,19.113401,0.03544335198595076,18.101702,0.015621421190147842,17.520287,0.018029004409561834,16.931272999999997,0.019417806261264426
276.89432881,-26.60650634,19.599977000000003,0.035444477200263516,18.312254,0.017692900723171427,17.580799,0.019850957785457105,16.945321,0.020001721525908712
276.89681359,-26.60089102,18.227895,0.0389555248456493,16.81329,0.015622624107364294,16.012864999999998,0.018030632961712686,15.294335,0.020618390237843495
276.89724849,-26.60785121,19.236887000000003,0.035739050798811095,18.027074000000002,0.016279890908725402,17.337969,0.018602538805227633,16.711751,0.019418083118577897
276.90271736,-26.60272482,18.781304999999996,0.03573982708408087,18.00111,0.017692986180970132,17.545535,0.019851076796990132,17.132265,0.020617328633942854
276.90436688,-26.60030057,18.055518000000003,0.036059760675855854,16.831236,0.01627999262899096,16.134265999999997,0.018602677898625238,15.493813999999999,0.020617173424114177
276.90514133,-26.60248485,19.081739000000006,0.1686110257486147,18.321578,0.12261347273444301,17.876892999999995,0.12295720607186876,17.449946999999998,0.11417433995429972
276.90689562,-26.60233989,16.974458000000002,0.0371668629292277,16.173116,0.015621997311483574,15.706045999999999,0.01802978438584333,15.265433999999999,0.020617545925740048
276.91745389,-26.60261432,18.047714000000003,0.038955836430501656,17.371028,0.01628095230629953,16.971717999999996,0.018603990163403118,16.607121999999997,0.018871231862281804
276.9185928,-26.6071884,18.715791000000003,0.03640551919695694,17.737482,0.016971890643060365,17.174216999999995,0.019211205714374097,16.579743,0.02000200309968979
276.92439582,-26.60229335,19.283514000000004,0.03758312520267573,18.161628,0.01769353554267773,17.520317999999996,0.01985184185409505,16.853521999999998,0.020618166746827905
276.92656068,-26.60369938,18.165917000000004,0.03544335198595076,17.301134,0.015621421190147842,16.799578999999998,0.018029004409561834,16.260941,0.019417806261264426
276.92922095,-26.60280556,18.006780000000003,0.03573871116870333,16.75356,0.01562151798001718,16.04086,0.018029135447935378,15.407939999999998,0.019417944690414583
276.93870748,-26.6058443,19.302862,0.03716928888208651,18.176524,0.020001731525045523,17.532794,0.021934179378312744,16.913926,0.020003078163122794
276.94070633,-26.60163796,19.541135,0.18432907202066634,18.66077,0.13954389921454827,18.150744999999997,0.13984891293821344,17.658855,0.13103180145292975
276.94732176,-26.60676846,18.636561999999998,0.03606705310945157,17.398924,0.026834747623184385,16.694694,0.028304805245752886,16.046025999999998,0.0206199980601357
276.95111537,-26.60578117,19.132435000000005,0.036407821247638535,18.36337,0.020810236711772404,17.913844999999995,0.022673840653934216,17.370755,0.020002930985233137
276.95306567,-26.60666698,18.988005000000005,0.036774535374359256,18.096510000000002,0.016280222602900737,17.580434999999998,0.01860299236682099,16.977365,0.0200020286971097
276.95447567,-26.60830948,19.121414,0.15980058998639524,18.333427999999998,0.1186318230492982,17.873617999999997,0.11898574914669403,17.432222,0.11219088447819635
276.95640561,-26.60708337,18.267692,0.03574123405815754,17.041184,0.02000135715395333,16.343003999999997,0.021933645957751758,15.651516,0.02000241265447746
276.96521682,-26.6049689,19.498522,0.038019070004407005,18.171844,0.015622292277383624,17.419213999999997,0.01803018372063912,16.755105999999998,0.018870601050311037
276.96656212,-26.60226725,19.147133000000004,0.20797408478942753,18.317966000000002,0.14353395506290487,17.835770999999998,0.14383343370023532,17.372709,0.1300499647981498
276.97143275,-26.6060394,18.594261,0.0357429320565619,17.827422,0.022473749308915946,17.379106999999998,0.02420967678429433,16.950052999999997,0.018871231862281804
276.97244782,-26.60797378,18.891229000000003,0.11907781771597933,17.830558,0.10470639392128829,17.222522999999995,0.1051016541258985,16.632717,0.10426454753174733
276.97943579,-26.6054589,19.218567,0.03719018284440129,18.409433999999997,0.04176437237646461,17.938128999999996,0.04272482445838719,17.408391,0.020011676591430314
276.98296202,-26.60660487,19.468600000000002,0.05101255519967609,18.3712,0.02594771882073644,17.743199999999998,0.02746714264352956,17.0908,0.06500388517619543
276.98583716,-26.60407976,19.300819999999998,0.11716332943374391,18.13664,0.10569954558085858,17.47234,0.10609101293229317,16.82786,0.10426424921323703
276.98812369,-26.6044916,18.748259,0.14809206229909824,18.032618,0.11564553767439538,17.612132999999996,0.11600707402999182,17.208906999999996,0.11020750435428614
276.84647427,-26.59591783,19.395311,0.03640680518804143,18.461522,0.01921084943462938,17.922456999999998,0.021215292833237066,17.453702999999997,0.022629645688786202
276.84796354,-26.59767249,19.490978000000002,0.03640680518804143,18.734156,0.01921084943462938,18.291286,0.021215292833237066,17.877394,0.018870634965469497
276.84883759,-26.59349429,18.406824999999998,0.13643740513510216,17.67115,0.11464894452196235,17.239775,0.11501236672636557,16.826224999999997,0.11218193936637037
276.84980536,-26.59697081,19.571005,0.03574123405815754,18.67951,0.02000135715395333,18.163435,0.021933645957751758,17.584365,0.02262954953153067
276.85017771,-26.59229544,19.529808000000003,0.036062453438444816,18.672816,0.02081015021570003,18.175496,0.02267371661197167,17.707984,0.035778636754353846
276.85123528,-26.59991846,17.119501000000003,0.036060129339756955,15.773902,0.0169717845850105,15.010987,0.019211059314884225,14.256573,0.01886991595105818
276.85518456,-26.59481808,19.452307,0.03605942406639352,18.620914,0.015621623987281221,18.137508999999998,0.01802927896506125,17.623411,0.024084485960883615
276.85876667,-26.59733701,19.265112,0.037583986430393464,18.417024,0.01921117549761076,17.924544,0.021215754169955872,17.422176,0.020003078163122794
276.85914802,-26.59921461,19.419466,0.036775714160298775,18.413332,0.018440619512369968,17.834941999999998,0.02052043371861326,17.312018000000002,0.018870621399413427
276.8599755,-26.5954525,19.196006999999998,0.036774535374359256,18.253314,0.016280222602900737,17.709409,0.01860299236682099,17.215511,0.020617496259245447
276.86309214,-26.59533362,17.671761000000004,0.1095276022379747,16.348422,0.10172524980554239,15.597607000000002,0.1021309396069575,14.829552999999999,0.1012984716172954
276.86338975,-26.59354832,19.540313000000005,0.03677717580239135,18.555326,0.02081033012712677,17.988431,0.022673974618491573,17.433849,0.018871252210703984
276.86558691,-26.59985341,19.549882999999998,0.03758238699178114,18.442466,0.016280487953375354,17.809020999999998,0.018603355208133825,17.261459,0.020617868755038675
276.87145886,-26.59209155,19.307108,0.037586077901265516,18.561416,0.022474181809356262,18.124596,0.024210304107961964,17.618883999999998,0.02061935867091894
276.87206977,-26.59746683,19.011244,0.036776169947399365,18.123088000000003,0.019210950627181363,17.608828,0.021215436007775094,17.117812,0.02000269421852966
276.87347165,-26.59337079,18.696917000000003,0.04406096576336021,17.832134,0.023327462270894363,17.330578999999997,0.025005327432369287,16.672940999999998,0.020622878169644508
276.87705046,-26.59705763,18.154373,0.03606142764783447,16.746446,0.01921075573734672,15.949650999999998,0.021215160263358842,15.163229000000001,0.019418920258345983
276.88065501,-26.6001593,18.809610999999997,0.03716754718837389,17.987122,0.016972128210687075,17.508557,0.019211533645183042,17.044603,0.019418920258345983
276.88393752,-26.59762191,19.495416000000002,0.16763838515089557,18.656232000000003,0.13057682269070572,18.168591999999997,0.1309001684490895,17.700368,0.12507282588955923
276.88492194,-26.59578508,19.104839000000002,0.03640515403071384,18.010778,0.016280103193776138,17.384593,0.018602829085921313,16.739247,0.02000185591388959
276.88494914,-26.59990701,19.578051,0.1823633035234885,18.622002,0.1395435277180565,18.070836999999997,0.1398483337405205,17.538723,0.1320232883698933
276.88710934,-26.59785402,18.636785,0.035739050798811095,17.81207,0.016279890908725402,17.332295,0.018602538805227633,16.851304999999996,0.019418083118577897
276.89247038,-26.59257063,19.541416,0.17057602289888227,18.702232000000002,0.12858606188852661,18.214591999999996,0.12891455086606787,17.745368,0.12011799985014734
276.89264136,-26.59438865,19.49425,0.18038102025434935,18.4525,0.11863606716340525,17.85475,0.11899236078421169,17.276249999999997,0.10626657408611609
276.89303921,-26.59814971,11.075411,0.04671151035879701,10.920722,0.028639916200994722,10.805157,0.03002303282481635,10.494002999999998,0.10127405985739883
276.90194895,-26.59939924,19.328913999999997,0.038019389263900596,17.984427999999998,0.016280633894292938,17.222118,0.018603554767839398,16.562722,0.02061807362485642
276.90405975,-26.59868157,19.517654999999998,0.0384777988975461,18.68181,0.016972548188177283,18.195985,0.01921211336631137,17.627815000000002,0.0611319867826983
276.90623072,-26.59453927,19.442888000000004,0.162743546206908,18.763976,0.1295802329369723,18.363455999999996,0.1299054750578281,17.981823999999996,0.12407953913518538
276.90648064,-26.59823067,19.424351,0.15394013490964598,18.579602,0.11664123483571323,18.088936999999998,0.11700038504210146,17.616622999999997,0.11020982141352012
276.9088585,-26.59834238,17.066343000000003,0.035739050798811095,15.313386,0.016279890908725402,14.329040999999998,0.018602538805227633,12.941039,0.10127221707852554
276.9090163,-26.60001529,19.117317000000003,0.03895617768724237,18.029934,0.01697270514679378,17.407379,0.019212330025272832,16.823141,0.020003231738896593
276.90914054,-26.59463199,18.706724,0.042213960202757576,17.774048,0.020003171348563706,17.235587999999996,0.021936230874970295,16.737852,0.021936853375085497
276.9132379,-26.59206686,19.099638,0.03716754718837389,18.142476,0.016972128210687075,17.590705999999997,0.019211533645183042,17.119574,0.028019537183900805
276.91435679,-26.59919314,18.725122000000002,0.22372714350297326,18.734044,0.021796324460789256,18.707414,0.02366563172619738,18.265905999999998,0.028241569361492642
276.91568069,-26.59367443,18.322135000000003,0.03640515403071384,17.44177,0.016280103193776138,16.931745,0.018602829085921313,16.454855,0.021262037531713653
276.91669083,-26.59580889,16.705034000000005,0.03573871116870333,15.627668,0.01562151798001718,15.010558,0.018029135447935378,14.414481999999998,0.02000141434999035
276.9195106,-26.59642108,18.508583,0.0371668629292277,17.289866,0.015621997311483574,16.595921,0.01802978438584333,15.905559,0.020002079891851248
276.92282236,-26.59423601,17.392200000000003,0.03517367299558009,16.517400000000002,0.015000777579845652,16.010399999999997,0.017493897507416693,15.527600000000001,0.018358689277832446
276.92493392,-26.59829843,19.423267,0.03716754718837389,18.502834,0.016972128210687075,17.971029,0.019211533645183042,17.487491,0.022629504280916098
276.92502635,-26.6001758,19.137527,0.04538275007092452,18.239354,0.04851234581011312,17.719648999999997,0.04934267448162898,17.249471,0.027217566092507244
276.92684202,-26.59418468,19.554202,0.03802011898981906,18.628204,0.017693669828500812,18.093373999999997,0.019852028863569588,17.608745999999996,0.056321552251336254
276.93013115,-26.59597328,19.335219,0.1383736174276007,18.530538,0.1126605165974309,18.061653,0.11303036096553881,17.610986999999998,0.10921450453122057
276.93573068,-26.59484563,19.114665,0.042216493175061334,18.02283,0.024189946341403902,17.397855,0.02581162238217505,16.736545,0.020622145766141794
276.94570473,-26.59360559,19.338106,0.1412859523802703,18.643612,0.11464978918428066,18.234621999999998,0.11501368233823314,17.844738,0.11119411783003631
276.94817453,-26.59725318,19.461785,0.12484342771648013,18.637069999999998,0.1076880785231123,18.157294999999998,0.10807319753296836,17.696305,0.10525501101610317
276.95422954,-26.59716629,18.487742000000004,0.03544406951804491,17.094284,0.01697159792123299,16.305353999999998,0.019210801649072327,15.568166,0.01941809630216103
276.95609218,-26.59569674,19.352959,0.036407821247638535,18.526018,0.020810236711772404,18.045033,0.022673840653934216,17.583007000000002,0.02720509599321421
276.95893085,-26.59722773,19.49185,0.1354633592526038,18.6727,0.10868371911192586,18.195949999999996,0.10906642757970941,17.73705,0.10427070154170824
276.96119366,-26.59658848,19.586885000000002,0.036409583408767536,18.42827,0.023325564001755672,17.766994999999998,0.025002560368890224,17.172605,0.03225128933856754
276.96682373,-26.59674316,17.766368,0.03574176772349124,17.042936,0.02081007063899592,16.618216,0.022673602492766783,16.218864,0.024085368172398775
276.97050221,-26.59463145,19.342185,0.0380214415823493,18.29487,0.02000196190377334,17.694095,0.021934507630671812,17.113505,0.019420080329391017
276.97447369,-26.59603483,18.902743000000005,0.13352986406044157,18.040186,0.11067130930823942,17.539840999999996,0.11104713740119553,17.058239,0.10723505814797696
276.97534543,-26.59767266,18.204565999999996,0.036063014405343326,16.864532,0.02163486519486544,16.104642,0.02343299596722536,15.345318,0.020002994975753006
276.98420427,-26.59777142,19.546903999999998,0.03574123405815754,18.458408000000002,0.02000135715395333,17.835248,0.021933645957751758,17.254991999999998,0.01941897299035147
276.85216609,-26.59131665,19.469177,0.1588225342449868,18.626654000000002,0.1176368599376913,18.137199,0.11799358308823409,17.665920999999997,0.11120096575120199
276.86123125,-26.58825279,17.666148000000003,0.035739050798811095,17.009496000000002,0.016279890908725402,16.621076,0.018602538805227633,16.194803999999998,0.019418083118577897
276.86182189,-26.58614034,19.191657000000003,0.036774896872731,18.304614,0.016972005185009815,17.790958999999997,0.01921136382457008,17.328961,0.040312368325366346
276.86288588,-26.59037873,18.327915000000004,0.035739422770940214,17.51433,0.016971687011019265,17.040605,0.019210924626368194,16.590795,0.02968278693114917
276.86375258,-26.58546689,17.491306,0.03758206401995505,16.129012,0.015622140186286897,15.357022,0.01802997781473954,14.659338,0.02000227827023712
276.87003391,-26.58720407,18.922214,0.03997523723506841,17.689028,0.02418939866966519,16.987218,0.025810820405403622,16.321621999999998,0.025616904418762233
276.87030009,-26.58906885,18.84206,0.03802194324334305,18.21212,0.020810651887915477,17.83822,0.022674436045908616,17.44038,0.022630686423526794
276.87319045,-26.5855325,18.705751000000003,0.036060129339756955,17.638402,0.0169717845850105,17.026736999999997,0.019211059314884225,16.478823,0.030529882541536248
276.87488708,-26.58675819,19.326229,0.036060530057113696,18.265558000000002,0.017693079777133205,17.657522999999998,0.01985120714213622,17.112717,0.02000200309968979
276.87674239,-26.58492752,19.388978,0.16959086248969904,18.632156,0.12261366710118411,18.189286,0.12295750892076497,17.765393999999997,0.11318509018417576
276.87925575,-26.5852812,19.494202,0.1961256376611686,18.568204,0.12261935879786683,18.033374,0.12296637721344807,17.517746,0.10627486084676846
276.88574271,-26.58831954,18.682578000000003,0.1296661311831274,18.148356,0.11166478506673444,17.826486,0.11203699322098928,17.523194,0.11020051803870977
276.88760594,-26.58659043,19.297176999999998,0.1422578748751717,18.454654,0.11564448424373729,17.965199,0.11600543317017527,17.494920999999998,0.11119469800309724
276.88784958,-26.58991474,17.791952999999996,0.036060530057113696,17.118606,0.017693079777133205,16.721111,0.01985120714213622,16.321569,0.02000200309968979
276.89736116,-26.59048054,18.928068,0.036060530057113696,18.093336,0.017693079777133205,17.608116,0.01985120714213622,17.103963999999998,0.019418551130298056
276.89858602,-26.58912851,19.749436,0.03997169463507896,18.398272000000002,0.018441576071475018,17.632331999999998,0.020521776848021714,16.983828,0.019420686702585982
276.90422783,-26.58572861,19.091421999999998,0.1364317621670262,18.098644,0.10868389334211394,17.527513999999996,0.10906669885900094,16.975806,0.10427102439316495
276.90660985,-26.59178462,19.239022,0.14128319093225494,18.468844,0.11166681225861155,18.018713999999996,0.11204015016948166,17.586606,0.10624951312829625
276.91759032,-26.58851919,19.052525,0.0389555248456493,18.20555,0.015622624107364294,17.713675,0.018030632961712686,16.678325,0.10226005092899182
276.91917503,-26.58931128,15.864226,0.035738403881538976,14.323852,0.015000969568664552,13.455062,0.01749415473808323,12.556498,0.03939608752147857
276.91971345,-26.58737254,19.521486999999997,0.03544369444626223,18.534274,0.016279798033145252,17.966169,0.01860241180599978,17.393551,0.019417944690414583
276.92048576,-26.59124427,18.377478,0.036060530057113696,17.064156,0.017693079777133205,16.318786,0.01985120714213622,15.703894,0.023346951149989584
276.92172362,-26.58421489,19.531246,0.036774535374359256,18.591892,0.016280222602900737,18.049802,0.01860299236682099,17.531958,0.020617496259245447
276.92218879,-26.58676387,18.300168,0.03640551919695694,17.131536,0.016971890643060365,16.464816,0.019211205714374097,15.815263999999999,0.021262175994004002
276.92514901,-26.5871629,19.314424,0.03641023427554402,18.270448000000002,0.02418858904525024,17.671488,0.025809634828877374,16.996951999999997,0.020619315216563325
276.92817758,-26.58834489,19.204462,0.0405062324587217,18.300724,0.017694463314833823,17.777994,0.019853133883596313,17.254725999999998,0.02334881513053714
276.92854461,-26.58445624,18.412646000000002,0.03573982708408087,17.250692,0.017692986180970132,16.587602,0.019851076796990132,15.949157999999999,0.022629057426238504
276.93192287,-26.58636245,19.506785,0.13159551496916602,18.68207,0.10967695035876955,18.202295,0.1100559051119021,17.741304999999997,0.10723418559396065
276.93346584,-26.58775494,19.33408,0.03640515403071384,18.19216,0.016280103193776138,17.539959999999997,0.018602829085921313,16.936839999999997,0.0611316140797869
276.934106,-26.58539999,17.177174,0.03544335198595076,15.854948,0.015621421190147842,15.104738000000001,0.018029004409561834,14.420702,0.020616769873091176
276.94163848,-26.58665615,18.565101000000002,0.03758354043993195,17.442102,0.018440853776330424,16.800186999999998,0.02052076265639267,16.248372999999997,0.021934350047357228
276.94993749,-26.58569972,18.426718,0.036060129339756955,17.647636,0.0169717845850105,17.192666,0.019211059314884225,16.794414,0.02193339298877399
276.95608915,-26.58598845,17.209775999999998,0.035444477200263516,16.058951999999998,0.017692900723171427,15.401912,0.019850957785457105,14.764647999999998,0.020617198257765288
276.95754017,-26.5905365,17.316252,0.03517367299558009,16.223304,0.015000777579845652,15.597724,0.017493897507416693,15.050396000000001,0.018869061237910063
276.95853111,-26.58818399,19.433399,0.13256388263776828,18.472898,0.111665274458983,17.919313,0.11203775535505878,17.385127,0.10921240076108572
276.96032149,-26.58691222,19.54429,0.03716880681431676,18.59158,0.019211059314884225,18.04223,0.021215589786758228,17.56017,0.031386544887897425
276.96606937,-26.58969481,17.306361,0.03544369444626223,16.205622,0.016279798033145252,15.575807000000001,0.01860241180599978,14.966352999999998,0.019417944690414583
276.97004955,-26.58810618,18.632246000000002,0.03640680518804143,17.692892,0.01921084943462938,17.150802,0.021215292833237066,16.666958,0.022629645688786202
276.9711459,-26.59044625,19.447693,0.1676281238933372,18.752086000000002,0.11863337675376184,18.342491,0.11898816958000488,17.951589,0.10922659895831234
276.97173591,-26.58627036,19.580925,0.041131154226449806,18.51135,0.07398542797064837,17.898475,0.07453400599726275,17.573525,0.02486965315399473
276.97389674,-26.58848306,19.38346,0.152969243156917,18.53092,0.12161539889339672,18.036019999999997,0.12196019617071793,17.560579999999998,0.11713851438361339
276.97697366,-26.58842374,19.478217,0.24258378037288478,18.724734,0.145534607568097,18.283679,0.14583446309086204,17.861841,0.12312647156481013
276.97914102,-26.58836763,17.006323000000002,0.03544369444626223,15.765346000000001,0.016279798033145252,15.059301000000001,0.01860241180599978,14.387579,0.02000141434999035
276.88443624,-26.58186147,19.369032,0.037582740719644174,18.342864,0.01697225971990766,17.753583999999996,0.019211715175902436,17.144336,0.020002559836180968
276.88877376,-26.57841032,17.760075,0.036774535374359256,16.18965,0.016280222602900737,15.304525,0.01860299236682099,14.466475,0.018870112665270444
276.88898754,-26.58070192,16.884862000000002,0.035739050798811095,15.758524000000001,0.016279890908725402,15.114794,0.018602538805227633,14.525926,0.020001548740035107
276.89080023,-26.58268145,19.139009,0.03640515403071384,18.145118,0.016280103193776138,17.573382999999996,0.018602829085921313,17.029656999999997,0.02193340466047166
276.89175091,-26.57949572,19.252265000000005,0.03640482061485814,18.38303,0.01562173921175232,17.879054999999997,0.018029434960641445,17.368345,0.019418261096194992
276.89203175,-26.5810805,19.120486999999997,0.03802363059993088,18.133274,0.023325934407864565,17.565169,0.025003100307761834,16.973551,0.020004409113992844
276.89403432,-26.57682058,18.746653,0.036060530057113696,17.962006,0.017693079777133205,17.504011,0.01985120714213622,16.990668999999997,0.02000200309968979
276.90169756,-26.58105648,19.431481000000005,0.036405916112632025,18.597862,0.0176931815115315,18.113246999999998,0.01985134882067211,17.673112999999997,0.024841226378743864
276.91236651,-26.58289617,18.596852,0.0375844631729655,17.726504,0.020001843115073168,17.221923999999998,0.021934338376162613,16.798196,0.020003276531608515
276.91272336,-26.58136166,18.398290000000003,0.03605942406639352,17.44558,0.015621623987281221,16.89623,0.01802927896506125,16.40517,0.0219331362098538
276.91535291,-26.57868205,18.474854000000004,0.036059760675855854,17.553308,0.01627999262899096,17.020897999999995,0.018602677898625238,16.510341999999998,0.02484085022699505
276.91786875,-26.57781769,19.364845000000003,0.03640551919695694,18.11719,0.016971890643060365,17.407514999999997,0.019211205714374097,16.751685,0.021262175994004002
276.91915055,-26.5791005,18.07985,0.035445390391417614,17.2607,0.019210590829019287,16.783949999999997,0.021214926938361113,16.30705,0.019418630229756165
276.92243603,-26.58129081,19.407018,0.03640896428079217,18.739236,0.022473903087803865,18.344765999999996,0.024209899834571804,17.989313999999997,0.03400199523557404
276.92381078,-26.57975474,19.496593999999998,0.038020970319022636,18.552788,0.01921129917522498,18.008278,0.021215929157121543,17.477362,0.020618719261874634
276.93016829,-26.58168111,19.273892,0.15980058998639524,18.492584,0.1186318230492982,18.036404,0.11898574914669403,17.598116,0.11219088447819635
276.93289313,-26.57634061,19.509223000000002,0.15979973998727282,18.602145999999998,0.11763705028603871,18.077600999999998,0.11799387960822376,17.571279,0.10922332351654566
276.9376615,-26.58252878,18.982695,0.13159647686773382,18.23589,0.11067097621327825,17.798464999999997,0.11104661870133642,17.378735,0.10822304109569274
276.94639936,-26.57805464,18.951197,0.035739050798811095,17.596694,0.016279890908725402,16.828939,0.018602538805227633,16.125381,0.019418083118577897
276.95010796,-26.57960814,19.219812,0.0422131386655861,18.260424,0.018442294434261697,17.707444,0.020522785507820326,17.057275999999998,0.021936503276502387
276.95212708,-26.57648213,19.055222999999998,0.11907985636538197,18.148146,0.10669343657413984,17.623601,0.1070815212816852,17.117279,0.1052530445735419
276.95251379,-26.58049472,16.466903,0.03574233372347139,14.847506000000001,0.021634788651613862,13.935761,0.02343288554574532,13.095919,0.018870980896604182
276.95430673,-26.57632576,17.330367000000003,0.03544369444626223,16.076034,0.016279798033145252,15.362729,0.01860241180599978,14.641791,0.019417944690414583
276.9569583,-26.57692229,19.127124000000002,0.11238443872707644,17.971848,0.10271877545999075,17.312388,0.10312088500880895,16.672052,0.10228682401951876
276.96068147,-26.57631162,19.316066,0.03640551919695694,18.532532,0.016971890643060365,18.075141999999996,0.019211205714374097,17.691817999999998,0.037577654636765184
276.96255614,-26.57920639,18.65772,0.036059760675855854,17.82744,0.01627999262899096,17.34464,0.018602677898625238,16.87156,0.01941823472924354
276.96446585,-26.58120575,19.168903999999998,0.03640680518804143,18.080408000000002,0.01921084943462938,17.457248,0.021215292833237066,16.828992,0.019419085045387693
276.96451598,-26.57927556,17.899137,0.035739050798811095,16.967574,0.016279890908725402,16.429719,0.018602538805227633,15.912001,0.019418083118577897
276.96743818,-26.57704672,16.859395000000003,0.03544369444626223,16.00129,0.016279798033145252,15.503365,0.01860241180599978,15.001834999999998,0.018869461465553277
276.86656368,-26.57413687,19.563183000000002,0.037582740719644174,18.567066,0.01697225971990766,17.994121,0.019211715175902436,17.439359,0.02484154584561919
276.86896863,-26.57322605,18.927816,0.0394545024553599,17.866032,0.017694121509699203,17.257391999999996,0.019852657882510342,16.691567999999997,0.02193503280143433
276.87066771,-26.57384897,18.962349000000003,0.03759173659196925,18.168798000000002,0.029548973586234765,17.705962999999997,0.030890477901774197,17.219476999999998,0.0477624555482651
276.87234762,-26.57325016,18.3402,0.036060530057113696,17.4654,0.017693079777133205,16.9584,0.01985120714213622,16.4806,0.02000200309968979
276.89488953,-26.57073316,19.358846,0.1500406492654574,18.642092,0.11664050397696335,18.221002,0.11699924657877075,17.817757999999998,0.11119757925422656
276.89531181,-26.57450459,17.663980000000002,0.03544369444626223,16.85596,0.016279798033145252,16.38526,0.01860241180599978,15.93454,0.02000141434999035
276.89826211,-26.56862042,19.114588,0.03945532283482167,18.324376,0.019211715175902436,17.863356,0.021216517739723453,17.347924,0.0206194083329275
276.90248787,-26.5709998,19.297992000000004,0.036780240347229924,18.182784,0.02506188181282483,17.545104,0.026629926774214007,16.978415999999996,0.01942097010965209
276.90487105,-26.57111397,19.379917000000003,0.03573871116870333,18.515134,0.01562151798001718,18.013578999999996,0.018029135447935378,17.491940999999997,0.020616900251977745
276.90512613,-26.56852674,17.963810000000002,0.03640551919695694,17.05562,0.016971890643060365,16.53047,0.019211205714374097,16.01413,0.019418551130298056
276.90621897,-26.57216784,18.522617,0.041060267997177026,17.546534,0.0208114822153541,16.984479,0.022675626782957953,16.366041,0.019421879620675233
276.91188157,-26.56939359,19.514286000000002,0.16469943709679158,18.663972,0.12858495992922345,18.170282,0.12891283343794752,17.694878,0.12209762520213077
276.91326772,-26.5723546,19.601111,0.0371668629292277,18.222122,0.015621997311483574,17.441056999999997,0.01802978438584333,16.718103,0.020617545925740048
276.91852969,-26.56816961,18.858722,0.03640680518804143,17.977244,0.01921084943462938,17.466614,0.021215292833237066,17.037706,0.020617974294289923
276.92012756,-26.572782,19.342152000000002,0.14225602211505847,18.583104,0.11365553691747711,18.139023999999996,0.11402262023388166,17.713096,0.1092160433636011
276.92023092,-26.56850978,19.579780000000003,0.03998275518270346,18.32656,0.033244576820889146,17.61386,0.03444293033410485,17.155939999999998,0.020008970788124008
276.9229819,-26.57196909,19.417982000000002,0.15198884539333798,18.558764,0.1156462648597005,18.060233999999998,0.11600820671400795,17.580686,0.10921992960993886
276.9331809,-26.56731898,18.35133,0.036060129339756955,17.48766,0.0169717845850105,16.98671,0.019211059314884225,16.483089999999997,0.01941838633872547
276.93653502,-26.5693627,18.753051,0.03544406951804491,17.797002,0.01697159792123299,17.245836999999998,0.019210801649072327,16.722723000000002,0.020001561539039894
276.93907386,-26.56779745,18.463137,0.036774535374359256,17.531574,0.016280222602900737,16.993719,0.01860299236682099,16.469001,0.018870112665270444
276.94283218,-26.57497762,17.754615,0.03605942406639352,16.82973,0.015621623987281221,16.295505,0.01802927896506125,15.790895,0.0188696174841993
276.94319191,-26.57344992,19.306613000000002,0.12580506274391345,18.432926000000002,0.10669454666476633,17.926531,0.10708324950710078,17.438748999999998,0.10426708259081577
276.94379334,-26.57164402,19.588926999999998,0.03640482061485814,18.468154,0.01562173921175232,17.827448999999998,0.018029434960641445,17.217671,0.023346709918101952
276.94497536,-26.57325096,19.535529000000004,0.16371389678338244,18.586158,0.120622385982039,18.038622999999998,0.12097107092193571,17.509617,0.11318233077649532
276.94792402,-26.57123136,18.878941,0.1754849174145744,18.512782,0.1345616801321981,18.282266999999997,0.13487659730286794,18.069692999999997,0.12705971131715987
276.94816505,-26.56808758,18.9796,0.03576296234933566,17.8822,0.04176419308450721,17.254199999999997,0.042724550612031016,16.8238,0.01887963389475548
276.95199129,-26.57118803,18.629559999999998,0.03544335198595076,17.44312,0.015621421190147842,16.76672,0.018029004409561834,16.12288,0.019417806261264426
276.95383313,-26.56894132,19.400252,0.036405916112632025,18.307304,0.0176931815115315,17.681724,0.01985134882067211,17.065395999999996,0.019418715920472188
276.9561105,-26.56914537,18.713011,0.036060129339756955,17.667922,0.0169717845850105,17.068357,0.019211059314884225,16.489803000000002,0.01886991595105818
276.95671041,-26.57232125,18.843377000000004,0.03573871116870333,17.333054,0.01562151798001718,16.480598999999998,0.018029135447935378,15.717521,0.02000141434999035
276.88515577,-26.56438734,19.206806,0.039972562239616316,18.401012,0.020002509042617626,17.931521999999998,0.021935287210337592,17.442838,0.02640413664560915
276.88720897,-26.56521054,19.50298,0.0384777988975461,18.69496,0.016972548188177283,18.224259999999997,0.01921211336631137,17.76254,0.020002994975753006
276.90532859,-26.56548894,19.124726,0.039977897593545364,18.140852,0.027733616857525095,17.574561999999997,0.02915887257765636,17.033997999999997,0.019423513997214818
276.91530308,-26.56373572,17.896147000000003,0.035759228738886414,16.708594,0.03890005861178104,16.031588999999997,0.03992912783921031,15.504731,0.021940406559587722
276.91846457,-26.56247502,19.171626000000003,0.21191279252560474,18.521652000000003,0.130586077604008,18.136862,0.13091459324689514,17.769698,0.11221634789993835
276.921697,-26.55905193,18.38982,0.13643268149530743,18.33864,0.10967780048852183,18.279339999999998,0.11005722886298745,18.236859999999997,0.10525921375347622
276.92412374,-26.5615808,18.836539000000002,0.03716754718837389,17.631178000000002,0.016972128210687075,16.944492999999998,0.019211533645183042,16.261347,0.018870465389067646
276.92716143,-26.56640461,19.386537,0.0380278258647533,18.232374,0.028638068370614663,17.573518999999997,0.030020278562998045,17.100201000000002,0.01942284840078818
276.93400306,-26.56381846,19.325205999999998,0.1354633592526038,18.296812,0.10868371911192586,17.706321999999997,0.10906642757970941,17.135037999999998,0.10427070154170824
276.93661365,-26.56428347,19.533885,0.03716793596636757,18.37527,0.017693409394460978,17.713994999999997,0.019851666176923286,17.097604999999998,0.021934011580192075
276.94092836,-26.56282566,17.721193000000003,0.03640482061485814,16.469086,0.01562173921175232,15.756991000000001,0.018029434960641445,15.024089000000002,0.019418261096194992
276.94586552,-26.56550944,19.231139000000006,0.03716793596636757,18.248378,0.017693409394460978,17.682692999999997,0.019851666176923286,17.109146999999997,0.020617974294289923
