#   1 NUMBER                 Running object number                                     
#   2 X_IMAGE                Object position along x                                    [pixel]
#   3 Y_IMAGE                Object position along y                                    [pixel]
#   4 FLUX_AUTO              Flux within a Kron-like elliptical aperture                [count]
#   5 FLUXERR_AUTO           RMS error for AUTO flux                                    [count]
#   6 MAG_AUTO               Kron-like elliptical aperture magnitude                    [mag]
#   7 MAGERR_AUTO            RMS error for AUTO magnitude                               [mag]
#   8 FWHM_IMAGE             FWHM assuming a gaussian core                              [pixel]
#   9 ELLIPTICITY            1 - B_IMAGE/A_IMAGE                                       
#  10 THETA_IMAGE            Position angle (CCW/x)                                     [deg]
#  11 FLAGS                  Extraction flags                                          
#  12 SNR_WIN                Gaussian-weighted SNR                                     
#  13 FLUX_APER              Flux vector within fixed circular aperture(s)              [count]
#  14 FLUXERR_APER           RMS error vector for aperture flux(es)                     [count]
         1    729.2152     47.6823     20424.92     309.3848  14.2246   0.0165     5.99    0.063  20.11   3      103.2     3318.319     59.01177
         2   1018.4661     38.2126     5065.621     296.0104  15.7384   0.0635    10.94    0.132 -69.94  17       25.7     522.9311     47.02933
         3    577.3511     37.6725      4048.76     241.7463  15.9817   0.0648     9.25    0.239  74.15   0      28.85     777.1708     48.12659
         4    951.3591     23.5110     37114.97     297.5362  13.5761   0.0087     5.43    0.111  41.34   2      178.2     6539.786     70.17397
         5    318.0584     21.4004     36063.19     261.2533  13.6073   0.0079     5.38    0.104  30.73   0      180.6     7006.508     71.82506
         6    803.1238     18.8384     218032.8     436.2118  11.6537   0.0022     5.18    0.046  62.47   2        525     36226.19     135.7958
         7    532.8157     18.7966     121729.5     342.7958  12.2865   0.0031     5.09    0.057  52.07   0      400.8      24783.5     115.0621
         8      7.0267     21.4142     18278.35     230.0433  14.3452   0.0137     7.24    0.135  42.53  16      110.1     3833.305     61.14556
         9    104.4270     19.7915     3721.983     185.9915  16.0731   0.0543     7.04    0.509  63.28   0      39.48     1855.872      53.1864
        10    981.5441     16.0170     3090.261     241.4216  16.2750   0.0848     7.49    0.143 -30.18   0         19     512.1396     47.09571
        11     56.5413     15.5980     1671.342       189.45  16.9423   0.1231     4.34    0.656  71.89   0      12.58     391.8328     46.51151
        12    617.0767     13.1653     3822.966     93.31811  16.0440   0.0265     0.00    0.241  62.85   0       80.4      3460.17     59.55558
        13    203.7184     13.7191     6127.166     121.5501  15.5319   0.0215     6.29    0.379  50.81   0      98.67     5185.157     65.55527
        14    768.0011     12.9484     6833.419      94.6645  15.4134   0.0150     0.00    0.067 -89.03   3      114.7     6552.227     70.37292
        15    765.4990      4.3740     31885.55     234.3559  13.7410   0.0080    12.78    0.265  26.88  26      170.9     6788.348     70.81711
        16    289.0003      9.0104     22212.43     126.3005  14.1335   0.0062     0.00    0.011 -87.88   0      215.8     22089.11      109.611
        17    141.8354      6.3720     14347.97     226.1269  14.6080   0.0171    12.47    0.215  37.32  16      87.55     2694.275     56.75419
        18    889.9968      5.2530     4833.381     241.3302  15.7894   0.0542     4.84    0.139  15.65  18      29.53     774.4404     48.22946
        19    580.7604      2.6066      1620.97      188.652  16.9756   0.1264     3.83    0.446 -51.94  19      14.93     617.1049     47.71656
        20    576.4573      8.5149     2970.961     231.2795  16.3178   0.0845     8.29    0.547 -80.93  19       18.3     577.1735     47.05431
        21    573.4379      6.7574     2171.046     102.3074  16.6583   0.0512     5.58    0.436 -35.62  19       47.6      1707.79     52.54982
        22    328.9915      8.9903     30598.38     140.5831  13.7858   0.0050     0.00    0.018  45.30   0      254.3     30299.86      125.486
        23    901.3930      7.9477       3252.6      228.526  16.2194   0.0763     5.88    0.374  10.07  16      15.84     458.3135     46.83524
        24    276.6552      7.5310     5911.163     200.8181  15.5708   0.0369    11.23    0.611 -37.59  18      55.52     2842.866     57.05367
        25    275.0020      2.9938     59748.25     181.6964  13.0592   0.0033   -76.87    0.009 -70.41  27      357.1     58833.34     169.4594
        26     56.3239      7.6321     1262.509     104.3566  17.2469   0.0898     4.39    0.354  21.33   0       21.8     891.5055     48.77798
        27    961.2684      5.5758     2785.407     180.2615  16.3878   0.0703     6.50    0.147  80.58  16       23.2     636.5699     47.57533
        28    742.9083      6.0998     3225.672     154.1817  16.2284   0.0519     3.76    0.353 -43.87  18      28.81     1192.296     49.82526
        29    678.4802      4.0073     1926.333     104.4663  16.7882   0.0589     5.56    0.654 -63.21  16      9.491     1419.009     51.17682
        30    373.6134      6.3346     1370.226      112.304  17.1580   0.0890     4.45    0.520  31.18  16      19.88     757.5063     48.14959
        31    924.0839      5.9277     1831.722     121.5472  16.8429   0.0721     4.60    0.186 -27.31  16      34.03     1040.921      49.2433
        32    845.4722      5.6551     1432.097     112.4291  17.1101   0.0853     3.49    0.481 -48.15  16      22.11     914.0402     48.76866
        33    691.7744      3.4343     1694.175      91.0949  16.9276   0.0584     2.67    0.391 -66.11  16      36.36     1228.745      50.5459
        34    438.0851      4.9958     3566.236     86.46552  16.1195   0.0263     4.29    0.061  -2.85  16      76.24     3534.899     59.93319
        35    294.1176      4.9218     1630.627     82.91734  16.9691   0.0552     4.45    0.186 -30.75  16      46.09     1467.763     51.06631
        36    213.6295      1.6434     2540.409     80.32655  16.4877   0.0343     2.54    0.514 -33.58  24      56.27     2122.123     53.06582
        37    109.2142      1.9214     3711.303     140.7494  16.0762   0.0412     5.78    0.475  -3.71  24      36.24     1395.014     51.07014
        38    630.9527    998.6962     4638.453     239.9875  15.8341   0.0562     9.82    0.208  28.61   0      33.52     1076.351     49.29355
        39    840.0565   1022.9280     1142.596     79.84128  17.3553   0.0759     3.19    0.296  44.97  24      30.19     765.5964      48.0719
        40    642.7742   1022.5760     2370.306     163.4902  16.5630   0.0749     7.52    0.309  11.47  19       20.9     671.0037     47.97259
        41    641.1808   1019.3732     1295.513     126.1907  17.2189   0.1058     4.84    0.201  24.28  19      19.61      755.428      48.3709
        42    541.4512   1018.9997     24366.55     256.9118  14.0330   0.0115     9.26    0.025  13.10  24      134.7     4964.274     65.04268
        43    309.9663   1023.0192     5473.985     86.64281  15.6542   0.0172     0.00    0.062 -29.13  24      100.1     5193.569     66.00819
        44    279.6393   1022.1564     2079.474     132.9457  16.7051   0.0694     6.30    0.200  22.94  24      19.25     604.1557     47.42023
        45    241.8723   1020.3157     13343.08     193.8349  14.6869   0.0158     5.01    0.083  34.91  24      92.37     3250.259     58.55891
        46    181.8956   1022.6533     3959.259     259.4666  16.0060   0.0712     8.82    0.225  36.09  24      23.82     688.3895     47.47112
        47    670.4876    999.7723     1211.332     100.1527  17.2918   0.0898     4.46    0.506 -24.70   0      25.56     947.6744     48.81104
        48    591.8599    998.2065     2733.895     125.4649  16.4080   0.0498     3.75    0.605  33.67   0      33.96     1079.826     49.75987
        49    702.6395    996.4661     4429.284     208.7051  15.8842   0.0512     5.47    0.096  12.87   0      33.39     982.7708     49.20138
        50    286.0262    995.8986     2092.115     134.0116  16.6985   0.0696     3.50    0.490  36.88   0      20.22     587.8223     46.86835
        51      3.7743    995.8067     1708.205     139.4903  16.9186   0.0887     3.63    0.530 -25.92  24      18.13     700.8378     47.99768
        52    214.7566    990.1509     29449.33     540.0469  13.8273   0.0199    15.22    0.411  57.26   3      92.82     1693.213     52.48674
        53    888.0908    992.1138     918.6777     93.71366  17.5921   0.1108     4.19    0.623  44.39   0      13.01     507.7134     46.83682
        54    479.3521    991.9082     896.0608     102.2003  17.6192   0.1239     3.48    0.645 -71.72   0      17.05     582.3361     47.07924
        55    218.5342    982.4653     6656.218     223.3108  15.4419   0.0364     1.99    0.364  36.57   3      37.48     1702.516     52.31424
        56     25.3430    992.4123     1739.305     159.1444  16.8991   0.0994     2.75    0.479 -75.96   1      15.45     637.1944     47.69537
        57    562.4518    989.6899     4865.225      202.405  15.7822   0.0452     9.49    0.176  17.47   0      35.45     1065.707     49.35756
        58    494.9956    989.9529     5164.206      90.5684  15.7175   0.0190     4.28    0.045  86.88   0      93.55     4990.095     65.13284
        59   1001.0106    988.0138     10687.13     103.5039  14.9278   0.0105   -27.17    0.031  61.28   0      146.9     10441.14     81.97582
        60     28.6424    987.1281     1650.809     158.1389  16.9558   0.1040     4.30    0.281 -12.23   0         18      717.332     47.95959
        61    164.9784    985.5253     1625.303     98.29083  16.9727   0.0657     2.06    0.382 -83.71   0      39.54      1462.45     51.47781
        62     48.8463    986.2473     1161.311     95.76721  17.3376   0.0896     2.88    0.450  82.49   0      24.01     976.3698     49.28508
        63    933.5294    986.0157     3554.824     117.8304  16.1230   0.0360     2.70    0.565  -0.05   0      41.48     1711.414     52.56549
        64    730.1735    985.8200     7329.037     111.9487  15.3374   0.0166     5.47    0.247 -45.35   0      114.9      6624.41     70.76344
        65    813.0452    984.0737     781.2935     91.87481  17.7680   0.1277     5.23    0.616  45.36   0      13.05     512.1772     46.97733
        66    742.5923    979.8602     24517.07     233.7529  14.0263   0.0104     5.57    0.134  14.41   0      140.7     5454.443     66.81697
        67   1022.0607    982.1450     2469.739     104.3139  16.5184   0.0459     2.54    0.231  26.20  24      39.23     1520.627     51.73402
        68    590.1078    980.6920     8559.056     310.1301  15.1689   0.0394     6.45    0.067  12.97   0       46.6     1373.166      50.8633
        69     16.7083    981.7507     2059.796     146.8643  16.7154   0.0774     6.93    0.441  54.51   0      20.65     712.3508     47.70275
        70    867.9656    981.7807     2288.875     86.33256  16.6009   0.0410     0.00    0.111  83.36   3      52.84     2005.158     54.02737
        71    864.5040    979.9756     14444.48     328.2959  14.6007   0.0247    18.39    0.101 -85.43   2      68.37     1970.229     53.15081
        72    263.9916    996.1036     6159.177     217.7411  15.5262   0.0384     8.69    0.113  81.28   2      44.26     1469.464     51.40039
        73    400.2093    977.2010     10517.76     229.0402  14.9452   0.0236    11.53    0.108 -65.65   0      70.53     2415.226     55.42465
        74    323.9267    980.8492     5190.391     294.6904  15.7120   0.0617     8.01    0.276   7.64   0      25.45     613.1487     47.34568
        75    242.0008    981.9843     17318.16      117.163  14.4037   0.0073     4.21    0.013 -88.55   0      189.7     17337.83     99.27181
        76    197.2763    973.8174     124481.7     351.8221  12.2622   0.0031     4.86    0.141  25.68   2      399.6      25964.7      117.372
        77    372.3794    980.9858     1812.997      100.126  16.8540   0.0600     2.00    0.391   5.47   0      32.65     1327.993     50.88073
        78    551.3893    979.6195     907.1719     112.6079  17.6058   0.1348     5.73    0.586 -19.55   0      14.69     502.4901     46.93044
        79    540.9949    979.0127     16098.13      114.772  14.4831   0.0077     0.00    0.024 -62.78   0      183.2     15884.29     95.88636
        80    520.7047    979.3883     2813.468     177.1769  16.3769   0.0684     3.52    0.512  29.62   0      21.93     1116.054     49.81324
        81     22.9532    974.1584     8035.759     104.4126  15.2374   0.0141     4.88    0.253 -76.67   3        119     7078.348     72.05202
        82     24.2559    968.2560     9119.196     303.7317  15.1001   0.0362    14.50    0.382  79.47   2      57.06     1811.924     53.10339
        83    952.4895    975.9870     5481.718     291.1087  15.6527   0.0577     6.18    0.394  34.39   2      25.73     610.3019     47.21405
        84    952.2577    971.9831     4367.687     234.4388  15.8994   0.0583     2.14    0.027 -27.47   3      23.71     746.4028     48.21296
        85    624.9845    977.0079     12214.24     106.8045  14.7828   0.0095     4.24    0.031 -28.58   0      158.5     11988.72     86.15963
        86    315.9808    976.9357      7354.27     95.90682  15.3337   0.0142     0.00    0.121  72.12   0      118.8     7089.381     72.08681
        87    561.1391    973.6558      3119.99     241.4496  16.2646   0.0840     8.62    0.179  38.57   0      22.06     644.8684     47.73193
        88    971.0013    972.3555     22886.06     132.8613  14.1011   0.0063     0.93    0.172 -89.70   1        188     22826.47     111.2297
        89    408.7954    970.0374     4330.649     345.4745  15.9086   0.0866    10.08    0.376  73.67   0      19.77     543.9437     47.36681
        90    363.7198    970.9749     3483.164     186.4487  16.1451   0.0581     9.40    0.154 -10.70   0      29.12     817.9249     48.43394
        91    335.6815    971.4188     2695.383     180.9201  16.4234   0.0729     8.05    0.216 -39.39   0      23.26     709.3076     47.92155
        92    966.9339    970.3361     1853.834     183.6945  16.8298   0.1076     5.78    0.559 -53.60   0      15.57     568.0779     47.12883
        93    147.5360    970.4762     1310.601     104.4613  17.2063   0.0866     3.70    0.042  17.55   0      14.33     475.3683     46.79892
        94    894.7401    967.9259     3578.114     248.7007  16.1159   0.0755     5.75    0.154 -16.16   0       21.2     607.3328     47.31775
        95    784.3403    967.1205     2130.262     206.1864  16.6789   0.1051     7.20    0.390 -76.78   0       17.3     408.4612     46.23225
        96    717.9006    965.4161      5819.37     284.5948  15.5878   0.0531    11.49    0.348 -73.65   2       32.5     913.8558     48.65332
        97    658.2853    963.9234     34934.93     185.1534  13.6419   0.0058     0.00    0.226  13.88   2      260.4     31922.97     128.2616
        98    117.9963    967.4271     3221.098      138.956  16.2300   0.0468     2.22    0.155  64.82   0      31.31     1203.957     50.43433
        99    640.5872    963.0671     26766.89     281.7143  13.9310   0.0114    15.05    0.249  21.02   0      134.6      4796.65     64.45431
       100    507.0826    961.5978     22498.88     331.7305  14.1196   0.0160    14.75    0.373  41.74   0      107.2     3125.911     58.36166
       101    133.0805    967.9579      3256.01     87.25878  16.2183   0.0291     0.00    0.150 -29.41   0      75.93     3029.505     57.69579
       102     91.8845    965.8293     2892.378     170.8711  16.3469   0.0642     8.25    0.243  42.15   0      23.31     676.4791     47.64871
       103    865.1196    961.9515     6168.483     239.1113  15.5246   0.0421     6.00    0.038  21.44   0      45.48     1444.761     51.07314
       104    772.1057    962.3068     11207.62     269.9041  14.8762   0.0262     7.35    0.142  46.24   1      70.08     2125.676      54.1214
       105    263.0995    960.1860     36700.95     159.1406  13.5883   0.0047     0.00    0.390  57.65   0      271.5     34273.51     132.4875
       106     43.0329    963.4436     2160.652     143.1771  16.6635   0.0720     8.02    0.538  38.40   0      19.52     508.7061     47.07914
       107    585.3481    962.2589     3170.473     109.7104  16.2472   0.0376     0.00    0.485  36.95   1      63.54     2521.728      55.9594
       108    572.0677    963.8682     4613.442     90.72546  15.8399   0.0214     4.59    0.183 -59.32   0      88.83     4187.099     62.17826
       109   1009.6102    963.0856     1476.471      85.8071  17.0769   0.0631     1.02    0.174 -16.54   0      36.85     1537.688      51.5932
       110    476.9377    960.9961     3081.128     153.0604  16.2782   0.0539     8.72    0.403  87.68   0      25.27     707.3243     48.02839
       111    208.0038    962.4861     7917.282     311.9023  15.2536   0.0428     5.99    0.348   9.82   2      33.16       822.45     48.68479
       112     63.1791    962.8930     2174.798      95.2596  16.6565   0.0476     0.00    0.364 -28.90   0      56.68     1972.894       53.267
       113    380.2545    970.3693     17807.92     135.6869  14.3735   0.0083     2.50    0.452 -26.45   0      151.5     14833.71     93.30328
       114    574.0245    957.9231     4630.042      89.2179  15.8360   0.0209     4.40    0.114 -69.15   0      91.54     4342.988     62.83429
       115    764.0280    955.6473     2760.632     215.4624  16.3975   0.0848     7.76    0.264  83.45   1      21.05     592.4393     47.59893
       116    623.4770    956.9097     1390.109      121.868  17.1424   0.0952     4.24    0.347  30.13   0      19.39     898.2931     48.58057
       117    282.7281    956.0955     31080.41     149.0413  13.7688   0.0052     5.12    0.286 -20.40   0      238.4     26984.59     119.1903
       118    202.7192    956.6783     5191.753     102.2044  15.7117   0.0214     1.34    0.233  53.07   0       80.4     4702.429     63.85978
       119    769.0028    954.5978      3184.04     93.25594  16.2426   0.0318     1.01    0.182  85.01   1      58.73     2812.929     57.03215
       120     11.3433    953.7491     2425.962     189.6194  16.5378   0.0849     5.05    0.179  55.70   0      19.73     653.3107     47.77211
       121    729.8848    953.5422     1926.684     190.4894  16.7880   0.1074     6.24    0.453  32.13   0      15.09     402.2752     46.20182
       122    655.0762    953.0343     12879.24      110.757  14.7253   0.0093     4.63    0.181  21.61   0      163.6      12781.7     88.22655
       123    409.9852    951.0759     18223.27      121.228  14.3484   0.0072     0.00    0.186 -77.52   0      196.3     18189.19     101.2572
       124    297.9041    952.5078     3883.086     266.2949  16.0271   0.0745     6.51    0.100  62.75   0      20.92     533.8762      46.9636
       125    141.1308    953.8046     47826.66     174.3069  13.3008   0.0040     5.33    0.378 -56.32   0        312     44918.39     149.6379
       126     30.9447    954.0042      11836.5     105.9976  14.8169   0.0097     4.50    0.141  -2.92   0        157     11827.75     85.79897
       127    922.0023    952.9594     26529.23     133.8432  13.9407   0.0055     4.41    0.100 -89.56   0      237.3     26318.76     118.1501
       128    861.3542    951.6459     1530.969     112.6288  17.0376   0.0799     2.70    0.499  27.65   0      29.93     1190.394     50.15127
       129    540.8847    950.9294     2815.838     200.7861  16.3760   0.0774     6.58    0.253   7.37   0      21.57     616.7078     47.24487
       130    176.4279    951.0658     3562.125     266.0208  16.1207   0.0811     8.26    0.312  31.60   3      20.26     562.5721     47.22051
       131    167.7790    946.5003     6175.593     212.5749  15.5233   0.0374     4.73    0.180  32.92   3      45.87     1444.123     50.85145
       132    838.9966    950.0402     3668.826     86.73475  16.0887   0.0257     4.27    0.050  88.74   0      81.21     3545.311     60.06557
       133    331.2341    950.0701      2075.07     192.1231  16.7074   0.1005     7.35    0.531  22.51   0      16.55     434.2233     46.59867
       134     56.6393    949.5367     1322.451     154.9909  17.1966   0.1273     3.65    0.659  17.76   0      12.17     374.1886     46.30494
       135    626.7082    945.8484     3275.675     243.3211  16.2117   0.0807     6.30    0.140 -19.38   0      20.64     617.4528     47.24846
       136    826.0063    945.7720     10184.68     103.7472  14.9801   0.0111     0.89    0.141 -89.86   0      128.3     10122.49     81.15631
       137    584.2370    945.0148     2638.479     211.4133  16.4466   0.0870     4.90    0.112 -81.98   2      18.81     515.7818     47.34941
       138    235.6369    945.3345     1443.016     131.8531  17.1018   0.0992     3.32    0.545 -44.98   0      21.97     907.6181       48.853
       139    613.0023    943.0273     33369.99     144.9946  13.6916   0.0047     0.00    0.065 -89.33   0      265.5     32750.72     129.9348
       140    511.2990    944.0454     1850.344     156.6555  16.8319   0.0919     5.91    0.535  40.41   0         18     726.6186     47.53664
       141    500.3522    943.6229     1235.542     110.7797  17.2704   0.0974     3.40    0.518  63.34   0       20.1     797.3134      48.5673
       142    375.2743    940.7104     38694.48     297.3369  13.5309   0.0083    13.36    0.326  13.16   0      179.2     7084.394     71.91617
       143    601.8665    943.0945     4127.131      101.196  15.9609   0.0266     0.00    0.151   3.37   0      75.58     3357.426     58.97338
       144    458.4416    942.0958     9515.029     194.3803  15.0540   0.0222     0.00    0.315   0.89   0       78.3     2653.241     55.99526
       145     25.2966    943.9849     1767.748      110.613  16.8814   0.0680     0.00    0.594  -0.27   0      32.67     1246.221     50.29288
       146    299.5242    942.9743     1730.491      119.038  16.9046   0.0747     0.50    0.191   0.50   0      30.49     1206.534     50.22436
       147    150.3031    941.9034     2461.787      152.138  16.5219   0.0671     7.47    0.221  74.03   2      23.21     620.0047     47.14259
       148    529.4404    979.4324     3533.198     236.0032  16.1296   0.0725     8.47    0.299  44.50   0      24.46     694.3237     48.08294
       149    193.0115    938.9991     9298.135     176.8394  15.0790   0.0207     4.31    0.079  -1.94   2      76.38     3467.077     59.58193
       150    120.7930    939.0968     2485.954      142.719  16.5113   0.0623     6.25    0.243  25.89   0      23.54     717.7951     47.96178
       151    525.0057    938.0937     4125.333     87.92281  15.9614   0.0231     0.00    0.063 -86.08   0      81.75     4012.737     61.62819
       152    882.7276    934.5911     2414.264     145.5081  16.5430   0.0655     4.35    0.452  65.31   2      24.55     813.3006     48.41223
       153    718.6166    936.3968     2214.857     187.1445  16.6366   0.0918     5.19    0.140  44.75   0      17.71     549.3301     47.15673
       154    265.9998    935.0687     3484.857     86.25134  16.1445   0.0269     0.00    0.056  88.27   0      75.42     3413.439     59.47082
       155    674.0493    934.2902     1341.339     113.4808  17.1812   0.0919     3.97    0.607  21.52   0         18     692.3084     47.60716
       156    637.3594    930.6954     3348.311      249.051  16.1879   0.0808     7.86    0.269 -16.83   2      20.82     458.4274     46.23664
       157    408.1453    934.9952      5311.56     92.45776  15.6869   0.0189    -3.32    0.166  -0.91   0      97.44     4957.972     65.10636
       158    989.2936    933.9680     4906.825     98.78551  15.7730   0.0219    -1.55    0.290  -7.33   0      85.74     4111.923     61.63202
       159    900.0105    933.8694      2618.68     83.93793  16.4548   0.0348     0.92    0.097  87.00   0      58.99     2486.261     55.71518
       160    820.6877    929.3497     5346.064     335.0911  15.6799   0.0681    11.27    0.532  80.95   0      24.02     431.6568     46.34613
       161    393.6114    930.0811     5408.811     292.4852  15.6672   0.0587    10.10    0.133   2.16   0      30.33     808.2962     48.38873
       162    295.1109    931.0546     1991.497     83.90063  16.7521   0.0458     0.00    0.185  29.85   0       53.5     1727.758     52.31731
       163    217.7068    930.8015     7643.089     314.8177  15.2918   0.0447     3.54    0.425  38.82   0      38.89     1249.889     50.42017
       164    887.3651    927.5908      9818.36     379.6747  15.0199   0.0420    11.44    0.189  34.81   2      34.18     922.2057     49.14827
       165    121.0014    925.9993     27139.81     162.9608  13.9160   0.0065     4.73    0.213  89.88   2      239.4     26655.24     118.7017
       166   1007.9565    927.0732     1392.151     153.2848  17.1408   0.1196     6.58    0.608  30.14   0      14.69     551.0763     47.16515
       167    267.9997    927.8778     1234.779     80.10326  17.2710   0.0705     0.00    0.132  87.87   0      40.85     1147.912     49.95839
       168    668.3573    925.0549     4917.144      217.084  15.7707   0.0479     5.37    0.114  43.11   0      36.35     1100.187     49.85278
       169    696.3915    920.2285      20790.6     252.6274  14.2053   0.0132     4.87    0.084   6.55   2      116.7     4355.744     62.96903
       170    778.5068    922.0680     4933.388     252.7097  15.7671   0.0556    10.25    0.287 -73.52   0       32.4     923.5041     48.81274
       171    324.6873    922.9891     2489.032     190.4284  16.5099   0.0831     4.15    0.404  29.47   0      17.77      611.472     47.33763
       172    411.0058    922.9977     37621.02     151.5115  13.5614   0.0044     0.00    0.001  23.54   3      282.4     37407.49     137.7587
       173    410.3872    917.9202     11679.81     354.6269  14.8314   0.0330     5.15    0.168  42.10   3      50.52     1660.208     52.23698
       174    540.8552    918.4423      12212.8     129.2446  14.7830   0.0115     6.08    0.475 -71.17   0      145.4     10664.73     82.66087
       175    832.8982    919.1251     3300.128      191.394  16.2037   0.0630     7.26    0.235  67.90   0      27.77      891.261     48.43266
       176    313.2310    918.8859     5569.639      178.348  15.6354   0.0348     5.91    0.021  45.92   2      42.98     1429.065     51.11247
       177    313.0067    914.0025     22338.02     126.5263  14.1274   0.0062     0.00    0.000   4.88   3      217.3     22329.61     110.1085
       178    997.3917    914.9321     6501.701     254.1162  15.4674   0.0424    11.96    0.276  81.12   0      38.84     979.6678     49.18705
       179    724.3436    912.7355     108633.1     353.8621  12.4101   0.0035     4.91    0.143   9.20   3      369.9     22406.02     110.3167
       180    731.3736    910.4053     49351.01     306.7403  13.2668   0.0068     6.82    0.191  45.43   3      214.5     9624.282     79.74891
       181    141.9633    926.8934     3711.748     88.43782  16.0761   0.0259     0.00    0.029  42.10   0      81.34     3727.719     60.19857
       182    463.8611    915.8757     8680.971     285.8974  15.1536   0.0358     5.38    0.092  34.09   0       51.3      1590.95     51.93478
       183    586.1311    917.0643     5421.264     97.13274  15.6647   0.0195     4.66    0.204  25.51   0      97.97     4973.812     64.99025
       184    189.0639    914.8396      14887.1     224.1944  14.5680   0.0164    12.12    0.009 -21.08   0      95.07     3353.011     59.14523
       185     99.9711    917.0406     6033.583     92.72435  15.5486   0.0167     0.00    0.070 -54.61   0      106.6     5948.998     68.55988
       186    894.2360    913.4979     19795.51     315.1768  14.2586   0.0173     5.09    0.085  15.28   0        108     3627.888     59.82049
       187    496.2387    910.9924     29891.29     305.0431  13.8111   0.0111     0.00    0.565  45.16   3      158.7     7427.408     73.29708
       188    496.3702    907.1919     28888.95     404.5929  13.8482   0.0152     4.12    0.584  40.09   3      131.7     5399.066     66.71198
       189    601.6553    908.9487     8315.644     276.6812  15.2003   0.0361    12.00    0.144 -77.32   0      54.17     1777.485     52.95579
       190    420.4829    913.2619     1524.974     115.0659  17.0418   0.0819     4.76    0.601 -55.52   0       24.9     966.7159     48.89962
       191    634.0031    911.0286     27628.76     135.6974  13.8966   0.0053     0.00    0.056 -36.12   0      242.5     27505.46     120.4112
       192    576.1929    911.4078     5409.885     278.8208  15.6670   0.0560     8.04    0.073 -61.01   0      23.16      593.116     47.36729
       193    353.5313    912.6650     2778.294     214.8331  16.3906   0.0840     5.69    0.212 -54.20   0      15.66     401.8066     46.32006
       194    108.2034    911.9344      2052.74     119.6517  16.7192   0.0633     4.45    0.136  38.29   0       20.3     671.2736     47.85749
       195    964.5872    906.9261     45584.92     439.6719  13.3529   0.0105     6.49    0.118  55.47   0      153.1     5270.133     66.18708
       196    205.8324    906.8307     4672.423     242.3319  15.8261   0.0563     4.86    0.186  18.75   2      35.08      807.558     48.61522
       197    132.1095    908.0554     4720.606     95.47926  15.8150   0.0220     4.65    0.194  25.66   0      89.31     4271.084     62.39518
       198      8.5083    907.9920     4137.873     276.2723  15.9581   0.0725     8.44    0.696  44.30  18      19.31     707.8464     47.91462
       199      3.9945    905.9889     2734.729     84.25157  16.4077   0.0335     0.00    0.119  44.41  19      65.43     2526.512     55.87913
       200    584.0005    907.9935     56867.59     178.0567  13.1128   0.0034     0.00    0.013  89.83   0      350.3      56517.2     166.3241
       201    341.0121    907.9665     13881.21     110.2946  14.6439   0.0086     0.00    0.059 -79.13   0      169.2     13657.02     90.63807
       202    871.9731    904.7579     1852.583     136.6993  16.8306   0.0801     1.56    0.153 -88.20   0      19.65     845.3345      48.7915
       203    172.8408    905.1269     964.9705     84.44144  17.5387   0.0950     2.85    0.240 -26.44   0       30.6     813.1792     48.41166
       204   1007.3632    903.8370     1207.318      88.3072  17.2954   0.0794     3.05    0.325 -31.74   0      28.33     906.0204     48.84557
       205    817.1832    899.6648     27384.09     314.8985  13.9063   0.0125     6.07    0.101  47.45   3      124.1     4496.077     63.38559
       206    822.9293    891.0131      79189.2     315.0996  12.7533   0.0043    12.05    0.181   8.48   3      297.9     16362.79     97.07136
       207    141.7086    899.8742     11003.11      293.494  14.8962   0.0290    11.74    0.036  68.82   0      61.92     1704.733     52.21719
       208    488.8289    909.8669      10634.2     118.4688  14.9332   0.0121     1.74    0.164  48.77   0      113.8     9548.523     79.46257
       209    241.4174    900.9696     1861.984      196.182  16.8251   0.1144     6.37    0.410 -18.69   0      14.82     436.6544      46.8492
       210    416.9051    900.0001     24188.44     132.9905  14.0410   0.0060     0.00    0.136  31.27   0      222.2     23724.08     112.9501
       211    220.4778    900.7043     2058.877     176.9957  16.7159   0.0934     4.77    0.177 -19.13   0      17.02     504.1673     46.70036
       212    344.1428    914.8448     2661.502     116.0946  16.4372   0.0474     4.91    0.113 -45.44   0      43.78     1600.314     52.08292
       213     47.1406    897.0453     4994.922     260.3722  15.7537   0.0566     9.97    0.571  26.73   2      28.89     704.9564     47.90091
       214    796.1689    896.1657     2333.704     214.3622  16.5799   0.0998     7.91    0.625  65.96   0      17.52     432.7514     46.83026
       215    536.4291    912.6874     4393.042     182.2771  15.8931   0.0451     5.57    0.218  40.08   0      37.14     1221.517     50.06986
       216    352.1366    897.7253      14739.1     120.4434  14.5788   0.0089     5.10    0.322 -64.03   0      163.3      12934.9     88.62032
       217    814.2331    915.6923      2124.48     219.9215  16.6819   0.1124     3.69    0.306  68.69   0      16.19     408.2246     45.98921
       218    173.1747    894.9977     1429.803     82.36505  17.1118   0.0626     2.49    0.191   1.31   0      38.43     1174.362      50.1898
       219    772.8276    892.6653     2173.558      195.832  16.6571   0.0978     7.69    0.407 -56.70   0       16.5     457.9998     46.71449
       220    487.4431    892.8091     2387.376     146.4213  16.5552   0.0666     3.87    0.501 -22.04   0      33.86     1245.694     50.73209
       221    402.9540    890.7451     10558.41     271.4192  14.9410   0.0279     5.43    0.243  30.21   0         65     2175.423     54.53479
       222    802.0938    889.7635     2081.618     183.9761  16.7040   0.0960     7.03    0.545 -84.81   0      17.15     495.2452     46.41726
       223      5.0336    891.9615     6226.312     93.19555  15.5144   0.0163     4.33    0.060 -44.17  16      106.6     5958.265     68.50925
       224    106.2298    890.0952     3057.871     191.1061  16.2865   0.0679     8.39    0.069  66.64   0      25.49     759.3866     47.69304
       225     38.7723    888.5472     6299.091     201.9482  15.5018   0.0348     5.24    0.161  28.47   0      48.31     1547.931     51.85383
       226    869.0768    889.9615     11969.78     108.8748  14.8048   0.0099     0.00    0.173 -17.38   0        156     11693.78     85.37807
       227    127.5003    889.5891     2145.969     201.4155  16.6709   0.1019     5.94    0.659 -20.70   0      14.45     373.8723     46.30339
       228    763.3660    888.8494     9225.975     122.7505  15.0875   0.0144     0.00    0.437 -20.48   0      128.5     8388.135     76.07135
       229    387.6921    886.5846     1787.869     150.2026  16.8692   0.0912     8.45    0.463 -45.83   0      20.23     810.1406      48.1664
       230    357.0475    888.2143     1145.256     98.59872  17.3527   0.0935     5.28    0.473 -20.60   0      12.24     353.0938     46.44206
       231     30.0039    887.2490     5098.641     116.0623  15.7314   0.0247     3.16    0.520 -89.96   0      75.98     3751.396     60.65676
       232    284.1078    883.6244     2689.699       149.71  16.4257   0.0604     8.25    0.319  69.31   0      23.86     688.1648     47.47005
       233    979.0645    882.2540     3498.282     174.8932  16.1404   0.0543     0.70    0.298  81.69   2      25.19     1179.122     50.10017
       234    648.7114    882.1525     2931.383     180.4454  16.3323   0.0669     5.43    0.092   5.95   0      24.85     715.8148     47.71925
       235    629.5038    884.0217     1922.751     186.7894  16.7902   0.1055     5.51    0.257   0.87   0      14.66     441.2236     46.27267
       236    183.8994    883.9000      6261.94     96.22499  15.5082   0.0167     4.79    0.246  44.80   0      108.1     5920.401     67.89249
       237    889.7802    881.6171     5039.204      219.764  15.7441   0.0474     4.83    0.139  21.37   0      37.06     1191.436     50.37787
       238    503.9787    882.5324     3322.242     238.7378  16.1964   0.0780     5.47    0.336  39.44   0      18.71     562.2275      47.3368
       239    461.9525    882.9967     5934.625     92.48148  15.5665   0.0169     0.00    0.040   1.46   0      104.2     5961.456      68.4384
       240    896.0854    881.0396     7898.712     98.61244  15.2561   0.0136     4.54    0.156  25.52   0      121.4     7381.705     72.84969
       241    595.6296    880.8345     1356.355     131.7037  17.1691   0.1055     5.02    0.579 -34.60   0      16.44     682.1132      48.0252
       242    428.5820    881.1649     6335.727     303.9438  15.4955   0.0521     6.09    0.332  43.94   2      25.51     453.1881     47.04801
       243    162.0006    880.7681     24300.42     131.0715  14.0360   0.0059     0.89    0.143 -89.98   0      202.7     24179.83     113.9614
       244    749.5761    878.7589     1592.327     89.29258  16.9949   0.0609     1.53    0.223  36.66   0      34.68     1470.285     51.62053
       245    736.7202    874.9926     3763.606     275.4586  16.0610   0.0795     3.54    0.671   4.56   2      19.72     624.8179     47.51916
       246    388.0011    877.9889      57347.2     178.6678  13.1037   0.0034     0.00    0.019  88.79   0      351.7     57059.03     167.0628
       247    299.0083    877.9789     16455.67     115.4778  14.4592   0.0076     0.00    0.037 -68.80   0      184.6     16138.21     96.48634
       248    822.0974    868.1754     3029.033     174.2824  16.2967   0.0625     3.15    0.353  59.04   2      22.86     1001.722     48.83419
       249    819.7263    876.4367     5155.618      292.765  15.7193   0.0617     2.79    0.368  12.08   2      28.51     920.2076     48.91153
       250    438.9576    875.1317     8184.763     335.3521  15.2175   0.0445     6.94    0.308  69.81   2      29.38     597.5056     47.38835
       251    327.1418    876.9631     4224.241     97.20242  15.9356   0.0250     4.81    0.234   8.13   0      78.72     3581.162     60.01552
       252    284.7958    875.3753     1948.958     94.71925  16.7755   0.0528     2.52    0.392 -64.78   0      42.84     1439.904     51.37817
       253    867.3345    874.2923      7851.98     114.2324  15.2626   0.0158    -0.99    0.413  43.47   0        110     6548.604     70.28191
       254    686.7457    870.9036     14619.79      300.022  14.5876   0.0223    10.68    0.396   3.81   2      76.67     1947.424     53.15822
       255    274.7941    870.4590     34051.84     249.0812  13.6696   0.0079     5.16    0.083  20.58   0      179.1     7643.006     73.88713
       256    914.9178    872.3891     2388.829      141.583  16.5545   0.0644     7.83    0.077 -66.51   0      19.81     516.3391     46.99746
       257    619.9600    872.0618     7281.317     97.17912  15.3445   0.0145     0.00    0.131 -60.96   0        118     6915.909      71.5378
       258    540.7316    872.9273     3076.648     227.1266  16.2798   0.0802     5.73    0.163  20.43   0      20.78     588.3761     47.22661
       259    356.0669    873.2213     2527.649     90.10821  16.4932   0.0387     1.01    0.206  58.80   0         54     2281.393     54.97465
       260    717.6209    870.6376     1868.508     178.3216  16.8213   0.1036     2.72    0.280  46.21   0      17.07     598.0932     47.74287
       261   1019.5786    869.7665     1556.442      161.494  17.0197   0.1127     5.42    0.662 -56.32  16      14.56     436.8129     46.84996
       262    832.3356    870.0978     5132.697      275.576  15.7241   0.0583     3.23    0.278  63.12   0      22.61     677.3543     47.53572
       263    564.4659    865.0082     115395.1     335.6753  12.3445   0.0032     4.74    0.084  29.45   2      389.4     25907.63     117.2615
       264    552.3546    869.7388      3491.69     111.6298  16.1424   0.0347     5.81    0.491 -33.45   3      67.19     2768.579     56.85514
       265    800.6638    868.4517     5056.211     219.7816  15.7404   0.0472     6.12    0.160 -14.27   2      32.29     848.2267     48.57592
       266    655.5413    867.1268     6891.045     239.7971  15.4043   0.0378     4.67    0.110  24.22   0      47.48      1535.84     51.58506
       267    608.0536    866.4257     7499.144     259.3434  15.3125   0.0376     4.89    0.004 -17.57   3      49.26      1589.12     51.92677
       268     99.2996    863.3077     9481.584     335.8149  15.0578   0.0385     0.57    0.501  46.77   3      39.89     955.9658     48.73534
       269    103.7867    860.0876     10655.44     369.7652  14.9311   0.0377     7.23    0.159   7.52   3      41.67     765.1327     48.06971
       270    629.6065    865.7977     4881.463     227.0912  15.7786   0.0505     9.28    0.293 -73.04   2      34.52     906.7822     48.84911
       271    119.7576    865.2944      4706.95     265.4261  15.8182   0.0612     9.66    0.165 -14.03   0      29.96     902.6008     48.48584
       272      6.1075    866.0298     12857.39     115.6394  14.7271   0.0098     0.00    0.034  56.76  16      156.9     11859.78     85.55852
       273    735.0353    861.6650     5765.078     291.3298  15.5980   0.0549    11.29    0.311  75.44   0      32.63     819.8454     48.44295
       274    206.4973    864.5222     1014.705     105.1498  17.4841   0.1125     3.47    0.491 -44.44   0      19.14     687.0656     47.58213
       275    878.2996    864.2525     2868.841     214.2792  16.3557   0.0811     4.36    0.302  82.25   2      19.67     668.1464     47.37411
       276    953.3813    861.1905      6133.32     201.7615  15.5308   0.0357     5.01    0.096 -13.31   0      45.91      1455.11     51.33689
       277    346.9742    863.0007     8082.361     97.61695  15.2312   0.0131     4.22    0.027  -1.37   0      127.5     8145.318      75.4903
       278     79.9902    859.8870      3452.47     117.6328  16.1547   0.0370     3.38    0.542 -89.54   0       56.7     2487.094     55.51805
       279      3.9662    858.5279     6643.045     216.3208  15.4441   0.0354     4.81    0.156  68.83  25      45.58     1559.185     51.79558
       280    925.0250    860.9734     14376.03     111.3096  14.6059   0.0084     0.00    0.072 -45.66   0      172.5     14179.29     91.87764
       281    608.9929    859.3682      3062.04      206.537  16.2850   0.0733     3.47    0.185   7.46   3         23     876.8434     48.93805
       282    809.0329    858.0781     3189.458     124.0599  16.2407   0.0422     3.36    0.497  -1.26   0      43.59     1969.995     53.56785
       283    752.9090    852.7524     7293.361     363.4984  15.3427   0.0541     7.25    0.618  77.63   2      32.82     889.2205     48.53811
       284    907.1876    856.5718     2687.214      139.086  16.4267   0.0562     5.70    0.490 -66.26   0      45.47     1658.242     52.33509
       285    823.3573    854.9449     6777.088      367.753  15.4224   0.0589     9.41    0.272  73.38   0      23.12     526.2214     47.16362
       286    305.2825    852.2818     21573.46     239.1776  14.1652   0.0120     6.11    0.123  16.88   0      127.6     4891.304     64.52847
       287    866.0249    853.9894     2809.906     162.3922  16.3783   0.0628     9.03    0.350  10.35   0      23.63     660.8776     47.80809
       288    715.3683    852.8913     1996.528      108.543  16.7493   0.0590     2.78    0.537  69.39   0      33.56     1453.636     50.89395
       289    125.9848    851.0083     32275.34     143.2686  13.7278   0.0048     4.27    0.039 -25.69   0      261.3     31761.49     128.1058
       290    842.2650    850.2138     2254.579     211.6599  16.6173   0.1020     6.54    0.231  16.02   0       16.3     474.1629     46.79306
       291   1016.8821    844.9788     58721.15     290.5299  13.0780   0.0054     7.79    0.072 -65.28  24      252.2     11807.46     85.61505
       292    144.8150    847.9658     1508.188     140.1622  17.0539   0.1009     3.91    0.255 -30.05   0      17.77     713.4844     48.28905
       293    206.9072    844.2573     3989.442     206.2073  15.9977   0.0561     9.54    0.382  71.14   0      28.05     768.8912     47.97137
       294    698.9684    845.9771     15358.11     113.2971  14.5342   0.0080     0.00    0.119  32.18   0      179.8      15352.7     94.73577
       295    291.3785    844.1378     5779.115     191.4241  15.5953   0.0360    10.71    0.046 -27.71   0      41.46     1205.468     50.21954
       296    973.9985    842.0128     4132.196     124.6618  15.9595   0.0328     4.20    0.002  32.16   2      86.97     4025.845     61.67651
       297    928.1130    844.9251     7741.589     103.7703  15.2779   0.0146     0.00    0.282 -34.01   0      125.9     7825.055     74.21994
       298    592.5044    844.9990     2073.777     191.3946  16.7081   0.1002     5.53    0.271   0.55   0      14.65     430.1113     46.57861
       299    554.0219    844.0018     26957.06     134.5677  13.9233   0.0054     4.24    0.023   1.03   0      237.3     26654.55     118.7003
       300    155.5507    838.6520     18375.51     255.9513  14.3394   0.0151     8.78    0.057  86.32   0      107.1     3807.753     61.05051
       301    261.4091    839.6172     9966.229     224.1806  15.0037   0.0244     5.44    0.055  34.24   2      66.12     2171.384     54.41557
       302      4.9087    832.9015     79198.65     314.6637  12.7532   0.0043     9.86    0.273 -25.05  26      278.7     8797.178     77.06699
       303     54.6193    836.0335     10733.26     231.6736  14.9232   0.0234     4.91    0.188  28.01   0      72.73     2557.095     56.20217
       304    358.1036    836.1375     2953.296     91.17546  16.3242   0.0335     4.83    0.271  53.91   0      65.76     2622.352     56.06902
       305    231.2480    831.9005     60194.27      285.399  13.0511   0.0051     4.82    0.097  22.22   0      260.5      13096.9      88.7211
       306    784.5358    850.3890     1983.914     118.3488  16.7562   0.0648     3.81    0.591 -71.78   0      24.03     741.3096     48.07308
       307     93.5127    834.8820     6771.399     252.1554  15.4233   0.0404     7.43    0.159   5.19   0      45.84     1431.844     51.12482
       308    923.1797    833.7488     2910.034     237.7595  16.3403   0.0887     8.50    0.532 -47.07   0      19.72      529.871      47.1812
       309    903.9948    831.8347     2166.583     200.7455  16.6606   0.1006     6.05    0.272 -78.15   2      15.07     421.0761     46.77356
       310    333.8925    833.7670      10336.2     120.2375  14.9641   0.0126     0.00    0.447  67.36   0      143.6     9966.042     80.37083
       311    869.1040    832.0067     3810.201     87.10441  16.0476   0.0248     0.00    0.072  -1.50   0      78.69     3790.432     60.80285
       312    548.7297    826.9164     25419.28      340.753  13.9871   0.0146    13.48    0.111  21.13   2      123.6      4200.86     62.13886
       313     74.5187    825.4406     10846.26      344.918  14.9118   0.0345    11.15    0.277  40.93   0      47.11      1451.95     51.10512
       314    881.1376    827.4254     3777.372     110.9605  16.0570   0.0319     2.55    0.471 -27.17   0      54.55     3284.093     58.97444
       315    309.7217    827.9487     1936.825     180.7377  16.7823   0.1013     5.12    0.589  25.58   0      14.51     358.9851     46.10948
       316    998.3361    825.9962     2118.259     92.14687  16.6851   0.0472     2.18    0.306   0.38   0      51.02     1803.527     52.96225
       317    840.9658    819.6279     39972.97     326.0021  13.4956   0.0089    11.32    0.182  19.20   2      174.5     6028.721     68.82365
       318     35.9272    825.0861     1595.597     84.48778  16.9927   0.0575     4.59    0.233 -44.70   0       47.3      1453.41     51.00239
       319    864.4858    823.4791     1959.581     164.6208  16.7696   0.0912     6.06    0.006  -3.78   2      16.63     412.5456     46.25232
       320    792.2187    822.5429      2870.47     213.6294  16.3551   0.0808     5.68    0.582  49.91   0      15.25     468.8977     46.76748
       321    390.6315    820.4809     14194.31     295.0112  14.6197   0.0226     6.10    0.089  -9.77   2      82.84     2786.584     56.92707
       322    970.9019    821.7394     1945.878     159.4392  16.7772   0.0890     3.59    0.315  37.92   2      17.18     625.1007     47.28523
       323    974.3702    820.3064      1272.41     153.1071  17.2384   0.1307     5.37    0.531 -49.32   3      11.85     478.9764     46.33753
       324    931.1094    822.8965     6892.786     99.12022  15.4040   0.0156     4.82    0.256 -44.42   0        113     6333.747     69.50347
       325    605.2927    817.1254     50028.12     299.4285  13.2520   0.0065     4.93    0.044  45.59   3      225.2     10445.84     81.85272
       326    491.9813    820.4643     4677.378     168.3311  15.8250   0.0391     5.37    0.103 -25.59   0      35.36      1040.12     49.46558
       327   1009.4820    814.5950     39975.17     265.6861  13.4955   0.0072     7.11    0.077  -5.60  16      197.2     8542.031     76.60258
       328    882.8879    817.8653     9709.773     225.7805  15.0320   0.0253     6.54    0.327 -26.14   0      58.59     1774.508     52.52001
       329    671.0966    819.8477     20214.97     133.5369  14.2358   0.0072     0.00    0.329 -56.80   0      204.9     19799.72     104.5967
       330    604.2211    806.9758     10103.99     299.8539  14.9888   0.0322    11.23    0.235  43.75   3      55.86     1747.431     52.82665
       331     94.1491    816.8788     6583.181       253.64  15.4539   0.0418    11.34    0.343  20.50   0      39.57     1114.162     49.69252
       332    304.5284    817.1013     2786.812     106.3218  16.3872   0.0414     0.00    0.476 -13.31   0      56.27     2344.285     54.62492
       333    175.9941    817.3926     1726.938     152.8711  16.9068   0.0961     5.17    0.246 -88.58   0      18.12     712.8568     47.93838
       334     63.7091    816.4182     12044.21     411.2704  14.7981   0.0371     9.09    0.234  69.26   2      36.22     760.6215     47.81569
       335    422.9938    815.0225      36929.1       150.47  13.5816   0.0044     4.30    0.049 -69.61   0      280.3     36469.43     136.2023
       336    327.4171    817.2453     871.9193     97.96664  17.6488   0.1220     5.59    0.542  -2.35   0      16.35     655.7012     47.90004
       337    822.9370    812.8991     4735.448     186.4797  15.8116   0.0428     5.37    0.110  27.01   0      37.11      1146.65     49.61661
       338    765.0052    806.0084     5566.781     91.57305  15.6360   0.0179     4.29    0.045  63.46   3      100.1     5245.032     66.01642
       339    759.1307    810.8566     16818.52     389.9676  14.4355   0.0252    13.94    0.127  38.24   2       78.8     2444.208     55.44288
       340    762.9709    810.0079     10058.98     102.1153  14.9936   0.0110     0.00    0.023 -12.32   3      137.1     9690.438     80.00695
       341    290.6658    813.5140     1646.161     140.3858  16.9588   0.0926     5.07    0.181  74.56   0      15.63      465.239     46.51052
       342    683.1678    812.9948     1564.421     140.2534  17.0141   0.0974     0.00    0.164   1.74   0      16.97     702.5648     48.12188
       343    161.0419    812.9174     1837.826     83.48333  16.8392   0.0493     0.00    0.158 -60.56   0      50.26     1608.854      51.7982
       344    369.7488    810.1549       2835.9     224.4143  16.3683   0.0859     6.26    0.106  33.13   0      20.58     615.7584     47.59312
       345     38.2646    808.7838     13444.96      326.751  14.6786   0.0264     7.39    0.191   0.99   0       70.6      2110.34     54.16002
       346    435.9578    810.0677      6253.36     151.3857  15.5097   0.0263     8.35    0.670  -1.00   0      84.66     4698.267     64.10646
       347    316.5112    810.1083     1798.063      166.085  16.8630   0.1003     2.26    0.427  59.77   0       17.2     641.8901     47.48344
       348    301.3483    810.2285     3216.823     234.5124  16.2314   0.0792     5.26    0.030  85.81   3      21.72     603.8668      47.5363
       349    649.4199    807.9760     2732.497     209.5277  16.4086   0.0833     7.88    0.180 -19.85   0      22.68     624.6918     47.75268
       350     92.8279    807.8923     22176.09      136.834  14.1353   0.0067     5.27    0.339  33.39   0        210     20751.18     106.6441
       351    556.0314    807.9883     6451.617     93.74338  15.4758   0.0158     0.00    0.053 -26.89   0      110.9     6206.742     69.40903
       352    212.2243    806.8787     3164.481     218.4557  16.2492   0.0750     6.35    0.479 -48.69   2      20.79     649.5007     47.63706
       353    496.3542    801.1160     6203.145     197.6525  15.5185   0.0346     2.28    0.223  23.86   2      50.65     1296.856     50.41068
       354    634.0012    802.5893      3432.93     93.86055  16.1608   0.0297     0.90    0.180  88.94   0      64.41      3228.49     58.66479
       355    148.1484    789.6287     19320.11     315.7181  14.2850   0.0177     6.65    0.169  42.41   3      89.52     2920.752     57.55719
       356    158.3490    797.5076     31936.21     282.9129  13.7393   0.0096     6.39    0.055  -7.27   2      153.7     5819.852     67.80224
       357    704.8591    799.0195     11010.19     110.6978  14.8955   0.0109     0.00    0.227 -13.46   0      145.7        10419     81.91441
       358    581.1320    798.2027     3369.708      201.412  16.1810   0.0649     5.01    0.153  -1.03   2       24.3      736.966     48.05254
       359    216.1375    792.6186     128629.5     344.9237  12.2266   0.0029     4.90    0.138  33.86   0      416.4     28339.34     121.8835
       360    952.3613    792.6194     13428.88     359.6436  14.6799   0.0291     7.66    0.299  21.03   2      62.48     1580.057     52.20851
       361    618.9792    794.1694     14149.48     228.3822  14.6231   0.0175     4.68    0.104  29.88   0      92.99     3429.353      59.6252
       362    322.0471    796.4465     1616.261     96.84087  16.9787   0.0651     2.17    0.385 -84.03   0      37.67     1413.496     51.26123
       363   1013.5668    791.9911      15141.4     211.6655  14.5496   0.0152    11.26    0.152 -84.45  16      99.16     2128.537     54.44157
       364    884.3749    793.9529     7615.843     132.9725  15.2957   0.0190     4.15    0.610 -56.36   0       85.1     4440.664     63.36285
       365     51.9715    795.4208     2546.712      195.553  16.4851   0.0834     2.04    0.353  64.14   0      16.13     483.5372     47.07608
       366    236.4906    791.2897     32852.43     252.4417  13.7086   0.0083     4.87    0.111  22.67   0      174.6     7310.813     72.70493
       367     18.0813    789.6140     9994.843     246.7088  15.0006   0.0268    11.03    0.225  55.09   2      54.38      1410.64     51.03047
       368     78.0622    791.5253     5433.395     286.2413  15.6623   0.0572    10.06    0.019 -81.49   0      31.64     851.0999     48.58936
       369    930.2040    782.3710     3230.055      217.885  16.2270   0.0733     6.34    0.414 -72.27   2      23.42       690.02      48.0626
       370    935.8874    788.1257     5651.552     274.9915  15.6196   0.0528     0.00    0.371 -84.13   2      25.05     791.9545     48.08051
       371    843.6004    788.8195     2108.724     187.0156  16.6900   0.0963     2.54    0.213 -73.68   0       18.3     649.0032     47.63469
       372    105.0446    789.9965     12413.78     107.2282  14.7652   0.0094     0.00    0.056   0.80   0      157.6     11981.72     86.27054
       373    900.8826    788.1890     1132.821     84.89201  17.3646   0.0814     2.73    0.234 -62.04   0      32.42      870.349     48.67931
       374    518.8882    788.1171     2624.778     234.5331  16.4523   0.0970     5.89    0.197  20.88   2      18.75     400.8748     46.31549
       375    894.0894    786.5178     3700.242     205.8883  16.0794   0.0604     5.19    0.173  21.80   0      26.94     824.3816     48.34902
       376    701.4695    785.2773     3309.441     127.6004  16.2006   0.0419     5.28    0.499  72.04   3      40.03     1775.463     52.52414
       377    698.4960    786.0043     6651.218     285.2584  15.4427   0.0466     5.86    0.074 -81.98   2      41.07      1234.37     50.35017
       378    353.8540    788.0408     1492.673     137.1202  17.0651   0.0998     4.07    0.267 -29.04   0      17.87     670.3948     47.85332
       379     34.4999    786.4439     16862.73     359.4877  14.4327   0.0232     5.61    0.280 -57.44   2      79.24     472.3283     46.18433
       380     43.5280    786.4735     9303.251     110.9712  15.0784   0.0130     1.43    0.295 -44.83   0      110.8     9097.897     78.09172
       381    851.5165    784.5237     8073.825     278.9922  15.2323   0.0375     3.42    0.059  56.66   2      42.26     1445.009     50.96494
       382    453.8034    786.0119     6221.204     94.66737  15.5153   0.0165     0.84    0.133  -3.07   0      99.93     6146.418      69.0499
       383    382.7643    784.8007     3078.284     188.1902  16.2792   0.0664     7.13    0.107  57.37   0      25.37     749.1647     48.34146
       384    672.1406    784.1639     3563.298     218.2323  16.1204   0.0665     3.08    0.215 -29.66   2      18.43     463.0663     46.73914
       385    268.0392    782.9867     24391.23     130.1622  14.0319   0.0058     4.42    0.106 -18.10   0      228.7     24421.91     114.4919
       386    982.1027    779.4062     2325.978     204.3656  16.5835   0.0954     5.46    0.522  59.56   2      22.22     626.7798     47.52854
       387    971.8374    781.1687     5730.156     94.96067  15.6046   0.0180     1.37    0.194 -44.72   0      96.31      5688.49     67.60838
       388    419.9890    781.0063     9014.778      99.7642  15.1126   0.0120     0.00    0.029   8.77   0        133     8724.132     77.06865
       389    221.4007    779.1701     3748.705     268.7862  16.0653   0.0779     8.92    0.301  30.41   0      22.75     622.6401     47.74292
       390    175.1223    779.2087     760.2567     93.32867  17.7976   0.1333     3.84    0.638  43.44   0      13.57     511.8156     46.97559
       391    127.0384    779.9564     3194.999     85.48415  16.2388   0.0291     4.35    0.092 -61.65   0      72.72      2908.39     57.50835
       392    805.2856    776.0177     2635.244      166.391  16.4479   0.0686     7.60    0.391 -58.10   2      18.85     551.7526     47.05003
       393    841.8102    776.8104     7152.934     289.5358  15.3638   0.0440     5.84    0.354  36.48   2      43.67     513.5063     46.98376
       394    103.7337    773.9852      1974.95     93.29914  16.7611   0.0513     1.16    0.189  15.29   2      44.62     1834.528     52.98998
       395    539.6416    776.2043     2527.333     176.0192  16.4933   0.0756     7.92    0.070 -10.26   0      20.25     554.4442     47.41717
       396    402.1007    791.9014     7861.437     99.93144  15.2612   0.0138     4.77    0.240 -45.30   0      121.8     7371.477     72.58766
       397    861.7024    783.9704     6760.614     279.9197  15.4250   0.0450     9.62    0.196  44.77   2      38.45     946.4744     48.57639
       398   1014.5801    771.9875     2288.179     155.5067  16.6013   0.0738     8.64    0.522 -73.87  17      17.35     518.5002     47.12639
       399    696.9544    776.0008     21194.19     124.4548  14.1845   0.0064     0.00    0.117  -0.44   0      211.5     21014.04     107.4107
       400    632.3676    765.4283     7753.628     231.7593  15.2762   0.0325    12.43    0.479 -57.30   3      46.49      689.006      48.0578
       401    628.8851    773.7796     15458.77     203.9624  14.5271   0.0143    10.86    0.334  26.61   2      107.6     3097.554     57.96323
       402    388.3057    775.2543     1994.878     167.1901  16.7502   0.0910     6.30    0.206   8.23   0       15.9     422.3781     46.18001
       403   1008.8511    775.0749      1149.46     86.56234  17.3488   0.0818     2.97    0.228 -27.53   0      31.68     836.3702     48.40535
       404    739.5014    800.0352     3986.105      265.334  15.9986   0.0723     6.77    0.274  30.57   0      20.09     507.0347     46.47495
       405    545.0016    773.9193     42489.61     158.6465  13.4293   0.0041     4.34    0.068  89.87   0      291.3     42326.67     145.6867
       406    394.4009    774.0234     1756.113     106.7402  16.8886   0.0660     2.16    0.395  -4.54   1      32.97     1353.068     50.88313
       407    133.8704    772.7401     2429.002     191.0877  16.5364   0.0854     7.84    0.216  68.84   0      19.72     547.6667     47.14872
       408    674.7946    771.9121     2502.035     145.6451  16.5043   0.0632     8.23    0.316  12.64   0      21.24     591.3488     47.35881
       409    957.7318    768.5068     4366.195     249.9781  15.8997   0.0622     9.67    0.282 -83.12   0      31.49     874.4285     48.58371
       410    744.3678    770.4803     3517.552     219.4589  16.1344   0.0678     3.56    0.437 -45.98   0      20.92     877.3946     48.71219
       411    690.0549    770.0072     3058.423     85.12027  16.2863   0.0302     4.29    0.067  -0.59   0      72.52     2941.152     57.63768
       412    270.9865    772.7051     1195.104     133.5298  17.3065   0.1213     3.64    0.511  26.43   2      14.88     795.0272     48.21084
       413    235.5638    765.4922     13492.03     237.3199  14.6748   0.0191    12.16    0.254  37.54   0      83.63     2744.547     56.36463
       414   1012.8144    765.1932     9858.395     115.7731  15.0155   0.0128     0.00    0.376 -46.71   0        137     9144.672     78.29899
       415    466.5909    766.4289     6584.765     245.2583  15.4536   0.0404     6.62    0.518  12.51   2      36.28     898.7744     48.92595
       416   1003.2153    766.9564     1681.545     84.71866  16.9357   0.0547     1.70    0.145  -1.12   0      35.41     1474.501     51.63909
       417    194.5144    766.0295     7150.046     117.6659  15.3642   0.0179     2.99    0.465  63.38   0      80.33     6175.216     69.06393
       418    107.5139    765.3796     1960.867     191.2604  16.7689   0.1059     6.77    0.301 -76.34   0      15.72     369.9793     46.04268
       419      6.8021    765.7246     59299.27     204.2836  13.0674   0.0037     0.00    0.392  64.24  24      350.6     56769.43     166.6684
       420    871.0577    764.7477     60046.92     196.0789  13.0538   0.0035     0.00    0.387 -77.85   0      354.4     58133.56     168.5844
       421    796.9232    765.8138     2306.049     89.54754  16.5928   0.0422     0.00    0.265  66.63   0      57.15     1936.645     53.53044
       422    730.4402    764.6293     9109.257     348.2039  15.1013   0.0415     6.71    0.186  51.72   0      31.92     550.7113     47.39927
       423    716.8367    760.5794     13310.56     416.3456  14.6895   0.0340    11.53    0.328  66.33   0      39.21     1192.712     50.49418
       424    576.1877    763.9965     1546.066     132.0307  17.0269   0.0927     6.85    0.591  67.32   0      15.51     414.1066     46.50046
       425    373.7265    762.3757     1118.303        145.4  17.3786   0.1412     2.33    0.386  72.08   3      16.28     700.1307       47.878
       426    264.7867    763.9709      1129.48     81.53214  17.3678   0.0784     1.55    0.147  -8.41   0      30.47     1156.999     50.22227
       427    827.6578    759.5701     18794.96     281.2209  14.3149   0.0162     4.97    0.078  72.85   2      103.6     3605.398     60.10723
       428     71.8836    758.4092     5090.637     318.2701  15.7331   0.0679     9.29    0.463  55.51   2      21.93     547.6904     47.14883
       429    173.1771    761.5027     2380.112     193.9268  16.5585   0.0885     7.79    0.272   5.92   0      20.21     565.0112     46.75761
       430    695.1426    756.1158     58665.62     193.7531  13.0790   0.0036     0.00    0.222  60.19   0      350.2     56753.61     166.5799
       431    130.5339    759.3497     6853.674     121.7614  15.4102   0.0193     3.77    0.542  33.47   0       96.6     5557.651     67.08403
       432     81.6778    760.2224     4822.482     289.6325  15.7918   0.0652     8.80    0.366   5.89   1      22.98     574.3557     47.27719
       433    955.4719    753.9863     11264.58     340.3127  14.8707   0.0328    13.85    0.485 -39.43   2      47.79     1668.379     52.37909
       434    159.5564    759.5970     999.4994     102.4301  17.5005   0.1113     5.49    0.527 -22.02   0      15.68     606.9329     47.66808
       435    258.1009    758.6415      1576.13     89.25134  17.0060   0.0615     3.47    0.269 -57.79   0      34.08     1222.759     49.85228
       436    779.0773    755.2734     6745.351     108.2107  15.4275   0.0174     5.55    0.221 -85.19   0      103.3       5515.9     66.77562
       437    703.9961    757.9628     3799.178     87.07565  16.0508   0.0249     0.00    0.064 -89.29   0      78.49     3401.525     59.51904
       438    739.0527    756.8744     5359.638     96.98843  15.6772   0.0197     4.66    0.201 -63.54   0      95.86     4812.154     64.42245
       439    530.1503    756.1147     7736.096     116.4217  15.2787   0.0163     1.68    0.252 -59.47   0      98.27     6649.419     70.52814
       440    424.3057    754.2803     4864.405     219.5832  15.7824   0.0490     5.97    0.175  49.69   0      35.01     1087.958     49.57253
       441    340.2781    754.7720     6238.611     280.9879  15.5123   0.0489    10.14    0.066 -69.27   0       38.6     1162.962      50.0268
       442    759.6879    752.9911     1618.658     178.7844  16.9771   0.1200     3.26    0.540 -80.00   0      12.56     453.1931     46.57151
       443    460.6536    751.4161     8162.322     329.0418  15.2205   0.0438    12.79    0.153  -9.20   2      45.65      1142.01     50.04308
       444    318.9995    753.9979     7097.005     95.29523  15.3723   0.0146     0.00    0.002  22.74   3      117.3      6888.56     71.45086
       445    314.8323    750.6058     5264.355     298.5073  15.6966   0.0616     9.19    0.359  87.90   2      25.14     641.4421     47.83234
       446     89.0019    753.9704     10543.78     103.1887  14.9425   0.0106     4.23    0.025  87.76   0        144     10459.82     82.16343
       447    556.5805    750.8315     7426.159     177.5854  15.3231   0.0260     6.96    0.070  48.34   0      59.89     2315.661     55.21722
       448    834.0186    751.9441      22171.6     126.2271  14.1355   0.0062     4.51    0.141 -72.39   0        217     22086.94     109.6573
       449    823.4747    746.5827     10409.21     372.6191  14.9565   0.0389     6.17    0.044  28.48   1      39.06     1146.874     50.06517
       450    631.4556    746.0535     9347.367     231.5175  15.0733   0.0269    12.99    0.169  55.37   0      63.33     2004.693     53.92209
       451    536.8914    747.8034     1108.618     142.4791  17.3880   0.1396     4.17    0.618 -86.74   0      15.66     591.9112     47.36151
       452    113.1458    748.3707     4123.762     267.0228  15.9618   0.0703     6.30    0.027  -1.13   2         24     672.5016     47.74667
       453    796.7413    746.8502     3065.377     249.3524  16.2838   0.0883     7.64    0.190  -3.60   0      18.76     476.5423     46.80462
       454    544.4722    745.2128     4889.499     194.7094  15.7768   0.0432     5.41    0.158  37.53   0      38.45      1211.09     50.35583
       455    102.0008    746.0064     2663.168     96.41772  16.4365   0.0393     0.00    0.010  52.34   2      66.76     2536.969     55.92164
       456      4.0051    745.8520     1783.199     117.9627  16.8720   0.0718     2.44    0.168  87.51  16      31.83     1010.842     49.44379
       457    190.7937    743.5594     6077.929     144.5204  15.5406   0.0258     4.24    0.658 -63.11   0      61.27     1268.881     50.72605
       458    570.2316    741.4135     1715.642     185.0365  16.9139   0.1171     5.40    0.248  12.02   2      14.07     421.1855     46.89316
       459    220.1232    738.7953     11147.72     216.5421  14.8820   0.0211     4.94    0.180  31.88   0      74.75     2602.834     56.18869
       460     28.9469    741.8730     1901.865      179.144  16.8021   0.1023     5.62    0.223  19.45   0      15.23     473.9589     46.67274
       461     10.9762    740.9532     1410.558     104.6785  17.1265   0.0806     6.02    0.659  49.70  16      2.239      559.767     47.44268
       462    966.6691    736.0515     8200.561      189.188  15.2154   0.0251    10.33    0.364  27.67   0      61.55     1236.671     50.36055
       463    900.8383    738.9893     972.5297     81.09346  17.5302   0.0906     2.41    0.174   2.01   0      29.79     763.4523     48.52365
       464    591.2846    738.9995     7374.214      100.218  15.3307   0.0148     0.94    0.155   0.05   0      105.4     7403.998     73.22446
       465    321.3037    737.5607     1467.786     145.9453  17.0833   0.1080     4.00    0.460 -42.15   0       16.7      722.483     47.51686
       466    990.7708    735.0685     27479.11     363.0791  13.9025   0.0143    16.44    0.346 -46.54   3      127.4     4567.515     63.64122
       467    603.9915    737.9985     19934.59     122.1329  14.2510   0.0067     4.21    0.014  -0.71   0      205.4     19770.49     104.6931
       468    782.6961    734.7439      7244.64     185.0467  15.3500   0.0277     4.97    0.096  20.66   0      54.36     1756.636     52.33616
       469    513.6747    733.5023     9963.608     266.2492  15.0040   0.0290    12.18    0.062 -49.91   0      64.08     1962.768     53.32845
       470    677.5117    733.9672     2618.589     201.2566  16.4548   0.0835     3.52    0.379  26.59   0      15.39     442.7935     46.40071
       471    623.6708    733.2792     2054.448     134.9845  16.7183   0.0714     7.54    0.299 -16.80   0      17.67     464.0554     46.50474
       472    187.5426    733.5449     5475.282     102.8329  15.6540   0.0204     1.39    0.291  44.07   0      81.69     5404.902     66.73186
       473    275.0231    731.0152     765.6982     91.83622  17.7899   0.1303     4.04    0.394  89.55   0      16.15     845.6681     48.67863
       474    543.0393    729.3369     2834.478     95.36993  16.3688   0.0365     2.25    0.253  67.18   0      58.15     2461.607     55.61452
       475    122.8924    728.1431     8377.547     115.2733  15.1922   0.0149    -1.55    0.043 -87.61   0      124.4     7644.842     73.66603
       476    168.1244    728.9344     1408.136     82.30524  17.1284   0.0635     2.68    0.205 -29.66   0      40.77     1151.293     49.86205
       477    589.4162    716.1589      4133.52     235.9906  15.9592   0.0620     4.87    0.321  28.57   2      29.48     963.4055     49.33842
       478    587.9622    726.3655     3048.211      225.867  16.2899   0.0805     8.52    0.485 -27.36   2      20.33     435.8831     46.72626
       479    524.9160    727.9915     29351.34      139.555  13.8309   0.0052     4.60    0.155   2.46   0      245.7      28580.7     122.3327
       480    388.7647    724.8792      10762.8     234.6917  14.9202   0.0237    11.15    0.219   5.41   0      71.65     2157.307     54.35675
       481    986.3583    730.3765     22884.44     277.5618  14.1011   0.0132     6.08    0.115  24.61   3      115.6     3757.083     60.86158
       482    214.0012    726.9966     56366.88     177.4164  13.1224   0.0034     4.20    0.005  85.50   0      348.8     56066.78     165.7075
       483    354.1019    725.8781     2863.455     95.43896  16.3578   0.0362     0.00    0.335 -17.17   0      60.01     2144.896     53.99589
       484    952.5770    724.8459      2161.24     90.72906  16.6632   0.0456     2.41    0.334  25.47   0      49.47     1925.467     53.58712
       485    581.0493    724.0213     13931.04     110.3973  14.6400   0.0086     4.39    0.095  25.98   0      168.7     13517.02     90.22454
       486      3.2715    723.3171     2118.656      137.141  16.6848   0.0703     7.38    0.305  20.60  24       21.3     705.9599     47.67229
       487    295.6744    718.3377     19619.33     281.3914  14.2683   0.0156    10.67    0.345  26.76   2      111.1     3837.323     60.97786
       488    289.1478    712.1545     3013.294      91.3249  16.3024   0.0329     3.55    0.306  45.03   3      61.52     2323.786     55.14963
       489    658.7446    716.4458     23610.84     346.4543  14.0672   0.0159     4.76    0.082  41.11   3        102     3573.525     60.07949
       490    448.3640    719.0464     5246.933     172.3646  15.7002   0.0357     4.78    0.106  18.20   0       42.2      1403.88     51.10958
       491      9.1048    719.2416     1219.908     89.90387  17.2842   0.0800     1.40    0.204  57.11   0      28.07     1019.917      48.9188
       492    646.0325    711.7163     53969.02     317.6927  13.1696   0.0064     9.16    0.045 -38.93   2      228.5     11060.52     83.60873
       493    234.2307    718.7330     1850.492     120.4302  16.8318   0.0707     2.12    0.523 -12.41   0      27.15     957.3644     49.08389
       494    713.6321    715.6505     11269.92     190.6588  14.8702   0.0184     4.72    0.164  34.88   2      75.93     2595.807     56.16026
       495     84.3658    717.6532     2540.067     189.0199  16.4879   0.0808     7.06    0.407  21.46   0      19.97     594.8499     47.37561
       496    171.8091    716.3763     1503.663     120.9322  17.0571   0.0873     4.40    0.510 -29.65   0      18.52     838.3765     48.64458
       497    795.1935    712.8176     1544.163     124.4165  17.0283   0.0875     1.63    0.177 -32.25   2      35.42     1340.525     50.82708
       498    429.8620    715.5594      911.737     107.5515  17.6003   0.1281     2.25    0.529 -26.93   0      16.26      760.331     48.16292
       499    920.0720    709.4751     12324.51     290.2239  14.7731   0.0256    12.80    0.150  80.49   0      68.49     2173.154      54.3204
       500    529.9543    714.9698     21730.64     126.5372  14.1573   0.0063     4.54    0.148  32.94   0      215.2     21723.21     108.9521
       501    853.1613    712.3917     3155.178     227.8179  16.2524   0.0784     5.15    0.170  65.87   0      23.01     713.8989     48.17538
       502    510.4596    688.6760     34927.23     274.8527  13.6421   0.0085    13.23    0.193  19.12   3      180.5     7727.129     73.99487
       503    142.5031    712.6120     3995.919      258.422  15.9960   0.0702     6.58    0.267 -40.12   0       23.6     625.3976     47.52193
       504    457.9998    711.7960     3323.285     93.59468  16.1961   0.0306     4.74    0.228 -88.62   0      72.87      3030.38      57.8922
       505    324.1853    708.9612     19329.06     185.5737  14.2845   0.0104     0.00    0.101  -3.80   0      150.6     12046.84     86.50641
       506    411.9977    708.9726     13200.29     108.8825  14.6985   0.0090     0.00    0.036  72.90   0      163.7     12825.81     88.46626
       507    349.7948    705.7618     5919.156     180.3455  15.5694   0.0331     3.65    0.449 -58.27   2      50.91     2536.648     56.11942
       508    963.3365    707.6924     3656.646     247.6491  16.0923   0.0736     6.02    0.427  25.36   0      17.21     341.5223       45.902
       509    515.0228    704.5229     275975.3     438.9072  11.3978   0.0017     4.68    0.096  18.52   2      636.6     62620.34     174.4645
       510   1010.3784    705.9479     3263.795     99.23816  16.2157   0.0330     0.72    0.236 -19.76   0      60.66       2817.4     57.14762
       511    713.8351    705.6680     10075.45     111.2959  14.9918   0.0120     2.31    0.349  63.25   0      129.5       8556.4     76.57242
       512    582.5319    704.7855     1277.473     98.90301  17.2341   0.0841     2.37    0.567 -62.89   0      19.96     908.3305     48.85632
       513    905.0050    704.6446     1340.936     94.73218  17.1815   0.0767     2.99    0.387  89.76   0      30.93      1019.85     49.48518
       514    689.6246    702.9705     6919.983     271.9675  15.3997   0.0427    11.08    0.201 -12.98   0      44.33     1339.216     51.04021
       515    433.4608    704.0811     1214.995      104.253  17.2886   0.0932     5.22    0.509  68.80   0      18.51     893.9683     48.56033
       516    782.1070    702.1482     4686.565     172.4345  15.8229   0.0400     9.14    0.116  75.07   0      37.61     1173.499     49.73944
       517    454.2079    701.5854     1739.781     104.0597  16.8988   0.0650     3.74    0.520  71.18   0      10.83     1348.639     50.86334
       518    195.7424    703.1835     2375.025      178.966  16.5608   0.0818     5.36    0.231  23.61   0      19.99     597.2526     47.50467
       519    808.9882    702.0128     5598.778     276.4648  15.6298   0.0536     4.65    0.106  18.21   2      32.43     790.6556     48.30581
       520    301.3006    700.9055     4527.314     267.3661  15.8604   0.0641     8.82    0.126 -74.86   0      27.33     760.4081     47.81468
       521    140.8730    703.0072     1204.659     81.74144  17.2978   0.0737     2.58    0.178   1.71   0      36.56      984.654     49.21008
       522     62.8038    700.1851     5471.492     259.7165  15.6547   0.0515     9.90    0.085   9.74   0      35.82     1077.594     49.63746
       523     11.7265    702.4082     1778.206     137.5926  16.8750   0.0840     4.29    0.385  27.76   0      20.33     815.3655     48.42192
       524    480.0507    700.9016     3007.667      196.088  16.3044   0.0708     5.87    0.199   2.45   2      21.94      667.975     47.37329
       525    356.2125    702.0034     1444.614      158.723  17.1006   0.1193     3.90    0.200   4.70   0      13.78     462.1582     46.73472
       526    801.9026    699.0026     6086.718     131.3981  15.5390   0.0234     4.59    0.198   0.69   0      79.92     3405.759     59.34757
       527    737.7910    697.7922     3244.052     127.4839  16.2223   0.0427     2.34    0.140  28.83   0       33.4     1369.059     50.95451
       528    723.9915    697.0110     29183.94     138.2776  13.8371   0.0051     4.31    0.057 -66.75   0      247.1     28793.33     122.7271
       529    671.8443    695.7659     16363.81     298.0842  14.4653   0.0198    13.09    0.245  10.38   3      93.39     3008.452     57.90245
       530    602.0403    697.0151      19045.5     120.4671  14.3005   0.0069     0.00    0.095  30.40   0      196.6     18151.97     101.2838
       531   1009.4310    695.3130     2488.303     213.8752  16.5102   0.0933     1.90    0.593 -69.06   0      14.78     390.7534      46.2658
       532    872.5071    692.5118     8090.736     138.8944  15.2300   0.0186     7.30    0.577 -45.01   0        109     6867.435     71.30547
       533    420.0110    695.9990     35381.34     148.1138  13.6281   0.0045     0.00    0.012  12.99   0      274.5     35015.34      133.754
       534    153.0803    693.6888     3473.505     157.2295  16.1481   0.0492     8.78    0.119  48.14   0      28.28     837.7314     48.41174
       535     37.7087    690.1197     66381.76     290.7643  12.9449   0.0048     9.81    0.046  47.61   0      276.6     14305.61     92.00793
       536    357.7840    691.6298     6881.064     283.4811  15.4059   0.0447     5.07    0.138  20.67   0      42.92     1389.377     51.26308
       537     59.7164    688.6328     3105.848     252.1688  16.2696   0.0882     6.83    0.161  40.59   2      19.75     529.5928     46.94287
       538    296.8870    680.9928     40995.88     217.6079  13.4681   0.0058     9.86    0.346  77.78   2      287.8      38528.2     139.5954
       539    985.9876    688.9834     2149.099     132.0128  16.6694   0.0667     0.00    0.030  41.12   2       23.5     991.1465     49.24006
       540    961.7571    689.8357     6880.726     114.7397  15.4059   0.0181     0.00    0.315  23.44   0      107.9     5958.023     68.50845
       541    837.9101    689.9361     1517.717     84.27802  17.0470   0.0603     0.00    0.176  47.01   0      43.57     1237.488     50.14231
       542     44.8772    708.7616     3465.942     190.8618  16.1504   0.0598     5.68    0.268   8.91   0      25.36     765.3821     48.18675
       543     73.1953    689.6514     1940.061     187.5553  16.7805   0.1050     6.57    0.216  18.18   0      16.21     465.7038     46.87108
       544    392.5823    686.3356     6014.199     324.1319  15.5521   0.0585     5.38    0.077  17.80   0      25.76     740.1314     48.06751
       545    387.0016    687.9906     8625.534     98.87348  15.1605   0.0124     4.20    0.003 -73.65   2      130.7     8381.431     76.05132
       546    268.9573    687.9185     2162.276     84.36198  16.6627   0.0424     0.00    0.140  62.41   0       55.1     1867.309     52.92006
       547    880.5076    686.3222     1760.858     122.5574  16.8857   0.0756     3.79    0.041  20.79   0      17.19     582.2329     47.19704
       548    404.0350    686.4008     1365.193      101.879  17.1620   0.0810     2.59    0.378  87.99   1      26.01     1036.249     49.67283
       549      4.7573    682.6806     13628.97     222.2891  14.6638   0.0177     7.42    0.166  44.70  24      87.18     3064.214     57.83235
       550    566.8994    682.3354      6238.53     109.7125  15.5123   0.0191     0.00    0.425 -72.58   0      102.7     5501.932     66.64444
       551    547.1793    683.4537     4474.695     199.8844  15.8731   0.0485     7.67    0.147  19.58   0      36.37     1243.093     50.50007
       552    369.1027    684.8228     1127.682     114.2785  17.3695   0.1101     3.11    0.255 -62.50   0      22.37     654.5432     47.19078
       553    679.7495    693.7712     7072.428     247.4061  15.3761   0.0380     9.74    0.191  56.66   3      42.39     1277.549      50.6549
       554    215.3710    678.6747     56225.65     284.6801  13.1252   0.0055     8.41    0.067  69.63   0      248.7     12366.28     87.14986
       555    701.7483    681.7557     927.6974     92.23626  17.5815   0.1080     5.18    0.533  68.95   0      15.71     559.2172     47.32235
       556    401.8664    680.1437     5496.597     268.1888  15.6498   0.0530     8.99    0.165  16.97   2      34.88     872.7609     48.69057
       557    413.2017    692.1901     2566.133     234.4763  16.4768   0.0992     6.67    0.254  72.57   0      15.92     375.6551     46.31214
       558    716.9969    680.9077     20079.63     123.5362  14.2431   0.0067     4.66    0.193  86.96   0      202.9     19366.32      103.812
       559    269.7457    672.9863       167585     393.8042  11.9394   0.0026     4.79    0.079  25.14   2      458.6     33433.35     131.0809
       560    522.8324    677.7725     1701.625     89.57034  16.9228   0.0572     3.91    0.419 -30.77   0      35.32     1489.238     51.70391
       561    735.7880    676.7113     1675.802     96.98051  16.9394   0.0628    -0.99    0.433  51.84   0      26.69     1282.442     50.34565
       562    538.0232    671.9519     8086.987     312.0259  15.2305   0.0419    11.68    0.239 -81.25   2      44.33     1520.664     51.84186
       563    923.1370    675.0013     4937.466     91.53356  15.7662   0.0201     4.58    0.169   1.17   0      93.27     4592.013     63.81609
       564    257.0393    674.0301     1338.139      112.239  17.1837   0.0911     3.25    0.345  44.91   0      30.21      855.535     48.83899
       565    855.8406    673.2776     1239.318     83.52389  17.2670   0.0732     2.22    0.199 -56.30   0      28.61     1082.516     49.65999
       566     14.9808    673.8801     3897.562      93.4996  16.0230   0.0261     0.00    0.185 -73.31   0      77.75     3336.511      59.1761
       567    530.5892    670.5867     10656.73     126.4787  14.9309   0.0129     3.07    0.516  45.09   1      116.2     7673.368     73.90505
       568    314.7788    671.7064      2918.75     107.9033  16.3370   0.0401     0.00    0.507  51.16   0       58.9     2175.428     54.12425
       569   1014.0424    670.9603     7984.746     97.38942  15.2443   0.0132     0.00    0.074 -45.98   0      124.1     7852.976     74.45533
       570     81.7732    687.4423     5544.549     290.6785  15.6403   0.0569     7.35    0.079  33.34   0      33.45     798.5029     48.57287
       571    810.1963    668.4442      1898.82     107.0437  16.8038   0.0612     4.23    0.529 -71.29   0       34.8     1169.935     50.28078
       572    705.1352    661.3836     9161.151     194.6835  15.0951   0.0231     0.00    0.300  58.83   2      69.59      4187.42     62.26905
       573    306.0046    666.2334     2035.846     103.3642  16.7281   0.0551     3.13    0.480  56.40   0      40.93     1396.543     51.29484
       574    649.9348    663.2881     2721.566     162.2686  16.4130   0.0648     4.14    0.335 -23.97   1      34.32     1420.206     50.96376
       575    793.2507    664.1209     13749.11     118.5606  14.6543   0.0094     0.00    0.307  26.15   0      157.4        11995     86.04668
       576     95.8485    662.3809     5586.461     222.8458  15.6322   0.0433    10.43    0.108  41.88   0      38.51     1178.477     50.31937
       577    614.9619    677.8869     3298.238      87.3687  16.2043   0.0288     4.50    0.147  72.62   0      70.75     2885.632     57.12624
       578    149.7825    662.2801     5807.378     177.0831  15.5900   0.0331     5.61    0.171  21.19   0      45.44      1374.38     50.97823
       579   1023.1038    662.3555     1146.214     100.0048  17.3518   0.0948     4.35    0.354 -78.65  24      15.49     631.6418     46.96177
       580    472.2170    660.5860     18784.11     133.1892  14.3155   0.0077     2.38    0.383 -64.19   0      174.1     15345.84     94.60151
       581    934.5692    659.1266     1056.415     114.1367  17.4404   0.1173     5.16    0.582  60.77   0      14.38     696.7175      47.8618
       582    447.9780    657.8997     4490.741     206.0837  15.8692   0.0498     4.41    0.046  31.82   0      34.74     1123.307     49.39681
       583    769.8577    655.6328     4468.198     109.8572  15.8747   0.0267     5.78    0.421 -78.47   0      76.18     4077.799     61.77745
       584    743.0146    657.4985     1531.081     92.21156  17.0375   0.0654     2.34    0.349  89.70   0      36.42     1289.449     50.48784
       585    563.8429    657.1578     2743.125     93.67538  16.4044   0.0371     5.06    0.335 -45.20   0      66.99     2525.044     55.67319
       586    517.1484    651.7320      36337.2     266.7697  13.5991   0.0080    13.55    0.151  23.83   0      182.4     7832.399     74.39249
       587    975.8206    657.2310     1810.771     166.9396  16.8553   0.1001     6.20    0.320 -18.25   0      17.38     651.5572     47.88037
       588    394.0277    657.4904     2065.934     194.9934  16.7122   0.1025     4.85    0.173   3.38   0      16.41     479.3806      46.4597
       589    376.9943    657.5009     894.3582     84.25118  17.6212   0.1023     4.90    0.523  26.81   0      15.84     824.8529     48.46643
       590    334.4388    655.3166     7327.515     213.1498  15.3376   0.0316    10.90    0.084 -52.30   0      52.03     1622.941     51.85997
       591    587.5374    650.7994     15910.63     179.0176  14.4958   0.0122     0.00    0.551  57.40   1      145.3     11012.84      83.6125
       592    672.0249    655.0004     26086.13     133.0887  13.9590   0.0055     4.27    0.041  -0.08   0      234.5     25671.25     116.8025
       593    631.2775    654.6566     961.9479     92.32061  17.5421   0.1042     4.09    0.564  29.34   0      18.18     763.0415     48.05982
       594    301.8998    654.0375      9374.03     105.9787  15.0702   0.0123     4.74    0.225 -19.14   0      135.5     8980.317     77.46134
       595     26.9969    654.9988     22955.11       127.63  14.0978   0.0060     4.21    0.013  30.83   0      219.7     22611.44     110.6887
       596    877.9954    655.7839     1402.437     112.3692  17.1328   0.0870     4.98    0.556  89.33   0      20.32     724.2792      47.9925
       597    831.6063    650.6300     3493.235     240.0648  16.1419   0.0746     9.82    0.665 -37.47   2      20.63     387.2735     46.60902
       598    827.0050    649.0078     7177.722     95.48753  15.3600   0.0144     4.20    0.006  40.63   3      117.7     6990.844     71.77547
       599     41.0982    651.4666     1937.624     179.9657  16.7818   0.1009     4.84    0.333  22.96   0      15.84     538.3593     46.86646
       600    948.0416    650.9825     4350.458     88.50282  15.9037   0.0221     0.00    0.063 -28.37   0      88.45     4132.976     62.24944
       601    393.0714    643.5680     37029.61     272.0114  13.5786   0.0080     7.91    0.019  42.00   3      186.1      8167.78     75.41014
       602    384.2348    643.1820     15495.64     286.4379  14.5245   0.0201     5.12    0.115   2.94   3      83.88     2835.001     57.41217
       603    206.6805    647.7376     7546.996     227.9156  15.3056   0.0328     0.00    0.513   0.10   2      41.44     1018.943     49.14175
       604    141.2342    648.2991     12492.62     239.2919  14.7584   0.0208     5.85    0.125  21.14   0      80.78     2707.878     56.21658
       605    416.0390    647.1183     7803.833     103.9066  15.2692   0.0145     4.81    0.245  71.67   0      121.4     7307.417     72.69431
       606    660.0014    648.1832     1161.776     81.62212  17.3372   0.0763     2.33    0.158 -89.15   0      35.44      1049.61     49.50917
       607    358.0394    647.8817     3194.875     218.4873  16.2389   0.0743     5.05    0.242  32.22   1      26.17       806.27     48.14813
       608    349.3226    648.9698     5117.232     99.26841  15.7274   0.0211     5.02    0.293  -2.56   0      89.67     4671.517     64.01155
       609    681.0056    645.4222     801.5585     100.6137  17.7402   0.1363     3.24    0.635  89.66   0      12.46     475.9884     46.80193
       610    580.2518    644.7093     7317.759     337.6666  15.3391   0.0501     9.26    0.455  21.76   3      23.91     499.2525     46.67643
       611    573.5107    642.2618     8045.145     211.2907  15.2362   0.0285     8.97    0.437 -29.97   3      68.61     3842.291     60.81326
       612    914.7791    643.8360     7344.043     224.0097  15.3352   0.0331     7.78    0.133  32.75   0         51     1605.561     52.31942
       613    247.4675    645.0925     3830.783     242.6929  16.0418   0.0688     6.14    0.159  24.28   2      23.92     606.7804      47.3151
       614    657.8069    662.3401     3333.255     197.1733  16.1928   0.0642     8.70    0.236 -19.91   0      28.34     784.9294     48.39423
       615    785.3281    640.1623     4277.329     220.8764  15.9221   0.0561    11.44    0.357  -1.45   0      27.34      659.031     47.68251
       616    543.6006    641.9244     2627.669     142.9445  16.4511   0.0591     4.93    0.110  31.09   0      24.88      808.912     48.39162
       617    489.9958    641.9876     14010.95     110.5617  14.6338   0.0086     4.27    0.037 -59.67   0      169.6     14013.08     91.34355
       618    474.0164    642.1054     4304.581     91.48519  15.9152   0.0231    -4.75    0.160  42.56   0         79     3852.568     60.75994
       619    273.8858    641.9186       3112.7     245.4514  16.2672   0.0856     7.46    0.517  30.81   0      19.44      383.362     46.22948
       620     29.1839    641.8114     1436.249     145.8962  17.1069   0.1103     5.42    0.644 -44.27   0       14.1     544.5594     47.13374
       621   1007.9097    633.1895     143698.8     353.5331  12.1064   0.0027     4.90    0.076  34.99   0      441.8     30513.15     125.8274
       622     98.4940    638.4874     3094.908     232.0029  16.2734   0.0814     6.01    0.344  41.48   3      20.35     520.6118     46.89937
       623    879.2672    638.5240     3262.731     114.8634  16.2160   0.0382     0.00    0.357 -55.80   0       56.6     2349.564     55.05355
       624    722.4976    636.1403     2746.345     179.4369  16.4031   0.0710     4.76    0.208  33.45   2      21.23     657.6624     47.44148
       625    352.7271    634.7131     13705.29     249.5455  14.6578   0.0198     4.77    0.151  20.64   0      90.59     3235.338     58.40558
       626    420.5103    635.9547     818.9452     87.30193  17.7169   0.1158     2.91    0.539 -63.27   1      14.16     710.2647     47.69281
       627    620.8842    639.1132     2868.244     163.3297  16.3560   0.0618     0.00    0.031 -43.36   2      26.43     1305.962     50.56212
       628    900.9987    634.9925     17158.07      116.852  14.4138   0.0074     0.00    0.016  60.95   0      189.6     16930.68     98.33527
       629    703.8361    631.0434     12745.39     275.7836  14.7366   0.0235     4.73    0.130  44.26   2      80.06     1979.771     53.71323
       630    573.4454    633.5549     5597.853     273.4218  15.6299   0.0530     5.94    0.606 -43.83   2       25.4     501.1826     46.92411
       631    514.0026    632.5661     1193.256     95.84299  17.3082   0.0872     2.66    0.389  88.60   0      28.08      1058.12      49.7728
       632    203.9148    629.0922     23586.23     157.0418  14.0684   0.0072     6.95    0.506  56.31   0      199.6     18898.61     102.7287
       633    891.4713    631.8917     2240.105     195.9092  16.6243   0.0950     0.00    0.414 -77.87   0      17.38       637.72     47.46348
       634    483.9730    630.2241     8745.531     206.0406  15.1455   0.0256     4.56    0.094  35.57   0      63.18     2197.537     54.72886
       635    462.0063    631.9928     4316.401     200.4012  15.9122   0.0504     5.56    0.089 -10.64   3      32.89     907.6513     48.85316
       636    232.1674    631.7465     1345.333     97.64133  17.1779   0.0788     5.52    0.318 -72.40   0      20.41     1002.836     49.29398
       637     97.9703    631.6290     3975.023     245.6817  16.0017   0.0671     4.94    0.203  30.24   0      20.32     596.6329     47.61895
       638    836.6326    630.0969     8281.431     314.3926  15.2047   0.0412     7.76    0.343  21.87   3      44.15     1162.063      49.5748
       639    842.7076    625.8185     7863.411     289.1302  15.2610   0.0399    11.93    0.377  85.70   3      41.72     1027.466     49.06764
       640    814.3824    629.8639     5725.602     192.8121  15.6054   0.0366    10.71    0.231 -28.73   0      41.79     1293.188     50.61497
       641    764.7852    630.9216     2948.087     204.3753  16.3261   0.0753     3.05    0.290 -72.83   2      21.74     723.4114     47.98839
       642    455.0027    631.0825     9102.856     99.96465  15.1021   0.0119    -6.76    0.068 -88.45   0      130.5     9040.496     78.06748
       643     56.3615    630.8647     2388.599     169.3787  16.5546   0.0770     6.85    0.421 -49.71   0      20.78     849.4144     48.58147
       644    662.8080    630.9355     13444.45      119.151  14.6786   0.0096     0.00    0.327  17.91   0      162.3     12612.24     87.78894
       645    908.7706    625.1329     3213.655     99.12326  16.2325   0.0335     0.00    0.417 -30.32   2       72.3     2847.302     57.16896
       646    189.7168    625.9426     4993.664      143.778  15.7540   0.0313     2.86    0.386  39.98   0      59.11      2689.85     56.34195
       647    747.1094    626.4654     1145.024     129.1981  17.3530   0.1225     2.15    0.519 -28.18   0      16.39     751.6093     47.88942
       648    563.0281    623.0600     22030.68     132.4468  14.1424   0.0065     0.00    0.235  64.48   2      211.6     21223.17     107.8005
       649    567.6146    622.0676     5354.435     111.6756  15.6782   0.0227     1.97    0.347   5.19   3      74.94     4253.104     62.50833
       650    779.1143    625.1169     1088.388     92.63136  17.4080   0.0924     5.15    0.395  83.78   0      18.76     902.0957     48.71296
       651    404.8662    624.0117     5686.279     253.9355  15.6129   0.0485    10.08    0.277 -22.50   0         37     896.6513     48.80196
       652    613.9886    624.3259     2433.275     91.40795  16.5345   0.0408     0.82    0.159  89.61   0      54.48     2431.315     55.59099
       653    353.9727    624.6045     2295.081     102.5825  16.5980   0.0485     3.39    0.447 -87.52   0      48.99     1781.391     52.97255
       654    348.2626    623.0480     3072.293     98.79861  16.2813   0.0349     0.00    0.160  59.74   0       63.4     2929.429     57.49453
       655    727.8939    623.7374     2236.717     87.79763  16.6260   0.0426     0.77    0.172  52.59   0      47.25     1868.848     52.92667
       656    620.9424    617.9766     4015.019     87.63718  15.9908   0.0237     0.00    0.078  27.77   2      83.89     3786.529     60.78825
       657    694.1263    618.7634      5581.34     233.2336  15.6332   0.0454    11.60    0.258  63.85   2      37.92     1157.848     50.00356
       658    650.9394    621.7542     2268.445     163.3486  16.6107   0.0782     6.55    0.123  57.04   0      23.92     959.4971     49.09376
       659    801.9660    621.9623     16031.57     114.6401  14.4876   0.0078     0.00    0.110  45.08   0      181.6     15904.38     95.99207
       660    875.4062    620.2312     1614.353      112.797  16.9800   0.0759     4.08    0.476  32.86   0      30.24     1053.405     49.75127
       661    678.0339    617.0132     771.4896     88.76305  17.7817   0.1249     4.93    0.382  -0.17   0      16.26     859.2153     48.97013
       662   1016.7039    610.6046     56178.22     286.1078  13.1261   0.0055     4.95    0.057  15.69  18      246.7     11674.28     85.32615
       663   1020.6879    599.6007      4847.83     223.3432  15.7861   0.0500    10.36    0.270 -57.94  27      32.21     810.1895     48.39762
       664    324.8445    613.3292     4231.498     259.1676  15.9338   0.0665     8.84    0.266  -7.05   0      25.93     782.1879     48.26595
       665    160.0003    614.9946     6739.396      94.4385  15.4284   0.0152     4.19    0.006  55.56   2      115.6     6669.111     70.74939
       666    967.0723    613.4754     867.6111     85.81915  17.6542   0.1074     3.79    0.534 -26.51   0      15.01     736.4872      47.8176
       667    387.9691    612.6289     3309.231     259.9713  16.2007   0.0853     7.17    0.345  55.68   0      17.41     391.9736     46.63194
       668    955.0764    612.9153     1548.825     84.36186  17.0250   0.0592     0.00    0.205 -44.67   0      43.99     1347.159     50.52671
       669    883.8788    608.9980     1149.599     79.86121  17.3486   0.0754     1.26    0.031 -11.60   2      36.35     1253.676     50.43724
       670    998.7205    605.2316     2373.682     130.2759  16.5614   0.0596     5.05    0.524  78.07   0      33.77     1184.119     50.12283
       671    408.0027    607.9977     15839.12     114.2579  14.5007   0.0078     0.00    0.001 -37.68   2      183.2     15897.49     95.91763
       672    359.4431    607.5206      2331.78     117.8377  16.5808   0.0549     3.10    0.592 -18.84   0      29.35      923.442     48.81245
       673    837.8636    601.8802     42109.41     257.4133  13.4391   0.0066     4.71    0.079  19.46   0      208.1     9670.474      79.7407
       674    605.5054    600.9026     4407.806     195.5772  15.8894   0.0482    10.02    0.343  89.70   2      31.09     820.7458     48.10062
       675    199.8093    601.1579     5831.433     130.9558  15.5856   0.0244     3.78    0.552  67.03   0       79.6     4010.357     61.89031
       676    134.3879    602.5209     5366.388     229.4064  15.6758   0.0464     6.08    0.170  85.85   0      35.18     1054.597     49.53205
       677    916.0230    604.0204     13315.94     109.1236  14.6891   0.0089     4.25    0.041  45.98   0      164.8     13188.83     89.39403
       678    521.9880    604.7285     1253.228     81.87637  17.2549   0.0710     1.19    0.130 -85.89   0      33.14     1249.101      50.5271
       679    265.2404    601.3249     8336.454     259.0019  15.1975   0.0337    11.78    0.252  59.26   0      52.15     1619.818     52.06096
       680    234.0009    603.8172     4554.741     293.2505  15.8538   0.0699     8.77    0.118  38.48   0      22.73     607.9597     47.43846
       681    688.0515    601.4847     3232.124     195.6366  16.2263   0.0657     5.03    0.143  32.74   0         26     790.3876      48.0731
       682    466.0038    601.9987     2457.825     83.50127  16.5236   0.0369     4.60    0.187 -77.61   3      65.59     2453.041      55.5795
       683    463.0125    598.9934     1475.064     99.35603  17.0780   0.0731     5.12    0.489  -5.57   2      36.78     1011.109     49.33211
       684    434.2217    601.9833     2148.899     180.2323  16.6695   0.0911     6.35    0.539  -0.27   0      17.59     557.3843     47.43126
       685    159.7404    601.5403     1696.491     165.1038  16.9261   0.1057     5.89    0.349  23.37   0      15.43     453.7715     46.93216
       686    964.9941    600.2015     1500.944     159.6792  17.0591   0.1155     4.34    0.176 -82.80   0      14.43     527.7313     47.05252
       687    925.0095    600.9061     2712.403     84.19132  16.4166   0.0337     4.33    0.081  87.31   0      64.52     2632.135     56.30708
       688    855.2335    598.5557     2977.163     129.1839  16.3155   0.0471     7.13    0.643 -33.49   0      48.33     2035.738     53.94952
       689    348.0650    598.0435     4493.335      199.207  15.8686   0.0481     8.32    0.380  43.74   0       37.9     1185.887     50.13084
       690   1001.9788    596.0934        11543     107.9802  14.8442   0.0102     4.68    0.184 -78.60   0      149.9     10853.56     82.90984
       691     13.4411    597.5220     1631.908      155.444  16.9683   0.1034     0.80    0.123 -38.56   3      16.54      752.812     48.12743
       692     15.7970    593.1937     2875.331     179.6002  16.3533   0.0678     5.73    0.428 -32.30   3      24.87       941.85       49.012
       693    705.0576    596.9407     981.1791     105.0773  17.5206   0.1163     3.99    0.629   3.76   0      16.32     628.5092     47.77085
       694    546.3347    595.8123     3624.533     212.4707  16.1019   0.0637     5.39    0.353  17.92   2       24.5     709.0241      47.9202
       695    186.2399    596.0978     1220.707     89.90589  17.2835   0.0800     5.07    0.515  77.90   0      19.96     963.9326     48.65801
       696    254.3712    593.6957     3919.033     239.8871  16.0171   0.0665     9.19    0.213 -76.08   0      24.39     638.5953     47.11391
       697    770.7707    594.5906     2223.269     199.4163  16.6325   0.0974     8.19    0.611   6.25   0      18.21      764.873     48.29994
       698    294.3717    590.7063     6472.186     283.1531  15.4724   0.0475     5.31    0.167  44.08   2      36.77     1069.529     49.14875
       699    722.9991    591.9959     7679.185     96.67371  15.2867   0.0137     0.00    0.004  50.19   3      122.5     7504.891     73.38512
       700    720.0004    588.7532      3535.95      211.059  16.1287   0.0648     4.03    0.209  39.66   3       26.3     916.3635     48.89367
       701    856.2793    590.5208     2656.008     212.7468  16.4394   0.0870     3.99    0.045 -87.43   0      16.72     485.8239     46.49121
       702    566.7488    589.6616     4099.227     169.2047  15.9682   0.0448     9.47    0.198  36.72   0       32.9     995.1525     49.25854
       703    664.1211    589.9584     8459.851     105.3317  15.1816   0.0135     4.82    0.246 -18.62   0      126.5     7915.278     74.64526
       704    480.7145    589.5041      1981.33     182.3293  16.7576   0.0999     4.21    0.020 -24.72   0       16.3     488.5808     46.62444
       705    415.6060    588.4978     2416.653     211.1747  16.5420   0.0949     7.72    0.308 -20.57   0      17.82     504.9105     46.94217
       706    382.5971    588.2687     2648.767     166.4094  16.4424   0.0682     7.95    0.296 -57.41   0       23.7      661.528     47.69441
       707     84.9487    589.0161     16401.03     115.3702  14.4628   0.0076    -6.76    0.138 -18.25   0      186.7     16430.74     97.23032
       708    145.0479    588.9991     34745.27     147.1345  13.6478   0.0046     4.37    0.079  -0.25   0      270.5     33932.16     131.9006
       709    810.0391    582.5975     33658.79     265.0046  13.6823   0.0086     5.89    0.174  10.64   0        174     7463.926     73.41022
       710    749.5779    584.8279     994.4419     117.6244  17.5061   0.1285     6.54    0.640  77.54   0      11.33     358.3235     46.46765
       711    159.2863    585.8629     1231.154     106.9284  17.2742   0.0943     5.21    0.419 -11.12   0      18.35     826.7476     48.24469
       712    935.5826    584.2545     2761.077     235.8503  16.3973   0.0928     8.51    0.277  25.78   2      17.82     458.4145     46.83572
       713    705.0775    583.0305     6191.217     129.4423  15.5206   0.0227     3.19    0.473  85.79   0      76.81     3940.593     61.36156
       714    407.8015    583.6432     2334.887     137.4989  16.5793   0.0640     0.00    0.333 -60.23   0      31.48      1309.02     50.90557
       715    779.8895    581.1497      9799.46     273.3451  15.0220   0.0303    11.66    0.159  75.75   0      61.49       1872.5     52.94235
       716    329.1817    583.9905     1668.384      183.465  16.9443   0.1194     3.33    0.193   4.17   0      13.75     427.7275     46.56698
       717     93.5271    583.5397     1961.455     199.8167  16.7686   0.1106     4.01    0.046 -78.81   0       15.5      499.514     46.91603
       718    606.9302    577.8437     28711.19     271.7238  13.8549   0.0103    12.56    0.157  44.24   0      153.7     6093.158     68.87437
       719    449.0598    581.1197     765.3367     87.16226  17.7904   0.1237     4.74    0.418  -7.27   0      15.67     837.5273     48.29545
       720    128.5410    578.6571     9288.615     198.3777  15.0801   0.0232     4.77    0.125  24.85   0      65.17     2151.629     54.53789
       721     53.6676    578.2557     2944.933     159.1142  16.3273   0.0587     5.73    0.493 -30.99   0      24.23     483.5519     46.71943
       722    680.0059    578.6160     1695.069     91.09713  16.9270   0.0584     2.29    0.321  88.68   0      41.18     1443.333     51.28472
       723    582.9537    577.7742     60769.58     196.2055  13.0408   0.0035     0.00    0.159  70.00   0      343.4      56055.3      165.759
       724    418.5060    578.5194     1715.027     169.2979  16.9143   0.1072     4.69    0.271  45.73   0      15.21       508.55     46.84088
       725     19.7591    578.3753     1089.281     91.11614  17.4072   0.0908     2.17    0.497  33.77   0      19.38     805.0314     48.60341
       726    791.4158    575.9292     4774.552     285.7177  15.8027   0.0650    10.44    0.489  57.49   2      25.53     581.1564      47.4276
       727    291.2973    569.7062     56351.65     292.9846  13.1227   0.0056     7.80    0.167  44.46   0        249     12323.28     86.84524
       728    632.5551    574.2827     17010.01     296.7029  14.4232   0.0189     4.82    0.070  55.00   2      93.44     2226.277     54.43988
       729    695.9470    568.8114      8600.27      273.368  15.1637   0.0345    13.18    0.357 -59.43   0      52.38     1359.896     51.02303
       730    521.1897    574.9479     13622.74     122.9409  14.6643   0.0098     0.00    0.384 -14.61   0      165.3     13068.81     89.02573
       731    402.5225    574.0039     861.9001     87.41369  17.6614   0.1101     0.94    0.521  62.38   0      14.74     753.2746     48.12961
       732     26.7400    572.9225      772.556     91.85319  17.7802   0.1291     3.34    0.565  79.00   0         12     502.4608     46.69205
       733    828.1865    568.8011     18528.91     219.7585  14.3304   0.0129     5.54    0.050  45.77   0      114.5     4223.964     62.40229
       734    551.9649    566.4186      8122.32      197.037  15.2258   0.0263    10.80    0.146   0.64   2      57.92     1950.801     53.79822
       735    256.5627    565.9075      15835.5     260.7321  14.5009   0.0179    11.80    0.008 -81.78   0      98.05     3764.573     60.33755
       736    194.3367    570.9489     10207.34     175.6388  14.9777   0.0187     0.16    0.674  61.66   0      113.8       6229.2     69.32183
       737      4.6280    568.9510     7854.345     260.1909  15.2622   0.0360    11.03    0.210  57.61  18      39.78     1086.103     49.90041
       738    944.8355    570.0542     2562.296     224.7581  16.4784   0.0953     5.45    0.040  51.69   0      19.68     584.4064     47.32549
       739    980.7938    567.8014     2150.468     169.0588  16.6687   0.0854     4.02    0.492 -54.57   2      14.27      334.275     46.10862
       740    757.9352    569.9910     1182.974     83.37043  17.3176   0.0765     2.82    0.277 -34.61   0      30.36     890.3329     48.77252
       741    880.3885    568.6323     1113.304     95.65322  17.3835   0.0933     4.98    0.433 -46.09   0      23.53     698.1168     48.10087
       742    109.2497    565.6166     14476.85     217.4591  14.5983   0.0163     7.03    0.098  18.34   0      92.59      3314.99     59.18768
       743    514.9190    565.0814     4097.636       89.424  15.9687   0.0237     0.00    0.123 -44.12   0      81.75     3876.513     60.84945
       744    628.9808    564.0137     2878.132     195.9378  16.3522   0.0739     3.24    0.248  28.49   3      22.82     696.5912      47.8612
       745    185.7857    561.8611      12546.2     119.7761  14.7537   0.0104     0.84    0.127  77.15   0      142.9     11977.73     86.13062
       746    421.6801    557.1561      3662.13     195.4234  16.0907   0.0580     5.17    0.286  75.35   2      26.39     794.3866     48.09201
       747    626.9693    559.9993     4897.292     89.89611  15.7751   0.0199     0.00    0.064 -30.90   0       93.6     4704.606      64.3026
       748    467.0074    559.9923     50209.69     169.3454  13.2480   0.0037     0.00    0.008 -50.75   0      328.7     49910.97     157.0378
       749     54.1920    559.3849     1838.563     191.1151  16.8388   0.1129     5.99    0.236  21.43   0      15.63     502.1649     46.92887
       750      2.0050    559.9966     30700.75      137.745  13.7821   0.0049     4.21    0.012 -45.02  24      256.5     30581.56     125.9951
       751    800.1705    556.1713     7352.133     113.2336  15.3340   0.0167     5.43    0.403  42.88   0        116     6738.075     71.12756
       752    335.5919    554.2744     35250.16      280.141  13.6321   0.0086     5.70    0.145  39.07   0      179.8      7651.12     73.76104
       753    296.0254    553.0250     39229.83     266.6211  13.5160   0.0074     4.81    0.101  32.79   0      195.2     8914.435     77.77135
       754    610.0168    556.6419     14627.01     138.5483  14.5871   0.0103     0.00    0.148  72.13   0      154.1     12155.64      86.7275
       755    762.1812    555.8215      4287.74     97.35078  15.9194   0.0247     0.00    0.347 -45.52   0      82.43      3873.67     61.29541
       756    676.9359    554.8675     2541.022     177.6137  16.4875   0.0759     7.97    0.311  55.35   0      20.93     633.7598     47.44452
       757    809.1423    553.5252     16498.92     148.3181  14.4564   0.0098     0.00    0.343 -84.04   0        166     13821.71     90.80476
       758    591.5338    551.5397     3316.328     195.7344  16.1984   0.0641     4.93    0.124  29.55   0      26.06     802.8645     48.36321
       759    802.8475    550.1923     2629.175     93.39851  16.4505   0.0386     5.00    0.283 -51.81   0      59.41     2118.887     54.40127
       760    172.5569    550.8331     2585.244     139.9192  16.4687   0.0588     5.19    0.245  25.60   0      22.79      709.782     48.04002
       761    717.9633    548.9091     2011.843     109.8516  16.7410   0.0593     3.23    0.519  86.69   0      40.15     1167.704       49.825
       762    929.3120    549.6470     1478.568     96.51719  17.0754   0.0709     3.64    0.449 -49.28   0      37.41     1183.677     49.89781
       763    738.3899    547.9658     7498.638     243.8273  15.3125   0.0353     4.85    0.103  24.80   0      52.75     1722.226      52.7181
       764    323.3034    546.5779     5072.516     274.0042  15.7369   0.0587     6.45    0.281  30.05   3      24.34     520.8367     46.66206
       765    305.9306    547.8448     5463.059     270.7473  15.6564   0.0538     9.74    0.271  22.13   1      32.87     906.4008     48.84734
       766   1005.7404    545.6498     4694.454     121.1645  15.8210   0.0280     0.00    0.571 -67.83   0      78.19     4000.902     61.58453
       767    643.7747    547.8779     2339.338     89.63199  16.5773   0.0416     2.91    0.179 -64.10   0      45.94     2057.378     53.93732
       768    577.3309    546.7782     8004.413     249.9397  15.2417   0.0339     5.06    0.218  36.51   0      52.51     1671.102      52.3909
       769    200.8762    547.3371     14860.03     131.7187  14.5700   0.0096     2.42    0.283  89.43   0      140.5     11367.25     84.50439
       770     76.8858    547.0665     1165.721      141.589  17.3335   0.1319     8.23    0.331 -85.50   0      13.12     415.7701     46.38853
       771    912.2018    546.3617     3820.319      270.913  16.0448   0.0770     7.45    0.207  56.90   0      20.23      483.626     47.07651
       772    651.9979    547.0090     17869.27     118.2272  14.3697   0.0072     4.21    0.015 -61.65   0      193.4     17643.17     99.96841
       773    565.1322    547.9415     1182.755     121.4807  17.3178   0.1115     2.79    0.213 -30.97   2      37.57     1041.764     49.47313
       774    503.9686    547.8763     3317.869     92.07975  16.1979   0.0301     4.69    0.245  67.85   0      69.66     2817.832     57.05169
       775    118.8978    547.6097     1830.634     159.2748  16.8435   0.0945     6.54    0.222 -17.35   0      16.59     506.4005     46.94938
       776    900.9332    546.1264     3177.493     244.9428  16.2448   0.0837     6.57    0.091  58.11   0      17.49     477.3033     46.68903
       777   1018.0684    543.7751     1261.586     112.0839  17.2477   0.0965     5.22    0.585  89.02  16      17.59     606.0185     47.54659
       778    485.9555    545.9892     19206.13     120.7697  14.2914   0.0068     4.48    0.103   1.18   0      200.3     18869.16     102.8264
       779    213.3627    546.1766     2132.687     155.2793  16.6777   0.0791     5.24    0.501  17.73   2      18.01     666.8383       48.069
       780    143.0998    538.6843     88357.83      309.721  12.6344   0.0038     4.91    0.097  40.69   2      332.4     19429.65     103.7895
       781    151.0498    543.8500     36199.22     154.8625  13.6033   0.0046     0.00    0.286 -72.21   3      271.1     34321.47     132.6538
       782    461.1084    543.1097     3906.501     226.1133  16.0205   0.0629     9.36    0.198 -13.48   0      29.68     831.0603     48.38041
       783    425.5808    543.7870     1308.663     98.97466  17.2079   0.0821     3.84    0.477  25.15   0      29.09     904.8746     48.84024
       784    248.1006    543.8281     1217.097     97.34238  17.2867   0.0869     5.19    0.660 -40.21   2      11.78     441.8265     46.15496
       785      3.0608    543.1821     1077.154     84.74285  17.4193   0.0854     2.77    0.201  62.16  16      31.35       813.77     48.41444
       786    863.8337    540.2609     3721.582     104.3684  16.0732   0.0305     0.00    0.432 -56.86   0      79.44     3388.882     59.28291
       787     29.5143    541.8819     2376.696     120.2655  16.5601   0.0550     2.39    0.193  46.22   0      48.03     1720.997     52.39447
       788    836.0320    540.9697     4571.117     89.06767  15.8499   0.0212     4.33    0.072 -64.04   0      89.03     4213.518     62.54281
       789    689.9983    540.1353     2278.512     83.01178  16.6059   0.0396     0.92    0.074 -87.40   0      56.43     2241.164     54.80808
       790    213.8723    540.8091     1959.843     93.26233  16.7694   0.0517     2.84    0.303  58.62   2      48.56       1580.1     51.88728
       791    992.0020    539.5467     4571.419     96.57793  15.8499   0.0229     0.91    0.185 -88.37   2      79.14     4605.029     63.77505
       792    994.9809    536.0097     1398.724     80.56706  17.1357   0.0626     4.41    0.131  -3.72   2      41.69     1213.752     50.25702
       793    966.2584    539.3021     1389.189     108.5557  17.1431   0.0849     2.59    0.495 -59.94   1      22.73     946.1099     48.80375
       794    406.9767    539.9570     2800.161     107.6533  16.3820   0.0418     0.00    0.067 -86.37   2      52.31     2331.975     55.28432
       795    115.9987    539.0269     10724.07      103.585  14.9241   0.0105     4.23    0.022  88.44   0      145.7     10625.32     82.61997
       796    880.8871    536.2047     1925.962     186.7934  16.7884   0.1053     5.17    0.264 -61.83   0      14.03     385.2123     46.47915
       797    283.5272    535.1802     4026.974     168.2812  15.9876   0.0454     2.58    0.069  33.88   0      36.89     1527.742     51.76527
       798    585.1684    535.9006     3292.433     229.7822  16.2062   0.0758     5.25    0.513  31.07   0      22.82     621.1804     47.02983
       799    383.0649    533.2186     8509.936     228.2639  15.1752   0.0291     4.88    0.155  37.87   0      59.75     1999.822     53.69424
       800    971.1686    534.7353     3526.408     162.5365  16.1317   0.0501     6.59    0.501  17.53   0      42.96     1949.976     53.48285
       801    437.7363    531.8823     6385.487     163.1024  15.4870   0.0277     6.11    0.563  81.88   2      58.86     3011.745     57.62579
       802     82.9933    534.9819     10637.92     103.3958  14.9329   0.0106     4.31    0.046  56.83   2      144.3     10289.28     81.55371
       803     52.8064    528.6060     42081.61     289.0259  13.4398   0.0075     8.61    0.117  12.30   2      193.4     8335.312     75.91337
       804     40.4604    512.9067       8849.2     279.6231  15.1327   0.0343    12.40    0.131  86.06   3      54.97     1718.939     52.27899
       805     39.8201    521.6172      14923.3     307.1376  14.5653   0.0224    10.67    0.156  42.64   3      70.91     2212.423     54.79065
       806    947.8676    531.8331     2830.959     86.14458  16.3702   0.0330     4.59    0.159  53.80   0      63.18     2666.481     56.44554
       807    604.4859    529.7194     1651.879     96.92443  16.9551   0.0637     3.93    0.408  59.25   0      28.03     1316.738     50.50023
       808    587.3376    529.6759     3778.043     242.6435  16.0568   0.0697     5.03    0.252   5.42   2      25.24     607.9642     47.43848
       809    189.7551    528.5776     3270.711     219.8382  16.2134   0.0730     3.02    0.240 -89.03   0      21.31     733.3475     48.26704
       810    975.8245    526.4333      4767.43     230.0275  15.8043   0.0524    10.48    0.163 -41.02   1       32.1     894.6982      49.0209
       811    950.9517    527.1208     2559.111     218.4641  16.4798   0.0927     4.71    0.220  50.68   0      17.56     564.4088     47.11113
       812    111.1917    527.8783     1063.487     84.70618  17.4332   0.0865     2.78    0.232 -27.48   0       31.1     846.7402     48.56896
       813    401.0977    526.3460     3218.187     240.9642  16.2310   0.0813     5.80    0.211 -22.57   2      22.79     465.8861     46.39364
       814      2.0765    525.9555     2859.353     193.7695  16.3593   0.0736     5.03    0.619  49.83  24      19.46      490.631     46.87298
       815    339.8329    522.6483     3672.289     203.1305  16.0877   0.0601     8.89    0.474  42.97   0      29.36     1112.026     49.79486
       816    461.7108    518.2493     15502.23     490.6114  14.5240   0.0344    13.31    0.522  58.28   0      39.41     912.7341     48.64808
       817     94.3786    522.4175     3481.341     211.0002  16.1456   0.0658     9.36    0.121 -38.06   0      24.36     697.7034     48.09892
       818    437.2580    522.4523     975.8154     105.0657  17.5266   0.1169     2.59    0.387  74.13   1      21.74      671.376     47.97435
       819    915.0943    521.7478     3204.318     205.3401  16.2357   0.0696     8.77    0.460 -28.27   0      24.01     757.7733     47.80215
       820    851.4864    519.8984     5779.697     212.1512  15.5952   0.0399    10.87    0.287  13.73   0      39.45     1150.382      49.6337
       821    599.2864    521.0842     2918.346     200.9021  16.3372   0.0748     7.56    0.518 -24.42   2      21.56     828.6432     48.36905
       822    599.9922    516.9913     5296.265     90.89919  15.6901   0.0186     0.00    0.009  47.97   3      98.62     5099.754     65.51437
       823    597.1769    513.2039     3345.454     237.5892  16.1889   0.0771     3.68    0.352  42.32   3      21.91     710.2933     47.92622
       824    820.8616    519.3968     3779.172      265.682  16.0565   0.0763     8.45    0.447 -14.23   2      23.16      874.088     48.81114
       825    388.5060    511.0725     4846.688     337.2417  15.7864   0.0756     9.10    0.605   4.85   2      22.79     748.5378     47.87484
       826   1018.3734    515.1499     3873.321     228.5332  16.0298   0.0641     4.57    0.072  50.25  16      25.91     816.3542     48.65633
       827    443.8957    513.1141     6258.629      320.411  15.5088   0.0556     5.63    0.111  64.92   0      25.73     598.0092     47.15484
       828    189.9830    512.2456     4564.667     275.1071  15.8515   0.0655     7.23    0.592  73.22   2      21.21     819.2863     48.67002
       829      7.0135    508.6998     14557.64     309.5807  14.5923   0.0231    12.62    0.050  56.27  18      76.93     2260.604     54.78695
       830    172.7629    512.6594     1531.487     157.0823  17.0372   0.1114     6.13    0.623  21.96   0      14.96     449.5255     46.67324
       831    625.9863    510.2348     3717.431     224.0643  16.0744   0.0655     3.53    0.412  46.68   2      22.77     592.9502     47.71838
       832    219.0455    511.9054     1844.884     83.50254  16.8351   0.0492     0.00    0.131 -61.90   0      50.55     1661.896     51.92312
       833    772.6160    508.7250     6601.325     214.3344  15.4509   0.0353     6.76    0.388  14.47   0       46.3     1270.709      50.6242
       834    727.3751    509.3764         9327     121.7982  15.0756   0.0142     2.89    0.469  44.97   0      118.3     7625.282     73.90808
       835    947.9203    508.9539     7516.525     97.72765  15.3100   0.0141     0.00    0.153  26.40   0      119.4     7057.516     71.83118
       836    682.8364    506.9417     7284.165     246.4719  15.3441   0.0367     4.23    0.164  48.40   2      45.83     1587.571     51.91999
       837    682.7161    501.8104     2110.868     116.2174  16.6888   0.0598     4.49    0.297 -83.09   3      27.98     1074.326     49.62249
       838    661.2068    503.9330      44062.6     265.5095  13.3898   0.0065     8.42    0.091  69.93   0      213.8     10082.86     80.97641
       839    504.8095    507.7831      1686.81     155.5243  16.9323   0.1001     0.00    0.379 -76.26   0       17.7       679.88     47.78178
       840   1018.6184    506.4349     2113.339     141.1401  16.6876   0.0725     4.02    0.531  47.51  16      33.74     1213.632     50.58826
       841    918.3243    506.8815     1726.675     179.6991  16.9070   0.1130     5.23    0.097 -62.44   0      13.45     433.6737     46.23557
       842   1012.0084    505.3701      1737.06     140.5329  16.9005   0.0879     3.07    0.183   9.58   0      22.81     927.7264     49.17379
       843    825.8062    503.4345     4814.947     242.4655  15.7935   0.0547     6.45    0.175  18.59   2      32.26     893.2483     49.01418
       844    810.9918    504.9937     20931.99      123.975  14.1980   0.0064     4.29    0.047  43.21   2      208.7     20594.67     106.4673
       845    809.9989    501.0058     17138.33     116.8136  14.4151   0.0074     0.00    0.022  47.81   3      188.2     16945.15     98.36871
       846    381.6805    504.3143     2045.301      193.534  16.7231   0.1028     4.51    0.169  -4.32   0      16.31     509.9164     46.72832
       847    517.3297    498.3769     5330.429     277.2516  15.6831   0.0565     9.93    0.215   1.28   2      31.05     845.4254      48.6775
       848    729.5487    502.2065     2182.845     187.1057  16.6524   0.0931     6.79    0.283  22.27   0      17.85     538.8191     47.22428
       849    478.9994    501.9273     5189.618     90.63214  15.7122   0.0190     4.29    0.055 -88.17   0      94.67     5081.646     65.45152
       850    188.8807    501.2373     1306.033     101.7469  17.2101   0.0846     1.48    0.188 -55.47   0      34.51     1190.832     50.15326
       851    239.8193    499.6480     3837.176     232.7289  16.0400   0.0659     8.89    0.131  13.65   2       25.2     679.4275     48.01248
       852     88.7802    501.0107     1495.291     80.83901  17.0632   0.0587     1.08    0.123   1.18   0       40.3     1488.188     51.48312
       853    626.3274    499.2176     2397.684     188.8487  16.5505   0.0855     6.10    0.412 -52.25   0      19.02     735.2441     48.16032
       854    108.0029    498.0417     17794.41     118.0832  14.3743   0.0072   -13.57    0.072  89.87   0      190.4     17219.48      99.1131
       855      2.1872    499.3730     4168.837     185.7879  15.9500   0.0484     3.58    0.396  50.61  25      28.41     1186.951     50.24677
       856    298.7238    493.8676     41165.61      270.852  13.4637   0.0071    13.13    0.207  10.25   0      199.6      8861.55     77.32874
       857    156.6590    497.3477     1176.932      98.6717  17.3231   0.0910     2.55    0.412  67.75   0       24.9     950.5264     49.16576
       858    554.9883    496.0544     2860.279     84.58957  16.3590   0.0321     4.30    0.066  86.32   0      69.11     2707.066     56.70714
       859    452.1436    497.0075     1210.703     98.74946  17.2924   0.0886     2.57    0.166  -0.20   0      30.81     809.9609     48.51164
       860     73.1866    495.5720     1014.954     105.1503  17.4839   0.1125     5.82    0.627 -41.63   0       16.6     602.8484     47.64861
       861    833.0906    493.7069     8350.347     269.0463  15.1957   0.0350     9.45    0.253  28.79   0      53.58     1679.347     52.21349
       862    641.9430    495.4788     1861.523     153.9791  16.8253   0.0898     7.03    0.374 -20.40   0      16.06     459.1913     46.48096
       863    476.9371    495.9637      2612.63     83.92155  16.4573   0.0349     0.00    0.115  28.93   0      63.82     2334.993     55.09467
       864    805.8954    494.9955     9800.172     104.2475  15.0219   0.0116     4.67    0.179   4.76   0      138.1       9437.5     79.14439
       865    716.0843    492.5298     1640.665     151.8273  16.9625   0.1005     4.19    0.405 -61.13   0      20.97     735.2887      47.8119
       866    215.0065    493.7691     53655.93     189.2638  13.1760   0.0038     6.09    0.456 -86.72   0      334.4     51651.72     159.6071
       867     37.1656    493.9305      1859.18     86.81484  16.8267   0.0507     0.00    0.193 -17.17   0      45.65     1486.834     51.47714
       868    960.0449    493.0201     3649.789     86.68485  16.0943   0.0258     4.31    0.081  28.84   0      81.08     3461.816     59.74881
       869    248.0773    490.1099     7337.036     102.8805  15.3362   0.0152     0.00    0.287  56.38   0      122.6     7443.048     73.04081
       870    726.8159    491.1709     3220.725     218.5142  16.2301   0.0737     4.91    0.115   9.22   0      25.32      817.337     48.66092
       871    530.5096    489.5298     921.2505     108.8598  17.5891   0.1283     2.43    0.651  71.13   0      12.56     393.8819     46.28117
       872    461.7047    489.4509     3071.418     224.0312  16.2817   0.0792     4.17    0.021 -87.88   0      16.98     493.7177     46.52978
       873    257.9200    485.2686      2237.63     149.0221  16.6255   0.0723     4.69    0.232 -76.63   2      21.08     1004.357     49.07425
       874    986.4683    486.8257     2107.354     191.4344  16.6907   0.0987     6.80    0.430  37.47   0      16.79     431.3551     46.58468
       875    633.6710    485.3039     6164.123     202.4859  15.5253   0.0357     6.03    0.409 -87.18   0      42.56     1068.476     49.14389
       876    517.0241    488.0085     22913.29     127.5555  14.0998   0.0060     4.28    0.048  19.48   0      219.4     22505.55     110.5215
       877    111.7104    487.5596     2250.993     168.3679  16.6191   0.0812     5.34    0.171   4.72   2      17.24      539.824     46.87356
       878     18.8521    487.5872      11730.6     162.8576  14.8267   0.0151     0.16    0.616 -22.54   8      128.3      9693.14      79.9449
       879    197.0007    486.6555     4192.347     95.68172  15.9439   0.0248     0.90    0.169  89.83   0      75.23     4272.223      62.5778
       880    858.1917    482.3025     1803.314     199.6367  16.8598   0.1202     5.22    0.150  40.83   2      13.69     424.8475     46.55292
       881    570.5107    484.9826     661.1042     86.89005  17.9493   0.1427     4.95    0.537 -62.94   0      12.69      653.238     47.42028
       882    278.0056    481.9402     14069.18     220.2209  14.6293   0.0170     9.57    0.139  -1.65   0      89.44     3163.382      58.5074
       883    939.5370    483.4252     3209.053     233.9096  16.2341   0.0792     6.51    0.247  39.16   0      18.41     508.5361     47.07831
       884    325.9404    481.1119      12590.8     112.6661  14.7499   0.0097     0.00    0.197 -63.02   0      157.5     11892.02     85.77423
       885    555.1509    481.9990     1118.228     79.77189  17.3787   0.0775     0.00    0.155  -0.67   0      35.34     954.6588     49.07135
       886    438.2095    480.2237     5125.271     279.0887  15.7257   0.0591     3.60    0.092  75.18   0      27.84     947.0297      49.1496
       887    875.1215    480.3576     3555.572     256.9516  16.1227   0.0785     6.07    0.288  -4.30   0      17.93     471.6129     46.78067
       888     83.8765    477.1647     12291.86     120.4555  14.7760   0.0106     5.41    0.379 -52.25   0      155.9     11774.38     85.59236
       889    996.5861    478.9604     3225.248     207.3898  16.2286   0.0698     5.34    0.107  14.53   0      24.27     744.9441     48.43688
       890    642.3480    479.8183     2915.518     139.4585  16.3382   0.0519     0.00    0.161 -19.48   0       43.4     1714.011     52.57671
       891    617.9753    479.0514     4196.214     88.10583  15.9429   0.0228     0.00    0.095 -62.30   0      83.74     3764.651     60.88984
       892    468.9520    479.4500     2229.508     203.5747  16.6295   0.0992     5.90    0.307  45.94   2      15.65     446.4667     46.77771
       893    956.7450    477.3774     8833.332      134.001  15.1347   0.0165     4.48    0.545 -32.57   0      100.1     6255.767     69.40888
       894    817.0007    476.5717     2427.442     102.8754  16.5371   0.0460    -0.55    0.446  89.56   0      43.77      1761.73     52.88813
       895    685.0131    475.0091     15583.27     113.7478  14.5184   0.0079     4.26    0.038  44.69   0      181.2     15513.65      95.0038
       896    300.7499    475.6959      6862.44     150.4555  15.4088   0.0238     7.63    0.558  22.02   0      78.91     4485.259     63.08215
       897    854.1551    471.4562     2680.396     141.0654  16.4295   0.0572     0.91    0.228 -29.44   2      22.89     858.6909      48.7394
       898    254.6198    474.4062     2764.429     210.2265  16.3960   0.0826     6.46    0.118  85.84   3      20.07     629.6284     47.54216
       899    254.8770    466.7688     4713.129     245.2292  15.8167   0.0565     5.13    0.381  73.67   3      32.17     762.9232     48.17515
       900    665.3098    473.3726     1869.615     102.9981  16.8206   0.0598     2.73    0.467 -30.51   0      33.24     1466.208     51.05939
       901    114.5510    470.8005     2658.215     135.9973  16.4385   0.0556     4.47    0.165  55.45   0      24.24     789.5119     48.30043
       902   1021.5339    467.8541     3901.789     183.9514  16.0218   0.0512    10.55    0.178  69.91  24      29.91     669.2362     47.73112
       903    403.8302    467.3273     9475.282     387.1075  15.0585   0.0444     5.47    0.576 -41.31   2      38.98     479.6403     46.81966
       904    410.8533    458.1097     5115.281     323.0698  15.7278   0.0686     8.08    0.530  -2.86   2      21.85     619.8533        47.26
       905     62.0373    470.2566     1140.721     91.24436  17.3571   0.0869     3.62    0.587  36.02   0      18.08     853.9072     48.60249
       906    935.1138    467.7003     6234.829     253.8774  15.5129   0.0442    10.49    0.040  24.69   0      38.64     990.8602      48.8978
       907    777.1205    461.0242     214906.5     429.0917  11.6694   0.0022     7.12    0.169  77.03   0        543     39931.92     141.8624
       908    210.8181    468.9788     2699.844       171.43  16.4217   0.0690     6.24    0.189  21.82   0      21.47     633.0275     47.79234
       909     21.6457    466.8970     19502.89     244.7232  14.2748   0.0136     6.10    0.158  28.43   0      115.7     4017.586     61.28316
       910    859.2300    468.7087     929.7765      100.903  17.5791   0.1179     5.19    0.525 -20.07   1      17.02     572.6789     46.79486
       911    742.1973    466.2900     5572.557     230.8217  15.6349   0.0450    10.52    0.472 -41.08   0      38.04     1085.966     49.67578
       912    448.0662    468.1323     1062.047     83.04012  17.4346   0.0849     2.71    0.233  60.48   0      35.28     910.2962     48.75121
       913    151.0069    468.9998     2375.195     150.1631  16.5608   0.0687     5.78    0.517  32.49   3      40.46     1241.196     50.38097
       914    145.0029    465.0081     1632.121     90.93996  16.9681   0.0605     5.03    0.305  30.10   2      48.83     1568.739     51.83749
       915    983.5377    461.5364     6134.053     290.1798  15.5306   0.0514    10.42    0.248  28.16   0      33.01      822.905     48.34208
       916    871.3665    464.9952     3614.204     120.2857  16.1050   0.0361     3.23    0.573   0.09   0      43.64     1819.648     53.13643
       917    631.9031    460.5428     3557.329     226.3787  16.1222   0.0691     8.82    0.294  68.18   0      24.88     794.1069     48.09068
       918    503.0064    461.7336     1368.159     82.19478  17.1597   0.0652     1.20    0.128 -89.58   0      34.45     1260.813     50.46939
       919    248.0012    461.7541     75153.29     200.7353  12.8101   0.0029     0.89    0.147  89.97   0      358.4     74869.27     189.7807
       920    964.0018    459.9912     56951.98     178.1643  13.1112   0.0034     4.21    0.011 -88.64   0      350.4     56622.41     166.4678
       921    369.0956    456.5472     14766.22     215.8321  14.5768   0.0159     4.84    0.142  41.83   0      96.67      3442.48     59.20614
       922    612.3030    456.7131     12579.16     363.3515  14.7509   0.0314    12.37    0.142  51.77   0      55.74     1582.049     51.68046
       923    466.3789    454.1031     22808.47     302.0363  14.1048   0.0144     7.53    0.104 -63.55   2      115.6     3007.882     57.51367
       924    425.1702    465.6433     11062.12     260.3138  14.8904   0.0256    10.64    0.296  21.77   0      71.33     1974.841     53.79612
       925    718.0015    456.0071     17835.59     118.1624  14.3718   0.0072     0.00    0.036 -89.20   0      189.6     17889.61     100.5271
       926    560.3906    455.2009     6715.309      306.055  15.4323   0.0495    10.25    0.265  87.17   2      34.25     812.9886     48.41077
       927   1005.5859    453.4267     2919.874     221.3726  16.3366   0.0823     9.28    0.473  23.15   0      21.63     697.2453     48.09675
       928    865.6854    454.9959     29764.66      157.106  13.8157   0.0057     3.23    0.510  -0.25   0      216.3     22987.46     111.5081
       929    688.8272    452.4062     6402.543      243.377  15.4841   0.0413     5.12    0.146  40.88   0      46.24     1447.516     51.41183
       930    975.9866    452.5411     4021.939     275.1655  15.9889   0.0743     7.27    0.330 -40.36   2      23.33     520.8047      47.1375
       931    741.0033    452.9700     5401.749     91.16254  15.6687   0.0183     0.00    0.049  90.00   0       99.6     5086.933     65.64001
       932    360.9719    452.0513     3103.136     85.23957  16.2705   0.0298     0.00    0.088 -62.55   0      73.22     2968.557     57.74564
       933     72.4595    451.3655     3900.593      179.345  16.0222   0.0499     1.95    0.211  50.73   0      30.82     1107.899     49.77602
       934    669.0017    451.9874     15773.72     114.1277  14.5052   0.0079     0.00    0.019 -89.21   0      180.8     15523.67     95.02776
       935    761.1915    449.7687     2733.636     217.3666  16.4081   0.0864     5.14    0.466  81.84   0       18.7     888.5092      48.9922
       936    251.0042    450.8328     7599.099     96.48525  15.2981   0.0138     4.46    0.117  89.06   0      113.6     7576.436     73.75773
       937    196.2817    450.1612     2224.326     191.5733  16.6320   0.0935     6.40    0.299  43.88   0      18.36     554.5544     47.06357
       938     12.9513    450.9451     7064.185     96.66998  15.3773   0.0149     4.42    0.121  45.54   0      116.6     6866.963     71.46021
       939    521.4925    458.0001     60319.36     194.9696  13.0489   0.0035     3.15    0.468  -0.00   0      327.1      49838.5     156.9329
       940    408.2080    449.4712     2156.622     193.6647  16.6656   0.0975     3.80    0.130  14.56   0      16.76     533.2321     47.07909
       941      4.0001    449.9941      57787.6     179.2271  13.0954   0.0034     0.00    0.010  71.78  16      353.1     57516.46     167.6839
       942    845.5617    448.2834       8097.6     153.2224  15.2291   0.0205     0.00    0.498 -55.44   0      96.14     5767.069     67.62508
       943    245.1679    443.7430     1407.523     112.3795  17.1289   0.0867     2.79    0.237 -61.38   2      28.49     808.8992     48.27619
       944    218.7029    435.0762     575058.3     577.8269  10.6007   0.0011     4.84    0.115  25.97   0      939.4     126235.7     243.5809
       945   1021.8625    444.7566     1138.966     108.0306  17.3587   0.1030     5.86    0.630 -37.85  24      15.68     536.8622     47.09661
       946    881.4518    443.2285     4981.351     235.0329  15.7566   0.0512    10.53    0.390  42.81   0      32.01     820.8014      48.5624
       947    670.6857    443.6378     3093.117     106.9746  16.2740   0.0376     2.45    0.433 -64.05   0      54.29     2570.512     55.85849
       948    425.0015    444.9960     56727.02     177.8771  13.1155   0.0034     0.00    0.006 -89.70   0      350.4     56500.18     166.3008
       949    489.1197    441.4671     1965.017      183.832  16.7666   0.1016     4.78    0.215  58.51   0      16.11     466.3036     46.51572
       950    110.1301    457.5061     13257.28     251.9195  14.6939   0.0206    12.35    0.271  18.48   0      81.97     2646.502     56.16682
       951    759.2307    435.2732     72281.01     311.4228  12.8524   0.0047     5.05    0.055 -48.47   0      288.2     14654.44     92.92562
       952    482.9992    440.9824        57269     178.5683  13.1052   0.0034     0.00    0.036  82.76   0      350.1     56581.23     166.4115
       953    584.1205    438.9933     3957.885     102.1887  16.0063   0.0280     1.98    0.238  83.40   0      64.11     3660.003     60.40574
       954    463.3407    436.8555     8163.068     236.3266  15.2204   0.0314    11.61    0.173  10.25   0      53.37     1574.513      52.0774
       955    686.9178    432.5169     5353.277     253.6373  15.6785   0.0515     7.44    0.459  79.31   2      26.21     1072.457     49.38863
       956     13.8348    436.8875     1356.198     142.8735  17.1692   0.1144     5.94    0.528 -43.31   0      15.81     555.9482     46.95168
       957    929.2424    435.6004       1942.8     232.0761  16.7789   0.1297     6.73    0.403  55.39   0      13.83     667.5635     47.95629
       958    664.5416    434.3796     6983.479     161.3621  15.3898   0.0251     0.00    0.076  38.96   0      65.97     3232.305     58.67957
       959    114.0013    435.9941      8514.18     98.61719  15.1746   0.0126     4.54    0.150 -20.61   2      132.9     8585.675     76.65926
       960    492.0087    433.0135     11267.61     104.7708  14.8704   0.0101     0.00    0.027  62.92   0        151     11018.58      83.5614
       961    304.3813    431.7842     5391.569     240.1198  15.6707   0.0484     8.88    0.286  32.65   0      39.12     1229.913     50.44072
       962    291.1564    431.9143     7097.009     228.0785  15.3723   0.0349    10.73    0.289  20.67   0       48.1     1371.047     50.74406
       963    535.0258    431.9781     12045.46     106.4447  14.7979   0.0096     4.27    0.042 -47.35   0      155.5      11790.3     85.76476
       964    103.0252    429.8990     5622.761     268.2957  15.6251   0.0518     7.08    0.417  26.41   2      29.14     755.4917     47.67448
       965    416.9944    430.2624     17125.66     119.1525  14.4159   0.0076     0.90    0.147 -85.91   0      165.8     16883.77     98.28355
       966    335.9238    428.3179     4823.751     168.5287  15.7915   0.0379     9.41    0.156  12.69   0      37.82     1061.129     49.22331
       967    495.7753    428.4421     2579.107     208.0252  16.4713   0.0876     4.53    0.148 -11.29   2      17.42     495.1497     47.13211
       968    446.3713    427.5946     5384.909      257.484  15.6721   0.0519     5.31    0.172  77.23   2      46.44     492.8884      47.1212
       969    600.0909    423.1384     6696.784     102.8212  15.4353   0.0167     5.02    0.313  56.50   0      112.4      6314.37     69.44008
       970    464.6629    421.4997     5076.802     238.0714  15.7360   0.0509    11.38    0.125 -81.22   2      30.62     736.3763     47.70031
       971    159.7269    423.9322      4858.92     231.9283  15.7837   0.0518     5.25    0.187  42.82   0      35.44     1082.447     49.54726
       972   1000.5302    423.9014     1029.562     114.0832  17.4684   0.1203     2.00    0.528 -63.78   0      20.03      956.353     48.62259
       973    789.2828    423.6499     1062.698     92.56831  17.4340   0.0946     3.01    0.562  30.08   0      21.27     854.8148     48.37674
       974    275.9956    421.6841      6712.79     350.6349  15.4327   0.0567    10.34    0.504  62.13   2      23.37     583.8996     47.44074
       975     51.6842    420.8920     12324.29     263.0084  14.7731   0.0232     7.26    0.148  50.41   0      76.33     2478.597     55.58367
       976     17.0307    422.1466     936.2725     80.99178  17.5715   0.0939     2.53    0.174 -89.30   0      29.54     783.4781     48.27203
       977    946.0336    420.9608     9981.197      101.942  15.0020   0.0111     0.00    0.046  89.71   0      137.8     9415.938     79.15293
       978   1012.0707    417.0632     13060.68     111.1287  14.7101   0.0092     4.61    0.182  45.23   0      161.1     12407.01     87.25601
       979    815.5276    418.5478      2064.32     197.1247  16.7131   0.1037     1.62    0.298  45.25   0      15.28     501.3734     46.80605
       980    509.9786    419.0073     526.0648     70.56274  18.1974   0.1457     3.67    0.218  44.14   2      22.04     515.1215     46.99158
       981    926.5096    415.2524     7668.102     132.0099  15.2883   0.0187     1.96    0.237  33.59   0       87.2     4866.185     64.52642
       982    899.6116    416.8341     1708.811     92.64857  16.9183   0.0589     2.53    0.377  26.88   0      38.28     1400.479     51.42083
       983    438.4677    409.2302      10058.5     223.0275  14.9937   0.0241     0.00    0.735 -56.46   2      66.89     411.2952     46.48671
       984    441.9997    414.0002     20440.63      123.071  14.2238   0.0065     4.19    0.002  32.83   3      207.2      20251.5     105.7322
       985    172.5081    416.7841     2276.165     202.9409  16.6070   0.0968     5.96    0.051   1.38   0      15.72     441.7287      46.3955
       986    743.7893    414.2579     1165.725     95.77769  17.3335   0.0892     3.59    0.430 -50.66   0      34.09     953.8169     49.18097
       987    378.1184    414.3416     3900.084      269.432  16.0223   0.0750     7.24    0.117  48.60   0      19.27     474.4532     46.55552
       988     74.5267    415.2156     4499.179     125.3291  15.8672   0.0303     4.08    0.589 -56.49   0      65.64     3042.583     58.03626
       989     31.4496    414.9761     1002.339     99.67731  17.4975   0.1080     5.73    0.651  -0.08   0      11.67     425.1969     46.79358
       990   1023.5466    413.9088     5053.861     78.74466  15.7409   0.0169     4.17    0.302  56.11  24      97.88     4873.123     62.62147
       991    578.0894    412.3379     5350.189      118.922  15.6791   0.0241     0.00    0.389 -83.02   0      77.81     3881.666     60.96023
       992    600.3596    411.4749     1784.779     144.5215  16.8710   0.0879     3.90    0.428 -61.89   0      23.41     934.5038     48.97792
       993    890.9949    410.8609     2303.573     83.08036  16.5940   0.0392     0.91    0.076  86.42   0      60.02     2437.702      55.6171
       994    723.5705    407.4835     9106.544     261.8154  15.1016   0.0312     9.80    0.285  21.34   2      54.26     1430.459     51.11866
       995    721.0024    403.0042     11838.94     106.0029  14.8167   0.0097     0.00    0.001  53.02   3      155.7     11649.76     85.26083
       996    172.2324    409.3419      1190.23     131.4167  17.3109   0.1199     5.12    0.570 -29.95   0      16.16     703.0679     47.77536
       997    856.7562    407.7436     1303.988     104.4469  17.2118   0.0870     4.09    0.548 -18.44   0      26.59     961.0768     49.21451
       998    997.0254    406.5750     2365.902     111.8353  16.5650   0.0513     3.85    0.341  65.13   0      49.13      1895.87     53.46145
       999    903.8642    405.8415     4706.387     98.32329  15.8183   0.0227     5.01    0.292  44.39   0       88.7      4171.67     62.21154
      1000     37.8094    405.5963     1129.533     86.51001  17.3678   0.0832     4.95    0.481  30.63   0      21.22     825.9813     48.47173
      1001    651.1458    402.4099     2112.389     172.2756  16.6881   0.0886     6.87    0.560 -13.33   0      18.19     550.1078     47.27858
      1002    603.2656    402.9342     1743.117     151.0605  16.8967   0.0941     0.00    0.522   2.48   0      18.59      698.097     47.75171
      1003      9.7223    392.8490     14562.45     459.9496  14.5919   0.0343    14.20    0.373  69.87  19      40.11     849.8616     48.46865
      1004    132.4773    399.7156     1511.289     113.8206  17.0516   0.0818     4.38    0.596  55.57   0      26.66     1017.068     49.01946
      1005     20.6317    400.4549     9809.953      131.472  15.0208   0.0146     3.64    0.589 -18.56   0      89.83     3832.714     60.96068
      1006    688.8391    398.1314     3511.492     168.4134  16.1363   0.0521     1.45    0.288  42.04   2      36.34     1744.477     52.60234
      1007     95.0168    398.8132      777.455     85.58006  17.7733   0.1195     4.22    0.274  88.74   0      16.16     744.4357     48.08786
      1008    805.2015    396.9120     11782.43     113.5071  14.8219   0.0105     5.02    0.134  -6.43   0        145     11230.31     84.13528
      1009    474.2213    397.4162     2885.282     118.9005  16.3495   0.0448     5.14    0.594 -27.10   0      38.36     1859.819     53.30798
      1010    261.0018    397.9750     57234.49     178.5244  13.1059   0.0034     0.00    0.047 -89.26   0      349.9     56422.21     166.2278
      1011    144.9852    397.0269     5904.153     92.40657  15.5721   0.0170     4.28    0.052 -61.55   2      104.9     5575.457     67.31023
      1012    123.9954    381.9986      8685.88      99.0121  15.1530   0.0124     0.00    0.000 -71.71   3        131     8474.256     76.32822
      1013    120.0472    393.6370     10436.72     279.9161  14.9536   0.0291     5.68    0.084  45.77   3      64.11     1972.651     53.57912
      1014    119.5849    385.9665     6407.011     303.9971  15.4834   0.0515    10.55    0.414  27.85   3      33.15      945.082     49.36703
      1015     73.5893    393.9343     9575.966     256.3076  15.0470   0.0291     8.89    0.119  -4.95   2      56.79     1814.782     52.90522
      1016    838.7721    393.6555     8874.758     204.8263  15.1296   0.0251     9.13    0.071  34.39   0      61.25     1885.806     53.20946
      1017    325.0800    393.4224     12325.65     373.7862  14.7730   0.0329    13.33    0.256  -3.15   2      53.47     1493.027     51.50447
      1018    242.0356    388.6305     120288.8     335.2506  12.2994   0.0030     4.83    0.077  28.49   0      399.5     26588.35     118.6675
      1019    599.9875    393.9641     6865.273     94.74094  15.4084   0.0150     0.00    0.006 -20.46   0        113     6418.799     70.17946
      1020    365.3225    390.2103     4285.476     247.6633  15.9200   0.0628     2.18    0.487  83.68   2      28.16     1043.154     49.47952
      1021    370.0040    391.0004     4373.278      88.5614  15.8980   0.0220     4.20    0.006 -43.33   3      90.63     4308.306     62.70871
      1022     30.3657    392.3529     1945.474     179.1993  16.7774   0.1000     5.33    0.354  50.44   0      15.93     464.5933     46.74656
      1023    968.3959    387.6277     4064.498     256.3158  15.9775   0.0685     4.83    0.132  63.14   2      24.16     720.5017     48.20652
      1024    567.0076    391.9659     29864.08      139.391  13.8121   0.0051   -13.57    0.085 -79.38   0      252.2     29586.34     124.2767
      1025    485.2068    391.1829     2321.514     156.4491  16.5856   0.0732     6.27    0.284 -64.48   0      24.37     987.3189     49.22239
      1026    177.7513    391.7076     1738.535     182.7907  16.8995   0.1142     6.08    0.279  35.43   0      14.91     440.7168     46.27018
      1027    853.3962    390.3737     1865.478     125.0021  16.8230   0.0728     2.87    0.577  44.69   0      30.63     1161.238     50.13034
      1028    150.7624    390.4731     2222.805     199.4158  16.6327   0.0974     6.36    0.288 -69.54   1      15.62     444.2871     46.64773
      1029     17.3336    389.2080     3546.565     128.0221  16.1255   0.0392     0.00    0.330  33.90   0      58.03     2355.874     55.18074
      1030    473.0110    388.9851     2299.385     103.9421  16.5960   0.0491     5.61    0.422   1.45   0      35.05     2041.631     53.87092
      1031    200.6569    384.1312     9456.459     317.4443  15.0607   0.0365    11.38    0.226  28.75   2      47.96     1344.377      50.7345
      1032    633.6342    385.7729      1545.02     98.10502  17.0277   0.0690     2.29    0.437 -17.26   0       31.4     1144.248     50.16453
      1033    282.1528    385.9319     1009.297     81.19644  17.4900   0.0874    -2.30    0.178 -29.27   0       35.8     948.6747     49.04363
      1034    853.9502    381.2811     1612.195     176.4212  16.9815   0.1188     5.73    0.310  54.62   0      13.86      418.813      46.2831
      1035    641.8296    376.9238     6143.125     207.2263  15.5290   0.0366    11.55    0.260  63.28   2      36.43     956.3521      49.0792
      1036    438.0022    381.9743     57215.63     178.5003  13.1062   0.0034     0.00    0.047 -86.65   0      350.1     56433.84     166.2437
      1037    108.2435    380.0502     6289.415     295.5368  15.5035   0.0510     9.60    0.287  27.21   0      32.55     990.7849     49.35151
      1038    402.4815    379.8177     3270.288     183.1695  16.2135   0.0608     8.55    0.342 -27.61   0      25.52      654.975     47.66317
      1039    558.5151    378.7034     2088.698     183.9849  16.7003   0.0957     6.17    0.280  57.65   0      17.43     530.6525     46.82907
      1040    505.0065    377.4709      1242.46     97.40158  17.2643   0.0851     3.46    0.448 -88.43   0      25.96     914.6715      48.8858
      1041     10.0320    373.6575     7485.679     321.2802  15.3144   0.0466    11.87    0.039  35.27  26      37.14     835.2802     48.40023
      1042    144.5733    376.8928     1844.747     188.9214  16.8352   0.1112     6.11    0.583  24.25   0      15.08     406.1557     46.10011
      1043    656.1777    373.5867     5996.303     268.0924  15.5553   0.0486     3.72    0.424  64.17   2       46.1     1056.548     49.65344
      1044    592.1844    372.1606      3993.38     265.8651  15.9966   0.0723     9.82    0.120 -77.58   0      26.11     718.1769     48.31113
      1045    172.8221    374.0038     2828.032     84.50288  16.3713   0.0325     0.96    0.103   3.39   0       64.6     2912.149     57.42618
      1046    121.0492    373.0460     7026.928     95.12794  15.3831   0.0147     0.00    0.080  43.86   0      116.8     7000.043     71.88222
      1047   1020.0004    372.0181      5705.71     91.91721  15.6092   0.0175     4.31    0.061 -44.41  16      104.7     5707.192     67.58876
      1048    733.7954    371.9971     9818.463     112.0214  15.0199   0.0124     5.07    0.320  -0.56   0      135.7     9008.371     77.90235
      1049    608.9880    371.8496     2180.851     82.74397  16.6534   0.0412     1.02    0.094  89.23   0       52.7     2154.824     54.44888
      1050    826.8816    370.5885     2372.075     101.3871  16.5622   0.0464     3.60    0.462  71.42   0      52.92     1908.261     53.30529
      1051    402.3165    364.9459     63472.94     290.8879  12.9935   0.0050    10.21    0.150  13.44   0      267.7     13851.52     90.81796
      1052    976.0131    369.4414     2593.668     238.0432  16.4652   0.0997     6.51    0.523  47.16   2      17.07     393.2906     46.75777
      1053    930.5118    368.8285     2905.731     160.8016  16.3419   0.0601     3.66    0.266  61.29   0      30.09      1313.14     50.48404
      1054    670.5909    367.7934     3730.753     108.3208  16.0705   0.0315     2.72    0.456 -63.39   0      55.77     3253.221     58.76052
      1055    104.3820    367.6087     4777.852     300.4656  15.8019   0.0683     9.11    0.255  19.14   0      24.48     631.6392     47.55177
      1056    333.8542    366.9995     1533.158     103.6074  17.0360   0.0734     2.32    0.165  -1.37   0      38.66     1126.491     49.86084
      1057    173.9652    366.8672     9802.765     109.4715  15.0216   0.0121     0.00    0.106 -77.74   0      135.6     8987.825     77.84238
      1058    463.6466    365.8310     4428.632     100.4931  15.8843   0.0246     2.28    0.361  26.07   0      78.19     3515.072     59.95105
      1059    662.6845    365.0020     1304.568     82.01875  17.2113   0.0683     1.04    0.127   1.50   0      34.69     1314.451     50.92981
      1060    646.7560    363.7249     940.8907     96.69535  17.5662   0.1116     5.48    0.652  45.53   0      14.86     534.4891     47.08515
      1061    485.3843    364.7697     2180.834     128.8617  16.6534   0.0642     6.57    0.611  -2.04   0      27.72     1110.612     50.01191
      1062    579.9274    377.3557     2080.933     191.4031  16.7044   0.0999     6.47    0.224  29.10   0      16.66     475.2038     46.79812
      1063    128.5863    362.1861     2128.202     116.2513  16.6800   0.0593     2.63    0.392 -26.76   0      40.71     1398.989     51.08783
      1064    778.4900    360.3784     5087.811     270.9471  15.7337   0.0578    10.85    0.299  18.69   0      31.15       806.51     48.03331
      1065    516.2503    361.7176     911.6122     125.4974  17.6005   0.1495     3.63    0.139 -60.63   2      11.21     428.2633     46.32949
      1066    610.6440    359.6841     5206.734      190.011  15.7086   0.0396     2.95    0.304  35.01   2      43.92     2242.892      54.5092
      1067     55.0930    358.0536     2700.982     85.80099  16.4212   0.0345     0.00    0.159  29.22   0      65.76     2421.149      55.1464
      1068    704.7093    355.4599     3554.359     228.2158  16.1231   0.0697     5.75    0.114  46.66   0      25.48     703.1467     47.65887
      1069     80.7881    356.0052     3296.775     237.5427  16.2048   0.0782     8.22    0.434  35.65   0      22.24     636.4476     47.57475
      1070    976.1653    355.1254     1516.663     133.0322  17.0478   0.0953     4.58    0.487  13.01   0      20.66      790.104     48.30321
      1071    431.1870    354.2240     3257.262     359.0298  16.2179   0.1197    10.13    0.424  31.62   1      15.89     265.2099     45.88861
      1072    885.0405    350.1438     17554.03     125.6429  14.3891   0.0078     5.14    0.333  76.74   0      190.7     17191.32     98.99218
      1073    464.9149    351.6449     4681.766     208.9799  15.8240   0.0485     9.91    0.390  69.81   0      34.01     1085.499     49.44861
      1074    158.6004    351.7632     8153.196      259.379  15.2217   0.0345    13.11    0.391  68.21   2      46.09     1207.716     50.45126
      1075    792.9705    352.7328     2247.079      178.022  16.6210   0.0860     7.54    0.341 -31.51   0      18.67      563.633     47.22562
      1076    576.0084    352.6079     1041.366     114.1068  17.4560   0.1190     5.47    0.634 -89.39   0      12.84     433.3099     46.59422
      1077    250.0023    353.9626     21315.38     124.6759  14.1783   0.0064     4.26    0.035 -88.58   0      210.3     21402.19     108.2803
      1078    219.2237    351.4565     8306.023     275.6636  15.2015   0.0360     5.94    0.126  34.88   0      47.03     1356.859     50.90006
      1079     51.5053    352.2348     1444.845     134.9909  17.1004   0.1015     7.70    0.323 -12.48   0      16.06     382.4292     45.86155
      1080    381.1826    349.8750     4925.897     104.3194  15.7688   0.0230     0.00    0.371 -34.59   0      92.95     4513.223     63.53487
      1081    112.9199    347.9260     2745.052     216.7363  16.4036   0.0857     8.40    0.327  88.65   0      20.46     505.8688      46.5891
      1082    478.9067    348.1508     1302.634     86.96358  17.2129   0.0725     2.95    0.234 -61.67   2      34.58     938.1785     48.65232
      1083    474.6198    347.0674      1806.04     185.1475  16.8582   0.1113     5.13    0.599 -26.32   3      13.55     352.8596     46.32068
      1084    427.9608    345.5595     8188.947     232.1858  15.2169   0.0308     4.80    0.126  26.84   0      57.15     1925.722     53.37968
      1085    102.1131    347.6510     2717.924     196.4627  16.4144   0.0785     6.56    0.438 -15.95   0      21.81     922.0728     48.69168
      1086    845.8575    344.2197     4420.687     103.2129  15.8863   0.0254     5.38    0.408 -55.77   0      86.96     4013.013     61.62921
      1087    793.2050    345.7939     2167.034     84.37479  16.6603   0.0423     1.71    0.244 -45.14   0      49.64     2095.164     54.09629
      1088     52.2610    345.4553     794.9937     104.6738  17.7491   0.1430     4.26    0.657  18.60   0      13.67     390.0227     46.50267
      1089    318.7036    343.6513     5058.935     313.3918  15.7399   0.0673     9.72    0.353   0.86   0      23.77     596.6931     47.03007
      1090    305.0329    344.8967     2668.157       85.714  16.4345   0.0349     4.49    0.135 -71.92   0      61.77     2304.776     54.56259
      1091    957.9951    343.9569     22931.28     127.5875  14.0989   0.0060     0.00    0.113  80.13   0      220.4     22854.94     111.2878
      1092    287.1098    342.7010     1807.746     179.8016  16.8572   0.1080     6.13    0.570 -84.30   0      16.01     523.5198     46.67512
      1093    862.4998    339.0005     6631.989     225.7697  15.4459   0.0370    12.68    0.267  31.98   0      43.78      1316.51     50.71958
      1094      8.8697    341.7689     5921.979     103.8155  15.5688   0.0190     5.29    0.319  60.97   0      98.89     5224.838     65.94686
      1095    619.0007    340.9914     57229.16     178.5176  13.1060   0.0034     4.22    0.017  84.44   0      351.1     56863.04      166.796
      1096    568.7485    340.8613     1955.402      184.577  16.7719   0.1025     2.03    0.416 -20.16   0      14.35     524.0725     47.03485
      1097    212.3648    335.2018     13111.58     184.7183  14.7059   0.0153     0.00    0.181 -28.57   2      115.9     7773.726     74.36316
      1098    775.1662    339.2121     4847.338     98.64855  15.7862   0.0221     0.89    0.026 -81.13   0      78.08      4501.89     63.66973
      1099    731.7008    339.0162     1107.455     113.0114  17.3892   0.1108     4.52    0.681 -56.71   0      15.32     609.2579     47.20902
      1100    537.2261    337.5789     5704.471     248.4014  15.6095   0.0473    10.42    0.353  36.90   0      39.57     1196.872     50.40239
      1101    482.7443    338.5726     1126.403     95.68434  17.3708   0.0923     2.97    0.455 -64.38   0       25.5     866.2761     48.66029
      1102    202.1471    337.5996     2790.392     244.0127  16.3858   0.0950     7.12    0.655  49.34   0      16.78     427.3408     46.56509
      1103    686.7758    335.6344      1919.42     161.1411  16.7921   0.0912     7.14    0.651  76.74   0       18.1     563.0463     47.45838
      1104    607.7070    333.3598     5408.314     190.9834  15.6673   0.0383     0.00    0.404 -79.70   0      46.89     1656.324     51.89873
      1105    298.0092    334.8297     2318.261     141.4697  16.5871   0.0663     4.18    0.466 -89.27   0      34.52     1393.115     51.27964
      1106    818.6771    335.4915       1859.6     171.9418  16.8265   0.1004     5.37    0.030 -82.35   0      15.85     479.7267     46.58126
      1107   1008.1476    326.4153     138338.1     363.3578  12.1476   0.0029     4.96    0.090  27.03  16      428.5     28139.51     121.5562
      1108    598.1821    329.0846     5590.011     97.52677  15.6315   0.0189     4.79    0.260  25.74   0      97.95     4950.207     64.90765
      1109    974.0006    328.9615     1323.241     80.35385  17.1959   0.0659    -9.58    0.130  88.27   3       39.8     1153.202     50.20509
      1110    971.1830    325.9865     1553.742     89.19431  17.0216   0.0623    -1.55    0.190  -0.13   3      42.09      1364.98     50.93631
      1111    518.0242    328.0497     3552.792     86.43017  16.1236   0.0264     4.44    0.128 -73.82   0      73.49     3312.142     59.17674
      1112    138.9707    327.0830     5181.895     257.8459  15.7138   0.0540     9.08    0.232  -7.96   0       31.8     981.6307     49.08263
      1113    209.8990    325.4890      3389.17     206.2217  16.1748   0.0661     4.81    0.153  72.77   0      26.01          809     48.04509
      1114    311.0069    325.0172     8541.875     98.68099  15.1711   0.0125     4.24    0.031  60.11   0        130     8276.887     75.73826
      1115    966.9077    323.8794     2662.844     84.05743  16.4366   0.0343     1.17    0.045 -41.18   0      50.16     2529.531     55.79154
      1116    631.4240    321.1766     3453.021     207.6393  16.1545   0.0653     4.66    0.183  41.91   2      24.04     769.2792     48.43594
      1117    469.0452    315.7600        10782     273.6518  14.9183   0.0276     9.24    0.196  66.00   0      63.58      2056.96     53.83207
      1118    119.9429    321.0384     17399.61     119.6738  14.3987   0.0075     0.00    0.185 -33.78   0      191.3      17295.8     99.17554
      1119    109.0088    319.8792      15138.8     262.7901  14.5498   0.0189    11.86    0.205  37.68   0      91.12     2917.078     57.44569
      1120    664.0532    321.9496     2546.741     83.74293  16.4850   0.0357     4.38    0.106 -27.66   0      63.01     2319.268     55.23206
      1121    442.6143    320.8177     1719.896     156.4662  16.9112   0.0988     6.47    0.391 -51.48   0      16.95     715.9631      47.9531
      1122    609.7026    318.5745     2872.185     106.5042  16.3545   0.0403     2.49    0.426 -63.18   0      52.72     2245.037     54.31318
      1123    361.8342    319.7359     1506.002     89.07259  17.0554   0.0642     2.80    0.333  53.75   0      34.79     1264.986     50.48817
      1124    381.0160    317.0150     13301.69     109.0939  14.6902   0.0089     0.00    0.022 -51.05   0      162.9     13081.62      88.9958
      1125    600.8647    314.1350     6883.411     100.4957  15.4055   0.0159     4.95    0.296 -45.51   0      111.8     6248.226     69.30376
      1126    546.2463    313.7372     1991.681     192.7491  16.7520   0.1051     5.56    0.666 -45.66   0      13.86     398.7268     46.42522
      1127    154.5415    312.0522     6405.844     190.7103  15.4836   0.0323     5.13    0.173  25.64   0      47.49     1498.711     51.63765
      1128     94.0307    312.5726      4799.57      251.483  15.7970   0.0569     5.47    0.121   7.82   0      33.72     969.6874     49.36735
      1129    803.5948    311.2877     2767.562     127.7278  16.3948   0.0501     4.03    0.518 -33.93   0         52     1922.948     53.36787
      1130    785.9437    310.9265     2048.132     188.4275  16.7216   0.0999     4.46    0.072 -19.95   0      18.34     570.4443     47.14024
      1131    655.2005    311.0523     5034.881     222.2826  15.7450   0.0479     2.61    0.185 -81.35   3      44.62     865.0361      48.6545
      1132    452.1166    310.6338     10318.25     321.9814  14.9660   0.0339     8.38    0.209   9.14   2      62.02     709.7504     47.80714
      1133    510.7372    330.8032     5853.917     122.1845  15.5814   0.0227     3.42    0.549 -71.49   0      81.22     4360.944     62.98779
      1134    615.3828    307.7957     3593.886     261.2893  16.1111   0.0790     9.76    0.603  38.75   2      22.53     567.9702     47.24649
      1135    128.4727    308.8628     8935.221     247.9896  15.1222   0.0301     5.24    0.187  37.35   0      57.37     1839.403     53.01089
      1136    119.3895    310.1060     2894.344     227.5576  16.3461   0.0854     6.27    0.428  51.18   0      16.73     449.7275     46.67423
      1137    946.2197    305.7186     30813.53     250.5994  13.7781   0.0088     4.98    0.058  28.36   0      164.3     6533.286     70.31171
      1138    313.1974    307.9161     3868.988      176.957  16.0310   0.0497     9.96    0.498  38.02   0      28.14     675.9492     47.87969
      1139    743.6452    307.8231     3825.006     275.5093  16.0434   0.0782     7.54    0.277 -40.21   2      18.71     452.2722      46.9249
      1140    855.0287    306.3893     3069.993     211.8767  16.2822   0.0750     3.63    0.165 -53.22   0      23.09     728.2567     48.12734
      1141    328.4316    305.3337     4975.422     113.3878  15.7579   0.0247     5.95    0.512  38.49   0      79.35     4207.667     62.34291
      1142     18.7844    305.2586     4624.818     200.7507  15.8373   0.0471     9.82    0.280  34.77   0      34.31     939.5819     49.11515
      1143    898.0048    303.9779     4522.695     88.94402  15.8615   0.0214     4.46    0.095 -33.94   0      87.83     4117.919     62.01487
      1144    754.0814    303.7910     2576.666     225.3921  16.4724   0.0950     6.38    0.649  -0.06   0      14.78     313.6529     46.00687
      1145    644.3106    300.9699     18273.71     237.7867  14.3454   0.0141     3.75    0.111  30.60   0      114.7       4617.9     63.64591
      1146    387.2237    302.5719     5397.836     273.7652  15.6695   0.0551     6.35    0.178  12.32   0      31.39     842.8311     48.77984
      1147    274.8684    304.0010     10093.96     102.1931  14.9898   0.0110     0.00    0.100  -0.87   0      134.8     10015.61     80.85644
      1148     79.2201    302.3743     2141.854     198.6229  16.6730   0.1007     5.03    0.123 -13.56   0       16.4     487.2672     47.09409
      1149      5.5900    302.7039      5568.82     113.3477  15.6356   0.0221     2.38    0.371 -21.29  16      79.38     4340.935     62.82686
      1150    375.0220    301.2855     1168.179     106.7945  17.3312   0.0993     3.99    0.534  89.41   0      25.12     923.6398       48.699
      1151    222.8996    301.8933     722.9363     85.43515  17.8522   0.1283     4.75    0.425  -5.57   0      15.17     723.9138      47.6409
      1152    709.9135    300.9113      58297.2     180.6456  13.0859   0.0034     0.00    0.129  45.39   0      338.9     56839.64     166.7307
      1153    563.0586    300.0196     16022.17     115.8313  14.4882   0.0079     0.00    0.149  18.29   0      183.3      15922.1     95.97593
      1154    965.0709    297.6042     3149.511     176.0306  16.2544   0.0607     8.12    0.146  80.13   2      24.39     701.2349     47.88325
      1155    358.6580    291.7375     46051.51      300.134  13.3419   0.0071     7.12    0.039  31.73   2      193.2     8044.514       75.112
      1156     34.4402    296.3614     1024.658     86.23405  17.4736   0.0914     3.29    0.437  34.67   0       17.8     765.7683     48.18857
      1157    328.5401    293.4415     10818.04     234.7452  14.9146   0.0236    11.71    0.144  -1.13   0      71.41      2347.63     55.14677
      1158      8.4538    295.7845     1712.786     145.3705  16.9157   0.0922     3.54    0.283  50.37   0      20.81     875.8938     48.81955
      1159    515.9973    293.0008     3032.091     85.04993  16.2956   0.0305  -108.71    0.004 -38.60   2      69.65     2782.496     56.91075
      1160    477.1271    289.6478     111601.2     330.1541  12.3808   0.0032     4.78    0.058  15.78   0      383.6     24706.87     114.9106
      1161    342.6020    291.9296     3757.526     125.0963  16.0627   0.0362     3.93    0.605  56.33   0      51.33     2286.113     54.89266
      1162    127.4565    293.8083     1640.179      95.4474  16.9628   0.0632     2.74    0.411 -26.88   0      36.99     1234.821     50.46283
      1163   1023.6643    289.9971     3300.132     65.48499  16.2037   0.0215     3.40    0.331  89.88  26      78.42     3328.391     56.54195
      1164    709.9800    289.0535     2227.614     118.8158  16.6304   0.0579     5.86    0.594 -43.81   2       51.4     1724.015     52.61994
      1165    148.9966    291.7300     1284.183     81.96225  17.2284   0.0693     1.30    0.142  88.83   0      32.31     1188.368     50.14209
      1166   1006.1270    288.9685      1502.62     104.8782  17.0579   0.0758     5.92    0.632 -58.70   8      20.16     780.0892     48.25607
      1167    867.0079    289.8033     2935.391     231.2445  16.3308   0.0856     9.04    0.428  21.79   0      19.68     445.2261     46.65231
      1168    166.7302    285.2323     38371.08     269.0156  13.5400   0.0076     6.89    0.107  56.20   2      187.4       7865.1     74.49233
      1169    158.5885    289.9956     5142.223     107.4175  15.7221   0.0227     2.15    0.390  -0.35   3      78.77     4466.607     63.27984
      1170    734.2130    287.7861     7409.863      312.872  15.3255   0.0459    10.54    0.065 -11.63   0      38.16     985.3104     49.21311
      1171    661.7740    288.9993     2816.411     224.3945  16.3758   0.0865     5.09    0.146  50.36   0      20.16     622.3817     47.74169
      1172    543.0230    288.0152     13323.67     109.1397  14.6884   0.0089     0.00    0.051  36.23   0      164.8        13041      88.9547
      1173    250.4619    283.3853     26213.18     391.8633  13.9537   0.0162    15.29    0.316 -28.80   0      111.8     3324.966     59.03736
      1174    942.9663    286.5372     835.6808     90.48138  17.6949   0.1176     4.96    0.526 -28.54   0      14.47     725.2131     47.99692
      1175    838.2269    285.4325      1782.95     184.3645  16.8722   0.1123     6.44    0.545  47.60   0      14.46      439.039     46.86076
      1176    817.1274    286.8835     1053.732     83.01736  17.4432   0.0856     0.00    0.228 -44.60   0      35.25     957.7308     48.85784
      1177    786.7908    282.5862     1529.258     103.5988  17.0388   0.0736     3.89    0.526 -71.99   0      24.32     1118.815     49.82584
      1178    634.7569    282.4483      10289.5     262.3093  14.9690   0.0277    10.13    0.153  22.62   0      64.13     2130.278     54.34632
      1179    385.2000    280.9893     2258.707     242.3694  16.6154   0.1165     7.76    0.657 -67.10   0      12.85     403.7093     46.44961
      1180     80.6525    279.4448     6688.491     237.2663  15.4367   0.0385    11.47    0.088  68.49   0      44.82     1285.703     50.69147
      1181    414.7189    278.4268     6289.631     236.8839  15.5034   0.0409     6.98    0.244  37.08   0      44.44     1356.246     50.89732
      1182    586.6840    278.0173     2262.566     181.9148  16.6135   0.0873     4.68    0.283  28.16   3      21.69     809.5181     48.39447
      1183    589.7201    274.3300     5165.708     227.9878  15.7172   0.0479    10.28    0.231  17.38   3      32.33     704.7386     47.66647
      1184    136.1719    277.6416     5570.213     297.3368  15.6353   0.0580    15.48    0.703  62.97   2      29.14     830.7469     48.72351
      1185    132.0030    267.0060     10483.22     103.0552  14.9488   0.0107     0.00    0.002  52.88   3      145.1        10283     81.53622
      1186    738.1074    277.2037     1035.369     86.26228  17.4623   0.0905     3.09    0.279  60.66   0      30.21     772.7405     48.22145
      1187     53.8751    277.9781     7092.245     95.28387  15.3730   0.0146     4.47    0.076  11.01   0      111.6     6889.217     71.53095
      1188    856.8207    275.0200     4176.071     198.8447  15.9481   0.0517     9.59    0.359  31.07   0      30.55     963.4387     49.33857
      1189    675.4686    275.1967     2893.002     214.9544  16.3466   0.0807     8.86    0.281  88.93   0      21.07     567.9016     47.24615
      1190    650.1584    276.9269     962.0706     86.06894  17.5420   0.0972     2.98    0.226 -28.42   0      30.39     757.0267     48.14733
      1191    229.3520    273.4764     7281.591     346.2045  15.3444   0.0516    10.46    0.333  33.04   3      31.83     742.1859     47.96109
      1192    120.1176    273.9964     2834.765     84.52099  16.3687   0.0324     4.30    0.073   1.49   0      66.77     2830.041     57.19788
      1193      4.1696    270.9190     7788.083     195.2281  15.2714   0.0272     0.00    0.224  63.70  26      58.25      3142.77     58.33176
      1194    618.7913    272.0971     1815.256     86.69978  16.8527   0.0519     1.36    0.163  36.23   0      40.25      1544.93       51.733
      1195    348.1458    272.3563     1363.124     103.2337  17.1637   0.0822     4.32    0.548 -74.26   0      23.85     847.7672     48.68843
      1196    709.0028    269.0021     3712.003     86.84781  16.0760   0.0254  -153.74    0.009 -45.12   2      83.63     3712.706     60.51162
      1197    443.5620    271.3191     2228.762     158.0879  16.6298   0.0770     2.66    0.096 -70.96   0      21.07     768.2598     48.20032
      1198    955.8451    269.9899     1132.414     81.54032  17.3650   0.0782     2.52    0.171   0.69   0      35.94     999.0638      49.5024
      1199    962.5032    278.2317     2345.645     194.6041  16.5743   0.0901     6.57    0.304  60.83   0      18.19     533.3262     46.60334
      1200     18.4889    265.9150     9519.399     306.3151  15.0535   0.0349    11.55    0.172   9.55   0      53.98     1604.285     51.88573
      1201    556.0436    265.1113     6328.454     199.2012  15.4968   0.0342     4.79    0.113  36.58   0      47.61     1552.103      51.5486
      1202    524.2990    265.9723     2380.081     211.7946  16.5585   0.0966     6.91    0.285 -65.93   0      18.62     712.0677     47.46702
      1203    222.8281    266.0058     6364.188     320.9206  15.4906   0.0548     6.45    0.114  38.50   1      27.14     626.7114     47.76229
      1204    470.6794    265.0867     4053.968     121.1137  15.9803   0.0324     3.50    0.565  70.75   0      59.42       2811.5     56.83055
      1205     48.0577    265.7043      1389.78     114.7986  17.1426   0.0897     2.64    0.257 -76.49   0      25.66     838.9108     48.18637
      1206    872.6404    264.0150     3456.216     101.0668  16.1535   0.0318     1.20    0.073  67.16   0      60.23     3121.271     58.53444
      1207    809.9266    261.9212     4368.835     90.11063  15.8991   0.0224     4.55    0.158  70.33   3      82.57     3844.918     60.82307
      1208    806.4921    262.5047     4732.204      251.976  15.8123   0.0578    10.23    0.355  83.44   2      33.06     960.2694     48.98362
      1209    249.5568    260.0473     26423.54     307.9301  13.9450   0.0127    11.72    0.251  28.80   2      133.6     4947.892     65.07117
      1210     97.9674    261.9549     766.3574     91.83785  17.7889   0.1301     3.30    0.624  45.73   0       12.8     478.3778      46.9325
      1211    937.0199    261.0858     2226.591     140.3324  16.6309   0.0684     7.11    0.120  22.01   0      19.42     549.4225     46.92008
      1212    458.6639    260.6196     1595.424     131.0561  16.9928   0.0892     4.42    0.613  47.54   0      16.23       627.96     47.53418
      1213    948.7589    259.0995     2517.165     93.12555  16.4977   0.0402     4.94    0.308 -26.56   0      59.94       2162.2     53.86201
      1214    572.1879    259.9539     3803.258     97.65131  16.0496   0.0279     0.00    0.329 -15.07   0      79.72      3447.84     59.69563
      1215    640.8046    258.1771     1936.245     170.4147  16.7826   0.0956     5.61    0.448  24.49   0      16.84     659.7795     47.68608
      1216     88.2793    258.6773     1983.499     190.5571  16.7564   0.1043     4.18    0.194  56.28   0      15.59     450.9766     46.32054
      1217    749.0052    257.9967     50976.01     170.3707  13.2316   0.0036     0.00    0.007 -28.82   0      331.4     50691.93      158.164
      1218   1013.9955    255.9814     1356.325     104.5607  17.1691   0.0837     3.08    0.458 -88.79   0      22.58     1084.352     49.66839
      1219    977.0505    256.8814     1514.381      82.5981  17.0494   0.0592     4.44    0.169 -60.89   0      46.71     1389.552     50.82687
      1220    765.0260    254.0732     12297.94     108.2777  14.7754   0.0096     4.60    0.175  72.13   0      160.3     12287.18     86.94334
      1221    270.5150    253.0357     15648.22     281.6519  14.5138   0.0195     1.98    0.462  64.02   2      79.22      4881.75      64.6675
      1222    815.7610    251.9530     3255.005     208.7623  16.2186   0.0697     8.92    0.136 -88.56   0      24.36     670.3721     47.61958
      1223    663.4482    252.7570     1483.182     180.9385  17.0720   0.1325     5.32    0.465 -36.26   0      12.74     331.2115     46.21434
      1224    506.4703    252.2538     2704.473     226.1382  16.4198   0.0908     4.15    0.077 -38.16   0      17.88     560.3943     47.09176
      1225    936.0568    250.1353     7693.813      102.312  15.2846   0.0144     4.76    0.233  66.85   0      121.3     7217.846      72.4907
      1226    380.5164    251.1755     2062.286     202.7013  16.7141   0.1067     5.50    0.632 -37.66   0      15.78     384.5702     46.23542
      1227    369.9933    249.6061     6357.749     224.8744  15.4917   0.0384     5.07    0.110  33.92   0       46.6     1437.628     51.25943
      1228    795.2474    248.4935     1487.599     96.53845  17.0688   0.0705     2.79    0.435  62.47   0      33.48     1132.606     49.55223
      1229     40.9477    248.0500      8147.29     99.18369  15.2225   0.0132     0.00    0.150 -40.80   0      124.2     7677.154     74.06743
      1230    733.1705    245.8549      1543.99     151.6826  17.0284   0.1067     4.42    0.472 -16.05   2      19.26     926.5261     48.82681
      1231    851.0308    245.5113     850.2512     84.13212  17.6761   0.1075     4.92    0.532 -25.68   0      14.36     713.6567     47.70897
      1232    442.5239    244.6889     2500.897     141.7628  16.5048   0.0616     5.04    0.294  50.44   0      21.83     653.0386     47.41932
      1233      3.0395    245.0356     10859.02     105.2141  14.9105   0.0105    -4.75    0.109  21.48  24      144.6     10189.78     81.27596
      1234    968.9714    244.2719     1510.985     115.0383  17.0518   0.0827     3.39    0.121 -61.77   0      21.25     921.2283     48.91628
      1235    514.0550    255.0955     1377.563     82.22077  17.1522   0.0648     0.00    0.160  61.91   0      38.96     1110.969      49.4529
      1236    961.7656    241.8062     6950.135     224.8532  15.3950   0.0351     7.82    0.182  27.83   1      45.16     1305.157     50.88832
      1237    214.0363    243.1993     2200.414     125.6096  16.6437   0.0620     4.69    0.212  78.27   0      41.16     1378.467     51.21468
      1238    831.0079    242.9947     29967.59     139.5597  13.8084   0.0051     0.00    0.002  -1.45   0      252.1     29534.47      124.092
      1239    176.3105    241.0962     2239.742     168.3528  16.6245   0.0816     4.53    0.102  42.49   0      20.59     670.2104     47.50155
      1240    626.9802    241.0267     2840.866     84.53739  16.3664   0.0323     4.21    0.035 -45.03   2      69.32     2784.259      57.1134
      1241    623.9155    237.9165     2468.962     83.53157  16.5187   0.0367     4.34    0.095  29.62   2      64.63     2381.421      55.1849
      1242    596.4941    239.9088     3018.057     223.9771  16.3007   0.0806     5.76    0.199  21.47   0      20.65     601.9142     47.29172
      1243    969.0039    233.9440     16317.61     235.3179  14.4684   0.0157     5.46    0.044  46.10   1      100.2     3495.174     59.78236
      1244    870.1122    230.5031     85502.75     332.4488  12.6700   0.0042     9.44    0.045   2.19   2      310.4     15832.18     95.64622
      1245   1013.4425    236.5557     3295.043     203.3945  16.2053   0.0670     8.27    0.162 -29.84   2      23.67     595.3715     47.14212
      1246    140.6401    236.1196     1777.062     181.3073  16.8757   0.1108     6.43    0.247 -32.18   0      14.97     420.9202     46.53374
      1247    184.1624    235.5093      2698.05     195.7288  16.4224   0.0788     8.47    0.506  14.95   0      22.21      641.048     47.36182
      1248     69.1765    235.5440     3562.457     113.0141  16.1206   0.0345     2.63    0.396  28.50   0      49.62     2849.322     57.17699
      1249    547.2191    234.4217     1938.754     149.5011  16.7812   0.0837     5.86    0.418 -24.18   0      20.53     839.0455      48.7622
      1250     58.2237    233.9803     3099.846       251.61  16.2717   0.0881     6.22    0.156  50.77   0      21.21     620.1166      47.7309
      1251    843.0212    233.9705     5892.343     92.37752  15.5743   0.0170     0.00    0.049 -62.82   0      106.3     5726.866     67.81953
      1252    347.2938    231.8238     4798.427     178.9276  15.7973   0.0405     7.90    0.324 -48.77   0      47.93     2211.254     54.27448
      1253    168.3165    233.7706     2706.506       103.49  16.4190   0.0415     0.00    0.470 -33.16   0      63.42     2452.239     55.47579
      1254    328.1823    231.3691      2993.58     98.61738  16.3095   0.0358     2.25    0.342  65.22   1      57.79      2297.61     55.14287
      1255   1002.2055    230.3118     2086.419     97.93806  16.7015   0.0510     0.00    0.415  59.02   0      50.15     1695.252     52.38923
      1256    159.7928    226.6103     7017.479     252.9289  15.3845   0.0391     8.42    0.266  43.67   2      42.72     1079.787      49.6475
      1257      3.6988    227.5167       2100.5     168.1647  16.6942   0.0869     8.89    0.707  76.24  24      14.93     387.7274     46.00916
      1258    585.9677    228.0419     5140.558     90.50903  15.7225   0.0191     4.27    0.070 -55.12   0      96.66     4993.104     65.31432
      1259    688.0703    225.5441     5333.206     228.7649  15.6825   0.0466    10.22    0.170  65.21   0      36.12     992.8633     49.13462
      1260     59.9539    221.2532     12611.49     220.6153  14.7481   0.0190     0.00    0.128  61.54   2      84.51     3595.468     60.16244
      1261    748.2876    224.1316     2372.427     92.77164  16.5620   0.0425     2.45    0.325  25.88   0      54.62     1945.349     53.25416
      1262    578.3326    223.4588     1655.911     116.5269  16.9524   0.0764     4.40    0.585 -33.68   0      28.73      1073.39     49.61821
      1263    114.0037    224.8841     8222.443     102.1235  15.2125   0.0135     0.00    0.223  89.01   0      125.8     7768.723     74.27283
      1264     17.0365    223.7680     8949.266     106.3825  15.1205   0.0129     0.00    0.252 -81.41   0      126.1     8001.983      74.9832
      1265    761.7739    221.4948     3481.456     202.2286  16.1456   0.0631     5.99    0.212  31.43   0      26.47     768.2888     47.73544
      1266    823.9329    219.2755     8989.146     265.9408  15.1157   0.0321     6.76    0.182 -59.44   2      53.76     1627.011     51.98519
      1267    417.3079    218.9098     16369.78      269.602  14.4649   0.0179     6.61    0.226  13.43   0      92.06      2921.31      57.3653
      1268    355.5555    221.3091     2152.975     179.4623  16.6674   0.0905     4.35    0.164  85.69   0      18.98     598.6094     47.15773
      1269    566.9909    221.0074     8310.907     98.14761  15.2009   0.0128     0.00    0.030 -28.19   0      128.8     8174.508     75.43041
      1270    936.1159    219.7746      1712.86     134.4082  16.9157   0.0852     2.67    0.460  27.46   0      19.25      787.689     48.17624
      1271    900.2821    216.5615     7920.155     195.3818  15.2532   0.0268     5.93    0.285 -22.37   0      62.58     2281.481     54.77176
      1272    486.1618    217.8902     2067.491     166.4533  16.7114   0.0874     6.94    0.159  37.70   0      18.98     576.2258     47.04973
      1273    290.2911    217.6333     1258.538     95.99767  17.2503   0.0828     3.01    0.437  62.82   0       25.9     1015.513     48.89833
      1274    184.4547    218.3054     3380.871     243.4193  16.1774   0.0782     6.63    0.497  19.98   0      18.78     505.2366     46.58601
      1275    530.7684    217.3626     2459.573        193.3  16.5229   0.0853     5.88    0.285  60.13   0      18.94     769.8481     48.32335
      1276    142.6260    212.9663     14462.12     216.8016  14.5994   0.0163     5.07    0.128  35.82   0       92.7     3258.379      58.9699
      1277    963.0085    211.4371       6646.1      235.456  15.4436   0.0385    10.93    0.190  56.28   0       44.9     1349.318     51.08517
      1278    659.2618    214.0839     3387.881     99.52193  16.1752   0.0319     0.00    0.379  18.18   0      74.45     3108.111      58.0046
      1279     77.2857    212.1885       1163.5      86.5992  17.3356   0.0808     1.61    0.370  46.47   0      28.92     961.8001     48.99072
      1280    108.3930    210.7735     1966.902     181.5451  16.7655   0.1002     3.80    0.389  42.69   3      16.94     595.9004      47.4982
      1281    105.4104    206.7082     3876.027     114.8632  16.0290   0.0322     2.56    0.510 -47.45   2       53.9     2577.167     56.08477
      1282      4.6580    200.7758     312334.4     437.0846  11.2635   0.0015     5.32    0.115  71.16  24        692     67225.03     180.3632
      1283    905.7521    210.0051     2910.885     94.08151  16.3399   0.0351     0.00    0.257  -0.80   0      66.04     2587.289     56.12577
      1284    601.8527    209.2519      2601.49     150.5052  16.4619   0.0628     6.56    0.134  37.66   0      21.88     613.6498      47.7001
      1285    129.9478    207.1643     8808.349     107.3871  15.1378   0.0132     4.98    0.301 -71.28   0      124.5     7631.209     73.77529
      1286    345.8400    208.8192     2321.114     141.4743  16.5858   0.0662     0.00    0.329  52.53   0      33.03      1226.83     50.64752
      1287    699.0149    207.9982     18889.46     120.1723  14.3095   0.0069     4.21    0.012  -0.03   0      198.2     18800.99     102.5669
      1288    688.6884    203.2169      9105.24     246.4542  15.1018   0.0294    11.35    0.034 -87.74   0       58.5     1830.898     52.86904
      1289     72.1064    205.8384     3545.323     256.9425  16.1259   0.0787     7.24    0.328  47.82   2       21.4     503.4932     46.45763
      1290    514.9453    204.2976     3341.271     216.7182  16.1902   0.0704     9.46    0.405  36.62   0      22.34     578.7564     46.94331
      1291    464.4949    201.0702     73344.07     292.8426  12.8366   0.0043     4.15    0.088  38.91   0      296.8     17107.11     98.57262
      1292    536.9941    204.9999      2966.18     84.87363  16.3195   0.0311     0.00    0.009 -54.87   3      72.96     2990.753     57.73643
      1293    193.0382    205.0229     1895.118     177.5722  16.8059   0.1018     4.36    0.565   0.34   0      17.98     754.8126     48.48317
      1294    702.4799    201.4498     945.1868     107.6221  17.5612   0.1237     5.84    0.651  70.58   0      11.67     368.7437     46.03658
      1295    486.3600    202.6412     5922.364     103.8163  15.5688   0.0190     1.56    0.283 -45.16   0       86.5     5820.198     67.96769
      1296    736.8052    198.5218     4077.781     178.7914  15.9739   0.0476     9.73    0.234  60.52   0      30.33     847.1959     48.68577
      1297    127.4931    200.0451     1868.781     186.7238  16.8211   0.1085     4.97    0.643  89.05   1       13.6     345.4397      45.7998
      1298    355.8971    199.8869     5793.775     98.00047  15.5926   0.0184     0.00    0.259  45.51   0      104.1     5468.646     66.61459
      1299    388.5751    196.5037     5695.329     201.2675  15.6112   0.0384     5.23    0.234  27.77   0      45.06     1730.322     52.11488
      1300    123.5217    196.5702     1429.157     106.0418  17.1123   0.0806     3.92    0.506 -42.61   0      26.15     884.5512     48.74557
      1301    315.9709    195.3466     2899.586     203.6379  16.3442   0.0763     4.72    0.092  66.79   2      21.67     619.0405     47.60879
      1302    781.2243    193.4550     1608.803     93.89952  16.9837   0.0634     2.65    0.398  64.26   0      37.54     1257.474     50.45435
      1303    660.0019    194.9994     49980.98     169.0381  13.2530   0.0037     0.00    0.001 -52.17   3      328.7     49889.32     157.0065
      1304    662.4316    189.1877     10912.52     238.9561  14.9052   0.0238    11.98    0.252  46.19   2      67.34     1829.561     53.28357
      1305    608.1898    193.8315     1452.636     144.9632  17.0946   0.1084     5.65    0.555  53.88   0      15.06     617.8243     47.71999
      1306    278.1395    192.9144     2426.275     88.28696  16.5376   0.0395     1.70    0.278 -51.35   0      53.56     2149.879        54.12
      1307    564.9782    191.3925     2055.425     112.4492  16.7177   0.0594     5.48    0.469  33.40   0      34.44     1493.149     51.50501
      1308    168.8975    188.8819      61696.2     384.6262  13.0244   0.0068     5.78    0.121  29.61   2      213.7     8672.235     76.77032
      1309    801.8924    191.7375     1593.083     168.3079  16.9944   0.1147     6.12    0.685  22.01   0      13.63      355.441     45.97086
      1310    199.0084    190.9296     2578.708      103.209  16.4715   0.0435     3.34    0.421  89.48   0      40.88     2427.846     55.47638
      1311    358.1169    190.4846      2081.28     186.2352  16.7042   0.0972     4.67    0.142 -72.19   0      15.95     458.4724     46.59727
      1312   1018.1711    183.4563     18203.88     266.4761  14.3496   0.0159     9.10    0.126  85.46  16      103.8     3326.431     58.94848
      1313     35.4648    186.8949     2429.596     120.3654  16.5362   0.0538     5.98    0.517  42.47   0      33.07     1872.722     52.94331
      1314    893.9847    187.0806     2099.021     176.2581  16.6950   0.0912     6.70    0.498 -40.49   2      17.62     739.1183     48.06272
      1315    393.8711    179.9944     13837.03     249.1064  14.6474   0.0196     8.71    0.070  47.61   2       83.1     2695.894     56.56384
      1316    218.6678    181.3620     58595.86     288.0219  13.0803   0.0053     5.66    0.062  20.18   2      255.2     12138.28     86.55323
      1317    224.2530    174.4623     3791.433      103.178  16.0530   0.0296     3.01    0.440 -63.11   3      60.89     2754.362     56.79828
      1318    873.5303    184.3595     2181.234     201.4553  16.6532   0.1003     5.84    0.092 -13.14   2      16.63     456.3132     46.70628
      1319    684.4346    179.0525     10380.17     220.2121  14.9595   0.0230     4.78    0.099  43.21   0      71.13      2384.98     55.30049
      1320    928.8127    179.1086     2326.306     195.2966  16.5833   0.0912     5.64    0.338  71.55   0       17.6     794.2173     48.09121
      1321    752.0533    178.8883     1352.667     83.83174  17.1720   0.0673     2.75    0.212 -60.13   0      39.66      1143.89     49.71626
      1322    605.5333    177.4601     4720.917     276.2473  15.8149   0.0635     8.64    0.619 -30.01   2      26.98     754.5168     48.13548
      1323    477.9946    178.8507     2695.214     84.14491  16.4235   0.0339     0.96    0.089 -87.35   0      63.54     2780.987     57.00263
      1324     21.8449    177.9515     1104.912     83.15736  17.3917   0.0817     2.73    0.230  30.75   0      35.04     953.6852     49.18037
      1325    641.3477    173.1393     12479.88     238.1116  14.7595   0.0207     6.06    0.119  50.12   0      78.61     2579.421     56.09391
      1326    628.6209    176.3526     2739.469     96.59741  16.4058   0.0383     1.42    0.277 -43.93   0      50.23     2446.507     55.75318
      1327    189.2730    175.7941     6142.074     284.3626  15.5292   0.0503    10.33    0.490  -7.16   0      33.79      786.737     48.17175
      1328    511.1255    175.9887     28383.09      140.968  13.8674   0.0054     0.00    0.218  -6.88   0      242.2     27500.43     120.3553
      1329    255.9987    174.1067      12123.7     136.4383  14.7909   0.0122     3.48    0.560  90.00   0      114.5     6297.432     69.54517
      1330     53.0637    175.6698     1419.911     90.40805  17.1193   0.0691     0.48    0.213 -74.02   1      34.94     1148.147     49.84771
      1331    523.9766    173.8620     1784.312     182.0836  16.8713   0.1108     5.11    0.206 -87.46   0      13.62     381.0552     46.45882
      1332    559.9461    173.2917     2886.953     234.1925  16.3489   0.0881     6.48    0.498  49.60   2       17.5     485.2104     46.60801
      1333    589.2813    170.9950     5900.388     142.2948  15.5728   0.0262     0.00    0.345   7.77   0      73.52     3742.611     60.71575
      1334    457.0018    170.5896     3496.808     98.36313  16.1408   0.0305     2.26    0.349 -87.98   2      67.33     3002.068     57.78095
      1335    375.1214    170.9969     1360.397     80.45888  17.1658   0.0642     0.00    0.123  -3.94   0      40.46      1187.56     50.13843
      1336    812.7790    169.4303      3671.83     264.5382  16.0878   0.0782     4.92    0.452 -34.42   2      21.14     603.2905     47.65071
      1337    439.7501    167.4242      1697.26     125.8089  16.9256   0.0805     3.42    0.514 -43.09   0      22.94      919.812      49.1372
      1338    987.0036    166.9936     34999.48     147.5267  13.6398   0.0046     4.21    0.010 -74.16   0      273.6      34741.6      133.288
      1339    699.9171    164.9117     2044.343      85.6864  16.7236   0.0455     0.00    0.230  45.39   0      52.77     1730.118     52.43402
      1340    288.9778    164.3622     2026.969       128.59  16.7329   0.0689     4.72    0.155 -82.14   0      23.53     978.3867     49.52012
      1341    806.9194    163.0824     1050.964     83.00978  17.4460   0.0858     4.74    0.241 -45.40   0      33.76     915.3231     48.54544
      1342    118.4684    163.2587     2291.302     136.4086  16.5998   0.0647     6.47    0.127  21.60   0      20.35     574.2036     47.27646
      1343     29.6333    191.6121     2400.766     203.0804  16.5491   0.0919     6.82    0.324  87.58   0      18.75      584.585     47.67852
      1344     20.0592    162.9569     2217.992     82.84592  16.6351   0.0406     0.00    0.120 -29.93   0      56.82     1945.901     53.46553
      1345     28.9222    160.0233     9753.635     105.4761  15.0271   0.0117     0.00    0.195 -18.79   0      139.8     9565.885     79.51221
      1346    830.5490    158.5207     1981.664      168.004  16.7574   0.0921     6.49    0.427 -64.40   0      16.51     521.7974     46.78608
      1347    952.4518    155.0468     19390.68     149.9208  14.2810   0.0084     0.00    0.418   6.61   2      185.6     16879.69     98.27412
      1348    630.6339    158.4921     1182.889      113.163  17.3176   0.1039     2.75    0.485 -16.54   0      19.52     826.5583     48.01207
      1349    181.1384    157.8442       1382.4     100.5402  17.1484   0.0790     4.78    0.519  69.34   0       20.4     731.6902     48.02758
      1350    851.3836    157.7129     1535.643     167.3995  17.0343   0.1184     4.43    0.409  44.76   0      15.22     485.2328     46.72761
      1351    415.2940    148.8321     56510.54     327.2655  13.1197   0.0063     7.97    0.349  54.72   0      234.4     10720.98     82.47803
      1352    345.7828    156.0031     7925.231     230.7222  15.2525   0.0316    11.52    0.220  71.46   2      48.73     1424.433     51.20089
      1353    838.0197    156.5072     1607.732     93.89693  16.9845   0.0634     2.29    0.348 -89.33   0      37.03     1307.289     50.34705
      1354    729.5426    150.7005     119973.7     341.6298  12.3023   0.0031     6.98    0.096  30.04   2        395     21413.83      108.047
      1355    665.5438    156.7470      1341.65     131.6783  17.1809   0.1066     3.31    0.429 -26.02   0      23.16     871.6766     48.91405
      1356    324.7763    156.2623      1414.74     85.64344  17.1233   0.0657     1.89    0.257 -43.42   0      36.26     1454.887     51.44441
      1357    520.9833    156.0414      1085.23      131.235  17.4112   0.1313     0.00    0.014  85.89   2      10.76     435.3106     46.84268
      1358    462.2718    153.7783     6862.029     254.9856  15.4089   0.0404    11.64    0.140  -7.98   0      43.93      1247.72     50.52089
      1359    239.4457    151.7651     15887.87     241.9195  14.4973   0.0165     4.94    0.168  55.90   2      95.41     3343.481     59.20286
      1360    546.6445    149.6619     13629.16     319.1099  14.6638   0.0254     5.04    0.044  40.01   2      79.57     2666.288     56.44476
      1361    642.1630    150.8864     2984.764     204.4161  16.3127   0.0744     3.06    0.236 -68.91   2      21.25     686.6818      47.5803
      1362    481.1471    150.8389     3367.573     251.8517  16.1817   0.0812     8.76    0.057 -39.76   2      21.13     602.4551     47.52955
      1363    936.9106    148.9760     5786.567      278.127  15.5939   0.0522     6.34    0.194   9.25   2      36.25     1024.792      49.1688
      1364    801.1068    149.7428     37022.73     158.7236  13.5788   0.0047     5.45    0.355 -72.48   0      267.3     33281.19     130.6461
      1365    749.8801    148.1226     4107.967     281.2491  15.9659   0.0744     5.92    0.316 -10.92   0      22.93     411.7176     46.12752
      1366      9.0475    148.9822     1806.941     178.2431  16.8576   0.1071     5.24    0.310  -1.05   0      14.73     496.2875      47.1376
      1367    687.3167    147.8368     3467.877      96.8676  16.1498   0.0303     2.38    0.368 -27.62   0      70.39     2971.546     57.56398
      1368    182.0854    146.8741      1101.11     83.14697  17.3954   0.0820     4.65    0.222 -44.52   0      36.53     972.4219     48.81202
      1369    395.9934    145.9805       8402.8     98.36017  15.1889   0.0127     4.24    0.034  62.77   0      129.1     8157.899     75.38036
      1370    944.0861    140.8054     5704.339     274.5278  15.6095   0.0523     5.62    0.020 -55.80   1      32.77     885.4141      48.7496
      1371    846.9972    152.8499     8475.597     106.6806  15.1796   0.0137    -3.32    0.273 -89.99   0        126     7818.088     74.34876
      1372    128.0903    142.9139     24588.83      136.766  14.0232   0.0060     0.00    0.267 -43.78   0      226.4     24072.91     113.6008
      1373    950.0259    141.9501     13333.88      109.161  14.6876   0.0089     4.37    0.067 -68.19   1      163.6     13037.88     89.00941
      1374    857.6566    140.4433      2746.72     156.1754  16.4030   0.0617     8.73    0.073  79.54   0      23.21     591.9202     47.47915
      1375    300.4792    128.2013     19739.07     499.0374  14.2617   0.0275    13.32    0.305 -63.71   3      63.06     1637.022     52.13601
      1376     76.0023    141.9932     56729.84     177.8808  13.1155   0.0034     4.20    0.009 -81.54   0      350.4     56470.21     166.2599
      1377    504.2835    140.8767      2424.98      108.155  16.5382   0.0484     4.38    0.519 -16.95   2         49     1708.992     52.12886
      1378    506.0008    136.9986     13243.42     108.9725  14.6950   0.0089     4.19    0.002 -43.91   3      165.8     13165.97     89.21095
      1379     57.1260    138.2426     3743.298     175.2113  16.0669   0.0508     7.47    0.496  68.01   3       29.9     896.9567     48.80338
      1380     60.7981    136.2301     6872.109      202.592  15.4073   0.0320     7.80    0.513  79.54   3      46.75      1746.82     52.82402
      1381    810.0837    139.0110        20047     123.4762  14.2449   0.0067     0.00    0.180   6.82   0        204     19627.27     104.3817
      1382    180.0240    137.9526     4106.404     87.87386  15.9663   0.0232     0.00    0.085 -60.89   0      86.08      3877.84     61.31087
      1383    410.6751    134.4933     2104.636     108.7691  16.6921   0.0561     4.26    0.539 -56.97   0      44.36     1607.924     51.79412
      1384    512.4922    131.2658     5809.589     317.9072  15.5896   0.0594     6.99    0.301  31.51   2      25.88     570.3624     47.13984
      1385    795.2276    133.1076      3056.47     97.34039  16.2869   0.0346     1.64    0.261  56.12   0       57.7     2833.235     56.81934
      1386    461.8300    130.9045     4710.121     304.1042  15.8174   0.0701     8.58    0.489  13.62   2      23.12      377.073       45.835
      1387    135.0652    131.9676     8766.404     100.5923  15.1429   0.0125     4.55    0.110 -32.06   0      127.6     8179.574     75.44568
      1388    976.8777    128.7322     1352.244     90.23779  17.1724   0.0725     5.17    0.490 -56.86   0      24.85     1004.389      49.0744
      1389    895.4980    130.0000     1518.158      92.1797  17.0467   0.0659     2.37    0.359   0.15   0      35.64     1218.573     50.27881
      1390    769.9098    127.6730      6169.52     298.7294  15.5244   0.0526     7.36    0.277  80.49   3      33.16     813.6147     48.18279
      1391    767.1757    119.1798     5906.882     298.5295  15.5716   0.0549     9.92    0.285  34.81   3      29.71     792.3207     48.54393
      1392      8.0164    129.0131     5695.247     91.89133  15.6112   0.0175   -19.21    0.059  45.43   0      105.4     5659.469     67.42809
      1393    805.9832    126.9683     8867.078     99.42715  15.1305   0.0122     0.00    0.132  64.93   2      131.5     8458.717       76.428
      1394    354.0628    126.4781     927.8857     85.97862  17.5813   0.1006     4.93    0.524 -26.63   0      15.18     788.8724     48.18182
      1395   1004.8775    123.8728     5880.895     256.2947  15.5764   0.0473    11.27    0.329  21.60   2      36.04     993.8486     49.02556
      1396   1010.0003    120.9999     20083.34     122.4094  14.2429   0.0066     0.00    0.000  74.42   3      204.7      19803.6      104.765
      1397    661.3877    121.4670     4392.785      257.691  15.8932   0.0637     5.95    0.308  55.18   2      24.55     652.2423     47.65014
      1398    297.2972    138.7998     26990.08     307.8955  13.9220   0.0124     7.59    0.176  13.34   3      120.1     4255.803     62.51814
      1399    237.2317    123.6661     1855.148     95.95789  16.8291   0.0562     2.76    0.352 -73.05   0      38.95     1305.858     50.67182
      1400     96.0861    124.8848     1414.773     80.61232  17.1233   0.0619     1.16    0.115   1.35   0      38.49     1352.368     50.77029
      1401    379.2458    123.4689     2958.381     188.0453  16.3224   0.0690     4.36    0.255  12.59   0      23.89      734.825     48.04241
      1402    208.5703    122.6880     4646.424     238.8305  15.8322   0.0558     5.81    0.139  57.22   3      32.52     922.9648     48.69585
      1403    203.2184    117.1319     6717.512      227.087  15.4320   0.0367     5.97    0.307  59.01   3      46.73     1675.852      52.4115
      1404    615.9939    122.9934     10294.07     102.6372  14.9685   0.0108     0.00    0.006  43.09   3      145.2     10273.61     81.51004
      1405    611.9875    120.0321     6591.546     228.7962  15.4525   0.0377     5.41    0.097  61.59   2       43.2     1351.878     51.20557
      1406    195.8911    123.1120       1992.3     168.0184  16.7516   0.0916     3.14    0.295   3.44   0      17.83     674.2633     47.63814
      1407     17.6993    121.1266     3596.107     219.5402  16.1104   0.0663     7.26    0.305  31.02   0      26.12     736.7194      47.5849
      1408    946.8009    118.4495     3922.517     212.7892  16.0161   0.0589     8.66    0.312  55.91   0      28.03     733.9532     48.03829
      1409    818.8859    117.1435     1631.947     142.3354  16.9682   0.0947     4.22    0.151  43.78   2      16.21     623.2931     47.27654
      1410    774.3015    117.5581     2321.514     172.5512  16.5856   0.0807     2.94    0.418 -66.30   0       21.8     900.7569     48.36202
      1411    733.3066    115.2935     2034.161     102.0028  16.7290   0.0545     3.14    0.436  44.19   0      48.14     1710.942     52.35083
      1412    292.4805    114.2634     2893.183     225.0925  16.3466   0.0845     7.85    0.427  41.95   0      21.02     484.0055     46.72164
      1413    965.7767    110.9061     1985.228      87.1442  16.7555   0.0477     2.82    0.248  19.61   3      46.87     1526.808     51.32842
      1414    969.0482    106.0383     35612.88     160.2112  13.6210   0.0049     5.77    0.235  80.37   2      269.6     34142.11     132.2197
      1415    148.5126    113.0581     2027.916     212.0748  16.7324   0.1136     6.15    0.659  18.06   0      16.47     409.3852     46.23679
      1416    996.8647    108.0622      4883.66     95.86659  15.7781   0.0213     4.68    0.212 -25.16   0      92.55     4466.632     63.19175
      1417    760.3644    107.1133         6142     304.7153  15.5292   0.0539     6.21    0.218  38.11   0      31.17     859.8353     48.40031
      1418    637.9817    108.9993     8011.609     97.45209  15.2407   0.0132     4.23    0.025  -0.32   0      126.4     7825.879     74.37257
      1419    163.5005    107.1201     3684.005     152.1311  16.0842   0.0448     8.68    0.259  35.54   0      30.77      830.532     48.14684
      1420    698.6229    107.9974     1550.542     90.73585  17.0238   0.0636     2.32    0.317  -0.43   0      22.75     1411.888     51.14518
      1421    232.0107    104.6069     11938.83     262.6751  14.8076   0.0239     5.17    0.143  35.27   2      75.52     2466.936     55.63629
      1422    176.6408    104.2769     3334.645     231.6366  16.1924   0.0754     8.14    0.235  62.86   0      22.85     669.3967     47.73189
      1423    110.9801    101.7322      17066.3     389.0384  14.4197   0.0248    12.39    0.102  66.33   0      66.54      1927.35     53.49096
      1424    361.6030    100.9180     5923.775     196.6232  15.5685   0.0360     4.92    0.123  32.16   0      44.73     1454.559     51.44296
      1425    948.0168    100.9767     6424.146     93.67676  15.4805   0.0158     4.27    0.049 -60.62   0      110.9     6154.265     69.23699
      1426    659.8590    101.0199     1890.617      81.9429  16.8085   0.0471     1.01    0.100  -2.63   0      50.62     1935.248     53.42022
      1427     89.2777    100.4464     1217.854     132.5207  17.2860   0.1182     3.08    0.433 -64.73   0      24.56     856.2793     48.49873
      1428    441.0282    100.0160     4341.484     88.47977  15.9059   0.0221     0.00    0.062  28.57   0      89.73     4213.168     62.54154
      1429    576.5393     96.6980     4329.893     193.3354  15.9088   0.0485    10.82    0.298 -25.59   0      29.96     653.6633     47.42231
      1430    447.7180     98.0047     1710.995     89.59411  16.9169   0.0569     2.38    0.229  -0.76   0      45.44     1478.317     51.54781
      1431    242.4444    114.8363     3004.207     215.7192  16.3057   0.0780     7.12    0.514  58.58   0      21.37     825.1545     48.58277
      1432    784.0286     95.0501     13010.54       115.94  14.7143   0.0097     0.00    0.198 -20.83   0      159.1      12136.9     86.67838
      1433    981.0089     90.6525     10835.98     253.0529  14.9128   0.0254    12.34    0.100  84.13   2      60.88     1640.064     52.25608
      1434     97.7473     92.7572     9296.049     318.6447  15.0793   0.0372    10.79    0.160  28.18   0      46.45      1278.21     50.65787
      1435     21.3672     88.4049     9752.514     319.8431  15.0272   0.0356    11.06    0.080  54.09   2      52.29     1694.334     52.59771
      1436    993.0993     93.8783      2088.19     92.07269  16.7006   0.0479     4.98    0.190  43.91   0      45.99     1521.148     51.30336
      1437     44.9926     91.9890     24009.23     129.4935  14.0491   0.0059     0.00    0.018  57.30   0        224     23690.23      112.882
      1438    756.0764     89.1668     4313.538     94.50533  15.9129   0.0238     4.79    0.251  64.00   0      84.45      3775.31      60.7463
      1439    701.9175     85.1369      17551.1     265.9188  14.3892   0.0165    13.89    0.153 -44.40   0       95.8     2870.922     57.06768
      1440    680.4744     86.0248     9203.738     278.9133  15.0901   0.0329    13.36    0.334 -48.79   2      51.05     1351.638     50.87674
      1441    929.4570     89.3494       1522.4     148.8668  17.0437   0.1062     5.62    0.570  17.47   0      16.01     636.4058     47.69162
      1442    394.9798     88.9771     4577.431     274.6105  15.8484   0.0652     5.35    0.173  72.94   2      24.29     664.9233     47.94378
      1443    632.7244     85.8264     3851.085     210.7375  16.0360   0.0594     9.65    0.199  83.79   2       25.4     610.7017      47.4516
      1444    612.0204     87.7904      1863.99     182.9467  16.8239   0.1066     5.05    0.182  88.93   0      13.96     401.9319     46.44091
      1445    209.6735     86.9690     1366.525     129.5872  17.1610   0.1030     1.83    0.030  88.81   2      21.22     738.0385     48.05761
      1446    967.0016     85.0258     12707.05      107.848  14.7399   0.0092     0.00    0.020 -89.84   0      160.5     12706.03     88.09473
      1447    773.9357     84.1902     2700.348     199.9593  16.4215   0.0804     4.79    0.421 -14.70   2      22.06     741.0478     48.07184
      1448    769.1552     82.1436     2338.845     182.0101  16.5775   0.0845     4.93    0.375  46.03   3      15.85     609.4016     47.56276
      1449    691.2214     81.7328     3927.545     269.4552  16.0147   0.0745     8.39    0.067  41.20   1      21.44     459.8319      46.8426
      1450    224.0462     79.4128      1602.59      86.1405  16.9879   0.0584     1.43    0.175  80.69   2      39.44     1620.809     52.27905
      1451    282.9990     78.9940     1975.377     115.9522  16.7609   0.0637     4.20    0.013  57.42   2      54.62     1915.576     53.33646
      1452    895.0189     80.9864     16134.31     114.8436  14.4806   0.0077     0.00    0.040 -41.87   2      182.1     15931.14     95.99734
      1453    855.7618     77.2412     17223.24     270.3205  14.4097   0.0170    13.25    0.015  74.01   2       93.3     2981.635     57.70053
      1454    368.6188     80.5383     1366.061     114.7516  17.1613   0.0912     5.73    0.588 -32.31   0      22.54     783.9655     48.27432
      1455    349.6228     78.2498     3744.628     108.3499  16.0665   0.0314     0.00    0.497 -33.94   0      70.27     3026.219     58.06825
      1456    300.5419     80.0286     1499.766     161.4142  17.0599   0.1169     6.10    0.342  27.59   0       14.2      409.961     46.48019
      1457     32.9833     79.6041      7856.24      116.656  15.2620   0.0161     0.00    0.422 -88.84   0      112.8     6558.778     70.39407
      1458    967.8833     78.9700     2294.385     174.1242  16.5983   0.0824     6.07    0.470  13.67   0      20.01     967.6529     49.01787
      1459     72.3690     77.2323     2646.896     222.3497  16.4432   0.0912     6.34    0.455  46.18   0      16.75     446.0908     46.89495
      1460    525.4200     75.5735     2165.082     194.3931  16.6613   0.0975     6.26    0.257  67.91   0      17.99     554.5615     47.41773
      1461    407.4619     76.3960     1501.151     108.7899  17.0589   0.0787     2.91    0.463 -62.74   0      24.45     1042.044     49.58701
      1462    567.4290     73.1680     2641.775     176.1669  16.4453   0.0724     3.16    0.231  33.52   0      21.15     802.2732     48.59051
      1463    238.4252     72.5256      3252.84     197.7867  16.2193   0.0660     5.89    0.228  37.32   0      23.92     667.3765     47.72227
      1464      4.0756     73.5337     2146.215     106.2637  16.6708   0.0538     4.41    0.486 -27.20  25      32.81     1443.522     51.17671
      1465     38.3412     69.9571     7141.038     330.4518  15.3656   0.0503    10.42    0.217  29.38   0      32.11     914.9661     48.88717
      1466    400.1236     70.0167     1982.723     149.5679  16.7568   0.0819     0.00    0.137  -0.92   0      20.17     813.2673     48.52713
      1467     21.3850     64.1693     58141.47     296.7283  13.0888   0.0055     5.44    0.132  41.13   2      242.7     10746.79     82.95344
      1468    246.0772     68.0847     3355.724     87.51811  16.1855   0.0283     4.40    0.132  44.35   0      74.15      3295.11     58.63771
      1469    182.4545     67.5052     1229.798     129.3472  17.2754   0.1142     7.30    0.663 -36.55   0      14.95     436.7567     46.25072
      1470    764.4651     63.4652     1175.919      131.392  17.3241   0.1213     4.44    0.628 -40.97   2      22.51     729.7975     47.90235
      1471    145.0145     67.9699     7041.161     95.16195  15.3809   0.0147     4.27    0.051 -62.68   0      117.3     6844.172     71.46576
      1472    993.8205     65.1139     4649.728     133.1449  15.8314   0.0311     2.56    0.388  83.08   0      60.61     2782.845     56.71584
      1473    230.0284     65.7941       929.44     82.67639  17.5794   0.0966     2.94    0.225 -88.48   0      27.51     703.7817     48.12763
      1474    205.9774     64.1005     5923.788     95.42297  15.5685   0.0175     4.59    0.179 -77.31   0      104.7      5536.09     66.67725
      1475    663.9877     60.2047     15876.94     276.3417  14.4981   0.0189     7.92    0.032   0.28   0      92.54     3137.504     58.31124
      1476    549.3695     62.4160     1639.999      164.179  16.9629   0.1087     5.74    0.133  47.46   0      14.57     455.5658     46.94085
      1477    362.1066     61.1391      6160.62     282.4097  15.5259   0.0498     5.70    0.206  42.26   2      33.18     847.1675     48.34079
      1478     72.5140     60.3425     2023.136     136.9826  16.7349   0.0735     4.06    0.551 -34.37   0      38.59     1355.205     50.67305
      1479    434.8533     59.6994     15680.77     122.2074  14.5116   0.0085    -0.99    0.336  63.67   0      166.4     13508.05     89.89231
      1480    887.0753     58.9753     13822.97     112.6769  14.6485   0.0089     0.00    0.179 -18.06   0      169.7     13781.63     90.76585
      1481     94.5798     56.7234     2080.642     205.4542  16.7045   0.1072     6.87    0.374  71.63   0      15.31     415.1948     46.62553
      1482    580.6287     62.7038     3229.915     107.2648  16.2270   0.0361     2.46    0.438 -26.68   0      53.85     2516.153     55.43606
      1483    525.9556     56.9391     2769.477     199.3397  16.3940   0.0782     4.95    0.014  18.06   0      21.47     626.5531     47.52745
      1484    245.9906     57.9874     8212.884     97.92036  15.2138   0.0129     0.00    0.033  27.56   0      128.4     8077.672     75.13808
      1485    619.8569     56.1307     2879.318     87.87317  16.3518   0.0331     0.00    0.235 -43.43   0      64.55     2575.839     55.97987
      1486    981.4052     55.1080     2740.014     202.7734  16.4056   0.0804     5.33    0.058 -62.44   0      19.52       571.65     47.26418
      1487    591.0850     54.0830      6963.28     97.86746  15.3930   0.0153     4.70    0.213  44.27   0      115.2      6635.54     70.56248
      1488    199.8334     54.7781     17759.88     131.4299  14.3764   0.0080     0.00    0.352  51.21   0      180.1     15604.47     95.33786
      1489    796.4413     51.6872     7994.359     224.0471  15.2430   0.0304     1.51    0.265  35.83   0      53.21     1237.469     50.14222
      1490    700.1862     52.4952     1923.467     149.4778  16.7898   0.0844     0.00    0.330  74.35   0      19.24     745.4203     47.97642
      1491    333.7433     54.0486     2800.684     96.74133  16.3818   0.0375     2.08    0.314  -0.67   0      51.07     2362.483     55.30887
      1492    941.1121   1019.9017     1753.849     168.5248  16.8900   0.1044     3.05    0.303  26.87  18      15.79     547.6578     46.79251
      1493    269.9865     47.9521     22268.63     126.4016  14.1308   0.0062     4.48    0.128  72.01   0      217.6     22176.05     109.8926
      1494    250.3737     53.0239     5034.626     241.5197  15.7451   0.0521    10.08    0.212  41.47   0      35.24     1022.636     49.61051
      1495    890.9567     45.2344     2244.878     134.2705  16.6220   0.0650     1.59    0.134  85.19   2      32.14     1251.529     50.53802
      1496    498.2474     45.2655     359.4662     48.92823  18.6109   0.1478     0.00    0.302 -46.93   2      12.17     361.8083     46.24414
      1497    141.4534     43.3979     3338.722     169.8299  16.1910   0.0552     5.18    0.299  56.20   0      26.77      828.095     48.48163
      1498    915.4923     43.4725     1540.989     106.2812  17.0305   0.0749     3.43    0.510  45.02   0      29.73     1023.138     49.16115
      1499    830.6724     41.8390     1897.553     134.7201  16.8045   0.0771     7.55    0.677  80.20   0      21.35     852.2922     48.59493
      1500    986.0625     49.9889     4816.475     89.69155  15.7932   0.0202     0.00    0.082  -9.98   0       92.7     4482.017     63.33516
      1501    202.8663     41.6811     2534.427     93.16767  16.4903   0.0399     2.37    0.337  63.27   0      58.01     2131.869     54.04431
      1502    832.4786   1021.9754     2410.388     104.1845  16.5448   0.0469     3.19    0.464   2.56  16      52.49     1983.571     53.62542
      1503    648.6425     40.1978     2137.868     133.0455  16.6750   0.0676     7.25    0.633  -1.94   0      25.41     980.2564     49.41598
      1504    543.7408     39.6577     2359.719     205.0841  16.5679   0.0944     7.39    0.589  23.44   0      18.89     430.4486     46.81908
      1505    931.9819     38.4007     5100.542     226.0804  15.7310   0.0481     5.13    0.036  76.27   0      35.23     1059.604     49.55502
      1506    727.9907   1021.0242     5624.204     91.71545  15.6248   0.0177     4.27    0.049 -60.55  16      103.1      5437.23     66.75839
      1507   1000.0019     38.0083     15872.32     114.3239  14.4984   0.0078     0.00    0.013 -89.86   0      181.5     15607.78      95.2287
      1508    956.5496     36.1751     6100.423     326.7624  15.5366   0.0582    11.15    0.491  78.84   3      31.37     666.1196     47.94945
      1509    424.9744   1021.7839     1169.046     81.64236  17.3304   0.0758     1.03    0.130 -87.85  16      30.98     1047.146     49.72267
      1510    940.9420     36.1076     8245.391     102.1746  15.2095   0.0135     4.67    0.210 -61.21   0      125.2     7732.865      73.9371
      1511    613.5148     37.0062     3882.724     264.1922  16.0272   0.0739     5.39    0.119  10.17   2      23.65     681.8257     47.90757
      1512     21.8021     34.8758     2798.522      148.942  16.3827   0.0578     8.42    0.375  35.80   0      23.86     775.2975     48.23349
      1513    740.0663     46.1833     28364.29     299.7462  13.8681   0.0115    13.02    0.140  35.35   3      141.1     5171.453     65.76262
      1514    462.8105     33.4791     1539.542     96.66066  17.0315   0.0682     2.99    0.417 -62.23   0      31.19     1070.942     49.60699
      1515     62.2812     34.7836     4968.723     249.9682  15.7594   0.0546     5.90    0.308 -19.06   0      23.01     389.6225     46.38063
      1516     40.3753     30.2724      8143.46     274.0074  15.2230   0.0365    11.70    0.111 -66.26   0      49.77     1404.719     51.11331
      1517    819.4792     28.4857     12961.06     287.8304  14.7184   0.0241     3.63    0.551  45.01   3      116.3     1281.814     50.34281
      1518    471.8986     32.8913     1309.868     83.71563  17.2069   0.0694     4.68    0.215  45.35   0      40.14     1135.904     49.56736
      1519   1015.2437     31.5310     1983.587     147.6933  16.7564   0.0809     2.95    0.568  27.11  19      18.33     745.4711     48.09275
      1520    515.9472     31.0484     3394.314     235.8694  16.1731   0.0755     3.44    0.222  57.66   0      19.43     647.1636     47.74286
      1521    939.3089     29.6563     5352.435     284.2217  15.6786   0.0577     9.97    0.542  42.88   3      34.27     909.1594     48.63137
      1522    941.3682     27.7054     2992.607     197.4874  16.3099   0.0717     0.54    0.478  33.42   3      21.73     1000.475     48.82839
      1523    837.3656     28.6329     8922.966      220.607  15.1237   0.0268    12.17    0.275 -33.38   0      56.69     1615.342     52.25528
      1524    591.0181     30.0074     45933.78     163.5061  13.3447   0.0039     4.26    0.036  25.36   0      313.2     45321.66     150.2492
      1525    155.2832     27.6196     1619.881      105.132  16.9763   0.0705     2.78    0.298 -74.32   0      33.76     1143.078     49.93639
      1526     10.4519     38.2234     1980.711     113.5327  16.7579   0.0622     3.69    0.424 -66.60   0      30.85     1566.582     52.04277
      1527    647.9948     26.5130     763.4603     83.89733  17.7930   0.1193     0.96    0.534 -26.19   0      13.36     700.7848     47.99743
      1528    466.0979     25.0902     5851.658     95.25102  15.5818   0.0177     4.79    0.248  43.50   0      104.2     5504.187     66.65213
      1529    418.8156   1017.1807     12124.62     352.1515  14.7908   0.0315    12.93    0.285 -61.71  16      56.17     1413.508     51.26128
      1530     21.0029   1022.0016     6526.154     93.92391  15.4634   0.0156     4.25    0.035  29.12  18      113.3      6454.62     70.05698
      1531    696.9728     25.1780     1970.343     142.8747  16.7636   0.0787     1.58    0.139  89.38   0      22.05     950.6862     49.27979
      1532    827.1495   1015.9755     2523.437      180.704  16.4950   0.0778     5.03    0.084  56.41  16      18.78     573.6844      47.5093
      1533    301.4801     25.0371     6710.857     121.4946  15.4331   0.0197     0.00    0.552   6.57   0      107.8     6190.482     69.19478
      1534    499.6924   1015.8258     3594.603     266.0486  16.1109   0.0804     8.79    0.550  83.55  18      19.24     530.1628     46.70745
      1535    604.9335     22.8840     1882.046     175.1841  16.8134   0.1011     3.36    0.395 -88.76   2      16.25     817.7357     48.20222
      1536    343.9918     24.0413     5298.539     90.90487  15.6896   0.0186     4.46    0.040  15.23   0      98.14     4982.149     65.36156
      1537    515.7379     23.4570     1270.396     103.0294  17.2402   0.0881     3.12    0.444  62.75   0      26.27     917.9084     49.01475
      1538    370.2106     22.1970     1093.896     89.58475  17.4026   0.0889     4.19    0.360  45.39   0      28.68     758.5621     48.15458
      1539    234.6687     22.0623     1732.574       139.53  16.9033   0.0875     6.73    0.347 -49.11   0      15.45     413.4555     46.49727
      1540    100.4692   1014.4583     5135.683     268.4026  15.7235   0.0568    10.75    0.157 -47.54  16       33.2     851.8328     48.59278
      1541     65.1172     22.9982     1374.717     138.9459  17.1545   0.1098     1.97    0.373  -0.01   0      19.56     912.3455     48.98895
      1542    932.9946     19.9929     58488.32     180.1135  13.0823   0.0033     4.28    0.039  38.61   0      354.5     57878.55      168.174
      1543    216.9073     19.9782     2000.969      82.2484  16.7469   0.0446     4.36    0.100   0.13   1      53.93     1819.162     52.60699
      1544    451.9890     49.0056     3737.541     86.91461  16.0685   0.0253     4.18    0.004  48.18   2      84.18     3783.017     60.77512
      1545    740.0274     19.0004      5677.14     91.84653  15.6147   0.0176     4.24    0.035   1.78   0      105.4     5558.486      67.2529
      1546    696.2618     18.1352       1958.4     191.2575  16.7702   0.1061     7.01    0.250  12.91   0      16.97     561.6136      47.2159
      1547    342.0507     18.8987     3985.182     87.55978  15.9989   0.0239     4.42    0.064 -45.61   0      80.19     3757.969     60.40506
      1548   1020.5095     17.5884     1144.112     84.92223  17.3538   0.0806     2.50    0.269 -71.85  16      22.78     965.7771     48.89525
      1549    732.9314   1014.9608     5048.918     91.80988  15.7420   0.0197     0.00    0.169  24.45   0      94.41     4556.012     63.60013
      1550     32.0045   1014.9991     12614.21     107.6522  14.7478   0.0093     0.00    0.032  10.51   3      158.6     12237.88     86.81436
      1551    608.0171     15.0231     5480.564     91.35882  15.6529   0.0181     0.00    0.074  44.88   0      102.9     5409.196     66.74648
      1552    822.0999     14.9022     1887.846     115.7805  16.8101   0.0666     1.65    0.188 -31.00   0      28.17      1083.38     49.09932
      1553     33.9605   1011.3040     2113.567     215.4269  16.6875   0.1107     1.81    0.551  79.15   2      17.53     754.0186     47.66745
      1554    951.2206   1010.2372     731.3187     122.9227  17.8397   0.1825     5.65    0.697 -60.41   0      10.68     313.3815     46.36774
      1555    790.1278   1010.2909     2587.476     113.5194  16.4678   0.0476     2.12    0.218 -80.84   1      47.88     1897.769     53.05072
      1556    214.6314   1008.5447     9250.592     207.2706  15.0846   0.0243    11.45    0.189  67.48   0      67.29     2124.978     54.22141
      1557    940.9902   1010.5142      979.817     93.86182  17.5221   0.1040     4.96    0.525 -26.62   0      15.69     800.2345     48.23538
      1558    462.5946   1006.7795     6877.052     203.9691  15.4065   0.0322    10.42    0.368 -52.67   0      48.74     806.5955     48.38074
      1559    294.8439   1008.6735     2089.928     174.6572  16.6997   0.0908     6.98    0.516  30.39   0      16.68     448.0002     46.66582
      1560    166.0743   1007.9750     3076.445      180.628  16.2799   0.0638     2.97    0.520  82.59   0      29.93     1394.183     51.06644
      1561      7.9049   1007.4156     2263.109     197.3538  16.6132   0.0947     4.96    0.199   4.09  19      17.94     619.4379       47.258
      1562    409.0536   1008.4466     2225.389     189.3788  16.6315   0.0924     3.56    0.236 -16.88   0      18.12     625.8852     47.64146
      1563    187.0695   1008.9176     1209.056     81.75366  17.2939   0.0734     4.49    0.192 -62.08   0       37.3     1019.229     49.14308
      1564    425.0485   1007.4431     3243.502     229.1262  16.2225   0.0767     1.79    0.247 -87.43   2      20.16     739.8195     48.18191
      1565    398.9931   1007.9946     57349.88     178.6712  13.1037   0.0034     4.23    0.022  29.02   0      351.6     56904.69     166.8527
      1566    847.7015   1005.1622       2513.4     201.8297  16.4993   0.0872     7.80    0.264  57.64   0      17.78     464.2417     46.26521
      1567    653.7433   1005.9862     1614.337     181.1032  16.9800   0.1218     5.08    0.451  69.11   0      14.23     454.8948     46.81864
      1568    760.1692   1005.3893     2158.229     208.9039  16.6648   0.1051     6.82    0.238  31.08   0      16.15      444.412     46.88681
      1569     14.8040   1005.8751     1832.566     91.43952  16.8424   0.0542     0.98    0.182 -13.29   3      39.34     1705.453     52.43346
      1570     18.4367   1003.8867     1051.518     86.30481  17.4455   0.0891     2.18    0.520  63.47   2      20.19     937.4174     48.76326
      1571    789.4669   1003.2770     9711.124     302.7962  15.0318   0.0339    11.44    0.375  41.21   3      53.15     1681.933     52.11786
      1572    776.4873   1002.9008     7232.502      309.607  15.3518   0.0465    11.35    0.343  26.66   2      42.52     1143.484      49.6021
      1573    724.4363   1004.3333     1697.848     145.3471  16.9253   0.0930     6.00    0.588 -39.43   0      17.92     595.3083     47.37781
      1574    567.1214   1004.8552     1380.898     87.16788  17.1496   0.0686     3.79    0.290 -44.68   0      39.47     1144.728     49.72009
      1575   1008.1258   1002.9294      6365.42     96.46909  15.4904   0.0165     4.63    0.188 -30.77   0      107.8       5992.6     68.46034
      1576    576.2524   1002.2393     2765.619     193.6595  16.3955   0.0760     4.20    0.191  43.98   0      21.64     723.4716     48.10474
      1577    924.0122    999.2564     11027.85     278.9001  14.8938   0.0275     5.49    0.143  14.19   0      73.08     2414.156      55.5208
