#   1 NUMBER                 Running object number                                     
#   2 X_IMAGE                Object position along x                                    [pixel]
#   3 Y_IMAGE                Object position along y                                    [pixel]
#   4 FLUX_AUTO              Flux within a Kron-like elliptical aperture                [count]
#   5 FLUXERR_AUTO           RMS error for AUTO flux                                    [count]
#   6 MAG_AUTO               Kron-like elliptical aperture magnitude                    [mag]
#   7 MAGERR_AUTO            RMS error for AUTO magnitude                               [mag]
#   8 FWHM_IMAGE             FWHM assuming a gaussian core                              [pixel]
#   9 ELLIPTICITY            1 - B_IMAGE/A_IMAGE                                       
#  10 THETA_IMAGE            Position angle (CCW/x)                                     [deg]
#  11 FLAGS                  Extraction flags                                          
#  12 SNR_WIN                Gaussian-weighted SNR                                     
#  13 FLUX_APER              Flux vector within fixed circular aperture(s)              [count]
#  14 FLUXERR_APER           RMS error vector for aperture flux(es)                     [count]
         1    988.1454     29.8354     30862.78      438.688  13.7764   0.0154     4.42    0.114  -7.60   1      118.8     7687.695     98.11456
         2   1007.7986     16.0583     196962.9     692.9244  11.7640   0.0038     5.61    0.418  63.82  18      434.2     36412.29     150.7241
         3    995.2895     20.4164      27192.9     508.2673  13.9139   0.0203     6.70    0.158 -15.54   3      91.06     5187.718     91.76505
         4    669.1852     28.0382      25928.8     378.7275  13.9655   0.0159     8.85    0.130 -15.66   0      102.1     6312.563     95.42191
         5    367.2330     26.8146      14029.7     497.1476  14.6324   0.0385     7.39    0.104 -40.06   2      48.25     2811.581     86.68324
         6    579.6271     23.2777     11125.02     557.4887  14.8842   0.0544     7.52    0.528 -87.85   3      251.8     1117.835     81.48721
         7    572.1190     22.3415     16592.02     522.9126  14.4503   0.0342     4.98    0.241  16.83   2      58.16     3508.258     87.50676
         8    859.1364     10.4280     695111.1     770.7015  10.3949   0.0012     4.60    0.208 -14.05  26      988.8     160604.1     281.2459
         9     96.3086     21.6725     17683.73     351.0423  14.3811   0.0216     6.43    0.146  -0.57   0      74.87     4274.122     89.47375
        10    893.9941     19.6859     52271.28     411.4197  13.2043   0.0085     4.34    0.127  -3.47   0      187.5     13206.84     110.1597
        11    637.5835     19.0829     11565.25      528.155  14.8421   0.0496    10.70    0.398  11.77   3      35.69     1665.518     83.00068
        12    642.0146     15.4775     7208.067     443.1917  15.3555   0.0668     5.15    0.243 -76.83   3      24.27     1352.758     82.35043
        13    205.4229     18.7966     13442.72     547.4684  14.6788   0.0442     8.59    0.280  30.97  18      39.21     1255.769     81.87102
        14    162.1280     12.5556     32416.51     608.1446  13.7231   0.0204    15.12    0.404 -88.26  18      87.76     4279.471     89.87365
        15    736.0604     17.5046     5697.063     375.7222  15.6109   0.0716     4.30    0.118  -0.39   2      25.78     1473.966     82.05337
        16    588.8387     10.3719     328447.8     590.3387  11.2088   0.0020     4.39    0.111   0.26  16      648.4     80633.43     207.0094
        17    290.6560     13.4970     106969.8     521.6119  12.4268   0.0053     4.20    0.155   8.07  18      300.3     18364.69     119.8988
        18    149.3044     14.6933     18714.67      771.835  14.3195   0.0448    12.68    0.316  44.52  19      37.52     1450.098     82.19823
        19     62.3150     12.7519     60499.06     528.7131  13.0456   0.0095    16.48    0.405  -5.65  16      186.2      10410.5     103.8981
        20    373.7375     12.7243     68474.48     459.6473  12.9112   0.0073     6.98    0.213   3.31  16        217     14038.39     111.8622
        21    751.5143     14.0908     7350.452     392.4847  15.3342   0.0580     8.82    0.228 -62.83   1      29.95     1702.423     82.89296
        22    617.0290     13.0661      3755.68     141.0512  16.0633   0.0408     0.00    0.119  60.53   0      69.99     3441.987     87.73026
        23    512.0012     12.8297     3340.557     231.2683  16.1905   0.0752     4.89    0.133   0.77   0      20.02     1181.229     82.08697
        24    767.9982     12.9531     7003.688      146.191  15.3867   0.0227     4.29    0.064 -86.10   0      106.6     6654.684     95.69177
        25    775.5739      9.2393     3382.053     336.5494  16.1770   0.1081     3.35    0.243 -31.54   0      15.73     904.0963     81.31606
        26    214.0030     10.0024     14686.48     157.6832  14.5827   0.0117   -76.87    0.006 -63.45   3      165.5     14478.79     112.7534
        27    213.9956      3.3208     5813.681     319.7581  15.5889   0.0597     9.73    0.550  79.14  26      23.57     588.3793     80.21315
        28    254.7079      6.2534     7748.519     445.4176  15.2770   0.0624    10.35    0.271  24.67  16      29.15     1372.824     81.77274
        29    967.5845      6.3273     4804.987     323.0868  15.7958   0.0730     4.40    0.166   2.99  16      22.46     1249.902     82.06608
        30    695.4969      2.4531     5205.091     283.4005  15.7089   0.0591     4.72    0.194 -46.75  18      28.39     1494.148     81.89801
        31     18.6667      3.2310     4563.255     239.8025  15.8518   0.0571     4.94    0.345  -1.98  16         28     1732.782     83.18466
        32    708.1065      2.3811     2332.509     164.4492  16.5804   0.0766     3.87    0.375  -5.72  24      18.62     1246.485     81.20782
        33    489.9649      2.9906     2110.105     164.1415  16.6892   0.0845     5.15    0.338   4.46  16      16.24     1212.167     82.17258
        34    275.0004      2.9975     58524.71     211.6375  13.0817   0.0039     0.00    0.006 -85.23  24      351.3     58081.64     180.3685
        35     94.9913   1005.0024      19394.9     164.3295  14.2808   0.0092   -54.35    0.002 -21.17   3      193.4     19034.84     121.5905
        36    983.4549   1022.9252     2943.731     228.9946  16.3278   0.0845     6.05    0.476   5.19  24      17.74     1013.764     80.98282
        37    960.8594   1022.7398     6212.474      311.817  15.5168   0.0545     8.71    0.618  -6.46  24      23.99     1126.646     81.93571
        38    945.6270   1022.4999        10655     338.8793  14.9311   0.0345     8.10    0.372   5.72  24      50.47     2984.888     85.53131
        39    573.7101   1021.9716     77780.95     412.8779  12.7728   0.0058     4.88    0.495   7.28  24      261.3     21030.37     124.9881
        40    386.4177   1021.6506     7727.287     315.6749  15.2799   0.0444     4.44    0.223  -0.34  24      38.27     2324.121     84.98895
        41    398.9794   1007.9948     57306.97     210.3258  13.1045   0.0040     0.00    0.045  13.50   0      345.5     56424.81     178.2686
        42    155.9745   1006.3057     15159.37     536.1998  14.5483   0.0384     4.15    0.203   4.97   0      42.53     2647.932     85.03959
        43    830.1530   1004.7889     8727.634     400.9152  15.1478   0.0499     4.31    0.134 -10.90   0      37.72      2227.24     84.93368
        44    980.1038   1003.3312      4576.07      414.533  15.8488   0.0984     7.19    0.478 -51.76   0      15.12     725.6848      79.9539
        45    841.2387   1003.4751     5810.919     392.6965  15.5894   0.0734     3.69    0.160  23.93   0      22.77     1387.203     82.23507
        46    555.6078   1004.2197     4361.199     241.4115  15.9010   0.0601     4.64    0.194   2.23   0       23.2     1287.831     81.95997
        47    327.1133   1002.8679     5562.051      302.882  15.6369   0.0591     6.06    0.260  14.23   0      27.36     1582.253     82.35275
        48   1008.0504   1002.9637      6457.66     145.3396  15.4748   0.0244     4.32    0.091 -30.54   0        100     6135.981     94.26822
        49    587.6565   1002.1036     8352.732     422.7894  15.1954   0.0550     4.79    0.214  10.08   0      31.49     1883.697       82.972
        50    308.1186   1002.3765     4991.131     392.2218  15.7545   0.0853     6.61    0.377 -41.07   2      18.04     953.5975     81.02785
        51    517.9237    999.5623     23774.22     377.4323  14.0597   0.0172     4.18    0.172  -3.25   0      101.9     6694.059     95.78525
        52     65.8187    999.9189     5563.575     373.3286  15.6366   0.0729     7.32    0.407   2.71   0      22.95     1276.127     81.92751
        53    710.6439    998.3481     5214.335     394.5524  15.7070   0.0822     4.09    0.263 -19.23   2      23.85     1104.019     81.66107
        54    482.0530    998.1910     8779.771     395.5075  15.1413   0.0489     4.45    0.203  -7.63   0      35.84     2118.613     84.43761
        55    350.4776    999.5208     4669.739     239.9034  15.8268   0.0558     6.11    0.258   6.26   0      25.78     1461.065     81.80615
        56     25.1141    999.3983      3557.02      312.658  16.1223   0.0955     5.08    0.244  11.66   0      17.04     967.2306     81.49232
        57    904.2174    997.2159     8853.517     433.1739  15.1322   0.0531     4.90    0.260 -18.10   0      33.47     1828.996     83.44711
        58    816.8172    996.9183      9264.33     352.9877  15.0830   0.0414     4.00    0.189  12.38   2      42.55      2627.73     85.59487
        59    813.4794    991.2891     4893.365     369.4202  15.7760   0.0820     5.38    0.282  74.69   3      19.03     1008.885     80.96912
        60    592.0079    998.3975     2398.603     266.9179  16.5501   0.1209     4.53    0.607  31.10   0      23.16     1386.724     82.23374
        61    846.0529    994.9365     18430.74     399.9336  14.3361   0.0236     8.89    0.303  12.73   1      70.11     4243.438     89.78249
        62    833.2559    994.8157      25735.8     398.6688  13.9737   0.0168     4.36    0.194   3.80   1      106.9     7074.311     96.86227
        63    779.2755    995.9782     5129.828     379.9655  15.7247   0.0804     5.86    0.169 -16.47   2      24.06     877.6846     81.02871
        64    539.1157    994.5441     5641.018     361.5915  15.6216   0.0696     4.76    0.069  68.36   0      24.94     1420.079     81.90398
        65    632.4207    993.7705     5790.595     258.3103  15.5932   0.0484     4.17    0.268   6.67   0      31.35      1929.32     84.13271
        66    980.0704    990.9205     33534.23     424.0327  13.6863   0.0137     5.87    0.123  10.58   0      130.5     8979.373     100.7189
        67    202.0172    992.4916     8448.667     478.5696  15.1830   0.0615     8.39    0.321  26.52   2      25.49     1430.492     81.72117
        68    687.3839    990.0367     29687.82     389.9642  13.8186   0.0143     9.30    0.221 -19.76   0      117.5     8021.148     99.40809
        69    579.2828    989.2950     3845.665     171.6495  16.0376   0.0485     5.36    0.395  45.11   0      56.42     2986.642     86.34222
        70    272.6909    983.8958     89356.13     488.8309  12.6222   0.0059     3.96    0.190 -56.70   3      274.7     23228.44     129.0573
        71    266.7183    980.0215     57099.72     784.7135  13.1084   0.0149    15.35    0.505 -73.12   3      125.6     6851.396     96.15784
        72     66.8634    990.4797     4814.118     372.8721  15.7937   0.0841     7.53    0.133 -17.00   0      22.08     1179.807     81.44747
        73    758.8623    987.8688     15067.29      361.528  14.5549   0.0261     3.87    0.198  -2.02   0      68.77     4496.515     90.42085
        74   1018.9459    987.8967     6046.631     349.6736  15.5462   0.0628     4.39    0.185  26.64  16      28.43       1646.6     82.31999
        75    395.0475    986.4216     9096.809     531.9984  15.1028   0.0635     8.90    0.464  36.62   0      25.44     1254.878     82.29063
        76     56.8422    987.6258     7869.199     411.1009  15.2602   0.0567     6.09    0.292  14.08   0      29.61     1791.011     83.75825
        77    320.0033    987.5180     17271.06     411.0316  14.4067   0.0258     4.43    0.311   3.06   0      72.41     4465.099     90.53339
        78    341.2856    986.5789     8429.172     324.2935  15.1855   0.0418     4.09    0.113 -16.61   0       42.3     2559.391     85.00665
        79     83.1613    987.1932     5906.503     435.6197  15.5717   0.0801     6.28    0.228  23.06   0      21.89     992.1821     81.56188
        80    181.0823    984.0240     6067.217     282.5626  15.5425   0.0506     0.00    0.408  62.79   0      31.78     1576.786     82.75736
        81    933.3691    986.0078     3716.738     201.6541  16.0746   0.0589     3.81    0.572  -0.06   0      31.39      2036.24     84.42104
        82    894.6864    983.9245     3867.283      334.296  16.0315   0.0939     7.88    0.496 -56.23   0      15.76      614.607     79.41972
        83    369.6013    984.5383     7983.942     477.4427  15.2445   0.0649     9.80    0.325 -46.81   2      27.71      1163.72     81.82706
        84    858.6934    983.9299     7764.678     507.2471  15.2747   0.0709     8.82    0.174 -65.79   0      20.75     929.8883     80.74709
        85    618.7136    981.0377     10575.64     350.1401  14.9392   0.0360     3.93    0.240  -6.87   0      49.26     3052.388     86.31465
        86    218.6974    982.5444     1819.856     152.7942  16.8499   0.0912     2.46    0.461  43.14   0      24.93     1286.388     81.31942
        87    881.0553    979.0620     8042.096     350.9682  15.2366   0.0474     0.00    0.543 -50.04   0      38.08      2202.81     84.66393
        88    237.2292    979.1653     33908.02     657.9344  13.6742   0.0211     7.51    0.407  -2.40   3      86.89     1700.518     83.51234
        89    245.0582    976.7434     57917.23     739.4985  13.0930   0.0139     5.74    0.292 -14.36   3      100.5     2640.729     86.03301
        90     31.1825    978.8583     5317.658     398.9775  15.6857   0.0815     7.59    0.393   8.89   0      20.67     1129.882     81.52081
        91    723.2881    978.7757     4409.753       271.83  15.8890   0.0669     7.24    0.392 -27.56   2      19.15     907.2239     80.46828
        92    562.5087    977.5782     7230.531      474.353  15.3521   0.0712     8.88    0.438 -34.98   0      22.38     1036.757     80.61873
        93    798.7566    971.6021     242157.4     534.6886  11.5398   0.0024     4.02    0.136   3.18   0      544.1     67153.32     191.6392
        94    381.2915    971.6444     36155.48     521.4755  13.6046   0.0157     3.91    0.493  31.67   0      139.3     5099.867     91.54721
        95    889.6393    975.0932     4170.083     361.8644  15.9496   0.0942     7.09    0.262  31.28   0      19.22      1021.22     80.35964
        96    647.1683    971.8077     69063.88     544.4468  12.9019   0.0086     6.36    0.369 -32.89   2      210.2     14881.02     113.8659
        97    353.7594    975.2513     2930.123     296.5516  16.3328   0.1099     5.54    0.147 -19.40   0      15.31       905.02     81.10534
        98     22.9539    974.0896     7685.853     150.1599  15.2858   0.0212     4.54    0.170 -66.81   0      107.7     6945.409     96.01966
        99    687.9999    974.4942     3208.113     252.6225  16.2344   0.0855     6.31    0.425 -26.68   0      17.64     989.0654     81.12727
       100    920.6040    971.1110      43970.1      421.448  13.3921   0.0104     4.17    0.099   3.72   2      161.6     11363.01     106.2877
       101    918.0182    963.9865     9717.633     412.1215  15.0311   0.0461     4.41    0.168 -23.62   3      38.75     2260.786     84.61495
       102     73.2820    973.0801     6447.197       347.45  15.4766   0.0585     4.41    0.244   2.48   0       31.2     1854.581      82.8922
       103    971.0037    972.3497     21074.23     179.1593  14.1906   0.0092     0.95    0.173  89.03   0      171.7     20778.67     124.8075
       104    661.2289    969.4565     4394.384      304.859  15.8928   0.0753     3.21    0.309 -53.13   3      23.91      1549.69     82.47314
       105    586.3067    970.9763      11664.8     408.9801  14.8328   0.0381    10.55    0.174 -38.29   0      50.53      2952.18     85.84885
       106    319.6950    972.6072      2550.74     262.1374  16.4833   0.1116     5.67    0.124  44.52   0      15.88     932.6473     80.96906
       107    456.5082    968.6506     65004.21     407.9127  12.9676   0.0068     4.10    0.160  -3.38   2      228.2     17847.54       119.06
       108    463.4876    961.3986     10535.64      341.346  14.9433   0.0352     4.57    0.258 -12.12   3      47.62     2812.372     86.08374
       109    253.4268    965.4341     152406.1     508.8748  12.0425   0.0036     4.13    0.124  -7.99   2      400.8     38909.64      154.556
       110    263.1143    960.2003     36620.32     208.5546  13.5907   0.0062     0.00    0.379  59.42   3      264.7     33975.35     147.1214
       111    264.4931    953.4493     17129.76     575.1915  14.4156   0.0365     6.83    0.289  -5.95   2      48.77     2767.451     85.35841
       112     37.1706    971.3691     4827.712     353.8107  15.7906   0.0796     3.82    0.219  13.68   0      21.54     1297.161     82.40733
       113      2.0442    970.8594     2487.818     186.8398  16.5105   0.0816     3.56    0.338 -81.37  24      18.56     1255.936     81.87148
       114    845.0629    969.8061      3680.09     233.4641  16.0854   0.0689     0.00    0.208  78.66   0         26     1859.682     83.73777
       115   1008.9589    967.3431     8857.554     302.4951  15.1317   0.0371     6.62    0.183 -24.10   2      44.28     2790.324     86.02551
       116   1009.5015    963.4377     1644.201     166.1228  16.9601   0.1097     0.11    0.164  -8.90   3      27.74     1656.059     82.13548
       117     91.7359    977.2169     3553.405     328.8567  16.1234   0.1005     5.57    0.131 -21.19   0      15.13     863.8882     80.77584
       118    133.0840    967.9456     3106.768     143.0615  16.2692   0.0500     0.00    0.145 -29.94   0      65.13     2996.535     86.16747
       119     50.3891    966.7394     9694.024     294.4263  15.0337   0.0330     9.27    0.361   8.49   0      49.54     3204.184     87.31066
       120     26.2094    967.9252     3590.301     331.5052  16.1122   0.1003     5.67    0.217   0.87   0      15.78      922.205     80.93975
       121    617.2149    965.4222      10534.1     353.8044  14.9435   0.0365     4.18    0.175   5.13   0      51.54     3267.013     87.47405
       122    601.3297    965.4199     4614.607     339.9382  15.8397   0.0800     3.75    0.098  -7.77   0      21.85     1314.919     82.24593
       123    419.5092    962.0458     16977.66     466.1714  14.4253   0.0298     5.65    0.116 -10.85   0      68.33     4097.456     89.02388
       124    391.8235    963.7150     9863.961     366.6062  15.0149   0.0404     4.35    0.194   0.05   0      46.22     2757.338     85.53424
       125    572.0318    963.9194     4684.816     142.5404  15.8233   0.0330     4.39    0.125 -60.73   0      80.08     4351.469     90.05554
       126    203.9767    961.9050     12005.94     386.3049  14.8015   0.0349    10.94    0.168 -16.40   2      52.36     3278.192     86.70763
       127    202.8599    956.8579     10583.62     154.4835  14.9384   0.0159    -2.30    0.146  47.66   3        120     9538.164     102.6493
       128    950.9943    959.4440     18363.31      442.071  14.3401   0.0261     6.96    0.130 -16.59   0      73.52     4690.697     91.28792
       129     80.3811    959.7695     59653.57     411.2874  13.0609   0.0075     4.32    0.234   1.20   0      211.9      16362.2     116.7849
       130    696.2418    955.1919     59481.07     538.8268  13.0641   0.0098    10.14    0.504  15.64   0      170.1     9758.399     103.3036
       131    174.5951    959.1260      8843.37      275.512  15.1335   0.0338     4.50    0.122  12.25   0      48.71     2926.591     86.18401
       132    148.0152    957.4510     14268.26     321.6985  14.6141   0.0245     7.47    0.093  36.42   0      67.17     4292.658     90.09946
       133    840.8345    957.9059     7008.922     356.4261  15.3859   0.0552     4.40    0.248  17.74   0      29.48     1676.441     82.19186
       134    716.8864    954.6246     13045.19     426.3214  14.7114   0.0355     9.54    0.181  37.08   0      51.29     2840.198     85.75412
       135    644.9815    957.9634     5733.007      381.463  15.6040   0.0723     4.06    0.203 -26.35   2      23.39     1311.248       82.656
       136    921.5201    953.4030     97200.31     395.9498  12.5308   0.0044     0.00    0.167  -8.96   2      326.1     45678.66     164.1028
       137    911.2036    950.4952     8896.869      422.057  15.1269   0.0515     4.82    0.254   9.56   3      35.77      2106.67     84.19998
       138    774.4579    955.6832     16503.78     471.4838  14.4560   0.0310     6.68    0.249  74.14   2      52.16     2363.069     84.48013
       139    574.0333    957.9299     4888.271     142.8645  15.7771   0.0317     0.00    0.111 -62.51   0      81.37     4314.471     89.96212
       140    563.9376    953.7324     92184.55     465.6783  12.5884   0.0055     4.49    0.197  13.46   0      278.9     22226.24     127.4162
       141    289.0259    956.9783     3037.859     292.2217  16.2936   0.1045     3.12    0.548 -44.47   0      19.55      1316.32     82.46014
       142    820.2838    948.1292     9379.746     322.2827  15.0695   0.0373     7.33    0.411   8.80   3       39.1     2280.738     84.25835
       143    828.3849    954.1329     26810.02     442.4948  13.9293   0.0179     4.27    0.071  79.74   3      102.6     6529.544      95.3941
       144    826.2673    946.2753     4748.102     196.3029  15.8087   0.0449     1.80    0.400  49.50   3      45.41     2930.016     86.19304
       145    282.7539    956.0936      32601.9     197.6617  13.7169   0.0066     0.00    0.281 -22.11   0        241     28716.99     138.1351
       146    533.1300    952.7345     24028.14     402.0262  14.0482   0.0182    11.02    0.155  84.62   0      95.48     5079.013     91.68456
       147     98.3160    954.3762     10165.64     381.8333  14.9822   0.0408     4.11    0.169  -0.68   0      47.09     2853.155     85.78845
       148    498.9383    952.7764     4310.579     270.1488  15.9137   0.0681     3.50    0.029 -10.72   0      23.02      1421.03     82.53864
       149    462.1789    952.5062     6984.812     344.0458  15.3896   0.0535     8.32    0.227  40.48   0      31.77     1610.892     82.22134
       150    141.3875    953.4215     50906.09     247.4833  13.2331   0.0053     3.88    0.555 -56.33   0      278.6     41325.29     157.9586
       151    748.8333    952.1445     3838.813     372.2772  16.0395   0.1053     5.96    0.362  46.12   0      15.21     699.2435     80.09528
       152   1018.1871    949.2108     7434.207     334.1301  15.3219   0.0488     3.89    0.158   2.65  16      36.25     2200.646     84.45326
       153    302.5157    948.3387     4099.603     373.5973  15.9681   0.0990     4.53    0.202 -53.05   0      17.26     932.4709     80.53956
       154    675.0596    947.8428     5275.187     180.8636  15.6944   0.0372     5.02    0.057 -34.30   0      65.26     3826.984     88.72202
       155    786.1728    945.2667     8961.234     292.3827  15.1191   0.0354     8.27    0.181 -23.44   0      41.73     2311.051     84.74985
       156    354.2387    943.8532     9346.633     425.3644  15.0734   0.0494     9.91    0.123  56.15   0      38.96      2297.85     84.91867
       157    233.3718    943.2791     9572.914     314.2568  15.0474   0.0357     9.52    0.259  36.90   1      45.42     2705.206     85.80034
       158     67.6691    944.6672     8353.753     304.9697  15.1953   0.0396     8.23    0.230  15.83   0      43.14     2608.713     85.34163
       159    613.0034    943.0248     33932.81     183.3366  13.6735   0.0059     0.00    0.045  82.95   0        261      33037.8     145.5469
       160    294.2639    943.9349     5709.592     424.4382  15.6085   0.0807     6.44    0.320  23.54   0      17.15     970.1478     80.86032
       161    119.6643    943.6157     3766.945     224.0857  16.0600   0.0646     5.16    0.371  37.27   0      20.19     1126.695     81.51192
       162    597.1660    942.8806     9046.353     337.7987  15.1088   0.0406     8.59    0.297  11.71   2         36     2020.012     83.96575
       163    388.1257    942.1799     6036.419     381.6438  15.5481   0.0687     5.04    0.241  15.49   0      27.11     1590.437     83.00379
       164    754.2475    941.1776     5896.008     389.4238  15.5736   0.0717     8.28    0.408  26.09   0      22.23     1072.188     81.78451
       165    223.5963    938.3464     17691.74     519.2369  14.3806   0.0319     7.56    0.233  11.09   0      58.38     3186.509     87.26463
       166    670.4058    939.7568     4663.758     357.3595  15.8282   0.0832     4.74    0.173  -3.41   1      17.77     961.9698     81.47765
       167    682.6296    937.4487     9940.555     447.5034  15.0065   0.0489     6.31    0.282 -17.02   0      38.59     2042.241     84.43719
       168    640.2523    936.1651     8643.202      306.601  15.1583   0.0385     9.81    0.040  15.97   0      39.98      2371.24     84.91111
       169    347.1201    934.6015     12536.65     524.4604  14.7545   0.0454     9.15    0.016   6.95   0      34.82     2076.952     84.11973
       170    656.4784    934.3566     14602.67     603.6067  14.5889   0.0449    11.40    0.234 -67.13   0      39.53     1629.803     82.69362
       171    431.2350    932.6802     73199.23     478.5533  12.8387   0.0071     4.33    0.265   4.69   3      227.8     17598.24      118.875
       172    438.0123    932.5146     21225.88     321.2289  14.1828   0.0164     4.09    0.260   5.25   3      99.45      6893.63     96.07748
       173    273.3777    934.2502     3643.611     223.9606  16.0962   0.0668     7.11    0.306  59.39   0       22.1     1226.034     82.21092
       174    207.0666    934.0182     9541.193     390.4378  15.0510   0.0444     4.68    0.187 -11.87   0      43.96     2775.345     86.18715
       175    674.4987    933.4391     10275.96     436.9034  14.9704   0.0462     8.63    0.124  13.22   1      36.96     1932.097     82.89576
       176    567.4139    934.5056     3702.921     247.8805  16.0786   0.0727     3.01    0.216   9.08   0      24.33     1581.942      82.3519
       177    408.0600    935.0028     5404.011     143.6826  15.6682   0.0289     4.31    0.071  -0.31   0      88.33     4936.415     91.70894
       178    989.5820    934.0413     1926.179     150.0943  16.7883   0.0846     2.21    0.292 -13.21   0      28.69     1667.054     83.42122
       179    590.7051    931.4841     5854.213     365.2993  15.5813   0.0678     4.57    0.040  -5.87   0      27.39     1521.328     82.39495
       180    176.9908    930.7255     11373.12     355.5629  14.8603   0.0340     4.43    0.257   4.78   0      49.99     2968.197      86.6942
       181   1016.9612    930.8743     8511.194     159.7544  15.1750   0.0204     4.71    0.225  74.35   0      115.7     7875.699     98.54909
       182    872.3696    929.9249     3466.403     282.0027  16.1503   0.0883     6.83    0.274  41.71   0      18.86     1127.655      81.5146
       183    775.2761    927.4371     11095.34     372.0541  14.8871   0.0364     6.79    0.264 -79.78   0      47.75     2515.088     85.29526
       184    360.8806    926.4072     16091.39      579.284  14.4835   0.0391     4.79    0.228  -0.95   2      36.11     1780.104     83.52151
       185    939.8079    928.1593     5393.021     289.5958  15.6704   0.0583     4.66    0.184  14.06   0      27.62     1670.532     83.43069
       186    121.0020    926.0004     27465.94     238.0255  13.9030   0.0094     0.00    0.178 -89.87   2      233.5     26646.72     135.0711
       187    692.4454    921.8777     11910.97     385.1263  14.8101   0.0351    10.18    0.341  23.73   2      46.48      2162.36     84.14455
       188     14.5978    924.0825     16630.22     583.2198  14.4478   0.0381    10.46    0.394  10.43  16      48.82     2873.094     86.44452
       189    877.6472    923.5776     12100.28     403.8962  14.7930   0.0362     4.90    0.345   3.45   3      47.48     2900.862     86.71748
       190    876.8315    918.6268     20133.04     677.8854  14.2402   0.0366    10.86    0.474  43.24   2      46.68     2526.524     85.73079
       191    449.6672    922.0964     25944.86     602.8547  13.9649   0.0252     5.22    0.519  11.08   2       84.2     5137.446     91.64046
       192    442.9869    914.0842     8313.119      360.875  15.2006   0.0471     8.35    0.537 -82.35   3      49.88     3901.445     88.91256
       193    512.9507    933.9232     45054.45     442.0786  13.3657   0.0107     5.64    0.442  -1.89   0      162.4     10639.13     104.5628
       194    944.1934    919.6224     18438.98     382.2209  14.3357   0.0225     4.95    0.184  10.12   3      76.79      4761.44     91.27428
       195    939.7015    912.5795     5260.375     397.8578  15.6975   0.0821     4.82    0.193 -47.51   3      19.77     1037.469     80.62074
       196    833.6939    921.0536     2520.372     285.8214  16.4963   0.1232     2.30    0.540 -79.05   1       13.5     913.0443     80.26921
       197    998.0302    919.8651     4090.572     358.2058  15.9705   0.0951     4.11    0.605  49.41   0      16.85     826.9367     80.67181
       198    724.7831    916.6954     12628.36     352.6999  14.7466   0.0303     4.06    0.186  -0.57   0      60.52      3792.91     88.04644
       199    152.8578    918.7853     6426.609     349.9205  15.4800   0.0591     0.00    0.350  60.79   2      34.02     1227.575     82.00422
       200    187.0445    917.0877     6320.059     257.0968  15.4982   0.0442     4.13    0.237   1.04   0      34.38     2064.662     83.67349
       201    735.4977    911.2809     30093.65     831.2502  13.8038   0.0300    12.27    0.569  19.35   3      55.13     2298.232     84.30552
       202    752.7822    912.0216     157031.3     478.5498  12.0100   0.0033     3.85    0.137   4.37   2      403.7     42724.62     160.0676
       203    586.0565    917.0125     5086.554     143.1795  15.7339   0.0306     0.00    0.091  26.92   0      87.36     4802.464     91.37637
       204    815.7421    913.3316     8693.561     410.5027  15.1520   0.0513     9.99    0.107 -20.88   0       31.5     1492.929     82.52674
       205    393.6528    915.5897     9813.299     420.4955  15.0205   0.0465     4.25    0.240 -19.94   2      29.72     1057.208     81.53069
       206    369.2200    910.6420     38939.62     478.5715  13.5240   0.0133     4.10    0.142   0.62   0      140.8      9780.24     103.1839
       207      2.1288    914.1200     7412.674     209.9442  15.3251   0.0308     3.57    0.150  65.80  27      46.82     3231.337     86.78456
       208      4.0172    908.3390     23273.55     427.7087  14.0828   0.0200    12.43    0.193  71.94  19      86.72     4565.345     90.59369
       209    834.9498    913.6217     11762.62     364.2318  14.8237   0.0336     5.09    0.226  -7.49   0      53.71     3120.574     87.29141
       210    380.6272    913.5302     18567.26     634.4444  14.3281   0.0371     9.84    0.301  11.48   1      39.03     2113.782     84.21918
       211    907.2820    912.7856     5285.429     244.0609  15.6923   0.0501     5.51    0.013  37.46   0       28.5     1641.085     82.93375
       212    466.2942    909.2587     81521.82      449.017  12.7218   0.0060     4.35    0.197  -1.58   0      261.6     20777.78     124.3888
       213    428.1815    913.0398     11152.25     511.3098  14.8816   0.0498     8.54    0.312  -5.83   0      30.37     1867.368     84.17123
       214     73.4803    913.4933     2742.333     198.3818  16.4047   0.0786     6.41    0.196  80.55   0      15.82     828.5204     80.46126
       215    888.3528    910.7706     14616.37     462.2165  14.5879   0.0343     7.39    0.097  45.33   0      60.27     3656.303     88.67527
       216    782.1152    903.9756     487124.4     788.3927  10.7809   0.0018     7.20    0.377 -15.87   0      774.4      83368.1     209.6601
       217    633.9847    911.0121     15610.31     159.0091  14.5165   0.0111     4.27    0.045 -45.20   0      174.3     15653.03     115.0959
       218    223.5258    910.7151     3937.151      199.746  16.0120   0.0551     6.33    0.452 -53.75   0      35.41     2419.755     84.42757
       219     92.8357    911.4434     3612.034     221.9862  16.1056   0.0667     7.30    0.379   1.20   0      23.12     1424.571     82.54839
       220    400.9054    905.8418     17824.74     591.7902  14.3724   0.0361     5.43    0.195   0.22   3      43.18     1952.949     82.95291
       221    409.8773    904.0234     15713.24     586.5656  14.5093   0.0405    10.75    0.083  26.76   3      39.53     2369.345     84.90604
       222    245.1731    906.6507     78325.78      417.349  12.7652   0.0058     4.24    0.167   1.62   0      261.3     21967.29     127.2261
       223    520.3491    907.4344     17227.89     367.6262  14.4094   0.0232     6.90    0.180 -11.11   0      74.87       4726.7     90.99758
       224    556.2849    905.0091     44726.15     352.5099  13.3736   0.0086     4.39    0.187 -26.07   3      170.5      12243.1     108.1532
       225    555.6417    900.0778     89565.64      477.275  12.6196   0.0058    14.16    0.269 -10.61   3      267.4      20743.9     124.7441
       226    584.0015    907.9956     56643.11     209.6072  13.1171   0.0040     4.20    0.006 -88.78   0        345     56169.05     177.9422
       227    215.1077    906.8352     4673.795     255.6374  15.8258   0.0594     2.92    0.081 -36.51   0      27.51     1812.148     82.56625
       228    131.4751    907.8082     8637.019     213.3054  15.1591   0.0268     0.00    0.327  11.73   0      79.05     5646.588     93.26677
       229    592.7139    904.3407     22256.26     414.8241  14.1314   0.0202     8.15    0.189 -10.02   0      92.71     5989.396     93.72952
       230    295.3431    904.4641     8322.752     369.1855  15.1993   0.0482     3.89    0.096  11.88   0      36.99     2273.848     84.85441
       231   1020.1900    898.4341     67507.76      453.475  12.9266   0.0073     6.30    0.113  48.71  24      209.3     11457.22     106.8137
       232    633.0842    903.0701      12454.6     405.1658  14.7617   0.0353     4.40    0.086 -26.43   0      51.45     3021.255     86.23264
       233    164.5129    903.4087     15420.97     361.7503  14.5297   0.0255     4.41    0.245  -2.31   0      68.37     4141.308     89.52358
       234    657.8834    900.1800     60698.42     400.1313  13.0421   0.0072     4.66    0.175  -5.63   0      216.3     17005.87     117.5898
       235    225.3740    901.3763     4052.592     314.3985  15.9807   0.0843     4.45    0.202  19.17   0         20     1116.384     81.90723
       236    416.8883    900.0212     16808.74      168.603  14.4362   0.0109     4.76    0.074  11.28   0      173.3     16166.05     115.8058
       237    261.7668    898.4814     13147.34     298.5341  14.7029   0.0247     4.25    0.183   4.73   0      64.53     4028.496     89.23672
       238     66.0931    899.2771      6418.44     413.4523  15.4814   0.0700     4.56    0.264   9.80   0      19.56     1039.417     81.05478
       239     27.3159    899.6532      2980.09     300.9384  16.3144   0.1097     2.46    0.226  46.21   0      14.87     870.0375     80.36319
       240      7.6495    898.5662     4856.644     365.8637  15.7842   0.0818     4.84    0.224  -6.37  16      20.31     1193.016     81.69662
       241    352.5625    896.8895     24185.33     207.4594  14.0411   0.0093     2.62    0.463 -63.56   0      155.6     20645.02     124.2854
       242    297.1155    893.5330     8301.396     313.3358  15.2021   0.0410     6.27    0.246 -83.79   0      37.09     2045.673      83.6219
       243    879.1065    882.7799     249781.6     646.8445  11.5061   0.0028     4.18    0.346  41.44   3      543.2     62670.04     185.7808
       244    873.6248    891.4205     58220.26     453.5951  13.0873   0.0085     4.19    0.190  -0.94   3      184.1     11761.44     107.4591
       245    141.2869    893.4399     9223.749     478.9376  15.0877   0.0564     5.93    0.182   1.01   2      25.76      882.551     80.39857
       246    497.0292    895.5229     3577.971     271.1337  16.1159   0.0823     3.79    0.167   2.37   0      18.68     1085.631     81.39735
       247     44.4676    896.2158     2429.403     246.7101  16.5363   0.1103     1.99    0.256  -2.50   0      15.07     1000.102     81.15819
       248     41.3644    901.1520     7919.028      498.707  15.2533   0.0684     8.77    0.467  27.47   0      22.29     956.3942      81.0357
       249    321.1989    891.8998     5338.278     326.1283  15.6815   0.0663     8.17    0.314 -30.41   0      23.43     1132.459     81.52799
       250    276.7513    892.0712     10353.19     342.4913  14.9623   0.0359     4.72    0.146  -7.83   0      49.78     3146.344     86.96101
       251    198.0127    891.7350     17740.18      324.142  14.3776   0.0198     4.03    0.166  17.29   0       80.9     5222.427     92.22738
       252    103.5113    888.6998     16670.51     373.1303  14.4451   0.0243     4.73    0.149  66.90   0      64.41     3707.417     87.82549
       253    218.9636    892.2826     3617.517      330.215  16.1040   0.0991     6.02    0.308  17.28   0       17.1     973.3341     80.86928
       254    852.2743    887.0103     14201.95     621.8342  14.6191   0.0476     9.20    0.425  61.46   3      34.93     1390.096     82.45341
       255    857.3665    883.8774     5717.035     427.4921  15.6071   0.0812     5.82    0.257 -24.14   3      21.36      1141.73     81.55383
       256    657.3517    888.2535     13630.52     416.3591  14.6637   0.0332     0.00    0.322 -16.75   0      73.17     6552.065     95.62905
       257    960.7526    886.9438     5702.222     276.0639  15.6099   0.0526     4.02    0.146  -2.27   0      29.15     1760.552     83.46828
       258     30.0024    887.2441      5573.67     240.7582  15.6346   0.0469     3.12    0.519  89.22   0      58.21     3728.742     88.86074
       259    828.7478    884.4786     9757.496     507.2863  15.0267   0.0565     9.25    0.160 -10.08   3      29.66     1659.762     82.77592
       260    822.9557    879.2143     15446.37      498.664  14.5279   0.0351    10.63    0.250  15.93   3      56.54     3410.155     88.04214
       261    459.7652    882.6671     42580.67     495.3883  13.4270   0.0126    12.08    0.277   9.83   0      149.4     8042.086     98.93206
       262    433.9169    884.7776     9838.643     466.4066  15.0177   0.0515     4.32    0.182   1.23   0      31.94     1913.994     83.47103
       263    260.9072    884.6335     4111.883     331.8626  15.9649   0.0876     3.94    0.120  14.49   0      18.96     1135.292     80.68162
       264    183.9480    883.9528     6023.209      147.622  15.5504   0.0266     4.46    0.135  45.01   0      97.07     5652.809     93.46745
       265    506.9570    882.3518     3487.351     267.8434  16.1438   0.0834     4.15    0.299  18.35   0      17.17     1002.336     81.37758
       266    162.0886    880.9720     30161.01     223.7994  13.8014   0.0081     1.33    0.034  46.62   0      198.8     26118.23     133.9205
       267     95.0730    880.0655     23188.06     355.8072  14.0868   0.0167     4.15    0.234   3.80   0      100.1     6639.599     95.47468
       268    798.5276    880.5917     7932.837     503.0363  15.2514   0.0689     8.03    0.404  10.37   0      23.64     1333.907     82.08764
       269    595.1220    881.1345      4988.84      390.006  15.7550   0.0849     5.40    0.449 -44.17   2      20.61     1056.616     80.88913
       270    896.0338    881.0238     7486.818     146.9402  15.3143   0.0213     4.29    0.064  27.30   0      111.2     7135.887     97.18505
       271    413.9869    879.4456     7158.126     364.9249  15.3630   0.0554     5.20    0.138  28.77   0      31.99     1837.196     83.88348
       272    843.5159    876.9227     7486.807     404.5163  15.3143   0.0587     4.32    0.114  -2.31   0      32.68     1872.292     82.94075
       273    950.7576    905.2651     38339.43     387.2232  13.5409   0.0110     5.40    0.221  -6.26   0      146.3      9846.86     102.9947
       274    561.0017    874.5679     19208.03     646.1694  14.2913   0.0365    10.78    0.582   0.75   2      55.35      1727.09     83.58463
       275    388.0021    877.9952        57817     210.8762  13.0949   0.0040     4.20    0.007  88.06   0      349.1     57515.83     179.6542
       276    299.0091    877.9795     16441.83     160.1932  14.4601   0.0106     4.24    0.036 -62.55   0      178.2     16112.84     116.0003
       277    685.6884    875.4075     14353.41     453.5742  14.6076   0.0343     3.93    0.143  -9.52   2      48.41       2554.2     85.19633
       278    340.6779    875.5806     12396.25      316.292  14.7668   0.0277     2.12    0.243  11.40   2      54.51     3915.346     89.14262
       279    327.0916    876.9506     3756.974     141.0533  16.0629   0.0408     4.37    0.108   5.66   0      67.11     3373.915     87.15715
       280    125.0299    875.5587     8501.719     452.5505  15.1762   0.0578     4.12    0.325   6.52   2      29.44     1785.595     83.74355
       281    945.9790    873.3162     21233.17     437.6466  14.1825   0.0224     4.04    0.179  -0.83   0      89.78     5825.323     93.33083
       282    867.6655    874.5562     4406.798     191.4353  15.8897   0.0472     2.89    0.509  41.38   1      46.73      3084.26     86.79859
       283    704.9523    873.8360      11161.7     352.9825  14.8807   0.0343     9.39    0.282 -27.57   0      54.26     3654.279     88.27851
       284    137.2174    875.2913      8861.28     417.9133  15.1313   0.0512     3.91    0.138  23.03   2       34.8      1708.46      82.4906
       285    991.1970    872.4655     16658.29      624.814  14.4459   0.0407    10.08    0.276  31.06   3       36.2     2145.411      84.5097
       286    992.5254    867.1946     11872.57     616.7838  14.8136   0.0564     8.93    0.465   0.66   3      33.45     1295.926     81.77085
       287    506.2452    872.8954     5282.992     420.1065  15.6928   0.0864     6.88    0.357  41.93   0       17.1     815.7852     79.99336
       288    485.0715    871.9337     14589.88     530.2722  14.5899   0.0395     4.85    0.152  -9.85   1      40.99     2431.293     84.86783
       289    356.0059    873.2341     2925.543     139.7072  16.3345   0.0519     1.05    0.118  77.60   0      44.46      2444.23     85.51235
       290    620.3555    856.8759      1152536     933.8395   9.8459   0.0009     4.83    0.323 -15.45   0       1303     286853.1     369.4859
       291     14.6984    870.6309     7762.124     496.0232  15.2750   0.0694     5.91    0.292  -2.61   0       22.6     1088.661     80.55016
       292    384.9921    870.9655     14620.75     157.5884  14.5876   0.0117     4.29    0.047  74.98   0      163.9     14163.68      112.425
       293    790.6550    866.6170     9099.758     421.1392  15.1024   0.0503     9.50    0.168  54.07   0      38.85     2254.494     84.80256
       294    878.1048    867.4562     13464.35     528.9716  14.6770   0.0427     6.92    0.411  16.59   0      41.62      2077.94     83.50236
       295    571.0052    867.7100     4138.357     406.9101  15.9579   0.1068     7.11    0.392  40.99   0      16.38     806.5143     80.61425
       296    495.6120    866.5410     19830.61     564.8728  14.2567   0.0309     5.61    0.186   4.26   3       55.2     3218.623     87.34824
       297    489.4795    863.9857     11396.49     522.3104  14.8581   0.0498     5.34    0.243  -0.45   3      29.98     1423.625     82.33566
       298    723.1838    868.0199     2747.181      272.033  16.4028   0.1075     4.22    0.188   2.50   0      14.99     927.5231     81.16837
       299      6.0373    865.9755     12872.42     155.0465  14.7259   0.0131     4.46    0.098 -53.09   0        149      12127.2     108.3898
       300    971.1100    863.9601     15512.01     379.3366  14.5233   0.0266     6.76    0.245  -1.18   0      68.18     4128.413     89.10287
       301    331.0657    862.1086      70345.9     419.2251  12.8819   0.0065     4.04    0.231   4.45   0        240     19714.38     122.5718
       302    744.5338    862.3874     16708.25     364.9392  14.4427   0.0237     4.21    0.222   0.34   0      75.16     4696.804     90.92288
       303    856.4409    860.2795     18750.12     388.0268  14.3175   0.0225    11.72    0.279 -25.24   0      73.19     4270.798     89.85172
       304    774.4905    862.4662     4137.506     307.4971  15.9582   0.0807     3.75    0.272   1.73   0      23.01     1402.641     81.85557
       305    711.8926    858.6769     65318.61     477.5243  12.9624   0.0079    11.42    0.172 -33.50   2      217.3     16622.37     116.6979
       306     79.9990    859.5710     3108.856     182.9185  16.2685   0.0639     3.82    0.505 -89.38   0      46.58     2544.365     85.77807
       307    925.0394    860.9658     14516.84     160.1655  14.5953   0.0120     4.45    0.125 -38.87   0      164.8     14044.54     112.0294
       308    888.5365    862.2136     5759.296     345.7495  15.5991   0.0652     5.03    0.206   5.04   0      27.31     1504.598     82.55887
       309    664.2698    858.2525      40165.7     529.8004  13.4904   0.0143     4.29    0.134   9.50   2      125.4     8440.682      99.6699
       310    665.9935    851.4881     12674.71     417.9147  14.7427   0.0358     3.94    0.113  53.81   3      49.59     2409.488     85.01342
       311    686.2544    857.5037      24035.9     371.8112  14.0478   0.0168     4.60    0.196  -3.89   0      101.2     6429.815     94.60851
       312    809.0781    858.1260     7219.036     363.7743  15.3538   0.0547     3.30    0.502  -3.51   0      31.04      2345.01     84.43153
       313    756.3424    858.1387     4629.165     346.2588  15.8362   0.0812     7.71    0.411 -29.85   0      22.45     1193.722     81.91035
       314    444.2082    858.0129     4137.325     339.6189  15.9582   0.0891     4.07    0.126  -2.27   0      19.77     1133.354     81.53049
       315    155.1173    854.6199      15814.3     545.2845  14.5024   0.0374    11.46    0.497  40.65   2      47.94     2679.443     85.73207
       316    160.5461    851.7051     7387.426     309.8898  15.3288   0.0456     8.84    0.057   8.07   3      38.65     2352.316     84.24583
       317    176.5070    856.5233     12455.47     386.5693  14.7616   0.0337     4.02    0.044  -9.36   2      53.37      2814.65     85.68639
       318    791.6059    853.5859     25816.29     584.5704  13.9703   0.0246     6.54    0.325   9.58   2      75.27     4247.197       89.792
       319   1009.3557    852.8976     17118.97     441.4308  14.4163   0.0280    10.47    0.211  -8.66   0      66.65     3882.531     88.08103
       320    547.6927    854.1158     3806.493     330.3451  16.0487   0.0942     4.03    0.197  33.33   0      16.18     893.2568     80.64391
       321    650.1287    851.7801     5516.298     393.6277  15.6459   0.0775     3.98    0.159  15.83   0      21.59     1341.262      82.3187
       322     60.2608    850.0602     13662.43     401.5518  14.6612   0.0319     4.09    0.184   2.18   0      60.91     3854.182     89.18099
       323    879.4136    847.5195     14442.72     352.6412  14.6009   0.0265    10.75    0.217 -25.43   0       62.4     3535.449     87.97205
       324    814.8412    840.5314     7926.632      622.326  15.2523   0.0853    10.78    0.201  67.22   3      21.13     979.8465     81.10144
       325    810.3493    849.0986     16846.46     573.5715  14.4337   0.0370     6.58    0.355  -6.89   3      43.18     2540.159     84.75107
       326    808.7980    844.9595     15603.04     527.4322  14.5170   0.0367     3.55    0.241 -14.01   3      41.96     2471.514     85.58483
       327    515.7557    859.3381     9042.603     527.8893  15.1093   0.0634     8.19    0.409 -63.60   0      21.88     892.5114     80.85633
       328    703.1785    849.7055     33909.04     659.9065  13.6742   0.0211     5.60    0.379   0.80   3      91.19     1761.096     82.63549
       329    934.2655    855.9159      17014.7     353.0705  14.4229   0.0225     4.32    0.170 -10.51   0       75.5      4767.78     90.90978
       330    394.7682    850.0102     7056.212     269.2511  15.3786   0.0414     4.80    0.359  -3.06   0      36.53     2272.372     85.05437
       331    125.9927    851.0034     29963.82     178.3486  13.8085   0.0065     4.22    0.018 -26.52   0      246.4     29476.65     139.7517
       332    469.2058    848.4128     4377.413     301.9918  15.8970   0.0749     3.64    0.206  15.87   0      23.31     1446.619     82.39911
       333    923.2308    845.6438      24183.2     457.5276  14.0412   0.0205     6.88    0.193  33.23   2      81.81     4204.547     90.06945
       334    762.4139    847.1962     4203.787     353.4097  15.9409   0.0913     3.95    0.176   1.98   0      17.64     968.0675     81.06843
       335    361.4029    843.8957     101553.9     432.8242  12.4833   0.0046     4.19    0.159  -1.23   2      314.9     28388.96     137.9715
       336    964.4976    845.3676     17391.06     529.0213  14.3992   0.0330     6.19    0.136 -31.93   0      38.82     2059.302     83.24378
       337    104.1956    844.5414     10613.67     272.2374  14.9353   0.0279     0.00    0.118  44.64   3      72.31      5595.01     93.32679
       338    107.0703    839.4628     12354.85     522.7273  14.7704   0.0459     4.76    0.193 -19.32   3       32.2     1785.351     83.32816
       339      6.0141    845.4626     5892.921     269.8768  15.5742   0.0497     8.65    0.251 -22.81  16      30.82      1569.78     82.73811
       340    898.4169    841.7645     20492.57     563.6044  14.2210   0.0299     4.20    0.218   0.98   2      58.59     2863.389     86.81896
       341    203.3815    842.2383     4415.597     364.4032  15.8875   0.0896     6.25    0.382  -5.35   2       18.8     1005.767     81.81173
       342    610.2860    840.5680     5032.072     356.3806  15.7456   0.0769     4.12    0.207  54.66   0      21.85     1452.918     82.20603
       343    347.2827    835.8162     11277.61     449.1471  14.8695   0.0433     9.54    0.261  -7.37   0      54.64     3407.356      87.6405
       344    858.7207    836.3283     2419.082     260.3652  16.5409   0.1169     2.30    0.198  43.14   0      14.37     887.8683      80.4136
       345    648.4823    835.7961     9106.035     370.8369  15.1017   0.0442     4.39    0.197   0.30   0      41.38     2466.148     85.36791
       346    262.9977    835.5782     8076.916     347.2696  15.2319   0.0467     8.60    0.239 -12.02   0      38.44     2353.696     84.86414
       347     59.1293    824.9897     976078.8      850.035  10.0263   0.0009     4.18    0.280 -10.51   0       1170     247158.6     344.2047
       348    211.9120    830.2646     39270.69     456.5025  13.5148   0.0126     4.80    0.057 -16.51   0      143.8      9939.46     102.8626
       349    317.5549    831.3311     20124.72     327.1361  14.2407   0.0177     4.12    0.233  -1.73   0      91.03     5915.819     93.92054
       350    931.5033    832.2068      3020.32     293.6863  16.2999   0.1056     3.83    0.261  -0.41   0      14.56     847.8759     80.73077
       351    198.8862    831.3578     8452.926     429.9526  15.1825   0.0552     4.43    0.283  11.36   2      30.76      1839.24     83.05894
       352     17.5306    829.1265      20409.9     517.0861  14.2254   0.0275    11.52    0.372  16.50   2      55.89     2529.205     85.12963
       353    499.5994    830.2202     4807.606     265.7216  15.7952   0.0600     8.53    0.443 -19.41   0      25.64     1493.859      82.5293
       354    456.6241    829.5157     4738.297     232.6378  15.8109   0.0533     3.94    0.063 -22.87   0      26.61     1545.513      82.2513
       355    415.8872    829.3744     7052.603     460.3675  15.3791   0.0709     4.99    0.281  11.76   0      24.45     1321.041     81.62869
       356    180.3994    829.9924     5020.682     264.2701  15.7481   0.0572     7.94    0.240  25.62   0      25.65     1586.552     82.78417
       357    110.8091    827.7908     43705.05     455.8638  13.3987   0.0113     7.53    0.275   6.39   0      155.3     10836.11     105.1549
       358    808.9659    829.9028     4312.706     141.9459  15.9131   0.0357     0.00    0.080  88.80   0      66.52     4247.263     89.01717
       359    795.0791    829.2298     6012.859     427.6494  15.5523   0.0772     6.30    0.207 -16.32   0      17.48     855.5103     80.75227
       360    149.4620    826.1366     18933.11     501.9789  14.3069   0.0288    11.47    0.136  29.38   0      66.16     3598.207     87.93727
       361    881.1724    827.4070     3900.015     188.5498  16.0223   0.0525     2.61    0.458 -26.16   0      38.51     3244.368     87.41519
       362    287.4668    823.4990     83598.08     449.1035  12.6945   0.0058     4.03    0.227 -13.92   0      266.8     21973.08     126.5539
       363    990.9742    825.8845     6159.592     406.9748  15.5261   0.0718     7.12    0.222 -36.38   0      21.79     1218.419     81.55515
       364    979.6030    825.1196     12563.83     464.9468  14.7522   0.0402     6.02    0.184 -17.82   0      46.62     2821.788     86.30953
       365    960.7048    823.6989     8358.874     402.8618  15.1946   0.0523     9.11    0.111 -71.24   0      33.17     1730.658     82.55173
       366    998.1054    825.9863     2404.643     138.8572  16.5474   0.0627     2.52    0.153   5.09   0      41.09     1810.268     83.18813
       367    753.7789    825.4922     4718.836     365.7781  15.8154   0.0842     4.37    0.163  -0.49   0      18.99     1089.109     80.76618
       368    446.8000    824.6920     7210.285     377.7845  15.3551   0.0569     4.11    0.105 -17.41   0      35.23     2124.662     84.24853
       369    831.1331    824.1195     4681.481     404.0104  15.8240   0.0937     6.06    0.478  -4.97   2      16.32     739.0768     79.99197
       370    365.9304    819.2856     10653.37     485.8948  14.9313   0.0495     6.02    0.270  -5.64   2      34.93     1772.691     82.87665
       371    931.0957    822.8417     10608.06      202.974  14.9359   0.0208     6.25    0.248 -31.29   0      103.9     7561.166     97.11012
       372    847.7200    823.3243     3817.126     318.3358  16.0457   0.0906     4.02    0.143  10.47   0      18.93     1083.465      80.7503
       373    604.7094    818.6787     54894.59     579.5563  13.1512   0.0115     5.64    0.210 -17.99   0      163.3     9968.763     103.0954
       374   1002.8540    818.8641      6411.15     446.6779  15.4827   0.0757    10.08    0.305  24.42   0      25.05     1096.967     81.42899
       375    896.9427    811.1828     153414.1      548.621  12.0353   0.0039     4.25    0.150 -80.24   0      401.4      39860.1     155.8362
       376    661.4277    808.8885     101148.4     547.4913  12.4876   0.0059    10.54    0.115 -82.92   3      289.5     23836.67     129.9909
       377    659.6160    797.9167     50044.67     538.8651  13.2516   0.0117    13.15    0.145  32.34   3      156.7     9004.264     101.1183
       378    130.7966    817.0218     56450.06      694.957  13.1208   0.0134     4.22    0.288  -0.72   2      124.4     6333.739     94.92645
       379    920.7772    814.7021     10125.07     326.8077  14.9865   0.0351     4.16    0.153   5.15   0       48.2     2869.115     85.42613
       380    711.4623    815.5056     6703.688     497.2828  15.4342   0.0806     6.80    0.353 -39.64   0      20.32     991.9988     80.70737
       381    520.4938    816.3204     3817.334     247.9854  16.0456   0.0705     4.45    0.121  37.26   3      21.15     1202.706     81.51134
       382    515.5905    811.0651     5780.263     329.0787  15.5951   0.0618     4.18    0.245  34.26   3      30.16     1985.302     83.87174
       383    547.2016    811.2385     47394.55     377.8867  13.3107   0.0087    11.23    0.200  32.37   0      187.1     9646.085      102.888
       384    939.3578    809.2493      94199.8      488.425  12.5649   0.0056     9.09    0.261 -28.94   0      275.7     21271.41     125.8393
       385    729.3165    808.0721      18267.2     615.6284  14.3458   0.0366    11.44    0.114  11.10   2      44.61      2694.75     85.36777
       386    286.2338    810.8729     6952.451     165.5635  15.3947   0.0259     0.00    0.317 -25.95   0      95.63     5937.393     93.97273
       387    232.0330    809.6996     9638.035      486.311  15.0400   0.0548     8.99    0.285   7.74   0      30.91     1815.881     82.57652
       388    150.2336    808.8234     15415.79     403.6174  14.5301   0.0284     6.87    0.170   3.01   0      61.54     3413.712     88.05132
       389     38.6092    808.7103     7667.694     329.0663  15.2883   0.0466     5.87    0.066 -62.41   0      37.82     2228.739     84.32365
       390    446.8307    812.2007      39418.8     402.1093  13.5107   0.0111     4.17    0.204  -1.85   0        152     10862.48     105.5407
       391    120.6547    808.3872     78829.58     827.8974  12.7583   0.0114     4.69    0.114  -6.10   3        114      2337.39     85.02443
       392    753.7996    807.5435     14982.65     612.2965  14.5610   0.0444    11.05    0.465   9.64   1      35.03      1780.55     83.31506
       393    556.0421    807.9760      6566.04      145.509  15.4567   0.0241     4.31    0.070 -28.28   0      101.7     6235.117     95.05521
       394    425.9629    801.8007     128674.2     467.6736  12.2263   0.0039     4.80    0.174   4.22   0      367.2     34785.42     148.3675
       395     92.5642    807.7081     24232.97     209.5881  14.0390   0.0094     6.05    0.513  33.80   3      195.1     20716.71     124.1377
       396    104.3310    803.1990     21121.92     228.1234  14.1882   0.0117     6.73    0.503  31.56   3      174.9     16570.68      117.042
       397     95.0684    800.3081     35300.06     518.6035  13.6306   0.0160     7.01    0.363  -0.13   3      112.1     6678.021     95.38467
       398    346.9536    805.3509     9420.435     302.9177  15.0648   0.0349     4.22    0.209   4.13   0      45.67     2819.275     86.30291
       399    815.9259    802.1176     31463.89     482.2463  13.7555   0.0166    13.58    0.369  24.08   0      108.8     7129.962     96.27574
       400    740.6699    804.3695     10405.27      534.181  14.9569   0.0558     6.56    0.450  13.56   1      25.86     1130.279     81.52191
       401    586.5891    804.5217     5901.878     261.7385  15.5725   0.0482     4.03    0.154   0.98   0      31.77     1933.191     83.73042
       402    488.7367    802.5524     12894.41     420.1009  14.7240   0.0354     8.62    0.468 -26.65   0      46.42     1966.964     83.82204
       403    373.3863    802.6608     10119.88     318.7542  14.9871   0.0342     4.54    0.193 -11.84   0         50     3069.479     86.75988
       404     31.1196    799.2701      9313.76     439.3694  15.0772   0.0512     9.72    0.438 -25.93   2      33.31     1512.863     82.16103
       405    633.9885    802.6778     2882.976     142.7055  16.3504   0.0538     1.46    0.135 -87.65   0      47.81     3047.601     86.70255
       406    357.7432    801.3018     11363.46     330.3005  14.8612   0.0316     8.99    0.129 -21.05   0      51.29     2950.969      86.0472
       407    879.3055    804.4807     34119.12     414.0151  13.6675   0.0132     6.35    0.247   9.41   0      132.1     8939.951     100.8019
       408    705.0045    799.3098     18851.69     240.7015  14.3116   0.0139     0.00    0.134   9.23   0      143.2     12764.08     109.2424
       409    510.6412    819.5692     2979.746     278.5177  16.3146   0.1015     4.11    0.140 -36.32   0      17.25     1065.005     81.76455
       410    117.9387    801.1838     12861.66     591.3475  14.7268   0.0499     4.23    0.275   7.69   1      115.4     1810.604     83.39701
       411    831.1913    800.8392      3750.38     197.3511  16.0648   0.0571     0.00    0.357 -38.07   0      52.96     2517.761     85.70756
       412    279.2464    798.2781     8107.328     426.7362  15.2278   0.0572     4.43    0.199  11.12   1      33.95     1987.533     83.67102
       413    267.9940    797.2410     60753.68     1281.423  13.0411   0.0229    23.91    0.469 -86.46   3      129.8     1343.441     82.53486
       414    272.8445    784.4078       187325     510.0019  11.8185   0.0030     3.98    0.161  28.21   3      444.6     45527.49      163.999
       415     20.7555    795.2211     4004.149     176.8271  15.9937   0.0480     5.62    0.466 -45.77   0      56.76       3033.1     87.06337
       416    884.3701    793.9319     7267.622     217.8878  15.3465   0.0326     4.12    0.610 -56.18   1       64.6     4418.927     90.22562
       417    553.2009    793.1994      25584.8     360.9522  13.9800   0.0153     5.10    0.290   5.83   0        108     7224.884     97.03658
       418    133.7614    793.5892     5358.105     367.3559  15.6775   0.0745     0.00    0.453  79.79   0      23.59     1407.393     82.91994
       419    795.7280    791.7735     7235.224      372.024  15.3514   0.0558     3.89    0.094 -17.16   0       33.5     2040.157     84.02026
       420    214.2757    789.2252      62531.3     475.2856  13.0098   0.0083     6.80    0.300  -9.08   3      199.2     13525.18     110.8146
       421    204.3032    781.4504     363057.1     603.5157  11.1001   0.0018     4.14    0.173  -2.92   3      688.6     94407.66     221.2254
       422    995.3209    786.3719     12343.17     569.5077  14.7714   0.0501    11.58    0.539 -36.80   3      33.42     1844.552     83.48947
       423    991.2076    779.6922     21396.42     733.5208  14.1741   0.0372    14.42    0.385  78.13   2      45.37     1698.794     83.09175
       424    637.1910    789.5277     11208.78     391.4073  14.8761   0.0379     6.43    0.213  61.21   0       43.3     2345.591     84.84242
       425    402.1088    791.8675     2817.406     148.5506  16.3754   0.0573     3.46    0.258 -44.71   0       47.5     2161.869     84.14323
       426    857.7604    790.5442     4598.304      329.578  15.8435   0.0778     7.39    0.394   8.75   0      21.55     1273.061     82.13019
       427    724.3795    790.1987     8896.528     501.7483  15.1269   0.0612     5.02    0.232 -50.30   3      26.44      1362.51     82.16679
       428    729.3932    788.1141     9788.475     514.0839  15.0232   0.0570     5.58    0.248  18.58   3      23.56     986.9725     81.12141
       429    905.1862    790.0277     2666.495     281.3573  16.4351   0.1146     3.22    0.189   2.47   0      15.01     920.8551     81.36288
       430    675.2077    785.9106     42683.68     500.6526  13.4243   0.0127     4.24    0.129   5.70   0      149.8     10593.84       104.63
       431    105.3918    789.7021     14009.33     212.9386  14.6340   0.0165     0.00    0.425 -37.88   0      143.2     12149.51     107.9563
       432    292.7054    783.0368     131253.7     460.5389  12.2047   0.0038     4.07    0.167  -2.04   0      370.9     35682.75       149.04
       433    565.5170    787.2839     3338.766     306.9062  16.1910   0.0998     3.48    0.025  11.62   0      17.42     1035.823      81.0447
       434   1008.0829    783.8344     35359.46     531.8217  13.6287   0.0163     7.32    0.302  14.39  19      112.8     5550.453     92.84583
       435   1016.7927    779.4508     7530.597     465.2806  15.3079   0.0671     9.99    0.542  26.71  19      24.59     1031.151     81.45802
       436    806.5956    786.4200     2287.217     210.5829  16.6017   0.1000     5.77    0.347  55.89   0       14.8     838.5184     80.70442
       437     43.5291    786.4539     9017.511      170.927  15.1123   0.0206     1.64    0.297 -44.52   0      94.73     8913.137     100.7415
       438    701.5968    784.9166     3707.797     312.7676  16.0772   0.0916     4.00    0.552  69.14   0      21.47     1375.742     82.41384
       439    453.8236    786.0190     6243.889      145.005  15.5114   0.0252     0.89    0.128 -11.30   0      91.03     6183.405     94.93149
       440     74.2389    781.5518     35510.66     404.2028  13.6241   0.0124     4.40    0.156 -10.19   0      137.4     9109.967     101.1845
       441    134.2401    782.3973     18478.77     425.1533  14.3333   0.0250     5.77    0.069  37.53   0      68.98     4097.104     89.79793
       442    616.4904    782.9022     3653.804      277.511  16.0931   0.0825     4.56    0.268   0.88   0      20.55     1234.844     81.17524
       443    971.8532    780.7795      8692.88     191.9987  15.1521   0.0240     1.82    0.203 -75.83   0      89.08     6246.943     94.90112
       444    950.5515    778.2116     15724.13     426.7336  14.5086   0.0295     5.98    0.262 -22.94   2      64.39     4040.113     89.65357
       445    899.7437    780.2108      10143.4     483.8696  14.9845   0.0518     9.46    0.152   8.14   3      32.36     1854.594     83.72396
       446    908.3338    776.1154     20812.18      408.769  14.2042   0.0213     4.01    0.205  -3.61   3      85.72     5531.269     92.79886
       447    917.5361    775.1380     9234.528     318.1223  15.0865   0.0374     5.35    0.312  -3.36   3      45.77     2650.798     85.45363
       448    723.5696    779.8657     18561.19     623.4254  14.3285   0.0365     6.48    0.238  10.49   3      36.55     1785.264     83.32793
       449    727.9781    775.1461     13096.78     549.6933  14.7071   0.0456     5.40    0.238 -10.70   3      31.58     1124.466     81.71796
       450    575.6648    779.2720      6181.47     261.9811  15.5223   0.0460     8.35    0.106 -52.12   0      32.42     1970.602     83.62502
       451    754.3878    777.2183     20884.79     560.6816  14.2004   0.0292     4.96    0.262  -1.59   0       62.8     3620.224     88.19079
       452    439.0417    777.1011     15039.82     326.2498  14.5569   0.0236     6.46    0.160  -7.03   0      68.12      4303.11     89.15964
       453     90.0512    778.4323     10069.13     306.2453  14.9925   0.0330     9.88    0.192 -42.69   0      45.88     2508.533     85.27779
       454    112.0660    777.4637     10584.12     361.1051  14.9384   0.0371     7.76    0.240   5.42   0      47.01      2695.46     85.57233
       455     41.0320    777.8156     3185.711     316.5195  16.2420   0.1079     4.25    0.405   0.64   0      15.55     960.2414     81.47283
       456    711.8947    773.7969     7373.945     449.1002  15.3308   0.0661     6.58    0.211  -4.05   0       19.7     805.6013     80.61167
       457    545.0005    773.9141     41984.63     193.0602  13.4423   0.0050     4.35    0.071  89.37   0      285.4     42023.08     159.0684
       458     13.7207    769.2469     61836.05     545.4058  13.0219   0.0096    13.57    0.345   9.02  18      171.2     8571.895     99.96865
       459      7.0075    766.0035     56837.29     209.8176  13.1134   0.0040     0.00    0.003  46.61   3      345.6      56687.4     178.6031
       460    276.9601    771.0270      16072.6     511.8028  14.4848   0.0346    12.17    0.510 -15.63   1      57.95     2843.286     86.56645
       461    595.4659    768.0996        54945     399.0264  13.1502   0.0079     3.93    0.185  -1.81   0      200.6     15285.12     113.9118
       462   1014.2207    760.1220     42785.28      743.038  13.4218   0.0189    18.24    0.598 -49.76  19        103     5608.841     93.36047
       463    684.7678    764.9568     254843.7     797.1851  11.4843   0.0034     9.10    0.207  -2.00   3      474.4     51194.96     171.6735
       464    689.0579    756.6564     149902.3     671.5341  12.0605   0.0049    15.42    0.537  -8.10   3      236.8     4935.818     91.89615
       465    217.6862    770.1056     7875.214     425.5963  15.2593   0.0587     4.10    0.381  -2.47   3      24.47     1523.211     82.40015
       466    213.1970    765.0647     20438.36     619.2332  14.2239   0.0329     6.22    0.224  74.37   2      54.27     3382.906     87.77464
       467    898.0712    767.8155     11249.92     419.2103  14.8721   0.0405     5.00    0.182 -20.60   0      47.39     2842.726     86.36465
       468    886.1299    768.2421      4373.84     335.9318  15.8978   0.0834     5.02    0.167  37.85   0      19.67     1028.696     81.23822
       469    861.7411    767.6354     5978.603     331.8361  15.5585   0.0603     4.11    0.094 -20.50   0      29.53     1767.554     83.27961
       470    444.4526    766.6941      7643.31     271.3469  15.2918   0.0386     7.23    0.180 -31.11   0      40.09     2446.462     84.49944
       471    495.1946    766.4059     8533.678     346.3202  15.1722   0.0441     8.83    0.213  20.04   0         40     2293.503     84.70278
       472    474.9914    766.5798     4399.447     156.5842  15.8915   0.0387     1.00    0.177 -86.03   0      63.97     4440.681      90.2804
       473    194.5189    766.6442     43376.77     259.5241  13.4069   0.0065     0.00    0.495  29.23   0      269.8     37582.95     152.1379
       474    796.9420    765.8492     2676.179     151.2256  16.4312   0.0614     4.54    0.177  60.83   0      46.83     2168.568     84.57196
       475    731.8209    763.0895     11998.54     503.1514  14.8022   0.0455    10.36    0.287 -32.10   0      39.16     2062.763     83.46104
       476    936.6148    762.5959     5272.303     286.4937  15.6950   0.0590     5.41    0.068  51.69   0      27.41     1630.671      82.9052
       477    376.1734    762.2208     8543.616     413.5731  15.1709   0.0526     9.53    0.462 -10.50   0      33.04     1644.255     83.35909
       478    391.9837    760.9781     5380.633     176.1459  15.6729   0.0356     5.38    0.413  55.25   2      84.05     4531.105     90.88972
       479    388.0054    759.9957     22061.67     167.9772  14.1409   0.0083     0.00    0.007 -38.72   3      211.6     22217.33     127.4003
       480    522.1303    757.3767     25579.94     487.5264  13.9803   0.0207    11.48    0.530   8.66   2      79.04      2624.83     85.58717
       481    529.9862    756.3412     7179.493     160.5686  15.3598   0.0243     0.92    0.170 -88.41   3      89.82     6959.309     96.59206
       482    291.6207    756.8715     31925.03     386.8133  13.7397   0.0132     4.52    0.122  -8.19   0        125     8130.413     99.30934
       483    163.1942    757.8846     10868.09     485.9953  14.9096   0.0486    11.27    0.263 -19.61   0       40.8      1910.94     83.87677
       484    787.1689    755.7387     14818.88     529.5532  14.5730   0.0388     9.83    0.255 -63.57   0      45.73     2647.182     85.64651
       485    677.0022    758.0178     19129.28     163.9617  14.2958   0.0093     4.23    0.017 -88.83   1      190.2     18617.09     120.8072
       486    928.6503    752.6014     16583.69     375.3918  14.4508   0.0246    11.26    0.149 -18.72   0      71.33     4327.757     89.99567
       487    779.0201    755.0679     7020.032     146.2164  15.3842   0.0226     0.00    0.113  60.12   3      94.74     5865.821     93.98397
       488    773.1608    751.6716     24623.89     493.2648  14.0216   0.0218    10.25    0.316  37.11   2      95.43      6313.65     94.87834
       489    739.0221    756.9529       5063.2     143.1425  15.7389   0.0307     4.34    0.083 -61.93   0      83.63     4565.776     90.97637
       490    632.2092    754.6012     12408.21     310.7759  14.7657   0.0272     3.97    0.197   9.20   0      60.99     3839.793     88.75483
       491    138.4561    752.1647     25155.43     681.4762  13.9984   0.0294     7.42    0.301 -47.76   0      56.65     3550.634     88.01127
       492     72.1608    755.8979      2812.49     228.8643  16.3773   0.0884     5.90    0.408   7.45   0       16.1      890.429     79.98889
       493    879.8818    738.4972      32851.9     587.2994  13.7086   0.0194     6.38    0.188  46.35   3      96.84     6511.775     94.98772
       494    883.8410    751.2672     83505.64     455.7572  12.6957   0.0059     4.10    0.087  -6.23   2      264.1     21922.69     126.8736
       495    229.0925    753.3969     13516.36     430.6142  14.6729   0.0346    10.04    0.297 -10.71   0      53.79      3067.42     86.75449
       496    947.3552    753.8162      4077.76     319.8785  15.9739   0.0852     2.45    0.271 -22.17   0      20.11     1260.278     82.30554
       497     60.3438    752.9818     6160.159     335.8512  15.5260   0.0592     5.84    0.257   1.91   0      29.31      1652.64     83.17393
       498   1007.4571    750.4977     10909.92     479.7371  14.9054   0.0478     6.63    0.078  19.85   3      38.85     2053.645     83.64356
       499   1011.8436    745.5699     22891.38      523.166  14.1008   0.0248     9.08    0.360   8.20  19       70.6     4094.705     89.79185
       500   1018.1799    744.9007     12529.01     371.7658  14.7552   0.0322     5.06    0.158 -14.69  19      55.68     3206.721      86.5201
       501    753.5687    750.4987     23545.96     362.0663  14.0702   0.0167     4.10    0.092 -10.33   0      98.72      6313.67     94.14527
       502    651.8864    751.4916     6247.575     258.7121  15.5107   0.0450     4.39    0.209  -7.97   0      34.37     2055.405     83.85517
       503    908.4133    751.2609     3079.653     250.7861  16.2787   0.0884     5.53    0.163  10.27   0      17.48     993.0123     81.13833
       504    420.4366    750.8374     4879.763     346.4232  15.7790   0.0771     4.17    0.192  10.42   0      23.64     1386.942     82.23434
       505    507.4372    748.5026     8616.942     486.7241  15.1616   0.0613     8.95    0.239  62.86   0       29.5     1463.515     81.60095
       506    128.5582    750.3480     6562.952     389.8129  15.4573   0.0645     4.19    0.312   1.91   1       29.7     1769.356     83.49226
       507    642.2068    748.0845         4425      337.253  15.8852   0.0828     7.04    0.331  48.00   0      20.08     1139.642     81.76015
       508    480.5895    745.7608     37148.41     461.1144  13.5751   0.0135     9.79    0.261  -1.62   2      133.7     9054.308     101.7427
       509    370.6279    743.1701     27198.19     602.6088  13.9136   0.0241    11.88    0.460 -75.63   0      75.13     2953.562     86.85549
       510    587.7703    746.2534      9383.16     308.5557  15.0691   0.0357     4.18    0.171 -15.42   0      45.31     2774.552     86.18505
       511    565.0049    746.5601     4555.585     409.2649  15.8536   0.0976     8.57    0.187  40.51   0      17.43     677.4414     80.68008
       512     42.7631    746.0968     20422.75      381.133  14.2247   0.0203    10.33    0.286   4.69   0      83.45     5022.977     90.97611
       513    995.1000    744.2219     7830.434     488.1343  15.2655   0.0677    10.15    0.518 -37.18   2      25.18     1174.284     80.57669
       514    816.3366    744.8768     7620.604     419.3087  15.2950   0.0598     4.10    0.175  14.75   0      29.78     1764.774     83.06374
       515    102.8317    744.7670     4917.178     234.6653  15.7707   0.0518     2.02    0.561 -53.06   0      34.86     1775.067     83.71497
       516    516.7803    742.7876     15713.46       391.81  14.5093   0.0271     4.60    0.224 -31.55   0      66.31      3898.01     88.90378
       517    190.7942    743.5896     6751.421     284.6379  15.4265   0.0458     2.04    0.660 -62.47   0      39.56     1196.243      81.7056
       518    852.9923    739.1715     7219.842     322.1032  15.3537   0.0485    10.11    0.302 -88.10   0      31.62     1783.755     83.53144
       519    612.9943    741.9386     22675.65     565.2507  14.1111   0.0271    10.60    0.234 -27.86   0      64.63     4278.508     90.06376
       520    285.2605    741.7372     9401.232     409.8391  15.0670   0.0473     5.51    0.204  37.95   0      43.04     2589.775     85.49403
       521    206.9175    742.9284     3847.299     268.1486  16.0371   0.0757     4.08    0.165  -6.42   0      20.94     1245.989     81.41946
       522    659.6771    742.2599     3259.505     261.0978  16.2171   0.0870     7.11    0.367 -30.14   0      18.61     980.3595     80.88902
       523    169.2048    739.8481     14059.56     430.9008  14.6301   0.0333     6.83    0.436 -16.11   2      51.13      3103.79     86.84972
       524    687.6336    738.3539     22064.76     377.5504  14.1408   0.0186     4.51    0.144  -3.34   0      93.01     5942.636     94.16954
       525    602.3306    737.3475     41475.43     361.3595  13.4555   0.0095     0.00    0.356  17.42   1      182.5     8210.392     99.14339
       526    535.2156    740.3738     4188.272     314.4966  15.9449   0.0815     6.30    0.332   8.45   2      21.05     915.1186     81.34686
       527    591.2911    738.9937     7466.791     152.6909  15.3172   0.0222     0.91    0.160  -1.73   0      95.14     7415.766     97.48263
       528     99.1505    736.1731     6302.475     294.7498  15.5012   0.0508     4.53    0.221   8.37   0      31.74     1926.811     84.12592
       529     17.3751    727.3043     149263.8     573.1896  12.0651   0.0042     4.54    0.190  -7.09  16        392     35659.18      149.004
       530    731.8718    737.0914     2257.008      174.567  16.6162   0.0840     3.78    0.353  -8.08   0       15.3      961.213     80.62063
       531    626.4016    733.5460      8683.02     396.5454  15.1533   0.0496     6.45    0.320 -42.46   0      35.61     2082.358     84.13433
       532    116.3529    736.4078      2821.37     276.8285  16.3738   0.1066     3.52    0.163  45.23   0      16.26     996.4487     81.57377
       533     77.1205    735.6923     6213.441     470.1957  15.5167   0.0822     7.39    0.318  68.28   0      18.93     814.3138     80.42113
       534    489.1291    733.8326      8494.95     480.3979  15.1771   0.0614     8.50    0.316  86.20   0      25.68      1622.11     82.88174
       535    337.1832    734.5611     3763.433     356.7865  16.0610   0.1030     6.14    0.345 -40.14   0      15.47     742.4115     81.07683
       536     85.2487    733.2246     9492.085     409.8895  15.0566   0.0469     4.63    0.273  -2.23   0       43.4     2644.291     86.04243
       537    396.2790    746.5308        14544     342.7433  14.5933   0.0256     4.25    0.137   9.12   0      64.47     3892.939     88.50021
       538    276.3105    730.4633     48931.73     415.8664  13.2760   0.0092     4.21    0.149  -1.70   0      181.4     13116.61      109.658
       539    187.5914    733.5809     5475.366     166.1505  15.6540   0.0330     2.00    0.287  44.59   0      64.95     5335.289     92.50508
       540     81.7712    747.5839     6818.357     413.6721  15.4158   0.0659     6.27    0.280  45.36   0      26.55     1287.061     82.37946
       541   1022.2651    728.3572     12379.09     293.5559  14.7683   0.0258     6.41    0.243  78.97  24      64.54     3780.688     88.60335
       542    704.8026    731.8403     2845.978     279.9597  16.3644   0.1068     5.94    0.506  23.70   0      15.02     828.3929     81.10419
       543    569.5532    725.4905     181456.9     520.0253  11.8531   0.0031     4.05    0.141 -21.30   0      453.6     48009.57     166.9889
       544   1001.5555    729.5190     6288.382     400.6125  15.5037   0.0692     8.61    0.331 -21.04   0      22.93     1251.434     81.43466
       545     37.9457    729.1975     22571.09     537.7239  14.1161   0.0259     4.51    0.261   1.01   2      66.97     3750.666     88.52631
       546    543.0030    729.2634     2796.646     148.5188  16.3834   0.0577     2.61    0.199  71.76   0      49.38     2446.444     85.31544
       547    129.7654    729.3776      4108.94     342.1408  15.9657   0.0904     4.30    0.283  11.05   0      17.92      1059.64     81.74963
       548    838.9668    726.5089     18321.67     342.7213  14.3426   0.0203     4.61    0.145  -1.92   0      80.58     4869.986     90.59311
       549    123.0102    728.0184     14206.75     156.9902  14.6188   0.0120     0.00    0.034  60.40   0      164.3     13968.15     111.7194
       550     57.2350    727.1768     3791.254     325.0485  16.0530   0.0931     4.81    0.238  17.99   0      18.55     1087.137     81.82604
       551    679.4507    725.0708     10568.91      331.064  14.9399   0.0340     7.63    0.211 -11.28   0      50.36     3223.573     86.96365
       552    733.6387    725.1306      3076.54     217.4908  16.2798   0.0768     6.83    0.344  54.66   0      17.63     975.4783      81.0892
       553    605.9812    725.7846     2609.102     284.3731  16.4588   0.1184     5.00    0.175  88.44   0      14.15     839.6337     80.92191
       554    952.6576    724.8961     2439.943      147.972  16.5316   0.0659     2.68    0.268  18.19   0       38.7     1892.869     82.99712
       555    941.6609    723.3939     8128.904     467.4294  15.2249   0.0624     4.88    0.226 -20.19   0      26.71     1511.989     82.78871
       556    627.2914    723.9613     7070.382     331.2784  15.3764   0.0509     5.60    0.153 -18.25   0      36.69     2239.706     83.94149
       557    581.0310    724.0182     8191.777     148.0265  15.2166   0.0196     0.00    0.079  29.04   0      112.9     7464.923     97.95149
       558    645.1661    717.4490     13587.26     443.5315  14.6672   0.0355    11.53    0.277  28.78   2      55.36     3290.331      87.3365
       559    645.5845    707.7562     13140.37     422.2899  14.7035   0.0349     5.36    0.109  39.77   3      52.82     3210.426     87.52504
       560    349.3198    709.3243     139589.3      577.647  12.1379   0.0045    12.94    0.256  -3.96   0      347.2     24924.43     131.7475
       561    234.0172    718.6523     1933.506     169.0987  16.7841   0.0950     2.86    0.586 -17.13   0      16.55     979.1446     81.31279
       562    197.2029    716.8422     9022.977     422.1249  15.1116   0.0508     4.68    0.143 -26.60   0      37.24     2251.954     84.99979
       563    444.4981    716.4716     22136.25     440.0878  14.1372   0.0216    10.10    0.040  30.71   0      88.62     5507.553     92.17871
       564     97.3458    715.6823     6101.564     251.7958  15.5364   0.0448     3.97    0.208  23.17   0      32.71     2002.858     83.50545
       565    784.7548    714.9657     3235.923     203.2534  16.2250   0.0682     6.60    0.332 -34.17   0      19.44     1173.921     81.85538
       566     59.1645    714.5394     10917.06     354.0503  14.9047   0.0352     4.21    0.155   6.57   0      51.89     3166.514     87.01369
       567     27.3558    705.7985     5757.303      351.955  15.5995   0.0664     3.51    0.234  42.73   3       23.9     1486.348     82.92744
       568     33.1299    712.7521     9893.082     392.8535  15.0117   0.0431    11.10    0.520  20.53   2      33.99     1950.694     83.77792
       569   1019.5948    712.1725     10631.33       448.82  14.9335   0.0458     3.59    0.220  53.30  16      35.79     2275.916     84.85995
       570    956.0538    712.5048     4037.108     340.8248  15.9848   0.0917     3.71    0.180   1.20   0      17.96     1071.369     80.71625
       571    541.0121    712.4702     6621.144     418.7666  15.4477   0.0687     6.01    0.263 -15.46   2      23.26     850.7147     80.73876
       572    504.4638    710.6147     28775.08     378.1482  13.8525   0.0143     4.07    0.173  -5.30   0      119.9     8054.353     98.96024
       573    289.1247    712.1063     2739.151      145.484  16.4060   0.0577     3.52    0.241  45.29   0      50.76     2267.441     84.22248
       574   1006.1135    711.4709     7003.271      418.974  15.3867   0.0650     3.83    0.203 -14.42   0      20.62     1104.361     81.02316
       575    702.1847    703.4780     83109.35     416.8408  12.7009   0.0054     4.08    0.200   0.87   3      272.9     23278.27      129.413
       576    714.6992    707.8882     80527.34     462.7698  12.7351   0.0062    12.55    0.118  32.28   3      248.3     16108.21     115.5424
       577    457.9970    711.9155     3443.792     140.5477  16.1574   0.0443     4.39    0.116 -83.74   0      62.59     2905.677     86.53014
       578    140.7028    708.8785     10309.85     338.6477  14.9669   0.0357     4.29    0.221   5.71   0      49.83     3042.525     86.28868
       579    769.9745    707.2484     22134.54     331.1552  14.1373   0.0162     4.66    0.164   3.30   0      99.78     6785.124     96.36127
       580    976.0026    700.8359     261655.8     558.6385  11.4557   0.0023     4.15    0.120   7.65   0      565.1     68813.95     193.5986
       581    324.9819    708.8832     10630.12      162.741  14.9337   0.0166     0.00    0.226  80.92   0      135.5     10003.28     103.3393
       582    198.3886    704.6968     25513.23     508.3683  13.9831   0.0216     8.02    0.311 -41.48   0         82     4022.378     89.22115
       583    571.1697    696.2007     701090.7     732.1688  10.3856   0.0011     4.14    0.116  -5.08   2      995.6     189861.5     304.1415
       584   1010.4999    705.8884     5429.297     256.3082  15.6631   0.0513    -7.42    0.267 -25.35   0      48.92     3106.451      86.2563
       585    908.9771    704.2151     17506.07     406.9267  14.3920   0.0252    11.26    0.382   0.75   0      69.89     4279.056     90.06514
       586    850.1133    704.1333     2392.632     191.3062  16.5528   0.0868     6.11    0.658 -48.57   0      15.55     961.9593      80.8373
       587    566.6108    680.4059     156708.3     496.1706  12.0123   0.0034     4.10    0.158  11.14   3      411.9     41454.12     158.0343
       588    226.8554    706.1851     3160.312     303.9376  16.2507   0.1044     4.47    0.327   2.74   0      15.61     913.8279     81.13002
       589    602.0438    697.2979     20298.71     211.5117  14.2313   0.0113     6.23    0.456 -89.59   0      189.6     18365.78     119.7563
       590    379.2125    701.0182     41704.42     388.0789  13.4495   0.0101     4.22    0.173   5.67   0      161.2     11552.22     106.6915
       591    101.1107    700.2204     19131.98     353.2069  14.2956   0.0200     4.28    0.257  15.00   2      78.12     4932.046     90.93935
       592    257.8734    713.1279     8835.895      316.472  15.1344   0.0389     5.16    0.272 -12.53   0       41.4     2447.593     84.91147
       593   1019.6336    699.2700     16164.48     537.4321  14.4786   0.0361    10.17    0.088   3.57  18      36.18     2007.086     83.93075
       594    631.2262    700.5359     10831.53     457.5209  14.9133   0.0459     9.56    0.322   6.78   0      39.99     2280.436     84.66771
       595     51.5350    700.3593     3574.052     259.7093  16.1171   0.0789     4.07    0.162  20.39   0      19.46     1159.825     81.60424
       596    870.9791    697.5020      7017.48     366.0224  15.3845   0.0566     5.24    0.030 -30.91   3      24.51     1333.556     81.45114
       597    865.2564    693.5370     16995.06     399.1169  14.4242   0.0255     5.19    0.176 -87.97   2      69.64     4331.933     90.19847
       598    148.8835    698.1442     6518.791     371.5861  15.4646   0.0619     4.70    0.156   0.38   2      26.08      1388.84     81.81725
       599    745.8148    694.5076     32864.71     529.1202  13.7082   0.0175     6.25    0.265  17.30   3      94.81      6096.13     93.98797
       600    728.8892    687.4835     39638.92     520.5015  13.5047   0.0143     4.34    0.180  -5.05   3      121.7     8032.533     98.73483
       601    736.5563    685.9980     34935.46     533.2672  13.6418   0.0166     6.21    0.316  13.85   3      104.8     6118.806      94.7767
       602    723.9927    697.0084     17360.22     161.4909  14.4011   0.0101     4.25    0.040 -61.56   0      181.9     17108.54      117.935
       603    252.1068    694.7887     14347.25     370.5457  14.6081   0.0280     4.15    0.163   3.63   0      64.72     4179.358     89.62013
       604    838.0601    693.6454     14671.65     362.4759  14.5838   0.0268    11.61    0.071 -33.19   0      63.46     3586.873      88.1048
       605    420.0313    695.9778     36047.63     185.9398  13.6078   0.0056     4.34    0.033 -39.38   0      269.2     35251.96     149.0804
       606    412.2430    692.7742     9875.235     429.6971  15.0136   0.0473     7.64    0.185  -0.01   1      39.54     2362.537     85.29495
       607    536.5348    692.3262     8224.733     392.9907  15.2122   0.0519     9.11    0.271   0.92   2      35.43     2075.864     83.91061
       608    357.9864    692.8405     7078.656     312.4477  15.3751   0.0479     4.21    0.232   9.52   0      37.67     2407.314     85.61674
       609    119.3537    691.6168     10680.22     321.8558  14.9285   0.0327     4.27    0.216  -1.16   0      52.92     3305.673     87.77201
       610    794.5541    689.4785      11558.7     288.4508  14.8427   0.0271     3.75    0.211   6.93   0      58.88     3779.696     88.40508
       611    888.6933    708.2927     2887.485     232.6912  16.3487   0.0875     4.14    0.203  31.96   0       16.3     985.5623     80.90363
       612    378.5201    688.8475     7500.934     475.3943  15.3122   0.0688     6.65    0.358 -45.49   1      18.69     887.7847     80.41336
       613    209.3290    685.1329     32810.23     385.0905  13.7100   0.0127     6.32    0.154   3.22   0        131     8860.125     100.6218
       614    925.6840    686.9880     13349.24     334.2652  14.6864   0.0272    10.63    0.311  17.19   0       60.2     3732.311     88.28318
       615    314.6171    686.6155     5032.314     329.8772  15.7456   0.0712     4.28    0.211   2.84   0       25.4     1532.261     82.63499
       616     94.1269    681.9305     252192.5      565.598  11.4957   0.0024     4.12    0.324   3.61   0        557     68942.12     193.4806
       617    469.5996    683.5228     11705.03     480.1136  14.8291   0.0445     7.45    0.214  50.52   0      42.98     2206.717      84.4696
       618    414.1465    683.1118     38498.67     514.1408  13.5364   0.0145     9.25    0.270  -7.16   3      133.4     8935.156     100.6191
       619    413.5760    673.9518     14887.99     545.6924  14.5679   0.0398    11.23    0.197   3.09   3      47.94     2932.408     86.80012
       620    383.8494    680.0694     13780.02     476.5728  14.6519   0.0376    13.00    0.478  34.99   0      44.63     2454.055     85.13248
       621    349.0999    671.5779     9728.664     540.3431  15.0299   0.0603     8.94    0.408  43.91   3      28.89     1561.248     81.66086
       622    349.7108    678.4016     13483.91       528.98  14.6755   0.0426     5.62    0.195 -12.20   3      34.74     1666.308     83.00284
       623    355.3005    681.0002     10185.48     358.4459  14.9800   0.0382     4.07    0.141 -22.43   3      43.77     2642.513     85.63412
       624   1006.0114    682.7803     4814.745     159.9171  15.7936   0.0361     4.85    0.229 -87.91   0      68.59     3686.379     88.36111
       625    430.1074    681.7320     3397.005     323.4365  16.1723   0.1034     4.20    0.320  36.71   0      16.43     961.4154     80.83577
       626    129.4020    681.1089     9421.503     384.7814  15.0647   0.0444     2.77    0.337 -10.59   3      41.05     2837.546     86.15018
       627    138.9271    679.0981     20457.15     413.8372  14.2229   0.0220     4.22    0.266   7.99   3      80.58     5159.721     91.50658
       628    145.3311    679.8729     6463.248     400.7117  15.4739   0.0673     3.76    0.192  24.73   3      25.67     1571.483     82.53318
       629    919.0521    679.9107     4566.241     342.4444  15.8511   0.0814     4.75    0.207  -2.04   0      20.66     1287.021     81.53392
       630    716.9995    680.9535     13950.58     156.6189  14.6385   0.0122     4.39    0.104 -89.45   0      164.3     13962.09      111.707
       631    936.8992    678.0375     11494.85     349.4993  14.8487   0.0330    10.26    0.338  22.50   0      52.39      3267.69     86.48003
       632    448.1646    678.8295     36672.82     224.6058  13.5891   0.0067     5.92    0.153 -40.56   2      248.7      31755.4      143.651
       633    457.3529    671.7477     18233.34     473.2328  14.3478   0.0282     5.97    0.354 -24.79   3      69.96     4438.322     90.46614
       634    990.8834    677.9728     8560.367     236.3423  15.1688   0.0300     7.42    0.398 -14.47   0      68.27     5165.865      91.8996
       635    910.6699    678.2668     3523.117     335.3558  16.1327   0.1034     6.21    0.126  -9.96   0      17.01     942.1869     80.78169
       636    650.8940    678.1698      2603.63     200.3956  16.4611   0.0836     0.00    0.171 -62.72   0      28.51     1539.858     81.81331
       637    613.6051    673.8405      11863.5     503.0904  14.8145   0.0461     6.28    0.149  21.24   3      37.09     1336.541     82.51586
       638    603.7019    675.1188     15151.07     481.7421  14.5489   0.0345     6.92    0.097  18.71   0      58.08      3487.23     87.25383
       639     61.1399    673.4130     87765.84     759.5273  12.6417   0.0094     5.20    0.279 -87.77   2      167.3     11617.22     106.9919
       640    115.9499    680.4987     11191.63     413.9809  14.8778   0.0402     4.25    0.208  -2.85   0      49.08     2965.715     85.88468
       641      2.0252    674.1479     5063.884     211.5211  15.7388   0.0454     3.52    0.285 -88.73  24      37.56     2643.153     86.03942
       642    923.0569    674.9943     5101.459     143.2032  15.7308   0.0305     4.34    0.084   4.82   0      82.97     4534.127     90.70651
       643    325.8383    664.6583     602299.9     700.2144  10.5505   0.0013     4.26    0.146 -14.00   0      918.3     159703.3     280.5789
       644    530.5723    670.5865     11511.45     201.8489  14.8472   0.0190     3.08    0.515  45.53   0      100.3     7851.652     98.66933
       645    222.3004    684.9163     3247.946     293.8624  16.2210   0.0983     4.32    0.100 -49.47   0      17.36     1051.621     80.66062
       646    622.5679    667.9762     3553.381     277.4288  16.1234   0.0848    -0.01    0.226   1.07   0      20.33     1436.802     82.79155
       647    271.4841    670.4519     82704.08      420.757  12.7062   0.0055     4.18    0.185   3.58   0      270.8     22131.26     126.9742
       648   1011.7638    664.8149     4886.374     365.8822  15.7775   0.0813     8.02    0.379  -4.64   0      22.68      1394.22     82.88383
       649    594.3428    663.1624     24206.12     459.4281  14.0402   0.0206     4.47    0.145   2.69   0      93.32     5974.931     94.06348
       650    793.2485    664.1240     14287.01      175.343  14.6126   0.0133     5.04    0.298  26.69   0      151.1     12433.12      108.392
       651    107.8737    661.4255     14450.07     584.5963  14.6003   0.0439    10.84    0.398 -20.43   0      40.28     2361.418     84.88481
       652      8.7471    660.5188     22179.36     363.5974  14.1351   0.0178     0.00    0.269  -5.01  16      107.6      7738.54     97.87894
       653    650.5575    662.9331     2525.241     172.4223  16.4942   0.0742     3.45    0.442   8.09   0      33.84     1678.226     83.03547
       654    866.4145    661.9929     2049.386     269.8493  16.7209   0.1430     5.46    0.164 -69.01   0      13.17     746.6556     80.44531
       655    692.1255    660.1522     7887.238     377.0447  15.2577   0.0519     6.77    0.097 -14.95   0      35.34     2136.987       84.076
       656     75.1617    661.2388     4702.957     358.5941  15.8191   0.0828     7.62    0.435   3.47   0         22     1193.138     81.69697
       657    472.2124    660.5881      18408.7     187.6619  14.3374   0.0111     2.37    0.382 -63.43   0      162.3     15149.26     114.0968
       658    173.2362    660.2981     6067.849     407.9864  15.5424   0.0730     8.52    0.421   3.55   3      25.26     1052.095     80.44691
       659    178.9327    656.1203     9713.933     436.6109  15.0315   0.0488     4.34    0.244  -1.14   3      36.13     2256.185      84.1921
       660    420.6207    657.3264     7968.348     363.0513  15.2466   0.0495     4.74    0.210  -4.87   3      33.69     1970.188     84.03716
       661    426.2048    657.4183      3711.93     319.6185  16.0760   0.0935     4.15    0.162  17.39   3      20.34     1296.738     81.98466
       662    193.5931    655.8371     10732.12      484.146  14.9233   0.0490     4.55    0.166 -20.69   2      29.76     1599.003     83.23562
       663    563.9632    657.0730     3353.851     146.4411  16.1861   0.0474     0.00    0.205 -43.66   3      58.34     2837.024      86.1488
       664    567.9588    657.4838     2550.707     285.8455  16.4833   0.1217     4.88    0.319   9.82   3         13     745.6266     80.01057
       665    777.9829    655.9998     6439.243     145.3108  15.4779   0.0245     4.21    0.004 -36.76   3      102.3     6279.588     94.79671
       666    774.5123    656.4956     2272.804     244.8031  16.6086   0.1170     4.16    0.214  -0.35   3      13.37     792.6707     80.35993
       667    761.8061    654.0299     9964.889     343.4966  15.0038   0.0374     8.81    0.205  41.18   2      42.75     2736.206     86.28487
       668    205.9807    654.0529     31697.07     464.0531  13.7475   0.0159    11.99    0.276  12.78   2      120.7     8551.567     100.2685
       669    151.8023    654.1544     31230.23     390.8621  13.7636   0.0136     4.11    0.171   2.61   0      129.2     8934.396     101.1326
       670    769.9783    655.4197     4459.084     156.6707  15.8769   0.0382     0.90    0.179  84.22   0       60.1     4026.768     89.61974
       671    713.9876    653.9561     13054.06     332.7656  14.7106   0.0277     6.64    0.210   8.29   0      59.59     3651.506     88.66298
       672    309.1193    655.2316      6131.26     378.2813  15.5311   0.0670     4.87    0.232  -0.90   0      27.56     1572.775     82.74635
       673    672.0110    655.0010     40696.21     191.5374  13.4761   0.0051     0.00    0.015   1.09   0        290     40192.17     156.2089
       674    657.7559    652.4660     5929.147     273.0974  15.5675   0.0500     7.90    0.226 -36.17   2      26.56     1566.982     82.73043
       675    604.3077    652.8802     4343.637     357.1559  15.9054   0.0893     3.50    0.206  87.29   0      18.81     1046.227     81.07387
       676      1.7668    650.1533     6956.695     310.9695  15.3940   0.0485     7.07    0.628 -89.62  24         31     2019.794     82.92723
       677    504.1518    649.7207     9903.827     287.1439  15.0105   0.0315     4.28    0.110  27.49   0      47.57     2817.921     85.89697
       678    980.9598    648.1452     8276.428      320.154  15.2054   0.0420    10.12    0.204 -25.60   0      35.58     2000.112     84.11805
       679     97.3825    642.7769     18523.71     410.6704  14.3307   0.0241     7.00    0.396   4.87   2       66.6     4126.648     89.87267
       680     87.7565    649.4981      9945.31     548.3887  15.0060   0.0599     5.24    0.147  -3.62   2      34.29     1652.299     82.12507
       681    587.1244    649.9409     11548.77     164.0189  14.8437   0.0154     4.80    0.201 -19.49   0      135.8     10386.43     104.0121
       682    450.4525    648.7245     8388.469     294.8889  15.1908   0.0382     4.13    0.170  -3.76   0      43.38     2685.924       85.547
       683    390.4800    647.3483     18718.33     357.8149  14.3193   0.0208     5.47    0.122   1.88   0      82.53      5087.73     91.51707
       684    349.1690    648.9644     4767.323     148.6186  15.8043   0.0339     0.00    0.176 -13.00   0      78.98     4353.498     90.44452
       685    885.1545    643.8989     20069.53     504.2139  14.2437   0.0273    10.26    0.464 -30.93   0      61.22      2160.23     83.51889
       686    573.6180    643.2480     65124.74     466.4204  12.9656   0.0078     3.69    0.113 -25.85   0      219.8     18401.99     120.6892
       687    167.6632    645.0389     8520.743     424.9229  15.1738   0.0542    11.80    0.353 -12.40   0      27.67     1034.054      81.2532
       688    644.6642    645.3582      8322.28     309.1772  15.1994   0.0403     9.44    0.317 -16.04   0      38.05     2012.606     83.94569
       689    197.2920    640.0437     81835.59      439.429  12.7176   0.0058     4.25    0.181  -4.54   0      267.2     22055.47     126.7018
       690    759.4268    643.5374     3289.506     250.9762  16.2072   0.0829     4.06    0.139  41.00   0      20.02     1231.836     82.01603
       691    326.0927    642.2230      6398.96     397.4196  15.4847   0.0674     5.04    0.096  -3.16   0      23.98     1297.722     81.35109
       692    264.0103    639.2933      75847.8     505.3062  12.8001   0.0072     5.59    0.359   1.84   0      231.3     16033.52     115.8448
       693    615.2423    637.4564     11226.55     460.5467  14.8744   0.0446     4.33    0.174  27.94   2      37.77     2256.127     84.80694
       694    414.4893    639.2873     28124.12     481.5699  13.8773   0.0186    13.02    0.403 -26.64   2      106.5     6923.619      96.1484
       695    421.0457    631.0456     5639.062     147.0293  15.6220   0.0283     4.44    0.111  44.72   3      87.85     5069.074      91.8487
       696    449.2566    635.1928     89023.98     517.0941  12.6262   0.0063    14.33    0.338 -29.28   3        253      20614.1     124.6465
       697    440.6003    634.7218      48311.6     735.9523  13.2899   0.0165     4.65    0.385 -18.16   3        106     7170.079     96.90813
       698    125.3578    638.0762     5512.706     326.2499  15.6466   0.0643     6.03    0.160 -51.59   0      29.66     2018.499     83.96165
       699      7.7700    635.5958     96265.89     482.2543  12.5413   0.0054     4.53    0.280  21.32  24      280.9     23162.57     129.3437
       700    303.8429    636.5620     16279.74     440.9984  14.4709   0.0294     9.01    0.356 -18.05   0      65.31     3889.852      89.0776
       701    970.9265    635.5064     16039.85     314.7991  14.4870   0.0213     4.31    0.160  -6.03   0      75.41     4611.694     90.32716
       702    636.1875    636.2294     7801.894     448.3519  15.2695   0.0624     4.97    0.360  18.03   3      25.84     1570.055     82.94797
       703    627.8179    634.0392     6837.872     443.9783  15.4127   0.0705     5.43    0.288  17.03   3      23.22     1307.658     82.64613
       704    330.3582    634.0933     15199.58     469.0117  14.5454   0.0335     6.71    0.402 -23.84   2       47.7     2144.032     83.68205
       705    841.2083    631.7553     17690.21     367.9119  14.3807   0.0226    11.19    0.414  19.94   0      67.81     3574.055     88.46423
       706    600.1528    633.5892     31402.23     458.2735  13.7576   0.0158     5.31    0.212   6.34   2      111.2      7445.52     97.90646
       707    531.2916    634.3130     4390.657     220.8296  15.8937   0.0546     3.76    0.025 -11.63   0      25.12     1506.398     82.35376
       708    662.8781    630.9584     13330.68     171.5936  14.6879   0.0140     0.00    0.260  19.25   0      156.8     12781.32     109.2783
       709    154.9705    630.0270     5485.322     308.4916  15.6520   0.0611     4.16    0.178  34.72   3       26.7     1626.721     83.31126
       710    154.1467    623.0321     16633.43     412.7824  14.4475   0.0270     4.95    0.170  -0.99   3      70.04     4282.292     89.88078
       711    778.9623    627.3616     6689.595     273.7295  15.4365   0.0444     8.79    0.072 -59.09   0      34.96       2110.5     84.21032
       712    408.8354    626.2742     31405.76     435.9996  13.7575   0.0151     6.74    0.163  16.61   0      124.2     8220.588     99.34128
       713    203.5507    628.5669     13295.45     197.3716  14.6907   0.0161     2.98    0.479  44.59   0      124.3      9895.99      103.103
       714    179.8699    626.3087     4462.842     252.0365  15.8760   0.0613     8.19    0.102 -16.01   2      23.68     1247.419     81.63592
       715    173.0546    623.6892     4489.623     362.0651  15.8695   0.0876     5.68    0.408  27.83   3       20.4     1165.532     81.19456
       716    873.2517    635.3260     10345.94     463.8614  14.9631   0.0487     9.90    0.140 -66.56   2      38.38     1967.314     83.61608
       717    948.2234    621.4880     19857.27     525.1552  14.2552   0.0287     7.83    0.294  87.20   2      66.01     2300.505     84.31165
       718    759.7840    622.4462     75598.07     445.0366  12.8037   0.0064     4.10    0.246  -1.24   0      252.4     20785.15     125.0965
       719    262.0286    623.8328     12672.04     483.2669  14.7429   0.0414     9.46    0.316  14.93   0      43.53     2600.069     85.92554
       720    189.0005    625.6002      2738.07      156.938  16.4064   0.0622     2.27    0.324  87.82   0      42.85     2416.914     85.03327
       721    892.5778    621.7804     27795.75     495.5986  13.8901   0.0194     5.81    0.176  13.23   3      92.39     5282.136     92.74869
       722    899.1395    618.1177     17501.02     477.4379  14.3923   0.0296     6.39    0.347  79.64   3      60.09     3505.103     87.49857
       723    613.9883    624.2404     2825.083     142.6133  16.3724   0.0548     1.12    0.131  89.07   0      45.24      2640.77     86.23423
       724    540.0139    621.9285     22521.04     377.8249  14.1185   0.0182     5.73    0.146 -11.17   0      92.52     5934.307     94.14944
       725    518.1396    623.1801      8227.46     342.3451  15.2118   0.0452     3.90    0.151  18.23   0      40.76     2546.619     85.37923
       726    239.2132    636.7731      11534.6       254.96  14.8450   0.0240     7.97    0.483 -41.39   0      89.82     6950.231      96.5707
       727      3.7103    622.6893     4470.792     320.1577  15.8740   0.0778     7.16    0.418  66.11  17      21.18     1154.957      81.3781
       728    821.2368    622.6306     11042.88     355.3518  14.8923   0.0349     4.34    0.262   6.90   3      51.44      3238.97     87.59913
       729    816.5528    617.3737     4244.457     360.7126  15.9304   0.0923     8.59    0.355  19.91   3      21.77     1196.463     82.12914
       730    554.1819    623.7357     3750.797     304.3788  16.0647   0.0881     5.79    0.225   7.56   0      19.03     1084.256     81.39351
       731    111.6309    623.4891     4058.987     237.5077  15.9790   0.0635     4.27    0.276   0.80   0      22.82     1321.508        81.63
       732    567.6953    622.0957     5610.371     190.6003  15.6275   0.0369     1.82    0.373   5.36   0      59.12     4445.732     90.10107
       733    435.5587    619.6424     6983.838     475.1471  15.3898   0.0739     5.23    0.099   6.11   2      22.31     980.7426     80.67566
       734    802.6015    621.7944     20323.63      234.823  14.2300   0.0125     6.98    0.494 -14.48   0      168.6     16324.21     116.4137
       735    844.2770    620.5840     1991.899     197.5202  16.7518   0.1077     5.93    0.602 -28.53   0      12.66     640.6288     80.36105
       736    986.3099    619.3831     3412.285     183.2951  16.1674   0.0583     5.93    0.210 -23.09   0      29.88     2123.775      83.8339
       737    620.8085    617.2995     13335.25     269.7257  14.6875   0.0220     8.48    0.020  80.08   0      78.54     6439.139     95.17847
       738    247.5134    618.4588     7891.852     392.7981  15.2571   0.0541     4.01    0.163   9.90   0      36.38     2156.721     83.92316
       739    460.4883    616.1950     15933.86     478.5048  14.4942   0.0326    11.40    0.191  11.94   0      56.93     3299.841     87.36124
       740    418.9318    618.4786     4601.834     366.8877  15.8427   0.0866     4.02    0.201  18.95   0      18.66     982.8857      80.6817
       741    871.5191    621.2794     25403.42     479.3816  13.9878   0.0205     8.32    0.463   3.94   0       95.9     6169.476     93.98103
       742    930.9557    614.8758     7379.018     345.5616  15.3300   0.0509     4.99    0.244   2.44   0      36.52       2163.4     84.35297
       743    707.2600    613.5604     8068.192     308.9903  15.2331   0.0416     4.26    0.158  -2.23   0      41.01     2462.858     85.15598
       744    936.3438    628.5466     6864.732     309.5062  15.4084   0.0490     3.90    0.106   0.63   0      35.44     2156.198     84.74336
       745    160.5141    608.4992     13507.63     415.2505  14.6736   0.0334     4.15    0.216  13.47   2      40.95     1345.276     81.48383
       746    713.6667    625.0511     3333.419     309.7115  16.1928   0.1009     6.18    0.403  46.87   0      15.32     781.7839     80.54449
       747    325.7903    613.3848     4041.306     319.8527  15.9837   0.0860     4.29    0.287  13.82   0      20.14     1193.536     81.69807
       748     55.8173    613.1238     4690.223     368.1207  15.8220   0.0852     7.37    0.288  10.20   0      20.38     1070.255     81.56705
       749    889.4337    612.0350      6684.55     413.5986  15.4373   0.0672     3.60    0.183 -34.16   1         24     1539.924     83.07415
       750    750.1636    609.8588     21892.67     351.2999  14.1493   0.0174     4.92    0.225   9.61   0      97.12     6464.824     95.23978
       751    572.8691    610.9666       8310.5     473.0428  15.2009   0.0618     9.41    0.295  12.40   3      29.36     1601.551     82.82534
       752    570.6837    606.0973     8089.458     506.5384  15.2302   0.0680     6.72    0.423  -2.72   3      25.39      1480.68     82.07196
       753    826.6735    608.7619     7716.027      350.757  15.2815   0.0494     9.26    0.357 -16.97   0      35.44     1960.879     83.80553
       754    998.9474    605.6796     3636.619     294.1629  16.0983   0.0878     4.37    0.570  85.58   0      20.47     1417.778     81.89759
       755    381.4497    604.9534     9470.214     372.2253  15.0591   0.0427     6.24    0.168 -33.64   2      41.58     2534.371     85.54935
       756    387.5208    601.9944     3976.952     318.4499  16.0011   0.0870     5.61    0.306 -29.18   3      19.65     1097.375     81.64258
       757    359.3383    607.4970     2179.684     188.7728  16.6540   0.0941     6.05    0.636 -21.40   0      17.69     897.9551      80.4421
       758    443.0810    603.8152     21225.53     636.0771  14.1829   0.0325    13.70    0.411  25.37   0      58.88     2586.999     85.48666
       759    595.1907    604.8775     3663.492     304.3136  16.0903   0.0902     4.17    0.071 -62.53   0      17.79     990.3563     81.13089
       760     67.8501    603.0744     11281.59     388.1166  14.8691   0.0374     4.15    0.140  -3.77   0      50.14     3028.307     86.45183
       761    214.4783    603.1321     3878.978       294.35  16.0282   0.0824     4.28    0.257  21.21   0      21.53     1280.159     81.51479
       762    933.7551    603.3900     4006.009     390.5433  15.9932   0.1059     4.84    0.265   5.20   2      20.35     812.3583     81.05925
       763    467.8246    598.1179     9672.962      529.798  15.0361   0.0595     8.25    0.405 -20.44   2      28.28     755.2635     80.46963
       764    199.6516    600.6826     5125.604     165.6714  15.7256   0.0351     2.05    0.332  48.49   0      62.76     4838.086       90.895
       765   1012.4515    598.4170      4857.04     341.3712  15.7841   0.0763     4.56    0.284  -1.04   0      22.69     1311.848     82.23745
       766    855.9270    598.1017     2315.277     144.8203  16.5885   0.0679     4.72    0.266 -44.93   0      46.06     1939.888     82.91712
       767    333.9970    599.0218     3697.846     261.4791  16.0801   0.0768     6.49    0.531  -0.53   1      20.72     1072.599     81.36095
       768    190.4471    594.3574     13556.57     371.2288  14.6696   0.0297    11.89    0.186 -46.59   0      53.26     2710.507       86.016
       769      4.5013    594.2696     6781.263     420.9163  15.4217   0.0674     7.66    0.234  77.00  19      27.67     1419.467     81.47818
       770     11.8796    597.4431      10580.2     536.6816  14.9388   0.0551     9.96    0.158   1.60   3      30.95     1596.887      82.6031
       771     15.9709    593.0341     3153.199     289.3332  16.2531   0.0996     4.74    0.395 -38.45   3      17.71     1075.229     81.79296
       772    893.9878    593.6833     72495.12     425.5081  12.8492   0.0064     4.21    0.168 -10.07   0      242.7     19326.12     122.1338
       773    826.8849    596.3377     7705.006     411.0101  15.2831   0.0579     4.68    0.151 -27.74   0      32.28     1809.636     82.97791
       774    663.4711    590.7968     18112.11     372.8477  14.3551   0.0224     9.60    0.539 -52.86   3      83.72     8119.206     99.10907
       775    658.0085    591.0098     19641.37       164.67  14.2671   0.0091     0.00    0.017  77.12   3      193.9     19183.24     121.8676
       776    256.9467    597.0164      7406.99     285.1609  15.3259   0.0418     8.44    0.211   5.05   0      37.38     2245.078     84.77732
       777    703.0756    594.5982     4317.728     311.8248  15.9119   0.0784     8.20    0.308  63.29   0       23.2     1227.723     81.79312
       778    403.0000    596.0385      5343.75     342.9601  15.6804   0.0697     3.95    0.137 -39.06   3       25.8     1574.583     83.16891
       779    405.0292    590.5186     18416.67     405.3036  14.3370   0.0239     4.05    0.166 -15.35   2      77.59     4997.513     91.67146
       780    290.3612    595.4026     7401.853     375.6008  15.3266   0.0551     4.94    0.090 -13.27   0      35.15     2118.526     84.64227
       781    321.4577    592.5635     38797.92     427.8579  13.5280   0.0120     4.10    0.182   4.39   0      146.5     10024.52      103.386
       782    865.4969    594.7736     3014.386     308.0748  16.3020   0.1110     5.11    0.303  -0.77   0      13.88     691.6307     79.42204
       783    744.6207    593.1170     18680.05     367.3459  14.3216   0.0214    10.52    0.100  15.13   0      82.39     4760.543     90.89169
       784    537.4645    593.0480     6598.417     438.9503  15.4514   0.0722     6.11    0.167 -10.78   0      24.26     1441.759      82.3857
       785    488.5427    592.8503     6775.199     401.9674  15.4227   0.0644     6.05    0.283  -4.99   0      26.52     1428.443     82.55904
       786    216.9342    593.0414     5604.519     374.5117  15.6287   0.0726     3.95    0.144   4.16   0      24.81     1521.943     82.60661
       787   1020.8856    591.4291     8103.744     369.0506  15.2283   0.0495     4.31    0.137  24.66  24      33.28      1984.28     83.66218
       788    981.8090    588.2258     10826.65     342.8053  14.9138   0.0344     2.91    0.336  22.84   2      49.59     3210.416     87.32688
       789    556.2875    589.4323     2005.048     237.3656  16.7447   0.1286     5.08    0.687  74.49   0      12.39     770.9623     80.29852
       790    850.3538    587.7200     10295.52     544.5721  14.9684   0.0574    10.66    0.253   5.94   2      30.61      1412.58     81.88316
       791    602.4760    587.4924     15240.57     322.3846  14.5425   0.0230     5.24    0.273  -6.63   0      69.86     4175.888     89.22388
       792    249.6109    588.3909     4790.447     382.0363  15.7991   0.0866     5.55    0.351  39.17   2      17.37     1038.437     81.26546
       793    233.1145    588.7382     2561.185     220.9077  16.4789   0.0937     6.28    0.438   6.74   0      16.36     1020.571     80.78779
       794    145.0578    589.0020     23292.12     169.6338  14.0820   0.0079     4.38    0.090   0.85   0      213.6     22536.33     128.1034
       795    310.3817    585.5916     21023.33     426.5114  14.1932   0.0220     6.29    0.276 -15.17   0      86.17     5394.476     92.65038
       796    829.3171    586.0628      5783.94     351.9723  15.5944   0.0661     3.86    0.076  -0.96   0      27.84     1694.231     82.66121
       797     17.3049    585.2230     6147.384     400.5325  15.5283   0.0708     8.62    0.125  -9.37   0      25.75     1388.101      81.6032
       798   1007.4814    585.9955     3284.307     327.3504  16.2089   0.1082     4.79    0.373  26.29   0      14.33     789.8469     80.78196
       799    350.7256    582.7095     16470.69     548.7239  14.4582   0.0362     6.98    0.173  60.86   2      52.24     2845.001     85.76685
       800    360.4099    581.0207     14214.52     508.4281  14.6182   0.0388    10.38    0.421   2.54   3      41.95     2482.263     85.20775
       801    911.4346    582.6238     12820.71     516.2623  14.7302   0.0437     8.56    0.491 -26.57   0      41.47     2124.696     84.65884
       802    434.1211    593.6260      6023.79     373.6087  15.5503   0.0674     4.01    0.246   3.38   0      26.59      1592.46     82.80039
       803    622.7497    581.6503      16220.6     383.1667  14.4748   0.0257     4.68    0.264  -4.17   0      72.64     4462.792     90.71874
       804    536.8707    580.9814     12107.91     477.5917  14.7923   0.0428    10.14    0.156 -27.16   2      44.31     2696.215     85.97823
       805    937.2667    579.9107      8008.52     301.8565  15.2411   0.0409     4.36    0.180  26.85   0      38.21     2337.085      84.4102
       806    665.8683    580.7928     9179.109     461.4161  15.0930   0.0546     8.87    0.246 -19.23   0      32.67     1671.398     83.01678
       807      6.1784    578.7447     46499.22     411.3889  13.3314   0.0096     6.82    0.112 -16.00  19      160.9     11179.16     105.8938
       808     12.2375    572.3457      10324.4      422.825  14.9653   0.0445     4.52    0.208  -8.00   3      39.14     2215.749     84.69865
       809    776.3373    579.5341     10018.99     439.7341  14.9979   0.0477    10.63    0.227  -8.99   0      38.32     1870.981     83.35383
       810    471.8417    579.5159     12439.02     435.0511  14.7630   0.0380     4.19    0.149  -6.70   1       48.5     2945.146     86.03181
       811    439.5584    579.0387     9671.807     310.1676  15.0362   0.0348     4.01    0.099   9.75   0      49.19     2983.172      86.5335
       812    866.3351    574.4283     105098.9      498.708  12.4460   0.0052     3.96    0.342  -0.13   0        307     27228.11     136.0459
       813    694.6144    576.6639     16026.29     727.7012  14.4879   0.0493    10.95    0.384  42.00   1      27.47     1135.938     81.53769
       814    680.0193    578.8638      8501.92     431.9881  15.1762   0.0552     2.74    0.205 -89.53   1      28.76     1372.185     82.19355
       815    992.3057    575.8691     12759.65     448.9328  14.7354   0.0382    11.38    0.354  18.02   0      48.04      2368.33     84.28902
       816    462.7481    576.5223     11073.39     419.1146  14.8893   0.0411     4.74    0.160  -0.31   1      46.97     2894.133     86.09837
       817    713.7586    577.0215     4077.182     365.3792  15.9741   0.0973     6.28    0.415  20.48   0      15.48     818.3004     81.07591
       818    149.5751    575.3828      8324.46     354.8315  15.1991   0.0463     5.18    0.178 -21.08   2      33.99     1776.079     83.71772
       819    138.9448    576.0956     6049.333     448.4294  15.5457   0.0805     5.41    0.120  19.45   0      19.44     1029.672     80.59875
       820    836.0164    573.1027     44069.84     435.6481  13.3896   0.0107     4.16    0.182  -7.50   0        164     11691.57     106.6636
       821    385.8970    575.3823     6615.369     410.4071  15.4486   0.0674     3.75    0.045  24.98   2      23.87     1369.524     81.55144
       822    638.7513    567.9130     101008.6     444.3898  12.4891   0.0048     4.10    0.201  -0.59   2      299.4     26182.65     134.0298
       823    397.5909    572.9257     8935.357     493.9372  15.1222   0.0600    10.34    0.533  13.06   0      29.48     1437.953     82.58522
       824    184.6839    570.3691     34129.28     680.6557  13.6672   0.0217     6.62    0.140  -7.51   0      82.81     5572.841     92.90061
       825    677.1367    570.9130     15971.04     633.5137  14.4917   0.0431     7.45    0.378 -69.95   3      36.76     1821.139     83.00941
       826    688.6956    565.8239     63341.62     428.7486  12.9958   0.0074     4.01    0.182   0.11   3      219.9     17094.74     117.4669
       827    662.9250    569.3079        49830     464.5347  13.2563   0.0101     4.20    0.179  -3.06   0      177.9     13031.78      109.482
       828    108.1769    570.7834     7760.113     298.7845  15.2753   0.0418     7.14    0.238  20.85   0      38.35      2222.73     84.92161
       829    474.9472    569.8780     8928.803     393.3976  15.1230   0.0478     4.04    0.173   3.63   0      38.74      2408.14      84.8058
       830    200.3335    569.1106     28525.06      607.402  13.8619   0.0231     9.21    0.271 -49.93   3      54.68     1115.402     81.05412
       831    207.2220    567.4141     8568.833     352.5397  15.1677   0.0447     0.00    0.161  71.41   3      43.83     2672.415     85.91529
       832    847.8724    568.9106      9396.49     424.3718  15.0676   0.0490     4.89    0.175 -25.88   3      38.74      2260.73     84.20437
       833    846.1825    564.2010     9050.127     439.2331  15.1084   0.0527     5.07    0.167 -19.44   3      37.23     2052.284     84.05305
       834    370.4601    569.2455     5951.469     396.0717  15.5634   0.0723     0.00    0.499  36.79   1      24.63     993.3046     81.13914
       835    277.4536    568.9921     5240.673     304.0684  15.7015   0.0630     8.29    0.117  -0.39   0      24.51     1316.347     82.24989
       836    884.3242    560.5963     100367.6     507.7584  12.4960   0.0055     4.10    0.158 -29.63   2      280.6     23160.03     129.0711
       837     62.5905    567.1651     6087.445     298.9616  15.5389   0.0533     4.61    0.202  16.52   3      30.71     1836.016     83.88028
       838     61.1005    561.0428     17020.07     398.0446  14.4226   0.0254     5.94    0.134   8.57   3      67.51     4087.555     88.41277
       839    347.9788    561.4691     214266.1     599.1318  11.6726   0.0030     4.21    0.416  13.27   0      497.4     57465.14     179.6865
       840    711.0158    566.5323     3205.108     231.1352  16.2354   0.0783     3.62    0.183   1.44   0      18.41     1129.775     81.52051
       841    559.2865    565.9384     4225.256     357.0805  15.9354   0.0918     6.53    0.262  13.31   0      17.58     973.3176     80.65475
       842    827.0032    565.2329     3043.255     264.2082  16.2917   0.0943     2.04    0.158  87.29   0      18.23     1276.042     82.34906
       843    580.8991    565.5498      2871.55      283.057  16.3547   0.1071     6.86    0.504 -16.19   0      15.01     754.5289     79.81913
       844    505.9709    565.1269     7577.372     491.5532  15.3012   0.0705     8.47    0.255  15.58   0      22.71     976.9356     81.09328
       845   1001.1445    561.5854     15948.07     464.7383  14.4932   0.0316     4.26    0.165  -8.04   0      60.57     3676.624     88.53189
       846    752.9695    559.5048     24079.29     415.8217  14.0459   0.0188     5.57    0.243 -34.19   0      90.87     4840.824     90.51992
       847    531.2062    562.7446     5585.029     361.5562  15.6324   0.0703     6.24    0.390   6.05   2      23.65      1365.83      82.3865
       848    248.3607    560.0309     15877.58     343.6265  14.4980   0.0235     6.06    0.179  17.52   0      71.54     4592.935      91.0442
       849    185.7841    562.0020     11263.42     155.4804  14.8708   0.0150     0.88    0.143  -0.87   0        126     10996.66     105.5014
       850    609.1281    557.4954     49617.51     459.7449  13.2609   0.0101     9.04    0.276 -21.13   2      182.5     21777.55     126.2023
       851    312.7567    557.3718     37911.91     487.0571  13.5531   0.0140     4.06    0.210   0.39   2      122.1     8434.244     100.1753
       852     51.6997    556.6779     3799.179     366.3901  16.0508   0.1047     6.34    0.325 -60.77   0      15.91     753.6561     79.81664
       853    995.4285    556.9587     4329.335     303.3864  15.9089   0.0761     0.00    0.374   6.74   1      21.41     1666.023     83.41841
       854     40.4939    553.5138     6422.021     564.8444  15.4808   0.0955     7.16    0.740   6.01   2      14.85     620.1644     79.87057
       855    300.3402    554.6206     19621.28      413.378  14.2682   0.0229     6.11    0.297  13.76   0      35.84     1046.239     81.28728
       856    809.0145    554.0063      19709.8     164.7644  14.2633   0.0091     0.00    0.025  29.12   0      197.5     19449.82     122.3638
       857    592.1620    552.8262     5756.912     401.3912  15.5995   0.0757     6.94    0.328  15.69   0      22.79     1392.317     82.87861
       858    110.4934    550.8440     15318.75     413.1076  14.5369   0.0293     7.79    0.198  27.95   0      64.13     3897.247     88.31535
       859    819.3947    552.1304     4547.862     393.0681  15.8555   0.0939     7.35    0.567  34.50   0      17.95     844.6428     80.72167
       860    436.1609    552.6661     2567.178     210.8848  16.4764   0.0892     6.92    0.437  38.73   0      15.05     858.5421      80.7608
       861    241.8761    550.3165     7527.326     322.3201  15.3084   0.0465     3.91    0.148  10.71   0      40.38     2489.364     84.61475
       862    997.2469    549.4716     4604.052     402.8934  15.8421   0.0950     7.31    0.419   4.42   0         18     952.6334     81.02515
       863    717.9855    549.0040     2293.087     167.0081  16.5989   0.0791     3.02    0.337 -89.78   0      29.91     1241.352     81.83099
       864    525.6710    550.0498     2833.923     272.1055  16.3690   0.1043     4.07    0.350   1.30   0      17.48     1093.941     81.42055
       865    380.4611    545.4313     8835.417      452.718  15.1344   0.0556     5.66    0.114 -14.58   3      33.07      1888.87     83.61002
       866    392.0728    545.6518     84469.66      452.425  12.6832   0.0058    13.36    0.222 -14.54   3        262     21298.34     125.6124
       867    379.6577    538.1103     16459.25     463.1218  14.4590   0.0306     8.36    0.411  22.28   3      60.74     3586.164     87.70886
       868    733.0929    546.7778     8665.691     287.6716  15.1555   0.0361     4.76    0.126  32.64   0       42.2     2592.027     84.89005
       869    666.4243    546.8032     11511.93      359.286  14.8471   0.0339     4.35    0.135  18.09   0      53.73     3222.662     87.35874
       870    477.8469    547.7807     8686.461     420.9161  15.1529   0.0526     3.85    0.133 -19.28   0      34.31     2120.292     84.64702
       871    352.1520    544.6627     76496.49     438.6378  12.7909   0.0062     4.24    0.138  -0.06   3      252.9      20318.7     123.9671
       872    362.6487    539.5988     11980.05     378.3609  14.8039   0.0343     4.53    0.237  -3.46   3      52.54     3172.513     87.02937
       873    294.1709    547.0304     6697.088     391.0002  15.4353   0.0634     4.44    0.227  10.40   0      30.34     1806.004     83.79892
       874     96.8098    547.2181     7681.389      416.232  15.2864   0.0588     8.35    0.440  23.48   0         28     1267.121     81.90253
       875   1005.8018    545.3951     4757.641     182.5993  15.8065   0.0417     5.71    0.496 -65.96   0      70.99     3904.263     88.91976
       876    968.1397    539.3190     29979.88     586.9252  13.8079   0.0213    16.72    0.437 -58.06   0      81.09     3194.953     86.68922
       877    563.0353    547.8127     4826.497     243.6332  15.7909   0.0548     7.77    0.540   3.40   0       23.8     1101.882     82.07831
       878    503.9891    547.9504     3479.744     143.6528  16.1461   0.0448     4.46    0.160  59.43   0      59.18     2926.127     86.58384
       879    647.6470    543.0414     35394.26     677.2522  13.6277   0.0208    10.44    0.310  -2.74   3      92.72     2908.123     86.33617
       880    514.9122    545.4437     9363.041     445.2691  15.0715   0.0516     7.10    0.265 -18.47   0      34.86     1935.794     83.32272
       881    228.7555    542.4673     9659.019     352.0137  15.0377   0.0396    10.10    0.089  84.12   0      42.22      2468.36     85.17066
       882     75.6691    543.8868     7257.882     336.5932  15.3480   0.0504     9.60    0.437  41.69   0      32.97     1912.944     83.26038
       883    165.5237    557.1706     31234.32     362.1081  13.7634   0.0126     4.92    0.167  -8.15   0      126.9     8430.603     99.82059
       884    865.3945    542.1952     25161.69     404.8117  13.9982   0.0175    11.31    0.098  32.53   3      101.8      5442.99     92.76931
       885    867.0371    535.4971     6982.246     394.4732  15.3900   0.0614     9.75    0.453 -30.02   3      24.49     1331.573     81.23264
       886    822.4523    543.9617     8375.243      466.622  15.1925   0.0605     9.26    0.438 -23.37   0         27     1440.338     82.59178
       887    784.7017    541.6462     12268.09      472.197  14.7781   0.0418    11.37    0.484   6.43   3      41.66      2277.35     83.83699
       888    794.6971    539.8228     19186.22     406.8008  14.2925   0.0230     4.00    0.188 -12.08   3      78.74     4900.661     90.86088
       889    151.0382    543.8903     47567.88     210.0967  13.3067   0.0048     0.00    0.236 -71.74   0      310.2     45881.94     164.0677
       890     49.5737    542.7966     4458.314     299.1715  15.8771   0.0729     7.96    0.322 -22.27   0      22.77     1339.186     82.31297
       891    633.5369    538.4919     53704.02     445.5323  13.1750   0.0090     4.50    0.179  12.59   0      187.1     12997.86     109.4116
       892    574.0764    539.8821     5138.495     388.9815  15.7229   0.0822     4.09    0.193  25.88   0      18.85      1043.45      80.6376
       893    403.7937    538.9719     11790.69     288.6335  14.8212   0.0266     0.00    0.257 -10.99   0       86.7     7060.436     97.00844
       894    213.9261    540.8204     2069.141     150.3106  16.7105   0.0789     2.97    0.211  61.11   0      37.81     1583.884     82.98585
       895    167.3547    539.1874     6137.684     408.0253  15.5300   0.0722     8.07    0.243  25.94   3      25.28     1364.846     82.59378
       896    174.9605    538.7267     17242.99     446.3721  14.4085   0.0281     4.43    0.077   6.55   2      59.62     3126.432     86.90894
       897    991.9930    539.5389     4753.062      191.846  15.8076   0.0438     0.86    0.179 -87.04   2      67.75     4591.673     90.85058
       898    956.2460    537.9737     27091.32      661.494  13.9179   0.0265     8.29    0.499  -5.75   1      53.62     2979.562      86.9235
       899    659.3947    538.8867     7162.665     463.2349  15.3623   0.0702     8.43    0.323  -8.89   0      26.03     1480.347     82.49209
       900    199.2784    530.3864     194415.5     532.2081  11.7782   0.0030     4.31    0.032 -37.06   0      467.1     48214.12     167.4741
       901     34.0006    536.7306     11841.71     545.2171  14.8165   0.0500     4.80    0.168  -4.94   3         32     1430.296     82.35408
       902     39.2480    530.1097     23994.67     460.2654  14.0497   0.0208     4.50    0.124  -1.82   2       87.2     5287.269     92.01128
       903    561.8981    529.1183     174108.9     562.5429  11.8979   0.0035     4.26    0.219 -68.91   0      436.2     44083.04     161.4493
       904    517.8454    534.5325      15835.3     411.2912  14.5009   0.0282     4.91    0.182  -3.37   0      66.08     4140.566      89.5217
       905    822.9555    535.7618     2764.639     296.4248  16.3959   0.1164     2.03    0.188 -85.98   0      15.22     1039.183     81.26756
       906    437.9852    532.7845       4447.5      193.732  15.8797   0.0473     4.18    0.545  89.89   3      42.07     2683.074      85.7417
       907    439.2960    524.7265     81846.15      448.216  12.7175   0.0059     4.27    0.120  -3.08   2      264.8     21426.11     125.5678
       908    468.1034    532.7837     8199.412     445.6476  15.2155   0.0590     4.15    0.166  12.10   0       30.2     1739.156     82.57513
       909     18.0487    530.7430      14421.7     459.3008  14.6025   0.0346    11.79    0.219 -87.60   0      49.97     2795.481     86.24023
       910    798.2218    532.1332     4731.764     336.1739  15.8124   0.0772     3.83    0.140 -38.55   0      20.47     1192.724     81.90758
       911    530.7488    532.6937     3886.413     276.1377  16.0261   0.0772     3.53    0.136  -5.59   0       20.5       1283.6     81.31163
       912    117.3438    531.5424     3738.814     266.4362  16.0682   0.0774     3.88    0.165  -2.55   0      20.58     1220.816      82.1965
       913    706.6048    527.4816     5194.525     281.8598  15.7111   0.0589     9.00    0.405  82.42   0      21.39      994.715     81.35629
       914    604.6290    529.8110     1827.471     149.9447  16.8454   0.0891     4.77    0.399  50.30   0      19.06     1452.549     82.62538
       915    339.6283    526.4040     75631.02      415.879  12.8033   0.0060     4.31    0.179   4.41   0      253.4     20407.16     124.4079
       916    936.7866    527.3320     8990.368     396.7216  15.1156   0.0479     4.31    0.164   1.16   0      39.64     2391.216     84.96455
       917    639.6866    525.7834     11274.34     535.3601  14.8698   0.0516     7.85    0.209  50.74   3       28.7     1398.656     82.05589
       918    643.8687    521.0174     9234.552     404.4277  15.0865   0.0476     9.83    0.295  10.12   3      37.97     2107.844     84.40862
       919    108.9357    520.2457     154531.5     496.0463  12.0275   0.0035     4.33    0.104   9.99   0      407.7     40427.72     156.5513
       920    138.1411    524.6119     9194.825     384.6475  15.0911   0.0454     8.98    0.004  21.08   0      39.47     2267.224     84.83667
       921    528.6027    524.2673     3105.191     309.5439  16.2698   0.1083     6.08    0.522 -62.68   0      15.84     718.6287     80.36609
       922    493.1944    521.0446     12294.59     413.5402  14.7757   0.0365     4.45    0.243  -9.41   0      54.41     3297.648     87.55361
       923    506.3466    521.1370     5821.959      344.536  15.5873   0.0643     4.54    0.167  -3.57   0      28.07     1631.295     82.90692
       924    245.6539    520.0865     11251.95     389.2134  14.8719   0.0376     4.42    0.196   0.53   0      48.72     2921.391     85.96904
       925   1007.4633    518.5845     10679.19     435.1271  14.9287   0.0442    10.00    0.198 -10.36   0      42.29     2391.829     84.96619
       926    367.7725    520.1546     5643.808     325.0115  15.6211   0.0625     3.75    0.164 -15.24   0      28.76     1801.331     83.78625
       927    234.0143    520.1843     3094.526     254.2295  16.2735   0.0892     0.00    0.160 -87.38   0      18.49     1280.563     81.93982
       928    457.7114    517.4998     19034.38     575.1912  14.3012   0.0328     7.55    0.410  -1.34   0      54.16     2521.454      84.7009
       929    214.2876    514.6967     16095.72     314.8395  14.4832   0.0212     0.00    0.392 -55.30   2      81.03     6785.606     95.64066
       930    218.9421    512.0228     6116.874     144.8058  15.5337   0.0257     4.35    0.059 -69.72   3      90.49     5503.318     92.91699
       931    515.4946    516.6575     8538.501     422.8893  15.1715   0.0538     8.19    0.183 -77.58   3      34.73      1867.45     82.92748
       932    518.3423    508.9458     11911.93     396.2118  14.8100   0.0361     8.08    0.435  19.70   3       50.7      2869.14     86.63431
       933    515.4693    504.7254     6094.147     235.8024  15.5377   0.0420     1.23    0.407 -44.60   3      40.24     3093.906     86.62411
       934    908.0391    511.6404     61736.93     447.6808  13.0236   0.0079     4.63    0.231  -5.39   0      206.9        15796     115.3779
       935    396.0839    514.2070     21507.69      402.755  14.1685   0.0203    11.33    0.291  21.94   0      85.41     5510.544     93.12087
       936    150.0708    514.5339     8822.112     312.3298  15.1361   0.0384     9.17    0.279 -12.50   0      40.81     2273.866     84.44519
       937     96.1993    513.3495     35698.79     490.4582  13.6184   0.0149     6.12    0.163 -13.46   3      117.2     7507.112     97.69536
       938     96.5647    504.3363     41568.36     534.4685  13.4531   0.0140    13.95    0.340   6.04   3      136.4     9275.545     101.7262
       939    970.9527    513.8737     6858.463     351.4353  15.4094   0.0556     3.87    0.172  -5.14   0      34.44     2122.122     84.24168
       940    939.9736    513.2574       4265.2     395.1029  15.9252   0.1006     7.73    0.272  60.30   0      17.69     820.9814     80.65502
       941    655.2531    513.0677     8121.701     384.0129  15.2259   0.0513     8.61    0.371   7.84   0      35.21     2162.448      84.3504
       942    877.5607    510.2677     19823.59     409.2784  14.2570   0.0224     4.04    0.152  -7.64   0      82.13     5203.567     92.18089
       943    475.4863    512.8036     3197.142     308.2095  16.2381   0.1047     5.97    0.052  19.37   0      16.69     909.8057     81.11875
       944    727.3629    509.3556     10570.64     189.6966  14.9397   0.0195     2.92    0.465  45.35   0      113.8     8371.991     99.86067
       945     16.0675    510.5718     3890.199     208.1863  16.0251   0.0581     6.06    0.287  13.21   0      22.99     1437.497     82.37395
       946    772.9662    508.6993      5374.46     238.7632  15.6742   0.0482     7.80    0.434  13.76   0      29.77     1422.348     81.48621
       947    947.9644    508.9781      8017.57     147.7588  15.2399   0.0200     4.29    0.061  27.72   0        117     7795.681     98.89127
       948    689.7899    507.3325     4655.451     433.9698  15.8301   0.1012     4.62    0.530 -48.72   0       17.4     600.6852     80.03185
       949    246.7464    505.9317      9801.83     402.6008  15.0217   0.0446     4.51    0.208  14.35   0      40.44     2379.627     84.72935
       950   1018.8309    506.6106     1732.428     166.2434  16.9034   0.1042     4.21    0.523  49.10  16      25.75     1163.375     82.03752
       951    500.3782    504.7152      16924.1     477.1632  14.4287   0.0306     7.21    0.263  -1.04   2       58.8     3427.277     87.29618
       952    422.3895    505.0540     6042.088     404.7751  15.5470   0.0728     9.33    0.362 -46.61   0      26.38     1628.402     83.10768
       953    654.1932    505.1376     5762.737       330.38  15.5984   0.0623     4.04    0.232  11.63   0      27.77     1707.279      83.3231
       954    442.2632    502.5926     22526.43      747.899  14.1183   0.0361    14.12    0.573 -14.77   2      46.99     2421.717     85.24954
       955    438.8354    495.4153     9455.367     508.8558  15.0608   0.0584     9.84    0.432  15.96   3      29.48     1631.261     83.53128
       956    810.2892    501.0066     42824.21     399.7191  13.4208   0.0101     0.00    0.360  -0.33   2      170.6     17488.16     118.6643
       957    682.5823    491.3514     8792.081     396.6079  15.1398   0.0490    10.30    0.172  57.66   3       36.2     2128.208     84.66827
       958    683.1996    502.0930     10981.78     439.2466  14.8983   0.0434     4.54    0.190  53.92   3      39.96     2554.191     85.39938
       959    681.9587    496.9763     7551.724     371.0521  15.3049   0.0534     4.34    0.066  14.46   3      33.75     2096.479     84.58305
       960    919.2693    502.5917     3687.839     312.7531  16.0831   0.0921     5.01    0.234  31.73   0      17.99     1003.925     81.16889
       961    890.9696    501.7111     7078.627      267.657  15.3751   0.0411     6.49    0.409 -88.37   0      60.49     4153.572     89.16702
       962    534.2114    499.0065      5800.09     400.3354  15.5914   0.0750     4.80    0.144 -38.64   3      22.96     1230.423     81.80063
       963    528.8676    497.7550     7256.087     461.4074  15.3482   0.0691     6.65    0.153  12.81   2      25.89     1430.427     82.35444
       964     63.4515    499.6167     83593.72     515.5425  12.6946   0.0067     4.11    0.146   3.75   2      242.1     18826.26     121.3429
       965    829.2502    500.4810     27789.37     433.1117  13.8903   0.0169     5.21    0.331  10.75   0      104.8     6792.259     95.65647
       966    326.8970    501.1661     16805.16     171.1475  14.4364   0.0111     5.02    0.184 -54.45   0      168.6     15237.75      113.665
       967    717.2877    495.6755     100184.7      442.013  12.4980   0.0048     4.40    0.129   1.43   0      307.3     26405.09     134.4064
       968    560.4153    499.9907     5312.562      288.033  15.6867   0.0589     8.46    0.284  -1.19   0      23.64     1232.255     81.80572
       969    973.7407    498.3789     7093.059      333.898  15.3729   0.0511     1.18    0.310   9.06   0      36.17     1594.294     82.80543
       970    739.0511    498.4158     13056.32     305.6334  14.7104   0.0254     4.13    0.148  -4.35   0      61.73     3840.035      88.9504
       971    851.5744    497.6735     7993.614     386.1864  15.2431   0.0525     4.08    0.124   6.70   0      35.02     2143.547     84.29946
       972    244.1331    497.1652     10262.04     495.4222  14.9719   0.0524    10.24    0.131  16.81   1      36.09     2020.604     83.96735
       973    108.0020    498.0213     18128.11      162.568  14.3541   0.0097     4.24    0.029  89.86   0      185.3     17452.35     118.5957
       974    157.9078    497.5434     4160.812     251.7639  15.9521   0.0657     4.31    0.340   6.49   0      22.51     1436.985     81.95087
       975      9.1394    495.8585     6990.223     327.2775  15.3888   0.0508     4.61    0.180  11.00  16      31.62     1859.079     83.73613
       976    950.9189    496.3965     4921.035     298.0735  15.7699   0.0658     5.23    0.284  -2.67   1      25.92     1550.765      82.8951
       977    882.2357    494.9382     13482.75     506.3934  14.6756   0.0408    11.19    0.264 -20.62   3      49.48     2791.067     86.02747
       978    889.1326    485.6599     37856.61     451.9815  13.5546   0.0130    10.16    0.209 -19.43   3      137.8     8873.005     100.8228
       979    772.5546    496.3170     2949.465      217.358  16.3256   0.0800     3.52    0.047  -3.11   0      17.11      1032.79     80.82215
       980    334.5529    495.7894     3255.494     283.3651  16.2185   0.0945     6.56    0.494  46.81   0       17.5     1154.952     82.01418
       981    786.5727    493.8974     5619.148     315.5289  15.6258   0.0610     4.16    0.127  -1.36   0      28.86     1690.305     82.23018
       982    295.6779    491.3568        16686     357.7343  14.4441   0.0233     8.39    0.251 -25.88   0      68.26     3735.008      88.4861
       983    574.0010    489.5384     18289.51     415.7816  14.3445   0.0247    11.16    0.182  27.85   0      74.26         4629     90.94391
       984    424.0848    491.7620     5044.232     403.1416  15.7430   0.0868     7.13    0.525 -29.84   0      19.11     837.0267     80.26978
       985    341.8381    492.4352     5818.758     379.2372  15.5879   0.0708     4.62    0.354  -6.59   0      23.55     1422.162     82.33163
       986    248.9460    489.5984     16629.98     295.3662  14.4478   0.0193     0.00    0.348 -19.19   1      103.2     9114.009     101.3646
       987    164.8773    490.2035      8280.88     317.4403  15.2048   0.0416     0.00    0.468 -42.46   0      48.96     3561.925     88.04042
       988    698.6080    486.9295     10927.34     354.0569  14.9037   0.0352     9.93    0.265  40.99   0      48.38     2944.402     86.43161
       989    354.5543    485.4765     158116.8     477.2537  12.0026   0.0033     4.10    0.153  -0.11   0      418.1     41951.48     158.6388
       990   1021.9199    487.5298     8066.751     321.3555  15.2333   0.0433     8.02    0.206 -46.52  24      40.46     2317.416     84.35722
       991    238.6282    488.4200     3200.086     219.6008  16.2371   0.0745     0.00    0.546  56.72   0      39.35     2248.453     84.99043
       992    517.0098    488.0038     32879.82     182.0266  13.7077   0.0060   -54.35    0.018  28.88   0      258.9     32399.88     144.4274
       993    860.0198    485.9429     5656.779     253.1108  15.6186   0.0486     2.41    0.218  21.08   0      32.89     2355.254     84.86831
       994    783.1424    482.5418     8514.498     275.2405  15.1746   0.0351     6.29    0.180  -8.64   0      43.08     2747.079      86.3135
       995    459.5287    482.0175     5757.914     312.8727  15.5993   0.0590     6.15    0.156  18.65   0      28.35     1562.923     82.92842
       996    999.6667    482.6077     7093.467     421.0848  15.3729   0.0645     4.32    0.313  -5.80   0      24.71     1457.846     82.43007
       997    517.3411    481.1702      8050.88      452.324  15.2354   0.0610     9.24    0.376 -19.87   0      30.08     1530.698     82.42079
       998    325.9711    481.0717     12383.19     154.3277  14.7679   0.0135    -4.75    0.135 -69.54   0      148.5     11746.65     107.1048
       999    730.4361    481.3888     5464.877     370.9409  15.6560   0.0737     4.18    0.290   8.59   0      23.13     1372.893     82.82533
      1000    312.8226    480.8543     4942.667     272.2752  15.7651   0.0598     4.22    0.152   3.03   0      26.52     1556.172     82.90992
      1001    166.2942    481.2955     18423.55     242.0924  14.3366   0.0143     0.00    0.383 -64.47   0      144.4     13389.36     110.3788
      1002    690.4916    476.6785      38994.2     524.3656  13.5225   0.0146     4.55    0.205 -14.25   3        120     6311.233      94.6898
      1003     82.4119    477.0996     25288.19     333.3126  13.9927   0.0143     0.00    0.502  -3.99   0      129.1     7164.976     96.89616
      1004    956.0093    477.9088     6347.166     145.1667  15.4936   0.0248     1.02    0.086  89.06   3      92.86     6420.771      95.1346
      1005    959.2678    476.2511     2552.188     148.1443  16.4827   0.0630     4.66    0.158  18.32   3      46.43     2224.885     84.51846
      1006    443.9281    476.8297     4789.509       352.56  15.7993   0.0799     7.47    0.032  87.64   0      24.91     1365.578     82.17529
      1007      3.3032    475.9430     4277.137     322.7152  15.9221   0.0819     7.62    0.446  71.29  16      20.83     1110.301     80.82579
      1008    334.0800    473.6717     33337.72     370.5064  13.6927   0.0121     4.09    0.161  -3.06   0      134.1     9055.895     100.8915
      1009    995.7570    474.9054     7787.363     416.2899  15.2715   0.0581     4.20    0.135 -13.92   0      30.14     1759.566     82.63129
      1010    301.3249    475.9784     5676.094     178.9631  15.6149   0.0342     1.96    0.431   3.87   0       65.7     4771.411     91.29911
      1011    914.7448    473.8634     6726.308     414.6672  15.4306   0.0670     4.71    0.185  -0.40   0      26.39     1509.401     82.78161
      1012    137.2812    471.4183     11114.82     346.7633  14.8852   0.0339     9.62    0.060  72.69   0      51.85     3164.103      87.0074
      1013    931.8586    471.6168     26849.68     741.0753  13.9277   0.0300    11.54    0.595  -5.79   2      58.38     2542.794     85.36905
      1014    896.7600    473.0260     6212.414      448.512  15.5168   0.0784     8.35    0.451 -13.18   0      21.13     1049.626     81.72179
      1015    664.4323    473.8015     3928.119     164.0204  16.0145   0.0453     2.68    0.402 -26.48   0      56.91     3227.924     87.57047
      1016    848.5019    470.5129     4460.958     356.0162  15.8764   0.0867     6.13    0.194  -7.37   2      19.45     898.0157     80.22665
      1017    698.9128    470.4882      14137.8     453.4662  14.6240   0.0348     5.78    0.256  26.14   3      53.21     2949.489     86.24437
      1018    700.1976    462.5464     11306.35     540.2052  14.8667   0.0519    10.02    0.533  45.71   3      34.82     1237.423     81.82007
      1019    494.7885    471.7721     8092.413     268.5164  15.2298   0.0360     4.12    0.178   6.11   0      42.21     2595.093     85.71051
      1020     22.7758    472.2440     3789.051      355.587  16.0537   0.1019     3.87    0.133 -14.02   0      15.85     968.3125     81.49534
      1021    609.0759    471.8808     27457.29      189.382  13.9034   0.0075     5.01    0.276 -58.32   0      233.7     26801.51     134.9468
      1022    524.9283    470.6552     9342.938     386.9797  15.0738   0.0450     4.18    0.198  -5.01   2      43.61     2700.512     85.58575
      1023    525.6149    463.7413     7376.521     453.8972  15.3304   0.0668     4.65    0.117  69.64   3      22.92     1229.848     82.01052
      1024    197.7539    471.4913     3217.436     316.5423  16.2312   0.1068     3.78    0.037 -89.85   0      15.99     909.7493     80.47542
      1025    310.4366    465.6268     18497.47     483.3183  14.3322   0.0284    11.37    0.103  54.64   3      69.14     4289.773     90.28424
      1026    311.4932    458.4836     17322.24     344.5807  14.4035   0.0216     4.12    0.149   6.09   3      78.31     4930.564     91.31583
      1027    150.7092    469.7161     2584.046     243.3186  16.4692   0.1023     2.99    0.463 -71.87   0      21.79     1415.409     82.10227
      1028    402.0633    468.5479     2566.453     151.0607  16.4767   0.0639     3.51    0.321  73.28   0       43.1     2330.989      84.8033
      1029    257.5465    469.2865     2887.341     207.0886  16.3488   0.0779     6.63    0.520  -6.92   0      15.46     863.6542     80.34513
      1030    999.3699    467.4196     6122.021     396.1696  15.5328   0.0703     4.52    0.112   5.99   1      24.37     1350.007     82.55294
      1031    740.8410    467.9538     2355.945     159.1288  16.5696   0.0734     3.69    0.328 -21.59   0      24.87     1894.485     83.41789
      1032    352.9900    465.0937     10896.07     452.7959  14.9068   0.0451     5.56    0.223 -12.22   0      41.89      2185.81     84.41332
      1033    300.5046    465.2217     7227.556     373.1816  15.3525   0.0561     4.39    0.217  18.15   1      32.81      1893.03     82.99756
      1034    214.9864    493.9160     50420.92     213.1606  13.2435   0.0046     4.78    0.194  80.31   0      320.8     48788.12     168.2512
      1035    286.8504    464.0534      15429.9      567.695  14.5291   0.0400     4.22    0.301   8.18   2      57.03     1271.156     82.33557
      1036    573.6094    463.3286       7588.1     368.7329  15.2997   0.0528     8.29    0.300  37.85   0      33.08     2027.056     83.98481
      1037    211.7197    465.1209     4815.763     262.4489  15.7933   0.0592     3.99    0.134  -1.31   0      27.68     1688.149     82.43462
      1038    909.7042    463.7304     5671.415     259.8772  15.6158   0.0498     8.45    0.250 -31.60   0      29.08     1693.102     82.44827
      1039    170.5137    462.2085     16527.62     385.6015  14.4545   0.0253     4.99    0.227  -1.83   0      70.91     4450.192     90.30434
      1040     77.8374    458.5172     98615.09     448.9888  12.5151   0.0049     4.27    0.138   9.26   0      302.3     25581.63     133.1369
      1041    991.3843    459.4291     30623.01     570.7181  13.7849   0.0202    14.26    0.085  27.76   0      97.76      5449.12     93.15697
      1042    267.1202    460.5812     8188.841     333.3464  15.2169   0.0442     4.32    0.143  -1.65   0      41.55     2513.936     85.49504
      1043    248.0017    461.7571     74452.07     229.9919  12.8203   0.0034     0.89    0.146  89.79   0      353.4     74288.55     199.9222
      1044    833.1052    452.4506     352787.6     682.0768  11.1312   0.0021     5.79    0.135  68.11   0      650.5     66437.22     190.3336
      1045    481.7031    457.3335     21967.13     359.8725  14.1456   0.0178     5.78    0.211  -1.13   0       93.2     5902.081     93.51756
      1046    964.0016    459.9956     56429.49     209.3754  13.1212   0.0040     0.00    0.007  87.37   0      344.5     55976.32     177.6959
      1047    461.6990    455.0967     12918.02     551.1929  14.7220   0.0463     9.13    0.364  85.86   2      37.82     1183.459     80.60256
      1048    185.8613    459.0176     8623.602     388.7911  15.1608   0.0490     4.86    0.190   0.00   2      34.15     1978.031     83.85204
      1049    688.1970    452.6040     21354.07     496.1395  14.1763   0.0252    10.90    0.245  82.09   0      72.44      4116.51     89.46061
      1050    521.4085    457.9998     61658.14     250.3414  13.0250   0.0044     3.19    0.490  -0.02   0      313.4     49004.28      168.543
      1051    799.6618    455.8926     18911.62     486.1925  14.3082   0.0279     3.91    0.158   4.34   2      77.87     2048.371     83.62923
      1052    780.9608    455.1714     6591.729     260.6808  15.4525   0.0429    -2.30    0.130  31.09   0      40.06     2852.231     86.58994
      1053    425.1826    446.5841     95448.02     416.2955  12.5506   0.0047     0.00    0.437  81.48   0      340.7     27025.22     135.7065
      1054    865.9789    454.9955     21051.34     222.2833  14.1918   0.0115     3.36    0.550  -0.32   0        145     14046.08     111.8778
      1055    165.9599    449.0674     110675.2     488.1114  12.3899   0.0048     4.14    0.282 -13.56   0      325.7     29707.42     140.1265
      1056    741.3978    453.2073     3565.111     229.6105  16.1198   0.0699     5.53    0.441  35.55   0      27.01     1807.836     83.38947
      1057    437.6923    452.9033     5042.389     324.5906  15.7434   0.0699     4.07    0.190  16.25   0      25.46     1542.819     82.24386
      1058    406.1792    453.1332     5498.529     394.7161  15.6494   0.0780     5.32    0.197  22.61   0       21.6     1215.791     81.97156
      1059    754.8795    452.4302     7939.129     452.2679  15.2506   0.0619     4.08    0.210 -10.77   0      23.73     1233.841     81.81012
      1060    668.9548    449.0329     58989.71     447.2533  13.0731   0.0082     0.00    0.421 -83.07   0      197.3     11014.73     105.7043
      1061    284.7500    450.8220      7110.59     404.3049  15.3702   0.0617     4.16    0.171  14.47   0      28.05     1663.232      83.4108
      1062    789.6047    451.7886     4566.725     360.9156  15.8510   0.0858     4.12    0.207 -47.48   2      16.96     743.3522     80.43598
      1063    616.8575    445.7812     25044.33     537.1583  14.0032   0.0233     6.63    0.211 -81.84   0      79.76     3816.624     88.69548
      1064    716.1429    448.1595      4381.31     290.2963  15.8960   0.0720     4.40    0.086  31.28   0      24.36     1441.487     82.38496
      1065    522.6409    444.9999     53126.72      487.932  13.1867   0.0100     4.39    0.112 -48.99   0      179.1     12410.58     108.8233
      1066    376.0084    447.3780     4466.463     354.8013  15.8751   0.0863     5.82    0.283  54.16   0      19.81     1031.851     81.45997
      1067    860.0457    447.1210     6813.496     429.0851  15.4166   0.0684     7.24    0.186 -26.35   2      23.88     1201.587     81.50822
      1068    997.3135    444.6542     6945.945     402.0639  15.3957   0.0629     9.29    0.256  27.91   0      30.02     1452.468      81.9938
      1069    745.0803    444.1457     15172.37     341.8954  14.5474   0.0245     4.38    0.156  -0.09   0      69.78     4368.454     89.71305
      1070    274.7504    426.6400      1846606      1072.52   9.3341   0.0006     5.12    0.148   9.19   0       1671     387193.3     426.8063
      1071    128.5903    442.0320     10309.39     481.2556  14.9669   0.0507     8.90    0.417  65.17   0      39.38     1908.872     84.07745
      1072     18.5080    443.7436     6749.881     365.8562  15.4268   0.0589     4.39    0.121  20.56   0      33.49     1893.607     83.20758
      1073    190.3969    442.5535     4097.245     301.7809  15.9688   0.0800     6.18    0.124 -16.23   0      23.21     1374.594     82.41068
      1074    252.3975    441.4992     6387.688     396.3219  15.4866   0.0674     4.55    0.143  27.00   0      28.01     1604.315     82.83292
      1075    464.8817    440.6043     8258.194     281.2566  15.2078   0.0370     4.49    0.123  18.84   0      41.33     2477.109     85.39709
      1076    400.8666    439.7616     9814.958     514.9373  15.0203   0.0570     9.93    0.338 -26.88   0      31.49     1575.232     82.75309
      1077    482.9998    440.9926     56799.57     209.7768  13.1141   0.0040     4.22    0.016  75.13   0        345     56259.25     178.0574
      1078    716.7302    438.7644     8110.039     420.6048  15.2274   0.0563     3.69    0.248  18.09   0      31.49     1918.487     83.69049
      1079    937.7947    435.2886     36279.33     515.6843  13.6009   0.0154    13.01    0.300  16.22   0      121.7     6657.165     95.69767
      1080    903.1321    436.3496     8963.389     474.2703  15.1188   0.0575     9.22    0.293  15.80   0      32.59     1824.674     83.43534
      1081    183.6729    437.7419     15511.07     231.9923  14.5234   0.0162     7.06    0.162   3.67   0      150.8     12814.94     109.1897
      1082   1014.2826    435.4343     10889.69     588.3853  14.9075   0.0587    10.02    0.386 -46.07  18      28.05     1359.699     81.94791
      1083    362.6538    433.5627     14954.69     630.4072  14.5631   0.0458    12.46    0.382 -50.30   0      39.78     1382.335     82.43201
      1084    912.9348    433.4098     7409.631     529.6444  15.3255   0.0776     0.00    0.430  38.56   2      22.48     1465.565     82.45135
      1085    114.0038    435.9944     7952.963     147.6594  15.2487   0.0202     4.38    0.082  16.44   3      115.3     7679.894     98.09649
      1086    117.3051    434.6874     4676.084     339.9793  15.8253   0.0790     9.21    0.759   7.50   3       15.8     997.0818     80.93599
      1087    995.1041    433.4652     7165.016     360.1512  15.3620   0.0546     8.96    0.244 -22.81   0      32.42     1998.834      83.4945
      1088    545.5529    433.0858     5903.017     329.1635  15.5723   0.0606     4.30    0.251   9.90   0      29.87     1781.112     82.89974
      1089    842.3189    431.9442     10187.39      372.663  14.9798   0.0397     0.00    0.111 -58.51   0      47.11     3575.603      87.6815
      1090    693.7417    432.1372     4481.382     310.5527  15.8715   0.0753     4.03    0.172 -13.84   0      24.93     1540.278     82.86634
      1091    520.0154    428.9354     19599.46      445.631  14.2694   0.0247     6.70    0.202 -36.08   0      73.59     4332.174     90.00683
      1092    815.6033    426.7305     161705.6     548.8984  11.9782   0.0037     4.59    0.185 -35.11   0      404.2     37407.68     152.1037
      1093    627.4836    429.7729     3320.696     274.0963  16.1969   0.0896     6.24    0.164  59.47   0      20.11     1182.847     81.45596
      1094    416.9961    430.2685     16601.67     165.7309  14.4496   0.0108     0.90    0.155 -88.90   3      154.1     16272.52     116.3128
      1095    413.3194    427.4618     3620.185     277.4835  16.1032   0.0832     4.16    0.138 -15.25   2       17.6     1042.558     80.84962
      1096     51.8161    428.5933     10207.88     366.8194  14.9777   0.0390     8.95    0.352  18.29   0      43.29     2563.343     85.42374
      1097    745.7373    428.6194     6616.476     379.7149  15.4484   0.0623     4.76    0.230  15.92   3      31.57       1835.1     83.46374
      1098    743.3605    422.2309     12012.14     500.5689  14.8009   0.0453    10.84    0.321  39.77   3      39.46     2372.325     85.32103
      1099    720.8720    426.2457     25253.51     369.0511  13.9942   0.0159     4.85    0.158   5.81   0      108.5      7318.04     97.25452
      1100    854.6143    425.4156     23456.34     380.6692  14.0743   0.0176     0.00    0.607 -54.51   2        113     11244.77     106.0345
      1101    849.3074    426.2628     3842.732     254.8975  16.0384   0.0720     0.00    0.113 -29.89   3      20.69     1671.304     82.59815
      1102    347.4974    423.7019     36441.58     470.0705  13.5960   0.0140     5.72    0.293   3.79   1      129.2     8081.981     98.14513
      1103    105.4250    425.7491     5687.192     400.2713  15.6128   0.0764     4.41    0.110  33.90   0      24.96     1440.386     82.80138
      1104     67.4083    426.4095     3482.132     339.1802  16.1454   0.1058     6.99    0.354  63.29   0      16.89     976.2366     81.09132
      1105    670.4919    425.2465     13351.96     240.9059  14.6861   0.0196     0.00    0.400  52.50   0      108.7     9305.803     101.4529
      1106    360.5728    423.1454     20763.36     493.2419  14.2068   0.0258     7.05    0.193  24.06   1      72.25     4278.125     89.87025
      1107    160.3790    422.0897     18805.43     471.6748  14.3143   0.0272     8.86    0.357  20.02   2      53.99     2032.381     83.37827
      1108    783.0330    423.6454     4335.569     279.6219  15.9074   0.0700     3.66    0.189  -0.04   1      24.07     1513.832     82.79378
      1109     14.9151    421.7716     20419.12     460.3815  14.2249   0.0245     9.02    0.489   7.51  16      71.42     3703.953     88.21015
      1110    899.4828    420.4833     9184.562     380.1113  15.0924   0.0449     3.99    0.163 -40.67   3      29.61     1791.663     83.13728
      1111    896.2515    420.0276     7241.354     370.8619  15.3505   0.0556     4.24    0.492 -65.43   3      35.12     1886.343      83.8101
      1112    733.9501    421.8334      6332.69     412.3563  15.4960   0.0707     4.43    0.132  -0.26   1      20.12     1125.979     81.50993
      1113    552.1539    419.7368     14736.54     416.9624  14.5790   0.0307     5.23    0.226   2.52   0      60.27     3732.453     88.47954
      1114    392.2379    419.7239     14952.66     414.9984  14.5632   0.0301     4.23    0.186   5.20   0      61.68     3793.271     88.63562
      1115    945.9992    420.9723     9574.408     150.1343  15.0472   0.0170     0.00    0.039 -89.45   0      128.4     9124.854     101.7301
      1116    502.1182    418.3482     16079.93     219.1261  14.4843   0.0148     0.00    0.115  30.19   0      136.7     11709.68     106.7022
      1117   1012.0571    417.0698     13404.19     161.2865  14.6819   0.0131     0.00    0.161  49.54   0      153.8     12603.25     108.7482
      1118    227.5094    417.7034     5662.507     388.1735  15.6175   0.0744     6.92    0.553 -27.90   0      18.17     822.8759      80.2297
      1119     54.9271    417.5480     6632.613     513.5308  15.4458   0.0841     9.85    0.459 -38.03   0      18.84     657.2524     79.97604
      1120    332.3007    413.3943     39655.02     685.0316  13.5043   0.0188     5.17    0.224  53.01   3         90     4867.357     91.34821
      1121    215.8077    415.4016     35558.75     398.8373  13.6226   0.0122     4.22    0.177  -0.91   0        141     9524.977     102.2819
      1122    373.4024    416.3565     5116.367      378.816  15.7276   0.0804     3.85    0.207   7.68   0      19.64     1115.532     81.90487
      1123    195.0349    415.9095     4353.905      307.657  15.9028   0.0767     4.54    0.260  55.41   0      20.65     1249.996     81.21765
      1124    107.9376    412.5100     41201.76     485.0315  13.4627   0.0128     4.29    0.106   0.66   2      147.1     9913.854      102.806
      1125    102.7467    405.5182     5485.529      354.233  15.6520   0.0701     3.11    0.163  14.49   3      24.03     1485.741     82.08598
      1126    926.2674    415.1272     4534.056     159.5177  15.8588   0.0382     5.00    0.329  27.04   0      72.37      3779.06     88.40345
      1127    125.1414    414.8512     9529.414     471.7958  15.0523   0.0538     4.26    0.233   6.80   2      27.76     1656.788     83.18527
      1128    521.5121    413.1043     9593.525     389.3577  15.0451   0.0441     4.41    0.173  13.53   0      42.97     2511.707      85.0829
      1129   1003.9451    412.6760      7936.26     382.7735  15.2510   0.0524     4.29    0.115   1.16   0      35.47     2049.834     83.84007
      1130    257.7536    411.8561     8320.931     505.7868  15.1996   0.0660     8.49    0.266 -30.34   0      22.49     1089.552      81.6208
      1131    578.1082    412.5781      4686.71     175.2483  15.8228   0.0406     5.48    0.365 -78.25   0      65.43     3741.821     87.91447
      1132    234.5909    412.7454     4365.687     388.5297  15.8999   0.0966     6.96    0.512 -14.31   1      16.99     723.7207      80.5957
      1133    134.8891    411.9576     4367.665     372.5999  15.8994   0.0926     7.08    0.210 -21.66   0      18.71     1051.381     80.87441
      1134    983.0082    406.9991      30023.8     404.3318  13.8063   0.0146     6.28    0.127  30.00   0      117.2     7841.909     98.47113
      1135    870.8647    409.4631     9795.236     407.9399  15.0225   0.0452     9.80    0.245  -2.95   3      40.86     2285.322     84.47602
      1136    862.7339    408.2015     6829.538     422.9949  15.4140   0.0673    10.38    0.131  39.28   3       28.3     1304.015     82.42622
      1137    228.2156    407.9168      14941.4     494.9463  14.5640   0.0360     5.00    0.303   7.61   1      50.41     2917.502     86.36086
      1138    437.8246    405.6613     17378.42     553.0291  14.4000   0.0346     0.00    0.266  20.07   0      59.22     1040.126     81.48306
      1139      9.2127    406.9594     11216.84     407.6702  14.8753   0.0395     6.38    0.164 -13.48  16      48.13      2963.87     87.08161
      1140    917.0229    406.0205     18138.77     162.5829  14.3535   0.0097     4.29    0.052  38.13   0      186.6     17715.16     119.3888
      1141    491.8450    405.4204     10251.61     432.9077  14.9730   0.0459     4.54    0.207   0.81   0      42.05     2473.688     85.59061
      1142     37.2894    406.0190     6482.944     246.9335  15.4706   0.0414     4.64    0.211  -1.50   0      36.45     2372.712     84.30084
      1143    727.8669    405.9524     3456.984     272.6254  16.1533   0.0856     4.14    0.358   9.58   1      17.91     1139.046     81.54636
      1144    632.9440    404.3815     4889.005     295.1289  15.7769   0.0656     3.74    0.158  18.96   0      25.55     1615.422     83.07217
      1145    127.8058    405.6766     6168.793     435.7565  15.5245   0.0767     7.22    0.571  11.07   0      18.94      870.511     80.57979
      1146    324.6017    402.0919     19149.37     531.4085  14.2946   0.0301     8.83    0.447  19.42   1      62.55     3507.727     87.90041
      1147    656.2741    403.6747     2022.644     246.3351  16.7352   0.1323     3.13    0.201  39.60   0      13.67     857.7747      80.3285
      1148    810.0765    401.2592     2474.923     251.9621  16.5161   0.1106     5.32    0.503 -64.68   0      14.35     757.7966     80.26125
      1149    780.7077    399.3713     21390.57     350.9749  14.1744   0.0178     4.10    0.175   5.47   0      91.41     5692.187     92.63282
      1150    621.4949    399.4835     6280.889     387.4192  15.5049   0.0670     3.42    0.223   5.90   2      25.96     1605.869     82.62781
      1151     11.1283    396.0628     28082.13     690.0242  13.8789   0.0267     7.80    0.257  55.15  19      47.47     2938.792     86.41686
      1152    821.5734    397.4568     4100.739     301.7835  15.9678   0.0799     5.58    0.388 -20.91   0      20.33      1099.52     81.43611
      1153    474.0345    397.5623     2780.359     170.2331  16.3897   0.0665     4.85    0.608 -31.30   0      25.74     2144.203     84.50646
      1154    261.0021    397.9714      56551.3     209.5076  13.1189   0.0040     4.30    0.053 -84.75   0      344.4      55847.1     177.7256
      1155    805.1318    396.9064     11584.52     155.9491  14.8403   0.0146    -3.32    0.110 -31.79   0      138.1     11292.23     105.9729
      1156    342.1994    393.4157     13219.77       460.59  14.6969   0.0378     8.46    0.162 -31.79   0      49.62     2889.882     86.28813
      1157    877.5305    393.2436     7960.491     347.1934  15.2477   0.0474     4.77    0.042  40.31   0      33.55     1955.852      83.7919
      1158    660.5331    394.0966     8106.665     363.1379  15.2279   0.0486     4.04    0.176  -7.40   0      40.22     2428.383     84.65566
      1159    708.8156    393.4193     9438.356     360.3833  15.0628   0.0415     4.33    0.201  -4.52   0      44.74     2687.014      85.9539
      1160    590.9116    393.9607     5636.221     402.4005  15.6225   0.0775     5.14    0.164 -35.68   1      20.83     1060.332     80.89957
      1161    315.1183    394.0001     7751.873     439.5471  15.2765   0.0616     8.93    0.405  -9.80   1      32.07     1819.299      83.4207
      1162    566.9749    392.0318     26508.16     173.8893  13.9416   0.0071     4.43    0.103 -51.08   0      231.2     26188.89     134.5563
      1163    368.3960    391.1128        16154     435.0009  14.4793   0.0292     5.20    0.310   2.90   3      65.74     3717.974     88.44234
      1164    380.8011    385.2603      54705.1     552.7075  13.1549   0.0110     7.07    0.292 -31.00   2        170     10322.96     104.2063
      1165   1022.2422    390.5362     6520.173     294.9176  15.4644   0.0491     6.13    0.239  61.30  24      35.29     2018.018     83.96035
      1166     62.2680    391.6798     6213.895     430.7827  15.5166   0.0753     4.10    0.145  67.97   3      22.42     1231.716     81.37962
      1167     65.2070    384.7406     14946.87     555.9374  14.5636   0.0404     6.55    0.182 -11.53   3      45.03      2531.14     85.54076
      1168    894.7245    385.3553      71058.2     486.5194  12.8710   0.0074     4.11    0.170   2.63   2      211.4     15840.39     115.4653
      1169    334.7207    390.0284     4979.135     367.1213  15.7571   0.0801     4.46    0.161  43.69   1      19.86     1130.088     81.52139
      1170    995.1741    388.6127     3264.835     305.4369  16.2153   0.1016     6.64    0.338 -44.08   0      18.06     1064.713     81.55161
      1171    743.0142    388.4275     11618.12     431.6225  14.8372   0.0403     9.33    0.265 -17.57   0      45.54     2726.994      86.2606
      1172    596.0538    388.5169     4772.429      376.315  15.8032   0.0856     6.93    0.085   1.28   0      19.76     1099.529     81.00961
      1173    472.9977    389.0186     1981.433     155.8384  16.7576   0.0854     0.18    0.393   0.31   0      21.26     1927.177     83.71409
      1174    320.4044    389.0000     6530.977     460.1099  15.4626   0.0765     6.31    0.642   2.84   3      18.75      818.173     80.64711
      1175    298.1692    380.2096     326166.5      576.084  11.2164   0.0019     4.21    0.117   1.76   2      650.4     87831.66     214.7669
      1176    174.8793    376.3783     28502.92     457.7803  13.8628   0.0174    12.57    0.152  19.56   3        102     5505.619     92.92262
      1177    130.0623    385.3828     63715.16     606.3088  12.9894   0.0103    11.56    0.201  -0.12   2      163.1     11297.94     106.1484
      1178     14.4892    384.2704     17068.55      650.762  14.4195   0.0414    12.27    0.324  39.80  18      41.47     1701.072     82.68002
      1179     48.3099    385.5812     15123.37     504.5609  14.5509   0.0362    11.64    0.126 -27.26   0       51.8     2720.914     85.23441
      1180    903.4486    386.8787     16078.75     209.0099  14.4844   0.0141     0.00    0.531 -13.86   1      160.5     14459.01     112.5597
      1181    421.7010    384.6917     7499.542     403.4515  15.3124   0.0584     5.44    0.216  31.98   0      30.68     1521.387     81.97356
      1182    540.9949    382.6606     8310.342     339.8612  15.2010   0.0444     5.72    0.176   3.46   0      40.03     2444.879     85.31126
      1183    234.1505    382.7810     8598.197     287.6183  15.1640   0.0363     9.21    0.292   7.46   0      41.32      2617.52     85.97168
      1184    207.4048    381.9590     9765.652     336.9997  15.0257   0.0375     6.19    0.371 -30.69   0      43.74     2701.055     86.19223
      1185     86.2571    383.1183     6147.756     361.9098  15.5282   0.0639     8.24    0.359  19.10   0      27.46     1440.667     81.96108
      1186    842.1551    379.7672     13293.19     369.8986  14.6909   0.0302    10.89    0.313  -7.18   0      51.93     3165.466     87.20982
      1187    642.6818    379.7525     6944.198     385.5683  15.3959   0.0603     6.47    0.060 -83.81   2      28.17     1450.838     81.98928
      1188    438.0014    381.9763     56556.29      209.513  13.1188   0.0040     0.00    0.039 -89.97   0      344.6     55878.29     177.5705
      1189     74.9438    381.4920     4754.692     353.7638  15.8072   0.0808     4.24    0.187  23.73   0      23.54     1413.059     81.88449
      1190   1022.6949    378.9838     6547.625       306.46  15.4598   0.0508     3.99    0.379  79.58  24      31.39     1931.382     83.10251
      1191    561.1229    378.8430     8829.669     356.3721  15.1351   0.0438     7.01    0.192  -9.75   0      40.76     2298.422     84.71598
      1192    115.4486    380.2324     26712.19     815.5911  13.9332   0.0332     8.62    0.293  -2.81   1      55.81     1280.918      81.9408
      1193    623.7308    379.4022     3820.439     291.3471  16.0447   0.0828     3.75    0.269  12.67   0      20.78     1252.479     82.07321
      1194    257.1034    375.6514     19464.25     408.0189  14.2769   0.0228     7.21    0.238   4.86   2      76.37     4516.329      89.8944
      1195    142.4933    375.7065     5124.171     391.1935  15.7259   0.0829     6.25    0.318   6.47   0      18.96      943.183     80.78449
      1196    910.6163    372.4748     6440.611     359.6938  15.4777   0.0607     4.00    0.054 -17.25   0      31.55     1864.819     83.75171
      1197    661.7007    370.1276     14617.28     405.3101  14.5878   0.0301     8.62    0.338 -15.38   3      47.19     2086.493     83.10983
      1198    459.1328    370.8654     12462.57     515.2648  14.7610   0.0449    10.89    0.048   0.28   3      42.46     2326.766     84.58745
      1199    458.4315    356.6270     329480.8     608.7874  11.2054   0.0020    11.98    0.109  37.16   2      647.8      87406.2     214.3162
      1200    697.8224    368.3436      21969.5     416.7504  14.1454   0.0206     7.68    0.249  59.29   0      81.89     5127.912     91.99418
      1201    164.1841    371.2062     12074.52     418.6239  14.7953   0.0377     5.08    0.191  21.36   0      53.19     3159.893     86.99641
      1202    999.0610    370.9580     7548.645     404.5511  15.3053   0.0582     6.97    0.094 -44.60   2         33     1922.111     83.70033
      1203    996.8905    362.7812      10627.5     422.9879  14.9339   0.0432     0.00    0.498  39.92   3      43.24     3665.546     87.71706
      1204    734.0055    371.9998      8617.61     148.6789  15.1615   0.0187     4.18    0.001 -59.58   2      125.4     8683.794     100.3954
      1205    614.4988    369.6831     10389.62     537.4073  14.9585   0.0562     9.95    0.353  43.59   0      35.01     1891.498     82.99336
      1206    635.8568    368.6407      14492.5      490.344  14.5971   0.0367     4.98    0.263  37.78   0      52.11     3036.233     86.67274
      1207     66.9048    366.4291     62332.73     481.5277  13.0132   0.0084     0.00    0.442 -19.45   0      190.3     6811.561     95.33963
      1208    719.3074    369.0359     5712.421     373.4193  15.6079   0.0710     3.36    0.112  44.84   2      24.91     1535.475     81.80113
      1209    531.9290    368.9225     5290.609     316.6627  15.6912   0.0650     5.19    0.214  15.92   0      25.86     1579.223     82.34439
      1210    200.3148    367.8344     9039.338     324.7209  15.1097   0.0390     4.37    0.080  -4.84   0      44.29     2613.031     85.35313
      1211    115.9007    368.6835     7212.963     431.3094  15.3547   0.0649     7.66    0.253 -27.25   3       25.4     1351.001      81.4998
      1212    110.3427    366.5091      12302.3     486.6655  14.7750   0.0430     5.09    0.332  19.97   2       39.9     2362.514     84.47864
      1213    670.6118    367.7640     3705.988      183.659  16.0777   0.0538     2.98    0.459 -63.31   0      40.42     3255.583     87.83965
      1214    425.2368    367.8241     7791.449     360.5463  15.2710   0.0503     4.18    0.199 -10.11   0      35.35     2161.059     84.96053
      1215    648.2610    364.4540     26698.39     684.5258  13.9338   0.0278     9.36    0.368  44.86   0      66.75     3185.473     87.26194
      1216    173.9337    366.9464     4021.242     144.5069  15.9891   0.0390     4.41    0.125  27.95   0      70.82     3619.029     88.18771
      1217      2.9987    365.3701     8364.739     275.1169  15.1939   0.0357     3.31    0.139  65.01  24      48.47     3417.119     88.06012
      1218    851.3811    365.1287      2895.43     286.1194  16.3457   0.1073     5.25    0.314  17.08   0      14.76     865.9781     80.99586
      1219    176.2971    385.2081     48264.54     390.7954  13.2909   0.0088     4.16    0.182   5.21   3      179.5     13066.34     109.8695
      1220    986.7512    360.4162     11319.45     416.1376  14.8654   0.0399     4.46    0.135   8.68   2      45.52     2640.637     86.03277
      1221    353.4298    361.0109     4881.078     319.0945  15.7787   0.0710     6.15    0.524   1.89   0       25.2     2056.694     84.27078
      1222    683.4428    358.6336     4940.434     315.0396  15.7656   0.0693     3.47    0.292 -17.14   0      23.78     1301.902     82.20996
      1223    826.6489    367.1244     6545.475     337.3978  15.4601   0.0560     7.79    0.344 -48.14   2      29.46     1588.214     82.57924
      1224    159.9361    359.1653     6684.465     348.8488  15.4373   0.0567     4.73    0.239  -1.33   0      33.99     1969.725     83.82952
      1225   1012.0158    353.8986     4678.744     377.4076  15.8247   0.0876     6.46    0.421 -39.63   2      20.52     1015.258     80.77284
      1226    950.7435    354.0811     10046.76     182.0668  14.9949   0.0197     5.45    0.400 -15.96   0        126     9033.102     100.8401
      1227    895.0496    354.4989     3650.002     286.7182  16.0943   0.0853     3.94    0.181   2.47   0      19.88     1222.484     80.92686
      1228    835.2988    352.0726     21701.01     461.0139  14.1588   0.0231     5.30    0.312  19.59   0      78.79     4353.952     89.09492
      1229    668.8976    350.0156     10297.78     435.9224  14.9681   0.0460    11.04    0.326 -81.50   0      37.77     1765.674     82.85741
      1230     10.4582    353.2422     13220.23     332.8791  14.6969   0.0273     0.00    0.375 -21.91  19      64.09     5602.294     93.15877
      1231     13.9784    346.2463     85310.73     491.3729  12.6725   0.0063     4.13    0.162   0.49  19      256.2     20838.54     125.1935
      1232     29.1904    349.6937     8811.452     372.9857  15.1374   0.0460     5.54    0.111  44.35   0      41.54     2479.703     85.20092
      1233    885.0479    350.0639     4598.232     142.4023  15.8435   0.0336     4.41    0.124  61.71   0      75.99     4039.764     89.26542
      1234    761.3601    347.0947      74207.3      536.998  12.8239   0.0079     4.11    0.099 -23.58   2        205     14183.98     111.5381
      1235    757.0156    345.0100     55493.34     208.3568  13.1394   0.0041     4.22    0.009  43.09   3      336.1     54746.91     176.1165
      1236    501.0208    349.1473     5906.475     335.6795  15.5717   0.0617     9.16    0.190  87.72   0      26.59     1304.641     82.21753
      1237    214.8914    343.9036     18364.95     423.0501  14.3400   0.0250     4.62    0.146  -6.86   2      71.67     4386.564     89.75892
      1238    137.3035    347.5391     10258.48     490.1478  14.9723   0.0519     5.85    0.188  -0.53   0      35.15     2021.942     83.55737
      1239    483.8180    337.3557     154710.4     561.6334  12.0262   0.0039     4.79    0.168 -19.83   0      404.8     38639.62     154.1584
      1240    971.6409    345.8029     5902.401     325.1923  15.5724   0.0598     4.02    0.178   6.70   0      29.07     1732.095     83.59823
      1241    847.5996    344.3268     17167.71     344.4787  14.4132   0.0218     0.00    0.270 -10.12   0      79.29     4420.517     90.22962
      1242    233.8396    346.1201     4589.333     347.4811  15.8456   0.0822     3.86    0.154  42.14   0       20.6     1267.202     81.90275
      1243    879.2623    345.3084     3066.505     178.0666  16.2834   0.0631     5.80    0.512 -15.65   0      26.99     1896.638     83.21586
      1244    793.0645    345.9177     4894.591     142.8745  15.7757   0.0317     4.34    0.112 -56.11   0      81.17     4777.278     90.93352
      1245    520.7238    342.5489     27992.58      379.964  13.8824   0.0147     5.15    0.213 -10.68   0      113.3     7252.327     96.92227
      1246    275.4998    342.9760     39240.99     447.8683  13.5156   0.0124     6.17    0.177 -13.50   0      147.4     9892.298     102.4206
      1247     79.8006    343.9822     7566.046     354.3453  15.3028   0.0509     4.48    0.133  21.15   0      35.97     2044.816     84.03286
      1248    700.0107    344.5087         7271     465.1538  15.3460   0.0695     7.81    0.404   0.43   2      23.93     988.1821       80.911
      1249    958.0021    343.9962     26744.36     174.1977  13.9319   0.0071     4.19    0.003 -49.10   3      232.2     26548.24     134.9053
      1250    954.4655    335.2716     15771.92      665.449  14.5053   0.0458    15.40    0.634  33.42   2      41.58     2567.427     85.23161
      1251    412.2281    343.3123     2765.316     239.9044  16.3956   0.0942     6.35    0.287  -4.46   0      16.19     915.3096     80.49112
      1252    319.0359    342.6616     7916.882     427.6486  15.2536   0.0587     5.99    0.215  -2.00   0      32.07     1890.285     83.61388
      1253    805.8344    340.4547      4282.31      346.031  15.9208   0.0878     6.64    0.098 -41.04   0      21.27     1251.058     81.85793
      1254    619.0005    340.9954     56846.76     209.8279  13.1132   0.0040     4.20    0.007  89.02   0      346.2     56528.15     178.4003
      1255    169.1275    340.0548     8246.519     409.1982  15.2093   0.0539     4.26    0.237  -7.92   0      32.98     1967.112     83.61553
      1256    530.3218    338.7340     6448.555     358.4928  15.4763   0.0604     3.88    0.086  -0.28   1      30.83     1832.104     83.03942
      1257    374.2047    335.3868     56595.66     399.9654  13.1180   0.0077     4.25    0.207  -0.75   0      202.5     14969.48     113.7382
      1258    930.3486    338.2373     7766.548     420.4191  15.2744   0.0588     8.35    0.255  43.22   0      31.56     1499.754     82.54553
      1259     98.0319    337.1376     4663.604     356.1456  15.8282   0.0829     4.24    0.089  87.53   0      21.32     1199.438     81.71449
      1260    915.2226    334.9933       2954.7     145.8204  16.3237   0.0536     1.63    0.108 -80.66   3      39.74     2824.278     86.31609
      1261    919.0807    330.7074     31144.67     427.8412  13.7665   0.0149     4.27    0.133   3.81   2      119.3     7829.312     98.26593
      1262    250.1003    353.9243     24080.06     180.5498  14.0459   0.0081     4.83    0.143 -17.58   0      210.5     23103.16     128.5673
      1263    626.0415    332.3661     9644.823     459.7655  15.0393   0.0518     6.53    0.309 -16.93   0      34.75     1793.658     83.55838
      1264    418.3381    333.7182      4023.51      345.861  15.9885   0.0934     4.53    0.156  -8.31   0      17.53     956.7573     80.60806
      1265    834.6024    330.9963     6755.018     431.0681  15.4259   0.0693     6.84    0.364  41.81   2      23.71     1168.871     81.62943
      1266    839.8145    326.5577     5790.324     395.9792  15.5932   0.0743     4.91    0.355 -26.82   3      23.96     1392.991     82.67119
      1267    594.0182    329.2221     33178.65     418.7022  13.6979   0.0137     4.87    0.119  12.29   2        119     7542.448     98.13121
      1268     63.2851    331.1312     7751.646     314.3176  15.2765   0.0440     9.03    0.273 -12.89   0      32.66     1809.249     82.97684
      1269    743.1080    329.3581     16942.46     379.0519  14.4276   0.0243     8.17    0.117 -19.51   0      72.34     4252.993     89.22614
      1270    663.8860    326.6337     25244.05     592.4438  13.9946   0.0255    10.44    0.346 -53.03   2      68.77     2583.943     85.27563
      1271    285.2188    331.5866     4294.915     354.6914  15.9176   0.0897     5.08    0.204  14.76   0      18.88     1075.722     81.36967
      1272    266.9777    327.3286     20402.29     605.7864  14.2258   0.0322    10.74    0.114  34.55   3      59.71     3313.644     87.59512
      1273    257.9835    328.3275     20192.64     590.5028  14.2370   0.0318    10.67    0.358 -41.90   3      63.57     2034.354     84.21051
      1274   1015.7217    330.1737     3489.997     242.3832  16.1429   0.0754     7.32    0.432 -24.80  16       17.2     858.9758     80.76202
      1275    731.0669    342.2419     7851.424     417.3637  15.2626   0.0577     9.73    0.377 -75.27   0      29.09     1355.278     82.14679
      1276    875.0084    326.9608     11396.09     393.7221  14.8581   0.0375     5.23    0.065  -4.46   2       51.5     3255.013     87.64074
      1277    871.0192    326.9999     18991.47     163.7706  14.3036   0.0094     0.00    0.003 -27.68   3      188.7     18558.45     120.6968
      1278    364.5689    327.2533     3978.115     319.8077  16.0008   0.0873     2.74    0.045 -17.22   0       18.6     1111.905     81.47067
      1279    957.5432    322.9898     3288.603      306.869  16.2075   0.1013     4.13    0.356  28.10   0      15.35     904.8784     81.10494
      1280    374.0397    321.0571     6803.913     337.5719  15.4181   0.0539     9.09    0.197  81.67   0      34.86      1724.69     83.16254
      1281    189.5022    315.6163     204359.6     591.7139  11.7240   0.0031     5.01    0.364  25.34   0      459.5     45034.28     162.8892
      1282    120.0071    321.0027     18679.66     168.5565  14.3216   0.0098     4.66    0.182 -28.81   0      184.7     17672.33     119.0165
      1283    499.8073    312.9254     118027.8     466.2014  12.3200   0.0043    13.39    0.217   2.98   0      349.8     42301.79     159.1399
      1284     87.2750    320.2156     3341.219     308.3158  16.1902   0.1002     5.72    0.309  19.83   0      15.85     938.1957     81.19826
      1285    609.7615    318.4649     2588.062     167.4091  16.4676   0.0702     2.91    0.410 -62.92   0      40.47     2105.285     84.19624
      1286    266.0050    316.7482     16355.77     422.9944  14.4658   0.0281     4.29    0.112  19.07   1      68.05     4138.041     89.70859
      1287    865.9088    314.9471     5624.237     399.1521  15.6248   0.0771     4.10    0.024   5.93   0      21.39     1254.318     81.44271
      1288    687.5012    312.7748     48560.35     574.8113  13.2843   0.0129    11.42    0.462  -6.81   2      148.7     10219.14     103.1433
      1289    600.7999    314.1982     7319.848     168.6547  15.3387   0.0250     0.00    0.355 -44.85   0      102.2     6340.139     94.94177
      1290    447.7308    315.1169     6761.094     426.0186  15.4250   0.0684     5.10    0.128   5.32   0      25.37     1420.018     81.90381
      1291    525.3500    307.9011     29623.68     532.6271  13.8209   0.0195     5.15    0.272 -86.94   0      101.3     5709.041     92.86089
      1292    165.4503    311.6572     29188.55       362.02  13.8370   0.0135     4.24    0.164  -0.58   0      120.4     7862.169     98.69355
      1293    795.4806    312.7838     3139.738     305.3438  16.2578   0.1056     4.58    0.174  60.06   0      16.69      938.512     80.98553
      1294    651.9441    311.9624     3913.608     147.3073  16.0186   0.0409     4.55    0.164  45.81   2      65.32     3586.251      88.1032
      1295    641.1276    309.7593     4204.703     324.0036  15.9407   0.0837     4.37    0.136  23.39   0      21.13     1269.911     81.91027
      1296     34.0150    299.5669     18081.02     585.2667  14.3569   0.0352    13.42    0.387  -4.78   3      49.74     2573.656     86.05717
      1297     27.2105    307.9493     23503.21     472.1019  14.0722   0.0218    12.23    0.073  51.34   3      87.46     5107.978     92.13312
      1298     45.9612    300.8745      13074.9     473.5006  14.7089   0.0393    10.94    0.215  -7.43   3      46.98     2616.156     85.56413
      1299     53.1409    299.9114     9158.238     326.1346  15.0955   0.0387     6.38    0.251 -58.44   3      36.92     1729.768     82.75886
      1300     15.7839    305.6824     84033.05     501.2583  12.6889   0.0065     4.50    0.150  -7.27  19      254.7     19447.12     122.3587
      1301      5.4750    302.7680      6269.81     172.3349  15.5069   0.0299     2.71    0.412 -25.53  19      66.42     4222.149     89.72858
      1302    369.5571    307.6601     4345.301     342.2978  15.9050   0.0855     7.60    0.409  36.55   0      20.45      1053.42     81.30736
      1303    946.0110    306.8969     4886.989     386.6006  15.7774   0.0859     4.39    0.314 -17.20   0      17.46     944.9536      81.0036
      1304    872.9279    306.7832     8999.719     168.3504  15.1144   0.0203     5.09    0.248  65.62   0        109     7604.872     98.09925
      1305    150.0910    304.0591     26898.33      352.072  13.9257   0.0142     4.45    0.198   0.46   0      113.5     7289.534     96.83076
      1306    864.6482    303.7560     12070.85     427.8309  14.7957   0.0385     4.48    0.182   5.76   0      46.67     2779.432     86.19792
      1307    328.0865    305.0747     8351.449     154.0021  15.1956   0.0200     4.69    0.228  37.89   0      121.5     8260.172     98.90778
      1308    220.6304    297.7897     7224.401     580.2897  15.3530   0.0872     4.87    0.285  63.18   2       19.9     1101.519     81.86598
      1309    223.0429    302.4337     6692.248     374.0151  15.4361   0.0607     3.20    0.289  13.03   3      24.04     1231.746     82.01578
      1310    210.6502    303.3938     21855.15     406.1624  14.1511   0.0202     5.72    0.208  -3.23   0      90.53     5589.121     93.31245
      1311    508.8408    301.7887     22728.33     463.3929  14.1086   0.0221     9.18    0.028  16.74   1      87.02     5496.286      93.4575
      1312   1002.4308    297.3145     73238.91     460.1185  12.8381   0.0068     4.31    0.112 -41.33   0      240.6      18235.7     119.9432
      1313    841.8459    302.0871     7324.563     386.9133  15.3380   0.0574     8.71    0.296  17.76   0      34.57     2043.821     83.61687
      1314    754.1739    302.2537     6760.113      455.494  15.4251   0.0732     8.69    0.193 -23.40   0       25.1     1402.098     82.27622
      1315    394.9810    303.1248     5470.799     383.5715  15.6549   0.0761     8.10    0.325   4.96   3      26.11     1343.038     82.11292
      1316    389.4951    301.0200     7031.605     404.2605  15.3824   0.0624     4.46    0.221  22.99   3      25.52      1484.29     81.87065
      1317    274.9366    303.9389     12203.81      164.924  14.7838   0.0147     0.00    0.112  -3.46   0      128.1      10862.5      105.212
      1318    184.6989    300.4841      22067.3     464.9352  14.1406   0.0229     4.12    0.121   7.46   3       83.8     5126.334     91.42361
      1319    175.6900    301.2603     13582.85     487.2632  14.6675   0.0390     5.92    0.258  22.65   3      46.54     2788.008     85.61569
      1320    604.4099    301.7875     7227.536     441.2432  15.3525   0.0663     8.72    0.318  28.66   0       27.3      1494.93     82.53226
      1321    370.3421    299.5376     11980.06     478.4369  14.8039   0.0434     9.92    0.326   0.36   2      41.33     2360.133      85.0852
      1322    910.4149    298.3793     14377.89     538.2874  14.6058   0.0407     5.79    0.179 -51.39   0      47.11     2245.108      84.7774
      1323    799.4801    298.9958      12716.2     464.0891  14.7391   0.0396    10.55    0.234  -7.85   0      46.91     2675.888     85.92448
      1324    709.9167    300.9147     62077.82     217.4204  13.0177   0.0038     4.49    0.125  44.88   0      346.2     60468.89     183.2574
      1325    671.6691    298.6635      8130.33     318.6943  15.2247   0.0426     9.34    0.327 -13.66   0      38.25     2067.771     83.88868
      1326    562.2928    299.4576     7338.193     223.8425  15.3360   0.0331     7.16    0.581  37.92   0      73.39     5346.234     92.15681
      1327     74.7413    296.3970     31605.19     378.7036  13.7506   0.0130     7.25    0.068   6.14   0      124.9     8311.576     99.72308
      1328    961.4039    294.1912     8154.834     423.7064  15.2215   0.0564     8.37    0.395 -26.62   2      27.53      1506.59     82.56435
      1329    700.3776    292.5738     51406.12      532.978  13.2225   0.0113     4.34    0.255  -4.23   0      167.7     11608.11     107.1343
      1330    608.7487    294.5343     4917.615     377.5515  15.7706   0.0834     4.44    0.161   2.31   0      19.42     1048.145     81.29261
      1331    342.5311    291.7902     3572.348      197.146  16.1176   0.0599     4.26    0.598  56.67   0         40     2560.083     85.41506
      1332    257.5394    293.0278     10135.83     644.9879  14.9854   0.0691    10.57    0.675  29.92   2      25.17     863.6534     80.77518
      1333    803.6733    292.2063     5138.599     381.1087  15.7229   0.0805     4.70    0.221  -8.80   1      23.11     1309.974     81.80989
      1334    443.2127    294.0345     14704.91     346.6186  14.5813   0.0256     0.00    0.477  -6.52   0      63.84     2708.193     86.41174
      1335   1021.0968    288.7235     23428.21     334.6402  14.0757   0.0155    11.64    0.212  20.43  24      95.67     5276.625     91.98498
      1336    898.7944    290.6859     3195.927     313.7786  16.2385   0.1066     5.47    0.218  27.57   0      16.04     891.8856     80.85457
      1337    135.1218    293.4021     14846.11     430.3102  14.5710   0.0315     9.17    0.252   2.64   2      58.35     3583.157     88.09521
      1338    660.6116    289.7747     3846.696     359.2585  16.0373   0.1014     6.85    0.408 -88.87   0      16.61     735.5128     80.62895
      1339    395.8646    289.3950     3958.863     251.5816  16.0061   0.0690     0.00    0.377 -69.20   0      38.18     2086.387     84.35082
      1340    384.5633    284.6651      34028.2     614.4114  13.6704   0.0196    13.44    0.148  44.84   0      102.1     6009.607     94.14722
      1341    533.2232    281.3396     454655.5     639.1129  10.8558   0.0015     4.17    0.133  -0.54   2      782.3     118155.1       244.62
      1342    158.5956    289.9993     5420.444     176.1972  15.6649   0.0353     2.12    0.383  -0.30   0      66.14     4688.503     90.90213
      1343    414.7761    283.2238       184606     501.0699  11.8344   0.0029     4.25    0.141   1.62   0      460.2     48796.52     168.4684
      1344    275.4838    287.7710     5890.955     383.8204  15.5745   0.0708     7.94    0.081  88.00   0      26.79     1451.988     82.20346
      1345    590.3094    282.9306     83457.59     437.3062  12.6963   0.0057     4.17    0.146  12.43   0      265.3     21492.74     125.9637
      1346     67.9970    285.2946     6531.041     441.8654  15.4625   0.0735     8.08    0.250  54.16   0      21.85     1187.049     81.68003
      1347    119.1919    283.8545     3597.902     271.1504  16.1099   0.0818     3.68    0.128  44.26   0      20.06     1237.857     82.03271
      1348    999.6747    282.8611     6402.226     339.8594  15.4842   0.0576     8.09    0.277  -7.04   0      31.62     1965.631     83.81842
      1349    222.7446    276.9578     77889.98     464.2794  12.7713   0.0065     4.46    0.086 -63.40   0      244.8     18806.01     121.3049
      1350    922.5943    280.8353     17863.84     497.1582  14.3701   0.0302     7.72    0.382   5.58   0      59.47      2671.23     86.11355
      1351    717.6528    280.6846     16226.22     439.9877  14.4745   0.0294     5.58    0.271   3.06   0      66.05     3793.307     88.24399
      1352    458.8490    282.7172     3282.179     308.2722  16.2096   0.1020     3.65    0.218  26.47   0      16.73     964.0115     80.62852
      1353    100.1181    283.1071     4664.195     371.6172  15.8281   0.0865     5.08    0.376  10.07   0      16.12     909.3726     80.68932
      1354     47.0179    282.9684     7777.438     164.0737  15.2729   0.0229     5.04    0.164  57.77   3      94.15     6371.069     95.37971
      1355     50.8018    280.8044     22205.85      362.421  14.1338   0.0177     4.35    0.300  33.37   3      100.9     6964.447     96.42467
      1356     53.9488    278.0088      8086.81     150.7655  15.2306   0.0202     0.00    0.083  63.57   3        101     7267.978     97.31562
      1357    987.2169    280.9407      17632.7     546.0419  14.3842   0.0336     7.84    0.365 -27.87   2      56.83     1001.424     81.16189
      1358    817.8742    279.8825     6191.877     361.9375  15.5204   0.0635     4.52    0.219 -34.99   0      27.92     1589.216     82.16141
      1359    788.1671    278.9234     23675.44     608.4384  14.0643   0.0279    15.58    0.629   5.58   0      59.91     1601.289     82.82462
      1360    706.1931    280.4965     8536.515     471.3173  15.1718   0.0600     5.37    0.303  -3.05   0      23.04     1134.793      81.5345
      1361    372.5037    280.7947     3527.565     311.2484  16.1313   0.0958     4.33    0.042 -10.37   0      17.26     968.1447     81.06864
      1362    301.5746    278.6669     20839.35     365.1385  14.2028   0.0190     4.21    0.173   2.33   3      87.03     5415.015     92.70075
      1363    307.4604    274.4361     46393.66     495.3893  13.3339   0.0116     7.13    0.340  -3.80   3        149     10037.54     103.4146
      1364     13.0453    278.5237       6175.9     423.6669  15.5232   0.0745     8.38    0.138  19.31   0      22.71     1207.074     81.52352
      1365    894.5355    276.5692     12442.55     424.9823  14.7627   0.0371     9.43    0.195   6.64   0      53.67      3298.21       87.357
      1366    683.6537    277.1286     8650.225     424.9922  15.1574   0.0534     4.78    0.198 -24.52   3      29.84     1747.414     83.01623
      1367    690.7724    274.1683     30359.67      532.941  13.7943   0.0191     4.43    0.172  75.90   2      104.9     6781.436     96.35258
      1368    394.6112    277.4702      4961.58     410.5464  15.7610   0.0899     4.14    0.231   5.64   0      19.32     1098.981     81.43461
      1369   1018.9252    270.1739      61470.5     404.8708  13.0283   0.0072     6.51    0.115 -16.47  24      211.9     15577.77     114.9472
      1370    471.1277    270.1795     20802.38     430.4369  14.2047   0.0225    13.79    0.108 -78.24   2       77.2     4578.724     90.62724
      1371    137.0002    270.9993     59381.84     476.5114  13.0659   0.0087     4.24    0.179   4.84   2      180.9     13081.49     109.9008
      1372    192.4386    269.1382     27215.35     373.7496  13.9130   0.0149     8.64    0.159  20.91   3      110.5     7210.192     97.00216
      1373    189.4883    262.2236     13915.98     343.5893  14.6412   0.0268     4.20    0.209  -5.38   3      60.95     3746.925     88.12445
      1374    643.9965    268.9841     17605.17     485.5814  14.3859   0.0300     5.33    0.127   0.61   3      62.49     3590.057     88.11301
      1375    647.5097    265.5105     10311.89     324.2776  14.9667   0.0342     3.70    0.242  37.66   3      50.22     3136.843     86.73668
      1376    358.7259    269.6823     3079.879     290.7688  16.2787   0.1025     5.59    0.158  78.95   0      16.79      884.195     80.18748
      1377    732.1622    265.9355     11455.46     517.3378  14.8525   0.0490     4.29    0.089   0.31   2      34.66     1852.584     83.51134
      1378    667.8860    267.9096     9399.979     346.8882  15.0672   0.0401     4.12    0.148  24.37   0      41.93     2534.051     85.14256
      1379    912.5456    266.3172     20372.43     421.0529  14.2274   0.0224     4.30    0.229  -2.91   0      82.79     5013.911     91.33357
      1380    627.3693    268.1639     4910.966     315.0184  15.7721   0.0697     4.13    0.174  17.80   0      24.68     1454.116     82.83906
      1381    880.1702    267.3649     3389.062     304.1086  16.1748   0.0974     4.11    0.210 -12.44   0      18.14     1059.266      81.7486
      1382    840.4962    267.3591     3531.058     269.4922  16.1302   0.0829     7.40    0.541  11.14   0      16.25     748.7527     79.58533
      1383    778.3806    265.6818     4607.527     312.0359  15.8413   0.0735     6.21    0.358  36.14   0      21.34     1082.258     81.38792
      1384    279.2382    257.7528     263265.4     645.5554  11.4490   0.0027    17.12    0.375  28.23   2      535.1     60631.76     183.4593
      1385    426.5351    264.7094     8761.846     464.0189  15.1435   0.0575     9.84    0.358 -10.26   0      33.06     1798.487     82.94736
      1386    264.4017    265.1724     7395.448     477.1625  15.3276   0.0701     7.92    0.391 -14.80   0      49.97     981.6778      81.5326
      1387    499.8945    262.7214     11298.62     353.0707  14.8674   0.0339     9.64    0.092  30.53   0       49.5     2959.376     86.27042
      1388    716.6343    262.2010     3597.551     309.9052  16.1100   0.0936     4.51    0.329 -59.73   0      18.55     1225.466     82.20936
      1389    325.5881    261.6520     4414.632     285.8125  15.8878   0.0703     6.28    0.387  44.62   0      28.61     2134.395     84.48007
      1390     60.5265    260.8022     20778.56     471.7074  14.2060   0.0247     4.65    0.095  -3.36   3      71.38     4601.134     90.68343
      1391     54.3126    259.0734     13561.09     456.9834  14.6693   0.0366     5.93    0.249  14.87   3      50.88     2838.501     85.54738
      1392    809.9485    261.9149     4200.344     144.7883  15.9418   0.0374    -3.32    0.143  62.39   0      73.14     3704.521     88.01502
      1393    134.6301    260.0558     17799.37     490.9931  14.3740   0.0300     7.37    0.291  58.98   1      79.15     994.3851     80.92841
      1394     74.7858    256.9529        42493     459.0482  13.4292   0.0117    12.14    0.066  76.63   2      142.5     8413.604     100.1285
      1395    612.2588    256.6667     23557.68     348.6691  14.0697   0.0161     4.11    0.129  -1.74   0      101.9     6635.109     95.64527
      1396    462.5460    259.7746     5248.544     256.1479  15.6999   0.0530     7.68    0.236 -25.41   2      27.39     1586.088      82.7829
      1397     39.3715    254.6598     38435.98     440.6329  13.5382   0.0124     4.30    0.126  17.00   2      128.1      8321.17     99.57113
      1398    948.8683    259.0573     2151.081     141.5351  16.6684   0.0715     4.44    0.203 -30.28   0       48.2     2004.882     83.92478
      1399    383.4687    257.5968     12316.83     223.0923  14.7738   0.0197    -0.55    0.518  36.12   0      121.2     9935.864     103.1909
      1400   1014.1697    256.0013      2836.04     287.5821  16.3682   0.1101     3.08    0.435  89.61   0      17.04     1282.105     82.36579
      1401    862.2170    253.6954      28842.6     427.6305  13.8499   0.0161     4.19    0.124   1.48   0      113.7      7287.01     96.64576
      1402    580.8617    256.1200     7003.687     417.9393  15.3867   0.0648     5.79    0.321   8.21   0      26.72     1363.592     81.74708
      1403    551.0405    255.3071     4321.641     352.2583  15.9109   0.0885     4.49    0.214   1.01   0       18.6     976.4026      80.4484
      1404    515.1069    254.0340     5503.214     377.9038  15.6485   0.0746     7.24    0.509 -36.55   0      22.59     1237.043     80.96774
      1405    305.7671    251.5347     54969.47      442.278  13.1497   0.0087     4.17    0.128   6.60   2      183.2     13148.78     110.0399
      1406    993.4954    252.4842     6362.805     341.1049  15.4909   0.0582     4.81    0.226 -55.91   2      33.13     2016.169     83.74876
      1407    990.3268    252.2528     3247.863     198.9601  16.2210   0.0665     4.97    0.159 -36.01   3      35.56     2072.615      83.9018
      1408    108.6469    262.6285     4782.195     313.5473  15.8009   0.0712     7.73    0.165  -0.67   0      22.89     1254.936     82.29079
      1409    144.1467    250.2712     11959.95     469.2884  14.8057   0.0426     5.01    0.064  57.91   0      46.32     2647.241     85.44417
      1410    699.2446    249.6070     5892.354     288.4902  15.5743   0.0532     7.78    0.232  -3.22   0      28.66     1582.959      83.1918
      1411    795.0905    248.2077     2020.561     179.1602  16.7363   0.0963     3.14    0.278  61.35   0      29.47     1267.103     81.90247
      1412    787.6116    249.1588     2168.994     186.4516  16.6594   0.0934     0.00    0.401  20.08   0      22.81     1401.017     82.90247
      1413    117.0051    247.9981     43978.58     195.3934  13.3919   0.0048     0.00    0.008  -1.35   0      301.5     43620.89     161.1203
      1414    871.6769    243.7311     26236.48     426.2432  13.9527   0.0176     4.30    0.127  15.88   0      102.1     6367.994     94.64308
      1415     63.0722    245.2958     9189.334     500.1522  15.0918   0.0591     9.39    0.236 -11.94   0       30.3     1650.516      82.3308
      1416    720.6732    242.5475     15979.65     552.4539  14.4911   0.0375     7.17    0.106  29.77   0      48.54     2791.855     85.82796
      1417    562.9315    243.2634     16118.56     516.0363  14.4817   0.0348    11.75    0.306  -3.58   0      52.24     2480.358     84.99912
      1418    199.2247    245.6807     4212.595     288.6679  15.9386   0.0744     0.79    0.155  27.63   0      23.62     1554.572     82.69633
      1419    729.7652    244.7969     4067.922     339.5725  15.9766   0.0907     6.52    0.408  14.43   3      17.79     931.7339     81.39326
      1420    426.3770    241.1658     37762.92     422.2102  13.5573   0.0121     3.99    0.165  -0.55   3      138.1     9610.761     102.8099
      1421    212.2205    243.8343     6550.175     430.9601  15.4594   0.0715     0.91    0.348 -10.96   0      26.45     1041.558     81.69935
      1422    436.8761    241.7549      10205.1     396.3257  14.9780   0.0422    11.52    0.248 -24.68   1       36.9     1392.029     82.03752
      1423    523.6904    242.2599     6312.159     441.7528  15.4996   0.0760     4.21    0.096 -17.82   2      21.96     1278.301     81.50961
      1424    936.0303    250.0719     7297.575      149.571  15.3421   0.0223     0.00    0.147  67.84   0      111.8     7163.473     96.89264
      1425    618.2974    238.6438     11013.59     581.7719  14.8952   0.0574    10.14    0.574  -8.07   2      30.66     1253.934     81.01513
      1426     32.2129    240.6831     3068.745     262.5861  16.2826   0.0929     3.73    0.103  16.34   0      18.65     1154.188     81.58854
      1427    185.9305    238.3455     4241.332     413.3029  15.9312   0.1058     7.05    0.570 -63.24   0      16.07     648.6198      79.9515
      1428    938.8839    235.1679      7678.89     395.9695  15.2868   0.0560     9.16    0.206  76.00   0      35.19     2022.692     83.76646
      1429    784.4600    237.9993     5378.381      256.263  15.6734   0.0517     8.03    0.084  33.33   0      27.85     1614.708     83.07022
      1430    499.0022    236.5795     8161.978     317.3552  15.2205   0.0422     4.08    0.148   8.63   0      41.22     2469.638     85.17407
      1431    256.3140    237.5570     4373.591     354.7418  15.8979   0.0881     5.09    0.254  -3.19   0      19.41      1037.95     80.83666
      1432     62.4630    236.6197     6047.738     380.5141  15.5460   0.0683     4.14    0.129  -6.69   1      25.35     1416.131     82.31497
      1433   1018.1630    233.6328     49597.91     434.5545  13.2613   0.0095     7.80    0.283 -15.42  19      169.9      11293.4     106.3018
      1434   1022.7193    225.6485     14657.18     295.3144  14.5849   0.0219     5.23    0.169  81.91  27      74.13     4672.019     90.47881
      1435    206.2491    234.5652     8327.446      463.806  15.1987   0.0605     5.10    0.235 -10.85   0      23.65     1281.874     81.94345
      1436     69.1679    235.6031      3573.93     183.4955  16.1171   0.0558     2.41    0.450  29.09   0      35.54     2928.938     86.79103
      1437    561.6837    234.3451     5152.096      409.596  15.7200   0.0863     5.77    0.284  21.24   0      19.79      1038.72     80.83882
      1438    232.3376    232.2634      25064.9     366.5798  14.0023   0.0159    11.46    0.291   4.48   2      102.8     5870.779     93.62666
      1439    239.4619    226.6546     9691.771     352.0349  15.0340   0.0394     9.96    0.183   7.75   3      42.05     2440.993     85.30091
      1440    977.3726    233.4988     4589.106     263.8987  15.8457   0.0625     4.10    0.250  -6.42   0      23.65     1406.553     81.44215
      1441    652.4637    231.1182     41386.92     406.4294  13.4578   0.0107     7.86    0.247   7.59   0      151.7      10280.3     103.6129
      1442   1002.1667    230.2343     2995.947     250.7102  16.3087   0.0909     5.15    0.341  60.59   0      34.43     1724.379     83.57725
      1443    328.0709    231.1479     2223.299      141.651  16.6325   0.0692     2.62    0.205  60.71   0       48.8     2063.413     83.87688
      1444    926.1575    222.2255     114345.3     481.7946  12.3545   0.0046     4.22    0.091 -17.48   0      332.6     29592.97     140.1881
      1445    196.3660    227.0409     15398.93     468.1842  14.5313   0.0330     5.17    0.179  -4.98   0      58.71     3470.833     88.00202
      1446    604.9830    225.8096     4932.003     300.9735  15.7674   0.0663     3.77    0.154  35.12   0      23.95     1509.318     82.57187
      1447    402.4406    224.6566        12643     378.7589  14.7454   0.0325     3.92    0.182   2.92   0      56.23     3476.638     87.81998
      1448    114.1879    225.0604     12474.48     234.6028  14.7599   0.0204     0.00    0.087  58.75   0      101.5      7747.45     98.42902
      1449    709.5880    225.1421     3511.695        339.2  16.1362   0.1049     6.19    0.081 -68.67   0      17.12     906.6525     81.10992
      1450    255.2139    223.1724     12807.13     377.7126  14.7314   0.0320     7.86    0.558  32.84   3      44.56     4042.743     89.66024
      1451    251.1632    219.9415     8101.842     367.8741  15.2285   0.0493     4.93    0.255  -1.21   3      34.74     2012.074     83.94426
      1452    748.1287    224.0471     3051.634     151.7888  16.2887   0.0540     2.78    0.198  28.73   3      44.98     2037.075     84.01192
      1453    744.5213    217.7309     15677.87     436.7398  14.5118   0.0303     5.20    0.143  84.27   2      59.66     3383.644     87.18251
      1454     17.0425    223.8113     8673.533     157.2551  15.1545   0.0197     4.74    0.247 -77.96   0      117.5     7916.144     99.16774
      1455    215.6739    217.5414     43311.83     476.1171  13.4085   0.0119     8.05    0.037   4.15   2      151.4     10082.73     103.3464
      1456    218.3729    210.0752     13741.24     546.8008  14.6549   0.0432    11.22    0.392 -23.39   3      38.84     2067.302     84.09365
      1457     44.6034    220.9265     4354.139     390.7458  15.9027   0.0975     7.40    0.454  54.01   0      16.75     707.4598      80.3345
      1458     57.4096    214.2458     18067.32     574.0551  14.3578   0.0345     9.97    0.452  23.80   2      52.23      2269.72     85.04727
      1459    159.2221    229.9592     4900.455     160.0389  15.7744   0.0355     0.75    0.166 -13.26   2      70.56     4296.438     90.30102
      1460    682.0092    216.8302     7075.266     410.6617  15.3756   0.0630     9.15    0.225 -16.83   3      27.52     1410.586     82.71955
      1461    676.6239    216.7705     9951.729     360.7069  15.0053   0.0394     9.60    0.237  72.17   3       41.2     2774.423     86.38547
      1462    880.1190    210.9178     89255.39     460.5002  12.6234   0.0056     4.33    0.125 -18.01   0      275.1     21958.07     126.5269
      1463    818.5067    213.2176     27402.15     452.4731  13.9055   0.0179     5.30    0.158   1.38   2      95.09      5129.94     91.43258
      1464    115.9297    213.1668     35429.77     389.9791  13.6266   0.0120    11.29    0.130  -1.52   0      140.4      8670.64     100.3656
      1465      8.3701    211.8659     45312.14     407.5573  13.3595   0.0098     4.21    0.233   5.64  16      161.7     11158.63     105.8497
      1466    586.7003    208.9628     15623.93     543.6142  14.5155   0.0378     9.71    0.340 -87.04   0       51.1     2324.489     83.75813
      1467    473.4373    210.2613     67304.97     463.7614  12.9299   0.0075     5.30    0.276   3.65   0      218.1     14830.93      113.461
      1468    411.7829    212.6659     12443.79     440.9855  14.7626   0.0385     4.08    0.215   0.81   0      51.79     3159.848     86.99628
      1469    994.6896    211.6901     9496.062     367.5582  15.0561   0.0420     0.00    0.244  10.63   0      47.95     3073.771     86.57126
      1470    970.4231    211.0528     3382.626     207.6315  16.1769   0.0667     4.44    0.104 -31.32   0      19.49     1103.075     81.65845
      1471    542.6290    208.8965     24345.26     657.9222  14.0340   0.0293     9.97    0.138  33.60   2      57.47         3272     86.49136
      1472    956.0793    208.2197     17770.85      415.498  14.3757   0.0254     5.90    0.241   3.45   0      75.45     4417.455      90.4137
      1473    921.1554    208.6947     9332.071     429.4097  15.0751   0.0500     8.07    0.102 -60.72   0      36.22     2232.454     83.92186
      1474    905.8798    210.0145     2859.894     139.6004  16.3591   0.0530    -3.32    0.135   0.57   0      56.41     2588.339     85.49022
      1475    239.7642    209.0394     7341.292     274.2701  15.3356   0.0406     3.87    0.148   0.29   0      40.21     2570.602     85.44305
      1476    837.8378    209.1841     4027.337     354.5199  15.9875   0.0956     5.60    0.339   4.58   0      15.51     886.1932     81.47888
      1477    129.9539    207.1022     8469.611     159.6953  15.1803   0.0205     4.71    0.225 -65.14   0      116.4     7765.088      97.5862
      1478    198.5438    204.4570     67009.25     435.6868  12.9347   0.0071     5.24    0.208   2.64   0      225.1     16290.88      116.646
      1479   1019.2712    203.1727     50284.33     386.4047  13.2464   0.0083     4.75    0.177  -1.20  24      183.6     12407.61     108.4983
      1480     60.3177    192.1697      1196807     889.7813   9.8049   0.0008     4.41    0.085   2.65   0       1326     291957.3     372.5658
      1481    657.8010    201.0724     66351.69     762.8053  12.9454   0.0125    10.77    0.125  50.90   2      183.1     4437.646     90.27276
      1482    897.1152    203.2887     4359.122     373.7552  15.9015   0.0931     4.67    0.287 -18.09   0      17.57     903.1679     80.67184
      1483    808.7471    202.1967     5087.623     381.0783  15.7337   0.0813     7.37    0.326  48.16   0      21.89     1181.793     81.66541
      1484    552.9015    203.2591     4717.729     377.4311  15.8157   0.0869     5.67    0.598 -25.51   0      38.02     775.6093      80.0957
      1485    486.3679    202.6321     6205.086     167.1457  15.5181   0.0293     1.43    0.277 -46.09   0      73.87     5869.391     94.17671
      1486    165.0120    202.0768     4545.832     273.5316  15.8560   0.0653     4.10    0.065  26.60   0      26.23     1636.218     82.92042
      1487    744.8528    194.8320     40448.13     428.7336  13.4828   0.0115    11.54    0.066  61.64   0      149.4     9889.926     103.0897
      1488    540.8323    199.1724     20526.84      575.028  14.2192   0.0304     4.70    0.148  10.66   3      51.27     1648.111      83.3696
      1489    571.8733    196.4555     18463.59     519.5746  14.3342   0.0306    12.86    0.460  19.32   0      60.77     2838.333     85.95095
      1490    401.1064    198.2408     7969.268     451.3245  15.2465   0.0615     4.58    0.158  56.22   0      23.85     1308.681     81.38171
      1491    127.5507    196.7907     46373.79     412.3711  13.3343   0.0097     6.49    0.228   6.39   0      168.2     11291.26     106.2972
      1492    520.6903    192.6313     154688.3     508.1916  12.0264   0.0036     4.19    0.197   8.60   0      404.9     37964.25     152.5929
      1493    322.8198    195.5723     5518.447     335.4167  15.6455   0.0660     5.39    0.059 -29.15   0      26.11      1496.24     82.95454
      1494    482.9001    194.5867     8433.863     465.7216  15.1849   0.0600     4.70    0.170   7.25   0      28.77     1650.804     82.75132
      1495      3.4985    193.7691     2395.096     179.6347  16.5517   0.0815     5.87    0.034  -5.86  16      16.76     977.8248     80.23682
      1496    299.8792    191.1912     8438.163     333.5164  15.1844   0.0429     3.62    0.210  -4.05   0      43.05     2790.977     86.02724
      1497    183.7158    191.7162     7025.775     425.1424  15.3833   0.0657     5.77    0.342  18.10   0       25.5     1383.524     82.01396
      1498    793.0027    190.5332      11621.5     366.5145  14.8368   0.0342     4.74    0.144  -1.92   0      51.74     2992.951     86.75907
      1499    199.0526    190.9156     2536.489     172.4372  16.4894   0.0738     3.78    0.433  84.34   0      26.42     2298.191     84.30541
      1500    444.5708    187.8740     26398.63     455.7853  13.9460   0.0188     4.76    0.215  -8.86   0      100.3     6080.605     94.31845
      1501    371.6947    186.6107     102329.9     456.5919  12.4750   0.0048     4.56    0.223   3.63   0      308.6     25594.17     133.2883
      1502    698.7168    188.8095     6242.165     429.7912  15.5117   0.0748     4.44    0.240  19.20   0      21.58     1173.903     81.64344
      1503    224.9985    180.2493     175467.9     519.9061  11.8895   0.0032     6.40    0.086 -13.41   2      431.2     41156.83     157.6062
      1504    662.8678    183.2439     10006.77     529.1234  14.9993   0.0574     8.97    0.462 -29.86   2      30.92     1246.694     81.84583
      1505   1003.6503    184.9347     5759.623     268.1544  15.5990   0.0506     3.71    0.030 -17.25   0      31.15     1963.546     83.81277
      1506    830.5004    184.0081     9659.904     375.8141  15.0376   0.0423    10.47    0.207 -34.59   0      38.42     2004.075      83.9226
      1507    871.6697    184.1851     4374.612     354.7424  15.8977   0.0881     4.46    0.279  -9.02   0       19.9     1189.692     81.89916
      1508     84.9438    183.6583     7765.337     340.7697  15.2746   0.0477     4.50    0.238  11.68   0      36.07     2108.596     84.61561
      1509    718.8296    181.1280     23560.57     408.1778  14.0695   0.0188     8.35    0.255  -8.39   0      95.84     5848.143     93.75663
      1510    950.3837    181.7168     3714.562     345.6579  16.0752   0.1011     5.40    0.143  72.11   0      17.17     863.5591     80.77491
      1511    414.3382    180.1778     13999.06     393.0242  14.6348   0.0305     8.34    0.349  76.59   0      65.84     4999.733     91.67696
      1512    274.7560    172.8567     401775.4     641.3098  10.9900   0.0017     5.82    0.135 -22.33   0      728.8     97478.71     224.6669
      1513    890.6732    181.2283     6249.606     250.2046  15.5104   0.0435     6.65    0.452  64.59   0       54.5     3886.332     88.87392
      1514    981.3568    179.7380     10196.88      396.321  14.9788   0.0422     4.35    0.191  -1.82   0      45.73     2657.573     85.67407
      1515    582.0519    180.8618     3549.011      339.225  16.1247   0.1038     4.62    0.380  -0.19   0      15.98     916.7684     80.92448
      1516    385.9863    180.0768     7320.165     434.3672  15.3387   0.0644     8.25    0.277   7.29   0      27.55     1605.714     83.04561
      1517    490.5984    177.6581     9057.598     376.6013  15.1075   0.0452     4.42    0.127  13.44   3      41.84     2407.464     85.21153
      1518    484.1283    177.9984      8338.02     433.9026  15.1973   0.0565     6.49    0.214 -22.07   3      33.18     1711.736     83.12714
      1519    929.7851    176.1492      9322.47     472.6133  15.0762   0.0551     9.93    0.106 -71.59   0      34.08      1761.53     83.47095
      1520    544.4386    178.5308     4117.594     322.6029  15.9634   0.0851     2.03    0.212 -43.67   0      19.52     1304.922     82.00735
      1521    478.0146    178.8326     2997.869     139.8248  16.3080   0.0507     0.95    0.105 -86.40   1       52.8     2892.742     86.89577
      1522    941.1525    176.7565     6108.365     459.9011  15.5352   0.0818     7.37    0.309 -72.00   0      17.92     779.9301     80.75406
      1523    810.6259    176.1874     5508.644     330.2052  15.6474   0.0651     8.14    0.344 -27.97   0      26.94     1510.648     82.78503
      1524    740.5467    170.6859     62219.18     422.0408  13.0152   0.0074     4.09    0.129 -20.10   0      214.8     16011.67     115.5024
      1525    659.7350    169.2062     258616.8     583.9601  11.4684   0.0025     5.10    0.268   5.27   2      556.2     59393.02     182.0134
      1526    644.1085    162.8011     18871.71     723.2202  14.3105   0.0416    14.29    0.572 -23.79   3      43.81     2686.185     85.74995
      1527    628.7448    176.2369     2308.712     150.6724  16.5916   0.0709     1.83    0.280 -46.64   0      38.65     2287.389     84.89067
      1528    450.3198    171.4953     130196.9      489.215  12.2135   0.0041    10.40    0.212  -6.71   0      357.2      32796.8     144.8116
      1529    309.8852    175.1645     7889.739     342.1208  15.2573   0.0471     4.19    0.173   7.20   0      38.28      2322.39     84.37063
      1530    511.0994    175.9925     28095.94     178.3965  13.8784   0.0069     4.58    0.165  -6.61   0      234.7     26911.59     135.5161
      1531    993.0145    173.0347     4525.578      380.743  15.8608   0.0914     5.53    0.025  28.75   0      20.59     1218.684     82.40109
      1532      4.0063    171.1780     2480.905     276.5488  16.5135   0.1211     6.42    0.400 -68.18  16      14.04     639.1678     80.14107
      1533    941.0325    168.9720     5506.062     357.8948  15.6479   0.0706     3.77    0.019  89.43   0       23.4     1413.301     82.72701
      1534    242.2860    168.0128      23626.2     658.9894  14.0665   0.0303    13.17    0.596 -15.03   3      53.96     3108.724     86.66297
      1535    247.0653    166.9916     28156.22     715.3165  13.8761   0.0276     8.81    0.205  59.81   3      49.31     3611.157     88.16742
      1536    986.9017    167.0182     35684.24     190.1069  13.6188   0.0058     4.72    0.167  -8.52   0      265.6     34357.33     147.1227
      1537    697.6966    164.6716     33096.22     414.4993  13.7006   0.0136    11.27    0.219   6.50   0      131.3     8196.527     98.76143
      1538    616.7877    164.9840     21115.93     562.3176  14.1885   0.0289    12.18    0.408  19.04   0       62.9     3331.953     87.44475
      1539    375.9299    164.8086     4763.436     341.3088  15.8052   0.0778     3.24    0.094  27.39   0      23.15     1505.012     82.56001
      1540    109.7971    165.5224     3998.972     356.9365  15.9951   0.0969     6.45    0.311 -22.59   0       17.1     874.4953     80.80567
      1541    121.9906    163.4981     9353.028     361.5293  15.0726   0.0420     4.49    0.211  12.96   0      44.57     2643.132     85.63576
      1542     35.1995    162.8706     3227.283     259.4057  16.2279   0.0873     6.86    0.263  11.37   0      18.18      1071.93     81.35909
      1543    548.6494    161.9081     4409.714     353.5421  15.8890   0.0871     6.75    0.450  32.86   0      18.91     953.2218      80.5981
      1544    151.3569    161.7231     6395.441     419.6773  15.4853   0.0713     7.33    0.197  10.61   3      22.34     1112.094      81.4712
      1545    145.4328    157.2934      16564.3     620.6071  14.4521   0.0407     8.53    0.204  41.80   2      42.99     2138.535     83.45982
      1546    869.4811    159.8103     12895.78     392.3857  14.7239   0.0330     6.19    0.343  -3.58   0      48.24     2665.942     85.69627
      1547    580.6298    165.2898     7338.091     430.3703  15.3360   0.0637     4.19    0.096  27.78   0      27.93     1608.178     82.42427
      1548    496.9349    160.3973     5881.269     348.3251  15.5763   0.0643     4.21    0.073   9.59   0      27.58     1575.114     82.96183
      1549    418.0663    160.1998     16423.71     730.2014  14.4613   0.0483    11.14    0.201  14.90   2      34.99     1063.049     81.75911
      1550    785.5690    142.0165      1091988     867.0991   9.9045   0.0009     4.23    0.066 -18.36   0       1263     278492.1     364.4018
      1551    174.5378    154.9934     16703.01     370.8217  14.4430   0.0241     4.36    0.261  12.27   2      69.91     4310.224     90.14375
      1552    346.8439    156.4010      7645.75     318.3485  15.2914   0.0452     4.34    0.077   2.31   0      38.83     2310.535     85.15627
      1553    931.7724    155.8465     5422.058     282.0432  15.6646   0.0565     4.20    0.168  -2.30   0      28.01     1682.235     83.46257
      1554    615.1849    155.4841        12252     456.3319  14.7795   0.0404     4.99    0.233  -2.59   0       43.8     2479.577     85.20058
      1555    164.5323    154.9020     6844.134     439.0775  15.4117   0.0697     4.58    0.219   0.86   0      23.09     1243.356     81.41212
      1556    203.9231    153.7729     5934.709     244.6648  15.5665   0.0448     4.39    0.257  -1.93   0      31.39     1904.155     83.65157
      1557     59.5191    153.7492      4284.26     353.4615  15.9203   0.0896     3.97    0.024   7.49   0      17.17     945.6633     80.57678
      1558    907.7724    149.6311     12678.96     493.0287  14.7423   0.0422    10.97    0.181  65.96   0      47.76     2664.647     86.09618
      1559    573.8263    151.8343     7308.721     434.3612  15.3404   0.0645     6.52    0.304 -10.72   0      25.89     1351.317     82.55654
      1560    260.6956    149.9980     9793.027     381.6115  15.0227   0.0423     9.71    0.247   2.00   0       43.2     2618.196     85.56955
      1561   1011.6464    146.8898     26522.93     479.9121  13.9409   0.0197     8.96    0.053 -68.76  18      90.01      5309.46     92.06607
      1562    359.5971    149.6658     4184.385     375.9597  15.9459   0.0976     7.85    0.361 -33.61   0      17.48     910.6272     81.12105
      1563    887.2333    148.6430     8772.955     442.0385  15.1421   0.0547     4.80    0.138   0.92   0       33.7     1850.098     83.71175
      1564    801.0991    149.7224     37102.43     209.0793  13.5765   0.0061     5.43    0.380 -72.46   0      260.4     32896.63     144.8487
      1565    476.1875    146.8824      38003.7     391.4763  13.5504   0.0112     4.69    0.195 -16.76   3      145.2     9771.433     102.8281
      1566    470.9296    139.7953       234712     566.9943  11.5737   0.0026     4.20    0.071  14.88   3        524        58778     181.2438
      1567    401.8976    147.2077     45738.95     484.4787  13.3493   0.0115     4.12    0.112   2.94   2      135.7     9013.851     101.1398
      1568    318.2544    147.3927     6439.159      351.164  15.4779   0.0592     4.62    0.194  -0.75   0      28.51     1585.759     82.99098
      1569    295.2856    143.0677     197682.7     536.0306  11.7601   0.0029     4.69    0.212   2.88   2      474.6     47784.89     166.6829
      1570    593.4677    146.6585     7948.943      418.453  15.2492   0.0572     2.58    0.024 -16.72   1      30.41     1859.746     83.53082
      1571    518.4291    145.1555     18682.91     449.0376  14.3214   0.0261    10.39    0.279   8.50   0      71.97     4036.977     89.64562
      1572    550.4910    145.2067     9030.605     448.9743  15.1107   0.0540     4.37    0.114  11.83   2      33.61     1958.743     83.79974
      1573    338.4083    144.1252     6562.269     393.1311  15.4574   0.0651     4.06    0.123  13.82   0      28.14      1699.44     83.09351
      1574    993.1006    140.3623     24557.26     507.9407  14.0246   0.0225    11.38    0.266  -8.08   3      88.66     5256.781     91.55833
      1575   1000.2943    132.3522     40470.79     611.8554  13.4821   0.0164    12.77    0.265  61.10   3      124.7     7636.382     97.46388
      1576    602.7752    141.1045     32819.66     413.3011  13.7097   0.0137     4.83    0.175  -7.08   0      127.4     8302.453     98.82977
      1577    537.2208    141.8694     15790.71     402.7546  14.5040   0.0277     5.25    0.165  -8.80   0      67.19     4152.444     89.74507
      1578     65.5759    139.8773     13412.84      470.912  14.6812   0.0381    10.78    0.128  -9.23   2      48.46     2710.081     85.81326
      1579    699.3459    141.2860     11916.46     422.6566  14.8096   0.0385     9.40    0.503 -12.01   0      47.07     2786.227     85.61096
      1580    660.9633    142.1405     4557.124     358.5017  15.8533   0.0854     4.68    0.324 -36.20   0      18.02     1041.007     81.27266
      1581    809.5672    139.1509     23369.88     224.6413  14.0784   0.0104     0.00    0.491 -15.51   0      195.1     20055.01     123.4827
      1582    623.3910    139.9724     5829.088     433.5863  15.5860   0.0808     8.13    0.390 -14.41   0      20.29     960.6577      81.2611
      1583     39.4140    139.0010     6218.622     258.6866  15.5158   0.0452     5.21    0.167  16.22   0      31.52     1839.227     83.47498
      1584    506.0153    137.0327     16135.95     159.7587  14.4805   0.0108     4.37    0.088  69.93   0      177.7     16139.54     116.4996
      1585    219.7972    137.4574     5221.408     280.3409  15.7055   0.0583     7.82    0.231 -45.22   0      27.19     1475.416     82.68826
      1586    960.5371    136.4023     9197.838     427.3166  15.0908   0.0505     3.40    0.123  -5.24   2      34.37     1980.939     84.06622
      1587    149.9492    136.9213     2557.529     267.0532  16.4804   0.1134     2.72    0.544   4.64   0      17.22     1230.224     81.58804
      1588    687.2256    147.8588      3882.81     155.8325  16.0271   0.0436     2.59    0.278 -29.63   0      61.47     3057.715     86.72906
      1589    914.1185    132.2051     9993.259     357.1134  15.0007   0.0388    10.06    0.123 -82.01   2      43.61     2196.174     84.64612
      1590    353.3048    130.2061     45086.56       430.18  13.3649   0.0104     4.92    0.083   5.79   3      163.7     11264.37     106.0765
      1591    356.3494    119.9617     70973.11     533.1965  12.8723   0.0082     4.28    0.291 -75.01   3      207.3     15102.03     114.0027
      1592    258.7952    132.8544     6468.318     372.7189  15.4730   0.0626     8.85    0.068 -52.85   0      28.16     1547.179     82.88526
      1593    661.8873    133.2200     2927.161     252.3697  16.3339   0.0936     6.17    0.525   7.22   0      16.53     1038.439     80.83804
      1594    187.9917    131.0049     6512.412     353.6689  15.4656   0.0590     9.36    0.282  28.03   0      28.05     1481.794     82.49607
      1595    115.3495    125.8866     47072.12     597.8688  13.3181   0.0138    11.60    0.355 -45.82   0      126.4     4546.906     90.16399
      1596    726.0693    129.9254     4723.993     272.0926  15.8142   0.0626     4.17    0.072 -35.48   0      24.49     1408.636     82.08352
      1597    559.6996    131.0741      4510.55     317.4694  15.8644   0.0764     0.00    0.406   8.22   0      53.59     1453.321     81.78464
      1598    895.8550    129.9899     2201.262     138.5239  16.6433   0.0683    -3.32    0.156  -1.02   0      47.24     1900.788     83.84926
      1599    697.7452    127.3043     4916.902     312.2612  15.7708   0.0690     7.39    0.171 -76.27   0      23.79     1311.479     81.38951
      1600    574.0532    124.1512     34307.45     830.3179  13.6615   0.0263     8.31    0.409 -71.28   3      69.45     2187.736     84.62346
      1601    568.8137    122.4278     25775.12     630.8732  13.9720   0.0266     5.56    0.039  25.60   3       58.6     3181.095     87.44884
      1602    385.2207    157.9723     6019.309     291.5759  15.5511   0.0526     3.84    0.086  20.19   0      32.14     2035.131     84.41805
      1603    193.5432    122.8761     9645.477     408.9168  15.0392   0.0460     9.27    0.326  86.84   0      33.64     1448.346     82.19339
      1604    811.7239    125.4709     17023.25     555.2279  14.4224   0.0354     7.18    0.617 -30.89   1      44.84     870.2101     80.36368
      1605     53.4404    121.5621     27675.73     430.0416  13.8948   0.0169    10.74    0.127 -79.94   0      102.6     5048.648     91.79814
      1606    519.0764    122.9892     10473.13      422.905  14.9498   0.0439     6.56    0.337 -33.82   0      38.61     2068.405     84.09663
      1607    386.2672    123.7996     5985.159     323.9159  15.5573   0.0588     4.80    0.283  13.54   0      30.62     1814.807     83.82279
      1608    237.1469    123.7630     2090.299     150.3426  16.6995   0.0781     3.21    0.268 -63.19   0      29.86     1358.345     82.36585
      1609    826.4227    118.6516     21904.49     496.3916  14.1487   0.0246     6.04    0.138 -88.58   3      77.37     3793.271     89.02563
      1610    823.8641    110.6745     18345.23     378.7505  14.3412   0.0224     6.47    0.094  15.13   3      77.79     4852.644     91.31159
      1611    837.9824    119.5082     3032.552      300.978  16.2955   0.1078     5.53    0.292 -89.77   0      15.86     866.1882     80.13644
      1612    733.1880    116.7897     4533.041     282.8611  15.8590   0.0678    -0.15    0.384 -89.96   0      25.58     933.7946     80.97229
      1613    781.4278    114.8192     8861.573     506.8847  15.1312   0.0621     7.37    0.268  86.93   0      19.53     742.6205     80.86348
      1614    749.2267    116.0198     5714.273     403.5192  15.6076   0.0767     8.00    0.274 -22.18   0      23.26     1150.381     82.00152
      1615    435.3732    114.8424     14671.63     394.5121  14.5838   0.0292     4.58    0.251 -10.59   0      61.14     3664.762     88.69695
      1616    264.8273    113.9339      26238.2      369.657  13.9527   0.0153     4.35    0.298 -15.74   3      108.4     7020.446     96.55657
      1617    259.3372    108.2765     42035.05     489.8621  13.4410   0.0127     5.42    0.348 -57.16   3      143.1     9068.775     101.2632
      1618    717.6492    113.5378     8079.867     300.4724  15.2315   0.0404     7.68    0.094  23.55   0      38.76     2122.319     84.24221
      1619    502.8342    113.8856     5659.776     359.2001  15.6180   0.0689     3.89    0.118  19.60   0      26.24     1552.134     82.47988
      1620     74.1552    112.1089     22390.12     512.9147  14.1249   0.0249    12.71    0.162 -15.74   0      77.01     4047.527     88.89632
      1621    699.1299    112.9227      9485.91     369.9008  15.0573   0.0423     8.92    0.195 -13.56   2      38.47     2200.516     84.04169
      1622     14.7446    100.4801     15217.73     715.4434  14.5441   0.0511     5.98    0.161 -42.76  19      42.54     1678.931     82.61913
      1623     19.1469    112.3407     15951.09     503.2154  14.4930   0.0343     5.25    0.105  44.35   3      52.08     2674.939     86.12334
      1624     14.8654    107.9751      16205.1     571.8046  14.4759   0.0383    10.79    0.156  75.61  19      49.57     1767.915     83.48833
      1625    668.1171    111.0510     17761.12     360.8251  14.3763   0.0221     4.21    0.116   3.07   0      77.38     4784.071     90.75984
      1626    875.2900    110.4472     5903.016     394.9489  15.5723   0.0727     4.50    0.131  -2.25   0      25.56     1415.577     81.89148
      1627    203.7467    110.7967     3989.924     288.4925  15.9976   0.0785     5.63    0.194 -20.94   3      21.91     1252.544     82.07339
      1628    205.9389    104.6834     8199.127     339.7868  15.2156   0.0450     5.22    0.176 -26.40   2      37.57     2104.051     83.78041
      1629    965.8228    110.8563     2326.699     186.6437  16.5831   0.0871     2.99    0.245  27.28   0      35.97     1551.519     82.68794
      1630    161.7113    108.0325     7142.616     308.3088  15.3654   0.0469     8.64    0.054  40.08   0      34.94     1847.946     83.08276
      1631    349.1551    106.2801        20698     432.3896  14.2102   0.0227     7.33    0.124  10.87   0      84.94     5337.687     92.13573
      1632     30.5122    106.7981     21445.54     636.8361  14.1717   0.0322    10.57    0.153 -21.09   0      53.99     3163.426     87.00563
      1633    288.1773     96.0341     31822.27     439.1848  13.7432   0.0150     7.96    0.162  22.60   3      121.1      8142.13     99.51038
      1634    297.4229    104.7071     32566.43     402.5439  13.7181   0.0134     6.54    0.199   5.19   2      128.6     8269.263     98.92867
      1635    956.0134    103.7918     9573.743     385.9949  15.0473   0.0438     5.62    0.191   0.57   3      40.16     2183.792     84.40789
      1636    948.6976    100.5582     11838.97     250.0892  14.8167   0.0229     0.00    0.371 -23.67   3      90.74     7387.016     96.70168
      1637    609.3989    104.3131     9041.201      478.851  15.1094   0.0575     8.38    0.156  20.57   0      29.34     1740.224     83.20499
      1638    557.2360    104.6430      4582.88     221.0273  15.8472   0.0524     7.05    0.220 -30.26   0      32.18     2324.343     84.98955
      1639    331.8507     97.9376     109054.9      450.413  12.4059   0.0045     4.40    0.141   7.28   0      324.9     28274.35     137.7826
      1640    699.7336    101.4874     3147.902     207.3744  16.2549   0.0715     5.65    0.177  31.02   0      19.22     1073.819     80.93745
      1641    417.5921     92.0927     701123.6     742.1658  10.3855   0.0011     4.35    0.020  -2.07   0      996.9       176850     294.1401
      1642    220.0042     98.5838     21876.53     373.9791  14.1501   0.0186     5.72    0.069  13.92   0      91.87     5589.881     93.12848
      1643    111.1895    100.3043     10041.91     471.1243  14.9955   0.0510     7.83    0.094   8.66   0      35.54     1917.778     83.68857
      1644    816.8665     98.6718     14314.27     591.1735  14.6106   0.0449    12.74    0.522  17.19   2       45.2     2619.297     85.36981
      1645    809.0076     94.0063     16503.16     160.2802  14.4561   0.0105     0.00    0.003  41.59   3      178.2     16257.31     116.2831
      1646    447.7926     98.0076     1852.509     141.0548  16.8306   0.0827     2.64    0.196   0.83   0      34.74     1469.373     82.46185
      1647    310.4857     96.9368     9903.121     473.8073  15.0106   0.0520     5.47    0.154  24.83   0       31.2     1779.147     82.89436
      1648    232.5532     95.2555      20055.3     375.1863  14.2444   0.0203     4.81    0.135  11.44   0      83.81     5020.822     91.91788
      1649    167.3874     93.0542     56129.06     490.2127  13.1270   0.0095     6.54    0.290 -17.92   0      184.6     12991.29     109.8719
      1650    784.0290     95.0135      12215.5     154.0805  14.7827   0.0137     0.00    0.107 -13.71   0      151.3     12144.59     108.2664
      1651    898.5753    101.3793     3587.113     304.2566  16.1131   0.0921     4.88    0.136 -75.32   0      18.84     1037.359     81.68767
      1652     19.8695     90.3026     21907.01     468.5684  14.1485   0.0232    11.78    0.091 -25.87   1      84.17     4648.416     90.22772
      1653    756.1516     89.2906     5483.737     181.1255  15.6523   0.0359     5.20    0.369  60.56   0      74.77     4186.275     89.25034
      1654    632.6206     88.3788     9259.074     426.3346  15.0836   0.0500     9.79    0.278  18.93   0      37.82     2175.399     84.79485
      1655    245.7408     89.6043     1815.298      220.139  16.8526   0.1317     5.23    0.436  70.94   0      12.59      637.087     80.35104
      1656    153.6296     84.0844     150699.3      491.652  12.0547   0.0035     4.43    0.138   4.47   2      402.4     37904.37     152.7307
      1657    588.4716     88.5698     4962.183     324.5345  15.7608   0.0710     4.09    0.287  -8.58   0      22.99     1367.083     82.17944
      1658    197.0829     86.8665     7684.138     329.0776  15.2860   0.0465     9.03    0.138  -2.02   0      35.16     1996.802     83.48897
      1659    784.6805     83.9120     5491.734     291.1644  15.6507   0.0576     8.49    0.422  46.05   2      24.01      1140.83     81.33864
      1660     27.3775     84.4430     7923.832     495.2236  15.2527   0.0679    10.11    0.380 -56.82   3      26.48     1356.096     82.56969
      1661     32.9821     78.6221     13526.08     216.4611  14.6721   0.0174     4.73    0.563 -88.76   3      85.09     6486.889     95.65529
      1662    980.8603     83.2382     9047.596     358.9323  15.1087   0.0431     4.76    0.038  89.93   0      40.29     2282.206     84.67246
      1663    757.0223     76.7671     241315.4     614.2612  11.5435   0.0028     5.53    0.319  10.27   2      523.6     48455.88     168.0082
      1664    736.4708     77.4821     44840.43     452.6184  13.3708   0.0110    14.02    0.263 -30.22   3      152.5     9870.029      102.709
      1665     77.4414     80.2636     25486.17     557.9056  13.9842   0.0238     5.57    0.170 -50.92   0      78.92      3934.55     88.99714
      1666    822.5922     81.9784     6739.631     367.0316  15.4284   0.0591     4.02    0.109  17.40   0      29.07     1686.796     83.05892
      1667    451.0030     80.4322     18859.14     417.1323  14.3112   0.0240     4.23    0.166  -3.15   0      79.35     4990.018      92.0301
      1668    668.0051     80.1120     12699.47     332.5234  14.7405   0.0284    10.61    0.325 -87.77   3      55.78     2096.265     84.17189
      1669    664.0853     73.6149     9533.973     366.4016  15.0518   0.0417     5.06    0.171  19.34   3      39.67     2226.945     84.31882
      1670    285.7193     81.6789     3562.475     203.6182  16.1206   0.0621     0.85    0.127 -72.22   3      30.83     2069.198     83.47856
      1671    283.3474     79.1890     4171.819     222.5586  15.9492   0.0579     0.00    0.125  67.73   3      40.67     2542.279     85.57035
      1672    895.0245     80.9818     14131.85     156.8817  14.6245   0.0121     4.26    0.041 -33.23   0      159.4     13618.64     111.3177
      1673    688.8052     77.7380     21542.37     384.0618  14.1668   0.0194    10.40    0.188 -14.75   0      88.38     5411.868     92.87973
      1674    860.2899     78.2414     6152.703     389.5736  15.5273   0.0688     8.00    0.471  25.14   0      25.08     1152.559     81.15824
      1675   1002.7625    109.7833     29087.93     591.7251  13.8407   0.0221    12.90    0.512 -36.10  18      81.91      4792.48        91.73
      1676    828.2311     75.5289     9238.851     509.6096  15.0860   0.0599     6.91    0.151  30.66   0      25.43      1451.57     82.41277
      1677    831.3715     86.9202     11352.67      424.399  14.8623   0.0406     4.32    0.099   7.00   0      46.12     2760.973     85.94793
      1678    356.8175     71.6340     11652.81     313.0024  14.8339   0.0292     9.63    0.282  26.95   0      55.71     2945.711      87.0342
      1679    911.6481     68.3810     33809.91     445.1038  13.6774   0.0143     4.42    0.143  -2.02   0      125.8     7940.308     99.04836
      1680   1020.3829     68.7442     6653.863     313.5229  15.4423   0.0512     8.44    0.110 -57.14  16       31.6     1672.577     83.22839
      1681    142.7578     73.0567     21706.66     648.3848  14.1585   0.0324     9.92    0.184   9.27   2      53.92     1851.718     83.71615
      1682    128.4511     68.3685     7230.716     400.0657  15.3520   0.0601     4.81    0.294  32.59   0      31.32     1737.618     83.19787
      1683    582.0591     66.8910     16114.86     401.8613  14.4819   0.0271    12.02    0.181  11.04   2      61.58     3392.936     87.20673
      1684     34.3589     67.8537     7682.112     333.0008  15.2863   0.0471     5.03    0.228  12.71   0      35.14     1983.185      84.0723
      1685    622.9628     63.9523      14841.4     462.3271  14.5713   0.0338     9.45    0.311   7.89   2       49.7     2951.014       86.449
      1686    865.7150     65.4861     7364.633     475.3292  15.3321   0.0701     8.72    0.461  27.64   1      23.47     1375.458     81.99161
      1687    856.5668     63.9359      8989.58     503.5135  15.1157   0.0608     5.33    0.499 -64.34   0       26.6     1171.731      81.6374
      1688    294.6176     63.9863     19798.53     380.7606  14.2584   0.0209     5.04    0.113  12.01   0      78.93     4601.415     90.68413
      1689    994.0460     62.7814      6077.62     370.1481  15.5407   0.0661     5.35    0.372 -24.00   2      30.74     1273.919      82.3432
      1690    456.3154     61.1533     17294.99     501.2367  14.4052   0.0315     4.48    0.088   0.69   2       63.8     2535.662     84.94318
      1691     94.8998     61.2702        37730     584.0164  13.5583   0.0168     4.61    0.169   0.92   2      111.9     6772.759     95.06506
      1692    323.0432     63.5512     3821.938     231.7409  16.0443   0.0658     6.94    0.100  20.00   0      22.14     1280.841     82.15171
      1693     94.0330     52.0576     4890.804     350.1605  15.7765   0.0778     4.27    0.060  84.79   3      22.38     1232.116     81.59331
      1694    985.1020     61.4385     4668.282     325.6611  15.8271   0.0758     1.74    0.159 -16.12   0      21.38     1388.307     81.39122
      1695     77.3546     55.7164     105923.3      505.121  12.4375   0.0052     7.54    0.117  -8.58   0      301.8     22818.78     128.1988
      1696    434.8416     59.6823        15182     176.4993  14.5467   0.0126     5.20    0.346  63.58   0      154.2     13051.03     109.5219
      1697    684.2950     57.1163     4276.444     285.7026  15.9223   0.0726     3.98    0.012  19.26   0      22.77     1369.628     81.97544
      1698    652.2838     57.1463     6233.826      440.731  15.5131   0.0768     9.39    0.439   8.68   0      23.99     1064.376     80.91093
      1699    419.1928     53.1897     25738.91     550.1931  13.9735   0.0232    12.42    0.520  36.99   0      76.42      3916.46     88.95094
      1700    356.7117     57.3233     3254.665     315.1981  16.2187   0.1052     3.36    0.208  39.74   0      14.25     810.9615     80.19595
      1701    807.7610     55.3513     7442.475      269.577  15.3207   0.0393     4.18    0.075 -11.73   0      38.89     2266.774     84.63103
      1702    672.3065     54.7076         5687     380.2986  15.6128   0.0726     8.73    0.360  79.79   0      23.18     990.6811     80.91801
      1703    733.1726     54.5146      11636.4     550.6642  14.8355   0.0514     5.28    0.126  -1.47   3         29      1354.14     81.93249
      1704    720.2856     51.6290     75081.03     491.0479  12.8112   0.0071     4.30    0.184 -10.81   0      240.8     18063.66     119.6168
      1705    605.1255     52.5656     24025.11     420.9675  14.0483   0.0190     9.54    0.146 -84.55   2      95.21     5673.665     93.33273
      1706    199.8434     54.8314     17217.38     181.5028  14.4101   0.0114     0.00    0.338  46.40   0      172.7     15369.17     114.8361
      1707    333.7125     54.0442     2487.397     148.0448  16.5106   0.0646     2.18    0.269 -13.87   0      34.82     2116.351     83.81377
      1708    582.0413     48.2840     10834.86     403.1835  14.9129   0.0404     4.73    0.188   2.86   0       47.1     2738.124     85.48317
      1709    375.4989     43.3059     21303.27      441.623  14.1789   0.0225    13.16    0.479 -57.71   2      65.97     2990.981     85.95152
      1710    756.8504     44.2001      15129.2     511.3837  14.5505   0.0367     4.29    0.145  -5.15   2       56.3     2557.735     85.40882
      1711    149.8997     46.7846     5741.617     288.3714  15.6024   0.0545     9.38    0.140  16.26   0      26.63     1245.218     81.41731
      1712    851.8666     42.5237     69681.88     486.7665  12.8922   0.0076     7.54    0.340 -37.62   2      218.8     15269.87     114.0334
      1713    306.5256     44.6151      17207.7     407.8232  14.4107   0.0257     4.52    0.154   6.42   0      71.31     4188.592     89.83657
      1714    252.0083     46.9942     13801.71     156.4027  14.6502   0.0123     0.00    0.003 -41.02   3      162.9     13856.26     111.4915
      1715    256.2769     42.6888     7287.754     357.8162  15.3435   0.0533     5.93    0.204 -53.78   2      31.46     1407.253     81.86838
      1716    192.1135     46.8189      7000.63     168.2239  15.3872   0.0261     5.23    0.373 -59.90   0      102.2     6343.584     94.58445
      1717    817.0359     44.4427     9496.747     469.0182  15.0561   0.0536     4.00    0.265   5.63   2      31.04     1700.132     83.30361
      1718     51.0613     45.4153     2989.597     280.0762  16.3110   0.1017     1.97    0.259  74.60   0      17.08     1141.524     81.55325
      1719    661.4933     44.0334     3566.089     302.8141  16.1195   0.0922     4.67    0.113   1.10   0      19.39     1102.121     80.58813
      1720    317.2011     43.0801     8970.745     316.5688  15.1179   0.0383     7.12    0.199  -3.18   0      43.16     2494.913     85.24149
      1721    477.6707     42.6417     4493.749     339.8574  15.8685   0.0821     6.27    0.246  12.13   0      21.01     1125.352     81.50818
      1722    785.4296     39.2419     35880.77     420.1664  13.6128   0.0127     4.12    0.142  -9.80   3      134.4     8959.839     101.3607
      1723    796.0471     37.6781      53848.1     466.4965  13.1721   0.0094     7.33    0.170  11.88   3      185.4     12988.35       109.55
      1724    202.9420     41.8580     2226.864     141.6567  16.6308   0.0691     2.64    0.194  59.37   0       48.4     2053.142     84.46653
      1725     16.8158     39.3397     6011.099     313.0566  15.5526   0.0566     4.27    0.115  32.44   0      29.75     1701.889     83.10021
      1726    597.8462     37.3578     82918.36     1084.723  12.7034   0.0142    10.66    0.193  11.82  19      213.8     3431.091     87.70203
      1727    601.3350     31.3098     69023.52     1027.189  12.9025   0.0162     9.38    0.278  -3.75  19      123.5     2738.008     85.48286
      1728     10.5269     37.9719     3065.158     245.5376  16.2839   0.0870     3.03    0.524 -60.62   0      21.02     1790.824     83.34309
      1729    940.9774     36.0374     8210.474     148.0552  15.2141   0.0196     0.00    0.076 -61.97   0      115.6      7647.92      98.5511
      1730    810.3228     34.2164     26638.16     233.5544  13.9362   0.0095     0.00    0.264  21.13   0      214.6     23665.87     130.0919
      1731    197.6983     34.7686      20249.8     351.4697  14.2339   0.0188    10.37    0.173  -6.26   0       84.8     5175.899     91.35734
      1732     48.2482     35.6435     5506.299     385.8438  15.6479   0.0761     4.70    0.185  31.32   0      21.09     1220.106     81.98352
      1733    274.4485     33.3266     5228.321     257.8152  15.7041   0.0536     8.29    0.133  70.80   0      27.22     1531.344     82.42257
      1734    729.4925     33.4722     5379.088     351.7107  15.6732   0.0710     5.34    0.008 -14.33   0      26.19     1440.786     81.96141
      1735   1018.8218   1020.9051      3194.33      234.842  16.2390   0.0798     7.65    0.399  12.39  16      16.19     749.3167     79.80429
      1736    950.4371     33.2524     2520.511     218.8964  16.4963   0.0943     4.79    0.230  31.29   0      14.41     801.6559     80.60055
      1737    870.5833   1020.3896     18148.37     438.0235  14.3529   0.0262     8.09    0.354  -6.86  16      67.49     3983.785     89.12278
      1738    832.6472   1022.0444     3198.854     213.6016  16.2375   0.0725     3.50    0.384  -6.15  16      44.47     2179.056     84.60014
      1739    494.4384   1017.1065      5167.51     399.9761  15.7168   0.0841     2.72    0.433   0.50  18      17.73     957.3141      80.1787
      1740    461.5050     26.8712     13591.28     535.5348  14.6668   0.0428     8.88    0.454  16.85   3       47.1     1267.872     81.26765
      1741    470.2269     27.4136     16303.54     479.5842  14.4693   0.0319     9.37    0.063  57.31   2      58.26     2277.752     84.86487
      1742    633.1146     29.5225     32518.66     415.2267  13.7197   0.0139    11.95    0.235 -15.55   0      123.2     7422.281     96.96335
      1743    786.6548     29.4902     5927.439     356.9512  15.5678   0.0654     3.66    0.222  -2.74   0      25.33     1496.187     82.11489
      1744    214.4816     28.3863     8160.082     401.6729  15.2208   0.0535     5.42    0.196   9.10   0      34.24     1928.563     83.51068
      1745    238.7468   1017.1470     28786.87     389.4388  13.8520   0.0147     4.10    0.164   5.24  16      118.3     8156.465     99.54312
      1746     15.2677   1018.6806     21576.32     520.9344  14.1651   0.0262     5.07    0.247   2.28  18      59.89     3376.251     87.16324
      1747    147.8130   1020.8513      8257.19     428.8405  15.2079   0.0564     7.64    0.463   9.40  16      24.78     1164.563      81.8294
      1748    498.2376     26.2602     10373.87      250.489  14.9601   0.0262     0.00    0.414 -17.16   0      91.23     7152.229     96.86626
      1749     77.7085     25.8049     10833.49     384.4899  14.9131   0.0385     4.90    0.195  16.04   0       46.8     2714.254      85.8243
      1750    118.3427     25.5716     8665.779      284.645  15.1555   0.0357     3.53    0.148   2.40   0      43.25     2527.181     85.53024
      1751    175.8230     24.3828     9745.758     383.8464  15.0280   0.0428     4.65    0.206   2.50   2      38.49     1902.575     84.06042
      1752    848.1149   1017.4765     3758.093     344.4315  16.0626   0.0995     4.57    0.588 -61.46  16      15.99      660.265     79.55028
      1753    301.3701     24.9987     4438.731     177.3847  15.8819   0.0434     5.44    0.423   0.07   0      66.13     3565.524     88.44231
      1754    298.0526   1011.9933     78856.82     422.7909  12.7579   0.0058     4.26    0.153  -0.80  16      262.3     22131.06     127.3824
      1755    524.4317   1018.0424     2845.957     286.0801  16.3644   0.1092     3.99    0.253  -2.75  16      15.58     909.7929     81.33198
      1756    751.0164     21.3892     6823.833     315.0237  15.4149   0.0501     4.56    0.134  12.00   0      33.72     1930.257     83.72245
      1757    933.0002     20.0002     57609.52     210.6525  13.0988   0.0040     4.22    0.019  37.97   0      348.7     57197.59     179.2511
      1758    375.0643   1016.8580     5879.151     403.6121  15.5767   0.0746     7.06    0.428  36.24  16      21.24      1245.81     81.84337
      1759    806.9813   1015.8928     7040.154     349.0804  15.3810   0.0538     6.28    0.215  -6.11  16      33.74      2008.54     83.31326
      1760    465.6793    999.4528     31880.21     810.1102  13.7412   0.0276    11.23    0.435  38.38  19      76.77     2204.926     84.05361
      1761    471.6152   1012.5364     95488.86     537.9398  12.5501   0.0061     4.11    0.246   3.78  19      253.7     19345.71     122.1702
      1762    956.0157     18.2715     4285.917     357.1192  15.9199   0.0905     6.01    0.101 -64.17   0      18.43     1006.054     81.38796
      1763    739.9898     18.9867     6317.412     145.1202  15.4987   0.0249     0.00    0.016  34.63   3      96.46     5800.239     93.64044
      1764    476.0197   1007.9582     55793.57     566.3076  13.1335   0.0110     5.20    0.205  18.70   3      134.7     8793.303     100.9867
      1765    696.3306     18.4605     3129.374      316.479  16.2614   0.1098     5.50    0.308  15.30   0      14.75     718.7637     80.36647
      1766    698.7389   1013.5931     28161.34     444.1644  13.8759   0.0171    10.82    0.288   9.83  16      110.3     7508.467     97.87565
      1767    314.4053     18.2660      5625.18     311.3886  15.6247   0.0601     3.99    0.176  -3.32   0       28.3     1699.465     83.09358
      1768    336.2665   1013.7819     14651.09     308.2253  14.5853   0.0228     4.28    0.180  -0.23  16      70.33     4496.825       90.613
      1769    732.9505   1014.9858     5297.691     143.5143  15.6898   0.0294     4.39    0.130  30.39   0      84.46     4585.812     91.02641
      1770    685.2044   1013.8265     4989.028     417.8799  15.7550   0.0910     7.07    0.227  56.15   0      18.74     1047.923      81.5048
      1771    597.5937   1010.9730     48475.76     418.7313  13.2862   0.0094     4.44    0.175   0.73  16      179.9     13330.38     110.5711
      1772    145.8479   1010.6848     8698.276     476.8754  15.1514   0.0595     6.56    0.354 -56.51  18      23.12     853.6491     80.31683
      1773    479.0566     15.4292     4192.738     300.4147  15.9438   0.0778     4.98    0.226   4.96   0      22.46     1304.032     82.00488
      1774    997.9510   1011.4447     8400.744     444.7776  15.1892   0.0575     9.10    0.205  -5.01   0         31     1783.568     83.53093
      1775    820.6562   1012.7097     6529.694     461.0495  15.4628   0.0767     7.27    0.470   5.95  16      20.25     880.9006     80.39391
      1776    541.5470   1011.9318     2952.623     345.1566  16.3245   0.1270     6.22    0.555  59.28   0      14.68     714.2573     80.35373
      1777     20.4076   1011.7928     3361.881     312.5161  16.1835   0.1010     5.17    0.380 -50.61   0       14.1     729.8512     80.39782
      1778    867.3102   1009.6949      14781.1     649.2961  14.5757   0.0477     9.28    0.429  -9.46  16       31.7     1448.253     82.19314
      1779    790.0947   1010.1373      2085.11     141.4291  16.7022   0.0737     2.41    0.153 -87.32   0      36.47     1800.796     82.95369
      1780    267.9345   1009.3872     7387.535     455.8069  15.3288   0.0670     7.30    0.492  49.27   3      20.12     1042.324     81.27634
      1781    264.1170   1003.1587     12011.15     430.8253  14.8010   0.0390     5.46    0.092 -23.64   3      45.33     2502.447     84.85426
      1782    270.7289   1000.3116     27598.35     426.9687  13.8978   0.0168     5.10    0.178  -3.28   3      111.2     7213.396     96.65189
      1783    883.4005   1007.5381     16624.22     468.7786  14.4481   0.0306     4.48    0.215  -7.37   0      66.25     4020.344     89.40991
      1784     84.0633   1007.5112     6339.134     409.1972  15.4949   0.0701     8.94    0.020 -17.59   3      26.25     1366.529     81.75524
      1785     90.7846   1006.1301     8331.036     385.2625  15.1983   0.0502     4.64    0.046   3.78   3      36.86     2065.476     84.29446
