#   1 NUMBER                 Running object number                                     
#   2 X_IMAGE                Object position along x                                    [pixel]
#   3 Y_IMAGE                Object position along y                                    [pixel]
#   4 FLUX_AUTO              Flux within a Kron-like elliptical aperture                [count]
#   5 FLUXERR_AUTO           RMS error for AUTO flux                                    [count]
#   6 MAG_AUTO               Kron-like elliptical aperture magnitude                    [mag]
#   7 MAGERR_AUTO            RMS error for AUTO magnitude                               [mag]
#   8 FWHM_IMAGE             FWHM assuming a gaussian core                              [pixel]
#   9 ELLIPTICITY            1 - B_IMAGE/A_IMAGE                                       
#  10 THETA_IMAGE            Position angle (CCW/x)                                     [deg]
#  11 FLAGS                  Extraction flags                                          
#  12 SNR_WIN                Gaussian-weighted SNR                                     
#  13 FLUX_APER              Flux vector within fixed circular aperture(s)              [count]
#  14 FLUXERR_APER           RMS error vector for aperture flux(es)                     [count]
         1    776.7170     39.8323     86398.44     902.7251  12.6587   0.0113    26.43    0.679  -4.39  18      167.2     7783.469     102.3109
         2    968.5931     33.0422     46209.55     565.8942  13.3382   0.0133    14.18    0.096  18.97   2      146.4     4612.436     95.62563
         3    976.0593     22.6500      28973.2     640.9626  13.8450   0.0240     8.73    0.396   2.33   3      72.98     3421.331     92.32608
         4    987.6058     17.3414     199976.3     814.1165  11.7476   0.0044     7.93    0.306  49.64  18      383.3     23655.47     133.2697
         5    649.3501     30.0019     25703.35     459.8906  13.9750   0.0194     8.39    0.315   6.32   0      79.78     3780.852     93.20689
         6    552.6598     24.7611     22653.18     778.9686  14.1122   0.0373    13.69    0.542   5.85   2      45.25     2093.156     88.99657
         7    874.4307     21.9161     58752.62     607.6574  13.0774   0.0112    14.14    0.376   4.76   2      149.1     7751.503     102.2399
         8    731.6104     23.5561     10558.29     613.8978  14.9410   0.0631    10.64    0.252  26.43   1      27.27     1267.118     87.31358
         9     76.5478     23.8509     19487.53     618.7874  14.2756   0.0345     8.39    0.421   6.65   0      58.14     2727.227     91.03487
        10    619.0207     20.1167     14589.38     646.5875  14.5899   0.0481     7.11    0.427 -35.21   3      33.35     1289.345     86.69283
        11    617.1294     13.2275     4269.761     168.8707  15.9240   0.0430     4.97    0.320  60.49   3      68.35     3600.936     92.76715
        12    839.5182     12.4472     705251.2     836.9675  10.3791   0.0013     7.88    0.311  -4.44  18      955.6     95389.69     224.1632
        13    142.0703     16.3039     28705.55     721.0898  13.8551   0.0273    11.79    0.116 -31.35  18      60.87     2249.405     88.73158
        14    129.6408     16.7752     15577.44     718.3118  14.5188   0.0501    14.15    0.393   6.60  19      34.65     1085.678     86.84003
        15    569.0917     12.4542     336401.5     677.5189  11.1829   0.0022     7.69    0.281  -0.32  16      608.4     48786.51     170.4872
        16    353.9904     14.9670     75393.88     694.3583  12.8067   0.0100     9.28    0.424  -1.67  18        179     9166.005     105.8965
        17    270.4121     15.5763     79550.05     616.9843  12.7484   0.0084     7.91    0.334   3.17  18      199.9     10551.85     108.6491
        18     43.2780     14.8617     60101.75     638.9437  13.0528   0.0115     9.04    0.394   0.11  16      151.6     7480.796     101.4425
        19    731.8259     16.7301     8062.407     552.1461  15.2338   0.0744     9.45    0.563   4.14   3      22.51     993.5041      86.1426
        20    767.9946     12.9473     6835.824     154.2006  15.4130   0.0245     0.00    0.065 -89.59   0      104.3     6524.794     99.87063
        21   1017.9060      9.3503     12486.86     395.3177  14.7589   0.0344    11.72    0.392   3.07  16      39.45     1731.646     87.39536
        22    235.1417      8.3803     9464.048     640.9556  15.0598   0.0735     6.61    0.457   8.36  16      25.05     1257.156     86.83541
        23    948.4702      8.4992     8075.899      550.366  15.2320   0.0740     6.93    0.317  -0.10  16      19.47     813.7203     84.51014
        24    194.0055      8.3481     3582.227      340.307  16.1146   0.1032     2.70    0.625 -30.05  16      13.85     815.5965     85.90141
        25    676.6869      4.0059     7619.957     348.6854  15.2951   0.0497    10.23    0.354  -0.98  16      32.31     1585.184     87.68975
        26    689.8610      3.9005     5331.731     290.0374  15.6828   0.0591     8.79    0.526  -8.87  16      24.32     1139.181     85.84082
        27    612.3842      2.4404     9118.872     279.2286  15.1001   0.0333     7.08    0.594  -3.31  24      41.33     2445.508     90.54649
        28    470.9778      4.0020      2301.74     247.1629  16.5949   0.1166     5.34    0.361  -0.23  16      11.56     670.7438      85.2868
        29    936.9954      2.7146     6907.785     390.8399  15.4017   0.0614     8.45    0.628  -2.01  24      24.51     1348.661     87.30037
        30    177.9691      2.2729     10029.14     295.3662  14.9968   0.0320     9.91    0.666  -2.68  24      42.31     2227.717     89.33954
        31    803.0433      1.9257     3222.597     202.0827  16.2295   0.0681     6.43    0.541  -0.05  24      17.83     1123.423     86.48469
        32    813.3821    997.0611     30215.05     659.5613  13.7994   0.0237     8.84    0.474   0.61   3      78.62     4111.762      94.0103
        33    926.0793   1023.4222     3413.067     272.7467  16.1671   0.0868     5.43    0.707   0.50  24      15.12     862.6537     82.04333
        34    850.8055   1022.0429     16212.99     478.3728  14.4753   0.0320    11.35    0.541  -0.83  24      49.22     2399.667      90.2134
        35    367.1674   1023.0035     4893.662     323.4087  15.7759   0.0718     6.43    0.551  -3.14  24      19.24     1072.494     86.80551
        36    796.8532    999.1727     79470.63     1157.306  12.7495   0.0158    11.84    0.185  32.95  19        144     1433.567     87.29591
        37    592.1664    998.4272     2338.713     210.6488  16.5776   0.0978     4.78    0.609  33.53   0      23.48     1662.852     88.33765
        38    613.2227    996.0312     6038.839     347.6533  15.5476   0.0625     9.48    0.440  13.72   0      21.39     1050.323     86.74744
        39    519.3016    996.9294     5083.198     339.8629  15.7347   0.0726     8.69    0.118  -5.71   0      19.71     857.0513     84.62659
        40    960.2733    993.2104     32602.72     485.0836  13.7169   0.0162     7.70    0.419   1.72   2      96.87     5034.472     96.41952
        41    181.0383    995.5306     8750.377     503.0003  15.1449   0.0624     4.49    0.460  -5.35   2      25.94     1022.685     86.21955
        42    667.4467    992.3789     26294.43     437.1469  13.9503   0.0181     8.07    0.421   2.95   0       85.6     4487.315      95.3278
        43    739.3430    990.0673     15010.65     443.6169  14.5590   0.0321    12.29    0.555  -1.76   0      48.52     2618.704      90.3287
        44    321.3171    988.8236     8657.979     416.2184  15.1565   0.0522    10.15    0.308  -0.10   0      28.71     1502.215     87.47445
        45    300.2260    989.7259     23142.66     616.1475  14.0890   0.0289     8.67    0.458   2.34   2      62.36     2601.703     90.28592
        46   1000.7312    988.3760     20375.28     245.8575  14.2272   0.0131     0.00    0.279 -39.20   0      174.5     16862.97     120.9708
        47    252.0110    985.5356     162246.2     988.1121  11.9746   0.0066    15.54    0.379  40.15   3      254.9     11990.74     111.4419
        48     64.3407    990.6591     5380.463     451.9185  15.6730   0.0912     6.75    0.398  19.66   2      18.17     748.9256     85.95417
        49    774.8177    989.4030     15170.58     215.1008  14.5475   0.0154     5.96    0.366 -49.04   0        120     11991.21     111.4428
        50    374.8946    988.9785     9985.908     516.1075  15.0015   0.0561     4.59    0.264  23.66   0      22.99     1134.258     85.82778
        51     36.7246    989.5732     10281.62     588.4139  14.9698   0.0622     8.69    0.539   6.56   0       22.7     1127.239     86.49471
        52    349.3711    986.9463     5558.419     306.7049  15.6376   0.0599     5.41    0.400  -2.53   0       27.8     2314.343     89.55964
        53    164.6389    985.6850     4767.815     323.3203  15.8042   0.0736     1.67    0.289 -64.36   0      23.58     1917.029     88.09986
        54    934.0552    985.9930     2431.675     217.6422  16.5352   0.0972     3.80    0.558  -0.00   0      24.85     1705.547     88.22458
        55    599.2734    983.3873     10761.37     407.8226  14.9203   0.0412    11.09    0.481  -5.27   0      36.39     1830.482     88.54583
        56    221.7171    980.0275     69017.46     1494.747  12.9026   0.0235     6.61    0.650 -15.29  19      75.64     1144.337     86.31184
        57    233.5094    967.6521     160420.6     647.6091  11.9868   0.0044     7.82    0.346  -0.47   3      355.5     22847.98     131.4369
        58     11.8029    981.1413     6134.639     471.4773  15.5305   0.0835     6.75    0.531 -46.71  16      15.25     646.9765     85.45412
        59    778.7847    973.7207     247743.7     637.1317  11.5150   0.0028     7.71    0.335   0.92   0      498.5     38005.75     155.5793
        60    541.1724    979.1586     18966.96     205.1538  14.3050   0.0117     0.00    0.146  22.21   0        176     16591.08     120.7853
        61    363.0044    975.6636     23193.34     890.5466  14.0866   0.0417    16.57    0.564  17.07   2      39.34     1150.086     86.78188
        62    626.9257    974.4511     82317.56     649.8342  12.7113   0.0086     0.00    0.381 -24.91   0        208      9625.73     106.3246
        63    900.4825    972.2976     53047.64     642.5863  13.1883   0.0132     8.92    0.146  45.15   0      129.6     5475.028     96.84451
        64    870.6711    975.8679     3846.651     391.5777  16.0373   0.1106     3.35    0.266  14.66   0      16.12     666.4055     85.04407
        65     54.2279    975.2557     6668.054     410.3607  15.4400   0.0668     7.82    0.542  -3.60   0      25.62     1337.474     87.04537
        66    565.9279    973.6121      9780.05     482.5004  15.0241   0.0536    10.46    0.489   1.70   0      34.66     1782.078      88.4215
        67     22.9383    974.0681     7718.598     158.6297  15.2812   0.0223    -4.75    0.152 -54.20   0      106.9     6953.958     100.6471
        68    436.6445    970.7281      67706.7      519.581  12.9234   0.0083    10.79    0.380  -0.92   2      187.4     10834.22     109.0578
        69    443.9445    963.4407     12969.88     476.8295  14.7177   0.0399    10.07    0.345   4.71   3      39.26     1813.738     88.50285
        70    971.0018    972.3501     20909.43     187.3406  14.1991   0.0097     0.95    0.171 -89.59   0      169.5     20747.83     128.0616
        71    988.6862    969.3887     9140.484     467.6917  15.0976   0.0556     8.49    0.523   1.96   0      31.17     1530.421     87.32255
        72    380.2550    970.3667      17796.4     210.9714  14.3742   0.0129     2.50    0.454 -26.61   0      131.9     14826.98      116.915
        73    597.0308    967.4805     13086.18      605.151  14.7080   0.0502    11.66    0.452  -4.67   0      35.52     1683.857     87.94512
        74     30.9155    969.0791      8358.63      418.414  15.1947   0.0544     7.41    0.489   3.57   0      30.87     1681.697     87.26537
        75    581.2769    966.6439     3744.013     348.9818  16.0667   0.1012     7.41    0.480  38.76   0      16.76     682.2544     85.31747
        76    401.7307    967.6934      2931.71     189.1656  16.3322   0.0701     4.67    0.089   9.26   3      37.34     2131.009     88.65015
        77    400.5039    964.2213     16575.01     526.5326  14.4514   0.0345     9.44    0.510   3.08   2      49.73     2552.402      89.5043
        78    371.9849    966.2527     11989.27     545.7026  14.8030   0.0494    10.95    0.405   1.17   0      34.45     1535.653     87.78583
        79    133.0742    967.9553     3270.351     148.8528  16.2135   0.0494     0.00    0.127 -27.81   0      64.73     3121.642     91.58539
        80    184.4865    963.7514      10094.1     358.6251  14.9898   0.0386    10.79    0.318  -5.67   0      36.24      1854.88     87.93939
        81     60.7040    961.8259      63578.4     520.6158  12.9917   0.0089    10.21    0.394   1.39   0      178.3     9620.158     105.7557
        82    931.0455    961.6211     17302.09     480.9409  14.4048   0.0302     7.88    0.419  -0.35   0      54.35     2711.389     90.99532
        83    572.0225    963.9246     4592.009     150.8572  15.8450   0.0357     0.00    0.118 -60.14   0      77.16     4187.829     94.40279
        84    263.1107    960.1741     37765.48     218.3573  13.5573   0.0063     5.29    0.361  57.66   0      270.4     35492.15     151.7333
        85    153.9956    961.2189     8764.896     364.5948  15.1431   0.0452    11.18    0.474   4.77   0      33.91     1542.451     87.57893
        86    676.5970    957.2059     68771.23     725.5139  12.9065   0.0115     9.76    0.527  10.25   2      139.1     6443.958     99.48882
        87    821.4922    960.4748     7440.853     491.5146  15.3209   0.0717     8.19    0.344  14.58   2      22.45     930.8625       85.518
        88    697.3483    956.6422     11281.22     515.7242  14.8691   0.0496     8.08    0.448   5.24   2      36.71      1850.51     88.59722
        89    624.1732    959.0454     6041.332     494.8613  15.5472   0.0890     8.96    0.334  63.39   1      19.55     732.4788     85.91068
        90    513.3076    955.4409     23436.29     601.7088  14.0753   0.0279    14.36    0.284   9.26   2      65.75     3333.546      91.4663
        91    128.0744    959.3061      13356.4     364.7572  14.6858   0.0297     7.51    0.468   2.96   0      48.83     2597.787     89.83887
        92    900.9038    955.3976     85962.57     577.3943  12.6642   0.0073     3.10    0.489   8.36   0        224     14557.89     116.5598
        93    544.1223    955.9225     94148.22     559.0144  12.5655   0.0064     7.79    0.362   7.13   0      236.2      13497.7     113.9568
        94     77.9576    956.7147     13930.33     519.7389  14.6401   0.0405    12.45    0.429  -1.53   0      35.59     1581.065     87.22887
        95    808.4465    956.0325     32692.74     644.5748  13.7139   0.0214    16.09    0.179 -11.68   2      80.74     3800.476     93.46559
        96    801.4958    950.4807     11479.45     449.5342  14.8502   0.0425     8.36    0.478   7.11   3      34.02     1689.732     87.51154
        97    574.0311    957.9486     4516.111     150.7428  15.8631   0.0362     0.00    0.096 -62.13   0      80.29     4314.917     94.50016
        98    289.1022    957.0043     3320.025     276.2555  16.1971   0.0904     5.37    0.543 -42.38   0       19.1      1381.82     87.16109
        99    478.9021    955.4297     3533.499     396.3937  16.1295   0.1218     6.69    0.533 -38.11   0      14.42     706.8679     84.45571
       100    282.7392    956.0969      30994.6     204.0816  13.7718   0.0072     5.06    0.288 -21.95   0      231.9     27038.82      138.494
       101    244.6328    955.5992     15118.43     632.1502  14.5512   0.0454     8.52    0.468   0.50   0      36.98      1842.72     88.79921
       102    202.8571    956.8292     9405.953     161.0291  15.0665   0.0186     0.00    0.177  48.84   0      116.7     9100.229     105.3823
       103    442.9888    954.9532     5183.337     399.8081  15.7135   0.0838     7.92    0.612  -2.97   0      19.65     903.5678      86.3621
       104    141.3729    953.4440      52458.1     257.2356  13.2005   0.0053     3.86    0.549 -56.31   0      280.2     43091.98     163.2022
       105    998.5321    951.4722     6750.452      438.243  15.4267   0.0705     8.91    0.383   7.43   0      24.17     1200.813     86.46043
       106    754.7250    958.3588     12018.08     409.7253  14.8004   0.0370     8.46    0.225   6.33   0      37.33     1665.156     87.89677
       107    766.3607    947.4333     7238.365      469.919  15.3509   0.0705     9.30    0.464   0.15   0         28     1299.698     87.17281
       108     47.8857    946.5701     8547.039     363.1061  15.1705   0.0461    10.32    0.360  -5.50   0      33.34     1529.833     87.32102
       109    334.1032    946.3403     11195.18     572.6641  14.8774   0.0556     7.48    0.376   3.27   0      30.94     1413.751     86.79184
       110    826.0057    945.7700     10057.44      161.946  14.9938   0.0175     0.87    0.140  88.92   0      118.4     10102.58     107.8878
       111    577.3724    945.0672     5605.409     352.9915  15.6285   0.0684     8.29    0.468  -2.84   0      22.38     1152.781     86.56181
       112    187.5648    935.9464        21158     769.6311  14.1863   0.0395     9.41    0.524  16.49   3      47.93     1373.379     87.13907
       113    212.9617    945.0784     10062.68      395.169  14.9932   0.0426    11.39    0.504   7.42   3      32.45     1654.747     87.86986
       114    203.4626    940.2258     32241.99     734.3675  13.7289   0.0247     4.96    0.539   1.15   3      60.55     2338.458      89.8402
       115     99.4512    945.1583     4839.046     298.0257  15.7881   0.0669     0.00    0.225  18.38   0      25.04     1882.033     88.67805
       116    368.8756    944.5308     4406.047      368.605  15.8899   0.0909     7.03    0.367   5.46   0      17.12     908.7874     85.68936
       117    613.0021    943.0058     38298.05      195.138  13.5421   0.0055     0.00    0.012 -84.57   0      279.7     37694.42     155.2507
       118   1019.5828    942.4908     4454.616     285.9272  15.8780   0.0697     8.13    0.190  19.71  16      18.56     803.5123     85.17888
       119    662.8894    939.6531        16082     746.0282  14.4841   0.0504    12.44    0.340  11.95   2      33.57     1428.978      86.8317
       120    656.1793    934.9377     10453.71      565.449  14.9518   0.0587     9.52    0.547  -5.41   3      30.09     1087.692     86.39074
       121    493.2407    936.2525     49741.36      552.366  13.2582   0.0121    15.54    0.419  -3.56   0      133.1     6813.795     100.5261
       122    621.0303    938.9280     10632.44     537.8663  14.9334   0.0549    10.09    0.435   4.81   0      30.91     1297.345     86.94054
       123    327.4419    936.8311     19065.53     740.3182  14.2994   0.0422    10.35    0.526   0.25   2      32.12     1212.836     87.17218
       124    636.9500    935.8531     12774.48     635.9673  14.7341   0.0541    11.32    0.289 -36.00   0      32.47     1645.726     88.29359
       125    412.2992    934.7726     145308.1      739.851  12.0943   0.0055    17.29    0.567   0.09   2      252.1     11350.61     109.4113
       126    547.6956    936.4346     4620.468      371.397  15.8383   0.0873     2.41    0.280  21.06   0      18.87     1290.622     86.01227
       127    570.2944    933.8274     5431.012     359.7851  15.6628   0.0719     8.90    0.486  -3.54   0      20.89     940.7823     85.08286
       128    156.9931    933.0225     9891.848     358.4969  15.0118   0.0394     7.97    0.385  -2.30   0      36.28      1774.17     88.40118
       129    989.1777    933.9561      4590.34     160.3437  15.8454   0.0379     4.57    0.191 -14.16   0      72.97     3937.283     94.00731
       130    755.3647    929.7930     12580.52     564.5624  14.7508   0.0487    13.25    0.311 -16.48   0       35.8     1499.804     87.91717
       131    920.3217    930.4847     5313.277     424.9426  15.6866   0.0869     7.13    0.387   3.80   0      18.98     907.4419     85.22505
       132    295.1521    931.0843     1949.521     150.1369  16.7752   0.0836     0.00    0.208  29.01   0      40.32     1730.994     87.61864
       133    340.6546    928.2007     13326.43     656.7205  14.6882   0.0535    10.03    0.447   6.67   0      26.39     1035.629     86.25367
       134    120.9997    925.9997     27324.35     250.2404  13.9086   0.0099     4.59    0.172  89.54   2      233.6     26889.29     138.5329
       135    858.2943    925.7119     12408.34     576.5699  14.7657   0.0505    10.09    0.528  -1.82   3      35.54     1739.414     87.86481
       136    857.1862    920.8381     24708.12     857.7221  14.0179   0.0377    14.32    0.277  -2.71   3      43.13     1687.966     88.62466
       137    428.2220    923.3785     37869.49     982.9006  13.5543   0.0282    17.84    0.541  17.02   0      66.13      2310.88     89.98944
       138    673.4260    924.4437     9336.321      352.605  15.0746   0.0410     8.24    0.473   0.91   0       31.5     1600.052     88.17593
       139    924.4348    921.5274     21042.85     643.5204  14.1922   0.0332    11.16    0.361   0.85   0      55.86     2666.005     90.44763
       140    167.0836    919.7788      7756.31      383.713  15.2759   0.0537    11.60    0.390  20.11   0      27.22     1185.354     86.41978
       141    705.0359    919.0305     13235.44     459.0792  14.6957   0.0377     9.04    0.461   0.88   0      41.57     2165.758     89.62218
       142    732.5964    914.0772     150229.2     573.6982  12.0581   0.0041     7.79    0.387  -0.13   2        351     23651.13     133.1145
       143    715.8004    913.2186     13112.09     614.0415  14.7058   0.0509     9.26    0.410   4.48   3      31.92      1497.78     87.46293
       144    814.9922    915.8206      13235.2     543.5115  14.6957   0.0446     7.95    0.435  -0.74   0      43.71     2096.971     89.00631
       145    358.7920    913.7621     18688.49     426.3031  14.3211   0.0248     9.71    0.671  39.68   3      72.94     7352.683     101.9305
       146    349.2825    912.7955     44990.26     780.4299  13.3672   0.0188    17.24    0.572   8.11   3      108.3     5690.181     97.95291
       147    586.0672    917.0344     5020.207     151.5009  15.7482   0.0328     0.00    0.088  26.74   0      86.58      4867.42     95.81972
       148    407.4751    915.0603     18086.94     689.7617  14.3566   0.0414     9.20    0.482  22.68   3      34.78     893.6901     85.64931
       149    887.3049    915.1086     5320.475     403.5614  15.6851   0.0824     7.57    0.483   4.85   0      20.16      1014.66     85.96971
       150    795.7112    915.1829     7069.113     493.3419  15.3766   0.0758     8.52    0.569   3.65   0      19.84     875.6924     85.37125
       151    868.5171    913.0209     16954.92     637.4595  14.4268   0.0408     7.96    0.404   4.28   0      44.22     2182.968     89.00471
       152    446.3275    911.4855     86047.79     561.8766  12.6632   0.0071    15.20    0.394   0.25   2        224     12199.48     111.5143
       153     73.4281    912.7050     11783.31     541.9968  14.8218   0.0500     4.68    0.212  18.95   2      47.46     1026.711     85.31208
       154    762.2079    906.1371     498472.5     856.4467  10.7559   0.0019    10.46    0.444 -10.73   0      735.5     64094.77     190.1113
       155    535.4590    904.1097     131321.6     835.1815  12.2042   0.0069    11.65    0.131  46.77   0      255.9     8797.423     104.3506
       156    225.2517    908.8319     81436.31     508.4167  12.7230   0.0068     7.29    0.393   3.24   0      223.7     13472.48     114.4238
       157    930.5828    907.4048     40142.44     499.5605  13.4910   0.0135    14.59    0.467   2.74   0      116.7     5972.765     98.40654
       158    572.8160    906.6358      23212.3     514.2999  14.0857   0.0241    11.94    0.350  -4.40   0      71.53     3655.378     93.53399
       159    382.0576    908.1867     16248.59     729.4011  14.4730   0.0488    10.95    0.569  -2.40   3      27.64     1324.541     87.23756
       160    390.2158    906.4391     20946.49     722.7375  14.1972   0.0375    11.42    0.457   1.57   3      31.12     1462.114     88.04356
       161    500.9204    909.6218     26656.71     545.4981  13.9355   0.0222     7.37    0.258   8.08   2      76.76     2909.472     91.05736
       162    584.0013    907.9961     56147.47     214.9237  13.1267   0.0042  -108.71    0.006  85.31   0      343.8      55873.9      179.906
       163    275.6010    906.5940     10598.54     569.8421  14.9369   0.0584     7.38    0.393   5.40   0      29.29     1435.884     87.30194
       164    613.2040    905.0239     13622.18     602.9083  14.6644   0.0481     8.41    0.398   4.52   0      38.56     1922.384     88.78141
       165    144.5419    905.5638     16727.25      527.532  14.4414   0.0342     8.33    0.510   0.84   0      51.57     2551.651     90.15984
       166    638.1282    902.2701     87543.72     806.2681  12.6444   0.0100     7.95    0.379   2.46   0      175.9     9868.431     106.8421
       167   1000.7832    900.6099     76350.58     706.6129  12.7930   0.0101    17.78    0.363   3.89  16      177.4     7783.492     102.5032
       168    206.0315    903.2827     6927.426     533.5383  15.3986   0.0836     8.53    0.327  19.64   2      19.64     844.7592     85.51937
       169     20.6244    902.8950      11968.2     664.4485  14.8049   0.0603     9.09    0.558  31.19   0      21.45     755.7638      84.8196
       170    241.8761    900.5840     14895.42     571.5533  14.5674   0.0417     9.50    0.495   0.55   0      45.07     2319.191     89.79145
       171    416.9550    900.0558     16812.02      168.263  14.4360   0.0109     4.36    0.079 -51.06   0        173     16324.84     120.1196
       172    853.7775    893.5307     79812.87     950.5054  12.7448   0.0129    14.46    0.578  10.28   3        127     6971.651     100.6871
       173    859.2366    884.8962     268765.1     716.1978  11.4266   0.0029     7.77    0.345  21.57   3      500.9     36888.42     153.5543
       174    599.8242    898.9127     3861.924     344.8028  16.0330   0.0970     2.57    0.200   0.96   0      15.47     1000.106     85.70183
       175    352.5493    896.9112     23765.93     217.3071  14.0601   0.0099     2.52    0.464 -63.54   0      150.9     21381.41      128.876
       176    278.4820    894.8241      10124.7     558.3087  14.9865   0.0599    10.27    0.496  -2.08   2      34.36      1372.45     87.13665
       177    256.5571    894.2994     10756.26      549.684  14.9208   0.0555    10.99    0.519  -1.42   0      35.12      1703.95     87.09756
       178    301.8824    893.6899     5131.318     320.5193  15.7244   0.0678     9.70    0.424   5.70   0      19.31     873.7976     85.59651
       179     83.7243    890.4266        14996     393.0187  14.5601   0.0285     7.27    0.375   3.82   0      50.95     2630.689     90.35885
       180    831.8397    889.8943     17233.87      831.825  14.4090   0.0524     4.01    0.437 -46.91   2      40.11     1707.119     87.10584
       181   1014.4951    890.9037     5629.382     395.1101  15.6238   0.0762     6.06    0.481  -4.72  16      18.53     1039.356     86.03497
       182    941.4561    889.2665     4779.877     403.2569  15.8015   0.0916     6.24    0.274   2.86   0      19.29     1015.046     85.97073
       183    636.6712    889.5040     10347.87     553.9751  14.9629   0.0581     4.33    0.295 -28.86   2      21.72     842.2567     84.81927
       184    177.7929    894.1263     21291.58     418.3814  14.1795   0.0213     7.57    0.452   1.59   0      76.75     4326.773     94.32018
       185    803.4973    881.4371     21112.65     736.9503  14.1886   0.0379     8.71    0.314   9.56   2      45.57      1991.53     87.84477
       186    439.5835    884.8843     43718.13     663.4565  13.3983   0.0165     4.01    0.418   5.81   0      116.4     7040.195     100.6463
       187    413.7751    886.9450     8853.233     560.4316  15.1322   0.0687     8.62    0.483   0.52   0      22.21     1145.771      86.5434
       188     30.0101    888.0188     3776.442     149.6235  16.0573   0.0430     4.20    0.003  87.18   2      70.94     3783.196      93.2126
       189    142.4372    883.7342     7322.824     436.2895  15.3383   0.0647     7.88    0.509   1.40   0      27.69     1384.235     87.16738
       190     74.8945    882.1916     23542.34     472.5603  14.0704   0.0218    13.09    0.480   3.07   0      74.07     3711.945     93.03871
       191    779.0062    883.2151     12503.07     628.0826  14.7575   0.0546     9.98    0.606  -3.34   0      24.58     901.4418     85.89937
       192    183.9717    883.9613     5660.354     152.4582  15.6179   0.0293     4.40    0.120  45.11   0      95.17     5710.799     98.20142
       193    394.9459    881.6589     4927.294     384.6016  15.7685   0.0848     2.64    0.229   9.73   0      18.97     1234.175      87.2278
       194    896.0455    881.0292      7375.76     154.9943  15.3305   0.0228     0.00    0.086  29.69   0      108.3     7024.854     101.1969
       195    162.0006    880.7677     24071.43      180.545  14.0462   0.0081     0.88    0.143 -89.56   0      194.6     24022.02     134.0403
       196   1017.7889    878.0441     12343.82     503.6451  14.7714   0.0443    10.72    0.550  12.46  19      34.87     1528.396     87.99105
       197   1015.5909    871.6185      18671.9     600.7264  14.3220   0.0349     8.83    0.382  -8.83  19      47.47     2293.372      89.5064
       198    823.4062    878.9109     10502.89     592.6661  14.9467   0.0613    10.15    0.541  10.49   0       26.8     1268.955     86.86629
       199    299.3621    878.1921     19048.05     209.9847  14.3004   0.0120     5.82    0.437  31.42   0      173.8     16322.02      120.278
       200    665.8567    877.5174     9674.918     496.5273  15.0359   0.0557    10.73    0.492   3.90   0       31.6     1538.489     87.11787
       201    320.9912    877.5144     13219.01     361.9623  14.6970   0.0297    11.06    0.550  -0.84   2      36.21     1759.543      88.1405
       202    926.5454    875.4890     36456.86     678.5997  13.5956   0.0202     7.95    0.431   1.89   2      94.52     3603.492     92.34803
       203    542.2913    876.8568     10258.16     581.6749  14.9723   0.0616     9.75    0.500   2.59   0      25.24     1188.344     86.19957
       204    388.0022    877.9958     57837.76     216.7038  13.0945   0.0041     0.00    0.007  84.87   0      348.1     57386.54     181.8069
       205    117.4889    877.4731     7835.317     476.4464  15.2649   0.0660     7.98    0.492   9.29   2      25.17     1059.438     85.85902
       206    103.8696    877.6819     5525.399     435.3521  15.6441   0.0856     7.65    0.613  14.45   0      18.25     792.9833     85.15079
       207    685.4995    875.9978     10158.02     453.2302  14.9830   0.0485     8.26    0.406   0.76   2      33.52     1541.714     87.57701
       208    972.5831    874.5768     16759.08     805.8483  14.4394   0.0522    12.06    0.416  22.46   2      33.34     1206.861      87.1566
       209    868.0112    874.9282     5422.717     388.7113  15.6645   0.0778     6.47    0.471  42.56   1      20.25     1367.279     87.12316
       210    465.5114    874.2553     32564.89     703.6677  13.7181   0.0235     7.72    0.370  -2.60   3      49.57     1626.122     87.34618
       211    474.4784    868.1400     29868.13     883.3788  13.8120   0.0321    14.96    0.433  15.85   2      49.52      1624.52     87.34201
       212    857.7213    869.6998     17721.62     737.9073  14.3787   0.0452    11.64    0.526   7.68   1      35.65     1516.465     86.83398
       213    600.4891    859.0371      1162578     1003.896   9.8364   0.0009     7.93    0.435 -11.26   0       1279     168392.8     288.8467
       214    552.3364    869.7523     5939.142      290.513  15.5657   0.0531     5.69    0.459 -36.60   0      41.92     3032.656      91.3643
       215    770.4179    868.2651     11850.56     642.5677  14.8157   0.0589    10.50    0.567   2.01   0      26.26     1170.508     86.60833
       216    311.0569    864.1296     73318.14     533.2231  12.8370   0.0079     9.87    0.375   6.91   0      196.3     11115.67      109.463
       217    951.7976    866.2018     16936.96     583.4357  14.4279   0.0374     9.50    0.444   4.93   0      49.63     2518.521     90.07629
       218    724.5120    864.6934     17574.99     550.7116  14.3878   0.0340     7.93    0.471  -2.17   0      53.22     2661.405     90.21813
       219    869.0153    864.2144     5977.686     460.8431  15.5587   0.0837     7.89    0.442  12.62   0      19.99     965.8704     86.06966
       220    757.7159    864.9478     16716.18      202.645  14.4422   0.0132     5.64    0.387   7.97   0      167.4     15175.43     117.4229
       221    691.6936    861.1423     66638.29     604.1171  12.9407   0.0098    15.04    0.370  -5.32   0      178.7     9571.816     105.8379
       222    837.0587    862.0215      23181.7     642.7458  14.0871   0.0301    10.03    0.421  -3.85   0      60.49     3019.908     91.33258
       223    644.5624    859.1486     41694.67     771.2177  13.4498   0.0201    11.99    0.119 -65.17   0      97.47     3950.843     93.62047
       224    705.5751    872.4583     3528.273      283.459  16.1311   0.0872     6.21    0.523  48.11   0      23.96     1769.789     88.16691
       225    666.6801    859.6769     27218.54     586.5887  13.9128   0.0234    13.46    0.466   7.05   0      82.14     3809.244     92.64076
       226    925.0133    860.9864     14054.23     164.4959  14.6305   0.0127     4.27    0.045 -44.86   0        164     14144.29     115.7505
       227    137.4923    856.2050     25328.25     693.5642  13.9910   0.0297     0.00    0.412 -11.84   0      60.54     2328.775     89.59625
       228    914.9731    858.2538     20429.48     526.3268  14.2244   0.0280    13.16    0.486   6.50   2      58.48     2898.712     91.03049
       229    156.4866    858.5212     12072.65     525.5229  14.7955   0.0473    11.78    0.398  -6.99   0      37.57     1682.746     87.49339
       230    809.2557    858.0289     3965.084     290.6627  16.0044   0.0796     3.75    0.492  -1.83   0      29.94     2123.181     89.07321
       231    772.4451    855.8648     27235.58     692.7696  13.9122   0.0276     8.04    0.410   5.57   2      61.44     2939.061     91.13117
       232    989.7342    855.1047     13884.11     393.6275  14.6437   0.0308     7.70    0.433   0.49   0      47.36     2349.143     89.20763
       233    793.3707    855.9125     3142.235     170.2619  16.2569   0.0588     4.53    0.268  29.51   3      38.77     2622.052     89.90023
       234    790.1898    849.2966      35291.2     1055.717  13.6308   0.0325    19.11    0.241 -62.01   2      53.55     1328.329     87.02149
       235     40.4586    852.5369     16654.49     576.5365  14.4462   0.0376    12.65    0.400  15.50   0      48.52     2479.864     89.97869
       236    629.9508    853.8267     11504.23     624.5771  14.8479   0.0590     8.64    0.483   5.01   1      20.14     924.3328     86.41673
       237    860.0048    849.6831     15382.35     506.9597  14.5324   0.0358    12.33    0.365   7.84   0      48.12     2452.279     90.12769
       238    683.5256    852.0229     10767.47     579.3309  14.9197   0.0584     9.64    0.518   1.45   0      26.02     1214.502     86.95041
       239    374.6882    851.8151     6440.975     319.9118  15.4776   0.0539     9.76    0.390  14.63   0      24.84     1233.371     86.54597
       240    450.4715    850.8010     3202.909     365.1769  16.2361   0.1238     5.06    0.243  -0.42   0      13.83     799.0402       85.628
       241    341.5462    846.0036       104711     529.0504  12.4500   0.0055     7.70    0.369   2.93   0        271     17124.22     121.6226
       242    125.9902    851.0067     30198.51     185.4649  13.8000   0.0067     0.00    0.022 -27.35   0      245.2     29567.27     142.8587
       243    903.3613    847.6722     15080.02     420.8814  14.5540   0.0303    12.76    0.424  -4.75   0      48.78     2363.227      89.6836
       244    944.7617    847.7745     7131.344     483.2922  15.3671   0.0736     8.88    0.388 -12.86   0      22.94     1173.138     87.29443
       245     85.6865    847.4222     7114.136     589.6983  15.3697   0.0900     9.85    0.018  74.32   3       19.2      876.847     85.37433
       246     85.0214    842.7299     4789.227      302.902  15.7993   0.0687     0.00    0.215  49.75   3      20.61     1429.454     87.51045
       247     88.5030    840.9948     10459.92     523.8864  14.9512   0.0544     5.73    0.077  69.73   3       25.2     1180.912     86.63564
       248    878.8406    843.6415     10488.12     440.1771  14.9483   0.0456    11.96    0.320   0.44   0      33.68      1587.82     87.69659
       249    554.0183    844.0033      27179.2     181.7273  13.9144   0.0073     4.22    0.018  -1.97   0      231.2     26860.32     138.4854
       250   1016.5178    841.1195     6890.553     442.7843  15.4044   0.0698     9.15    0.399  -2.76  16      23.21     1006.426     85.48861
       251    628.1366    838.4620     8643.001     476.8315  15.1583   0.0599    10.44    0.414 -15.14   0      30.91     1728.185     87.83575
       252    327.6172    838.3209     11892.26     443.1284  14.8118   0.0405    11.95    0.431   8.53   1      39.46     2048.162     89.10281
       253     39.2594    827.0649      1009950     940.3683   9.9893   0.0010     7.92    0.340  -2.92   0       1169     146960.1     271.6045
       254    243.1966    837.5971     7321.919      448.526  15.3384   0.0665     9.79    0.453  -7.74   0      25.86     1286.808     86.91299
       255    297.9132    833.4661     22395.59     440.7344  14.1246   0.0214    13.13    0.383  -4.43   0      69.92     3559.979     92.24089
       256    191.9443    832.2141     41659.69     618.9774  13.4507   0.0161     8.12    0.287  -2.55   2      112.8     6034.564     98.74873
       257    179.4815    833.4525     7501.214     485.4978  15.3122   0.0703     8.88    0.562   2.19   3      23.12     1060.942     85.86301
       258     91.0351    829.7726     47401.79     656.5223  13.3105   0.0150     9.42    0.416   4.73   0      123.3     6613.724     100.2693
       259    479.9242    832.1120     4027.305      271.451  15.9875   0.0732     4.54    0.504  -7.65   0      19.52     1248.198     86.35723
       260    436.4361    831.4158     4695.818     385.7428  15.8207   0.0892     8.06    0.602   8.03   0      17.25      924.814     86.64549
       261    396.9337    831.8207     5446.321     437.5662  15.6597   0.0873     7.07    0.406   2.30   0      18.51     872.8753     86.05283
       262    160.7876    832.1550     4833.496     383.2642  15.7893   0.0861     7.78    0.667  -4.36   0      17.97     966.7762     86.52828
       263    960.0192    827.5550     14744.11     635.8973  14.5785   0.0468     7.90    0.493   3.39   2      32.17     1767.294     88.60596
       264    267.7355    825.5823     85016.16     547.2543  12.6762   0.0070     7.87    0.371  -2.59   0      221.8     13269.43     114.0198
       265    129.5952    828.5964     17613.15     576.0605  14.3854   0.0355    12.36    0.545   3.92   0         49     2350.099     89.65033
       266    881.1673    827.4102     3736.611     195.2387  16.0688   0.0567     2.59    0.460 -27.05   0      38.03     3338.736     92.54894
       267    427.0706    826.8925     8275.358     493.8973  15.2055   0.0648     9.03    0.510  -1.19   0      25.76     1316.571     86.76418
       268    998.2141    825.9988     1900.232     150.0623  16.8030   0.0858     2.38    0.175   4.46   0      36.36       1669.3     87.90749
       269    941.2424    825.3463     7994.231      512.356  15.2431   0.0696     8.27    0.395  -8.91   0      22.85     969.1033     86.30659
       270    655.7250    826.0612     3977.081     159.4721  16.0011   0.0435     1.10    0.172 -14.24   0      52.96      3681.05     92.96321
       271    912.0439    822.7415     8970.518     356.5346  15.1180   0.0432    -0.18    0.312  82.43   0       63.8     4765.162     95.57687
       272    827.9292    825.0724     4346.358     418.5871  15.9047   0.1046     6.20    0.625  17.00   0      15.83     760.5428     85.29527
       273    585.1522    820.7498     58642.37     725.0542  13.0795   0.0134    12.33    0.373  -4.80   0      136.2     6433.982     99.66376
       274    931.0420    822.9600     7265.029     157.9786  15.3469   0.0236     0.00    0.126 -45.23   0      105.3     6765.405     100.2205
       275    346.2910    821.5345     10193.85     573.9841  14.9792   0.0611     9.13    0.420   5.88   0      28.02     1208.654      86.2531
       276    984.7115    820.9489     5699.879     447.7033  15.6103   0.0853     7.24    0.103   7.20   1      17.97     766.0245      85.0788
       277    877.1729    813.5525     156409.8     620.5578  12.0143   0.0043     7.66    0.313  -3.24   0      353.8     23787.03     133.6413
       278    111.5286    819.0058     48655.38     655.4561  13.2822   0.0146     8.81    0.424  -4.24   2        124     4013.767      93.7731
       279    900.9304    816.8793     12500.56      581.705  14.7577   0.0505     9.58    0.509  -0.78   0      34.31      1687.29      87.5052
       280    427.9909    814.4958     77729.67     587.6998  12.7735   0.0082     9.36    0.341   4.73   2        217     6815.863     100.3348
       281   1007.9568    815.7293     9761.271      460.573  15.0262   0.0512     7.84    0.452  -0.64   0      33.18     1750.639     88.11753
       282    692.1328    816.1669     6303.813     490.9885  15.5010   0.0846     6.85    0.190 -57.83   0      19.35     1121.494     86.47962
       283    641.5870    810.9536     100627.6     643.3303  12.4932   0.0069     8.02    0.323   0.52   3      243.5     14441.02     116.6696
       284    639.6874    800.6375     57289.57     835.6603  13.1048   0.0158    15.57    0.456  -6.75   3      110.4     5270.987     96.36447
       285    528.1443    814.2292     28125.17     520.2642  13.8773   0.0201     7.94    0.378  -4.68   0      83.72     4173.524      93.9502
       286    306.2169    816.0829     6309.775     217.1688  15.5000   0.0374     6.45    0.490 -39.49   0      46.21     3273.645     91.96181
       287    919.4521    811.4543      96889.1     609.7684  12.5343   0.0068     8.21    0.394  -5.63   0        234     12679.29     113.1858
       288    496.4044    813.6707     7198.092     497.3752  15.3570   0.0750     7.62    0.439   1.43   0      20.09     937.8983     85.99577
       289    212.6338    811.7983     11020.27     617.2664  14.8945   0.0608     9.47    0.143  32.00   2       24.2     1172.936     87.06809
       290    130.5187    811.0406     13219.91     411.5889  14.6969   0.0338     7.89    0.388   0.80   0      44.62     2105.339     88.58432
       291    734.9187    810.1562     14764.36     668.3563  14.5770   0.0492     5.86    0.468   5.60   2      28.76     1643.186     87.39057
       292     18.5842    810.6776     6839.034     397.0468  15.4125   0.0630     9.34    0.505  -0.57   0      25.98     1414.304     87.47109
       293    708.8932    809.8137     16281.13     683.4295  14.4708   0.0456    11.50    0.593   8.07   0      33.25     1510.843     87.04572
       294    859.4209    806.6323     37209.93     600.3663  13.5734   0.0175     8.13    0.424   3.54   1      103.8     5343.071     97.34664
       295    406.2875    803.9516     138115.4     610.6055  12.1494   0.0048     7.66    0.373   3.94   2      316.8     20509.71     127.3295
       296    337.8693    803.8356     13590.12     534.5306  14.6669   0.0427    12.04    0.422   1.56   3      38.73      1819.16     88.29408
       297    469.0061    804.7213     13733.37     463.5918  14.6556   0.0367    14.01    0.621 -19.13   0      37.46     1513.978     87.72969
       298     92.1786    807.6593     28197.56     271.7437  13.8745   0.0105     7.63    0.562  18.93   3      185.8     21165.34     128.8005
       299     75.2390    802.6118     42594.06     736.8967  13.4266   0.0188    16.54    0.564   5.34   2      95.56     5148.536     97.09437
       300    100.7164    810.3626     50428.44     611.0142  13.2433   0.0132     8.12    0.470  -4.75   0       92.2     1460.453     86.91405
       301    568.3490    806.2219     10145.59      234.119  14.9843   0.0251     6.80    0.467 -12.46   0      91.41     7090.341     101.3439
       302    353.4745    804.9799     11623.07     498.4066  14.8367   0.0466     7.96    0.471  -2.17   0      37.31     1931.795      88.8055
       303      8.4532    803.3792     8465.503     585.1944  15.1809   0.0751     9.50    0.388  59.73  18      25.84     892.7835     86.10538
       304    685.2896    801.9705     13163.23     622.8143  14.7016   0.0514     9.67    0.413   4.87   0      34.24     1520.148     87.07001
       305     99.1032    803.1663     23265.12     504.6635  14.0832   0.0236     9.35    0.530  -3.30   3      77.87      982.329     85.19376
       306    795.8465    804.4280     32054.01     666.1318  13.7353   0.0226    11.40    0.393   5.37   0      84.89     4396.309     95.11058
       307    252.5024    799.7114     20380.41     744.0365  14.2270   0.0396    18.54    0.709   9.17   2      38.22     1135.063     85.82991
       308    252.5323    786.5014     218694.6     838.3269  11.6504   0.0042    13.24    0.514  -2.23   3      385.7     26362.54     137.2363
       309    273.5338    785.2992     154416.8     586.3695  12.0283   0.0041     8.16    0.274  -2.27   3        362     21982.72     129.7805
       310    704.9401    799.0062     11147.56     160.4297  14.8821   0.0156     4.42    0.108 -13.75   0      138.8     10871.78     109.3163
       311    533.4570    795.2543     24872.11     474.2383  14.0107   0.0207     8.05    0.425   3.38   0      78.99     4316.839     94.92049
       312    321.9957    796.8118     1717.397     149.7851  16.9128   0.0947     2.86    0.210  89.47   0      28.85     1248.193     86.81195
       313    884.4305    793.8792     9859.942     300.1953  15.0153   0.0331     4.40    0.594 -55.76   0      66.72     5147.339     96.48136
       314    194.5903    766.9918     51991.68     343.6959  13.2102   0.0072     0.00    0.146  24.29   2      276.2     38520.29      156.455
       315    194.3577    791.2057     67514.02     600.3615  12.9265   0.0097     9.60    0.438  -2.81   3      167.9     8613.312     104.7036
       316    184.4227    783.5439     376137.6     713.1562  11.0616   0.0021    12.17    0.292  -1.90   3      652.2     57179.46     181.5478
       317    776.1780    794.0868     7813.917     484.6297  15.2678   0.0674     9.05    0.467  -2.21   0      25.44     1342.176     86.60421
       318    655.2663    787.9301     53681.83     776.0116  13.1754   0.0157    15.46    0.502   9.81   2      118.3     6413.185     99.22029
       319    837.4183    792.7051     4333.727     381.6804  15.9078   0.0956     6.59    0.354 -22.56   0      16.16     783.4382     84.89372
       320    705.6028    791.8292     20025.82     864.4879  14.2460   0.0469    12.09    0.672  -8.30   2      30.07     771.6311     86.01419
       321    617.6819    792.0637     8125.305     483.7594  15.2254   0.0647     7.37    0.388  -2.48   0      27.87     1359.602     86.64993
       322    327.5544    807.3705     10004.59     445.4859  14.9995   0.0484    11.38    0.459  -6.01   3       34.4     1771.387     88.61645
       323    988.7393    785.4557     45058.98     838.2195  13.3655   0.0202    18.46    0.418  -8.05   3      94.66     4000.375     93.95041
       324    972.6678    783.4377     26408.29     647.6962  13.9456   0.0266    14.78    0.560  60.16   2      63.96     1343.534      87.0612
       325    105.0199    789.9989     12177.53     161.8823  14.7861   0.0144     0.00    0.037   0.59   0      148.2     11744.05     110.9376
       326    114.6023    784.6988     19262.52     550.5143  14.2882   0.0310     7.98    0.376   2.00   2      53.34     2460.101     89.92876
       327     54.3378    783.5717     38401.54     533.1086  13.5391   0.0151     8.42    0.395   2.68   0      110.4     5775.617     97.74898
       328     43.5249    786.4802     9604.914     181.4139  15.0438   0.0205     1.27    0.295 -44.66   0      94.24     9135.644     104.8971
       329    708.5223    777.4895     27386.41     1005.258  13.9062   0.0399    13.18    0.563 -40.70   3       34.8     809.7949     85.19564
       330    702.0015    785.9747     2252.541     205.8279  16.6183   0.0992     4.62    0.199 -29.11   3      35.95     1618.098     87.99902
       331    701.0230    782.7761     13036.38     594.4653  14.7121   0.0495    -1.55    0.604   3.00   3      28.08     1598.358     88.17157
       332    453.8640    786.0048     5654.485     152.4495  15.6190   0.0293     0.96    0.085  -1.70   0      86.75     5917.538     98.47902
       333    889.0221    778.2300     34350.96      816.842  13.6602   0.0258    16.97    0.638 -20.28   2       68.2     3368.285     92.62148
       334    898.1456    777.1230     9013.477      381.888  15.1128   0.0460     4.36    0.284   7.22   3      35.66     2024.183     88.59834
       335    930.0707    780.4115     16027.05     485.4341  14.4879   0.0329    12.72    0.416   6.98   0      51.78     2554.268     90.16644
       336    734.2215    779.3588     29218.43     822.6237  13.8359   0.0306     8.65    0.438   3.55   0      50.05     2253.094     89.84338
       337    555.9327    781.5629     5459.368     344.4282  15.6571   0.0685     7.96    0.487  -2.04   0      21.41     1218.209     86.73341
       338    419.4924    779.8942     22906.42     365.3101  14.1001   0.0173    10.77    0.258  15.12   0      109.4      8908.85      104.781
       339     69.5028    780.8145     8546.163     361.7476  15.1706   0.0460    10.98    0.519   5.66   0      27.88     1244.473     86.57512
       340     91.9050    779.2476     9414.135     363.6484  15.0655   0.0419    11.06    0.313  14.34   0      32.87     1491.464     86.76852
       341   1020.0737    774.9376     7209.892     457.1642  15.3552   0.0689     8.43    0.405  -4.02  16      21.36     837.5965     85.73028
       342    696.9168    775.9919     29454.66     187.1989  13.8271   0.0069     4.64    0.183   4.68   0      240.8     28495.95     141.2835
       343    575.7436    770.1708     57325.01     494.5451  13.1041   0.0094     8.13    0.379   2.77   0      164.5     9265.093     105.5509
       344    545.0015    773.9185     41865.12     199.2491  13.4454   0.0052     4.33    0.066  89.63   0      285.1     42139.75     161.7491
       345    257.8042    772.8342     16292.44     631.0142  14.4700   0.0421     8.69    0.515  -1.61   0      41.92     1977.277     89.14293
       346    987.3820    772.6484     5885.888     459.7285  15.5755   0.0848     6.80    0.151 -34.05   0      16.89      809.381     86.11388
       347    878.3680    770.0732     18489.08     704.0173  14.3327   0.0414    11.75    0.397  -1.76   2      38.11     1808.094     88.26559
       348    665.2572    766.3438       235480     819.1759  11.5701   0.0038     8.60    0.295 -37.48   2      421.5     27613.15     139.9969
       349    349.8706    772.2597     3303.458     173.3399  16.2026   0.0570     3.59    0.295  20.73   0      37.24     2822.309     90.83955
       350    842.2413    770.0402     6635.174      470.674  15.4454   0.0770     7.26    0.359 -10.39   0      21.38     1135.221     86.51569
       351    424.8022    768.8159     7647.855     323.8222  15.2912   0.0460     9.81    0.460   6.16   0      29.49     1677.716     87.92924
       352    475.5141    768.5200     7366.697     319.0298  15.3318   0.0470     6.85    0.392  -0.26   0      27.49     1405.248     86.76957
       353    171.1358    766.7883     5971.245     435.5848  15.5598   0.0792     5.74    0.397   4.60   0      21.04     1184.275     86.64445
       354   1012.8053    765.2106      10115.3     184.7358  14.9876   0.0198    -1.55    0.376 -47.24   0      126.3     9146.143     105.4812
       355    711.8833    765.4062     12710.51      623.439  14.7396   0.0533     7.80    0.397   3.76   0      31.23     1425.216     87.49944
       356    870.9918    765.0091     58517.17     217.4151  13.0818   0.0040     4.22    0.020 -45.07   0      348.6     57890.76     182.4361
       357    796.8342    765.6158     3696.628     212.1089  16.0805   0.0623     5.21    0.344  64.13   0       41.5     2296.592     90.17194
       358      7.0015    765.9946     56182.17     214.9604  13.1260   0.0042     4.20    0.007 -89.96   0      344.3     56010.58     180.0786
       359    994.4190    762.1332     24597.16     626.1874  14.0228   0.0276     9.31    0.443  -1.00   0       68.7     3429.809     92.55988
       360    917.0641    764.7514     4814.456     390.8819  15.7936   0.0882     6.25    0.420  -6.17   0      18.59     984.0753     86.11772
       361    357.1506    764.1330     6381.201     434.6679  15.4877   0.0740     6.03    0.488   0.83   0      21.84     1145.535     86.54278
       362    271.5582    759.2894     34539.51     607.5105  13.6542   0.0191    15.04    0.407  -9.80   0      96.04     4677.241     94.95382
       363    763.1096    758.8701     4988.495     286.3513  15.7551   0.0623     0.00    0.141  -5.88   3      23.65     1810.877     88.04946
       364    767.8988    758.1055      14692.5     662.4144  14.5823   0.0490    10.92    0.186   1.33   3      36.22     1562.432      86.9542
       365    502.0865    759.5192      24385.1     565.8261  14.0322   0.0252    12.21    0.573   8.40   0      65.26     2517.248     89.85425
       366    143.7803    759.3931     10667.74     619.5244  14.9298   0.0631     9.99    0.320   6.43   0      27.35     1219.186     86.73598
       367    612.2438    756.6270     13034.36     427.9036  14.7123   0.0357    11.90    0.274  -2.00   0      46.17     2217.884     89.75426
       368    864.0051    753.1654     88540.87     596.0091  12.6321   0.0073     7.77    0.265   2.41   3      222.3     12967.79     113.7636
       369    859.6810    740.5749     31721.17     721.3577  13.7466   0.0247    14.24    0.379  -3.86   3      75.22     3577.866     92.71061
       370    779.0615    755.2516     7036.773     178.1676  15.3816   0.0275     0.00    0.269  78.81   0      92.86     5734.766     97.85533
       371    753.3188    753.8291     33087.29     763.5377  13.7008   0.0251    11.70    0.411   5.80   1      70.44     3785.537     93.21831
       372    733.9879    752.7643     31102.83     607.0348  13.7680   0.0212     9.94    0.390   3.64   2       79.2     4010.195      94.3922
       373    529.9975    756.3547     6967.136      169.585  15.3924   0.0264     0.91    0.167  89.20   0      87.15     6974.531     100.8889
       374    209.6394    755.2313     12445.02     520.9818  14.7625   0.0455     7.29    0.367  -2.21   0      39.67     2001.875     89.20562
       375    908.3542    754.6480     16052.21     541.9707  14.4862   0.0367    12.54    0.528  -6.04   0      50.51     2475.323     90.18577
       376    695.0013    755.9954     56234.62     215.0159  13.1250   0.0042     0.00    0.007  88.96   0      343.7     56049.49     180.1277
       377    116.6059    753.5447     37964.73     1064.183  13.5515   0.0304    15.80    0.698   6.12   0       44.2     1514.337     87.73062
       378     40.5359    755.4208     5689.932     369.3958  15.6122   0.0705     7.12    0.436  -0.52   0      21.82     1149.242     86.77966
       379    631.9367    753.8006     7141.368      440.685  15.3655   0.0670     9.72    0.550   2.85   0      24.22     1150.352     87.00912
       380    992.5964    747.9720     43937.33     965.6252  13.3929   0.0239    21.49    0.532 -17.62  16      73.94     3275.497     92.39352
       381    488.4969    750.3928     7975.146      573.963  15.2457   0.0782     8.67    0.372   9.69   3      22.88     872.8401     85.82365
       382    496.5536    744.9661     20701.74     734.1469  14.2100   0.0385    14.53    0.440   1.89   2      50.23     2152.706     89.36906
       383     62.9677    749.9755     6653.292     473.8093  15.4424   0.0773     7.22    0.092   3.52   0      21.38     960.9284     86.51292
       384    461.2084    747.8103     37117.79     551.6265  13.5760   0.0161     9.98    0.403  -0.79   0      105.7     5524.831     97.36653
       385    376.4711    748.5515     13869.47     473.1152  14.6449   0.0370     7.18    0.440   6.48   0      48.27      2562.83       90.188
       386    350.8832    745.0421     27651.92     730.2547  13.8957   0.0287    17.69    0.158 -65.50   0      62.65     1970.157     88.23682
       387     23.1795    748.2559        20984      485.727  14.1953   0.0251    10.99    0.385   1.86   0      63.28     3189.616     91.75391
       388    567.7052    748.1718     9378.728     410.6626  15.0696   0.0476    10.62    0.341  10.36   0      33.14     1633.557     86.91369
       389    796.8428    746.9125     6499.636     453.5674  15.4678   0.0758     8.36    0.502  -6.80   0      21.35     1045.975     85.82338
       390    401.3407    753.2338     7198.483     545.5111  15.3569   0.0823     7.82    0.578  10.55   0      17.11     833.9299     85.72055
       391    592.7266    744.3395     13525.24     462.4266  14.6721   0.0371     7.68    0.450   3.30   3      46.71     2311.036     89.55124
       392    591.2954    739.0145     7810.505     167.8038  15.2683   0.0233     0.92    0.162   2.09   3      93.94     7586.534     101.8725
       393    265.3227    744.0547     13080.59     625.1505  14.7084   0.0519     8.62    0.440   4.03   0      32.42     1602.647     87.51033
       394    190.3252    743.9397     8919.026     356.5018  15.1242   0.0434     4.18    0.530 -50.12   0      45.53     3745.002     92.90778
       395    148.4617    741.8834     14250.95     449.8405  14.6154   0.0343    11.52    0.548  -8.44   0      40.27     1696.532      87.5292
       396    667.8251    740.5930     21147.14     428.7612  14.1869   0.0220     7.59    0.428   2.63   0       68.3     3570.216       92.904
       397    833.6739    740.8918     9334.509     551.7782  15.0748   0.0642     7.82    0.375  -4.50   0      24.21     1164.257     86.13604
       398    604.4299    737.6693     25176.31     265.5235  13.9975   0.0115     7.55    0.446 -35.97   0      192.4     20374.13     127.3967
       399    580.6874    738.9302     21553.96     444.7488  14.1662   0.0224     9.05    0.463   2.05   1      69.85     3557.984     92.23597
       400     79.6746    738.5617     7885.995     523.7092  15.2579   0.0721     8.55    0.510   2.70   0      20.84     1024.464     86.22424
       401     64.5927    735.4570     12687.78     584.3105  14.7415   0.0500    11.19    0.553 -10.05   0      30.28     1312.444     87.20603
       402    469.2047    736.5181     6219.795     441.3261  15.5156   0.0771     8.14    0.532  -3.85   0      20.65     1016.538     86.43141
       403    256.2554    732.6025     52054.17     582.7746  13.2089   0.0122    10.19    0.401  -0.37   0      142.7     7395.646     101.8331
       404    187.5483    733.5491     5089.081     175.6655  15.7334   0.0375     1.48    0.294  44.04   0      61.97     5211.363     97.03866
       405      2.5082    729.4489     31349.65     345.7913  13.7594   0.0120     6.12    0.388 -89.82  24      131.7     8339.218     103.3478
       406   1003.5997    730.3676     18668.36     552.9457  14.3222   0.0322     8.70    0.355  -0.36   0      58.09     2829.979     91.29104
       407    981.1078    732.4548      4616.98     400.7161  15.8391   0.0943     7.32    0.545 -20.30   0      16.73     720.9056     84.95818
       408    549.6259    727.6577     188323.4     617.9648  11.8127   0.0036     9.54    0.331  -4.18   2        407     28119.96     140.5374
       409    548.9918    718.0384     3616.605       173.75  16.1042   0.0522     4.56    0.145  26.09   3      50.31     2782.644     91.17312
       410     18.1917    731.1909     17319.48     640.6696  14.4037   0.0402    12.02    0.495  -0.27   0      42.41     2105.751     89.02872
       411   1021.2159    724.9925     38340.21     520.9422  13.5409   0.0148    12.38    0.341  67.93  24      109.7     4394.639      94.6917
       412    819.1046    728.6893     19690.23     535.2822  14.2644   0.0295     8.02    0.395   3.99   0      59.67     2896.681     90.80889
       413    109.0870    730.7090     4738.172     346.8019  15.8110   0.0795     6.56    0.569  11.77   0      22.07     1484.858     87.20388
       414    659.4947    727.3447     9475.033     386.0067  15.0585   0.0442     8.56    0.458  -2.26   0      34.72     1740.783     87.41911
       415    607.7151    726.3294     6643.012     363.2697  15.4441   0.0594     9.20    0.501   0.76   0      25.01     1363.409     86.65991
       416    921.8104    725.5290     7778.457     509.3699  15.2728   0.0711     7.44    0.463 -13.67   0      18.78     899.3923     85.89394
       417    353.9757    725.9366     2856.128     166.9574  16.3606   0.0635     4.70    0.252 -16.86   0      47.89     2090.963     89.21191
       418    581.0207    724.0090     14045.84     164.4843  14.6311   0.0127     0.00    0.037  27.88   0        160     13594.94     114.6668
       419    625.4509    719.5217     11817.55     503.4075  14.8187   0.0463    12.14    0.445   0.10   0      39.68     1907.446     88.29837
       420    424.9521    718.5985     23807.68     511.6856  14.0582   0.0233    13.41    0.434  -2.82   0      68.92     3537.904     92.61259
       421    177.5341    718.9021     8244.532     470.4054  15.2096   0.0620     8.14    0.427  -7.44   2      26.95     1414.313     86.79331
       422    238.0455    715.9296     10102.85     388.9154  14.9889   0.0418    11.31    0.385 -23.49   2      31.99     1429.404     87.28507
       423     77.3559    717.6040     6743.312     280.8157  15.4278   0.0452     8.58    0.496   1.66   0      28.71     2060.134     89.35393
       424    329.4244    711.3560     141352.2     658.3079  12.1242   0.0051    17.94    0.401   8.02   0      307.4     18100.49     123.5929
       425     39.0491    716.2296     12240.76     408.6462  14.7805   0.0363     6.63    0.325  12.65   0      47.51      3296.78     92.44585
       426    695.0154    710.3207     70663.48      595.798  12.8770   0.0092    11.23    0.360  -6.40   3      180.9     10165.15     107.4714
       427    682.4084    705.8386     97341.71     535.1522  12.5293   0.0060    15.13    0.371   0.87   3      252.5     14129.95     116.0621
       428   1000.5283    714.9851     10161.57     519.9847  14.9826   0.0556     5.66    0.272  -6.38   2      24.58     1041.123     86.49604
       429    484.5244    712.8211     29477.76     495.6788  13.8263   0.0183     7.70    0.408   1.40   0      91.55      4880.31     96.05545
       430     13.2820    714.8212     6140.034     357.4898  15.5296   0.0632     9.50    0.554   8.39  16      23.62     1154.782     86.33935
       431    289.1121    712.0828     3089.491     181.3902  16.2753   0.0638     3.57    0.252  45.26   0       48.9     2408.802     89.57953
       432    121.5154    711.0204     12695.86     473.5915  14.7408   0.0405    11.95    0.454  13.57   2      38.35     1950.612     88.18645
       433    750.0044    709.2430     24421.89     437.2992  14.0306   0.0194     9.09    0.440   2.01   2      75.07     3926.749     93.98183
       434    625.8863    709.7793     12965.41     579.3436  14.7180   0.0485    11.79    0.375   3.15   0      38.26     1729.791     87.61552
       435    457.9873    711.9006     3718.706     149.5358  16.0740   0.0437     4.34    0.105 -88.18   0      68.97     3466.201     92.43647
       436    956.1910    702.9223     270489.3     669.8941  11.4196   0.0027     9.73    0.340   1.64   0      522.2     40641.54     159.5067
       437    889.6544    706.2491     16256.56     437.5573  14.4724   0.0292     8.45    0.478  -5.24   2       50.3     2639.232     90.59789
       438    359.3824    703.1722     49028.35     550.2867  13.2739   0.0122     8.37    0.438  -5.58   2      127.8      6916.64     100.9536
       439    551.3698    698.3201     716662.9     812.0583  10.3617   0.0012     7.73    0.312   0.43   3      973.9     110182.3     238.8552
       440      8.1866    707.5060     4844.106     393.4091  15.7870   0.0882     5.09    0.255 -89.21  17      15.25     733.8245     84.99274
       441    713.8209    705.6644     10122.61     179.3377  14.9868   0.0192     2.29    0.358  62.76   0      116.8     8568.212     104.4173
       442    546.8542    682.4771     166618.8     645.2201  11.9457   0.0042     7.98    0.354   7.52   3      366.2     24564.29     134.5183
       443     80.9391    702.0956     20684.01     503.4998  14.2109   0.0264    13.19    0.363   6.82   0      64.71     2804.854     90.36118
       444    612.0595    701.6696     10808.69     412.6476  14.9156   0.0415     0.00    0.467 -22.43   0      38.47     1331.121     87.02879
       445    845.3679    695.7822     34612.79     673.6122  13.6519   0.0211    16.80    0.475  35.67   2      79.53     2604.981     90.72916
       446   1000.6492    701.0876     16315.39     625.5391  14.4685   0.0416     7.43    0.256  15.09   2      28.94     959.8128      85.5949
       447    129.7388    699.9603     5653.845     426.2808  15.6191   0.0819     2.96    0.061  17.68   0      20.63     1230.453      86.7655
       448    725.0116    696.7892     41446.46     384.4277  13.4563   0.0101    11.03    0.390  -1.29   3      182.3     20477.53      127.581
       449    712.1595    688.9566     75823.71     880.1537  12.8005   0.0126    18.49    0.627  -7.14   2      129.9     4402.214     94.29324
       450    818.3675    696.0463     12131.27      383.739  14.7902   0.0344     8.90    0.429  -2.82   0      42.79     2206.166     89.50491
       451    602.0284    697.0197     19203.38     171.4626  14.2916   0.0097     0.00    0.070  36.43   0      188.7     18246.56     123.8612
       452    337.5916    695.3132     7479.935     474.2056  15.3153   0.0688    10.02    0.373 -16.95   0      27.26     1214.023     86.72245
       453    393.0831    695.0894     10516.29     522.0287  14.9453   0.0539    10.03    0.545   2.66   0      29.69     1345.006     86.83863
       454    517.3569    694.2815     9613.404     563.3667  15.0428   0.0636     9.57    0.469 -16.95   0      25.65     1340.963     86.60102
       455     99.3216    693.6193     10049.28     478.5309  14.9947   0.0517     7.74    0.473   3.03   0      37.51     1927.396     88.79424
       456    775.3467    691.7078     12631.03     350.5352  14.7464   0.0301     6.28    0.315   9.51   2      43.54     2228.651     88.90012
       457    905.7793    688.9872     11822.28     507.3052  14.8182   0.0466     8.05    0.437  -0.80   0      41.43     2151.842     89.36687
       458    189.4723    686.9999     34557.55     492.0371  13.6536   0.0155    14.67    0.309  11.92   0      100.8     5256.229     96.73753
       459    178.5021    706.5599     23960.52     625.1695  14.0513   0.0283     8.54    0.329 -14.43   0      64.01     2602.849      89.4124
       460     74.9710    683.9439     270172.5     751.5074  11.4209   0.0030     9.21    0.594  -0.86   0      518.5      43269.1     163.0869
       461    294.9385    688.8696     4145.398     385.4183  15.9561   0.1010     6.56    0.565   6.01   0      16.88     923.7604      85.9584
       462    449.9758    685.8476     10797.09     547.9073  14.9167   0.0551     7.73    0.322  17.78   0      31.63      1426.07     87.72636
       463    394.1869    676.1395     15953.95      721.848  14.4928   0.0491     8.97    0.356   1.02   3      35.82     1714.167     88.02341
       464    394.4772    685.2924     54587.93      757.668  13.1573   0.0151    15.08    0.450   1.01   3      107.8     5298.828     96.43011
       465    365.4452    682.3577     17993.73     706.6487  14.3622   0.0426    12.90    0.587  17.96   2      41.73     1742.756     87.87345
       466   1022.0598    682.3653     5659.222     391.3728  15.6181   0.0751     7.41    0.357 -68.83  24       18.6      1114.09     86.46016
       467    333.3237    682.0113     20689.83     805.1243  14.2106   0.0423    14.01    0.525  24.60   2      39.35     1348.061     87.07301
       468    329.7568    674.5522     10684.95     575.8902  14.9281   0.0585     9.07    0.359  19.94   3      28.21     1034.015     86.47736
       469    117.7692    681.6680     33129.21      791.403  13.6995   0.0259    18.92    0.725  -3.67   0      63.54     2405.626     89.79099
       470    916.6482    679.8084     10691.09     461.0316  14.9274   0.0468     8.04    0.445   4.83   0      36.86     1874.948     88.65989
       471    231.8285    696.8316     15032.61     472.6335  14.5574   0.0341    10.93    0.374   0.53   0       48.4     2356.074     90.10351
       472    428.9636    679.8453     11188.97     540.8383  14.8780   0.0525     9.66    0.466  -3.69   3      32.83     1524.853     87.53325
       473    437.4976    673.9578     17300.58     573.3679  14.4048   0.0360     8.02    0.436  -2.10   3      49.68     2380.939     88.84655
       474    583.9431    677.0690     17808.67     684.6565  14.3734   0.0418     8.60    0.496   2.20   2      39.39      2091.89     88.77185
       475     41.2358    675.7258     55752.91     574.0172  13.1343   0.0112     8.10    0.062 -15.92   0        147     7625.795     102.1529
       476    251.7259    672.6102     84506.25     518.4031  12.6828   0.0067     8.56    0.408   2.75   0      225.3     13569.44     114.7879
       477    306.1121    666.7510     620450.7     784.6694  10.5182   0.0014     7.44    0.303   3.01   0      892.5     98080.66     226.8751
       478    530.5927    670.5988     11615.64     213.6277  14.8374   0.0200     3.00    0.519  45.30   0      97.29     7860.766     102.6744
       479    992.4849    667.0043     3348.146      335.782  16.1880   0.1089     5.52    0.259   0.46   0      15.01     886.3703     86.08846
       480    574.3839    665.1641     22905.86     558.2224  14.1001   0.0265     8.35    0.434   2.05   0      69.18     3517.062      93.1973
       481    793.2083    664.1098     13281.01     177.8455  14.6919   0.0145     0.00    0.288  28.92   0      147.6     11892.38     111.2411
       482     87.6902    663.5887     13956.42     656.9384  14.6381   0.0511    11.20    0.393   6.99   0       31.9     1347.035     86.61696
       483    672.5131    662.2822     8335.337     517.2865  15.1977   0.0674     5.61    0.255 -10.29   0      24.63     1255.256     86.60342
       484    157.6185    659.2264     13623.46     682.5451  14.6643   0.0544    13.50    0.620 -24.42   0      31.43     943.0997     86.46607
       485    472.2046    660.5865     18976.34     197.8368  14.3045   0.0113     2.39    0.380 -64.03   0      161.6     15364.51     118.1221
       486    402.1357    659.8842     8881.312      494.176  15.1288   0.0604    10.71    0.573  -1.46   0      26.52     1161.917     86.12987
       487    172.3365    658.4852     13221.88     639.9838  14.6968   0.0526     8.14    0.588 -10.82   3       25.7     863.4539     85.33867
       488    185.9235    656.0614     32506.48     604.3112  13.7201   0.0202     8.78    0.390   1.90   3      91.32     4707.051     95.43858
       489    742.1075    656.3337     9532.137     490.4778  15.0520   0.0559     7.70    0.352  34.77   0      33.68     2267.436     89.22015
       490    131.8056    656.2314     33388.07     511.1314  13.6910   0.0166     8.11    0.410   2.93   0      98.62     5033.538     96.62128
       491    694.3593    656.0995     15174.67     520.2827  14.5472   0.0372    12.00    0.464  -1.72   0      45.09     1994.918     87.62917
       492    290.3230    657.2081      8590.03     574.2064  15.1650   0.0726     8.54    0.516  -8.00   0      20.94     997.0581     86.15197
       493    769.9291    655.3301     3960.772     159.4488  16.0056   0.0437     1.32    0.142 -83.22   0      56.35     4050.791     93.65282
       494    672.0109    655.0004     31664.58     187.2528  13.7486   0.0064     4.21    0.013   0.07   0      252.7     31208.34     145.4461
       495    636.6647    654.9409     8274.447     292.3342  15.2057   0.0384     7.94    0.486  -0.12   2      36.49     3210.984     91.80682
       496    484.0621    651.9357     9583.075     354.1564  15.0462   0.0401    10.82    0.359  -0.69   0      34.36     1617.199     87.54812
       497    960.9491    650.6254     10695.65     500.9396  14.9270   0.0509    10.83    0.463   5.09   2      29.84     1491.865     87.89664
       498    430.5334    650.9536     8007.707     368.1551  15.2412   0.0499     7.53    0.460   0.70   0       29.9     1587.861     87.69669
       499    370.5882    649.4534     18888.65      499.743  14.3095   0.0287     7.76    0.409   0.66   0      60.71     3143.861     91.85507
       500     68.1238    651.2369     5631.386     432.0031  15.6235   0.0833     7.40    0.167  18.54   0       19.4      1050.41     86.29261
       501   1010.4823    649.8815     5820.579     280.0679  15.5876   0.0523     5.57    0.476  29.43   0      29.03     2341.898     88.96817
       502    553.6122    645.7086     65381.95     692.4964  12.9614   0.0115     9.63    0.263  -1.15   0      165.8     8842.037     104.4477
       503    865.6343    645.9249     35217.16     750.5246  13.6331   0.0231    12.83    0.470 -21.38   2      72.21     1856.163     88.38928
       504    625.3759    647.5085     11673.66     651.6323  14.8320   0.0606    10.34    0.522  -7.13   0      28.59     1301.387      86.2692
       505    349.1877    648.9597     4762.403     157.4928  15.8054   0.0359    -2.30    0.183 -15.17   0      76.76     4387.964     95.29744
       506    147.9716    647.1552     8265.162     521.0477  15.2069   0.0685    10.45    0.475 -16.70   0      23.77     1011.475     86.64561
       507    177.5146    642.1459     85471.24     536.5467  12.6705   0.0068     7.68    0.349   1.94   0      223.8     13213.58     113.5622
       508     77.2123    645.1132     20065.01     659.7947  14.2439   0.0357    12.33    0.469  -3.42   0       49.4      2543.42     89.92042
       509    244.3690    641.4601     83614.53     622.4457  12.6943   0.0081     8.72    0.463   1.57   2        195     10189.27     107.5224
       510    741.0261    645.1388     3899.207     380.1291  16.0226   0.1059     6.32    0.507 -36.04   0       16.2     814.3157     85.89803
       511    394.4064    641.5638     38792.38     704.2799  13.5281   0.0197     7.19    0.420   0.53   2      92.78     4433.751         95.2
       512    609.7002    636.5889     18283.92      753.261  14.3448   0.0447    10.41    0.647  19.92   2      28.63     853.0942     85.77135
       513    426.9511    637.2252     118629.3     913.5013  12.3145   0.0084    15.50    0.597  -0.01   2      216.3     8246.315     103.9039
       514    283.8872    638.8282     15783.44     432.7863  14.5045   0.0298    12.78    0.418  -5.05   0      50.58     2417.267     89.38102
       515    217.6259    640.6608         4846     379.3997  15.7865   0.0850     7.17    0.420  -0.81   0      18.51     995.0262     86.37483
       516    951.7712    638.0635     17908.66     416.5397  14.3673   0.0253     0.00    0.475  15.82   0       59.1     2905.619     91.04774
       517    105.7554    640.0541     4784.767     378.0635  15.8003   0.0858     2.09    0.390   5.44   0      18.76     1161.146     86.81084
       518    579.6306    635.6458     33086.05      676.743  13.7009   0.0222    12.31    0.436   5.75   0      85.94     4087.839     94.37059
       519    310.3162    636.1988     13372.91     575.2415  14.6844   0.0467     7.90    0.460  -6.31   2      36.94     1739.086     88.53357
       520    853.3936    637.0145     7984.285     403.8419  15.2444   0.0549     9.94    0.458   0.26   0      27.64     1352.971     87.08583
       521   1008.7264    635.9745     6205.777     316.6513  15.5180   0.0554     8.74    0.407  15.39   0       25.6     1289.483     86.91998
       522    510.4342    635.9749     4140.789      343.557  15.9573   0.0901     7.27    0.407  10.79   2      16.91     757.7043     85.97739
       523    513.8694    632.8096     2684.273     317.2318  16.4279   0.1283     1.74    0.427  83.57   3      13.98     1241.765     86.79512
       524    821.1694    633.8733     17727.71     431.5312  14.3784   0.0264    10.17    0.487  11.02   0      55.43     2622.857     90.33915
       525    134.3129    632.7452     6298.277     584.3521  15.5019   0.1008    11.80    0.449 -28.36   3      22.51      913.165     85.47095
       526    134.7396    625.2090     17107.55     536.9414  14.4170   0.0341     9.14    0.486  -0.81   2      51.16     2650.321      90.6257
       527    916.9012    629.2904     20387.97     224.9633  14.2266   0.0120     6.31    0.118 -24.23   0      176.9     17023.34     120.7838
       528    455.0017    631.0612     8851.381     157.1432  15.1325   0.0193     0.00    0.041  87.85   0      120.2     8917.385     105.1745
       529    759.8141    630.0834     9916.201     454.1938  15.0091   0.0497     7.86    0.403   1.79   2      36.14     1144.602     86.54033
       530    662.8688    630.9587     13415.36     180.7606  14.6810   0.0146     4.86    0.266  17.73   0      154.4     12712.74     112.9047
       531    388.9681    628.4732     47190.14     828.1685  13.3154   0.0191    12.77    0.451   3.71   0      89.71     5055.638     96.26511
       532    874.8000    621.7459     51195.55     1012.087  13.2269   0.0215    23.40    0.253 -30.20   0       90.2     2479.837     89.97862
       533    203.6245    628.6365     14507.98     205.0119  14.5960   0.0153     2.96    0.459  44.76   0      135.1     11514.08     110.9988
       534    928.6197    624.1426     12707.91     642.1049  14.7398   0.0549    11.89    0.205  15.98   0      31.68     1296.716     86.93889
       535    740.2068    624.5280     82182.49     671.3927  12.7131   0.0089     8.98    0.413  -2.06   0        210     12560.73     112.5983
       536    242.9564    626.2210      14158.8     648.7161  14.6224   0.0498    11.63    0.543  13.64   0      32.75     1626.815      88.2449
       537    801.4854    622.7857      27691.7     373.5824  13.8941   0.0147    10.74    0.039  69.15   0      157.2     16695.78      120.493
       538    498.9900    625.4790      9676.17     448.6216  15.0357   0.0504     6.69    0.296   5.48   2      33.55     1369.124     87.12798
       539    520.1403    624.1175     22088.75     577.8236  14.1396   0.0284     9.26    0.459   2.73   0      65.98     3410.945     91.87295
       540    189.0000    625.3770     4181.934     207.9474  15.9466   0.0540     1.76    0.383 -89.32   0      41.71     2897.871      91.0284
       541    851.1734    623.3168     23711.96     468.4582  14.0626   0.0215     7.80    0.446   1.34   0      73.63     3800.823     93.04423
       542    786.3231    623.0181     9125.615     537.2292  15.0993   0.0639     8.61    0.650  -8.98   3      19.72     1131.358     86.73281
       543    595.5523    639.6711     13653.91     620.6189  14.6619   0.0494     7.05    0.399  -5.68   0      31.75     1647.659     87.85152
       544    567.6022    622.0835     5169.273     181.2828  15.7164   0.0381     2.08    0.390   6.22   0      57.36     4274.146     94.61036
       545    227.3961    620.8318     6688.533     426.8321  15.4367   0.0693     7.21    0.449   1.93   0      23.79     1279.133     87.34486
       546    600.7518    618.9057     9493.522     393.5931  15.0564   0.0450    11.17    0.439   1.45   0      33.21     1549.086     86.91931
       547    440.4991    617.8738     17359.61     695.2087  14.4011   0.0435    13.80    0.416  10.71   0      44.29     1915.453     87.87205
       548    153.8015    625.7689     7476.655     534.6934  15.3157   0.0777     8.81    0.523  46.80   2      20.83     890.1636     86.32682
       549    911.8356    617.1964     6770.494     480.0566  15.4234   0.0770    10.37    0.535  -8.67   2      24.56     1334.865     87.48975
       550    906.0302    616.1246     3877.797     159.3305  16.0285   0.0446     4.67    0.173 -76.70   3      57.81     3235.456     91.86739
       551    687.2286    615.6943     9236.661     491.3436  15.0862   0.0578    10.06    0.516   4.41   0      28.05     1399.849      86.3004
       552    730.4418    611.9350     23660.49     511.6202  14.0649   0.0235    10.27    0.440  -3.62   0      73.68     3953.207     93.62621
       553    553.3154    608.8932     17605.46     854.6871  14.3859   0.0527    11.41    0.503 -14.19   2       29.7     973.1327     85.85986
       554    806.8428    610.8658     7315.487     448.5227  15.3394   0.0666     9.30    0.456   6.94   0      26.14      1247.91     86.81121
       555    423.4103    606.1049     49173.07     1254.445  13.2707   0.0277    13.99    0.378  14.67   0      59.49     1601.301     87.73151
       556    362.2762    606.5604        14348     525.5704  14.6080   0.0398    12.97    0.602 -20.70   0      43.39     2368.936     89.69807
       557   1016.0714    606.0593     6073.162     420.6951  15.5415   0.0752     8.73    0.485   7.06  16      21.26     1077.532     86.36401
       558    993.2335    600.8306     5127.297     541.9299  15.7253   0.1148    11.32    0.659  42.93   2      16.95     760.3423     85.98436
       559     47.4996    605.2220     10267.39     401.4638  14.9713   0.0425    10.80    0.454   7.21   0      35.89     1663.885     86.99296
       560    916.0164    604.0301     14123.37     164.5914  14.6252   0.0127     4.26    0.036  57.29   0        156     13514.54     114.8506
       561    195.9303    604.6160     3775.057     346.1702  16.0577   0.0996     5.67    0.437 -35.86   1      16.41     1073.868     86.58204
       562    465.9953    601.9995     4058.975     228.1339  15.9790   0.0610     0.00    0.093 -88.02   2      55.35     2712.779     90.56509
       563    199.6630    600.6615      5447.03      176.128  15.6596   0.0351     2.01    0.339  49.36   1      60.64     4795.941     95.65002
       564    874.2448    595.7505      76246.6     605.2866  12.7944   0.0086     7.91    0.362   1.76   0      200.5      11357.8     110.3221
       565    236.7633    599.1611     7446.036     331.1958  15.3202   0.0483    10.01    0.468  -0.51   0       27.9     1278.086     86.89017
       566    807.6423    598.5243     7021.379     477.0906  15.3839   0.0738     7.90    0.518  -1.15   0      22.13     1024.431     86.22415
       567    384.7982    593.2973     22802.18     548.3956  14.1051   0.0261    10.20    0.091 -27.65   0      60.84     2829.174     90.85671
       568    270.4499    597.5917     8706.386     555.9634  15.1504   0.0693     9.47    0.371  15.79   0      23.65     1046.739     86.51079
       569    724.9998    595.4915      17518.8     450.3971  14.3912   0.0279     9.12    0.460  -2.07   2      56.74     2943.201      91.1415
       570    723.0092    592.0471     8419.994      156.518  15.1867   0.0202     0.00    0.040   6.69   3      111.8     7911.969       103.17
       571    301.5846    594.6844     43837.42     607.7484  13.3954   0.0151    12.49    0.447   7.80   3        117     6252.169     99.04974
       572    290.4340    587.9385     22063.25     558.7608  14.1408   0.0275     7.20    0.397   6.56   3      66.06     3504.043     92.52946
       573    413.8794    595.9590     5919.414     468.2308  15.5693   0.0859     7.84    0.592   1.51   0      18.51     902.8577     85.90311
       574   1002.0192    595.5436        14426     218.8573  14.6021   0.0165     6.25    0.265 -84.79   0      137.8     11494.77     110.6039
       575    641.9909    595.1568     8956.045     430.3312  15.1197   0.0522     8.32    0.496   2.21   0      31.02      1701.23     88.43634
       576    518.0895    595.1984     5727.173     435.4575  15.6051   0.0826     5.31    0.258   5.75   0      18.35     1001.778     86.16442
       577    469.0887    594.7267     7121.934      461.407  15.3685   0.0704     5.69    0.290  44.10   0      24.66     1192.919     86.21163
       578    197.6665    595.2903     5547.475     435.3637  15.6398   0.0852     5.67    0.323   5.18   0      18.03     883.0242     85.39077
       579    580.0013    592.9792     17276.85     200.8371  14.4063   0.0126     0.00    0.326  54.08   3      169.8     15466.21     118.3176
       580    583.0893    589.9103     21265.15     303.8889  14.1808   0.0155     8.75    0.382   9.10   3      112.5      10407.8     107.9833
       581     16.0170    592.9747     1970.197     182.6964  16.7637   0.1007     3.59    0.477 -44.93   0      11.76     848.3033     86.21655
       582    963.5692    591.3318      10555.2     550.4956  14.9413   0.0566     9.13    0.390  12.02   2       28.5     1287.604     86.91507
       583    828.5000    589.4056     21381.96     875.0276  14.1749   0.0444    12.96    0.673   5.63   0      26.05     754.8836     85.28019
       584    170.7806    596.3276     14001.73     507.3114  14.6345   0.0393     6.50    0.229   0.65   0      41.36      1995.67     88.96881
       585    809.9432    588.2928     6114.055     452.2873  15.5342   0.0803     7.53    0.437  -6.76   0      18.82     955.4245     85.58325
       586    145.0402    588.9996     34706.01     190.9086  13.6490   0.0060     0.00    0.064  -0.30   0      263.8     33792.12     149.6922
       587    891.8001    584.6626     14409.79     675.5605  14.6034   0.0509    10.48    0.496  -9.81   0      34.17     1386.229     87.62308
       588    331.1472    584.3015     20948.89     779.7346  14.1971   0.0404    13.89    0.468   6.52   2      43.14     1876.914     87.77232
       589    341.4379    583.2209     11791.17     578.8828  14.8211   0.0533     9.02    0.516  -3.83   3      29.94     1650.119     88.52754
       590    603.0849    583.8500     20168.22     569.3403  14.2383   0.0307     8.90    0.463  -7.08   2      56.92     2877.164     90.54287
       591    517.0718    583.2038     12577.94      595.944  14.7510   0.0515     8.87    0.337   0.92   0      34.09     1574.906     87.66311
       592    646.1181    582.9494     10768.99     601.0135  14.9196   0.0606     9.25    0.454   2.99   0         25     1084.749     85.92599
       593    917.7438    582.0255     6690.789     316.9992  15.4363   0.0515     8.80    0.433   4.03   0      24.54     1249.248     86.81471
       594    756.0861    581.9558      10051.3      510.383  14.9944   0.0551    10.40    0.453   2.89   0      29.25     1188.756     86.20065
       595    451.2899    581.6823     17156.36     647.4891  14.4139   0.0410    11.21    0.518   6.72   3      42.57      1704.95     87.77562
       596    443.3283    578.8551     14429.62      621.695  14.6019   0.0468    10.73    0.518  -0.23   3      33.83     1770.551     87.94531
       597    419.5338    581.2609     9523.376     383.4769  15.0530   0.0437     8.58    0.497   0.83   0      34.85     1753.692      88.1254
       598    676.0076    580.4094     11496.65     697.5357  14.8486   0.0659    11.41    0.439  22.94   3      23.83      1064.26     86.32907
       599    679.8583    578.9282     2593.316     180.7675  16.4654   0.0757     3.07    0.186 -87.04   3      32.93     1657.636     87.65302
       600    977.9955    580.9897      15763.4     166.8407  14.5059   0.0115     0.00    0.006  41.77   3      170.7     15414.78     118.2188
       601    971.9193    577.7145     13348.03     478.0404  14.6865   0.0389    12.56    0.407  10.08   2      40.51     1721.802     87.59479
       602    846.4807    576.4600     110076.7     655.7291  12.3958   0.0065     8.22    0.392   1.29   0      260.8     15580.14     118.2036
       603    816.1929    575.1844     45430.37     589.4429  13.3566   0.0141     8.03    0.398  -1.05   3      129.6     6822.612     100.3501
       604    826.9863    568.7640     18185.07     787.0997  14.3507   0.0470    14.65    0.302  30.63   3      38.42     1170.296     87.28703
       605    130.0870    577.4983      6964.47     471.8771  15.3928   0.0736     4.02    0.380   2.99   0      22.96     1306.223     86.28194
       606    377.3517    575.2349     12637.09     667.6325  14.7459   0.0574     9.57    0.465 -10.21   2      25.91      1119.16     86.47349
       607    667.4389    568.4251     88069.88     997.4055  12.6379   0.0123    21.11    0.637 -15.60   3      177.3     7687.776     102.6749
       608    643.5049    571.5160     64849.78     688.0432  12.9702   0.0115     8.11    0.336   2.87   3      145.6     7809.441     102.3686
       609    618.8950    569.9335     100411.1     637.8755  12.4955   0.0069    13.54    0.345  -4.92   0      251.9     15474.35          118
       610    182.2449    572.5426     7754.022     526.4639  15.2762   0.0737     8.87    0.104 -66.06   2      23.43     855.9158     85.77882
       611    188.3724    570.9082     7901.052     502.6164  15.2558   0.0691     7.43    0.460  -1.01   3      21.27     1012.875     85.50575
       612     89.3770    573.1076     8008.836     368.1558  15.2411   0.0499     9.74    0.362  -8.68   2      27.75     1381.439     86.47984
       613    256.7964    571.1024     5434.413     413.2652  15.6621   0.0826     7.46    0.530 -17.24   0      19.34     822.7081      85.6908
       614     42.4578    569.5772     6251.328     414.9021  15.5101   0.0721     8.94    0.447  -9.97   3      22.35     1034.515     86.25072
       615     43.2498    564.1300     30260.27     478.8734  13.7978   0.0172    12.20    0.540  18.67   2      115.9     2566.023     90.19606
       616    328.0081    563.5430     218305.8      674.946  11.6523   0.0034     8.12    0.436  11.61   0      448.9     34780.89     151.0557
       617   1016.6985    563.4520     16130.96      544.721  14.4808   0.0367    15.07    0.277 -34.93  16      39.02     1337.596     86.36454
       618    864.6970    562.7149     96891.73     563.6323  12.5343   0.0063     7.84    0.338   1.22   2      238.3     13645.91     114.4242
       619    981.0848    563.7334      15831.6     581.3142  14.5012   0.0399     9.51    0.448  -0.40   0      44.49     2159.103     88.72215
       620    513.7687    564.9245      12167.7     334.4202  14.7870   0.0298     0.00    0.614   7.35   0       84.2     6252.556     99.05062
       621    733.2392    562.1025     32996.96     574.4385  13.7038   0.0189    14.22    0.299  -9.91   2      84.02     2961.116     90.31847
       622    485.8695    567.8577     5627.476     455.2972  15.6242   0.0879     5.82    0.663  28.08   0      18.62     681.4476     85.31532
       623    228.5247    562.2184     17698.94     490.2483  14.3801   0.0301     3.19    0.403   1.03   0      60.18      3821.26     93.30536
       624    588.0789    560.2004     19747.38     566.5722  14.2612   0.0312     9.74    0.431   1.49   0      60.92     2978.934     91.23056
       625    185.8306    562.0057     13694.82     163.9986  14.6586   0.0130     0.84    0.119  -1.60   0      147.6     13729.55     115.2753
       626    145.5160    559.3576     30661.27     450.4725  13.7835   0.0160     7.61    0.411   1.94   0       96.3     4922.102     95.53809
       627    455.3412    572.4579      10908.8     476.8793  14.9056   0.0475     6.25    0.344   8.08   0      35.38      2097.01     89.44767
       628    799.9472    555.9799     7982.838      155.882  15.2446   0.0212     0.00    0.083  14.79   0      106.2     7088.409     101.1451
       629    292.1819    559.4165     37941.45     663.7031  13.5522   0.0190    13.02    0.568   7.62   0      95.68      4704.05      95.6375
       630     90.1300    552.7998      15060.1     514.5252  14.5554   0.0371     8.69    0.466   0.10   0      44.98     2148.998     89.13906
       631    221.9962    552.4335      9086.42     544.4923  15.1040   0.0651    10.35    0.505  -0.93   0       27.6     1414.519     87.69643
       632    371.5040    547.8978     86792.16     625.1813  12.6538   0.0078     8.05    0.505   2.48   3      214.6     11557.27     110.0188
       633    359.8422    540.2371     18889.27     628.8259  14.3095   0.0362    10.25    0.455   9.88   3      48.61     2295.744     89.73209
       634    713.4087    548.8416     10685.39     432.3834  14.9280   0.0439    11.42    0.412   5.71   2      34.05     1619.705     88.44943
       635    646.5233    549.1251     32031.67     654.9478  13.7361   0.0222    11.35    0.457  -0.66   2      85.03      1796.47     87.56377
       636    164.8173    572.4847     21024.18     526.5836  14.1932   0.0272     8.14    0.420   5.80   0       66.4     3250.373     91.68983
       637    458.0266    549.9570     8920.739     516.5919  15.1240   0.0629     8.69    0.460   3.58   0      26.66     1358.424     87.55093
       638    333.2346    546.2898     96201.44     744.0453  12.5420   0.0084     9.47    0.540 -18.93   3      210.9      12059.3     111.2282
       639    802.5567    546.1196     12502.84     631.2092  14.7575   0.0548     9.28    0.311 -16.78   2      29.38     823.7061     85.23274
       640    274.4075    549.3557     5482.403     419.2034  15.6526   0.0830     7.63    0.491   9.50   0      19.65     1014.699     86.65406
       641     77.1564    548.5211     8965.269     479.0442  15.1186   0.0580    10.43    0.168  27.27   0      28.66     1320.276     86.77389
       642    494.8372    547.6869     21423.06      764.577  14.1728   0.0388    10.95    0.483   4.41   0      34.43     1137.427     86.06522
       643    845.8621    544.7635     22912.01     582.3881  14.0998   0.0276     8.09    0.389   1.17   3      67.26       3447.7     92.39097
       644    846.6470    537.9383     6247.753     411.3261  15.5107   0.0715     7.72    0.501  -7.60   3      21.14     1007.002      86.1782
       645     55.7454    545.8486     5428.735     357.0374  15.6633   0.0714     8.24    0.105 -19.73   0      20.76      979.882     86.33498
       646    627.4183    545.1066      18140.3     685.4849  14.3534   0.0410    10.64    0.527   5.51   3      36.25     1584.073     87.01074
       647    613.8104    540.5516     56730.25     606.0891  13.1155   0.0116     7.80    0.356   4.87   2      152.1     8083.984     103.5482
       648    948.5959    540.2042     25567.78     725.5472  13.9808   0.0308     9.61    0.015 -47.58   3      59.33     2581.463     90.23495
       649    936.3137    540.6995      32032.7     897.7472  13.7360   0.0304    15.48    0.530 -14.94   3      52.71     1709.764     87.33843
       650    772.0531    542.3682      29419.2     744.8126  13.8284   0.0275    18.17    0.685 -10.52   0      57.79     1649.598     87.85654
       651     29.6923    543.2129     5870.697     348.9565  15.5783   0.0646     1.62    0.284  87.09   0      26.87     1783.929     87.75583
       652    151.4040    543.3162     58199.49     372.3792  13.0877   0.0069    10.34    0.374 -27.15   0      296.6     46346.94     167.5563
       653    640.9680    541.5614     34883.04     969.6021  13.6435   0.0302     8.86    0.562  24.74   3      76.16     887.0858     86.09035
       654    553.5579    542.7114     4839.839     368.8724  15.7879   0.0828     0.00    0.454 -27.70   0      19.42     1419.294     86.80635
       655    385.2495    541.5250     5755.858     453.1945  15.5997   0.0855     7.68    0.469  -3.96   0      19.12     914.9124      85.7056
       656    179.4953    532.6603     201068.5     657.2427  11.7416   0.0035    12.51    0.204   8.32   0      420.7     28742.11     141.2615
       657    992.0325    539.6122     5073.073     211.2617  15.7368   0.0452     1.49    0.181 -87.34   2      66.83      4650.62     95.92179
       658     14.3850    538.8710     7468.376     534.6899  15.3169   0.0778     9.38    0.642  11.69  19      20.09      781.413     85.81092
       659     19.2214    532.0571     27138.02     748.0741  13.9161   0.0299    15.10    0.352  -1.98  18      62.35     3033.748     91.36701
       660    497.9392    536.6780     21186.77     677.1102  14.1848   0.0347     8.02    0.411   3.17   0      50.52     2453.766     89.47378
       661    542.0656    531.5537     174273.4     601.4264  11.8969   0.0037     7.70    0.308  -0.72   0      387.8     26882.19     138.5212
       662    447.2212    535.7676     15839.31     218.0748  14.5007   0.0150     0.00    0.200 -20.10   0      150.5     12973.65     113.7753
       663      1.8734    534.1647     5587.595     388.8077  15.6319   0.0756     6.38    0.549  88.81  24      20.22     881.8036     85.15666
       664    437.9699    532.8019     3784.434     200.2711  16.0550   0.0575     4.07    0.539 -88.94   0       42.8     2577.642     90.66066
       665    209.4626    544.7540     15442.42     678.0888  14.5282   0.0477     6.68    0.212 -17.63   2      36.15     2042.086     88.86605
       666    319.7938    528.4835     77146.58     530.2316  12.7817   0.0075     8.84    0.340   3.19   0      209.2      12299.5     112.2453
       667    511.6943    534.3375     5730.175     453.1817  15.6046   0.0859     6.69    0.283 -25.85   0      17.66     891.0492     85.41212
       668    917.1931    529.6486     7902.251     471.2854  15.2556   0.0648     9.65    0.507  -0.80   0      26.85     1352.167     87.30949
       669    419.5301    526.9368     79992.45     562.9299  12.7424   0.0076     8.41    0.402  -0.12   0      212.6     12730.43     112.9403
       670    622.6121    524.8460     23078.28     900.4103  14.0920   0.0424    15.14    0.352 -36.13   1      34.82     786.1422     86.05252
       671   1006.6251    527.2992      5701.14     462.8383  15.6101   0.0882     7.87    0.180 -43.07   1      19.49     898.8455     84.97076
       672    118.9343    526.4913     10148.03     524.6899  14.9840   0.0562     8.37    0.346   2.53   2      28.25     1374.617      86.6893
       673    112.1528    527.1908     2728.262     251.4995  16.4103   0.1001     5.91    0.620 -25.13   3      16.79     1102.331      86.8836
       674     76.6595    506.5009     41003.74     763.9602  13.4679   0.0202     7.99    0.296   6.38   3      104.3     5204.894     96.00363
       675     76.5280    515.5886     41238.09     707.1597  13.4618   0.0186     8.61    0.454   3.01   3      89.79     4692.254     95.60947
       676     89.0611    522.3389     163821.1     623.2662  11.9641   0.0041     7.83    0.351   0.71   3      362.5     23881.79     133.6551
       677    473.4253    523.4132     19359.73     697.2753  14.2828   0.0391     8.83    0.366  -4.75   0      41.02     1969.651     88.90232
       678    437.8645    519.8267     25441.08     750.1872  13.9862   0.0320    11.97    0.477  -2.19   2      49.19     2037.776      88.6332
       679    486.8490    523.3176     12012.41     620.8107  14.8009   0.0561     9.67    0.498 -11.46   3      22.41     1107.843     85.98705
       680    495.4935    519.1517     12636.05     614.6665  14.7460   0.0528     8.90    0.385  -6.27   3      28.21     1245.037     86.12063
       681    225.6481    522.3751     10986.04     478.9756  14.8979   0.0473     8.99    0.503   0.55   0      33.97     1707.502     88.45245
       682    348.2016    522.5341     5877.204     435.5358  15.5771   0.0805     6.81    0.335   1.39   0      19.68      1027.51     86.68765
       683   1012.2428    520.0540     12725.19     498.9089  14.7383   0.0426    12.09    0.349   1.35  16      40.42     1925.387     88.78909
       684    545.8183    517.7428     7692.342     599.0279  15.2849   0.0846     8.64    0.352   5.04   0      19.85     674.3168     85.29632
       685    376.2382    516.3301     21083.75     524.7368  14.1901   0.0270    13.53    0.482   9.94   0       63.2     3365.396     92.18829
       686    195.5350    515.9207     12692.79     589.3445  14.7411   0.0504     8.26    0.328 -13.58   0      35.68     1598.492     87.49953
       687    888.2416    513.6525     62319.91      598.392  13.0134   0.0104     8.11    0.388  -1.09   0      167.3     9278.219     105.9514
       688    130.5605    516.5541     7848.354     386.3239  15.2631   0.0535     9.10    0.379   6.55   0      28.05     1306.113     86.73678
       689    951.2203    515.8931     6794.228     464.4356  15.4197   0.0742     9.08    0.505   1.91   0      23.56     1132.758     85.82381
       690    635.2878    515.1894     13007.04      637.596  14.7146   0.0532     8.66    0.436   1.10   0      25.88     1141.213     86.30362
       691    857.9554    512.3450     22492.59     645.5588  14.1199   0.0312    13.43    0.461   0.69   0      60.07     3062.841     91.65439
       692    987.7396    521.0250     8387.308     502.8362  15.1909   0.0651    10.39    0.444   4.89   2      29.42      1515.77     87.73434
       693    496.8735    510.1825     20363.78     730.6822  14.2279   0.0390    11.08    0.464  26.11   1      48.44     1732.541     88.29408
       694    754.0854    511.1790     3470.444     358.5445  16.1490   0.1122     5.31    0.464  13.66   0      13.54     779.8544     85.11574
       695    727.3357    509.3475     10604.96     195.6711  14.9362   0.0200     5.67    0.454  45.94   0      115.5     8747.741     104.6193
       696    226.6717    508.1833     14669.82     656.4359  14.5839   0.0486     7.80    0.461  -0.85   0      31.56     1481.068     87.64439
       697    947.9614    508.9767       8388.1     156.4717  15.1908   0.0203     0.00    0.078  28.29   0        116     7867.162     103.2621
       698    480.2830    506.7805     22152.49     703.8017  14.1364   0.0345     9.81    0.371  -2.31   2       54.3     2111.342       89.043
       699    634.6394    507.3350     6934.508     506.0841  15.3975   0.0793     8.47    0.489  -3.72   0      21.72     1027.491     86.23222
       700     43.2797    501.7266     76297.15     650.7574  12.7937   0.0093     8.17    0.345   1.64   0      193.1     10497.11      107.989
       701    662.1522    494.2314     8064.583     514.3047  15.2335   0.0693     8.34    0.306 -10.21   3      27.04     1459.067      87.8118
       702    663.9227    505.2223     17122.13     759.4189  14.4161   0.0482    10.25    0.433  -1.09   3      30.59     1167.236     86.59975
       703    662.4560    499.3853     12842.75     686.5995  14.7284   0.0581    10.91    0.453  13.84   3      28.14     1139.604     86.75442
       704    423.0535    504.4517     26523.47     902.3709  13.9409   0.0369    13.01    0.391  -5.59   2       43.5     1764.633     88.59913
       705    419.1174    497.8472     8767.232     546.1643  15.1428   0.0677     9.24    0.331  18.63   3      22.71     1067.453     85.88024
       706    810.9923    504.9579     29248.49      239.977  13.8347   0.0089     0.00    0.413  -8.17   3      204.3     22803.76     132.1076
       707    810.0028    501.0440     34759.73     327.6297  13.6473   0.0102     0.00    0.547 -12.77   3      186.6     20149.47     127.3049
       708    955.0415    500.5117     6818.596     455.8914  15.4158   0.0726     8.76    0.582   6.44   2      22.47     988.4264     85.67085
       709    793.1024    503.1732     6030.063     474.5485  15.5492   0.0855     5.02    0.358   1.37   0      19.14     1033.691     85.33067
       710    719.4538    500.5490      14666.5     471.4146  14.5842   0.0349     9.86    0.296   2.49   0      48.95     2766.314      91.1324
       711    540.4615    502.6030     5723.629     392.6656  15.6058   0.0745     8.82    0.409   1.68   0      18.77     795.4133     85.84799
       712    509.9718    500.0068     12935.74     601.8323  14.7205   0.0505     5.43    0.275  43.02   2      30.29     1157.238      86.8006
       713    306.0310    504.0112     25798.79     179.9926  13.9710   0.0076   -13.57    0.060  16.37   0      221.9     24983.88     135.6614
       714    931.8625    500.3983     5850.959      340.376  15.5819   0.0632     8.67    0.404  78.62   0      26.82     1280.446      87.1226
       715    862.6327    497.1708     27128.66     744.7745  13.9164   0.0298     8.76    0.428  -5.10   3       72.2     1645.285     88.29245
       716    869.5234    487.5907     40864.86     636.7189  13.4716   0.0169    13.99    0.366  -0.75   2      108.5     5384.609     97.03867
       717    697.4755    497.7265     100678.9     550.1541  12.4927   0.0059     7.74    0.330  -0.64   0      258.3     15630.37     118.3001
       718    225.3113    499.5783     14562.07     697.8289  14.5919   0.0520    11.11    0.513 -11.52   3      30.59     1277.194     86.43351
       719    832.6368    499.7092     9852.783     516.0489  15.0161   0.0569     7.84    0.428   1.27   2       27.3     1335.085      86.5856
       720    108.0011    498.0123      17403.2     169.0597  14.3984   0.0105   -38.43    0.021 -84.86   0      182.6     17125.51     121.4631
       721    766.3611    495.7987     6138.921     372.3251  15.5298   0.0659     5.17    0.310   8.02   0      21.76     1080.765     86.82716
       722    276.0892    493.3914      17628.1     560.4774  14.3845   0.0345    12.70    0.370   1.18   0      52.97     2537.732     89.90604
       723    554.6070    491.7113     21582.25     551.4712  14.1648   0.0277     8.51    0.467  -1.00   2      60.57     2677.382     90.47622
       724    320.5066    494.7348     8126.897     520.0419  15.2252   0.0695     9.17    0.615 -14.14   1      20.47     980.1834     85.87852
       725    334.6161    487.6861     163133.7     586.3907  11.9686   0.0039     7.80    0.343   0.74   2      371.9     25045.69     135.3292
       726    325.9727    481.0822     12702.02     165.6158  14.7403   0.0142     0.00    0.145 -71.43   3      147.5     11810.32     111.0733
       727    215.0073    493.7330     51723.55     254.6605  13.2158   0.0053     0.00    0.483 -85.66   0      320.9     49167.92      171.225
       728    230.2131    491.0930     12661.03     591.0001  14.7438   0.0507     8.54    0.514  -1.67   0      33.43     1680.789     87.48831
       729   1002.1395    489.7979     9504.945     538.3047  15.0551   0.0615    10.62    0.388  -3.70   0      29.72     1310.583     87.20119
       730    679.6044    488.9091     12786.55     527.7001  14.7331   0.0448    12.36    0.481  10.40   0      40.04     1898.574     88.49826
       731    147.3908    491.0381     3664.171     360.0369  16.0901   0.1067     6.26    0.667 -16.19   0      14.66     773.6406      86.0195
       732    840.1205    487.5953     5850.459     429.8345  15.5820   0.0798     8.25    0.444  24.17   0      20.41     944.7664     86.24249
       733    517.0126    488.0035     23608.81     177.2058  14.0673   0.0082     0.00    0.028  29.08   0      212.4     22689.49     131.4624
       734    196.9899    486.6348     4640.207     166.4373  15.8337   0.0390     0.82    0.176  87.27   0      63.99     4385.147      95.0839
       735    763.3945    485.0169     7516.994     402.3576  15.3099   0.0581     8.87    0.448   0.43   0      26.41     1300.869     86.94975
       736    981.1518    484.9016     7452.552      527.268  15.3192   0.0768     7.89    0.575  10.74   0      19.91     817.8785     84.75392
       737    711.6023    483.2282     6356.333     453.4956  15.4920   0.0775     8.24    0.539  -6.79   0      20.32     821.4876     86.14582
       738    499.0757    483.1355     13677.38     679.6728  14.6600   0.0540     7.08    0.190  -0.19   2      28.78       933.93     85.98528
       739    495.1112    483.1133     5143.081     336.9947  15.7219   0.0712     1.97    0.190  -2.80   3      18.59     1198.672      86.4548
       740    439.0792    483.4739     7890.777     518.0421  15.2572   0.0713     8.71    0.431  19.50   0      21.35     898.3293     85.20075
       741    293.3326    483.2301     4887.067     372.8824  15.7774   0.0829     7.57    0.382  11.99   0      18.52     947.5136     86.02117
       742    146.9875    481.7043      7196.77     476.1417  15.3572   0.0719     9.05    0.398  -0.75   0      24.55     1114.143      86.4603
       743   1021.5482    480.4199     6005.476     420.6585  15.5536   0.0761     8.03    0.362 -36.36  24       18.7     786.5695     85.82458
       744    681.0219    465.4387     38241.71     1070.237  13.5437   0.0304    11.89    0.317  46.82   3         81     1049.644     86.97231
       745    670.3334    478.6500     48302.12     1052.452  13.2901   0.0237     9.89    0.312 -14.91   3      67.45     3532.192     92.59857
       746    664.4960    473.7775     4243.508     180.1184  15.9307   0.0461     2.59    0.405 -26.52   3      56.34      3369.35     91.55522
       747    680.1804    472.7422     31087.58     590.5912  13.7685   0.0206     9.27    0.450  12.39   3      83.46     2013.518     88.79296
       748     60.7460    479.4720     19661.84     690.2804  14.2659   0.0381    13.25    0.521   4.58   0       44.7     1915.355     88.31873
       749    424.7484    479.4536     6577.995     458.9995  15.4548   0.0758     4.79    0.185   4.32   0      19.13     1002.331     86.62162
       750    314.0721    475.7249     35069.12     518.5649  13.6377   0.0161    10.05    0.368   6.18   0      105.5       5394.5     96.65534
       751    976.3073    476.7119     12540.91     602.5005  14.7542   0.0522     8.73    0.213  18.62   3      27.09     1119.655     86.24683
       752    956.7388    477.4144     8306.571     228.0508  15.2014   0.0298     4.45    0.560 -32.46   0      70.36     6198.574     98.92668
       753    505.4776    472.8116      16756.5     654.1554  14.4395   0.0424    10.67    0.413  -8.57   2      38.18     1617.422     87.77326
       754    895.7405    475.4916     9328.719     540.9665  15.0754   0.0630     9.22    0.442   0.60   2      23.84     899.5455     85.43473
       755    301.3134    475.9761     5582.285     192.3238  15.6330   0.0374     1.92    0.430   3.53   0      64.53     4808.771     95.26812
       756    911.7813    473.6883     15713.71     590.5083  14.5093   0.0408    11.81    0.603  -3.37   0      38.38     1642.302     87.38827
       757    474.8949    473.7758     8319.483     353.3446  15.1998   0.0461     8.36    0.454   1.72   0      31.55     1555.155     86.93518
       758    117.0942    473.5797     12317.92     544.0332  14.7737   0.0480     9.33    0.498  -2.55   0       35.6     1622.241     87.11038
       759   1011.7515    468.8564     19272.41      839.447  14.2877   0.0473    13.69    0.502 -61.75  19       34.1      1269.78     87.09477
       760      3.1536    474.1364     2648.725     261.0315  16.4424   0.1070     5.20    0.410  20.31  16      12.98     779.2672      85.5755
       761    980.1475    469.8796     7202.253     455.0023  15.3563   0.0686     6.49    0.266 -71.93   1      20.29     946.8381     85.56045
       762    291.5988    460.6578      30177.2     898.9213  13.8008   0.0323     7.44    0.367   3.76   3      60.06         2848     90.90379
       763    290.6148    467.8881     35072.07     744.5552  13.6376   0.0231    16.87    0.726   2.78   3      66.12     2627.804     90.13345
       764    189.0041    469.9964     22419.49     175.6739  14.1234   0.0085  -108.71    0.002 -51.15   3      210.3     22266.11     130.7284
       765    192.6494    466.8682     4828.946     344.0119  15.7904   0.0774     6.89    0.437  -3.62   2      20.55      1316.76     86.99127
       766    402.0092    468.5365     2920.888     164.0728  16.3362   0.0610     2.66    0.205  87.10   0      40.98     2392.256     89.75713
       767    333.5176    467.3641        10678      554.998  14.9288   0.0564    10.80    0.454   3.92   0      31.64     1396.647     86.97368
       768    151.0836    464.5857     21076.77      609.761  14.1905   0.0314    10.67    0.347   2.36   3      56.96     2642.812     90.38934
       769    740.9043    467.6807     3358.227     276.2869  16.1847   0.0893     2.25    0.370 -38.63   0       21.8     1821.254     87.85245
       770    971.6575    461.5636     30204.95     645.2244  13.7998   0.0232    14.76    0.288   8.67   2      78.39     3525.974     92.58331
       771    964.0049    459.9996     56595.21     215.3967  13.1181   0.0041     4.19    0.002  47.05   3      344.4     56357.08     180.5154
       772    890.3340    465.3824     4525.588     379.2077  15.8608   0.0910     5.25    0.102 -24.01   0      18.08     964.7646     86.06674
       773    553.7533    465.2137     6618.342     368.6339  15.4481   0.0605     7.32    0.420   9.84   0      23.46     1205.457     87.15294
       774    504.7349    465.6310     8181.758     502.7433  15.2179   0.0667     7.75    0.522  -1.26   1      19.42     782.1086     85.58305
       775    871.4496    464.9966     3288.793     213.9839  16.2074   0.0707     3.76    0.578   0.30   0      24.36      1544.56      87.5844
       776    813.3760    454.5757     363617.9     788.0475  11.0984   0.0024     8.19    0.131  21.15   2      607.2     42014.29     161.6945
       777     57.9973    460.6260     101532.5     551.3998  12.4835   0.0059     7.70    0.346   3.37   0      258.5      15478.2     118.5068
       778    462.6750    459.2723     26069.57     591.9918  13.9597   0.0247    10.03    0.404  -1.64   2      72.15     3575.559     92.49236
       779    165.3325    461.1207     9751.004     592.3777  15.0274   0.0660     9.77    0.538  12.42   0      23.01     1050.801     85.83616
       780    443.0405    456.0201     20539.14     907.9368  14.2185   0.0480    15.26    0.331 -32.64   0      34.43     1218.712      87.1875
       781    780.7993    458.4002     12500.11     631.2082  14.7577   0.0548     9.85    0.562  -2.39   2      30.87     1142.241     86.53413
       782    668.5563    453.3576     34746.38     474.8189  13.6477   0.0148     0.00    0.018  54.58   0      140.5     9667.396     106.2284
       783    408.3800    458.0957     12251.45     689.2658  14.7795   0.0611    10.62    0.613 -13.49   3      28.13     1006.692     85.48932
       784    405.3937    450.3627     53457.34     805.8158  13.1800   0.0164    12.28    0.527  14.52   2      123.9     6631.919     100.3106
       785   1019.0179    454.5568     30158.29     451.3105  13.8015   0.0163     8.27    0.345  -0.47  27      94.51     4857.472     96.20625
       786   1013.0844    445.1485     18353.81     624.7056  14.3407   0.0370     9.84    0.115 -27.31  19      45.93      1603.66     87.28772
       787    761.7501    457.4796     4927.064     425.8932  15.7685   0.0939     6.53    0.295  19.86   0      17.25     780.8998     85.11852
       788    521.4266    458.0002     61830.35     255.9467  13.0220   0.0045     3.20    0.487  -0.01   0      314.2      49865.6     172.3772
       789    146.0254    451.3290     118682.8     624.1781  12.3140   0.0057     8.14    0.346  -4.48   0      281.6     17220.02     121.6398
       790    387.7217    454.5527      6602.49     502.0288  15.4507   0.0826     7.34    0.215  44.02   0      18.26     758.0485     85.28862
       791    865.9449    454.9967     21346.39     232.3728  14.1767   0.0118     3.31    0.547  -0.41   0      148.8     14726.66     117.0567
       792    736.0491    454.2546     11706.55     565.0821  14.8289   0.0524     7.35    0.309  13.38   2      25.71     758.0843     85.74911
       793    597.1321    447.9927     27449.91     677.7584  13.9036   0.0268     3.43    0.041  15.79   0      69.54     3408.818     92.29527
       794    262.6688    453.8343     13274.22      473.869  14.6925   0.0388     8.28    0.559  -9.52   2      40.07     2632.492     90.36339
       795    354.1202    452.8718     21458.73     198.2005  14.1710   0.0100     5.23    0.340 -46.06   0      202.7     20837.88     127.9139
       796    502.9697    447.1972     58545.01     683.8016  13.0813   0.0127     7.89    0.272  -5.83   0      145.2     7524.599     102.3131
       797    251.0051    450.8114     7856.322     158.8269  15.2620   0.0220     0.80    0.128 -87.84   0      103.7     7736.566     102.3991
       798    628.4932    449.9807     3902.957     242.6198  16.0215   0.0675     3.57    0.438   2.60   0      26.02     1875.807     87.76945
       799      3.9873    449.9669     56925.03     215.7444  13.1117   0.0041     0.00    0.110  65.79  16      344.8     56422.55     180.9245
       800    247.9642    461.8234     78758.52     257.5133  12.7593   0.0036     1.07    0.053 -76.56   0      352.5      75578.9     203.5709
       801    725.2733    446.1986     13839.52     463.6438  14.6472   0.0364     8.29    0.423   0.55   0      47.62     2444.333      89.8889
       802    978.0281    446.4950      5790.19     443.3306  15.5933   0.0832     7.15    0.386  16.32   0      19.18     905.7139     84.98913
       803    232.9639    444.3880     7371.312      476.225  15.3311   0.0702     9.04    0.204  -0.69   0      24.11     1461.228     88.04128
       804    109.1147    444.8495      12039.5     601.4937  14.7985   0.0543     8.51    0.403  -6.83   0      31.45     1442.443     86.86694
       805    670.7500    443.5968     3001.868     181.2804  16.3065   0.0656     2.72    0.431 -67.91   0      39.17     2394.093     89.76179
       806    445.2765    443.1912     11012.15     442.6768  14.8953   0.0437    10.07    0.357   3.68   2      35.98     1446.401     87.32932
       807    718.0037    456.0226     10902.09     160.0816  14.9062   0.0159   -15.68    0.038 -88.41   0      129.8     10545.61     108.4547
       808    696.5541    441.0051     9060.115     636.9607  15.1072   0.0763    11.28    0.449  19.97   0      23.33     886.4355     86.08863
       809    381.7975    441.5895     9480.357      518.739  15.0579   0.0594     6.14    0.235 -12.07   2      25.75      1056.04     86.30743
       810    254.9734    428.7726      2056182     1153.396   9.2173   0.0006     7.63    0.274   2.95   0       1745     322005.1     391.6805
       811    483.0006    440.9962     56621.58     215.4245  13.1175   0.0041     4.20    0.008 -89.60   0      343.6     56032.42     180.1062
       812    918.2614    437.1063     37936.75       603.91  13.5524   0.0173    15.44    0.387  10.04   0      102.8     4406.951     94.09567
       813    992.4665    438.8040     8777.867     330.6232  15.1415   0.0409     7.08    0.563 -15.18   2      69.62     4842.917     95.76158
       814    883.9632    438.4826      8792.09     525.0405  15.1398   0.0649     6.83    0.478   8.05   0      22.56     1197.773     86.45244
       815    976.6042    435.5870     6514.146      427.891  15.4654   0.0713     2.61    0.282 -31.60   2      23.38     1458.325     87.36034
       816    342.8723    437.1271     13548.17     710.7786  14.6703   0.0570    12.00    0.324 -66.64   2      31.14      1228.27     86.53258
       817     14.1999    436.8585     1794.781     248.6833  16.8650   0.1505     5.01    0.603 -50.68   0      11.68     786.1218      85.5937
       818    471.8617    435.8444     17362.44     210.5034  14.4010   0.0132     2.53    0.302 -13.54   0      134.2     13532.35     114.5427
       819    795.7242    428.8344     168793.2     661.0474  11.9316   0.0043     8.33    0.258  -8.55   0      358.6     22412.88     130.9833
       820    525.7994    435.1312     6778.471     465.4864  15.4222   0.0746     6.45    0.345  -9.88   0      22.97         1314     87.21009
       821    822.4980    433.8992     12256.03     612.1187  14.7791   0.0542     7.98    0.407   0.68   2      26.41     1216.936     85.58764
       822    674.4850    434.1400     5947.378     422.9608  15.5642   0.0772     4.18    0.494  17.57   0      22.57     944.6345      85.5546
       823    500.5674    431.1496     21522.37     651.2908  14.1678   0.0329    11.26    0.353  13.31   0      54.84      2704.75     90.54494
       824    725.6525    430.8145     8248.246     521.0403  15.2091   0.0686     9.07    0.467  -8.12   0       23.3     1034.991     86.47993
       825    648.9588    450.6809     41216.84     534.3074  13.4623   0.0141     7.93    0.220  -6.03   0      116.7      5972.33     98.00462
       826     31.1898    430.5359     10755.63     549.6837  14.9209   0.0555    10.99    0.520   3.06   0      32.74     1716.071     88.02833
       827    701.1369    428.4755     30287.66     498.0303  13.7968   0.0179     0.00    0.381   0.96   0        107     8648.722      104.404
       828    416.9989    430.2887     17263.45     174.6032  14.4072   0.0110     0.91    0.159 -88.23   0      155.5     17038.69     121.3005
       829    327.7965    425.8614     39731.07     653.1083  13.5022   0.0179     9.92    0.429   3.46   3      101.6     5228.351     96.87543
       830    340.9514    425.5008     23329.17     682.1714  14.0803   0.0318     9.08    0.420   3.13   3      54.46     2617.874     89.45058
       831     86.2757    428.0172     6547.583     490.0982  15.4598   0.0813     7.81    0.216  29.50   0      19.47     888.0797     86.09297
       832    649.8588    425.8655     6374.307     349.2844  15.4889   0.0595     9.05    0.483   2.21   0       24.4     1289.432     86.91985
       833    140.3925    424.1812     18621.34     594.1167  14.3250   0.0346    11.41    0.440  14.54   0      46.18     1806.923     88.26258
       834    763.0972    425.9657     4560.522     398.2199  15.8525   0.0948     7.03    0.634  -5.29   0      16.62     859.9904     84.86677
       835    721.0960    424.2665     16057.18     754.5481  14.4858   0.0510    13.39    0.635   2.29   0      32.47     1036.088      85.7972
       836    878.0464    422.6665     7407.015     485.4537  15.3259   0.0712     8.89    0.576  -4.24   2      21.52     872.4779      85.8227
       837    532.8658    421.4765     17635.35     580.3253  14.3840   0.0357    12.74    0.497  -9.98   0      45.57     2172.708     88.75699
       838    372.3487    421.8717     17609.64     587.8984  14.3856   0.0363     7.94    0.401   0.87   0      48.83     2398.444     89.55325
       839    482.1559    420.9961     7885.588     485.6777  15.2579   0.0669     9.71    0.463   9.47   0      25.75     1182.806     87.09385
       840     88.6165    414.6901      68993.8     811.3999  12.9030   0.0128    10.34    0.214  28.14   2      136.8     6135.882     98.38316
       841    196.0022    417.5033     36906.15     570.8333  13.5823   0.0168     7.64    0.401   2.60   0      108.8     5791.917     97.98798
       842    832.8942    429.5393     14537.04     653.3839  14.5938   0.0488     5.45    0.437  -1.61   0      32.13     1637.719     87.15076
       843   1012.0310    417.0212     12498.46     162.3322  14.7579   0.0141     4.36    0.089  45.45   0      151.8     12414.31     112.6524
       844    984.6271    415.0412     10095.78     574.8021  14.9897   0.0618    10.88    0.090 -17.03   0      30.67     1527.946     87.98989
       845    502.0556    417.2169     23191.47     313.2821  14.0867   0.0147     0.00    0.050 -75.05   0      161.8     16662.32     120.7564
       846    312.2488    415.4176     29840.43     702.7872  13.8130   0.0256     9.26    0.319  17.66   1      66.95     2843.394     91.32442
       847    105.3482    416.8684     13168.92      639.965  14.7011   0.0528     9.45    0.522   1.56   1      26.17     1150.174     86.55495
       848    926.2750    415.1489     4631.932      172.239  15.8356   0.0404     5.05    0.337  27.80   0       69.1     3778.071     92.98864
       849    963.2818    409.0955     36428.35     602.5258  13.5964   0.0180     7.93    0.337   2.30   2      93.96     4829.241     95.31694
       850    849.8011    411.6225     11570.12     474.0902  14.8417   0.0445    12.41    0.606   5.73   2      27.65      1010.02     86.18616
       851    578.1130    412.5541     4849.377     186.2436  15.7858   0.0417     0.00    0.372 -77.46   0      64.35     3686.113     92.55115
       852    208.1781    410.1239     18815.24     705.5191  14.3137   0.0407     8.63    0.500   5.11   0      37.74     1781.218      88.4193
       853    416.6897    406.7884     11257.08     566.6411  14.8714   0.0547    11.76    0.450 -23.11   0      32.26     1229.329     86.30756
       854    472.1331    407.7002     12116.59     566.9857  14.7915   0.0508     8.48    0.540   7.83   0      32.51     1488.761     86.76143
       855    439.6605    407.2823     3501.994     192.4245  16.1392   0.0597     0.00    0.516 -40.96   0       5.61     2709.839     90.12189
       856     17.0536    407.7938     4788.378     383.2374  15.7995   0.0869     3.77    0.338  29.50   0       18.6     1025.128       86.454
       857    613.5663    406.7476      4206.36     375.1006  15.9402   0.0968     6.19    0.271  22.78   0      16.43     904.1469     85.90652
       858    304.9615    404.3412     20014.24     616.5909  14.2467   0.0335    12.92    0.442   2.66   0       51.6     2232.164     89.35085
       859    760.9011    401.5317     31734.12     616.9197  13.7462   0.0211     8.19    0.389   3.24   2      79.31     3351.336      91.5105
       860    602.1399    402.0444     5188.311     408.3369  15.7124   0.0855     2.73    0.089 -34.87   0      20.76     1528.429     87.54253
       861    804.9978    397.0607     12887.83     205.6156  14.7246   0.0173     0.00    0.400 -45.92   0      137.6     11297.59      110.198
       862    688.9885    396.1170      11402.9     445.0943  14.8575   0.0424    10.30    0.277  -3.99   0      37.57     1545.982     87.58809
       863    640.8144    395.9908     7673.607     459.5417  15.2875   0.0650     9.87    0.179  -5.46   0      28.91     1341.201     87.05511
       864    473.8970    397.6342     3631.619     223.3432  16.0997   0.0668     4.70    0.543 -26.43   0      27.42     2232.196     88.46524
       865    261.0015    397.9773     57314.88     216.1547  13.1043   0.0041     4.28    0.041 -89.53   0      343.5     56090.76     180.1798
       866    320.8531    394.8715     18207.86     726.6326  14.3494   0.0433    14.30    0.570  15.43   0      38.43     1241.283     86.56674
       867    295.8000    396.3903     8553.393     502.9113  15.1697   0.0639     4.62    0.227  15.82   0      21.63     1007.319     86.17904
       868    858.0792    395.0634     5911.289     368.1977  15.5708   0.0676     8.58    0.424  -9.33   0      21.45     1041.066     86.03949
       869    572.1113    395.5911     5816.375     414.6638  15.5884   0.0774     5.90    0.435 -20.11   1      16.81     841.7188     85.51129
       870    360.0659    387.9781     76034.41     870.6509  12.7975   0.0124    21.79    0.583 -22.32   2      141.3      4988.63      96.3114
       871   1003.4344    392.7996     7876.811     455.3391  15.2591   0.0628     7.54    0.454   3.27   0      27.38     1449.753     87.78769
       872    144.3860    373.5592     13313.18     559.6051  14.6893   0.0456    11.96    0.521   9.29   3      38.69     2025.211     89.48532
       873    156.3085    387.3272     52773.38     512.0471  13.1940   0.0105     8.92    0.341   2.17   3      147.9      7826.88     102.2149
       874    155.5441    379.2576     28844.78     531.8023  13.8498   0.0200     8.41    0.356  -3.26   3      76.55     3716.176     93.47123
       875    723.0303    390.1113      11057.1     509.8663  14.8909   0.0501    11.45    0.469   6.12   0      33.26     1417.896     86.80269
       876    977.4943    389.5999     4747.536     360.7201  15.8088   0.0825     6.05    0.473 -48.63   0      20.27     1598.277     87.72368
       877    874.9386    387.4536     59893.46     511.3623  13.0566   0.0093     7.69    0.369   0.66   0      169.9     9536.571     106.3191
       878    110.0075    387.4799     49488.45     660.2327  13.2637   0.0145     7.98    0.377   2.32   0      125.6     6587.477     99.81614
       879     28.4027    387.8253     20577.46     727.3734  14.2165   0.0384    12.76    0.434  -1.33   0      44.17     1913.718     88.75922
       880    472.9909    388.9749     1688.279       165.36  16.9314   0.1064     2.12    0.379  -0.12   0      19.66     1897.365     88.71734
       881    214.0250    384.7616     8858.901     390.7153  15.1316   0.0479     7.06    0.346 -10.78   2      31.18     1507.224     88.15993
       882     46.0177    386.2396     27990.82     946.9099  13.8825   0.0367    14.78    0.464 -23.41   2      38.95      1492.56     88.12212
       883    402.2642    386.8942     5951.546     427.5921  15.5634   0.0780     8.06    0.409  11.10   0      20.95     952.5301     85.57557
       884    187.2039    384.3394     10826.55     399.3228  14.9138   0.0401    12.09    0.253  10.60   0      37.19     1633.905     88.03983
       885    520.9279    385.1261     11016.01     590.3672  14.8949   0.0582    10.86    0.517   9.83   0      28.19     1288.572     86.69081
       886    633.5912    385.8953     2593.453     255.2633  16.4653   0.1069     2.63    0.458 -13.72   0      18.36     1271.464     86.87286
       887     65.9878    385.6075      12927.2     668.4679  14.7212   0.0562     9.72    0.617   1.70   0      20.57     923.8861     85.95872
       888    822.4695    381.9865     12567.13     473.5297  14.7519   0.0409     8.55    0.446  -5.83   0      38.63     1921.684     88.55759
       889   1004.6013    381.1385     13585.81     589.6888  14.6673   0.0471     8.33    0.460   0.25   0      37.36     1797.159     88.46026
       890    604.3568    381.5611     3643.147     348.9161  16.0963   0.1040     6.19    0.417 -49.75   0      15.72     775.5524      85.7954
       891    541.8911    381.1239     9912.695     439.8799  15.0095   0.0482    11.53    0.487  -6.51   0      30.75     1478.103     86.96019
       892     97.6322    382.3098     6246.504     424.2831  15.5109   0.0738     0.00    0.627  -4.75   0      21.27      1338.36     86.36655
       893    623.5409    380.7816     6605.039     487.1031  15.4503   0.0801     8.31    0.385 -17.35   0      20.27     811.1789     85.66021
       894    438.0012    381.9773     56441.33     215.2342  13.1210   0.0041     0.00    0.037 -89.58   0      343.6     55820.98     179.8392
       895    123.9707    381.7737     14759.36     197.9677  14.5773   0.0146     0.00    0.369  82.39   0      159.3     13655.38      115.129
       896    236.5747    377.7415     14662.33     394.0766  14.5845   0.0292     7.93    0.456   0.00   0      50.46     2501.698     90.03383
       897    439.7495    373.0517     12713.08     664.7032  14.7394   0.0568    11.66    0.357   5.59   1      30.54     1355.592     87.54358
       898    890.4357    374.5963     5837.191     397.7123  15.5845   0.0740     8.42    0.518   9.56   0       20.8     993.4354     86.59827
       899    678.0046    370.5607     22617.99     593.9888  14.1139   0.0285     8.49    0.284  14.54   2      65.06     3133.113     92.04261
       900    670.7486    367.7125     4828.041     203.8803  15.7906   0.0459     3.13    0.442 -67.84   3       41.6     3276.614     91.54004
       901    978.6716    373.3947     9000.946     520.4237  15.1143   0.0628     8.84    0.347  -7.06   0      25.09     1045.833     86.28055
       902    641.6382    372.3405     8603.483     516.4522  15.1633   0.0652    10.74    0.544   3.56   1      27.28     1208.547      86.7081
       903    595.2447    371.8533      8875.59     447.1165  15.1295   0.0547    10.26    0.402  18.11   0      29.12     1169.534     86.83279
       904    121.0323    373.0541       7352.7     154.9605  15.3339   0.0229     0.00    0.078  57.70   0      106.3     7057.229      101.075
       905     45.7219    369.0011     45287.58     618.7191  13.3601   0.0148    12.75    0.417 -17.86   0      110.6     3971.961     93.67172
       906    699.7687    371.7839     3946.916     354.7081  16.0094   0.0976     3.74    0.167  83.01   0      17.64     1114.094     86.91436
       907    616.0240    370.6412     21008.39     734.9118  14.1940   0.0380    13.31    0.465  20.25   3      42.23     1997.611     89.19476
       908    733.8274    372.0005      9585.62     178.6559  15.0459   0.0202     4.96    0.295   0.12   0      124.8     8896.303     105.3161
       909    511.8901    370.9649     6657.352      455.811  15.4417   0.0744     6.89    0.574   2.54   0      16.96     864.5392     85.34156
       910    405.7399    369.9933     7277.572     484.3781  15.3450   0.0723     8.96    0.452   0.50   0      23.45     1216.501     86.95564
       911    180.5667    370.1074     15633.26      665.701  14.5149   0.0462     8.11    0.489  -6.15   0      37.51     1544.936     86.68164
       912    278.2668    382.3331       335448     679.3758  11.1859   0.0022     9.10    0.286   5.02   0        610     51106.11     173.6653
       913    628.5266    366.6289     22045.82     707.9507  14.1417   0.0349    10.27    0.370  24.39   1      54.76     1913.254     88.53596
       914    807.2885    368.8578     4802.098     434.9744  15.7964   0.0984     5.91    0.456  11.12   0      16.71     734.4719     84.99447
       915    438.5437    358.6615     332918.8     674.1631  11.1942   0.0022     7.68    0.298   3.17   0      605.8     50779.64     173.4646
       916     92.1177    369.3508     24295.04      888.061  14.0362   0.0397    12.57    0.540  18.25   2      56.92     1383.735      86.7132
       917    966.8513    362.8377     12563.66     622.5955  14.7522   0.0538    11.57    0.288   4.95   0       33.6     1548.125     87.59365
       918    333.8986    366.9077     4112.387     290.7779  15.9648   0.0768     4.67    0.190  25.50   0      18.69     1439.389       86.632
       919   1012.4617    362.2440     8775.822     487.1055  15.1418   0.0603     2.95    0.341   7.72  19      26.65     1551.596     87.60265
       920   1019.9272    357.9052     13065.12     546.1505  14.7097   0.0454    11.81    0.467   3.95  27       33.8     1791.697     87.55138
       921    140.2577    361.3877     6525.855     422.1071  15.4634   0.0702     9.68    0.461   4.57   0      23.69     1159.724     86.80711
       922    128.8322    362.0857     1727.499     159.3522  16.9065   0.1002     3.04    0.251 -28.67   0         33     1376.853     86.92194
       923    354.1463    360.9751     2005.148     146.9083  16.7446   0.0796     0.00    0.149   6.92   0      44.44     1957.181     88.64864
       924    610.8882    359.8976      2579.76      154.311  16.4711   0.0650     3.45    0.246  44.51   0      44.85     1900.982     87.83462
       925    815.3277    354.2521     21349.77     513.4763  14.1765   0.0261     9.06    0.391  10.36   0      62.95     2863.875     90.72675
       926    741.1061    349.1397     54313.36     529.7263  13.1627   0.0106     7.94    0.367  -0.12   0      153.9     7983.147     102.3696
       927     10.4179    352.7074     23917.17     273.5909  14.0532   0.0124     7.84    0.477  14.08  16      178.4     18168.66       122.92
       928    481.0096    351.5052     7741.998     501.5641  15.2779   0.0704     8.36    0.221   2.73   2       23.7     876.5783     85.83356
       929    885.0179    350.0313     9494.284     158.0703  15.0563   0.0181     4.29    0.060  61.98   0      125.9     8975.546     105.4869
       930    117.4485    349.7985     9285.809     564.1077  15.0805   0.0660     8.15    0.458   8.16   0      25.05     1219.977     86.73805
       931    952.3572    348.2420     9784.847     564.3087  15.0236   0.0626     9.58    0.525  12.35   0      24.58     1061.782     85.86523
       932    464.0515    339.3914     159264.3     665.9428  11.9947   0.0045     7.76    0.285  -4.49   0      353.9     22198.75     130.7619
       933    194.8797    346.2745     17548.34     507.9298  14.3894   0.0314     8.39    0.408  -0.05   0      52.49     2365.687     89.02892
       934    828.6416    346.3480     11907.19     478.3848  14.8105   0.0436     7.49    0.454  -0.13   0      38.61     1953.925     88.86211
       935    677.2162    347.4386     8468.832     546.9407  15.1804   0.0701     5.38    0.465  16.86   2      25.02     1116.963     87.14805
       936    299.6042    344.5789     15591.63     710.7396  14.5178   0.0495    12.24    0.498  20.84   2      32.93     1317.915     86.99429
       937    255.5008    345.1971     70271.84     969.2681  12.8830   0.0150     8.39    0.389   2.11   0      117.4     6085.159     98.66578
       938     59.3625    345.9979     8924.229     389.4917  15.1236   0.0474     7.63    0.445   0.18   0       36.4     2403.236     90.22239
       939    511.1283    341.1879     5916.904     420.6107  15.5698   0.0772     4.96    0.118  -3.54   3      21.71     1183.644     86.86971
       940    649.9280    351.7284     10597.48     545.1227  14.9370   0.0559     6.74    0.104   6.88   2      29.46     1321.398     86.77682
       941    711.6957    345.7708      4658.57     414.0287  15.8294   0.0965     6.14    0.356   4.39   0      16.91     851.8777     84.84504
       942    586.4258    345.9341     2648.962     157.5679  16.4423   0.0646     2.53    0.183 -13.87   0      40.25      2691.14     90.29301
       943    148.7666    342.4333     9412.535     499.3726  15.0657   0.0576    11.30    0.629  11.80   0      24.08     1091.215     86.85452
       944    911.0602    340.8496     7480.371     500.4631  15.3152   0.0727     8.85    0.523 -14.00   0      23.17      940.009     86.00134
       945    354.3571    337.5678     59186.47      513.929  13.0694   0.0094     8.18    0.409   3.06   0      163.3     9105.867     105.7673
       946    935.6076    337.5425     18001.91     749.2449  14.3617   0.0452    12.37    0.421   0.06   2      35.54     1563.119      87.8569
       947    929.2731    337.0584     2424.172     206.0173  16.5386   0.0923     4.67    0.161   5.20   3      22.33     1438.828     87.08384
       948    501.1156    344.5407     28791.09     464.6029  13.8519   0.0175     7.67    0.402  -4.17   2      87.14     4419.569     94.33506
       949    606.8602    333.4195     11024.98     452.5786  14.8941   0.0446    10.36    0.376 -37.24   0       41.8     1296.955     86.93951
       950    899.1929    332.6063     29845.91      489.856  13.8128   0.0178     7.82    0.389   1.80   0      90.98     4586.671     95.15148
       951    814.2070    333.3661     8485.417     559.4033  15.1783   0.0716     7.37    0.422 -68.28   2      22.21     740.7122     85.93246
       952    573.9362    331.4214     26776.54     444.0974  13.9306   0.0180     7.34    0.381   3.60   0      83.75     4439.557     95.00688
       953    723.3671    331.2875     16303.98     476.3541  14.4693   0.0317     7.94    0.426   1.52   0      51.84     2592.913     90.04543
       954    510.7425    330.7598     5609.775     209.5022  15.6276   0.0406     3.45    0.546 -71.83   0      50.55      4391.94     94.68522
       955    646.7814    331.9590     2577.934      169.507  16.4718   0.0714     4.72    0.105 -23.79   3      32.09     1764.614     88.59908
       956    644.5202    328.2621     17542.02     664.8735  14.3898   0.0412    10.21    0.432 -28.12   2      46.25     2032.807     88.39803
       957    247.0375    329.5382      40124.8     929.9193  13.4915   0.0252    18.51    0.700  -2.34   2      62.31     1945.154     88.61781
       958    854.9050    328.8834     11062.19     386.9401  14.8904   0.0380     4.75    0.393  -1.71   0      38.66     2292.457     89.28386
       959     43.2338    333.1507     6546.127     420.9505  15.4600   0.0698     9.59    0.369   2.87   0       23.9     1130.673     86.50374
       960    169.7605    317.9279     213112.9     699.7224  11.6785   0.0036    18.78    0.414  20.40   1        416     29441.45     142.6584
       961    354.5662    322.4877     4683.974     357.9406  15.8235   0.0830     4.12    0.091  -8.70   0      19.56     1073.733     85.89685
       962    664.0745    321.9492     2974.968     151.6812  16.3163   0.0554     4.47    0.131 -27.59   0      52.03     2509.399     89.83439
       963    246.5736    319.0394      29352.7     912.3007  13.8309   0.0338    12.62    0.419   9.69   0       55.8     2435.113     90.30265
       964    609.7858    318.4560     2865.625     178.3713  16.3570   0.0676     2.96    0.415 -64.30   0       37.2     2035.403     89.07025
       965    479.7229    314.9943     104668.6     557.1255  12.4505   0.0058     7.33    0.396   2.67   0      264.5     17632.53     122.5688
       966    667.0342    314.9244     44022.97     640.1558  13.3908   0.0158     7.93    0.459  -3.55   0      113.1     5689.768     97.75077
       967    428.4155    317.4695     5571.474     472.2491  15.6351   0.0921     7.22    0.324  -3.52   0      18.17     957.1268     86.27505
       968    846.4849    317.2051     4401.991     375.2191  15.8909   0.0926     5.10    0.290   0.51   0      14.21     713.1186     85.62985
       969    505.5268    309.1024     50377.32     782.6262  13.2444   0.0169    16.21    0.100  31.56   2      119.6     3635.391     92.21327
       970    145.4368    313.8193     30977.77     538.2278  13.7724   0.0189     8.15    0.403   1.73   0      94.03     4810.188     96.29913
       971    600.9565    314.0446     6968.992     157.5521  15.3921   0.0246     4.48    0.146 -44.72   0      102.4     6326.282     99.02103
       972     28.1183    303.1944     28362.55     810.3298  13.8681   0.0310     1.51    0.664  -2.97  19      52.48      1856.99     88.61385
       973      6.1057    309.9926     34431.42     693.7088  13.6576   0.0219    19.87    0.324  50.81  27      75.25     2618.416     90.32798
       974     13.8102    302.0499     17907.87      637.027  14.3674   0.0386    11.94    0.421 -14.85  19      41.24     1909.341     88.74801
       975      5.6707    302.7080     7464.303     197.0488  15.3175   0.0287     2.24    0.455 -22.97  19      64.12     4923.929     95.74827
       976    652.6586    311.8301     6964.986     301.2806  15.3927   0.0470     3.39    0.470 -13.45   0         50     3586.933      92.5203
       977    845.3973    306.2005     14238.58     617.6539  14.6163   0.0471    12.46    0.345  15.24   0      37.03     1798.254     88.24026
       978    130.1898    306.2086     28038.84     495.0186  13.8806   0.0192     8.08    0.421   2.31   0      85.76     4237.567     94.31395
       979    190.9977    305.6300     23392.68     589.2953  14.0773   0.0274     9.93    0.451   1.15   0      67.22     3413.763       92.733
       980    488.9695    304.3287     21341.15     554.0432  14.1770   0.0282     7.66    0.410  -1.35   1      63.44      3168.12     91.70065
       981    374.0189    306.0619         6282     424.3021  15.5048   0.0734     3.49    0.154 -47.43   3      24.49      1313.96     86.98396
       982    370.3740    303.2483     8293.624     486.8805  15.2031   0.0638     6.14    0.242  67.71   3      26.58     1043.411     86.72933
       983    328.3825    305.3179     5219.314     196.9571  15.7060   0.0410    -0.55    0.485  40.10   0      70.72     4285.945     94.43046
       984    822.1972    304.5213     7215.888     430.5558  15.3543   0.0648     5.35    0.272  -0.04   0      25.88     1308.244     86.96902
       985    162.1560    303.0583     35779.32     789.6746  13.6159   0.0240    17.44    0.652  -1.95   1      69.37     2477.815     89.97352
       986    585.2354    303.7230     7903.839      533.954  15.2554   0.0734     8.24    0.388  19.88   0      20.92      926.643     85.96602
       987    982.6680    299.5145     74455.71     583.0657  12.8203   0.0085     8.44    0.353   0.17   0      196.5     10818.19     108.6626
       988    779.3072    301.4420     13804.09     598.8819  14.6500   0.0471     8.27    0.403  -7.77   0      36.13      1649.19     87.18066
       989    350.6647    301.7610     9025.526     510.8903  15.1113   0.0615     8.35    0.410   6.91   0      28.13     1330.152     87.02625
       990    890.8800    300.0392     14801.99     658.7269  14.5742   0.0483    12.48    0.348 -16.60   0      37.95     1566.496      87.6413
       991    651.4973    301.2391     8112.916     409.9614  15.2271   0.0549     0.00    0.432   4.81   0      31.98     2259.407     88.53512
       992     54.9112    298.6531     29977.97     460.9318  13.8080   0.0167     8.32    0.403   3.71   0      92.79      4670.69     94.93814
       993    709.9150    300.9122     61505.92     222.7379  13.0277   0.0039     0.00    0.127  45.17   0        344     60047.07     184.9965
       994    588.7391    297.9863     7387.802     538.3251  15.3287   0.0791     7.51    0.454 -60.28   1      19.42     635.8045     85.19364
       995    940.1683    297.1028     6997.521     410.5432  15.3876   0.0637    10.29    0.675 -10.26   0      21.68     915.4679     85.01521
       996    679.9388    294.6085     58344.72     790.5594  13.0850   0.0147    17.23    0.456   3.67   0      133.8     6310.802     99.38246
       997    422.9931    296.2625     12830.03     402.9119  14.7294   0.0341     8.10    0.492  -2.27   0      41.31     1808.997     88.49067
       998    114.5681    295.5622     12672.39     420.7506  14.7429   0.0361    11.83    0.517   0.97   0      40.26     1897.747     88.71832
       999    784.3829    294.4967     8028.083     525.6468  15.2385   0.0711     7.49    0.397  -2.00   1      19.77     770.1715      84.8582
      1000    342.4796    291.7341     3511.943      272.829  16.1361   0.0844     4.36    0.597  56.80   0      33.02     2344.138     89.19488
      1001   1001.7853    290.6164     21897.52     522.2697  14.1490   0.0259    12.40    0.449  -5.27   0      65.53     3241.112     91.88138
      1002    513.4482    283.5067       464138     737.3401  10.8334   0.0017     9.08    0.264   2.01   0      747.4     69133.07     195.6399
      1003    394.8842    285.3772     191525.6     615.1541  11.7944   0.0035     7.74    0.340   2.68   0      415.7     28096.12     140.2183
      1004    256.0356    290.4059     12753.86     609.0798  14.7359   0.0519     8.68    0.536   4.27   0      22.26     890.0547     86.32653
      1005    364.7768    287.0222     34417.94     728.9896  13.6580   0.0230     7.98    0.409   1.40   0      79.26     3861.485     93.82388
      1006    570.3854    285.0711     87112.72      554.374  12.6498   0.0069     9.05    0.364   4.36   0      224.6     13112.91     113.8804
      1007    543.0223    288.0098     13454.99     163.6659  14.6778   0.0132     0.00    0.042  29.67   0        156     13056.73     113.7682
      1008    981.0525    285.4068     5326.391     426.1062  15.6839   0.0869     4.93    0.206 -19.04   0       18.7     1009.925     86.41402
      1009    354.8841    285.8446     9627.803     181.4426  15.0412   0.0205     0.00    0.305  50.14   1      118.1     8441.142     103.5717
      1010    203.1147    279.1258     83230.54     567.7141  12.6993   0.0074    16.19    0.276   1.60   0        212     11311.69     109.5103
      1011    902.8344    282.8020     20246.21     636.3157  14.2341   0.0341     9.88    0.438   4.43   0      51.82     2185.612     89.67252
      1012    798.7903    282.4621     7666.259     532.0059  15.2885   0.0754     9.08    0.219  14.92   0         22     1006.845     86.40592
      1013    697.7425    282.7655     27155.18      832.169  13.9154   0.0333     8.39    0.484  -2.31   2      46.84     2272.282     89.45284
      1014    285.7934    277.9022     67407.53       870.66  12.9282   0.0140    17.88    0.506 -22.81   0      131.3     4030.209     93.81294
      1015     30.3061    282.8093     27159.78     599.8406  13.9152   0.0240     7.68    0.400   2.59   0      79.78     3991.062     93.71806
      1016    768.8747    281.1927     23693.21     736.4102  14.0634   0.0338    15.57    0.623   3.22   0      50.16     1772.704     87.95087
      1017    874.5335    278.5300     10281.44     526.6201  14.9699   0.0556     8.93    0.480   1.00   0      32.56     1577.243     87.44433
      1018    158.5854    289.9955     5033.187     186.4678  15.7454   0.0402     2.18    0.386  -1.23   0      64.39      4560.93     95.08998
      1019    999.2298    272.3419      74330.2     640.9207  12.8221   0.0094     8.60    0.375   2.56   2      170.4     9150.948     105.4916
      1020    116.9615    273.1064     52493.64     500.2532  13.1997   0.0103    14.33    0.401   4.95   0      150.6     7440.563     100.9631
      1021    450.9747    272.2107     15591.71     400.7997  14.5178   0.0279     7.52    0.429   0.42   0      54.13     2976.419     91.43984
      1022    172.6204    271.3396     27490.88     531.2234  13.9020   0.0210     8.08    0.339   8.94   3      85.47     4259.104     94.36583
      1023    170.2434    264.6961     14693.34     477.6503  14.5822   0.0353    11.93    0.503   3.98   3      44.52     2168.904     88.30248
      1024    625.4387    269.7489        27168     737.4818  13.9149   0.0295    11.70    0.414 -26.29   2      60.37     2111.009     89.26296
      1025      4.4216    271.3157     3785.292     214.5106  16.0548   0.0615     0.00    0.532  37.40  16      49.71      2690.24     90.07244
      1026    892.5601    268.4195      25110.2     593.2849  14.0004   0.0257     8.28    0.440  -0.99   2      65.88      3016.45     91.96839
      1027    861.4521    269.4734     4131.777     397.9752  15.9597   0.1046     6.55    0.384  58.95   0      16.25     807.9773     85.42156
      1028    709.0080    268.9712     4934.718     151.3727  15.7668   0.0333     0.00    0.054 -87.39   3      72.79     4360.753     95.02557
      1029    712.9515    268.5128     7795.515      556.476  15.2704   0.0775     9.73    0.329 -60.75   2      23.35     1184.894     86.19047
      1030    647.9269    270.1255     8768.365     462.2173  15.1427   0.0572     8.24    0.471  -4.02   0      30.08     1512.578      87.2761
      1031    607.5010    270.7054     6057.188     459.8132  15.5443   0.0824     6.02    0.303 -17.04   0      17.97     893.6998      85.1884
      1032    259.0150    259.8032     264831.3     768.6876  11.4426   0.0032    21.14    0.303   7.45   2      487.2     34702.59     150.8074
      1033    669.9805    276.6966     39895.43     835.0521  13.4977   0.0227    14.16    0.407 -15.37   0      84.25     3460.069     91.78014
      1034    407.3265    266.4303     7465.847     484.4664  15.3173   0.0705     8.79    0.462   0.35   0      23.53     1126.411     86.49254
      1035    480.4335    264.6137     11617.01     466.7897  14.8373   0.0436     9.70    0.427  -6.59   0      35.52     1812.202     88.94268
      1036    470.8138    265.4186     4299.189     193.3637  15.9165   0.0488     3.97    0.520  71.36   0       53.5     3233.326     91.86211
      1037     38.2611    262.3547     26984.06     665.1401  13.9222   0.0268    13.68    0.597  12.12   1      60.45     2181.037     89.22071
      1038     54.7405    259.6523     34381.94     527.6745  13.6592   0.0167     8.31    0.415   3.59   1      100.8     5132.814     96.44714
      1039    809.9655    261.9422     3920.708     149.8425  16.0166   0.0415     4.37    0.132  61.57   0      73.18     3749.511     93.13043
      1040    442.6640    261.9420     4541.262     393.2342  15.8571   0.0940     6.56    0.499   4.35   0      17.14     889.1663     85.86688
      1041    592.4749    258.6917     23914.94     490.1183  14.0533   0.0223     7.87    0.409   2.24   0      76.34     3960.843     93.22334
      1042     19.3784    256.9625     34079.94     538.6232  13.6688   0.0172    11.97    0.403   5.37  16      98.74     5104.442      96.9911
      1043    842.4814    256.0323     33209.95     703.1764  13.6968   0.0230     8.34    0.346   2.30   0      84.71     4484.514     94.90717
      1044    211.2653    259.4851     3126.159     211.4967  16.2625   0.0735     3.75    0.582  21.54   0      23.77      1608.61     87.30061
      1045    561.8424    258.4099     6661.135      476.919  15.4411   0.0778     7.79    0.438   5.57   0      20.45     1011.152     86.87167
      1046    285.6217    253.8168     54905.48     512.0323  13.1510   0.0101    14.30    0.350   0.32   0      158.6     7677.009     102.6511
      1047    124.0026    252.3939     10357.01     543.2134  14.9619   0.0570     8.47    0.440   0.82   0      33.08     1493.631     87.45214
      1048    678.7978    252.0339     5894.922     395.2628  15.5738   0.0728     8.46    0.314  19.96   0       20.5     954.9983     86.49734
      1049    936.0310    250.0697     7261.835      157.974  15.3474   0.0236     4.49    0.151  68.00   0      109.4     7121.862     101.0256
      1050    852.3359    245.9375     34685.33     570.8112  13.6496   0.0179    14.42    0.251   1.85   2      92.81     4298.546     94.25214
      1051    701.1353    244.7202      17245.5      724.975  14.4083   0.0457    13.70    0.316  -9.30   0      39.37     1804.226      88.0323
      1052     41.5903    247.9070      13288.1     306.0133  14.6913   0.0250     7.29    0.492  -6.38   2      104.8     8305.024     103.6531
      1053    543.1608    245.7035     16261.58     652.4766  14.4721   0.0436    12.38    0.474  -1.75   0       42.1     1945.325     87.72515
      1054    408.0044    244.1952     59239.76     615.0836  13.0685   0.0113     0.00    0.536   5.60   2      156.7     5161.484     96.51468
      1055    504.7715    244.5614     3955.025     380.1624  16.0071   0.1044     6.05    0.159   8.36   0       15.6      893.506     86.33562
      1056    974.7479    255.3313     8331.412     495.9119  15.1982   0.0646     1.51    0.553  20.12   0      26.12     968.1478     86.07568
      1057    765.5650    240.5534     6266.948     440.2338  15.5074   0.0763     8.36    0.547   4.11   0      21.38     959.5703     86.05302
      1058    598.9745    240.9792     4114.474      400.431  15.9642   0.1057     5.01    0.431  14.76   0      15.02     850.2668     86.22172
      1059   1014.6883    239.1256     5666.556     412.2006  15.6167   0.0790     8.89    0.571   4.18  16      20.48     833.9478     85.26005
      1060    479.1562    238.5544      7479.01     329.7292  15.3154   0.0479    10.02    0.502  -2.79   0         28     1450.161     87.56421
      1061    998.5770    235.7836     48717.51     565.1616  13.2808   0.0126     8.75    0.420  -1.38   3      135.2     7116.972     101.4036
      1062   1005.0575    227.9582     44400.53     588.2095  13.3815   0.0144    15.15    0.385  -7.32  19      119.9      5491.17     97.28793
      1063     43.0053    238.5527     7733.408      535.722  15.2791   0.0752     8.03    0.336  -7.02   0       22.2      887.653     85.86288
      1064    915.4843    237.8972      40017.2     261.5143  13.4944   0.0071     6.94    0.539 -10.39   0      269.5     36591.34     153.3709
      1065    632.4714    233.3320     44188.06     590.6326  13.3867   0.0145     7.81    0.354   5.18   0      120.2     6147.144     98.60902
      1066    213.0368    234.2612     28095.16     661.0677  13.8784   0.0256     8.15    0.309 -16.48   3      72.41     3650.017     92.88731
      1067    220.3296    228.9647     9826.875     489.6102  15.0190   0.0541     5.96    0.342  14.66   3      31.53     1719.633     88.03752
      1068    187.4119    236.4209     6824.426     417.5798  15.4148   0.0665     2.49    0.030  33.01   0      20.65      1212.54     86.94527
      1069    960.4764    235.0984     7509.188     206.8475  15.3110   0.0299     0.00    0.466 -12.41   0      89.76     6014.242     97.90089
      1070    544.9442    235.4978     6782.111     456.9515  15.4216   0.0732     4.91    0.654 -29.14   0      18.15     758.6531      85.0591
      1071     69.2754    235.4944     3645.344     197.6385  16.0957   0.0589     2.70    0.391  32.14   0      33.72     2774.331     90.28438
      1072    328.0912    231.1528     2166.793     150.4654  16.6605   0.0754     0.00    0.198  62.44   0      47.19     2059.067     88.46552
      1073    176.1064    229.5594     15948.72     618.2828  14.4932   0.0421    12.33    0.429  -3.95   0      43.25      1917.78     87.87807
      1074    159.1518    229.9899     4109.988     150.1293  15.9654   0.0397     0.89    0.095   1.36   0      68.26     4119.774     94.44747
      1075     94.5616    227.8221     7057.966      387.132  15.3783   0.0596     9.75    0.438  -5.85   0      25.25     1358.192     87.77489
      1076    906.4219    224.3019     117360.1     623.6963  12.3262   0.0058     7.91    0.333   2.38   2      283.5     16683.82     119.9792
      1077    585.8729    228.1433     9053.391     226.6326  15.1080   0.0272     6.39    0.387  -0.86   0      87.08      5891.06     98.01702
      1078    381.9795    226.9071     14039.04     515.9852  14.6317   0.0399    11.70    0.485  -1.79   0      41.11      1826.77     87.64238
      1079    237.8708    226.7426     7945.077     504.5908  15.2498   0.0690     7.27    0.411  17.57   1      19.33     748.6386     85.26355
      1080    748.1277    224.0527     2146.813     150.4353  16.6705   0.0761     2.80    0.216  29.26   0      43.15     1795.011      88.0085
      1081    725.5065    220.0492     19453.04     585.2565  14.2775   0.0327    14.02    0.334  -0.51   2      53.04     2217.909     88.65087
      1082    231.9597    222.3721      10214.8     567.9586  14.9769   0.0604    10.68    0.570  -0.96   0       26.9     1223.425     87.19978
      1083     17.0403    223.8076     8760.493     166.1494  15.1437   0.0206     0.00    0.242 -78.24   0      115.7     7995.508     103.3539
      1084    196.2587    218.6565     54809.51      862.814  13.1529   0.0171     9.16    0.179 -49.96   0      120.6     5264.721     97.16354
      1085    660.2857    218.3730     29943.36     763.8909  13.8092   0.0277    12.56    0.530   5.49   2      80.78      914.085      85.4734
      1086     38.3038    216.4888      17755.1     721.7332  14.3767   0.0441    14.84    0.428  23.46   0      42.18     1626.274     87.34658
      1087    860.3475    212.9973     91151.61      580.282  12.6006   0.0069     7.71    0.325  -2.71   0      230.3     13361.54     114.2032
      1088    798.6644    215.2519     24626.79     672.4339  14.0215   0.0297     9.11    0.413  -1.60   0      63.52      3144.24     91.64144
      1089    391.6772    215.1372     12924.99     600.1904  14.7214   0.0504    11.45    0.336  -8.75   0      38.53     1765.932     87.93337
      1090     96.2205    215.1718     33992.19     526.5728  13.6716   0.0168     7.59    0.358   1.32   0      103.3     5374.863     97.42084
      1091    453.8837    212.5740      98121.2     721.1276  12.5206   0.0080     8.43    0.387   3.29   2      190.9     9071.731     105.1337
      1092    975.0092    213.7777     6489.186     468.5072  15.4695   0.0784     7.47    0.450  -0.31   0      19.73     927.1549     86.19606
      1093    936.2864    210.5137     20207.42     609.4369  14.2362   0.0328    11.58    0.422  -3.68   0      55.87      2544.48      89.9231
      1094    567.1160    210.2863      13306.6     527.9241  14.6898   0.0431    10.34    0.378  -3.06   0      39.13     1620.964     87.55788
      1095    522.7862    211.1976     12369.87     476.5434  14.7691   0.0418     3.11    0.381  -0.08   0      44.65     2754.888      90.6707
      1096    220.2316    211.5782     8853.254     452.5755  15.1322   0.0555    10.00    0.455  10.39   2      31.36      1413.39      87.6935
      1097    903.9669    210.3766     9382.603     409.4645  15.0692   0.0474     0.00    0.626 -11.46   0       34.7     1220.467     87.19207
      1098    178.8924    206.6042     69964.36     577.0637  12.8878   0.0090     8.08    0.362   2.47   0      186.2     9863.957     107.0167
      1099    999.9066    205.3211      53696.8     550.4261  13.1751   0.0111     9.69    0.401   1.54   0      146.8     7924.003     102.6226
      1100    640.1457    203.1078     26699.97     415.4272  13.9337   0.0169    12.51    0.573   3.44   0      96.08     2318.412      89.1293
      1101     40.4254    194.3743      1234498     969.0782   9.7713   0.0009     9.02    0.281   1.10   0       1317     176259.4     295.2382
      1102    551.8860    198.4922     17559.26     591.2182  14.3887   0.0366    13.74    0.474  12.60   0      49.85     2320.463     89.35512
      1103    521.6509    201.3684     9061.327     515.7002  15.1070   0.0618     6.11    0.190  12.51   0      21.33     1043.062     86.27325
      1104    107.8131    198.8916     48855.05     545.7244  13.2777   0.0121     9.06    0.340   8.80   0      135.5      6819.67     99.95029
      1105    464.5324    196.7317     10775.82     537.0111  14.9189   0.0541    10.64    0.567   8.64   2      30.62     1141.887      86.3054
      1106    724.9889    196.7567     39854.83     533.7278  13.4988   0.0145     7.49    0.358   3.52   0      115.1     6061.495     99.00972
      1107    500.7634    194.7849     161970.1     606.5749  11.9764   0.0041     9.33    0.293   0.99   0      362.1     23694.04     133.6304
      1108    303.3770    198.0346      4569.89     388.2124  15.8502   0.0923     5.48    0.197  62.74   0      18.64     1085.993     86.84085
      1109    773.3305    192.5997     11930.92     423.8478  14.8083   0.0386     7.62    0.328  -2.90   0      38.01     1752.292      88.1218
      1110    351.9613    188.8074     127871.9     686.6849  12.2331   0.0058     8.21    0.341   2.09   2      264.9     15432.42     118.5852
      1111    279.4983    193.2445     9985.088      314.695  15.0016   0.0342     9.36    0.491   5.42   0      41.77     2278.768      88.5848
      1112    164.3174    193.7958      5778.25     461.8116  15.5955   0.0868     7.21    0.435   6.84   0      17.79     838.9402     85.96315
      1113    424.8427    190.0808        27766     578.3529  13.8912   0.0226     8.53    0.388  -2.65   0       79.5     3785.717     92.79542
      1114    678.3188    191.0568     6248.852     302.3719  15.5105   0.0525     5.24    0.205   8.70   0      31.03     2623.323     89.90344
      1115    205.0462    182.7560     176496.1     635.6613  11.8832   0.0039    12.59    0.296  -9.89   0      382.4     24458.27     134.6318
      1116    809.8337    187.1780     10596.02     446.8902  14.9371   0.0458    11.53    0.369 -16.12   0      34.07     1202.787     87.14597
      1117    984.3837    187.1540     4637.831     408.0304  15.8342   0.0955     5.16    0.311   7.33   0      18.08     1035.601     86.70886
      1118     65.5154    186.1216     11085.98     570.8992  14.8881   0.0559     9.96    0.562  -7.23   0      27.06     1352.293     86.40321
      1119    699.3117    183.1513      24765.1     531.9097  14.0154   0.0233     9.45    0.408   3.14   0       74.9     3652.136     92.46767
      1120    395.8796    184.3698     9633.452     565.9895  15.0405   0.0638     8.87    0.298  23.14   0      23.43     917.0278     85.94059
      1121    254.9841    175.0722     412668.9     728.0924  10.9610   0.0019     7.36    0.283  -5.47   0      691.5     61462.38     186.9379
      1122    961.3467    182.0291     10005.17     475.4143  14.9994   0.0516     8.77    0.475  -7.16   0      33.23     1585.503     87.91479
      1123    366.1748    182.5730     8012.487     505.5955  15.2406   0.0685     6.13    0.324 -24.21   0      23.91     953.3271     86.49295
      1124    471.3978    180.0848     8677.924     495.0776  15.1540   0.0620     7.25    0.340  22.02   3      31.65     1656.722     88.32188
      1125    463.5265    179.9982     15465.96     257.0776  14.5266   0.0181     0.00    0.306   1.96   3        124     10286.73     107.9108
      1126    430.4013    173.7318     131822.8      617.095  12.2000   0.0051    10.79    0.270  -3.25   0      308.8     19471.82     125.9331
      1127   1019.4073    179.2102     4091.948     321.3168  15.9702   0.0853     7.40    0.491  31.57  16      17.84     884.0467     85.85332
      1128    910.7433    177.9593     11522.38     640.1493  14.8461   0.0603     9.41    0.438   9.27   0      24.56     1115.837     86.46475
      1129    791.0814    178.2706     4646.898     392.0418  15.8321   0.0916     6.59    0.343   0.00   0      17.46     843.0475      85.2843
      1130    639.4157    171.1464     277916.2     758.4019  11.3902   0.0030    11.98    0.476  10.84   0      518.1     32809.25     148.0595
      1131    289.9894    177.4133     7239.616      382.121  15.3507   0.0573     5.04    0.422   8.21   0      26.89     1588.717     87.69891
      1132    720.7398    172.7382     61585.64     507.2859  13.0263   0.0089     7.57    0.358   0.05   0        173     9567.213     106.3846
      1133    511.0961    175.9942     28068.17     185.5079  13.8795   0.0072     0.00    0.162  -7.39   0      233.8     26948.23     138.6295
      1134    224.3866    174.0806     4477.009     191.0132  15.8725   0.0463     1.37    0.438 -63.61   3      40.91     3564.903     92.67883
      1135    224.7293    169.6516     29739.73     784.1778  13.8167   0.0286    14.31    0.622 -10.45   2      60.32     2289.797     89.27708
      1136    922.2809    171.6576     5964.566     461.9033  15.5611   0.0841     6.90    0.369  38.59   0       19.1     862.6128     85.33643
      1137    678.2729    166.2406      47080.7     462.9537  13.3179   0.0107    13.14    0.183  -3.70   0      166.7     12377.55      112.228
      1138    597.4745    167.4560     23220.69     735.5956  14.0853   0.0344    14.04    0.444  17.81   0      50.75      2166.61     88.96294
      1139    456.9921    170.6450     3960.865     168.4545  16.0055   0.0462     2.32    0.308  88.00   0      54.41     3085.841     91.92581
      1140    561.1420    167.6391     6959.097     474.9932  15.3936   0.0741     5.25    0.354   7.44   2      22.08     1025.827     86.22784
      1141    101.9021    165.8299     14030.35     600.6089  14.6323   0.0465    11.53    0.475   2.47   0      37.51     1681.789     87.03973
      1142    145.7552    204.5717     6184.856     466.2532  15.5217   0.0819     8.04    0.678  -6.25   2      20.85     938.7648     86.45467
      1143    849.5353    162.1670     12446.76     422.9623  14.7624   0.0369    10.76    0.464  -2.92   0      35.52     1539.119     87.57028
      1144    127.3536    160.8166     13599.14     577.0391  14.6662   0.0461    13.47    0.529  28.31   0         33     1255.006     87.28205
      1145    477.5913    162.6443     5503.511     426.2007  15.6484   0.0841     7.60    0.484   0.79   0      19.13     1043.908     86.73064
      1146    398.6883    161.3866     10052.85     567.0265  14.9943   0.0613     4.57    0.118  52.15   1      24.93     957.8975     85.81952
      1147    765.9173    144.1498      1118980     953.0264   9.8779   0.0009     7.72    0.296  -0.03   0       1250     165092.7     286.2383
      1148    365.4798    160.0724     5794.719     390.1922  15.5924   0.0731     5.98    0.320  -2.42   0      21.49     1080.763     85.91545
      1149    486.3627    202.6462     5669.814     176.4152  15.6161   0.0338     1.48    0.291 -43.81   0      71.36     5748.816     97.88795
      1150    912.7884    158.3551     5828.812     366.8075  15.5861   0.0683     8.51    0.339 -19.07   1      21.51     1094.395     86.86283
      1151    326.1256    157.8838     8937.125     449.3437  15.1220   0.0546    10.24    0.412   9.56   0      31.07     1013.386     85.50712
      1152    595.8951    157.6899     13409.68     609.3245  14.6815   0.0493     8.49    0.442  -0.64   0      34.66     1553.375     87.38227
      1153    184.4910    156.4747       7249.8     418.9875  15.3492   0.0628     6.91    0.284   8.24   2      25.45     1176.821     86.16917
      1154    152.9934    157.0637      24926.7     782.1526  14.0083   0.0341    15.76    0.656  -0.20   0      53.61     1939.782     88.82594
      1155     81.0449    156.1158     5651.081     164.8531  15.6197   0.0317     0.00    0.244  69.93   0      88.44     5086.228     95.92774
      1156    553.5013    153.9959     7435.529     427.2297  15.3217   0.0624     5.88    0.130  14.35   2      25.12     832.6232     85.71709
      1157    240.3327    152.1681     9618.967     511.1542  15.0422   0.0577     7.86    0.429   2.54   0       30.5     1481.494     87.42059
      1158    887.8654    151.0682     17133.62     727.6505  14.4154   0.0461     8.87    0.431  -1.62   0       31.6     1631.368     87.58489
      1159    868.0909    150.7433     8792.755     563.0355  15.1397   0.0695    10.70    0.409   2.46   2       24.4     1118.732     86.01584
      1160    846.9879    152.7677     8936.165     180.5742  15.1221   0.0219     0.00    0.328  88.58   0      114.9     7873.185     103.2753
      1161    451.6442    142.6662     285223.7     764.4612  11.3620   0.0029     8.28    0.314  36.72   2      494.6     34781.93     150.9269
      1162    381.9561    149.3898     34311.47     474.6107  13.6614   0.0150    14.08    0.382   4.37   0      104.8     5346.547     97.35475
      1163    991.0899    148.3188        26414      612.551  13.9454   0.0252    15.01    0.427  25.63   3      68.42     2839.295     90.66515
      1164    973.7559    142.3637     25362.27     631.9404  13.9895   0.0271     9.21    0.447  -7.24   3      68.43     3322.999     92.29724
      1165    980.3337    134.3716     39055.06     646.0529  13.5208   0.0180    11.23    0.261  11.24   3      98.95     4531.024     95.01848
      1166    574.2627    149.2898      7173.87     458.2217  15.3606   0.0694     7.49    0.184  73.45   1      21.79     1041.631     85.81187
      1167    530.3453    148.3117     8206.978     567.1546  15.2145   0.0750    10.20    0.407 -37.19   0      23.21     905.0506     85.44937
      1168    296.9756    149.1599     11756.09     323.6658  14.8243   0.0299     0.00    0.487   0.44   0      76.12     6480.215     99.96626
      1169    801.1013    149.7235     36997.52     217.5565  13.5796   0.0064     5.42    0.380 -72.09   0      260.7     33239.79     148.1885
      1170    498.4304    147.3419     20330.11     567.6736  14.2297   0.0303    13.98    0.486  -0.38   0      56.36      2331.01     89.38194
      1171    275.6562    145.1461     200525.5      631.074  11.7446   0.0034    12.53    0.397   1.17   0      422.5     28838.03     141.9715
      1172    517.0219    144.2974     17691.17     624.4645  14.3806   0.0383    12.69    0.414  -8.06   1      47.76     2311.443     88.89034
      1173    318.4598    146.5924     5594.019      435.388  15.6307   0.0845     7.23    0.415  -5.39   0      18.58      923.402     86.18616
      1174    642.4816    143.8649     3968.397     441.2818  16.0035   0.1208     6.90    0.582 -63.88   0      14.03      562.486      84.7659
      1175    582.8256    143.2865     36446.64     630.4734  13.5959   0.0188     7.78    0.376   0.24   0      99.45     4991.092     95.70208
      1176     45.4065    142.1215     10088.89     396.4275  14.9904   0.0427     8.89    0.384   2.05   0      34.81     1680.237     87.93576
      1177    678.9045    143.3191     19439.09     702.9249  14.2783   0.0393     8.66    0.391   2.72   0      35.84     1651.575     87.41238
      1178     19.7105    141.5527     5626.021     403.7335  15.6245   0.0779     7.98    0.427  -3.80   0      20.34     1029.619     85.78005
      1179    200.8495    139.1692     4925.545     335.3837  15.7689   0.0739     7.54    0.426 -35.25   0       20.7     966.7836     86.30049
      1180    941.5986    138.3703     12297.52       560.95  14.7755   0.0495     7.71    0.246   4.04   2      32.25     906.2975     86.36928
      1181    304.1012    137.9820     6972.924     154.4025  15.3915   0.0240     0.00    0.101 -14.87   0      96.48      6499.28     99.21909
      1182    893.2927    134.7062     8929.143     566.5759  15.1230   0.0689     9.60    0.512   1.68   0      29.47     1130.164     86.27452
      1183    333.3259    132.3888      43960.7     520.5599  13.3923   0.0129     7.95    0.344   2.36   3      126.1     6464.477     99.73327
      1184    335.9782    122.0552     72189.75      623.018  12.8538   0.0094    18.40    0.260 -22.74   3      170.4     8438.403     103.9451
      1185    238.8776    135.2694     5345.086     396.1908  15.6801   0.0805     7.29    0.383   3.74   0      20.15       1136.3     86.06224
      1186    795.1808    133.0391     3873.682     202.8137  16.0297   0.0569     1.82    0.248  58.03   0      43.83     3005.794     91.94206
      1187    168.6838    132.8416     8139.763     532.2081  15.2235   0.0710     8.14    0.246 -34.32   0      23.08     994.9256     85.68809
      1188     95.4980    128.0250     44441.31      642.606  13.3805   0.0157    17.22    0.257 -29.93   0      107.9     3206.077     90.93279
      1189    706.3972    131.7503      5110.68     410.6974  15.7288   0.0873     5.70    0.154  -4.76   0      17.29     857.9553     85.78423
      1190    678.6909    129.6231     4745.546     375.4272  15.8093   0.0859     7.88    0.422  15.77   0      17.36     728.1577     84.74561
      1191    552.0912    125.7212     37853.78     918.7117  13.5547   0.0264    18.66    0.402  15.45   0      71.95     1950.923     88.41021
      1192     33.6644    123.8828     25887.74     499.9715  13.9673   0.0210     7.64    0.243  10.29   0      74.26     2971.889     90.99693
      1193    806.7124    120.7492     58027.19     958.2097  13.0909   0.0179    16.48    0.164  38.81   2       94.2     2681.814     90.05119
      1194    804.4807    112.9685     29612.92     671.9232  13.8213   0.0246     9.30    0.369   3.81   3      67.44      2960.91     91.18565
      1195    499.2464    125.3769     9642.636     464.7697  15.0395   0.0523     6.49    0.390  -6.77   0      31.59     1697.142     88.42583
      1196    366.3026    125.8184     6066.269     475.6017  15.5427   0.0851     8.85    0.421   3.86   0      20.09     921.6625     85.26297
      1197    174.0618    123.5849     9998.061     600.7219  15.0002   0.0653     9.83    0.194  12.41   0      26.94     1071.786     86.34888
      1198    728.2079    118.6877     4633.565       406.82  15.8352   0.0953     3.51    0.665 -11.28   3      16.31     872.0603      85.5919
      1199    733.0964    115.1328     3416.402     244.1875  16.1661   0.0776     3.56    0.234  44.01   2      36.56     1828.505      87.8712
      1200    415.6213    116.9808     15477.09      487.201  14.5258   0.0342     8.57    0.444  -2.33   0      46.89     2247.502     89.82923
      1201    244.9786    116.2799     30406.97      482.016  13.7926   0.0172    14.48    0.579  -6.48   3      89.93     4263.775     94.37708
      1202    239.6620    110.6125     40291.82     549.3608  13.4870   0.0148    16.36    0.348  -9.99   3      110.8      5456.82     97.20765
      1203    982.2283    112.6577     23851.15     528.7339  14.0562   0.0241    10.86    0.398 -22.48   0      62.04     2563.761     90.40837
      1204    483.5276    116.2638     5862.341     443.3676  15.5798   0.0821     6.04    0.360  16.11   0         19     1007.527     86.17959
      1205     54.3078    114.8349     19494.01     559.4769  14.2752   0.0312     8.81    0.413   1.87   0      57.99     2777.872     89.85618
      1206    680.0223    114.9885     12542.69     568.8894  14.7540   0.0493     6.12    0.451  -1.15   2      30.04     1478.125     87.63676
      1207    648.3129    113.2077     18478.12     504.4581  14.3334   0.0296     7.61    0.322  -0.21   0      58.22     2829.568      90.8577
      1208    856.2690    112.8499      7117.26     510.0406  15.3692   0.0778     8.09    0.414  -8.35   0      20.32     906.7059     85.91329
      1209    142.4023    110.5711     7531.124     504.4043  15.3079   0.0727     9.45    0.409  16.24   0      24.27      1175.61     87.07507
      1210    965.8165    110.9042     1757.094     156.2762  16.8880   0.0966     2.88    0.236  28.30   0      35.07     1415.941     86.57047
      1211     10.7590    108.7361     17418.67     582.7795  14.3975   0.0363    12.86    0.428   1.69  24      42.55     1908.389     88.52347
      1212    277.5136    106.8311     33796.46     530.2143  13.6778   0.0170    11.70    0.387   4.89   3      97.36     4793.907     95.43915
      1213    268.1465     98.1547     46097.45     691.1409  13.3408   0.0163     9.40    0.408   2.63   3      102.3     4633.067     95.46867
      1214    588.2763    105.2198     12484.91     514.3442  14.7590   0.0447     0.00    0.534  34.68   0      38.52     1291.314     87.15095
      1215    329.4673    108.6506     27072.47     704.6906  13.9187   0.0283     9.15    0.423  13.20   3      64.05     3268.565     91.94926
      1216    933.8307    104.6078     15738.18     659.0498  14.5076   0.0455    14.83    0.501  25.22   0      36.48     1039.163      86.7182
      1217    185.6462    108.1158     12084.05     641.1168  14.7945   0.0576    11.97    0.300 -69.70   0       29.6     1089.704      85.9391
      1218    708.1422    106.0227     12045.64     170.5839  14.7979   0.0154     4.72    0.231  11.48   0      142.3      11094.6     109.5991
      1219    397.8489     94.3395     719753.5     820.7556  10.3570   0.0012     7.67    0.275   0.74   0      972.2     105436.9     234.2964
      1220    312.0551    100.1138     114535.4     587.6968  12.3527   0.0056     7.82    0.360   2.77   0      278.5     16587.88     120.1256
      1221     91.1601    102.4224     12330.41     663.0897  14.7726   0.0584    11.70    0.399  21.34   0      30.23     1182.487     87.09302
      1222    200.0589    100.7051     23325.59     549.5088  14.0804   0.0256    13.52    0.453  -0.21   3       67.4     3320.715     91.43442
      1223    212.8420     97.2982      23446.5     578.3574  14.0748   0.0268     8.15    0.429  -1.43   3      61.14     2922.292     90.22072
      1224   1006.5897    100.2049     10867.63     566.4849  14.9097   0.0566    11.26    0.442   8.06   0      31.13     1459.493     87.36338
      1225    796.3873    100.4307     15612.43     640.8322  14.5163   0.0446     6.85    0.419   7.27   0       38.3     1738.269     88.53147
      1226    291.3421     99.4048     16832.97     721.4428  14.4346   0.0465    10.56    0.478  -2.57   1      27.94     1134.454     86.74092
      1227    147.4648     95.2695        62933     668.5357  13.0028   0.0115     7.91    0.371   0.48   3      152.2     7685.316     102.0926
      1228    133.8796     86.2578     159543.8     621.7045  11.9928   0.0042     7.82    0.337   4.03   3      356.4     22368.31     130.6048
      1229    447.8421     98.0452     1849.967     149.9861  16.8321   0.0880     2.66    0.189   3.76   0       34.7     1576.392     87.44212
      1230    784.0212     95.0243     12411.07     162.2098  14.7655   0.0142     0.00    0.105 -17.86   0      150.6     12267.07      112.355
      1231      2.8364     92.4412     12855.57     439.1621  14.7273   0.0371    10.17    0.436  89.64  24      45.49     2651.011     90.40995
      1232    811.5477     88.9088     32883.49     806.1207  13.7076   0.0266    12.55    0.281  -3.30   2      79.47     1463.387     86.92171
      1233    612.6725     90.8872     9493.555     514.9358  15.0564   0.0589     9.95    0.530  -7.55   0      27.47     1314.468     86.30366
      1234    568.3499     90.9823     4328.198     401.7791  15.9092   0.1008     5.83    0.375  -0.99   0      15.96     762.5873      85.9903
      1235    177.0450     88.6485     7783.099     428.5645  15.2721   0.0598    10.07    0.325 -21.35   0      27.37     1156.194     86.79787
      1236   1017.4110     84.5088     22220.93     447.2956  14.1331   0.0219    10.63    0.349   1.07  16      70.16     3308.604     91.83405
      1237    697.9948    115.6141     6955.638     310.9206  15.3942   0.0485     8.87    0.322  -3.04   0       27.2     1275.566     86.88358
      1238    803.6357     84.2353     7747.103      527.395  15.2772   0.0739     8.49    0.280   5.26   3      21.83     946.6763     86.24752
      1239    431.0695     82.8471     18858.14     506.5761  14.3113   0.0292     8.82    0.340  -2.15   0      59.26      2845.15     90.89667
      1240     57.6790     82.5083     40557.98     704.1509  13.4798   0.0189    14.62    0.246 -14.57   2      91.25     2797.849      90.5612
      1241    716.9390     79.7602     61120.02     613.3755  13.0345   0.0109    16.38    0.356 -17.79   3      131.8     6326.947     99.22117
      1242    737.4250     78.9981     247894.2     692.6968  11.5143   0.0030     8.20    0.353   4.13   2      476.5     30913.28       145.12
      1243    996.9387    108.0249      4914.71     151.3426  15.7713   0.0334     0.00    0.103 -27.87   0      82.73     4581.662     95.34621
      1244    839.5656     80.9627     4132.983     395.4948  15.9593   0.1039     6.00    0.246 -22.52   0      16.42     1044.945     86.50608
      1245    668.6869     80.1591     28260.95     439.2899  13.8720   0.0169     0.00    0.156 -22.47   0      97.89     3495.607     92.08215
      1246    648.5178     80.8239     8714.555     424.4451  15.1494   0.0529     7.03    0.368   4.54   3       30.7     1577.357     87.66946
      1247    644.7733     76.2127     9857.172     507.3949  15.0156   0.0559    11.50    0.493  10.81   3      30.59      1330.69     87.25357
      1248     33.0026     78.5872     12622.62     223.6778  14.7471   0.0192     4.00    0.573 -89.57   0      79.27      6401.38     99.39151
      1249    861.5259     78.4963     3366.402     286.7822  16.1821   0.0925     3.83    0.456  39.07   0       20.8     1578.036     86.99497
      1250    808.5736     77.9922     8761.583     552.4338  15.1435   0.0685     7.49    0.360  -6.30   0      21.52     994.9866     86.37473
      1251    122.9928     75.3669     14552.43     667.5474  14.5927   0.0498    11.60    0.357  12.06   1      31.11     1209.262     87.16286
      1252    336.9604     73.6731     10233.61     397.7498  14.9749   0.0422     7.78    0.407  -1.76   0      33.92     1641.377     87.83527
      1253    961.1268     85.5148     20693.83     535.7082  14.2104   0.0281     8.11    0.401   1.67   2      59.38     1342.722     86.37804
      1254   1001.1526     71.1120     13097.99     563.0251  14.7070   0.0467     8.85    0.452  -5.04   2      43.46     1045.674     85.82259
      1255    892.7304     70.6504      41734.7     603.7094  13.4488   0.0157     9.75    0.306  11.63   2      109.3     5041.006     96.23056
      1256     14.7769     70.0976     11652.04     436.2885  14.8340   0.0407     5.87    0.474  -8.76  16      42.74     1096.759     85.49848
      1257    561.4986     69.1806     12521.46     479.7036  14.7559   0.0416    12.42    0.328  -7.35   0      41.47     1827.458     87.64417
      1258    108.6640     70.6649     9434.943      572.825  15.0632   0.0659     9.80    0.344   5.35   0      24.98     1021.989     85.98907
      1259    839.0088     68.8079     10658.35     642.9119  14.9308   0.0655     8.53    0.299  21.25   1      23.29     918.5931     85.94473
      1260     93.7543     70.5077     2720.258     272.1688  16.4135   0.1087     5.07    0.598 -34.43   0      22.09     1483.505     86.74767
      1261    847.0459     68.1494     6403.744     477.8274  15.4839   0.0810     8.08    0.347 -10.48   0      20.13     899.4883     86.12309
      1262    274.7671     66.2203     20633.58      533.842  14.2136   0.0281     8.52    0.325   1.09   0      61.44     2762.354     91.12253
      1263    602.8113     66.2386      11033.6     430.2848  14.8932   0.0424    11.29    0.474  -1.20   0       34.7     1556.474     88.28681
      1264    303.8904     66.2717     4145.049      386.693  15.9562   0.1013     6.71    0.345  29.62   0      16.45     707.7576       84.923
      1265     74.8087     63.3854     70486.52     1181.235  12.8797   0.0182    22.18    0.497  11.37   3      90.46     4225.665     94.28526
      1266     58.4260     57.3929     127604.6     613.9384  12.2353   0.0052    15.72    0.351  -3.33   3      295.6     18077.84     123.3918
      1267    993.9305     65.3101     4460.897     249.1404  15.8764   0.0607     2.93    0.453  88.69   0      49.37       2921.7     90.87149
      1268    435.2509     60.7581     22770.82      351.492  14.1066   0.0168     0.00    0.391  60.70   0      140.3     13347.04     114.3467
      1269    580.6456     62.6704     3238.556      194.658  16.2241   0.0653     2.50    0.477 -28.15   1      36.82     2545.613     90.14462
      1270    788.7292     57.5746     9832.491     428.5029  15.0183   0.0473    10.92    0.578  -7.45   2      33.77     1325.448     87.01397
      1271    635.5137     57.4934     6999.138     261.0484  15.3874   0.0405     0.00    0.526 -45.40   0       66.4     4495.195     94.72514
      1272    585.5399     55.8328     26668.67     599.6545  13.9350   0.0244    12.01    0.318   0.63   2      60.83     2128.847     89.08767
      1273    399.3598     55.5080     24627.76     590.6053  14.0214   0.0260    10.73    0.427  21.62   0      62.49     2707.078      89.8962
      1274    701.0042     53.9553     81893.25      654.967  12.7169   0.0087    10.22    0.464   8.51   0      201.9      11733.5     111.0934
      1275    650.5578     56.1373     6475.639     522.1551  15.4718   0.0876     4.91    0.206 -35.89   2      20.83     822.9418     85.69141
      1276    199.8563     54.8323     17277.14     190.7836  14.4063   0.0120     5.10    0.335  48.30   0      172.7     15610.16     118.4277
      1277    333.6714     54.0664     2633.236     160.6388  16.4488   0.0663     1.92    0.259 -11.64   0      33.82      2107.11     88.81081
      1278    561.7848     50.5191     14045.09     604.6977  14.6312   0.0468    12.15    0.462  -4.62   0      35.43     1534.861     87.55923
      1279   1017.7699     48.4699     7332.383     345.6619  15.3369   0.0512    11.14    0.529   4.62  24      25.33      1209.02     86.70934
      1280    683.3576     50.0492     3419.024     158.6747  16.1652   0.0504     1.22    0.186  19.53   0         43      3056.29     91.63815
      1281    131.2016     49.5290      4815.39     367.5206  15.7934   0.0829     7.32    0.483   6.02   0      17.19     872.2636     85.82213
      1282    832.3594     45.0995     85802.93     653.3159  12.6662   0.0083    10.56    0.233 -12.63   2      197.9     9762.753     105.8759
      1283    287.4427     46.5836      18769.4     560.0619  14.3164   0.0324    13.84    0.525  -5.99   3      53.53     2545.894     90.58103
      1284    297.6589     45.2878     9692.262      495.543  15.0339   0.0555     9.92    0.188  14.67   3      30.78     1555.435     87.16206
      1285    798.7137     46.8471      7870.89     471.2703  15.2599   0.0650     9.45    0.566   5.09   0      23.69     1151.174     86.10151
      1286    736.9988     46.6384     9401.204     448.4823  15.0670   0.0518    11.04    0.430  -6.21   0      32.39     1587.595     88.14382
      1287    355.2337     45.6256     14606.85     618.5854  14.5886   0.0460     7.52    0.427  -4.70   0      36.65     1802.869     88.69716
      1288    236.7911     44.2264     6988.692      390.887  15.3890   0.0607     9.48    0.331   6.43   2      23.54     985.7127     86.35033
      1289    553.3907   1022.6407      36489.2     371.0213  13.5946   0.0110     9.13    0.586   0.58  24      128.2     6900.907      101.113
      1290    458.0791     44.0986     4452.418     430.2401  15.8785   0.1049     4.68    0.193  12.82   0      15.99     793.3973     84.92039
      1291    202.9481     41.9169     2404.413     150.8239  16.5475   0.0681     0.00    0.178  61.15   0      49.13     2120.594     88.62345
      1292    577.8939     39.4671     17244.02     683.7496  14.4084   0.0431    13.31    0.464   6.09   3      43.28     1976.271     88.47534
      1293    581.1821     33.7995     14489.43      568.802  14.5974   0.0426     9.58    0.331  -1.99   3      41.77     1799.937     88.24459
      1294    177.8778     36.9897     18647.18     432.0152  14.3235   0.0252    13.14    0.394  -0.34   0      59.12     2884.697      90.9955
      1295     10.3673     38.3454     2220.023     180.2975  16.6341   0.0882     5.36    0.525 -63.05   0      21.17     1552.903     87.60605
      1296    770.1475     40.8528     13380.45     233.0525  14.6838   0.0189     3.10    0.314 -30.23   3      81.26     6040.898     98.96243
      1297    940.9813     36.0367     7803.868     155.6208  15.2692   0.0217     0.00    0.069 -61.59   0      113.8     7596.836     102.6654
      1298    709.6796     35.9600     4812.396     411.7294  15.7941   0.0929     7.44    0.550  -3.59   0      17.39     896.6404     85.88666
      1299    255.5010     35.2183     5866.873      372.159  15.5790   0.0689     8.57    0.470  -4.17   2         20     979.0034     85.64584
      1300    218.9233   1019.2080     33977.21     480.6342  13.6720   0.0154     9.26    0.477   2.38  18      92.65     5040.782     96.23003
      1301    189.7374   1020.7957     2276.212     190.9712  16.6070   0.0911     3.45    0.341  38.38  16      29.19     1481.155     87.64462
      1302    788.0792   1018.4436     9950.498      588.286  15.0054   0.0642    10.03    0.473  18.37  16      22.83      1033.18     86.01865
      1303    613.4093     31.5455     31059.18     508.1614  13.7695   0.0178    11.48    0.405   1.49   0      95.27     4685.679     95.59383
      1304    826.3151    996.8566     19486.08     589.4589  14.2757   0.0329     8.42    0.455   3.17   3      54.68     2838.823     90.44658
      1305    194.7334     30.5640     8209.146     504.7097  15.2143   0.0668     9.25    0.348   2.44   0      25.08     1125.309     86.48965
      1306    451.2271     29.5159     7723.339     459.5663  15.2805   0.0646     5.50    0.133   9.39   3      26.47     1367.355      86.8971
      1307    443.8305     29.3857      10600.4     619.4996  14.9367   0.0635    10.16    0.662   9.93   3      22.75     883.5715     86.30946
      1308    347.3827     29.1407     16940.81     636.6819  14.4277   0.0408    11.62    0.337   4.86   2      47.71     1673.248      87.9177
      1309    591.0076     30.0032      46872.3      204.881  13.3227   0.0047     0.00    0.012  26.74   0      311.5     46319.46     167.4015
      1310     58.0533     28.2099     12338.97     592.5397  14.7718   0.0522    10.93    0.446   1.90   0      34.21     1504.197     87.70435
      1311    476.6469     28.8583     5625.275     445.4612  15.6246   0.0860     5.76    0.307   9.64   0      16.97       846.11     85.75284
      1312     98.7019     27.7513     9576.531     426.0631  15.0470   0.0483     8.65    0.425   1.79   0       30.6     1429.681     86.60653
      1313    155.8565     26.9857     8342.079     387.8851  15.1968   0.0505     8.80    0.314  -8.16   0      32.14     2242.352     89.59676
      1314    452.7517   1013.2336     114920.4     765.3336  12.3490   0.0072    11.21    0.358 -28.31  16      228.8     9025.635     105.2213
      1315    678.6603   1015.5383     31000.84     607.8069  13.7716   0.0213     8.09    0.392   0.69  16      83.71     4251.672     94.34793
      1316    577.7449   1013.0933        52071     586.1494  13.2085   0.0122     7.68    0.386   2.42  16      143.5     7861.804     102.0999
      1317    466.0534     25.0424     5872.905      155.963  15.5779   0.0288     0.00    0.127  45.18   0      91.57      5444.38     97.38093
      1318    316.4023   1015.9491     14540.66     374.8017  14.5935   0.0280     6.89    0.419   3.07  16      54.13     3210.402     91.80538
      1319    301.2617     24.9975      7219.57     181.1383  15.3537   0.0272     5.20    0.364   0.17   0      100.3     6304.534     99.36813
      1320    278.1178   1014.1084     80313.39     514.6526  12.7380   0.0070     7.59    0.386   3.98  16      218.3     12991.79     113.2914
      1321    978.0770   1014.0863     7407.111     481.3814  15.3259   0.0706     8.36    0.521  -1.41  18      21.93     1050.316     85.83488
      1322    846.9255   1012.1057     12800.72     661.7651  14.7319   0.0561    10.24    0.465 -14.12  18      28.49     1030.276     85.78179
      1323    185.4931     20.4809     5607.346     442.1251  15.6281   0.0856     6.02    0.184  76.46   2      18.53     745.5917     85.25542
      1324    732.9394   1014.9709     5438.037     152.1265  15.6614   0.0304     4.42    0.122  27.75   0      81.46     4559.987     94.88047
      1325    248.8145   1003.3812     42142.02     778.3364  13.4382   0.0201    19.37    0.361 -18.73  16      88.85     2772.703     90.71535
      1326    933.0598     20.0100     59224.77     222.6199  13.0687   0.0041     0.00    0.159  11.43   0      347.8     57523.21     182.0858
      1327    863.3230   1009.5734     18028.26     640.1526  14.3601   0.0386     9.31    0.449   0.82  16      48.29     2363.409     89.68406
      1328    294.4856     20.5685     6939.269     466.6208  15.3967   0.0730     7.07    0.409   8.40   0      21.14     986.4324     85.89505
      1329    716.7875     19.9048     5061.985     400.9684  15.7392   0.0860     7.05    0.512  -0.20   0      18.18     963.1693     85.83348
      1330    135.9985   1008.5414     20029.49     760.2885  14.2458   0.0412    11.89    0.382  -6.65  16       35.6     1569.732     87.87401
      1331     69.0950   1008.5493     11227.08     580.3599  14.8743   0.0561    13.01    0.542 -14.30  16       30.7     1055.867     85.61995
      1332    811.0764   1007.0921     31581.63     847.4319  13.7514   0.0291    13.36    0.557 -14.43  19      45.59     1304.664     86.50571
      1333    398.9971   1007.9969     56952.73     215.7736  13.1112   0.0041     0.00    0.010  26.38   0      345.1     56342.28     180.4968
      1334    535.3212   1006.8645      4066.29     357.5482  15.9770   0.0955     3.93    0.524   0.89   0      17.56     946.6527     85.78973
      1335    307.2986   1004.9044     5298.056     322.1688  15.6897   0.0660     3.74    0.238  -5.62   0      22.41     1342.835     86.37833
      1336    915.9503   1004.8931     4151.427      150.192  15.9545   0.0393     0.00    0.071 -88.17   0      62.93     4080.302     93.30338
      1337    567.4457   1004.3627     10320.83     503.7094  14.9657   0.0530     3.07    0.454  -2.93   0       32.9     2246.401     89.38705
      1338    497.8959   1001.8691     26014.34     546.1323  13.9620   0.0228     8.09    0.393   0.93   0      77.53     3881.348     92.81749
      1339    462.5894   1000.3380      14366.9     703.3853  14.6066   0.0532    11.28    0.540  -2.40   3      35.84     1229.197     86.98881
      1340   1008.0578   1002.9547     6795.342     154.1409  15.4195   0.0246     0.00    0.094 -29.28   0      98.06      6233.68      99.0073
      1341    445.7043   1001.7626     12565.37     606.5803  14.7521   0.0524     7.92    0.462   9.28   1      29.49     1388.343     86.27009
      1342    330.7809   1002.2380     4031.323      283.862  15.9864   0.0765     7.00    0.131 -50.40   0      17.63     882.7257     86.53503
      1343   1016.1121   1002.0013     11175.91     163.5081  14.8793   0.0159     4.54    0.152   0.07   0      137.2      10567.9     108.5014
      1344    884.9836    999.1630     8355.035     533.2238  15.1951   0.0693     9.77    0.525  -5.32   0      24.55     1122.211     87.16174
