#   1 NUMBER                 Running object number                                     
#   2 X_IMAGE                Object position along x                                    [pixel]
#   3 Y_IMAGE                Object position along y                                    [pixel]
#   4 FLUX_AUTO              Flux within a Kron-like elliptical aperture                [count]
#   5 FLUXERR_AUTO           RMS error for AUTO flux                                    [count]
#   6 MAG_AUTO               Kron-like elliptical aperture magnitude                    [mag]
#   7 MAGERR_AUTO            RMS error for AUTO magnitude                               [mag]
#   8 FWHM_IMAGE             FWHM assuming a gaussian core                              [pixel]
#   9 ELLIPTICITY            1 - B_IMAGE/A_IMAGE                                       
#  10 THETA_IMAGE            Position angle (CCW/x)                                     [deg]
#  11 FLAGS                  Extraction flags                                          
#  12 SNR_WIN                Gaussian-weighted SNR                                     
#  13 FLUX_APER              Flux vector within fixed circular aperture(s)              [count]
#  14 FLUXERR_APER           RMS error vector for aperture flux(es)                     [count]
         1    954.2275     25.7241     31899.78     748.5419  13.7405   0.0255     9.20    0.142 -21.06   3       76.1     3444.104     92.41699
         2    966.6334     20.6252     193625.5     729.6221  11.7826   0.0041     6.21    0.281  52.62  18      397.5     26229.74     137.7564
         3    853.0377     24.8941      66333.4     628.2396  12.9457   0.0103     6.00    0.145   4.13   2      161.8      8505.38     103.3627
         4     55.4165     26.9012     18929.64     475.7513  14.3071   0.0273     6.94    0.201  15.61   0       62.2     2862.067     90.54016
         5    818.2396     15.7756     739329.2     846.3781  10.3279   0.0012     6.11    0.166  -8.46  18      985.4       111279     240.0741
         6    597.5801     23.2377     17573.85     766.3555  14.3878   0.0474    10.67    0.381 -41.59   3      34.43     1127.885     87.21411
         7    120.7965     18.4190     22804.55     613.0942  14.1049   0.0292     6.98    0.112  13.54   3      62.35     2898.623     91.06566
         8    696.1782     23.9590     7175.323     509.3331  15.3604   0.0771     3.17    0.428  47.41   2      22.56     1100.925     86.91742
         9    249.2790     19.0727      84719.2     558.9288  12.6800   0.0072     6.52    0.136  13.77   2        217     12069.53     111.2777
        10    547.7661     15.5061       347237      675.543  11.1484   0.0021    16.84    0.174  13.09  16      629.4     51891.76     174.3701
        11    332.8395     18.1364     102076.6     849.8608  12.4777   0.0090     6.53    0.290   2.92  18      186.4     9953.113     107.2359
        12     22.2179     17.9570     56440.51     568.5006  13.1210   0.0109     6.60    0.200  11.94   0      158.8     8377.279     104.2213
        13    214.0504     10.5611     20347.67     274.3339  14.2287   0.0146    -0.55    0.392  57.97  16      162.7     15495.88     118.5681
        14    996.9329     11.4342     15629.92     628.7157  14.5151   0.0437    12.59    0.416 -79.69  16      41.32     1522.419     87.56374
        15    617.0425     13.0560     3806.487      149.733  16.0487   0.0427     0.00    0.121  61.70   0      69.19     3555.535     92.90296
        16    768.0030     12.9544     6569.147     153.8692  15.4562   0.0254     4.27    0.058  89.85   0      104.4     6546.495     99.95242
        17    107.0304     19.6902     12810.51     566.6526  14.7311   0.0480    11.59    0.496  18.77   1      34.82     1143.032      85.8879
        18    666.8002      7.0606     4122.667     278.8123  15.9621   0.0734     4.64    0.102  28.42  16       18.8     1087.546     86.42764
        19    653.6345      5.9699     9072.848     281.0715  15.1056   0.0336     8.51    0.197  41.90  16      48.39     3632.202     93.30176
        20    388.5144      5.8216     4365.664     434.9451  15.8999   0.1082     8.01    0.393  86.03  16      16.85     951.0153     85.60876
        21    157.1118      3.8559     26258.71     461.4345  13.9518   0.0191     7.11    0.340   4.27  24       91.9     4989.173      95.7308
        22    915.4828      4.6169     11926.27     506.6099  14.8087   0.0461     8.51    0.262   1.89  19      37.66     1769.393     88.20242
        23    904.5443      3.1882      7536.35     291.8893  15.3071   0.0421     7.96    0.545   4.59  27      32.52     1900.072     88.76078
        24    591.9185      4.2347     19456.43     409.2251  14.2773   0.0228    13.06    0.433  -2.22  24      68.94     3378.607     92.25578
        25    447.3636      6.5628     3868.429     377.6846  16.0312   0.1060     5.35    0.585  12.90  16      14.93     681.7037     85.35376
        26    937.2720      3.8701     4659.703     371.5901  15.8291   0.0866     8.19    0.224 -20.03  16      18.82     831.5043     85.52161
        27    780.9315      2.6427     39759.55       335.64  13.5014   0.0092     6.11    0.484   1.27  24        155     10581.49     108.5595
        28    362.1714      4.0715     4477.867     273.7556  15.8723   0.0664     6.69    0.409   4.18  16      20.51     1175.719     86.65919
        29    293.7787      3.3554     10922.57      296.182  14.9042   0.0294     9.53    0.299   8.34  24      51.74     2992.549      91.7304
        30    975.4417      3.6521     7473.936     259.6862  15.3161   0.0377     0.00    0.518  -5.03  16      40.77     2478.476     90.22964
        31    758.0143      3.0047     6653.929     306.0478  15.4423   0.0500     7.16    0.613  -6.83  24      30.89     1344.371     87.10038
        32    804.7341   1000.0599     24958.94     675.7714  14.0069   0.0294     6.49    0.352   7.51   3      61.07     3148.166     91.68633
        33    829.6920   1022.6635     7202.437     335.6097  15.3563   0.0506     5.39    0.485 -15.74  18      27.93     1212.462     86.30006
        34    765.1052   1021.1615     7607.569      406.245  15.2969   0.0580     9.99    0.320  -3.90  18      26.53     1166.784     85.72117
        35    657.3546   1018.8251     31507.96     562.8375  13.7539   0.0194    11.33    0.232   4.65  24      93.17     5026.176     96.63769
        36    532.2665   1023.0847     7047.507     317.3969  15.3799   0.0489     7.08    0.632  -1.95  24      28.04     1636.633     87.63512
        37    197.5906   1021.8775     26115.44     374.0989  13.9578   0.0156    10.07    0.419   4.03  26      92.55     5043.646     96.27027
        38    669.4777   1003.4851     5554.958      395.247  15.6383   0.0773     3.01    0.254  42.64   2      18.94     986.9824     85.47397
        39   1008.0415   1002.9694     6353.548     153.5504  15.4925   0.0262     0.00    0.081 -30.85   0      97.83     6086.736     99.10053
        40    498.1149    999.9846     4898.881     345.6423  15.7748   0.0766     5.95    0.315   3.41   0      19.37     991.1486     85.94482
        41    591.4936    998.5609     8850.872      317.136  15.1325   0.0389     3.25    0.268  24.81   0      39.14     1784.282       87.343
        42    939.1591    996.2322     32241.62     454.7244  13.7290   0.0153     7.44    0.205   3.69   0      104.7     5494.789     97.73356
        43    160.1591    997.3515     4892.974     382.1872  15.7761   0.0848     8.51    0.419  50.92   0       19.7     857.4922     86.04985
        44    646.3196    995.5019     27701.48     448.0733  13.8937   0.0176     5.97    0.255   5.06   0      94.75     4951.702     95.43555
        45    718.1190    993.1211     17066.66     435.9178  14.4196   0.0277    13.02    0.368  11.04   0      54.79     2701.013      89.9161
        46     24.9926    995.0938     5368.641     489.7751  15.6753   0.0991     7.95    0.083  22.99   0       16.8     608.2758     85.15802
        47    978.0133    993.0649     9632.932     579.9997  15.0406   0.0654     9.37    0.077  -8.22   0      24.83     1111.309     86.49011
        48    278.8611    993.0548      18272.6     488.7213  14.3455   0.0290     8.14    0.269   1.63   0      60.51     3013.906     91.56837
        49    300.1426    991.9663     10139.79     443.5403  14.9849   0.0475     9.82    0.118  23.54   0      34.46       1718.2     88.07042
        50    229.7050    987.0067       144065     905.0866  12.1036   0.0068    23.65    0.354  43.18   1        261     8301.862     103.6773
        51    353.8086    991.3417      7882.45      544.238  15.2583   0.0750    10.29    0.187  16.04   0      23.35     920.0375     86.21489
        52    329.1200    989.6395     4428.298     408.0999  15.8844   0.1001     7.71    0.433  81.59   0      16.08     695.7585     85.39117
        53    141.0511    990.6335     5156.845     410.9102  15.7190   0.0865     7.19    0.422  63.23   0      19.13     856.5167     85.81797
        54    819.1395    989.1838     3412.965     355.9143  16.1672   0.1133     4.80    0.424 -21.05   0      14.35     860.8399     85.82942
        55    578.1165    987.5793     19650.09     405.7062  14.2666   0.0224    10.79    0.334  37.47   0       85.4     3615.744     92.62564
        56    200.8864    983.4245     20889.36     874.7361  14.2002   0.0455    16.87    0.577 -22.39   3      39.93     860.4105     85.36789
        57    212.4662    970.7653     154702.4     586.6959  12.0263   0.0041     5.81    0.175  -0.41   3      369.2     26238.25     137.4841
        58    838.5391    985.2525     7612.718     558.4227  15.2962   0.0797     8.62    0.445 -34.96   0      18.46      673.626     85.33224
        59    520.7183    983.7874     7121.285     490.5877  15.3686   0.0748     7.97    0.319  20.87   2      21.05     930.1238     86.01269
        60    521.1833    979.8464     5485.631     402.6165  15.6519   0.0797     6.21    0.621  32.29   3      18.53     1152.354     87.05179
        61    757.8167    976.7704     249021.8     629.2468  11.5094   0.0027     5.93    0.209   0.92   0      516.2     42663.09     162.6239
        62    606.3928    976.9012     74811.89     739.1365  12.8151   0.0107    12.81    0.337 -25.93   0        183     8796.993      104.757
        63    341.5544    978.8625     19998.09     782.9645  14.2475   0.0425    15.28    0.581  17.16   0      38.89     1358.331      87.1368
        64    542.2835    978.3951      28162.8     400.7307  13.8758   0.0155    10.82    0.489 -19.10   0      145.3     10081.52     107.6908
        65    372.8596    981.0126      1695.71      149.819  16.9266   0.0960     2.81    0.203   0.72   0      27.84     1122.395     86.74669
        66    879.3207    975.5411     57700.96     664.0841  13.0970   0.0125    17.36    0.283  54.83   3      145.8     6333.935     98.87185
        67    879.8821    958.7470     81190.67     572.3167  12.7262   0.0077     6.30    0.419  12.29   2      213.4     12614.55     112.3853
        68    933.2623    986.0088     3816.837     214.6394  16.0457   0.0611     3.78    0.561   0.24   0      32.19     2081.645     89.22449
        69     32.3679    978.5095     6866.569     478.2655  15.4082   0.0756     9.34    0.221   7.25   0      25.17     1153.172     85.91473
        70     14.8515    992.8132     8406.328     485.1279  15.1885   0.0627     9.92    0.197  14.72   0      26.45     1103.096     86.69611
        71    415.4227    973.8990     67669.46     490.5221  12.9240   0.0079     6.38    0.211   3.68   2      200.4     11881.45      110.537
        72    422.2581    967.0328     12844.55     511.8565  14.7282   0.0433     6.80    0.259   5.76   3      40.64     1994.902      88.7816
        73     22.9619    974.0917     7311.982     158.1094  15.3399   0.0235     4.53    0.172 -67.36   0        106     6772.285      99.6769
        74    970.9854    972.3643     24712.71     191.9607  14.0177   0.0084     0.88    0.179 -89.43   3      184.1      23454.4     133.2468
        75    966.8750    972.1166     11522.05     515.1086  14.8462   0.0486     7.56    0.069  72.53   2      40.71     2260.368     88.79533
        76    805.2668    975.1266     4044.016     319.8925  15.9830   0.0859     5.84    0.498  -7.42   0      17.85     1428.005     87.09238
        77      9.5912    972.2599     9116.421     356.7871  15.1004   0.0425     5.27    0.219  15.44  16      37.75     2066.311     89.18542
        78    576.0200    970.7311     20013.59     732.2519  14.2467   0.0397     5.96    0.219  10.12   0      40.43     1931.279     88.84065
        79    379.4638    969.1766     34490.74     473.8623  13.6557   0.0149     1.48    0.277  40.89   0      139.7     4992.027     96.35305
        80    350.4015    969.1937     12509.52     566.5319  14.7569   0.0492    10.44    0.166  -3.53   0      37.79     1884.525     88.49859
        81    162.3443    967.2191     10649.76     350.8103  14.9317   0.0358    10.51    0.384  10.70   0      39.15     1930.818     88.83948
        82     39.3908    965.0818     61927.58     542.3651  13.0203   0.0095     6.40    0.252   2.83   0      182.5     10798.15     109.0122
        83    133.2977    965.7637     11816.24     354.3565  14.8188   0.0326     0.00    0.233 -89.20   0      47.62     1496.968     86.59216
        84    909.8002    964.7540     16009.96     439.8692  14.4890   0.0298     6.54    0.226  -8.88   0      55.25     2781.302     90.77239
        85    733.1194    961.2282     15212.19     594.7386  14.5445   0.0425     6.03    0.183  65.82   2      42.87     2044.846     88.90936
        86   1014.3049    965.0564     3376.311     334.4846  16.1789   0.1076     5.32    0.312  18.92   0      14.53     773.4803     84.90438
        87    799.6193    963.4502      7942.44     504.8195  15.2501   0.0690     6.34    0.281  18.19   0      23.33     1148.116     87.04073
        88    106.8936    962.5394     14097.23     382.5048  14.6272   0.0295     7.43    0.263   9.74   0      53.93     2713.616     89.94795
        89    603.2645    963.6396     5189.793     439.8781  15.7121   0.0920     6.81    0.315  12.99   0       17.5     865.6857     85.84225
        90    560.3458    970.7201     3904.082     381.5987  16.0212   0.1061     6.73    0.328   5.61   0      15.79     762.6641     85.10726
        91    522.7957    959.1121     100170.5     574.6845  12.4981   0.0062     6.44    0.219  12.56   2      252.4     15652.52     118.7021
        92    263.1055    960.1644     37241.82     215.6035  13.5724   0.0063     5.24    0.350  57.33   0      268.4     34941.76     150.6665
        93    787.0626    959.1281     36753.95     675.3644  13.5867   0.0200     7.86    0.199  60.78   3      87.64     4253.496     94.38647
        94    778.5580    953.5991     13261.58     637.2045  14.6935   0.0522     7.73    0.343   4.37   3      33.64     1652.758     88.34857
        95     57.1838    959.7495     14778.93      579.468  14.5759   0.0426    10.38    0.350   1.05   2      38.36     1975.109     88.95271
        96    676.1954    959.8897      22714.2     890.2774  14.1093   0.0426     6.46    0.247  10.61   0       44.7     1951.147     88.66952
        97    491.9623    958.7104     20689.46     471.3948  14.2106   0.0247     5.71    0.217   4.52   0      70.65     3749.354     92.74068
        98    223.2338    959.0124     14583.75     597.8038  14.5903   0.0445     7.11    0.300  11.89   2      39.78     1861.589     89.10558
        99    457.9938    958.2189      3208.58     270.8873  16.2342   0.0917     6.26    0.358  15.58   0      15.34      847.969     85.79533
       100    420.7520    958.1970     7478.207     473.3812  15.3155   0.0687     7.30    0.367   8.81   0      24.66     1212.211     86.75485
       101    574.1641    957.7320     5311.375     178.8045  15.6870   0.0366     5.22    0.391 -58.87   0      79.57     4486.655     94.94624
       102    289.2401    956.7665     3752.828     333.2655  16.0641   0.0964     5.99    0.556 -44.61   0      18.29     1321.379     87.26646
       103    976.8057    954.9741     7889.726     464.1226  15.2573   0.0639     9.58    0.221  -5.53   0      26.34     1269.351     87.13085
       104    282.6987    956.1151     25639.22     200.5636  13.9777   0.0085     5.16    0.306 -21.88   0        205     21925.89     129.7054
       105    202.8298    956.7816      7388.64     164.3286  15.3286   0.0242     1.33    0.233  51.06   0      99.27     7268.852     101.7754
       106    634.2377    953.7054     4055.036     377.7969  15.9800   0.1012     5.16    0.216  38.42   0      14.11     749.7431     84.60825
       107    141.3567    953.4666     53298.53     254.2063  13.1832   0.0052     3.86    0.544 -56.24   0      286.2     44248.57     164.5855
       108    656.3265    961.7633       115646     733.0057  12.3422   0.0069    17.17    0.448  29.63   2        242     7004.356     100.7928
       109     25.9682    949.9415     23489.76     635.4386  14.0728   0.0294    10.36    0.286  32.61   2      59.98      1676.44     87.73829
       110    922.0008    952.9766     26510.09     180.9414  13.9415   0.0074     4.29    0.052 -89.29   0      229.2     26133.06     137.3101
       111    745.3553    950.5154     8430.647     440.4324  15.1853   0.0567     6.47    0.281  19.91   0      30.31     1496.582     87.04507
       112    313.3215    949.6557     12869.07     610.2078  14.7261   0.0515     8.53    0.248   1.54   0      33.69     1516.565     87.09724
       113    191.6329    948.1222     21879.44     722.6774  14.1499   0.0359     8.79    0.376   8.05   3      49.95     1861.703     88.43996
       114    182.4745    943.4964     36908.11     1024.831  13.5822   0.0302    13.87    0.294  20.75   3      48.39     2344.189     89.00961
       115     77.9525    948.9457     4866.478     375.6712  15.7820   0.0838     7.59    0.386  21.25   0      19.05     905.0421     86.17535
       116    997.9882    946.7406       5229.3     435.3962  15.7039   0.0904     8.33    0.296 -33.40   0      20.63     1088.173     86.65698
       117    555.8568    948.1825     6061.014     349.2382  15.5436   0.0626     6.29    0.354   8.31   0      24.07     1311.385     87.24043
       118    713.4576    947.1795     5458.014     445.5792  15.6574   0.0887     6.14    0.333  48.94   0      17.25     745.7474     85.52412
       119    346.8869    947.5742     5156.537     412.1071  15.7191   0.0868     7.30    0.415  11.84   0      19.08     987.2539     85.70492
       120    826.0045    945.7808     10257.06     162.2876  14.9724   0.0172     0.91    0.142  89.38   0      118.2     10117.06     107.5828
       121    613.3401    942.4663     44714.93     297.1625  13.3739   0.0072     0.00    0.498 -59.44   0        274      38852.1     156.9568
       122    641.3332    942.6224     29563.27     809.2094  13.8231   0.0297    10.12    0.416  22.03   3      55.82      1550.13     87.86018
       123    633.7310    938.5201     14598.66     624.4106  14.5892   0.0465     9.77    0.230 -40.86   3      39.91      1176.07     86.20416
       124    600.3369    942.4010     10832.08     361.9842  14.9132   0.0363     9.22    0.482  17.58   0      49.51     2132.134       89.353
       125    391.6647    937.9387     140701.1     817.2505  12.1293   0.0063    11.51    0.479   4.60   2        221     10651.58     108.7062
       126    472.3144    939.1926     47009.88     591.1415  13.3195   0.0137     7.57    0.314  -1.40   2      138.1     7606.027     102.1405
       127    193.0132    939.0012     10177.02     314.9724  14.9809   0.0336     0.00    0.086  -2.02   2      46.93       3567.6      92.7202
       128    305.8192    940.1508     11329.54     569.5287  14.8645   0.0546     5.64    0.296   0.41   0      26.24     1423.181     87.75601
       129    165.8884    939.4028     9823.683     531.3181  15.0193   0.0587     6.81    0.315  12.76   0      30.88     1560.393     87.66224
       130    525.5099    938.8667     4670.351     262.9035  15.8266   0.0611     6.69    0.370  48.91   0      30.44      2350.97     89.24799
       131    548.9279    936.7332     6680.904     421.2146  15.4379   0.0685     8.76    0.407  14.00   0      25.94     1105.904     86.24774
       132    136.2681    936.0319     9853.151     332.9911  15.0161   0.0367    10.10    0.363   2.19   0      40.22     2069.192     88.97157
       133   1006.3600    935.7542     10965.07     602.9977  14.9000   0.0597     7.69    0.296 -31.52   2      35.09     782.5656     85.39146
       134    734.1196    932.9841     12107.08     463.0022  14.7924   0.0415     7.93    0.147  15.10   0       40.1     1767.008     88.19628
       135    408.0629    934.9930     5783.088     152.7037  15.5946   0.0287     4.36    0.084   0.66   0      86.41     5007.647     96.38989
       136    989.2491    933.9752     4320.117     163.0777  15.9113   0.0410     4.74    0.255  -8.37   0      71.39     3844.987     93.81865
       137    899.2673    933.7651     8360.756     321.4158  15.1944   0.0417     0.74    0.268   5.65   2      41.28     3434.062      92.3923
       138    902.9755    925.2227     27567.37     793.8937  13.8990   0.0313    16.99    0.393  55.10   2      62.81     3202.008      92.2479
       139    316.6834    930.3656     16943.98     256.5738  14.4275   0.0164     0.00    0.546  27.00   0      142.9     13492.35     114.3192
       140    835.6959    926.8627     30436.87     791.6093  13.7915   0.0282    15.50    0.443  77.75   2      61.64     1903.971     88.10234
       141    408.8817    927.5447     141168.2     1576.659  12.1257   0.0121    16.81    0.579  25.75   3      158.5     3577.949     92.31966
       142    651.7485    927.5045     9688.721     334.3554  15.0343   0.0375     5.83    0.225  15.11   0      39.34      2065.06     88.29403
       143    121.0021    926.0013     27121.99     250.1493  13.9167   0.0100     4.57    0.166  89.55   2      233.3     26807.84     138.4225
       144    145.7885    922.7635     9101.359     443.0079  15.1022   0.0529     7.46    0.257   2.01   2       33.3     1413.235     87.95457
       145    694.5325    916.3994     42014.46     994.2633  13.4415   0.0257    11.46    0.281  19.93   3      44.43     1550.906     88.08617
       146    683.5694    922.3819     26410.17      584.012  13.9456   0.0240    11.08    0.247  12.49   2      86.45     2363.267      90.1578
       147    793.9410    918.8771     16700.31     591.1551  14.4432   0.0384     6.19    0.224   5.95   2      46.52     1954.606      88.4559
       148    711.5022    917.2384     150009.8     548.3608  12.0597   0.0040     5.82    0.210   2.43   0      367.7     25974.05     136.4703
       149    540.8845    918.3129     12057.84     194.9187  14.7968   0.0176     5.54    0.421 -70.97   0      138.3     10747.61     108.7256
       150    352.3369    920.7667     6472.307     444.9906  15.4724   0.0747     4.86    0.166  -0.15   0      18.24     864.2857     85.83855
       151    328.2453    915.8856     40321.89     552.2941  13.4861   0.0149     8.14    0.277   8.40   2      117.8     6535.819     99.33482
       152    340.0477    919.1064     18064.61     643.5248  14.3579   0.0387     6.18    0.304  22.79   3      41.51     1374.367     86.49789
       153    386.3683    918.4656     15021.11     667.2729  14.5582   0.0482     8.86    0.209   3.25   0      28.26     1115.467     86.50104
       154    865.5286    918.4938     5565.021     310.0419  15.6363   0.0605     8.42    0.371  -0.68   0      23.78     1173.669     86.19783
       155    775.2620    918.5087     8003.241     529.6096  15.2418   0.0719     8.33    0.514  10.39   0      20.62     935.9545     85.56877
       156    425.3383    914.5469     83439.21     534.0586  12.6966   0.0070     7.27    0.235   4.53   0      231.6     14128.04     115.7464
       157    847.2178    916.2640     14149.38     511.4734  14.6232   0.0393     6.08    0.214  -4.11   0      47.45     2324.929     89.62246
       158    740.5687    909.3760     507575.6     852.2234  10.7362   0.0018     8.08    0.410 -12.68   2      749.5      62188.8     187.9411
       159    586.0520    917.0281     5610.209     152.4462  15.6276   0.0295     4.36    0.089  28.12   0      86.29     5094.303     96.59399
       160    204.1574    911.9996     83818.56      508.714  12.6916   0.0066     7.25    0.224  10.01   0      236.9     15006.29     117.7933
       161     51.7421    916.4793     3924.996     238.6561  16.0154   0.0660     5.38    0.111  18.08   0      19.11     1080.548     85.95196
       162    478.8465    912.7100     20650.06     570.6521  14.2127   0.0300     6.16    0.195   4.11   2      62.69     3114.231     91.17094
       163   1012.3308    911.4952     44951.47     569.9713  13.3681   0.0138     7.90    0.356  10.13  16      127.4      6631.44     99.35523
       164    909.7040    910.6567     39654.26     488.5849  13.5043   0.0134     6.29    0.254   2.01   0      125.1      6707.14     99.52824
       165    514.1882    907.1279     118135.9     630.5092  12.3190   0.0058     8.74    0.186  77.79   0      266.6     11614.99     110.8799
       166    591.3591    908.5137     14969.88     565.7794  14.5620   0.0410    12.97    0.280 -27.59   0      44.25     1936.937     88.18734
       167    358.4139    912.6456     13023.87     282.5099  14.7131   0.0236     0.00    0.257 -31.12   2      108.3      8527.87     104.5491
       168    368.2872    909.5078     15263.87     696.9633  14.5408   0.0496     9.72    0.442  -7.96   2         31      1402.62     87.02611
       169    254.1551    909.3990     12387.69     598.6164  14.7675   0.0525     6.23    0.214  29.49   2      31.72     1551.042     88.08652
       170    173.8438    912.5183     5183.491     422.7429  15.7134   0.0886     6.57    0.233 -15.49   0         18     949.4083      85.6045
       171     89.2980    912.6380     3420.048      254.183  16.1649   0.0807     4.03    0.299  14.87   0      17.63     1042.321     85.39054
       172    551.6851    909.5685     20722.81     431.0161  14.2089   0.0226     5.85    0.236   8.80   0       74.3     3896.955     93.31309
       173    123.5453    908.8219     15281.94     371.4584  14.5396   0.0264     6.42    0.228   3.72   0      55.35      2718.66      90.8326
       174    616.8865    905.4076     61588.73     472.3024  13.0262   0.0083     5.71    0.194   6.83   0      187.5     11182.66     109.8109
       175    584.0018    907.9952     56522.34     215.3641  13.1194   0.0041     4.20    0.007  88.48   0      343.9     56062.12     180.1615
       176    183.7548    907.6403      7606.62     550.4236  15.2970   0.0786     8.15    0.233 -61.07   2      19.34     858.3923     85.59304
       177    132.0424    908.0338     4750.262     151.1587  15.8082   0.0346     0.00    0.091  28.00   0      77.23     4268.087     94.63006
       178      3.5988    905.5918     7362.058     337.1819  15.3325   0.0497    -0.55    0.422  82.87  16      33.67     2956.268     91.20941
       179    220.4835    904.0406     15224.44      541.868  14.5436   0.0387    11.28    0.338  -3.00   0      51.09      2678.36     90.07784
       180     24.9873    904.4238     9196.891     533.8256  15.0909   0.0630     6.44    0.530 -12.58   0      19.64     654.5933     85.51228
       181    141.0047    902.6851     6041.959     464.2791  15.5471   0.0835     6.38    0.376  72.40   0      16.42     742.1902     85.74478
       182    832.3742    896.6989     62195.99     602.7003  13.0156   0.0105     6.51    0.260  12.75   3      143.7     7323.372     100.7302
       183    838.0893    888.0781     261755.3      729.914  11.4553   0.0030     6.57    0.336  35.40   3      517.4     41608.35     160.6532
       184    456.3256    901.3599     4862.328     416.7007  15.7829   0.0931     7.21    0.496  28.70   0      17.54     813.1887     85.70315
       185    416.9279    899.9963     24402.61     181.0168  14.0314   0.0081     0.00    0.097  32.83   0      214.8     23710.86     133.2406
       186    256.2955    898.3091     9455.121     469.1079  15.0608   0.0539     6.26    0.257  17.83   0      31.87     1565.012     87.44918
       187    156.7364    897.0110     20501.17     490.7614  14.2206   0.0260    12.12    0.236  -1.03   0      70.98     3751.033     93.16874
       188    235.4954    897.5352     12122.08     508.6384  14.7911   0.0456     5.70    0.231   7.26   0      39.55     2070.212     88.53014
       189    280.3674    896.7399     6160.651     437.0108  15.5259   0.0770     6.65    0.222   0.12   2      24.58     960.4073     86.09267
       190     62.3166    893.7579     16194.73     434.3303  14.4766   0.0291     6.11    0.259  17.24   1      52.48     2593.785      89.8642
       191    919.1525    892.7151     6632.717     335.2237  15.4458   0.0549     8.97    0.129  -4.18   0      23.85     1084.701     85.96294
       192    811.9471    891.2219     13768.28     759.4103  14.6528   0.0599    12.03    0.280 -31.39   0       33.5     1106.181     86.70419
       193    979.7626    903.9246     88582.09      659.056  12.6316   0.0081     6.93    0.136  18.32   2      196.3     8985.865      105.166
       194    763.2111    889.2679     10174.95     202.6779  14.9812   0.0216     5.78    0.464  50.62   1      117.8     8524.297     104.1637
       195    418.3787    887.9868     37386.45      619.272  13.5682   0.0180     6.32    0.242  15.96   0        107     5693.113     97.99279
       196    392.1925    889.7538      6471.19     338.0414  15.4725   0.0567    10.16    0.421  42.96   0      24.64     1203.488     87.18519
       197    783.2387    885.7319     22156.78     662.3024  14.1362   0.0325    16.28    0.498  36.86   0      52.15     1999.031     88.79217
       198    352.1628    897.6942     12327.91      182.181  14.7728   0.0160     5.17    0.341 -63.38   0      137.1     10823.59     108.3401
       199    121.3460    886.8250     8487.187     433.6992  15.1781   0.0555     9.95    0.233  15.09   0      30.67     1538.902     87.60651
       200     53.8886    885.5172     26869.88     502.6019  13.9268   0.0203     6.08    0.183   0.30   2      81.83     4202.217     94.05364
       201     30.0295    887.4633     5320.219     199.6418  15.6852   0.0408     3.53    0.477 -88.90   0      65.36     3838.328     93.38144
       202    756.9194    886.1469     6169.176     450.3387  15.5244   0.0793     8.24    0.313  16.45   0      22.47     1030.198     85.81872
       203    372.8438    884.9057     4697.798      327.955  15.8203   0.0758     7.66    0.261  14.50   0      18.37     847.3559      85.1019
       204    995.6302    877.9276        31187     915.8656  13.7651   0.0319    21.71    0.416  47.55  16      55.91     1218.611     86.77161
       205    802.5048    882.2243     7557.094     485.7451  15.3041   0.0698     6.69    0.052  21.02   0      26.32     1276.248     86.23969
       206    183.9681    883.9574     6609.934      157.097  15.4495   0.0258    -6.76    0.121  44.71   0      95.75     5931.606     98.74412
       207    904.9232    878.6147     22696.99     515.2575  14.1101   0.0247     6.14    0.219   3.72   0      73.56     3950.871      93.8651
       208    644.5331    880.7748     9249.183      409.575  15.0847   0.0481     5.96    0.242   1.86   0      34.54     1724.992     88.08794
       209    299.1501    878.6992     23815.26     278.9632  14.0579   0.0127     0.00    0.273  73.03   0      168.3     17240.42      121.055
       210     82.5395    881.6103     3680.303     236.3478  16.0853   0.0697     6.07    0.368  11.03   0      17.15     930.5273     86.24253
       211    950.3650    876.2555        15371     701.9281  14.5332   0.0496    14.06    0.347 -88.90   0      34.02     965.8427     86.10702
       212    896.0391    881.0168     7515.987     155.2614  15.3100   0.0224     4.31    0.076  28.35   0      109.7     7199.427      101.814
       213    663.7550    878.9379     9385.922     442.0409  15.0688   0.0511     9.76    0.143  30.79   0      34.12     1716.345     88.06564
       214    520.5062    879.8862     10153.46     617.2288  14.9835   0.0660    10.18    0.539   3.21   0       23.9     999.9029     85.96796
       215    162.0005    880.7751     20158.01     175.6067  14.2389   0.0095     0.89    0.140  89.49   0      176.9     20145.63     127.0138
       216     95.8270    880.3392     4018.018     310.4964  15.9900   0.0839     4.86    0.241  14.42   0      17.73     955.9569     86.30952
       217    443.6718    877.2689     18046.23     683.6066  14.3590   0.0411     9.31    0.074  39.50   1      36.86     1623.227     87.60034
       218    388.0007    877.9946     57510.66     216.4046  13.1006   0.0041     0.00    0.006  88.33   0      348.3     57331.32     181.7556
       219    327.0710    876.9828     3745.657     149.6406  16.0662   0.0434     0.00    0.096   4.02   0      67.02     3385.409     92.48584
       220    867.3358    874.3003      8607.63     193.4173  15.1628   0.0244     5.58    0.389  43.77   0      97.53     6741.217     99.60603
       221    836.8528    872.7160     25113.31     841.4094  14.0002   0.0364    13.11    0.436  20.66   1      39.86     1665.368     87.48466
       222    452.7932    871.5024     25409.94     794.5168  13.9875   0.0340    10.80    0.511  19.83   0      47.43     2043.199     88.90515
       223    703.2883    867.7151      18903.7     555.0687  14.3086   0.0319    12.59    0.249  19.23   2      60.84     3129.168     91.42395
       224    930.0978    870.2136     27464.53     321.1302  13.9031   0.0127     9.24    0.072 -23.39   0      157.5     16394.01     119.9492
       225    290.0095    867.3371      71408.7     508.9798  12.8656   0.0077     5.91    0.250   7.11   0      209.6     13013.82     113.5375
       226    847.0753    867.4886     10199.63     567.3437  14.9785   0.0604     6.86    0.178 -13.18   1      24.29     1021.691     85.79619
       227    815.1990    865.2711     28446.63     674.7567  13.8649   0.0258     0.00    0.382  14.78   2      73.65     2986.284     91.28417
       228    734.2598    867.4694     4594.138     403.3361  15.8445   0.0953     7.63    0.135 -12.71   0      18.31      928.892     86.00943
       229    670.7589    864.0250     67365.55      554.499  12.9289   0.0089    10.60    0.177   8.14   0      194.9     11432.71     110.6838
       230    623.2643    862.8381     55169.59      796.826  13.1458   0.0157    11.18    0.305 -77.28   2        106     5113.355      96.4347
       231    645.1900    862.7558      23481.5     448.1317  14.0732   0.0207     5.74    0.229   5.06   0      83.37     4456.051     95.28743
       232    473.7519    864.4254     6664.406      494.378  15.4406   0.0806     3.31    0.240 -60.83   0      19.07     961.8583     86.55302
       233    893.1074    861.1282     16903.42     432.4286  14.4301   0.0278     6.08    0.254   4.95   0      60.21     3098.326     91.13129
       234    135.0248    862.0558     15098.94     578.7429  14.5526   0.0416     5.53    0.234  -5.27   2      43.22     1909.589     88.56294
       235    114.3089    860.4212     22628.81     801.7485  14.1133   0.0385    10.19    0.432  34.56   2      41.28     1780.399     87.55823
       236    118.6982    856.8606     10361.27     494.0845  14.9615   0.0518     8.62    0.201  39.95   3      33.73     1517.976     87.10091
       237   1001.2558    862.4114     3547.527     369.5787  16.1252   0.1131     5.29    0.521 -11.00   0      13.59      669.018     85.55061
       238    751.0187    858.8281      25167.5     707.1858  13.9979   0.0305    14.10    0.328  -3.77   0      64.76     3132.709     92.07701
       239    968.6810    858.3188     13127.05     363.4222  14.7046   0.0301     5.89    0.206  14.17   0      50.12     2537.214     89.50112
       240    925.1479    860.8574     7708.298     173.5075  15.2826   0.0244     5.08    0.341 -45.29   0      108.6     7119.498     101.4414
       241    608.5881    857.4365     9112.513     554.6094  15.1009   0.0661     6.39    0.170   1.70   0      24.52     1124.696      87.2058
       242    809.1916    858.0576     3723.465     305.4807  16.0726   0.0891     3.99    0.513  -2.00   0      26.86     1926.059      88.8273
       243     18.9410    855.4613     15017.09      517.601  14.5585   0.0374     7.10    0.215   0.60   0      49.92     2567.376     90.45329
       244    768.9451    852.4718     39287.52     1054.257  13.5144   0.0291    17.97    0.373 -63.10   0      54.89      1633.54      87.6271
       245    838.8284    852.8450     18131.07     538.5313  14.3539   0.0323     8.64    0.187  45.49   2      54.88     2555.279     90.64054
       246    662.1826    855.3297     11948.79     551.3208  14.8067   0.0501     6.76    0.333  11.77   3      34.78      1320.42     87.26396
       247    428.1727    853.5857     9026.734     500.4093  15.1112   0.0602     6.58    0.259   0.26   2      30.82     1022.618     86.71242
       248    579.3610    862.1585      1165550     997.4077   9.8337   0.0009     5.93    0.376 -13.21   0       1292     198484.7     311.7623
       249    715.4569    852.8635     2946.969     268.8416  16.3266   0.0991     2.83    0.498  64.57   0      20.66     1632.592     88.07323
       250    320.4260    849.1295     103121.9     507.6533  12.4666   0.0053     5.82    0.205   4.56   0      283.3     18803.03     124.5882
       251    881.8035    850.9845     14064.03     401.3392  14.6297   0.0310    11.47    0.316   5.31   0      51.09     2600.537     90.31866
       252    922.9148    850.9837      7890.41     478.7517  15.2573   0.0659     5.67    0.265  11.98   0       25.2     1306.091     86.77366
       253    353.5585    855.3840     6108.983     290.7758  15.5351   0.0517     6.38    0.298   2.31   0      26.31     1393.274     87.67852
       254     63.5655    850.7836     4756.344     371.6492  15.8068   0.0849     6.29    0.211  12.52   1      20.07     1026.255     86.94887
       255    125.9899    851.0051     30468.72     185.8471  13.7904   0.0066     0.00    0.022 -28.22   0        248     30062.93     143.6676
       256    856.9625    847.1835     11421.39     435.2341  14.8557   0.0414    10.96    0.369  14.38   0      37.72     1800.372      88.9493
       257     65.7668    844.8755     9656.671     549.4794  15.0379   0.0618     7.34    0.086  19.90   1      24.77     1086.758     86.42558
       258    994.4109    844.1775     8293.923     495.1265  15.2031   0.0648     9.84    0.279   9.56   2      24.14     1045.014     86.54371
       259    607.7296    841.1348     7712.543     348.9023  15.2820   0.0491     9.80    0.213  -4.49   0      31.06     1389.278     86.99126
       260    306.1768    841.3304     11195.31     408.2472  14.8774   0.0396     6.04    0.252   4.68   0      43.42     2290.606     89.53538
       261    221.6711    840.7432     7618.769     392.6864  15.2953   0.0560     8.39    0.264   7.07   0       30.2     1516.864     87.32396
       262    170.8615    835.6091     42545.81     601.0094  13.4279   0.0153     7.93    0.110   4.24   0        123      6760.38     100.4376
       263     18.2360    830.2343      1009760      937.909   9.9895   0.0010    20.00    0.348  -7.31  16       1177     160248.3     282.5862
       264     69.8905    833.0797     47382.37      599.558  13.3110   0.0137     7.29    0.213  19.80   0      134.6     7585.909     101.9025
       265    749.5639    871.5941     10271.08     543.4246  14.9710   0.0575     6.76    0.231  10.52   0      30.31     1420.933     87.75018
       266    276.4915    836.7103     20669.84     396.4584  14.2117   0.0208     5.81    0.263   7.12   0      75.11     4034.231     93.64684
       267    415.2639    834.8654     6279.993     461.2024  15.5051   0.0798     9.46    0.130  49.39   0       22.3     1000.291     85.96899
       268    157.6490    836.8049     8152.052     515.5342  15.2218   0.0687     6.13    0.192   6.02   0      24.32     1168.442     86.86724
       269    458.3768    835.6229     3984.008     248.8166  15.9992   0.0678     4.45    0.218   6.49   0      20.05     1156.347     87.06221
       270    374.5644    834.8792     5575.111     432.1705  15.6344   0.0842     7.37    0.432  15.46   0      18.42     869.3398     85.85193
       271    139.1781    835.4656     5319.531     402.5227  15.6853   0.0822     7.28    0.386  22.16   0      19.39     968.8219     86.34339
       272    246.6737    828.7878     85198.23     533.8847  12.6739   0.0068     5.90    0.240  -6.45   0        236     14742.45      117.115
       273    108.2644    831.8242     19144.98     608.5065  14.2949   0.0345    11.65    0.353   6.29   0      53.29     2690.194     90.76135
       274   1015.9781    830.6336     7002.816     506.3458  15.3868   0.0785     8.11    0.186 -85.94  16      19.29     851.9458     86.26392
       275    939.5086    831.5627     23275.97     267.7013  14.0827   0.0125     0.00    0.299  32.21   0      168.8     16919.74     120.6149
       276    951.8148    831.0154     5467.496     383.8143  15.6555   0.0762     0.00    0.561  -0.41   0      21.83     1594.202     87.74986
       277    919.3788    828.4843     6933.115      370.327  15.3977   0.0580     9.45    0.205  58.37   0      26.47      1255.03     86.41209
       278    563.6723    824.1743     54033.88     673.1523  13.1683   0.0135     8.11    0.175  -9.01   0      141.3     7243.886     101.3315
       279    405.8415    829.9506      9738.49     516.2331  15.0288   0.0576     9.27    0.235 -16.80   0      30.64     1730.043     88.32435
       280    889.8911    828.2175     7899.332      509.656  15.2560   0.0701     6.65    0.210 -17.66   0      19.97     866.8602     85.15398
       281    806.3295    828.5321     5090.575     423.8567  15.7331   0.0904     5.88    0.192  -8.60   0      17.12     912.3983     85.73632
       282    324.5726    825.3356     10317.12     537.0611  14.9661   0.0565     9.20    0.161 -35.98   0      30.36     1356.752     86.90624
       283    881.1834    827.4301     4262.473      236.907  15.9258   0.0604     2.65    0.455 -26.45   0      38.02     3363.035     92.64378
       284    962.6439    824.6609     4538.966     417.7052  15.8576   0.0999     6.43    0.303  10.14   0      16.58     757.3008     85.55482
       285    620.4277    814.1603     108733.4     685.6498  12.4091   0.0068     5.75    0.085 -46.27   3      259.3      16436.1     120.5204
       286    618.8901    803.5698     45463.39     701.8464  13.3558   0.0168     6.21    0.199   0.74   3      116.4     6414.781     99.05751
       287     89.6230    822.2676     29322.41     618.6987  13.8320   0.0229     7.05    0.258   9.79   0      82.12     4395.253     94.93497
       288    856.0594    816.6075     155215.7      596.056  12.0227   0.0042     5.81    0.098   1.81   0      368.4     26153.59     137.4875
       289    931.0353    822.9700     5961.993     152.9697  15.5615   0.0279     0.00    0.116 -45.52   0      94.86     5739.604     98.30121
       290    879.6385    820.0822     12734.02     560.5032  14.7376   0.0478     6.23    0.184  -4.32   0      38.86     1951.042     88.44675
       291    670.9851    820.0397     21519.05     174.5598  14.1679   0.0088     4.39    0.080 -65.94   0      199.2     20508.97     128.1245
       292    474.6428    816.6096      9768.21     565.4311  15.0255   0.0629     8.32    0.404  25.95   2      26.35     1037.489     86.97823
       293    986.2265    818.8420     12553.88     393.0336  14.7531   0.0340     6.54    0.368  13.90   2      42.04     1904.708     88.99435
       294    506.8999    817.4116     27044.42     453.2076  13.9198   0.0182     6.24    0.211  -7.50   0      90.53     4535.815     95.06384
       295    405.8379    817.6714     40950.43     546.2764  13.4694   0.0145     7.06    0.229   0.06   0        128     7118.711     101.0504
       296    898.3181    814.6884     95568.02      571.139  12.5492   0.0065     6.91    0.266 -17.38   0        246     14899.14     117.0826
       297   1021.8648    811.7794     108742.5     414.2419  12.4090   0.0041    12.34    0.238 -83.81  24      329.7     25411.43     136.2551
       298    107.0415    816.0964     36718.04     356.4201  13.5878   0.0105    10.21    0.483 -39.47   0        193     14659.63     116.1087
       299    190.7722    815.1786     7538.102     481.6625  15.3068   0.0694     5.95    0.296  10.61   0      22.71     1138.269     87.01501
       300     79.0168    813.8515     18671.96     690.2677  14.3220   0.0401     8.19    0.098   8.61   3      33.96     1752.829     88.38297
       301     77.2282    807.0063     9777.485     560.1832  15.0244   0.0622     5.53    0.300  21.46   3      29.83     1552.379     88.08997
       302    688.1797    813.2026      15680.9     619.2607  14.5116   0.0429    11.85    0.468  15.73   0      40.28     2017.694     88.83993
       303    713.5263    813.1002     7883.724     498.9035  15.2582   0.0687     6.58    0.355  10.24   0      26.33     1324.347     86.36636
       304    545.9268    810.0060     22335.37     201.7286  14.1275   0.0098     0.00    0.125   3.11   2      192.5     19740.55     126.1308
       305    385.0589    807.2286     130732.3     546.6567  12.2090   0.0045     8.46    0.174   3.08   0      330.3     23151.27     132.2827
       306    838.2830    809.7439     36281.49     569.9713  13.6008   0.0171     7.73    0.218   5.78   0      109.8       5877.5     97.81703
       307    333.9982    811.9872      16547.4     167.9622  14.4532   0.0110     0.00    0.003  53.65   3      176.4     16372.09     120.0719
       308    332.1139    807.6050     12196.78     428.8005  14.7844   0.0382    11.02    0.305  11.29   2      42.69     2058.324      88.9438
       309    305.6967    810.2808     13395.77     561.6492  14.6826   0.0455    10.23    0.200  31.25   0      40.67     1904.685     88.10418
       310    774.9599    807.7043     38122.56     700.1691  13.5470   0.0199    14.96    0.357  16.34   0      98.26     4601.638      94.3897
       311    699.4900    809.9571     7333.458     524.6481  15.3367   0.0777     8.02    0.305   4.05   2       19.4     780.4734     85.15481
       312    447.8423    807.9766     12089.65     496.8658  14.7940   0.0446     8.57    0.384 -17.12   0       38.5     1659.407     88.36568
       313    316.4849    807.3002     12362.56     467.3629  14.7697   0.0411     6.16    0.190  11.92   2      42.95     2080.516      88.3338
       314    319.0000    803.0037     40732.79     198.0016  13.4751   0.0053  -153.74    0.003 -49.21   3      288.3     40249.12     158.9668
       315    664.2528    805.4136     18185.41     680.0405  14.3507   0.0406    11.69    0.346 -19.12   2      40.05         1757     88.39368
       316     92.5582    807.7065     24355.86     222.4739  14.0335   0.0099     6.06    0.515  33.65   0      192.3     20779.09     127.6801
       317    227.7827    802.7093     21127.21     768.6914  14.1879   0.0395    12.88    0.336  30.66   3      38.73     1360.697     86.68955
       318    237.8970    803.5187     8564.434     502.1651  15.1683   0.0637     7.22    0.392  24.48   3      27.33     1267.534     86.44497
       319    512.1041    798.4478     26164.85     466.6961  13.9557   0.0194     6.31    0.273   7.73   0      87.08     4732.549     94.91222
       320     55.0747    806.0891     44855.18     776.9442  13.3705   0.0188    16.14    0.592  15.68   0      97.96     4383.985     94.28309
       321    754.5344    797.2039     8876.288      500.341  15.1294   0.0612     6.63    0.340   1.95   0      28.01     1429.219     87.54686
       322    173.1304    794.4965     64547.66     548.8735  12.9753   0.0092     5.90    0.296  -6.76   3      181.2     10547.49      107.942
       323    163.3838    786.7457     372858.8     668.0791  11.0711   0.0019     5.71    0.212   4.09   3      669.7     65691.12     192.0271
       324    596.2112    795.2480     8383.542     325.9972  15.1914   0.0422     6.47    0.238  10.22   2      33.92     1709.958      88.4956
       325    231.4500    789.6154       169957      589.241  11.9242   0.0038     5.74    0.172  15.18   1      395.3     29558.32     143.0049
       326    884.3444    794.0062     7855.969     231.9858  15.2620   0.0321     3.93    0.613 -56.46   0      60.99     4300.685     94.70831
       327    685.9352    794.7831     13612.92      702.762  14.6651   0.0561     9.87    0.713 -13.43   0      24.42     665.6937     85.31112
       328    634.2339    791.1720      40414.8     581.8666  13.4836   0.0156     5.74    0.225   5.10   0      125.1     7102.443     101.4032
       329    971.8866    781.1283     7574.518     158.4864  15.3016   0.0227     4.75    0.104 -53.16   3      98.84     7052.612     100.5103
       330    966.8812    789.2136     51187.16     781.9506  13.2271   0.0166    18.86    0.319  -3.42   3      120.6     4720.202     95.50364
       331    954.1577    791.5396      10594.1     581.2244  14.9373   0.0596     6.77    0.158   9.16   3      26.92     1222.031     86.78057
       332    950.2548    786.4526     17642.49     736.8832  14.3836   0.0454    13.53    0.409  73.69   3      37.15     1514.707     87.99273
       333    946.2873    782.0080     3090.021     211.5526  16.2751   0.0744     4.84    0.235 -30.02   3      19.58     1448.022     87.37042
       334    251.6477    788.3001     136221.1     554.2922  12.1644   0.0044     5.64    0.234   3.93   0      342.8     24232.79     133.3914
       335    402.0849    791.8819     2920.749       154.88  16.3363   0.0576     4.69    0.244 -44.16   0      53.31     2486.744     89.81274
       336     32.6023    786.7160     45547.88     490.3151  13.3538   0.0117    13.33    0.288   7.57   0      142.4     6190.095     99.13873
       337    574.7222    788.7396     3849.434     336.2741  16.0365   0.0949     6.80    0.308 -41.20   0      15.52     766.3809     85.11719
       338    105.0209    789.9971     12295.18     162.1063  14.7757   0.0143   -27.17    0.029   3.94   0      149.9     12087.14     111.6671
       339     93.1762    787.8454     16329.51     488.8257  14.4676   0.0325     6.20    0.190  20.19   0      55.77     2865.741     91.41568
       340    713.3542    782.6982     27098.76     760.8038  13.9176   0.0305    13.14    0.066 -12.88   0      55.39     2814.964     89.98495
       341    857.9049    785.7233     12373.82     606.7846  14.7687   0.0533    10.38    0.269  -8.47   3      28.17     1168.249     86.18354
       342    867.1513    781.3318     25872.38     606.9694  13.9679   0.0255    13.79    0.385   5.64   3      72.49     3582.222     92.75603
       343    876.3585    780.7443     10632.64     430.2666  14.9334   0.0439    11.29    0.146  27.06   3      38.66     1848.803     88.62941
       344    683.8024    784.0495     17683.38     834.1016  14.3811   0.0512    12.97    0.497 -42.29   0      28.02     949.8976     86.06492
       345     43.5588    786.4430     10199.03     182.2292  14.9786   0.0194     1.93    0.300 -44.44   3      96.41     9280.959     105.4286
       346     48.4745    784.4821     10211.61     455.6294  14.9773   0.0485     6.20    0.167   7.45   2       36.2     1751.598     87.48344
       347    909.0923    783.5341     13784.62     435.3363  14.6515   0.0343     5.93    0.197   9.35   0      49.44     2502.406     89.85236
       348    701.6202    785.0370     3736.564     322.7412  16.0688   0.0938     4.43    0.561  69.78   0      20.05     1459.586     88.07425
       349    534.2897    784.7441     5968.569     295.7066  15.5603   0.0538     9.00    0.237  14.79   0      25.15     1234.683     86.35856
       350    453.8550    786.0074     5956.747     152.9619  15.5625   0.0279     0.93    0.084   2.96   0      88.38     6020.518     98.74921
       351    930.4995    783.6478     4747.611     281.0794  15.8088   0.0643     8.28    0.320  87.08   0       20.5     990.7969     85.02185
       352     70.8491    782.8985     8376.346     319.8906  15.1924   0.0415     5.97    0.240  15.65   0      34.53     1786.417     87.34856
       353    398.4492    782.4044     16152.88      391.351  14.4794   0.0263    11.65    0.293  11.19   0      59.07     2733.027     90.65144
       354    172.8421    771.6313     27994.89     900.9678  13.8823   0.0350    16.17    0.460  62.09   1       48.7     1986.806     89.20376
       355    236.4870    776.1343     17470.48     627.0282  14.3942   0.0390     7.23    0.269   0.24   0       46.5      2320.93     89.17146
       356    644.3946    769.2743     212823.3      716.581  11.6800   0.0037     7.88    0.317 -47.30   0      440.2     26806.96     138.2786
       357    554.4898    773.3417     57229.75     474.3723  13.1059   0.0090     5.89    0.245   3.39   0      174.1     10062.99     107.1012
       358    965.2001    775.4172     4924.043     397.3712  15.7692   0.0876     3.53    0.265  19.49   0      18.63     1089.754     86.43345
       359    856.9092    773.1920     14533.51     596.1343  14.5941   0.0445     6.75    0.196 -10.70   1      40.47     1839.361     88.38253
       360    844.8450    773.6862      6695.62      468.821  15.4355   0.0760     6.93    0.245  41.00   0      19.11     837.6036     85.30715
       361    820.1906    773.0450     5290.387     377.2357  15.6913   0.0774     5.64    0.301   4.24   0      23.31     1354.677     87.57841
       362    545.0026    773.9139     42445.88     199.9583  13.4304   0.0051     0.00    0.071 -89.37   0      285.3     42374.39     162.2199
       363    453.6364    771.3578     8931.616     356.6694  15.1227   0.0434    10.14    0.436  23.19   0      32.82     1467.933      87.6473
       364    402.9846    772.1048     8020.574     336.1633  15.2395   0.0455     9.75    0.428  -4.63   0      31.64     1653.179       87.453
       365    627.4615    770.1563     6061.417     269.6409  15.5436   0.0483     6.10    0.406  -5.68   0      53.27     3445.913     92.42144
       366    149.0111    769.9428     5372.268     379.8874  15.6746   0.0768     6.62    0.270  12.94   0      20.97     1093.958     86.67215
       367    690.2877    769.1122     11736.63     413.3434  14.8261   0.0382     9.26    0.065 -34.45   2      49.62     4249.621     94.16812
       368    895.7263    767.9512     4988.574     387.3647  15.7551   0.0843     6.50    0.252  24.42   0      20.58     1003.946     85.97865
       369    973.1434    765.3687     22847.13     561.9653  14.1029   0.0267     7.04    0.209   3.34   0      72.55     3609.011     92.82165
       370    335.8715    767.3867      6143.87     472.7401  15.5289   0.0836     7.42    0.334   8.77   0      21.09      1010.79     86.45379
       371   1012.8425    765.1528     9908.883     176.3665  15.0099   0.0193     5.09    0.341 -44.58   0      126.8     9203.629     105.8219
       372    250.6189    762.3647     34344.38      565.726  13.6604   0.0179     6.57    0.209   2.19   2      105.8      5711.67     98.43698
       373    194.5228    766.0500      6724.76     198.7714  15.4308   0.0321     3.69    0.466  63.23   0      57.93     6113.042      98.5629
       374    745.3617    761.8092     24146.54     823.9895  14.0429   0.0371    12.28    0.226  -7.78   0       49.6     1711.579     88.72213
       375    481.0171    762.6436     24370.67     535.6685  14.0328   0.0239     9.81    0.497   8.28   0      68.33      2944.03     91.61011
       376    122.5976    762.7180     9157.135     465.8015  15.0956   0.0552     6.62    0.177   7.16   0      31.46     1484.349     87.68987
       377    906.1157    760.6855      3498.17     350.3896  16.1404   0.1088     0.00    0.546 -83.55   0      15.58     938.4996     85.80548
       378    842.8405    756.3975     110922.7      713.817  12.3874   0.0070     6.62    0.150   1.37   3      239.4     14369.04     116.5573
       379    838.6642    743.8821      54762.9     930.2095  13.1538   0.0184     9.92    0.149  10.84   3      106.2     4279.211     94.23951
       380    590.5684    760.2822     14487.74     366.9669  14.5975   0.0275     0.00    0.182 -14.19   0      58.27     2658.541     90.24642
       381     97.4108    757.2812     18249.45     591.7504  14.3469   0.0352     9.66    0.344 -19.64   2      52.54     2644.702     90.42973
       382     88.6328    754.3771     13483.61     247.5915  14.6755   0.0199     6.87    0.273 -42.39   2      120.9     9639.216     106.9377
       383    188.7836    758.2654     13190.53      471.959  14.6993   0.0389    11.74    0.382 -17.83   0      44.13     1976.282     88.73392
       384    130.4682    759.2733     7570.929     202.1878  15.3021   0.0290     3.94    0.518  31.57   0      89.09     5872.819     98.00741
       385     30.4605    760.4458     3255.038     345.9865  16.2186   0.1154     5.95    0.449 -35.11   0      14.29     854.7453     85.81328
       386    887.4873    757.5660     16695.55     529.6191  14.4435   0.0345     7.26    0.199  13.64   0      57.79     2916.989     90.67792
       387    732.0780    757.0380     31226.49     620.1925  13.7637   0.0216    11.09    0.234  15.01   2      80.97      4190.67     94.23508
       388     19.5184    758.4302     9382.021     560.0227  15.0693   0.0648     9.76    0.386   4.15   0      26.22     1184.526     86.68229
       389    971.4917    751.6643     36435.64      678.895  13.5962   0.0202    19.93    0.517 -23.10   0      72.48     2538.029     89.72308
       390    712.4306    755.7989        26624     533.8627  13.9368   0.0218    13.06    0.114  -2.60   0      83.31     4180.173     94.62714
       391    611.0311    756.6621     7288.104     401.1844  15.3435   0.0598    10.66    0.176 -35.05   0      29.77     1416.371     87.28805
       392    779.0580    755.1500      6623.01     163.2663  15.4474   0.0268     4.83    0.140  83.13   3       93.3     5555.968     97.67419
       393    775.1987    750.3542     7944.192     608.3707  15.2499   0.0832     8.21    0.453  46.01   2      22.15     958.7609      86.3169
       394    529.9973    756.3481     6618.418      169.187  15.4481   0.0278     0.87    0.166  88.62   0      82.44     6310.675     99.21637
       395    378.8904    756.3177     4299.349     377.9438  15.9165   0.0955     7.11    0.374   6.44   0      17.47     838.8315     85.54108
       396    695.0010    755.9946     56347.34     215.1794  13.1228   0.0041     4.20    0.008 -89.01   0      343.7     55955.21     180.0266
       397    601.7173    754.3626     3177.969     351.5857  16.2446   0.1201     6.25    0.566  52.92   0      12.98      630.965     84.98701
       398    440.0501    751.1325      39449.8     567.7733  13.5099   0.0156    14.72    0.261  -9.08   0      113.5     6262.331     99.10557
       399    328.8064    747.6552     41868.63     620.9148  13.4453   0.0161     0.00    0.392 -89.52   0      116.1      2580.58     90.48646
       400    465.3579    753.0003     11497.68       622.49  14.8485   0.0588     9.27    0.390  51.14   0      24.19     981.7228     86.60516
       401    355.1423    751.7856     15816.35     459.4899  14.5022   0.0316     6.26    0.231  15.97   0      54.06     2710.072     90.81111
       402     41.0938    752.9918     6711.065     473.0127  15.4330   0.0765     7.47    0.260  45.01   0      21.35     1042.228      86.3084
       403      2.9757    751.6686     18098.85     427.3309  14.3559   0.0256    11.06    0.380 -84.65  26      61.74     3489.783     92.74197
       404    546.1007    751.5078     12521.96     559.5375  14.7558   0.0485    10.22    0.353   5.41   0      35.23     1779.172     87.55505
       405    475.4582    748.0058     18707.76     600.1909  14.3199   0.0348    13.14    0.047  35.36   0      55.93     2593.323     90.51846
       406    954.0048    749.5499     5223.546     428.5509  15.7051   0.0891     7.41    0.512 -13.07   0      18.84     860.1249     86.05681
       407    571.3502    747.4716     15369.72     524.3735  14.5333   0.0371    11.77    0.309  16.44   3      53.44     2738.552      90.4477
       408    559.5405    741.9949     23897.41     424.6425  14.0541   0.0193     0.16    0.232   6.46   2      91.74     6541.241     99.94048
       409    867.2667    757.0706     5085.495     435.3211  15.7342   0.0930     6.71    0.570   6.94   0      16.76     689.3683     85.14305
       410    243.9630    747.0207     10151.25      512.585  14.9837   0.0548     6.16    0.326  12.29   0      32.04     1749.169     88.81837
       411    998.4995    778.1741     6253.705     466.4995  15.5097   0.0810     6.21    0.269  21.11   2      17.08     705.5903     84.48956
       412    127.4905    745.3745     14211.05     467.2078  14.6184   0.0357     7.36    0.492 -11.69   0      42.75     2369.534     89.07431
       413    646.5234    743.6873     20096.29     404.7408  14.2422   0.0219    10.73    0.238  -3.56   0      72.63       3869.3     93.03415
       414    102.2759    745.5153     3204.976     189.5777  16.2354   0.0642     3.90    0.506 -60.22   0      48.53     2454.057     89.28971
       415    811.6339    744.0918     7655.256     489.8304  15.2901   0.0695     6.44    0.253   7.12   0      23.88     1117.121      85.5894
       416     57.6917    742.0482     6634.672     478.1552  15.4455   0.0783     9.13    0.362  -8.36   0      24.03     1260.727     86.42707
       417     43.8384    738.4779     18192.58     662.4296  14.3503   0.0395    11.74    0.416  -7.92   2      45.14     1756.641     88.16956
       418    585.2422    738.6489     8373.388     475.8856  15.1927   0.0617     6.44    0.189 -19.86   0      27.58     1265.174     87.11996
       419    447.9989    739.6978     6287.257     460.1366  15.5038   0.0795     6.30    0.297  -3.60   0      21.99     1113.035     86.49464
       420    591.2774    738.9952       7746.8     161.8069  15.2772   0.0227     1.01    0.160  -1.52   1      92.68     7392.824      101.665
       421    235.3575    735.6729     50607.68     544.8818  13.2395   0.0117     6.73    0.189   3.14   0      152.1     8627.397     104.3884
       422    528.6666    731.1162     186552.6     602.1879  11.8230   0.0035    10.16    0.197  -7.57   2      422.9     32334.27     146.9489
       423    525.1567    728.1652     38594.43     198.0351  13.5337   0.0056     4.69    0.077  49.44   3      245.7     35140.88     151.6177
       424   1005.0613    729.1241     116600.3     949.8762  12.3333   0.0088    15.22    0.210  29.62  18      193.9     4917.633     95.97232
       425    982.1793    733.7075     18244.27     475.4237  14.3472   0.0283    11.60    0.223  11.72   0      64.76     3075.368      90.8574
       426    797.9230    731.8057     18076.84     431.9058  14.3572   0.0259     7.11    0.267   4.28   0      63.23     3305.465     92.28918
       427    187.5573    733.5378     5405.849     176.1498  15.6678   0.0354     1.53    0.290  46.03   0      63.12     5321.005     96.92284
       428    638.0934    730.3534     9139.736      326.524  15.0977   0.0388     5.79    0.271   9.51   0      37.58     2074.014     88.31707
       429    585.9565    729.1286     8565.219     461.2604  15.1682   0.0585     7.75    0.140  37.01   2      31.89     1419.317     87.29572
       430    581.0293    724.0106     13724.53      164.098  14.6563   0.0130     0.00    0.046  27.11   2      157.4     13183.93     114.0504
       431    542.9251    729.2725     3896.153     212.4168  16.0234   0.0592     2.49    0.078  76.89   0      45.48     2592.561     90.08012
       432    900.9569    728.2063     8215.412     534.3303  15.2134   0.0706     8.28    0.533 -24.56   0      21.41     834.6279     86.21829
       433    604.1646    723.0939     15557.77     509.2048  14.5201   0.0355     5.90    0.225   3.08   2      47.86     2107.889     88.18103
       434    353.9985    725.9351     2702.407     166.8216  16.4206   0.0670     2.86    0.277 -19.10   0      47.37     1973.737      88.9492
       435    952.6819    724.9044     2294.145     157.1248  16.5984   0.0744     2.67    0.264  18.82   0      37.62     1925.165       88.157
       436    403.5006    721.9429      23042.4     530.4818  14.0937   0.0250     5.89    0.222  12.43   0      74.22     3956.535     93.03546
       437    157.3609    709.7820     24189.71     569.4709  14.0409   0.0256     7.49    0.251 -34.34   2      69.11     3076.904     92.15324
       438     56.1133    721.0807     6015.854     283.8438  15.5518   0.0512     7.32    0.348  12.99   0      25.62     1259.881     86.65254
       439     18.2716    720.1353      11994.8     482.7415  14.8025   0.0437    11.03    0.300  19.64   0      41.45      2085.87     88.79253
       440    308.5400    714.5399     136087.1     614.1091  12.1655   0.0049     7.72    0.315   6.97   0      310.9     19106.09     125.4544
       441    673.8296    713.5274     72191.41     594.9772  12.8538   0.0090    11.33    0.158 -23.09   3      194.5     11690.84     110.8576
       442    661.2410    708.7219     90821.66     545.3818  12.6045   0.0065     5.78    0.230   4.75   3      247.6     15660.19     118.7167
       443    463.3369    715.9888     32921.98     547.4438  13.7063   0.0181    11.61    0.218  13.90   2      98.85     5288.965     96.84769
       444    216.9445    718.5399     10199.12     440.2264  14.9786   0.0469     4.16    0.166  13.00   2      34.56     2063.793     89.17901
       445    978.9409    718.1779     10165.74     565.5909  14.9822   0.0604     9.34    0.368   1.46   0       25.8     1148.108     86.58675
       446    234.1796    718.5986     2088.666     193.3979  16.7003   0.1006     2.17    0.491 -22.99   0      16.94     1061.209     86.35836
       447     99.5498    714.5032     16154.05     561.8882  14.4793   0.0378     6.36    0.206  10.39   2      46.29     1984.714     88.08697
       448     38.6594    715.5817     2159.345     190.9179  16.6642   0.0960     5.66    0.513  53.95   0      18.03     1516.224     87.54765
       449    728.7507    712.4546     23435.28     413.8166  14.0753   0.0192     9.85    0.257  -6.12   0      82.39     4358.807     94.84769
       450    604.4019    713.0148     11061.42     418.8937  14.8905   0.0411     5.64    0.183  17.63   0      40.37     2093.596     89.03389
       451    530.1736    701.4952     722225.1     802.2197  10.3533   0.0012     5.92    0.194   2.55   3      994.2     122777.4     250.2512
       452    525.7064    685.7137     167033.2     594.7755  11.9430   0.0039     5.46    0.192  19.53   3      387.6     29561.51     142.7342
       453   1020.3688    707.9673     9973.929     547.8151  15.0028   0.0596    10.99    0.264 -52.60  18      25.39     1022.422      86.7119
       454    935.0562    706.1269     270570.3      632.325  11.4193   0.0025     7.30    0.151   7.32   0      541.8     45723.92      166.492
       455    289.1131    712.1476     2306.959     153.9767  16.5924   0.0725     3.44    0.261  43.91   0      48.82     2172.322     88.79189
       456    868.0878    709.5307     15824.27     386.0898  14.5017   0.0265    11.43    0.260   4.28   0      57.19     2823.215     90.44258
       457    338.1617    706.2684     45021.14     551.5516  13.3665   0.0133     5.79    0.165   5.89   0      138.1     7660.834     102.2624
       458    349.8177    705.5470     5826.033     322.6863  15.5866   0.0602     4.72    0.474 -58.64   2      31.74     2337.665     89.87426
       459    324.9767    708.9497     7397.342     155.0876  15.3273   0.0228     0.00    0.081  60.92   0      107.5     6906.386     100.9628
       460     59.7590    705.6899      18675.3     446.7914  14.3218   0.0260     7.82    0.254  13.62   0      63.76     3170.938     91.31219
       461    589.7874    705.7635     8414.813     423.3144  15.1874   0.0546     6.07    0.260   5.96   0      30.27     1617.324     88.48035
       462   1010.3318    705.9742     3211.949     158.4468  16.2331   0.0536     0.89    0.193 -15.16   0      45.89     2766.786     90.73604
       463    713.8328    705.6715     9871.089     179.0899  15.0141   0.0197     2.33    0.353  63.75   0      116.4     8408.029     103.9097
       464     11.3246    704.2017     5017.574     352.7729  15.7488   0.0764     6.89    0.289 -72.65   0      19.62     894.6918     85.91901
       465    978.7244    704.4319     9819.537     528.5276  15.0198   0.0585     3.66    0.302   9.63   0       25.8     1501.937     87.51055
       466    211.0901    700.6950     17891.29     537.5144  14.3684   0.0326    13.14    0.137  30.73   0      55.29     2678.416     90.29646
       467    106.5409    703.9929     5526.856     328.5291  15.6438   0.0646     2.67    0.392   3.43   0      24.69     1294.877     87.19741
       468    824.9716    699.8571     19759.51     482.3151  14.2606   0.0265    11.71    0.380  31.96   0      57.77     2544.156     90.17668
       469    704.8566    699.6146     28918.56     643.5306  13.8471   0.0242    17.14    0.373  35.59   3       79.2     3948.122     93.85845
       470    687.6957    692.8813     34983.25     521.5939  13.6403   0.0162     9.76    0.156   7.73   3      109.3      5608.38     97.18974
       471    694.9936    691.1463     30615.58      497.408  13.7851   0.0176     2.56    0.229  -3.55   3      99.03      6569.74     100.0053
       472    796.8778    699.2429     16506.18     358.7277  14.4559   0.0236     6.97    0.194   2.57   2      55.94     2549.137     90.18923
       473    371.0962    698.3218     9468.899     490.6712  15.0593   0.0563     6.80    0.118   5.61   3      31.63      1575.77     87.25159
       474    372.8601    688.4603     47548.79     762.3787  13.3072   0.0174     8.91    0.200  19.11   3      112.3     5900.625     98.67279
       475    372.8262    679.5110     17552.32     588.1418  14.3892   0.0364     5.76    0.250  12.07   3      45.37     1975.268     88.28607
       476     78.3592    697.1425     11760.07     461.7663  14.8240   0.0426     8.11    0.243  14.22   2      42.98     2161.625     89.20737
       477    316.4837    698.0526     7493.184     421.6526  15.3133   0.0611     5.95    0.191  14.56   0      29.62     1495.544     87.04237
       478    495.3544    697.5504     8585.385     546.3378  15.1656   0.0691     9.69    0.237 -22.13   0      25.37     1231.099     87.03102
       479    723.9968    697.0009     28343.75     183.2301  13.8689   0.0070     0.00    0.021 -61.97   0      238.6     28269.97     140.8026
       480    154.7993    721.6313     13451.37       471.04  14.6781   0.0380     0.00    0.262  55.38   2      52.89     4867.952     96.26485
       481    753.3252    694.7971     12471.37     353.3852  14.7602   0.0308     5.79    0.201   2.64   0      48.48     2553.794     90.20097
       482    602.0189    697.0125     19178.55     171.4855  14.2930   0.0097     0.00    0.046  30.11   0      188.6     18173.47     123.4345
       483    884.2621    692.2770      11893.3     382.4831  14.8117   0.0349     7.28    0.159   2.23   1      46.32     2313.442     89.37312
       484    168.3445    690.3425     32010.96     457.8484  13.7368   0.0155     5.75    0.236  11.39   0      109.1      6065.62     99.05209
       485     53.1230    687.2670     258414.1     634.1854  11.4692   0.0027     5.89    0.324   6.13   2      531.1     44853.08     165.1797
       486     74.1840    684.7499      20033.4     752.1693  14.2456   0.0408     4.92    0.402  35.45   3      43.46     1762.269     88.40723
       487    273.6310    691.5911     6761.468     286.1668  15.4249   0.0460     7.61    0.543 -13.02   1      33.46      1830.81     88.80542
       488    428.7912    689.1492     12126.09     547.8087  14.7907   0.0491    11.00    0.241  47.52   0      36.37     1689.069     88.21886
       489    961.9317    689.8425     6769.839     166.4567  15.4236   0.0267     0.00    0.241  63.67   0      97.99     6044.084     98.60381
       490    387.0132    687.9882     9538.853     158.1948  15.0513   0.0180     0.00    0.033   3.02   2      121.1     8610.524     104.3517
       491    310.6912    683.0405     34784.07     1067.686  13.6465   0.0333    18.46    0.520  53.53   1      45.68     1018.625     85.78806
       492     88.4152    686.6182     7676.788     421.7516  15.2871   0.0597     6.32    0.344   7.85   3      27.12      1396.06     87.23515
       493     98.6602    684.4460     26075.03      601.338  13.9594   0.0250    13.08    0.504   2.69   2      68.08     3539.348     92.65092
       494    407.2390    683.5223     13844.07     557.4294  14.6468   0.0437    12.08    0.378 -26.25   1      37.54     1814.657     88.31898
       495    343.1074    685.2627     13609.44     594.1259  14.6654   0.0474     5.93    0.183   8.81   0      36.49     1827.531     87.90493
       496    999.7896    685.1534     5079.434     453.0622  15.7355   0.0969     8.21    0.335  16.17   0      18.84     861.1205     86.28809
       497    876.6288    685.4113     6923.284     466.8256  15.3992   0.0732     6.78    0.314  13.17   1      17.74     930.8261     86.24332
       498    895.3702    683.0277     10683.88     361.8911  14.9282   0.0368     5.81    0.183  12.44   0      41.86     2142.784     89.60028
       499    951.0067    683.2396     5444.257     465.0469  15.6602   0.0928     7.25    0.207 -42.91   0      17.73     828.5904     86.20237
       500    681.0048    683.0857      9537.94     158.1935  15.0514   0.0180     4.28    0.058 -88.52   0      123.1     9526.349     106.5127
       501    562.2440    680.3792     18739.77     560.3018  14.3181   0.0325    11.90    0.268  20.65   2      56.76     2149.808     89.61809
       502     20.0048    679.5952     58932.55     592.3907  13.0741   0.0109     9.39    0.193  78.81   2      155.9     8796.405     104.7557
       503    416.6217    677.4948     20239.71     604.8566  14.2345   0.0325    12.47    0.285  29.62   0      57.61     2916.268     90.45854
       504    571.8707    679.2474     12329.66     597.7708  14.7726   0.0527     6.55    0.373   6.23   1      36.77      921.396     85.98962
       505    230.4995    675.7549     83748.52      493.943  12.6926   0.0064     5.71    0.238   5.50   0      238.8     14837.07     116.2862
       506    285.0581    669.9703     625647.3     769.2695  10.5092   0.0013    11.42    0.188  10.40   2      910.5     111496.7     240.1161
       507    923.0499    675.0109     4813.041     151.2531  15.7940   0.0341     0.00    0.079  -0.70   0      81.53     4446.088     95.05659
       508    531.5778    671.6168     4314.955     203.3971  15.9126   0.0512     3.18    0.460  45.71   0      54.19     3195.662     92.23226
       509    970.0825    670.3133      3986.16      368.514  15.9986   0.1004     6.18    0.332   7.72   0      15.77     736.2426     85.26808
       510    553.2775    668.4346     21488.65     525.1462  14.1695   0.0265     6.16    0.272   3.36   0       73.8     3861.457     93.43771
       511     66.8053    665.3805     37180.23     261.0208  13.5742   0.0076     0.00    0.268 -57.58   0      249.5     31683.01      146.208
       512    650.6907    664.7610     11431.92     504.4387  14.8547   0.0479     7.24    0.175  -4.89   0      37.48      1521.95     87.11128
       513    614.9644    677.9293     3176.533     148.7737  16.2451   0.0509     0.00    0.126  61.76   0      59.31     2901.418     91.07264
       514    136.0120    662.8276     13547.52     663.8091  14.6704   0.0532    13.66    0.532 -29.93   0      32.73     1093.208     86.67018
       515    793.2189    664.1047     13157.46     180.5042  14.7021   0.0149    -2.30    0.287  26.44   0      147.5     11818.28     110.5853
       516    380.5787    662.8948      15924.3     616.9594  14.4948   0.0421    10.96    0.547  -0.48   2       41.2     1102.188     85.77975
       517    151.5404    661.3110     11812.69     595.9233  14.8191   0.0548     7.92    0.449 -15.86   1      26.48     1289.175     86.50185
       518    110.8735    659.5189     32813.22     465.7106  13.7099   0.0154     6.94    0.254  12.05   0      109.8     5768.124     97.36039
       519    672.9158    659.5168     13111.44      429.285  14.7059   0.0356     8.09    0.239   9.17   2      47.62     2456.822     89.73698
       520    672.0044    655.0040     36703.99     193.3219  13.5882   0.0057     0.00    0.001  -8.98   3      272.1     36173.17     153.0286
       521    267.9358    660.7291     7939.032     496.9501  15.2506   0.0680     5.32    0.285  27.57   0      21.46     1159.155     86.38795
       522    164.9228    659.3873     31318.45     519.9946  13.7605   0.0180     8.81    0.305   8.28   0      99.75     5331.555     96.94758
       523    720.6548    659.4344     7225.286     437.5641  15.3529   0.0658     6.61    0.281   4.54   0      26.83     1343.397     86.87131
       524    472.2092    660.5822     18595.09     197.4698  14.3265   0.0115     2.38    0.388 -63.55   0      160.8     15247.16     117.9234
       525    742.9941    657.6343     2871.929     279.5586  16.3546   0.1057     2.23    0.353 -89.91   0      21.84     1625.441     88.27827
       526    616.3662    657.8394     4638.421     312.5304  15.8341   0.0732     7.01    0.338  15.02   0      20.12     1037.641     86.52435
       527    563.6165    657.3391     5259.148     233.6824  15.6977   0.0483     5.70    0.422 -40.67   0      51.75     3238.322     91.90954
       528    462.8441    655.1157     9097.374     380.8181  15.1027   0.0455     6.84    0.354   9.33   0      33.95     1738.255     87.67381
       529    769.9852    655.3552     3652.835      159.078  16.0934   0.0473     1.36    0.169  73.65   0       54.9      3938.72     94.04544
       530    409.2032    654.0538     9452.046     443.1878  15.0612   0.0509     6.02    0.232   3.81   0      35.05     1798.771     88.50102
       531     46.2148    654.7365     5641.206     369.5333  15.6216   0.0711     6.31    0.369  13.66   0      20.97     1049.208     86.32677
       532    989.5988    654.4068     5389.071     338.7703  15.6712   0.0683     3.11    0.225   0.26   0      23.21     1440.001     87.34955
       533    940.1100    653.7437     8978.776      468.877  15.1170   0.0567     6.50    0.315   6.91   0      29.08     1459.279     86.94762
       534    349.6251    652.9000     19661.53     529.0313  14.2660   0.0292    12.18    0.268   3.77   2      67.87     3443.625     91.34351
       535    349.1122    649.1284     6018.094     159.3602  15.5514   0.0288     4.58    0.123 -31.39   3      81.07     5336.642      96.5522
       536    844.1276    649.1822     20933.11     546.9656  14.1979   0.0284    11.68    0.289 -16.42   0       54.3     2150.853      89.4006
       537    532.5040    648.6051     60303.54     531.5864  13.0491   0.0096     6.45    0.220   4.77   0      176.8     10200.56     107.7591
       538    126.1015    650.1829     7726.689     528.5597  15.2800   0.0743     9.79    0.239  -3.36   2      22.65     817.7054     85.25412
       539    604.1885    650.6260     10349.05      540.731  14.9627   0.0567     5.41    0.275  11.83   0      31.14     1595.385     87.97717
       540    250.8312    650.9518     5313.089     161.4325  15.6866   0.0330     0.00    0.224  16.25   0      73.69     4445.473      95.2622
       541    718.8197    649.6152      3429.37     334.5207  16.1620   0.1059     4.07    0.350  16.84   0      16.04     949.7241     86.29311
       542    156.4423    645.3536     85469.59      535.842  12.6705   0.0068     5.83    0.235   2.88   0      237.9     14959.84     117.5361
       543    284.5830    647.7371     7919.061     528.6424  15.2533   0.0725     7.47    0.242 -10.56   1      19.86      906.466     85.95015
       544    223.1684    644.6646     93354.06     671.7904  12.5747   0.0078     6.28    0.362   3.85   2      211.7     11927.13      111.341
       545    373.1452    644.6738     26912.32     527.4882  13.9251   0.0213     5.80    0.245   8.31   0      89.61     4901.624     95.72878
       546    574.2613    642.3419     15235.88     469.8078  14.5428   0.0335     0.00    0.247 -32.81   0      58.38     5062.672     96.51955
       547    407.9277    640.5166     99288.28     696.7976  12.5078   0.0076     6.59    0.316  -3.69   3      225.6     13601.88     114.3646
       548    399.0286    640.1663     51824.12     615.8108  13.2137   0.0129     7.22    0.422 -12.67   3      130.2     4879.449       96.292
       549    196.2493    643.9171     4480.479     297.8866  15.8717   0.0722     7.87    0.363  18.38   0      19.47     991.1199     85.71516
       550     90.0020    642.2277     4089.887     193.2024  15.9707   0.0513     4.45    0.141  85.90   2      49.37     2675.583      90.9417
       551     84.0604    643.3205     5206.678     391.2879  15.7086   0.0816     6.53    0.400  21.48   0         18      801.056     85.20972
       552    929.8101    640.7704     16868.74     394.2733  14.4323   0.0254     5.94    0.215  -3.35   0      60.62     3225.899     92.09303
       553    595.3688    641.8713     10387.88     587.0474  14.9587   0.0614     9.20    0.465  22.59   3      23.05     906.3828     85.94994
       554    585.6016    639.0788     14886.71     707.3647  14.5680   0.0516    10.00    0.591  15.85   3      24.54      1015.84     86.23888
       555    558.7530    638.7566     31598.59      625.863  13.7508   0.0215     9.16    0.240  10.34   0      90.54     4730.451     95.73408
       556    489.9986    641.7139     16330.52      194.846  14.4675   0.0130     5.46    0.250  88.98   0      161.1     14686.55     117.1747
       557    288.7893    639.3553     13155.25     554.4896  14.7023   0.0458    12.09    0.329 -17.52   0      40.11     1777.273      88.6683
       558   1021.3846    630.0034     361774.1      580.394  11.1039   0.0017     7.46    0.277  86.08  24      698.6     75703.31     203.4355
       559    986.5548    639.3950     7216.666     384.8486  15.3542   0.0579     9.25    0.257  12.96   0      26.93     1372.042      87.3983
       560    832.1375    640.1796     7793.306     432.1972  15.2707   0.0602     7.66    0.342   2.58   0      27.28     1432.422     87.32983
       561    800.1518    637.0547     18143.44     416.8512  14.3532   0.0250    12.69    0.440  15.48   0      57.71     2840.673     91.13738
       562    113.2375    629.9534     21007.44     529.6092  14.1941   0.0274     9.80    0.393  81.10   0      57.68     2367.175     89.72952
       563    894.6328    633.6987     7134.067     351.3407  15.3667   0.0535     9.64    0.297  11.86   0      29.01     1430.874     86.41852
       564    737.9877    633.2431     6896.073     371.6322  15.4035   0.0585     9.63    0.388  20.13   0      26.74     1408.966     87.71919
       565    367.9157    631.6555     30660.07     516.8553  13.7836   0.0183     5.97    0.248   2.88   0      101.4     5489.077     96.91035
       566    718.9254    627.9161     93023.99     539.9498  12.5785   0.0063     0.00    0.169  -7.64   2      267.7     24773.91     134.6033
       567    231.6133    630.9989     5696.465     437.8957  15.6110   0.0835     6.19    0.283  59.41   0        141     1032.225     86.28205
       568    137.9341    631.6561     7639.726     542.3229  15.2923   0.0771     7.85    0.452  10.13   2      21.15     881.7985      85.8849
       569    663.0067    631.0046     12492.36     162.3825  14.7584   0.0141     0.00    0.000  28.65   2      153.8     12622.74      112.752
       570    220.9567    629.2698     31280.87     1051.125  13.7618   0.0365     6.21    0.264  15.34   1       63.6     1784.474     88.24128
       571    907.4048    626.6551     15246.44     510.0326  14.5421   0.0363    10.72    0.353 -45.24   0      48.05     1650.507     88.11945
       572    853.9578    625.6118     45674.75     839.3497  13.3508   0.0200    19.52    0.383 -25.69   2      87.87     2443.808     90.57841
       573    848.5624    617.4005     6856.812     473.0828  15.4097   0.0749     7.70    0.327  49.80   3      21.03     916.7214     86.43442
       574    779.9023    627.5948     12729.74     508.9099  14.7380   0.0434    11.43    0.120  43.65   0      43.44     1922.222     88.59535
       575    499.0225    627.4753     23524.81     502.0691  14.0712   0.0232     5.75    0.248   6.11   2      75.97     3979.813     93.93516
       576    476.7438    628.5674     8718.586     345.3033  15.1489   0.0430     6.20    0.265   9.44   0      33.53     1668.282     87.71716
       577     70.0502    628.9979     4442.471     370.1287  15.8809   0.0905     7.39    0.493  11.40   0      18.31     921.7444     85.99055
       578    829.8318    626.2942     23850.23     464.5083  14.0563   0.0212    12.08    0.173  -0.89   0      81.97     4059.239     93.07455
       579    203.6161    628.6048     14381.69     209.7039  14.6055   0.0158     2.92    0.464  45.79   2      129.4      11483.5     110.4318
       580    206.4006    623.9025     6525.601     357.8964  15.4634   0.0596     7.66    0.388  14.15   2      26.36     1320.716     87.03864
       581    764.0916    626.3314     5211.534     406.1171  15.7076   0.0846     6.96    0.278  -2.91   0      20.31     1069.294      85.9222
       582    395.1876    626.2003     8268.537     544.3992  15.2064   0.0715     8.31    0.395  14.15   0      91.32     801.2112     85.67138
       583    419.2496    621.5350     17308.56     622.2374  14.4043   0.0390    12.43    0.295  32.81   0      47.26     2153.927     89.18776
       584    188.9847    625.6921      2936.93     164.1671  16.3303   0.0607     2.43    0.241  88.77   0      48.68     2471.982     89.55562
       585    614.0023    624.2269     2494.649     147.7284  16.5075   0.0643     1.16    0.119  87.46   0      42.25     2508.701     90.52367
       586    579.4489    622.0224      11153.3     508.2054  14.8815   0.0495    10.43    0.201 -11.32   0      36.56      1868.24     88.90116
       587    376.1597    623.8439     5915.646     405.2974  15.5700   0.0744     7.14    0.581 -13.10   0      22.57     1715.226     87.83871
       588    889.5721    620.1118      8157.76     365.7292  15.2211   0.0487    10.07    0.278   4.51   0      30.07     1447.848     86.91774
       589    567.6511    622.0538     5378.275     186.9682  15.6734   0.0378     1.99    0.396   2.66   0      56.74     4308.781     94.93552
       590    665.9544    618.8100     7966.297     413.6537  15.2469   0.0564     4.86    0.232   9.10   0      32.09     1934.514     89.07043
       591     14.9100    619.0381     5790.434     445.7487  15.5932   0.0836     6.72    0.228  37.83   0      19.34     968.6296     85.65552
       592    709.2039    615.2504     24803.07     509.4615  14.0137   0.0223     5.84    0.178   6.11   0       80.6     4145.993     94.12726
       593    530.3030    613.8373     18221.97     784.3352  14.3485   0.0467    14.01    0.395  62.22   0      36.46     1078.891     85.48782
       594    785.0950    614.0437     8692.721     445.0176  15.1521   0.0556     9.68    0.311  -4.46   0       30.3     1498.368     86.82309
       595     56.3401    648.1274     14529.78     373.6441  14.5944   0.0279     5.48    0.231   9.29   0      55.18     3045.827      91.4323
       596    118.9655    613.7886     4589.892     352.4972  15.8455   0.0834     2.72    0.308  28.36   0      19.67     1236.174     87.49585
       597    402.5507    609.6096     42891.59     836.8316  13.4191   0.0212     9.55    0.241  34.69   2      95.65     2216.205     89.56659
       598    262.6381    641.9537     18213.21     600.0036  14.3490   0.0358     6.22    0.193 -17.50   0      54.42     2660.092      90.4684
       599    341.0795    609.8127     17509.22     622.3107  14.3918   0.0386    11.56    0.512 -19.42   2      42.56     1451.571     87.37965
       600    554.2280    609.6010     5589.625     454.4034  15.6315   0.0883     7.34    0.233 -67.78   0      18.22     867.0054     86.30359
       601     26.7378    608.6474     11682.64     501.6141  14.8311   0.0466     7.21    0.272   6.03   0      40.09     2002.877     88.80201
       602    994.2214    608.9781     9620.661     550.3603  15.0420   0.0621    10.73    0.347 -24.40   2      27.05     1283.622     87.39383
       603    173.1896    608.2231      5150.02     283.1497  15.7205   0.0597     0.00    0.241  43.68   0      26.23     1888.018     88.72992
       604    359.1890    607.6224     3369.455      301.972  16.1811   0.0973     6.26    0.624 -20.82   0      18.79     1082.457     86.64198
       605    970.8990    603.7669     4336.725     375.3506  15.9071   0.0940     4.54    0.306  26.85   0      17.81     952.5207      85.1512
       606    215.8145    602.5081     6498.179     297.7723  15.4680   0.0498     5.63    0.257   6.26   0      27.72     1448.894     86.92048
       607    853.1367    598.9020     76812.48      516.181  12.7864   0.0073     7.15    0.194  -3.54   0      219.4     13185.45      113.534
       608    786.0193    601.9256     7036.324     456.2075  15.3816   0.0704     5.58    0.238  16.35   0      24.43     1284.044     86.94283
       609    249.3771    600.6981     9936.697     530.4386  15.0069   0.0580     9.63    0.222  52.66   0      30.53     1692.846     87.10475
       610    149.5731    599.6254     13849.64     483.6139  14.6464   0.0379     6.31    0.040 -79.80   0      44.42     2112.654     89.52382
       611    363.6923    596.6393     22719.68     551.2934  14.1090   0.0264    11.87    0.122 -55.17   0      65.04     3074.771      90.8559
       612    280.8824    597.5406     49431.54     539.8477  13.2650   0.0119    13.87    0.199  -3.93   2      147.4     6843.471     100.0362
       613    269.3074    590.8707     23685.27     563.1796  14.0638   0.0258    10.05    0.165  15.10   3       71.1     3613.583     92.62034
       614    199.6604    600.6747     4872.578       172.63  15.7806   0.0385     1.91    0.338  48.77   0      60.33     4664.045      95.3699
       615    703.2736    598.2722     19528.65     450.5176  14.2733   0.0251     9.41    0.284  -5.40   0      65.39      3416.81     92.13623
       616    660.5283    598.3852     5909.174     205.1707  15.5712   0.0377     6.24    0.420  33.80   0      57.26     3834.789     93.58362
       617    620.6368    598.4330     8501.006     383.0428  15.1763   0.0489     6.01    0.259  -1.00   0      32.52      1621.06     88.04347
       618    392.8051    599.0089     5124.952     408.4877  15.7258   0.0866     6.77    0.126  53.28   0      19.71     1012.413     86.22985
       619    496.4226    598.6331     4468.058     384.5053  15.8747   0.0935     6.63    0.357  17.59   0      17.65     923.5378     86.45234
       620    447.4676    598.1203     6038.715     460.0138  15.5476   0.0827     6.49    0.200   8.81   0      20.25     948.3226     85.60162
       621    175.4786    597.9747     6171.813     433.6217  15.5240   0.0763     9.05    0.342  15.63   0      21.47     949.3453     86.06346
       622    979.5750    596.9451     12240.45     606.7346  14.7805   0.0538     6.60    0.272  21.38   2      30.52     1244.816     86.84023
       623    941.4608    594.2626     8083.811     472.6307  15.2310   0.0635     6.62    0.213  13.78   0       28.1     1360.769     87.14316
       624    561.3538    592.7258     20205.37     547.5635  14.2363   0.0294    12.49    0.298   7.92   0      62.39     3035.835     91.40746
       625    808.9376    592.9188     7298.477      519.917  15.3419   0.0774     7.55    0.278  10.34   2      21.94     944.7628     85.59216
       626    803.7830    591.8622      8336.85      262.325  15.1975   0.0342     6.15    0.348  17.59   3      60.44     4436.681     94.82654
       627    787.7763    591.6815     5500.003     437.7937  15.6491   0.0864     7.63    0.325   8.84   0      19.92     1017.574     86.24345
       628    582.9897    589.7925     39659.51     613.7175  13.5041   0.0168     0.00    0.432  58.59   2      120.4     8753.102     104.6618
       629    309.9276    587.5389     17714.14     688.5228  14.3792   0.0422    12.92    0.136   4.52   3      43.87     2143.223     89.16048
       630    319.9291    586.1895     16311.23     683.7504  14.4688   0.0455    11.46    0.361  -9.83   3      35.37     1603.195     87.77314
       631    870.8442    587.7174     13824.61     560.0663  14.6484   0.0440    11.77    0.362 -10.47   2      37.18     1707.535     87.59414
       632    145.0693    588.9974     35242.09     191.5956  13.6323   0.0059     4.45    0.110  -1.21   0      264.3     34115.79     150.0733
       633    495.2878    586.3235     10606.55     477.9826  14.9361   0.0489    10.32    0.282  -7.40   0      34.57     1678.405     87.51852
       634    430.5331    584.8444     13878.59      581.661  14.6441   0.0455    11.52    0.304  16.69   3      39.96     2309.962      89.5845
       635    421.9618    582.0092     11835.59     500.7005  14.8170   0.0459     5.78    0.299  18.57   3      38.28     2079.885     89.66063
       636    896.1174    585.4788       7275.8     383.6015  15.3453   0.0573     5.91    0.219  20.57   0      28.28      1395.13     86.55242
       637    734.9926    584.9976     10544.64     511.7977  14.9424   0.0527     7.45    0.193   6.86   0      31.16     1417.064     87.28986
       638    624.7920    586.0354     9236.051     531.9935  15.0863   0.0626     7.21    0.255  15.58   0      25.22      1230.02     87.25433
       639    398.6029    584.3404      9495.38     345.8142  15.0562   0.0396    10.61    0.315  -2.23   0      36.83     1931.787     88.84195
       640    825.3553    579.6557     110365.6     598.7836  12.3929   0.0059     5.94    0.313   1.25   0      279.2     18209.57     123.6604
       641    705.0008    582.9496     6156.005     217.1021  15.5268   0.0383     3.51    0.549 -89.44   0       57.5     4100.146     94.01649
       642    653.8017    582.7906     7613.292     480.6743  15.2961   0.0686     8.93    0.170  29.26   0      24.55     1048.501     86.32491
       643    950.8141    580.9528     13558.32     538.4309  14.6695   0.0431    11.94    0.265  12.83   0      40.94     1866.511     88.89674
       644    795.0959    578.2640     47046.43     594.4794  13.3187   0.0137     6.65    0.145   2.41   1      139.1     7505.427      101.529
       645    344.4966    581.1566     5275.406     450.9811  15.6944   0.0928     7.58    0.262  13.81   0      18.43     913.6605     85.04742
       646    108.1981    580.7928      7748.02      492.881  15.2770   0.0691     5.74    0.087   7.90   0      25.33     1216.596     86.76633
       647     97.1430    581.6104     4263.239     389.4767  15.9257   0.0992     6.30    0.372  23.17   0      16.28     809.0635     85.92184
       648    355.8195    578.5620     9991.557     554.9695  15.0009   0.0603    10.41    0.287  25.62   0      28.23      1140.09     87.24591
       649    680.0378    578.8723       1861.9     150.0709  16.8251   0.0875     2.83    0.204  83.40   0      32.54     1381.458      87.1971
       650    636.3450    575.2039      18947.1     467.4028  14.3061   0.0268    10.14    0.375 -60.33   3      69.68     5053.565      96.4981
       651    647.6899    570.9219     68659.34     565.5793  12.9083   0.0089     7.38    0.180  -1.42   3      193.1     11378.06     109.8564
       652    621.8912    574.5089     53258.47     594.3684  13.1840   0.0121     5.90    0.204   2.64   1      149.2     8291.426     103.4641
       653    597.7054    573.1690     97525.11     523.3423  12.5272   0.0058     5.91    0.188   2.15   0      265.4     16613.27     119.8718
       654     67.2050    576.3126     25294.59     592.7903  13.9924   0.0255     9.56    0.261  31.34   2      66.08     1535.827     87.59853
       655    433.4868    575.2017     10405.88     539.8431  14.9568   0.0563    10.00    0.343  22.34   0       30.4     1428.861     87.32056
       656    159.0880    575.6789     6147.957     494.1405  15.5282   0.0873     8.54    0.296  14.83   3      19.91     864.9811     85.38006
       657    166.2871    573.8460     9242.614     574.7268  15.0855   0.0675     7.55    0.356  -5.00   2      25.43     1207.647     86.28738
       658    805.9407    571.8129     17247.13     690.5121  14.4082   0.0435    10.09    0.390  51.64   0      41.84     1485.016     87.69159
       659    235.7999    573.7791     5796.359      424.235  15.5921   0.0795     8.21    0.430  22.79   0      21.86     983.4119     86.15337
       660     20.4024    567.7610     26132.54     772.0863  13.9570   0.0321    16.59    0.391  66.70  16      58.84     2233.562     89.83024
       661    143.7349    575.7184     22418.63     483.5665  14.1235   0.0234     5.77    0.217  14.06   0      78.04     4046.806     93.67735
       662    306.4240    566.6385     225000.2      673.794  11.6195   0.0033     5.62    0.444  11.30   2      470.8     38490.79     156.8102
       663    843.4142    565.8140     97018.28     558.6418  12.5329   0.0063     7.26    0.147   1.52   2      249.1     15513.64     118.4359
       664    464.7474    570.8815     4550.295     427.0417  15.8549   0.1019     5.87    0.661   6.15   0      16.86     653.0472     84.81403
       665    995.4639    565.6726     15330.74     593.9551  14.5361   0.0421     8.61    0.086 -70.98   0       38.5     1405.165     87.03276
       666    960.1721    566.9714     18543.23     626.6313  14.3295   0.0367     7.56    0.235  13.91   0      49.33     2629.194     90.82568
       667    711.6448    564.7903     23339.97      469.534  14.0797   0.0218     8.16    0.229 -16.13   0      73.16     3382.462     92.69142
       668    207.3414    565.6952     22831.66     526.6633  14.1037   0.0251    10.84    0.361  -0.89   2      70.53     5026.869     95.61439
       669    567.1177    563.4692     19160.57     461.1411  14.2940   0.0261     9.38    0.251   3.13   0      65.16     3299.838     91.63245
       670    271.8885    562.8903      44638.6     593.5582  13.3757   0.0144     6.05    0.269  20.05   2      127.1     5747.923     97.71735
       671    124.5454    562.4827     31977.04     453.5072  13.7379   0.0154     6.54    0.212  11.40   0      106.2     5753.067     97.52749
       672    468.5587    564.9875     4845.013     320.4611  15.7868   0.0718     0.00    0.354  -2.94   0      22.58     1911.259     89.23217
       673    185.8383    562.0001     13756.81     164.1427  14.6537   0.0130     0.85    0.113   1.44   0        148     13877.14     115.5941
       674    200.7145    555.6357     10457.45     524.1233  14.9514   0.0544     6.07    0.174  22.16   2      33.32     1553.315     87.19308
       675    550.6797    558.1819     5044.235     399.9112  15.7430   0.0861     7.65    0.614  13.91   0      18.18     919.8239     86.21432
       676     69.1812    555.9880     15393.38     532.7714  14.5317   0.0376     8.59    0.233  14.82   0      48.71      2488.51     90.03632
       677    338.4550    543.3860     22914.18     714.7798  14.0997   0.0339     9.70    0.221  51.05   3      55.68     2569.884     90.45959
       678    350.7188    551.0961     124027.9     675.5575  12.2662   0.0059     5.86    0.398   2.93   3      233.6     14027.35      115.207
       679    489.2910    568.1901     7699.098     495.8479  15.2839   0.0699     8.52    0.350  -4.67   0      23.89      1118.07     86.50787
       680    691.9900    551.9014     9767.282     369.4048  15.0256   0.0411    11.07    0.114  40.19   0      36.94     1764.076     88.18873
       681    311.1722    549.9691     81370.45     635.9841  12.7238   0.0085     5.61    0.207   8.32   3      224.8      14371.7     116.5625
       682    320.9032    545.2439     15883.14     567.0155  14.4977   0.0388    12.06    0.319  -2.75   3      46.62     2101.574     88.16476
       683   1018.8138    552.2590     6786.939     360.8034  15.4208   0.0577     8.62    0.338   8.46  16      29.28     1413.114     87.50504
       684    824.6465    547.3709     28783.12     618.5005  13.8522   0.0233    15.71    0.320 -71.33   0      74.98     3583.945     93.18414
       685    809.0180    554.0125     13443.43     163.7083  14.6787   0.0132     4.24    0.034  27.51   0      157.7     13183.57     113.8768
       686    625.1949    552.2263      12130.5     487.8802  14.7903   0.0437     6.07    0.262  13.38   0      42.18     2167.656     89.44331
       687    436.0282    552.9337     7514.217     477.5427  15.3103   0.0690     9.39    0.263  22.32   0      26.07     1167.188     86.63683
       688    253.0284    552.5092     7407.914     482.6229  15.3258   0.0708     5.53    0.220  10.72   0      23.69     1137.868     85.87424
       689     55.0479    552.5398     8201.316     514.5995  15.2153   0.0681    11.32    0.181   4.91   0      24.11     979.5391     86.14316
       690    606.2782    548.4565     28716.79     703.4404  13.8547   0.0266     6.07    0.208  14.90   3      78.27     1828.527      87.9075
       691    474.2614    550.8597      11902.3     604.1668  14.8109   0.0551     6.34    0.208   1.61   0      28.47     1410.918     87.49934
       692     34.5984    549.0460         6993     463.6833  15.3883   0.0720     9.35    0.246  50.42   0      24.63     1154.124     86.82977
       693    780.4789    549.3492     9999.784     573.3102  15.0000   0.0623     4.70    0.168 -18.59   0      24.42     1098.209     85.99864
       694    915.2317    543.0306     30113.98     843.3433  13.8031   0.0304     8.91    0.442  -2.28   3      49.65     2458.822     90.39836
       695    929.1493    549.5757     5559.315     297.0549  15.6374   0.0580     3.92    0.418 -36.00   3      26.42     2054.231     89.37538
       696    927.8365    543.2918     26371.54     705.4809  13.9472   0.0291    15.24    0.075 -38.26   3      65.89      2803.75     89.95663
       697    743.7938    547.5424     9388.884     391.1991  15.0685   0.0452    10.36    0.407   4.09   3      30.75     1466.826     87.64443
       698    753.3928    544.9811     20516.89     560.1434  14.2197   0.0296    12.40    0.234  -0.83   2      62.06     3178.513     91.76153
       699      7.9399    548.4010     5299.565     352.9545  15.6894   0.0723     7.89    0.435   8.46  16      20.93     1082.798     86.64288
       700    592.6134    543.6405     59056.59     787.3689  13.0718   0.0145     6.00    0.211  11.35   0      162.6     9163.006     106.1067
       701    133.0522    544.0472     62910.18     1359.887  13.0032   0.0235    12.98    0.517  -1.32   3      65.44      4404.45     94.95699
       702    363.7553    544.8541     6308.359     438.2132  15.5002   0.0754     6.13    0.213  -2.16   0      22.16      1110.62     86.71583
       703    618.3455    544.5025     7749.763     516.3118  15.2768   0.0724     6.82    0.385  -2.12   0      19.35     1001.211      85.5118
       704    158.2945    535.6532     247077.9     752.6601  11.5179   0.0033     8.19    0.075  -9.19   2      446.7     32954.71     147.7721
       705     29.7679    542.1681     2681.628     201.5638  16.4290   0.0816     2.72    0.331 -36.81   0      36.35     1663.889      88.3772
       706    520.9000    534.7009     173764.7     577.2107  11.9001   0.0036     5.75    0.169   1.08   0      403.4      29539.8     142.1462
       707    476.6470    539.8178     19392.37     587.1769  14.2809   0.0329     5.85    0.221   0.31   0      55.83     2950.584     91.62637
       708    213.9211    540.8259     2076.718     159.9206  16.7066   0.0836     2.89    0.257  61.04   0      37.13     1506.974     87.52364
       709    992.0303    539.5844     4573.387     166.4172  15.8494   0.0395     1.41    0.180 -86.93   2      64.76      4705.79     95.88124
       710    994.9998    535.7793      3078.86     235.7687  16.2790   0.0832     0.00    0.151  -8.96   2      24.07     1624.105     87.82727
       711    489.6758    537.8206     7338.748     497.6663  15.3359   0.0736     5.89    0.233  17.90   0      19.62     949.1541      86.2916
       712    426.6718    538.3727     5766.916     402.7752  15.5976   0.0758     8.01    0.227  -7.48   0      21.64      1114.63     86.49883
       713    187.6406    547.7142     8398.662     420.9719  15.1895   0.0544     5.70    0.193   9.37   0      32.24     1640.877     87.42101
       714      1.9169    535.8109      3582.62     225.5876  16.1145   0.0684     3.17    0.326 -83.57  25       23.7     1703.729     88.03307
       715    298.7151    531.6401     76909.48     505.6179  12.7851   0.0071     8.58    0.171  12.65   0      223.7     13884.41     114.9247
       716    438.0041    533.0316     4001.978     219.3734  15.9943   0.0595     3.36    0.560 -89.86   0      36.38      2568.19      90.6729
       717    398.2405    529.9436     81779.63     540.6903  12.7184   0.0072     8.33    0.172   2.19   0      227.3      13976.9     115.4493
       718    895.7377    532.4661     8796.632     460.3054  15.1392   0.0568     6.05    0.231   5.62   0      30.44     1547.433     87.62863
       719    665.3047    533.3995     7028.508     497.5246  15.3828   0.0769     8.42    0.414  -1.99   0      22.34     1102.404     86.46671
       720    598.1993    531.5310     10227.49     602.7197  14.9756   0.0640     9.73    0.304  81.50   3      24.38     1053.975     86.56724
       721    603.5353    525.4263      16494.2     489.9088  14.4567   0.0323    11.03    0.321 -85.78   3      69.92     3850.269     93.19931
       722     97.1813    529.7611     9428.801     510.3376  15.0639   0.0588    10.08    0.120  20.80   0      32.24     1712.675     88.72494
       723     67.9645    525.4463     158582.7     575.4975  11.9994   0.0039     5.84    0.193  17.26   3      378.3     27090.57     138.8859
       724     55.1936    518.6037     32207.92     551.6306  13.7301   0.0186     5.91    0.242  10.91   3      97.49     5036.002     96.25223
       725     55.4435    509.7318     36282.37     530.5824  13.6008   0.0159     5.89    0.179  17.89   3      113.6     5955.503     98.39942
       726    984.1133    530.8556     6162.486     450.3354  15.5256   0.0794     8.78    0.233  11.82   0      21.49     1084.651     85.96281
       727    452.0684    526.3004     17441.19     630.9336  14.3961   0.0393     7.25    0.220  12.33   0      46.24      2128.55      88.4573
       728    464.9264    526.4827     8539.386     536.3082  15.1714   0.0682     5.20    0.109  41.00   0      23.36     1191.066     86.01492
       729    991.1727    523.3611     13385.87     534.6855  14.6834   0.0434     8.92    0.127  -0.76   0      43.15     2257.494     89.89077
       730    326.6537    525.5081      5468.17     398.9191  15.6554   0.0792     6.22    0.129  23.93   0      21.14     1073.109     85.93228
       731    204.5405    525.4481     11884.96     503.6657  14.8125   0.0460     6.51    0.311   4.59   0       40.7     2037.434      88.8904
       732    965.9284    524.1581     10328.13          501  14.9649   0.0527     8.89    0.220  18.08   0      34.84     1668.282     87.94151
       733    474.2296    522.1976     24294.64     924.8683  14.0362   0.0413    13.20    0.248 -77.49   3       39.4     1314.696      87.4746
       734    476.5545    514.1246     23623.79      715.694  14.0666   0.0329    13.11    0.536  33.36   3      60.06      1930.49     88.61655
       735    416.7438    522.9194     15015.02      600.434  14.5587   0.0434    10.20    0.427  -1.70   0      43.34     2004.166     88.36043
       736    108.7719    520.3642     9821.183     536.8512  15.0196   0.0594    11.40    0.213 -21.91   0      31.44     1396.704     87.68742
       737    354.7119    519.2524     21019.63       469.46  14.1934   0.0243     7.62    0.234  16.80   0      69.41     3628.782     92.44473
       738    866.9786    516.7308     63104.07     580.5681  12.9999   0.0100     6.23    0.184   2.94   0      179.6     10097.39     107.7243
       739    174.2204    518.9541     11675.65     482.5912  14.8318   0.0449     6.08    0.175  -0.33   0      38.25     1973.376     89.16954
       740    930.9843    519.9827     10005.87     207.2967  14.9994   0.0225     5.98    0.148  -5.84   3      103.8     7516.851     101.9419
       741    927.0068    517.0043     35198.22     191.5435  13.6337   0.0059     0.00    0.046  69.50   3      262.9     34013.41     149.7867
       742    613.7902    518.5760     14095.76     660.2769  14.6273   0.0509    10.58    0.322  -9.85   1       29.5     1519.122     87.77994
       743    836.4332    515.4286     21301.18     543.5051  14.1790   0.0277     6.99    0.170  12.71   0      68.19     3507.002     92.99628
       744    728.0946    510.1928     13436.38     291.4198  14.6793   0.0236     0.00    0.725  47.46   0      86.46     4072.384     93.94936
       745    205.7297    511.4682     12157.03     581.8352  14.7879   0.0520    10.40    0.360  15.84   1       33.5     1478.075     87.22295
       746    612.4838    510.9334     8316.801     506.9353  15.2001   0.0662     9.09    0.365 -10.78   1       24.8      1047.76     85.86521
       747    458.8482    509.8830      19694.3     653.2133  14.2641   0.0360     5.99    0.190   6.31   0      48.54     2412.584     89.40475
       748    380.7908    510.5406     4738.736     416.6332  15.8108   0.0955     7.85    0.336  -7.76   0      18.72     845.4721      86.0181
       749    402.2444    507.7002     15356.83     617.5485  14.5342   0.0437     9.30    0.372 -23.46   0      36.63     1463.521     86.27625
       750     22.1434    504.8274        72922     569.8887  12.8429   0.0085     6.08    0.200   9.75   0      204.5     12050.93     111.5934
       751    947.7264    508.8551      3180.63      170.388  16.2437   0.0582     2.45    0.346  28.87   0      48.77     2374.022     89.52704
       752    523.7969    521.0537     4644.155     397.2111  15.8327   0.0929     6.49    0.461  -5.79   0      17.52     862.2927     86.06253
       753    788.0432    505.7277     29317.71     491.8319  13.8322   0.0182     6.23    0.249   4.49   0      95.35     5048.032     96.28062
       754    641.1416    504.9994     23506.41     865.2276  14.0720   0.0400    14.57    0.471  64.09   2      40.26       1128.3     86.53474
       755    640.3999    497.2581     8890.701     487.3805  15.1277   0.0595     6.18    0.266  20.72   3      27.87     1361.441     87.14491
       756    285.1868    508.3062     3398.909     288.6498  16.1717   0.0922     6.46    0.340  50.66   0      15.03     717.7921     84.98735
       757    771.9349    507.0030      6664.61     357.9847  15.4406   0.0583     6.67    0.329   7.06   0      27.91     1441.738     87.57935
       758    676.3965    500.9150     102582.6     562.6547  12.4723   0.0060     6.72    0.219   3.28   2      272.4     17655.53     122.6379
       759   1018.9177    506.7263      2877.67     224.8762  16.3524   0.0849     4.36    0.386  43.97  16      24.18     1543.974     86.94238
       760    490.1339    503.7415     10550.18     595.4416  14.9419   0.0613    11.78    0.574  15.04   0      26.06     958.9397      86.0888
       761    697.8812    503.7754     14024.34      491.776  14.6328   0.0381     6.20    0.191   8.97   0      49.79     2441.281     89.91703
       762    519.4944    505.4883     6275.719     405.4992  15.5058   0.0702     5.73    0.250  -2.12   2      24.33     991.3068     85.94524
       763    932.4959    502.9900     6999.798     335.4725  15.3873   0.0520     0.00    0.343  63.74   0      34.77     2827.804     90.88875
       764    810.9971    504.9841     24090.78     198.8011  14.0454   0.0090     5.03    0.159  -4.93   3      203.8     21800.78     129.9417
       765    810.0016    501.0151     20335.67     194.4609  14.2294   0.0104   -27.17    0.155 -24.18   3      181.4     17893.96     122.9187
       766    203.1076    502.8807     10964.03     563.2941  14.9001   0.0558     7.15    0.257  18.30   1      29.03     1384.145     86.97785
       767    909.0901    501.9476     5355.017     374.6541  15.6781   0.0760     7.86    0.362  11.88   0      21.43      1129.57     86.08148
       768    841.0534    499.9418     32400.08     890.5367  13.7236   0.0298     7.30    0.136 -23.63   1      64.66     1840.902     88.83125
       769    397.4306    500.8198     6777.872     458.2338  15.4223   0.0734     6.45    0.194  12.31   1       21.8     1048.185      86.7794
       770    745.5110    499.1556     6105.748     406.6172  15.5357   0.0723     6.27    0.233   9.82   0      22.27      1136.45     86.09964
       771    254.5036    496.6018     17936.66     538.4492  14.3656   0.0326    12.50    0.178   3.72   0      58.21     2868.765     90.99111
       772    313.2548    490.9583     168401.8      683.872  11.9341   0.0044    13.58    0.323 -14.16   0      390.1      28797.6     141.7908
       773    533.4338    494.6880     18652.38     507.6815  14.3232   0.0296    13.10    0.338  -9.35   0      58.23     2812.665     90.41606
       774    208.6748    494.5692     21262.86     1039.522  14.1809   0.0531    18.01    0.599 -40.34   2       29.3     1696.348     88.01401
       775    214.9665    493.9217     50651.32      213.737  13.2385   0.0046     0.00    0.181  66.94   3      320.8     49264.27     171.3717
       776    459.3871    494.1070     3552.363     182.0493  16.1237   0.0557     2.91    0.235  60.16   0      40.46     3132.185     91.21568
       777    124.7131    494.4403     4323.656      389.512  15.9104   0.0978     6.29    0.268  11.73   0      16.74     918.4211     85.52219
       778    981.2035    492.8750     10397.31     483.0097  14.9577   0.0505     6.75    0.247   8.93   0      35.03     1673.011     87.95373
       779    848.4821    491.0028     47285.38     556.9241  13.3132   0.0128     5.86    0.130  14.07   2      137.3     6231.843     99.23439
       780    657.1631    492.0098     12956.68     537.2608  14.7188   0.0450    11.10    0.328  18.37   0      41.92     2205.832     89.97932
       781    958.7472    487.8825     23666.69     668.7396  14.0647   0.0307     6.00    0.139  20.16   3      68.21     999.3328     85.73694
       782    818.3368    490.9888     5715.991     405.1854  15.6073   0.0770     5.60    0.240  27.59   0      22.75     1054.909     86.34178
       783    741.9871    488.4901     11218.58     555.4717  14.8752   0.0538    10.08    0.142 -19.64   2      36.86      1423.77     86.85476
       784    239.5374    488.2279     4843.209     328.0558  15.7872   0.0736     3.41    0.557 -56.38   0      28.43     2263.308     89.24554
       785    517.0124    488.0044     23269.04     176.8236  14.0831   0.0083     4.23    0.023  28.04   0      213.5     22766.23     131.6195
       786    417.9547    487.1755     7471.867     497.7271  15.3164   0.0723     7.25    0.315  10.11   0      23.08     1137.496     87.01299
       787    689.8349    486.7401     5580.282     446.7456  15.6334   0.0869     7.54    0.432  -0.28   0      19.94     954.3009     86.07655
       788    476.3507    486.2125     10691.82     592.1774  14.9274   0.0601     8.87    0.336   1.70   0      24.72     1023.576      86.4874
       789    271.8005    485.9538     5146.965     309.7353  15.7211   0.0654     8.37    0.124   5.77   0      21.43     968.8704     86.11501
       790   1001.5854    484.1187     10068.41     603.4766  14.9926   0.0651     8.69    0.436 -11.86   0      23.07     1004.777     86.20972
       791    649.2462    481.7575     24692.98     522.7754  14.0186   0.0230     8.13    0.215  15.15   3      77.45     4042.278     94.08617
       792    658.0832    475.9347     24173.43     641.8526  14.0417   0.0288     6.62    0.245  18.03   3      49.24     2165.367     88.99577
       793    660.5206    469.7730     22865.79     818.8375  14.1020   0.0389    13.30    0.506  36.57   3      42.04     1303.024     86.99242
       794    125.6772    484.9564     7283.501     460.6284  15.3441   0.0687     9.50    0.403   1.34   0      26.56     1331.394     87.06651
       795     39.9544    482.9794      36286.3     781.3993  13.6006   0.0234    12.08    0.327   4.84   2       98.7     2024.366      89.2994
       796    402.6118    482.6026     6932.143     462.5898  15.3978   0.0725     5.78    0.317 -10.87   2      20.35     952.0563     86.07062
       797    108.0014    498.0164     17388.61     169.0966  14.3993   0.0106     4.22    0.023 -86.09   0      182.3     17102.29     121.4461
       798    292.9784    478.9642     34107.79     444.7137  13.6679   0.0142     6.94    0.221   9.45   2      112.6     6420.661     100.0605
       799    301.2777    476.0071     5769.468     192.6276  15.5972   0.0363     1.83    0.417  -0.03   3      63.19     5058.919     96.30632
       800    956.4495    477.0594     24828.21     640.5482  14.0126   0.0280     5.03    0.464 -63.52   0       63.2     6562.747     99.79211
       801    873.1041    478.9700     8004.136     551.4817  15.2417   0.0748     8.83    0.203  30.01   0      20.69     977.3533     85.21745
       802    854.6539    479.2390     6946.422     499.4636  15.3956   0.0781     6.91    0.617 -29.52   0      17.15     637.5847     85.46706
       803   1011.8082    475.9538     19504.74     634.7882  14.2746   0.0353    11.99    0.219  -8.54  16      52.68     2696.856     90.99484
       804    890.7040    476.3529     17675.31     612.7997  14.3816   0.0377    14.35    0.438  -2.71   0      46.82     1526.224     86.89597
       805    453.4176    477.1456      8982.08     348.3168  15.1166   0.0421     6.57    0.179   2.40   0         34      1689.05      88.2188
       806    483.4079    476.1084     18818.17     717.6069  14.3136   0.0414     6.25    0.082  25.88   2      36.29     1763.689     88.18773
       807     95.8964    476.4784      13126.5     484.2922  14.7046   0.0401    10.87    0.316   3.45   0      45.31     2209.989     88.88825
       808    988.9828    473.5619     15889.98      757.448  14.4972   0.0518     9.56    0.264 -58.43   2       30.6     1011.168     86.90942
       809    261.4149    472.3595     14073.68     593.4739  14.6290   0.0458    11.66    0.547  38.62   3      38.93     858.0979     86.50821
       810    269.4458    471.0908      17816.8     525.4331  14.3729   0.0320     6.15    0.290   9.71   3      56.28      2864.53     90.54634
       811    270.5338    464.0130      19495.5     509.0274  14.2752   0.0284     5.99    0.142  17.12   3      64.16     3331.927     92.14071
       812    312.0351    470.4912     10898.51     489.3236  14.9066   0.0488     3.81    0.298   5.57   0      38.86     2297.647     88.66875
       813    170.7067    470.6981     5814.881     405.2408  15.5886   0.0757     5.53    0.231  25.07   0      21.53     1114.783     85.81312
       814    532.3853    468.8940     6253.655     334.9666  15.5097   0.0582     8.71    0.306  16.60   0      24.39     1255.331     86.41288
       815    868.6775    469.0677     5344.307      495.762  15.6803   0.1007     7.21    0.316 -17.37   2      22.91     1293.229      86.5125
       816    871.1414    465.0626     4096.555     214.9354  15.9690   0.0570     6.28    0.559  -0.74   3      27.21     1724.361     88.30973
       817    245.1715    469.5630     4677.961     400.9335  15.8249   0.0931     7.29    0.345  -1.40   0      17.35     895.6417     86.37897
       818    129.4723    467.5442     16255.65     513.3689  14.4725   0.0343     6.03    0.256  13.99   0      54.62     2763.136     90.50945
       819     36.9431    463.7668     104171.2     514.8645  12.4556   0.0054     5.02    0.187   6.31   0      282.3     19263.17     125.2676
       820    950.2838    464.7391     29506.93     629.8135  13.8252   0.0232     7.17    0.182  35.72   0       84.6     3978.281         93.3
       821    792.3208    457.8691     379966.1     798.5853  11.0506   0.0023     6.35    0.131  46.98   2      629.8     49445.35     171.3819
       822    225.8592    465.8857     7574.828     340.2335  15.3016   0.0488     6.35    0.298  16.18   0      30.67      1548.53     87.18061
       823    440.4623    462.7217     23778.23     546.3462  14.0596   0.0250     8.31    0.242  -3.15   0      75.56      3904.22     93.33079
       824    144.8627    464.6486     8803.381       388.33  15.1384   0.0479     5.61    0.289  24.65   0      37.88     2822.583     90.87569
       825    757.8720    461.6267     7846.405      487.904  15.2633   0.0675    10.11    0.320 -37.37   0      27.37      1258.97     86.87726
       826    420.5592    459.1974     19786.94     825.7743  14.2591   0.0453    13.46    0.375 -65.18   2      37.19       1331.8     87.51903
       827    739.1458    460.4030     8509.339     549.9011  15.1753   0.0702     8.26    0.365  19.28   0      20.98     944.6993     86.27988
       828    646.9724    457.7958     21363.15     555.1882  14.1758   0.0282     6.91    0.116  57.69   0      62.49     2922.022      91.5555
       829    384.2364    453.9346     49746.67     670.2349  13.2581   0.0146     6.07    0.075  70.34   0      133.5     7563.832     102.0466
       830    248.0004    461.7538     74845.04     235.9988  12.8146   0.0034     0.88    0.147  89.87   0      353.1      74610.5     202.2109
       831    998.0101    457.6527     37125.14     631.7773  13.5758   0.0185    10.53    0.250  -8.63   2      107.3     5856.989     98.37213
       832    991.7028    448.1705     17519.48     603.8337  14.3912   0.0374    15.16    0.278 -46.11   3      46.43      1591.39     86.83963
       833    964.0004    459.9942     56266.46     215.0939  13.1244   0.0042     4.20    0.006  88.76   0      344.3     56101.71     180.2115
       834    396.9764    458.5034     8243.927     515.5747  15.2097   0.0679     7.92    0.271  35.62   2       23.6     957.5602     85.16465
       835    243.4277    456.3069     23081.82     591.9414  14.0918   0.0279     8.13    0.310  21.09   2      49.04     1044.145      85.3954
       836    124.8712    454.4411     116631.2     580.3096  12.3330   0.0054     5.98    0.302  -4.99   0      297.3     19418.13     125.7053
       837    627.7512    453.5077      43846.2     498.5002  13.3952   0.0123    14.66    0.069 -76.78   0        130     6291.077     98.77328
       838    521.4125    457.9994     62381.22     260.3154  13.0124   0.0045     3.20    0.489   0.00   0      313.6     49608.82      171.828
       839    717.9980    456.0407     13444.53     163.7098  14.6786   0.0132     4.45    0.103 -87.56   0      145.8     12757.56     113.3716
       840    575.6520    451.2790     29966.11      740.009  13.8084   0.0268     9.65    0.182  87.81   0      69.93      2659.01     90.02901
       841    865.7564    454.9951     26533.84     226.8697  13.9405   0.0093     3.28    0.522  -0.27   0        182     19876.76     126.8428
       842    481.6509    450.3503     56154.24     636.2677  13.1265   0.0123     6.82    0.060  -0.75   2      154.1     8090.993     103.5951
       843    482.9977    440.9879      58308.2     217.2406  13.0857   0.0040     4.24    0.024  76.18   3      343.8     56466.44     180.6709
       844    478.9834    434.2008      18895.1     569.9528  14.3091   0.0328     6.39    0.144  30.24   2      56.06     2739.155     90.66681
       845    675.2256    453.7176     3940.363     375.1105  16.0112   0.1034     6.51    0.235   6.79   0      16.22     808.3306     85.69027
       846    818.2078    452.7314      7575.74     486.7669  15.3014   0.0698     5.20    0.226   5.78   0      20.32      911.228     85.96275
       847    334.5325    452.8836     3342.759     350.2887  16.1897   0.1138     6.09    0.276  16.07   0      14.66     756.7254      85.0914
       848    669.0037    451.9853     15565.93     166.6288  14.5196   0.0116     0.00    0.021  87.81   0      169.6      15089.1     117.6184
       849   1019.4865    448.7042     11426.52     378.3193  14.8552   0.0360    12.10    0.137 -27.33  16      42.14     1994.006     88.33429
       850    955.9273    449.4288     8766.762     570.2355  15.1429   0.0706     9.95    0.446  27.27   0      25.27     1094.407     86.44569
       851    703.7730    449.1286      16260.6     526.6337  14.4722   0.0352    11.28    0.229  19.57   0      56.93     2866.318       90.985
       852     87.5512    447.8690     11831.85     626.5555  14.8174   0.0575     9.96    0.147  62.52   0      32.02     1330.292     87.06364
       853      3.9984    449.9899     57873.51     216.7853  13.0938   0.0041     4.22    0.016  73.41  16      346.6     57089.22     181.4526
       854    424.8654    445.1272     61536.15     255.7529  13.0272   0.0045     0.00    0.134 -36.68   0      344.3     57156.75     181.4286
       855    149.5764    447.8726     6360.495     462.3088  15.4913   0.0789     5.53    0.374  30.36   0      18.65     910.5767     85.96102
       856    211.3248    446.8829     6482.757     437.1783  15.4706   0.0732     4.26    0.216   9.43   0      23.31     1297.756     86.29636
       857    233.9503    431.9593      2040556     1137.987   9.2256   0.0006     5.68    0.177   9.16   0       1751     359348.7      412.741
       858    672.9757    443.7769     10223.52     448.0033  14.9760   0.0476     4.61    0.522   3.34   0      33.84     939.8933     86.49532
       859    896.8058    440.5131     35737.64     556.6342  13.6172   0.0169     7.94    0.243  14.73   0      104.6     5137.454     96.49148
       860    862.0659    441.6349     8505.593      519.497  15.1757   0.0663     6.94    0.312  19.99   0      23.77     1196.947     86.71485
       861    141.3065    441.8796     10133.16     555.9143  14.9856   0.0596     7.55    0.499 -39.31   0      20.66      755.037     85.31816
       862    972.8774    441.0103      5636.13     454.4267  15.6225   0.0876     7.13    0.073 -61.92   0      19.13     920.4092     85.98701
       863    321.6431    439.2964     10912.93     566.7609  14.9051   0.0564    10.91    0.375 -51.49   0      31.01     1049.605     85.40993
       864    954.0947    439.4149      5534.04     421.7649  15.6424   0.0828     8.00    0.380   4.44   0      19.64     888.2263     85.44191
       865    774.7278    431.9838     172332.6     653.5311  11.9091   0.0041    10.90    0.138 -31.47   0      375.9     24562.59     134.8318
       866    504.3212    438.7541     8319.248     537.1329  15.1998   0.0701     7.51    0.240  -5.22   2       24.7     1200.639     86.49702
       867    801.0208    436.9620     12831.11      571.853  14.7293   0.0484     4.99    0.184   0.82   2       38.5     1563.104     88.34097
       868    811.8375    432.4527     83020.57     1446.692  12.7020   0.0189    15.82    0.623 -50.50   3      60.37     1528.945     87.80537
       869     11.1575    434.2963     11004.86     547.3433  14.8960   0.0540    12.22    0.319  19.67  16      35.82     1601.925      86.8672
       870    704.3256    433.8208     8390.928      525.106  15.1905   0.0680     6.86    0.248  19.16   3      23.26     1103.486     86.69713
       871    701.8593    428.4719     17741.38     449.6151  14.3775   0.0275     8.52    0.172  54.31   3      63.76     6244.452     99.06455
       872    679.7806    431.7134     29164.64     595.9279  13.8379   0.0222    13.81    0.345  -2.74   0       89.6     4792.865     95.26361
       873    319.5950    428.7413     17643.44     524.4196  14.3835   0.0323     6.12    0.260  12.99   3      55.65     2867.207     91.20353
       874    416.9973    430.2677     16205.92     173.2816  14.4758   0.0116     0.91    0.155 -88.70   0      150.5     15868.49     119.1149
       875    741.4899    429.0240     4626.059     374.2116  15.8370   0.0878     5.98    0.254  30.00   0      19.36     987.7167     85.47592
       876    628.1550    428.8004     6131.636     300.7859  15.5311   0.0533     4.91    0.253   6.33   0       26.2     1442.283     87.80547
       877    119.7259    427.3880     19418.85     506.0814  14.2794   0.0283    12.11    0.320  16.09   0      50.62      2023.73     89.07685
       878    306.6612    429.0198     37669.65     582.4872  13.5600   0.0168     6.34    0.328   4.41   3      109.8      5834.98     98.12065
       879    351.0764    425.2174     16270.89     493.8117  14.4715   0.0330     6.73    0.236  12.42   0       51.5     2474.231     90.00027
       880    855.5396    425.2382     15220.73     247.1961  14.5439   0.0176     0.00    0.382  13.34   0        131     11054.17     109.5446
       881    511.3412    424.9437     15210.27     535.4604  14.5447   0.0382    10.63    0.366   1.17   0      47.83     2315.324     90.03687
       882    461.2244    424.3509     9336.748     471.1463  15.0745   0.0548     9.92    0.115  11.68   0      32.89     1399.909     87.69572
       883    174.8037    420.7637     39705.68     555.5984  13.5029   0.0152    14.10    0.237  -0.74   0      119.7     6438.121     99.90313
       884     64.0637    430.9505     7080.012     520.7682  15.3749   0.0799     8.04    0.242  50.49   0      21.27     969.4885     86.11664
       885    291.8617    418.7423     32054.44     570.0143  13.7353   0.0193    12.94    0.262  31.32   1      97.86     3282.746     92.23321
       886     66.9116    417.4742     51588.78     712.1765  13.2186   0.0150    16.66    0.216  28.78   2        128     6439.582      99.1144
       887     83.7794    420.4148     12910.56     589.6964  14.7226   0.0496     6.99    0.269  18.02   2       27.3     1229.843     87.02774
       888    480.0116    418.3429     9058.951     391.0074  15.1073   0.0469     8.57    0.228  24.95   0      34.83     1933.428     88.84615
       889    653.3736    436.5172     5476.593     407.4762  15.6537   0.0808     9.08    0.454 -32.67   0      20.91     718.5087     85.22079
       890    829.4951    414.8799     24648.28     675.6669  14.0205   0.0298     7.05    0.306   2.63   2      55.19       1399.5     87.01797
       891   1012.0219    417.0209     12610.41     162.5477  14.7482   0.0140     4.31    0.071  45.19   0        155     12775.28     113.4071
       892    987.8251    415.0194     5263.602     486.6994  15.6968   0.1004     7.83    0.607  19.79   2      18.33     768.7371     86.04443
       893    962.8155    418.1321     8387.871     465.4261  15.1909   0.0603     5.56    0.204  16.18   0      29.74     1542.031     87.61462
       894    899.7971    416.9085     1767.773      159.481  16.8814   0.0980     2.97    0.238  28.54   0      31.19     1349.662     87.11419
       895    359.9645    444.2218     9234.805     578.1421  15.0864   0.0680    10.00    0.199  35.40   0      24.21     1029.328      86.9569
       896    942.1122    412.2694     31398.06     474.4577  13.7577   0.0164     7.98    0.165   5.05   0      99.97     5208.704     96.25058
       897    186.9707    413.2486     19927.18      674.077  14.2514   0.0367    10.29    0.311  16.38   0      41.39     2021.856     89.29301
       898    578.0363    412.2268     5339.127     209.2997  15.6813   0.0426    -0.18    0.387 -88.72   0      56.92     3953.728      94.0817
       899    450.6382    410.9702     11067.59      521.562  14.8899   0.0512    10.39    0.347   8.58   2      34.11     1801.201     88.50726
       900    451.9987    406.0122     7603.143     155.3889  15.2975   0.0222     0.00    0.005 -75.82   3      108.9      7282.49     101.4181
       901    395.2220    409.7448     13067.28      634.035  14.7095   0.0527    12.10    0.411 -23.65   0      34.48     1425.915      87.3129
       902     83.2054    411.9563     14861.04     187.9536  14.5699   0.0137     0.00    0.331 -12.50   0      158.1     13620.67     115.0888
       903    591.7314    409.9380     5163.555     378.4631  15.7176   0.0796     5.77    0.304  14.72   0      19.53     1027.239     86.26891
       904    283.6758    407.6224     22078.87     647.2283  14.1401   0.0318    13.63    0.433  17.61   1      54.66     2737.338     90.87933
       905    739.7204    404.6019     23570.47     472.7818  14.0691   0.0218     7.77    0.173   9.71   0      78.79     3994.297     93.76027
       906    580.6868    404.6352     5697.068     385.2311  15.6109   0.0734     7.19    0.314 -28.34   0      23.94     1285.831     86.49306
       907   1016.7546    402.6094     5302.315     367.9886  15.6888   0.0754     6.48    0.386   8.11  16      20.02     1030.007     86.73178
       908    780.3196    402.4786     3870.358     378.9878  16.0306   0.1063     6.31    0.288  31.46   0      15.43     695.7153     84.69596
       909    619.3624    399.3931     9976.251     509.6157  15.0026   0.0555     9.39    0.205  27.48   2      31.61     1560.885     88.11192
       910    301.2957    399.1297     13443.75     549.2527  14.6787   0.0444    11.31    0.436  22.04   2      37.54     1809.212     87.63299
       911    274.0408    399.4365     11791.22     643.6057  14.8211   0.0593     9.41    0.174  16.31   0      24.62     999.5967     86.19606
       912     20.7541    400.0805     13002.25     338.0605  14.7150   0.0282     5.55    0.360 -31.70   2      68.01     4505.339     94.57516
       913     24.1757    390.0551     23438.94     792.7109  14.0752   0.0367    11.38    0.254 -35.30   3       41.8     1770.821     88.20611
       914    836.2731    398.3166     7307.306      391.249  15.3406   0.0581     6.40    0.205   6.08   0      26.91     1334.889     86.39409
       915    667.6834    398.4593     10010.63     420.6718  14.9988   0.0456     8.22    0.151  -0.99   0      35.92     1684.648     87.53474
       916    549.3644    399.6369     5134.956     414.4791  15.7237   0.0877     5.80    0.157 -47.21   0       15.8     700.6655     85.40423
       917    340.3979    390.3448     68981.38     744.6543  12.9032   0.0117     6.46    0.243 -20.18   2      151.5     7894.275     102.7799
       918    473.9626    397.4984     2889.318     191.7849  16.3480   0.0721     5.01    0.581 -27.31   0      24.58     2160.623     88.31684
       919    261.0004    397.9654     56980.68     215.8473  13.1107   0.0041     4.34    0.066  89.39   0      342.5     55764.12     180.0043
       920    982.0430    395.6502      8983.96     450.6653  15.1163   0.0545     5.67    0.228  24.52   0      32.32     1686.349     88.21185
       921    805.1261    396.9229     11465.69     163.9715  14.8515   0.0155     4.59    0.109 -24.18   0        136     11172.39     109.4301
       922      7.4199    391.3599     23582.82     663.5344  14.0685   0.0306    13.69    0.254  22.61  16      50.78      2048.52     89.36086
       923    702.3134    393.5548     9373.073      365.137  15.0703   0.0423     6.68    0.192 -22.58   0      35.15     1702.761     87.58175
       924    926.1578    415.1096      4055.24     159.6518  15.9800   0.0428     0.00    0.239  35.06   0       71.6     3645.497     92.48581
       925    853.8531    390.4659     62457.41     485.0641  13.0110   0.0084     8.36    0.221  -5.41   0      188.8     11605.45     110.6824
       926    326.8415    397.1648     12279.47     699.5194  14.7771   0.0619    13.14    0.586 -12.07   3       31.3     1251.918     87.08537
       927    257.2613    385.5226     334176.9     649.5002  11.1901   0.0021     5.74    0.165   5.52   0        626     56921.66      181.025
       928    135.0885    390.4644     68204.36     764.0115  12.9155   0.0122     8.28    0.223   8.77   3      159.2     8505.687     103.7439
       929    134.3216    382.5586     46246.04     798.6064  13.3373   0.0188     9.32    0.242   3.06   3      81.19     4088.444      93.9882
       930     88.9654    390.5942     47646.32     607.0065  13.3049   0.0138     7.77    0.211   2.31   0        136     7505.918     102.3035
       931    380.9272    390.2000     7161.043     482.5066  15.3626   0.0732     5.98    0.204  10.22   0      23.94      1157.76     86.61208
       932    499.4051    388.0356     11722.69     568.8202  14.8274   0.0527     6.11    0.306   6.02   0      32.07     1681.713     88.42303
       933    165.8570    387.6522     10032.64     426.4984  14.9965   0.0462     6.03    0.210  10.66   0      34.57     1724.227     88.53223
       934     45.1726    388.9794     7553.025     505.6194  15.3047   0.0727     8.35    0.358   7.83   0       20.7     990.7501     86.62885
       935    472.9601    388.9877     1376.343     165.0052  17.1532   0.1302     1.87    0.383  -0.00   0      19.98     1772.778     88.87876
       936    192.0710    387.6937     8769.442     366.1091  15.1426   0.0453    11.08    0.380   4.31   0       31.8     1407.301     86.81165
       937    983.7242    384.5775     14656.08      576.009  14.5850   0.0427    12.01    0.191  14.01   0      42.94     1994.161     89.00137
       938     33.5321    387.0861     6143.773     460.0657  15.5289   0.0813     7.30    0.192   0.48   0      18.92     932.5975     85.55985
       939    801.4822    385.0161     13013.99     472.9168  14.7140   0.0395    10.16    0.314 -11.20   0      42.06     1988.881     88.76618
       940     74.5519    385.9482     6743.293     495.4096  15.4278   0.0798     7.45    0.336  27.19   0      18.29     801.4694     85.90176
       941    602.7743    383.9885     9223.016     536.5979  15.0878   0.0632     6.21    0.343 -59.25   2      24.89     1137.289      86.7857
       942    520.0163    384.4627     10496.34     533.4559  14.9474   0.0552     6.56    0.264   3.84   0      30.99     1437.018     87.34179
       943    581.6699    384.9785     4434.504     380.6224  15.8829   0.0932     6.35    0.488   1.18   0      17.84     959.9472     86.32003
       944    215.5008    380.9620     15839.04     383.5383  14.5007   0.0263     6.06    0.196   8.86   0       58.9      2869.48     90.12254
       945    438.0006    381.9777     56539.09     215.3818  13.1191   0.0041   -19.21    0.038  89.97   0      343.3      55764.8     179.7861
       946    122.1367    374.8788     37351.01     668.2336  13.5692   0.0194    11.60    0.428  53.81   3      81.78     1702.014     87.80451
       947    100.2900    381.6769      9072.73     483.4062  15.1057   0.0579     7.37    0.493 -11.58   0      23.48     1550.641     87.18611
       948    869.2599    377.7565     6722.952      470.931  15.4311   0.0761     6.28    0.193  11.28   0      24.74     1177.352     86.66348
       949    957.4641    376.3800     10470.39     563.0948  14.9501   0.0584     5.62    0.130   9.25   0      26.57     1268.742     86.90282
       950    417.7775    375.8575     11714.48     571.4091  14.8282   0.0530    10.46    0.296  33.01   1       31.7     1516.965     87.54958
       951    656.5854    373.8098     26067.71     467.7033  13.9597   0.0195     8.81    0.300  62.01   2      83.89     4181.983     94.21412
       952    620.0812    375.7550     8372.214      455.793  15.1929   0.0591     6.35    0.218  16.75   0      27.94      1326.81     86.60067
       953    573.8183    375.3883      7277.21     370.5381  15.3451   0.0553     6.20    0.136  22.32   0      27.92     1378.234      87.1887
       954     24.5779    372.1512     47480.55     646.2529  13.3087   0.0148     9.54    0.306 -25.58   0        118     4550.668     95.51284
       955    594.6368    373.6674     19172.07     683.9808  14.2933   0.0387    12.17    0.214  20.34   0      43.57      2003.62     88.80391
       956    490.1681    374.3685      5859.34     449.0868  15.5804   0.0832     6.47    0.270  12.06   0      20.99     1102.552     86.92167
       957    678.1876    374.5044     4346.426     338.0701  15.9047   0.0845     3.72    0.256  15.54   0      18.63     978.7064     86.14096
       958    384.2449    372.8680     7181.931     384.8281  15.3594   0.0582     9.67    0.185  -4.01   0      28.71     1290.513     86.95974
       959    159.2812    373.0592     8992.644     336.8199  15.1153   0.0407     5.47    0.166   8.13   0      35.47     1801.223     87.83688
       960     71.1841    372.6211     13856.97      645.862  14.6458   0.0506    12.16    0.559  17.20   0      32.75     1292.353     87.19083
       961    786.1064    372.2370     5274.906     434.2872  15.6945   0.0894     8.07    0.432  23.43   0      19.43     892.5798     84.99107
       962    607.6163    369.8618      26337.9     660.0143  13.9485   0.0272     7.50    0.240  44.30   1      68.83     2458.807     89.96132
       963    431.0027    372.9944     58184.49     217.1111  13.0880   0.0041     4.20    0.007 -89.21   0      348.2        57672     182.1811
       964    733.8192    372.0016     9527.645     178.6535  15.0525   0.0204     0.00    0.299  -0.69   0      124.4     8781.281     104.7229
       965    417.3419    361.7862     333453.8     663.5066  11.1924   0.0022     5.87    0.148   5.58   0      622.3     56189.91     180.4319
       966    670.6461    367.7061     4016.452     207.8585  15.9904   0.0562     3.09    0.427 -65.05   0      41.16     3168.866     91.09097
       967    945.8502    365.5171     11794.85     545.8693  14.8208   0.0503    11.24    0.169 -44.28   0      37.25     1647.938     87.43937
       968    990.7595    364.3711     16741.98     618.8546  14.4405   0.0401     0.00    0.054 -89.18   2      47.97     1788.942      88.6982
       969   1000.3184    361.8730     23044.17     686.7025  14.0936   0.0324     6.72    0.100  29.49   2      49.61     1759.578     87.72906
       970    173.9298    366.9510      3708.26     152.8416  16.0771   0.0448     0.00    0.149  29.46   0      69.71      3496.22     92.54507
       971    119.0393    364.6763     7587.938     463.9748  15.2997   0.0664     6.52    0.185  15.64   0      26.35     1263.635     86.88946
       972    831.4409    364.1453     2526.637     287.9622  16.4936   0.1238     5.28    0.441  10.58   0      13.32     883.2141     86.11776
       973    794.2572    357.4579     21431.01     482.0813  14.1724   0.0244     6.41    0.292   8.82   2      65.67     3246.992     92.35866
       974    610.7654    359.8060     3079.174     206.8311  16.2789   0.0729     3.32    0.309  38.11   0      41.93     2088.895     89.46349
       975    627.8158    355.6337     9152.361      505.364  15.0962   0.0600    10.86    0.178 -61.54   0      29.71     1317.714     87.70739
       976     96.0010    353.1100     14215.67     628.2043  14.6181   0.0480    10.86    0.279  57.03   2      35.15     1657.054     87.91248
       977    720.0193    352.3324     55025.98     523.7117  13.1486   0.0103     6.13    0.175   5.63   0      164.5     9446.009     106.3412
       978    459.6515    354.6393     6405.676     469.7303  15.4836   0.0796     6.52    0.216  29.19   0      21.19     960.6073     86.32176
       979    250.0002    353.9718     21347.82     174.3367  14.1766   0.0089     4.22    0.023 -88.14   0      203.3     21461.12     129.6506
       980    442.8507    342.5209     160349.9     648.5916  11.9873   0.0044     6.97    0.152  -3.31   0      369.3     25148.33     135.3796
       981    930.3011    351.3976     8933.109     578.0234  15.1225   0.0703     6.89    0.052 -11.78   2      23.45     1090.061     86.43426
       982    928.0078    347.0130     9835.483     158.6203  15.0180   0.0175     0.00    0.008  42.27   3      127.6     9409.916     106.0784
       983    807.3247    349.6366     14673.63     528.7507  14.5837   0.0391     7.11    0.179   5.02   0      45.88     2351.968     89.69099
       984    234.2639    348.4151     75448.66     761.6495  12.8059   0.0110     7.56    0.171  -4.81   2      161.5     6722.695     100.1557
       985    173.8770    349.3969     16060.83     463.8782  14.4856   0.0314     6.01    0.204   9.62   0      56.72     2905.277     91.08227
       986    885.0190    350.0300     9441.489     158.0548  15.0624   0.0182     0.00    0.062  60.43   0      127.4     9181.903     105.9614
       987    689.4643    349.0299     6987.968     417.8584  15.3891   0.0649     4.12    0.329  55.64   0      26.46      1034.78     86.28878
       988    479.6217    347.8024     29884.67      474.771  13.8114   0.0173     4.98    0.220   7.64   2      99.78     5795.825     98.02991
       989    488.8562    344.3043     6581.691      425.814  15.4542   0.0703     6.59    0.299  -5.18   3      24.14     1198.479      86.0345
       990     38.6410    349.5491     7374.267      488.693  15.3307   0.0720     7.42    0.281  21.35   0      26.37      1252.14     87.08595
       991    660.1622    349.5535     4941.293     371.7623  15.7654   0.0817     7.08    0.466 -66.75   2       19.4     1065.963     86.37087
       992    655.6191    349.8030     5710.894     461.9893  15.6082   0.0879     7.12    0.536  20.12   2      18.54     790.2583     85.64232
       993    277.7370    348.0353     13205.27     601.3891  14.6981   0.0495     6.61    0.258  19.12   0      28.43     1333.232     87.07131
       994    920.5692    347.2371     6448.882     428.0509  15.4763   0.0721     2.51    0.270 -58.91   2      19.58      819.775     85.95017
       995    764.4342    346.5146     4188.883     433.7184  15.9448   0.1124     6.58    0.401 -58.59   0      15.08     708.1741     85.19323
       996    845.7151    344.4133      5608.08     197.4904  15.6280   0.0382    -0.55    0.486 -53.39   0      70.97     4331.619     94.36581
       997    127.9763    345.3315     8787.568     507.1463  15.1403   0.0627     9.54    0.301  14.09   0       27.5     1201.039     86.72558
       998    793.1522    345.8992     2874.144     151.5962  16.3537   0.0573     1.60    0.161 -31.90   0       48.8     2680.028      89.6435
       999    889.5417    343.8650     5063.971     403.6008  15.7388   0.0866     5.79    0.086 -74.05   0      19.89     1061.863     86.36008
      1000     58.9136    344.0916     4832.377     367.6982  15.7896   0.0826     0.00    0.599  37.23   0      20.55     1290.814     86.73363
      1001    333.2411    340.5690      60211.5     538.9102  13.0508   0.0097     7.23    0.200   8.46   0      175.3     9851.491     107.3879
      1002    913.3483    340.7207     15284.48     642.5422  14.5394   0.0457     9.66    0.304  -2.52   0      38.45     2063.683     88.51338
      1003    619.0005    340.9927     57109.63      215.983  13.1082   0.0041   -76.87    0.010 -87.65   2      345.3     56596.32     180.8342
      1004    622.2543    332.2833     17135.29     625.3332  14.4153   0.0396     8.26    0.287 -44.56   2      47.51      1857.36     87.98202
      1005    877.9648    335.8394     29518.91     463.0375  13.8247   0.0170     9.75    0.171   4.02   0      96.46     4987.351     96.13728
      1006    585.1884    337.6714     8517.415       511.86  15.1742   0.0653     9.66    0.233  -4.50   0      26.62     1163.971     86.62838
      1007     21.6263    336.9272     8631.067     496.2749  15.1598   0.0624     9.92    0.098 -19.01   0      27.43     1225.015     86.78838
      1008    793.0289    336.5038     7161.439     499.5614  15.3625   0.0758     7.03    0.090  -1.61   2       21.4     966.7747     85.18923
      1009    798.3209    332.0498     6079.024     479.9483  15.5404   0.0857     7.52    0.458 -15.52   3      18.78     922.1073     85.53198
      1010    552.5162    334.5626      27126.7      445.576  13.9165   0.0178     9.95    0.268  20.11   0      89.99     4676.734     94.98615
      1011    702.0658    334.4919     17231.23     450.4521  14.4092   0.0284     6.17    0.213   0.58   2      56.81     2795.604     90.37317
      1012    297.9453    335.0658     3796.403       316.62  16.0516   0.0906     4.54    0.480  86.61   0      19.93     1461.065     87.40434
      1013    833.3669    332.1045     11273.18     414.2793  14.8699   0.0399     7.12    0.214  13.86   0      40.49     2001.174     87.90556
      1014    225.3930    332.4406      20800.5     709.9564  14.2048   0.0371     7.85    0.104  12.64   3      48.61     2099.372     89.49009
      1015    216.3542    333.4424     13337.11     626.3152  14.6873   0.0510    10.16    0.306  14.43   3      32.03     1340.629     87.09061
      1016    510.7436    330.7537     5801.782     212.1365  15.5911   0.0397     3.51    0.542 -71.72   0      55.68     4264.333     94.62104
      1017   1021.4579    323.3223     188721.4     480.2194  11.8104   0.0028     7.20    0.188  89.64  24      466.2     38450.25     156.1216
      1018    598.0664    329.0369      5433.56     152.1826  15.6623   0.0304    -4.75    0.128  27.99   0      85.44     4824.889     95.75244
      1019    148.6384    320.9286     212608.5     673.2696  11.6810   0.0034     7.35    0.367  21.87   0      431.2     30593.88      144.505
      1020    332.0075    325.5305     5024.967     374.4538  15.7472   0.0809     7.88    0.470  27.16   0      19.95     1056.961     86.34718
      1021    989.0046    322.9891     3919.973     399.2717  16.0168   0.1106     7.28    0.308  67.82   0      15.32     618.7789     85.18604
      1022    224.9695    321.8849     16683.23      467.356  14.4443   0.0304    12.31    0.186  42.49   1      54.05     2638.356     90.19558
      1023    407.1339    319.8600      7448.75     487.7187  15.3198   0.0711     2.73    0.039  31.90   2      22.99     1315.897     87.02605
      1024    458.5229    318.1606     103178.3     543.3011  12.4660   0.0057     6.02    0.261   3.24   0      271.3     17077.02     121.3989
      1025    646.2509    317.8799     43730.98     603.9095  13.3980   0.0150     6.04    0.201  -5.93   2      125.8     6945.604      100.268
      1026    652.4136    311.8480     4986.132     196.7734  15.7556   0.0429     3.75    0.464 -16.71   3      61.25     3484.229     92.94061
      1027    124.8955    317.4554     54173.54     672.4673  13.1655   0.0135    13.14    0.244  24.96   2      144.7     5303.589     96.26991
      1028    609.7752    318.4464     2586.523     175.3068  16.4682   0.0736     2.93    0.418 -63.46   0      37.87     2065.852     89.40492
      1029    484.1271    312.4223     31330.86     626.5524  13.7601   0.0217    15.14    0.095  88.10   2      86.52     4272.702     94.64114
      1030    600.5905    314.3476     10130.76     238.3734  14.9859   0.0256     6.03    0.389 -39.23   0       96.8     6917.248     100.7919
      1031    327.1429    312.9491     4214.426      355.041  15.9382   0.0915     7.89    0.291   4.22   0      17.13     930.0002     86.24115
      1032    903.4821    312.9970     7023.263     530.1189  15.3837   0.0820     7.12    0.399  16.13   2       17.8     879.5309     86.10804
      1033   1007.1086    310.8792     6307.493     454.7623  15.5004   0.0783     5.31    0.066  48.17   0      21.53     1091.555     86.20992
      1034    109.0781    309.2592     28078.58     463.3943  13.8791   0.0179     6.18    0.199  12.86   0      93.94     4840.505      95.3772
      1035    823.8599    308.9177     14940.37     625.3232  14.5641   0.0455    12.11    0.387  21.26   0      38.35     1675.908     87.51204
      1036    801.8289    308.7781     9291.305     487.5672  15.0798   0.0570    10.81    0.502  43.46   0      30.05     1137.516     87.01305
      1037    169.8099    308.5985     23045.18     608.3441  14.0935   0.0287     6.99    0.169   6.44   0      70.54     3519.439     92.60207
      1038    467.8052    307.5751     24455.96      549.325  14.0290   0.0244     6.39    0.283  12.78   3      72.05     3622.531     93.06671
      1039    563.5659    307.9109     7071.151       495.56  15.3763   0.0761     8.19    0.102  22.04   0      22.82     1009.708     85.76443
      1040    350.5874    307.5818       8137.3     538.8872  15.2238   0.0719    10.55    0.659  22.42   0      25.23     1036.529     86.29338
      1041    143.4087    305.9646     27457.29     640.7119  13.9034   0.0253     6.81    0.279  14.09   3       69.9     3387.068     92.70271
      1042    134.6133    306.7223     13606.97     559.0977  14.6656   0.0446     6.38    0.313  16.64   3       38.7     1940.625     88.64255
      1043    713.2105    307.0792     6095.007      497.098  15.5376   0.0886     7.95    0.673  18.20   2      19.62     726.8185      85.4738
      1044      7.4664    304.8447     27144.34     607.4455  13.9158   0.0243    16.68    0.399   4.95  16         66     1242.684     86.83464
      1045    961.3909    302.6042     74687.23      530.321  12.8169   0.0077     5.87    0.155   4.64   0        212     12397.77     112.2976
      1046    869.0167    303.4936     19412.22     638.6237  14.2798   0.0357     6.80    0.146 -29.41   2      56.19       1633.9     87.17714
      1047    329.0268    305.1957     11936.11     428.6623  14.8078   0.0390     3.16    0.319  30.70   0         47     3372.307     92.45364
      1048    757.4073    304.4431     14142.84     594.3299  14.6237   0.0456    11.35    0.430  10.80   0      39.66     1967.271     89.37472
      1049    630.0635    304.0998     7149.863     354.1439  15.3643   0.0538     6.17    0.295   8.00   0      28.42     1437.561     86.66377
      1050     33.8337    301.7393      31543.9      478.662  13.7527   0.0165    10.72    0.176  13.76   0      100.7     5125.307     96.46286
      1051    274.8903    303.9846     10086.99     158.9803  14.9906   0.0171     4.36    0.087   9.15   0      124.6      10007.9     106.9842
      1052    401.4692    299.7926     13474.94     460.4749  14.6762   0.0371    12.36    0.398  -9.17   0      41.24      1819.06     88.33031
      1053    919.0905    299.4771     8626.163      549.053  15.1605   0.0691    11.08    0.226 -43.06   0      24.11      943.352     85.58842
      1054    659.4371    297.8551     52169.32     627.8202  13.2065   0.0131     6.03    0.246  -3.24   2        143     7938.871     103.0698
      1055    709.9136    300.9121     58653.64     219.8538  13.0793   0.0041     0.00    0.130  45.22   0      334.5      57005.6     181.2391
      1056    563.3320    300.0546     21712.31     217.5036  14.1582   0.0109     5.91    0.442   6.37   0      196.3     19964.14      126.533
      1057     94.1829    298.9560      18685.7     547.8324  14.3212   0.0318     6.01    0.323  20.52   2      53.02         2778     91.19728
      1058    761.9805    297.5369     7142.607     483.5178  15.3654   0.0735     6.29    0.276 -21.76   1       20.6     912.4561     85.96599
      1059    980.0314    293.7170     20422.82     508.4734  14.2247   0.0270    10.40    0.157  27.70   0      66.57     3321.699     91.90132
      1060    492.3063    286.5408     463185.4     707.2448  10.8356   0.0017     5.79    0.175   3.61   0      764.7     76279.84     203.7887
      1061    233.0604    293.2191     9405.383     394.9683  15.0666   0.0456     0.00    0.321  15.50   1      37.02     3132.965     91.64864
      1062    373.8448    288.4651       190738     584.6987  11.7989   0.0033     5.81    0.175   1.76   0      431.4     31929.88     146.5912
      1063    343.4565    290.2240     36119.21     659.6505  13.6057   0.0198    11.82    0.251  31.84   0      98.91     5073.904     96.34167
      1064    549.2573    288.4341       100121     582.3288  12.4987   0.0063     5.93    0.179  10.81   2      244.6     14420.31     116.3189
      1065     77.9980    289.0036     5585.051     438.9615  15.6324   0.0854     5.33    0.402  21.81   2      17.34      735.473     85.49681
      1066   1005.7401    289.3939     3118.065     288.4286  16.2653   0.1005     5.83    0.596 -63.40   0      14.79     856.5622     86.04739
      1067     27.9545    290.4818     5632.128     431.0592  15.6233   0.0831     6.52    0.423  40.65   2      17.87     912.4724     85.50638
      1068    959.2154    288.6856     6603.797       466.67  15.4505   0.0767     6.21    0.305  11.06   0      22.48     1116.523     86.27572
      1069    881.7762    286.3234     21426.34     685.4485  14.1726   0.0347    13.83    0.343  14.27   0      55.19     2334.726     89.64729
      1070    158.5450    289.9774      5006.81     181.1569  15.7511   0.0393     2.33    0.374  -3.81   0      65.39     4467.848     94.90121
      1071    676.2999    286.2840     18636.34     637.5753  14.3241   0.0372    12.47    0.276 -19.58   0      52.68     2530.251     89.48344
      1072    181.7543    282.1988     81235.95     572.3347  12.7256   0.0077     6.92    0.063  -1.80   0      216.7     12834.13     113.3512
      1073      9.1476    285.9674     26543.94     501.4731  13.9401   0.0205     6.19    0.231  11.05  16      86.84     4379.554     94.68952
      1074    944.5701    286.0515     6477.073     481.1616  15.4716   0.0807     7.88    0.606 -15.55   0      19.29     958.4933      86.3162
      1075    747.5264    284.4184     23911.29     715.0968  14.0535   0.0325    14.31    0.579   3.49   0       53.2     2066.202     89.18515
      1076    665.4990    285.4525     12044.38     609.9006  14.7980   0.0550     8.72    0.534 -20.92   1       22.6     839.7711     85.08163
      1077    260.2473    284.2383      22655.6     512.3629  14.1121   0.0246    12.05    0.397  24.53   3      71.25     3539.882     92.43932
      1078    266.3271    279.7936     50753.43     636.6611  13.2363   0.0136     9.81    0.290   8.47   3      132.2     6743.393     100.0058
      1079    776.2684    284.7733      8565.58      531.707  15.1681   0.0674     9.77    0.156  45.28   0      24.86     1032.354     86.28239
      1080    354.6311    285.5158     10797.07     239.0078  14.9167   0.0240     0.00    0.491  49.92   0      111.5     8663.073     104.2773
      1081    648.8223    279.5193     37917.85     717.4778  13.5529   0.0205    14.20    0.341 -18.92   0      90.99     4357.602     94.63681
      1082    853.3710    281.7233     12726.93      555.202  14.7382   0.0474     6.77    0.345  10.02   0      35.99     1703.968     88.03368
      1083    978.0071    275.5237     61152.97     494.5164  13.0340   0.0088     6.30    0.168  -0.74   0      180.5      10312.9     107.9957
      1084     95.7531    276.3038     60379.42     604.4647  13.0478   0.0109     6.36    0.218  12.90   2      155.5     8280.377     103.0581
      1085    429.5533    275.3869     15400.08     380.6989  14.5312   0.0268     5.99    0.210   5.58   0      56.89     2964.208     91.66016
      1086    151.4636    274.6268     28600.41     491.5003  13.8591   0.0187     8.73    0.197  35.30   3      92.68     4732.904     95.32738
      1087    148.5542    268.1829     16015.72     474.3572  14.4886   0.0322     8.18    0.166  15.26   3      50.52     2323.662     90.05791
      1088     53.9119    278.0014     7028.933     154.5468  15.3828   0.0239     4.29    0.060   1.46   0      100.5     6823.799     100.3849
      1089    604.1076    272.7797     24454.21      696.426  14.0291   0.0309     9.53    0.341 -31.05   0      61.85     2167.955     88.55849
      1090    626.9568    273.0550      9246.69     365.0583  15.0850   0.0429    10.93    0.307   3.65   0      32.91     1510.807     87.75841
      1091    871.3484    271.4168     23331.71      585.343  14.0801   0.0272     6.13    0.140   8.95   0      69.15     3413.719     92.55538
      1092    586.0892    273.4165     5650.856      437.872  15.6197   0.0842     8.00    0.454   3.15   0      20.44     861.0262     85.36953
      1093    798.5942    272.7817     3494.409     378.7623  16.1416   0.1177     5.54    0.578 -36.15   0      14.05     693.1208     85.38416
      1094    737.0346    271.2476     5093.242     436.4553  15.7325   0.0931     7.25    0.268  32.68   0      18.05     871.0555     85.85647
      1095    690.8951    271.2346     5667.951     400.2655  15.6164   0.0767     6.28    0.298   5.81   0      22.99     1038.681     85.38086
      1096    238.5838    263.2335     254055.6     699.1998  11.4877   0.0030     6.65    0.267  24.38   0      502.3     39907.43     158.8501
      1097    385.5609    269.7841     7858.774     490.9293  15.2616   0.0678     8.91    0.075   1.10   0      25.42     1142.443     87.25204
      1098    459.1695    267.9298     11777.76     470.2318  14.8223   0.0434     5.56    0.221   0.85   0      39.69     2085.137      89.0123
      1099     16.8019    265.3994     28170.63     673.9332  13.8755   0.0260    12.25    0.541  15.66  17      65.44     2593.834      90.3018
      1100    421.3475    265.4587      5338.04     314.6085  15.6815   0.0640     3.68    0.168  32.80   0      22.93     1376.579     87.63524
      1101    470.6823    265.0685     5466.107     250.1667  15.6558   0.0497     3.20    0.552  71.19   0      47.45     3396.961     91.87303
      1102     33.5900    262.7715     32156.93     455.7642  13.7318   0.0154     6.12    0.219  15.45   0      106.8     5597.869     97.77164
      1103    571.2197    261.6859     29171.01     457.5144  13.8376   0.0170    12.94    0.242  -8.12   0      98.34     4418.089     94.36526
      1104    539.7016    261.1983     11383.26     634.9846  14.8593   0.0606    10.60    0.536   9.42   0      25.68     946.4445      86.0558
      1105    821.3281    259.1016     33410.94     617.8113  13.6903   0.0201     5.74    0.198   5.53   0      93.36     4899.437     94.89663
      1106      2.4976    260.5619     8049.188     330.2694  15.2356   0.0446     8.90    0.332  64.35  24      33.62      1754.24     87.26479
      1107    265.3304    256.9687     60029.76     509.7053  13.0541   0.0092     0.00    0.275   0.01   2      177.7     8995.367     105.1865
      1108    270.4925    253.0352     5971.647     171.2176  15.5598   0.0311     4.98    0.528  62.84   3      45.57      5065.68      95.5005
      1109    950.5789    258.2773     9769.701     422.8779  15.0253   0.0470     0.97    0.425 -18.06   0      37.29     1703.156     88.25513
      1110     66.7376    268.0366     4658.227     416.5893  15.8294   0.0971     8.02    0.296 -10.19   0      17.24     708.2139     85.42432
      1111   1014.2022    256.5616     5294.732     377.2383  15.6904   0.0774     6.66    0.371  76.49   0       22.9     1441.373     87.80311
      1112    749.0110    257.9923     50753.76      209.188  13.2363   0.0045     0.00    0.018 -32.11   0      323.7      49926.2     172.2473
      1113    102.9929    255.6471     11712.87     549.4333  14.8283   0.0509     6.61    0.263   7.87   0      37.08     1723.142     88.52945
      1114    657.6644    255.1853     5593.861     396.5137  15.6307   0.0770     5.93    0.322  -0.70   0      20.26     986.9803     86.16279
      1115    936.0298    250.0606     7956.839     159.0337  15.2481   0.0217     4.47    0.142  67.78   0        114     7610.662     101.9577
      1116    830.5128    249.1333     60376.46      745.996  13.0478   0.0134     9.15    0.109  -4.19   2      150.5     4356.655     94.42609
      1117    521.8503    248.7191     16743.71     660.4423  14.4404   0.0428     8.91    0.223  -0.80   0      42.23     1757.554     87.72382
      1118     22.0720    250.4324     8411.534      568.363  15.1878   0.0734     8.86    0.254  25.71   0      22.07     950.8929     86.06755
      1119    679.3229    247.9984     16664.38     668.5696  14.4455   0.0436    10.86    0.146  12.72   0      41.07     1880.891     88.48926
      1120    386.9578    246.4954     45063.05     638.4958  13.3654   0.0154    17.79    0.589   3.50   0      111.4     4877.333     95.05121
      1121    158.2359    248.7552     3567.115      376.196  16.1192   0.1145     5.69    0.459 -82.56   0      14.07     670.2746     85.55395
      1122    483.2499    248.1546     5830.285     436.8389  15.5858   0.0814     8.47    0.577  12.94   2      22.14     863.4389     86.06556
      1123    743.5876    243.7937     4741.114     359.5124  15.8103   0.0823     5.76    0.250  28.41   0      19.47     1027.448     86.26946
      1124    577.6060    244.2588     4610.158     400.8951  15.8407   0.0944     5.55    0.384  -4.34   0      16.91     883.8702     86.11949
      1125    977.2695    238.9557     53155.51     588.4984  13.1861   0.0120    15.15    0.300 -13.84   3      146.4     7989.644     102.9906
      1126    983.9606    230.9831     42437.53     552.2728  13.4306   0.0141     6.22    0.181  -3.02   3      123.9     6624.149     100.5217
      1127    457.7141    242.0378     8596.346     315.3955  15.1642   0.0398     2.84    0.189  17.33   0      35.87     2234.117     88.94992
      1128    214.7081    243.0445     6862.227     413.0467  15.4088   0.0654     2.64    0.212 -15.30   0       26.1     1867.519     88.00826
      1129    994.2891    242.4301     6208.954      468.585  15.5175   0.0820     7.42    0.321  15.59   0      19.83     926.6011     85.54392
      1130     21.3249    241.1245     7966.457     576.7899  15.2468   0.0786    10.05    0.084 -24.32   0      22.06     904.1234     85.25336
      1131    936.5815    239.3096     5940.891     361.6348  15.5654   0.0661     9.58    0.378   7.56   0      21.38     905.5725     85.25723
      1132    898.0848    240.2342     9508.116     533.0347  15.0548   0.0609     9.26    0.411  13.51   0      27.49     1344.163     86.87331
      1133    191.9720    236.9933     35815.58     489.8224  13.6148   0.0149    12.38    0.171 -17.59   3      130.6     8900.837     105.1696
      1134    199.4717    234.0303     18736.26     358.7674  14.3183   0.0208     9.49    0.431  63.59   3      106.8     9828.026     106.9705
      1135    165.8599    240.1308     5160.852     434.2275  15.7182   0.0914     7.52    0.292 -12.62   0      18.23     840.5753     85.77575
      1136    611.4170    236.4699     42487.27     544.2066  13.4294   0.0139     6.03    0.205  10.78   0        128     6688.875     100.2756
      1137    880.9200    238.2245     7319.028      493.682  15.3389   0.0733     5.12    0.487 -31.14   1      18.33     948.0839     86.06013
      1138     72.8969    231.2409     10661.64     496.2122  14.9304   0.0505    11.35    0.261 -48.04   2       29.7     1202.426     85.81562
      1139    155.0431    232.7426     14629.04     533.3697  14.5870   0.0396     6.66    0.176   2.46   2      45.93     2124.262     89.11214
      1140    361.4090    230.2431     21014.04     614.0367  14.1937   0.0317     6.84    0.317   8.69   2       54.9       2399.9     90.46817
      1141    885.1361    227.4582     116682.4     570.9159  12.3325   0.0053     9.01    0.210   2.56   0      297.9     18884.98     124.7376
      1142    564.0587    231.2417     4083.384     353.5665  15.9724   0.0940     5.55    0.172  39.12   0      16.97     878.1632     85.87528
      1143    328.0299    231.1297     2336.554     150.7881  16.5786   0.0701     0.00    0.195  60.33   0      47.84     2068.639     88.97016
      1144    217.3756    230.0846     9377.681     552.9391  15.0698   0.0640     8.33    0.265   7.00   3      22.68     965.4852     85.64717
      1145    210.1298    225.4652     13936.18     649.6921  14.6396   0.0506     7.98    0.368  17.25   2      29.32     1205.173     86.50893
      1146      4.2907    228.9184     2370.972     188.5752  16.5627   0.0864     2.64    0.419 -69.19  16      15.24      1133.41      86.3202
      1147    703.5572    223.1128      15580.3     538.3695  14.5186   0.0375     7.49    0.053  19.05   0      49.22     2255.105     89.00353
      1148    175.1790    221.5783     54970.45     786.8149  13.1497   0.0155    10.16    0.300 -70.49   0      129.9     5270.987     97.21173
      1149     16.9498    221.5463     25632.33      646.192  13.9780   0.0274    13.74    0.224  68.93   0      79.88     2655.913     90.89252
      1150    839.1763    216.1865     94715.19     571.6619  12.5590   0.0066     6.55    0.107  -5.46   0      248.4     15277.82     118.1494
      1151    777.2079    218.3146     23906.86     597.2277  14.0537   0.0271     7.14    0.135   3.70   0      71.53     3590.388     92.98818
      1152     75.1155    218.0611     36900.18     494.3278  13.5824   0.0145    12.81    0.062  -5.39   0        115     5716.423     97.44206
      1153    432.5260    215.5592     70771.38     596.0896  12.8754   0.0091     8.38    0.291   6.83   0      189.8     10327.09     108.0256
      1154    370.5653    218.0570     12899.73     498.2259  14.7235   0.0419     5.95    0.183  24.02   0      41.49     2042.891     88.90437
      1155    953.0920    216.9696     6486.606     421.1097  15.4700   0.0705     6.66    0.186   4.23   0      25.11     1153.615     85.68625
      1156    915.0810    213.7176     21440.58     641.6524  14.1719   0.0325    13.17    0.236   1.17   2      62.55      3016.26     90.70942
      1157    501.3364    214.2424     12661.68     433.6151  14.7438   0.0372     5.91    0.199  13.68   0      44.84     2211.068     89.33325
      1158    198.6850    214.4398     9389.642     517.0331  15.0684   0.0598     6.28    0.259  13.68   0       31.2     1565.769     87.22553
      1159    879.7904    214.2215     7510.336     522.8438  15.3109   0.0756     7.30    0.343  -7.63   0      21.99     1023.625     86.48753
      1160    545.7936    213.3133     13261.26     533.7103  14.6935   0.0437     7.24    0.265  12.84   0      39.31     1828.723     88.35517
      1161    157.8246    209.7538     67976.54     517.0615  12.9191   0.0083     6.38    0.182  10.77   0      195.8     11345.84     110.5053
      1162    978.5911    208.3857     53613.73     530.5787  13.1768   0.0107     8.59    0.202   2.11   0      158.4     8542.742     104.2039
      1163    905.8749    209.9950     3102.711     148.6609  16.2706   0.0520     4.43    0.137   0.16   0      54.85     2630.575     90.39422
      1164    638.5477    221.4597     9689.556     533.1121  15.0342   0.0598    11.43    0.605  16.02   0      25.91     837.6133     85.76789
      1165    616.5253    206.0887     16635.19     394.1387  14.4474   0.0257     6.04    0.192  11.67   0      59.51     2982.206     90.84123
      1166    129.9473    207.1067     8699.541     169.0709  15.1513   0.0211     0.00    0.234 -64.66   0      116.1     7955.242     102.3386
      1167    123.6221    207.3928     5869.129     274.9081  15.5786   0.0509     7.19    0.146  40.80   0      29.86     2186.712     89.49171
      1168     19.5060    197.4845      1232625     960.6493   9.7729   0.0008    10.51    0.190   9.65  16       1336     193591.7     308.1107
      1169    499.2327    204.6533     11216.42     566.8826  14.8754   0.0549     8.29    0.364  21.08   1      22.91     1109.952     86.48654
      1170    192.5925    205.2755      4081.25      364.541  15.9730   0.0970     1.76    0.486  -3.38   0      16.23     881.8129     85.88494
      1171     86.7524    202.1263     46272.68      485.605  13.3367   0.0114     6.57    0.154  10.21   0      142.9     7566.276     101.8588
      1172    529.7430    201.4170     23818.17     632.4481  14.0577   0.0288    13.41    0.417  20.29   2      60.32     2254.384     89.66341
      1173    704.0792    200.0617     42243.61     506.5975  13.4356   0.0130    14.34    0.218  29.18   0      127.1     6714.607     99.74305
      1174    479.6222    197.9412     164889.8      590.629  11.9570   0.0039     5.95    0.221  12.39   2        376     25899.96     136.9237
      1175    360.0667    203.4900     5458.892     425.2143  15.6572   0.0846     6.35    0.176   0.52   0      17.58     805.7951     85.22237
      1176    281.2327    201.1661     5030.261     325.1695  15.7460   0.0702     7.08    0.344  18.68   0      19.59     1006.679     86.67063
      1177    443.0457    200.1005     8263.846     469.5806  15.2070   0.0617    11.43    0.591  16.92   0      25.61     1062.211     85.21254
      1178    355.9757    199.9558     5529.227     155.5257  15.6433   0.0305     0.00    0.141  45.13   0      82.33     4772.913     96.04021
      1179    752.0538    195.9813     12862.19     505.0827  14.7267   0.0426     6.30    0.197  26.99   2      41.67     2079.747     89.21966
      1180    754.9998    191.0054     9852.067     158.6441  15.0162   0.0175     0.00    0.010 -42.90   3      123.8     9124.888      105.466
      1181    258.7938    196.6147     7323.401     362.5026  15.3382   0.0538     6.58    0.229  15.91   0      29.34     1479.117     87.45127
      1182    143.3544    197.4141     4770.729     400.9861  15.8035   0.0913     6.44    0.405  35.63   0      17.18     802.1546     86.13264
      1183    330.8170    191.8815       135807     741.2268  12.1677   0.0059     7.23    0.169   0.64   0      279.1     17721.59     122.5996
      1184    659.9196    194.9698     50726.74     218.3764  13.2369   0.0047     4.77    0.182  12.95   0      320.7     49311.29      171.434
      1185    199.0082    190.7702     3040.782     218.3753  16.2925   0.0780     4.05    0.439  85.26   0      26.74     2281.878      89.9524
      1186    184.2258    185.7148     189776.8     634.4443  11.8044   0.0036     6.02    0.177   1.08   2      403.3     27192.38     138.7687
      1187    962.5013    190.0718     5696.248     425.3411  15.6110   0.0811     5.49    0.286  16.77   0      21.48     1053.146     85.18836
      1188    788.8456    189.8478     7766.184     461.9341  15.2745   0.0646     7.11    0.305  11.16   0      28.07      1321.26     87.26615
      1189    678.0458    186.4248     25757.98     506.9807  13.9727   0.0214     5.89    0.118   6.11   2      82.25     4222.067     94.72771
      1190     44.0890    189.2546     9041.423     511.1298  15.1094   0.0614     6.13    0.264  15.57   0      29.84     1497.214     87.04673
      1191    830.4729    189.6863     3906.479     391.7913  16.0205   0.1089     5.27    0.416  35.68   0      14.55     660.3598     84.60104
      1192    621.4849    188.6220     8016.777     573.3834  15.2400   0.0777     8.41    0.370  28.40   0      20.98     746.6768     85.06456
      1193    403.1966    193.0679     28264.87     555.3516  13.8719   0.0213    14.58    0.315   6.96   0      84.81     4098.124     94.01161
      1194    345.0594    185.6538     37106.14     742.1986  13.5764   0.0217     8.98    0.275  28.80   2      125.1     1028.948       86.729
      1195   1020.4804    187.0709     4625.688     402.1308  15.8371   0.0944     6.57    0.415  64.47  16      15.94     673.7185     84.86941
      1196    373.7199    187.3442     7012.758     460.4948  15.3853   0.0713     4.92    0.218  -6.66   0      22.84      1168.68     86.18468
      1197    939.9379    185.1588     10241.75     495.0257  14.9741   0.0525     6.05    0.153  12.10   0      36.24     1849.911     88.40966
      1198    446.9937    182.9724     16322.04     666.9778  14.4681   0.0444    13.62    0.593  -5.07   0      38.02     1353.312     87.34959
      1199    997.6447    182.4016     4953.614     382.2232  15.7627   0.0838     6.73    0.227  17.26   0      19.71     1003.946     86.66346
      1200    770.8853    180.7940     6615.233     292.8581  15.4486   0.0481     0.00    0.317 -25.53   0      32.91     2063.062     89.17715
      1201    889.6530    181.3446     13695.27     469.0619  14.6586   0.0372     0.00    0.420  27.41   0       46.4      2845.88     91.36629
      1202    409.3240    176.8427     136072.5      565.668  12.1656   0.0045    15.78    0.247  13.52   0      328.2     21384.96     129.2124
      1203    268.7275    180.4918     8337.735     461.1483  15.1974   0.0601     9.63    0.260   8.44   0      30.05     1382.197      86.7459
      1204    618.3356    174.2191     277635.9     755.3376  11.3913   0.0030    10.30    0.477  16.07   0      532.3     39376.42     157.7142
      1205    699.6318    175.8638     62468.53     503.0172  13.0108   0.0087     5.91    0.172   1.76   0      184.7     10462.37     108.3098
      1206    233.8762    178.1702     418956.7     748.9191  10.9446   0.0019    16.66    0.174 -13.43   2      699.4      64355.1     190.3358
      1207    951.4163    178.5946     4249.063     390.7313  15.9293   0.0999     6.26    0.107  40.07   0      16.53     816.9101     85.71301
      1208    478.0009    178.8186     2950.612     148.4282  16.3252   0.0546     0.97    0.112 -89.88   0      50.89     2929.687     91.14316
      1209    511.0934    175.9916     29095.42     186.8158  13.8404   0.0070     0.00    0.162  -6.84   0      238.3     27915.13     140.2287
      1210    256.0032    174.1047     12789.11     228.2955  14.7329   0.0194     3.38    0.559  89.87   0       89.8     6505.574     99.66182
      1211    203.1883    172.7967     26230.35     699.1224  13.9530   0.0289    14.37    0.513  -8.71   0      62.63     2306.307     89.57522
      1212    899.4839    174.5172     5523.035      421.759  15.6446   0.0829     6.42    0.344  26.23   0      18.63     876.5444     85.64122
      1213    576.0952    170.4420     21187.03      687.522  14.1848   0.0352     9.28    0.289  17.06   1         53     2304.008     88.68505
      1214    656.3174    170.0465     34124.37     573.4221  13.6673   0.0182    13.72    0.269  -1.88   0      104.1     5344.693     96.57115
      1215    539.0301    170.5463     6828.548     473.0692  15.4142   0.0752     6.71    0.289  48.19   0      22.56     1075.264     86.16697
      1216    588.7360    170.2527     12489.86     536.1453  14.7586   0.0466     0.00    0.669  37.45   0      29.24     1913.356      88.5726
      1217    457.0128    170.6707     4341.762     208.2139  15.9058   0.0521     2.41    0.368  87.86   3      55.02      3102.31     91.78752
      1218    455.1487    166.3493     6636.375       436.13  15.4452   0.0714     4.66    0.276 -24.16   3      24.11     1471.483     87.88101
      1219     80.9366    168.9072     10626.93     516.6241  14.9340   0.0528     6.08    0.237   9.68   0      36.54     1827.231     87.90415
      1220    828.1752    165.0798     13240.08     466.7352  14.6953   0.0383    11.92    0.258   4.14   2      40.09     1886.061     88.50254
      1221    833.9896    165.0047     14402.66     165.0345  14.6039   0.0124     0.00    0.001  -2.88   3      160.8      13981.6     115.4585
      1222    377.9366    164.6295     10258.12     637.6793  14.9723   0.0675    12.12    0.281 -34.12   0      24.49     751.0798     85.53828
      1223    105.8829    163.8668     12281.98     425.3856  14.7768   0.0376    12.87    0.538  34.78   0      34.77     1379.526     86.73891
      1224    744.7154    147.2863      1117159     936.6213   9.8797   0.0009     5.87    0.170  -1.39   0       1266     179748.8     297.7247
      1225    343.5052    163.6712     8048.706     493.0196  15.2357   0.0665     8.71    0.106 -26.49   0      25.99     1223.758     86.10125
      1226    890.1780    161.2371     5597.249     290.3755  15.6301   0.0563     8.66    0.302  10.60   0      23.01     1054.524     87.02273
      1227    573.8975    161.3920     18357.08     666.9326  14.3405   0.0395    11.43    0.332  -0.76   3      39.31     1690.386     87.99861
      1228    305.6890    161.5110     7235.297     386.1375  15.3514   0.0580     9.18    0.171  12.84   0      27.71      1419.11     87.06917
      1229    133.4197    160.1946     20795.97     595.2157  14.2051   0.0311     7.15    0.281   5.15   0      57.71     2811.813     90.84875
      1230     19.9523    162.2444     7193.505     403.5794  15.3576   0.0609     0.00    0.411  77.89   0      24.72     2240.224     89.62752
      1231    162.6037    158.9319     7209.472       469.07  15.3552   0.0707     7.49    0.362  21.77   0      23.97     1126.346     86.52962
      1232    970.5406    152.0215     31776.29     661.1396  13.7447   0.0226     5.79    0.173  12.55   2      75.44     3815.343     93.32549
      1233    532.3997    156.9069     6497.499     503.1906  15.4681   0.0841     8.04    0.271 -18.05   0      19.22     872.0768     85.85917
      1234    219.3973    155.3120     10304.73     450.2381  14.9674   0.0474    11.05    0.248 -19.66   0      36.48     1626.554      87.8336
      1235    866.3644    154.3108     11624.32     523.6892  14.8366   0.0489     5.71    0.204  12.05   0      36.93       1853.5     87.97205
      1236    846.5505    153.3804     15276.38     282.5783  14.5399   0.0201     8.15    0.308 -56.16   0      110.6     9169.778     105.9353
      1237    777.0328    155.8603     3952.346     149.9542  16.0079   0.0412     0.97    0.086  83.31   0      58.51     3883.791     93.49202
      1238    430.6111    145.9098     274204.3     731.7632  11.4048   0.0029     7.23    0.326  48.36   0      509.4     37867.84     155.2715
      1239    360.6366    152.4544     33603.36     458.6382  13.6840   0.0148     6.33    0.193   3.46   0      110.5     5814.465     98.27383
      1240    477.5452    150.8441     20149.88     517.9512  14.2393   0.0279    13.02    0.055  54.26   0      60.81     2823.989     91.09576
      1241    551.9857    152.4703     8864.005     529.0485  15.1309   0.0648     8.86    0.298  31.62   2      26.54     920.4521     86.21598
      1242    277.1742    152.8129     6748.885     383.2892  15.4269   0.0617     9.36    0.416 -13.37   0      22.21       1017.7     86.47195
      1243    254.5740    148.3188     196015.9     587.5856  11.7693   0.0033     5.94    0.191   8.16   0      438.7     32158.12     146.9446
      1244    509.0485    150.8541     9469.395     547.6057  15.0592   0.0628     7.27    0.298  25.89   2      26.98     1244.422      87.0658
      1245    296.2497    149.3061     9753.287     223.0554  15.0271   0.0248     6.25    0.205  33.94   0      94.11      6495.28     99.04328
      1246    801.0971    149.7421     36885.37     215.2274  13.5829   0.0063     5.38    0.368 -71.93   0      260.4     33128.64     148.1724
      1247    561.5948    146.3749     37373.94     620.8563  13.5686   0.0180     7.17    0.167  12.29   0      104.6     5288.438     97.04969
      1248    495.6118    147.3763     17606.25     538.3098  14.3858   0.0332    11.83    0.318   8.30   0      54.13     2513.347     90.31743
      1249    657.6177    146.2477     13636.04     573.8922  14.6633   0.0457    10.55    0.122   9.09   0      40.04     1771.728     88.65409
      1250    959.4271    137.6612     62788.14     935.3336  13.0053   0.0162    18.37    0.134 -39.70   3      108.3      5587.65     97.74788
      1251    952.1796    146.0075     35347.42     598.2811  13.6291   0.0184     5.93    0.331   9.62   3      111.9     3750.702     93.16793
      1252    687.2343    147.8942     3239.756     167.5521  16.2237   0.0562     2.59    0.324 -24.00   0      56.77     2847.563     90.06725
      1253     24.2194    145.3399     11703.75     476.4406  14.8292   0.0442     6.70    0.247  25.65   0      38.64     1792.876     88.26292
      1254    178.5783    143.3050     5259.742     371.9569  15.6976   0.0768     8.15    0.341  30.45   2      19.41     853.8119     85.11914
      1255    581.9565    144.6712      6960.52     515.0087  15.3934   0.0804     7.90    0.330  16.26   0      18.49     631.0294     85.21872
      1256    919.0851    141.9435     7438.298     516.1747  15.3213   0.0754     8.97    0.480 -14.37   0      22.64     1027.689     85.81207
      1257    285.7835    142.0798     3303.324     211.7816  16.2026   0.0696     1.61    0.213 -21.31   0      40.07      2358.37     89.70722
      1258     76.0009    141.9956     56361.51     215.1944  13.1225   0.0041     4.20    0.006  89.36   0      344.2     56042.17     180.1364
      1259    308.0033    111.6859     25108.56      647.531  14.0004   0.0280    10.50    0.388  28.80   3      67.52     3450.067     92.85704
      1260    312.1849    135.6761      54182.9     602.1304  13.1653   0.0121     7.06    0.210  14.18   3      139.9     7208.881     101.4474
      1261    315.3226    125.1117     68577.01     598.5535  12.9096   0.0095     6.03    0.129 -75.52   3        179     9599.358     106.1128
      1262    872.4096    137.6012     7809.016     357.3346  15.2685   0.0497     9.88    0.185  23.97   0      28.71     1399.387     87.24381
      1263    810.0522    139.0102     19695.39     172.1691  14.2641   0.0095     0.00    0.115   8.24   0      195.3     19403.35     125.8353
      1264    218.0793    138.2606     5198.645     288.3601  15.7103   0.0602     8.73    0.351 -11.05   0      21.76     1030.681        85.82
      1265    151.8121    127.5460      14073.6     629.7194  14.6290   0.0486     6.91    0.151  58.16   2      41.51     1197.663     86.94366
      1266    148.2084    136.6938     13642.47     640.4246  14.6628   0.0510     5.30    0.483   8.16   2       40.8     1982.223     88.74914
      1267     74.3103    131.1895     44018.72     592.4899  13.3909   0.0146    17.03    0.302 -43.80   0      108.7     4004.393      93.5744
      1268    683.1573    135.0749     5322.083     378.5583  15.6848   0.0772     8.22    0.513   3.12   0      21.75     907.3215     85.95242
      1269    655.6677    132.5046     5455.154     428.6737  15.6580   0.0853     8.36    0.106  87.65   0      19.97     890.9824     85.44924
      1270    530.7825    128.7519     38733.66     946.7986  13.5298   0.0265    13.29    0.312  13.57   0      69.93     2091.556     89.47025
      1271    344.6541    128.6976     6347.178     429.1464  15.4935   0.0734     9.44    0.146  42.29   0      25.65      1047.97     85.63598
      1272     12.6742    126.9445     34795.02     595.5952  13.6462   0.0186     8.13    0.139  70.23  18      94.46     3846.465     93.19003
      1273    895.8349    130.0057     2266.874     147.3775  16.6114   0.0706     4.41    0.153  -0.58   0      46.17     2129.067     89.56548
      1274    785.0242    123.8883     28951.01     735.0206  13.8458   0.0276     7.20    0.025 -46.66   3      67.61     2817.042     90.42707
      1275    782.5390    116.3699     22963.16     608.3134  14.0974   0.0288     6.18    0.179   8.93   3      67.54     3436.526     92.18485
      1276    806.2248    126.9321     9718.379      194.718  15.0310   0.0218     0.00    0.368  -6.96   0      121.6     8570.614     104.4535
      1277    707.1377    124.6086     19016.96     228.0219  14.3021   0.0130     6.35    0.414 -70.18   0      179.1     17224.92     121.8372
      1278   1019.5441    120.0425     15305.72      420.019  14.5379   0.0298    11.91    0.100  20.79  24      50.51     2259.538     89.67648
      1279    394.4489    120.1663     13876.23     443.2335  14.6443   0.0347     6.05    0.256   4.31   0      47.71     2446.114     89.92924
      1280    223.6877    119.5423      27962.5     465.4589  13.8836   0.0181     6.30    0.282  -5.43   3      91.91     4619.172     94.84832
      1281    218.5157    113.9338     44055.32     561.7766  13.3900   0.0138     7.28    0.131 -47.77   3      123.3     6053.653     98.42587
      1282    961.5313    115.2653     25172.25     510.5919  13.9977   0.0220    11.47    0.380 -39.55   2      66.81     3250.389      91.7248
      1283    676.3704    118.6946     8348.171     360.4213  15.1960   0.0469    10.27    0.173  31.13   0      29.77     1363.718     86.24172
      1284     33.0658    118.0694     22579.06     617.0154  14.1157   0.0297     8.00    0.231  22.53   2      59.92     2807.765     90.62144
      1285    654.4765    119.7307     19607.41      332.251  14.2689   0.0184     0.00    0.558 -26.64   2        144     12930.74      113.023
      1286    661.9948    116.0040     23681.73     177.3532  14.0640   0.0081     0.00    0.012 -87.16   3      214.5     23202.38     132.3705
      1287    627.0794    116.4180     19338.71     507.0179  14.2839   0.0285    12.99    0.189 -16.54   0      63.12     3134.113     91.86623
      1288    460.9571    119.4121     5773.926     451.2323  15.5963   0.0849     8.00    0.504   1.99   0      19.86     923.0859     86.45115
      1289    833.7778    115.7740     5447.258     444.4668  15.6596   0.0886     7.53    0.249  18.22   0      18.81      921.197     86.44618
      1290    164.0129    111.4424     14335.53     675.1141  14.6090   0.0511    14.52    0.386 -77.23   0      35.12     1214.733     87.21449
      1291    733.2747    115.1796      3410.43     279.9961  16.1680   0.0892     3.38    0.420  39.33   0       33.8     1828.083     88.57626
      1292    120.4909    113.6664     10000.95     569.8633  14.9999   0.0619     7.92    0.258  28.38   0      26.66     1224.535     86.33185
      1293    256.2245    109.9040     33715.96      521.986  13.6804   0.0168     8.46    0.159  19.16   3      103.7     5037.598     95.43365
      1294    247.1614    101.3565     32380.87     534.4677  13.7243   0.0179     6.49    0.187  17.17   3      101.4     5221.404     96.89259
      1295    568.3005    109.8803     10451.97     594.5762  14.9520   0.0618     6.20    0.270  12.28   2      25.69     1191.671     86.01651
      1296    914.4157    109.2303      9542.43     497.6829  15.0509   0.0566     7.14    0.063 -69.65   3      31.83     1481.028     87.90569
      1297    908.9709    105.4817     7697.448     519.1433  15.2841   0.0732    10.04    0.250  48.13   3      25.93     1197.771     86.71701
      1298    478.0219    128.3394     8752.797     470.8646  15.1446   0.0584     8.93    0.264 -27.30   0      28.31     1215.791     86.76423
      1299    996.9445    108.0388     5252.555      151.912  15.6991   0.0314     4.38    0.098 -26.63   0      82.17     4673.784     95.59946
      1300    376.7319     97.4683     715806.1     801.0143  10.3630   0.0012     5.89    0.154   4.03   0      986.3     115747.8     244.0259
      1301    291.1063    103.2051     114248.5     559.4783  12.3554   0.0053     9.58    0.263  10.50   0      292.8     18344.91     123.7497
      1302    858.4739    105.5208     4708.495     262.9364  15.8178   0.0606     0.00    0.498 -42.94   0      33.42     2439.916      89.2537
      1303    179.0332    104.0872     21986.35     487.4228  14.1446   0.0241     6.21    0.152  14.08   0      72.29      3564.27     92.49926
      1304     70.0053    105.4779     8524.869      508.968  15.1733   0.0648     9.84    0.279  44.39   0       25.8      1294.22     87.19569
      1305    774.5170    103.3570     15321.62     647.8997  14.5367   0.0459    12.52    0.469  32.17   0      38.31     1505.962     87.06956
      1306    985.6529    103.5664     9029.989     358.1103  15.1108   0.0431     6.34    0.253  14.01   0      33.04     1627.309      88.0596
      1307    269.3934    102.3326     10926.43     581.3543  14.9038   0.0578     8.02    0.340  16.88   0      23.21     1121.671     86.51733
      1308    191.5330    100.3296     21215.33     493.0941  14.1834   0.0252     7.10    0.195  16.27   0      68.04     3200.508     91.60113
      1309    126.5790     98.4010     65876.86     677.8661  12.9532   0.0112     8.79    0.230   2.18   3      162.1     8206.337     103.4676
      1310    112.9576     89.4372     163360.4     631.1846  11.9671   0.0042    13.33    0.218   7.35   3      373.3     24923.21     135.4383
      1311    783.9827     95.0193     12304.46     162.1193  14.7748   0.0143     4.34    0.081 -44.61   3      149.3     12104.18     112.0541
      1312    789.8339     92.5286     15686.27     652.5726  14.5112   0.0452    11.87    0.282 -18.37   2      39.17     1632.973      87.8502
      1313    591.5861     93.9793     9289.485     387.3447  15.0800   0.0453     9.58    0.179  11.45   0      35.68     2277.289     89.72145
      1314    547.3504     94.1798     6234.971     461.1802  15.5129   0.0803     6.75    0.205   9.21   0      20.19       938.05     86.49048
      1315    155.9760     92.3408     7183.158     397.4236  15.3592   0.0601     9.72    0.416  21.35   0      26.29      1229.94     86.80128
      1316    995.9985     87.3862     24342.08      572.981  14.0341   0.0256     9.43    0.206   3.72   0      72.55     3391.716     92.28807
      1317    787.3365     81.1090     10545.57     585.4279  14.9423   0.0603     6.15    0.194  22.28   3      26.73     1034.573     85.83031
      1318    781.3201     87.8338     9613.059     588.4241  15.0428   0.0665     9.30    0.106 -86.91   3      26.38     1044.781     86.31512
      1319    756.0323     89.0791     4163.105     153.5164  15.9515   0.0400    -4.75    0.137  59.93   0      72.63     3762.115     93.19577
      1320     36.4246     85.6943     30747.31     627.1267  13.7805   0.0222    15.67    0.237  74.69   2      73.96     2813.234      90.1993
      1321    695.5427     82.5392     65459.89      758.663  12.9601   0.0126    15.40    0.468 -17.48   3      125.3     6652.963     100.1942
      1322    716.5488     82.2549     256877.8     652.7814  11.4757   0.0028     6.15    0.216   3.59   2      497.5     35414.56      152.157
      1323    409.7969     85.3731     21185.87     521.2485  14.1849   0.0267     8.32    0.074   2.91   0       67.7     3625.838     93.28625
      1324    244.1913     86.6685     3767.102      298.994  16.0600   0.0862     6.84    0.325  51.95   0      17.42     938.8073     86.03563
      1325    647.8297     82.9221      21237.3     452.4688  14.1823   0.0231     6.09    0.172   8.14   0      70.57     3552.759     92.68382
      1326    627.3729     84.7666      7972.36     408.8658  15.2460   0.0557     5.52    0.183  20.63   3      33.61      1879.58     88.93015
      1327    623.5118     80.0060     13216.28     547.3616  14.6972   0.0450     8.75    0.371  31.88   3      36.01     1517.849     87.55187
      1328    816.6971     83.4113     3860.487     389.2417  16.0334   0.1095     5.38    0.494 -35.99   0      14.67     642.8947     85.25036
      1329    939.8198     88.3449     8582.616     399.4582  15.1660   0.0505    10.63    0.139 -44.19   0      30.75     1415.294      87.5107
      1330    101.8557     78.3651     16365.64     671.4094  14.4652   0.0446     9.09    0.367  19.81   1      32.84      1464.03     87.41205
      1331    315.3284     77.0005     10852.63     379.2754  14.9112   0.0380    11.22    0.175  -4.82   0      38.27     1836.909     88.37623
      1332    870.5803     73.7760     38746.08     615.7838  13.5294   0.0173     6.33    0.157   5.15   2      106.9     5572.742     97.91467
      1333    979.0119     74.8400     7379.025     506.5147  15.3300   0.0745     8.36    0.317  17.05   0      23.02     1074.512     87.07491
      1334    540.6760     72.2389     12912.29     487.2343  14.7225   0.0410    11.82    0.117  74.77   0      45.47     2301.356     89.56266
      1335     87.0753     73.4592     15363.88     748.1278  14.5337   0.0529    11.51    0.415  26.85   0      28.47     1021.192     86.02423
      1336    824.5780     71.5165     8768.536     531.7938  15.1427   0.0659     6.15    0.160  29.07   0      21.78     1022.214     86.02692
      1337    253.6978     69.5353     25397.24      561.243  13.9880   0.0240    14.11    0.242  23.79   2      67.26     3068.623     91.05717
      1338    581.6229     69.2569     11289.94     464.7258  14.8683   0.0447     8.83    0.249   0.30   0      37.44     1767.706     88.19808
      1339     53.9293     66.7511     55956.25     923.5931  13.1304   0.0179    11.16    0.175  27.17   3      101.3     4783.625     95.65445
      1340    945.8392     66.0382     5851.744     216.7834  15.5818   0.0402     0.00    0.369 -17.44   2       72.6     4197.019     94.25038
      1341    414.9221     66.7889     9872.545     475.5663  15.0139   0.0523    10.85    0.312  -3.08   0      33.42     1518.577     87.55376
      1342    993.8506     65.3430     4313.773     205.8035  15.9129   0.0518     3.00    0.399  82.84   0      47.84     2883.523     91.24418
      1343     36.4481     60.8762     103257.8     551.4338  12.4652   0.0058     6.15    0.165  14.01   0      265.8     15285.16     117.8295
      1344    766.3063     61.1851     8461.828      343.704  15.1813   0.0441    10.39    0.212 -29.08   0      32.99     1449.351     86.92167
      1345    643.5452     62.7244     3871.448     354.8214  16.0303   0.0995     6.72    0.447  41.64   0       17.3     973.8397     85.89903
      1346    610.7656     63.2100     2985.782       309.74  16.3124   0.1127     5.39    0.635  58.76   0      14.32     627.8176      85.6714
      1347    580.4938     62.7974      3206.76     178.8844  16.2348   0.0606     2.98    0.412 -27.62   1      41.02     2346.629     89.67747
      1348    378.0685     58.5786     26665.73     596.6277  13.9351   0.0243    11.68    0.459  35.17   0      68.78     3102.393     91.78773
      1349    630.5530     59.6608     6723.495      474.059  15.4310   0.0766     7.70    0.144  65.47   2      20.83     874.4317      85.8654
      1350    679.7742     57.0184     84694.82     689.8825  12.6804   0.0088     8.63    0.347  12.08   0      214.3      12111.2     112.0683
      1351    564.0569     59.0932     12595.25      402.959  14.7495   0.0347     5.99    0.236  18.19   0       46.7     2359.161     89.04784
      1352    434.8548     59.6975     14865.72     185.3199  14.5695   0.0135     0.00    0.337  63.40   0      150.8     12758.81     112.5017
      1353    540.8929     53.7047     11998.26     508.5831  14.8022   0.0460     6.63    0.300  10.12   0      37.63     1726.002     87.86658
      1354    333.4787     48.8452     17235.34     642.4656  14.4090   0.0405    14.52    0.300 -51.27   2      45.71     1734.095     87.88751
      1355    199.8627     54.8388     17093.39     190.6339  14.4179   0.0121     0.00    0.335  48.15   0      172.4     15577.15     118.5577
      1356    996.0038     51.7408      6184.56     410.2793  15.5217   0.0720     6.69    0.102  10.95   2      23.41     1168.907     86.86846
      1357    776.8981     50.5767     9279.669     515.0756  15.0812   0.0603    10.46    0.234   9.50   0      26.86     1073.194     85.47267
      1358    275.8720     48.4921     16771.26     555.9697  14.4386   0.0360    13.01    0.455   9.08   3      55.52     1501.784     87.05865
      1359    265.5169     50.0311     23330.62     536.1467  14.0802   0.0250     6.55    0.207  25.39   3      79.18     2773.786     90.53619
      1360    108.9021     52.6008     5483.917      411.091  15.6523   0.0814     7.54    0.378  20.56   0      19.84     902.0451     85.93846
      1361    810.8418     47.9039     69921.82     569.5566  12.8885   0.0088     6.50    0.201 -28.30   0      190.9      9855.46     106.2898
      1362    715.5003     49.6867     11276.63     569.5076  14.8696   0.0548    10.54    0.256  -2.80   0       35.8     1731.022     87.42997
      1363    215.1191     48.2104     7892.578     376.1903  15.2570   0.0518     6.87    0.044  44.77   0      27.43     1195.861     86.71201
      1364    744.2674     44.7143     45214.52      655.302  13.3618   0.0157     7.58    0.144  13.34   3      115.9     5780.691     97.59184
      1365    754.7136     42.9406        65292     616.7808  12.9628   0.0103     8.29    0.195  28.24   3        166     8362.552     103.4299
      1366    556.2973     42.9458     15719.18     565.2094  14.5089   0.0390     6.76    0.156  17.93   3      49.49     2283.715     88.85507
      1367    559.7473     37.0586     17019.08     655.2958  14.4227   0.0418    12.70    0.228  56.25   3      46.27     2062.631     89.39674
      1368    830.4157     41.4431     2912.537     222.7104  16.3393   0.0830     6.90    0.742  79.49   0         15     1076.058     86.85237
      1369    156.6994     40.1157     19126.29     404.1957  14.2959   0.0230     6.00    0.122  20.73   0      67.19     3334.206     91.50256
      1370    770.4522     40.8480     7195.092     272.4091  15.3574   0.0411     7.19    0.410  16.66   0      43.92     3435.268     92.60828
      1371    202.9200     41.8471     2016.765     150.3053  16.7384   0.0809     0.00    0.200  62.72   0      45.99     1899.905     88.09185
      1372      9.2375     39.4639     5469.863     320.9039  15.6551   0.0637     8.20    0.639 -47.37  16      24.35     1695.097     88.01078
      1373    688.6467     38.7733     7408.783     514.2494  15.3256   0.0754     7.80    0.433 -53.23   0      18.55     849.0845     86.25639
      1374    233.7241     38.1910     5022.643     362.4191  15.7477   0.0784     8.17    0.191  -2.54   0      20.44     937.3686     86.03183
      1375    431.7039   1016.5059     115123.3       689.91  12.3471   0.0065    20.25    0.304 -34.03  16      238.4     8932.758     104.8634
      1376    969.2244     34.9455      18522.3     204.7362  14.3308   0.0120     5.81    0.300  -6.93   3        162      14869.1     117.1925
      1377    346.7283   1021.1013     4054.924     232.5083  15.9800   0.0623     2.02    0.215 -65.05  16      34.97     2726.958     89.54262
      1378    947.1384     35.3360     39087.04     597.2307  13.5199   0.0166    10.71    0.161   4.48   3      103.3     4945.646     96.03864
      1379    592.2880     34.9507     32107.96     461.1127  13.7335   0.0156     6.79    0.196  -5.16   2      104.4     5421.448     96.75162
      1380    591.0050     30.0104     46937.74     205.0002  13.3212   0.0047     0.00    0.004  45.52   3      308.5     46119.21     167.1487
      1381    744.3080     34.4705     4693.406     438.4996  15.8213   0.1015     8.15    0.515  35.44   1      18.01     804.0186     85.44854
      1382    628.3552     33.0402     26134.37     428.1454  13.9570   0.0178    12.82    0.139   6.48   0      88.98     4149.483     93.92613
      1383    326.2767     32.5740     15479.05     542.8829  14.5256   0.0381     6.94    0.196  11.01   2      46.93     1872.995     88.46898
      1384    172.9868     33.4083     8604.777     535.4167  15.1632   0.0676    10.51    0.383  47.59   0      27.44     1176.728     86.66184
      1385    428.8102     32.8450     13777.82     654.9233  14.6520   0.0516     7.06    0.311  12.44   2      31.21     1423.563       87.757
      1386     36.4806     31.3986     10423.01     479.9525  14.9550   0.0500    11.63    0.277   7.19   0       35.6     1592.764     87.74612
      1387    455.0665     32.3687     4641.112     398.4476  15.8334   0.0932     4.98    0.224   1.05   0      17.78     946.3738     86.05561
      1388     77.5250     31.1742      9157.35     384.7147  15.0956   0.0456    10.35    0.237  19.21   0      33.23     1537.073     87.60176
      1389    295.3496   1019.2444     15332.51     388.3456  14.5360   0.0275     8.98    0.277   4.74  16      56.55     2837.062     91.12838
      1390    532.3854     28.1116     23338.81     767.4217  14.0798   0.0357    11.96    0.516   9.51   0      47.26     1968.371     88.49126
      1391    134.7046     29.7944     6291.028      350.795  15.5032   0.0606     7.36    0.220  17.03   0      24.14     1172.865     86.65171
      1392    256.9845   1017.2394     81319.41     495.8137  12.7245   0.0066    10.80    0.242   7.25  16      232.6     14606.98     117.1886
      1393    779.3676   1018.4079     7747.934     485.8344  15.2770   0.0681     8.05    0.103  18.47  16      21.74     990.0264     86.62695
      1394    709.9935     20.0692     8662.854     502.2097  15.1558   0.0630     4.99    0.206   5.96   3       27.1     1409.597     87.27041
      1395    710.1085     26.8233     10323.02     636.1556  14.9655   0.0669    12.48    0.151  -3.98   2      30.52     1268.174     86.21841
      1396    556.8088   1016.2100     56189.11     582.1016  13.1259   0.0113    11.60    0.298   1.64  16      157.1      8667.77     104.4763
      1397    466.0408     25.0432      6003.42     156.2171  15.5540   0.0283     0.00    0.118  44.46   0      93.72     5579.162     97.12138
      1398    119.8306     25.1750     6250.512     425.6372  15.5102   0.0740     4.35    0.216  25.08   3       23.3     1401.661     87.70026
      1399    956.4663   1016.9999     5200.594     352.8908  15.7099   0.0737     6.97    0.240  19.75  16      22.19     1121.621     86.97151
      1400    499.2272   1016.6381     5014.687     382.2596  15.7494   0.0828     3.53    0.370 -17.58  18      15.97     926.0611     86.45897
      1401    301.1877     24.9942     6837.447     172.3631  15.4128   0.0274    -2.30    0.279   0.45   0      99.69     6150.085     98.84782
      1402    272.1071     23.7509     7840.708     499.8704  15.2641   0.0692     9.98    0.424  11.84   0      26.07     1182.305     85.99176
      1403    227.9326   1016.7377     4956.444     233.3879  15.7621   0.0511     4.96    0.127  77.80   0      52.07     2983.884      91.2782
      1404    164.7584     24.6171     6551.057     480.1717  15.4592   0.0796     7.40    0.310  26.73   2      19.96     930.3781     86.47031
      1405    825.8707   1015.1421     13799.19     638.1686  14.6504   0.0502     8.37    0.346  -5.97  18      29.04     1127.213     86.30388
      1406    842.1821   1012.5972     19442.89     644.7758  14.2781   0.0360     7.50    0.233   8.87  16      55.07     2713.843     90.60333
      1407    732.9385   1014.9601     5342.519     152.0466  15.6806   0.0309     0.00    0.129  29.81   0      82.23     4668.538     95.38062
      1408    933.0002     20.0003     57983.71     216.9008  13.0917   0.0041     4.23    0.022  37.91   0      347.8     57265.35     181.6731
      1409    471.2780     18.0585      4068.97     377.8052  15.9763   0.1008     5.04    0.096 -29.45   0      16.77     855.0046     85.35349
      1410    114.7764   1011.5910      18312.5     705.6777  14.3431   0.0418    11.31    0.312  33.87  18      37.74     2021.835     89.07201
      1411    111.2446   1011.0120     4086.193      185.391  15.9717   0.0493     4.54    0.067 -83.12   3      53.57     3077.388     91.94036
      1412    222.5928   1008.7249     19056.35     548.8843  14.2999   0.0313     5.28    0.235  12.34  19      48.67     1835.183     88.14853
      1413    229.5775   1005.8640     30784.43     614.4438  13.7792   0.0217     0.00    0.233   4.42   3      103.8     5152.695     96.73129
      1414     47.8499   1011.7986     10265.32     569.9688  14.9716   0.0603    12.33    0.602  -9.34  16      28.28     1130.017     86.53926
      1415    789.3448   1010.2111     15127.72      539.093  14.5506   0.0387     2.53    0.214  16.88   1      43.48     3064.969     91.69501
      1416    514.0620   1010.2697     4831.017     318.9102  15.7899   0.0717     0.00    0.256   5.59   0      21.27      1285.22      86.9459
      1417    799.6755   1008.5767     11493.22     567.8617  14.8489   0.0537     8.22    0.268  13.38  19      29.33     925.3817     86.00015
      1418    546.7343   1007.9524     14678.24     553.3358  14.5833   0.0409     0.00    0.335  23.97   1      39.92     1959.908     88.69197
      1419    285.4657   1008.5038     7159.708     443.1237  15.3628   0.0672     7.75    0.364   5.33   2      29.62     905.0923     85.48676
      1420    476.8133   1005.0864     44745.52     730.5077  13.3731   0.0177     8.63    0.247  12.80   2      100.7      4438.79     94.62358
      1421    424.8845   1005.1121     12462.87     578.5588  14.7610   0.0504    10.96    0.244   6.09   1      35.65      1658.21     87.69106
      1422    398.9952   1007.9962     51306.08     209.7872  13.2246   0.0044     0.00    0.012  26.75   0      325.9     50650.39     173.2002
      1423    308.6011   1004.7872     5104.189     270.6591  15.7302   0.0576     8.29    0.310  32.34   0      21.75     931.4622     86.01622
      1424    863.2183   1002.6819     9907.444     558.4745  15.0101   0.0612     9.85    0.229  32.97   0      27.64     1233.106     86.80957
      1425    775.3057   1002.2437     15465.13     671.8381  14.5266   0.0472     7.30    0.324  32.51   2      37.43     1675.875      87.2865
      1426    440.8366   1003.5604     8583.936     462.3363  15.1658   0.0585     7.38    0.289   4.39   0      29.02     1336.021     87.07859
      1427    791.9467   1000.1936     30618.22     608.7438  13.7851   0.0216    13.15    0.287   8.07  11      89.65     4643.419     95.52724
