#   1 NUMBER                 Running object number                                     
#   2 X_IMAGE                Object position along x                                    [pixel]
#   3 Y_IMAGE                Object position along y                                    [pixel]
#   4 FLUX_AUTO              Flux within a Kron-like elliptical aperture                [count]
#   5 FLUXERR_AUTO           RMS error for AUTO flux                                    [count]
#   6 MAG_AUTO               Kron-like elliptical aperture magnitude                    [mag]
#   7 MAGERR_AUTO            RMS error for AUTO magnitude                               [mag]
#   8 FWHM_IMAGE             FWHM assuming a gaussian core                              [pixel]
#   9 ELLIPTICITY            1 - B_IMAGE/A_IMAGE                                       
#  10 THETA_IMAGE            Position angle (CCW/x)                                     [deg]
#  11 FLAGS                  Extraction flags                                          
#  12 SNR_WIN                Gaussian-weighted SNR                                     
#  13 FLUX_APER              Flux vector within fixed circular aperture(s)              [count]
#  14 FLUXERR_APER           RMS error vector for aperture flux(es)                     [count]
         1    928.6559     25.8070     47913.05     408.3683  13.2989   0.0093    22.19    0.407  59.60  18      188.7      6858.66     71.30119
         2    781.2544     20.9716     220433.2     460.4815  11.6418   0.0023     5.29    0.141   4.69   2      523.6     37656.12     138.1002
         3    296.6987     23.6883      41919.8     284.9409  13.4440   0.0074    14.50    0.430  11.98   0      190.6     7367.295     72.60076
         4   1007.5131     19.0459     1758.279     137.9349  16.8873   0.0852     4.59    0.527 -19.76   0      17.29     600.8568     46.97087
         5    444.0838     15.9166     736.4187     86.68906  17.8322   0.1278     4.77    0.430  82.57   0      14.54     736.7674     47.73979
         6    661.3447     14.0363     929.4752     96.22749  17.5794   0.1124     5.06    0.624 -58.68   0      12.86     580.9786     47.10967
         7    617.0946     13.1195     4739.702     99.43337  15.8106   0.0228     5.16    0.279  71.06   0      80.66     3701.637     60.22255
         8    809.9953     12.0035     25994.45     132.7219  13.9628   0.0055     0.00    0.017 -43.94   0      235.3      25767.8     116.9097
         9    510.8776     21.0815     123403.6     345.8471  12.2717   0.0030     5.96    0.187   3.05   0      400.3     25031.04      115.325
        10    719.5155      8.4641     4908.411     324.4074  15.7726   0.0718    10.36    0.605  -5.19  18      25.07     744.3002     47.65989
        11    876.1302     11.8854     13680.25     118.1139  14.6598   0.0094     0.00    0.288 -39.59   0      164.4     13119.49     88.86254
        12    161.0081      9.9962      1914.55     94.22844  16.7948   0.0534     4.18    0.005  26.99   2      57.74     1950.858     53.31035
        13    120.1454      8.4523     21317.18     338.1652  14.1782   0.0172    10.36    0.322   4.65  18      94.21     2726.001     56.71353
        14    743.9672      6.4240     33827.77     253.4901  13.6768   0.0081    11.78    0.287   8.69  16      177.2     7758.808     74.18938
        15    554.8242      9.2080     4033.102     240.0381  15.9859   0.0646    10.07    0.483 -62.50  18      26.32     905.1937     48.76205
        16    288.9960      9.0078     40652.81     155.8139  13.4773   0.0042   -54.35    0.008  14.93   0      293.8     40279.09     142.3514
        17    939.1385      7.4384     3496.143     170.0863  16.1410   0.0528     9.59    0.292 -16.05  16      25.41     665.1556     47.51403
        18    867.6496      7.5029     4378.036     262.8646  15.8968   0.0652     5.84    0.108  39.73  18       25.6     626.9353     46.97947
        19    328.9403      8.9616     30539.36     142.2438  13.7879   0.0051     0.00    0.169  28.38   0      253.2     30186.88      125.206
        20    256.7040      7.3934     4142.215     208.1043  15.9569   0.0546     9.28    0.352  18.44  18      25.86     706.1176     47.70956
        21    845.1011      6.0059     1314.751     95.70105  17.2029   0.0791     5.23    0.639 -51.82  16      19.91     788.1458     48.09873
        22    388.2560      6.9425      954.176     90.36759  17.5509   0.1029     4.19    0.423  56.38  16      23.58     629.9947     47.57829
        23     56.5343      7.7598     1614.499     136.6913  16.9799   0.0919     4.97    0.473  23.57  16      21.04     914.7545     48.69329
        24    573.0767      6.9271     1725.165     82.82372  16.9079   0.0521     4.52    0.161 -45.77   0      50.44     1556.554     51.38746
        25    691.7858      3.4467     1797.331     90.95818  16.8634   0.0550     2.63    0.388 -64.53  16      35.21     1225.415     50.34222
        26    447.3781      3.3697     2638.737     147.0903  16.4465   0.0605     8.91    0.201 -17.54  24      22.83     685.7052     47.84367
        27    438.0704      4.9933     3731.973     86.57823  16.0702   0.0252     4.30    0.055   7.32  16      76.29     3608.807     59.96338
        28    294.0931      4.9429     1830.005     83.11091  16.8439   0.0493     4.48    0.168 -31.47  16       46.5     1512.697     51.19312
        29     87.1742      2.1338     13957.34     166.9881  14.6380   0.0130     6.33    0.572   1.05  24      103.4     4226.465     62.17165
        30    274.9987      2.9885     59491.34     181.2207  13.0639   0.0033     4.24    0.016 -81.55  24        357     58673.46     169.1892
        31    213.6524      1.6378     2562.799     80.07509  16.4782   0.0339     2.55    0.509 -34.57  24      57.68     2204.943     53.25386
        32     18.4304   1003.8665      968.933     87.29652  17.5343   0.0978     2.31    0.529  62.57   0      19.19     889.0061     48.57297
        33    840.0014   1022.9886       1097.8     77.60332  17.3987   0.0768     3.22    0.393  44.10  24      30.57     727.2645     47.81019
        34    620.2353   1023.5679         2306     148.4474  16.5929   0.0699     4.51    0.336   1.55  26      19.07     672.9763      44.8003
        35    519.5821   1021.2238     20869.17     211.7426  14.2012   0.0110     7.47    0.340   2.49  24      128.1     5152.197     65.72093
        36    397.5244   1018.5557     12780.15     302.8136  14.7337   0.0257    14.00    0.479 -44.77  24      59.37     1772.349     52.54382
        37    258.1318   1023.0842     2050.394     135.3895  16.7204   0.0717     3.17    0.414  -0.02  24      20.73     826.8767     48.05205
        38    220.2039   1022.1039     11976.06     176.4282  14.8042   0.0160     9.86    0.421  -1.66  24       89.7     3462.127     59.40483
        39    624.0075   1002.3665     920.4139     90.28264  17.5900   0.1065     2.39    0.328  -8.46   0      14.75     743.9582     48.11959
        40    609.1599   1000.6491     4444.559     193.3112  15.8804   0.0472     5.89    0.333  -9.33  10      32.28     1049.533     49.43022
        41    242.1977    998.2025     10659.79     341.6017  14.9306   0.0348    11.62    0.293  26.05   2      48.94     1523.255     51.45511
        42    680.6704    998.3289     4752.458     217.1978  15.8077   0.0496     5.10    0.273  -5.69   0      34.32     1087.937     49.38329
        43    670.7550    999.7537      1501.75     122.6504  17.0585   0.0887     3.83    0.566 -18.50   1       23.2     1010.818      49.2519
        44    315.1740    998.7942     3847.204     257.6258  16.0371   0.0727     6.74    0.485 -78.46   3      20.34     745.8704     48.01373
        45    740.5150    998.2791     1218.875     95.47309  17.2851   0.0851     3.14    0.423  26.02   0      29.73     991.8879     48.82627
        46    591.9523    998.2512     2645.266     124.7514  16.4438   0.0512     3.96    0.605  34.57   0      33.77     1231.461     50.25974
        47    263.6780    996.4623     2426.399     227.8531  16.5376   0.1020     7.37    0.542 -89.16   0      16.75     465.2523     46.42921
        48    193.6698    993.7520     26504.15     424.5363  13.9417   0.0174    16.96    0.388  50.35   3      96.41     3027.236     57.71703
        49    901.9849   1001.5889     11411.63      209.404  14.8566   0.0199     6.12    0.194  -5.46   0      77.45     2589.029     55.96491
        50    754.7459   1005.2135     6656.251     280.0326  15.4419   0.0457    10.63    0.387   6.36   1      40.58     1238.594     50.29198
        51    887.9907    992.1815     1172.806     130.7781  17.3269   0.1211     5.72    0.573  49.19   0      13.34     496.4249     46.69997
        52    540.2010    991.7277     4482.621     238.1554  15.8712   0.0577     8.36    0.414  -8.84   0      31.42     964.1873     48.92348
        53    797.0048    990.9995     47516.03     165.5223  13.3079   0.0038     0.00    0.004   3.08   0      319.9     47300.89     153.1523
        54   1006.0552    987.8913     1459.821     126.9989  17.0893   0.0945     5.22    0.558 -86.77   0      18.32     669.3968     47.30135
        55    495.0028    989.9353     4751.838     89.21528  15.8078   0.0204     4.27    0.053 -87.60   0      91.89     4770.628     64.30205
        56   1001.0036    987.9974     10642.05     103.1345  14.9324   0.0105     0.00    0.005  55.84   3      146.6     10470.79     81.94321
        57   1000.0966    984.1715     1885.759      185.874  16.8113   0.1070     6.77    0.474  72.17   3       19.8     771.9896     47.56004
        58    308.4407    987.4421     4202.589     312.1905  15.9412   0.0807     9.87    0.498  64.94   3      50.03     529.5917      46.8611
        59    301.9983    983.0298      9954.48     282.6968  15.0050   0.0308     2.15    0.324   8.81   3      58.38     1190.346     50.18365
        60    165.4052    986.2231     3209.304     144.1882  16.2340   0.0488     7.37    0.360  68.54   0      37.68     1688.919     52.28744
        61     11.3393    988.4679     2521.969     243.7558  16.4957   0.1050     6.36    0.471  -6.88  16      14.17     374.5827     46.10319
        62    720.3623    982.3004     27242.89     263.7215  13.9119   0.0105    13.77    0.304 -16.94   0      143.8     5565.985     66.55824
        63     48.8926    986.1651     1059.195     93.62887  17.4376   0.0960     3.01    0.479  77.47   0      21.34     919.9705     48.26201
        64    933.9158    985.9890     2743.706      116.938  16.4042   0.0463     3.08    0.551   0.19   0      40.12     1724.016     52.33434
        65    730.1909    985.8057     7674.544     112.2579  15.2874   0.0159     0.00    0.253 -45.86   0      116.9     6883.435     71.30269
        66    812.8815    984.1541     1353.232     104.0825  17.1716   0.0835     5.88    0.525  44.77   0      16.98     648.6642     47.20163
        67    568.4247    982.4606     9251.869      288.902  15.0844   0.0339    11.24    0.157  36.79   0      55.45     1452.617     51.25004
        68    842.4722    981.5464     10361.48     249.3027  14.9614   0.0261     5.43    0.233   0.48   2      65.15     2080.351     53.75692
        69    508.0401    981.8553     3122.815     223.6611  16.2636   0.0778     8.38    0.436  13.45   0      21.87     679.1355     47.69679
        70    218.5162    982.4205     4324.837     193.8839  15.9101   0.0487     2.00    0.374  50.24   0      29.95     1531.097     51.27475
        71    175.4489    976.0666     116809.4      336.599  12.3313   0.0031    10.81    0.198  13.13   0      390.7      27665.3      120.542
        72    669.8807    978.9022     1862.664     143.0185  16.8247   0.0834     6.82    0.638  70.25   2       19.4       812.34     47.98325
        73    378.6693    979.0892     12822.79     247.1058  14.7300   0.0209    12.61    0.364  -4.30   2       73.6     2456.357     55.22384
        74    241.9919    981.8988     2484.396     83.23888  16.5119   0.0364     4.40    0.085 -87.62   0      53.56     2196.856     54.34897
        75    551.3419    979.6901     1722.776     166.0451  16.9094   0.1047     5.80    0.568 -20.45   0      16.88     547.2949     46.71099
        76    540.6455    978.6307     18153.66     158.4224  14.3526   0.0095     7.52    0.531  39.29   0      182.6     16285.78      96.8502
        77    520.6909    979.3225     1909.491     160.3829  16.7977   0.0912     3.48    0.517  31.20   0      24.84     1044.601     49.07102
        78     23.0198    974.5086     7804.137     128.5575  15.2692   0.0179     6.73    0.501  80.14   0      112.8     7059.183     71.62974
        79    930.5630    978.3398     2535.338     183.6838  16.4899   0.0787     5.78    0.396   0.39   0      20.52     547.6297     46.94851
        80    624.9902    977.0048     12299.83     106.7252  14.7753   0.0094     4.23    0.024 -28.42   0      158.7     12096.61      86.3348
        81    315.6705    976.5204     8643.672       132.14  15.1583   0.0166     6.63    0.484  52.73   0      114.1     7092.595     71.81263
        82    861.5767    975.1293     1246.332     92.60271  17.2609   0.0807     5.03    0.439 -61.32   0      21.81     859.5635     48.54891
        83    571.5283    974.9182     2857.457     221.5292  16.3601   0.0842     6.08    0.547  13.77   0      16.36     489.9049     46.43092
        84    341.7385    972.7204     4296.831     253.1599  15.9171   0.0640     5.29    0.325  12.70   2      28.02     863.3188      48.2241
        85    971.0010    972.3522     22954.59     132.7184  14.0978   0.0063     0.94    0.172  89.87   1      188.1     22757.76     110.9039
        86    380.4507    970.4351      18671.2     150.2374  14.3221   0.0087     3.19    0.422  -7.38   0        151     14126.61     91.52281
        87      3.2638    970.2191     6795.236      178.353  15.4195   0.0285     9.28    0.051 -28.43  24      55.03     1965.096     53.37101
        88    966.9371    970.3232     1592.694     158.1972  16.9947   0.1079     5.80    0.555 -53.59   0      15.83     567.2285     47.04329
        89    270.6143    970.6342     1206.625     111.4608  17.2961   0.1003     4.16    0.502 -24.63   0       20.4     829.2306     48.63437
        90    872.8187    969.7101     3048.167     214.7651  16.2899   0.0765     5.99    0.303  -2.50   0      20.11     639.2042     47.03878
        91    618.5189    965.5115     28195.86     304.8012  13.8745   0.0117    14.81    0.477   6.18   0        138     5053.769     65.12572
        92    750.0499    964.3268     13101.01     319.9002  14.7067   0.0265    11.55    0.130 -18.57   0      71.58     2336.694     54.82998
        93     28.8599    987.1575     1409.775     139.3555  17.1271   0.1074     3.60    0.282 -12.77   0      16.42     726.0803     47.80456
        94     69.8055    967.9175     3087.867     162.0442  16.2759   0.0570     7.52    0.254  -5.40   0      26.14     785.9559      48.2031
        95    760.3686    967.4927     3896.135     228.7115  16.0234   0.0638     2.93    0.654  19.73   1      19.19     590.9188     46.68675
        96    133.1454    967.9219     3334.168     91.75851  16.1925   0.0299     0.00    0.246 -30.15   0       76.1     3088.426      57.8621
        97    485.7933    964.0015     17084.24     256.9749  14.4185   0.0163     9.66    0.302  15.07   0      96.67     3279.398     58.70158
        98    843.2605    963.8989     6775.442     233.3371  15.4227   0.0374     5.19    0.304   5.57   0      47.56     1571.579     51.34641
        99    639.0504    964.8310     4067.998      196.415  15.9765   0.0524     4.56    0.201  -4.31   0      32.46     1088.658     49.49833
       100     19.2347    965.0516     3532.161      264.753  16.1299   0.0814     8.52    0.503   0.58   0      20.83     498.6786     46.71094
       101    454.6989    963.9224     2950.637     164.3911  16.3252   0.0605     6.48    0.289  -5.78   0      24.54     772.5101     47.67852
       102    263.0717    960.1768     37723.77     164.5876  13.5585   0.0047     5.75    0.406  57.61   0      273.4     34823.12     133.3978
       103    186.1836    963.9947     4963.901     260.7361  15.7604   0.0570     5.83    0.316   7.39   2      30.03     936.8655     48.79639
       104    572.0801    963.8430     4589.695     94.81729  15.8455   0.0224     0.00    0.236 -61.90   0       88.9     4198.568     62.06958
       105   1009.5271    963.1317     1445.727     83.71926  17.0998   0.0629     0.93    0.153  -5.58   0      36.71     1508.935     51.28423
       106    939.2640    960.4745     5773.933     326.2853  15.5963   0.0614     8.34    0.256 -46.98   0      20.91     436.8076     46.40893
       107    420.5328    963.2328     1246.126     143.9666  17.2611   0.1255     3.42    0.279   1.17   0      12.79     453.9894     46.49299
       108     63.0388    962.9631      2240.12     85.84872  16.6243   0.0416     4.49    0.170 -44.21   0      57.54     2006.413     53.54667
       109    975.1880    959.1743     1007.106     94.96764  17.4923   0.1024     3.13    0.617  45.22   0      16.46     644.2471     47.53026
       110    696.4633    967.2619     15474.92     334.2157  14.5259   0.0235    10.71    0.272  23.85   2      83.92     940.7835     48.70135
       111    501.2403    957.5234     2843.287     244.6204  16.3654   0.0934     5.91    0.655 -17.97   2      15.86     384.3087     46.15112
       112    574.0779    957.8400     4799.461     95.31876  15.7970   0.0216     4.75    0.239 -64.33   0      91.47     4335.086     62.65567
       113    289.0416    956.9747      2351.13     116.1726  16.5718   0.0537     4.62    0.553 -44.88   0      29.59      1250.03     50.45323
       114     95.8629    969.2269     3290.122      147.158  16.2070   0.0486     8.25    0.376  13.25   0       28.3     884.9335     48.55391
       115    282.7308    956.0919     31005.75     148.6683  13.7714   0.0052     0.00    0.283 -20.11   3      238.7     27003.07     119.2406
       116    276.3091    955.3042     5771.458     286.6331  15.5968   0.0539     8.76    0.049  47.11   2      26.09      643.192     47.29221
       117    202.7088    956.6486     5060.963     101.5342  15.7394   0.0218     1.29    0.240  53.65   0      79.12     4613.103     63.48237
       118    708.4442    955.6447     1984.918     158.7597  16.7556   0.0869     6.04    0.373  11.67   0      17.02     559.2948     47.00494
       119    769.0024    954.5868     2522.848     91.25243  16.4953   0.0393     0.84    0.168  86.06   0       55.2     2621.656     56.09725
       120    409.9655    951.1481     18829.07     127.6372  14.3129   0.0074     5.08    0.312 -76.63   0      197.4     18352.21     101.4749
       121    655.0690    953.0270     15968.49      115.473  14.4918   0.0079     0.00    0.163  21.47   0      183.1     15815.32     95.62438
       122    141.5416    953.3444     46173.91     202.8499  13.3390   0.0048     8.22    0.639 -48.66   0      288.5     41161.75     143.8305
       123    922.0013    952.9451     26290.46     133.2278  13.9505   0.0055     0.00    0.115  89.64   0      236.3     26089.66     117.5337
       124    518.9604    953.1863     2107.532     155.4211  16.6906   0.0801     6.47    0.496   4.05   0      18.17     617.3928     47.63415
       125    155.1755    953.1740      1415.14     108.1194  17.1230   0.0830     6.00    0.485  -1.58   0      14.28     486.0294     46.88556
       126    861.4204    951.7135     1556.552     97.69731  17.0196   0.0682     3.00    0.440  26.66   0      32.31      1198.87     49.78039
       127    833.7172    960.8917     2346.089     192.9867  16.5741   0.0893     6.88    0.564  -7.09   0      17.24     515.9904     46.67691
       128    604.8886    947.8582     3149.836     243.7748  16.2543   0.0840     5.93    0.302  28.05   2      20.24     591.7234     46.92666
       129    602.0430    943.0914     3298.437     87.03385  16.2042   0.0287     0.00    0.134  59.02   3      72.69     3056.537     57.64097
       130    561.9368    946.7167     1840.675     176.6768  16.8376   0.1042     4.75    0.332  27.54   0      16.06      537.317     46.66242
       131    353.4726    942.9515     38136.89     281.9074  13.5466   0.0080     9.05    0.413   4.63   0      180.8     7812.498     74.20496
       132    435.4753    944.3483     6662.868     216.6532  15.4408   0.0353     5.66    0.365   4.33   0      46.79     1533.195     51.39163
       133    235.6155    945.4072     1199.813     106.3755  17.3022   0.0963     3.37    0.542 -45.99   0      25.47     886.4914      48.5612
       134    613.0021    943.0229      33125.4     144.4176  13.6996   0.0047     4.28    0.042 -89.43   0      264.5     32532.51     129.3938
       135    309.0029    952.5053     2869.062     233.0827  16.3556   0.0882     4.98    0.231  -5.53   2      16.78     455.7403     46.50155
       136    500.3461    943.5845     1174.868     95.36827  17.3250   0.0882     3.08    0.513  64.27   0      22.01     838.9481     48.45231
       137    128.1413    944.1177     7325.634     107.7717  15.3379   0.0160     5.22    0.190  16.91   0      104.2     6050.616     68.43556
       138     99.4193    941.3734     4660.999     182.5517  15.8288   0.0425     7.22    0.400   7.64   2      33.86     883.6228     48.77478
       139     24.9521    943.9052      1915.97     120.0122  16.7940   0.0680     0.00    0.644   5.21   0      29.27      1313.45     50.19086
       140    193.0152    939.0041     9531.098     175.6247  15.0521   0.0200     4.40    0.110  11.73   2       77.4     3454.581     59.37595
       141    664.8206    941.0912     1102.312     86.05315  17.3942   0.0848     3.01    0.269 -30.32   0       27.5     721.0442     47.43256
       142    826.0029    945.7719     10219.48     103.5414  14.9764   0.0110     0.89    0.140 -89.04   0      129.2     10163.18     81.22166
       143    697.1268    938.4708     2057.559     174.5989  16.7166   0.0922     4.60    0.207 -13.11   0      17.88     555.1753     46.86732
       144    524.9981    938.0838     4002.489     87.28546  15.9942   0.0237     4.30    0.058 -89.46   0      79.89     3881.099     61.16755
       145    882.7122    934.4951     2067.329      154.471  16.7115   0.0811     5.05    0.500  60.59   2      18.69     698.8827     47.55909
       146   1012.3283    935.4390     6198.246     329.5271  15.5193   0.0577    10.40    0.245   7.51  16      30.42     785.8574     48.08791
       147    266.0008    935.0905     10664.85     103.1848  14.9301   0.0105     0.00    0.075 -89.18   0        142     10589.96     82.27306
       148    408.0680    935.0090     5335.114     90.68898  15.6821   0.0185     4.37    0.092   9.62   0      98.36     4915.675     64.72741
       149    370.8577    933.2488     6282.352     301.5822  15.5047   0.0521     9.83    0.350 -23.58   0      33.45     804.0947     48.28855
       150    900.0193    933.8231     2787.765      87.2865  16.3869   0.0340     0.86    0.140 -76.66   0      60.36     2615.015     56.26701
       151    798.2300    933.7154     4312.227     320.1308  15.9132   0.0806     7.27    0.128  31.39   3      22.46      736.128     47.73674
       152    798.0115    926.3146     8639.062     122.3658  15.1588   0.0154     0.00    0.229  85.88   3      117.2     7208.121      72.2538
       153    614.9320    932.7689     2575.085     221.8625  16.4730   0.0936     5.08    0.365  -5.98   0      17.34     493.8741     46.68756
       154    295.1252    931.0681     2101.455     97.55144  16.6937   0.0504     0.00    0.218  22.20   2      53.56     1735.938     52.28055
       155    866.3716    929.9678     3536.226     206.1058  16.1287   0.0633     8.90    0.375 -15.17   0      28.59     927.5731     48.97915
       156    217.8435    930.8205      1312.03     89.73739  17.2051   0.0743     3.90    0.316  44.69   0      39.79     1092.918     49.74046
       157    646.9232    927.1176     5440.559     223.5467  15.6609   0.0446     7.78    0.396   3.77   2      37.12     1116.357     49.29031
       158    121.0009    925.9997     36125.07     189.8107  13.6055   0.0057     0.00    0.256 -90.00   2      204.7     19668.47     104.3813
       159    989.5765    934.1570     5065.567     124.7333  15.7384   0.0267     0.00    0.443  26.36   0      81.25     4176.192     62.25433
       160    268.0204    927.8749     1180.525     79.59925  17.3198   0.0732    -3.32    0.142 -89.79   0      40.46     1115.121     49.73087
       161    141.9842    926.8533     4103.044     93.64355  15.9672   0.0248     0.00    0.094 -53.81   0      82.08     3848.021     60.95397
       162    212.9506    925.9988     6075.023     92.52467  15.5411   0.0165     0.00    0.036  -2.47   0      106.9         6183       69.034
       163    757.1364    923.8724     4803.567     212.7557  15.7961   0.0481     6.73    0.317  -0.67   0       35.6     1169.287     49.86716
       164    674.3335    922.3456     18919.81      240.327  14.3077   0.0138    12.16    0.334  14.41   0      114.6      4448.53     63.06583
       165    347.9913    923.9824     4840.438     287.3393  15.7878   0.0645     7.39    0.652 -28.49   0      19.08     342.9284     45.94688
       166    658.6990    923.1849     2889.556     208.0633  16.3479   0.0782     6.46    0.421  61.37   0      20.95     958.8536     48.67226
       167    540.8986    918.4731     11977.21     129.4871  14.8041   0.0117     0.00    0.455 -79.99   0      145.5     10706.98     82.32777
       168    411.0119    922.9999     29956.09     139.3407  13.8088   0.0051     4.20    0.010   0.63   0      252.2     29985.54       124.84
       169    810.3214    921.5214     2243.067     194.2919  16.6229   0.0941     6.56    0.369  14.89   0      17.37     532.1946     46.51888
       170    704.7573    914.1622     146964.2     432.0381  12.0820   0.0032    11.70    0.454 -10.61   0      407.1     14503.15     92.51286
       171    291.6647    921.0286     5721.412     166.5279  15.6062   0.0316     9.20    0.449  -7.22   0      47.52      1581.62     51.71226
       172    388.4465    919.6275     7162.046     222.2045  15.3624   0.0337     9.65    0.334  16.22   0      51.07     1682.529     52.36524
       173     15.3227    919.8427     1511.581     179.3593  17.0514   0.1289     5.59    0.655  76.39   0      12.53     388.2012     46.17028
       174    441.9015    917.9288     10645.14     314.2203  14.9321   0.0321     5.62    0.296   4.64   2      58.31     1486.538     50.75142
       175    166.9115    917.3015     14810.01     212.4114  14.5736   0.0156     7.59    0.335  -1.54   0      95.27     3599.656     59.65155
       176    872.3282    915.8376     21099.06     304.4926  14.1893   0.0157    11.18    0.306  -4.24   0      110.8     4073.579     61.69981
       177    477.3784    915.6083     22540.69     251.5337  14.1176   0.0121    11.90    0.364   0.53   3      126.6      4437.21     63.02502
       178    477.0093    910.6964     18951.18     274.1708  14.3059   0.0157     5.49    0.329   4.49   3      110.7     4111.647     61.83987
       179    975.4432    916.7296     4501.906     186.8417  15.8665   0.0451    10.39    0.374   9.43   0      30.59     901.6328     48.63201
       180    586.1310    917.0621      5429.14     96.80849  15.6632   0.0194     0.00    0.215  25.81   0      98.35     4963.253     64.89425
       181    324.0582    916.8606     3255.139     260.3054  16.2186   0.0868     6.61    0.558  42.29   0       16.5     556.4056     47.10836
       182     99.9532    917.0501     6254.541     92.96458  15.5095   0.0161     0.00    0.086 -46.72   0      107.8      6095.78     68.82656
       183    814.5596    915.6362     1645.263     179.5286  16.9594   0.1185     3.44    0.654  72.19   0      13.13     368.1336     46.07139
       184    514.6088    914.6786     4603.746     221.4508  15.8422   0.0522     5.90    0.290   5.19   0         33     970.3876     48.95227
       185     86.9124    913.8442     2542.012     137.2222  16.4871   0.0586     7.88    0.399 -11.61   0      22.85     717.3124     47.53102
       186    555.2750    913.4035     2480.136     201.5409  16.5138   0.0883     6.26    0.272   6.07   0      19.61     597.6826     47.19019
       187    496.0971    911.1700     6494.771     103.3671  15.4686   0.0173     5.20    0.336  58.87   0      108.5     6021.396     68.17662
       188    942.5328    909.1777     28604.14     255.3367  13.8589   0.0097     5.54    0.153  20.52   0        151     5481.813      66.7684
       189    633.9794    911.0307     22986.71     127.4674  14.0963   0.0060     0.00    0.089 -54.90   0      221.4     22964.78     111.4265
       190    583.5934    908.2854     62469.48     215.9213  13.0108   0.0038     0.00    0.433 -27.68   0      349.1     56553.73     166.3506
       191    405.9149    910.3036     3330.263     100.3735  16.1938   0.0327     5.36    0.400 -73.34   0      70.78     2836.266     56.76582
       192    183.5749    909.0084     3587.937     185.7266  16.1129   0.0562     4.06    0.360   9.60   0      28.19     982.9749     49.12324
       193    132.0604    908.0383     4466.598     90.03263  15.8751   0.0219     4.45    0.132  36.28   0      87.89     4130.557     61.90933
       194      4.1682    905.9795     3136.844     94.24574  16.2588   0.0326     0.00    0.276  -6.42  18       65.6      2540.25      55.9642
       195    341.0077    907.9905     13918.31     110.1179  14.6410   0.0086     0.00    0.022 -60.56   0      169.7     13705.97     90.47223
       196    119.9071    902.3215     9340.391     275.7684  15.0741   0.0321    10.81    0.248  14.94   0      56.43     1845.457      52.7545
       197    801.0959    893.1410     73475.77     293.9754  12.8346   0.0043     5.50    0.212   0.92   3        296     16874.59       97.997
       198    172.8676    905.0878     1158.701     86.20195  17.3401   0.0808     2.89    0.218 -27.12   0      31.16     874.9357     48.27882
       199   1007.3945    903.8081      1154.79     87.77905  17.3437   0.0826     2.84    0.311 -29.29   0      28.43      870.176     48.48478
       200    199.8135    901.2593     2672.124     172.2193  16.4329   0.0700     0.00    0.491 -45.68   0      22.24     530.1605     46.98158
       201    416.8570    899.9930     18454.98     123.6637  14.3347   0.0073     0.00    0.186  29.26   0      190.9     17903.48     100.5198
       202    772.7018    899.3412     2378.323     193.0246  16.5593   0.0881     0.00    0.513 -28.35   0       17.1     708.7501     47.49006
       203    488.7761    898.9142     1193.083     145.7896  17.3083   0.1327     4.00    0.574  41.00   0      14.39     566.3975     46.80384
       204     25.6117    899.0518     6081.605     291.1786  15.5400   0.0520    10.20    0.362  -2.56   2      31.79     947.1352     48.95715
       205    352.1513    897.7040     15061.35     120.7421  14.5553   0.0087     0.00    0.335 -63.62   0      163.4      13039.6     88.59566
       206    750.2823    895.5742     2625.287     224.3891  16.4521   0.0928     6.09    0.296  12.71   0      17.67     510.6962     46.76937
       207    381.1011    892.8912     9674.258      241.349  15.0360   0.0271     5.57    0.312  13.80   2      62.43     2061.713     53.47188
       208    173.1765    895.0046     1365.969     81.83213  17.1614   0.0651     2.41    0.173  -3.01   0      38.87     1173.007     49.99471
       209     16.4746    890.5399      21183.3     467.6374  14.1850   0.0240    11.14    0.247  10.45  17      59.71     1854.513      52.7935
       210    831.3217    891.2922     1837.218     106.4393  16.8396   0.0629     5.34    0.427  40.03   0      39.03     1289.978     50.30454
       211     84.3083    891.5607     2396.819     152.2582  16.5509   0.0690     8.59    0.234  71.23   0      23.01      632.925     47.00843
       212    869.1156    889.9759     12760.21     111.4811  14.7354   0.0095     4.73    0.220 -12.69   3      156.5     11904.88     85.69979
       213    867.5561    883.4564     9647.221      396.363  15.0390   0.0446    13.86    0.432  53.36   2      41.73     1080.022     49.57021
       214    745.1448    889.7679     3232.761     231.0589  16.2261   0.0776     7.13    0.340  -3.41   0      20.45     598.6631     47.19491
       215    335.4417    890.5304     1288.574      115.279  17.2247   0.0972     5.37    0.399 -22.62   0      13.24     396.8334     46.21275
       216    795.4077    901.8615     23527.78     289.1396  14.0710   0.0133     5.80    0.209  -2.97   3      121.3     4491.451     63.30762
       217    763.0718    888.9664     8453.469      99.5896  15.1824   0.0128     0.00    0.170 -22.17   0      128.7     8225.612     75.45962
       218    483.1015    885.2508     6199.627      333.692  15.5191   0.0585     9.19    0.562  -0.45   2      24.43     549.4802     46.60326
       219     30.0052    887.2875      5025.68     115.4597  15.7470   0.0249     3.28    0.516 -89.94   0      76.52     3745.131     60.47786
       220    956.1574    886.3856     2292.707      209.398  16.5991   0.0992     6.54    0.454   3.07   0      16.58     534.6363     47.12058
       221    389.4866    886.0114     1268.994     140.1147  17.2414   0.1199     4.95    0.538 -63.56   0      13.97     706.3205     47.59462
       222    262.3598    885.9426      2667.71     140.4121  16.4347   0.0572     4.89    0.201   5.22   0      25.24     807.7659     48.19135
       223    607.9163    885.9490     2050.915     197.5926  16.7201   0.1046     5.77    0.470  14.91   0      14.21     397.2677     45.97524
       224     58.8446    885.6797     1693.035     119.5892  16.9283   0.0767     6.39    0.253  -3.68   0      17.16     536.4302     46.77633
       225    626.9385    884.4237     3261.482     203.1011  16.2165   0.0676     6.44    0.420   5.48   0       25.1     817.0818     48.34963
       226    183.8995    883.9001     6236.729     95.84698  15.5126   0.0167     4.80    0.253  45.72   0      106.9     5779.004      67.2817
       227    913.4571    882.9917     1927.094     181.4137  16.7877   0.1022     5.03    0.389  26.23   0         14     367.9053        46.19
       228    461.9552    882.9999     6520.503     93.61252  15.4643   0.0156     0.00    0.039  -1.59   0        109     6377.667     69.83031
       229    407.4769    882.1939     1916.583     188.8592  16.7937   0.1070     5.10    0.279  -1.00   0      13.46     382.8424     46.14389
       230    896.0757    881.0251     7506.665     95.97687  15.3114   0.0139     0.00    0.131  19.96   0      121.1     7171.631     72.21545
       231    162.0006    880.7750     19687.18     122.5737  14.2645   0.0068     0.88    0.140  89.82   0      182.9     19610.42     104.3078
       232    956.7357    879.9868      1846.99     179.0141  16.8338   0.1053     6.53    0.369   0.53   2      16.02     477.8887     46.60968
       233    957.0038    876.0090     3049.321     84.76729  16.2895   0.0302     4.23    0.009 -69.22   3      68.78     2748.379     56.60833
       234    799.5917    877.6050     3036.487     184.3029  16.2941   0.0659     8.94    0.469  25.58   0      24.04     838.5607     48.33636
       235    749.5682    878.7700     1455.285     86.98038  17.0926   0.0649     1.54    0.212  32.66   0      33.96     1421.765     51.22099
       236    388.0015    877.9965      55949.6     176.7232  13.1305   0.0034     0.00    0.005  89.22   0      347.6     55729.29      165.187
       237    299.0109    877.9753      16329.9     114.9875  14.4675   0.0076     4.26    0.042 -68.80   0      183.9     15986.08     96.08688
       238    712.0154    876.9968     1615.819     168.3771  16.9790   0.1132     5.22    0.318  -1.09   0      14.52      521.139     46.82009
       239    666.5009    872.8369     6982.815     241.6749  15.3899   0.0376     5.23    0.283  -4.82   2      47.27     1519.434     51.00691
       240    518.9026    875.3145     4420.776     287.4879  15.8863   0.0706     7.42    0.338 -10.55   0      22.85     701.1503     47.45367
       241    416.6064    876.9047     4984.113     282.6084  15.7560   0.0616     7.71    0.534   0.72   0      21.93       577.77     47.09418
       242    327.1792    876.9726     3940.161     91.75463  16.0112   0.0253     0.00    0.206   3.60   0      78.09     3584.689     60.05611
       243    284.8200    875.3178     1525.098     91.79222  17.0418   0.0654     2.58    0.377 -62.23   0      38.33     1330.946     50.59857
       244    867.3644    874.3085     7914.332     115.1658  15.2540   0.0158     5.71    0.414  42.61   0      109.9     6563.782     69.96135
       245    690.0665    875.9456     1980.563     85.15881  16.7580   0.0467     0.00    0.191 -44.78   0      53.98      1795.31     52.64304
       246    253.0077    872.5398     33412.03     244.7975  13.6902   0.0080     5.13    0.288   0.93   0      176.6     8179.883     75.39506
       247    893.0084    874.5111     2258.692     136.7522  16.6154   0.0658     7.16    0.407  -0.30   0      19.85      573.914     46.84033
       248    997.1822    872.9299     2078.935      168.182  16.7054   0.0879     2.16    0.289 -64.28   0      18.83     779.4573     48.17245
       249    356.0533    873.2151     2619.585     85.24273  16.4544   0.0353     1.02    0.093  54.44   0      55.16     2335.507     55.02618
       250    822.1024    868.2496     3228.229     178.4528  16.2276   0.0600     2.96    0.378  65.86   2      24.37     1125.633     49.33307
       251    619.9830    872.0234     7304.263     95.49638  15.3411   0.0142     4.28    0.053 -61.44   0      118.3     7020.217     71.89117
       252    542.5762    867.1936     114440.2     331.6815  12.3536   0.0031     5.28    0.202  -2.81   2      386.7      26643.1     118.6456
       253    778.6310    870.3928     4330.627     194.6015  15.9086   0.0488     6.41    0.339   6.41   0      33.41     1001.432     49.32067
       254    633.7145    868.9576     8521.244     276.0945  15.1737   0.0352    11.98    0.115  75.22   0      52.81     1582.703     51.50298
       255     91.4974    868.3380       2957.5     132.8081  16.3227   0.0488     4.13    0.556 -33.64   3      39.55     1551.647     51.36575
       256     98.4037    866.7233     8732.964     345.5517  15.1471   0.0430    11.40    0.127 -69.77   2      39.54      1009.68     49.13435
       257    677.0804    867.7570     2271.552     201.9904  16.6092   0.0966     3.95    0.247  15.83   0      18.49     651.5216     47.21539
       258    608.1220    867.9671      3778.73     198.8769  16.0566   0.0572     5.43    0.271   0.60   0      29.83     962.2437     48.91445
       259    856.4911    866.5022     2784.556     194.2146  16.3881   0.0757     6.22    0.178   0.77   2      23.34     655.9407     47.11958
       260    853.1622    864.1441     1123.896     81.15704  17.3732   0.0784     4.50    0.130  83.61   3      34.47     1045.444     49.29951
       261     75.4257    864.7674     6592.604     557.8489  15.4524   0.0919    14.38    0.690   3.08   3      36.93     513.6844     47.01942
       262     80.2911    862.2650     12818.93     272.6085  14.7304   0.0231     7.60    0.455 -10.90   3      74.02     1460.685      50.9617
       263      6.1042    866.0369     12914.31     116.6307  14.7223   0.0098    -3.32    0.052 -68.86  16      156.6     11900.53     85.55926
       264   1012.6154    866.0086     3000.594     210.8209  16.3070   0.0763     5.37    0.185  -0.74   0      22.95       694.59     47.65461
       265    471.7599    864.8528     7175.582     332.7001  15.3604   0.0504     1.53    0.491 -11.03   0      24.65     492.6923     46.79997
       266    931.4338    863.4366     6606.536     187.9205  15.4501   0.0309     5.86    0.248  -0.57   0      48.52      1566.51     51.75264
       267    713.5374    864.0081     4953.189     237.4438  15.7628   0.0521     7.70    0.447   3.43   0      32.46     965.3867      49.0418
       268    570.9177    862.5221     1603.721     134.6376  16.9872   0.0912     7.18    0.546 -31.89   0      14.45     402.3621     45.88019
       269    925.0350    860.9730     14315.15     110.9339  14.6105   0.0084     0.00    0.099 -40.81   0      172.5     14146.95     91.69386
       270    586.5399    867.6990     8247.088     273.8593  15.2092   0.0361     9.61    0.284 -73.47   0      48.69     1282.671      50.0513
       271    306.1570    860.8839     1456.404      85.3811  17.0918   0.0637     2.99    0.243 -27.84   0      40.15     1149.808     49.55589
       272    732.7205    858.9396     3878.605     253.3298  16.0283   0.0709     7.81    0.299 -27.85   0      23.67     622.1161     47.07363
       273    808.9184    858.0373     4234.843     176.6304  15.9329   0.0453     3.05    0.540  -1.12   3      38.18     1620.546     51.77649
       274    801.6672    857.9292     4858.947     298.2013  15.7836   0.0666     6.72    0.569  11.73   3      23.04     574.5204     46.96103
       275    283.4416    854.3682     32931.57     286.0079  13.7060   0.0094     6.50    0.329   8.27   2      178.7     5180.335     65.81816
       276    844.5369    856.2696     3618.271     177.3988  16.1037   0.0532     9.06    0.429  -7.31   0      26.81     789.6005      48.1056
       277    715.3392    852.8908     2166.015      107.139  16.6608   0.0537     2.88    0.523  69.03   0      35.08     1605.445     51.60324
       278    820.4835    852.1204     5111.962      287.554  15.7285   0.0611     8.07    0.322  -9.10   0      22.41     512.4183     46.42216
       279    994.9853    846.8720     59126.95     305.2133  13.0705   0.0056    13.20    0.214  -1.36   0      251.8     12106.15     86.42384
       280    431.8719    851.0677     4333.194     97.08788  15.9080   0.0243     4.90    0.262 -18.51   0      84.31     3854.377     60.79624
       281    784.5570    850.3117     3236.351     186.7803  16.2249   0.0627     4.78    0.583 -71.44   0      26.68     789.4797     47.87485
       282    268.9365    846.6299     5646.715     230.4445  15.6205   0.0443     9.83    0.311  -2.35   0      42.49     1281.747      50.3771
       283    184.8296    846.1323     3400.504     230.6259  16.1711   0.0737     6.19    0.240  -2.17   0      23.61     712.8896     47.74181
       284    552.3412    869.7571     3575.816     107.5512  16.1166   0.0327     0.00    0.483 -33.38   3      66.92     2719.204     56.49107
       285    133.9146    840.6284     17198.11     263.9659  14.4113   0.0167     5.33    0.213   0.18   0      103.2     3877.337     60.88201
       286    928.0599    844.9500     7890.197     99.69062  15.2573   0.0137     4.65    0.199 -39.34   0      126.8     7899.493     74.47092
       287      8.0010    844.1716     1130.051     95.26141  17.3673   0.0915     0.00    0.153  86.85   0      30.36     841.3463     48.57739
       288    965.8816    843.9138      9043.78     275.0222  15.1091   0.0330     4.09    0.212   0.93   0      47.58     707.9417     47.60236
       289    554.0269    843.9937     27346.16     135.0167  13.9078   0.0054     0.00    0.023 -12.28   0      238.5     27002.53     119.3322
       290    239.5253    841.9279     9296.173     215.5889  15.0792   0.0252     5.86    0.348   8.02   0      64.68     2237.745     54.41829
       291    125.9747    851.0167     32435.43     143.3277  13.7225   0.0048     0.00    0.059 -30.32   0      261.2      31802.3      128.191
       292     32.6946    838.0888     10456.83     210.9993  14.9515   0.0219     5.28    0.330  11.77   2      71.68     2574.427     55.80669
       293    209.5084    833.9759     60407.55      286.598  13.0473   0.0052     5.24    0.248  -9.52   0      259.7     13798.79     90.52225
       294     71.8611    836.9832     13056.89     399.0061  14.7104   0.0332    13.28    0.329   0.62   0      51.45     1541.574     51.53596
       295    971.3492    836.7377     2646.301     190.4617  16.4434   0.0782     5.52    0.467   4.10   0      56.29     646.8716     47.42649
       296    901.9100    835.6638     3294.882     251.1617  16.2054   0.0828     8.04    0.445   2.46   0      19.84     567.2633     46.80805
       297    464.9917    834.0225     5400.008     90.85146  15.6690   0.0183   -19.21    0.048 -61.30   0        102     5290.529     66.11408
       298    882.9772    833.8308      2056.59     196.1965  16.7171   0.1036     5.06    0.193  89.26   1      14.41     410.4969     46.51798
       299    333.9383    833.9017     10102.88     107.2209  14.9889   0.0115     4.84    0.254  56.95   0      144.5     10097.15     80.76362
       300    255.5492    833.4744     1307.625     105.3024  17.2088   0.0875     3.81    0.519 -44.80   0      27.57     934.2429     48.67082
       301    869.0934    831.9961     3374.392     85.63441  16.1795   0.0276     4.28    0.064   0.06   0       75.9      3464.44     59.41368
       302    526.7749    829.0720     21553.25     295.6331  14.1662   0.0149     7.98    0.291  -3.27   0      115.9     4196.299     62.15021
       303    288.0046    829.8630     2904.214     213.9684  16.3424   0.0800     3.88    0.163  -0.04   0      16.91     470.9234     46.69414
       304     52.8598    827.4329         7567     300.7177  15.3027   0.0432     6.27    0.385  -0.69   2      39.59     1272.573     50.33569
       305    881.1780    827.4210     3887.164     109.4758  16.0259   0.0306     2.57    0.458 -26.40   0      55.87     3329.229     59.08146
       306     10.9792    826.0347     6190.189     92.80712  15.5207   0.0163     0.00    0.069 -79.69   0      107.9     5889.586      68.3042
       307    998.3173    826.0267     1934.074     91.29921  16.7838   0.0513     2.22    0.305  -0.89   0      49.96     1754.632     52.46713
       308    861.0034    820.2473     9883.701     226.8048  15.0127   0.0249    12.57    0.316 -19.30   0      59.54      1701.49     52.23643
       309    842.6868    825.0356     1671.548     132.6868  16.9422   0.0862     6.15    0.532 -12.08   0      15.47     505.4545     46.50697
       310    836.9829    824.0262     6134.106     92.66968  15.5306   0.0164     0.00    0.079 -44.93   0      110.6     6099.263     68.91825
       311    819.0115    821.8190     26980.67     243.9015  13.9224   0.0098     5.32    0.277   1.53   0      150.3     6339.244     69.54649
       312    368.8994    822.8577     11517.16     204.8532  14.8466   0.0193     6.03    0.316   4.16   0      79.79     2858.517     56.75761
       313    949.5370    824.1128     2095.257      177.004  16.6969   0.0917     6.36    0.482  -0.01   0       16.7     493.4118     46.44809
       314    583.5191    819.3040     51040.36     317.9282  13.2302   0.0068    11.20    0.276  -0.32   2      223.6     10625.17     82.23606
       315    581.6057    808.7238     9183.088     307.3755  15.0925   0.0364    11.80    0.385  15.67   3      50.93     1550.934     51.47002
       316    470.0890    821.7657     6033.812     185.7457  15.5485   0.0334     0.00    0.248 -43.54   0      45.98     936.8911      48.5696
       317     72.4411    819.6240     8605.264     343.0612  15.1631   0.0433    11.94    0.115 -24.79   0      40.29      1199.39     50.22459
       318    931.1144    822.8903     7230.487     100.9489  15.3521   0.0152     4.85    0.262 -45.24   0      115.4     6657.772     70.50144
       319    987.5389    817.0383     43549.31     279.4024  13.4025   0.0070    14.10    0.218  16.08   0      203.4      9199.42     78.33769
       320     42.1175    818.7510     12291.06      399.953  14.7760   0.0353     5.67    0.422   5.95   2      32.28     773.8172     47.80043
       321    676.6942    818.2963      1685.94     177.2583  16.9329   0.1142     5.10    0.242  45.31   0      13.28     431.4527     46.14392
       322    650.7959    818.6226     1769.701     188.6824  16.8803   0.1158     5.94    0.358   0.28   0      13.53      425.196     46.35203
       323    304.5383    817.1084     3202.165     104.1398  16.2364   0.0353     5.67    0.468 -12.56   0      65.89     2727.608     56.32911
       324    801.2794    814.9470      5333.05     217.1696  15.6826   0.0442     5.17    0.295   4.14   0      38.74     1249.609     50.01151
       325    664.6624    816.6565     2591.271     166.4018  16.4662   0.0697     0.00    0.486  44.60   0      25.41     1210.885     50.16661
       326    422.9929    815.0213     37180.97     150.6648  13.5742   0.0044     4.30    0.050 -68.71   0      280.9     36585.36     136.3266
       327    327.3904    817.2395     1009.251     97.83739  17.4900   0.1053     5.61    0.556  -1.49   0       16.7     673.9227     47.90311
       328    268.8381    815.7490     1925.955     185.9231  16.7884   0.1048     6.03    0.240  -2.61   0      16.29     533.6506     46.88079
       329     15.9638    811.0604     10391.18       230.33  14.9583   0.0241    12.76    0.290  -4.69  16      67.48     2197.328     54.35094
       330    737.4832    812.4846      11430.6     233.7286  14.8548   0.0222    11.24    0.351   7.29   0      75.11     2581.343     55.83485
       331    348.0264    812.3757     1876.522     128.8189  16.8166   0.0746     6.98    0.264 -18.51   0      17.97     578.3713     47.33105
       332    295.3415    813.1046     1898.025     182.8936  16.8042   0.1046     6.18    0.487  -5.07   0      14.77     437.6991      46.0549
       333    279.4926    812.0865     3240.533     223.1628  16.2235   0.0748     5.96    0.227  16.38   0      24.26     746.1823     47.78459
       334    161.0365    812.9239     1982.169     83.52598  16.7571   0.0458     4.46    0.168 -59.50   0      51.09     1663.794     52.07216
       335     38.5561    811.8992     2067.487     183.8566  16.7114   0.0966     4.67    0.351 -30.44   0      17.58      575.935     46.61375
       336    629.1570    808.8334     7334.382     212.2134  15.3366   0.0314     0.00    0.475 -44.85   0      58.33     2984.839     57.64574
       337     92.7674    807.8552      17061.3     128.8114  14.4200   0.0082     0.00    0.390  33.31   0      182.7     15811.15     95.55668
       338    556.0551    807.9792     6287.477     93.04506  15.5038   0.0161     0.00    0.118 -23.61   0      110.2     6038.868     68.63837
       339    411.2379    812.5629     2937.853     239.5759  16.3299   0.0886     6.62    0.296 -29.07   2      17.93     457.9656     46.51242
       340    475.1259    803.3542     4799.246     200.0398  15.7971   0.0453     3.88    0.182   0.23   0      39.46     1538.564     51.52268
       341    634.0159    802.5939     3496.677     93.64644  16.1409   0.0291     0.97    0.184 -89.64   0      64.25     3214.447     58.44957
       342    194.3688    794.8489     128803.1     345.4025  12.2252   0.0029     5.21    0.196   6.06   0      413.3     29736.13     124.4295
       343    136.3853    799.3116     29602.01     264.1834  13.8217   0.0097    13.71    0.258  11.65   3      151.9     5968.948     68.24479
       344    125.8962    791.9796     15598.71     261.0029  14.5173   0.0182    12.13    0.412  -4.01   3      91.47      2972.77     57.21328
       345    558.8331    800.2589     2866.105     190.7238  16.3568   0.0723     5.83    0.345   0.89   0      24.13     753.2865     47.93373
       346    991.3354    794.7917     11489.68     222.9012  14.8492   0.0211     9.62    0.125   9.50   0       75.3     2445.038     55.37708
       347    704.8787    799.0192     11071.72     107.9839  14.8895   0.0106     0.00    0.201 -13.69   0      147.3     10616.57     82.41358
       348    652.3954    799.1129     6329.028     252.2555  15.4967   0.0433     5.44    0.399   7.54   2      33.36     401.9576     46.35725
       349    597.2151    796.4294     14520.33     230.2079  14.5951   0.0172    11.48    0.361   9.21   0      93.12     3431.803     59.47473
       350    434.9200    797.1209     953.3718     80.67809  17.5518   0.0919     0.00    0.195 -62.47   0      33.02     880.7932     48.19191
       351    930.3310    794.4744     12316.99     339.4638  14.7737   0.0299    12.78    0.474  12.98   0      62.42     1696.376     52.10828
       352    214.6417    793.4301     34169.88     262.3573  13.6659   0.0083     9.70    0.325  10.69   0      177.1     7979.426     74.86217
       353    884.3752    793.9542     7284.689     131.8923  15.3440   0.0197     4.12    0.611 -56.29   0      85.03     4438.056     63.20309
       354    152.0538    795.9328     3256.098     85.31989  16.2183   0.0285     4.31    0.091 -56.82   0      73.74     3180.553     58.31763
       355     21.0573    794.9129     2952.249     84.50663  16.3246   0.0311     0.00    0.068 -29.25   0      68.04     2939.527     57.17775
       356     55.8505    793.4253     4121.882     249.1531  15.9623   0.0656     8.65    0.459 -13.49   0      27.32     853.2062     48.63285
       357    322.0038    796.6701     1462.456     88.57207  17.0873   0.0658     2.66    0.254  88.98   0      38.37     1231.561     50.15017
       358    821.2392    790.6356     2434.585      208.892  16.5339   0.0932     7.79    0.431  35.40   0      18.86     458.5804     46.51543
       359    402.2889    791.7061     2425.958     102.4318  16.5378   0.0459     3.12    0.427 -44.46   0      54.99      2017.19     53.48923
       360    872.1094    788.7173     3992.584     209.2647  15.9969   0.0569     5.38    0.208   9.68   0       29.6     915.4164     48.58283
       361    830.1039    786.6077     7271.653     302.3269  15.3459   0.0452    10.95    0.257  16.72   3      39.68     1231.371     50.14931
       362    676.2321    787.6772     9989.796     346.3773  15.0011   0.0377     6.75    0.361   9.17   0      43.92     1339.469     50.63684
       363    645.4796    790.6041     1530.184     169.8948  17.0381   0.1206     5.04    0.667  -0.00   0      12.93       358.65     46.14444
       364    497.0522    790.0438     1891.158     173.5885  16.8082   0.0997     6.15    0.418   1.02   0      16.03     506.9887     46.86935
       365    105.0551    789.9995     12209.87     106.5335  14.7832   0.0095     0.00    0.085   0.15   0      156.5     11790.62     85.52551
       366    936.2351    788.6430     1572.798     161.6229  17.0083   0.1116     4.91    0.349  51.20   0      15.11     652.1971     47.56826
       367    900.9070    788.1485     939.1257      82.3325  17.5682   0.0952     2.92    0.235 -62.47   0      30.97     761.8477     47.62766
       368    361.1588    787.0792      3879.92     202.4323  16.0279   0.0567     8.75    0.238 -35.75   0      30.17     887.4751      48.5658
       369     43.5393    786.4698     9113.584     110.2329  15.1008   0.0131     1.39    0.292 -44.88   0      111.1      9091.92     78.02519
       370    701.6224    784.8812     2864.835     155.6399  16.3573   0.0590     3.51    0.576  71.42   0      34.78     1231.688     50.15075
       371    453.8026    786.0071     6129.002      94.1356  15.5315   0.0167     0.84    0.134  -0.60   0      99.71     6094.194     68.74102
       372    929.9534    781.4694     6172.322     318.8608  15.5239   0.0561     6.83    0.327 -79.76   3      24.27     984.9473     49.01982
       373    268.0396    782.9844     24553.46      130.231  14.0247   0.0058     4.43    0.108 -18.03   0      228.7     24437.72     114.4396
       374    149.9379    783.0350     2922.482     84.42654  16.3356   0.0314     0.00    0.101 -28.87   0      71.77     2793.169     56.78787
       375    971.8311    781.1722     5632.873     94.40425  15.6232   0.0182     1.36    0.215 -45.69   0      96.49     5650.237     67.42123
       376    945.6196    782.0527     1959.942     122.3733  16.7694   0.0678     2.31    0.377 -13.68   0      35.43     1226.707     50.23824
       377    839.6591    786.0251     5030.515      214.934  15.7460   0.0464    10.30    0.362   6.36   3       33.9     1032.233     49.23857
       378    200.0559    781.1953     3891.464     265.0612  16.0247   0.0740     6.06    0.258   2.68   0      22.79     658.3116     47.59747
       379    860.3436    780.3321     1371.614     97.26614  17.1569   0.0770     3.04    0.456 -26.50   0      22.14     905.9056     48.53832
       380    419.9774    781.0000     9352.259      100.252  15.0727   0.0116     0.00    0.045  17.16   0      134.7      8962.75     77.64803
       381    606.8659    775.7798     14340.76      217.059  14.6086   0.0164     9.37    0.192   4.23   0      93.04     3146.595     58.27998
       382    175.0703    779.0889     908.5161      93.2624  17.6042   0.1115     4.58    0.623  44.08   0      14.23     501.8954     46.48958
       383    127.0281    779.9543     3103.661     84.91286  16.2703   0.0297     0.00    0.102 -59.07   0      72.96     2939.432     57.56247
       384    518.1085    778.0579     3201.067     223.7406  16.2368   0.0759     9.25    0.255  -3.70   0       21.5     648.4196     47.20045
       385    783.2021    778.1390     1500.845     149.0737  17.0592   0.1079     5.49    0.398  10.27   0      14.12     454.9554     46.61635
       386     30.6841    786.2058     10381.34     150.5637  14.9594   0.0158     7.62    0.582  16.23   0      126.6     8626.105     76.72837
       387    112.3430    775.6151     2986.768     201.4271  16.3120   0.0732     8.73    0.324  25.78   1      23.55     578.4992     47.21483
       388     91.0920    775.9205     777.7614     85.19167  17.7729   0.1190     4.09    0.439  84.58   0      14.51     739.9321     47.75485
       389    696.9559    776.0018     28869.33     137.5567  13.8489   0.0052     0.00    0.120  -3.07   0        248      28681.8     122.5337
       390    653.0397    773.7700     2387.605     160.1994  16.5551   0.0729     8.99    0.293 -53.09   0      20.35     576.7825     47.32343
       391    134.9255    775.3015     2360.736     205.4786  16.5674   0.0945     6.18    0.339  -7.17   0      15.53     389.9246     45.81854
       392    545.0020    773.9153     42241.92     158.1149  13.4356   0.0041     0.00    0.071 -89.74   0      290.2      42118.2      145.334
       393    394.4763    774.0104     1438.984     91.57876  17.1049   0.0691     2.25    0.361  -0.27   0       34.6     1236.831     50.17405
       394    103.7413    773.9971     1705.782     81.08511  16.9202   0.0516     1.20    0.109  -0.35   0      44.25     1814.055     52.82856
       395    992.7834    772.4258      1972.18     137.2847  16.7626   0.0756     7.64    0.283  -7.52   2      17.18     409.9328     46.51522
       396    272.1898    772.3846     1147.666     127.5265  17.3505   0.1207     7.41    0.645  -1.31   0     0.3042     383.7668     46.14845
       397    935.8931    770.4889     4838.247      257.428  15.7883   0.0578     5.40    0.283  -0.79   0       29.4      917.917     48.59453
       398    744.2170    770.5471      3320.31     216.3333  16.1971   0.0708     3.55    0.459 -42.46   0      20.09      786.204     48.20427
       399    690.0487    770.0032     3168.965     85.08747  16.2477   0.0292     4.31    0.065  -3.05   0      72.64     2920.608     57.29562
       400    444.7272    768.0990     7115.707     251.8692  15.3695   0.0384    11.51    0.616   6.21   2      35.95     884.8068     48.09614
       401    213.8134    767.5565     13617.67     225.6732  14.6647   0.0180    12.08    0.317   5.83   0      84.28     2925.423     57.50713
       402    708.5226    766.8677     12422.96     427.0733  14.7644   0.0373    10.26    0.393 -18.79   0       35.9     600.0134      46.9668
       403    610.1488    767.3298     5715.922     273.7755  15.6073   0.0520    10.34    0.528 -15.72   3      28.99      774.629     47.91969
       404    194.9162    766.8278     40195.78      158.666  13.4895   0.0043     4.86    0.251  63.72   0      281.3        36700     136.4772
       405      6.8666    765.7278     57786.09      203.606  13.0954   0.0038     0.00    0.482  72.01  24      350.9     56777.95     166.5904
       406    870.9797    765.0007     58909.62     180.4897  13.0745   0.0033     4.32    0.007 -12.55   0      353.9     58168.24     168.5092
       407    850.2894    762.5847     5762.579      233.534  15.5985   0.0440     6.62    0.400  -1.97   2       37.8     931.3158      48.5435
       408    796.9721    765.7451     2690.255     93.16257  16.4255   0.0376     5.02    0.211  70.20   0      57.35      2028.51     53.64037
       409    676.8244    758.4390     20385.86     154.6059  14.2267   0.0082     0.00    0.402 -71.39   0      194.6     18337.97     101.5518
       410    554.0070    765.1731     1761.936     155.8037  16.8850   0.0960     5.86    0.413   0.38   0       15.6     451.2645     46.59835
       411    373.6200    762.3032     1327.386     143.1333  17.1925   0.1171     2.29    0.229 -60.82   2      15.48     687.5158     47.27163
       412    805.6998    761.3812     17525.24     259.5019  14.3908   0.0161     5.52    0.099   7.47   0      103.9     3619.417     59.81919
       413    694.9940    761.6578     8657.234      310.119  15.1566   0.0389     7.74    0.157   1.32   3      41.01     1238.316     50.29073
       414    150.9370    763.5727     2683.871     205.1638  16.4281   0.0830     7.56    0.451   0.24   0      19.63     585.3138     47.01324
       415     60.4757    762.5439     2984.916     224.1378  16.3127   0.0815     5.82    0.304  12.00   0      19.82     591.1709     47.04155
       416     49.8163    761.2682     3224.796     194.0187  16.2287   0.0653     4.58    0.358  -2.20   0      25.81     1052.424     49.44351
       417    934.4866    755.6207     8918.521     288.6397  15.1243   0.0351    11.61    0.560  -4.34   2      44.63     1147.147     49.54369
       418    130.5158    759.3456     6570.508     119.6215  15.4560   0.0198     3.83    0.540  33.50   0      90.78     5441.663     66.38245
       419    159.5319    759.6429     1307.152     118.8536  17.2092   0.0987     5.50    0.527 -24.88   0      17.63     650.6161     47.44443
       420    530.0002    756.3480     6744.118     101.2214  15.4277   0.0163     0.92    0.176 -89.18   3      96.43     6436.977     69.86514
       421    534.7751    752.3542     10020.39     317.7041  14.9978   0.0344    13.40    0.376 -58.61   2      52.41      1693.18     52.41145
       422    779.0806    755.3230     6993.843     112.1097  15.3882   0.0174     0.00    0.257 -86.21   0        104     5638.092     66.96916
       423    704.0067    757.9494     3704.811      86.5069  16.0781   0.0254     0.00    0.062  87.80   0      77.98     3376.822     59.17098
       424    402.9243    755.9742     4823.039     191.6057  15.7917   0.0431     9.18    0.308 -15.58   0      38.02     1132.811     49.70064
       425    318.8706    754.8090     14104.96     166.3609  14.6266   0.0128     8.33    0.272 -82.66   0      138.5     10355.06     81.62159
       426    739.0129    756.7384     5845.181     103.2746  15.5830   0.0192     5.30    0.117 -82.46   0      95.76     5001.874     65.02937
       427    509.3622    756.6794     2206.743     181.0025  16.6406   0.0891     6.73    0.307  14.24   0      18.02     537.4244     46.89908
       428    192.3538    756.2498     1106.146     84.44361  17.3905   0.0829     1.93    0.377  48.18   0      26.82     1037.744     49.37599
       429    695.0222    755.9626     56102.66     177.6987  13.1275   0.0034     4.49    0.109 -54.24   1      347.2     55576.04     165.0764
       430    438.7690    753.8613     7183.554     248.0641  15.3592   0.0375    10.95    0.041 -40.00   0      49.27     1197.372       49.995
       431    610.8251    749.1205     14321.38     184.7325  14.6100   0.0140     0.00    0.348  16.51   0      116.2     6839.954     71.16396
       432    292.4480    752.1551     4283.249     271.0597  15.9206   0.0687     9.07    0.239  39.77   0      24.63     574.4825     47.19549
       433     89.2588    753.4772     12591.16     144.6107  14.7498   0.0125     7.08    0.468 -59.06   0      145.9     10921.54     83.11756
       434    556.6329    751.9180     1075.591     89.13656  17.4209   0.0900     2.55    0.474 -61.66   0      22.02     1071.968     49.30975
       435    834.0289    751.9026     16986.69     120.9352  14.4247   0.0077     0.00    0.219 -73.11   0        186     16399.92     96.77584
       436    801.3990    748.8473     7621.748     300.2996  15.2949   0.0428     7.25    0.240  20.74   0      39.82     1234.431     50.16318
       437    774.6732    748.9188     2379.412     210.1502  16.5588   0.0959     6.50    0.227  -0.15   0      18.54     521.5405     46.58552
       438    522.5681    747.2173     4946.163     206.3205  15.7643   0.0453     5.63    0.342  -1.05   0      37.66     1268.897     50.53814
       439    410.2656    746.2272     1638.953     177.9756  16.9636   0.1179     2.89    0.348 -49.43   0      14.14     542.7655     46.92495
       440    421.7168    745.1686     896.0138     98.97902  17.6192   0.1200     3.76    0.570 -79.82   0      12.62     524.0639     46.71621
       441    102.3852    745.2503     3320.831     115.6914  16.1969   0.0378     3.45    0.562 -62.27   0      52.45     2605.132     56.12875
       442      5.0282    744.9333     3404.725     189.1875  16.1698   0.0603     8.26    0.488 -30.88  17      24.55     724.0043     47.79469
       443    198.3178    741.0675     17804.91     321.5115  14.3737   0.0196    13.91    0.461  -4.98   2      75.62     2604.854     55.83163
       444    853.1317    743.4651     1596.457     149.2194  16.9921   0.1015     2.96    0.491  20.99   0       16.5     758.3253     47.84231
       445    258.0120    758.7266     1096.263     81.07961  17.4002   0.0803     1.32    0.117 -89.14   0      31.86     1184.541     50.04712
       446    628.9810    741.0356     936.7255     91.83971  17.5710   0.1065     5.38    0.616 -45.28   0      12.34     480.9904     46.97884
       447     10.9450    741.2266     1551.333     108.4053  17.0232   0.0759     5.59    0.603  45.07   0      17.32     582.0881     47.11502
       448    969.1672    737.0933     25187.13     306.1789  13.9971   0.0132    16.79    0.342 -50.15   3      128.4     4691.217     63.58793
       449    964.7065    733.7888     25418.68     264.2433  13.9871   0.0113     3.16    0.249  68.16   3      134.3     4571.534     63.50756
       450    945.2014    738.7939     5725.756     190.5114  15.6054   0.0361     5.35    0.325   7.14   0      42.99     1397.041     50.89458
       451    900.8375    738.9847     1110.858     81.12051  17.3859   0.0793     2.38    0.159   0.47   0      33.19     962.2413     49.25202
       452    760.8991    736.8671     7412.764     182.1953  15.3250   0.0267     5.24    0.279  -3.24   2      55.21     1878.135     52.68584
       453    755.0168    737.9925      6733.37      94.1279  15.4294   0.0152     4.21    0.004 -27.67   3        114     6568.652     70.29218
       454    591.2949    739.0046     7143.227     99.37228  15.3653   0.0151     0.94    0.160   0.04   0      103.1       7176.1     72.22952
       455    321.2891    737.5514     1461.328     154.4733  17.0881   0.1148     4.30    0.457 -42.04   0      17.28     745.1871     47.66412
       456     51.1036    739.0831     1647.647     122.9205  16.9578   0.0810     2.52    0.170  -2.58   0       18.9     719.3135     47.54058
       457    603.9006    737.9282     20569.24     127.4902  14.2170   0.0067     0.00    0.229  33.98   0      205.8     19945.37     104.7191
       458    491.5486    736.0126     9141.071     242.5602  15.0975   0.0288     5.28    0.294   7.86   0      62.98     2160.141     54.29704
       459    187.5442    733.5497     5202.772     101.8511  15.7094   0.0213     1.53    0.292  45.04   0      79.78     5266.423     66.03117
       460    274.9846    730.9797     789.5094     88.40413  17.7566   0.1216     1.00    0.398 -89.34   0      17.03     872.0555     48.60736
       461    123.0009    728.0040     7769.984      96.5984  15.2739   0.0135     4.27    0.047  62.52   3      123.6     7539.019     73.36257
       462    119.7645    727.9969     3148.138     254.8502  16.2549   0.0879     8.70    0.710  57.51   2      17.75     669.0936      47.7647
       463    542.9986    729.3689     2862.501      95.0459  16.3581   0.0361     2.46    0.199  69.84   0      57.37     2423.049      55.4862
       464    108.1239    730.3057     1300.896     89.70918  17.2144   0.0749     5.07    0.399  25.92   0      25.28      1121.59     49.42631
       465    566.1299    727.9316     2640.897      165.638  16.4456   0.0681     8.28    0.482   0.06   0      22.19     582.9412     47.00177
       466    366.4217    726.8821     11045.72     286.4794  14.8920   0.0282    11.79    0.163   5.09   0      66.75     2371.833     55.07582
       467    168.1268    728.9449     1433.587     82.01971  17.1089   0.0621     0.00    0.185 -29.24   0      41.56     1191.598     49.85808
       468    524.9536    727.9968     26370.68     133.3646  13.9472   0.0055    -9.58    0.115   1.90   0      237.7     26327.81     118.0401
       469    214.0013    726.9968     56749.02     177.7483  13.1151   0.0034     4.19    0.004  87.92   0      350.2     56524.44     166.2774
       470    354.0042    725.8951     3078.467     102.5315  16.2792   0.0362     5.48    0.401 -14.92   0      60.57     2101.826     53.95012
       471    952.5330    724.8156     2432.464     94.01197  16.5349   0.0420     2.46    0.373  25.13   0      48.87     1920.722     53.18172
       472    581.0779    724.0369     8473.272     99.63478  15.1799   0.0128     4.50    0.144  27.30   0        128     7987.952     74.74039
       473    426.1510    720.9594     6438.079     235.3668  15.4781   0.0397     6.03    0.319   9.81   0      42.46     1415.709     51.08611
       474    637.0298    718.4396     17274.62       280.76  14.4065   0.0177     9.58    0.215 -12.68   3         98     3592.235     60.08466
       475    624.2322    713.9372     46644.14     265.2528  13.3280   0.0062     5.96    0.253   1.03   3      220.5     10935.14     83.22113
       476     62.6923    719.7274     2917.745      170.935  16.3374   0.0636     4.52    0.199  -8.06   0      24.43     773.5026     47.79894
       477    691.5913    717.5208     11459.54     217.2229  14.8521   0.0206    11.06    0.303   8.79   2      75.99     2521.458     55.68983
       478    567.2799    718.2347     3788.656      182.978  16.0538   0.0524     6.96    0.291   0.17   0      30.54     954.2309      48.8772
       479    171.9684    716.4925     861.4991     90.13421  17.6619   0.1136     5.02    0.540 -27.01   0      13.72     678.7915     47.11258
       480    120.4164    714.8018     5114.635     294.6709  15.7280   0.0626     7.21    0.473 -21.72   2       26.3      665.131     47.51391
       481    795.1407    712.7404      1310.48     84.99178  17.2064   0.0704     1.66    0.247 -41.97   2       34.3     1235.707     50.38867
       482    493.1295    706.7609     274322.9     439.8375  11.4043   0.0017     8.89    0.143   7.23   2      632.9     63447.85     175.4855
       483    488.6329    690.8672     41466.43     310.1197  13.4558   0.0081     5.32    0.240   6.40   3      182.1     8011.703     74.81258
       484    273.6761    720.3497     18390.66     233.9977  14.3385   0.0138     5.80    0.371   9.17   0        110     4047.422     61.51366
       485    831.1918    714.6683     2246.291     162.5672  16.6213   0.0786     5.94    0.393  -1.61   0       19.9     647.3395     47.42873
       486    529.9453    714.9606     21946.83     127.7795  14.1466   0.0063     4.65    0.192  34.21   0      216.3      21915.2     109.2142
       487    523.1834    714.2435      1597.55     159.9403  16.9914   0.1087     5.03    0.407  71.02   0      13.58     453.3858     46.72705
       488    898.0038    711.4106     10436.49     248.8167  14.9536   0.0259     5.69    0.254  15.14   0      66.28     2146.273     54.13703
       489    289.3071    712.3118     2491.283     102.5767  16.5089   0.0447     3.12    0.441  44.89   0      55.06     2138.019     54.00018
       490    301.5284    711.3320     9876.584     249.4145  15.0135   0.0274    11.48    0.350  -1.61   0      61.52     1968.565     53.28222
       491     23.6842    711.2783     3871.117     176.1617  16.0304   0.0494     9.90    0.378  15.70   0      27.44     695.5083     47.31004
       492    458.0026    711.9127     7892.064     96.88519  15.2570   0.0133     0.00    0.131 -89.70   0      122.9     7407.195     72.95304
       493    234.1966    718.7036      2678.64     122.5796  16.4302   0.0497     2.27    0.509 -13.29   0      31.76     1141.452     49.74014
       494    943.6854    709.8610     2312.401     210.0777  16.5898   0.0987     6.32    0.634   8.57   0      15.59     506.4992     46.51208
       495    349.7993    705.7507     6093.781     180.5425  15.5378   0.0322     3.41    0.446 -59.12   2      51.81     2537.866     55.75675
       496    324.9402    708.6105     5650.232     111.8489  15.6198   0.0215     0.00    0.429  84.68   0      93.59      4765.35     64.28339
       497    758.9791    705.8084     5892.274     184.0783  15.5743   0.0339     0.00    0.398 -37.77   2      46.05     1377.601      50.8077
       498    667.7874    705.2372     9700.215     370.8371  15.0330   0.0415    11.22    0.517  -0.57   2      40.61      1339.07     50.96124
       499    582.5616    704.9897     1179.718     93.92097  17.3206   0.0865     4.31    0.589 -68.89   0      19.69     941.0206       49.154
       500   1010.3748    705.9476     3098.001     94.15202  16.2723   0.0330     0.74    0.239 -18.33   0      59.54     2769.934     56.88931
       501    713.8696    705.7381     13297.95     117.3759  14.6905   0.0096     5.08    0.310  64.10   3      154.5     11763.96     85.45464
       502    716.3558    699.9507     2443.998     130.8755  16.5297   0.0582     4.51    0.217   0.53   3      23.86     840.6546     48.46031
       503    455.9847    702.4727     4433.921     231.0452  15.8830   0.0566    11.21    0.446  27.41   0      31.06     439.7589      46.5422
       504    173.9751    705.0836     2734.059     194.1555  16.4080   0.0771     8.23    0.346 -14.40   0      21.96     603.6999     47.10204
       505    904.9986    704.5720     1637.857     119.4843  16.9643   0.0792     2.87    0.373  89.03   0      29.74     1144.512     49.97565
       506    786.8859    703.8171     2904.716     215.8962  16.3422   0.0807     6.40    0.314 -10.44   0      21.18     598.6257     47.07755
       507    433.4627    703.9080     950.8563     87.24944  17.5547   0.0997     1.60    0.538  63.33   0      18.65     866.1531     48.23746
       508    279.8126    703.3910     2391.403     134.9413  16.5534   0.0613     6.03    0.420  10.75   0       21.7     709.0894     47.72371
       509     41.4020    702.1178     4773.963     190.1003  15.8028   0.0432     9.69    0.211   0.23   0      35.97     1110.858     49.71138
       510    990.3972    702.1849     1609.521     159.9573  16.9833   0.1079     4.79    0.404  52.06   0      14.82     709.4655     47.72551
       511    411.9978    708.9742     13463.92      109.176  14.6771   0.0088     4.28    0.040  73.68   0      163.7     12926.49     88.55486
       512    140.8145    703.0085     1127.299     81.16656  17.3699   0.0782     2.56    0.195   3.37   0       34.9      966.332     48.93344
       513     11.8392    702.4529     1810.236     160.2422  16.8557   0.0961     4.66    0.330  27.71   0      21.26     940.1569     48.92474
       514   1006.8769    701.0321     5137.292     282.2428  15.7232   0.0597     7.46    0.236  44.07   0      23.64     581.9698     47.11445
       515    652.1929    697.5881      27399.6     459.6654  13.9056   0.0182    11.95    0.595  -8.52   2       90.6     2429.701     55.31409
       516    723.9916    697.0121     28478.99     136.9103  13.8637   0.0052     4.31    0.060 -68.06   0      244.1     28063.96     121.2913
       517    131.2032    696.2237     4349.106     223.6724  15.9040   0.0559     9.71    0.200 -30.55   2       28.3     781.4099     48.06689
       518    847.5775    697.3118     2206.685     138.6717  16.6406   0.0682     5.07    0.247  -1.74   0      20.03     623.7198     47.08137
       519    602.0458    697.0179     19026.48     120.1992  14.3016   0.0069     4.43    0.107  29.50   0        196     18075.12     100.9618
       520    335.9411    694.4692      11199.8      365.386  14.8770   0.0354    11.58    0.067 -49.37   0      47.88     1321.958     50.55818
       521    420.0145    695.9990     24569.41     130.2588  14.0240   0.0058     4.22    0.016  10.73   0      227.2     24246.38     113.9137
       522     15.6486    692.4124     68436.05     303.0896  12.9118   0.0048    14.33    0.318  12.08  16      276.3     14842.31     93.40148
       523    391.6443    694.7322     2057.641     170.5989  16.7166   0.0900     6.93    0.285   2.60   2      16.24     450.7531     46.47717
       524    271.1072    682.3226     7487.856     527.4339  15.3141   0.0765     0.00    0.792  43.42   3      18.25     524.4071     46.71788
       525    269.1873    687.9631     3031.015     107.6838  16.2960   0.0386     5.82    0.394  18.87   3      55.25     2125.113     54.35384
       526    278.9989    693.9891     8772.703     98.92943  15.1422   0.0122     4.24    0.024  81.48   3      131.2      8553.01     76.43933
       527    275.0316    691.0457     3503.961     108.6774  16.1386   0.0337     5.88    0.280  22.39   3      54.89         2321     55.06662
       528     60.2109    690.1724     6424.886     324.1928  15.4803   0.0548    11.18    0.406  -7.83   2      29.27     786.7968     48.20707
       529   1020.5484    688.8298      11684.5     311.4442  14.8310   0.0289    13.43    0.283 -69.94  26      54.29     1706.653     52.36447
       530    305.3443    691.2795     3312.918     211.8103  16.1995   0.0694     0.53    0.503 -27.86   0      23.69      690.759     47.40388
       531     37.9462    690.8424     2568.825     218.0898  16.4757   0.0922     6.96    0.398   3.60   0      18.87     586.3946     47.25282
       532    985.9849    689.0115     1679.068     104.7916  16.9373   0.0678     4.27    0.007 -45.52   2       31.1     927.0222     48.75052
       533    961.6373    689.7151     5946.228     118.4295  15.5644   0.0216     0.00    0.345  27.36   0       88.4      4445.88     62.88085
       534    837.9215    689.9378     2521.687     128.8852  16.4958   0.0555     5.20    0.362  36.89   2         44     1434.177     50.84334
       535    370.0963    687.6258     4783.222     242.4619  15.8007   0.0550    10.83    0.139  43.21   0      30.68     814.5389     47.76294
       536    858.4504    688.3169     1957.359     125.7082  16.7708   0.0697     4.75    0.211 -13.17   0      18.85     616.4612     47.04632
       537    379.5888    682.2563     6191.185     328.2627  15.5206   0.0576    12.69    0.563  22.30   2      30.28     934.0698     48.89645
       538    525.6061    686.1345     7584.324      173.883  15.3002   0.0249     0.00    0.223  29.21   0      71.71      3936.45     61.19261
       539    386.9966    687.9870     8504.458     98.31125  15.1759   0.0126     0.00    0.005  65.01   3      130.6     8452.953     76.14126
       540    567.0004    681.9977     5562.145     91.25616  15.6369   0.0178     0.00    0.007  44.22   2      103.8     5464.239      66.6257
       541    335.4529    684.5015     2164.006     202.5522  16.6619   0.1017     5.18    0.263 -15.81   0      13.93     402.9459     45.88308
       542    193.4005    680.9541     57803.91     279.6306  13.0951   0.0053     7.76    0.279   2.73   2      247.3     12741.52     88.01613
       543    681.0032    683.0996     9980.146     101.6655  15.0022   0.0111     0.00    0.083 -89.53   0        136     9970.952     80.54496
       544   1005.8646    682.7625     4002.757     101.8848  15.9941   0.0276     5.47    0.395  60.02   0      79.14     3465.115     59.41626
       545    248.0142    675.1691     144705.6     355.7124  12.0988   0.0027     5.19    0.233   5.82   0      443.2     34852.95       133.49
       546    716.9906    680.8098      8873.51     109.7368  15.1298   0.0134     5.02    0.311  88.04   0      130.3     8285.772     75.64059
       547    522.8769    677.7507     1752.011     95.29576  16.8912   0.0591     4.11    0.306 -22.60   0      34.31     1498.935      51.2399
       548    735.8160    676.7494     1545.317     96.24704  17.0275   0.0676     0.00    0.406  52.64   0      42.28     1280.933     50.48296
       549    516.1747    673.7153     5976.997     243.0107  15.5588   0.0442    10.11    0.258  -0.48   0      41.01     1334.233      50.3946
       550    923.1272    674.9995     4803.155     90.87824  15.7962   0.0205     4.57    0.169   1.05   0      93.08     4484.116     63.19394
       551    855.7469    673.4115     1407.445     86.85529  17.1289   0.0670     1.66    0.223 -57.28   0      30.34     1228.504     50.24636
       552    801.7665    699.0003     4166.825     99.51261  15.9505   0.0259     5.13    0.349   1.26   1      80.97      3523.45     59.82392
       553   1022.8173    668.5380     1878.435     138.1327  16.8155   0.0799     5.55    0.256 -61.16  27      19.81     707.2658     47.71503
       554    530.5601    670.5660     10408.91       125.61  14.9565   0.0131     3.11    0.511  45.45   0      117.4     7715.468     73.98186
       555    471.9809    671.8768     3153.021     88.23241  16.2532   0.0304     4.64    0.204  83.00   0      70.36     2785.966     56.85626
       556   1014.0398    670.9617     8153.167     97.49577  15.2217   0.0130     0.00    0.072 -45.64   8      123.8     7886.512      74.4313
       557    614.9538    677.8007     3329.434     91.74679  16.1941   0.0299     0.00    0.259  76.97   0      70.97     2870.889     57.09807
       558    616.5325    669.1467     5987.082     123.0803  15.5570   0.0223     6.55    0.527 -15.54   0      95.44     5026.471     65.11528
       559    810.2202    668.3477     1566.653     104.5475  17.0126   0.0725     3.91    0.539 -71.88   0      27.68     1087.973     49.60664
       560    306.0805    666.3394      2093.76     101.6921  16.6977   0.0527     3.05    0.481  59.06   0      41.54     1486.663     51.07742
       561    100.6642    667.5978     2839.612     252.9425  16.3669   0.0967     6.98    0.492  23.55   0      16.24     323.8071      45.9725
       562    538.2784    666.3406     1174.093       90.919  17.3257   0.0841     3.38    0.555 -29.05   0      18.72     793.0967     47.89201
       563    650.2808    662.8895      2222.25     130.4899  16.6330   0.0638     3.11    0.544   8.36   2      40.97     1555.724     51.49117
       564    701.6046    681.4598      1093.63     102.1714  17.4028   0.1015     5.56    0.545  67.69   0      14.46     521.8118     46.94117
       565    128.0318    664.4338     6238.758     201.6686  15.5123   0.0351     7.64    0.337  -2.38   0      45.89     1533.954     51.71638
       566     73.7611    664.7484     4893.151      217.345  15.7760   0.0482     5.06    0.257  -1.78   2      36.55     1180.097     50.02693
       567    793.2599    664.1230     13580.24     117.9212  14.6677   0.0094     5.07    0.314  26.73   0      157.1     11888.18     85.71995
       568    683.8753    664.5271      2994.31     192.3179  16.3093   0.0698     7.44    0.429   4.66   0      23.08     712.6201     47.50858
       569    635.9382    664.5662     2544.643     167.9902  16.4859   0.0717     5.71    0.370   3.62   0      21.91     681.8615     47.59387
       570    472.2166    660.5843     18701.48      132.718  14.3203   0.0077     2.37    0.383 -64.29   0      173.5     15255.68     94.28488
       571    425.9907    659.8170      4047.86      170.822  15.9819   0.0458     8.77    0.181  -4.01   0      33.59     1081.958     49.46756
       572    372.4577    659.2592     3035.857     236.1868  16.2943   0.0845     5.68    0.315 -21.08   2      20.28     587.1885     47.37337
       573    312.1326    657.8412     7298.622     229.6756  15.3419   0.0342    10.11    0.346   6.54   0      51.42     1733.072     52.37365
       574    952.9103    658.6473     2035.481     152.6253  16.7283   0.0814     6.26    0.135  11.63   0      19.63     777.5053     47.81797
       575    769.9566    655.3957     4066.853     95.02014  15.9769   0.0254     1.15    0.144  80.35   2      72.09      4132.93     62.09619
       576    742.9947    657.4264     1577.271      91.9213  17.0052   0.0633     2.41    0.319 -88.78   0      37.16     1270.699     50.43686
       577    564.8920    656.6822     4885.811      146.807  15.7777   0.0326     8.18    0.591 -24.71   0      58.78     2958.467     57.34938
       578    495.3985    653.8080     34970.63     251.7854  13.6407   0.0078     5.28    0.240   4.30   0      180.8     8023.941     74.84975
       579    809.2251    653.2856     7000.053     148.1924  15.3872   0.0230     7.56    0.557 -24.63   0      85.03     4629.293     63.54031
       580    672.0156    654.9745      26724.2     133.9657  13.9327   0.0054     0.00    0.096  38.78   0      237.2     26195.62     117.8322
       581    301.8132    654.0662      5388.85     100.9062  15.6713   0.0203     0.00    0.329 -19.44   0      97.69     4899.637     64.67107
       582     26.9882    654.9954     22858.77     127.2391  14.1024   0.0060     0.00    0.033  23.24   0      219.5     22550.76     110.4789
       583     17.2789    654.6970     1700.208     150.2989  16.9237   0.0960     5.13    0.095  45.91   3      14.78     627.1475     47.09792
       584     18.9737    652.2410     1437.859     133.3256  17.1057   0.1007     4.97    0.436  47.10   3      16.24     636.3463     47.60862
       585    336.9446    650.0350      5017.63     275.2096  15.7488   0.0596    10.24    0.241 -15.43   2       32.2     811.9385     48.21102
       586    250.7994    651.0902     4491.464     98.86435  15.8690   0.0239     5.05    0.318 -28.35   0      84.59     4016.596     61.48956
       587    948.0438    650.9852     4449.473     88.44166  15.8792   0.0216     4.29    0.056 -27.75   0       89.1      4216.91     62.40281
       588    185.1448    649.6970     6308.793      250.038  15.5001   0.0430     9.58    0.547   4.93   0      38.51     937.5275     48.45873
       589    538.7395    649.1720      1596.41      152.876  16.9921   0.1040     3.49    0.277  28.13   0      15.16     611.5173     47.25677
       590   1010.1322    648.9347     1686.796     82.71837  16.9323   0.0533     0.00    0.135 -27.67   2      46.37     1550.079     51.46624
       591    659.9809    648.1865     1078.945     81.03106  17.4175   0.0816     2.28    0.158  85.59   0      35.11     957.8722     48.89413
       592    371.1190    645.7186     36718.35     260.3468  13.5878   0.0077     5.22    0.280  -0.70   3      184.7      8333.73      75.5656
       593    362.1426    645.2090      17907.9     302.5581  14.3674   0.0183    12.99    0.258  33.13   3      85.73      2918.73     57.38451
       594    349.2893    648.9643      5046.95     98.74457  15.7424   0.0212     0.00    0.281  -5.70   0      89.04     4473.999      62.9824
       595    892.8679    645.6548     8206.629     256.1073  15.2146   0.0339    11.30    0.030 -50.34   0      54.84     1750.085     52.34201
       596    253.3182    645.4752     4788.159     332.7293  15.7996   0.0755    10.39    0.502  17.14   0      20.89     367.6356     45.70784
       597     90.0040    642.2166     3714.085     105.2511  16.0754   0.0308     0.00    0.035  72.41   2      61.88     2522.031     55.69217
       598    985.9978    635.3251     142966.7       354.21  12.1119   0.0027     5.18    0.134  -2.64   2      441.1     32576.79     129.4715
       599    549.3235    644.6316     2574.523     219.3583  16.4733   0.0925     6.43    0.297  13.51   0      15.11     402.2938      46.2396
       600    522.0140    644.0755     3287.291     191.9458  16.2079   0.0634     5.64    0.316  -5.66   0      25.36      816.763     48.34813
       601    551.5988    651.4022     2186.875     156.4224  16.6504   0.0777     7.36    0.553  31.07   2      22.98     966.0769     48.93225
       602    762.8637    642.1987     4393.958     203.0086  15.8929   0.0502     8.16    0.508  13.40   2      27.28       756.95     48.06615
       603    574.0013    642.0386     3913.273     87.05286  16.0187   0.0242     0.00    0.059 -88.51   0      81.54      3637.95     60.25734
       604    489.9953    641.9871      13940.1     110.1628  14.6393   0.0086     4.27    0.035 -59.31   0      168.9     13927.69     91.02751
       605    621.0164    638.9926     2057.285     141.3875  16.7168   0.0746   -19.21    0.025 -44.44   2      39.56     1086.398     49.48795
       606     77.0502    640.7115     1740.199     136.9001  16.8985   0.0854     4.41    0.298  14.64   0      16.76     566.6592     46.80511
       607    857.9447    639.0183     1740.413     156.6562  16.8984   0.0978     4.79    0.250   0.63   0       15.9     530.9682     46.98548
       608    701.4239    637.8723     5258.632     313.8396  15.6978   0.0648     7.80    0.518  -8.96   2      40.05     621.8612     47.30649
       609    331.0032    636.9462     13504.89     225.5596  14.6738   0.0181     5.45    0.325   1.72   0      90.23     3398.312     59.25347
       610    183.7218    634.3323     4031.907     186.2691  15.9862   0.0502     5.16    0.217 -23.34   2      28.35     902.7842     48.40974
       611    119.2703    650.5125     11775.69     231.0954  14.8225   0.0213     5.36    0.315   3.78   0      77.55     2712.149      56.2667
       612    813.8945    632.0341     13759.82     528.8257  14.6535   0.0417    19.47    0.283 -14.59   2      49.59       1148.6     49.32691
       613    820.9891    628.5121      8681.83     333.3134  15.1535   0.0417     6.59    0.202  60.30   3      40.09     1120.445     49.53268
       614    742.5247    633.8289     2383.017     194.4556  16.5572   0.0886     7.28    0.242 -56.76   0      20.91      675.743     47.56464
       615    682.0687    632.8220     8676.228     248.8737  15.1542   0.0312    11.39    0.327 -17.55   0      56.28     1867.396     53.05754
       616    439.6565    633.8948      3946.14     215.7133  16.0096   0.0594     5.49    0.345   2.53   0      29.18        909.7     48.32804
       617    130.0141    634.3242     1565.903     126.0983  17.0131   0.0875     4.62    0.170 -89.56   0      21.77     845.0814     48.48107
       618     33.6684    634.5089     1361.726     170.4812  17.1648   0.1360     5.21    0.211   0.78   0      13.43     444.8712     46.20996
       619    574.9953    629.2322     2128.219     122.6855  16.6800   0.0626     3.70    0.350 -89.97   2      42.51     1331.084     50.81704
       620    513.9468    632.6234     1158.723     90.88057  17.3401   0.0852     2.34    0.396  84.28   0      27.81     1050.383     49.43413
       621    461.9156    632.6240     9176.637     232.7162  15.0933   0.0275     5.34    0.230   2.15   2       61.6     1988.702     53.26445
       622     76.3321    633.5482      2009.54     178.4482  16.7423   0.0964     6.26    0.353  12.31   0      18.35     605.9681     47.23007
       623    792.8275    631.3002     7786.562     143.7411  15.2716   0.0200     0.00    0.208   6.31   0      83.03     4437.894     62.58779
       624    232.1367    631.6852     1512.312     101.7504  17.0509   0.0731     5.71    0.279 -79.67   0      22.32     1033.538     49.01976
       625    873.5057    629.5154     1947.037     140.2289  16.7766   0.0782     4.79    0.197 -33.82   2      25.85     1107.782     49.47454
       626    455.0052    631.0870     9284.449     100.0982  15.0806   0.0117     4.35    0.070  87.68   1      130.9     9176.545     78.34184
       627    662.8318    630.9365     13531.19     117.8267  14.6717   0.0095     5.02    0.306  20.42   0      162.8     12624.65     87.71384
       628    905.5101    629.0760     4477.253     283.1774  15.8725   0.0687     6.29    0.602 -74.06   2      28.03     494.3537     46.45269
       629    226.0049    646.5672     3547.935     208.7812  16.1251   0.0639     8.79    0.334 -41.71   0      25.32     739.4475     48.09829
       630    359.5652    628.0320     1831.073     185.0625  16.8432   0.1098     6.90    0.608 -58.51   0      17.05     583.4988     47.35567
       631    168.8285    628.9370     2362.326     132.8293  16.5667   0.0611     6.18    0.213   7.76   0      21.05     658.9604     47.36793
       632    203.7547    628.7551     21425.47     138.3055  14.1727   0.0070     5.41    0.394  45.11   0      199.5     18800.32     102.4736
       633    542.6057    627.2973     2689.302     216.9461  16.4259   0.0876     5.42    0.391   7.48   0      17.12     494.6078     46.69113
       634    382.3126    626.8611     5148.445     237.6306  15.7208   0.0501    10.10    0.390  -3.36   0      34.97     984.2216     48.79057
       635    779.0262    624.9341     792.6118      88.4121  17.7523   0.1211     3.58    0.364 -89.77   0      16.86     835.0245     48.20529
       636    629.1688    624.1793     2333.261     160.1223  16.5801   0.0745     6.52    0.413  -0.38   2      17.54     541.5934     47.15413
       637    189.0282    625.6689     2656.721     93.08073  16.4391   0.0380     2.28    0.304 -89.91   0       62.2     2438.845     55.35165
       638    853.4095    625.2125     1869.957     163.7357  16.8204   0.0951     5.38    0.419  -3.04   0      17.34     729.7789     47.82214
       639    614.0361    624.2670     2434.047     86.36059  16.5342   0.0385     0.96    0.158  76.83   0      54.81     2464.763     55.45797
       640    353.9582    624.6180     2411.142     102.3989  16.5444   0.0461     3.55    0.452 -87.64   0      50.27     1765.974     52.72616
       641    727.9324    623.8232     1909.055      83.3268  16.7980   0.0474     0.92    0.078  48.95   0       47.4     1801.952     52.77646
       642    620.9399    618.1317      4501.61     100.2743  15.8666   0.0242     0.00    0.245  84.81   2       83.5     3825.405     60.77878
       643    348.2464    623.0189     3171.045      92.8528  16.2470   0.0318     0.00    0.078  46.76   0      63.96     2885.157     57.34778
       644    567.6973    622.1088      5488.28     110.2742  15.6514   0.0218     1.83    0.359   8.10   0       75.1     4389.333     62.58795
       645    801.9631    621.9595     16115.99     115.7629  14.4819   0.0078     0.00    0.117  44.92   0      182.1     15962.06      95.9725
       646    671.7015    620.3248     5534.878     218.6475  15.6422   0.0429    10.39    0.415   3.44   2      40.09     1384.033     50.50946
       647    875.4689    620.2087     1251.797     102.5227  17.2562   0.0889     4.04    0.497  33.45   0      27.96       961.85     48.91262
       648    749.6417    620.1355     2192.722     201.2166  16.6475   0.0997     7.68    0.281  -1.92   0      19.24     714.5969     47.74994
       649    491.0344    617.9820     2292.954     141.7658  16.5990   0.0671     4.35    0.008 -40.27   2      21.37     925.0045     49.07989
       650   1001.9495    596.1868     11880.59     114.5987  14.8129   0.0105     5.16    0.269 -75.01   2      150.4     10937.76     83.29464
       651    998.6785    604.1696      3677.93     138.0945  16.0860   0.0408     1.77    0.472  63.00   3      42.84     1997.317     53.50805
       652    994.8417    612.8973      66607.5      334.282  12.9412   0.0055     7.50    0.096 -47.39   2      258.7     12786.91     87.88223
       653    303.9440    615.2072     4232.116     254.7332  15.9336   0.0654     9.78    0.504 -15.58   0      25.48     662.9431     47.61958
       654    365.4000    614.7896     3268.283     239.8892  16.2142   0.0797     5.80    0.412  15.63   0      19.16     475.1615     46.59637
       655    160.0021    614.9992     16966.37     116.2386  14.4260   0.0074     0.00    0.000  54.84   2      189.9     16968.79     98.32764
       656    163.0924    611.9308     2045.023     83.69682  16.7233   0.0444     0.00    0.116 -26.96   3      53.23     1810.084     52.49678
       657    967.0073    613.5367     904.7178     94.72229  17.6087   0.1137     4.94    0.533 -26.20   0      14.14     727.3049     47.92577
       658    955.4361    613.1514     2411.333     118.6413  16.5444   0.0534     6.01    0.205  28.86   0      40.17     1449.772     51.12951
       659    816.2767    603.0844      62192.6     284.1487  13.0157   0.0050    13.23    0.064 -41.62   2        259     8317.781     75.51761
       660    883.6526    608.2940     1705.644     108.7283  16.9203   0.0692     4.87    0.536  73.51   0      25.98     1320.101     50.22097
       661    408.0032    608.0021     16017.07     114.3675  14.4885   0.0078     4.19    0.002  55.20   2      182.9     15878.36     95.77409
       662    359.4204    607.5200     2866.644      160.017  16.3566   0.0606     3.23    0.588 -18.47   0      30.19      991.127     49.16094
       663    112.9137    604.6019     5338.052     210.7209  15.6815   0.0429     6.45    0.174  11.37   0      36.94     1070.757      49.6391
       664    211.9026    606.2744     2501.491     187.3638  16.5045   0.0813     6.93    0.307   3.41   0      19.38     576.5795     46.73523
       665    916.0270    604.0238     12351.44     106.8351  14.7707   0.0094     0.00    0.047  43.54   0      157.9     12193.12     86.71598
       666    582.7992    603.6329     4269.973     157.6784  15.9239   0.0401     0.00    0.407  -8.96   0      37.27     945.0877     49.06035
       667    522.0204    604.6926      1300.98     88.15675  17.2143   0.0736     1.35    0.143  86.75   0      32.94     1234.633     49.83269
       668    243.4109    603.1071     9390.475     296.0909  15.0683   0.0342     5.87    0.341   7.02   2      50.89     1654.805     52.03291
       669    666.2051    603.5897     3464.248     196.4194  16.1510   0.0616     3.65    0.449   1.73   0      28.01     1009.013     49.13127
       670    138.2543    603.7881     2125.849     175.4764  16.6812   0.0896     6.81    0.343  -2.53   0      16.69     487.6013     46.77524
       671    199.6830    600.7192      5231.48     105.9018  15.7034   0.0220     2.24    0.391  50.19   0      75.02     4711.185     63.74596
       672    943.3002    601.9873     1964.678     202.3284  16.7668   0.1118     5.73    0.376   0.04   0      14.29      436.102     46.40547
       673    466.0000    602.0158     2467.425     83.19252  16.5194   0.0366     4.17    0.002  86.47   2         68     2588.687     55.96352
       674    436.2681    601.7546     645.5488     115.2091  17.9752   0.1938     0.00    0.141 -40.70   2      4.405      408.616     46.27066
       675    326.6382    601.0023      3840.65     246.6674  16.0390   0.0697     5.86    0.283  -4.33   2      23.92     708.2849     47.95081
       676    524.6249    597.9545     5587.606     302.4311  15.6319   0.0588    10.19    0.099  15.34   0      29.72     805.1965     48.40797
       677   1021.0291    599.3685     1410.819     140.3445  17.1263   0.1080     8.38    0.347 -35.14  24         14     426.6321     46.59674
       678    855.8649    598.1085     2255.441     87.48217  16.6169   0.0421     0.00    0.270 -40.83   0      56.41     1905.156     52.90677
       679    232.3999    596.2557     5657.669     304.3042  15.6184   0.0584     7.69    0.304  16.36   0      26.22      715.342     47.75348
       680     16.0314    593.0602     3436.454     220.2495  16.1597   0.0696     5.41    0.463 -44.05   2      23.08     958.5126     48.89711
       681    751.4247    596.0214     2074.129     196.2169  16.7079   0.1027     2.18    0.303  68.19   0      17.76     680.6089     47.81946
       682    704.8545    596.9851     1830.179     165.3591  16.8438   0.0981     4.79    0.551   0.22   0      17.45     701.2043     47.80183
       683    768.8643    594.7280     2829.811     228.8593  16.3706   0.0878     4.70    0.614  21.80   0      17.62     533.6015     46.76258
       684    272.3234    592.7966     8318.876      355.525  15.1998   0.0464    10.74    0.267   6.74   0      33.01     942.7419     48.82375
       685    458.0000    592.0242     2015.222     163.9372  16.7392   0.0883     6.12    0.101  74.79   2      19.06     486.3381     46.65086
       686    835.5203    590.9623     3515.333     282.4044  16.1351   0.0872     7.63    0.547 -64.51   2      19.37     613.7114     47.26732
       687    697.4191    590.0992      6823.51     117.7794  15.4150   0.0187     6.05    0.332  13.31   0       95.9     5185.352     65.41467
       688    393.8236    590.2455     2213.003     174.8011  16.6375   0.0858     2.94    0.349  13.05   0      18.76     659.4635     47.71885
       689    545.4803    591.7863     5210.234     237.6897  15.7079   0.0495    10.50    0.471  -8.20   0      35.86     1028.335     49.22057
       690    664.1401    589.9568     6020.885     100.9613  15.5508   0.0182     0.00    0.273 -18.28   0      104.8     5600.426     67.08865
       691    382.8719    588.0592     1947.304     144.1143  16.7764   0.0804     7.50    0.501 -56.14   0      17.76     515.4711     46.79257
       692    361.5805    589.6760     1995.063     156.1434  16.7501   0.0850     6.79    0.391   0.80   0       16.8      498.362      46.8275
       693    204.0491    589.9973     4804.302     89.34882  15.7959   0.0202     0.00    0.040   1.09   0      93.78      4773.18     64.22513
       694     84.9580    589.0157     16548.47     115.4187  14.4531   0.0076     0.00    0.111 -20.66   0      187.6     16569.67     97.51411
       695    787.8703    584.7363     41973.74     309.6006  13.4426   0.0080     5.12    0.242  -0.34   2        180     7555.131     73.33719
       696    145.0524    588.9997     35150.25     147.5697  13.6352   0.0046     0.00    0.085  -0.08   0      271.4     34227.23      132.337
       697    913.6923    586.0277     2409.042     198.7002  16.5454   0.0896     5.49    0.228  23.90   0      17.72     485.1404     46.28843
       698    769.4141    578.2018     6412.703     388.8635  15.4824   0.0659    11.04    0.431  44.06   2      23.36     560.7811     47.01213
       699    763.4794    579.0282      1769.07     143.8329  16.8806   0.0883     2.71    0.537 -62.27   3      16.48     803.7361     48.17234
       700    307.1662    585.9216      2264.69     206.0436  16.6125   0.0988     4.21    0.381  -9.99   0      14.98     445.6483      46.4522
       701    159.2329    585.7100     902.9579     83.89497  17.6108   0.1009     4.78    0.544 -10.86   0      17.48     816.7013      47.8887
       702    705.1403    583.4877     4547.441     136.5168  15.8556   0.0326     0.96    0.449  84.19   0      48.49     1850.131     52.66987
       703    583.5396    578.5225     81215.73     245.7441  12.7259   0.0033     8.71    0.305  31.37   0      358.5     61577.41     172.9823
       704    106.6282    580.8126     8704.508     201.7086  15.1506   0.0252     8.28    0.277  15.03   0      61.04     2031.131     53.75433
       705     29.6683    581.6058     1939.435     189.6163  16.7808   0.1062     7.86    0.462 -17.32   0      16.86     453.8475      46.4923
       706    610.5841    576.2603      12872.5     296.8972  14.7258   0.0250    10.64    0.302  -3.66   2      70.62      2310.85     54.82359
       707    560.6449    578.4774     9619.057     190.0819  15.0422   0.0215     5.29    0.259   2.41   0      69.51     2403.172     55.10484
       708    293.3507    578.9601     2653.658     218.1782  16.4404   0.0893     5.42    0.461 -59.91   0      17.66     623.3118     47.43005
       709    679.9986    578.6283     1745.989      90.8298  16.8949   0.0565     2.29    0.311  87.49   0      43.09     1515.816     51.63661
       710    129.5806    578.5679     1548.121     151.8978  17.0255   0.1066     1.72    0.255 -52.54   0      16.33     635.4357     47.60427
       711     19.7234    578.3253     1122.576     90.79012  17.3745   0.0878     2.16    0.481  33.62   0      19.98     772.0801     47.67646
       712     55.3111    577.0782     1272.595     89.63746  17.2383   0.0765     2.71    0.171 -27.81   0      28.94     881.0708     48.30769
       713    520.9068    575.0720      13456.7      112.892  14.6777   0.0091     0.00    0.257 -37.37   0      167.2     13320.95      89.3763
       714    269.4935    571.8031     55799.02     285.3497  13.1334   0.0056     5.15    0.239   9.61   0      246.6     12836.98     88.26228
       715    924.0178    575.9794     4222.799     87.85723  15.9360   0.0226     4.21    0.002 -24.17   3      87.92     4205.075     62.35968
       716    922.9227    572.1880     3145.274     213.5787  16.2559   0.0737     5.34    0.164  11.03   2      22.66     662.2603     47.50018
       717    503.3040    575.8283     2568.083     221.2321  16.4760   0.0936     5.29    0.265   2.52   0      15.12     420.8604     45.85143
       718    454.7766    573.4329     2788.687     167.4977  16.3865   0.0652     7.10    0.495  12.67   2       27.7     1119.551     49.86201
       719    402.5200    574.0444     753.0518     85.12573  17.8079   0.1228     4.93    0.542  63.16   0      12.77     657.7389      47.2453
       720    806.3389    571.0290     18005.09     219.6085  14.3615   0.0132     5.17    0.238   1.03   0      111.6     4295.463     62.42336
       721    234.5594    568.0139     15283.73      279.638  14.5394   0.0199     8.92    0.170  11.83   0      92.03     3446.579     59.62387
       722     87.5691    567.8934     15221.79     232.0923  14.5438   0.0166    11.46    0.236   7.48   0      93.18      3349.95     58.59828
       723    958.5088    571.4947     3213.892     239.2612  16.2324   0.0808     5.59    0.257 -43.70   2      18.88     388.0126     46.04956
       724    674.3301    570.1818     8256.722     307.1396  15.2080   0.0404     7.03    0.245 -15.58   0      49.86     1405.283      51.0397
       725    847.0880    570.1438     1167.222     104.9989  17.3321   0.0977     2.99    0.221  63.62   0      27.73     756.1949     47.71658
       726    170.4517    570.6128     2656.062     144.2738  16.4394   0.0590     7.78    0.359  -1.24   0      22.47     656.5915     47.58925
       727    757.8958    583.5927     8417.304     229.5801  15.1871   0.0296     6.16    0.207   4.49   2      58.98     1933.047     53.23436
       728    529.8358    568.6304     7548.038     183.8721  15.3054   0.0265     5.25    0.318   0.95   0       57.2     1966.773     53.58471
       729    880.7521    568.2381     1045.274     95.05894  17.4519   0.0988     2.94    0.611 -45.28   0      18.13     659.4455     47.37025
       730    287.4495    566.8715     1132.959     132.8049  17.3645   0.1273     2.39    0.525  61.84   0      15.03     707.4723     47.71601
       731    514.9115    564.9187     7533.016     108.2082  15.3076   0.0156     5.07    0.224  82.49   0      113.9      6890.36     71.24728
       732    165.5809    563.2957     5302.434     135.7486  15.6888   0.0278     7.33    0.591  61.13   1      75.72     3939.904      60.9341
       733    921.0389    560.3173     2779.717     178.6552  16.3900   0.0698     8.53    0.440  -7.42   0      21.74     405.3971     46.01541
       734    185.8064    562.0018     12238.73     107.8826  14.7807   0.0096     0.85    0.129  -0.29   0        145      12194.2     86.59132
       735     32.2679    561.1580     2200.537     173.9931  16.6437   0.0859     6.83    0.446   3.63   0       17.7     511.6371     46.77394
       736    274.2353    555.1777     50997.52     317.0277  13.2311   0.0068     5.18    0.256   6.31   2      208.2     9331.226     78.92937
       737    626.9650    559.9974     4805.051     89.35073  15.7958   0.0202     0.00    0.056 -29.41   0      92.26     4570.039     63.67592
       738    397.4329    559.7145     9336.342     175.3725  15.0746   0.0204    -0.55    0.402 -31.16   2      112.4     6834.641     71.06931
       739    313.7204    556.3399     42860.11     320.3235  13.4199   0.0081     5.23    0.275   6.75   2      181.8     7873.612     74.24326
       740    588.4436    557.2877     4024.791     164.1961  15.9881   0.0443     7.49    0.347   2.17   0      34.65     1103.542     49.34325
       741    654.5245    556.8826      2690.09     212.4448  16.4256   0.0858     5.39    0.278  15.21   0      19.53      565.621     46.68191
       742    799.9805    556.0078     7120.497     95.05803  15.3687   0.0145     0.00    0.033   5.84   0      116.3     6735.474     70.82951
       743     35.5149    555.2134     1221.531     119.8475  17.2827   0.1066     5.07    0.608 -56.13   1      21.25     771.8272      47.9064
       744    809.0435    554.0186     13625.03     109.5109  14.6642   0.0087     4.37    0.088  26.16   0      166.7      13234.5     89.40366
       745    569.0264    553.7762     14372.42     511.8441  14.6062   0.0387     9.10    0.349 -16.91   0      47.97     844.0465     48.59002
       746    787.5952    553.1110     4383.685     182.9624  15.8954   0.0453     3.74    0.307   8.02   0      37.52     1339.441     50.63671
       747    150.3916    552.7535     2715.011     189.8176  16.4156   0.0759     6.66    0.338  -1.24   0      23.61     730.4936     48.05596
       748   1017.4210    552.3262     1378.205     95.85162  17.1517   0.0755     4.23    0.465  36.29  16       29.7     1043.251     49.40133
       749    448.9964    581.0259     746.2094     88.29274  17.8178   0.1285     2.24    0.386   1.31   0      15.43     821.1948     48.36896
       750    555.4163    549.1445     15395.59     314.1407  14.5315   0.0222     5.82    0.310  10.39   2      81.59     1648.872     52.11308
       751    889.1359    546.4451     12529.34     139.6544  14.7552   0.0121     0.00    0.420  81.17   0      148.1     11007.22     83.41776
       752    802.8290    550.1927     2411.956     92.48116  16.5441   0.0416     0.00    0.288 -51.07   0         58      2024.33     53.82827
       753    716.9100    549.7841     9727.912     240.2527  15.0300   0.0268     5.17    0.179 -21.40   0      67.16     2426.702     55.10166
       754    302.2218    548.5404     4541.411     302.1013  15.8570   0.0722     7.25    0.337  23.84   1      22.32     536.8165     46.89613
       755    284.6018    550.0896     4313.048     244.8568  15.9130   0.0617     5.46    0.399   3.52   1      30.13     997.8215     49.07948
       756    929.4492    549.5663     1653.331     106.0459  16.9541   0.0697     3.36    0.501 -45.69   0      35.92     1203.282     50.02185
       757    565.1340    548.0247     2819.162     161.6669  16.3747   0.0623     2.89    0.222 -67.41   2       25.1     1136.683     49.82931
       758      2.0053    559.9957     30593.31     137.3936  13.7859   0.0049     0.00    0.013 -45.16  24      256.4     30545.91     125.8561
       759     96.6795    549.1492     2823.526     234.2204  16.3730   0.0901     6.97    0.212 -24.98   0      19.23     549.8094     46.72322
       760   1005.7076    545.6951     4682.838      124.034  15.8237   0.0288     0.00    0.587 -66.47   0       77.7      3983.83     61.27826
       761    879.6868    548.2574     5547.478     323.1501  15.6398   0.0633     8.63    0.358  33.89   2       20.7      495.137     46.45652
       762     77.4428    545.9825     1578.063     169.1444  17.0047   0.1164     6.98    0.537  52.70   2      15.93      501.485     46.96041
       763    651.9956    547.0079     18149.74     118.5298  14.3528   0.0071     4.22    0.018 -59.96   0      194.7     17888.03     100.4299
       764    503.9917    547.9579     3146.548     85.02757  16.2554   0.0293     0.00    0.140  58.26   0      69.28     2724.623     56.80532
       765    121.5009    540.6951     99584.61     317.8849  12.5045   0.0035     5.44    0.182   5.13   2        343     19584.45      104.039
       766    439.2730    544.9359     2681.773     140.4349  16.4289   0.0569     7.94    0.326  -1.84   0      23.55     700.9935     47.56918
       767     69.8108    544.6320     1870.845     107.7997  16.8199   0.0626     4.47    0.547  74.72   0      33.09     1199.419     50.22472
       768    250.2881    541.7086         1471     151.7824  17.0810   0.1121     5.08    0.620 -39.31   2      11.84     475.3001     46.47837
       769    151.0362    543.8946     47318.14     169.3768  13.3124   0.0039     0.00    0.229 -71.56   0      313.4      45522.3      150.343
       770      3.0570    543.1443     956.3147     80.68638  17.5485   0.0916     2.66    0.208  60.64  16       31.4     786.5237     48.32022
       771    863.9999    540.0048     3472.367     85.89405  16.1484   0.0269     0.00    0.012  39.98   2       79.6     3396.697     59.15397
       772     29.4692    541.8476      2481.72      119.933  16.5131   0.0525     2.32    0.235  43.17   0      48.12      1752.53     52.45802
       773    836.0161    540.9706      4130.12     87.61716  15.9601   0.0230     0.00    0.056 -62.18   0      87.75     4009.281     61.64198
       774    690.0153    540.1144     2418.702     83.05931  16.5410   0.0373     0.00    0.093  86.82   0      58.42     2388.809     55.04558
       775    213.8536    540.6356     2026.749     93.02599  16.7330   0.0498     2.57    0.363  64.02   2      48.52     1652.498     52.02283
       776    991.9909    539.5603     4484.879     96.01479  15.8706   0.0232     1.11    0.178  89.37   2      77.58     4496.273     63.49913
       777    994.9662    536.0073     1362.916     80.11832  17.1638   0.0638     0.00    0.129  -0.91   2       42.4     1197.949     50.21807
       778    261.4382    537.1454       4772.2     240.7369  15.8032   0.0548     5.61    0.347   6.07   2      32.37     935.2609     48.90199
       779    390.8513    543.0620      1860.51     144.9332  16.8259   0.0846     6.05    0.535 -10.93   1      17.13      624.403      47.3187
       780    360.8990    535.2236     8510.489     208.2302  15.1751   0.0266    10.69    0.369   9.85   0      59.91     1955.106     52.91255
       781    946.3513    536.1076     5028.195     337.8341  15.7465   0.0730     7.26    0.622  -6.04   0      53.46      475.063     46.23892
       782    446.9917    535.9871     12417.78     106.9761  14.7649   0.0094     4.27    0.039  44.42   0      159.9     12279.63     86.81525
       783    438.0068    533.2192     3111.366     118.8183  16.2676   0.0415     3.66    0.568  89.52   1      40.85     1738.209     52.39594
       784     30.9447    530.6844     37946.82     260.3585  13.5521   0.0075     5.82    0.253   1.71   0      189.4     8463.234     76.02678
       785    428.5868    532.3802     1471.997     159.7618  17.0802   0.1179     6.89    0.380  43.87   0      14.55     429.5107     46.49213
       786    954.3328    528.7939     7883.201     335.6605  15.2582   0.0462     9.94    0.025  10.65   0      39.37     1058.054      49.3576
       787    565.2410    530.9476     4175.172     275.0155  15.9483   0.0715     8.83    0.034 -83.77   0      22.97     634.9116      47.4856
       788    415.1353    531.5363     3692.343     223.6224  16.0817   0.0658     5.87    0.413  -1.04   0      27.29     865.0194      48.3465
       789    168.0635    531.4083     1867.042     192.4217  16.8221   0.1119     5.91    0.578  34.05   0         14     356.3138     46.13293
       790    929.5341    529.8193     2514.323     178.3173  16.4989   0.0770     7.83    0.372  39.01   0       19.4     523.6229     46.94994
       791    604.5303    529.8282     1865.806      99.8073  16.8228   0.0581     5.48    0.445  57.35   0      30.46     1461.556     51.18187
       792    379.6801    528.2330     2083.889      193.393  16.7028   0.1008     6.53    0.583  -3.68   0      15.24     426.1697      46.3568
       793    137.5461    525.8141     1497.646     164.9014  17.0615   0.1196     6.73    0.695  82.33   0      15.42     367.2955       46.187
       794    485.9135    545.9647     19823.96     123.9462  14.2570   0.0068     4.75    0.146   5.81   0      200.4     18953.12     102.7044
       795    892.6652    523.9473     3685.951      253.157  16.0836   0.0746     8.77    0.188 -85.29   0      25.85     678.6284     47.57843
       796    438.9861    520.1351      12923.1     431.1994  14.7216   0.0362    13.89    0.299 -80.64   2      45.54      788.893     48.10226
       797     18.1813    524.0828        15562     320.3534  14.5198   0.0224    13.39    0.498  -7.72  19      77.05     3024.137     57.70483
       798     18.0837    515.1452     9189.686     285.0032  15.0917   0.0337    12.02    0.119 -51.64   3      53.68     1635.435     51.73515
       799    830.0755    522.1841     5782.391     215.7276  15.5947   0.0405     5.46    0.331   3.94   2      38.51     1251.007     50.34805
       800     72.1964    524.9943     3510.009     183.3861  16.1367   0.0567     9.41    0.461 -13.93   0      24.74     753.2424     47.93352
       801    317.8371    524.5347     4313.948     259.6376  15.9128   0.0654     9.09    0.509   2.75   2      26.16      693.111     47.64756
       802    577.3156    523.3615     2897.969     231.9232  16.3448   0.0869     8.49    0.505  -2.42   0      18.82     420.7111     46.09098
       803    799.5370    521.0762     2692.669     209.1726  16.4245   0.0844     7.35    0.318  16.65   2      18.79     540.9097     46.91596
       804    696.2877    521.1894     2048.489     121.4056  16.7214   0.0644     0.53    0.559  45.78   0      26.67     1077.126     49.33352
       805    400.1798    522.0896     1600.684     130.4655  16.9892   0.0885     2.90    0.206  27.69   0      21.06     800.1954      47.8103
       806      2.1663    526.0955     978.9845     94.90031  17.5231   0.1053     5.12    0.620  50.29  25      12.85     479.5197     46.14127
       807    384.8785    517.4422     894.3177     113.2867  17.6213   0.1376     6.37    0.596 -66.11   0      10.83       373.09     46.09583
       808    996.3439    516.9709     3794.667     224.3427  16.0521   0.0642     8.91    0.406  12.93   0      29.18     800.1097     48.04039
       809    576.1043    515.8045     2442.324     208.2383  16.5305   0.0926     5.03    0.143  15.76   0      18.65      595.517     47.17975
       810    168.6282    516.9131     3573.277     230.7961  16.1173   0.0701     6.16    0.297  22.29   0      19.48     428.1795      46.1278
       811    422.4335    514.7119     2308.479     172.5408  16.5917   0.0812     1.30    0.266 -36.90   0      22.16      861.317     48.21467
       812    313.8867    513.9941     1234.975     81.46751  17.2709   0.0716     1.69    0.198   2.57   0       27.7     1024.528     49.20299
       813      6.9926    510.8117     3115.495      166.288  16.2662   0.0580     5.19    0.524 -15.91  18      23.95     1174.523     49.89102
       814    605.9612    513.0089     6020.119      92.3897  15.5510   0.0167     0.00    0.055 -11.46   0        102     5573.283     67.16132
       815    219.0325    511.9391     2629.546     83.63425  16.4503   0.0345    -6.76    0.083 -61.06   0      67.96     2608.494      56.0439
       816    895.8290    509.7678     1899.256     185.8905  16.8035   0.1063     6.53    0.305 -43.64   0      16.08       528.92       47.093
       817    727.3985    509.4008     9589.325     121.8729  15.0455   0.0138     2.90    0.476  45.24   0      118.9     7670.589     73.76904
       818    506.1122    509.8871     2740.497     116.9318  16.4054   0.0463     6.52    0.474  75.32   0       41.6     1897.463     52.97807
       819    482.7906    510.7653     1538.513     160.7178  17.0322   0.1134     5.40    0.070 -28.81   0      14.22     443.9559     46.68116
       820    639.2718    506.1616     42491.07      257.414  13.4293   0.0066     5.33    0.245   4.37   0      208.6     9931.556     80.43372
       821    603.7338    504.2521     3975.566     266.6912  16.0015   0.0729     2.37    0.487 -80.32   2      20.61     603.7554     47.21943
       822    947.9406    508.9756     8205.287     97.61719  15.2148   0.0129     0.00    0.112  20.44   0      126.2      7846.91     74.31027
       823    661.1009    508.8111     6666.548     210.1872  15.4402   0.0342    10.64    0.214 -21.67   2      46.09     1432.603     51.05313
       824    751.0383    510.9320     6291.072     256.0249  15.5032   0.0442    11.82    0.106 -58.79   0      38.65     1091.402     49.51092
       825   1018.6573    506.4668     1841.119     106.4476  16.8373   0.0628     3.92    0.535  52.67  16      37.76     1251.053     50.23843
       826    803.7537    505.4754     4916.082     265.4186  15.7710   0.0586    10.66    0.397  -4.70   3      30.22     882.3909     48.42809
       827    810.0016    501.0025     17331.09     116.9496  14.4029   0.0073     0.00    0.002  86.50   3      188.9     17103.72     98.63902
       828    811.4114    495.6320     17255.39     317.6642  14.4077   0.0200    10.87    0.042   6.49   2      89.51     1819.967     52.95838
       829    810.9913    504.9931     21039.79     123.9475  14.1924   0.0064     0.00    0.021  28.10   3      209.8     20764.57     106.7412
       830    708.8226    503.9771     2333.149     205.4481  16.5801   0.0956     7.10    0.355 -25.21   0      18.85     598.2133     47.42624
       831    588.1714    503.0139     2007.871     81.92745  16.7432   0.0443     0.97    0.085  -0.92   0      50.18     2002.338     53.73534
       832    217.4889    501.9440     3616.477     221.6845  16.1043   0.0666     5.84    0.281 -24.22   0      24.93     713.5011     47.51279
       833    682.7568    501.4384      1267.53     98.43553  17.2426   0.0843     3.38    0.346 -73.38   0      24.84     1010.796     49.25179
       834    478.9976    501.9245     4846.392     89.45583  15.7865   0.0200     4.26    0.051 -89.02   0      94.32     4963.091     64.89368
       835    347.9352    499.2068     4394.297     100.0308  15.8928   0.0247     0.00    0.336 -71.06   0      86.06     3964.603     61.29708
       836    229.3135    501.0024     1384.386     109.3251  17.1469   0.0858     4.72    0.579 -72.19   0      22.35     841.9095      48.4662
       837     15.6565    501.6589     1165.243     111.3764  17.3340   0.1038     4.57    0.195 -44.15   0      23.02     933.3566     49.00597
       838    496.1288    500.1338     3631.114     202.8347  16.0999   0.0607     5.53    0.296   7.46   0       29.7     960.1424     48.79161
       839    276.5472    496.1182     40320.64     258.1786  13.4862   0.0070     5.93    0.202   7.00   0      199.3      9219.93     78.25614
       840    171.7306    499.8069     2703.612     213.1082  16.4201   0.0856     5.20    0.381  16.49   0      15.13     382.5305     46.14236
       841      2.1388    499.3288     2390.793     119.7605  16.5536   0.0544     3.61    0.383  53.45  24      29.65     1175.874     49.89717
       842    107.9974    498.0225     17385.64     117.0555  14.3995   0.0073   -19.21    0.032 -79.78   0      190.4     17081.73     98.58834
       843    944.8797    497.2040     2595.493     91.43318  16.4645   0.0383     4.87    0.208 -51.50   0       52.9     2007.321     53.65356
       844    619.7511    496.7242     2101.425     188.3498  16.6937   0.0973     7.20    0.324  53.61   0      18.16     487.5219     46.53809
       845    156.7612    497.4817     1582.929     97.75865  17.0013   0.0671     3.00    0.401  63.63   0      30.07      1109.66     49.48317
       846    360.0068    506.3553     2390.048     224.1507  16.5540   0.1019     6.11    0.395  -8.98   2      17.63     462.5078      46.7714
       847    554.9913    496.0557     2848.579     84.22736  16.3634   0.0321     4.30    0.062  87.13   0       68.5     2652.316     56.31948
       848    452.1415    497.0231     1365.543      106.729  17.1617   0.0849     2.35    0.143   0.27   0      31.82     904.3207     48.64457
       849    215.0044    493.7717     54328.45     189.7827  13.1624   0.0038     0.00    0.461 -87.04   0      336.3     52269.12     160.4245
       850     68.0993    496.0446     5462.939     96.88781  15.6564   0.0193     0.00    0.216  24.56   0      99.57     5054.599     64.87371
       851    476.9382    495.9632      2419.56     83.06165  16.5407   0.0373     4.37    0.121  29.92   0      62.27     2291.667     54.74401
       852    960.1023    493.0452     3928.299     88.66337  16.0145   0.0245     4.54    0.147  30.05   1      81.37     3575.597       59.467
       853    705.9450    492.8110     5703.022     196.9003  15.6097   0.0375     0.00    0.561  12.58   0      46.32     673.3987     47.66945
       854     37.1136    493.9385      1455.61     82.08071  17.0924   0.0612     4.42    0.135 -26.83   0      44.06     1311.573     50.29231
       855    248.0894    490.1332     7864.831     105.0302  15.2608   0.0145     5.03    0.312  56.29   0      122.2     7350.896      72.6255
       856    716.3715    492.0609     1208.643     87.91837  17.2943   0.0790     2.34    0.177   0.17   0      27.66     908.6687     48.55125
       857    439.9908    491.4911     7361.726     336.5404  15.3326   0.0496     9.39    0.431  -8.65   2      27.33     680.2505     47.58618
       858     88.6615    490.2325     3018.517     237.3366  16.3005   0.0854     7.87    0.485  -7.26   2      22.67     462.2715     46.53346
       859    365.5727    490.7429     1920.848     210.3112  16.7913   0.1189     5.78    0.574  -0.45   2      17.09     487.2902     46.65549
       860    964.9685    488.7617     2297.607      200.648  16.5968   0.0948     5.56    0.242   8.80   0      17.16     492.9143     46.80105
       861    517.0333    488.0151     23119.83     127.7046  14.0900   0.0060     4.33    0.068  26.09   0      219.7     22646.04     110.8243
       862    239.3163    488.3802     3091.245     131.9947  16.2747   0.0464     3.96    0.556 -63.47   0      50.67     2019.748     53.60323
       863      2.9930    487.7288     3308.557     198.3389  16.2009   0.0651     8.38    0.242 -17.07  26       22.4     605.8121     47.22932
       864    612.7561    486.6794     5646.604     213.6544  15.6205   0.0411    10.37    0.389 -19.04   1      37.47     1069.017     49.29614
       865     18.0611    487.9406     9654.996     103.6359  15.0381   0.0117     0.00    0.200 -44.92   0      140.7     9612.956     79.59781
       866    256.2853    484.2029     14569.53     221.7019  14.5914   0.0165    11.09    0.286   2.96   0      95.77      3382.51     59.28606
       867    197.0018    486.6546     4408.032     95.83271  15.8894   0.0236     0.96    0.172 -89.67   0      76.16     4380.803     62.82128
       868    917.5945    485.5299     2610.787     208.4221  16.4581   0.0867     5.76    0.306   6.55   0      19.52     588.0388     47.14371
       869    570.4989    484.9953     779.6865     86.80242  17.7702   0.1209     4.93    0.536 -63.26   0      12.98        691.9     47.64178
       870    836.7304    484.5825     2301.255     168.4822  16.5951   0.0795     4.70    0.371   2.87   0      22.85      896.898     48.72337
       871    416.9952    482.4244     6564.714     315.2223  15.4570   0.0521     9.93    0.483   7.02   0      30.51     825.7651     48.39043
       872    853.0024    481.9833     4487.243     260.3203  15.8701   0.0630     5.96    0.427  -5.45   0      23.47     769.3493     48.00983
       873    847.1292    482.5043     1710.864     125.2618  16.9170   0.0795     1.27    0.177 -88.51   1      26.09     965.7611     48.47717
       874    325.9366    481.1254     12616.74     112.4232  14.7476   0.0097     4.72    0.208 -64.32   0      157.3     11870.91      85.7386
       875    974.5567    481.0818     4086.757     224.6385  15.9716   0.0597     6.28    0.275  13.23   2      27.72     793.9606     47.89611
       876    621.5597    480.7530     3586.089     280.4991  16.1134   0.0849     4.06    0.345  -7.10   3      22.68     686.2047     47.49847
       877    617.9761    479.1060     4404.678     91.39964  15.8902   0.0225     0.00    0.168 -63.20   3      83.77     3882.744     60.72054
       878    555.1628    482.0018      1332.12     81.73807  17.1886   0.0666     2.40    0.161  -1.84   0      35.95     1088.771     49.72151
       879     58.8369    481.9239     1783.555     139.9637  16.8718   0.0852     4.84    0.297   8.00   0      15.75     519.4257     46.81178
       880    956.7489    477.3665     9726.572     145.8326  15.0301   0.0163     4.62    0.538 -33.00   0      103.3     6337.805     69.54179
       881    817.0093    476.5783     2329.381     102.2173  16.5819   0.0477     0.00    0.443  89.81   0      49.99     1764.575     52.61526
       882    232.4400    476.2107     4482.658      261.375  15.8712   0.0633     7.62    0.352  23.60   0      20.63     566.3643     47.39006
       883     92.8924    472.7412     3888.549     189.0388  16.0255   0.0528     8.64    0.208 -13.47   2      27.54     791.4693     47.88429
       884    685.0122    475.0097     15573.07     113.4818  14.5191   0.0079     0.00    0.038  45.12   0      181.5     15616.84     95.15148
       885    301.2262    475.9483     5890.501     113.5586  15.5746   0.0209     1.61    0.466   7.93   0      81.25     5181.419     65.82191
       886     88.7050    500.9349     1704.943     86.04013  16.9207   0.0548     1.00    0.171  11.45   0      39.88     1527.027      51.2567
       887    831.5889    473.8612     2311.044     181.1334  16.5905   0.0851     6.11    0.258  -3.35   0      18.51     578.3164     47.21395
       888    446.1337    473.6558     2701.223      183.889  16.4211   0.0739     4.52    0.612 -36.10   2       23.8     938.1746     48.68918
       889    448.0936    468.2010     1100.096     84.42733  17.3964   0.0833     2.66    0.247  61.20   2      35.08     926.5114     48.74814
       890    665.3645    473.3330     1736.581      99.5126  16.9008   0.0622     2.91    0.437 -29.40   0      32.78     1366.607     50.75849
       891      2.2517    469.4793     9101.405     168.6399  15.1022   0.0201     6.44    0.438  89.63  24      76.81     3199.926     58.20359
       892    913.2399    470.4536     5496.541     267.9842  15.6498   0.0529    10.83    0.208  12.44   0      32.84     818.6402     48.35696
       893    188.9848    470.1118     19484.23     126.6362  14.2758   0.0071     5.02    0.010   0.78   0      194.2     18303.45     101.3111
       894   1000.5026    470.0443     3925.138     218.2369  16.0154   0.0604     8.48    0.406  18.57   1      24.88     661.0621     47.02697
       895    755.1441    463.2278     211466.2     429.2054  11.6869   0.0022     5.72    0.096  42.19   0      537.9     39903.23       141.75
       896    403.2607    468.1686     12360.21     267.1053  14.7699   0.0235     5.60    0.252  -7.15   0      79.45     3119.563     58.07945
       897    233.5455    468.7340     4264.569     274.0836  15.9253   0.0698     8.72    0.021  83.49   0      26.13     765.0255     47.98936
       898     62.0255    470.2329     1019.243     90.53108  17.4793   0.0965     4.47    0.577  36.12   0      17.44     797.2139     48.37048
       899    859.6409    468.5721     793.0872      100.131  17.7517   0.1371     5.49    0.553 -21.77   0       14.1     535.3345     47.12395
       900    740.8812    467.8078     3205.739     154.3581  16.2352   0.0523     2.41    0.209 -35.56   0      39.57      1975.36      53.4147
       901    576.4951    468.4365     1189.474     90.95744  17.3116   0.0830     3.34    0.198  54.15   0      24.51      1037.65     48.81304
       902    385.3256    466.8368     5539.745     240.8879  15.6413   0.0472     0.00    0.143  61.54   0      35.61     2027.808      53.6374
       903    151.0062    468.9819     1414.117      93.0136  17.1238   0.0714     0.00    0.322  31.06   2      40.73     1233.343     50.15825
       904    145.2402    465.1660     2353.139     142.8323  16.5709   0.0659     4.54    0.148  32.13   2      47.78     1574.082     51.67912
       905    423.0468    465.0645     2014.755     85.25001  16.7394   0.0460     4.56    0.170  44.91   0       51.6     1653.286     52.02628
       906    871.3742    465.0019      3309.31     118.0322  16.2007   0.0387     3.70    0.574   0.55   0      41.45     1737.953     52.50014
       907    963.8371    460.1759     58596.64      192.689  13.0803   0.0036     0.00    0.352 -45.21   0      350.6     56744.85     166.6778
       908    607.9180    461.5815      9597.41     170.9304  15.0446   0.0193     0.00    0.260  36.12   0      96.38     5672.373     67.33195
       909    358.8235    463.5104     1565.234     155.5165  17.0136   0.1079     6.41    0.294  31.17   0      17.77     555.9874     46.75327
       910     87.9233    459.7073     11842.24     227.5486  14.8164   0.0209     5.48    0.290  -2.92   2      76.55     2690.323     56.17847
       911     38.0184    462.9761     3456.938     85.85321  16.1533   0.0270     4.36    0.091 -45.30   0      80.88     3496.846     59.72276
       912    590.5869    459.4532      7551.97     241.6388  15.3048   0.0347     5.29    0.235   6.88   0      50.61     1642.712     52.08621
       913    346.8834    458.6009     16503.39     254.2979  14.4561   0.0167     9.81    0.300  12.13   0        100      3689.63     60.45194
       914    248.0014    461.7564     75011.27     200.4286  12.8122   0.0029     0.89    0.146 -90.00   0      358.6     74814.39     189.6942
       915    905.0937    459.6988     10640.63     122.6976  14.9326   0.0125     2.73    0.296 -39.52   0      117.5     8839.731     77.07243
       916    539.1715    457.1800     7602.296     358.5495  15.2976   0.0512    11.80    0.324  31.78   0      33.27     803.3286      48.3992
       917    409.6500    457.7719     2382.788     224.7585  16.5573   0.1024     6.15    0.629 -36.55   2      15.51     429.1058     46.60881
       918    521.4217    457.9998     61799.92     196.4309  13.0225   0.0035     3.20    0.487  -0.01   0      325.4     49518.28     156.4083
       919    444.6629    455.5782     14882.03     245.0799  14.5683   0.0179     7.88    0.184  -6.28   0      90.62     3252.979     58.69338
       920    721.7059    466.3441     2597.963     196.1199  16.4634   0.0820     6.20    0.340  -1.52   0      20.26     581.4095     46.75871
       921    781.1517    455.3797      2614.06     126.8899  16.4567   0.0527     0.00    0.364  66.99   0      47.34     1721.731     52.53511
       922    718.0019    456.0037     17950.63     118.1474  14.3648   0.0071     0.00    0.037 -89.49   0      189.6     17928.35     100.5211
       923    917.4822    454.4398     2105.436     193.4183  16.6916   0.0998     7.11    0.280 -58.65   2      18.78     548.3505     46.71613
       924    668.4584    452.6275     19516.03      171.193  14.2740   0.0095     8.27    0.408 -43.06   0      168.3     14580.57     92.70285
       925   1006.9767    454.4824     1840.986     179.0065  16.8374   0.1056     5.88    0.603 -12.74   0      14.16     647.4411     47.42922
       926    955.0765    454.7095     3656.594     241.4035  16.0923   0.0717     7.13    0.363   2.80   0      19.74     517.9995     46.56824
       927    865.7189    454.9951     30466.49     157.7813  13.7904   0.0056     3.24    0.516  -0.26   0      217.1     23054.11     111.5591
       928     50.9840    453.0244     24050.21     132.5135  14.0472   0.0060     0.00    0.047  -0.59   0      217.8     22864.54     111.2219
       929    981.0016    453.2318      2580.43     197.5028  16.4708   0.0831     3.83    0.247  40.99   0      19.46     738.5264     48.09394
       930    741.0103    452.9595     5634.816     91.43697  15.6228   0.0176    -9.58    0.053  88.78   0        101     5257.705      66.1683
       931    386.9995    451.6083     5279.312     279.4075  15.6936   0.0575     3.97    0.221 -19.93   0      24.07     775.5743     48.03929
       932    360.9793    452.0501     2966.299      84.5444  16.3195   0.0310     4.31    0.086 -61.46   0      71.77     2827.875     57.12031
       933    761.1094    449.9327     2734.223     188.3803  16.4079   0.0748     5.46    0.282  77.73   1      21.76     1007.565     48.89919
       934    250.9997    450.8358     7626.913     96.26119  15.2941   0.0137     4.44    0.112  88.30   0      115.3     7746.104     74.15045
       935     12.9243    450.9326     7274.994     98.27808  15.3454   0.0147     4.57    0.175  41.02   0      117.1     6936.705     71.39497
       936    953.7613    448.0409     3305.992     266.1199  16.2017   0.0874     6.01    0.400  48.04   1      17.42     457.0701     46.50805
       937      4.0011    449.9847     44578.69     161.4388  13.3772   0.0039     0.00    0.034 -88.86  16      309.1     44164.71     148.4254
       938    845.1268    448.9532      6079.94     101.0942  15.5403   0.0181     4.86    0.264 -18.20   0      106.4     5719.859     67.49204
       939    549.6298    445.5358     3855.459     154.4202  16.0348   0.0435     3.24    0.366  89.16   0      47.98     2250.831     54.57421
       940    196.8398    437.1771     573133.1     577.4273  10.6044   0.0011     5.33    0.216   6.08   2      933.8     131471.9     248.4699
       941    825.2887    446.6853     1942.182     161.2877  16.7793   0.0902     5.81    0.320  12.88   0      17.81     570.3986     46.94108
       942   1021.8594    444.7535      1270.97     116.4363  17.2397   0.0995     5.82    0.627 -37.65  24      16.77     582.9291     47.11908
       943    466.0835    444.8724     3435.598     201.2479  16.1600   0.0636     2.25    0.505 -41.48   0      27.56     717.1281     47.53014
       944    670.7073    443.6302       3323.2     105.7179  16.1961   0.0345     2.54    0.453 -65.78   3      55.21     2635.794     55.75967
       945    667.2440    440.1774      4007.08     286.1973  15.9929   0.0776     8.65    0.244  52.07   3      20.06     486.2182     46.88647
       946    425.0011    444.9970     56792.71     177.8041  13.1143   0.0034     0.00    0.005  86.87   0      350.4     56558.67     166.3242
       947    245.0779    443.8469     990.8677     82.47521  17.5100   0.0904     3.01    0.232 -61.85   0      31.94     845.4454     48.25439
       948    737.3972    437.4528     71651.84     310.8682  12.8619   0.0047     5.40    0.184 -13.40   0      286.3     15153.31      94.0378
       949    482.9993    440.9813     57413.43     178.5958  13.1025   0.0034     4.27    0.038  83.03   0      350.2     56656.49     166.4578
       950    441.8900    439.1208     6550.353     199.2667  15.4593   0.0330     5.29    0.270   4.92   0      49.14     1660.023     51.94949
       951    776.8029    439.8277      3448.82     178.7335  16.1558   0.0563     6.31    0.500  44.91   2      26.31     1313.692     50.73919
       952    581.9659    439.7997     1777.944     82.96842  16.8752   0.0507     1.69    0.136 -85.59   0         36      1488.72     51.51722
       953    598.9787    438.8129     1290.132     79.91159  17.2234   0.0673     1.05    0.122 -87.56   0      36.37     1291.913     50.53236
       954     26.1036    437.7783     2393.039     169.4229  16.5526   0.0769     4.74    0.231  24.37   0       20.4     690.8732     47.28777
       955    642.5817    436.5420     5805.175     268.2458  15.5905   0.0502    10.80    0.386  -1.41   0      42.98     1211.385     50.05865
       956    929.1763    435.4316     1933.534     221.8277  16.7841   0.1246     6.40    0.288  55.56   0      13.09     717.9587     47.99664
       957    268.7510    434.1751     8958.217     309.8943  15.1194   0.0376    11.39    0.467   8.61   0      46.82     1348.738     50.89593
       958    114.0133    435.8492     8148.793     114.4271  15.2223   0.0152     0.00    0.243   8.31   0      123.5     7493.027     73.37067
       959    282.9910    434.4090     8585.415     324.4296  15.1656   0.0410    11.73    0.328  29.10   2      45.02     1365.413     50.75315
       960    676.1262    434.9072     1012.273     80.84384  17.4868   0.0867     2.79    0.212 -29.43   0      33.62     867.2105     48.24244
       961    994.8512    433.6404     1898.707     190.2945  16.8039   0.1088     2.42    0.221 -87.51   2      14.13     564.7784     47.14874
       962    664.1154    433.7826     6251.656     105.4826  15.5100   0.0183     5.27    0.176 -63.63   0      98.37     5251.927     65.81362
       963    591.4100    434.2183     1249.257     143.0092  17.2584   0.1243     4.90    0.273  -0.94   0      13.59     496.6494     46.70107
       964    492.0089    433.0106     11371.37     104.7294  14.8605   0.0100     0.00    0.025  61.63   0      152.5     11139.22     83.77662
       965     81.2729    431.9366     4127.354     183.3982  15.9608   0.0483     6.88    0.439  13.35   0      28.12     839.9371     48.34283
       966    535.0319    431.9715     10186.49     102.1257  14.9799   0.0109     4.29    0.054 -49.00   0      141.4     9894.896     80.46746
       967    314.1091    430.0873     4806.953     193.7368  15.7953   0.0438     6.84    0.254  11.03   0       35.9     1093.303     49.40799
       968   1012.0355    430.9491     1492.457     108.2818  17.0652   0.0788     2.93    0.201  30.21   0      24.51     893.1608     48.47861
       969    474.1345    429.7823      2421.31     207.5512  16.5399   0.0931     6.97    0.160   9.12   0      18.18     520.7726     46.81831
       970    416.9919    430.2726     16710.43     119.2627  14.4425   0.0078     0.90    0.151 -86.01   0      162.1     16327.62     96.83433
       971    424.0208    429.6321     1450.194     159.7308  17.0964   0.1196     6.41    0.235  25.54   0      14.95     476.8952     46.84126
       972    522.2692    427.1638     1198.854     132.9176  17.3031   0.1204     4.06    0.339 -47.62   1       15.2     533.4332     46.87973
       973    137.9176    426.0695     5889.276     263.1205  15.5748   0.0485     5.81    0.364   4.82   0      36.83     1135.635     49.49085
       974    849.3860    425.3907      1538.74     110.8977  17.0321   0.0783     4.50    0.570 -56.37   0      32.59     1143.576     49.74984
       975    600.0920    423.1304     6598.164     102.2526  15.4514   0.0168     5.03    0.311  56.62   0      111.7     6234.824     69.12456
       976   1000.6178    423.6349     1780.571     161.9148  16.8736   0.0988     3.47    0.501 -64.83   0      18.67     858.2348     48.76972
       977    443.3625    423.2340      3630.45     164.4909  16.1001   0.0492     9.25    0.276 -16.78   0      28.65     706.5759     47.82737
       978    256.2285    422.9695     9899.256     186.0148  15.0110   0.0204     9.27    0.253  36.01   0      104.9     6448.186     70.05945
       979    789.4268    423.6891     1545.833      140.563  17.0271   0.0988     3.30    0.448  26.47   0      22.63     902.3238     48.40758
       980     17.0053    422.1376     1095.281     81.07687  17.4012   0.0804     2.48    0.166  89.29   0      30.57      837.455      48.4453
       981    946.0144    420.8241     1513.884     126.0045  17.0498   0.0904     2.67    0.188 -89.36   0       24.5     846.0174     48.48546
       982   1012.0608    417.0569     12898.69     110.5206  14.7236   0.0093     4.58    0.169  45.14   0      160.9     12358.04     87.08373
       983    904.9919    416.4830     7862.028     153.1582  15.2612   0.0212     8.18    0.132   4.66   2       90.6     4992.873      64.9979
       984    899.8979    416.9180     2404.944     89.42735  16.5472   0.0404     3.08    0.243  21.28   3      46.68     1557.453     51.28385
       985    357.4357    415.2289     5642.774     301.0999  15.6213   0.0579     7.99    0.513 -28.41   2      25.04     415.6605      46.5432
       986    150.3077    418.6013     2963.431     233.1747  16.3205   0.0855     6.42    0.440  16.51   0      15.78     460.3539     46.52409
       987    413.9128    416.0177     3001.996     174.2462  16.3065   0.0630     5.19    0.333   7.49   0       25.8      832.601     48.19386
       988    926.3227    415.1563     4743.252     99.44148  15.8098   0.0228     0.00    0.352  26.34   0      83.74     3905.155     61.07626
       989     74.5575    415.1929     3937.523     122.6607  16.0119   0.0338     4.02    0.596 -56.36   0      55.49     2899.793     57.40575
       990    743.8374    414.1071     1253.149     86.45061  17.2550   0.0749     3.73    0.291 -45.93   0      36.74     995.3569     48.61572
       991    246.7970    413.7549     3617.859     254.1846  16.1039   0.0763     3.12    0.346 -31.03   0      21.12     625.9169     47.44253
       992   1023.5422    413.9127     5242.169     79.05123  15.7012   0.0164     4.19    0.300  56.04  24      99.14     5083.531     63.25203
       993    578.1227    412.3806     5519.666     119.9332  15.6452   0.0236     0.00    0.379 -81.45   0      78.58     3894.993     61.12886
       994     29.8923    423.1703     15104.74     306.3615  14.5522   0.0220     4.97    0.255   5.66   2      76.47     2716.752     56.08869
       995    890.9987    410.8647     2505.398      83.2962  16.5028   0.0361     0.91    0.081  87.47   0      60.33     2523.733     55.79818
       996    702.5696    409.9465     4354.194     190.3247  15.9027   0.0475     5.77    0.337  -0.56   0      34.21     1056.281     49.34944
       997    439.3682    407.5226     3715.437     121.1137  16.0750   0.0354     6.62    0.592 -40.32   0      54.63     2749.797     56.61402
       998    860.0172    445.9872     5032.724     213.6476  15.7455   0.0461     9.46    0.363  21.34   0      37.07       1010.6     49.13861
       999    856.7101    407.7353     1306.801     107.8914  17.2095   0.0897     4.25    0.557 -17.35   0      25.59      871.688     48.26353
      1000    996.9053    406.5659     2246.187     102.0322  16.6214   0.0493     3.69    0.472  71.08   0      50.12     1867.288       52.534
      1001    629.8599    405.1498     1681.324     178.8036  16.9359   0.1155     6.55    0.599 -60.01   0      14.36     317.4497     45.82068
      1002    512.1578    406.1179     1613.324     160.8236  16.9807   0.1083     5.16    0.452 -76.66   0      14.41     630.7191     47.11515
      1003    238.3748    406.6361     3320.521     186.1424  16.1970   0.0609     6.31    0.556  29.50   0       25.7     1313.729     50.73936
      1004     37.6151    405.7699     1255.459     102.5308  17.2530   0.0887     5.21    0.129  12.11   0      22.22     878.1331      48.7492
      1005    903.7827    405.7274     4847.936     107.6716  15.7861   0.0241     0.00    0.398  46.57   0      86.97     4127.903     61.98876
      1006    262.6273    403.1548     4102.936     255.7003  15.9673   0.0677     0.00    0.627  31.77   0       22.3     384.9172     46.39283
      1007    582.3792    403.7548     2090.306     152.7069  16.6995   0.0793     3.56    0.095 -58.93   0      20.32     767.9965       48.233
      1008    289.6615    402.9047     2008.007     171.3406  16.7431   0.0927     1.13    0.264  13.98   0      16.18     609.7628     47.01395
      1009    945.6535    400.4538     1782.747     187.2289  16.8723   0.1141     3.05    0.331 -72.29   0      17.62     569.2264     47.28712
      1010    303.3814    395.1755     8305.405     271.3754  15.2016   0.0355    11.46    0.257  44.75   2      48.23      1507.01     51.59784
      1011     20.9844    400.3385     8297.127     129.4261  15.2027   0.0169     3.59    0.574 -18.42   0      90.11     4944.921     64.83002
      1012     97.9944    396.0573     9984.111      272.271  15.0017   0.0296    11.84    0.283 -16.13   0      62.69      2054.87      53.8546
      1013    689.0009    398.2842     1380.526     81.87255  17.1499   0.0644     1.17    0.137 -85.12   0      37.15     1427.548     51.24664
      1014    664.6923    398.8949     1664.699     172.4931  16.9467   0.1125     5.54    0.360  -9.91   0      14.47      409.098     46.15351
      1015    816.7767    395.5305     9344.258     221.9506  15.0736   0.0258    12.38    0.248 -37.22   0      60.92     1918.876     53.17383
      1016    474.2235    397.4036     2976.795     117.3902  16.3156   0.0428     4.97    0.589 -26.60   0      39.01     1908.739     53.13048
      1017    261.0004    397.9757     57200.66     178.3248  13.1065   0.0034     4.29    0.047  88.96   0      349.9     56373.66     166.0712
      1018    144.9994    397.0067     5876.972      92.0369  15.5771   0.0170     4.20    0.003 -74.50   2      107.7     5826.747     67.85102
      1019     51.9578    395.8426     7226.383     191.5738  15.3527   0.0288     5.46    0.293   9.97   0      55.45     1888.055     52.83326
      1020      8.4275    389.3157     1575.463     151.9388  17.0065   0.1047     4.95    0.401  16.65   3      15.01     609.8834     47.13187
      1021     10.2241    394.0440     5356.863     312.5883  15.6777   0.0634     9.72    0.201  67.20  26      25.61     525.7539     47.07772
      1022    805.1854    396.9002     11708.07      109.315  14.8288   0.0101     4.93    0.134 -14.99   0      145.6     11295.11     84.06716
      1023    343.8152    395.4756     7273.685     391.4884  15.3456   0.0585    10.16    0.100  -1.38   2      23.23     442.7572     46.55684
      1024    960.4958    394.8743     2830.055     233.6365  16.3705   0.0897     4.96    0.435 -33.31   0      17.03     598.9823     46.84405
      1025    461.8571    392.8784     2317.773     233.1376  16.5873   0.1092     7.05    0.721  43.39   0      14.89     352.2318     45.75207
      1026    599.9990    393.9617     6745.958     94.15829  15.4274   0.0152   -13.57    0.011 -66.08   0      110.9     6188.019     69.21032
      1027    155.2646    393.1314      1989.68     113.0462  16.7530   0.0617     0.00    0.271  30.05   0      29.72     1149.612     49.66632
      1028    220.1080    390.7426     121270.3     350.0097  12.2906   0.0031     5.27    0.325   6.02   0      397.1     26829.51     118.8628
      1029    128.7220    393.0948     1893.778     185.8838  16.8067   0.1066     6.37    0.444  -0.75   0      14.93     407.7591     46.14692
      1030    567.0015    391.9579     28968.29     137.7202  13.8452   0.0052     4.41    0.056 -84.01   0      247.6     28622.25     122.4232
      1031    484.4478    390.5671     3384.821     233.5851  16.1762   0.0749     2.68    0.310  18.98   0       22.5     661.0007     47.49415
      1032    853.3932    390.3825     1698.257     108.7129  16.9250   0.0695     2.87    0.576  45.30   0       31.7     1165.019     49.84771
      1033    369.9999    390.9965     4102.185     87.54466  15.9675   0.0232     0.00    0.046  -2.38   2      89.62      4172.96      62.0648
      1034    365.1636    389.1655     1600.963     99.20239  16.9890   0.0673     4.27    0.462  48.67   2      39.59     1135.598     49.82436
      1035    946.5850    389.6055     2751.829     199.7843  16.4009   0.0788     5.82    0.337  -6.05   0      21.63     653.5403     47.45844
      1036    766.8149    389.1017     4813.468     99.60183  15.7939   0.0225     0.00    0.341 -25.66   0      89.78     4346.229     62.51964
      1037    472.9301    388.9962      1861.19     123.3147  16.8255   0.0720     3.63    0.421   1.61   0      31.73     1805.464     52.68686
      1038     97.6236    387.7927     5600.907     253.7845  15.6294   0.0492     6.65    0.199  14.00   3      32.01     851.1443     48.50948
      1039    178.5009    385.9309     6103.438     201.5161  15.5361   0.0359     5.70    0.272   4.36   0      45.31     1406.316     50.60963
      1040    832.6478    382.0912     2440.293     184.3169  16.5314   0.0820     8.84    0.443 -37.72   2       19.6     565.1956     46.79801
      1041    633.6776    385.7763     1615.485      97.8343  16.9792   0.0658     2.27    0.445 -16.70   0      31.15     1243.686     50.20509
      1042    282.1129    385.9284     1388.207     81.89387  17.1439   0.0641     4.50    0.160 -27.48   0      38.58     1153.962     49.57494
      1043     86.0079    382.0267     3615.955     203.4974  16.1044   0.0611     8.53    0.387   6.37   0      30.39     904.3605     48.75817
      1044    536.9966    380.9392     2636.471     213.0366  16.4474   0.0878     4.85    0.187  27.54   0      18.66     581.7365     47.23041
      1045    453.6795    380.7979     2776.842     246.8067  16.3911   0.0965     5.22    0.173 -25.81   0      19.67     562.9103     47.02242
      1046    438.0020    381.9708     57197.62     178.3209  13.1066   0.0034     4.31    0.054 -89.08   0      349.9     56381.65     166.1486
      1047    381.4785    381.5102     2923.056     204.7553  16.3354   0.0761     5.06    0.343   7.42   2      21.09     606.1451     46.99646
      1048    123.8589    381.7505     9044.037     116.1916  15.1091   0.0140     5.68    0.404  58.70   0      131.3     8506.718     76.30157
      1049    619.6202    378.7574     4787.974      206.815  15.7996   0.0469     5.49    0.265  27.20   0      33.45     1086.466     49.71097
      1050    584.4415    380.9196     1831.009     185.0624  16.8433   0.1098     3.47    0.303 -11.35   0      14.47     498.7144     46.59272
      1051    641.6324    379.9297     1483.401     143.3808  17.0719   0.1050     3.08    0.370 -27.97   0      15.75     586.1392     47.13456
      1052    557.4716    379.0066     2695.908     222.6074  16.4232   0.0897     5.92    0.440   0.98   0      15.97     493.5005     46.68574
      1053    505.0039    377.4479     1165.772     96.78397  17.3335   0.0902     3.26    0.454  88.93   0      27.71     906.1569     48.65315
      1054   1013.6240    374.5036     1935.706     109.2081  16.7829   0.0613     4.38    0.536 -56.95   0      17.33     1423.255     50.57655
      1055    570.2971    375.0407      3750.81     261.2669  16.0647   0.0756     9.34    0.484  45.74   0       21.5     493.3795     46.20949
      1056    656.2145    373.7771     5151.127     274.3149  15.7202   0.0578     3.96    0.475  60.06   2      44.61     1066.802     49.50956
      1057    172.8202    374.0032     2830.995     84.17989  16.3702   0.0323     0.98    0.095  -0.51   0       63.9     2905.639     57.23622
      1058    121.0537    373.0536     7237.598     95.33759  15.3510   0.0143     0.00    0.084  44.92   0      116.3     7034.975     71.93781
      1059     80.6436    369.7616      4433.82     244.9689  15.8831   0.0600     6.97    0.414   3.25   2      28.27      942.153     48.93401
      1060   1020.0013    372.0262     5705.034     91.61134  15.6094   0.0174     4.33    0.073 -43.57  16      103.9     5694.923      67.5717
      1061   1010.0069    371.9939     24824.84     130.7037  14.0128   0.0057     0.00    0.017 -44.06   0        230        24746     114.9061
      1062    733.7485    372.0024     9743.688     115.1789  15.0282   0.0128     0.00    0.356  -0.08   0      133.7      8805.19     77.18549
      1063    608.9862    371.8422     2164.383     82.36048  16.6617   0.0413     0.94    0.102 -87.62   0      52.89     2126.795     54.25917
      1064    380.4225    367.1207     61573.73     280.2249  13.0265   0.0049     6.08    0.241   8.35   0      265.3     14254.41     91.83964
      1065    953.5741    370.8717     3489.837     233.6873  16.1430   0.0727     6.99    0.320   0.34   0      19.18     493.7931     46.68716
      1066    908.6622    370.9816     2112.338     168.2271  16.6881   0.0865     6.35    0.424  -4.66   0      17.99     539.1072     46.90723
      1067    826.8683    370.6180     2577.878     101.4158  16.4718   0.0427     5.57    0.449  71.96   0       57.7     2127.902     54.16193
      1068    714.4512    368.2639     970.6559     91.92365  17.5323   0.1028     4.46    0.626 -34.10   0      16.77      579.473      47.1024
      1069    670.5957    367.7995     3998.196     110.9576  15.9953   0.0301     2.63    0.457 -63.07   0      56.82     3339.076     58.93217
      1070    252.5044    368.0337     926.3568     105.7897  17.5831   0.1240     0.58    0.622  -1.01   0       11.9      362.468     45.56108
      1071    965.6197    366.3839     3445.784     255.6562  16.1568   0.0806     0.00    0.546  -6.85   2      20.12     567.4268      47.1615
      1072    333.8828    366.9873      1245.49     79.78452  17.2617   0.0696     4.45    0.155  -0.34   0      38.46     1073.505      49.4287
      1073    173.9793    366.8115     9831.035     111.7023  15.0185   0.0123     5.24    0.194 -80.43   0      134.7     8872.925     77.45601
      1074    762.0003    365.9959     16266.11     114.8613  14.4718   0.0077     4.19    0.001  44.04   3      184.5     16161.55     96.44377
      1075    756.8652    362.4807     4550.148     200.4466  15.8549   0.0478    10.57    0.415  14.07   2      31.18     882.6425     48.42927
      1076    463.6304    365.8186     4351.337     99.93312  15.9034   0.0249     2.28    0.366  26.05   0      77.57     3558.907     59.95847
      1077    484.4013    364.7737      1266.74     102.5558  17.2433   0.0879     2.85    0.429 -27.12   2      31.45      997.993     49.30482
      1078    128.6226    362.1864      1848.12     92.58855  16.8332   0.0544     2.67    0.387 -26.61   0      43.53     1426.519     51.13417
      1079    682.7504    358.3900      5552.14     225.5047  15.6388   0.0441     9.37    0.106 -57.62   0      37.45      1453.74     51.25502
      1080    517.2937    361.9044     990.9266     109.7693  17.5099   0.1203     6.05    0.634   3.78   0      11.47     335.5976     45.79015
      1081    354.9211    361.0862     726.3358     85.05437  17.8472   0.1272     2.57    0.456  -0.22   0      14.04     701.2844     47.45432
      1082    610.5707    359.6992     2564.668     101.3862  16.4774   0.0429     0.00    0.414  38.08   0      52.04     2064.573     53.38067
      1083     56.5938    358.2232     5094.233     152.6565  15.7323   0.0325     8.39    0.612   6.06   0       51.2     1657.454      52.1505
      1084    976.6302    355.2253     1230.041     117.5371  17.2752   0.1038     4.59    0.383  23.67   0      22.01     705.9923     47.93995
      1085    950.9894    354.0655     9014.397     99.48312  15.1127   0.0120     4.45    0.118 -80.13   0      133.8     8766.046     77.07014
      1086    443.0420    353.3549     4343.838     213.5611  15.9053   0.0534     9.87    0.374  22.93   0      29.55     849.8589     48.27518
      1087    885.0502    350.1966     18144.08     130.7079  14.3532   0.0078     0.00    0.377  77.11   0      190.8     17364.96     99.23911
      1088    197.4765    353.6465     5939.723     195.0611  15.5656   0.0357     5.27    0.250   1.73   0      43.49     1376.119     50.69222
      1089    250.0025    353.9626     23619.13     128.5901  14.0668   0.0059     0.00    0.037 -89.11   0      219.2      23332.9     112.1748
      1090    770.3941    354.9952     2563.928     175.2568  16.4777   0.0742     7.42    0.266  42.51   0      21.39     666.6343      47.5211
      1091    406.0338    347.8995     8684.585     255.4523  15.1531   0.0319    10.71    0.116   4.23   0      58.83     1849.967     52.45901
      1092     90.9501    350.4980     5774.062     295.1791  15.5963   0.0555     4.45    0.366  -0.01   0      25.85     767.5678     47.65495
      1093     19.0381    347.4354     2039.818     187.5406  16.7260   0.0998     8.25    0.486  78.18   0      16.97     461.2412     46.52843
      1094    478.9203    348.1288     1297.287     83.31532  17.2174   0.0697     2.83    0.222 -60.14   0      36.93     1008.218     48.90222
      1095    137.0054    354.5302     6556.957     235.4815  15.4582   0.0390     5.48    0.259   7.00   0      44.23     1371.261     50.77933
      1096    840.2913    341.7955     11965.83     293.8622  14.8051   0.0267    10.05    0.139  30.04   2      62.76     1514.465     51.41627
      1097    297.0578    345.3543     8467.657     362.9225  15.1806   0.0465    10.61    0.378 -31.11   0      30.89      676.331     47.56746
      1098    793.2481    345.7445     2214.807     88.94282  16.6367   0.0436     1.56    0.297 -45.15   0      50.11     2196.594     54.44941
      1099    757.0056    344.9961     54370.16     174.6801  13.1616   0.0035     0.00    0.004 -28.20   0      342.5     54173.16     163.0319
      1100    515.6196    339.7001     6697.771     206.9107  15.4352   0.0335     6.21    0.240  29.19   2      42.28     1299.745     50.23883
      1101    305.0330    344.9413     2575.598     83.48752  16.4728   0.0352     4.41    0.111 -62.53   0      61.44     2219.172     54.44221
      1102    287.0985    342.6377       4001.1     249.0429  15.9946   0.0676     5.86    0.582 -88.06   0      20.33     601.1205     46.73639
      1103    551.8182    342.1779     993.2339     119.4138  17.5074   0.1306     0.00    0.244 -40.72   2      12.16     461.7034     46.76749
      1104    619.0017    340.9935     57295.97     178.4462  13.1047   0.0034     4.21    0.013 -89.81   0      351.5     56967.69     166.8821
      1105    731.8635    339.0380     1785.997     168.6066  16.8703   0.1025     4.74    0.645 -51.54   0      14.87     614.3723      47.2705
      1106    665.9518    339.6156     2021.759     205.7755  16.7357   0.1105     5.80    0.219 -56.80   0      14.35     364.7363     46.29387
      1107    585.7790    337.0950     4433.641     244.9687  15.8831   0.0600    10.17    0.066  -1.24   0      27.45     654.2237      47.1113
      1108    482.7247    338.5926     1331.732      97.1729  17.1890   0.0792     3.00    0.443 -64.18   0      25.13      929.181     48.64718
      1109    188.3742    337.9550     5858.833     291.9522  15.5805   0.0541     6.44    0.240 -10.66   0      34.66     988.7025     49.26198
      1110    178.9216    339.0258     3074.026     249.8589  16.2807   0.0883     7.40    0.455  11.51   3      18.13     507.1148     46.75197
      1111    796.9015    337.3552     2067.627     186.0962  16.7113   0.0977     4.56    0.215  16.23   0      16.52      501.283     46.24834
      1112    297.6620    334.1885     5483.737       262.77  15.6523   0.0520     5.37    0.578  74.13   0      27.78     1377.439     50.80697
      1113    986.1473    328.5939     135015.2      348.675  12.1740   0.0028     5.23    0.175  -1.57   0      426.7     29606.89     124.1933
      1114    117.0139    329.3245     5952.075     278.4706  15.5633   0.0508     5.89    0.357   6.00   2      33.22      948.848      48.9651
      1115    598.6302    329.2777     1558.415     105.8423  17.0183   0.0738     3.60    0.451  25.61   0      29.03     1207.392     50.04052
      1116   1017.3026    327.7907     984.7234     108.4911  17.5167   0.1196     4.54    0.604 -70.12  16      15.59     489.9278     46.66834
      1117    510.7414    330.7853     5867.211       120.59  15.5789   0.0223     3.48    0.547 -71.67   0      80.12     4314.788      62.6702
      1118    518.0397    328.0537     3691.469     86.47184  16.0820   0.0254     4.47    0.142 -74.30   0      73.76     3389.807     59.22084
      1119    609.6727    319.5821     8923.899     289.1219  15.1236   0.0352    10.06    0.604 -84.96   3       31.9     1656.663     52.14705
      1120    188.3471    327.1785     3495.338     199.2471  16.1413   0.0619     6.32    0.314   5.67   0       27.8     885.9548      48.6723
      1121    177.0349    327.0556     2725.107     83.89353  16.4115   0.0334     0.00    0.087  61.57   0      67.74     2578.221       55.921
      1122     87.4702    322.2208     19978.87     307.2717  14.2486   0.0167    12.26    0.210  -4.16   2      96.23     3285.065     58.81749
      1123    447.0847    317.7411     10495.73     271.6831  14.9475   0.0281    11.62    0.242  -9.07   2      64.27     2102.131     53.74626
      1124    119.9410    321.0414     20417.83     125.0304  14.2250   0.0067     0.00    0.199 -34.34   0      208.7     20441.18     106.0504
      1125    664.0458    321.9746     2543.553     83.40024  16.4864   0.0356     4.34    0.095 -28.91   0      64.18     2394.935     55.37093
      1126    610.0000    328.9687     3456.497     170.0334  16.1534   0.0534     3.99    0.444 -89.95   3      29.92     1118.741     49.85831
      1127     71.7846    315.0058     6925.361     321.1217  15.3989   0.0504    11.57    0.156   7.80   0       36.7     1025.821     49.20896
      1128    381.0112    317.0180     13275.02     108.7821  14.6924   0.0089     4.26    0.018 -60.29   0        163     13048.77     88.80597
      1129    783.0433    316.7586     1463.909     129.1623  17.0862   0.0958     0.00    0.070 -21.05   2      15.72     601.2776     46.97291
      1130    600.8644    314.1329     6913.023     100.2316  15.4008   0.0157    -2.30    0.294 -45.13   0        113     6343.832     69.48203
      1131    132.6512    314.0982     6539.325     221.5666  15.4612   0.0368     6.73    0.272   1.42   0      47.12     1514.262     51.09208
      1132    763.7840    313.0589     2122.717     162.3944  16.6828   0.0831     4.64    0.141  21.45   0      18.68     616.2476     47.27951
      1133    430.9480    312.8974     3219.924     188.2332  16.2304   0.0635     5.03    0.291  -3.00   0      26.52     846.6729     48.03074
      1134    343.6915    313.5349     814.8368     104.2334  17.7223   0.1389     4.13    0.654  18.35   0      12.41     357.4402     45.77794
      1135    924.4405    307.9114     34893.57     283.2082  13.6431   0.0088     8.02    0.209   0.34   2      170.5     6987.091     71.47795
      1136    719.9683    310.4823     3043.858       241.97  16.2914   0.0863     8.21    0.512 -28.28   0      19.85     455.7037     46.38244
      1137    651.9714    311.9796     3559.358     86.12392  16.1216   0.0263     0.00    0.097  35.85   3      76.66     3522.679     59.82099
      1138    655.2388    311.2960     1024.006     84.22225  17.4742   0.0893     2.32    0.150  87.09   3      19.52     884.7404     48.09582
      1139    592.4293    309.7650     2702.189     199.0352  16.4207   0.0800     9.15    0.343   9.93   0      20.96     522.7281     47.06311
      1140     97.4658    311.9100     2438.551       202.86  16.5322   0.0903     6.87    0.340   0.70   1      18.39     543.3589     46.69184
      1141    292.0681    310.1506     3642.553     232.6517  16.0965   0.0694     5.54    0.279  -3.25   0         26     782.6501     48.07275
      1142    396.7141    308.6159     2247.344     194.2969  16.6208   0.0939     3.37    0.451 -63.82   0      13.95     810.6199     48.09009
      1143    832.7743    308.4247     2483.719     208.2835  16.5122   0.0911     7.42    0.261 -11.84   0      18.71     521.6188     47.05775
      1144    365.5917    304.7785     4827.464     181.2415  15.7907   0.0408     9.38    0.309  -9.99   0      34.46     1017.882     49.17228
      1145    328.4294    305.3316     4905.958     112.8016  15.7732   0.0250     0.00    0.509  37.76   0      70.36     4216.087     62.22253
      1146    622.4993    303.1434     17835.65     256.0257  14.3718   0.0156     5.45    0.245   4.82   0      106.2      3753.64     60.23537
      1147     56.9761    304.2439     2146.682     215.0968  16.6706   0.1088     6.14    0.125 -15.55   0      15.91     464.8996     46.78302
      1148    753.6689    303.7485     1268.344     117.6111  17.2419   0.1007     6.64    0.657   1.86   0      14.39     425.2954     46.35252
      1149    274.8670    303.9959     10380.47     102.5565  14.9595   0.0107     0.00    0.103   0.01   0      135.4     10138.09      81.0152
      1150      6.3892    302.2447     2367.645     106.2745  16.5642   0.0487     2.80    0.371 -14.17  18      40.04     1650.633     52.22662
      1151    375.0062    301.2345     1293.105     106.5747  17.2209   0.0895     3.81    0.534 -89.06   0      26.77     914.6478     48.91914
      1152    709.9757    300.9727     57543.54     178.7613  13.1000   0.0034     4.30    0.046  45.67   0      348.3     56790.95     166.7075
      1153    643.1733    300.9874     1481.404     80.45374  17.0733   0.0590     0.99    0.110   1.25   0      39.35     1413.722     51.07727
      1154    563.0408    300.0168     18301.35     118.8202  14.3438   0.0071     4.44    0.114  21.72   0      196.7     18226.53     101.3566
      1155    943.1328    298.9359     3145.934     172.0426  16.2556   0.0594     6.47    0.116 -24.52   0      25.69     789.4078     47.98973
      1156    455.1908    291.8809     111395.8     325.3724  12.3828   0.0032     5.17    0.189   5.15   2      382.4     25414.85     116.2215
      1157    142.0694    298.9094     1392.497     81.90578  17.1405   0.0639     4.49    0.169 -62.57   0      41.02     1200.109     49.89687
      1158    336.7658    293.8594     39615.27     270.1176  13.5053   0.0074    13.54    0.348   3.89   2      187.3     8188.358     75.34734
      1159    106.6275    311.0262     9029.355     259.5106  15.1109   0.0312    10.90    0.297   1.96   0      57.59     1964.068     53.57323
      1160    359.7496    296.3407     1172.403     120.9019  17.3273   0.1120     4.42    0.595 -47.76   0      16.53     620.2151     47.29858
      1161    306.7865    295.4315     9863.874     205.7134  15.0149   0.0226     5.36    0.259   2.66   0       69.2     2344.931     55.26533
      1162    516.2161    293.2925     4141.639     125.2627  15.9571   0.0328     0.00    0.384  31.18   0      69.49      2925.96      57.1238
      1163    567.0746    293.8725     1318.222     81.69942  17.2000   0.0673     0.00    0.200 -62.87   0       38.8     1077.193     49.33382
      1164    127.4767    293.6410     1799.626       103.73  16.8620   0.0626     2.55    0.313 -36.11   0      33.59     1211.363     50.05856
      1165   1023.5339    290.4742     4431.945     88.39661  15.8835   0.0217    -0.18    0.599 -77.92  24       78.6     3655.939     58.08619
      1166    843.1844    291.3894     3536.419     224.6964  16.1286   0.0690     8.98    0.430  25.85   2         23     491.5696     46.67633
      1167    144.8615    287.5291     38933.93     283.0375  13.5242   0.0079     9.33    0.183   8.40   0      185.8     8014.863     74.82218
      1168    711.0002    289.9169     9523.479     278.9057  15.0530   0.0318     5.72    0.474  -2.88   0      55.97     1900.349     53.30223
      1169   1014.8715    289.9709     4476.792     228.0801  15.8726   0.0553     3.61    0.136  10.18  18      29.39     971.6534     48.95815
      1170   1006.0615    288.9239     1482.806     108.2615  17.0723   0.0793     6.00    0.575 -59.87   0      22.24     831.4871     48.30309
      1171    884.6822    290.4454     1765.368      153.127  16.8829   0.0942     2.65    0.330 -54.68   0      19.78     783.3486     47.84573
      1172    225.4132    290.7969     1395.304     108.0777  17.1383   0.0841     1.99    0.235  -8.20   3      28.74      1111.25     49.60195
      1173    229.4959    284.9539        24901     382.5738  14.0095   0.0167     9.11    0.284 -10.70   2      101.8     3512.216     59.31747
      1174    158.5913    289.9967     5067.962     105.5503  15.7379   0.0226     2.18    0.389   0.54   0      79.44     4520.066      63.3231
      1175    672.1132    288.9640     1156.734     82.93102  17.3419   0.0779     4.53    0.196 -30.32   0      34.89     928.3146     48.52945
      1176    543.0129    288.0060     13290.57     108.8146  14.6911   0.0089     4.23    0.024  27.01   0      165.2     13035.74      88.7726
      1177    816.8417    286.8853     2652.757     125.8669  16.4408   0.0515     5.59    0.270 -22.36   0      34.56     1419.608     50.77818
      1178    612.6920    284.5921     10759.11     267.2938  14.9206   0.0270     6.07    0.251   2.59   0      65.51     2179.707     54.27721
      1179    786.7584    282.6545     1206.407      102.422  17.2963   0.0922     3.79    0.540 -71.38   0      35.86      1125.47     49.77814
      1180    995.0043    282.8972     2287.882      201.324  16.6014   0.0956     6.33    0.607  -0.43   2      15.31     470.6446     46.57434
      1181    567.9117    277.4127     6688.214     300.9718  15.4367   0.0489    10.83    0.481 -38.71   2      34.66      839.879     48.22817
      1182    940.9851    280.0109     3542.471     168.5173  16.1267   0.0517     0.00    0.132  74.47   0      35.44     1629.477     51.92216
      1183    621.6128    281.0907     2224.067     117.1088  16.6321   0.0572     5.49    0.364 -34.11   1      30.15     1226.228     49.90514
      1184    392.7106    280.6134      7182.96     262.6632  15.3592   0.0397     5.53    0.293  12.12   0      42.51     1326.053      50.3577
      1185    114.4950    279.7704     3430.005     195.6754  16.1618   0.0620     5.39    0.214  25.27   2      25.47     775.1267     47.57503
      1186    111.0231    273.2876     2982.495      234.963  16.3136   0.0856     7.24    0.374  36.96   3      19.54     566.5516     46.80459
      1187    207.1021    278.7659     6222.765     165.5509  15.5150   0.0289     8.65    0.516 -85.61   0      71.03     3337.935     58.55166
      1188    834.4969    276.7587     4566.582     186.1801  15.8510   0.0443     6.68    0.281   0.32   0      35.28     1072.426     48.97469
      1189    738.1061    277.2901     1276.397      84.9006  17.2350   0.0722     2.97    0.268  70.75   0      30.49     900.5526     48.51325
      1190     58.7140    281.5479     8384.042     317.4026  15.1914   0.0411    12.01    0.320  19.19   2      46.55     1345.575     50.44573
      1191    652.5831    276.7607      3421.45     199.8549  16.1645   0.0634     8.80    0.620   0.33   0      25.01     627.9882     47.68468
      1192     43.2374    275.6452     3327.707     107.0257  16.1946   0.0349     5.81    0.493 -56.19   0      67.29     2754.199     56.63169
      1193    348.1178    273.3699     2769.839     179.4139  16.3939   0.0703     5.99    0.449 -76.58   0      25.64     1034.372     49.24844
      1194    419.7578    272.2347     7029.753     138.6104  15.3826   0.0214    -0.18    0.468  15.32   0      91.95     5196.094     65.78865
      1195    120.1044    274.0076     2926.353     84.43696  16.3342   0.0313     0.00    0.067   0.27   0      67.37     2903.197     57.22652
      1196    618.8200    272.0842     1694.699     84.39244  16.9273   0.0541     1.37    0.138  36.72   0      40.17     1578.438     51.48416
      1197      4.0990    271.5009     4887.234     139.0814  15.7773   0.0309     0.00    0.357  20.16  24      61.48     2646.052      55.7024
      1198    639.3868    291.3214     2636.096      221.302  16.4476   0.0912     5.90    0.113 -17.94   0      18.31      521.937     46.82396
      1199    384.2033    270.7218     2690.342     238.7634  16.4255   0.0964     6.96    0.200  53.27   0      17.53      548.844     46.95438
      1200    955.8873    270.0050     1194.946     79.64042  17.3066   0.0724     2.46    0.157   3.51   0       37.3       1003.2     49.21673
      1201    534.2167    267.2216     6537.833     204.7214  15.4614   0.0340     5.28    0.239   1.52   0      47.86     1613.392     52.06431
      1202    227.5265    262.1443     29139.16     350.9391  13.8388   0.0131    11.50    0.247  28.24   0      136.4     5091.286     65.25652
      1203    201.5049    268.5081     2723.394     201.1297  16.4122   0.0802     6.00    0.348   6.74   2      19.11     558.5178     46.88352
      1204    784.1048    264.3596      4930.23     232.1285  15.7678   0.0511     5.65    0.305  -5.71   2      32.72     970.0945     48.49748
      1205    502.7123    267.0119     2440.145     214.7646  16.5315   0.0956     6.28    0.115 -12.70   2      17.36     410.9127     46.16245
      1206    830.9277    265.7140      2101.84     94.67909  16.6935   0.0489     3.76    0.361  75.55   0         48     1580.342     51.49256
      1207    470.7616    265.1175     4944.221     125.6161  15.7648   0.0276     3.66    0.515  68.73   0      63.77      3085.93     57.75675
      1208     47.9997    265.7886     1201.458     89.45691  17.3007   0.0809     2.81    0.204 -88.90   0      27.29     799.6198     48.15292
      1209    914.9196    263.0976     2152.918     138.5836  16.6674   0.0699     5.46    0.174  -7.03   0      19.58     581.3517      46.8764
      1210    255.7471    263.3284     782.9972     94.42979  17.7656   0.1310     5.37    0.722  26.71   0      10.02     354.3028     45.88289
      1211    809.9570    261.9122     6755.558     95.63634  15.4258   0.0154     0.00    0.165  64.30   0      113.6     6421.882     69.65762
      1212     66.7803    258.5876     5861.737     139.6797  15.5799   0.0259     0.00    0.347 -67.36   0      82.87     4168.497     62.04846
      1213    948.7411    259.1041     2562.259     92.84979  16.4784   0.0394     2.45    0.308 -25.62   0      59.86     2195.468     54.13951
      1214     53.9227    278.0002     7347.314     95.59879  15.3347   0.0141    -6.76    0.064   2.99   3      111.8     7074.591     71.90941
      1215    749.0049    257.9975     51140.43     170.4262  13.2281   0.0036     0.00    0.007 -26.79   0      332.1     50860.89     158.3472
      1216   1014.0272    256.1055     1270.391     99.83495  17.2402   0.0853     3.35    0.462 -85.79   0      22.58     992.3256     48.60155
      1217    977.0394    256.9146      1552.54     82.34866  17.0224   0.0576     0.00    0.150 -59.95   0      46.71     1388.294     50.63782
      1218    895.1581    256.9810     1070.997     81.00876  17.4255   0.0821     2.80    0.182  -4.50   0      31.25     888.2349     48.79627
      1219    270.5245    253.0472     15415.06     277.2657  14.5301   0.0195     2.37    0.461  63.58   2      89.68     4841.773     64.38167
      1220    484.8556    254.1995     2363.851     212.7456  16.5660   0.0977     5.59    0.427  -8.96   0      16.07     447.8532     46.46299
      1221    641.7244    253.1127     1857.739     179.7974  16.8275   0.1051     6.14    0.241   2.36   0      15.03     399.8154     45.98783
      1222    348.0648    251.8409     6998.807     251.7637  15.3874   0.0391     5.32    0.279  -0.95   0      47.27     1550.269     51.57429
      1223    936.0549    250.1417     8093.977     102.8746  15.2296   0.0138    -3.32    0.234  67.36   1      122.5     7471.861     73.30507
      1224    795.2498    248.5182     1437.976     95.99324  17.1056   0.0725     2.67    0.427  62.84   0         33     1111.566      49.3802
      1225    707.8390    248.3442     1687.891     149.3586  16.9316   0.0961     6.53    0.540 -19.61   0      15.36     560.7125     47.12914
      1226     40.9872    248.0155       6082.2     92.54229  15.5398   0.0165     4.31    0.058 -45.06   0      108.8     5999.359     68.42676
      1227    860.4980    245.4881     2319.062     220.3504  16.5867   0.1032     7.02    0.453  80.25   0      15.63     396.9387     45.85331
      1228    483.5412    245.9032     2361.677     216.6026  16.5669   0.0996     4.17    0.602  59.56   0       17.8     797.7393     47.91404
      1229    422.3597    245.6243     5398.711     135.9097  15.6693   0.0273     0.00    0.430 -34.06   0      70.51     3585.185     60.05799
      1230   1009.9199    246.9243     2020.495     85.26531  16.7364   0.0458    -3.32    0.163  44.58   0      52.03     1694.775     51.88884
      1231    947.1121    236.0978     16921.28     238.4295  14.4289   0.0153    12.42    0.287  -6.07   3      102.2      3595.45     59.63552
      1232    939.8947    244.0313     8564.138     264.3784  15.1683   0.0335    12.40    0.241  -6.14   3      49.87     1315.934     50.09197
      1233    733.5078    245.7784     930.0057     88.76459  17.5788   0.1037     4.84    0.406 -10.92   0      20.48     811.6127     47.86455
      1234      2.9849    245.0113     10402.39     102.6051  14.9572   0.0107     4.26    0.001  55.77  24      143.3     9950.646     80.48764
      1235    969.0215    244.2873     1335.169     89.79597  17.1862   0.0730     3.24    0.090 -85.14   0      32.03     940.9789     48.58873
      1236    793.5481    254.6214     3564.429     195.1251  16.1200   0.0595     5.42    0.522   2.39   3      23.41     724.9659     47.91468
      1237    765.0276    254.0721     12200.46      107.802  14.7841   0.0096     0.00    0.178  71.02   0      161.3     12417.47     87.17536
      1238    214.0178    243.0907     2234.815     119.4642  16.6269   0.0581     2.42    0.146 -88.31   0      39.45     1260.096     49.94868
      1239    154.7663    243.1090     2600.561     163.0618  16.4623   0.0681     8.18    0.263  11.87   0      23.04     646.2581     46.95538
      1240    831.0065    242.9950     37354.56     150.9264  13.5691   0.0044     0.00    0.000  29.94   0      282.4     36977.84     136.9794
      1241    574.3999    241.8666     3247.839     223.7881  16.2210   0.0748     5.87    0.210  -1.57   0      23.86      687.942     47.85429
      1242    847.8002    232.8548     89305.86     333.1896  12.6228   0.0041    14.24    0.281  -3.34   2      318.1     16819.53     97.98203
      1243    626.9854    241.0113     4105.733     87.55388  15.9665   0.0232     0.00    0.022 -45.21   2      86.44     4027.908     61.53135
      1244    623.9131    237.9108     2574.892     85.12349  16.4731   0.0359     4.36    0.108  31.30   2      64.01     2343.851     54.85964
      1245    992.1251    238.0828     2334.585     144.7238  16.5795   0.0673     5.99    0.250  12.45   0      20.37      635.247     47.01966
      1246    373.5233    238.9951     848.8208      98.8706  17.6780   0.1265     5.68    0.637  -0.18   0      11.81     425.2605     46.35234
      1247    525.6093    236.5791     2242.458     168.4028  16.6232   0.0816     7.28    0.012 -53.05   0      21.29     820.2383     48.25013
      1248    160.8489    237.0777     6846.353     364.1878  15.4114   0.0578     6.53    0.281  10.11   1       28.3     699.9362     47.56413
      1249    118.0684    236.6167     2117.503     156.3215  16.6854   0.0802     5.57    0.377  83.08   0      21.91     926.8262     48.86277
      1250     35.9325    236.0950     3630.971     236.7587  16.0999   0.0708     8.74    0.465  20.02   0      23.23     645.1509     47.18471
      1251    323.8018    235.4613     3476.291     240.0862  16.1472   0.0750     8.71    0.454  -1.78   2      21.66     539.4912     47.02669
      1252    328.1171    231.3121     2823.341     94.95221  16.3731   0.0365     0.00    0.338  63.72   3      58.57     2252.903     54.48156
      1253     69.2089    235.5500     3513.131     108.6965  16.1358   0.0336     2.61    0.399  27.63   0      51.17     2865.834     57.17463
      1254   1002.1904    230.2951     2028.781     97.38198  16.7319   0.0521    -0.99    0.398  58.78   0      46.78      1744.59     52.42361
      1255    659.4971    230.9571     1870.844     158.5963  16.8199   0.0921     2.04    0.517  62.11   0      17.09     835.0648     47.86051
      1256    666.4590    228.1315     6140.349     263.8611  15.5295   0.0467     5.26    0.204   8.74   0       36.1     1107.156     49.58319
      1257    159.1727    230.0060     4165.675     87.70934  15.9508   0.0229     0.83    0.118  -2.33   0       81.8      4179.11     62.17622
      1258    137.7925    228.1484     4742.794     208.7591  15.8099   0.0478     5.61    0.230   2.14   0      33.94     1017.196     49.28131
      1259      4.2925    229.3316     1630.988     118.3098  16.9689   0.0788     5.32    0.508 -57.02  16       17.6     713.1089     47.51091
      1260    585.9687    228.0449     5114.919     90.13547  15.7279   0.0191     0.00    0.062 -55.54   0      97.75     5092.662     65.51472
      1261    739.6227    224.2656     5148.523     265.6176  15.7208   0.0560     9.67    0.095 -57.54   0         32     882.7758     48.65746
      1262     38.6065    223.4299     12760.14     293.0658  14.7354   0.0249    13.03    0.302 -20.85   0      71.42     2204.761     54.58477
      1263    748.0416    224.0153     15304.82     112.9432  14.5379   0.0080     4.36    0.079  25.70   0      176.7     14804.12     93.30853
      1264    721.0201    224.0192     3497.743     85.96117  16.1405   0.0267     4.36    0.090  45.52   0      80.78     3533.613     59.86251
      1265    578.3218    223.4937     1585.099     113.4535  16.9999   0.0777     4.48    0.588 -32.50   0      13.09     1064.127     49.27359
      1266    114.0031    224.8869     8889.033     103.2879  15.1279   0.0126     0.00    0.223 -89.30   0      131.3     8437.445      76.1675
      1267    333.4952    223.4567     2957.383     222.2538  16.3227   0.0816     5.28    0.314  -0.10   0      19.55     585.0233     46.77627
      1268     17.0392    223.7575     9031.161     107.5244  15.1106   0.0129     4.96    0.258 -80.99   0      126.2     8030.904      74.8709
      1269    802.1578    221.3844     7307.531     222.9734  15.3406   0.0331     5.06    0.260   5.28   0      52.84     1770.721     52.74662
      1270    394.7863    220.7202     16219.51     287.2091  14.4749   0.0192    14.03    0.474  12.27   0      87.95     2686.038     56.35749
      1271    878.1733    218.9027     5716.445     191.2238  15.6072   0.0363     5.19    0.214   6.95   0      43.03     1328.996      50.1512
      1272    566.9861    221.0072     8246.389     97.71283  15.2093   0.0129     4.24    0.028 -26.70   0      128.5     8062.607     74.96706
      1273    140.4024    220.5469     2975.539      213.398  16.3161   0.0779     3.95    0.037 -30.08   1       18.8     588.1018     47.14402
      1274    464.6881    219.7051      2280.51     168.4542  16.6049   0.0802     6.54    0.164  13.63   0      18.63      546.319     46.82435
      1275    509.2585    218.9055      2624.57     178.4577  16.4524   0.0738     6.36    0.482  14.91   0      22.49     871.7957     48.14946
      1276    290.2587    217.6037     1297.218     97.09215  17.2175   0.0813     3.36    0.431  62.67   0      25.39     970.7239     49.06653
      1277    676.8589    217.9420     2806.432     85.73946  16.3796   0.0332     4.50    0.161  21.20   0      63.94     2542.872     55.97485
      1278    120.7986    215.1649     17605.66     240.2333  14.3859   0.0148    12.75    0.384  -8.78   2      95.23     3276.493     58.87824
      1279    941.3841    213.7548     5959.557       183.41  15.5620   0.0334     5.52    0.286   6.58   0      45.24     1420.785     51.21664
      1280    578.6677    212.2924     4663.499     214.5456  15.8282   0.0500     0.00    0.309  -9.51   2      33.89     1529.188     51.37391
      1281    827.9122    213.5357     1527.983     150.9557  17.0397   0.1073     3.23    0.542 -25.47   0      15.53     754.3842     47.70795
      1282     87.1485    212.9104     1934.407      205.679  16.7836   0.1155     5.52    0.384 -10.23   0      14.65     423.5433     46.10495
      1283    905.7767    209.9977     2966.856     93.83492  16.3193   0.0343     4.80    0.246   0.41   0      66.73     2651.822     56.21933
      1284    238.4500    209.3199     1214.824     86.34979  17.2887   0.0772     1.23    0.128  34.03   0      28.21     1144.292     49.53059
      1285    129.9488    207.1507     8958.675     107.3711  15.1194   0.0130     0.00    0.292 -71.36   0      125.9     7810.133     74.34644
      1286   1019.9807    193.3145     14760.81     258.1414  14.5772   0.0190    15.13    0.414 -15.19  27      82.95     2636.235     55.95923
      1287   1022.1821    205.0943     12765.75     177.4425  14.7349   0.0151     6.08    0.163  89.58  27      94.47     3531.284     59.39048
      1288   1017.3842    200.4716     4504.028     192.6657  15.8660   0.0465     4.80    0.603  15.07  19      31.38     1134.623     49.81992
      1289    699.0126    208.0011     20721.88     123.3632  14.2089   0.0065     4.20    0.010   1.14   0      208.8     20702.34     106.6086
      1290    667.0453    205.0886     13203.01     377.7597  14.6983   0.0311    11.26    0.245 -20.11   0         63     1904.456     52.90377
      1291    493.2144    206.7922     3719.402     224.2665  16.0738   0.0655     9.47    0.578  24.04   0      22.11     583.8502     47.12352
      1292    442.6031    203.2936     72096.54      294.318  12.8552   0.0044     5.18    0.211   8.62   0        292     15792.03       95.569
      1293     50.6252    207.5236     3115.273     213.5468  16.2663   0.0744     8.03    0.382  11.41   0      21.28     573.3103     47.07266
      1294   1008.3430    215.4348     1803.383     150.4548  16.8598   0.0906     6.36    0.471  76.01   0      16.14     454.1178     46.49362
      1295    104.6159    202.0729     5111.329     252.2532  15.7287   0.0536     6.24    0.511  29.30   2      35.54     950.7938     48.97413
      1296    537.2959    205.0065     3431.926     99.22137  16.1612   0.0314     0.00    0.377   0.13   0      72.75     2971.737     57.49808
      1297    715.2098    201.2719     5780.775     277.8342  15.5950   0.0522     6.24    0.285 -11.11   2      31.82     907.5688     48.65975
      1298    702.4684    201.4870     1000.461     107.2441  17.4995   0.1164     3.17    0.658  71.56   0      12.38     369.0977     45.83577
      1299    486.3644    202.6387     5915.462     103.4292  15.5700   0.0190     1.47    0.282 -44.39   0      87.21     5849.607     67.92755
      1300    220.8055    201.2299     1083.996     100.7892  17.4124   0.1010     5.66    0.677  22.13   0      12.27     327.6273     46.11132
      1301    366.6224    198.5593     4516.518     179.3176  15.8630   0.0431     5.28    0.182  -2.15   0      32.59     1000.256     49.31525
      1302    355.8808    199.8833     5831.267     97.74799  15.5856   0.0182     4.86    0.271  45.05   0      104.1      5457.21     66.35247
      1303    389.0740    196.4573     1122.242     86.10577  17.3748   0.0833     3.64    0.486  60.54   0      24.32     864.9866     48.34634
      1304    293.3872    197.4702     2971.601     215.9666  16.3175   0.0789     6.59    0.384  -1.33   0      20.74     643.9917     47.41269
      1305    123.5390    196.4783     1531.624     105.7848  17.0371   0.0750     3.84    0.502 -44.20   0      27.66     909.6339     48.44189
      1306    781.2244    193.4669     1568.952     94.85817  17.0110   0.0657     2.81    0.405  64.84   0      33.46     1160.424     49.82675
      1307    147.1092    191.0507      41504.3     260.8117  13.4548   0.0068     5.47    0.227   1.38   0      202.6     9030.365     77.70365
      1308    641.0460    191.5993     8809.034     235.3095  15.1377   0.0290     5.37    0.251   0.21   0      60.16     1975.923      53.4171
      1309    278.1014    192.9361     2458.082     88.00705  16.5235   0.0389     1.71    0.289 -52.28   0      53.75      2061.04     53.57222
      1310    336.3528    191.9184     2574.357     230.4104  16.4733   0.0972     7.49    0.234  62.43   1       17.5     456.6823     46.26802
      1311    198.9976    190.7377     2934.347     103.5537  16.3312   0.0383     5.40    0.412 -89.87   3      42.37     2230.231     54.58963
      1312    196.8622    183.5340     59207.73     283.2176  13.0691   0.0052     5.36    0.203   4.99   2      256.5     12906.65     88.44149
      1313    996.5129    185.6922     18190.47     287.3264  14.3504   0.0172    13.20    0.211   6.05   0      102.8     3459.376     59.30124
      1314    809.3568    189.4026     3099.925     147.8011  16.2716   0.0518     5.84    0.464  49.91   0      47.72     1872.799     53.18463
      1315     35.4481    186.9096      2175.51     114.6302  16.6561   0.0572     5.58    0.469  41.46   0      45.92     1968.752     53.17926
      1316    894.1221    186.7815     1958.673     153.4136  16.7701   0.0851     6.49    0.509 -36.71   2      17.05     494.1458     46.80703
      1317    662.6339    181.2602     13005.28     278.7724  14.7147   0.0233    11.48    0.336   1.45   2      74.41     2484.384     55.53832
      1318    850.9888    186.4865     2823.475     243.4703  16.3730   0.0936     6.89    0.441  -6.47   2      18.33     445.7576     46.33368
      1319    371.8561    182.1362      13659.9     234.7126  14.6614   0.0187    12.34    0.282  16.27   2      81.03     2758.599     56.74676
      1320   1023.1901    181.9311     1980.973     138.3013  16.7578   0.0758     4.68    0.396 -89.15  24      18.46     697.5974     47.08606
      1321    581.7576    179.9521     2779.185     220.1982  16.3902   0.0860     6.57    0.504   5.08   0       16.9     525.2392     46.95776
      1322    167.4397    178.0065     9139.346      367.875  15.0977   0.0437    10.83    0.522  -9.34   0      36.86     871.3733     48.71767
      1323    752.0805    178.8660     1483.004     82.15653  17.0721   0.0602     2.71    0.214 -61.15   0       41.2     1235.603     49.94781
      1324    477.9920    178.7604     2981.281     86.20168  16.3140   0.0314     0.85    0.146  89.07   0      63.51     2890.521     57.36903
      1325    619.5681    175.2839     11522.39     227.2289  14.8461   0.0214     5.48    0.216  11.31   0      76.95     2532.139     55.63421
      1326     21.8500    177.9116     968.2592     80.72002  17.5350   0.0905     2.62    0.230  29.70   0      32.53     852.1248     48.17132
      1327    628.6819    176.3161     2429.888     95.46331  16.5360   0.0427     1.49    0.268 -44.48   0      49.64     2274.429     54.46997
      1328    607.5217    176.5245     978.4992     149.2036  17.5236   0.1656     5.85    0.651 -17.94   0      11.96     363.0959     45.68526
      1329    537.3812    176.4783     4375.824     164.6812  15.8974   0.0409     7.09    0.134 -14.67   0      51.86     2374.544     55.18718
      1330    503.1857    175.8743     2127.893     196.2791  16.6801   0.1002     6.94    0.469 -21.71   1      16.44     385.3594      46.2758
      1331    511.1362    175.9875     25455.49     135.9219  13.9855   0.0058     0.00    0.224  -8.25   0      227.6      24397.8     114.2154
      1332    256.0052    174.1303     12150.03     136.0237  14.7886   0.0122     3.43    0.562  89.82   0      113.4     6552.343     70.23943
      1333    224.3377    174.3399      3813.74     108.0528  16.0466   0.0308     2.50    0.437 -63.78   0       59.7     3039.331     57.76464
      1334    565.7338    173.6658     2614.578     228.0407  16.4565   0.0947     7.73    0.415 -10.10   0      18.09     415.7064     46.18604
      1335    589.6155    170.9865      4205.57     106.3071  15.9404   0.0275     0.00    0.338   7.15   0      78.24     3448.766     59.35369
      1336    791.6624    169.6412     4252.884     275.0797  15.9283   0.0702     7.83    0.315 -62.79   0      22.81     646.4579     47.42451
      1337    575.8544    176.1283     2629.839     244.9863  16.4502   0.1012     8.18    0.495 -81.80   0         17     315.7288     45.69143
      1338    457.0111    170.5922     3539.683     107.4748  16.1276   0.0330     2.27    0.351 -86.86   2      66.94     2999.368     57.60719
      1339    375.1159    170.9971     1313.726     79.97867  17.2037   0.0661     0.00    0.131  -4.05   0      39.84     1171.747     49.98898
      1340    272.8548    169.8403     8621.516     115.3622  15.1610   0.0145     5.43    0.379  46.60   0        129     8154.941     75.31984
      1341    439.6051    167.3831     1197.275     106.3701  17.3045   0.0965     3.74    0.542 -45.99   0      21.27     750.2343     47.91925
      1342    987.0026    166.9953     31834.31     142.3713  13.7428   0.0049     0.00    0.006 -84.48   0      260.8     31672.81     127.8748
      1343     97.5626    165.9535     3964.926     246.2217  16.0044   0.0674     9.01    0.464  23.28   0      25.22     654.2893     47.46202
      1344    699.9205    164.9142     1999.426     85.20914  16.7477   0.0463     4.63    0.214  44.33   0      52.96      1739.76     52.19144
      1345    806.9731    162.9002     1532.064     85.58226  17.0368   0.0607     3.76    0.269 -47.21   3      35.15     988.7261      48.4709
      1346    809.6702    159.1454     2455.618     192.3993  16.5246   0.0851     4.18    0.282  78.15   2      20.24     711.1727     47.61778
      1347     20.0695    162.9707     2077.188     82.11951  16.7063   0.0429     4.37    0.130 -30.23   0       57.5     1923.283     53.19266
      1348    323.7692    157.6613     8002.887     193.2088  15.2419   0.0262    10.22    0.244 -21.21   0      59.31      1913.39     53.15038
      1349   1008.9651    158.9774     3359.773     181.6861  16.1842   0.0587     5.51    0.258   9.70   0      27.65     830.3339     48.52584
      1350    401.0847    151.0013     2788.495     144.4823  16.3866   0.0563     1.52    0.247  31.61   3      39.88      1805.44       52.896
      1351    397.9468    158.1060     7663.819     276.3888  15.2889   0.0392    12.29    0.362  39.26   3       45.5     1239.378     49.85432
      1352    392.8981    150.4657     62208.86     310.6271  13.0154   0.0054    13.95    0.308  -1.60   3      243.2     10617.86     82.21584
      1353    181.4542    158.5800     2172.644     119.3458  16.6575   0.0597     5.19    0.541  74.19   0      23.58     1004.057     49.22068
      1354    933.2614    157.6032     4114.874     249.7003  15.9641   0.0659     9.33    0.181 -18.14   0      27.43     784.4274     48.19589
      1355    630.6426    158.4949     999.7983     103.3079  17.5002   0.1122     2.93    0.488 -18.16   0      17.83     743.1223      47.4219
      1356    440.6857    156.2600     7264.582     233.2217  15.3470   0.0349    10.63    0.137  17.69   0      46.97     1390.682     50.64854
      1357     81.0953    156.2560     5811.812     104.5306  15.5892   0.0195     0.00    0.394  69.93   0      102.6      5352.06     65.99133
      1358    707.6213    152.6530     101076.8     321.9662  12.4884   0.0035     5.19    0.205   5.61   0      359.1     21925.74     109.2361
      1359    217.6468    153.8469     16953.14     242.4794  14.4269   0.0155    12.25    0.264   1.83   0      101.3     3503.206     59.74696
      1360    837.9973    156.4985     1711.645     92.25294  16.9165   0.0585     2.34    0.354 -89.41   0      37.58     1392.288     50.87335
      1361    665.5870    156.7444     1006.317     90.49863  17.4932   0.0977     3.03    0.405 -14.75   0      23.95     835.2058     48.43475
      1362    524.7156    152.1065     14104.71     277.6853  14.6266   0.0214    12.47    0.203 -15.40   0      83.34     2651.539     56.11985
      1363    459.1627    152.7142     2662.916     195.4901  16.4366   0.0797     7.33    0.174 -29.66   2       20.4     535.6018     46.65406
      1364    296.0083    154.9987      20836.6     123.5743  14.2029   0.0064     0.00    0.009  -0.80   0      209.2     20631.95     106.4584
      1365    914.9804    151.0195     7904.327     314.8738  15.2553   0.0433     5.75    0.188   5.42   2      37.35     1088.883     49.72203
      1366    846.9978    152.8500     8369.211      106.116  15.1933   0.0138    -3.32    0.274 -89.36   0      124.8         7679     73.79495
      1367    620.4438    151.7390     2251.515       198.52  16.6188   0.0958     6.85    0.348  16.72   0      17.79     535.1688     46.88815
      1368    931.5057    149.9645     963.7437      126.108  17.5401   0.1421     4.94    0.531 -62.70   0      13.74     698.1125     47.20569
      1369    801.1329    149.6779     29101.41     150.3911  13.8402   0.0056     5.65    0.392 -72.60   0      232.8     25454.23     116.2035
      1370    346.9579    149.9513     1984.269      85.1687  16.7560   0.0466     4.50    0.166  45.11   0      55.47     1867.212     53.05675
      1371    141.4562    148.7121     3767.855       248.83  16.0598   0.0717     7.35    0.361   3.52   0      20.31     514.6649     46.55196
      1372    687.3389    147.8253     3681.395     96.98426  16.0850   0.0286     2.37    0.379 -27.64   0      71.02     3104.484     58.11554
      1373    181.9407    146.5282     1752.763     112.5689  16.8907   0.0697     3.35    0.161  45.81   0       32.3     1078.604     49.45214
      1374    285.7438    142.6859     2600.551     113.0528  16.4623   0.0472     4.71    0.537 -74.22   0      48.19     2156.159     53.97424
      1375    835.4539    143.2753     2716.257     165.7414  16.4151   0.0663     7.32    0.178 -28.56   0      22.86     647.4379     47.31261
      1376    922.2846    142.9839     5281.225     260.4829  15.6932   0.0536     6.39    0.285   9.49   0      33.73     961.8646     48.79963
      1377    275.1826    140.9799     18966.23     251.0484  14.3050   0.0144     6.81    0.252   3.80   1      111.2     4071.594      61.8713
      1378    829.4310    160.0006     1809.718     155.8734  16.8560   0.0935     2.88    0.347   2.16   0      17.52     679.0963     47.81227
      1379    950.0288    141.9572     13181.18     108.5858  14.7001   0.0089    -9.58    0.065 -67.02   0        163     12981.23     88.75748
      1380     76.0013    141.9961     56794.32     177.8062  13.1142   0.0034     0.00    0.006 -89.08   0      350.3     56539.77     166.2983
      1381    504.0122    140.9896     2119.189     105.7418  16.6846   0.0542     4.84    0.537 -14.53   2      50.05     1598.149     51.78485
      1382    506.0002    137.0008     13236.34     108.7012  14.6956   0.0089     0.00    0.039  70.87   3      166.2     13201.26     89.19536
      1383    404.0313    141.0242      4036.78      87.3747  15.9849   0.0235     4.28    0.063  30.39   0      86.36     3918.807     61.30749
      1384     36.7527    137.5199     8245.062     258.8228  15.2095   0.0341    13.70    0.486 -41.98   2      41.93     671.5998     47.31194
      1385     40.9984    131.0033      13574.8     109.4066  14.6682   0.0088  -108.71    0.004 -58.37   3      167.6     13453.79     89.83652
      1386    810.0859    139.0117     19890.79     124.0687  14.2534   0.0068     0.00    0.186   6.79   0      202.5     19352.06     103.6368
      1387    304.0657    137.9989     6396.168     93.31017  15.4852   0.0158     4.27    0.048   0.85   0      107.9     6343.094      69.7177
      1388    180.0242    137.9547     4268.894     87.97639  15.9242   0.0224     0.00    0.079 -60.41   0      86.86     3998.493     61.60219
      1389     60.9977    137.4445     1849.461      89.5596  16.8324   0.0526     1.17    0.175 -88.65   0      44.27     2022.571     53.82084
      1390    965.6329    136.5468     1622.078     111.0684  16.9748   0.0744     4.35    0.576 -33.98   0      27.88     1178.436     49.90884
      1391    491.1152    133.0816     7636.498     343.6264  15.2928   0.0489     9.44    0.453  17.09   2      36.03     561.5725     46.89833
      1392    410.6492    134.5228     1962.374     109.2636  16.7680   0.0605     4.15    0.549 -56.81   0      33.88     1500.893     51.24858
      1393    795.2573    133.0511     3048.438     99.73329  16.2898   0.0355     1.72    0.249  61.61   0      56.91     2839.786     57.07099
      1394    665.0000    133.9706     1133.625     136.9018  17.3638   0.1312     4.35    0.498  59.34   2      12.05     401.9955     46.47643
      1395    280.8773    129.5146     10833.31     228.9637  14.9131   0.0230     0.00    0.539 -27.19   3      74.27     3256.815      58.3307
      1396    748.8116    129.1703     14275.47     134.4906  14.6135   0.0102     6.38    0.044 -43.23   0      153.5     11868.29     85.79605
      1397      8.1529    129.0848     5862.674     105.9525  15.5798   0.0196     5.39    0.179  15.30   0      103.5     5459.486     66.44344
      1398    977.0489    128.4791     1857.273     118.7437  16.8278   0.0694     4.75    0.403 -59.44   3      25.15     1021.205     49.07522
      1399    982.7164    125.9483     5912.636     245.2134  15.5705   0.0450    11.28    0.426 -16.03   2      37.08     1049.891     49.09552
      1400    895.6813    130.0224     2848.431     93.54765  16.3635   0.0357     2.06    0.294  -1.34   0      58.93     2278.594     54.68971
      1401    805.9820    126.9450     9011.786     100.8557  15.1130   0.0122     0.00    0.153  64.36   3      132.1     8509.802      76.3831
      1402    809.9558    126.2408     1125.221       92.305  17.3719   0.0891     5.33    0.439 -22.60   3      18.67     954.0641     48.76329
      1403    355.3454    125.9790     6445.839     134.6066  15.4768   0.0227     7.03    0.458 -15.95   0      85.06     4220.725     62.32814
      1404    186.6693    124.5567     5139.928     222.6215  15.7226   0.0470     6.58    0.295  11.45   3      34.65     951.5807     48.86488
      1405    180.6525    118.9790     6959.248     238.7786  15.3936   0.0373    13.24    0.222 -10.01   3      43.96     1246.644     50.32835
      1406    639.4901    123.8658     2732.342     201.8251  16.4087   0.0802     5.78    0.234 -16.10   0      20.51     640.4075     47.16186
      1407    237.2610    123.6472       1979.9     102.7895  16.7584   0.0564     2.74    0.366 -71.12   0      37.48     1270.182     50.32489
      1408     96.1002    124.8056     1481.528     82.15245  17.0732   0.0602     2.28    0.025  30.58   0      37.99     1324.622     50.57015
      1409    590.1254    121.9334     6402.437     220.8017  15.4841   0.0375     8.65    0.331   4.40   0      44.58     1329.955     50.48483
      1410    745.8406    121.0464     4379.651     268.0675  15.8964   0.0665     9.35    0.159 -59.75   1      27.37     779.5255     47.94291
      1411    328.9148    124.8477     3637.241     95.44482  16.0981   0.0285     4.95    0.268  68.15   0      77.07     3216.066     58.26658
      1412    925.1075    120.8642     4146.091     238.9923  15.9559   0.0626     5.80    0.179  71.34   2      27.43     715.1292     47.52058
      1413    126.2800    121.5721     5295.364      274.937  15.6903   0.0564     6.55    0.235   2.25   2      23.36     392.7897     46.19286
      1414    774.3549    117.4873      1515.76     133.4584  17.0484   0.0956     2.94    0.417 -67.10   0      24.15      921.692     48.49843
      1415    271.0869    117.3273     2741.508     201.8355  16.4050   0.0800     7.35    0.417   6.90   0      19.32     543.1455     46.57236
      1416    218.6695    115.3592     3212.269     238.1027  16.2330   0.0805     8.26    0.437  22.66   0      20.55     563.5797     47.02565
      1417   1019.9262    114.3033     3259.126     170.5808  16.2172   0.0568    10.25    0.242 -14.79  16      24.17     557.0166        46.64
      1418    877.9963    115.7739     2459.157     127.6981  16.5230   0.0564     0.00    0.167  89.68   0      40.13     1425.888     51.13137
      1419    733.2039    115.1942      2043.35     91.57083  16.7241   0.0487     3.45    0.329  44.40   0      50.99     1682.995      52.1559
      1420    128.6425    115.0944     3688.818     143.9862  16.0828   0.0424     5.53    0.238  -0.51   0      51.01     2091.863     53.59988
      1421    739.2994    109.4847     5531.622     288.8431  15.6429   0.0567    11.58    0.431   5.79   0      32.43     895.2179     48.25989
      1422     34.9385    111.8745     2952.083     86.12467  16.3247   0.0317     0.00    0.053  70.06   0      62.03     2613.117     56.06264
      1423    965.6094    110.8344     2004.783     92.97231  16.7448   0.0504     2.59    0.369  25.59   0      45.45     1573.099     51.88813
      1424    210.1064    106.7501     11898.04     262.5374  14.8113   0.0240     8.86    0.212  18.52   0      75.92     2374.052     54.78334
      1425    142.1880    109.4473     4356.377     254.3017  15.9022   0.0634     9.26    0.412  18.48   0      27.47     774.6031     48.26412
      1426    996.8751    108.0527     4951.678     95.68102  15.7631   0.0210     0.00    0.202 -26.06   0      93.95     4615.301     63.57718
      1427    948.2194    108.2233     2901.478     193.6396  16.3435   0.0725     8.24    0.298  32.14   0      23.41     626.4208     47.56122
      1428    637.9788    108.9970     8083.792     97.33391  15.2310   0.0131     4.23    0.029  -3.74   0      127.2      7928.22     74.55854
      1429    255.0599    107.7513     2992.706     161.9106  16.3098   0.0588     4.76    0.578 -13.65   0       24.3     364.0042     46.05102
      1430    698.5864    107.9980     1628.918     92.04891  16.9703   0.0614     2.29    0.323  -1.97   0      41.18     1404.318     50.92706
      1431    154.0323    106.6191     3192.391     213.6289  16.2397   0.0727     8.41    0.176 -41.98   0      23.79     640.7498     47.62964
      1432    340.1271    102.9410     7150.562     217.7991  15.3641   0.0331    12.18    0.238  -4.07   0      46.59     1353.616     50.59124
      1433     89.3770    103.4746     14993.74     363.2045  14.5602   0.0263    13.36    0.150   3.94   0      70.47     1848.689     52.87299
      1434    275.2861    128.2844     2380.782     118.5828  16.5582   0.0541     0.00    0.153 -44.24   3      39.97     1521.835     51.34137
      1435    948.0152    100.9725     6434.358     93.40314  15.4787   0.0158     4.27    0.051 -61.01   0      110.5     6148.665     69.08097
      1436    554.9516     99.3726     3435.118     234.2243  16.1601   0.0740     5.86    0.164  15.69   2      23.54     658.0123     47.71194
      1437    441.0318    100.0162     4315.843      88.0976  15.9123   0.0222     0.00    0.059  29.58   0      89.63     4200.919     62.34454
      1438    753.5761     97.8233     3357.509      258.265  16.1850   0.0835     6.80    0.256  -6.85   0      17.44     397.1521     46.45273
      1439    447.5983     97.9840     1696.832     90.70672  16.9259   0.0581     2.22    0.321   1.30   0      41.24     1504.656     51.37289
      1440    240.7369     95.9813     895.6071     108.3042  17.6197   0.1313     6.17    0.719 -69.07   0      13.76     355.3946     46.00851
      1441    784.0386     95.0593     12881.51     115.3761  14.7251   0.0097     0.00    0.201 -18.09   0        158     11981.27     86.03064
      1442    959.0975     92.9337     7884.131     205.5398  15.2581   0.0283     5.22    0.163   7.34   0      55.16     1740.518     52.19474
      1443    993.0737     93.9844     1688.817     81.03754  16.9310   0.0521     4.42    0.125   3.93   0       45.9     1335.467     50.72787
      1444      2.1880     90.5691     3378.397     169.9289  16.1782   0.0546     7.84    0.482 -81.56  24      29.57     948.6212     49.07672
      1445    372.7939     91.2227     3260.351     225.0314  16.2168   0.0750     5.69    0.152  -1.37   0      22.03     650.6389     47.56081
      1446     44.9889     91.9832     15907.96     114.1505  14.4960   0.0078     0.00    0.023  57.11   0      180.7     15654.18     95.24062
      1447    756.0729     89.1764     4553.811     94.73124  15.8541   0.0226     4.80    0.255  63.14   0      85.65     3933.316     61.18097
      1448    610.3188     88.3927     4205.643     286.8367  15.9404   0.0741    10.11    0.167  16.76   0      24.66     632.2917     47.47306
      1449    929.6668     89.2987     1122.186     100.8753  17.3748   0.0976     5.52    0.470  23.84   0      18.26     722.2969     47.43856
      1450    658.6442     87.8525     7266.934     269.9934  15.3466   0.0403     8.99    0.179   9.73   0      44.78     1339.337      50.7452
      1451    967.0009     85.0252     12712.23     107.5998  14.7394   0.0092     0.00    0.020 -89.19   0      160.8     12747.57     88.09447
      1452     76.1240     94.8761     6560.298     251.9163  15.4577   0.0417    10.61    0.280   2.33   0      42.64     1129.569      49.3512
      1453    669.7419     85.6363     7891.493     285.4211  15.2571   0.0393     2.76    0.366  15.93   3      46.94     750.6849     47.92139
      1454    679.7499     87.2502     19721.09     389.8935  14.2627   0.0215    13.90    0.168 -38.88   0      102.6     2959.308      57.6409
      1455    774.8701     84.0244     1560.474     155.5096  17.0169   0.1082     2.48    0.377   1.38   0      15.74     736.9908     47.97168
      1456    223.9815     79.9492     2768.825      159.012  16.3943   0.0624     5.87    0.542  89.51   0      37.69     1641.389     52.08044
      1457    833.9676     79.2511     15902.05     277.1669  14.4964   0.0189    12.84    0.325   9.37   0      91.74     3202.787     58.40421
      1458     64.9986     81.9924     25178.64     131.3175  13.9974   0.0057     0.00    0.014  75.12   0      229.2     24725.92     114.8664
      1459    895.0101     80.9916     21462.78     124.7207  14.1708   0.0063     0.00    0.030 -37.35   2      211.8     21249.88     107.7696
      1460    349.6180     78.2734     3715.053     110.3761  16.0751   0.0323     0.00    0.494 -36.79   0      69.84     3139.054     58.25057
      1461     32.9803     79.6110     7762.235     116.0611  15.2750   0.0162     0.00    0.418 -89.36   0      111.4     6492.465     70.04542
      1462    968.4664     78.9304     986.8806     94.91922  17.5143   0.1045     3.04    0.417   4.04   0      22.81     806.6509     48.07133
      1463    861.6242     78.5417     1595.735     101.9366  16.9926   0.0694     3.62    0.461  44.38   0      35.51     1223.051      50.1116
      1464     51.9366     77.6687     2969.423     195.1397  16.3183   0.0714     7.70    0.374 -27.16   0      26.68      994.527     48.95152
      1465    504.4838     77.4980     3196.869     226.1915  16.2382   0.0768     7.58    0.308   4.82   2      22.02     550.3508      46.6075
      1466    407.3504     76.3751      1215.37     96.90037  17.2882   0.0866     2.85    0.411 -59.01   0      24.36     966.1356     49.15776
      1467    544.8224     74.5981     2814.837      230.048  16.3764   0.0888     7.19    0.424  15.02   2       20.8      470.343     46.57286
      1468    216.6991     75.0349     3980.729     229.9994  16.0001   0.0627     5.88    0.236  11.00   2      24.64      648.743      46.9674
      1469      4.5534     73.2998     2072.184     98.88954  16.7089   0.0518     2.79    0.389 -50.80  19      37.13     1714.519     51.76228
      1470      2.4384     66.6372     21827.69     198.6736  14.1525   0.0099     7.79    0.409 -85.01  26      142.1     6315.371     69.46843
      1471     16.9518     71.0072     8636.663     196.0771  15.1591   0.0247     0.00    0.247 -87.45   1      77.08     4432.712      63.0964
      1472    282.9974     78.9860     1888.583     81.59587  16.8097   0.0469     4.20    0.014 -53.80   2      54.06     1850.675     52.88152
      1473    376.8114     70.7537     1804.573     176.6303  16.8591   0.1063     1.59    0.529  28.23   0      14.72     549.4266     47.19186
      1474    246.1071     68.1037     3526.477     87.62732  16.1316   0.0270     0.00    0.150  45.00   0      74.65     3419.554     59.05497
      1475    182.4550     67.5423     1300.558     128.8746  17.2147   0.1076     7.29    0.657 -36.03   0      15.04      447.105     46.69649
      1476    764.4623     63.4531     872.7992     133.3981  17.6477   0.1660     4.66    0.608 -40.80   2     -1.088      657.095     47.47546
      1477    145.0182     67.9786     7129.645      95.0799  15.3673   0.0145     0.00    0.058 -60.82   0      117.6     6901.466     71.51477
      1478    993.7722     65.1097     4576.868     132.4597  15.8486   0.0314     2.57    0.364  79.32   0      59.89     2733.594     56.25515
      1479    729.8954     66.1286     1898.338     193.1748  16.8041   0.1105     5.17    0.398   6.66   0      13.64      368.274     45.71102
      1480    339.6673     62.7271     5987.722     288.2453  15.5568   0.0523    10.92    0.589  31.40   2      30.95     823.0634     48.14886
      1481    205.9770     64.1016     6114.286      95.5562  15.5341   0.0170     0.00    0.183 -77.98   0      106.2     5708.514      67.1255
      1482    642.3115     62.3991     16833.02     302.2069  14.4346   0.0195     6.15    0.256  12.29   0      94.03     3212.908     58.44358
      1483    580.2232     62.8928     9209.573      109.173  15.0894   0.0129     4.99    0.291 -25.92   0      128.8     8175.075     75.08691
      1484   1019.3348     61.5881     1093.398     121.8914  17.4031   0.1211     4.35    0.547   6.25  16      17.55     654.2187     47.46169
      1485     72.4721     59.6616      5144.31     243.3681  15.7217   0.0514     4.53    0.309 -60.36   0      33.67     1713.734     52.28967
      1486    503.9251     59.1631     3408.728     244.5812  16.1685   0.0779     6.53    0.243   6.23   0      21.69     640.8875     47.39781
      1487    434.8522     59.6905     15147.53     120.9042  14.5491   0.0087     5.17    0.338  63.70   0      163.2     13052.66     88.69146
      1488    229.9886     65.7691     877.5959     83.82623  17.6418   0.1037     2.86    0.236  88.97   0      27.43     746.0099     48.12929
      1489    887.0752     58.9747     13750.25     112.2581  14.6542   0.0089     0.00    0.182 -18.72   0      169.4     13713.34     90.49075
      1490    960.2697     57.1470         2876     208.7111  16.3530   0.0788     8.58    0.383   6.08   0      20.16     523.1501     46.71176
      1491    527.6741     64.4068     2069.337     201.7627  16.7104   0.1059     5.77    0.274   4.04   0      14.21      431.747     46.26491
      1492    245.9898     57.9948     8276.612      97.7831  15.2054   0.0128     4.24    0.031  27.62   0      128.3     8111.138     75.11405
      1493    773.9989     56.7543     2007.211     83.59409  16.7435   0.0452     4.58    0.101 -26.59   3      49.55     1805.409     52.79135
      1494    774.8448     53.6464     7298.592     240.8277  15.3419   0.0358     6.16    0.409   1.05   2      48.56     1497.312     51.44786
      1495    741.8817     55.0246     3725.935     188.1106  16.0719   0.0548     0.00    0.299  -6.90   2      28.69     1420.717     51.00019
      1496    737.0434     53.0730     2070.378     82.10067  16.7099   0.0431     0.00    0.105  61.89   3      52.21     1816.962     52.73643
      1497    619.7729     56.1577      2467.36     89.58583  16.5194   0.0394     4.78    0.244 -38.50   0      58.16     2224.446     54.66667
      1498    228.4634     55.3848     5409.195      239.038  15.6672   0.0480     6.00    0.293   5.26   0      35.37     1052.177     49.33054
      1499    591.0740     54.0619     7045.729     97.74646  15.3802   0.0151     0.00    0.198  42.66   0      116.4     6775.383     70.95745
      1500    199.8462     54.8342     17530.82     127.4891  14.3905   0.0079     5.23    0.351  46.76   0      180.2     15513.71     94.96301
      1501    297.7256     53.4795     3116.274      242.038  16.2659   0.0843     8.03    0.398 -36.81   0      20.42     441.5326     46.07382
      1502    333.7224     54.0291     2736.584     93.27553  16.4070   0.0370     1.93    0.288  -4.73   0      49.98     2294.237     54.75468
      1503    239.8390     53.2309     2189.236     192.0844  16.6493   0.0953     2.91    0.306  -8.68   0       17.3     551.9918     47.08706
      1504    707.2805     49.9775     18798.62      277.549  14.3147   0.0160    13.04    0.288  -1.00   3      104.3     3598.546     59.92447
      1505    717.7777     48.2234     25916.08      281.361  13.9661   0.0118     5.52    0.209   2.92   3      139.2     5174.245     65.79713
      1506    986.0347     50.0024     3641.649     86.34081  16.0968   0.0257     0.00    0.057  -1.16   0      81.97     3556.429     59.94907
      1507    452.0919     48.7607     4154.225     100.8623  15.9538   0.0264     5.24    0.372 -72.12   0      83.25     3717.774      60.0999
      1508    733.7986     46.6658     2560.801     221.8479  16.4791   0.0941     6.63    0.268 -34.75   0      17.73     528.9453     47.09312
      1509    269.9206     47.7720     5864.755     103.3177  15.5794   0.0191     0.00    0.346  69.73   0      100.2      5231.57     65.82724
      1510    679.4626     53.4977     1987.169     199.6055  16.7544   0.1091     0.00    0.471 -65.98   0      16.14     455.2545       46.261
      1511    194.0060     43.7347     7098.164     248.5421  15.3721   0.0380     1.03    0.147  89.99   2      60.28     824.8784     48.27198
      1512    119.5843     45.5345      3189.52     147.9388  16.2407   0.0504     2.56    0.289  13.86   0      27.56     957.0275     48.89021
      1513    910.3566     41.2783     7177.311     304.5316  15.3601   0.0461    10.93    0.278   5.77   2      36.85     958.3951     48.78347
      1514    891.0021     45.2745     1144.816      81.2156  17.3532   0.0770     1.45    0.135  89.46   1         32     1204.849     50.02898
      1515    830.5624     41.3558     2366.716     145.7249  16.5646   0.0669     8.19    0.741  78.45   0      21.25     947.4894     48.95879
      1516    940.9571     36.0730     8281.327     99.19598  15.2048   0.0130     4.56    0.166 -62.78   2      125.3     7740.524     73.98418
      1517    832.6195   1022.0175     2347.194     100.8975  16.5736   0.0467     5.48    0.429   0.34  16      44.83     1924.493     53.40508
      1518    932.9996     20.0005     58158.72     179.5417  13.0885   0.0034     0.00    0.001  41.22   3      354.6     58104.29     168.4229
      1519    522.9035     41.9595     4084.867     288.6608  15.9721   0.0767     8.23    0.602 -17.67   0      20.84     574.2321     46.60545
      1520    244.2074     41.0484     7299.706      110.251  15.3417   0.0164     1.28    0.196 -89.36   3      93.29     6075.611     68.75993
      1521    245.1534     37.6043     7287.119     110.2251  15.3436   0.0164     1.39    0.131 -34.10   3      98.79     6682.505     70.73746
      1522    202.8663     41.7109     2334.321     93.77441  16.5796   0.0436     2.43    0.339  63.67   0      57.09     2049.589     53.52362
      1523    995.6266     39.6361     3194.744     224.3505  16.2389   0.0763     9.94    0.142 -11.15   3      25.58      910.017     48.89761
      1524    999.9987     38.0149     16121.45     114.5747  14.4815   0.0077     0.00    0.020 -87.59   3      182.3     15812.61     95.61793
      1525    769.1931     40.3671      3686.11     135.0753  16.0836   0.0398     0.16    0.688  36.94   0      48.73     2507.401     55.83064
      1526    649.6425     40.2122     2102.893     144.3595  16.6930   0.0746     3.05    0.350 -30.11   2      24.24     1033.312     49.46736
      1527    555.3276     40.2032     3656.437     205.5677  16.0924   0.0611     5.87    0.324   2.89   0       27.5     831.1131     48.30133
      1528    590.6831     38.3431     3473.098     212.6324  16.1482   0.0665     8.49    0.425  26.08   0      24.43     608.9472     47.01001
      1529     10.4459     38.2457      2210.72     113.4897  16.6387   0.0558     5.10    0.412 -67.83   0      32.94     1676.447     52.12735
      1530      1.8270     36.8029      1553.96     99.09465  17.0214   0.0693     6.01    0.511 -82.14  24      19.38     651.0577     47.09602
      1531    721.8450     34.8497     1412.421     91.51281  17.1251   0.0704     3.90    0.362  41.06   2      38.14     1070.105     49.52472
      1532    717.1007     31.9013     837.3636     83.71709  17.6927   0.1086     0.00    0.200  29.76   2       25.2     709.1826     47.14194
      1533    674.3873     32.7503     2000.652     202.3688  16.7471   0.1099     1.89    0.430  18.74   2      14.85     464.3344     46.66205
      1534   1023.5407     33.0486     1306.516     92.75031  17.2097   0.0771     3.35    0.631  88.18  24      18.65     752.3038     45.32297
      1535    823.9984     32.9999     11591.67     105.2064  14.8396   0.0099     0.00    0.001  37.63   3        155     11575.39     84.95164
      1536    816.8978     29.9178     32483.89     436.3549  13.7208   0.0146     7.42    0.381 -10.32   2      127.5     1443.556     50.77658
      1537    494.3488     33.4355     2863.367     228.8926  16.3578   0.0868     7.03    0.337  -5.09   0      17.39     445.1392     46.33065
      1538    462.9497     33.2647     1423.103     86.89626  17.1169   0.0663     3.36    0.284 -66.68   0      35.38     1055.347     49.34514
      1539     18.4665     32.2289     5620.505     193.9783  15.6256   0.0375    10.90    0.412  24.79   0      41.18     1232.648      50.1551
      1540    917.1126     30.9917     7314.326      327.778  15.3396   0.0487    10.77    0.178 -56.09   1      32.77     977.7801     48.98658
      1541    557.7543     31.3361     3099.747     264.9033  16.2717   0.0928     4.06    0.226 -32.37   0      18.56     460.3951      46.5243
      1542    471.9196     32.9168     1217.719     83.09798  17.2861   0.0741     0.00    0.232  45.55   0      39.41     1062.432     49.04104
      1543   1015.3667     31.5834     1148.909     99.55802  17.3493   0.0941     4.07    0.536  25.25  17      17.46     708.1267     48.06511
      1544    834.4908     30.7302     1400.947     95.90553  17.1339   0.0743     3.04    0.439 -24.74   0      28.42     973.7079     48.85476
      1545    591.0185     30.0070     46131.39     163.6101  13.3400   0.0039     0.00    0.035  24.86   0      313.9     45566.14      150.556
      1546    155.2814     27.6029     1601.021     105.9338  16.9890   0.0719     3.00    0.336 -72.46   0      33.62     1090.058      49.6162
      1547    425.0169   1021.8140     1259.985     79.82581  17.2491   0.0688     1.15    0.128 -89.38  16      33.01     1161.748     49.83279
      1548    805.4636   1018.6696      3462.49     235.4268  16.1515   0.0738     9.18    0.466 -46.12  16      22.76     582.1368     46.99788
      1549    466.1048     25.1040     5907.523     95.06316  15.5715   0.0175     0.00    0.248  44.66   0      104.8     5548.415     66.82964
      1550    604.9912     23.2207     1416.019     172.9653  17.1223   0.1327     4.23    0.388 -88.93   2      15.71      740.302     47.87213
      1551    343.9954     24.0308     5070.893     90.02438  15.7373   0.0193   -13.57    0.035  19.76   0      97.07     4821.042     64.56559
      1552     83.6244     23.8440     1860.812     203.5728  16.8257   0.1188     5.95    0.669  24.39   0      14.52     339.3626     46.16913
      1553    478.0973     22.5316     1076.613     85.98525  17.4199   0.0867     1.78    0.522  27.07   0      17.71     852.4095     48.17266
      1554    370.1780     22.1806     1034.321     89.03127  17.4634   0.0935     4.16    0.356  44.82   0      21.67     733.6562     48.07092
      1555     65.2247     23.0455     2780.118     184.7354  16.3898   0.0722     2.38    0.416  -4.82   0      20.52     1039.988     49.49803
      1556    790.7755   1020.7862     3691.021     252.0683  16.0821   0.0742     7.02    0.631 -11.86  16      18.43     589.5721      47.2681
      1557    959.2391     17.7738     2981.493     230.8116  16.3139   0.0841     7.31    0.047 -32.69   0      20.15     583.2751      47.3546
      1558    740.0357     19.0006     5862.169     92.00034  15.5799   0.0170     4.26    0.043   0.44   0      105.6     5626.957     67.34271
      1559    696.3499     18.1245     1453.436      162.308  17.0940   0.1213     6.79    0.320  27.09   0       16.9     628.5806     47.22194
      1560    342.0382     18.8949     3922.083     87.07585  16.0162   0.0241     4.41    0.084 -41.99   0      80.09     3750.853     60.13307
      1561    216.9472     20.0047     3732.825     86.58047  16.0699   0.0252     0.00    0.066  -2.45   1      82.05     3523.233     59.73069
      1562    189.8154   1020.7154     1850.771     102.5036  16.8316   0.0601     5.17    0.376  52.59  16      42.54     1376.163     50.69242
      1563    608.0357     15.0436     2779.351     84.04034  16.3901   0.0328     0.00    0.118  44.23   0      69.98      2770.15       56.793
      1564     12.9045   1014.4161     4156.035     255.7475  15.9533   0.0668     2.10    0.384  88.10  18      24.37     1066.429     49.05956
      1565     77.6389   1016.2394     4479.325     200.3663  15.8720   0.0486     9.35    0.167  42.10  16      34.96     1039.625     49.27267
      1566    203.9003     13.9721     5523.656     95.59646  15.6444   0.0188     4.66    0.205  15.72   0      100.1     5129.249      65.1347
      1567    732.9113   1014.9580      5285.56     96.47083  15.6923   0.0198     4.72    0.236  26.88   0      94.65     4633.352     63.55482
      1568    503.5217   1014.6254     1639.498        128.4  16.9632   0.0851     3.06    0.395  41.39   0       24.4     1012.593     49.14783
      1569    477.5659   1014.5975     1597.404     156.4486  16.9915   0.1064     2.70    0.034 -36.01   0      16.91     595.8683       47.415
      1570    557.5815   1012.9724     856.6874     93.13601  17.6679   0.1181     4.63    0.646  58.36   0      11.71     538.5619     47.13951
      1571    192.5766   1010.8561     17570.82     254.7086  14.3880   0.0157     8.76    0.379  -2.21  18      89.46     2375.413     55.09058
      1572    951.0309   1010.4140     1208.481     123.2314  17.2944   0.1107     5.86    0.679 -56.79   0         13     268.1524     45.81725
      1573    790.1013   1010.3171     2336.952     93.78078  16.5784   0.0436     2.05    0.226 -84.32   0      48.34     1966.719     53.06659
      1574    941.0441   1010.4999     731.7808     83.42995  17.8390   0.1238     4.70    0.534 -26.06   0      14.05     722.1024     47.20419
      1575    439.7346   1009.9853     4916.458     224.8631  15.7709   0.0497     4.54    0.326   7.53   0      36.53     1258.977     50.27427
      1576    827.2029   1008.3840     3395.931     258.8328  16.1726   0.0828     0.97    0.559  38.89   0      18.54     411.6669     46.28564
      1577    309.9650   1023.0190     5354.224     86.05048  15.6783   0.0175     4.28    0.054 -27.44  24      100.4     5183.911     65.91436
      1578    387.2857   1010.2144     2643.888     219.4302  16.4444   0.0901     6.13    0.433  -1.40   2      17.03     397.7836     46.09776
      1579    271.9786   1010.1847     1328.264     137.2245  17.1918   0.1122     5.41    0.477 -13.03   0      13.47     406.5248     46.37963
      1580    166.0551   1007.9121     2913.139     174.1303  16.3391   0.0649     2.90    0.543  88.55   0       29.7     1382.107     50.61005
      1581    738.9946   1007.0309     2172.337     183.9862  16.6577   0.0920     7.53    0.234 -39.03   0      17.09     466.3416     46.79002
      1582    398.9877   1007.9915     49034.15     167.5938  13.2738   0.0037     0.00    0.031  29.97   0      323.7     48425.34      154.812
      1583   1008.0836   1002.9551     6798.616     95.73862  15.4189   0.0153    -4.75    0.148 -35.03   2      109.6     6220.857     68.99862
      1584    768.0558   1004.9279     8560.034     281.5735  15.1688   0.0357    11.53    0.424 -10.12   1      52.47     1846.495     52.75897
      1585    915.9189   1004.8990     3843.464     86.87041  16.0382   0.0245     4.40    0.028 -55.58   0      74.29     3867.224     60.66242
      1586    724.8384   1004.1967      894.282     97.56995  17.6213   0.1185     4.42    0.661 -44.65   0      11.93      461.439      46.7662
      1587    567.1688   1004.8218     1140.696     89.30241  17.3571   0.0850     3.73    0.343 -44.30   0      37.82     1013.459     49.37607
      1588    554.4777   1004.0034     2514.963     198.1256  16.4987   0.0856     7.55    0.364   6.46   0      21.08     684.3315     47.60567
      1589    463.5776   1004.9995     2822.869     104.6368  16.3733   0.0403     5.55    0.409   1.33   0      57.44     2294.103     54.75412
