#   1 NUMBER                 Running object number                                     
#   2 X_IMAGE                Object position along x                                    [pixel]
#   3 Y_IMAGE                Object position along y                                    [pixel]
#   4 FLUX_AUTO              Flux within a Kron-like elliptical aperture                [count]
#   5 FLUXERR_AUTO           RMS error for AUTO flux                                    [count]
#   6 MAG_AUTO               Kron-like elliptical aperture magnitude                    [mag]
#   7 MAGERR_AUTO            RMS error for AUTO magnitude                               [mag]
#   8 FWHM_IMAGE             FWHM assuming a gaussian core                              [pixel]
#   9 ELLIPTICITY            1 - B_IMAGE/A_IMAGE                                       
#  10 THETA_IMAGE            Position angle (CCW/x)                                     [deg]
#  11 FLAGS                  Extraction flags                                          
#  12 SNR_WIN                Gaussian-weighted SNR                                     
#  13 FLUX_APER              Flux vector within fixed circular aperture(s)              [count]
#  14 FLUXERR_APER           RMS error vector for aperture flux(es)                     [count]
         1    760.4088     42.2561     102600.2     885.9033  12.4721   0.0094    21.82    0.659  -8.78   2      161.9     5189.351     96.30396
         2    963.4278     25.0642     26133.05     614.0745  13.9570   0.0255     9.08    0.346   1.37   3      70.55     3020.038     90.82703
         3    975.6453     19.3191     200132.8     805.2923  11.7467   0.0044     8.85    0.244  54.00  18      386.7     20225.02     126.4606
         4    862.2091     23.7374     53732.93     546.1966  13.1744   0.0110     8.85    0.319  -4.41   0      149.4     6644.551     99.67902
         5    719.6666     19.2159     9611.777     597.4537  15.0430   0.0675    10.13    0.424 -11.58   3      24.39     900.9744     85.36005
         6    827.4953     14.4842     715394.7     849.3938  10.3636   0.0013    14.33    0.335 -12.07  16      972.5     81976.98     210.0005
         7    607.2224     22.6200     26694.09     775.0752  13.9340   0.0315    14.27    0.432 -34.45  19      44.93     1050.268     86.20849
         8    557.0509     14.4552     339412.2      672.657  11.1732   0.0022     8.93    0.293  -2.39  16      614.4     41018.52     159.9978
         9    342.0211     17.0605     80189.99     619.8188  12.7397   0.0084     8.05    0.381  -2.69  18      195.9     8333.732     103.2708
        10    127.0195     18.2983     40063.85     1097.788  13.4931   0.0298    20.31    0.579  -3.52  16       61.4     1855.291     87.19841
        11    258.3850     17.6162     76009.73     550.9991  12.7978   0.0079     8.87    0.304   0.13  16      199.1     9218.232     105.1994
        12     31.3784     16.8701     59614.43     613.8123  13.0616   0.0112    10.37    0.368  -0.20  16      150.1     6460.716     99.25899
        13   1005.4297     11.3949     17034.87     535.2628  14.4217   0.0341    14.38    0.170  -3.69  18      40.93     1453.001     87.26376
        14    617.0333     13.0749     3737.313     151.8795  16.0686   0.0441     4.40    0.132  60.87   0      67.68     3395.862     91.76263
        15    768.0063     12.9535     6562.139     152.9055  15.4574   0.0253     4.26    0.057 -89.88   0      103.8     6381.106     99.27242
        16    222.7889     10.5663     11171.25     667.1407  14.8797   0.0649     9.62    0.306 -10.79  16      23.81     742.8354     85.62134
        17    935.1081     10.8968     10683.35     549.6125  14.9282   0.0559     7.44    0.544 -19.55  16      20.18     717.2469     84.41045
        18    676.7209      6.6486     6598.463     526.2185  15.4514   0.0866     5.92    0.559  -5.04  18      24.08     1295.171     86.17812
        19    662.9871      5.3610     6532.162     345.7241  15.4624   0.0575    10.47    0.375   0.79  16       25.1     1117.536     86.61023
        20    925.8453      3.1719     15773.83     340.5225  14.5052   0.0234    10.54    0.415 -29.87  26       77.6     3146.579     91.56841
        21    913.8838      2.5039     4812.933     321.2521  15.7940   0.0725    10.51    0.741   3.30  19      22.78         1212      85.7322
        22    600.6003      3.5678     16737.58     372.4695  14.4408   0.0242    10.40    0.540  -4.00  24       59.3     2703.986     90.46322
        23    370.1747      3.4461     4123.697     258.7499  15.9618   0.0681     7.74    0.633  -4.58  18      19.18     1094.012     86.32374
        24    166.4967      3.1073     22475.68     432.4267  14.1207   0.0209    12.44    0.587  -2.12  24      77.73     3888.709     92.55645
        25    985.2931      2.6892     3246.875     236.3655  16.2213   0.0791     7.17    0.744  -1.32  16      15.45     1064.419      85.5674
        26    789.9373      2.0414     25227.07     305.0509  13.9953   0.0131     9.95    0.691  -0.84  24      102.8     5969.811     97.93036
        27    302.6378      2.3328      6808.82     273.8086  15.4173   0.0437     8.82    0.670  -1.95  24       29.2     1635.233     87.29314
        28    275.0001      2.9961      58532.3     216.8015  13.0815   0.0040     0.00    0.006 -85.23  24      350.2     57995.95     182.3146
        29    766.3811      2.5629     3338.743     196.0281  16.1910   0.0638     5.79    0.740  -0.48  16      15.95     1051.688     86.43726
        30    872.0804   1001.1658     8318.813     502.4282  15.1998   0.0656     9.16    0.434  -9.44   0      26.32     1096.004     85.87776
        31    839.5010   1023.0467     9139.205     354.3539  15.0977   0.0421     4.17    0.594   5.27  26      34.56     2162.089     87.77338
        32    774.3411   1020.8112     14211.27     271.0708  14.6184   0.0207     7.86    0.430  -7.48  18      118.6     9178.481     105.2981
        33    542.0204   1022.9840     14158.21      366.943  14.6225   0.0281     9.54    0.660  -1.11  24      54.23     2874.279     90.67606
        34    206.9309   1021.0585     28245.09     418.3847  13.8726   0.0161     9.94    0.491  -2.41  24       89.3     4126.788     93.55543
        35    600.3804    998.2162     8440.471     532.5139  15.1841   0.0685     9.24    0.514  -4.19   2       22.4     943.7144     85.70075
        36    506.6554    998.7719     4637.166     378.0824  15.8344   0.0885     7.85    0.554   8.18   0      18.98     842.2558     85.20358
        37    948.1463    995.0839     33576.34     477.4691  13.6849   0.0154     9.94    0.399  -2.07   0      101.8     4976.428     95.18989
        38    655.6134    994.2981     28057.16     440.8927  13.8799   0.0171     8.22    0.407  -4.30   0      90.31     4359.115     94.11813
        39    727.5219    992.0401     17430.18     438.7138  14.3967   0.0273    13.14    0.512  -2.43   0      51.26      2160.96     88.65134
        40    288.4408    991.6520      19178.9     551.3555  14.2929   0.0312     9.74    0.424  -3.29   0      54.87     2238.844     89.06915
        41    987.4794    991.9792     9824.486     620.6572  15.0192   0.0686    10.56    0.324 -11.14   0      24.05     796.9195     85.31057
        42    240.1328    987.6104     157136.3     942.4908  12.0093   0.0065    11.31    0.343  40.30   3      279.3     11212.24     109.4225
        43     52.4381    992.6916     4488.868     313.3674  15.8697   0.0758     5.99    0.423  18.84   0       23.3     1913.361     87.34964
        44     24.2673    992.0969     11151.74      616.434  14.8816   0.0600    10.28    0.435  -9.05   2      25.53      1192.89     85.68153
        45    362.2799    989.4786     11980.19     323.2927  14.8038   0.0293     7.48    0.349  37.71   0      86.81     6515.282     98.59889
        46    309.2418    990.4666     9242.876      466.784  15.0855   0.0548     8.07    0.406  -5.29   0      32.07     1253.391     86.29327
        47    586.8691    985.4205     11301.57     468.8224  14.8672   0.0451    11.37    0.506  -3.75   0      36.23     1546.354     87.28428
        48     48.8666    986.5423     5379.563     356.0501  15.6731   0.0719     3.14    0.393  75.13   1      18.16     1271.656     86.34136
        49    933.1895    985.9847      6044.71     276.7064  15.5466   0.0497     3.89    0.551  -0.31   0      35.99     2507.276     89.53478
        50    212.4135    981.8652     47208.66      1447.14  13.3149   0.0333    18.67    0.691  -1.91   1      80.35     1341.642     86.52538
        51    530.2165    982.0715     11563.68     597.3834  14.8423   0.0561     8.41    0.537 -21.90   0      22.15      708.152     85.07376
        52    670.4419    980.3358     2662.861     308.9118  16.4366   0.1260     2.56    0.655  71.28   0      12.14     637.5582      84.6558
        53    767.0048    975.7018     249493.8     610.5272  11.5074   0.0027     8.82    0.348  -4.09   0      507.2     33510.72     148.6908
        54    350.3524    977.4426     22066.99     861.0572  14.1406   0.0424    15.42    0.571  14.20   0      39.35     1619.239     87.47385
        55    888.1168    974.5019     56619.04     643.6272  13.1176   0.0123    19.35    0.088  19.15   0        134     5056.209     95.17629
        56    614.7203    976.4325        89484     837.9319  12.6206   0.0102    11.32    0.435 -18.94   2      173.5      8261.33     103.1114
        57    540.9957    979.0129     16674.92     167.2627  14.4448   0.0109     4.25    0.030 -62.49   0        175     15900.31     118.7612
        58     41.0218    977.5884      6909.58      463.556  15.4014   0.0729     8.69    0.554  -6.01   0      22.33     954.1252     85.72836
        59    221.6845    969.5939     158205.4     609.1568  12.0019   0.0042     8.95    0.356  -2.28   1      356.4     20282.29     127.0231
        60    425.4800    971.9128     77017.61     625.6797  12.7835   0.0088    11.44    0.449 -30.98   0      190.2     8350.218     102.9303
        61     18.8749    971.2035     16174.86     589.3278  14.4779   0.0396    11.00    0.382   1.00   2       48.5     1446.995     86.80167
        62    972.4123    972.1113     30745.25     363.9694  13.7806   0.0129     1.73    0.638  -9.58   0      165.2     10413.02     107.3885
        63    585.8567    969.4424     20628.36     772.0374  14.2138   0.0406    12.03    0.456  -3.24   0      40.44     1523.817     87.22558
        64    387.8405    966.4565     16682.75     580.3911  14.4443   0.0378    11.09    0.418  -3.39   2      51.56     2135.387     88.58575
        65    359.9941    967.9681     12086.98     600.0155  14.7942   0.0539     8.68    0.444  -3.17   2      32.36     1485.462     87.34827
        66    568.6609    969.1786     4428.114     428.5393  15.8845   0.1051     6.86    0.554   3.57   0      15.86     655.7302     84.70457
        67    133.0846    967.9500     3311.007     151.2402  16.2001   0.0496     0.00    0.148 -30.82   0      64.16     3086.482     90.56516
        68    171.7813    965.8308     10222.91       396.41  14.9761   0.0421    12.04    0.457  -1.59   0      34.57     1477.421     87.32734
        69     48.6128    963.8593     62652.38     565.5691  13.0077   0.0098     9.51    0.392  -4.41   0        172     8548.212     103.9289
        70    919.2844    963.6186     16806.48       448.25  14.4363   0.0290     9.27    0.433  -3.56   0      52.67     2399.366     89.04254
        71    553.3531    976.0102     16252.46     690.3082  14.4727   0.0461    12.72    0.395 -20.46   0      37.03     1642.432     87.75574
        72    142.6069    963.2946     8511.598       370.05  15.1750   0.0472    11.31    0.495  -7.53   0       31.7     1337.364     86.51414
        73    664.7769    959.1815     115822.6     838.1207  12.3405   0.0079     0.00    0.510   9.05   2      207.4     17079.03     121.3166
        74    380.2888    970.3568     17586.55     209.5996  14.3870   0.0129     2.60    0.453 -26.97   3        136      14325.7     115.3724
        75    572.0323    963.9473     4585.051      149.938  15.8466   0.0355     4.39    0.118 -61.50   0      77.72     4202.927     93.74021
        76    263.1168    960.1819     35321.59     214.8618  13.6299   0.0066     0.00    0.369  57.73   0        260     32997.36      147.904
        77    808.5084    962.1274     7445.584     442.3819  15.3203   0.0645    10.13    0.568  -0.04   3       21.7     907.3804     84.92083
        78    796.3754    958.1805     35197.43     626.0128  13.6337   0.0193    16.69    0.424  22.43   3      80.26     3394.106     92.18072
        79    789.7808    951.4048     10327.39     373.7713  14.9650   0.0393     8.51    0.547  12.03   3      41.92      3397.31     91.76621
        80    742.4004    960.1697     13196.05     565.4451  14.6989   0.0465    13.25    0.207   8.80   0      38.19     1304.575     86.87634
        81    115.8385    961.3242     13641.28     393.4584  14.6629   0.0313    12.02    0.470  -3.52   0      48.93      2334.37      89.0948
        82     65.3345    958.7617     15680.31     463.6654  14.5116   0.0321    11.36    0.432  -7.02   2      43.27     1496.487     86.93116
        83    888.7592    957.4968     78421.04      581.137  12.7639   0.0080    12.72    0.499   8.52   0      200.6     9337.805      104.718
        84    532.1094    957.8204     103283.3      588.309  12.4649   0.0062    14.02    0.349   3.17   2      248.5     11751.34      110.008
        85    685.2670    958.8810     13971.59     599.1099  14.6369   0.0466     9.11    0.406  -2.85   0         38     1584.621     86.71438
        86    501.6635    957.5607     22916.15     471.3384  14.0996   0.0223    13.21    0.429  -1.22   0      70.23     3112.356     91.05775
        87    232.2812    957.6670     12187.58     527.7075  14.7852   0.0470    10.49    0.489  -4.87   0      34.55     1470.694     86.41527
        88    574.0361    957.9350     4673.843     150.0726  15.8258   0.0349     4.35    0.103 -62.29   0      80.26     4392.593     94.19893
        89    430.3612    957.1149     4742.794     367.7281  15.8099   0.0842     7.91    0.614  -7.83   0      17.66     745.8972     84.48755
        90    288.8849    957.1249     2738.932     270.4093  16.4060   0.1072     5.90    0.541 -45.25   0      18.43     1295.131     85.72599
        91    282.7442    956.0970     30822.66     202.9943  13.7778   0.0072     5.06    0.287 -22.51   0      231.6     26868.26     137.7429
        92    202.8450    956.8362     9551.468     163.3447  15.0498   0.0186     0.00    0.180  47.09   0      117.3     9199.966     105.3445
        93    986.2452    953.7474     6517.011     459.1519  15.4649   0.0765     6.99    0.418  -6.49   0      24.24     1200.187     86.37822
        94    768.9971    954.6594     2790.205     150.4556  16.3859   0.0586     1.37    0.137 -89.36   0      42.15     2636.476     90.07806
        95    141.3652    953.4527     52044.54     251.9522  13.2091   0.0053     3.87    0.548 -56.36   0      282.4     43018.99     162.5758
        96    755.6578    949.5338     10299.54     353.7271  14.9680   0.0373     1.51    0.542   2.58   0      40.58     1135.708     85.98277
        97    321.9897    948.5706     13844.12     659.2694  14.6468   0.0517    12.00    0.462   1.00   0       32.3     1219.933     86.43016
        98     35.7867    948.9170     9814.959     493.3571  15.0203   0.0546    11.32    0.513  -0.88   0      30.14     1331.156     86.49784
        99    565.7349    947.2621     6603.695     459.1949  15.4505   0.0755    10.53    0.497   6.64   0       22.6     960.3879      85.5181
       100    199.3173    947.4607     30518.03     987.6533  13.7886   0.0351    18.75    0.760  23.71   3      45.72     3288.874     91.07164
       101    194.8971    942.1051     8866.008       173.94  15.1307   0.0213     0.00    0.246 -26.67   3      97.25     7057.088     99.83996
       102    193.2662    939.2795     8426.103     310.0057  15.1859   0.0400     0.00    0.447 -37.34   3      58.26      4413.65     93.83659
       103    355.8992    946.3033     5374.179     434.6636  15.6742   0.0878     7.48    0.484  -2.76   0      17.74     773.5132      84.1011
       104   1006.5233    945.5467     10853.69     621.8154  14.9111   0.0622     8.18    0.499  -7.10   2         34      718.829     84.64452
       105    826.0038    945.7841     9379.986     160.1007  15.0695   0.0185     0.92    0.127  88.43   0      117.7     9946.883      106.762
       106    612.6224    942.8154     42849.66     289.1071  13.4201   0.0073     0.00    0.534  22.03   2      279.1     38538.63     156.3113
       107    602.0630    942.9984     3535.744      148.339  16.1288   0.0456     0.00    0.123  61.89   3      62.26     3182.615     91.44562
       108    650.7764    941.4883      12598.8     634.8137  14.7492   0.0547    10.05    0.428  -4.70   3      30.19     1244.311     85.81782
       109    643.1346    937.7457     14783.55     560.0452  14.5756   0.0411     9.10    0.568  -1.04   3      27.51     894.6234     85.34315
       110    623.3643    939.4261     15478.81     610.9141  14.5257   0.0429    12.26    0.438 -47.81   2      45.55     1885.375     88.38268
       111    481.6738    938.2012     48756.52     561.6891  13.2799   0.0125    15.49    0.492   2.75   0      130.3      6200.87     98.46513
       112    175.5388    938.4189     11605.82     643.5781  14.8383   0.0602    12.20    0.419   7.83   0      30.22     1178.837     86.09669
       113    401.5201    936.9958     143264.8     528.9402  12.1097   0.0040     0.00    0.556   0.75   2      357.3     35882.38     152.4002
       114    314.9412    938.9055     14247.36     669.6399  14.6157   0.0510    10.40    0.439  -8.22   0      27.01     957.4871     84.82613
       115    144.6100    935.0042      9672.03      381.097  15.0362   0.0428    11.73    0.461   0.39   0       33.2     1403.901     86.68877
       116    557.4836    935.6931     6462.189     412.3117  15.4741   0.0693     5.77    0.507   1.88   2      22.78     1042.055     85.50798
       117   1013.9030    934.1335      13697.7     594.1215  14.6584   0.0471     9.92    0.599   7.82  18      52.97     965.0652     85.07507
       118    989.1293    933.9582     4555.417     156.2388  15.8537   0.0372     0.00    0.165 -12.07   0      74.12     4011.769      93.2756
       119    743.2425    932.5689     32965.09     741.0798  13.7049   0.0244    12.14    0.424   5.34   2      112.1     1471.336      87.3115
       120    907.8657    932.6731     4846.012     414.9461  15.7865   0.0930     7.67    0.522 -12.54   0      18.37     764.4786       84.767
       121    845.2283    925.2342     23810.12     731.6589  14.0581   0.0334    16.70    0.180  74.89   0      51.36     1120.408      86.3932
       122    329.1809    930.5320     10753.65     596.2612  14.9211   0.0602     9.23    0.564   1.66   0      24.67     893.4738     85.56741
       123    121.0028    925.9998     26903.99     248.5264  13.9255   0.0100     0.00    0.245  89.32   2      232.3     26508.69     137.5726
       124    912.1239    923.9291     22082.26      648.766  14.1399   0.0319    12.19    0.298 -11.21   0      59.69     2518.758     89.12907
       125    660.9814    926.2972     10620.64     392.9476  14.9346   0.0402    11.98    0.339   8.95   0      34.25     1357.028     85.88993
       126    417.6028    926.4004      79809.8     955.6993  12.7449   0.0130    12.06    0.512  14.89   2      148.7     2869.877     90.45051
       127    692.7247    920.7745     13449.84     521.7756  14.6782   0.0421    11.86    0.505  -3.10   3      45.26     1690.287     87.43636
       128    720.7462    916.0765     151030.9     565.0184  12.0523   0.0041     8.87    0.389  -3.56   2      354.7     21081.65     128.1426
       129    703.5853    915.5945     16241.24     701.4707  14.4735   0.0469    11.00    0.501  -0.32   3       30.5     1252.432     86.29074
       130    154.6741    920.8024     7174.027     334.7335  15.3606   0.0507    10.29    0.360  20.14   0      25.91     1010.347     85.65077
       131    315.2804    920.8223      3086.37     185.5454  16.2764   0.0653     2.21    0.283 -39.40   0      34.79     2463.008     89.42234
       132    803.5720    917.7364     12151.78      552.861  14.7884   0.0494    10.32    0.440  -4.01   0      38.55     1795.568     87.48783
       133    348.9101    918.2848     17530.12     690.0253  14.3905   0.0427    10.54    0.610  -6.49   3      29.19     1089.417     85.63377
       134    337.8600    914.6909     38729.86     585.6535  13.5299   0.0164    14.72    0.507   1.02   3      108.6     4981.803     95.20271
       135    875.3818    917.1512     5105.745     388.4967  15.7299   0.0826     9.15    0.457   9.78   0      19.18     821.4607     85.60316
       136    856.4052    915.2941     19318.03     691.3168  14.2851   0.0389    13.45    0.376  -4.37   2      47.82     2166.781     88.66626
       137    783.1010    917.4982     6176.672     458.9834  15.5231   0.0807     9.19    0.638  -5.00   0      19.85     846.9409     84.06853
       138    434.5639    913.4503     86589.58      550.956  12.6563   0.0069     9.09    0.385  -3.08   2      220.1     11062.74     108.9333
       139    394.8458    917.5455     14607.74      671.934  14.5885   0.0500     9.58    0.636  -7.01   2       28.4     987.3184     85.81631
       140    586.0729    917.0283     5433.614     151.2188  15.6623   0.0302     0.00    0.108  28.09   0      85.68     4895.351     95.40422
       141    750.2957    908.2509     510244.2     848.8187  10.7306   0.0018    21.66    0.445 -13.34   0      753.7      52722.5     175.2856
       142    673.9607    914.7061     1763.531     170.2037  16.8840   0.1048     3.30    0.591  13.98   0      14.33      1148.79     85.10919
       143     61.7621    915.4285     3578.487     353.5275  16.1158   0.1073     5.82    0.595  -4.36   0      13.51     650.3255     84.91914
       144    488.0917    911.6809     24368.63      591.659  14.0329   0.0264     8.84    0.439  -0.15   2      58.57     2484.073     89.25848
       145    213.3709    910.7206     82669.23     524.9243  12.7066   0.0069     8.97    0.380  -1.76   0      219.8     11367.91     109.7453
       146   1020.1899    910.2760     34801.55     449.7872  13.6460   0.0140     8.59    0.215 -11.31  24      114.3      5339.48     96.45643
       147    263.2393    908.6380     11506.37     615.7765  14.8477   0.0581    10.77    0.477  -8.44   2       28.8      1136.41     85.98462
       148    918.8843    909.3569     39853.29     475.3665  13.4988   0.0130    10.83    0.416  -5.79   0      117.5     5372.538     96.13097
       149    523.4435    905.9259     119958.3     669.2556  12.3024   0.0061     9.93    0.066  45.90   0      258.9     8893.719      104.496
       150    183.0683    911.3020     10275.97     640.8388  14.9704   0.0677     8.44    0.395 -10.48   0      21.47     701.9481     84.36924
       151    601.1266    907.2484     14379.83     625.4368  14.6056   0.0472    12.08    0.423  -7.17   0      38.68     1693.894      87.2233
       152    560.9294    908.3070     21536.21     555.8324  14.1671   0.0280     9.47    0.433  -3.60   0      67.69     3046.781     90.67995
       153    132.5793    907.6387     20242.21     388.6011  14.2344   0.0208     0.00    0.426  -3.74   0      79.14     6476.429     99.68547
       154    626.0998    904.2263     90909.97     804.6204  12.6035   0.0096     8.88    0.394  -1.94   0      175.5     8450.098     102.5841
       155    374.1972    909.1943     28103.07     987.5892  13.8781   0.0382    15.91    0.727  -9.12   0      35.42     1252.724     86.29151
       156      6.1998    906.2078     10738.44     488.8399  14.9226   0.0494     0.97    0.565   7.97  16      28.82     814.8916     85.13055
       157    989.0020    902.5406     75993.45     654.1552  12.7981   0.0093    16.64    0.274   1.08   0      183.7     7239.858     101.0272
       158    229.7256    902.5568     15311.72     578.1765  14.5374   0.0410    10.19    0.475  -2.16   0      45.63     1968.806     88.15734
       159    841.6697    895.6057     54027.29     678.7279  13.1685   0.0136    11.11    0.549   4.58   3      134.5     6179.498     98.41579
       160    847.2882    886.9066     260703.4     739.4896  11.4596   0.0031     8.76    0.357  23.51   3      507.9      33635.8     148.7513
       161    416.9722    900.0287     24200.65     177.1937  14.0404   0.0080     4.28    0.056 -44.17   0      215.8     23738.44     133.2093
       162    352.5043    896.9969     21426.67     215.9833  14.1726   0.0109     5.76    0.467 -63.46   0      135.6     19439.88      125.352
       163    265.2122    897.1088     8645.806     516.8677  15.1580   0.0649    10.46    0.525  -0.09   0      26.76     1078.994     85.37888
       164    245.0726    896.3107        11473     556.9589  14.8508   0.0527    11.61    0.532  -7.81   0      35.67     1455.675     86.37576
       165    166.3720    895.7982     20894.98     621.5804  14.1999   0.0323    14.27    0.553  -1.96   0      58.31     2600.662     90.20326
       166    288.5603    895.9000     4592.243     410.0972  15.8449   0.0970     6.70    0.483 -13.73   0      16.91     771.8997     83.86543
       167     71.5143    892.4955      14695.4     400.1814  14.5820   0.0296     9.35    0.417   0.31   0      47.92     1965.705      87.9287
       168    821.4560    890.1460     15413.35     746.8154  14.5303   0.0526    14.08    0.341 -32.17   0       32.2     919.4536     85.86293
       169    928.4944    891.2618     5525.997      323.262  15.6440   0.0635     6.73    0.431 -11.89   0      20.94     978.0674     85.10979
       170    796.9457    889.1644     8673.751     580.6019  15.1545   0.0727     9.74    0.619  -9.64   3      21.05     1020.973     85.67896
       171    791.4145    883.5954     19700.24     713.5645  14.2638   0.0393    14.61    0.433   8.78   2      47.83     1884.884     87.94072
       172    427.6252    886.7697     40402.46      681.316  13.4840   0.0183     8.70    0.358   4.12   0      102.8     4558.108     95.00725
       173    401.5568    888.9260     7083.663      510.504  15.3744   0.0783     9.67    0.576  -1.00   0      22.31       878.02     85.29892
       174    225.4345    889.9875     3471.825     298.3205  16.1486   0.0933     0.01    0.210  -0.83   3      15.61     1128.704     86.63953
       175    230.7522    888.3459     5175.702     442.3136  15.7151   0.0928     3.58    0.503 -22.63   2      17.38     952.6252     85.72438
       176    765.9488    885.0099     19154.61     722.8585  14.2943   0.0410     7.58    0.555   6.31   2      47.51     879.0027     85.52897
       177    130.3312    885.7725     9597.016     504.9334  15.0447   0.0571    11.93    0.309  -8.84   0      29.65     1215.683      86.1939
       178     30.0004    887.4631     5103.618     198.0637  15.7303   0.0421     3.50    0.484 -89.69   0      61.72     3729.309     93.00349
       179     63.1081    884.2411     26909.13     492.3713  13.9253   0.0199    11.96    0.432  -4.22   2       75.4     3348.637     91.00746
       180    381.8586    883.9998     3848.561      250.881  16.0368   0.0708     7.90    0.641  -8.12   0      16.77      806.421     85.10793
       181    183.9545    883.9557     5954.314     155.1616  15.5629   0.0283     0.00    0.128  44.91   0      96.07     5737.077     97.58801
       182   1005.8959    880.2150      19472.5     642.5823  14.2764   0.0358    19.17    0.759   4.24  18      35.54     1316.466     86.23426
       183   1003.1440    873.6113     21001.61     721.4222  14.1944   0.0373    14.12    0.335   1.65   3      49.18     1873.973     88.13322
       184    811.6006    881.1517     9156.883     579.1162  15.0956   0.0687    10.09    0.449  -1.25   0      23.72     1054.093     85.76677
       185    896.0438    881.0184     7352.004     154.0751  15.3340   0.0228     4.29    0.064  27.61   0      110.5     7099.399     100.9035
       186    653.8224    879.6368     9475.017     487.2564  15.0585   0.0558    10.34    0.474  -4.05   0       31.3      1424.29     87.41148
       187    308.3627    879.5193     8842.461     360.9547  15.1336   0.0443     9.27    0.434  -7.75   0      31.02     1354.068     86.55802
       188    161.9982    880.7659     22544.73     177.8095  14.1174   0.0086     0.87    0.143  89.65   0      186.5     22359.88     130.8361
       189    914.1221    877.4767        21887     526.3613  14.1495   0.0261     8.91    0.407  -3.80   0      66.91     2837.302     89.72141
       190    530.3461    879.0004     8734.108     522.5133  15.1470   0.0650     9.96    0.562   1.01   0      24.51     1023.354     85.68527
       191    672.9577    877.7369     9200.455     496.0199  15.0905   0.0585     8.31    0.450 -10.59   0      30.98     1281.645     86.36765
       192    103.9144    878.7018     6426.133     517.7701  15.4801   0.0875     9.13    0.575  15.49   0      18.61     740.9259      84.2439
       193    958.9186    874.7861     18960.27     726.1491  14.3054   0.0416     0.00    0.023 -89.24   0      42.98     749.7162     84.72741
       194    453.0431    876.2469     36815.96     991.5534  13.5849   0.0292    12.24    0.356  -2.23   1      47.85     1302.326     86.64655
       195    388.0010    877.9960     56936.95     215.1226  13.1115   0.0041  -108.71    0.006 -89.71   0      346.3     56752.25     180.7575
       196    299.0113    877.9842     16804.76      167.439  14.4364   0.0108     0.00    0.037 -61.31   0      177.6     16345.04     119.6092
       197    327.0724    876.9648     3973.947     149.0089  16.0019   0.0407     4.36    0.096   5.89   0      66.82     3482.053     91.97585
       198    867.3609    874.2891       8497.1     194.5709  15.1768   0.0249     5.61    0.423  40.98   0      97.42     6709.398     99.24126
       199    846.0417    871.6985     23121.85     815.5772  14.0899   0.0383    12.78    0.457   3.11   1      38.92     1464.275     85.94753
       200    356.0054    873.2215     3199.939     151.0732  16.2371   0.0513     1.05    0.119  81.29   0      44.63     2577.449     89.71273
       201    462.2089    870.2951     27425.33     856.8209  13.9046   0.0339    12.34    0.525  13.62   0      48.75     1788.038     87.69008
       202    758.4972    870.3088     46644.41     840.2194  13.3280   0.0196    11.11    0.399  -9.02   2      83.52     1177.945     85.64188
       203    588.6041    860.9542      1165968     995.1793   9.8333   0.0009     9.04    0.425 -11.68   0       1297     157736.9     280.3824
       204    939.2897    868.2388     15588.14     531.0023  14.5180   0.0370     9.23    0.436  -4.54   0      50.46     2221.501     88.36784
       205    299.4133    866.0389     74447.38     536.0495  12.8204   0.0078    15.12    0.404  -7.88   0      197.9     10047.51     107.5194
       206    824.7484    864.4150     27363.53     725.4349  13.9071   0.0288    14.46    0.369 -11.18   0      63.84     2775.076     90.42707
       207    712.7022    866.6925     18999.42     533.3716  14.3031   0.0305    12.89    0.433  -3.39   0      56.61     2389.065     88.57871
       208    856.5046    866.5052      10057.4     581.1432  14.9938   0.0628     8.92    0.559 -16.70   3      23.71     850.8944     84.99837
       209    680.2006    863.1086     67137.02     615.8032  12.9326   0.0100    15.57    0.421  -0.56   0      177.3     8703.341     104.0811
       210    804.6504    865.3080     4338.714     342.8657  15.9066   0.0858     5.99    0.451  25.80   0      18.91     1456.837     86.37881
       211    632.5718    861.2472     43288.73     754.6075  13.4091   0.0189    10.54    0.154 -61.76   0        102     3731.129     93.00794
       212    483.1897    864.2960     8385.432     550.4289  15.1912   0.0713     7.65    0.579 -49.24   0       18.6     551.9142     84.42556
       213    654.3818    861.5326     25286.64     546.8078  13.9928   0.0235     9.01    0.413  -2.24   0      75.99     3380.403     91.93587
       214    902.3149    859.9741      19685.4     442.0832  14.2646   0.0244     9.55    0.437  -1.47   2      59.47     2483.612     89.03941
       215    144.1225    860.7009     12648.04      640.164  14.7449   0.0550    12.04    0.412   0.78   0      33.87     1347.385     85.86441
       216    124.9542    857.6335     24686.57     867.3657  14.0188   0.0382    17.25    0.383 -14.20   2      47.12     1671.333      87.6091
       217    125.9917    851.0092        31057     185.7798  13.7696   0.0065     0.00    0.024 -29.14   3      249.7     30434.74     143.9124
       218     80.0267    859.7339      3763.75     201.4021  16.0609   0.0581     3.79    0.517  88.69   0      42.14      2562.88     89.67581
       219    759.6032    857.7993        46893     884.7679  13.3222   0.0205     9.30    0.371   1.19   2        102     2681.091      89.9749
       220    520.8977    859.9540     3338.963     200.9222  16.1910   0.0654     4.54    0.156  28.07   0      45.52     2171.234     87.79705
       221    977.8062    857.1725     13978.33     397.3369  14.6364   0.0309     8.90    0.423  -5.46   0      46.63     2105.345     88.72786
       222    809.2441    858.0302     3982.109     325.1756  15.9997   0.0887     3.98    0.517  -0.33   0       20.9     1768.859     88.08256
       223    619.7199    854.3027     16199.32     228.1296  14.4763   0.0153     6.59    0.349 -32.48   0      155.7     13710.94     114.1549
       224     28.1552    854.2182     15485.52      634.317  14.5252   0.0445    12.69    0.354   0.88   0      43.41     1840.533      88.2673
       225    777.9899    851.9062     39753.96     1198.807  13.5015   0.0327    20.57    0.247 -56.62   2      49.72     1240.693     86.25983
       226    784.2051    850.8920      5381.32     327.6377  15.6728   0.0661     5.72    0.673 -72.44   3      21.17      1076.64      85.8265
       227    671.9523    854.1786     9966.605     591.8726  15.0036   0.0645    10.35    0.603   0.69   0      23.31     957.5616     85.96375
       228    363.3722    854.2661     6832.609     340.2595  15.4135   0.0541    10.45    0.580  -1.91   0      23.86     1021.117     85.67934
       229    847.8965    851.7201     18346.91     642.9399  14.3411   0.0381    11.30    0.402   0.76   0       49.6      1996.75      87.7879
       230    433.6125    851.5840     8049.506     322.0291  15.2356   0.0434     8.93    0.701  17.30   0      41.69     1515.545     86.98097
       231    891.1517    849.5217     21271.77     362.0518  14.1805   0.0185    10.75    0.381   1.51   0      94.04     8865.255     104.2479
       232    329.6546    847.9533     106374.2     541.4052  12.4329   0.0055     9.26    0.367  -0.78   0      269.4     14519.15     116.2552
       233    932.0433    850.1102     6754.343     429.7712  15.4260   0.0691     9.76    0.513  -6.11   0      22.62     938.0471     85.00286
       234     75.0728    843.6249     12002.77     621.4543  14.8018   0.0562     9.79    0.498 -19.94   2      26.25     948.6985     85.48703
       235    866.7085    845.7027     11093.18     491.9752  14.8874   0.0482    12.25    0.355 -19.15   0      34.73     1464.697     86.17436
       236   1003.2052    843.3384      8981.51      562.023  15.1166   0.0680     9.85    0.469  -8.19   0      25.29     1034.379     85.94085
       237    554.0170    843.9992     26996.33     180.7439  13.9217   0.0073     4.21    0.013  -1.52   0      231.1     26764.05     137.9938
       238    315.6418    840.1789     11494.84     385.9758  14.8487   0.0365    11.87    0.534  -5.12   0      38.27     1630.943     87.72598
       239    616.5262    840.1454     9219.047     516.1797  15.0883   0.0608     8.92    0.473  -3.15   2      27.47     1192.539     85.90702
       240    230.4693    839.7040     8528.886     545.1691  15.1728   0.0694    11.04    0.562  -4.57   0      27.55     1157.963     85.36156
       241     27.3800    829.0217      1012857      926.619   9.9861   0.0010    12.07    0.402  -7.86   0       1183       128478     255.6435
       242    179.8212    834.2861     43695.89     657.7722  13.3989   0.0163    10.03    0.334  -4.63   2      113.9     5273.978     95.89767
       243    167.2114    835.5200     7871.803     572.7061  15.2598   0.0790    10.11    0.482  17.80   3      22.44     905.0292     85.37085
       244    285.8022    835.6477     21496.38     444.1081  14.1691   0.0224     9.40    0.420  -1.31   0      68.03     3111.293     91.05509
       245    382.4560    834.8187     7016.667     427.6446  15.3847   0.0662     5.22    0.252 -29.98   0      22.17     706.6339      85.0697
       246     78.9883    831.7692     48569.68     648.3134  13.2841   0.0145     9.70    0.372   0.03   0        128     5763.687     97.84869
       247    465.5539    834.1407     7964.754     224.1489  15.2471   0.0306     0.00    0.530   4.50   0      83.76     5804.893     97.54688
       248    424.5507    833.8572     4656.256     345.8956  15.8299   0.0807     8.23    0.548 -20.25   0      18.34     774.7192     85.25141
       249    147.9719    834.6801     4263.744     367.4319  15.9255   0.0936     7.39    0.520  -0.91   0      16.39     768.9085     85.00771
       250    118.0993    830.4719     18176.08     610.3273  14.3512   0.0365    13.06    0.479  -2.74   0      49.71     2030.547     87.20964
       251    255.7339    827.5917     86676.47     559.7366  12.6552   0.0070     9.01    0.386  -5.13   0        225     11275.27     109.5533
       252    947.5472    830.0001     13659.35     616.5706  14.6614   0.0490     9.42    0.383  -6.09   2      34.21     1509.287     86.96462
       253    957.9938    830.3328     7236.499     468.9235  15.3512   0.0704     5.17    0.599  22.96   3      27.99      669.626     84.74185
       254    415.2252    829.0889     9641.896     560.5599  15.0396   0.0631    10.87    0.496  -2.08   0      26.46     1064.401     85.34003
       255    333.1632    824.9703     11469.43     580.8597  14.8511   0.0550    13.45    0.215 -40.97   0      29.27     1054.797     86.22044
       256    928.9150    827.6414     7947.113     507.0717  15.2495   0.0693     8.64    0.227  -9.91   2      23.73     983.2859     85.12373
       257    931.0318    822.9688     7610.562     157.5689  15.2965   0.0225     0.00    0.121 -45.37   3        104     6741.418     100.0939
       258    898.7031    827.3665     6417.619     501.5675  15.4816   0.0849     8.73    0.610  -2.88   0       19.3     713.9226      83.9399
       259    881.1524    827.4381      4058.76     196.8611  15.9790   0.0527     2.46    0.472 -26.15   0      38.71     3322.589      91.3686
       260    815.8665    827.1500     6046.794     490.6293  15.5462   0.0881     8.56    0.266  -6.30   0      19.05     747.4254     84.95025
       261    572.9636    822.8751     56454.31     721.1469  13.1208   0.0139     9.38    0.398  -8.07   0      135.3     6045.755     98.10645
       262    998.1342    826.0318     2100.689     149.4104  16.6941   0.0772     2.54    0.166  -0.63   0      37.71      1610.18      87.2279
       263    865.2975    815.5755     156251.9     603.6193  12.0154   0.0042     8.71    0.320  -5.57   0      357.9        20283     126.2574
       264    972.2578    822.8893      6670.01      508.413  15.4397   0.0828     7.80    0.484   9.10   2      18.06     707.6747     84.38467
       265     98.8046    821.1602     51503.55     809.7698  13.2204   0.0171     9.74    0.406  -0.68   2      103.4     3455.094     92.33096
       266    629.6662    812.8140     110554.7     703.6388  12.3911   0.0069    17.54    0.191 -16.87   3      250.9     12324.66     111.7091
       267    628.9149    802.3704     46726.53     646.9166  13.3261   0.0150    15.03    0.435  -0.31   3      116.5     4936.839     95.29938
       268    996.4854    817.6767     13377.35     534.6167  14.6841   0.0434    11.45    0.483  -8.95   2      37.15     1463.844     86.17211
       269    889.0504    818.8977     16017.72     669.5155  14.4885   0.0454    11.71    0.447  -2.79   1      36.66     1396.454     85.99419
       270    516.1040    816.2488     27218.98     469.2872  13.9128   0.0187    10.71    0.356  -8.12   0      83.56     3691.474     91.85963
       271    415.0972    816.4597     78798.98     709.2341  12.7587   0.0098    10.31    0.411  -2.58   2      159.9     5460.212     96.33803
       272    907.5806    813.3801     97340.14     597.4982  12.5293   0.0067     9.95    0.353 -13.10   0      237.2     11806.06     110.9996
       273    483.3977    815.5168     8318.904     577.9475  15.1998   0.0754     8.84    0.590   2.91   0      22.27      827.491     85.39198
       274    696.5601    812.3216     22771.15     896.0644  14.1065   0.0427    15.85    0.651 -11.35   2      34.95     1416.263     86.72117
       275    199.8280    813.9180     7900.484     536.8259  15.2559   0.0738     9.15    0.488  -7.11   0      22.87     981.4788     85.57413
       276    121.6979    814.4593     40537.73     370.0336  13.4804   0.0099     0.00    0.567  17.64   0      214.6     17222.32     120.9439
       277     88.4048    812.9129     76064.36      1269.25  12.7970   0.0181    20.97    0.548  66.60   3      89.25     1113.272     86.14923
       278      6.7962    813.4070     7647.774     407.0422  15.2912   0.0578     9.60    0.504 -14.64  18      26.31     1202.269     86.15852
       279    722.6448    812.4020     7860.721      501.253  15.2613   0.0693     9.83    0.566  -6.50   2      24.46     1138.299     86.44025
       280    847.4536    808.6771      37533.7     619.0646  13.5639   0.0179     8.85    0.394  -3.96   0      104.1     4700.525     94.73413
       281    319.0033    803.0018     38600.69     194.7898  13.5335   0.0055     4.19    0.002  38.93   3      282.4     38465.34     156.0803
       282    315.2975    809.4872     10232.61     377.5921  14.9750   0.0401    11.42    0.540 -12.69   3      34.52     1806.601     87.29424
       283    326.0669    805.6853     14431.04     565.9412  14.6018   0.0426    12.60    0.504  -2.29   3      39.17     1585.553     86.71682
       284     64.5129    804.9627      83780.7     1416.654  12.6921   0.0184    19.60    0.609  12.38   0      73.95     4235.709     93.40462
       285    783.9337    806.3501     37307.54     710.3173  13.5705   0.0207    10.70    0.411  -4.14   2      89.07     3787.512     92.72757
       286    555.4596    808.2908     10680.54     239.3846  14.9285   0.0243     7.05    0.504 -18.57   0      93.32      6977.06     99.85235
       287    394.4831    806.0165     137484.2     555.1862  12.1544   0.0044    15.31    0.377   0.87   0        329     17953.51     122.6274
       288    341.1067    806.9696     12775.89     489.7862  14.7340   0.0416    11.82    0.466 -10.06   0      39.24     1831.866     86.91412
       289    457.5246    806.7969     12153.42      411.915  14.7883   0.0368    12.34    0.538  -7.01   0      35.58     1447.199     86.80221
       290    672.5449    804.6409     16783.94     619.2917  14.4378   0.0401    12.31    0.483 -15.77   0      45.46     1452.119     87.03857
       291    240.5129    801.7339     27849.61     1044.415  13.8880   0.0407    19.43    0.730   3.73   0      41.36     808.6082     84.65607
       292    521.4313    797.1903     25860.96     486.9257  13.9684   0.0204     8.87    0.430  -1.12   0      82.15     3893.832     93.40467
       293    763.8753    796.3703      10579.3     594.5633  14.9389   0.0610     6.51    0.400  -9.86   0      26.03     1232.212     86.23747
       294    605.4318    794.1779     9172.082     375.6627  15.0938   0.0445    11.38    0.341 -11.78   0      30.73     1261.692     86.76408
       295    182.3663    793.3839     63270.41     599.1672  12.9970   0.0103     9.08    0.434  -6.25   3      164.2     7928.875     102.9436
       296    172.5532    785.5428     376317.2     680.7456  11.0611   0.0020     8.88    0.359  -2.47   3      660.9     50255.46     172.5081
       297    240.6058    788.4052       174304     621.4177  11.8967   0.0039    11.76    0.354  -1.02   3      382.7     22530.69     130.8359
       298    260.8664    787.1280     164414.8     655.1782  11.9601   0.0043     9.11    0.383  -2.83   3      333.5     18268.07     123.0513
       299    694.5544    793.5880     11127.45     614.0569  14.8840   0.0599     8.90    0.576  -8.02   0       22.1     663.8079     85.18356
       300    976.9167    787.4901     46030.88     826.6497  13.3424   0.0195    19.55    0.556 -13.74   3      93.59     3660.941     92.20639
       301    971.8818    781.1351     6057.595     155.3128  15.5442   0.0278     0.00    0.173 -46.26   3      86.43     5721.479      97.1526
       302    965.8499    792.5417     13675.94     330.4151  14.6601   0.0262     8.78    0.638  16.37   3      84.47     5947.571       98.077
       303    958.8303    784.7950     19577.38     736.9626  14.2706   0.0409    11.52    0.381  45.08   3      41.98     1168.998     86.52094
       304    643.4595    790.0439     44554.52     636.3073  13.3778   0.0155     9.01    0.386  -3.01   2      117.5     5508.272     96.85332
       305    704.9397    799.0082     10681.96     158.9111  14.9284   0.0162     0.00    0.101 -12.32   0      136.5     10557.78     108.2342
       306    402.1325    791.8600     2067.839     158.8157  16.7112   0.0834     3.59    0.286 -44.51   0      38.99     1670.472     87.38484
       307    103.8190    788.1732     30076.62     509.3232  13.8044   0.0184    13.64    0.289  33.41   0      105.5     1585.618     87.60847
       308     42.6554    785.7667     47156.61     484.8926  13.3161   0.0112    13.28    0.388  -2.79   0      149.9      10811.5     108.4079
       309    692.4148    783.2181     22574.59     925.3451  14.1160   0.0445    13.68    0.539 -40.57   1      31.51     767.7801     85.00468
       310    877.4937    780.5966     39884.85     936.8725  13.4980   0.0255    21.22    0.680 -13.92   0      69.13     2676.484     89.96326
       311    701.5502    784.8409     7241.454     436.7522  15.3504   0.0655     3.61    0.601  68.33   0      20.44      1156.01     86.26191
       312    453.8272    786.0197     6000.912      152.069  15.5545   0.0275     0.88    0.120  -9.40   0      87.91     6022.326      98.4476
       313    543.8655    783.6916     5870.727     306.5464  15.5783   0.0567     9.29    0.551  -6.64   0      21.74     954.9537     85.04805
       314     57.7752    783.0797     10149.48     385.1828  14.9839   0.0412     8.37    0.376   0.05   0      33.29      1320.34     86.46942
       315    918.6099    782.3530     14856.68     530.6891  14.5702   0.0388    13.02    0.490  -9.50   0      45.09     2025.539     88.74237
       316    407.2675    781.2072     16310.89     484.4567  14.4688   0.0323    13.37    0.454  -4.19   2      48.28     2099.767     88.49432
       317    722.3199    781.2778     27890.07     815.1194  13.8864   0.0317    13.66    0.482  -2.39   0      51.02     1949.613     87.44391
       318     79.9425    781.6016     8968.897     374.2443  15.1182   0.0453    11.31    0.497  -2.90   0      30.26     1303.353     86.64924
       319   1008.6926    776.2034     9568.792     557.0538  15.0479   0.0632     1.67    0.177   9.14  16      22.49     1329.164     86.49261
       320    245.5896    774.9581      18833.9     691.8599  14.3126   0.0399    10.78    0.463  -9.43   0      43.89     1801.857     88.38771
       321    696.9661    776.0084     29565.87     183.9465  13.8230   0.0068     0.00    0.081  -9.51   1      242.2      28946.1     141.8162
       322    653.5339    768.1066     216538.1     736.4174  11.6612   0.0037    12.04    0.327 -37.39   0      424.6     21407.66     128.7195
       323    563.7679    772.1567     57779.77     495.7594  13.0956   0.0093     9.30    0.393  -1.92   0      163.3     8046.113     103.0138
       324    866.0648    771.9247      19517.5      777.978  14.2739   0.0433    12.81    0.474 -10.99   0      36.03     1293.041      86.1725
       325    545.0023    773.9141     42164.68     198.9047  13.4376   0.0051     0.00    0.071  89.41   0      284.9      42179.4     161.6384
       326    412.1132    771.3846     9287.867     406.7648  15.0802   0.0476     7.57    0.388 -13.60   0      33.95     1562.778       86.881
       327    181.0881    768.9513     26580.27     826.0018  13.9386   0.0337    11.51    0.314  11.81   2      49.46      2043.86     87.90977
       328    829.7979    771.8184     6256.943     434.0074  15.5091   0.0753     9.64    0.449 -12.17   0       21.6     971.4067     85.54738
       329    463.7796    770.6568     7843.316     356.2587  15.2638   0.0493    10.81    0.510 -12.37   0      26.57     1061.565     85.78657
       330    158.1944    769.0478     6417.625     384.2406  15.4816   0.0650     7.30    0.470 -13.27   0      23.24     1169.893     86.29848
       331    699.7478    767.2332     9778.294     467.0446  15.0243   0.0519    12.11    0.371  -4.66   0      30.46     1123.104     85.94945
       332    904.1382    767.2378     4923.504     382.0869  15.7693   0.0843     7.59    0.534  -3.54   0      16.95     835.7328     85.18617
       333    345.0274    766.6057     6589.309     440.8416  15.4529   0.0727     9.31    0.503  -5.22   0       22.8     945.6068     85.70577
       334   1012.8378    765.1426     9840.472     177.9588  15.0175   0.0196     0.00    0.350 -43.64   0      127.6     9136.558     105.0228
       335    982.1701    764.1082     24480.35     655.5591  14.0280   0.0291    13.71    0.384  -3.97   0      67.13     2854.951     89.54944
       336    194.9183    766.8302     39761.04      205.805  13.5014   0.0056     0.00    0.248  63.93   0      274.9     36467.27     153.1432
       337    870.9918    765.0103     58238.72     216.4935  13.0870   0.0040     4.22    0.020 -45.05   0      348.1     57665.52     181.9022
       338    796.9426    765.9198     2552.868     150.0966  16.4824   0.0639     0.00    0.159  63.19   0      45.33     1961.797     87.69736
       339      6.9786    766.0048     56401.91     214.5566  13.1218   0.0041     0.00    0.064 -14.64   0      345.1     56291.42     180.1772
       340    490.2742    761.5575        24245     589.1437  14.0384   0.0264    12.57    0.529   4.75   0      66.75     2977.593     90.72076
       341    259.9203    761.0099     36448.48     616.3065  13.5958   0.0184    14.64    0.369   4.29   0      102.4     4446.226     94.32824
       342    131.0669    760.2833     15635.55     411.4781  14.5147   0.0286     1.51    0.336  36.47   0      66.02     2306.174     88.58534
       343    754.7961    760.4427     18379.63     744.4629  14.3392   0.0440    10.43    0.452  -6.99   1      33.92     1370.284     87.04807
       344    851.7897    755.8564     88932.28     605.6241  12.6274   0.0074     8.33    0.182 -10.15   3      225.9     11611.47     110.4246
       345    857.6291    755.1714     21345.72     237.3289  14.1767   0.0121     1.26    0.432 -82.63   3      134.3     13768.41     114.9473
       346    600.2750    758.5790     12731.69     397.8458  14.7378   0.0339    11.96    0.419  -3.07   0      44.22     1847.456      88.0648
       347    740.8065    755.9593     30309.69     544.4497  13.7960   0.0195     0.00    0.371  -6.17   0      95.06     3586.911     92.65486
       348    197.4714    757.6557     13686.14      534.748  14.6593   0.0424    12.77    0.247 -13.84   2      41.73     1881.022     87.70954
       349     28.2465    757.4302     11503.44     656.2456  14.8479   0.0620    12.16    0.466  -1.23   0      26.46     986.3277     86.03976
       350    897.1722    756.5247     17512.12     578.2014  14.3917   0.0359    12.88    0.518  -4.40   0      51.97     2178.935     88.69741
       351    779.1002    755.5605     9940.108     303.2083  15.0065   0.0331     6.57    0.266 -84.65   0      80.81     5798.005      96.5298
       352    104.5299    755.5385     24326.39     770.6085  14.0348   0.0344    16.19    0.671   5.40   0      49.29     1835.355     87.81263
       353    721.8336    754.5339     25473.69     498.5741  13.9848   0.0213     9.05    0.332  -2.76   0      77.59     3455.887     91.91117
       354    620.1141    755.3544     6510.752     495.7665  15.4659   0.0827    10.90    0.429 -14.39   0      25.66     1095.857     85.42376
       355    530.0024    756.3309     7061.051     168.7109  15.3778   0.0259     0.99    0.166 -89.17   0      88.45     7064.344     100.6316
       356    981.0444    750.0917     37871.02     775.2196  13.5542   0.0222    20.07    0.582 -19.76   0      72.66     2633.556     89.42132
       357    613.0947    752.8353     9073.452     430.9958  15.1056   0.0516     2.28    0.208  86.11   2      34.18     1198.214     85.24107
       358    555.8963    750.6988     10431.71     385.3493  14.9541   0.0401     5.98    0.406  -5.06   0      37.96     1925.282     87.38065
       359    483.1254    747.7194     22583.61     769.4635  14.1155   0.0370    17.90    0.663 -27.23   0      48.05     1981.552     87.52688
       360    449.1331    749.7493     37417.83     544.7408  13.5673   0.0158    11.27    0.436  -8.55   0      106.7     4992.474     95.63531
       361    364.3906    750.6177      15832.7     548.2056  14.5011   0.0376     9.51    0.419  -0.41   0      48.52     2067.662     88.41183
       362     10.8926    750.5190     27207.15     527.7339  13.9133   0.0211     1.43    0.474   5.22  18      78.44     2792.611     90.04067
       363     50.4225    751.6502     5436.926     450.0657  15.6616   0.0899     8.70    0.540   5.65   0      19.25     665.8196     85.18893
       364    338.9098    747.4745     30527.13     811.0782  13.7883   0.0289    18.18    0.178 -66.01   0       63.8     1759.107     87.17049
       365    783.8205    748.9378     6556.893     447.3861  15.4583   0.0741     6.63    0.417  -3.60   0      21.76     1022.552     85.68315
       366    176.7400    748.0027     5908.008     416.6945  15.5714   0.0766     8.19    0.506  20.05   2      20.45     929.1714     85.66218
       367    580.8824    746.2173     14186.38     410.6768  14.6203   0.0314     9.41    0.398  -1.04   1      47.54     2027.579     88.30873
       368    240.6411    747.3472         6917      179.675  15.4002   0.0282     1.47    0.087  49.47   0      76.13     6383.365     99.08172
       369    253.3017    745.9990     13785.76     643.5933  14.6514   0.0507    10.99    0.487   0.07   2      32.29     1156.651     86.03811
       370    655.8441    742.7265     61637.92     731.4615  13.0254   0.0129     9.12    0.402  -1.68   2      154.2     2987.016     90.74437
       371    135.9833    745.1781      22794.1     378.7203  14.1054   0.0180     0.00    0.486 -11.22   0      119.2     11725.92     110.8354
       372    102.4243    745.2628     4595.014     270.1732  15.8443   0.0639     3.53    0.575 -61.08   0      40.89     2736.899     90.33107
       373    848.0487    742.7145     32347.43     687.8641  13.7254   0.0231    14.05    0.443  -1.06   1      76.24     3219.608     90.89862
       374    190.7616    743.6464     5890.532      252.724  15.5746   0.0466     2.42    0.649 -62.02   0      40.93     1320.452     86.24476
       375    820.9515    743.1076     8108.249     549.4313  15.2277   0.0736    10.05    0.493  -7.33   0      23.74     927.0325     84.74448
       376    568.8016    741.0289     21718.18     436.5017  14.1579   0.0218    10.61    0.416  -6.82   1      70.02     3297.445     91.94209
       377    244.6358    734.4028     54712.11     614.3705  13.1548   0.0122    15.84    0.356  -0.11   0      144.7     6743.291     100.0982
       378     67.4121    740.5932     6355.798     474.6754  15.4921   0.0811     8.68    0.506  -3.94   0      20.76     942.6553     85.47095
       379    592.5793    738.4680     14255.21     320.3722  14.6151   0.0244     9.07    0.605 -17.45   0      78.57     4516.273     94.70221
       380    458.1430    738.8425     6189.503     457.9305  15.5209   0.0803     8.82    0.652  -2.95   0      19.74     880.1169      85.3045
       381     52.5428    737.6165     14576.33     637.0479  14.5909   0.0475     8.80    0.518  -8.39   0      34.19     1452.708      87.0401
       382    603.9885    737.9979        20038     171.7716  14.2454   0.0093     0.00    0.018   0.55   0        198     19780.17     125.9674
       383   1014.1130    728.1171     103874.6     830.7927  12.4587   0.0087    18.36    0.238  21.01  24      187.3     4866.292     95.13099
       384    965.8390    734.8069     6466.664     349.8704  15.4733   0.0588     0.00    0.610 -11.88   0       30.8     2883.778      90.9138
       385    537.8967    729.6544     191826.7     607.3475  11.7927   0.0034    10.13    0.325  -5.14   0      414.6     24348.58     133.5207
       386      6.1678    733.1871     18275.75     541.2006  14.3453   0.0322    10.61    0.416   0.89  24      50.45     2300.853     89.66161
       387    991.4591    732.4597        16776     410.9273  14.4383   0.0266     9.35    0.403  -0.18   0      54.69     2366.438     89.61118
       388    187.5809    733.5829     5367.091     174.9494  15.6757   0.0354     1.58    0.291  44.39   0      65.92     5524.579     97.09186
       389    807.0031    730.6237     19281.49     459.1239  14.2871   0.0259    11.50    0.378  -3.46   0      60.57      2646.51     89.88751
       390    647.3502    729.3661     8646.217     344.3015  15.1579   0.0432     9.64    0.471  -4.84   0      31.64     1468.455     86.85784
       391    595.0027    728.4975     11658.53     505.8604  14.8334   0.0471     9.82    0.484  -5.23   2      33.82     1205.635      86.1674
       392    908.7311    728.2706     7022.222     472.9451  15.3838   0.0731     6.69    0.400   5.29   0      18.83     718.5422     84.64375
       393    353.9892    725.9517     2692.182     165.6769  16.4247   0.0668     2.88    0.274 -17.54   0      47.21     2006.038     88.69242
       394    952.6334    724.9070     2527.928     156.3978  16.4931   0.0672     2.83    0.274  20.92   0      37.77     2087.349     87.57964
       395    581.0198    724.0105      13772.1     163.2708  14.6525   0.0129     4.25    0.040  28.71   0      159.8     13510.36     114.0959
       396    613.2496    721.6872     13478.44     660.6152  14.6759   0.0532    10.03    0.441  -4.33   0      36.77      1582.76      86.7095
       397    412.7796    720.7048     24009.14     516.1058  14.0491   0.0233    10.84    0.389   0.03   0      68.89     2938.522     89.97745
       398    165.1205    721.0402     8568.369     533.4796  15.1678   0.0676     9.41    0.516  -3.08   0      24.51     1163.468     86.05611
       399     64.9603    720.1172     6045.985     322.1233  15.5463   0.0579     9.84    0.515  -6.55   0      21.73     886.8196     84.86578
       400     26.8198    718.8436     14684.86     645.4174  14.5828   0.0477    11.92    0.480  -5.19   0      38.83     1567.917     87.56255
       401    317.6796    713.3636     142306.6     633.8185  12.1169   0.0048     9.74    0.416   1.12   2      304.4     15707.34     118.3913
       402    226.2028    717.3477     9536.085     479.2455  15.0516   0.0546    10.43    0.461  -9.87   0      28.06     1270.679     86.33879
       403    987.8188    716.7046     9649.226       595.84  15.0388   0.0671     9.43    0.497 -15.61   0      21.51     880.1465     84.61865
       404      3.3321    716.7960      3330.24     286.5862  16.1938   0.0935     5.58    0.128  67.91  16      16.64     918.7861     85.40747
       405    670.3411    707.6010     102971.8     628.8896  12.4682   0.0066    12.47    0.491  -0.30   3        234     11842.05     110.8982
       406    683.2169    712.5873     77156.62      589.771  12.7816   0.0083     9.91    0.410  -4.12   3      198.1     8922.891     104.5594
       407    472.5813    714.8272     29832.27     601.8778  13.8133   0.0219     8.95    0.417  -2.61   0      91.68     4269.919     94.31533
       408    106.8967    712.0463     15487.84     388.3199  14.5250   0.0272     0.00    0.571  18.01   2      61.48     1100.437     85.20827
       409    738.1113    711.3573     23978.31     451.8716  14.0505   0.0205    12.36    0.397   3.01   0      75.58     3245.481     90.96329
       410    944.3300    704.9556     271127.9     635.5672  11.4171   0.0025     9.40    0.321  -2.44   0      531.6     35758.25     152.0873
       411    289.1219    712.1334     2446.688     153.1406  16.5286   0.0680     3.45    0.275  44.23   0      47.31     2084.927     88.01588
       412    395.7352    713.2985     3756.169     215.3768  16.0631   0.0623     6.41    0.499 -77.53   0      33.15     2235.285     88.40328
       413    166.4788    708.4430     24236.72     603.7963  14.0388   0.0271     9.11    0.398 -13.94   0      66.92     2751.013     89.93561
       414    877.0863    708.4479     17168.82     450.5944  14.4131   0.0285    11.87    0.354   0.54   2       52.4     2073.626     87.98669
       415    539.4465    700.3760     719616.4     799.3033  10.3572   0.0012     8.77    0.327  -2.50   2      990.4     97971.44     226.9074
       416    534.6713    684.5148       166942     633.4574  11.9436   0.0041    16.92    0.351  -4.17   3      368.6     21406.85     128.5671
       417    347.7349    705.3571     48735.95     499.4366  13.2804   0.0111    14.81    0.354   6.73   0      140.3     5861.545     97.67878
       418     69.2456    704.2817     19671.41     457.1973  14.2654   0.0252    13.67    0.454   0.84   0      58.93     2534.596     89.16945
       419   1010.2410    705.9968     3119.275     150.9518  16.2649   0.0526     1.27    0.132   2.76   0      46.15     2932.523     91.03557
       420    700.2121    690.9581     62121.94      621.028  13.0169   0.0109    18.68    0.626  -6.99   2      127.5     5470.598     97.36528
       421    713.8257    705.6503     10226.45     178.4511  14.9757   0.0190     2.30    0.389  61.99   3      117.6     8631.182     104.2966
       422    714.0184    698.6889      25144.2     472.4115  13.9989   0.0204     8.89    0.347  -4.58   3      75.33     3085.051     90.56157
       423    598.9045    704.7228     7689.532     368.2283  15.2853   0.0520     9.28    0.410  -4.91   0      28.87     1360.103     86.12392
       424    988.3793    703.0557     12765.15     643.2328  14.7349   0.0547     9.92    0.482  -7.92   0      27.28     887.1921     85.32336
       425    833.9595    698.5412     20806.77     502.2775  14.2045   0.0262    12.02    0.261  24.47   0       56.4     2090.415      88.4703
       426    116.3812    702.2880      4946.66     424.2598  15.7642   0.0931     8.63    0.376  -4.55   0      18.17     816.4154     84.67703
       427    220.1254    698.9022     16171.24     457.5817  14.4781   0.0307    12.31    0.490   0.02   0       48.3     2049.932     87.92548
       428    805.9905    698.0319     19177.21     370.0385  14.2930   0.0210    11.02    0.370  -3.10   2      65.27      4151.89     94.03049
       429    504.4896    697.1119     9076.513     581.5952  15.1052   0.0696    10.81    0.421   1.07   0      25.85      1007.99     85.41739
       430    723.9927    697.0011     28764.82     182.9541  13.8528   0.0069     0.00    0.023 -62.53   0      237.9     28250.58     140.4207
       431    602.0444    697.0283      19286.8     170.7748  14.2868   0.0096     0.00    0.106  30.90   0      189.5     18335.45     123.6479
       432    380.5709    697.3078     9832.207     532.1957  15.0184   0.0588    10.39    0.542   0.96   0      28.27     1168.577     85.16201
       433    325.8053    696.9255      6955.34     361.1119  15.3942   0.0564     8.11    0.494  -5.14   0      25.83     1282.121     86.14369
       434     87.4440    695.8903     9569.754     443.4719  15.0477   0.0503    10.21    0.517  -1.90   0      34.58      1647.92     86.88013
       435    762.3646    693.5407     13694.04     389.7686  14.6587   0.0309     9.88    0.469  -0.92   2      43.36     1988.214     88.20737
       436    279.3803    693.2816      9755.26      301.463  15.0269   0.0336     8.97    0.322 -61.93   0      97.46     7883.347     102.2748
       437    894.5014    691.5949     24562.04     302.9562  14.0243   0.0134     8.89    0.373   2.67   0      157.1     15386.28     117.7734
       438    177.5908    689.1573     33609.64      483.549  13.6838   0.0156     9.13    0.420  -2.18   0      100.7     4674.722     95.48945
       439     62.3269    685.9605     265409.1     648.6696  11.4402   0.0027    12.85    0.412  -3.76   2      520.9     34612.67     150.3657
       440     82.9145    684.7089     17920.64      653.281  14.3666   0.0396    13.98    0.447  -6.51   3       44.5     1491.997     86.69564
       441    613.7429    711.7979      9591.06     459.6156  15.0453   0.0520     9.35    0.446  -5.84   0      34.87     1514.767       87.202
       442    383.2453    687.3536     50184.59     637.5537  13.2486   0.0138     0.00    0.476   0.25   3        126     4782.258      95.3384
       443    381.7532    678.3655     17633.31     719.0107  14.3842   0.0443    10.97    0.416  -2.43   3      36.49     1492.696     86.92125
       444   1007.3088    683.4224     8877.611     412.4653  15.1293   0.0505     0.00    0.506  14.61   0      43.37      2512.95       88.896
       445    352.1126    684.2170     13777.15     552.6507  14.6521   0.0436     0.00    0.432   1.18   0       41.5     2894.198     90.29672
       446    320.7596    682.4641     29769.76     1012.253  13.8156   0.0369    19.34    0.474  46.96   2       45.2     1160.264     86.04765
       447    105.2868    683.6912      32209.2     712.1023  13.7301   0.0240    16.01    0.691  -6.37   1      65.05      2726.06     89.87253
       448    904.6686    681.9646     10582.45     485.7773  14.9385   0.0499    10.56    0.439  -2.73   0      37.33     1594.104       87.186
       449    417.2797    681.8565     11871.69     527.5714  14.8137   0.0483    11.80    0.408 -10.57   3      37.62     1310.371     85.99258
       450    425.2995    675.9549     17665.11     568.9482  14.3822   0.0350     8.67    0.430  -3.02   3      51.46     2221.023     87.70463
       451    437.5044    687.9152     12348.72     535.0876  14.7709   0.0471    10.90    0.389  -0.01   0      39.25     1718.287       87.064
       452    571.5142    679.5663     18343.98     727.9604  14.3413   0.0431    14.65    0.600 -12.57   0      39.21      1666.01     87.15062
       453     29.2206    677.5928     56569.05      601.484  13.1186   0.0115    10.33    0.072 -10.16   0      146.5     6042.565     98.09906
       454    717.0060    680.9301     18831.57     170.1679  14.3128   0.0098     0.00    0.161 -86.05   0      192.3      18788.1     124.1646
       455    411.9951    708.9736     12958.92     162.1349  14.7186   0.0136     4.25    0.038  62.13   0      153.8        12607     112.4549
       456    294.1227    668.7685     630106.5     781.5538  10.5015   0.0013    11.24    0.322  -5.64   0      907.6     83487.15     211.7204
       457    239.7094    674.5364     84945.66     520.3387  12.6771   0.0067     9.24    0.407  -1.33   0      224.7     11399.53     109.4564
       458    923.0812    675.0010     4973.793     150.5261  15.7583   0.0329     4.34    0.091   2.11   0      82.15     4566.543     94.82278
       459     14.9827    673.9301     3688.383     148.5727  16.0829   0.0437     4.34    0.088 -84.42   0       66.9     3376.264     91.92564
       460    531.6075    671.6346     4352.208     209.1511  15.9032   0.0522     3.16    0.452  44.67   0      55.09     3192.198     91.68156
       461    981.2905    669.7134       5165.5     310.7476  15.7172   0.0653     7.51    0.459  18.95   0      20.25     1424.926     86.51964
       462    562.5061    667.2688     20460.84     430.2391  14.2227   0.0228     8.67    0.418  -1.81   0      67.77     3049.568     90.47247
       463     75.6613    665.7233     13842.39     676.7175  14.6470   0.0531    12.00    0.388  -7.26   0      31.61     1240.406     86.03356
       464    793.2142    664.0964      13421.2     174.3073  14.6805   0.0141     0.00    0.269  26.18   0      147.5     11831.85     110.5263
       465    659.3359    664.0499      11682.6     611.0917  14.8312   0.0568    11.04    0.464   7.31   0      27.06     1048.334      85.7515
       466    147.1914    660.6785     21762.67      966.229  14.1557   0.0482    16.80    0.582 -21.01   2      34.33     1142.882     86.00173
       467    390.3293    662.1792     15599.89     540.0757  14.5172   0.0376    12.17    0.515  -1.31   2       46.6     1497.928      87.1581
       468    160.8752    660.1076     10108.65     537.7599  14.9883   0.0578     9.56    0.473  -8.05   1      26.73     1104.338     85.44632
       469    472.2225    660.5647     18636.47     201.3058  14.3241   0.0117     2.35    0.391 -63.71   1      159.2     15227.17      117.961
       470    277.0352    659.4011     9432.574     626.7437  15.0634   0.0722    10.04    0.530  -7.16   0      21.01      742.567     85.39344
       471    119.7536    658.2906     33844.06     527.8314  13.6763   0.0169    11.20    0.434  -2.60   0       98.7     4297.657     93.55524
       472    682.3233    658.1290     14774.82     527.9014  14.5762   0.0388     9.51    0.379  -2.28   0      45.51     1912.493      87.5695
       473    174.0066    658.0094     32029.83     571.2673  13.7361   0.0194    10.80    0.400  -1.95   0       91.4     3962.815     93.15624
       474    730.0812    658.2101     12583.65     718.0894  14.7505   0.0620    11.06    0.426  -9.11   0      23.53     983.2038     85.57871
       475    563.9265    657.0973     3009.303     153.9733  16.3038   0.0556     0.00    0.219 -44.31   0      55.74     2623.812     89.17899
       476    625.8525    657.1096      5233.02     402.0844  15.7031   0.0834     8.49    0.689  -8.09   2      17.79     810.2863     84.66058
       477    769.9564    655.3679     3946.359     164.4615  16.0095   0.0453     1.16    0.165  87.66   0      57.73     4098.809      93.9021
       478    472.2309    653.8419     10502.61     456.8883  14.9468   0.0472    11.91    0.429  -5.43   0      33.54     1388.919     87.09671
       479    672.0154    655.0014     40398.97     196.8768  13.4841   0.0053     4.23    0.022  10.25   0      287.5     39761.99     157.9571
       480    418.4838    653.0062     9176.541     500.8806  15.0933   0.0593    11.38    0.346   5.58   0       31.4     1275.674     86.57661
       481    998.6234    652.9639     5039.259     435.6047  15.7441   0.0939     8.25    0.454  -2.20   0      17.36     684.7764     85.46709
       482    948.6060    651.9329     13494.27     407.9195  14.6746   0.0328    10.18    0.363   1.37   0      55.89     4837.042     95.26521
       483    358.7595    651.4033     19180.18     494.7163  14.2929   0.0280     8.98    0.444   1.26   2      59.63     2717.677     90.49761
       484    349.2660    648.9700     5234.064     169.1278  15.7029   0.0351     4.89    0.269  -2.00   2      76.79     4531.815     94.53423
       485     56.0173    653.8447     5757.384     434.8639  15.5994   0.0820     8.29    0.588  -1.49   0      19.52     917.3036     85.85724
       486    854.9298    647.5447     33823.09     448.2103  13.6770   0.0144     0.00    0.585 -18.97   0      129.6     1880.039     87.70699
       487    613.2531    650.4493     16456.89      271.162  14.4591   0.0179     0.00    0.218 -25.77   0        134     11678.44     110.5624
       488    542.0751    647.6703     64415.91     587.3265  12.9775   0.0099    16.39    0.474   6.82   0      168.7     7893.891     102.1082
       489    135.3059    649.1927     10277.32     606.5787  14.9703   0.0641    10.79    0.519 -12.62   0       24.7     876.9923     85.29618
       490     65.7057    646.9437     17119.19     516.8351  14.4163   0.0328    13.15    0.460  -0.42   0      51.05     2206.863     88.10999
       491    165.5677    644.1121     86729.44     537.6306  12.6546   0.0067     9.03    0.387  -1.79   0      226.4      11636.4     110.1237
       492    232.2635    643.3763      92844.1     680.9891  12.5806   0.0080     9.80    0.449  -0.94   2      195.3     9311.439     105.5847
       493    382.3543    643.5283     28406.32     601.3391  13.8665   0.0230     9.05    0.406  -2.28   0      82.42     3764.902     92.67213
       494     89.9137    643.1328     7405.149     371.9902  15.3262   0.0546     3.84    0.399 -65.76   2      35.61     2494.216     89.06647
       495    414.9327    639.2299     111075.6      743.405  12.3860   0.0073    15.56    0.617  -1.34   0      220.7     9621.095     106.0662
       496    205.4406    643.0165     4540.101     370.2356  15.8573   0.0886     7.38    0.624  -3.23   0      16.98     825.9112     85.84158
       497    939.1498    639.7120     17374.54     430.8659  14.4002   0.0269    11.36    0.358  -2.35   0      55.34     2419.564     88.87577
       498    567.9568    637.7324     35664.21     669.6563  13.6194   0.0204    14.44    0.426  -1.22   2      84.54     3693.007     92.49565
       499    599.6866    639.2698     14094.42     741.1905  14.6274   0.0571    13.44    0.728  11.51   0      25.97     804.9854     84.64635
       500    841.7991    638.8608     7985.119     434.9114  15.2443   0.0591    11.19    0.490  -9.22   0      27.61     1193.466     86.36053
       501    298.2377    638.4158     12886.87     631.0807  14.7246   0.0532    11.53    0.511 -10.20   0      33.31     1392.111     87.32777
       502    995.7911    638.3168      6960.07     401.8527  15.3935   0.0627    10.20    0.483   1.31   0      23.93     1052.754     85.76322
       503    809.1377    635.8635     17292.38     632.6653  14.4054   0.0397    14.35    0.423  -3.15   0      55.13     2289.476     88.76161
       504    499.0217    638.4373     4162.468     387.9445  15.9516   0.1012     7.31    0.510  -7.70   0      14.94     620.1185     85.29498
       505    377.0765    630.6044     36693.91     647.8955  13.5885   0.0192    11.62    0.351   1.77   0      95.41     4358.315      94.1162
       506    901.7776    634.4256     23454.16     298.8918  14.0745   0.0138     0.00    0.545 -32.19   0        166     17199.75     121.5425
       507    122.6471    634.3187      6074.82     475.5631  15.5412   0.0850     8.91    0.466 -10.66   1      20.31     856.8195      84.7854
       508    747.0620    631.9609     6219.058     345.5182  15.5157   0.0603     9.70    0.582  -8.65   0      22.28     1064.843     85.79525
       509    455.0048    631.0618     8890.095     156.3274  15.1277   0.0191     4.26    0.044  85.26   0      120.6     9018.641     104.9526
       510    230.5861    628.6819     12901.49     637.2126  14.7234   0.0536    12.26    0.367  11.76   0      33.49     1193.813     86.13622
       511   1022.8550    629.2242     5465.786     373.4137  15.6559   0.0742     7.28    0.550 -87.10  24      19.62      881.559     85.30835
       512    789.0361    627.0094     18767.54     715.9857  14.3165   0.0414    15.05    0.291  31.67   2      42.39     1607.668     87.66566
       513    662.9997    631.0031     12608.66     161.6432  14.7483   0.0139     0.00    0.001 -36.55   2      153.3     12549.72     112.1661
       514    145.5049    629.9034     7229.483     519.0591  15.3522   0.0780     7.87    0.538  35.40   2      19.33     624.3978     84.16008
       515    862.6415    624.0674      52001.1     945.9879  13.2100   0.0198    21.68    0.297 -18.43   2      88.84     2559.607     89.66752
       516    728.0280    626.5325     98259.28     657.4283  12.5191   0.0073     9.22    0.344  -4.11   2      219.5     10556.36     108.0516
       517    122.2909    627.2938     20678.85     671.0959  14.2112   0.0352     8.88    0.379  -1.23   0      51.11      2109.89     88.30059
       518     81.9659    629.7074     12997.51      768.525  14.7153   0.0642    10.93    0.718  23.28   2      37.29     1047.763     84.83898
       519    582.7836    641.2595     21660.28     792.2073  14.1608   0.0397    12.06    0.272  -4.46   1      35.72     1039.314      85.7276
       520    916.7825    628.0819     24432.35     321.5262  14.0301   0.0143     9.46    0.241  69.04   0      157.3     16466.41     119.8396
       521    485.9521    627.5443      8587.54     445.1555  15.1653   0.0563    10.97    0.414  -4.16   0      29.56     1223.648     86.43993
       522    203.6237    628.6209     13680.83     202.9418  14.6597   0.0161     2.96    0.462  45.13   0      126.5     11336.78     110.0345
       523    838.9923    625.3108     25929.59     521.6269  13.9655   0.0218     9.04    0.384  -1.10   2      72.44     3172.051     91.20662
       524    508.2050    625.9135     22661.87     513.6246  14.1118   0.0246    13.60    0.346   0.84   0      68.54     3010.327     91.01642
       525    772.9638    625.5148     8952.717     620.3378  15.1201   0.0752     9.96    0.718  -8.21   3      17.78     796.8508      84.6245
       526    271.5976    640.7377     16904.79     482.7273  14.4300   0.0310     8.93    0.428  -7.32   0      51.55     2317.237     89.26896
       527    189.0206    625.6552     2813.907     162.8891  16.3767   0.0629     2.30    0.327 -84.72   0      46.88     2398.126     89.47466
       528    613.9990    624.2289     2265.647     146.3801  16.6120   0.0702     1.12    0.107 -88.90   0      41.68     2357.804     89.58928
       529    215.6591    622.5934     6762.397     380.6358  15.4247   0.0611     6.73    0.420  -0.78   0      25.42     1057.513     86.00201
       530    588.7228    620.7213     9342.594     413.8964  15.0738   0.0481    11.28    0.469 -13.46   0       32.6     1298.133     85.73395
       531    428.6640    620.3137     19514.53     726.9909  14.2741   0.0405    11.14    0.420   0.77   0      43.49     1659.198     86.90962
       532    801.9831    621.9844     16907.64     167.5786  14.4298   0.0108     4.25    0.034  31.36   0      174.9     16297.82     119.5195
       533    567.6870    622.0507      5183.66     185.4969  15.7134   0.0389     1.82    0.398   2.44   0      56.62     4280.249     93.51293
       534    898.2992    619.2503     8676.656     450.6223  15.1541   0.0564    10.38    0.552  -1.60   0      27.75     1178.347     85.18809
       535    675.3899    617.7476        12643     600.2261  14.7454   0.0516    11.21    0.524  -8.89   2      34.65     1248.439     86.50508
       536     24.1075    617.8521     6397.662     446.2182  15.4849   0.0757     3.79    0.539  -4.20   0      19.58     1107.528      85.4548
       537    718.4332    613.9858     24517.51     502.0227  14.0263   0.0222     9.33    0.401  -4.34   0      75.23     3476.892     92.59464
       538    539.8623    613.4412     15789.96      781.252  14.5040   0.0537    14.51    0.258  37.96   0      33.52     944.0135     85.47457
       539   1020.3306    646.2524     12058.18     186.0645  14.7968   0.0168     1.95    0.123 -39.76  16      117.6     11541.17      109.927
       540    126.4849    613.5223     5557.885     455.4894  15.6377   0.0890     8.51    0.661 -21.97   0      18.49     787.3447     84.36903
       541    794.8308    612.7970     7132.179     483.1563  15.3669   0.0736     9.62    0.428 -10.43   0      23.59     988.9689     86.04674
       542    408.0133    607.9988      20663.4     208.2978  14.2120   0.0109     0.00    0.340  47.43   3      175.9      17044.8     120.9316
       543    410.9985    605.0184     22309.37     608.6813  14.1288   0.0296     0.00    0.608  48.33   3      59.55     6171.739     98.39787
       544    349.6823    609.1400     16502.47     380.0716  14.4561   0.0250    10.87    0.485 -26.19   2      71.31     6153.197     97.95922
       545    359.3274    607.5230     4780.093     316.6608  15.8014   0.0719     4.90    0.576 -17.52   3      23.89     1318.481     86.01402
       546    999.4468    608.4264     11458.78     779.3681  14.8522   0.0739     7.90    0.735  -7.87  18      24.87     1209.137      86.6263
       547     36.1608    607.2519     11472.37     493.1361  14.8509   0.0467     9.16    0.440  -2.36   0      36.62     1648.844     87.55074
       548    862.0108    597.8177     79580.45     551.5902  12.7480   0.0075    15.51    0.417  -5.82   0      204.8     10207.81      107.316
       549    793.2181    601.0047     8126.352     455.7047  15.2253   0.0609     7.67    0.585 -21.16   2      27.65     1299.112      86.4136
       550    258.5522    600.0767     9096.119     570.6443  15.1029   0.0681     9.73    0.366   7.37   0      26.54     932.5906     85.21654
       551    225.0057    601.2453     6849.596     341.6951  15.4108   0.0542    10.34    0.485  -0.80   0      24.29     1061.445      86.0124
       552    199.6953    600.7222      5107.12     171.8075  15.7296   0.0365     2.13    0.350  49.24   0      60.77     4687.999     94.49873
       553    158.8031    598.0811     14431.26     459.8956  14.6017   0.0346    13.25    0.257 -25.14   0      42.98     1938.419     88.29925
       554    372.4725    595.5031     23568.26     624.1153  14.0692   0.0288    11.98    0.269 -34.12   0      61.91     2447.318     88.72804
       555    712.0165    597.2261     19357.55     531.7006  14.2829   0.0298    13.89    0.494  -3.33   0      56.97      2420.42     89.74799
       556    278.3891    589.7953     31631.79     719.3828  13.7497   0.0247    10.34    0.463   7.24   3      72.24     2737.388       90.117
       557    289.7710    596.8120      51015.6     607.4304  13.2307   0.0129     9.87    0.369  -1.77   3      124.1     5304.379     96.57504
       558    457.3016    596.8198      9662.26     615.0955  15.0373   0.0691    10.27    0.255 -19.07   2      22.98     730.0065     84.21443
       559    629.6022    597.3380     8394.188     337.0051  15.1901   0.0436    10.36    0.506   1.12   0      29.57     1352.744     86.77869
       560    505.4871    597.6954     5937.902     478.5519  15.5659   0.0875     6.84    0.710  -5.90   0      16.72     689.5834     84.56596
       561    401.7368    597.9144     5577.292      438.108  15.6339   0.0853     7.97    0.536   0.07   0      19.05     845.5565     84.75521
       562    185.2801    596.6414     6024.812     466.2573  15.5501   0.0840     0.34    0.289 -22.14   0       21.5     792.3434     84.84167
       563    988.7328    595.8237     8977.847     579.0459  15.1171   0.0700     8.70    0.484  -4.59   0      23.46     978.2326     85.79224
       564    817.1995    592.1323     14916.54     777.2579  14.5658   0.0566    12.78    0.396  25.08   2      26.38     892.2224     85.79082
       565    951.0470    592.9528     7024.473     492.0699  15.3835   0.0761    10.98    0.390 -12.47   0      24.12     1056.508     86.22495
       566    570.7407    591.8315     41312.91     854.8342  13.4598   0.0225     8.97    0.433  -4.10   0      76.76     2206.387     88.54861
       567    590.8745    585.8524        45639     925.2368  13.3517   0.0220     8.99    0.604 -20.71   3      74.97     2398.448      89.0402
       568    794.1970    589.3528     12255.27     357.7071  14.7792   0.0317     8.67    0.651  12.68   0      84.16     5772.832     97.47215
       569    879.8492    586.0931     17829.01     460.5183  14.3722   0.0281    11.36    0.359 -17.37   0      66.15       5635.1     96.54874
       570    504.9686    585.1752     12756.42     624.0688  14.7357   0.0531    12.34    0.401  -5.54   0      32.92     1275.616     86.80054
       571    322.7400    585.7482     26959.85     874.6497  13.9232   0.0352    18.06    0.718  -3.03   0      47.75     1200.118     86.15285
       572    145.0371    589.0001     34853.31     190.3673  13.6444   0.0059     4.32    0.060   1.54   0      264.7     34042.64     149.7613
       573    744.9438    584.1738      10037.3     455.5921  14.9960   0.0493    12.36    0.501   2.38   0      29.78     1083.586     85.84489
       574    634.1508    584.7898     10739.16     648.5352  14.9226   0.0656    10.70    0.488  -5.85   0      50.92     952.0037     85.72273
       575    439.7622    583.9205     13157.06      615.597  14.7021   0.0508    11.98    0.451   2.72   3      37.18     1560.162     87.09748
       576    431.4153    581.2863     15039.83     631.0865  14.5569   0.0456    12.64    0.518  -4.36   3      33.66     1299.093     86.18845
       577    905.4498    584.2707     7264.167     336.2422  15.3470   0.0503    10.36    0.507  -0.80   0      25.79     1137.772     85.98822
       578    704.9896    585.2070     9411.765     417.4393  15.0658   0.0482     4.02    0.405   2.56   2      38.09     2087.868     88.46376
       579    407.4084    583.0636     11700.71     372.0035  14.8295   0.0345     7.35    0.471  -1.93   0      41.78     2455.838     89.40411
       580    834.4604    578.4746     112809.4      615.309  12.3691   0.0059     8.91    0.414  -1.64   0      267.5     13910.39       114.89
       581    662.6231    581.9792     10346.63     585.4191  14.9630   0.0614     6.89    0.426   9.82   0      26.03     1176.909     86.54172
       582    960.1355    579.8632     12322.03     486.5905  14.7733   0.0429    13.01    0.465   9.86   0      36.49     1441.605     86.56344
       583    354.3906    580.2295      5760.98     446.9816  15.5988   0.0843     3.76    0.571   5.59   0      18.91     703.3075     85.28889
       584    804.2419    577.2203     46940.88      597.022  13.3211   0.0138     8.91    0.399  -7.01   3      131.8     6159.346     98.76341
       585    814.9267    570.9698     18795.37     814.9668  14.3149   0.0471    14.30    0.283  31.76   3      39.25     947.7914     85.48462
       586    116.7758    579.3871     8643.935     529.8581  15.1582   0.0666     8.86    0.433  -5.74   0       21.9     984.7509     85.80951
       587    679.9982    578.8580     4011.188     260.5219  15.9918   0.0705     2.78    0.180  86.69   0      22.83     1642.699     87.53479
       588    364.4486    577.1939     9246.556     566.4334  15.0850   0.0665     9.09    0.323   5.26   0      23.08     954.9346      85.7305
       589    644.9910    575.8022     42959.02     1045.842  13.4174   0.0264    17.06    0.734   1.10   3      59.73     1247.312     86.27726
       590    656.7910    569.8566     77316.08     785.4632  12.7793   0.0110     9.99    0.431  -1.12   3        184      8773.83     104.4211
       591    630.8456    573.8668     61641.68     638.5901  13.0253   0.0113     8.81    0.328 -10.69   3      150.2     6668.893     99.53954
       592    152.9447    574.6274     26021.85     578.1866  13.9617   0.0241     9.33    0.421   2.56   2      73.86     2846.634     90.39209
       593     75.9220    575.2025     8265.773     410.9479  15.2068   0.0540    11.21    0.451   2.30   0      28.06      1129.13     85.96538
       594    606.9053    571.9973     99226.34     541.0956  12.5084   0.0059     8.74    0.361  -3.87   0        255     13422.25     113.9203
       595    443.0215    573.9796      10927.7     540.8068  14.9037   0.0537    11.72    0.383  -8.66   1      31.38     1257.013     86.75182
       596    171.9097    573.5106     12734.63     703.7924  14.7375   0.0600    12.68    0.689 -11.81   0      24.82      1039.43       85.501
       597    245.3191    573.2148     5206.564     466.8996  15.7086   0.0974     7.05    0.651  -0.83   0       15.8     726.8079     84.89507
       598     28.8928    566.4384     27711.69     922.4035  13.8933   0.0361    18.83    0.197  51.40   0      57.96     2003.693     87.36227
       599    852.5698    564.6752     97225.55     585.9641  12.5305   0.0065     9.33    0.360  -8.26   2      238.1      12137.5     111.3277
       600    526.9648    570.5023     5155.085     392.2576  15.7194   0.0826     4.99    0.646  -0.05   0      13.91     608.9068     83.65508
       601    498.2643    566.9195     7864.131     517.4633  15.2609   0.0715    10.58    0.315  19.69   2      22.89     731.0377     84.67729
       602   1004.7438    565.1415     14194.87     622.2554  14.6197   0.0476    10.84    0.244  -9.05   0      35.49     1137.229     86.43745
       603    969.3747    565.6313     16718.66     592.8234  14.4420   0.0385    11.41    0.447  -4.12   0      44.75     1815.292     88.20228
       604    720.9538    563.7579     29515.47     591.1734  13.8249   0.0218    11.30    0.401  -7.20   2      76.04     3034.331     90.86279
       605    279.6553    561.3374     47965.38     623.6617  13.2977   0.0141    14.59    0.509   5.42   0      125.4     4224.819     94.00016
       606    576.0219    562.3206     19958.52     464.7139  14.2497   0.0253    13.34    0.388   1.30   0      61.48     2709.791     90.04737
       607    216.6055    564.5523      19951.1     556.0579  14.2501   0.0303     8.82    0.414  -1.53   2      56.54     2484.889     89.69477
       608    133.6011    561.2822     31670.53      487.642  13.7484   0.0167     9.49    0.406  -1.42   0       94.3      4240.25     94.03746
       609    185.8246    561.9989     13789.83     163.2955  14.6511   0.0129     0.83    0.116   0.54   0      148.6     14008.79     115.0845
       610      6.9955    559.9763     4141.379     155.6353  15.9571   0.0408     0.00    0.136  45.05   3      67.01     3726.813     92.78827
       611      2.0254    559.9778     31103.08     177.8234  13.7680   0.0062     0.00    0.079 -49.00  26      250.9     30841.13     144.8213
       612    559.8974    557.7193     5864.023      481.552  15.5795   0.0892     7.99    0.654  -0.05   0      17.37     727.1754     84.43717
       613     78.3703    554.7965     14824.59     569.5205  14.5725   0.0417    10.77    0.469   0.54   0      43.47     1874.512     88.35474
       614    347.6386    542.2554     19011.07     650.6816  14.3025   0.0372    10.41    0.224  15.13   3      50.05     1983.384      88.4149
       615    359.8758    549.9147     105870.7     690.9686  12.4381   0.0071     9.22    0.506  -0.45   3      234.3     10746.41     107.9119
       616    209.6961    554.7531     12292.73     679.0636  14.7759   0.0600    10.07    0.513  -3.48   0      31.03     1142.643     85.32076
       617    446.2493    552.5427     9253.695     579.1542  15.0842   0.0680     9.70    0.452 -12.97   2      25.83     970.3217     85.77128
       618    809.0180    554.0078     16094.94     166.4728  14.4833   0.0112     0.00    0.029  28.41   0      175.9     15935.57     118.8286
       619    493.4367    554.4927     4150.842     403.8843  15.9547   0.1057     5.92    0.747  -0.82   0      13.53     567.3864     83.54221
       620    261.8250    551.4578     9244.127     576.6293  15.0853   0.0677     9.63    0.198   5.50   0      24.53     1129.796     85.96714
       621    634.5437    550.9854     13832.39     637.5446  14.6478   0.0501     9.00    0.417   0.54   0      37.34     1588.096      87.3929
       622    321.5527    548.1074     94484.34     782.3869  12.5616   0.0090    13.38    0.546 -18.29   0      213.3     9241.566     104.6946
       623    833.8428    546.7670     34562.04     725.6816  13.6535   0.0228    17.40    0.141 -66.15   2      76.46      2987.76     91.17336
       624    700.8431    550.6873     9898.525     484.4558  15.0111   0.0532    11.20    0.408   2.10   0       31.4     1277.374     85.90533
       625     65.0920    551.0489     8389.849     508.2265  15.1906   0.0658     7.95    0.560  -1.07   0      22.68     1142.076     85.54664
       626    789.7142    548.7802     13975.54     801.5947  14.6366   0.0623    10.71    0.531  -4.30   0       22.8      801.957     84.63821
       627    929.3613    549.7245     8641.642     388.0648  15.1585   0.0488     4.07    0.476 -40.14   3      26.29     1437.604     86.77708
       628    924.5758    542.3051     35119.07      974.861  13.6361   0.0301    18.52    0.504   7.20   3      54.07     2177.476     88.03415
       629    936.4688    542.5081     27840.33     651.5259  13.8883   0.0254     8.46    0.067 -75.11   3      67.48     2813.856      89.8784
       630    485.4638    546.7974     27064.34     330.8051  13.9190   0.0133     9.64    0.374 -53.98   1      175.2     18619.41     124.0122
       631    718.0571    549.0930     1825.326     158.4683  16.8466   0.0943     3.24    0.388 -83.42   0      28.28     1023.759     85.23172
       632    615.4102    547.1311     16428.22     676.1504  14.4610   0.0447     9.80    0.477   0.46   3      35.52      1580.44     87.15037
       633    601.8175    542.5691     58168.84     606.1078  13.0883   0.0113     9.85    0.408   0.31   2      152.6     7243.747     101.2281
       634     43.1129    548.0684      5466.23     424.5381  15.6558   0.0843     8.79    0.520  -5.69   0       19.4     886.1426     84.86398
       635   1005.7957    545.4216     4496.587     192.3817  15.8678   0.0465     5.72    0.507 -66.08   0      64.68     3801.181     92.76106
       636    196.7505    546.3410     8297.143     465.2807  15.2027   0.0609     9.72    0.437  -2.50   0       29.5     1300.193     86.41644
       637    315.9915    565.5135     226832.1     681.4904  11.6107   0.0033     9.36    0.472   8.45   2        455     28524.92      140.864
       638    759.9277    544.5908     29010.12     674.6317  13.8436   0.0253    17.96    0.709 -11.21   0      58.65     2373.374     89.19424
       639    142.5974    542.8228     21870.95     590.6988  14.1503   0.0293     7.25    0.509  -1.49   2      41.91     1816.479     87.76376
       640    372.6102    543.7068     6628.819     427.4384  15.4464   0.0700     5.59    0.535   1.16   0      22.67     1068.277     85.80434
       641    151.0377    543.8893      46297.8     215.1703  13.3361   0.0050     4.80    0.234 -71.51   0      303.7     44299.78       164.12
       642    627.2518    543.2737     8120.514     531.4643  15.2260   0.0711     7.62    0.704  -2.26   1      18.65     851.5325     85.00008
       643      3.2850    542.1043     5025.935     321.4027  15.7470   0.0694     7.31    0.257 -62.34  19      22.12     1596.053     86.74434
       644      7.3137    534.0754     23767.94     500.7142  14.0600   0.0229    14.33    0.368  -0.20  26      69.65     2574.552     89.05336
       645    167.4924    534.4337     199997.3     618.3024  11.7474   0.0034     8.92    0.252  -2.40   0      424.9     25398.54     135.1525
       646     29.8577    542.1061     1945.447     152.3949  16.7775   0.0851     2.70    0.228 -25.78   0      40.86      1634.36     86.62067
       647    485.8928    538.5497      24004.3     759.0835  14.0493   0.0343    12.91    0.390  -6.44   0      48.63     2031.765     87.65717
       648    991.9966    539.5759     4378.903     165.0582  15.8966   0.0409     1.19    0.180 -89.06   2      63.23     4504.625     94.67426
       649    530.1225    533.4901     175644.1     595.5805  11.8884   0.0037     8.98    0.321  -4.09   0      390.2     22882.84     131.1503
       650    434.2022    537.6298     7716.224     600.7877  15.2815   0.0846     3.45    0.268 -13.04   3      19.39     1102.262     86.34545
       651    437.7309    535.2872     7240.854     359.9449  15.3505   0.0540     6.75    0.414  56.29   3      30.53     1823.789     87.33897
       652    213.9066    540.8505      1800.64     148.9533  16.8614   0.0898     2.92    0.213  63.26   0      37.25     1567.604     86.44534
       653    307.8105    530.5684     83170.79     527.9084  12.7001   0.0069     9.34    0.351   2.20   2      212.3     10634.34      108.574
       654    905.1144    531.6664     8013.925     481.5581  15.2404   0.0653    10.28    0.414  -8.27   0      26.99     1072.946     85.59005
       655    407.3922    528.8852     80337.57     535.8288  12.7377   0.0072     8.89    0.386  -1.88   0      213.8     10801.01     108.7438
       656    611.4885    525.5382     29651.65     1010.786  13.8199   0.0370    16.11    0.430 -36.87   3      35.65      1048.79     85.29844
       657    992.8101    529.8113     7852.825     510.8463  15.2624   0.0706     7.94    0.485  12.69   0      19.19     933.8694     85.44759
       658    107.3744    528.2316     13265.09     599.6523  14.6932   0.0491    12.22    0.553  -6.63   0      32.46     1141.904     86.44974
       659     64.6217    508.5238     36981.14     619.6459  13.5800   0.0182     9.80    0.381   0.04   3      104.6      4717.88     95.18481
       660     77.1722    524.2549     160777.9     658.3564  11.9844   0.0044     9.14    0.360  -0.50   3      362.5     20946.76     128.0549
       661     64.5359    517.3630     34826.79     626.6536  13.6452   0.0195     9.43    0.412  -0.53   3         93     3910.642     93.02886
       662    461.4253    525.1462     18418.52     680.3973  14.3369   0.0401    12.13    0.429  -5.58   0      42.11     1755.935     87.60683
       663    474.0060    526.0820     9342.711     535.6258  15.0738   0.0623     8.42    0.709  -3.31   1      22.47      1079.52     86.06014
       664    213.6799    524.2073     12006.07     532.2115  14.8015   0.0481    11.46    0.506  -0.26   0      36.13      1486.65     86.90544
       665    335.8452    524.3107     5917.488     416.6996  15.5697   0.0765     9.66    0.507  -7.56   0      20.37      796.637     84.62392
       666   1000.5421    522.1716     13489.63     568.9875  14.6750   0.0458     9.04    0.396  -4.91   0      37.98     1677.146     87.62418
       667    975.0710    522.7649     9413.645     489.2173  15.0656   0.0564    11.05    0.361   1.33   2      30.15     1263.178     86.31905
       668    425.7238    521.7567     18986.84      685.564  14.3039   0.0392    12.54    0.553  -5.61   1      43.09     1907.672      87.9996
       669    483.6292    521.2252     11536.75     596.5596  14.8448   0.0562    10.21    0.437  -4.11   3      27.31      1211.67     86.63295
       670    484.6593    512.3679     23116.95     792.6251  14.0902   0.0372    15.37    0.290  17.85   3       50.6     1660.619     87.35921
       671    938.8464    518.4189     8552.459     509.2538  15.1698   0.0647    10.92    0.374  -3.20   0      27.36     1146.589     86.46205
       672    789.0685    536.5020     7711.439     196.1428  15.2822   0.0276     2.75    0.423 -85.59   0      65.43     5186.499     95.69013
       673    363.8699    518.1489     18521.75     426.9446  14.3308   0.0250     9.10    0.455  -0.62   0      60.87     2731.524      90.1022
       674    183.4979    517.8527     12463.73     597.7256  14.7609   0.0521    10.59    0.376  -2.15   0      34.74      1369.31     85.92242
       675    118.2710    518.6093     7608.809     373.4174  15.2967   0.0533    10.45    0.528  -2.75   0      26.43     1105.412     85.90265
       676    876.2775    515.6191     62918.22     589.2246  13.0031   0.0102     8.70    0.381  -3.69   0      170.2     8180.605     103.1218
       677    845.8806    514.5448     21510.43     566.2098  14.1684   0.0286     9.91    0.411   0.44   0       61.2     2633.834     89.42203
       678    623.7713    517.4465     15316.62     716.9245  14.5371   0.0508    11.39    0.595   3.82   0      28.08     996.3273     86.06617
       679    215.8739    510.9076     21098.29     724.8107  14.1894   0.0373    12.27    0.559  11.37   2      51.54     1203.918     85.71078
       680    212.5506    502.0312     12886.55     638.7298  14.7247   0.0538    10.59    0.482   4.52   2      36.11     1096.457     85.87895
       681    741.4211    513.3514     3715.509     365.7672  16.0750   0.1069     6.48    0.629  -6.37   0      14.99     699.4436     85.27859
       682    727.3375    509.3338     10150.52     194.0054  14.9838   0.0208     5.65    0.453  44.68   0        111     8596.183     103.6596
       683    467.8900    508.8126     19163.16     674.9138  14.2938   0.0382     9.65    0.433  -4.50   0      44.04     1900.013      87.5371
       684    411.1390    506.4391     22557.47     732.5968  14.1168   0.0353     0.00    0.512 -16.06   2      46.85      1431.53     86.76117
       685    389.4943    510.2068      5329.48     416.3788  15.6833   0.0848     6.15    0.443 -20.59   0      17.66     1057.478     85.77573
       686    623.0936    509.3758     10770.21     647.0467  14.9194   0.0652    10.10    0.414 -10.20   0      24.58     884.1417     84.62938
       687    947.9072    508.9208     2384.437     149.8414  16.5565   0.0682     4.45    0.167  27.26   0      49.44      2117.36     88.31982
       688    651.3472    507.0917     18617.78     814.9173  14.3252   0.0475    12.02    0.435  -0.86   3      30.96      967.287       85.081
       689    649.8050    501.5017     13587.33     683.7716  14.6672   0.0547    10.62    0.514 -12.90   3      30.29     1088.635     85.85825
       690    648.4969    496.3793     10486.48      605.856  14.9484   0.0627     8.08    0.340   6.74   3      27.86     950.6134      84.8077
       691    797.4437    504.5810     30545.16     562.9652  13.7876   0.0200     9.58    0.417   0.54   0      81.36     3613.034     92.71892
       692    781.0113    505.4858     5932.919     449.2364  15.5668   0.0822     7.81    0.508  -8.19   2      18.91     885.3091     85.09035
       693     31.4452    503.5945     73861.47     605.5818  12.8290   0.0089     9.20    0.375  -0.50   0      194.4     9586.688     106.1755
       694    685.4966    499.8103     102245.4     545.0419  12.4759   0.0058     9.22    0.367  -3.73   0      261.3     13470.46     114.0164
       695    498.6831    502.3126      13288.9     625.0402  14.6913   0.0511    11.20    0.513  11.94   2      32.46     1040.106      85.5028
       696    707.2936    502.5197     14335.49     575.2655  14.6090   0.0436    10.04    0.409  -4.84   0      46.17     1850.929     87.63153
       697    943.3344    502.6538     5244.974     428.9723  15.7006   0.0888     6.46    0.355 -19.82   0      16.62     748.5449     84.95324
       698    819.7836    502.0621     11820.78     615.1035  14.8184   0.0565    10.52    0.521  -3.83   0      26.29     1152.816     86.02798
       699    918.6294    501.0455     5768.931     424.7001  15.5973   0.0799     8.07    0.666  -0.83   0      18.36     837.7067     85.64628
       700    850.1771    499.1430     14477.65     632.4218  14.5983   0.0474     9.24    0.415  -5.81   1      36.12     1561.461     87.10087
       701    406.7273    499.7387     8367.034     575.4401  15.1936   0.0747     9.17    0.646  -2.75   0       20.6     783.5764     85.04691
       702    754.3442    498.1504     6443.962     462.2783  15.4771   0.0779     8.39    0.452  -3.68   0      20.98     996.8243     85.84148
       703    107.9972    498.0168     17787.16     168.7672  14.3747   0.0103     4.24    0.028 -88.70   0      181.9      17075.7     120.9896
       704    309.4216    496.1625     11170.53     601.2858  14.8798   0.0585     5.15    0.447 -10.91   3       24.3     946.2977     86.15971
       705    263.8811    495.2571     18818.02     570.2609  14.3136   0.0329    10.90    0.363  -0.67   0      53.93     2187.976     88.28157
       706    542.1749    493.6917     18947.18     496.5691  14.3061   0.0285    12.99    0.449  -1.68   0      55.94     2327.165     88.41975
       707    322.6953    489.6086     165353.5     627.4927  11.9540   0.0041     9.08    0.346  -1.92   2        374     21348.49     128.7659
       708    215.3711    493.7627     57177.73     298.5371  13.1069   0.0057     7.81    0.327 -13.15   0      320.1      50167.8     172.5052
       709    990.4370    491.9502     7435.476     437.9634  15.3217   0.0640     9.80    0.557 -10.13   0      25.93     1180.699     85.87569
       710    857.6216    489.6325     40089.23     637.7636  13.4924   0.0173     9.82    0.356  -5.81   0      108.3     4876.232     95.76523
       711    248.0962    490.1343     8536.352     173.5087  15.1718   0.0221     5.03    0.308  53.61   0      113.4     7621.557     101.3087
       712    827.8902    490.7918     5244.139     374.5775  15.7008   0.0776     8.00    0.569   3.83   0      18.44     840.6549      85.1993
       713    752.6384    486.1263     9927.612     383.7886  15.0079   0.0420     3.70    0.545 -21.44   0      34.25     1018.924     85.67352
       714    517.0132    488.0065      23277.1     176.0051  14.0827   0.0082     4.22    0.021  27.57   0      213.9     22881.36     131.4436
       715    699.3849    485.7480     6323.356     502.4922  15.4976   0.0863     8.60    0.500  -1.43   0      18.37     692.7046     85.03249
       716    485.9492    483.8822     16315.63     451.2414  14.4685   0.0300    -0.18    0.196 -11.13   0       81.7     7875.985     101.8778
       717    426.9381    485.8777     8781.812     561.0773  15.1410   0.0694     9.89    0.446  -2.85   0      23.88     949.9179     85.26274
       718    196.9902    486.6611     4278.825     164.9203  15.9217   0.0419     0.95    0.163 -88.57   0      60.84     4147.593     93.81326
       719    280.7650    485.2082      5318.41     351.8948  15.6855   0.0719     8.28    0.608  -3.72   0      18.76     832.7267     85.63306
       720    134.8072    483.7574     7296.439     479.1967  15.3422   0.0713     9.95    0.514  -0.32   0      24.54      1071.94     86.26561
       721   1010.2997    482.1287     10021.07     626.1819  14.9977   0.0679     9.23    0.198 -23.29  16      21.53     761.4624     83.83714
       722    658.3528    480.7531     23200.74     558.2552  14.0862   0.0261     8.93    0.420  -7.29   3      71.69     3237.491     91.79377
       723    666.0921    474.3951     41051.22     1050.525  13.4667   0.0278    19.91    0.363 -75.97   3      64.43     2273.744     88.94001
       724     49.1775    481.1584      17464.9     649.3939  14.3946   0.0404    13.59    0.467  -8.39   0      46.53     1831.316     88.24356
       725    412.1877    481.6758     7479.626     529.3585  15.3153   0.0769     8.43    0.587  -0.30   0      19.29     808.3541     85.34103
       726    302.1553    477.5142     40802.14     497.7683  13.4733   0.0132     4.14    0.337   5.11   0      126.8     6127.722      97.9001
       727    964.1218    479.2478     20792.24     743.8945  14.2052   0.0389     7.36    0.556  16.76   2      41.41     953.8618     85.27325
       728    666.6665    490.7935     14764.28     660.3224  14.5770   0.0486    10.33    0.429  -0.42   0      35.87     1522.737     86.99976
       729    617.9581    479.0671     3363.413     148.0747  16.1831   0.0478     0.00    0.126 -61.52   0      65.22      3161.95     91.18144
       730   1020.2137    474.8137     15498.99     500.8406  14.5242   0.0351    12.15    0.287  -4.78  24      48.02     2024.427     88.30062
       731    899.8207    475.7315     17443.44     661.2439  14.3959   0.0412    13.56    0.579  -2.41   0      38.92     1529.147     87.23946
       732    816.9900    476.2398     4518.817     273.6814  15.8624   0.0658     2.83    0.474  89.15   0      31.12     2295.268     89.64745
       733    492.8200    475.0197      13744.8     659.9714  14.6547   0.0521     9.80    0.375  -7.63   0      31.08     1193.337     86.58485
       734    463.0888    476.1485         8680     359.5041  15.1537   0.0450    10.92    0.515  -4.09   0      30.68     1282.523     85.91895
       735    104.4387    475.5871     13995.74      578.499  14.6350   0.0449    12.52    0.572  -0.72   0      36.56      1594.69      87.8534
       736    998.2129    472.4693     10682.96      609.924  14.9283   0.0620    11.18    0.171 -30.26   0      26.19     767.0452     85.00272
       737    967.7186    473.7220     15149.26     218.3589  14.5490   0.0157     6.34    0.482  41.49   3      150.7      12852.9     112.2607
       738    959.5029    463.6511     30959.19     717.8184  13.7730   0.0252    12.31    0.302  11.87   2      81.12     3206.555     90.65194
       739    963.9985    460.0022     57208.73     215.4095  13.1063   0.0041     4.20    0.003 -50.05   3      344.3     56596.84      180.562
       740    279.4190    462.7146     29732.63     684.1661  13.8169   0.0250    15.17    0.386 -13.99   3      96.39     2534.311     89.38631
       741    277.8853    470.2000     40376.51     904.8228  13.4847   0.0243    15.63    0.749   2.55   3      84.79     2269.451     89.36486
       742    402.1031    468.6875     2590.819     156.4891  16.4664   0.0656     3.37    0.332  69.67   0      40.29     2249.394     88.43954
       743    179.9678    469.5142     5356.979     406.9563  15.6777   0.0825     7.92    0.437  -0.51   0      19.08     779.0624     84.80609
       744    740.7621    467.9447     2975.463     227.7281  16.3161   0.0831     4.97    0.263 -31.83   0      24.88     1941.885     88.30817
       745    320.6947    469.0181     11370.57     594.0487  14.8605   0.0567    12.15    0.340   2.12   2      31.82      1236.65     85.57081
       746    876.6591    468.2550     6727.783     506.5248  15.4303   0.0818     7.98    0.569  -5.73   2      22.59     847.9528     85.67346
       747    870.0050    464.8019     3064.159     225.6748  16.2842   0.0800     0.00    0.179 -23.50   2      38.77     1742.231     87.57128
       748    541.0712    466.7632     7886.287     444.7974  15.2578   0.0613     0.00    0.301  18.75   0      28.17     1000.963     85.62587
       749    138.9347    466.7866     18953.71     596.9429  14.3058   0.0342    11.09    0.335  -5.11   3      52.59      2268.93     88.92771
       750     45.8147    462.6550     105423.9     562.1377  12.4427   0.0058    16.11    0.411   0.35   0      258.2     13226.69     113.7004
       751    235.3024    464.7606     8394.378     415.7185  15.1900   0.0538    10.74    0.442  -5.59   0      30.26     1153.895     85.12283
       752    607.2299    461.3490      6488.17     194.7202  15.4697   0.0326     5.74    0.485  56.53   0      80.61     5528.603     97.10128
       753    449.8000    461.4680     25020.91      586.138  14.0042   0.0254     9.39    0.431  -2.24   0      72.35     3134.683     91.53887
       754    153.8738    463.2891     9296.152     584.1804  15.0792   0.0682     9.68    0.487   1.65   0      22.84     1033.251     85.25703
       755    801.3432    456.3867     373231.5     770.7845  11.0701   0.0022    20.28    0.101  18.29   0      628.1     35799.86     152.2771
       756    429.8998    458.0393        17310     771.6895  14.4043   0.0484     6.91    0.129 -18.01   0      32.57     1282.563     85.23808
       757    767.4675    460.3526     11406.57     687.2992  14.8571   0.0654    10.91    0.413 -14.24   0      24.57     978.1885     85.56539
       758    248.0019    461.7542     74189.74     234.7152  12.8241   0.0034     0.89    0.147 -89.82   0      351.8     74082.71     201.4687
       759    656.2891    456.6712      23514.2     722.2134  14.0717   0.0334     8.70    0.174  11.61   0      59.23     2331.939     88.87028
       760    393.3392    452.6042     51731.25     739.6249  13.2156   0.0155     9.99    0.230  -1.83   0      125.3      5707.97      97.5202
       761    748.5645    459.5240     9727.027     528.4877  15.0300   0.0590     7.32    0.643  -7.96   0       18.2     729.9155     84.90339
       762   1007.2671    456.4954     33916.39     571.1677  13.6740   0.0183     9.10    0.373  -5.56  16      97.38       4238.3     93.41093
       763    521.4177    457.9995     61920.92     258.8395  13.0204   0.0045     3.20    0.488   0.07   0      313.2      49526.7      171.432
       764    406.8300    457.4015     12095.49     658.6663  14.7934   0.0591    10.19    0.676  -2.22   1      22.64     807.5919     85.56633
       765    134.1942    453.2456     117720.9     591.4017  12.3229   0.0055    11.16    0.400   0.02   0      282.6     14938.84     117.0728
       766    719.0706    456.2460     15085.54     391.8206  14.5536   0.0282     8.23    0.683   9.70   0      96.15     8278.814     103.1499
       767    636.8409    452.7820     44028.45       601.59  13.3907   0.0148     9.64    0.292   0.19   2      116.4     5169.625       96.459
       768    252.9035    455.0785     18920.13     728.8069  14.3077   0.0418     8.67    0.552   9.91   2      47.59     775.7623     84.56785
       769    865.9600    454.9934     21386.29     233.2399  14.1747   0.0118     3.29    0.549  -0.33   0      147.9     14766.79     116.9046
       770    584.8354    450.0468     31146.64     788.7911  13.7665   0.0275    15.78    0.200 -19.62   0      65.74     2252.401     88.88545
       771     12.9442    450.9322     7488.589     157.3928  15.3140   0.0228     0.00    0.138  50.79   0        107      7035.53     100.1795
       772   1000.6230    447.0735     16116.83     638.3584  14.4818   0.0430    10.20    0.227 -19.06   3      41.66     1262.847     86.54293
       773    965.3257    448.8799     6715.902     461.3605  15.4322   0.0746     8.99    0.535  -5.35   0      21.13     900.4679     84.67321
       774    713.0724    448.3008     14402.47     496.4451  14.6039   0.0374     8.60    0.397  -4.09   0      49.61     2108.408     87.41232
       775     96.8577    448.2010     16125.59     770.7108  14.4812   0.0519     8.39    0.197 -15.41   2      35.75      1218.78     86.20206
       776    368.7938    443.8575     12000.53     692.4227  14.8020   0.0627    11.24    0.192  53.93   0       25.4     933.7404     85.67429
       777    243.0915    430.7415      2058978     1147.453   9.2159   0.0006     9.07    0.301  -2.24   0       1779       264630     356.4905
       778    220.5076    445.6178     7361.421     532.0531  15.3326   0.0785     9.11    0.470   5.46   0      21.09     866.6722     84.58245
       779    157.0700    447.0840     5007.107     394.6408  15.7510   0.0856     5.20    0.395  -8.72   0       16.1     721.7395     84.42254
       780    432.7299    444.9608     8308.745     385.3575  15.2012   0.0504    10.05    0.507  -4.04   0      28.84      1371.89      86.6048
       781    670.7500    443.6072     3201.812     180.3801  16.2365   0.0612     2.73    0.427 -68.96   0      39.82     2530.824     89.81109
       782    684.4217    443.0742     7862.127      530.439  15.2611   0.0733     8.83    0.403   1.94   0      22.03     893.3978     85.56721
       783    906.2275    439.4299     38076.86     631.6871  13.5483   0.0180    14.48    0.387   9.97   2      99.99      4305.39     94.40076
       784    329.4780    438.7765     13707.46      715.736  14.6576   0.0567    11.99    0.451 -42.43   2      29.05     975.5179      85.5583
       785    871.1444    440.5026     9704.226     599.1123  15.0326   0.0670     9.34    0.461   0.23   0      22.27     858.7466     84.56116
       786    483.0003    440.9785     56546.95     214.7102  13.1190   0.0041     0.00    0.037  86.29   0      342.9     55894.28     179.6755
       787    981.4766    439.0423     5630.227      425.768  15.6237   0.0821     7.88    0.483  25.78   0      20.29     845.3737     85.21189
       788    962.9371    438.0615     6047.072     487.6508  15.5461   0.0876     8.17    0.517 -11.07   0      17.94     770.0074     85.01064
       789    513.1570    437.4194     7254.208      502.913  15.3485   0.0753     8.61    0.536  -4.70   0      20.47     935.0934     85.90432
       790    929.3089    435.2758     3747.487     343.8887  16.0656   0.0997     6.67    0.090  49.46   0      16.58     1026.263      85.2384
       791    810.5751    436.2802     14838.85     645.4716  14.5715   0.0472    10.99    0.496  -0.66   2      33.11     1102.399     85.89468
       792    659.5472    436.8970     7470.677     509.7244  15.3166   0.0741     5.88    0.678  -2.32   2      24.99     1134.397      85.2988
       793    783.8572    430.7377     171213.3     664.1464  11.9162   0.0042    13.92    0.271 -15.00   0      362.6     18474.43     123.7462
       794    487.7628    433.2712     29640.72     541.4864  13.8203   0.0198    10.48    0.286  -3.51   2      97.27     2707.469     90.04151
       795     19.4072    432.7604     17657.13     810.4656  14.3827   0.0498    12.74    0.502  -7.54  16      32.12     1364.187     87.03215
       796    713.2786    433.1389     16235.84     802.8405  14.4738   0.0537    10.03    0.522   6.66   3      43.53     1010.659     85.19678
       797    710.5012    426.6658     22670.64     834.2917  14.1113   0.0400    14.38    0.608   3.14   3      43.71     1091.555     85.18457
       798    820.5007    431.4241     19389.82     851.2707  14.2811   0.0477    10.77    0.432  -9.70   1      31.67     1116.947     85.02412
       799    689.0081    430.4622     34340.03      693.442  13.6605   0.0219    11.74    0.387  -5.92   0      83.06     3600.815     92.47914
       800    416.9966    430.2661     16367.62      172.568  14.4650   0.0114     0.91    0.154 -89.31   0      151.6     15966.03     119.0502
       801     72.6143    430.4041     5836.704     467.2062  15.5846   0.0869     7.22    0.445   2.87   0      18.28     743.4157     84.93951
       802    637.0967    428.7979     7794.065      309.542  15.2706   0.0431     0.00    0.415 -20.69   0      34.32     1676.937     87.40166
       803    315.7443    427.9087     37351.88     583.4561  13.5692   0.0170     9.35    0.456  -0.46   3      100.7     4460.756     93.95061
       804    328.7919    427.5875     21392.31     710.6946  14.1744   0.0361    13.14    0.457   1.46   3      50.88     2024.747     88.30145
       805    128.3873    426.2610     19232.17     554.0135  14.2899   0.0313    15.59    0.452  12.91   0      46.96     1495.277       86.928
       806    750.2926    427.9470     5066.262     430.0085  15.7383   0.0922     7.13    0.608  -2.57   0      16.58     669.9121      84.2829
       807    866.2759    424.9178     7500.486     480.3057  15.3123   0.0695     9.71    0.443  -6.79   0      22.15      944.684     84.79181
       808    520.4091    423.8864     17042.13     491.7619  14.4212   0.0313    12.17    0.425  -1.42   0      48.64     1872.069      87.9076
       809    360.4064    423.6849        18267     644.4206  14.3458   0.0383    13.36    0.360  -3.08   0      47.85     1894.837       88.187
       810    470.0396    423.1492     9433.557     551.7424  15.0633   0.0635     9.54    0.457  -0.81   0      28.12     1156.653      86.2636
       811    184.0106    419.4517     41542.18     647.3472  13.4538   0.0169    13.02    0.354  -0.27   0      109.9     4956.848     95.75369
       812     94.2178    419.5445     25045.57     652.0416  14.0032   0.0283     9.44    0.469  18.65   2      50.27     894.3949     85.56985
       813    300.7100    418.0669     33972.78     700.2913  13.6722   0.0224    11.18    0.275  15.79   3      74.54     2552.902     89.21609
       814     75.9558    416.4387     68567.72     804.3453  12.9097   0.0127    15.90    0.273  20.71   2      135.1     5325.749     96.42406
       815   1012.0182    417.0180      12328.6     161.2489  14.7727   0.0142     4.30    0.061  44.44   0      152.1     12330.85     112.0689
       816    972.4481    417.1616     14946.24     620.9677  14.5637   0.0451     9.74    0.513  -9.85   2      47.36     1184.755     85.88643
       817    489.6656    417.1399     9639.023     509.7385  15.0399   0.0574    11.27    0.476   0.82   0      30.07     1234.614      86.2438
       818    899.8238    416.8946     1928.158     158.6157  16.7871   0.0893     3.09    0.276  27.84   0       32.8     1338.136     85.83993
       819    835.8738    412.9841     16090.38     404.5901  14.4836   0.0273     0.00    0.602  16.00   0      54.05     865.2887     85.49252
       820    926.2789    415.1423      4275.34     167.8346  15.9226   0.0426     5.00    0.332  27.87   0       69.8     3708.422     92.11269
       821    951.0480    411.1641     31433.81     580.3101  13.7565   0.0200    10.74    0.385  -2.25   0      90.33     4129.133     93.56113
       822    196.3597    412.0659     19474.59     731.6398  14.2763   0.0408     9.10    0.486   5.06   0      40.48     1674.535     87.39541
       823    578.1608    412.4905     5048.761     187.9337  15.7420   0.0404     0.00    0.390 -73.60   0      62.05     3683.538     92.05127
       824    601.2779    409.8355     6947.492     398.2034  15.3954   0.0622     9.82    0.352 -11.86   0      23.34     1078.809     85.83224
       825    460.3575    409.6849     11745.08     581.8029  14.8254   0.0538    11.88    0.480  -0.30   0      30.44     1155.023     85.58102
       826      4.5137    410.6720      5042.46     325.9158  15.7434   0.0702     1.92    0.484  -0.87  16      20.28     1246.315     85.82312
       827    404.1997    408.2891     10706.33      503.507  14.9259   0.0511    12.32    0.310   1.24   0      32.64     1367.951     86.59447
       828    293.0773    406.6157     20098.58     659.9518  14.2421   0.0357    13.93    0.377  -0.76   1      50.87     2012.958      88.4909
       829    748.8470    403.5854     23473.79     521.4879  14.0735   0.0241    12.61    0.401   0.18   0      70.09     3050.594     91.32986
       830    589.6011    403.6955      6977.16     459.3796  15.3908   0.0715     8.03    0.464  -4.43   0      21.72     1414.459     86.71645
       831    490.8431    449.1766     59141.27     663.0874  13.0703   0.0122    11.81    0.289  -1.08   0      148.1     6330.624     99.15678
       832     20.6329    400.4445     10109.43     242.8745  14.9882   0.0261     3.62    0.589 -18.44   0       63.3     3851.334     93.09277
       833    628.6947    398.5293     10140.47     582.0108  14.9849   0.0623    10.95    0.361   9.12   2      30.06     1247.907     85.82734
       834    309.7850    397.4427     14858.93     657.4067  14.5700   0.0480    13.45    0.394  -1.24   0       38.3     1414.717     87.16399
       835    676.6859    397.6033     9147.848     436.6323  15.0967   0.0518    10.38    0.440  -6.71   0      29.98     1268.111     86.78089
       836    284.2550    397.8990     10933.76     675.7399  14.9031   0.0671    10.40    0.448 -32.25   0      23.86     664.8514     84.03841
       837    847.9794    397.5023     6360.438     503.4745  15.4913   0.0860     8.11    0.388  25.70   2      22.59     908.4869     84.69473
       838    557.9697    398.1761     5820.752     382.6202  15.5876   0.0714     2.78    0.377   0.57   0      17.98     1050.959     86.21032
       839    473.9951    397.5207     2712.467     192.7979  16.4166   0.0772     5.07    0.576 -28.84   0      23.82     2104.084     88.72462
       840    261.0014    397.9785     56616.59     214.7839  13.1176   0.0041     0.00    0.038 -89.93   0      343.6     55884.55     179.6632
       841    805.1249    396.9226     11507.49     163.0928  14.8475   0.0154     0.00    0.107 -24.10   0      137.1     11354.55     109.1852
       842    349.3288    389.1581     78446.95      896.636  12.7636   0.0124    12.66    0.621 -25.17   2      144.1     6455.412     99.05091
       843    991.3054    394.4855     8968.568      492.967  15.1182   0.0597    11.24    0.370 -14.76   0      29.95     1250.298     86.05969
       844    961.8008    393.6432     5567.428     450.1316  15.6359   0.0878     6.23    0.282 -25.62   2      16.99     820.9755     85.60187
       845    711.7811    392.3333     11177.14     420.7144  14.8792   0.0409    12.74    0.411  -8.40   0      33.99     1428.238     86.97618
       846     15.8762    389.7111     25387.75     773.4373  13.9884   0.0331    14.92    0.380   4.58  17      54.67     2952.548     90.22842
       847    862.7222    389.4921     63172.26     538.5113  12.9987   0.0093    15.27    0.422  -3.98   0      172.5     8009.538     102.3653
       848    132.3732    375.6019     15081.73     621.7988  14.5539   0.0448    11.03    0.466   5.54   3      39.45     1727.985     87.97702
       849    144.3859    389.3802     50097.57     497.1337  13.2505   0.0108     8.91    0.371  -1.30   3      143.4     6772.302     99.96988
       850    143.3994    381.2152     27766.59     559.2432  13.8912   0.0219     9.04    0.371  -5.17   3      74.41     3077.121     90.96976
       851     97.9995    389.3993     52441.52     705.5718  13.2008   0.0146    12.54    0.400  -0.24   0      127.2     5779.542     97.48779
       852     35.2734    388.3907     30698.77     991.6207  13.7822   0.0351    15.90    0.669 -14.07   1      39.97     1365.301     86.58751
       853    202.2717    387.2799     8987.523     370.3422  15.1159   0.0447    10.73    0.453   2.82   0      30.14     1222.831     85.76091
       854    472.9638    389.0076     1662.879     164.2588  16.9478   0.1073     3.81    0.389  -0.07   0         20     1847.632     88.28558
       855     55.0135    388.0362     8760.504     562.7972  15.1437   0.0698     9.40    0.575 -10.38   0      20.29     827.3798     85.84546
       856    508.5515    386.8117     12287.44     639.2767  14.7763   0.0565    11.64    0.469   0.89   0      29.34     1215.715     86.64356
       857    175.0996    386.3581     9533.098     361.3893  15.0519   0.0412     9.46    0.369  -8.35   0      32.89     1393.475     85.53329
       858    810.5397    384.0633     13398.75     477.0186  14.6823   0.0387     9.19    0.415  -6.64   0      40.24     1695.201     87.44913
       859    992.5248    383.4094     14231.94     571.8375  14.6168   0.0436    11.95    0.428  -6.39   0      39.74     1724.031     87.52402
       860    611.1768    382.9869     8035.078     532.3408  15.2375   0.0719     8.69    0.362 -35.30   0       22.6     930.0462      85.6645
       861    529.6089    383.1967      11411.4     537.4073  14.8567   0.0511     6.72    0.513  -7.49   0      31.34     1261.761     86.31532
       862    266.3418    384.3322     337834.4     664.8588  11.1782   0.0021     9.12    0.329  -1.84   0      617.3     43875.73     163.7691
       863    438.0008    381.9765     56337.61     214.4885  13.1230   0.0041     4.27    0.038  89.91   0      342.5     55504.51     179.1818
       864    224.7959    379.6126      15786.8     416.2549  14.5043   0.0286     8.91    0.392  -5.32   0      51.42     2303.453     89.01589
       865    389.7967    388.6791     9605.386     368.0918  15.0437   0.0416     0.00    0.225 -35.14   0      48.56     4185.354     93.90469
       866   1022.0619    377.3534     3817.552     161.3002  16.0455   0.0459     0.52    0.299  73.49  16      56.77     3580.163     92.21796
       867    878.5038    376.9478     5898.123     408.4491  15.5732   0.0752     8.99    0.452  -9.40   0       21.7     990.5259      84.9146
       868    966.7979    375.5792     7482.143     502.0496  15.3149   0.0729     8.57    0.443  -5.67   0       24.4     906.7147     85.37534
       869    627.4913    375.4858      5224.18     428.9612  15.7050   0.0892     5.43    0.317  69.55   3      22.71     1244.724     86.04497
       870    631.9623    374.4733     5893.778     432.6962  15.5740   0.0797     4.45    0.366  22.12   3      22.18     1461.559      86.8398
       871    430.6521    373.1647     62420.27     280.8567  13.0117   0.0049     7.07    0.428 -22.92   0      347.9        57965      182.276
       872     33.7187    370.9182     47474.52     621.1416  13.3088   0.0142    13.92    0.419 -19.64   0      113.9     4621.051     94.13143
       873    666.0267    372.8438     26072.78      644.159  13.9595   0.0268    11.31    0.211  -7.07   2      67.33     2704.474     90.46445
       874    670.4835    367.8677     4650.581     190.0247  15.8312   0.0444     1.87    0.558 -62.15   3      39.38     3525.199      91.6595
       875    603.4197    372.6141     22762.59     750.9911  14.1069   0.0358    11.23    0.372   6.17   3      45.47     1619.012     87.47326
       876    583.7065    374.4792     8563.063     425.0517  15.1684   0.0539     9.71    0.538   0.75   0      27.16     901.7379     85.13422
       877    687.4665    373.1873     5045.747      336.187  15.7427   0.0724     9.12    0.389 -14.96   0      17.63     690.4733     84.79774
       878    499.0220    373.2999      7710.52     535.8399  15.2823   0.0755     8.11    0.573  -8.33   0      19.43     825.1849      84.0097
       879    169.7599    372.7201     14880.02     669.1292  14.5685   0.0488    11.67    0.596  15.13   0      40.26     1257.593     86.30434
       880    392.9124    371.9518     7419.327     344.9016  15.3241   0.0505     9.91    0.461  -4.37   0      26.21     1183.019     85.65534
       881   1010.0135    371.9873     14439.79     164.1976  14.6011   0.0123     4.28    0.044 -44.68   0      163.9     14252.06     115.5639
       882    616.1845    368.4654     31594.65     868.6149  13.7510   0.0299    15.63    0.398  20.35   1      57.93     1738.586     87.56181
       883    426.5539    360.5676       335485     665.5163  11.1858   0.0022     8.96    0.315  -2.07   0      614.8     43978.87     164.0306
       884     79.9833    370.8544     16356.57     656.4462  14.4658   0.0436    11.44    0.510   4.75   2       37.3      1552.98     87.30154
       885    997.2457    362.9546     11863.45     488.3692  14.8145   0.0447     0.97    0.563  32.20   2      42.36     1953.032     88.11667
       886   1009.6992    360.7231     21900.51     845.6469  14.1489   0.0419    14.66    0.392  -4.04  18      37.58     1525.289     86.33401
       887    954.2829    364.5747     18595.19      804.716  14.3265   0.0470    12.86    0.519  13.76   0      31.82     1386.822     86.64398
       888    463.7172    365.8723     4020.036     167.4885  15.9894   0.0452     0.00    0.324  25.96   0      65.62     3409.036     91.37102
       889    128.1655    363.1558     8404.681       359.33  15.1887   0.0464     9.32    0.359  -9.48   0      33.61     2004.875     88.47013
       890    803.2443    356.2421     22237.19     485.2313  14.1323   0.0237    13.27    0.446   3.60   0      66.73     2520.483     89.13347
       891    636.8511    354.4345     9848.942     429.1472  15.0165   0.0473    12.08    0.084 -58.58   0      28.87     1003.546     85.63272
       892     55.1160    358.0537     2577.163     150.1334  16.4721   0.0633     0.00    0.147  28.53   0       52.9     2390.175     88.80059
       893    729.1589    351.1365     55726.38     537.1708  13.1348   0.0105     8.76    0.344  -5.18   0      154.9      7311.57     100.9963
       894    467.3941    353.9146     8975.571     597.2117  15.1173   0.0723     7.99    0.376   4.33   2      22.71      928.064     85.65923
       895    250.0010    353.9715     21672.12     173.9203  14.1602   0.0087     4.24    0.026 -89.32   0      202.4     21342.57     129.0569
       896    204.9200    352.8632     8148.843     167.2917  15.2223   0.0223     4.92    0.237  57.21   0        108     7218.766     100.5943
       897    105.5899    351.9756     11432.67     603.8027  14.8546   0.0574    10.76    0.485  -1.99   2      29.35     1148.558     86.24227
       898     48.2361    349.1567     9469.146     511.5649  15.0592   0.0587    11.78    0.320  19.68   2      28.74     1019.925     85.90262
       899    939.0991    350.1786     7848.839     536.8041  15.2630   0.0743     9.38    0.457   1.53   0      22.26     922.8188     84.50362
       900    885.0153    350.0303     9882.182     157.7631  15.0129   0.0173     0.00    0.063  60.61   0      127.2     9240.166     105.6153
       901    816.3868    348.5631     12470.98     491.6244  14.7602   0.0428    11.98    0.401  -5.02   0      40.25     1792.048     88.36249
       902    451.9747    341.3659     160798.6     650.9452  11.9843   0.0044    10.44    0.287  -4.55   0      356.8     20757.96     128.0232
       903    381.3373    349.7585     5951.197     189.0219  15.5635   0.0345     0.00    0.465 -33.06   0      78.56     4688.019     94.90903
       904    243.5773    347.3505     70928.74     732.3558  12.8729   0.0112    11.63    0.381  -7.35   2      166.7     5350.048     96.88317
       905    182.8713    348.1799     17171.15     530.7652  14.4130   0.0336     9.16    0.422  -1.63   0      50.86     2196.805     88.96182
       906    666.6972    348.7224     7683.972     408.2538  15.2860   0.0577    10.48    0.527  -4.66   2      22.37     952.1284      85.0405
       907    490.3895    346.1296     34978.29     648.0433  13.6405   0.0201    16.86    0.582 -15.61   0      85.94     3312.511     91.55595
       908    287.3447    346.4391     13575.81     748.8546  14.6681   0.0599    13.06    0.299  20.67   0      27.58     962.0421     85.74934
       909    698.8418    347.8014     6373.945     486.8065  15.4890   0.0829     8.08    0.672   3.87   0      19.23     879.6228     85.75744
       910    928.0087    346.9640     9942.154     157.8495  15.0063   0.0172     0.00    0.041 -62.50   3      127.1     9405.705     105.9709
       911    922.6746    339.6640     19934.65     822.4016  14.2510   0.0448    14.59    0.402   5.32   2      38.74     1447.245     86.80233
       912    136.4087    344.5830     9687.582     580.9986  15.0345   0.0651    10.02    0.630   4.56   0      22.12     865.2797     85.26496
       913    342.2144    339.4799     60633.12     542.8334  13.0432   0.0097    15.21    0.399   1.41   0      163.8     7475.888     101.3654
       914     67.3638    342.1340     4917.493     426.5276  15.7706   0.0942     6.62    0.618  19.27   0      15.88     574.0413     84.48511
       915    886.8730    335.0216     35726.69     612.0859  13.6175   0.0186    14.75    0.349  -1.55   2      94.45     3956.795     93.34988
       916    593.2861    336.5463     9218.027     466.7719  15.0884   0.0550    11.35    0.431  -2.44   0      27.68     1135.813        85.53
       917    804.4017    333.8598     10454.46     573.7301  14.9517   0.0596    12.20    0.382 -34.33   2      24.74     692.4202     85.03172
       918    711.3348    333.6078     18647.52     497.4093  14.3234   0.0290    13.40    0.381  -6.32   0      55.71     2289.726     88.98084
       919    561.8895    333.4529      27470.7     463.1599  13.9028   0.0183     9.46    0.386   0.44   0      83.15     3448.645     91.46949
       920     31.7507    335.2997     8426.032     447.2501  15.1859   0.0576     7.60    0.554  -6.63   0       25.5     1293.562     85.26739
       921    631.4545    331.0548     17952.51     647.3177  14.3647   0.0392    14.61    0.362 -22.04   0       46.2     1789.622     88.13611
       922    231.8782    331.5479     26889.87     801.0151  13.9260   0.0324    17.23    0.670  -6.51   0      177.2     1489.882     86.69009
       923    842.8716    330.5638     10915.36     438.6598  14.9049   0.0436    12.23    0.360   1.36   0      37.06     1796.234     87.71132
       924    598.2423    329.0759     6815.969     174.0534  15.4162   0.0277     0.00    0.299  20.42   0      87.45      5439.96     96.69289
       925    157.7013    319.7617     212281.9     673.7434  11.6827   0.0034     9.73    0.411  13.92   0      420.7     23521.11     131.9576
       926    340.9855    324.9423     4671.256     414.8503  15.8264   0.0964     7.48    0.634  -3.06   0      17.23     755.9551     85.20137
       927    234.1338    320.9740     14418.21     457.7723  14.6027   0.0345    10.23    0.424   2.54   0      47.37     2103.342     88.28374
       928    664.0823    321.9637     3076.555     150.8875  16.2798   0.0533     4.46    0.125 -27.00   0      53.56     2609.696     89.57778
       929    467.5919    316.9845       106142      580.278  12.4353   0.0059     9.00    0.376  -1.00   2      259.7     13469.19     114.0139
       930    655.3300    316.9234     49390.68     667.0576  13.2659   0.0147    13.66    0.396  -3.88   2      119.8     5146.449     95.59496
       931    609.7612    318.4384     3923.965     254.7904  16.0157   0.0705     2.96    0.419 -64.09   0      31.02     2098.885     88.49206
       932    416.7162    319.2921     7308.072     520.0283  15.3405   0.0773     8.51    0.555 -16.79   0      18.82     776.0669     84.79807
       933    133.7397    315.8439     33979.66     587.1252  13.6720   0.0188     9.06    0.418  -4.62   3      93.58     4153.353     93.61994
       934    493.3884    311.3202     54866.09      908.455  13.1517   0.0180    14.46    0.112 -20.53   2      98.73     3455.743     91.91081
       935    600.8724    314.1404     7132.917     171.6605  15.3668   0.0261     0.00    0.313 -47.20   0      101.6     6317.317     98.73355
       936   1015.3926    310.2553     5594.149     303.1541  15.6307   0.0589     9.23    0.497  -5.41  16      21.44     892.9442       85.566
       937    118.2135    308.2035     28315.22     500.8384  13.8700   0.0192     9.66    0.382  -2.00   0      86.39      3860.11     92.90533
       938    833.3062    307.9789     17262.17     759.6238  14.4073   0.0478    12.59    0.487   5.56   0      35.67     1439.138     86.10693
       939    178.7348    307.5648     22012.18     578.2904  14.1433   0.0285    13.44    0.449   3.10   0      65.04     2799.781     90.27421
       940    809.9807    306.1658     9147.941     514.2631  15.0967   0.0611    10.45    0.381  -9.35   2      27.29     1030.735     86.38216
       941    476.9328    306.2981     25408.01     703.7447  13.9876   0.0301    10.88    0.436  -1.73   1      64.95     2675.681     89.52832
       942    360.6427    306.5826      8126.31     436.1002  15.2253   0.0583    10.05    0.366  22.54   2       23.9     989.0138     86.04685
       943    355.8956    303.6155     3462.339     283.2827  16.1516   0.0889     4.92    0.377 -69.11   3      18.27     1400.054     86.22929
       944    243.3484    307.9311      3660.48     295.1919  16.0912   0.0876     5.28    0.354  -7.27   0      18.64     1360.004     86.57361
       945    878.7821    302.5632     20468.32     690.9924  14.2223   0.0367     9.38    0.391 -10.25   2      47.44     1458.938     87.50152
       946    572.7889    305.9325     7211.551      515.295  15.3549   0.0776     5.62    0.398 -17.85   0      22.41       1154.1     86.03137
       947    150.2042    304.9104        33911      797.543  13.6741   0.0255    17.62    0.670  -3.20   1      66.33     2516.173     89.55736
       948     16.5250    305.1664     26707.41     758.6131  13.9334   0.0308    17.55    0.618  -4.49  19      51.34     1719.091      87.5112
       949      5.0100    303.0929     16726.43     425.9879  14.4415   0.0277     3.85    0.027   9.84  19       65.9     4967.853     95.57677
       950    970.6326    301.5028     75355.04     552.4899  12.8072   0.0080     8.54    0.325  -3.83   0      200.2     9426.691     104.9107
       951    767.7365    303.4110     18765.13     791.9897  14.3166   0.0458    12.32    0.397  -2.67   2       36.5     1322.273     86.47449
       952    338.1201    303.8222     12178.55      639.238  14.7860   0.0570    10.86    0.450   2.63   0      29.02     1151.635     86.02486
       953    640.3893    302.6282     8679.797     420.5197  15.1537   0.0526     3.74    0.539 -16.81   0      28.17     998.8769     85.84691
       954    274.8711    304.0027     9981.082     157.9055  15.0021   0.0172     4.41    0.098   0.71   0      125.2     9998.418     106.8716
       955     42.9357    300.7949     30400.33     467.7207  13.7928   0.0167     9.10    0.383  -2.02   0      93.38     4301.849     94.18622
       956    927.5760    299.4212     8983.855      475.932  15.1163   0.0575    -2.10    0.561 -12.10   0      28.21     1307.706     86.88452
       957    709.9153    300.9147     61729.41     222.3228  13.0238   0.0039     4.49    0.125  44.86   0      345.5     60420.12      185.207
       958    563.0823    300.0291     19746.53     182.3683  14.2613   0.0100     0.00    0.196  18.67   0        189     18392.76     123.4389
       959    668.6453    296.6670     53213.91     672.7046  13.1849   0.0137    10.76    0.379  -3.71   0      135.9     6015.796     98.03703
       960    410.6750    298.5245      12744.2     406.3078  14.7367   0.0346    12.36    0.508  -3.93   0       39.1     1636.737     86.62691
       961    103.5045    297.4854     12924.37     405.2118  14.7215   0.0340    12.44    0.475  -6.18   0      41.71     1882.444     87.71322
       962    989.4005    292.7346     19827.96     432.1581  14.2568   0.0237     7.87    0.338  -3.54   0      64.11     2832.771     90.78619
       963    353.1922    289.5436     40124.01     720.0401  13.4915   0.0195    10.36    0.409   1.89   2      102.7     3379.836     91.93447
       964    342.6712    291.9443     5398.453     304.6059  15.6693   0.0613     3.89    0.622  54.62   0      26.24      2114.67      88.3129
       965    240.3180    291.2004     16169.75     223.8015  14.4782   0.0150     6.29    0.432  23.76   0      157.2     13733.18     114.7084
       966    501.4424    285.3850     466870.6     715.7833  10.8270   0.0017     8.91    0.330  -2.59   0      760.2     60668.33     185.8252
       967    382.9688    287.2687     194555.9     599.5225  11.7774   0.0033     8.88    0.311  -1.59   0      421.5     24739.94     134.6189
       968    158.5815    289.9912     4829.839     182.4198  15.7902   0.0410     2.24    0.386   0.07   0      63.86     4486.737      94.4258
       969    968.0648    287.6526     7096.472     504.7697  15.3724   0.0772     7.89    0.515   4.13   0      19.68     860.5269      85.2523
       970    543.0184    288.0108     14044.68     163.6498  14.6312   0.0127     4.27    0.031  23.90   0      156.1     13203.49      113.483
       971    190.9066    281.0562      80352.2     571.7888  12.7375   0.0077     9.20    0.263  -3.97   0      204.1     10076.39     106.4914
       972    890.7104    284.9828     21527.03     660.4436  14.1675   0.0333    10.25    0.457  -0.62   0      52.43     2094.404     88.04035
       973    685.8514    284.8228      23820.8     748.7213  14.0576   0.0341     9.36    0.440  -2.50   0      46.74     2073.761     88.86579
       974     18.2046    284.7235     28525.66     589.1464  13.8619   0.0224     9.27    0.396  -0.38  16      80.08     3391.083     91.75079
       975    756.9828    283.3075     24235.45     710.9204  14.0389   0.0319    13.23    0.576   2.19   0      52.26     1916.496      87.3578
       976    273.7688    279.9991     68353.83     892.4429  12.9131   0.0142    15.12    0.504 -22.68   0      133.4     5394.523     96.98745
       977    862.3663    280.4855     12325.81     559.0469  14.7730   0.0493    12.08    0.396   3.03   0      36.21      1442.58     86.56599
       978    657.8386    278.4876     39698.69      808.855  13.5031   0.0221    17.15    0.457 -10.01   0      84.36     3383.347      91.3071
       979    558.5289    286.9917     88035.43     573.9891  12.6384   0.0071    10.11    0.355  -1.83   0      223.2     10829.42     108.6244
       980    987.0641    274.9096     73739.52      534.842  12.8307   0.0079     8.73    0.315  -6.75   2      184.6     8282.788     102.7813
       981    160.4593    273.2766     27675.81     572.0849  13.8947   0.0224    14.89    0.362  -8.39   3      82.24     3606.875     92.07303
       982    157.3054    266.9619     17204.77     510.2533  14.4109   0.0322    11.79    0.430  -0.03   3      47.95     1700.352     86.56953
       983    104.8461    275.0541     51143.53     507.2774  13.2280   0.0108     9.65    0.379  -1.89   0      142.4     6454.375     99.24447
       984     53.9180    278.0028     6971.077     153.5121  15.3918   0.0239     0.00    0.054  -0.11   0      101.3      6951.94     100.3774
       985    438.8647    274.1988     15378.22     421.8281  14.5327   0.0298    10.00    0.429  -2.49   0      51.22     2213.123      89.2215
       986    612.9248    272.1483     28003.19     767.2742  13.8820   0.0298    15.88    0.418 -29.97   2      62.17     2160.634      88.4311
       987    635.3633    272.3601     9316.369     411.5285  15.0769   0.0480    11.08    0.478  -5.44   0      31.47     1216.462     86.19595
       988    880.6651    270.2481     24638.54     668.0881  14.0210   0.0294     9.08    0.312  -7.25   0      63.96      2569.97     89.69378
       989    594.7797    272.8499     5111.854        409.2  15.7286   0.0869     5.87    0.477 -11.70   0      16.63     806.5059     85.56345
       990    785.9672    284.2067     7190.939     490.1692  15.3580   0.0740     4.34    0.380 -10.88   0       22.9     1173.509     86.53278
       991    700.2026    270.7820     6482.716     419.3305  15.4706   0.0702     9.36    0.540  -3.73   2      24.63     966.7913     85.53512
       992    247.7899    261.9893     261292.7     776.8193  11.4572   0.0032    10.57    0.314   9.11   0      490.4     30082.29     143.3547
       993    394.8568    268.5667     11470.77     638.2258  14.8510   0.0604     9.40    0.578  -4.62   0      21.94      909.048     85.15372
       994    469.0002    266.2464     16655.58     483.6152  14.4461   0.0315     4.50    0.355 -19.01   0      54.71     1389.418     86.65079
       995     26.1371    264.1653      28543.4      687.313  13.8612   0.0262    13.77    0.565  10.65   1       62.8     2390.639     89.23822
       996    580.1667    260.7415     28769.35     599.8593  13.8527   0.0226    14.88    0.291   6.15   2      78.88     3388.515     91.74443
       997     43.0755    261.7688     34951.64     521.8336  13.6413   0.0162    12.13    0.397   5.83   0      100.9     4654.221     94.82806
       998    429.8910    263.7518     4543.302     337.2902  15.8566   0.0806     7.72    0.344 -24.90   0      16.99     746.6456     84.48956
       999     98.7754    262.5184     4339.155     364.8258  15.9065   0.0913     5.22    0.534  46.65   0       17.7     788.5438     85.06018
      1000    830.4496    257.9589     28513.96     515.2659  13.8624   0.0196     9.06    0.347  -2.75   0      86.12     3865.081     93.12633
      1001    809.9785    261.9464     4027.603     149.0907  15.9874   0.0402     0.00    0.117  62.03   0      74.25     3834.235     93.05102
      1002      7.6449    258.8399     35004.18     499.9943  13.6397   0.0155    12.79    0.381  -3.24  16       99.8     4430.524     94.08415
      1003    548.2245    260.3870     8787.744     559.3459  15.1403   0.0691    10.02    0.408   2.50   0       24.4     1276.125     86.57779
      1004    948.8729    259.0464     2747.514     159.7854  16.4027   0.0632     0.00    0.172 -28.89   0      46.35     2094.834     88.48165
      1005    383.8847    258.0532     11589.41      163.207  14.8398   0.0153     0.00    0.110 -30.95   0      133.8     11045.54     108.7189
      1006    272.6664    255.2993     64368.01     536.3059  12.9783   0.0090    15.27    0.357   9.78   2      166.9     5970.593     97.33527
      1007    960.8804    256.6540     6776.042     391.9586  15.4226   0.0628     9.40    0.466   0.99   0      22.53     1030.995     85.25101
      1008    112.3878    254.3270      13157.7     629.6375  14.7021   0.0520    12.90    0.314  14.77   0      36.17     1453.014      87.0409
      1009    666.4549    254.2690     5067.152     340.5075  15.7381   0.0730     8.39    0.620  -2.91   0       17.9     723.6711     84.65752
      1010    936.0339    250.0804     7337.673     157.1748  15.3361   0.0233     0.00    0.167  67.63   0      109.5     7124.482     100.5744
      1011    531.3741    247.3963     24367.26     861.1003  14.0330   0.0384    14.49    0.338 -16.91   0      43.92      1605.08     87.43706
      1012    394.4848    245.2765     72176.29     855.6538  12.8540   0.0129    18.14    0.613   5.02   2      102.8     4612.517     94.11083
      1013     31.4463    249.5539       5997.1      457.835  15.5551   0.0829     9.57    0.486   9.04   0      20.04     844.3433     85.43681
      1014      2.9974    245.0298     11243.66     159.7124  14.8727   0.0154     0.00    0.038  89.79  16      133.9     10373.54     108.0266
      1015    586.1757    243.3899     5283.428     437.9556  15.6927   0.0900     7.49    0.486  -6.78   0      18.11     900.8865      85.5871
      1016   1003.0757    241.8507     7521.596      525.694  15.3092   0.0759     8.71    0.485 -11.81   0      21.08     835.1376     84.95623
      1017    751.9088    242.4083     8366.523     356.5923  15.1936   0.0463     0.00    0.282   6.57   2      33.95     2743.934      90.1335
      1018    467.2536    241.2973     9395.903     375.7981  15.0677   0.0434     6.04    0.466   8.14   0       33.2     1228.163     85.54826
      1019    986.3403    237.8217     52789.23     669.6665  13.1936   0.0138     9.74    0.407 -10.38   3      138.8     6176.381     98.40859
      1020    993.3134    229.9081     45183.84      636.532  13.3625   0.0153     8.67    0.374  -5.39   3      116.6     5004.144     95.45975
      1021    620.9269    235.6991     48564.78     533.2222  13.2842   0.0119    15.55    0.345  10.43   2      126.8     5466.457     95.94868
      1022    201.4506    235.3579     54988.31     767.6718  13.1493   0.0152     0.00    0.483 -29.90   2        120     7473.159     101.5507
      1023    688.6793    246.7619     15491.01     683.6941  14.5248   0.0479    10.18    0.418  -0.45   0      36.53      1351.03     86.55004
      1024    906.9264    239.1459     9355.145     567.3337  15.0724   0.0659    10.37    0.467  -8.21   0      25.11     1084.606       85.621
      1025    839.7839    247.8911     25748.82     540.7493  13.9731   0.0228     9.04    0.348  -2.25   1      76.37     3129.524     90.67311
      1026    945.4091    237.8727     4419.039     407.6253  15.8867   0.1002     4.53    0.273  -8.65   0      16.89     874.4111      85.2893
      1027     69.3504    235.6691     2930.176     180.0375  16.3328   0.0667     3.33    0.438  30.01   0      35.02     2452.296     89.39511
      1028    166.1817    232.8762     20548.08     692.4228  14.2181   0.0366     0.00    0.316  22.68   2      48.55      1313.19     86.67504
      1029    894.3925    226.3638     123195.6     621.4821  12.2735   0.0055     8.88    0.324  -2.48   2      288.6     14767.97     116.9069
      1030    328.1411    231.2296     2719.009     168.6189  16.4140   0.0673     2.60    0.352  66.98   1      46.13     2121.608      88.5504
      1031    226.7072    229.6971     12784.77     617.0358  14.7333   0.0524     8.70    0.656   3.78   3      29.06     673.0605     84.29139
      1032    219.7627    224.2162     11790.04     595.8416  14.8212   0.0549    10.74    0.406  -1.23   2      31.68     1182.909     86.78161
      1033    370.2697    228.8390     13760.88     532.9604  14.6534   0.0421    12.81    0.484  -9.56   0       41.9     1738.987     87.56286
      1034     82.4833    230.1584     6743.362     386.9515  15.4278   0.0623     9.00    0.454  -4.89   0      23.75     1071.215     85.35817
      1035    573.3839    230.3039     3798.938     398.8451  16.0508   0.1140     6.59    0.613  -6.14   0      14.76     651.6082     84.00259
      1036    184.1106    220.5265     58320.42     928.8696  13.0854   0.0173    19.22    0.216 -50.51   0      123.3     4115.503     93.11168
      1037    748.1278    224.0703     2107.843     149.4213  16.6904   0.0770     2.69    0.189  27.78   0       44.5     1830.095     87.57748
      1038    713.1254    221.7677     17115.37     592.9755  14.4165   0.0376    12.79    0.347  -2.56   0      48.79     1899.163     87.97762
      1039     17.0229    223.8046     9100.054     171.4357  15.1024   0.0205     4.81    0.245 -81.43   0      116.1     8020.735     102.5797
      1040    848.3801    215.0464     94627.97     594.8351  12.5600   0.0068     9.52    0.298  -7.50   0      234.6     11802.08     110.9914
      1041    786.5086    217.1927        23750     647.8525  14.0608   0.0296     9.37    0.339  -4.64   0      64.28     2543.087     89.62563
      1042    647.9828    219.9739     9753.963     509.7897  15.0270   0.0568    10.80    0.472  17.00   0      25.24     926.2696     85.88097
      1043     26.1642    218.7043     17884.88     712.3045  14.3688   0.0433    13.40    0.446   4.51   0      41.95     1529.496     86.11982
      1044     84.3797    217.7089     44455.65     525.9566  13.3802   0.0128    15.13    0.352  19.58   0      133.3     4583.031      94.0396
      1045    442.9958    214.8473      94835.9     549.0656  12.5576   0.0063     0.00    0.454   9.95   0      246.1     8358.989     103.3264
      1046    379.6631    216.7823     12921.88     569.6139  14.7217   0.0479    11.68    0.456  -0.91   0      38.15     1528.263      87.0142
      1047    962.3253    215.9920     6527.636     419.3549  15.4631   0.0698     8.08    0.423 -16.29   0       22.6     1018.448     85.44521
      1048    924.4122    212.3573     22786.46     654.2297  14.1058   0.0312    14.10    0.415   4.54   0      59.19     2388.123     89.66616
      1049    510.4890    212.9482     15014.62     664.0753  14.5587   0.0480    13.59    0.282   9.35   0      41.62     1673.519     86.94707
      1050    554.6135    212.2818     13000.02     517.8418  14.7151   0.0433    11.91    0.433   0.45   0      37.95     1477.025     86.65638
      1051    207.8460    213.3374     8265.386     519.5125  15.2068   0.0683     9.92    0.469   0.23   0      25.08     1070.337     85.80981
      1052   1014.7923    212.6358     3751.439     309.7117  16.0645   0.0897     1.27    0.367  40.15   0      16.48     1226.414     86.67162
      1053    888.3499    212.9886      6986.65     484.0921  15.3893   0.0752     8.17    0.624  -1.91   0      22.26     894.1678     85.56925
      1054    166.9616    208.6370      70805.7     823.4677  12.8748   0.0126     8.89    0.367  -0.75   0      183.5     8667.502     104.0028
      1055    905.8859    209.9972     2665.557     146.9997  16.4355   0.0599     0.00    0.131  -2.27   0      55.91     2596.113      90.1918
      1056    130.2280    207.0455      11374.9     218.8781  14.8601   0.0209     0.00    0.187 -52.17   0      116.1     8439.878     103.8789
      1057     28.6281    196.3753      1241141     963.5312   9.7654   0.0008     9.04    0.263  -0.58   0       1345     153273.8     276.8112
      1058    625.7463    204.8416      15819.8     432.2977  14.5020   0.0297    10.62    0.368  -5.53   0      51.13     2177.169     88.91164
      1059    538.6035    200.7603     24597.17     553.5845  14.0228   0.0244     0.00    0.476   4.08   2      74.52      3645.65     92.79883
      1060    712.9771    198.8926     42019.29     559.8246  13.4414   0.0145    13.12    0.298  -6.17   0      115.1      5042.63     95.14386
      1061    508.9992    203.2705     14335.23     714.5773  14.6090   0.0541    10.36    0.507   2.61   1      24.56     856.4879     85.24153
      1062     96.0683    201.2718     59661.25     606.6672  13.0608   0.0110    10.42    0.402  -0.02   2      155.6     6144.366     98.13688
      1063    488.8719    197.0038     168908.5     628.0062  11.9309   0.0040    17.50    0.295  -0.94   0      366.5     20501.26     127.2618
      1064    289.4641    200.2247     5066.073      416.235  15.7383   0.0892     7.22    0.512   6.46   0      17.89     793.9107     85.30256
      1065    451.9394    199.0163     9186.559     545.4432  15.0921   0.0645    10.71    0.528  -3.30   0      23.96     906.1556     85.37386
      1066    987.6495    207.2549     56367.25     598.9803  13.1224   0.0115     8.72    0.312  -3.69   2      149.4     6775.501     99.97715
      1067    268.2185    195.5486     10547.64     567.8112  14.9421   0.0585    10.93    0.402  -6.22   0       29.5     1311.115     86.66959
      1068    389.1530    196.4378      2205.37     239.4532  16.6413   0.1179     3.83    0.484  48.33   0      16.65     1148.172     86.01571
      1069    340.6484    190.6270     136746.9     557.5038  12.1602   0.0044    15.56    0.346  -2.04   0      329.5      13100.2     113.6184
      1070    761.0144    194.9253     21571.45     732.9537  14.1653   0.0369     9.92    0.374  -7.10   2       50.9     1481.295     87.11472
      1071    412.5944    192.1285     27586.42     596.1613  13.8983   0.0235    11.06    0.385  -8.77   0      80.14     3361.066      91.6764
      1072    660.0023    194.9989     49968.17     207.6297  13.2533   0.0045     4.42    0.097 -31.06   2      323.1     49760.86     171.7422
      1073    670.9437    191.9989     7554.877      504.976  15.3044   0.0726    -6.76    0.732 -19.62   3      21.11      1790.71     87.69701
      1074    799.0677    189.0403     9693.346     457.5482  15.0338   0.0513    13.24    0.399   0.34   0      29.68     1182.114     86.10535
      1075    193.2589    184.6448     179828.1     636.5399  11.8629   0.0038    11.03    0.334   0.23   0      386.1     21815.68     129.5879
      1076    971.5486    189.1063     5178.446     371.9353  15.7145   0.0780     8.40    0.481  -6.19   0      19.47     876.4001     84.60859
      1077     53.1311    188.2839     10706.67     627.9793  14.9259   0.0637    10.63    0.507  -4.82   0      26.01      1091.53     85.41225
      1078    687.1741    185.2401     24212.64     533.7719  14.0399   0.0239     8.72    0.391  -3.62   0      73.07     3119.968     91.50233
      1079    949.5134    184.2032     11533.95      610.241  14.8451   0.0575    11.25    0.373  -5.47   0      33.38     1365.945     86.81326
      1080    382.5559    186.0006      8413.32     581.3359  15.1876   0.0750     9.44    0.454  -4.34   0      22.66     843.0422     85.66044
      1081    353.5759    184.8065     8677.039     554.9424  15.1541   0.0695     9.26    0.562  -5.11   1      20.47     749.4534     85.18402
      1082    255.9948    174.1570     14355.59     228.4215  14.6074   0.0173     3.24    0.554  89.97   3       93.2     7551.557     101.9168
      1083    243.0404    177.0096     402234.6     712.8951  10.9888   0.0019     8.92    0.288  -4.92   2      685.1     51040.07     173.7625
      1084    459.2812    180.9563      25967.8     596.3588  13.9639   0.0249    14.12    0.738 -11.36   0      66.46     1064.719     85.34087
      1085   1007.7787    181.6162     5426.613     414.0928  15.6637   0.0829     8.23    0.383   4.67   0      18.61     824.9285     85.61237
      1086    897.8661    180.4150     11233.54     625.8463  14.8737   0.0605    11.04    0.418  -7.18   0      26.84     989.7508      85.5961
      1087    778.6716    180.4628     5246.294     389.8268  15.7004   0.0807     7.74    0.530  -3.30   0      18.12     786.3387     85.05429
      1088    627.6204    173.0444     278806.2     768.1408  11.3867   0.0030    18.31    0.455   9.40   0        523     30029.87     143.5425
      1089    418.1394    175.7623     136055.9      591.057  12.1657   0.0047    16.07    0.339  -6.93   0      316.9     16408.88     119.7305
      1090    708.7174    174.7079     63360.78     518.3739  12.9954   0.0089     9.27    0.358  -3.41   0      173.2     8039.086     102.4309
      1091    511.1173    175.9975     30346.29     187.5163  13.7947   0.0067     0.00    0.182  -2.84   0      240.6     28791.72     141.4313
      1092    224.3096    174.3932     4122.973     189.3927  15.9620   0.0499     2.74    0.405 -64.86   0      42.78     3023.057     90.83459
      1093    212.2832    171.6837     27244.09      709.832  13.9118   0.0283    12.60    0.569 -10.26   0      61.77      2603.43     89.56188
      1094    909.1039    172.8564     6491.999     484.8625  15.4691   0.0811     7.73    0.306   0.18   0       19.3     732.1837     84.22031
      1095    665.7795    168.8053     33252.72     595.0618  13.6954   0.0194     8.82    0.370   0.92   0      95.37     4165.937     93.65048
      1096    586.2292    169.5002     25751.16     692.7277  13.9730   0.0292    14.94    0.509  11.17   0      59.43     2208.504     87.67218
      1097    548.8395    169.5481     6564.906     485.8972  15.4569   0.0804     9.88    0.518  -1.15   0      21.89     797.7352     85.31274
      1098    457.0018    170.6573     3569.737     166.8763  16.1184   0.0508     2.23    0.305  88.34   0      57.06     3055.749     91.12977
      1099     89.9726    167.8736     12335.21     600.1096  14.7721   0.0528    11.14    0.429  -2.34   0      33.02     1368.069     86.59478
      1100    835.4536    164.6662        24283     341.9202  14.0367   0.0153     9.98    0.567 -11.87   0      133.3     8507.367     103.6523
      1101    114.7132    162.2663     12712.89     569.5305  14.7394   0.0487    13.57    0.309  20.26   0      31.67     1130.753     85.51655
      1102    753.9334    146.1615      1123331     945.6577   9.8737   0.0009     8.98    0.295  -4.82   0       1273     138094.2      263.907
      1103    384.1745    163.6011     8556.358     450.5616  15.1693   0.0572     5.53    0.537 -27.11   2      22.66     684.8502     85.01149
      1104    352.5381    162.0967     6549.827      444.114  15.4594   0.0736     9.65    0.436   3.45   0      22.76     998.8466     85.16527
      1105    901.1006    159.4346     6612.275     444.1459  15.4491   0.0729     2.27    0.503 -20.79   0      24.85     708.5533     83.92537
      1106    583.3436    159.6469     14274.62      654.984  14.6136   0.0498    10.38    0.413  -4.17   0      34.69     1347.765     86.76565
      1107    315.1957    160.4625     8013.722     524.9825  15.2404   0.0711    10.34    0.588  -5.62   0      24.91     1115.307      86.1546
      1108    141.4310    159.0151     25688.92      775.407  13.9756   0.0328    16.32    0.608  -2.99   0      55.48     2099.005     88.93032
      1109     28.7471    159.9171     12172.25     186.2038  14.7866   0.0166     0.00    0.290  21.19   0      134.2     10380.05     107.3187
      1110    171.8988    158.1712     5650.092     299.9754  15.6199   0.0577     9.26    0.523  -8.07   0      21.14     860.4846      84.3358
      1111    875.6005    153.2106     15903.71     663.6481  14.4963   0.0453    11.90    0.454  -9.59   2         38     1437.698     86.77733
      1112    227.6118    154.0837     11730.35     503.9691  14.8267   0.0467    13.36    0.405  10.86   0      33.84     1212.377     86.18518
      1113    541.9956    155.5162     8759.852     515.9775  15.1438   0.0640     7.99    0.532 -11.60   2      23.43     837.1215      85.4176
      1114    979.5988    150.9070     24960.91     618.3708  14.0068   0.0269    10.51    0.317   0.83   0      68.58     2795.133      90.2625
      1115    855.2615    153.3430     7198.938       473.03  15.3568   0.0714     9.48    0.437   2.92   0      22.45     943.2533     85.69952
      1116    559.2789    152.4117     9800.218     622.2113  15.0219   0.0689     0.00    0.624 -32.53   3      23.21     647.0385     84.68125
      1117    570.8040    145.2569     38923.53     692.1417  13.5245   0.0193     9.24    0.354  -7.99   2      98.76     4103.056      93.7053
      1118    369.7737    151.2560     33740.85      473.462  13.6796   0.0152     9.05    0.367  -0.47   0      102.2     4379.856      94.1682
      1119    286.0670    151.6168     6659.669     504.5729  15.4414   0.0823     9.68    0.550 -10.34   0      20.09     849.8409      85.2238
      1120    263.6361    147.1632       199228     601.2911  11.7516   0.0033     9.14    0.335  -0.07   0      427.4     24622.75     134.4209
      1121    487.2412    149.1505     20901.12     520.3655  14.1996   0.0270    14.01    0.397  -7.81   0      59.17     2401.756     89.48388
      1122    518.5289    149.6639     7317.523     506.7894  15.3391   0.0752     9.52    0.369 -13.54   0      22.57     903.6912     85.13943
      1123    801.0972    149.7414     36651.58     214.0066  13.5898   0.0063     5.38    0.370 -72.14   0      260.2     33038.15     147.7039
      1124    306.3396    148.9360     5142.729     398.3929  15.7220   0.0841     8.20    0.562   2.29   0      18.69     819.9902     85.14417
      1125    687.2917    147.8617     3815.015     170.0897  16.0463   0.0484     2.47    0.335 -25.47   0      55.08     2967.703     90.26659
      1126    277.5516    179.1555     7884.632     363.0366  15.2580   0.0500    11.11    0.431   3.39   0       27.2     1067.162      86.0275
      1127    505.1464    146.2680     43687.57     1102.069  13.3991   0.0274    15.83    0.343  -0.24   3      67.58      2087.65     88.24333
      1128    961.5385    144.7216      40599.5     871.5253  13.4787   0.0233    11.71    0.508  -2.92   3      64.17     2851.416     89.97333
      1129    968.1599    136.7369     40796.36     682.1597  13.4734   0.0182    15.24    0.347  -7.72   3      104.3     4273.438     93.91101
      1130    187.5235    142.1924     10854.24     724.2784  14.9110   0.0725     8.00    0.530 -22.02   2      41.51      820.078     85.14439
      1131    439.0021    144.0295     283228.8     756.7195  11.3697   0.0029     8.78    0.307  37.43   2      497.8     30105.42     143.6621
      1132     33.1742    144.1254     10622.47     403.9187  14.9344   0.0413    12.22    0.430   1.47   0      34.12      1401.72     86.68305
      1133      6.9596    143.3061     6329.859     338.4918  15.4965   0.0581    10.61    0.456  10.87  16      21.98     822.1312     84.23238
      1134    667.2209    145.3879     12942.77     567.9146  14.7199   0.0477    10.53    0.409 -11.89   0      36.44      1530.06     87.24184
      1135     76.0008    141.9944     56100.79     214.2374  13.1276   0.0041     0.00    0.007 -84.84   0      342.3     55620.13     179.3284
      1136    928.6539    140.3625      8588.17     605.1435  15.1652   0.0765     9.71    0.491 -15.87   0      20.37     718.3528     85.10101
      1137    228.3769    139.1964     16599.28     315.9409  14.4498   0.0207     9.37    0.435  45.84   0      126.7     11804.63      110.646
      1138    881.5693    136.8374     6731.219     370.2689  15.4298   0.0597     9.61    0.531  -1.59   0      24.23     1058.129     86.00363
      1139    317.2883    110.6632     30353.96     778.6465  13.7945   0.0279    12.12    0.452  19.09   3      62.05     2551.722     89.21309
      1140    321.3639    134.4437     46417.14     554.6461  13.3333   0.0130     9.48    0.339  -1.64   3      129.7     5872.325     97.90248
      1141    324.7558    124.1716     68502.63     561.0322  12.9107   0.0089    16.48    0.220  -5.41   3      175.6     7821.978     102.5181
      1142    410.6317    134.5452     5351.442      368.104  15.6788   0.0747     4.18    0.554 -53.16   0      20.77     1902.355     87.98586
      1143    161.5566    126.2865     16654.02     749.1402  14.4462   0.0489    11.05    0.448 -25.61   3      30.56     895.4031     84.88876
      1144    155.8684    135.2072     11888.29     686.7516  14.8122   0.0627    11.52    0.568 -33.41   3      25.27       844.46     85.20946
      1145     83.2408    130.0056     43571.69     642.0363  13.4020   0.0160    15.85    0.283 -26.25   0      104.4     4208.557     94.16735
      1146    795.1636    132.9787     3420.455     163.7332  16.1648   0.0520     1.80    0.239  60.73   0      45.69     3009.634     91.44057
      1147    694.7189    134.0338     5649.185     468.1535  15.6200   0.0900     7.08    0.575  -0.06   0      17.16     703.7907     84.83343
      1148    664.7573    132.4622     6471.573     492.8009  15.4725   0.0827     8.30    0.545  -7.66   0      21.34     1024.852     85.68925
      1149    540.1721    127.5448     41698.15     993.1609  13.4497   0.0259    19.59    0.381   4.88   0      72.74     2546.709     89.63482
      1150    895.8263    129.9956     2527.403     150.0581  16.4933   0.0645     2.33    0.151   0.69   0      46.69     2209.878     88.99521
      1151     21.7258    125.6731     27344.75     571.1036  13.9078   0.0227     9.52    0.199  -6.14   0      74.29     2920.828     90.36372
      1152    486.6946    127.1425     9703.626     447.8988  15.0327   0.0501    11.48    0.425 -12.55   0      28.77     1144.454     85.32558
      1153    353.9029    127.5884      7420.57     443.4656  15.3239   0.0649     5.06    0.329 -14.11   0      25.23     1237.455     86.25129
      1154    805.9235    126.8407     9448.899     169.0487  15.0615   0.0194     0.00    0.254  61.88   0      122.3     8729.444     104.1381
      1155    794.4708    122.8088     30317.63     800.1683  13.7958   0.0287    10.04    0.269  -4.87   3       63.4     2229.639     88.82723
      1156    791.8641    114.7723     26558.83     752.1391  13.9395   0.0308    14.68    0.226  10.54   3      62.12      2395.96     89.03385
      1157    233.0718    118.4281      34995.2     587.5182  13.6400   0.0182    17.72    0.541  -5.80   3      85.67     3525.745     92.08375
      1158    227.7249    113.0104     41960.93      516.483  13.4429   0.0134     9.36    0.354   5.04   3      115.1     4775.955     95.32338
      1159    403.5706    119.4383     27778.83     571.2764  13.8907   0.0223     9.48    0.376  -5.88   2      97.75     1924.073     88.26231
      1160    464.9691    164.7022     6187.395      431.727  15.5212   0.0758     5.48    0.304 -10.04   0      21.62     1163.802     85.14927
      1161    970.7056    114.1127     25135.37     515.6605  13.9993   0.0223    15.63    0.360 -23.66   2      65.41     2763.427     89.96698
      1162    470.3810    118.8208     5676.627     493.4194  15.6148   0.0944     8.40    0.593 -20.51   0      18.25     658.1014     85.16834
      1163    686.0582    117.6989     8189.413     541.4517  15.2169   0.0718     9.74    0.498  -6.68   0      23.12     1000.044     84.94007
      1164     42.3567    116.9822     19202.88     604.3143  14.2916   0.0342    12.98    0.406   2.85   0      53.49     2112.626     88.96513
      1165    663.0364    116.1805     29387.61     312.8276  13.8296   0.0116     8.94    0.641   8.09   0      194.7     22771.05      131.696
      1166    636.1083    115.1619     28048.83     651.5986  13.8802   0.0252    14.26    0.281   4.05   2      71.89     2270.889     88.27498
      1167    733.1634    115.1283     2186.672     158.9857  16.6505   0.0790     3.66    0.282  45.77   0      39.65     1700.151       87.462
      1168    843.0092    115.0066     6598.265     478.8655  15.4514   0.0788     7.03    0.581  -5.55   0      18.99     789.7916     85.06351
      1169    130.0217    113.2396     11516.29     596.5518  14.8467   0.0563    11.02    0.369 -21.71   0      31.73     997.0958      86.0682
      1170    576.7520    109.5451     9323.818     589.1579  15.0760   0.0686    10.97    0.563 -16.71   0       23.5     844.5796     85.43745
      1171    264.9823    108.7913     32982.83     560.4932  13.7043   0.0185    15.10    0.454   6.25   3      93.95     3991.754     93.22681
      1172    256.2515    100.1057     33786.33     584.5633  13.6781   0.0188    11.69    0.360  -3.69   3      93.54     3913.221     92.40664
      1173      3.5725    110.6869     6750.521     372.8947  15.4267   0.0600     8.75    0.264 -10.68  24      23.95      1094.26     85.41951
      1174    173.7619    109.2972     12239.32     618.4075  14.7806   0.0549    10.92    0.410  -7.09   2      31.24     1166.718     85.15705
      1175    922.7835    107.1019     20444.89     697.9777  14.2235   0.0371    15.07    0.477  20.79   2      43.88     1060.903     85.33071
      1176     79.8357    104.9509     10923.35     616.3497  14.9041   0.0613     9.79    0.593  -9.35   2       27.2     1044.185     85.74051
      1177    996.9396    108.0288       5196.8     150.8625  15.7107   0.0315     4.39    0.096 -25.91   1      82.67     4667.271     94.65432
      1178    300.0678    102.0734     116545.6     576.8099  12.3338   0.0054     9.06    0.336   1.67   0        283     14480.91     115.8455
      1179    784.4471    102.6577     14801.38     617.7781  14.5742   0.0453     6.91    0.386   3.91   0      37.55     1592.022     87.40311
      1180    385.8539     96.3033     719596.2     802.3298  10.3573   0.0012     8.94    0.290  -2.20   0      988.3     87878.02     216.1129
      1181    188.0876    102.8815     21988.52     512.3796  14.1445   0.0253     9.20    0.369   0.65   3      65.54     2775.726     89.99804
      1182    200.5256     99.5462     23194.41     569.4496  14.0865   0.0267    14.39    0.470  -2.56   3      62.43     2576.906     89.49454
      1183    994.4838    102.4681     10037.99     404.7912  14.9959   0.0438     7.57    0.412   2.76   0      34.53     1724.518     87.08027
      1184    280.0356    101.4963     13778.25     683.8351  14.6520   0.0539    11.43    0.570   5.91   1      24.76     969.4426     84.62891
      1185    135.4878     97.3266      66116.3     719.4759  12.9492   0.0118     9.86    0.319  -3.46   3        154     6437.674     98.61702
      1186    121.8899     88.2722     163339.2     637.5184  11.9673   0.0042     9.17    0.332   1.25   3      362.3     18849.03     123.9631
      1187    447.8294     98.0077     1736.269      148.855  16.9010   0.0931     2.68    0.181   2.52   0      32.94     1408.633     87.14813
      1188    783.9662     95.0443     12582.58     164.5842  14.7506   0.0142     4.49    0.142 -51.04   0      150.3     12120.69     111.4678
      1189    556.3567     93.2045     7197.116     563.0287  15.3571   0.0850     6.55    0.442 -22.12   0       19.9      639.181     85.11784
      1190    798.5822     91.8655      15843.4     688.7648  14.5004   0.0472     0.00    0.393 -23.36   3      39.93     1337.783     86.51525
      1191    789.2273     86.1566     7196.655     516.2301  15.3572   0.0779     5.95    0.548   6.89   3       25.1     1323.391     86.92555
      1192    600.3372     92.5328     9835.524     469.1474  15.0180   0.0518    11.52    0.414  -2.81   0      28.43     1025.381     85.46365
      1193    164.9596     91.4140     6352.134     380.3908  15.4927   0.0650     9.34    0.464  -7.87   2      22.74     1009.184     86.32544
      1194     45.7911     84.3565     48046.35     1010.597  13.2958   0.0228    12.04    0.351 -15.24   2      83.18     2277.541     89.38543
      1195    948.6234     87.5509     9116.243     426.4876  15.1005   0.0508    11.74    0.255 -16.79   0      29.18     1120.447      86.3933
      1196    756.0244     89.0347     5280.837      150.989  15.6932   0.0311     0.00    0.115  60.37   0      75.19     4371.485     94.55976
      1197   1005.3007     86.3418     24650.17     587.6494  14.0205   0.0259    14.06    0.321  -1.06   2      69.45     2734.564     89.46079
      1198    419.0432     84.7295     25524.25     658.1384  13.9826   0.0280     8.95    0.360  -3.42   2      65.22     2461.951     89.41965
      1199    725.6136     80.9656     250176.9      684.991  11.5044   0.0030    15.29    0.391  -0.58   2      480.8     28138.69     140.6544
      1200    706.2407     80.6715     61669.59     544.1603  13.0248   0.0096     0.00    0.483 -19.38   3      157.6     4351.295     94.09924
      1201    253.1287     85.1634     4818.473     416.0998  15.7927   0.0938     7.53    0.492   0.98   2      16.74     755.0978     84.97077
      1202    657.1663     81.7425     26275.12     606.1675  13.9511   0.0251     9.67    0.317  -9.11   0      67.59     2769.363      90.1976
      1203    635.6974     83.3205     8376.229     368.6519  15.1924   0.0478    11.20    0.503  -1.20   3      30.45      1238.26     85.80179
      1204    632.0567     78.5759     11233.49     528.2166  14.8737   0.0511    11.32    0.480   5.59   3      32.02     1261.656     86.31503
      1205    795.2878     80.7820     7864.818     481.4877  15.2608   0.0665     3.52    0.431 -26.51   3      24.52     1297.587     86.18449
      1206    108.9937     77.3096     16018.89     692.3389  14.4884   0.0469    10.40    0.121  34.25   3      31.11     1018.891     85.67344
      1207    324.5211     75.5499     10494.14     420.3453  14.9476   0.0435    12.22    0.359   2.58   0      32.31     1231.435     86.00986
      1208    879.7350     72.7883     41738.46     625.2839  13.4487   0.0163     8.69    0.301  -3.34   2      102.5     4236.522     93.82162
      1209    987.9171     73.6740     6891.344     499.8426  15.4042   0.0788     8.74    0.561   1.42   0      20.71     846.6167     84.52855
      1210     96.7472     73.3510     11187.74     604.5144  14.8781   0.0587    10.43    0.514   6.19   2      27.37     1004.688      85.8623
      1211      3.5894     72.2042     7449.409     354.6405  15.3197   0.0517     7.23    0.258  55.47  24      33.25     1375.405     86.61403
      1212    549.9855     71.1474     13015.57     477.8534  14.7138   0.0399    12.84    0.448  -1.36   0      40.54      1681.17     87.63461
      1213    834.9350     70.3262     10544.13     616.2099  14.9425   0.0635     9.78    0.643   1.81   0      22.97     804.1864     84.87339
      1214    262.2038     68.9599     23904.17     536.3638  14.0538   0.0244    14.55    0.447  -1.73   2      67.55      2680.45     90.40407
      1215    590.7799     68.0470     11714.79     417.5298  14.8282   0.0387    10.51    0.406   3.60   0         36     1530.919     87.46646
      1216    424.1792     65.7452     9732.523      526.649  15.0294   0.0588    12.20    0.304  -7.89   0      30.97     1199.195     86.37561
      1217     63.2928     66.0690     53216.86     798.1728  13.1849   0.0163    16.61    0.521  -2.46   3      114.6     3806.955     92.35548
      1218    993.9474     65.1957     4614.489     207.1041  15.8397   0.0487     2.77    0.453 -89.65   0      45.06     2905.833     90.75512
      1219     45.6906     59.8331     106469.5     680.5442  12.4319   0.0069     9.08    0.319   1.89   1      254.9     11979.44     110.4783
      1220    580.5386     62.7510     2971.065     177.3719  16.3177   0.0648     2.94    0.438 -26.53   0      41.45     2374.687     89.19758
      1221    387.3128     57.4866     26066.44     593.9484  13.9598   0.0247     9.11    0.428  23.42   0      66.48     2687.712      89.7755
      1222    775.6392     58.8397     9251.946     426.5599  15.0844   0.0501     9.75    0.394  14.38   0      30.79     913.2026     85.39261
      1223    688.9706     55.8795     83943.18     680.8711  12.6900   0.0088    17.71    0.446   4.62   0      201.8     9340.539     105.4633
      1224    573.2830     58.2444     21287.59     535.2538  14.1797   0.0273     9.28    0.410  -5.01   2      57.35     1706.504     87.03324
      1225    434.8406     59.6721     14959.18     184.3801  14.5627   0.0134     5.21    0.348  63.20   0      150.6     12754.79     112.5808
      1226    887.1040     58.9680     14899.04     176.2237  14.5671   0.0128     4.74    0.217 -18.23   0      161.1     13941.11     114.2728
      1227    636.2728     57.1450     7003.146     253.7226  15.3868   0.0393     5.52    0.412  25.37   0      76.38      4565.16     94.40882
      1228     59.5300     56.1600     13034.91     295.8279  14.7122   0.0246    -0.55    0.444   9.00   0      111.2     8626.085     103.9122
      1229    199.8736     54.8430     16976.29     186.8499  14.4254   0.0120     5.04    0.315  49.62   0      170.6     15256.15      117.522
      1230    550.7708     52.4555     13723.81     594.1315  14.6563   0.0470    13.08    0.530  -3.05   0      36.05     1442.093     86.56472
      1231   1005.6354     50.6881     6595.117     368.8711  15.4519   0.0607     9.13    0.467   3.28   0      21.63     919.8804     84.95428
      1232    224.3355     47.3733     9335.727     489.1811  15.0746   0.0569     9.50    0.427 -22.60   2      28.53     907.9597     85.15082
      1233    118.4689     51.8162     4939.908     309.0149  15.7657   0.0679     8.57    0.496  -1.32   0      19.21     865.0142     85.49179
      1234    819.8999     46.7984     71526.45     757.9561  12.8638   0.0115    11.71    0.324 -19.39   2      179.2     7806.384     102.1037
      1235    830.4219     41.4877     4506.689     337.2655  15.8654   0.0813     7.69    0.643  79.92   2      20.47     1305.606     85.97999
      1236    276.5179     48.2592     31161.26     617.5076  13.7660   0.0215    18.75    0.724  -3.70   0      62.43      1750.87     87.14902
      1237    786.7202     48.9869     8473.395     459.0626  15.1799   0.0588    10.20    0.505   6.22   0      25.05      1006.66     85.64098
      1238    724.8813     48.5475     10617.11     548.7007  14.9350   0.0561     8.45    0.377  -4.08   0      32.43     1251.619     85.83717
      1239    343.3138     47.8200     17562.74     755.8685  14.3885   0.0467     9.46    0.371  -4.19   0      38.13     1544.792     86.60993
      1240    440.8081   1015.3134     112341.1     706.2814  12.3737   0.0068    19.53    0.384 -32.29  16      232.3     8398.019     103.4122
      1241    565.3577     41.7417     15117.88     625.7049  14.5513   0.0449    12.85    0.520  -5.29   3      42.43     1701.411     87.46527
      1242    567.6784     36.6069     16820.23     577.9294  14.4354   0.0373     9.85    0.340 -17.71   3      44.05     1787.571     87.68887
      1243    202.9241     41.8288     2196.883     149.5566  16.6455   0.0739     4.47    0.213  59.19   0      45.15     1935.892     88.07245
      1244    165.6291     39.1394     18581.69     456.6553  14.3273   0.0267     9.65    0.371  -0.41   0      58.85     2363.362      88.9506
      1245     10.4662     38.5260     3983.172     342.6299  15.9994   0.0934     4.40    0.261 -85.82   0       19.9     1383.674      86.4112
      1246    940.9682     36.1045     8560.205     158.9327  15.1688   0.0202     4.54    0.167 -70.77   0      115.8     7832.496     101.3983
      1247    243.3287     37.5386      5374.54     456.4631  15.6741   0.0922     7.00    0.527   6.21   0      16.68     736.0485      84.9198
      1248    956.3092     33.9781     34508.98      677.916  13.6552   0.0213     8.64    0.410  -3.75   3      91.61     4006.173     92.63497
      1249    666.5407   1017.7183     39476.02     676.7145  13.5092   0.0186     9.99    0.422  -0.70  18      92.31     3825.445     92.40097
      1250    266.2452   1016.0799     83969.69     539.1716  12.6897   0.0070     8.82    0.378  -2.72  16      221.7     11613.68     109.9002
      1251    446.2821     47.5701     4068.234     368.6307  15.9765   0.0984     6.17    0.662 -22.75   0      15.27     752.8235     84.96468
      1252    637.5580     32.2558     26619.44     478.2256  13.9370   0.0195     9.24    0.360  -1.87   2      76.92     3228.679     91.56003
      1253    463.4061     32.1391     5965.988     424.8055  15.5608   0.0773     5.19    0.461 -48.50   0      22.13     1551.521     87.29773
      1254    182.8133     33.2158      8779.56     503.6019  15.1413   0.0623     6.20    0.554  -7.69   0       27.2     1348.421     86.54319
      1255    820.0438     28.5022     22202.92     659.9407  14.1340   0.0323     2.69    0.186  16.14   3      50.46     1769.279     86.75031
      1256    435.6981     31.6466     13605.48     631.3395  14.6657   0.0504    14.31    0.642  -1.15   0      30.62     1064.263     84.88317
      1257    334.9735     30.8159     19623.88     816.3885  14.2680   0.0452     9.48    0.352  -6.91   0      36.89     1559.721     87.54127
      1258     45.9078     30.0985     12693.17     608.2822  14.7411   0.0520    11.55    0.399   2.16   0      33.96     1253.859      85.6165
      1259     86.1653     30.0252     9283.224     464.7183  15.0808   0.0544     8.44    0.404  -4.59   0      29.38      1294.34     86.84956
      1260    591.0132     30.0030     46861.14     204.2004  13.3230   0.0047     0.00    0.021  19.55   0      311.1     46226.26     166.9992
      1261    143.6779     28.6595     7403.803     469.0046  15.3264   0.0688     7.89    0.429  -1.03   0      25.09     1210.614     85.72852
      1262    540.6697     26.8926     19324.09     706.6047  14.2848   0.0397    10.02    0.442  -3.85   0      43.72     1623.648     87.04008
      1263     64.5490     25.6603     20917.52     633.1998  14.1987   0.0329    12.75    0.303   1.63   0      59.82     2289.382     88.97997
      1264    304.4893   1017.7831     16294.94     423.4701  14.4699   0.0282    12.83    0.460  -8.89  16      52.85     2258.646     88.46332
      1265    718.3008     25.6667      8860.06     624.9838  15.1314   0.0766    11.49    0.525   6.92   3      24.51     897.7437      84.6659
      1266    965.5504   1016.3400     6353.276     364.7493  15.4925   0.0623     9.37    0.302 -12.38  16      21.69     900.9327     85.35995
      1267    466.0376     25.0439     11604.83     163.2284  14.8384   0.0153     4.49    0.144  51.31   0      143.3      11139.4     109.4487
      1268    923.8828     25.5102     6814.721     292.6741  15.4164   0.0466     5.93    0.417  77.31   0      61.22     3902.363     92.79954
      1269    565.5936   1014.9155     59192.89     646.0406  13.0693   0.0119    11.67    0.414   0.42  16      150.3     7477.239     101.5598
      1270    851.1729   1012.0025     21254.01     700.3245  14.1814   0.0358    13.53    0.382 -11.66  16      50.31     2208.183     89.20891
      1271    301.1182     24.9738     7724.934     166.7148  15.2803   0.0234     0.00    0.229  -6.39   0      102.7     6620.747     99.42956
      1272    835.2895   1013.7089     10788.52     599.5235  14.9176   0.0603     9.66    0.517 -12.17  16      27.45     1028.289     85.47138
      1273    732.9337   1014.9650     5247.496     150.9388  15.7001   0.0312     0.00    0.125  28.26   0      82.74     4611.892     94.72655
      1274    282.1826     23.0822     6344.451     470.5596  15.4940   0.0805     9.11    0.458 -11.17   0      21.88     869.7202      85.2768
      1275    124.0235   1010.5762     17238.76     680.7169  14.4087   0.0429     4.99    0.447   0.14  16      36.92      2149.47      89.0592
      1276    704.3203     22.4391     5265.644     371.9886  15.6964   0.0767     7.73    0.598  12.57   0      21.35     962.5949     85.52396
      1277    173.0853     22.9744     7262.726     540.1642  15.3473   0.0808     8.08    0.620   7.66   0       19.2     673.4655     84.29248
      1278     57.2309   1010.5953     10572.08      437.373  14.9396   0.0449    12.62    0.628  -6.32  16      27.69     1141.355      86.4483
      1279    798.0300   1008.8951     25055.83     769.5625  14.0027   0.0334    10.85    0.340  -5.29  17      34.22     1059.622     84.87075
      1280    932.9922     19.9894     58016.36       216.26  13.0911   0.0040     0.00    0.027  42.42   0      348.2     57464.86     181.6513
      1281    478.1368     16.5496     2868.705     325.8901  16.3558   0.1234     4.44    0.459  52.92   0      14.97     738.4501     84.92623
      1282    806.1030   1008.7269      11485.9      442.262  14.8496   0.0418     7.98    0.676  -9.97   1      34.46     3246.575     90.75222
      1283    524.7390   1008.1478     5225.949     498.1108  15.7046   0.1035     7.73    0.465 -33.79   0      16.82     720.6537     84.87859
      1284    238.3397   1004.4119     38966.21     638.1248  13.5233   0.0178    14.60    0.518 -16.67  18       89.6     3687.305     92.69145
      1285    555.2390   1006.4607      14356.4     693.8958  14.6074   0.0525    11.17    0.489  -4.03  17      29.22     1083.435     85.84449
      1286    485.8655   1003.8232     25733.53     520.6094  13.9738   0.0220    13.64    0.406  -7.94   0      78.96     3645.656     92.58927
      1287    398.9958   1007.9953     52940.39      210.858  13.1905   0.0043     4.21    0.013  27.84   0        332      52305.1     175.0767
      1288    295.4821   1007.3371     5108.186     390.9903  15.7293   0.0831     8.00    0.510  -3.28   0       18.1     703.4194      84.3732
      1289    318.8847   1004.0968     4894.153     336.0846  15.7758   0.0746     6.30    0.425   8.19   2       19.1     872.4563     84.82731
      1290    785.1547   1000.5033     13025.05      634.201  14.7131   0.0529    12.96    0.418 -33.50  10      34.72     1330.207     85.59227
      1291    433.2442   1003.9016     11687.71     615.8434  14.8307   0.0572    10.86    0.555 -10.91   0      28.82     1111.949     85.01076
      1292     31.3969   1004.1750      4310.33     349.8578  15.9137   0.0881     7.36    0.670   1.73   0      15.88     703.8695     85.06232
      1293   1008.0479   1002.9752     6487.514     152.7945  15.4698   0.0256     0.00    0.081 -30.38   0      98.89     6079.799     98.58019
      1294    601.5098     33.4612      32807.8     541.0217  13.7101   0.0179    10.56    0.353  -4.29   0      95.35      3943.85     92.69175
      1295    801.4244    999.0469     33650.52     668.9725  13.6825   0.0216     8.96    0.407  -2.04   3      82.56     3718.132     92.97617
      1296    813.7714    998.9500     21415.25      639.483  14.1732   0.0324    11.34    0.469   2.92   3      54.58     2370.624      89.6218
      1297    678.4595   1002.5014     4233.461     360.7436  15.9333   0.0925     2.31    0.167 -44.54   2      15.12     791.6184     84.61044
      1298    450.1042   1002.2655     10086.78     568.4816  14.9906   0.0612     9.97    0.528  -5.62   0      25.87     1093.264     85.41686
