#   1 NUMBER                 Running object number                                     
#   2 X_IMAGE                Object position along x                                    [pixel]
#   3 Y_IMAGE                Object position along y                                    [pixel]
#   4 FLUX_AUTO              Flux within a Kron-like elliptical aperture                [count]
#   5 FLUXERR_AUTO           RMS error for AUTO flux                                    [count]
#   6 MAG_AUTO               Kron-like elliptical aperture magnitude                    [mag]
#   7 MAGERR_AUTO            RMS error for AUTO magnitude                               [mag]
#   8 FWHM_IMAGE             FWHM assuming a gaussian core                              [pixel]
#   9 ELLIPTICITY            1 - B_IMAGE/A_IMAGE                                       
#  10 THETA_IMAGE            Position angle (CCW/x)                                     [deg]
#  11 FLAGS                  Extraction flags                                          
#  12 SNR_WIN                Gaussian-weighted SNR                                     
#  13 FLUX_APER              Flux vector within fixed circular aperture(s)              [count]
#  14 FLUXERR_APER           RMS error vector for aperture flux(es)                     [count]
         1    927.8362     25.7472     46311.74     408.1848  13.3358   0.0096    22.06    0.341  59.85  18      183.3     5468.187     66.83898
         2    509.9344     21.0621     123655.5     357.5882  12.2695   0.0031     7.95    0.241  -3.54   0      395.2        18652     102.2746
         3    780.2720     20.9464     219946.7     463.1063  11.6442   0.0023     7.37    0.216  -3.24   2        518     27332.62     119.9776
         4    343.9945     24.0348     5060.632      90.4369  15.7395   0.0194     0.00    0.037  19.91   0      97.17      4830.55     64.80748
         5   1020.7808     17.4210      1615.93     138.5999  16.9789   0.0931     5.34    0.530 -51.82  16      21.66     922.7886     49.23164
         6    443.9919     15.9623     852.3251     90.69444  17.6735   0.1156     2.58    0.372  88.84   0      15.91      828.924      48.7964
         7     56.6410     15.6072     1110.283     151.3246  17.3864   0.1480     6.04    0.606  69.55   0      12.99     387.7574     46.69645
         8    617.0423     13.1162     4534.927     95.18193  15.8586   0.0228     5.02    0.182  56.40   0      80.69     3674.046     60.24564
         9    294.8671     23.6680      40946.2     295.7615  13.4695   0.0078    15.04    0.413   4.74   2      178.6     5913.345     68.25391
        10    719.0951      8.4437     5009.026     253.2618  15.7506   0.0549    10.39    0.353  -1.48  18       26.8     864.2758     48.38565
        11    876.0352     11.9324      12715.9     109.2631  14.7391   0.0093     4.57    0.132 -60.31   0      159.1     12283.26     86.97822
        12    161.0853     10.0769     2165.973     101.1051  16.6609   0.0507     0.00    0.023  42.50   2      59.66     2147.693     54.07904
        13    119.0706      8.5479     20567.09     345.8922  14.2171   0.0183    13.38    0.374   1.14  18      93.91     1964.989     53.51532
        14    742.8655      6.3875     33871.57     262.9503  13.6754   0.0084     7.01    0.305  -5.07  16      168.2     5890.085     68.25849
        15    555.1084      8.7039     3786.257     234.9209  16.0545   0.0674     3.46    0.324 -41.81  16      22.89     715.7574     47.80021
        16    288.9825      9.0054     41016.31     156.5961  13.4676   0.0041     0.00    0.044   0.10   0      295.4      40687.2     143.0947
        17    937.9957      7.5423     3378.149     178.2359  16.1783   0.0573     9.97    0.429 -19.69  16      23.66     499.6277     47.11911
        18    866.1486      7.5062     3943.386     258.3339  16.0103   0.0711     8.84    0.454   0.93  16      21.21     517.2543     46.72723
        19    328.9405      8.9589     29947.96      141.602  13.8091   0.0051     4.62    0.167  28.91   0      250.2     29550.96     124.1538
        20    254.1428      7.2320     4315.367     247.0363  15.9125   0.0622    11.45    0.460  -6.94  16      25.13     583.4901     47.28568
        21    388.2714      6.9227     1087.791     89.73618  17.4086   0.0896     4.03    0.406  57.77  16      24.73     669.7756     47.58108
        22    275.8805      7.8752     2787.202     86.17068  16.3871   0.0336     4.47    0.174  45.48   0       65.4     2776.144     56.65865
        23     56.3734      7.6476     1192.432     94.55125  17.3089   0.0861     4.37    0.366  22.81   0      22.27     899.9261     49.12598
        24    678.3371      4.0847     2058.494     115.1201  16.7161   0.0607     5.80    0.625 -61.07  16      33.87     1252.595     50.28794
        25    573.0834      6.9565     1687.598     83.21999  16.9318   0.0536     4.51    0.167 -45.92   0      50.14     1606.682     51.86353
        26     12.0132      6.9910     10524.85     103.2597  14.9445   0.0107     0.00    0.023 -26.35   0      147.4      10439.7     82.01968
        27    691.6818      3.4788     1775.651      97.3908  16.8766   0.0596     2.56    0.374 -60.38  16      35.25     1274.645     50.27626
        28    446.9806      2.4860     2146.747     151.0311  16.6705   0.0764     4.03    0.548  13.32  18      18.07     530.0566     46.90896
        29    438.0859      4.9939     3736.478     87.04565  16.0688   0.0253     4.31    0.067   0.27  16      76.75     3594.246     60.13034
        30    294.1048      4.9306     1758.663     83.41384  16.8870   0.0515     0.00    0.177 -32.09  16      46.64     1463.067     51.12092
        31     85.9812      2.1717     13849.79     175.8672  14.6464   0.0138     9.32    0.599  -0.69  24      96.45     3290.383     59.16024
        32    274.9987      2.9908     59476.18     181.4199  13.0641   0.0033     0.00    0.014 -77.48  24      357.2     58708.99     169.3157
        33    213.6466      1.6309     2545.128     80.47087  16.4857   0.0343     4.78    0.512 -33.56  24      52.79     2141.132     53.11106
        34    314.9042    999.6210     1430.253     121.0234  17.1115   0.0919     0.31    0.198  87.01   1      23.44     795.8202     48.06303
        35    840.0674   1022.9246     1224.418     80.21908  17.2802   0.0712     3.23    0.332  45.57  24      30.46     805.5875     48.34138
        36    618.1885   1023.4330     2413.502     177.0016  16.5434   0.0796     6.44    0.704   1.05  26      16.04     488.5144     45.36957
        37    518.5078   1021.2739     21309.26     232.1962  14.1786   0.0118     8.20    0.434   2.43  24      120.1     3783.071     60.65553
        38    396.5670   1018.5930     13106.75     330.1093  14.7063   0.0274    15.42    0.443 -37.04  24      57.84     1399.432     51.38492
        39    257.3376   1023.1343     1508.491     111.5472  17.0536   0.0803     3.02    0.464 -10.00  24      16.63     626.2918     47.13597
        40    218.9458   1022.1698     11134.66     181.8084  14.8833   0.0177    10.61    0.495  -0.29  24      79.69     2395.587      55.3138
        41    740.5215    998.2513     1245.609     96.14594  17.2615   0.0838     2.92    0.427  25.33   0      28.94     966.6908     49.09295
        42    680.0119    998.2090     4902.911      220.039  15.7739   0.0487     9.53    0.529   1.71   0      29.11     768.9193     48.28477
        43    591.9002    998.2275     2666.389     125.5723  16.4352   0.0511     3.81    0.609  34.01   0      34.34     1164.062     49.54839
        44    199.1155    988.0167     3347.802     165.9979  16.1881   0.0538     3.26    0.280 -52.66   3      26.37     1094.907     49.68298
        45    193.2655    994.3092     23987.78     381.8772  14.0500   0.0173    19.38    0.447  48.00   3      95.05     2582.521     55.97668
        46    887.9976    992.0342     1062.192     140.7055  17.4345   0.1439     5.44    0.626  44.90   0      12.62     458.7604     47.04075
        47    539.2141    991.6066     5885.004     293.4184  15.5756   0.0541    10.25    0.450  -9.45   0      30.77     726.0364      48.0825
        48    797.0042    990.9979     54823.77     175.4948  13.1526   0.0035     4.20    0.000  -2.60   0      343.4     54504.87     163.5752
        49    494.9983    989.9241      4804.25     89.79029  15.7959   0.0203     0.00    0.055  88.73   0      92.54     4820.907     64.60056
        50   1001.0070    988.0090     10824.26     103.9166  14.9140   0.0104     4.24    0.025  62.33   2      147.1     10510.04     82.21435
        51    308.1360    987.9100     3679.266     268.7284  16.0856   0.0793     7.72    0.262   0.48   0      18.48     628.0243     47.38123
        52    165.0909    986.2747     3340.739     150.0444  16.1904   0.0488     7.48    0.347  80.69   1      37.21     1574.549     51.72253
        53     11.1602    988.6896     2410.011     237.1536  16.5450   0.1069     6.57    0.586   1.56  16      13.54     341.5493     45.98658
        54    719.4458    982.2551     27365.71        273.1  13.9070   0.0108    14.13    0.328 -13.73   0      138.1     4422.952     63.27353
        55     28.6779    987.1611     1007.029     98.46551  17.4924   0.1062     3.74    0.375 -22.48   0      15.83     636.3044     47.65648
        56     48.8457    986.2443     1075.439     95.74284  17.4210   0.0967     3.06    0.464  81.99   0      20.64     914.2567     49.07829
        57    934.0323    985.9745     2860.479     113.0371  16.3589   0.0429     3.37    0.533   2.39   0      44.41     2018.495      54.0537
        58    730.1450    985.8248     7494.304     109.9289  15.3132   0.0159     5.35    0.248 -50.48   0      117.3     6881.696     71.48394
        59    813.0693    984.2081     1226.915     120.6409  17.2780   0.1068     5.57    0.559  47.63   0      16.29     641.4533     47.68102
        60    566.6879    983.0060     10216.18      344.348  14.9768   0.0366    11.28    0.520  10.19   2      51.02     1236.615     50.43816
        61    298.0215    984.9471      5685.38     91.99354  15.6131   0.0176     4.51    0.103 -85.11   3      96.64      5117.15     65.71974
        62    302.0287    983.0054     5577.581     289.3358  15.6339   0.0563     7.35    0.584  20.54   3      25.92     953.3406     49.37247
        63    841.4222    981.5353     9807.867     265.0318  15.0211   0.0293     7.54    0.328  -2.89   0      58.07      1515.75     51.78885
        64    506.7228    981.8431     2726.113     207.9153  16.4111   0.0828     7.75    0.464   4.35   2      18.77     499.1777     46.99797
        65    218.5634    982.4031     4226.609     194.2996  15.9350   0.0499     2.08    0.298  54.58   0      31.98     1584.346     52.19638
        66    174.3917    976.1417     116691.8     348.3459  12.3324   0.0032    12.88    0.250   7.32   0        387     20169.74     105.6464
        67    669.3296    979.6154     1837.864      155.144  16.8392   0.0917     6.23    0.435  35.15   0      18.29     711.3155     48.12933
        68    376.8334    979.2188      13571.7     272.8957  14.6684   0.0218    13.38    0.436 -12.46   0      73.74     2059.708     54.22671
        69    242.0062    981.8859     2129.071     82.74241  16.6795   0.0422     0.00    0.091 -88.36   0      52.96     2062.989     54.03362
        70    551.3283    979.6219     2030.812     173.3087  16.7308   0.0927     6.04    0.564 -24.22   0      18.28     595.4257     47.57894
        71    540.9846    978.9705     16003.48     114.6859  14.4895   0.0078     4.51    0.113 -85.37   3      179.4     15332.37      94.7289
        72    535.2260    975.0869     3332.174     271.5451  16.1932   0.0885     6.51    0.600  15.18   2      19.48     494.9194     46.73841
        73    520.6527    979.3024     2197.177     165.2641  16.6453   0.0817     3.52    0.500  31.04   0      24.05     1049.666     49.24875
        74    927.8243    978.4246     2914.244     226.1688  16.3387   0.0843     3.61    0.346 -33.33   2      18.92     613.2697     47.78141
        75    624.9918    977.0030     12169.52     106.8183  14.7868   0.0095     4.22    0.025 -29.64   0      158.3     11983.79     86.19215
        76    315.5612    976.5761     8493.504     137.7568  15.1773   0.0176     0.00    0.524  37.79   0        113     7108.084     72.43237
        77     22.9354    974.1847     7538.379     104.8078  15.3068   0.0151     4.98    0.278 -72.17   0      118.8     6977.968     71.78938
        78    861.5851    975.0912     1232.939     91.64327  17.2726   0.0807     5.01    0.445 -61.95   0      21.16     835.1954     48.36476
        79    569.8946    974.6063     3608.819     199.9772  16.1066   0.0602     2.55    0.079 -32.99   2      26.76     576.6071     47.37092
        80    339.7033    972.2079     5053.328      295.628  15.7411   0.0635    10.13    0.547  17.25   0      26.03      681.013     47.86921
        81    971.0021    972.3516     23219.48     133.5384  14.0854   0.0062     0.95    0.172 -89.53   0        189     22948.77     111.4144
        82    380.3658    970.4125      18523.4     146.8893  14.3307   0.0086     2.89    0.415 -13.84   0      151.5      14396.2      92.5161
        83      3.2584    970.1184     5430.114     199.2462  15.6630   0.0398     9.62    0.259 -47.72  24      42.19     1355.698     50.75177
        84    966.7928    970.4438     1541.825     167.7321  17.0299   0.1181     5.52    0.544 -57.79   0      14.51     544.9927     47.45554
        85    871.8047    969.6895      3499.87     285.2563  16.1399   0.0885     7.80    0.474  -5.11   0      19.29     452.0461     46.76949
        86     95.1756    969.2976     3305.605     165.0945  16.2019   0.0542     8.57    0.459   9.69   0      25.71      678.085     47.38504
        87    691.9991    967.0283     13624.38     167.4142  14.6642   0.0133     8.37    0.593   2.24   0        139     10686.46     82.83588
        88    618.1131    965.4913     24849.41     258.8463  14.0117   0.0113     8.16    0.381   6.94   2      128.6      3824.31     60.90185
        89    609.0221    965.3176     1911.262     119.6053  16.7967   0.0680     5.89    0.276  68.77   3       25.4     1049.742     49.58897
        90     68.5764    967.9142     2850.637     165.3158  16.3626   0.0630     8.92    0.465  13.18   0      21.95     519.3333     46.85698
        91    748.2757    963.8008     15817.42     389.7614  14.5022   0.0268    17.15    0.430  28.84   0      64.94     1702.133     52.49388
        92    133.0728    967.9641     3252.151     85.77177  16.2196   0.0286     0.00    0.107 -27.45   0      75.97     3069.022     58.11127
        93    637.7348    964.9363     4854.838     231.1581  15.7846   0.0517    10.42    0.474   6.96   0      30.99     812.9492     48.37598
        94    484.7447    963.9543     17147.88     278.3833  14.4145   0.0176    13.55    0.330   5.80   0      91.17     2443.175     55.71033
        95     18.2229    965.0237     3825.758     251.0853  16.0432   0.0713     5.80    0.405  -1.02   0      22.66      680.014     48.09784
        96    842.2638    963.9908     6557.814     232.2245  15.4581   0.0385     7.09    0.441   0.91   0      44.12     1274.234     50.60739
        97    453.7021    964.2002     2489.491     140.0251  16.5097   0.0611     7.50    0.486  -3.14   0      21.21     650.8556     47.72582
        98    306.0849    963.8500     1566.889     107.8403  17.0124   0.0747     6.06    0.573  32.31   0      22.68     843.2984     48.40282
        99    263.0674    960.1631     38636.21     164.5587  13.5325   0.0046     5.67    0.393  55.50   0      276.8     35698.46     134.9388
       100    184.8313    964.1285     5692.333     319.3162  15.6118   0.0609     8.76    0.411  -2.36   2      27.44     616.1247     47.56014
       101    658.0053    963.9982     27545.63      135.644  13.8999   0.0053     4.20    0.007  -1.88   0      241.8     27311.81     119.9849
       102    585.3592    962.2402     3013.615     106.9922  16.3023   0.0386     0.00    0.481  34.25   0      61.05     2481.107     55.76456
       103    572.0724    963.8568     4675.341     95.51662  15.8255   0.0222     4.69    0.220 -62.65   0      90.16     4301.944     62.65894
       104   1009.6266    963.0822     1499.352     86.02245  17.0602   0.0623     0.92    0.176 -13.86   0      36.96     1470.557      51.4815
       105    937.9916    959.4935     4488.886     279.6097  15.8697   0.0676     6.70    0.451 -10.57   2      20.43     363.7708     46.33854
       106     63.0268    962.9543     2256.993     86.39626  16.6162   0.0416     4.50    0.175 -43.91   0      57.24     2002.619     53.98691
       107    501.0609    957.5024     3507.326     278.3083  16.1376   0.0862     6.02    0.663 -17.81   3      17.42     322.0268        45.89
       108    640.6071    957.9225     1428.064     99.43257  17.1131   0.0756     3.51    0.423   4.93   0      32.89     987.6965     49.30378
       109    574.0740    957.8620     4581.592     95.29329  15.8475   0.0226     0.00    0.224 -64.32   0      90.31     4219.863     62.45022
       110    289.0045    957.0342     2437.988     117.0686  16.5324   0.0521     6.33    0.554 -45.43   0      30.85     1305.472     50.96765
       111    623.4891    956.9161     1077.833     84.90149  17.4186   0.0855     4.75    0.359  29.06   0      19.03     882.5236     48.70174
       112    282.7327    956.0927     31093.79     149.1695  13.7683   0.0052     5.11    0.284 -20.36   1      239.6     27169.79     119.6688
       113    275.2439    955.2590     6895.697     334.2866  15.4036   0.0526     9.52    0.323  22.91   0      26.07     499.5559      46.9998
       114    202.7212    956.6631     5245.256     101.1052  15.7006   0.0209     1.33    0.232  54.37   0      82.43     4958.558     64.99694
       115    707.0287    955.6502     2039.316     216.4154  16.7263   0.1152     6.74    0.550  -9.10   0      14.95     383.6715     46.67656
       116    768.9890    954.5634     2551.891     91.85941  16.4828   0.0391     0.85    0.170  89.99   0      54.91      2671.48     56.83142
       117    409.9745    951.1264      18830.7     128.0526  14.3128   0.0074     4.97    0.282 -78.28   0      196.8     18312.58     101.5175
       118    655.0629    953.0206     15843.01     115.5848  14.5004   0.0079     0.00    0.153  19.12   0      182.8     15813.94     95.76045
       119    141.4330    953.3606     46322.75     201.6208  13.3355   0.0047     0.00    0.588 -54.03   0      290.8     41178.93     143.9125
       120    922.0008    952.9453     26278.75     133.5044  13.9510   0.0055     4.47    0.118  89.70   0      236.4     26117.37     117.7006
       121    517.2912    953.0143     2112.073     175.8199  16.6882   0.0904     7.41    0.559   1.95   0      17.29     502.6409     46.77594
       122    309.8466    952.5168     3450.854     275.2276  16.1552   0.0866     7.37    0.717   2.46   0      16.97     363.9613     46.09721
       123     30.9455    954.0010     11951.98     106.3544  14.8064   0.0097     0.00    0.134  -3.92   0      158.5      12032.2     86.31972
       124    861.4330    951.7262     1504.334     98.19151  17.0566   0.0709     2.99    0.450  26.38   0      31.64     1120.757     49.91338
       125    838.9965    950.0349     3789.028     87.18275  16.0537   0.0250     0.00    0.049  87.76   0       80.6      3511.73     60.00455
       126    975.2817    959.1797     946.3105     99.73859  17.5599   0.1145     3.41    0.570  41.65   0      17.25     630.0093     47.62644
       127    602.3870    944.4968      5935.84     228.5735  15.5663   0.0418     9.60    0.483  74.59   0      52.66     1659.981     52.31106
       128    560.6039    946.9056     2074.493     200.3329  16.7077   0.1049     6.20    0.547  -4.10   0      14.89      470.413     46.85866
       129    352.4888    942.9822     39116.89     311.8986  13.5191   0.0087    10.16    0.445   1.27   0      174.4     5555.505     67.05179
       130    826.0014    945.7745     10169.18     103.8308  14.9818   0.0111     0.88    0.141  89.25   0      128.7     10132.88       81.234
       131    434.3838    944.4030     6685.621     216.1206  15.4371   0.0351     7.67    0.418  -0.39   0      43.44     1201.861     50.28131
       132    235.5780    945.3997     1230.717     107.1294  17.2746   0.0945     3.39    0.529 -45.41   0      20.89     862.8181     48.72474
       133    612.9999    943.0163     32375.94     143.5092  13.7244   0.0048     4.25    0.033 -85.04   0      262.2     31921.97     128.4208
       134    500.4237    943.8556     1052.068     84.83249  17.4449   0.0876     1.99    0.518  63.75   0       19.9     912.7413     48.95705
       135    127.8553    944.0941     6795.211     104.5313  15.4195   0.0167     0.00    0.270 -15.09   0      104.2     5858.165     67.90524
       136     96.9724    941.2815     4453.965     203.0144  15.8781   0.0495     9.26    0.536  -1.17   2      30.95     733.6804     48.11862
       137     24.6412    943.9255     1930.353     130.8183  16.7859   0.0736     4.17    0.643   0.84   0      25.45     905.9615     48.92556
       138    670.8448    999.7095     1600.574     110.4749  16.9893   0.0750     3.86    0.576 -18.67   1      25.72     1004.201     49.15252
       139    193.0136    938.9987     9235.176     173.8717  15.0864   0.0204     4.28    0.067   0.12   2      79.25     3610.776     60.19279
       140    525.0007    938.0848     4016.273     87.77315  15.9904   0.0237     0.00    0.055 -88.85   0       80.8     3898.283     61.45121
       141    882.6639    934.0869     2027.968     162.4669  16.7323   0.0870     2.58    0.447  59.23   2      18.21     845.5629     48.41345
       142   1011.6101    935.4880     6322.353     345.8395  15.4978   0.0594    11.74    0.458  -1.22  16       28.6     579.9588     47.15012
       143    266.0037    935.0911     10678.66     103.5977  14.9287   0.0105     0.00    0.072  89.68   0      141.9     10564.62      82.3651
       144    408.1386    934.9957     5345.452     92.67269  15.6800   0.0188     4.58    0.169   1.17   0      97.92     4970.863     65.21189
       145    370.0742    933.3052     6853.473     321.0148  15.4102   0.0509    10.08    0.340 -12.03   0      31.71     763.4917     47.90992
       146    900.0085    933.8707       2717.5     84.34319  16.4146   0.0337     0.94    0.088  89.64   0       59.3     2554.077     56.06116
       147    797.5073    933.9271     3033.684     212.2455  16.2951   0.0760     8.51    0.487  -0.22   3      21.57     776.3981     48.08767
       148    797.7309    926.4631     9858.352     187.0656  15.0155   0.0206     0.00    0.448 -51.78   2        116     7271.699     72.63629
       149    865.4824    929.9093     3440.103     174.3461  16.1586   0.0550     9.69    0.464  -6.29   0       25.1     630.6135     47.51163
       150    295.1290    931.0560     1905.032      83.8117  16.8002   0.0478     0.00    0.189  30.75   0      51.54     1626.608     52.05843
       151    217.7626    930.7928     1416.762     96.54966  17.1218   0.0740     3.56    0.421  39.76   0      40.01      1163.52     50.33068
       152    121.0007    925.9997     36086.66     194.8273  13.6066   0.0059  -614.98    0.267  89.71   2      204.2     19569.84     104.2943
       153    989.4893    934.0840     4733.054     111.8429  15.8121   0.0257     0.00    0.391  20.38   0       82.6     4189.458      62.2496
       154    645.6019    927.2465     5621.931     249.9212  15.6253   0.0483    10.54    0.529  -0.12   2       32.8     823.0058     48.53868
       155    267.9831    927.8813     1252.516     80.29865  17.2555   0.0696     0.00    0.133 -87.05   0      40.08     1178.773     50.17685
       156    141.9849    926.8901     4074.479     87.92373  15.9748   0.0234     4.55    0.034 -75.12   0      83.02     3954.432     61.29425
       157    212.9478    925.9951     6097.037     93.00498  15.5372   0.0166     4.25    0.040   1.75   0        107     6155.393     69.21715
       158    756.2319    923.8467     4501.655     252.2518  15.8666   0.0609     8.04    0.361 -12.94   0      32.36     925.8054     49.24556
       159    673.2961    922.2827     19524.28     254.6779  14.2736   0.0142    12.82    0.358   6.66   0      108.6      3375.57     59.10893
       160    346.3740    924.6425     3360.184     206.5846  16.1841   0.0668     5.51    0.234 -47.25   0      19.85     769.5223     48.51894
       161    658.8282    923.4050     2427.849     183.9986  16.5369   0.0823     0.00    0.442  65.97   2      20.12     895.4733     49.10538
       162    539.7476    921.2765     2514.567     149.7255  16.4988   0.0647     4.08    0.356  43.74   2      40.21     1423.505     51.16406
       163    541.0031    917.9977     10835.65     103.9415  14.9129   0.0104     0.00    0.002  31.72   3      149.4      10728.5     82.81606
       164    411.0111    922.9991      33986.6     146.0377  13.6717   0.0047     4.20    0.009   3.98   0        269      33941.6     131.9466
       165    613.8055    932.6472     1700.642     184.6207  16.9235   0.1179     5.61    0.583  -8.53   0       13.3     347.0553     46.37736
       166    387.1880    919.6378      7541.26     273.0023  15.3064   0.0393    11.09    0.329   6.57   0      46.59     1270.169     50.92005
       167    290.6311    921.0453     5916.302     186.7653  15.5699   0.0343    10.20    0.523  -6.10   0      43.14      1334.59     51.09732
       168    703.7549    914.1842     146991.8     435.2289  12.0818   0.0032    15.68    0.476 -10.71   0      405.3     15448.63     95.00742
       169    165.8607    917.3309     15144.13     238.7285  14.5494   0.0171     7.97    0.367  -2.58   0      89.96     2825.001     57.14894
       170    974.2778    916.8121     4141.665     183.8333  15.9571   0.0482    10.29    0.447   4.12   0       28.4     691.5703     47.91931
       171    871.3558    915.8096     20977.84     325.7476  14.1956   0.0169    13.45    0.381  -2.74   0      103.3     3093.532     58.39911
       172    440.2508    918.0421     11156.23     359.6669  14.8812   0.0350    11.39    0.501  -6.29   2      53.69     1160.217     50.20437
       173    475.9414    915.6705     23220.63     268.5882  14.0853   0.0126    10.11    0.425  -3.32   3      122.6     3680.527     60.45558
       174    475.5353    910.7563     21376.56     271.1841  14.1752   0.0138     8.26    0.440  -2.99   3      112.7     3101.666      58.2388
       175    586.1279    917.0638     5321.568     97.04208  15.6849   0.0198    -3.32    0.207  26.16   0       97.5     4884.584     64.73777
       176     99.9695    917.0393     6204.168     93.26641  15.5183   0.0163     0.00    0.060 -55.13   0      107.8     6071.232     69.02142
       177    513.6534    914.5438     4261.671     190.7056  15.9261   0.0486     7.18    0.415  -7.90   0      30.45     778.5399     48.56116
       178    553.5813    913.7800     2565.192     225.1971  16.4772   0.0953     6.93    0.649  -7.90   0      16.67      376.495      46.6416
       179    496.1124    911.1997     6656.875     108.1837  15.4418   0.0176     0.00    0.340  60.75   0      108.9     6110.272     68.98773
       180    420.4292    913.3275     1374.801     112.5253  17.1544   0.0889     4.83    0.584 -55.89   0      27.55      963.401     49.19166
       181    941.5852    909.2208     28735.48     270.1236  13.8540   0.0102     7.10    0.209   3.80   0      143.7     4124.083     62.19076
       182    633.9797    911.0259     23021.08     127.8385  14.0947   0.0060     0.00    0.080 -54.29   0      221.2     22951.48     111.5204
       183    583.4077    908.3040     62845.36     231.2572  13.0043   0.0040     9.05    0.514 -20.72   0      347.5     56633.44     166.5064
       184     85.7822    913.8030     2342.932     148.5253  16.5756   0.0688     8.42    0.595  -5.33   0      18.16     501.5569     47.00947
       185    320.9958    910.0377     455.9812       81.521  18.3526   0.1942     3.60    0.201 -43.85   2      26.72     608.1948     47.75727
       186    181.5396    908.7838     4559.547     285.6096  15.8527   0.0680    10.02    0.585  12.03   0      23.44     708.2416     47.99831
       187      4.0025    905.9946     2822.394     84.62537  16.3735   0.0326     4.33    0.063  -2.59  18      65.53      2570.74     56.12868
       188    341.0069    907.9907     14006.36     110.6575  14.6342   0.0086     4.22    0.022 -61.08   0      169.8      13803.8     90.86455
       189    132.0369    908.0204      4677.66      89.4693  15.8249   0.0208     0.00    0.077  27.88   0      89.25       4294.4     62.98811
       190    215.7207    904.8264     2795.514      240.451  16.3838   0.0934     7.08    0.607 -52.63   0      17.09     492.3519     46.96495
       191    118.8485    902.2902     9247.168     306.6937  15.0850   0.0360    12.08    0.366   2.45   0      51.04     1334.287      50.6558
       192    794.3246    901.9285     20086.85     270.1011  14.2427   0.0146     7.30    0.361   0.77   3      111.7     3331.002     58.93732
       193    800.0535    893.1862      73905.9     307.1458  12.8283   0.0045     7.43    0.290  -3.99   3      288.6     12501.15     87.60963
       194   1007.3555    903.8149     1470.508     106.3287  17.0813   0.0785     3.00    0.331 -31.67   0      30.09     946.4795     49.34088
       195    458.1080    903.2197     2348.201     180.0545  16.5732   0.0833     1.83    0.211  59.25   0      16.71     606.3891     47.15878
       196    199.5757    901.0500     2432.154     179.3818  16.5350   0.0801     8.19    0.631 -30.41   0      20.73     465.4228     47.07293
       197    416.8523    899.9906     18354.66     124.9849  14.3406   0.0074     0.00    0.189  28.75   0        190     17803.53     100.4272
       198     24.9595    898.8685     5728.011     279.1147  15.6050   0.0529     9.81    0.500   0.58   2       30.1     658.6271     47.76281
       199    352.1508    897.6967     15146.99     121.3386  14.5492   0.0087     5.18    0.337 -63.59   0      163.1     13079.67     88.84607
       200    749.6187    894.8885     2508.269     215.6129  16.5016   0.0934     6.97    0.580  -7.61   0      17.08     386.8066     46.20971
       201    380.0670    892.8591     9945.966     256.5653  15.0059   0.0280     7.25    0.383   5.11   2      57.72     1527.076     51.73042
       202    173.1796    895.0109     1454.526     82.58102  17.0932   0.0617     2.37    0.174  -1.33   0      39.77     1188.407     50.22047
       203     15.7089    890.6354     13324.41     368.7065  14.6884   0.0301     9.44    0.333   4.52   0      55.81     1524.345     51.28358
       204     82.8638    892.1870      2596.29     150.7806  16.4641   0.0631     8.40    0.544  -1.83   2      20.56     514.7551     47.07324
       205    831.0711    891.0972     1528.313     84.45766  17.0395   0.0600     0.00    0.239  44.57   0      42.79     1293.451     50.24991
       206      5.0299    891.9781     6318.117     93.54367  15.4985   0.0161     4.28    0.042 -28.53  16      107.1     5960.339      68.6553
       207    869.0580    889.9683     12332.58     107.1647  14.7724   0.0094     4.63    0.126  -5.14   3      154.3     11723.63      85.4379
       208    866.7924    883.5175      11323.5     447.5029  14.8650   0.0429    14.20    0.366  40.45   2      40.68     899.3144     49.00905
       209    743.6982    889.9448     2956.654     255.2805  16.3230   0.0938     7.25    0.585  -3.18   0      17.58     434.1931     46.44218
       210    127.2629    889.6223     1556.342     175.8976  17.0197   0.1227     6.08    0.669 -20.49   0      13.63     373.9068     46.50876
       211     30.0017    887.2975     4989.678     116.0399  15.7548   0.0253     3.28    0.514  89.82   0      75.81     3710.465     60.56802
       212    261.2299    886.1292     2800.503     182.1677  16.3819   0.0706     8.11    0.450   1.97   0      21.79     597.4469      47.4708
       213    624.5413    884.6274     2988.765     228.7049  16.3113   0.0831     5.83    0.195 -24.33   2      20.27     565.5179     47.43586
       214    482.2423    885.0807     3545.656      242.317  16.1258   0.0742     7.62    0.618   2.45   0      19.67      446.457     46.50216
       215    183.8984    883.9034     6145.866     97.52905  15.5285   0.0172     4.82    0.257  44.59   0      106.6     5703.825     67.30356
       216    896.0615    881.0348     7611.615     96.63525  15.2963   0.0138     0.00    0.113  30.16   0      120.2     7148.834     72.32828
       217    162.0017    880.7761     19743.07     123.0146  14.2615   0.0068     0.88    0.139 -89.86   0      183.5     19736.63     104.6571
       218    954.8205    879.9384     1653.438      175.226  16.9540   0.1151     3.01    0.364  -8.85   0       14.6     503.4045     47.01841
       219    749.4390    878.7216     1337.696     83.94315  17.1841   0.0681     1.76    0.205  40.43   0      33.08     1380.539     51.08256
       220    738.5952    876.8878     1160.234     115.7765  17.3386   0.1084     6.50    0.715  52.26   0      12.28     416.4373     46.59613
       221    798.5770    877.3287     2775.631     209.3111  16.3916   0.0819     9.14    0.458  19.73   0      20.23     512.9478     47.18332
       222    414.7758    877.1732     4455.051     274.5303  15.8779   0.0669     7.48    0.526   7.78   0      21.28     670.4003     48.05239
       223    388.0013    877.9957     56138.36     177.1891  13.1269   0.0034     4.20    0.006  88.36   0      348.2     55906.06     165.5106
       224    299.0104    877.9747     16386.96     115.4433  14.4638   0.0077   -13.57    0.041 -69.65   0      184.2     16005.34     96.27182
       225    664.9340    873.1077     7448.311     275.4772  15.3199   0.0402    12.03    0.346 -15.29   0      45.62     1282.376     50.53327
       226    516.8340    875.8795     6848.257     354.9683  15.4110   0.0563     9.69    0.419 -11.15   2      29.99     609.6399     47.52914
       227    327.1245    876.9474     3848.254     88.92516  16.0368   0.0251     0.00    0.185  -3.32   0      78.23     3469.165     59.56179
       228    284.8190    875.3909      1585.52     90.98803  16.9996   0.0623     2.54    0.366 -64.40   0      40.13     1460.109     51.43536
       229    867.3531    874.3201     7841.749     114.3769  15.2640   0.0158     0.00    0.421  44.09   0      108.6       6478.3     70.02998
       230    690.9426    875.3651     2856.948     136.5808  16.3602   0.0519     7.66    0.669 -32.33   0      38.39     1572.429     51.92928
       231    251.9278    872.5593     33728.98     260.1508  13.6800   0.0084     7.25    0.365   0.64   0        168     5896.279     68.27911
       232    891.6333    874.5549     2276.505     181.5128  16.6068   0.0866     7.43    0.485  -1.24   0         17     485.2794     47.04985
       233    541.5746    867.2274     115377.6     343.4358  12.3447   0.0032     7.35    0.296  -4.99   2        383     19915.49     105.1513
       234    822.1678    868.2435     2682.426     159.9164  16.4287   0.0647     2.93    0.329  58.91   2      24.61     1109.254     50.08504
       235    619.9813    872.0259     7255.104     95.79311  15.3484   0.0143     4.29    0.059 -60.69   0      117.4     6912.197     71.73711
       236    777.2819    870.5784      4094.86      217.922  15.9694   0.0578     7.91    0.391  -3.42   0      28.06     760.2783     48.24408
       237    632.8757    869.0069     7906.538      315.167  15.2550   0.0433    12.60    0.077 -27.78   0       47.9     1059.137     49.51908
       238    585.4174    868.3358     8431.451     285.7503  15.1852   0.0368    12.79    0.303 -16.62   0      45.85     1139.317     49.99781
       239     97.1675    867.7320     11018.86     400.1128  14.8947   0.0394    12.75    0.542 -10.90   2       40.4     887.3682     48.83912
       240    607.2807    867.9517     3589.926     199.9557  16.1123   0.0605     9.26    0.408   1.86   0       25.9     646.4793     47.46967
       241    712.3221    863.9717     5265.118     261.1072  15.6965   0.0539    10.90    0.465  -1.10   2      29.96     753.2221     48.21083
       242    676.6147    867.3829     1991.882     201.6323  16.7518   0.1099     1.85    0.541  -1.24   0       16.2     489.6703     46.95197
       243      6.0546    866.0103     12625.04     110.3497  14.7469   0.0095     4.63    0.092 -49.34   0      156.6     11901.56     86.04015
       244   1011.7554    866.1362     3118.005     204.9567  16.2653   0.0714     9.08    0.390   6.03  16      21.64     509.0595     47.04573
       245    854.1964    865.4193     4035.115     224.8157  15.9854   0.0605     0.00    0.348  24.53   0       29.2     631.0573     47.63144
       246     74.0477    864.2947     2518.059      233.091  16.4973   0.1005     7.45    0.475  17.63   3      19.88     755.6004     47.87247
       247     79.7113    862.2697     9204.142     281.4341  15.0900   0.0332     4.71    0.112  -0.12   2      51.78     1547.462     51.60337
       248    930.4592    863.3598     6370.792     210.5364  15.4895   0.0359    11.75    0.341  14.81   2       42.1     1157.848     50.08198
       249    925.0078    861.0019     14106.98     110.8639  14.6264   0.0085     4.20    0.002 -41.27   3      171.6     14039.92     91.45323
       250    472.8676    864.3760     2733.785     186.6396  16.4081   0.0741     3.00    0.304 -77.27   0      18.06     627.7358     47.61559
       251    878.8283    858.6797     1084.657     86.55227  17.4118   0.0867     4.11    0.315 -49.55   0       25.7     836.8392     48.60341
       252    808.9126    858.1111     4163.715     183.0977  15.9513   0.0478     3.22    0.513  -1.14   1      35.11     1518.845     51.58582
       253    800.0500    858.0389     4094.739     285.2395  15.9694   0.0757     8.57    0.562  -7.46   0      20.28     471.1555     46.86226
       254    729.8612    859.1212     3327.003     235.0723  16.1949   0.0767     5.22    0.413  17.08   2      20.72     365.1357       46.103
       255     10.8454    858.2232     911.4857     87.70697  17.6006   0.1045     3.99    0.409 -77.08   0      14.68     537.6968     47.42059
       256    281.0014    857.9573     12498.65     107.5163  14.7578   0.0093     4.28    0.014  -6.66   3      154.9     12056.39      86.5129
       257    282.3844    854.5056     20607.54      230.296  14.2149   0.0121     9.15    0.415   3.04   2      118.7     3841.139     60.87272
       258    843.1172    856.2886     3781.545     218.2373  16.0558   0.0627     8.95    0.436  -6.81   0      26.36     724.2339     47.95738
       259    412.0398    856.6072     1032.712     89.59657  17.4651   0.0942     4.99    0.421  29.03   0      18.71     934.6522     49.28637
       260     44.9849    856.4889     773.8564     84.08384  17.7783   0.1180     4.83    0.514  27.49   0      15.74     805.2649     48.22391
       261    715.3429    852.8865     1969.056      107.389  16.7644   0.0592     2.86    0.524  69.13   0      34.55      1554.67      51.6351
       262    817.7183    852.5742     4124.634     262.7893  15.9615   0.0692     5.87    0.175  21.39   3      19.51      536.514     47.17817
       263    821.8160    851.1906     2333.608     189.1353  16.5799   0.0880     2.19    0.261 -87.58   3      19.65      546.019     47.22394
       264    994.0630    846.8799     59078.72     315.6516  13.0714   0.0058    15.07    0.286  -4.75   0      243.6     8881.588     77.50999
       265    784.5471    850.3650     2992.826     189.9258  16.3098   0.0689     4.31    0.593 -72.23   0      24.81     769.7009     48.28845
       266    125.9646    851.0192        31870     142.7057  13.7415   0.0049    -9.58    0.081 -26.07   0      258.7      31188.3     127.2478
       267    356.0954    873.2605     2645.871     89.00005  16.4436   0.0365     0.91    0.151  56.38   0      55.84     2396.583     55.21659
       268     96.9416    850.8954     2835.047     89.48182  16.3686   0.0343     0.00    0.206  69.35   0      64.63     2510.498     55.58286
       269   1015.9779    849.3182     1715.108     108.1522  16.9143   0.0685     3.61    0.519  89.91  16      32.79     1240.607     50.45614
       270    267.8570    846.7695     5176.861     219.6856  15.7148   0.0461     5.35    0.377  -0.09   0      38.61     1137.982     49.99175
       271    183.4667    846.0259     3595.609     240.0428  16.1106   0.0725     8.91    0.481  -6.09   0      20.58     501.0545     47.00705
       272    928.0428    844.9674     7617.677     98.08699  15.2954   0.0140     4.49    0.141 -36.40   0      124.8     7625.091     73.96117
       273    132.9074    840.6476     17222.87     287.3501  14.4097   0.0181     7.20    0.287   3.23   0      96.54     2831.022     56.87835
       274    554.0200    843.9965     27323.89     135.2719  13.9086   0.0054     4.23    0.023 -13.52   0      238.8     27011.23     119.4142
       275    238.3014    841.9431     9347.623     230.1236  15.0732   0.0267     8.61    0.400  -0.02   0      60.35     1676.868     52.17019
       276     31.6401    838.1479     11348.87     220.3358  14.8626   0.0211     8.34    0.402   1.29   2       64.8     1831.855     53.15796
       277    208.3990    834.0135     60643.79     301.3797  13.0430   0.0054     9.15    0.303  -4.91   0      252.9     10508.88     82.21115
       278     70.5914    837.0209     12721.46      406.968  14.7387   0.0347    12.54    0.276  -2.23   0      49.43     1269.893     50.58789
       279    971.6469    836.5685     3296.902     218.3739  16.2047   0.0719     5.79    0.516  -1.26   2      53.22     697.0203     48.17813
       280    725.2338    835.3781     1079.288     106.8077  17.4172   0.1075     5.92    0.579  68.12   0      14.96     498.0587     47.23023
       281    903.6957    836.1216     2973.981     243.5107  16.3167   0.0889     4.45    0.459  15.60   2      15.15     440.1644     46.47139
       282    333.9365    833.9036     9979.219     107.3978  15.0023   0.0117     0.00    0.254  55.86   0      144.4     10063.69     80.83268
       283    869.0916    832.0050     3396.441     86.15325  16.1724   0.0275     0.00    0.061   2.29   0       76.9     3603.414     60.16499
       284    562.7996    831.9466     2666.958     190.2724  16.4350   0.0775     4.08    0.235 -85.53   2      17.21     534.6989     47.16943
       285    525.8933    829.0422     21700.24     305.4229  14.1588   0.0153     9.01    0.343  -0.94   0      109.9     3247.129      58.5174
       286     51.9247    827.6046     7347.934     329.5359  15.3346   0.0487     9.61    0.467  -2.81   2       35.3     900.4659     48.90003
       287    881.1600    827.4207     3874.204     110.0838  16.0295   0.0309     2.48    0.457 -26.88   0      55.43     3348.504     59.38309
       288     10.9728    826.0336      6171.88      93.1877  15.5240   0.0164     4.33    0.068 -79.61   0      107.9     5899.561      68.4538
       289    998.3320    826.0126     1976.762      91.9601  16.7601   0.0505     2.22    0.302   0.48   0      50.84     1746.107     52.68392
       290     35.9345    825.0892     1592.315     84.62971  16.9949   0.0577     0.00    0.214 -44.94   0       47.8     1442.229      51.1378
       291    860.1506    820.2395     9932.236     239.0432  15.0074   0.0261    13.29    0.305 -13.24   0      56.26     1556.048     51.85754
       292    836.9923    824.0219     6000.977     92.76995  15.5544   0.0168     0.00    0.071 -44.20   0      108.9     5974.399     68.53865
       293    818.0742    821.8337     26983.38      257.472  13.9223   0.0104     8.76    0.364   0.56   0      142.7     4529.045     63.56546
       294    582.5714    819.3544     52164.55     335.7516  13.2066   0.0070    15.16    0.341  -1.28   2      216.7     7781.574     74.44047
       295    580.7868    808.8099     9018.569     289.1361  15.1122   0.0348    11.92    0.422   9.62   3      49.88     1252.127     50.50801
       296    367.9278    822.8391     11660.52     214.8724  14.8332   0.0200     9.00    0.421   1.02   0       73.1     2030.365     53.89623
       297    948.2849    823.7095     1621.558     179.1349  16.9752   0.1200     6.18    0.582  -4.60   0       13.3     392.7769     46.35998
       298    466.7875    822.7999     3878.023     198.8804  16.0285   0.0557    11.29    0.497   6.50   2      31.25     920.8297     48.99458
       299    470.9895    820.0577     2429.685     91.55656  16.5361   0.0409     4.77    0.211  77.02   3      51.01     1877.655     53.35342
       300     71.2343    819.8992     8781.505       362.05  15.1411   0.0448    12.43    0.189  33.91   0      38.62     873.4384     48.31293
       301    931.1065    822.8947     7083.834     99.69084  15.3743   0.0153     4.81    0.253 -44.66   0        114     6485.793     70.13416
       302    986.2998    816.9531     44430.43     280.0379  13.3808   0.0068     8.71    0.312  -6.52   2      195.9     6758.198     70.69535
       303     41.0502    819.0054     4202.429      280.377  15.9412   0.0725     8.73    0.464  -1.15   1      21.56     530.5949     47.26825
       304    327.3794    817.3221     1141.801     105.6237  17.3560   0.1005     5.93    0.474  -4.10   0      17.44     696.8425     48.06094
       305    304.5282    817.1143     3106.754     104.5457  16.2692   0.0365     5.70    0.471 -12.77   0      59.46     2703.367      56.4652
       306    422.9962    815.0092     36715.71     150.2249  13.5879   0.0044     0.00    0.025 -65.66   0      279.8     36265.42     135.8904
       307    799.9540    814.7147     5571.156      218.177  15.6351   0.0425    11.02    0.378   4.36   0      37.21     1019.275     49.22217
       308    266.0103    815.5186     2574.561     215.6827  16.4732   0.0910     4.39    0.155 -23.96   2      16.03     453.2213      46.7752
       309     14.9043    811.1664      10657.9      235.015  14.9308   0.0239    13.03    0.260  -3.07  16      64.57     1711.543     52.10658
       310    736.7319    812.5466      11289.9     215.7812  14.8683   0.0208    11.80    0.448   5.74   0      70.66     2099.329     54.08284
       311    346.7545    812.2678     2196.804     176.7231  16.6455   0.0874     7.17    0.544  -0.10   0      16.83     487.9416      46.9436
       312    293.3250    813.1075     2229.592     221.0919  16.6294   0.1077     6.34    0.656   3.68   0      13.76     381.6639     46.18441
       313    277.8937    811.7803     4211.786     281.3811  15.9388   0.0726     8.14    0.297  -8.62   0      20.71     571.1566     46.98867
       314    161.0356    812.9254      1951.24     83.93691  16.7742   0.0467     4.44    0.134 -60.41   0      50.12     1633.859     52.19744
       315     37.6545    812.3102     1846.086     169.8005  16.8344   0.0999     4.81    0.210  40.57   0       15.8     686.6748     47.66173
       316    629.8622    808.2050       4198.1     104.2402  15.9424   0.0270     5.57    0.373 -68.86   3         74     3191.417     58.68349
       317    624.9565    810.5156     4080.979     296.3001  15.9731   0.0788     8.53    0.405  13.81   2       18.6      588.227     47.18995
       318     92.7533    807.8635     16784.31     129.8728  14.4377   0.0084     5.64    0.374  33.23   0      181.2     15610.19     95.27567
       319    556.0308    807.9797     6370.377     93.67056  15.4896   0.0160     0.00    0.061 -28.26   0      110.4     6121.775     69.18764
       320    409.3716    812.8955     2822.812     238.1373  16.3733   0.0916     5.84    0.137  14.50   2      17.08     406.8822     46.06591
       321    472.4976    803.5169     4290.135     206.2523  15.9188   0.0522     6.58    0.059  71.24   2      33.14     855.4037     48.45963
       322    634.0082    802.5749     3183.657     93.40941  16.2427   0.0319     0.79    0.185 -88.66   0       62.5     3051.008     58.13716
       323    193.3090    794.8570     129596.3     356.2732  12.2185   0.0030     7.34    0.261   3.66   0        410     21928.11     109.2101
       324    558.1178    800.4328     2925.111     176.0746  16.3346   0.0654     5.40    0.469   7.54   0         24     781.6083     48.22851
       325    990.4054    794.9494     11844.25     230.7638  14.8162   0.0212     8.95    0.201  -8.24   0      71.55     1908.299     53.48379
       326    704.8739    799.0154     11144.49     108.5542  14.8823   0.0106     4.73    0.202 -12.12   0      147.6     10637.24     82.63302
       327    596.3069    796.4824     14739.03     234.7926  14.5788   0.0173    12.68    0.449   5.66   0      85.82      2427.67     55.44546
       328    929.3342    794.4478     13092.42     361.2759  14.7074   0.0300    13.44    0.439   9.56   0      60.38     1633.204      52.1946
       329    213.5450    793.4333     34076.92     275.5985  13.6688   0.0088     9.30    0.346   5.67   0      169.8     6164.966     69.08669
       330    884.3466    793.9763     7310.585      132.663  15.3401   0.0197     4.08    0.616 -56.34   0      83.02     4130.117     62.21281
       331    152.0600    795.9321     3347.665     86.02449  16.1881   0.0279     0.00    0.095 -57.64   0      74.32     3216.938     58.68692
       332     54.4766    793.4918     4523.221     274.0765  15.8614   0.0658     9.62    0.437  -9.81   0      27.07     739.2286     47.91167
       333     21.0568    794.8627     2952.377     86.60523  16.3246   0.0319     0.00    0.067 -52.05   0      67.57     2900.042     57.54397
       334    124.9557    791.9268     15650.51     258.3392  14.5137   0.0179    12.44    0.433  -0.82   1      87.74     2468.539     55.71331
       335    402.3113    791.6597     2500.205     103.2187  16.5051   0.0448     3.18    0.445 -44.95   0      51.58     1894.786     53.11103
       336    819.9935    790.5906     1964.143     198.8045  16.7671   0.1099     6.80    0.503  15.29   0      15.71     379.8161     46.41717
       337    936.3582    788.7005      2048.43     185.8031  16.7214   0.0985     0.00    0.504  49.47   0      15.14     616.7433     46.97086
       338    870.9157    788.6826     3713.447     238.3994  16.0756   0.0697     9.21    0.453   9.36   0      25.55     643.9278     47.57528
       339    829.0226    786.4736     6456.704     301.3853  15.4750   0.0507    11.23    0.315  14.67   3      35.94      877.237     48.90656
       340    838.2764    785.8953     5340.936     246.2789  15.6810   0.0501    11.48    0.570   6.27   3      30.98     798.4164     48.19162
       341    105.0506    789.9985     12153.46     106.7841  14.7882   0.0095     0.00    0.079  -0.29   0      156.3      11722.5     85.50042
       342    675.1384    787.6962     8152.272     322.3675  15.2218   0.0429     7.75    0.448   5.69   0      39.49     1075.422     49.48074
       343    358.7840    787.5920     4749.334     250.2476  15.8084   0.0572     6.55    0.493  21.38   3      25.03     707.3544     47.99411
       344    361.9822    785.9661     2696.445     196.1032  16.4230   0.0790     3.50    0.344  53.67   3      20.52     848.8215     49.00336
       345     30.4138    786.2487     10206.08     140.5539  14.9779   0.0150    -0.99    0.549  24.48   0        130     8672.666     77.11307
       346    322.0018    796.5580     1410.219     92.08187  17.1268   0.0709     2.44    0.336  88.95   0      38.62     1276.236     50.83711
       347     43.5173    786.4859     9179.509     110.8625  15.0930   0.0131     1.23    0.296 -45.08   0      109.9     9103.767     78.15874
       348    453.8275    785.9982     6208.387     93.27669  15.5176   0.0163     0.87    0.116   0.53   0      101.8     6264.317      69.6543
       349    929.9297    781.9474     2507.802     195.8844  16.5018   0.0848     6.93    0.273 -73.01   0      21.74     790.8226     48.27192
       350    268.0382    782.9900     24244.48     129.9953  14.0385   0.0058     4.39    0.095 -13.02   0      227.4     24194.13     114.0738
       351    149.9320    783.0389     2963.306     85.00296  16.3206   0.0312     4.37    0.112 -28.56   0       69.7     2715.977     56.71371
       352    971.8431    781.1612     5720.427     95.07156  15.6064   0.0180     0.00    0.199 -45.09   0      96.71     5671.446     67.60945
       353    945.6937    782.0502     1758.168     116.9444  16.8874   0.0722     5.00    0.343 -19.66   0      35.15     1115.349     49.55093
       354    198.5903    781.4732     4009.338     281.7148  15.9923   0.0763     8.05    0.455  -4.75   0      19.77     489.7703     46.95245
       355    860.1971    780.3329     1141.861     91.41712  17.3560   0.0869     2.28    0.457 -29.30   0      20.98     934.0594     49.05591
       356    419.9954    781.0059     9175.159     100.2451  15.0935   0.0119     4.24    0.024  14.34   0      133.5     8805.432     77.35877
       357    605.9299    775.8101     13756.57     227.7756  14.6537   0.0180    12.38    0.318  11.25   0      84.23      2173.23     54.49534
       358    135.3929    799.3903     29719.21     281.5892  13.8174   0.0103    14.31    0.301   3.95   1      145.6     4708.493     64.20385
       359    127.0351    779.9503     3015.823     85.14326  16.3015   0.0307     4.34    0.106 -60.36   0      72.04     2851.165      57.2529
       360    516.6423    778.2569     2760.228     202.4965  16.3976   0.0797     9.20    0.285  24.70   0      19.61      502.255     47.01285
       361    495.2967    790.0894     1797.292     168.0779  16.8635   0.1016     5.54    0.448   4.89   0      14.97     495.0312     46.73896
       362    103.7346    773.9872     2032.025     96.54829  16.7302   0.0516     1.23    0.172  -2.01   2      45.02     1880.594     53.26092
       363    110.2701    776.0566     3416.299      251.272  16.1661   0.0799     4.66    0.352 -38.53   2      20.32     648.8865     47.59896
       364    696.9600    776.0001     24574.52      130.571  14.0238   0.0058     4.42    0.105  -0.65   0      228.7     24474.42      114.582
       365    651.6425    775.0969     3304.425      259.934  16.2023   0.0854     9.64    0.281 -58.01   2      21.42     428.9074     46.17444
       366   1008.8626    775.0892     945.4824     84.54646  17.5609   0.0971     3.19    0.234 -27.67   0      30.67     772.0528     48.06713
       367    545.0012    773.9156     42345.06     158.5128  13.4330   0.0041     0.00    0.070  89.59   0      290.5     42256.03      145.642
       368    394.6123    774.0048     1250.501     90.14733  17.2573   0.0783     2.62    0.353  -6.99   0      34.19      1136.31     49.98415
       369    992.6855    772.1126     1620.801     179.9136  16.9757   0.1205     6.72    0.257 -22.72   0      14.93        447.2     46.62602
       370    272.2346    772.3629     1326.751     128.6823  17.1930   0.1053     7.39    0.651  -1.63   0      13.51     402.0424     46.64605
       371    934.8460    770.4709     4285.168     249.8257  15.9201   0.0633     9.01    0.435  -3.27   0      27.34     658.4151      47.7618
       372    744.3407    770.4767      2823.46     207.3477  16.3730   0.0798     3.68    0.415 -46.83   0      19.87      852.009     48.55914
       373    690.0536    770.0064     3076.799     85.30587  16.2798   0.0301     4.29    0.068   0.07   0       72.8     2879.062     57.46105
       374    443.2308    768.1584     7399.568     265.6065  15.3270   0.0390    11.82    0.655   5.89   2      33.59      973.867     49.46687
       375    212.5688    767.3904     14195.17      283.468  14.6196   0.0217    13.34    0.429   9.67   0       77.6     2224.668     54.91373
       376    707.3262    767.6668     11929.27      440.563  14.8085   0.0401    10.70    0.373 -22.44   3      33.41     489.6971     46.83271
       377    608.8212    767.3779     5938.463      290.102  15.5658   0.0531    10.21    0.521 -14.18   2      28.42     625.5183     47.83964
       378   1012.8820    765.1215     9596.406     106.5846  15.0447   0.0121     4.97    0.301 -45.05   0      136.6     9086.954     77.96635
       379    194.9154    766.8265     40196.57     158.9636  13.4895   0.0043     0.00    0.251  63.63   0      280.8      36643.2     136.4797
       380      6.8291    765.7073     58465.54     207.5841  13.0828   0.0039     7.40    0.471  69.10  24      350.8     56770.02     166.5583
       381    870.9887    765.0070     58954.95     180.7657  13.0737   0.0033     0.00    0.024 -42.76   0      354.6     58369.08     168.8589
       382    849.0939    762.8197     6197.985      283.475  15.5194   0.0497    10.49    0.506 -12.22   2      33.76     739.4933     47.79594
       383    804.7184    761.5895     19594.32     309.7822  14.2697   0.0172     8.37    0.329  -1.53   2      96.28     2754.465     56.86774
       384    373.6672    762.4756      1399.36     148.9656  17.1352   0.1156     2.63    0.169 -63.67   2      15.18     668.8378     47.69413
       385    690.8540    762.6909     10222.88     463.2438  14.9761   0.0492    13.38    0.661   3.31   3      31.61     1145.233     49.80037
       386    695.2746    760.6107     4686.364     234.0025  15.8229   0.0542     3.58    0.648  54.55   3      24.46     895.7639     48.99258
       387    149.5975    763.9647     2606.046     215.0661  16.4600   0.0896     7.36    0.621  -2.77   0      18.77     476.7362     47.12752
       388     59.6855    762.2983     2960.532     242.3458  16.3216   0.0889     8.19    0.527  -3.15   1      19.03     423.0493     46.26677
       389    676.7220    758.2787     19803.54     152.5716  14.2581   0.0084     0.00    0.376 -37.65   0      194.3     18181.06     101.0566
       390     49.1599    761.3524     3752.318      234.888  16.0643   0.0680     4.40    0.489  -1.37   1      22.67     863.0506     48.72582
       391    932.9684    755.7332     10116.13     315.8713  14.9875   0.0339    13.40    0.522 -16.46   2      44.33     922.6212     49.00289
       392    130.5215    759.3361     6826.947     121.9026  15.4144   0.0194     3.82    0.538  32.93   0      95.27     5551.481     67.03815
       393    159.6029    759.5829     1077.232     111.9226  17.4192   0.1128     5.48    0.541 -23.92   0       15.8     622.9962     47.59296
       394    258.1783    758.4904     1335.724     87.20905  17.1857   0.0709     4.77    0.203 -62.68   0       33.9     1235.154     50.09743
       395    779.0964    755.3064      6742.23     112.1708  15.4280   0.0181     0.00    0.213 -88.33   0        102     5435.272     66.55895
       396    704.0026    757.9614     3755.583     87.09552  16.0633   0.0252    -9.58    0.060 -89.24   0      78.62     3443.178     59.74434
       397    317.1464    757.2384     4732.494     209.4297  15.8123   0.0481     9.97    0.546   5.38   2      32.36     842.5204     48.74496
       398    319.0025    754.0188     7209.694     95.68532  15.3552   0.0144     0.00    0.003 -69.48   3      118.1     7042.509     71.99341
       399    739.0865    756.7971     5460.088     97.36595  15.6570   0.0194     4.92    0.245 -66.74   0      95.23     4918.822     65.03027
       400    532.1292    754.0544     14285.06     255.4969  14.6128   0.0194     4.67    0.605 -45.17   0       80.6     1032.819     49.39814
       401    507.9456    756.4151     3123.374     258.6958  16.2634   0.0899     8.86    0.481  24.01   0      17.75       423.33     46.74965
       402    402.4445    755.8491     5274.678     223.5751  15.6945   0.0460    10.71    0.530 -11.61   0      32.27     747.8705     48.30164
       403    695.0229    755.9658     57159.29     178.4938  13.1073   0.0034     0.00    0.103 -50.50   1        350      56512.6     166.4087
       404    437.8758    754.0103     7756.942     311.9338  15.2758   0.0437     0.47    0.296   4.32   0      44.29     884.0394     48.82362
       405    291.3904    752.4495     4540.922     300.4035  15.8571   0.0718     9.10    0.281  39.26   0      23.01     472.0939     46.98612
       406     89.0691    753.5067     11990.36     139.4514  14.8029   0.0126     0.00    0.363 -77.53   0      144.1     10624.37     82.39403
       407    610.2041    749.0806     15135.07     208.0158  14.5500   0.0149     0.00    0.489   8.25   0      107.7     2760.087     56.98853
       408    556.5964    751.8101     1196.479      91.5528  17.3052   0.0831     3.30    0.564 -60.82   0      20.59     1042.635     49.55638
       409    834.0223    751.9350     16420.49     116.7148  14.4615   0.0077     4.56    0.159 -71.61   0      186.3     16408.97     97.22002
       410    800.3906    748.8039     8816.406     347.0716  15.1368   0.0428     9.06    0.335   6.16   0      38.73     955.7398     49.15625
       411    772.9499    749.2133     1946.362     191.6138  16.7769   0.1069     6.86    0.693  -2.20   0      14.57     372.9816     46.50424
       412    521.5082    747.2825     4860.857     202.0889  15.7832   0.0452     7.47    0.440  -3.11   0      34.38     901.5972     48.79067
       413    421.6870    745.1876     849.2858     92.21731  17.6774   0.1179     4.14    0.578 -79.73   0      11.59     544.5383     47.09809
       414    102.4040    745.2278     3576.028     116.8867  16.1165   0.0355     3.48    0.563 -62.16   0      53.82     2608.769     56.48105
       415      3.9805    744.7951     4211.504     210.1996  15.9389   0.0542     5.27    0.099  23.92  25      27.46     1155.329     50.07055
       416    196.8361    741.0349     17821.27     322.6714  14.3727   0.0197    12.56    0.461   1.60   2      80.06     2210.055     54.75105
       417     10.8485    741.0180      2021.01     192.4311  16.7361   0.1034     6.32    0.597  48.86  16      17.87     546.8312     47.46435
       418    943.9620    738.7095     27795.17     449.2965  13.8901   0.0176     7.93    0.388   0.72   2      136.9     1073.515     49.47198
       419    966.3268    734.6530     41166.73     373.6874  13.4636   0.0099     3.86    0.302  27.66   0      156.3     3637.718      60.2015
       420    900.8365    738.9641     945.4667     81.16795  17.5609   0.0932     2.43    0.183   3.95   0      31.68     794.7665     48.40628
       421    755.0326    737.9879     6804.271     94.71746  15.4180   0.0151     0.00    0.014 -36.62   3      113.4     6584.964     70.77194
       422    759.2676    736.9997     8528.407     226.8585  15.1728   0.0289    11.51    0.437  16.45   2      53.89     1615.295     52.33096
       423    591.2944    739.0023     7089.175     99.70302  15.3735   0.0153     0.93    0.160  -0.04   0      103.4     7217.835     72.54478
       424    321.2590    737.5818     1679.923     164.5512  16.9368   0.1064     3.79    0.460 -41.99   0      17.03     725.2923     48.07898
       425     51.1404    739.0623     1947.572     157.0967  16.7763   0.0876     2.48    0.176  -2.77   0      17.45     642.9741     47.68827
       426    603.9753    737.9939     20183.93     122.6909  14.2375   0.0066     4.28    0.047   8.39   0      205.1     19818.36     104.8878
       427    490.4600    736.0115     9398.761     290.8819  15.0673   0.0336     7.50    0.361   3.21   0      56.42     1563.911     51.99977
       428    861.0604    736.5471     1713.271     157.6477  16.9154   0.0999     1.92    0.441  60.40   0      15.78     706.8962     47.99194
       429    187.5556    733.5457     5189.262      102.356  15.7122   0.0214     1.48    0.290  45.62   0      79.21     5199.295      66.0032
       430    122.7540    728.2009     8617.472     127.4127  15.1616   0.0161     0.00    0.022 -34.85   0      122.1     7431.783     73.21198
       431    543.0153    729.3743     2870.446     95.61804  16.3551   0.0362     2.18    0.208  68.48   0      57.48     2459.536     55.87733
       432    365.3978    726.9488     10652.67     270.9708  14.9314   0.0276    12.89    0.241  -4.31   0      61.91      1746.23     52.68445
       433    108.0759    730.3819     1388.582     90.49477  17.1436   0.0708     4.88    0.422  30.80   0      25.53     1204.409     50.29283
       434    565.4506    728.0475     2552.932     149.7837  16.4824   0.0637     4.19    0.556  -0.14   0      22.48     713.4883     48.13959
       435    853.2025    743.4789     1247.138     147.7891  17.2602   0.1287     3.11    0.484  21.51   0      14.42     657.7664     47.75872
       436    168.1478    728.9244     1399.554      82.4296  17.1350   0.0640     2.78    0.191 -28.08   0      40.06      1158.15     49.97144
       437    524.9598    727.9994     26246.93     133.4502  13.9523   0.0055     4.42    0.105   0.22   0        237     26240.88     118.0338
       438    214.0015    726.9976     56978.27     178.2632  13.1107   0.0034  -153.74    0.004  85.68   0      350.5     56600.68     166.4617
       439    456.0240    725.9839     6030.786     92.84295  15.5491   0.0167     4.31    0.064 -44.34   0      107.7     5919.142     68.51878
       440    353.9659    725.9072     2933.445     105.5034  16.3316   0.0391     0.00    0.400 -14.63   0       59.2     2100.802     53.77761
       441    952.5860    724.8470     2430.538     93.07481  16.5357   0.0416     2.54    0.359  25.48   0      50.15      1920.81      53.6414
       442    581.0847    724.0451     8506.506     100.1253  15.1756   0.0128     4.54    0.156  27.18   0      127.8     8051.076     74.96063
       443   1004.0107    723.9714     705.5491      88.7628  17.8787   0.1366     4.95    0.383  -0.32   0      15.31     829.2087     48.68286
       444    391.1506    724.0198     1169.263     80.06266  17.3302   0.0744     2.33    0.139   5.55   0      36.57     1029.749     49.72295
       445    425.2868    721.0377     6556.046     268.5571  15.4584   0.0445     8.19    0.340  -4.67   0      38.63     1008.351     49.17171
       446    635.8818    718.6653     17722.68     313.3584  14.3787   0.0192    13.27    0.322  -6.17   3       90.9     2522.435     55.83256
       447    623.1441    713.9122     46458.13     279.1832  13.3323   0.0065     8.02    0.341  -1.00   3      211.9     7898.616     74.49695
       448     61.3686    719.8463     2682.481     150.9105  16.4287   0.0611     6.18    0.393  -7.64   0      20.59     613.2233     47.78119
       449    690.4541    717.3998     11006.26     226.2552  14.8959   0.0223    12.31    0.375  13.74   0      69.74     2171.004     54.48606
       450    566.2623    718.3576      4157.61     216.0527  15.9529   0.0564     7.64    0.391   0.58   0      28.44     770.2287     48.29093
       451    234.3024    718.6917     2555.532     124.2501  16.4813   0.0528     1.83    0.523 -12.81   0      28.87     898.5877     48.54655
       452    171.9967    716.5132     846.8892     89.12396  17.6804   0.1143     5.00    0.544 -27.19   0      12.82     661.7045     47.89449
       453    492.0982    706.7706       275851     449.5418  11.3983   0.0018    10.61    0.216   3.11   2      635.1     45381.18     150.2163
       454    487.5300    690.8814      41453.5     330.1215  13.4561   0.0086    10.00    0.341   2.17   3      172.1     5778.903     67.72215
       455    272.5376    720.4052     18516.79     249.8867  14.3311   0.0147     7.33    0.413   5.91   0      103.9     3341.237     59.26088
       456    117.9042    713.5533     5380.397     304.7348  15.6730   0.0615     0.00    0.470  28.28   2      27.84     449.7225     46.39761
       457    830.2023    714.7363     2297.719      138.708  16.5968   0.0656     7.86    0.509   4.53   0      18.05     498.0659     47.11158
       458    529.9564    714.9709     21675.67     127.6361  14.1601   0.0064     4.54    0.150  33.33   0      215.2     21684.94     108.9087
       459    897.0253    711.4024     10714.59     314.0813  14.9251   0.0318     7.23    0.316   8.14   0      60.15     1569.612     52.02468
       460    300.4457    711.2867     10031.27     281.6047  14.9966   0.0305    12.40    0.449  -1.78   0      56.48     1360.084     50.77141
       461     22.2667    711.2493     4048.453     260.0461  15.9818   0.0698     9.92    0.433  13.38   0      25.32     582.5566     47.39946
       462    458.0017    711.9141      7939.33     97.40294  15.2505   0.0133     0.00    0.128 -89.14   0      123.3      7484.24     73.52708
       463    411.9988    708.9714     13505.85     109.6247  14.6737   0.0088     4.28    0.043  73.32   0      163.7     12956.29     88.84552
       464    349.8081    705.7454     6054.767     182.3859  15.5448   0.0327     3.43    0.451 -59.06   2       51.1     2488.962     55.89681
       465    324.9477    708.6517     5636.979     111.1748  15.6224   0.0214     0.00    0.417  84.62   0      96.59      5014.26     65.44855
       466    757.9869    706.6094     4490.535      150.851  15.8693   0.0365     0.00    0.549 -26.00   3      43.54     2077.802     54.09589
       467    756.4089    702.4227     2837.721     161.8756  16.3676   0.0620     0.00    0.597  13.16   3      30.95     1371.736     51.15295
       468    665.9789    705.3266      9398.02     375.3372  15.0674   0.0434    11.43    0.547  -2.85   0      38.34     960.7546     49.29314
       469    582.6773    704.7762     1211.299     103.0927  17.2919   0.0924     4.28    0.526 -69.11   0      23.06      990.793     49.31805
       470   1010.3705    705.9576     3225.337     97.89819  16.2286   0.0330     0.76    0.222 -18.02   0       60.6      2834.97     57.38403
       471    713.8656    705.7295        13240     117.7126  14.6953   0.0097     0.00    0.316  63.56   3        154     11693.66     85.35815
       472    715.5352    699.9887     2274.859     135.6088  16.6076   0.0647     7.80    0.581  -1.06   3      18.89     471.2609     46.86277
       473    455.5576    702.4282     4223.477     204.1321  15.9358   0.0525    10.36    0.429  28.24   0      35.56     660.9297     48.00757
       474    173.0292    705.4068      2669.05     172.5287  16.4341   0.0702     8.14    0.452  -5.07   0      20.19     472.5773     47.10746
       475    289.3664    712.3087     2644.322     104.8787  16.4442   0.0431     3.04    0.433  40.89   0      55.55     2143.292     53.95688
       476    785.8272    704.1258     2662.117     175.7348  16.4369   0.0717     7.77    0.528  -3.48   0       20.7     557.2884     47.27814
       477    433.3997    703.8340     1187.749     93.04772  17.3132   0.0851     2.81    0.572  61.61   0      18.33     883.4197     49.04956
       478    278.6693    703.3505     2978.606      172.936  16.3150   0.0631     8.44    0.506  -2.15   0      21.15     555.4573     47.26934
       479     40.2493    702.1618       4742.3     254.1263  15.8100   0.0582    10.62    0.415  -5.59   0       31.8     768.1527     48.28116
       480   1005.4899    700.8469     6950.134     357.7824  15.3950   0.0559     9.97    0.352 -35.03  18      23.97     494.9112     46.73837
       481     11.7048    702.2812     2565.427     209.0827  16.4771   0.0885     4.54    0.381  27.63   1      21.83     792.0587     48.27773
       482    651.1239    697.6293     25794.32     445.7785  13.9712   0.0188    14.18    0.600  -6.65   2      89.95     2254.692     54.83402
       483    723.9960    697.0034     30073.04     139.8146  13.8046   0.0050     4.28    0.047 -72.93   0      250.8        29685     124.3989
       484    130.4144    696.3732      4282.74     235.4007  15.9207   0.0597    10.45    0.222  -3.08   2      25.88     592.5483     47.68275
       485    846.2300    697.4224     1890.587     132.8729  16.8085   0.0763     7.48    0.475  -3.33   0      16.54     486.5513     47.17483
       486    602.0378    697.0223     19014.95      120.506  14.3023   0.0069     4.43    0.085  31.05   0      196.2     18088.74     101.1813
       487    334.4430    693.8826     6859.249     270.3711  15.4093   0.0428     8.33    0.431   1.87   2      44.33     1176.081     49.94094
       488     14.5580    692.4879     69711.59     317.0963  12.8917   0.0049    15.10    0.388   5.70  16      270.7     11317.73     84.28485
       489    668.0923    695.0737     1649.228     83.11514  16.9568   0.0547     4.56    0.161  25.91   0      40.95     1290.744     50.46006
       490    275.4278    690.5677      19405.6     404.5027  14.2802   0.0226     5.52    0.432 -38.35   3      98.12      2148.62     54.59808
       491    268.9722    687.8985     3196.291     107.3795  16.2384   0.0365     5.11    0.272  71.89   3      57.42     2189.022     54.14916
       492   1019.9185    688.8016     13347.72     361.8235  14.6865   0.0294    15.28    0.266 -67.61  26      52.89     1309.957     50.87772
       493    837.8948    690.0780     2129.542     93.84048  16.6793   0.0479     5.00    0.163  71.96   0      45.65     1576.451       51.839
       494    303.5760    690.1320     3377.966     280.7068  16.1784   0.0902     7.96    0.686  18.05   0      16.87     382.0617     46.42817
       495    420.0133    695.9972     33528.45     145.3229  13.6865   0.0047     4.23    0.008   1.43   0      266.7     33112.67      130.511
       496     59.4912    690.0971     6800.796      341.677  15.4186   0.0546    11.40    0.431  -5.42   0      29.25      607.321     47.28182
       497    961.5988    689.7067     5896.757     120.1559  15.5735   0.0221     0.00    0.331  23.33   0      86.76     4342.407     62.89461
       498    857.2466    688.2431     2038.601     131.0062  16.7267   0.0698     7.35    0.370 -11.20   0      17.15     440.2238     46.83171
       499    378.8910    682.2850     16967.95     486.8018  14.4259   0.0312    13.89    0.546  22.89   2      53.33     635.2224     47.53368
       500    525.1327    686.1642     8088.219     203.6348  15.2304   0.0273     9.26    0.420  20.14   0      65.43     3092.441     58.20279
       501    403.9565    686.5397      1129.38     92.90504  17.3679   0.0893     2.68    0.372  83.67   0         29     951.8893     49.13845
       502    567.0042    682.0003     5604.556     91.79364  15.6286   0.0178     4.19    0.013  46.54   2      104.1     5466.226     66.83231
       503    192.3270    680.9890     58420.26     292.1303  13.0836   0.0054     9.33    0.328   1.18   2        242     9603.638     79.73956
       504    269.7752    682.1373     2991.554      238.885  16.3103   0.0867     7.06    0.506   8.99   0      18.53     398.0667     46.62667
       505    246.9129    675.1906     145888.4     369.1823  12.0899   0.0027     7.51    0.291   0.72   0      440.6     24293.55     114.1246
       506    681.0031    683.0984      10007.5     102.1147  14.9992   0.0111     4.36    0.077 -89.32   0      136.2     9967.762     80.70137
       507    701.7492    681.5887     914.9933     95.36121  17.5965   0.1132     5.30    0.543  71.68   0      15.08     534.4246     47.28666
       508    716.9991    681.0010       8282.5      98.2004  15.2046   0.0129     4.18    0.002 -27.77   2      130.2     8286.396     75.81856
       509    614.9665    677.8846     3487.994      87.9996  16.1436   0.0274     0.00    0.152  70.48   0      73.05     3036.432     57.88704
       510    522.7726    677.7383     1727.616     92.86195  16.9064   0.0584     4.05    0.377 -25.87   0      35.24     1480.537     51.52554
       511    735.8364    676.7747     1554.013     95.41642  17.0214   0.0667     5.23    0.396  51.90   0      42.87     1262.385     50.77515
       512    515.2260    673.7322     5542.518     202.8541  15.6407   0.0397    10.96    0.405   0.74   0      37.55     999.8323      49.3597
       513    923.1407    675.0076     4712.329     91.10678  15.8169   0.0210     0.00    0.174   1.32   0      92.58     4464.905     63.42405
       514    368.9778    688.4701     4543.134     238.6032  15.8566   0.0570     9.04    0.440  -6.65   2      28.94     881.6899     48.81269
       515     14.8524    673.8983     1261.761     90.17571  17.2476   0.0776     3.39    0.216 -58.09   0      26.63      704.123     47.62745
       516   1021.6106    669.4366     2928.468     170.4238  16.3334   0.0632     8.96    0.286 -69.35  25      23.81     670.3931     48.16872
       517    530.5687    670.5684     10412.77     126.2153  14.9561   0.0132     3.12    0.514  45.36   0      116.9      7685.48     74.14651
       518   1014.0480    670.9597     7984.064     97.50726  15.2444   0.0133     4.32    0.077 -45.65   8      123.9     7870.136     74.56034
       519    718.1423    670.7835     4757.785     104.1176  15.8065   0.0238     5.36    0.396 -56.79   0      90.59     4288.456     62.78858
       520    810.1862    668.3680     1526.168     103.7845  17.0410   0.0739     3.89    0.538 -71.33   0      34.16     1131.636     50.29793
       521    306.0435    666.3421     2177.649      102.506  16.6550   0.0511     3.05    0.493  58.94   0      42.52     1550.471      51.8331
       522    538.2368    666.4683     1755.599     176.9476  16.8889   0.1095     3.57    0.480 -21.64   2      16.86     800.9762     48.43542
       523    649.9825    663.4009      2446.54     141.9414  16.5286   0.0630     4.12    0.386 -32.84   0      34.46     1400.563     51.17157
       524    127.0660    664.5593     6566.337     240.5226  15.4567   0.0398    10.83    0.426  -0.36   0       40.7       1077.6     49.71648
       525     72.7679    664.8378      4971.65     212.3423  15.7587   0.0464     8.40    0.487   6.05   2      32.63     848.9553     48.77496
       526     67.0038    664.9990     33034.53     144.5484  13.7026   0.0048     0.00    0.002 -36.26   3      265.6      32876.3     130.0987
       527    793.2573    664.1276     13705.34     118.6076  14.6578   0.0094     5.07    0.309  26.50   0      156.4     11867.99     85.82104
       528    681.4673    664.5127     2672.609     200.3128  16.4327   0.0814     4.37    0.216  30.78   2      20.77     579.7133     47.14893
       529    634.8405    664.5296     2506.137     163.9902  16.5025   0.0711     6.97    0.445   7.27   0      20.11     567.7167     47.32825
       530    472.2178    660.5804     18629.08     133.0619  14.3245   0.0078     2.38    0.386 -64.38   0      172.7     15302.92     94.65822
       531    425.0809    659.9644     4261.115      215.513  15.9262   0.0549     9.96    0.351  -1.58   2      26.72     616.7614     47.56318
       532    934.4761    658.9309     753.6716     85.67875  17.8070   0.1235     4.92    0.536  62.97   0      13.62      680.463      47.6321
       533    311.1656    657.7933     7288.407     241.2039  15.3434   0.0359    11.15    0.440   3.82   0      46.54     1311.741     50.99559
       534    952.0084    658.7634     1781.608     161.2563  16.8730   0.0983     3.92    0.578 -19.70   0       16.5     564.2039     47.54746
       535    769.9474    655.3820     4007.404     95.39259  15.9928   0.0259     1.14    0.136  84.30   2      71.41     4129.248     62.20963
       536    742.9772    657.5363     1443.519     92.16402  17.1014   0.0693     2.25    0.351 -88.03   0      36.33     1343.522     51.02744
       537    878.0010    655.6871     1234.344     110.9872  17.2714   0.0976     5.19    0.549  89.36   0      23.85     761.1373     48.24813
       538    564.5424    656.7630     4736.998     135.6067  15.8112   0.0311     7.39    0.455 -23.39   0      64.81     2983.927     57.77751
       539    494.3980    653.8470     35637.07     271.7801  13.6202   0.0083     7.56    0.306  -1.63   0      174.3     6013.467     68.66808
       540    672.0326    654.9999     25867.23      132.802  13.9681   0.0056     0.00    0.053  -0.37   0      233.4     25433.75     116.4693
       541    631.1514    654.5551     892.6788     86.04669  17.6233   0.1047     2.41    0.524  27.61   0      18.13     831.7448     48.69469
       542    301.8912    654.0403     9270.291     107.2006  15.0823   0.0126     4.79    0.240 -18.83   0      134.7     8856.869     77.36514
       543     26.9957    654.9944      22835.5     127.5081  14.1035   0.0061     4.21    0.011  27.84   0      219.6     22630.51     110.7633
       544     16.8350    654.8076     1413.859      128.836  17.1240   0.0990     0.00    0.412  68.01   3      16.64     665.3779     48.02863
       545     18.9727    652.0171     1154.677     121.6607  17.3438   0.1144     4.73    0.176  -0.62   3      15.88     614.2814     47.78623
       546    118.2487    650.5651     11878.74     227.7453  14.8131   0.0208     7.22    0.381   3.37   0         73     2096.578     54.17472
       547    336.1390    650.1576     5190.954     332.7052  15.7119   0.0696    11.58    0.425  -5.24   2      28.34     594.5723     47.45704
       548    758.4651    651.0258     2401.565     105.6841  16.5488   0.0478     3.08    0.469  -2.44   0      48.77     1935.919     53.49648
       549    551.6523    651.1933     3066.768     188.5352  16.2833   0.0668     6.79    0.622  26.85   2      22.56      914.498     49.07941
       550    250.9471    651.0084     4274.039     88.43806  15.9229   0.0225     4.29    0.050  -1.02   0      84.51     4049.036      61.9159
       551    184.6703    649.8622     7302.714     274.8482  15.3413   0.0409    11.42    0.512   2.07   2      35.09     886.1453     48.83343
       552    416.0459    647.1345     7648.809      105.047  15.2910   0.0149     4.88    0.271  71.88   0      121.2     7278.781     72.73546
       553    367.3348    645.5673      52155.6     392.6256  13.2067   0.0082    19.19    0.608   2.92   0      182.1     5535.833      67.0686
       554    349.3599    648.9664     5127.195     99.44181  15.7253   0.0211     5.09    0.310  -1.89   0      88.07     4611.003     63.94543
       555    891.7593    645.9869      7252.38       241.17  15.3488   0.0361     7.49    0.399  -1.89   2       46.1     1291.517     51.01525
       556     89.6805    643.2559     4203.021     127.2279  15.9411   0.0329     3.00    0.555 -72.74   0      50.09     2030.429     53.68834
       557    985.0352    635.3328     143252.8     366.0299  12.1097   0.0028     7.33    0.237  -5.17   2      436.7     23332.59     112.1946
       558    520.6309    643.8059     3535.421     185.3616  16.1289   0.0569     9.28    0.464   3.58   0      24.04     669.1309     48.04638
       559    251.2121    644.9427     2647.619     221.5212  16.4429   0.0909     6.02    0.532 -16.22   0      15.52     400.4722      46.6384
       560    761.5266    642.3018     4408.747       227.05  15.8892   0.0559    10.14    0.548  11.60   2      25.19     598.9378     47.12285
       561    574.1166    641.9658     3947.303     93.76833  16.0092   0.0258     0.00    0.249 -36.90   0      79.77     3519.717     59.75437
       562    809.0133    653.1247     6611.651     163.7053  15.4492   0.0269     0.00    0.538  -6.88   0      80.74     4443.452     63.34713
       563     75.5370    640.9637     1751.832     183.9242  16.8913   0.1140     7.00    0.583  -1.55   0      15.06     432.7825     46.67579
       564    857.0417    639.1232     1874.242     183.3135  16.8179   0.1062     6.70    0.607 -17.68   0      14.62     403.2822     46.53193
       565    329.7590    636.8880     13937.93     258.9988  14.6395   0.0202     7.43    0.378   3.79   0      83.04     2395.946     55.21397
       566    700.7382    637.8040     8199.819     382.3767  15.2155   0.0506     8.74    0.644  -5.09   2      54.05     431.9227     46.79141
       567    182.2008    635.1797     3953.554     194.7001  16.0075   0.0535    11.02    0.298 -23.47   0      26.33     661.5656     47.77679
       568    816.3557    631.0109     13829.11     419.7665  14.6480   0.0330    18.91    0.341 -47.23   2      51.92     998.3878      49.5794
       569    811.1245    632.1655     4097.484     180.7066  15.9687   0.0479     2.26    0.267 -57.22   3      35.21     1422.429     51.26859
       570    741.8176    633.8263     2426.172     208.2603  16.5377   0.0932     7.86    0.161   9.38   0      19.32     535.9431     47.41219
       571    681.1985    632.6658     8480.023     246.9017  15.1790   0.0316    12.49    0.426 -14.64   0      51.46     1313.122     51.00175
       572    438.5941    633.7776     3637.806     218.7284  16.0979   0.0653     8.31    0.410  -0.19   0      25.06     635.4921      47.6526
       573     32.4631    634.8237     1873.532     202.8833  16.8183   0.1176     6.51    0.542  -1.31   0      13.58     331.4509     46.30083
       574    573.4022    633.5860     3556.227     245.7681  16.1225   0.0751     5.65    0.609 -44.48   2      20.34     535.5074     47.17332
       575    513.9870    632.4498     1104.158     92.84332  17.3924   0.0913     2.64    0.370 -83.48   0      28.47     966.6655     49.32039
       576    460.6938    631.8783     10028.98     270.9642  14.9969   0.0293    12.75    0.325   9.79   2       58.3     1395.148     51.03794
       577    455.0089    631.0463     9135.777     100.1557  15.0981   0.0119     4.22    0.007  67.42   3      130.5      9028.78     78.15559
       578     74.6231    633.8293     1990.367     159.8081  16.7527   0.0872     6.57    0.583  -1.81   0      15.69     450.0117     46.99846
       579    792.2961    631.2997     7668.187     154.6625  15.2883   0.0219     0.00    0.426  -8.30   0      76.48     4033.757      61.4967
       580    232.2107    631.6775      1285.55     99.10629  17.2273   0.0837     5.49    0.298 -71.15   0      19.28     934.1661     49.05641
       581    872.7177    629.9559     2764.649     192.5819  16.3959   0.0756     7.35    0.625 -24.66   0      22.28     876.5233     48.55858
       582    905.2681    629.2656     7112.963     281.2373  15.3699   0.0429     6.52    0.596 -72.25   2      24.84     560.8873     47.17692
       583    222.9653    647.5062     2970.712      225.606  16.3178   0.0825     7.37    0.360   0.49   2      21.76     579.5198     46.90991
       584    167.8701    629.1870     2564.851     153.4937  16.4773   0.0650     7.94    0.458  -7.69   0      20.36     595.2604     47.46033
       585    203.7524    628.7503     21169.05     138.3472  14.1857   0.0071     5.41    0.394  45.18   0      198.6     18661.34     102.3501
       586    540.5087    627.5017     3124.305     248.7673  16.2631   0.0865     6.75    0.463  -0.01   2      16.14     383.1154     46.07018
       587    380.8935    626.4676      5596.18     277.4983  15.6303   0.0539     7.94    0.203  10.66   0       32.8     792.9829     48.28209
       588    779.0267    624.9503     829.5824     89.07982  17.7029   0.1166     2.48    0.379  89.74   0      17.07     874.7068     49.00917
       589    625.8948    624.5278     2400.924     150.4859  16.5491   0.0681     8.49    0.412 -19.36   0      20.52     519.4155     46.73774
       590    189.0169    625.6481     2737.345     93.82099  16.4067   0.0372     2.30    0.306 -89.60   0       59.3     2455.586     55.86126
       591   1015.9767    624.8758     887.6353     86.03336  17.6294   0.1053     3.48    0.233 -60.83   0      22.29     673.3865     47.83299
       592    614.0110    624.2123     2328.146     83.28742  16.5825   0.0389     1.12    0.115 -87.04   0      53.79     2338.068     55.17851
       593    348.2633    623.0330     3043.456     97.47503  16.2916   0.0348     5.11    0.097  57.22   0      62.47     2828.437     57.16261
       594    727.9791    623.8477      2015.69     82.43039  16.7389   0.0444     0.96    0.087  89.94   0      48.11     1841.062     53.30245
       595    673.1680    622.1827     18617.73     187.2326  14.3252   0.0109     9.44    0.491  29.54   0        156     11350.85     84.63913
       596    620.2816    623.0073     1064.351     105.4569  17.4323   0.1076     5.93    0.661 -71.61   3      14.66     548.4824     47.35417
       597    620.9498    617.9749     4061.544     87.89029  15.9783   0.0235     4.34    0.092  28.58   2      83.93     3826.283     61.18435
       598    567.6762    622.0936     5210.155     109.0225  15.7079   0.0227     1.89    0.359   5.66   0      74.55     4321.031     62.63881
       599    801.9550    621.9520     16031.82     115.9555  14.4875   0.0079     4.49    0.145  47.00   0      181.9     15932.31     96.09924
       600    875.3564    620.1747     1233.277     98.98634  17.2723   0.0872     4.54    0.482  37.19   0      29.29     916.5701     49.20292
       601    750.2722    620.4655      1811.16     122.8809  16.8551   0.0737     6.14    0.528 -16.31   0         18     548.9355      47.1193
       602    993.3964    612.6539     65133.62     341.9716  12.9655   0.0057    17.02    0.225  -1.44   2      248.3     9482.277     79.39291
       603    678.0170    617.0026      1294.11      132.906  17.2201   0.1115     1.92    0.353  -0.02   1      17.69     897.1652     48.88469
       604    363.8636    614.6849     3784.219     286.9498  16.0551   0.0823     9.25    0.273  34.03   0      18.38     375.8909     46.15599
       605    922.9847    614.4667     1562.992      152.003  17.0151   0.1056     2.64    0.353  67.46   0      15.53     632.2817     47.63729
       606    160.0013    614.9995     17183.41     117.0008  14.4122   0.0074     4.19    0.001 -81.68   2      191.2     17216.58     99.03348
       607    163.0879    611.9163     2097.308     84.33148  16.6958   0.0437     4.44    0.119 -26.31   3      53.55     1812.676     52.86451
       608    967.0618    613.4824     913.3536     86.10128  17.5984   0.1024     3.15    0.532 -27.18   0      14.65     721.7661     47.82877
       609    954.9687    613.1362     1957.071     85.60365  16.7710   0.0475    -2.30    0.160 -71.41   0      45.27     1544.855     51.80847
       610    814.6487    604.1066     44075.66     273.6801  13.3895   0.0067     7.67    0.347   3.47   2      203.8     7388.956     72.84871
       611    662.8548    630.9425     13353.38     116.7384  14.6860   0.0095    -3.32    0.292  20.82   0      162.6     12582.73     87.88475
       612    659.9636    648.1596     1045.786     81.44836  17.4514   0.0846     2.35    0.173  87.46   0      33.96     928.1165     49.02837
       613    359.4098    607.5392     2988.005     157.7098  16.3115   0.0573     3.56    0.585 -17.98   0      31.83      1059.01      49.7441
       614    111.8118    604.2474     5196.687     217.7866  15.7107   0.0455    11.19    0.340  -4.16   2      31.48     729.4911     48.33106
       615    664.9370    603.7121     3985.175     222.2604  15.9989   0.0606     9.58    0.503  -9.06   0      25.54     753.1917     47.97787
       616    209.7735    606.3784     2048.328     195.3506  16.7215   0.1036     5.74    0.363 -10.00   2       15.4     424.6119     46.87547
       617    582.0248    603.5905     4156.773     155.8329  15.9531   0.0407     0.00    0.443  -6.13   0      37.98     1560.906     51.98663
       618    242.4696    603.1004     8547.718     302.4957  15.1704   0.0384     8.65    0.386   1.86   0      46.46     1152.599      49.7215
       619    137.7887    603.8075      1693.77     186.1223  16.9279   0.1193     5.63    0.588 -18.25   0      12.43     315.7445     46.10239
       620    199.7031    600.7656     5093.413     107.4844  15.7325   0.0229     2.43    0.401  53.07   0      74.34     4697.666     63.81554
       621    466.0052    601.8452      3029.89     91.51772  16.2964   0.0328     4.72    0.247  89.51   2      66.88     2594.272     56.32337
       622    462.8990    599.0995     804.2277     89.01511  17.7366   0.1202     0.00    0.331 -21.54   3      34.47     869.9926     48.18065
       623    325.7953    601.2578     2768.011     205.2513  16.3946   0.0805     8.00    0.482  -0.73   0      20.99     585.9128     47.53348
       624    523.5910    597.9064     4925.992     286.3902  15.7688   0.0631    11.36    0.352  -0.03   0      27.13     617.5133     47.56677
       625    231.8745    596.7589     6048.336     353.6651  15.5459   0.0635    11.11    0.339  24.15   1      24.52     523.2176     47.11408
       626    998.6895    604.2263     2996.857     120.4946  16.3083   0.0437     1.92    0.440  60.67   3      39.94     1819.785     52.78912
       627    855.2478    598.5446     2749.101     126.8303  16.4020   0.0501     6.24    0.640 -31.88   0      47.39     2005.432     53.89497
       628   1001.9691    596.1191      11712.6     112.2591  14.8284   0.0104     4.85    0.192 -76.51   8      151.3      11051.8     83.69859
       629     16.0795    592.9283     2761.685     151.9537  16.3971   0.0598     5.63    0.480 -43.89   3      23.01     913.0168     48.72908
       630    751.0057    595.2722     4659.956     283.2293  15.8290   0.0660     6.65    0.448 -33.18   2      27.16     630.6887     47.62968
       631    768.6782    594.7694     2516.363     218.2025  16.4981   0.0942     4.20    0.598  16.89   0      17.57     486.6429     46.93731
       632    270.9960    593.0277     7607.593     363.6292  15.2969   0.0519    11.18    0.384  -1.33   0      31.32     726.5202     48.31709
       633    816.9948    601.0605     18282.41     119.1165  14.3449   0.0071     0.00    0.015 -78.66   3      185.1      17688.4     100.1663
       634    543.4298    591.9219     5160.262     238.6044  15.7183   0.0502     9.17    0.367  -0.23   2      32.38     852.9051     48.67848
       635    456.2731    590.8275     1829.489     124.0483  16.8442   0.0736     6.97    0.504  36.49   0      20.92     724.3111     48.07434
       636    697.1406    590.1578     6844.993     121.9363  15.4116   0.0193     0.00    0.352   7.53   0      94.61     5059.254     65.43372
       637    664.1602    589.9457     6285.181     102.0541  15.5042   0.0176    -2.30    0.288 -19.74   0      106.8     5781.623     67.97881
       638    382.1270    588.5892      2082.12     169.2914  16.7037   0.0883     3.39    0.438 -68.89   0      18.75     593.2739     47.56866
       639    299.1124    614.6017     6971.816     229.6013  15.3916   0.0358     0.00    0.715  12.50   0      52.26     450.6526     46.76272
       640    786.9274    584.6863     41638.51     325.9831  13.4513   0.0085     7.13    0.359  -0.12   2      169.8     5479.875      66.6271
       641    392.6755    590.1017     2414.871     190.7064  16.5428   0.0858     4.29    0.526  -3.53   0      17.84     464.0394     46.46768
       642    145.0436    588.9974     35379.03     148.1888  13.6281   0.0045     4.35    0.072  -3.56   0      272.7     34505.25     132.9982
       643    912.2994    586.1857     2421.206     213.5639  16.5399   0.0958     7.41    0.435  20.59   0      16.24     384.6203     46.31998
       644    756.9605    583.7010     9519.402     295.7473  15.0535   0.0337     7.37    0.376  -9.53   3      51.84     1325.209     50.39334
       645    768.5057    578.9467     4318.802     275.4357  15.9116   0.0693    11.17    0.289  36.80   2      24.02     490.1174     46.59505
       646    306.1651    586.0847      2321.87     201.3098  16.5854   0.0942     5.22    0.543  16.76   0      13.98     346.2337     46.13125
       647    159.2599    585.8558     1037.254      97.1044  17.4603   0.1017     5.13    0.412 -10.80   0      20.29     972.9491     49.46265
       648    705.2112    583.5185     5020.542     149.7901  15.7481   0.0324     7.74    0.395  79.12   0      50.49     2042.252     53.94633
       649    316.1887    583.1617     3294.047     252.2735  16.2057   0.0832     6.75    0.655  10.77   2      17.69     520.0864     47.45424
       650    583.2516    578.5228     80901.77     247.2398  12.7301   0.0033     8.89    0.187  20.36   0      356.7     60916.45     172.2208
       651    105.4465    580.8721     8736.185     214.3843  15.1467   0.0267     9.27    0.376   8.65   0      56.65     1607.587     52.08293
       652     28.1925    581.9394     2148.703     159.1561  16.6696   0.0804     8.16    0.433 -12.31   0      17.98     413.7189     46.70291
       653    449.0178    581.0069     755.4326     88.89043  17.8045   0.1278     4.93    0.393   0.18   0      15.82     825.7466     48.55151
       654    679.9873    578.6061     1746.909     92.90916  16.8943   0.0578     2.34    0.331  89.32   0      42.13     1458.756     51.42938
       655    281.1916    577.7233     3871.788     246.0597  16.0302   0.0690     5.72    0.395  35.55   1       18.7     522.4412     47.11033
       656     19.7572    578.3591      1066.55     89.68237  17.4300   0.0913     2.10    0.488  33.94   0      20.39     829.7725     48.33927
       657     55.1898    577.1393     1135.085     86.68459  17.3624   0.0829     2.72    0.058 -21.94   0      30.03     844.3952      48.7537
       658    268.4243    571.8365     56081.88     295.0873  13.1279   0.0057     7.43    0.313   4.58   0      239.8      9616.07     79.91522
       659    455.4909    573.6067     1771.032     120.5057  16.8794   0.0739     0.93    0.272  43.18   2      29.69     1273.264     50.60303
       660    805.3423    570.9720      18053.7     233.8263  14.3586   0.0141     7.34    0.355  -0.85   0      104.4     3198.414     58.71058
       661    559.6490    578.4804     11757.98      218.847  14.8242   0.0202     7.52    0.408   0.29   2      63.36     1708.487     52.30775
       662    921.6021    571.9932     2987.957     226.2429  16.3116   0.0822     8.53    0.469   4.75   0       20.3       556.29     47.27335
       663    673.2044    570.1934     7962.724     261.8461  15.2473   0.0357     8.13    0.306 -12.58   0      46.46     1121.595     49.91719
       664    168.7336    570.9057     2564.155     147.9203  16.4776   0.0626     7.61    0.370  -3.44   0      20.52     608.4985     47.28748
       665     86.5022    567.8961     15263.51     244.6321  14.5409   0.0174    13.31    0.326  11.70   0      87.26     2528.471      55.6563
       666    528.7154    568.5906     7853.457     206.1071  15.2623   0.0285    11.35    0.438   1.69   0      51.02     1349.521     50.94437
       667    757.8821    570.0093      1208.82     86.87769  17.2941   0.0781     3.07    0.307 -32.38   0      28.28     826.1802     48.55354
       668    880.7742    568.3514     952.4047     99.75249  17.5529   0.1137     3.52    0.561 -47.64   0      18.17     661.4567     48.01007
       669    287.4643    566.9060     1184.652      142.876  17.3160   0.1310     2.61    0.528  63.54   0      14.44     715.9409     47.80108
       670    514.8860    564.9860     7386.281     101.7628  15.3289   0.0150     4.76    0.176  18.57   0      114.7     6917.546     71.51959
       671    917.4752    559.5042     3135.392     266.1729  16.2593   0.0922     8.30    0.473  40.95   2      19.49      482.774     46.55922
       672    185.8078    561.9988     12221.69     108.2303  14.7822   0.0096     0.86    0.127  -0.96   0      145.5     12278.96     86.96697
       673    283.4548    550.2546     6989.964     333.0925  15.3888   0.0518    10.09    0.511  -6.03   3        143     699.8643     48.19154
       674    273.0744    555.2250     51193.13     343.3456  13.2270   0.0073     7.60    0.341   3.42   3      200.8     6740.151     71.03249
       675    211.1553    560.8516     3447.536     95.52588  16.1562   0.0301     0.00    0.349 -45.03   0      74.44     3112.968     58.37887
       676     30.9200    561.1908     2635.992     228.9662  16.4476   0.0943     6.60    0.624   7.45   0      15.81     400.6136     46.51889
       677    233.6302    568.0776     17070.98     308.8331  14.4194   0.0196    12.16    0.259   8.85   2      86.66     2465.257     55.69992
       678    626.9711    560.0004     4821.146     89.83305  15.7921   0.0202     4.30    0.064 -30.62   0      91.97     4631.472     64.10553
       679    397.1963    559.6797     10101.74     197.5429  14.9890   0.0212     0.00    0.270 -16.98   2      114.5     6982.756     71.88245
       680    312.7015    556.3798     42917.57     337.4088  13.4184   0.0085     7.56    0.319   2.92   2      173.8     5594.743     67.01778
       681    585.9679    557.5084     4405.256     239.6428  15.8901   0.0591     4.84    0.129  -6.57   2      28.39     774.0745     47.84322
       682    799.9911    556.0231     7189.213     95.63666  15.3583   0.0144     4.30    0.032  34.36   0      116.4     6777.745     71.23132
       683     35.4486    555.2986     1458.026     158.1667  17.0906   0.1178     5.51    0.589 -60.29   1      21.58     817.2528     48.04789
       684    809.0473    554.0190     13732.81     110.0942  14.6556   0.0087     4.38    0.090  24.27   0        167     13363.67     89.88158
       685    567.9532    553.7979     14214.28     457.9201  14.6182   0.0350    10.31    0.344  10.00   3       50.4     641.9203     47.68325
       686    565.1277    547.9607     2339.103     149.4589  16.5774   0.0694     2.88    0.202 -29.62   2         24     1103.177     49.83327
       687    786.6373    552.9786     4760.989     216.6864  15.8058   0.0494     4.25    0.441  -2.88   0      34.13     1142.323      50.3462
       688   1017.3621    552.3069     1238.735     94.66248  17.2676   0.0830     4.11    0.440  35.45  16      30.46     1022.789     49.01046
       689    609.6401    576.2816     13261.22     325.9495  14.6935   0.0267    11.09    0.366  -2.67   2      68.67     1677.468      52.1728
       690    554.2616    549.0018     15089.79     340.6347  14.5533   0.0245     7.50    0.413   2.44   2      75.69     1410.321     51.32409
       691    149.5426    552.5538     3030.852     206.8995  16.2961   0.0741     8.26    0.469  -2.03   0      20.65     535.3001     47.29086
       692    889.0023    546.3557     12162.69     130.4057  14.7874   0.0116     0.00    0.409 -89.55   0      150.3     11208.11     84.25497
       693    802.8453    550.1889     2487.256     91.69936  16.5107   0.0400     0.00    0.289 -54.32   0      59.21     2066.532      54.2553
       694    717.8427    549.4827     5364.679     163.6841  15.6761   0.0331     3.48    0.368  77.08   3      52.68     2355.387     55.04676
       695    714.0251    550.4910      5365.19     221.1498  15.6760   0.0448     4.66    0.183  53.19   3      39.69     1336.798     50.55644
       696    929.3825    549.6577     1496.223     102.3605  17.0625   0.0743     3.43    0.483 -42.81   0      17.22     1155.581     50.18338
       697     95.5203    549.4436     2710.337     248.3889  16.4174   0.0995     7.72    0.491   3.13   0      17.21      415.132     46.46944
       698   1005.7200    545.6684     4841.431     121.6451  15.7876   0.0273     6.55    0.573 -67.76   0      78.86     4009.641     61.49862
       699      2.0057    559.9952      30805.9     137.9907  13.7784   0.0049     0.00    0.013 -45.12  24      256.8     30619.66     126.0949
       700     77.6921    546.4814     1183.037     146.7397  17.3175   0.1347     5.83    0.712  49.05   2      12.26     415.2305     46.46992
       701    876.3722    547.0190     4353.094     300.2614  15.9030   0.0749     4.75    0.247  27.29   0      20.53     457.5231     47.03477
       702    651.9995    547.0074     18116.96     118.8004  14.3548   0.0071     4.21    0.015 -60.59   0        194     17772.31     100.3007
       703    503.9905    547.9518     3111.885     85.39929  16.2674   0.0298     4.41    0.144  57.97   0      68.78     2684.461     56.78481
       704    119.8236    540.6219     99895.41     330.5015  12.5011   0.0036    14.64    0.338   9.89   0      349.5     15637.25     95.45756
       705     69.7151    544.4374     2137.268     114.0549  16.6754   0.0580     4.87    0.561  73.04   0       29.7     1090.169     49.54843
       706    425.5318    543.8489     1470.364     132.1522  17.0814   0.0976     3.74    0.501  16.91   0      29.57     936.5417     49.06741
       707    151.0386    543.8914     47347.03     169.7044  13.3118   0.0039     0.00    0.234 -71.48   0      313.2     45457.91     150.3696
       708    863.8313    540.2436     3839.002     103.4543  16.0395   0.0293     5.46    0.425 -56.61   0      78.72     3413.098      59.6298
       709     29.4638    541.7667     2835.411     152.0639  16.3685   0.0582     2.35    0.227  49.53   0      41.83     1908.995     53.38197
       710    690.0007    540.1311      2251.46      83.0779  16.6188   0.0401     0.00    0.094 -89.82   0       58.3      2307.12      55.1525
       711    213.5941    540.0178     2293.253     124.8951  16.5989   0.0591     6.40    0.661  67.19   0      39.15     1784.332     52.84856
       712    992.0031    539.5564     4638.404     96.88429  15.8341   0.0227     1.12    0.179 -88.24   2      79.24     4675.025     64.25975
       713    994.9750    536.0025     1408.262     80.73826  17.1283   0.0623     0.00    0.146  -0.50   2      41.92     1218.833     50.46902
       714    259.4267    537.1810     5058.873     280.0726  15.7399   0.0601     9.90    0.334   3.47   0      32.11     731.0701     48.33849
       715    945.0192    536.2130     4676.229     346.3761  15.8253   0.0804     7.18    0.699 -14.41   1       51.5     394.7695     46.49033
       716    360.1296    535.3539     8472.188     223.6953  15.1800   0.0287    11.24    0.423   4.49   0      54.73     1498.915     51.60654
       717    438.0022    533.1234      3270.24     121.0092  16.2136   0.0402     3.79    0.563 -89.90   1      44.09      1752.52     52.71158
       718     29.8831    530.7357     38752.11     293.1172  13.5293   0.0082     7.50    0.310   2.58   1      182.9     6401.943     69.78173
       719    413.8448    531.5191     4522.205     252.2703  15.8616   0.0606     7.54    0.431   2.10   0      28.06     779.1827     48.10083
       720    953.3086    528.4511     7722.898     319.8843  15.2805   0.0450    11.66    0.214   0.23   2      44.33     721.2908     47.82651
       721    564.2059    531.4299     3618.591     262.3513  16.1037   0.0787     8.92    0.509   0.84   2      21.26     428.1354     46.89256
       722    928.3876    529.7147     2122.671     154.6582  16.6828   0.0791     8.80    0.446  18.77   0      15.71     352.5461     46.16233
       723    604.5301    529.8877     1784.613     95.96411  16.8711   0.0584     5.31    0.460  54.16   0      29.17     1415.785     51.02014
       724    166.5568    530.6020      1623.06     185.2821  16.9742   0.1240     5.31    0.568 -13.07   0      13.16     363.6207     46.57882
       725    378.5182    527.9908     2289.365     201.2731  16.6007   0.0955     6.96    0.583  -1.69   0      16.06     437.8723     46.70057
       726    485.9109    545.9792     19973.24     124.5679  14.2489   0.0068     4.73    0.172   2.78   0      201.2     19127.75     103.2179
       727    438.3078    545.0818     2474.958     166.4884  16.5161   0.0731     5.07    0.510   3.86   0      22.34     668.0856     47.69055
       728     70.4719    525.3521     3769.697     235.4999  16.0592   0.0678    10.61    0.454 -20.43   0      24.64     626.0914     47.60774
       729     17.1451    523.9851     19054.24     370.7144  14.3000   0.0211    13.81    0.465  -9.51  19      74.38      2160.15      54.5435
       730      2.1943    526.1000     1318.136      116.086  17.2001   0.0956     5.11    0.617  50.00  24      14.03     536.6072     47.17862
       731    828.8098    522.5399     6469.788     273.6476  15.4728   0.0459    12.31    0.242 -11.26   0      37.44     864.2762     48.84629
       732    316.1083    524.5380     4136.482     269.6344  15.9584   0.0708     9.17    0.544   5.74   2      24.16     593.2175     47.21398
       733    891.7913    523.7589     2571.283     207.0711  16.4746   0.0875     4.85    0.437 -33.94   0      20.38     445.7279     47.09677
       734    797.1769    521.2844     2684.351     219.0173  16.4279   0.0886     8.99    0.487 -29.74   0      19.25     455.4376     46.54603
       735    574.7773    523.1990     3206.395      239.674  16.2350   0.0812     7.05    0.754   9.04   2      18.44     399.2802     46.51238
       736    400.1616    522.0872     1234.394     91.64688  17.2714   0.0806     2.96    0.226  27.80   0       28.8     797.6944     48.18822
       737    994.0063    516.7458     4373.475     245.3845  15.8979   0.0609     3.58    0.093  -6.21   2      27.27     923.4392      49.1208
       738     17.2090    515.1367     15527.89     425.3177  14.5222   0.0297    12.51    0.165  -8.86  17      50.58     1245.528     50.47831
       739    575.2661    515.7401     1810.422     181.7002  16.8556   0.1090     5.96    0.581   0.14   0      14.77      417.396     46.60081
       740    423.0070    514.2783     1902.125     158.8036  16.8019   0.0907     0.00    0.181  57.70   2      17.59       690.04     47.91205
       741    750.0795    511.4529     5642.209     214.3686  15.6214   0.0413    11.31    0.297   5.17   0      35.58     789.1025     48.14767
       742    313.8608    514.0418     955.4155     81.19579  17.5495   0.0923     1.60    0.204   5.97   0      25.02     917.8795      48.9809
       743    727.4520    509.4470     9878.595     125.2498  15.0133   0.0138     2.72    0.520  44.85   0      118.4     7793.717     74.40232
       744    660.1518    508.9842     6625.856     253.0547  15.4469   0.0415    12.29    0.252 -13.50   0         41     1013.423     49.64828
       745    170.9944    511.9877     1273.391     132.8706  17.2376   0.1133     3.42    0.003  -2.03   2      12.45     400.2462      46.5171
       746      6.9948    510.7990     2697.896     149.0675  16.4224   0.0600     2.24    0.153  89.16  18      25.03     1149.253     50.04296
       747    438.0562    520.7977      10987.5     390.8936  14.8978   0.0386     7.51    0.164 -75.12   2      42.01     883.5231     48.93576
       748    638.2314    506.1478     43158.06     271.8894  13.4123   0.0068     7.44    0.314   0.52   0      202.6     7436.022     73.22514
       749    603.9839    505.0173      2338.23     170.4579  16.5778   0.0792     2.85    0.164   1.48   3      17.96     604.6251     47.50515
       750    598.6567    506.6225     3400.956     256.2226  16.1710   0.0818     3.83    0.503  22.07   3      20.52     657.1044     47.75557
       751    947.9144    508.9629      8129.84     99.26661  15.2248   0.0133     4.53    0.151  24.76   0        125      7683.48     73.83771
       752    422.9117    506.7878     1471.753     151.8665  17.0804   0.1121     1.50    0.411 -82.71   0      14.46     658.1462      47.5255
       753   1018.5847    506.3217     2088.555     117.5847  16.7004   0.0611     3.77    0.543  49.97  16      34.25     1279.659      50.7422
       754    802.8514    505.2401     23853.92     469.8838  14.0561   0.0214     8.60    0.464 -11.80   3         92     662.4446       47.898
       755    807.6067    495.2136     34196.37     414.7591  13.6651   0.0132    11.41    0.512   6.34   2      156.8     4082.919     61.94984
       756    810.9915    504.9944     38249.09     191.5755  13.5434   0.0054     0.00    0.017  27.95   3      209.6     20696.37     106.7209
       757    446.9934    535.9885     12268.05     107.0277  14.7781   0.0095     4.26    0.035  45.02   0      158.2     12109.08     86.52188
       758    217.3592    502.0697     4695.155     302.8399  15.8209   0.0700    12.93    0.396   9.69   2      25.42     561.9672     47.30063
       759    215.0049    493.7712     55076.36     191.0808  13.1476   0.0038     0.00    0.468 -86.93   3      335.9     52107.06     160.2789
       760    588.1490    503.0037     1892.005     82.08867  16.8077   0.0471     1.00    0.088   0.83   0      49.14     1913.835     53.40258
       761    682.8394    501.4023     1339.304     94.90363  17.1828   0.0770     2.91    0.390 -78.46   0      27.03     1151.407     50.27596
       762    479.0000    501.9251     5012.264     90.31527  15.7499   0.0196     4.28    0.056  89.46   0      94.77     5075.356     65.48962
       763    229.3716    500.9801     1309.014     113.6308  17.2076   0.0943     4.81    0.597 -71.92   0      20.74     767.0123     48.50718
       764    495.0833    500.0525      3892.69     177.3191  16.0244   0.0495     9.59    0.410   2.50   0      27.31     650.8213     47.49046
       765    275.4767    496.1917     40851.09     278.1261  13.4720   0.0074     8.39    0.311   1.94   0      190.2     6790.605     71.19374
       766     88.7242    500.9533     1800.366     86.81409  16.8616   0.0524     0.91    0.167  13.14   0      41.57      1621.88     52.03778
       767    108.0004    498.0354     17371.88     117.3663  14.4004   0.0073     0.00    0.058 -89.47   0      190.2     17032.34     98.72324
       768      2.0221    499.2268     2047.682     107.5553  16.7218   0.0570     3.71    0.352  56.00  24      28.95     1225.123     50.60809
       769    619.2148    496.8447     2350.482     220.5825  16.5721   0.1019     5.94    0.188   3.63   0      16.66     368.5835     46.60303
       770    156.7565    497.4351     1801.248      118.218  16.8611   0.0713     2.88    0.420  63.10   0      29.22     1145.834     50.13922
       771    555.0030    496.0540     2864.425     84.73817  16.3574   0.0321     0.00    0.075  89.44   0      68.45     2632.544     56.47759
       772    452.1525    496.9984      1468.01     117.5756  17.0832   0.0870     2.53    0.161  -4.55   0      29.49     839.1252      48.6141
       773     68.1884    496.0606     5979.494     102.7425  15.5583   0.0187     5.04    0.321  18.65   0      100.3     5151.563     65.83865
       774    476.9309    495.9758     2457.262     83.63901  16.5239   0.0370    -4.75    0.111  27.46   0      62.51     2251.472     54.92271
       775    960.1093    493.0550     3997.277     89.30521  15.9956   0.0243     4.55    0.157  30.43   1      82.05     3651.171     60.15928
       776    707.9630    493.0092     2750.337     84.43163  16.4015   0.0333     0.00    0.004   9.78   3       62.2      2455.13      55.8594
       777    702.3337    492.0223     3461.599     252.4244  16.1518   0.0792     6.10    0.415  38.69   2      23.14     795.6204      48.5258
       778     37.1711    493.9381     1592.134     86.26723  16.9951   0.0588     4.62    0.207 -16.91   0      43.35     1280.697     50.52572
       779    248.0874    490.1302      7674.15     105.1018  15.2874   0.0149     0.00    0.309  56.22   0      120.9     7210.028     72.36575
       780    438.2150    491.4475     7316.653     336.6579  15.3392   0.0500     8.53    0.506   0.07   2      26.41     524.2772     47.35623
       781    530.4671    489.4133     913.9418      107.762  17.5977   0.1280     5.85    0.654  71.01   0      12.09     377.9463     46.40802
       782    363.9968    490.7626     1359.581     140.1902  17.1665   0.1120     3.74    0.214  43.29   2      14.53     456.8978     47.03175
       783     87.1764    490.3121     1803.688     141.8981  16.8596   0.0854     5.22    0.485 -13.52   0       15.2     470.5675     46.61985
       784    517.0219    488.0102      22933.7      127.683  14.0988   0.0060     4.27    0.041  30.55   0      219.2     22515.11     110.5769
       785      2.7540    487.9740     2834.899     183.7405  16.3687   0.0704     6.46    0.434 -18.20  26      20.07     623.8903     47.83191
       786    610.4030    487.2477     6257.513      274.493  15.5090   0.0476     9.83    0.429  -1.02   2      33.55     982.5579     49.28009
       787     18.0604    487.9481     9445.632     103.5948  15.0619   0.0119     4.65    0.191 -45.46   0        140     9479.492     79.31438
       788    255.2487    484.2693     14853.85     273.9614  14.5704   0.0200    11.98    0.395   4.48   0      87.07     2260.462     54.85793
       789    196.9954    486.6445     4343.866     96.19088  15.9053   0.0240     0.90    0.177  88.21   0      75.97     4358.961     63.04327
       790    915.6053    485.1239     2693.742     252.8417  16.4241   0.1019     8.51    0.562  19.22   0      16.54     443.7964     46.72939
       791    836.0316    484.4473     3170.437      257.653  16.2472   0.0883     8.04    0.647   7.20   0      18.01     734.3793     48.35404
       792    415.6545    482.3526     6456.204     328.9204  15.4751   0.0553    10.04    0.518   5.43   0      28.05     653.0988     47.85363
       793    852.8625    481.7823     4819.349     262.3245  15.7925   0.0591     4.53    0.604  -6.79   2      25.22     595.6727     47.46231
       794    325.9456    481.1104     12695.99     111.7553  14.7408   0.0096     0.00    0.183 -64.89   0      156.9     11822.77     85.63588
       795    973.3812    481.3155      3619.62     252.0119  16.1033   0.0756     9.65    0.360  10.76   2      24.24     584.0622     47.28843
       796    618.4042    479.5455     7322.815     207.5542  15.3383   0.0308     7.59    0.283  25.97   0      80.78      4221.49     62.54571
       797    555.1368    482.0031     1157.858     80.03028  17.3409   0.0751     2.34    0.159  -2.64   0      36.29     996.4771     49.45757
       798    955.9985    477.9175     6974.451     108.8488  15.3912   0.0169     1.03    0.152  88.94   2      103.7     6513.753     70.38398
       799    817.0468    476.7329     2224.375     95.54618  16.6320   0.0466     3.54    0.348 -84.83   0      52.41     1747.399     52.68949
       800    229.6761    476.4131     4587.585     298.1003  15.8460   0.0706     9.02    0.672   2.39   0      19.48     476.5101     47.00748
       801     91.5877    472.6273     3628.127     231.7677  16.1008   0.0694     9.56    0.403  -4.74   2      24.59     577.2559     47.49207
       802    685.0121    475.0089     15673.57     114.0302  14.5121   0.0079     0.00    0.038  44.66   0      181.9     15662.59     95.40058
       803    301.2126    475.9452     5900.548     114.1907  15.5728   0.0210     1.52    0.475   7.41   0      81.41     5204.103     66.01976
       804    448.0729    468.1861     1150.933     86.72613  17.3474   0.0818     2.79    0.244  60.29   2      34.87     919.0522     49.10049
       805    447.0079    473.0239     2206.592     141.5567  16.6407   0.0697     4.87    0.244 -44.74   3      21.29     876.0474     48.90103
       806    829.4896    474.0186     1766.264     175.3723  16.8824   0.1078     3.71    0.379  26.16   0      14.51     435.7578     46.32915
       807    665.4203    473.2618     1787.525     98.84481  16.8694   0.0601     3.01    0.444 -27.19   0      36.03     1399.952     51.16886
       808    999.8991    470.0652     3985.886     270.0263  15.9987   0.0736    10.29    0.449  16.75   0      23.75      501.321     46.64967
       809    911.6387    470.3516     5504.999      300.201  15.6481   0.0592    12.40    0.270  10.02   2      31.08     680.4349     47.74936
       810      2.1574    469.5490      7333.36     162.9957  15.3367   0.0241     6.37    0.486  87.60  24      64.16     2756.367     56.97369
       811    754.1823    463.1817     211755.9     441.3483  11.6854   0.0023     7.60    0.119  22.39   0      534.3     29531.99     124.2092
       812    311.1469    470.9723     1131.097     86.67413  17.3663   0.0832     2.98    0.205 -27.31   0      26.25     749.0696     48.30729
       813     61.8788    470.0120     1156.473     98.80984  17.3422   0.0928     5.49    0.560  40.63   0      18.31     795.7152     48.41073
       814    880.2256    469.4956     7005.351      106.312  15.3864   0.0165     1.15    0.062  60.21   0      99.72     6801.495      70.9134
       815    232.6898    468.9084     3999.014     264.8034  15.9951   0.0719     9.65    0.225  -4.78   0      23.57     546.7581      47.1088
       816    740.8874    467.7511     3153.405     150.6921  16.2530   0.0519     2.30    0.268 -34.18   1      38.47      1973.57     53.44711
       817    151.0134    469.0082     1784.602     108.2981  16.8711   0.0659     5.59    0.526  32.31   2      40.72     1207.067     50.30484
       818    144.9890    464.9871     1626.378     92.61385  16.9719   0.0618     0.00    0.313  29.51   3      49.26     1509.297     51.65224
       819    859.6700    468.3849     861.6724     92.24783  17.6616   0.1163     5.03    0.593 -13.76   0      14.82     557.9634     47.39965
       820    719.9136    466.2298     3439.733      268.004  16.1587   0.0846     8.64    0.588   7.21   0      18.67      466.661     46.72078
       821    385.6111    466.4742     4372.654     189.3652  15.8981   0.0470     0.00    0.512  55.83   0      38.11     1961.344     53.70873
       822    423.0606    465.0642     2017.849     85.76487  16.7378   0.0462    -4.75    0.193  44.37   0      51.61     1690.089      52.4417
       823    871.4292    464.9919     3455.647     117.8461  16.1537   0.0370     3.94    0.574   0.03   0      40.51     1749.898     52.91232
       824    963.7942    460.1723     58563.25     198.7372  13.0809   0.0037     6.38    0.405 -36.27   0      350.4      56740.6     166.6862
       825     86.6142    459.8643     12077.75     268.0177  14.7950   0.0241    12.96    0.369 -13.01   2      70.56     2105.775     54.21329
       826     38.0336    462.9741     3393.612     86.14579  16.1733   0.0276     0.00    0.086 -44.48   0      80.03     3439.346     59.72976
       827    346.0066    458.6125     17117.07     290.1751  14.4164   0.0184    10.50    0.342   5.87   0      93.58     2662.165     56.49766
       828    248.0013    461.7577     74759.02     200.3493  12.8158   0.0029     0.89    0.145  89.95   0      358.2     74527.05     189.4208
       829    589.5948    459.3878     7225.539     254.6942  15.3528   0.0383     7.14    0.378   1.79   0      44.65      1235.02     50.43097
       830    780.5537    455.6273     3243.094     161.5798  16.2226   0.0541    -0.18    0.635 -50.76   0      40.24     1708.433     52.73391
       831    537.3138    456.9692      6797.38     335.0563  15.4191   0.0535     7.80    0.302 -17.86   2      31.04     619.8459      47.4601
       832    521.4214    458.0003     61683.47     196.6604  13.0246   0.0035     3.20    0.487  -0.03   0      324.9     49435.57     156.3734
       833    443.7632    455.6709     15147.92     276.2395  14.5491   0.0198    12.54    0.341  -4.10   0       83.7     2393.807     55.40762
       834    142.9533    456.9619     1289.518     114.8174  17.2239   0.0967     3.65    0.574 -86.78   0      18.43     727.4505     48.08918
       835    718.0018    456.0161     18111.85     118.7906  14.3551   0.0071   -27.17    0.051 -88.67   0      189.9      17982.5     100.7759
       836    916.6739    455.0925     1643.227      171.172  16.9608   0.1131     5.95    0.521 -62.31   0      15.69     508.5847     46.80481
       837    668.1203    452.6337      19984.6      189.624  14.2483   0.0103     9.50    0.470 -28.69   0      165.5     13448.51     89.97148
       838   1006.9624    454.4863     1569.259     143.4865  17.0108   0.0993     5.96    0.597 -11.99   0      15.78     655.2319     47.51156
       839    980.2416    453.4794     2010.698     158.0759  16.7416   0.0854     4.39    0.268  88.20   0      20.55     787.3723     48.25567
       840    951.4853    454.9897     2586.052     202.3009  16.4684   0.0850     4.73    0.238  48.48   2      19.24     441.9262     46.60031
       841    607.6608    461.5100     9773.145     172.1514  15.0249   0.0191     8.91    0.162  32.88   0      101.4     6160.698     68.99155
       842    865.6804    454.9947     29773.98     157.2605  13.8154   0.0057     3.22    0.508  -0.24   0      216.2     22944.55      111.456
       843    261.8878    453.9883       2310.3     83.23871  16.5908   0.0391     0.00    0.077  -1.52   0      56.68     2239.998     54.67078
       844     50.9099    453.0381     23681.17     139.4346  14.0640   0.0064     0.00    0.239  -6.67   0      215.8     22221.09     109.8181
       845    386.1795    451.7308     5034.628     305.8528  15.7451   0.0660     5.79    0.451  -7.19   0      21.48     449.3382     46.87592
       846    360.9770    452.0432     3031.046     85.18389  16.2960   0.0305     4.32    0.087 -60.48   0      73.28     2927.035     57.74751
       847    188.8983    470.1088     19181.84     128.6743  14.2928   0.0073     0.00    0.184 -25.30   0        194     18077.48     100.8234
       848    250.9989    450.8374     7507.546     96.39018  15.3113   0.0139     0.00    0.111 -88.94   0      114.1     7564.858     73.77586
       849     12.9323    450.9285     7436.324     99.08862  15.3216   0.0145     0.00    0.172  48.82   0      118.4     7103.057      72.1067
       850    628.7543    450.0565       2296.7     110.6399  16.5972   0.0523     2.96    0.534   5.32   0      42.47     1594.735     52.13432
       851      4.0010    449.9838     44954.57     162.2111  13.3681   0.0039   -27.17    0.036 -88.79  16        310     44468.76     148.9798
       852    845.1530    448.9504     6230.903     101.9331  15.5136   0.0178    -2.30    0.282 -18.73   0      105.7     5683.807     67.65099
       853    952.8320    447.4719     2282.981     196.3376  16.6037   0.0934     2.84    0.509 -36.53   0      17.26     569.9752     47.33909
       854    195.7878    437.2243     572565.7     581.9259  10.6054   0.0011     7.59    0.262   1.67   2      943.7     95462.45     213.0379
       855    858.1349    446.1380     5328.629     265.9421  15.6835   0.0542     5.77    0.196  50.35   2      32.53     887.5945     48.84017
       856    823.9136    446.5946     2519.933     225.1514  16.4965   0.0970     8.34    0.600  14.55   0       17.5     426.9651     46.64746
       857    244.5372    444.6782     1388.077     116.2229  17.1440   0.0909     4.84    0.648 -57.49   0      23.39     830.4487     48.45812
       858   1021.8351    444.7666     1160.119     95.94363  17.3387   0.0898     5.86    0.633 -37.80  24       16.3     541.5226     47.43892
       859    669.6891    442.7181     5388.619     249.1478  15.6713   0.0502     3.51    0.528  42.50   0       43.1     1327.052      50.7338
       860    425.0012    444.9964     56729.45     177.9457  13.1155   0.0034     0.00    0.005  89.84   0      350.5     56609.24     166.4734
       861    736.4675    437.4240     72036.74     323.9847  12.8561   0.0049     9.23    0.277  -9.63   0      278.1     10631.16      82.5485
       862    482.9995    440.9810     57273.73     178.6395  13.1051   0.0034     0.00    0.038  82.78   0        350     56637.75     166.5123
       863    440.8504    439.1582     7096.894     251.2589  15.3723   0.0384     7.27    0.362  -0.39   0      45.23     1228.546     50.51274
       864    402.5874    468.1692     13469.93     294.9961  14.6766   0.0238     3.82    0.277  -3.22   0      76.46     3719.868     60.87981
       865    599.0070    438.8132     1337.945     80.54007  17.1839   0.0654     1.07    0.112  89.57   0      37.59     1343.632     50.91809
       866     26.1472    438.0032     2574.226     202.9783  16.4734   0.0856     5.17    0.346   9.82   0      20.65     639.2939     47.67073
       867    929.0385    434.8718     1210.638     126.2794  17.2925   0.1133     4.99    0.392  -0.70   3      16.69      862.928     48.72525
       868    641.7773    436.5676     5955.862     245.1388  15.5626   0.0447    11.30    0.423  -0.15   0      38.55     965.7479     49.42955
       869    281.5222    434.0499     8245.085     336.8689  15.2095   0.0444    13.03    0.442  19.83   0      39.66     949.0816     49.01136
       870    268.0237    434.1793     8449.122     289.1726  15.1830   0.0372    11.26    0.456   6.95   0      46.03     1248.568     50.71327
       871    114.1345    435.9429     8871.233     107.6592  15.1300   0.0132     0.00    0.262 -25.07   2      132.4     8512.636     76.49373
       872    923.9896    434.0057      893.444      89.2426  17.6223   0.1085     0.77    0.406  88.39   0      17.04     880.2242     48.80586
       873    994.6547    433.2670     1603.154     199.0957  16.9876   0.1349     2.31    0.133 -82.41   2      13.75     612.6619     47.42569
       874    663.9842    433.9659     5669.565     91.95445  15.6161   0.0176     0.00    0.090 -59.96   2      99.39     5224.927     66.26061
       875    492.0062    432.9861     11630.54     105.6653  14.8360   0.0099     4.34    0.073  82.69   0      153.2     11304.58     84.38219
       876     80.3165    432.0469     4587.813      260.517  15.8460   0.0617    10.06    0.508   5.25   0      27.58     646.3978     47.46928
       877    535.0291    431.9622      10414.7      103.017  14.9559   0.0107     4.32    0.054 -58.27   0      142.6     10077.74     81.07958
       878    471.5089    430.4766     2726.302     225.3597  16.4111   0.0898     5.07    0.343 -22.89   2      16.74     439.2412     46.46688
       879    416.9921    430.2778     16891.26     119.9841  14.4308   0.0077     0.92    0.162 -85.57   0      162.3     16414.34     97.17497
       880    313.0982    430.0557     4992.567     207.0249  15.7542   0.0450     8.49    0.431  -0.25   0      32.15     767.8672     48.04733
       881    136.6916    426.1282     7002.125      317.614  15.3869   0.0493     7.29    0.419  -1.30   0      34.56     889.0261     48.61706
       882    849.4373    425.3923      1386.33      111.298  17.1453   0.0872     4.43    0.585 -55.67   0    -0.2548     1089.465     49.99516
       883    600.0847    423.1335     7045.998     103.7346  15.3801   0.0160     0.00    0.311  56.29   0      116.5      6743.77     70.96523
       884    442.7057    423.4181      3974.42     251.2198  16.0018   0.0686     9.98    0.384 -21.56   0      26.49     531.4578     46.79626
       885     28.8216    423.2069     14034.94      318.239  14.6320   0.0246     7.77    0.326   3.70   0      71.28     2108.948     54.22659
       886    256.0652    423.3145     9259.408     174.7064  15.0835   0.0205     0.00    0.535 -12.24   0      101.4     6120.718     68.85972
       887    789.3593    423.5742     1522.206     131.1786  17.0438   0.0936     2.96    0.422  30.71   0      23.02     995.3108      49.5653
       888   1000.6433    423.8670     1575.837      160.966  17.0062   0.1109     2.72    0.461 -61.16   0      19.52     979.7545     49.26716
       889    946.0649    420.8280     1468.051     116.3792  17.0831   0.0861     2.49    0.162  88.35   0      29.62     916.3512      48.9738
       890    537.3696    418.4180     959.8806     107.8589  17.5445   0.1220     6.01    0.605  69.22   0      11.61     397.2244      46.7425
       891   1012.0572    417.0525     14693.76     114.5312  14.5822   0.0085     4.56    0.163  44.84   0        173     14213.44      92.0052
       892    356.7936    415.4208     6443.139     367.1187  15.4773   0.0619     9.82    0.591 -18.58   2      24.33     473.3846     46.87307
       893    900.1202    416.9349     3323.435     133.2165  16.1960   0.0435     3.37    0.506  26.91   3      42.45     1741.035     52.55561
       894    904.9901    416.0365      6186.45     119.5374  15.5214   0.0210     0.00    0.222  53.01   3      89.03     4537.541     63.85938
       895    412.5291    415.9040      3662.67     261.8555  16.0905   0.0776     9.05    0.568   3.99   0      21.37     535.6603     46.69693
       896    926.2935    415.1128      4485.23      99.3821  15.8705   0.0241     0.00    0.325  22.21   0      82.71     3795.686     60.79494
       897     74.5405    415.1886     4066.393     124.7596  15.9770   0.0333     4.07    0.598 -56.87   0      59.65     2887.056     57.49266
       898    743.8528    414.1678     1133.176     86.67958  17.3643   0.0831     3.61    0.303 -44.52   0      35.77     963.8539     49.19376
       899    246.2301    413.6950     4108.174      308.811  15.9659   0.0816     3.84    0.317   2.47   0      18.65     491.7924     46.48293
       900     30.1514    415.0356     1509.586     171.8111  17.0529   0.1236     5.46    0.632  -0.29   0      13.01     425.9093     46.64231
       901   1023.5224    413.9000     5272.822     79.47181  15.6949   0.0164     0.00    0.311  53.07  24      99.06      5081.72     63.51572
       902    578.1229    412.3137     5487.231     120.5455  15.6516   0.0239    -0.18    0.390 -83.23   0      76.38     3877.593     61.00867
       903    462.4279    424.0226      1200.74     136.8988  17.3014   0.1238     5.70    0.641  81.10   0      11.79     393.5896     46.72482
       904    890.9924    410.8658     2466.049     83.66288  16.5200   0.0368     0.92    0.086  89.28   0      59.38     2482.089     55.76856
       905    701.7878    409.9168     4486.999     194.6039  15.8701   0.0471     9.15    0.469   1.48   0       30.3     734.7104     48.12348
       906    440.0062    406.9857     2816.514     84.60957  16.3757   0.0326     0.00    0.001 -83.33   2      70.21     2746.104     56.83431
       907    172.0294    409.4788     846.1363     89.12204  17.6814   0.1144     4.99    0.540 -27.29   0      13.49     668.2851     47.80875
       908    856.7333    407.7161     1366.381     106.1059  17.1611   0.0843     4.23    0.554 -18.22   0       26.6     937.8961     48.84498
       909    996.9088    406.5357     2082.913     100.9183  16.7033   0.0526     3.69    0.482  69.73   0      22.12     1747.843     52.47847
       910    238.3857    406.7100      2968.81     164.6302  16.3185   0.0602     3.07    0.550  25.28   0      28.24     1381.858     50.86878
       911     37.9633    405.8331     1345.475      112.466  17.1778   0.0908     5.55    0.275   5.85   0      20.43     780.3532     48.45424
       912    903.8831    405.8137      4750.91     97.14785  15.8081   0.0222     4.95    0.272  57.01   0      87.45     4097.794     62.00438
       913    628.7166    404.9265     1641.593     181.4889  16.9618   0.1201     5.84    0.437  77.44   2      14.44     342.5258     45.86951
       914    581.5943    404.3447     2223.563     180.6734  16.6324   0.0882     4.90    0.503 -35.41   0      19.45     707.6277     48.11192
       915    261.7974    403.1402     3498.433     259.5649  16.1403   0.0806     0.00    0.327  39.76   0      20.72     631.5946      47.7514
       916    945.4246    399.9220     2042.661       205.13  16.7245   0.1091     0.00    0.406 -32.52   0      15.68     637.9303     47.66423
       917    302.3778    395.7105     8138.512     299.8633  15.2236   0.0400     9.16    0.349   3.61   2      44.32     1090.932     49.43882
       918     20.9693    400.3371     8479.173     130.4259  15.1791   0.0167     3.66    0.574 -18.75   0      90.67     4956.608     65.07622
       919     97.0433    396.1846     10069.11      266.834  14.9925   0.0288    12.50    0.283 -10.42   0      59.31     1515.618     51.89626
       920    689.0156    398.2762     1280.238     80.37707  17.2318   0.0682     1.14    0.121 -89.26   0      38.65     1454.955     51.52136
       921     50.7011    396.0370     8455.658     249.1367  15.1821   0.0320    11.91    0.388 -10.60   0      52.04     1444.532     50.92865
       922     11.1054    394.7537     2963.556     204.7853  16.3205   0.0750     6.72    0.528 -54.89   3      19.82     650.9339     47.37296
       923      3.8171    395.6529      2671.62     188.0583  16.4331   0.0764     7.93    0.678 -28.11  27      19.77     490.7187     47.07612
       924      8.5690    390.3278     2785.661     241.0231  16.3877   0.0940     6.55    0.422  84.78  19      16.08     441.0634     46.71609
       925    815.5311    395.9543     9613.345     234.0027  15.0428   0.0264    11.74    0.356  -8.66   2      57.71     1602.706     52.06163
       926    474.2039    397.4116     2863.519     116.6986  16.3577   0.0443     4.92    0.586 -26.68   0      38.96     1929.342     53.46853
       927    261.0003    397.9743     57174.95     178.5137  13.1070   0.0034     4.30    0.048  88.59   0      349.9     56440.72     166.3105
       928    144.9935    397.0086     5870.255     92.44914  15.5784   0.0171     0.00    0.009 -51.82   2      107.5     5825.682     68.04372
       929    342.0973    396.1133     6359.668     347.0759  15.4914   0.0593     8.45    0.502 -17.73   0      22.75     390.8454     46.22956
       930    960.0435    395.2014     1818.009     192.1911  16.8510   0.1148     4.95    0.632 -27.01   0      14.63      545.324     47.45713
       931    430.0514    395.9697     3628.214     86.76252  16.1008   0.0260     4.35    0.083 -27.75   0      77.96     3281.943     59.03304
       932    219.0600    390.7658     122388.8      358.348  12.2806   0.0032     9.55    0.346   5.82   0      394.2     20105.66     105.4554
       933    599.9930    393.9592     6634.426     94.30904  15.4455   0.0154     0.00    0.014 -54.44   0      111.4     6211.358     69.48129
       934    460.6581    392.3376     2366.695     228.6987  16.5646   0.1049     1.90    0.391  41.80   0      15.57     432.5019     46.79422
       935    320.4538    393.0053     1535.762      174.272  17.0342   0.1232     5.67    0.646   0.74   0      11.82     414.4575      46.7065
       936    154.7075    393.0893     2293.664     144.6294  16.5987   0.0685     5.90    0.444   1.35   0      23.84     971.8743     49.11694
       937    567.0057    391.9806     29187.24     138.3672  13.8370   0.0051     4.27    0.040 -78.58   0      248.4     28825.93     122.8194
       938    485.4370    390.7552     2134.891     175.0516  16.6766   0.0890     5.55    0.455 -63.23   0      19.89     864.3757       48.732
       939    853.3727    390.3699     1679.157      109.364  16.9373   0.0707     2.82    0.589  45.38   0      29.04     1084.364     49.97196
       940    369.9982    391.0039     4107.546     88.00916  15.9660   0.0233     4.25    0.040   0.27   2      89.77     4224.806      62.4682
       941    365.1544    389.1624     1621.467     99.87365  16.9752   0.0669     4.44    0.445  48.64   2      40.47     1208.006     50.30908
       942    945.7747    389.5694     3381.699     259.4626  16.1772   0.0833     8.38    0.471  -0.53   0      19.71     468.1674     47.08618
       943    472.9046    388.9883     2010.752     111.3155  16.7416   0.0601     3.71    0.414   0.16   0      33.49     1822.608     53.01291
       944     95.6129    387.7207     6319.621     291.3628  15.4983   0.0501     3.62    0.502  -2.77   1      33.22      691.931     47.92102
       945    177.5409    386.1924     6041.167     240.0259  15.5472   0.0431     7.86    0.399  -3.17   0      39.92     1053.898     49.72074
       946    831.4182    382.4957     2615.575     182.7045  16.4561   0.0759     8.10    0.268 -28.81   2      18.98     409.3322     46.19933
       947    633.6643    385.7635     1504.831     98.19267  17.0563   0.0709     2.26    0.452 -18.39   0      27.85      1126.96     49.94161
       948    282.1245    385.9161     1171.861     81.79939  17.3278   0.0758     4.51    0.202 -27.23   0      36.73      1013.45     49.08134
       949    452.2108    381.1425      2817.27     235.1749  16.3754   0.0907     2.80    0.413  63.49   0      18.72     607.2151     47.63522
       950     84.9324    382.0255     3859.379     218.3184  16.0337   0.0614     2.95    0.468   5.80   0       29.9     1091.155     49.77841
       951    534.4850    381.0098     2244.462     199.1247  16.6222   0.0963     6.39    0.548  -5.44   2      17.12     405.7128      46.5438
       952    438.0018    381.9668     56413.86     177.5421  13.1215   0.0034     0.00    0.059 -89.15   0        347     55529.12       165.06
       953    379.2733    381.3973     2669.932     153.6492  16.4338   0.0625     8.75    0.614   6.25   0      21.31     515.0598     47.07471
       954    618.4637    378.9355       4557.2     244.9839  15.8533   0.0584     7.55    0.337  -5.08   0      29.38      753.707     48.09685
       955    505.0164    377.4192     1238.253      97.5737  17.2680   0.0856     3.43    0.442  89.38   0      27.28     934.5633     49.17224
       956    120.6139    378.6806     2031.076     185.7819  16.7307   0.0993     5.26    0.500   0.81   0      13.34     381.4543     46.42519
       957   1013.6373    374.4831     1833.514      110.953  16.8418   0.0657     4.36    0.537 -57.74   0      25.94     1381.901     50.97891
       958    569.0385    374.8243     4472.188     309.0788  15.8737   0.0751    10.06    0.409  40.43   2      21.07     411.3713     46.93068
       959    656.1630    373.5949      5176.21     271.5422  15.7150   0.0570     3.52    0.458  59.11   2      44.02     1033.963     49.74221
       960    121.0479    373.0469     7251.573     95.78474  15.3489   0.0143     0.00    0.081  43.64   0      117.4     7124.816     72.33022
       961     79.9479    369.8630     4047.058     231.5745  15.9822   0.0621     3.09    0.383  -2.02   2         28     894.8154     48.87376
       962   1019.9955    372.0209      5863.48     92.43249  15.5796   0.0171     0.00    0.075 -42.86  16        105     5860.425     68.15966
       963   1010.0085    371.9933     24738.36     130.8559  14.0166   0.0057     4.22    0.018 -44.86   0      229.6     24638.62     114.8098
       964    951.7999    370.8306      4155.23     268.6101  15.9535   0.0702     7.15    0.291 -13.23   0      19.05      491.813     47.20017
       965    905.7923    371.6115     2004.913     194.5821  16.7448   0.1054     5.15    0.297   9.78   2      14.83     393.0682     46.48201
       966    733.7394    372.0020     9731.906     115.6779  15.0295   0.0129     0.00    0.359  -0.01   0      133.6     8743.398     77.24882
       967    608.9893    371.8609     2209.081     82.96188  16.6395   0.0408     0.98    0.099  86.79   0      52.87     2127.632     54.40784
       968    805.1953    396.9061     11938.65     113.9508  14.8076   0.0104     5.02    0.124  -7.78   0      144.9     11247.59     84.22856
       969    379.4312    367.0764     62269.95     293.6838  13.0143   0.0051     8.19    0.312   2.87   0      258.8     10419.44     81.96353
       970    714.4341    368.2133     1095.454     92.82201  17.4010   0.0920     4.96    0.595 -30.46   0      15.61     538.9702     47.54459
       971    670.5903    367.8229     3841.034     110.0153  16.0389   0.0311     2.53    0.459 -63.69   0      56.11     3367.579     59.36182
       972    252.4258    367.9947     869.2902     105.0357  17.6521   0.1312     5.30    0.632  -0.93   0      11.24     391.5876     46.59508
       973    960.1700    366.8770     5600.809     306.7298  15.6294   0.0595     5.11    0.436  -4.97   2      20.46      649.652     47.72009
       974    173.9683    366.8547     9649.877     110.5639  15.0387   0.0124     5.10    0.119 -76.90   0      134.2     8747.916     77.18961
       975    762.0009    365.9964     13249.93     109.0928  14.6945   0.0089     0.00    0.001  37.10   2      165.5     13146.22     89.20463
       976    755.1661    362.4519     3906.737     204.4649  16.0205   0.0568    10.64    0.491  12.04   2      26.43     720.2457     48.05512
       977    463.6062    365.8152     4337.415      103.196  15.9069   0.0258     2.31    0.375  25.87   0      76.42     3528.562     59.88157
       978    485.4686    364.7747     1929.595     132.9396  16.7863   0.0748     7.05    0.626  -1.78   0      24.02      963.599     49.19258
       979    128.5992    362.1874     1826.923     94.59605  16.8457   0.0562     2.66    0.398 -26.22   0      41.77     1366.722     51.02105
       980    681.9131    358.3306     5069.034     203.0135  15.7377   0.0435     7.63    0.306  -4.67   2       34.8     1142.054     49.78585
       981     55.8696    358.2042     4859.997     142.8446  15.7834   0.0319     6.93    0.531   7.88   0      61.85     3161.637     58.47237
       982    442.0966    353.2869     6273.121     333.0236  15.5063   0.0577    10.71    0.425  16.77   0      27.77     660.4524     47.53653
       983    950.9956    354.0286     9114.062     100.1065  15.1007   0.0119     0.00    0.044 -77.08   0      134.6     8845.705     77.62138
       984    885.0413    350.1560     17705.14     127.1447  14.3798   0.0078     0.00    0.345  76.84   0      189.9     17135.26     98.73333
       985    769.3981    354.9810     2283.823     202.6529  16.6033   0.0964     6.85    0.531   0.64   0      17.21     473.8672     46.87541
       986    196.2125    353.7661     5736.818     205.8102  15.6033   0.0390     7.12    0.428   3.61   0      39.76     1149.962     50.38067
       987    250.0020    353.9629     23740.02     129.1103  14.0613   0.0059    -9.58    0.036  89.45   0      220.6     23563.78     112.7613
       988    976.6934    355.2224     1299.771     120.7781  17.2153   0.1009     4.41    0.377  24.59   0       21.3     710.3349     47.65709
       989     90.3850    350.6978     6416.878     331.0142  15.4817   0.0560     5.06    0.717   6.13   2      26.78      685.427     47.77312
       990    405.1688    347.9371     8737.815     267.2734  15.1465   0.0332    11.77    0.287   8.02   0      54.07     1398.636     51.16301
       991     18.5801    347.7301     2900.641     267.0228  16.3438   0.1000     9.66    0.491 -78.55   0      17.73     392.7928     46.60096
       992    135.6361    354.5667      6307.23     234.9765  15.5004   0.0405     7.46    0.381   4.17   0      40.73     1180.051     50.29408
       993    381.2029    349.8639     4862.295     104.3455  15.7829   0.0233     5.31    0.386 -33.92   0      92.62      4460.08     63.40675
       994    705.0085    348.2501     1522.547     82.76801  17.0436   0.0590     1.10    0.117 -82.19   0      36.96     1410.306     51.32402
       995    478.9170    348.1431     1110.692     81.62926  17.3860   0.0798     2.80    0.229 -60.45   0      34.66     929.2461     48.80472
       996    839.6665    341.7042     11460.52     316.3951  14.8520   0.0300    11.07    0.247  25.90   2      56.16     1500.202      51.3948
       997    295.8217    346.1858       9107.1     391.2324  15.1016   0.0467    10.09    0.493   1.55   2      30.31     496.9552     47.10622
       998    793.2577    345.8067      2281.18     86.45986  16.6046   0.0412     1.63    0.214 -39.99   0      50.68     2195.497     54.69059
       999    757.0073    344.9971     54040.37     174.4774  13.1682   0.0035     0.00    0.015 -17.01   0      341.8     53878.75      162.703
      1000    305.0228    344.9348     2502.505     83.76186  16.5041   0.0363     0.00    0.110 -60.02   0      61.83     2275.121     55.02048
      1001    514.6656    339.5744     5960.435     212.7411  15.5618   0.0388     8.77    0.344   3.47   2      37.09     922.4364     49.00203
      1002    619.0013    340.9884     57365.46     178.7561  13.1034   0.0034   -38.43    0.020  89.20   0      351.5      56908.4     166.8813
      1003    731.8344    339.0216     1212.883     144.8663  17.2905   0.1297     4.75    0.653 -52.58   0      14.08     516.2192     47.31754
      1004    482.7527    338.5672     1284.118     97.68047  17.2285   0.0826     2.83    0.450 -63.58   0      26.27     912.5361     49.07032
      1005    186.8955    337.9729     7893.593     374.7988  15.2568   0.0516    11.62    0.484  -7.40   0      31.46      772.339     47.83497
      1006    584.8605    337.0807     4638.367     291.9723  15.8341   0.0684    11.26    0.273   7.63   0      26.74     531.8874     46.91783
      1007    891.0275    338.9695     4391.054     88.73827  15.8936   0.0219     0.00    0.066 -62.77   0      87.88     4132.698     62.31215
      1008    795.5280    337.5709     2110.594     220.3352  16.6890   0.1134     6.93    0.572  -3.52   0      14.47     363.9714     46.33953
      1009    298.0133    334.9128     4264.411       209.59  15.9254   0.0534     4.24    0.510  86.44   0      24.93     1349.111     50.83252
      1010    985.2383    328.5457     135980.7     363.4171  12.1663   0.0029     7.37    0.258  -4.21   0      421.6     21106.74     107.6433
      1011    610.5684    359.6876      2615.98     103.4733  16.4559   0.0430     2.91    0.422  39.51   0      53.17     2139.168        54.25
      1012    186.7679    327.6143     3889.921     262.5862  16.0251   0.0733    10.38    0.496 -16.78   0      24.79      653.569     48.08928
      1013    598.6118    329.2482     1840.641     124.0688  16.8376   0.0732     3.54    0.459  27.52   0      29.31     1182.325     50.41552
      1014    114.8620    329.3375     5770.803     274.5999  15.5969   0.0517    10.21    0.533  -2.39   0      32.22     830.5123     48.45842
      1015    510.7429    330.7788      6067.05     121.6338  15.5426   0.0218     3.45    0.545 -71.68   0      82.99     4448.631     63.27729
      1016    518.0368    328.0478     3657.492     86.83918  16.0920   0.0258     0.00    0.135 -74.76   0       73.7     3327.116     59.11206
      1017    177.0274    327.0431     2717.963     84.34444  16.4144   0.0337     0.00    0.091  60.53   0      67.79     2557.226     56.27326
      1018     86.2079    322.2880     21334.37      357.922  14.1773   0.0182    12.97    0.311  -4.88   2      89.71     2426.041     55.43878
      1019    446.1427    318.2311     11176.81      323.629  14.8792   0.0314    13.44    0.200 -20.86   0      59.05     1507.627     51.53637
      1020    606.9841    323.4965     3863.333     287.9861  16.0326   0.0810     8.32    0.624   2.42   3      18.02     550.6196     47.00848
      1021    609.7190    318.6661     2967.523     106.8943  16.3190   0.0391     2.39    0.446 -64.59   3      49.07     2265.947     54.67624
      1022    685.9955    322.6692     8653.284     105.8844  15.1570   0.0133     0.81    0.155  85.13   0      111.3      8340.46     75.98045
      1023    119.9544    321.0288     20417.33     125.3755  14.2250   0.0067     0.00    0.160 -33.80   0      208.3     20341.94      106.069
      1024    664.0635    321.9774     2601.545     84.03015  16.4619   0.0351     0.00    0.117 -28.86   0      62.67     2364.889     55.39005
      1025    361.8875    319.6942     1649.853     92.67144  16.9564   0.0610     2.73    0.351  69.33   0      43.23     1364.766     50.90247
      1026    259.8542    319.9867     936.1566     98.30179  17.5716   0.1140     2.90    0.208   1.56   0      23.38     596.9935     47.58643
      1027     70.8453    315.1959     7040.685     332.7067  15.3810   0.0513    11.73    0.181   9.42   0      34.03     724.4796     48.19146
      1028    381.0101    317.0174     13206.98     109.0033  14.6980   0.0090     4.26    0.020 -56.47   0      162.4     12976.85     88.77206
      1029    783.2676    315.9450     1985.626     177.2428  16.7553   0.0969     5.79    0.539 -70.58   0       16.8     737.1445     48.01852
      1030    600.8276    314.1828     7003.609     106.3083  15.3867   0.0165     0.00    0.326 -45.30   0      111.6     6246.717     69.59685
      1031    131.5263    314.1989     6901.478     269.8885  15.4026   0.0425     8.21    0.395   1.80   0      42.99     1098.627     49.81251
      1032    429.8988    312.8589     3636.926     246.4113  16.0982   0.0736     7.81    0.476  -1.45   0      23.72     672.9202      47.5961
      1033    923.2704    307.9648     34859.57      312.386  13.6442   0.0097     8.97    0.312  -6.44   2      160.2      5193.09     65.89693
      1034    763.1092    312.9290     1970.571     182.6682  16.7635   0.1007     6.81    0.563  -3.76   0         16     416.4853     46.47606
      1035    104.6039    311.1407     10728.82     323.7469  14.9236   0.0328    14.07    0.602  -5.76   0       51.9     1510.032     51.76375
      1036    718.1055    311.4109     3163.385     269.3331  16.2496   0.0925     7.81    0.575 -34.59   2      18.95     733.0232     48.11551
      1037    655.1863    311.0472     4794.474     226.8196  15.7981   0.0514     2.81    0.186 -86.24   3      42.82     773.1746     48.53605
      1038    621.3969    303.3279     18690.39     321.1109  14.3210   0.0187    14.21    0.197 -16.06   0      97.97     2852.425      57.2579
      1039    290.7575    310.4118     3226.248     217.6583  16.2283   0.0733     8.41    0.413   1.80   0      21.93     526.4528     47.36667
      1040    832.0542    308.6758     3572.164     287.7562  16.1177   0.0875     9.14    0.609  -5.59   0      18.07      340.326     46.10213
      1041    591.6663    309.7639     2444.763     183.2573  16.5294   0.0814     0.82    0.574  -0.23   0      21.13     567.4744     47.32709
      1042    396.7209    308.7722     1349.908     133.0014  17.1742   0.1070     2.56    0.445 -60.79   0      20.03     869.4984     48.75589
      1043    363.0213    304.7220     6405.134     355.4728  15.4837   0.0603    10.69    0.363 -23.80   2      31.31     821.7912     48.64822
      1044    328.3886    305.3034     4843.388     112.0668  15.7871   0.0251     5.77    0.480  38.08   0      85.24      4237.61     62.51477
      1045    753.8807    303.8112     1125.059     134.7109  17.3721   0.1300     6.55    0.645  -0.21   0      12.49     320.1811     46.12426
      1046    274.8639    304.0019     10355.61     102.8865  14.9621   0.0108     0.00    0.108  -0.57   0      135.3     10133.04     81.23444
      1047      6.3222    302.3331       2386.6     112.0802  16.5556   0.0510     2.43    0.380 -13.85  16      38.53     1740.857      52.4482
      1048    709.9769    300.9717     57416.11     178.8205  13.1024   0.0034     0.00    0.045  50.20   0      348.1     56669.78     166.6232
      1049    563.0471    300.0151     19527.22     121.4683  14.2734   0.0068     0.00    0.122  18.95   0      203.5     19478.99     104.2036
      1050    942.1136    299.0978     2694.197     188.8283  16.4239   0.0761     8.46    0.429  -3.62   0      19.78     496.5801     46.62657
      1051    454.2262    291.8604     114674.7     340.9238  12.3513   0.0032     7.44    0.264  -1.44   2      378.9     18585.29      102.181
      1052    142.0734    298.8885     1265.359     82.05876  17.2445   0.0704     4.45    0.150 -63.80   0       40.8     1183.396     49.97422
      1053    335.8021    293.9569     40155.41     285.0208  13.4906   0.0077    14.44    0.416   2.61   2      178.7     6092.228     69.09052
      1054    305.8517    295.5474     9842.305     250.3984  15.0173   0.0276     8.24    0.380   2.40   0      61.61     1612.991     52.32095
      1055    803.5711    311.2646     2291.758     108.0698  16.5996   0.0512     4.04    0.515 -34.10   0      35.97     1854.473     53.14934
      1056    359.8331    296.1743      891.291     92.32077  17.6250   0.1125     3.06    0.613 -45.34   0      16.28     641.7645     47.91676
      1057    638.4695    291.5143     4233.142     287.7919  15.9333   0.0738     8.06    0.529 -14.30   2      18.88     424.0323     46.39243
      1058    516.3467    293.2737     3660.047     109.6408  16.0913   0.0325     0.00    0.480  35.57   0      68.67     2903.041     57.36094
      1059    567.0715    293.8895     1242.664     81.99588  17.2641   0.0717     2.67    0.172 -64.01   0       38.7     1061.766     49.53114
      1060    127.5450    293.7703     1617.637     97.02135  16.9778   0.0651     2.57    0.428 -26.87   0      35.74     1268.839     50.47235
      1061   1023.4535    290.3445     5338.073     98.51192  15.6815   0.0200     5.56    0.520 -86.84  24      81.37     4094.893     60.62398
      1062   1013.7726    290.2226      5084.65     267.8321  15.7343   0.0572    10.22    0.354 -23.89  19       27.2     689.8341     48.14422
      1063    843.0198    291.4901      4083.72     282.2711  15.9724   0.0751     8.89    0.459  42.96   2      22.23     484.6278     46.56827
      1064    232.3118    292.7485     3078.079     108.4277  16.2793   0.0383     0.00    0.469 -37.22   0      65.55     2604.786     56.06701
      1065    143.9033    287.5519     39678.08     299.4958  13.5036   0.0082    13.05    0.265   5.43   0        179     5745.792     67.52808
      1066    713.2286    291.0097     4062.572      217.245  15.9780   0.0581     2.90    0.392 -59.45   3      29.71     1099.881     49.93048
      1067    709.9853    289.0560     6394.269     204.4917  15.4855   0.0347     5.88    0.480 -37.88   3      52.43     2468.358     55.81298
      1068    884.9399    290.4381     1145.193     130.5238  17.3528   0.1238     3.18    0.366 -63.12   0      20.59     680.1992     47.86535
      1069    228.5582    284.9541     21570.45     357.2892  14.1654   0.0180    14.12    0.361  -8.75   2      96.82     2657.902     56.38129
      1070    158.5851    289.9980     4985.875     105.9438  15.7556   0.0231     2.15    0.382  -0.02   0      79.77       4544.3     63.61997
      1071    672.1210    288.9525     1234.729     81.97388  17.2711   0.0721     2.67    0.174 -28.63   0      35.95     965.2829     49.08643
      1072    543.0156    288.0079     13350.14     109.3014  14.6863   0.0089     4.23    0.026  28.06   0      165.2      13048.5     88.95532
      1073    942.9874    286.4918     809.9419     89.02969  17.7289   0.1194     1.03    0.539 -27.48   0      12.87     687.2769      47.6646
      1074    817.1714    286.8178     2322.661     134.6534  16.5850   0.0630     5.06    0.290 -44.96   0      33.63     1272.456     50.82021
      1075    611.6310    284.5756     10517.71     295.0939  14.9452   0.0305     8.29    0.340   5.16   0      60.55     1615.802     52.33316
      1076    786.8299    282.4671     1491.024     99.57637  17.0663   0.0725     4.12    0.465 -69.76   0      26.11     1190.181     50.22849
      1077    998.5034    282.4910     2180.266     200.4528  16.6537   0.0998     5.88    0.650 -18.66   2      12.96      354.561     46.05084
      1078    566.6899    277.3929     6809.585     275.9659  15.4172   0.0440    12.02    0.472 -28.05   2      34.74     767.1283     48.27634
      1079     53.9545    278.0113      7221.86     95.71421  15.3534   0.0144    -9.58    0.016  28.21   3      111.5     7066.208     72.22338
      1080    940.2734    279.9740     3528.193     154.9135  16.1311   0.0477     8.58    0.342 -24.66   0      31.34     1322.346     50.82299
      1081    112.9643    279.8969     3839.781     236.7529  16.0392   0.0670     9.50    0.457   3.43   0       24.8      635.301     47.17939
      1082    207.1074    279.6974     4574.954     107.6902  15.8490   0.0256     5.65    0.471 -71.07   3      87.64     4167.792     61.99007
      1083    204.6016    275.6262     2781.206     271.5995  16.3894   0.1061     8.78    0.414  -4.64   3       18.1      510.059     47.28794
      1084    835.8735    277.0782     2265.042     146.5077  16.6123   0.0702     1.01    0.275  62.66   3      25.85     1061.671     49.41754
      1085    830.9335    275.7673     3915.104     239.1775  16.0181   0.0663     8.97    0.477  47.50   2      27.59     733.7058     48.11874
      1086    738.1133    277.1615     1147.799     86.71791  17.3503   0.0820     3.01    0.255  62.15   0      30.46     808.7177     48.24018
      1087    650.6782    276.6993     2868.835     172.7917  16.3557   0.0654     1.95    0.414 -19.91   2      27.67     1264.822     50.23184
      1088     43.2541    275.6070     3364.844     109.0271  16.1826   0.0352     5.87    0.497 -56.31   0      60.77      2751.37     56.95375
      1089    347.5315    273.6913     2340.049     152.2439  16.5769   0.0707     0.00    0.437 -53.24   0      24.32       1099.6     49.59167
      1090    419.5397    272.1177     6892.432     133.0012  15.4041   0.0210     6.80    0.368   8.28   0      96.84     5247.026     65.91303
      1091    120.1191    274.0041     2985.774     85.06302  16.3124   0.0309     0.00    0.076  -1.79   0      68.19     2994.482     57.91576
      1092    110.0328    273.2688     2797.463     233.3633  16.3831   0.0906     8.51    0.509   2.81   0      18.79     482.6823     46.91813
      1093    618.7971    272.1073     1687.597     86.51837  16.9318   0.0557     2.75    0.145  36.00   0      38.87     1496.769     51.59709
      1094      4.0008    271.0076      3428.63     105.2431  16.1622   0.0333     0.00    0.416 -29.78  18      67.25     2593.868     56.22225
      1095   1005.8449    289.1534     1608.607      120.199  16.9839   0.0811     5.78    0.598 -65.34   0      19.69     649.7976     47.83796
      1096     57.0649    281.9040     8329.145     351.1644  15.1985   0.0458    13.16    0.360   9.02   2      42.53     1185.804     49.98517
      1097    955.8383    270.0080     1093.733     81.58204  17.4027   0.0810     2.54    0.169  -1.44   0      36.78     1048.884     49.81034
      1098    533.1881    267.2164     6394.055     209.2278  15.4856   0.0355     8.21    0.363  -0.57   0      42.95     1106.992     49.85066
      1099    226.5056    262.0819     29630.18     363.1515  13.8207   0.0133     9.44    0.295   9.88   2      130.7     3818.725     60.88101
      1100    199.5039    268.5046      3254.73     266.2748  16.2187   0.0888     6.88    0.680   6.88   2      17.51     443.3456     46.60723
      1101    499.0193    266.0544     2184.488     162.6857  16.6516   0.0809     0.00    0.032  45.21   2      17.22     623.0193     47.71057
      1102    783.2275    264.2653     4241.379     238.9022  15.9312   0.0612     7.97    0.398  -6.52   0      26.87     696.2691     47.94159
      1103    470.6674    265.0704      4623.16     122.3857  15.8377   0.0287     3.58    0.559  70.97   0      60.15     2776.378     56.85686
      1104     47.9766    265.7938     1124.262     118.1004  17.3728   0.1141     3.00    0.216 -86.68   0      27.14     775.3449     48.43074
      1105    563.9286    264.1389     900.9279     98.22031  17.6133   0.1184     1.58    0.414   9.41   0      14.88     737.8535     48.13832
      1106    912.0441    263.0101     2430.985     205.5598  16.5355   0.0918     3.61    0.192   0.12   2      16.35     499.2078     47.23576
      1107    809.9556    261.9116     6947.662     96.52205  15.3954   0.0151     4.55    0.166  63.70   0      114.1     6482.885     70.04485
      1108     66.4172    258.4712     5996.045     159.3734  15.5553   0.0289     7.60    0.498 -29.08   0      82.39     4301.399     62.83541
      1109    948.7419    259.1054     2523.382     94.78953  16.4950   0.0408     4.99    0.324 -26.07   0      60.02     2161.279     54.13611
      1110    390.2351    280.6345     7039.096     235.6834  15.3812   0.0364    13.37    0.529  -1.81   0      39.51     1115.566     50.11367
      1111   1014.0609    256.2508     1651.724     111.8386  16.9552   0.0735     5.67    0.502 -87.04   0       22.9     1040.558     49.54686
      1112    749.0062    257.9980     51453.38     171.0744  13.2215   0.0036     0.00    0.009 -19.68   0      332.8     51094.52     158.7661
      1113    765.0254    254.0591      12397.6      108.599  14.7667   0.0095     4.54    0.156  68.92   0      161.1     12379.12     87.22833
      1114    270.5158    253.0257      15265.7     279.3589  14.5407   0.0199     1.91    0.464  63.69   2      78.54     4937.878      64.9246
      1115    639.9465    253.2906     1942.022     209.0745  16.7794   0.1169     6.23    0.515 -17.79   0      13.96     366.7322     46.11087
      1116    482.8301    254.3117     2845.855     229.1744  16.3645   0.0875     6.06    0.553  -7.74   0      15.58     343.8887     45.99814
      1117    347.2004    251.7256     8128.406     317.5385  15.2250   0.0424     7.29    0.414   2.85   0      42.73     1136.884     49.98675
      1118    936.0400    250.1113     7975.498     101.7033  15.2456   0.0138     0.00    0.194  71.00   1      122.1     7376.469      72.8866
      1119    795.2530    248.5669     1609.625     103.9671  16.9832   0.0701     2.62    0.415  62.77   0      31.34     1174.845     50.15905
      1120    701.2288    249.0053     1024.741     117.9087  17.4735   0.1250     3.97    0.038  80.29   2      15.49     559.1409     47.52325
      1121     40.9812    248.0230     6046.739     92.88199  15.5462   0.0167     4.32    0.059 -45.27   0        108     5915.919     68.50809
      1122    483.4922    245.6416     2218.876      208.034  16.6347   0.1018     4.74    0.599  53.95   0      16.25     794.1898     48.05532
      1123    422.1076    245.7061      5730.38     155.4329  15.6045   0.0295     0.00    0.555 -28.61   0      66.95      3176.61     58.43481
      1124   1009.8441    246.9703     2098.252     87.59047  16.6954   0.0453     4.82    0.080  21.28   0      51.73     1683.891     52.62803
      1125    937.7469    244.3356     7508.041     261.4511  15.3112   0.0378    11.72    0.518  -6.99   3      45.68     1407.259      51.2013
      1126    945.7249    236.2898     17469.31     278.6456  14.3943   0.0173    14.10    0.373 -14.87   3      94.21     2705.816     56.47506
      1127    791.3087    254.2241     3135.808     212.3548  16.2591   0.0735     9.86    0.647  10.04   0      22.09     516.7021     46.72454
      1128    154.0995    243.2675     3711.562     236.6298  16.0761   0.0692     7.59    0.377  14.94   0      22.52     461.9825     46.45762
      1129    213.9965    243.1100     2134.966     116.4789  16.6765   0.0592    -3.32    0.151 -88.56   0      39.52     1247.769      50.4884
      1130    831.0095    242.9960     37294.34     151.0977  13.5709   0.0044     4.22    0.007  27.72   0      282.4     36929.18      136.996
      1131    573.6218    241.6360     2970.396     214.8002  16.3180   0.0785     8.56    0.465   5.06   0      18.96     455.2397     47.14264
      1132    846.8669    232.8480     93312.62     355.5194  12.5751   0.0041    14.97    0.330  -4.62   2      320.4     12838.35     88.41677
      1133    626.9847    241.0083     4073.544     87.92131  15.9751   0.0234     4.20    0.030 -44.31   2      86.38     4047.976     61.82151
      1134    623.9127    237.9149     2607.486     84.04623  16.4594   0.0350     4.38    0.102  28.58   2      63.91     2368.096     55.20073
      1135    990.4788    238.0188     2437.716     163.0391  16.5325   0.0726     7.47    0.418  20.32   0      18.53     536.8951     47.29853
      1136    525.0433    236.5886      2183.99     164.3967  16.6519   0.0817     6.99    0.259  61.45   0       20.6     820.5947     48.75759
      1137    160.2683    237.3666     3380.851     241.5837  16.1774   0.0776     8.61    0.525   2.82   0      21.28     484.7665     46.92823
      1138    117.6627    236.6079     2486.455     188.5781  16.5110   0.0824     6.21    0.361 -45.97   0      20.06     840.2757     48.73449
      1139    808.4957    235.5197     1119.715      154.994  17.3772   0.1503     5.89    0.661 -71.23   0      11.72      366.344     46.10895
      1140     34.7267    236.1287     3856.973     247.7467  16.0344   0.0698     9.28    0.422  12.36   0      22.57     588.0125     47.30742
      1141    323.0996    235.2204     3289.581     253.3767  16.2071   0.0836     8.68    0.567  -2.85   2      18.89     423.7647     46.14912
      1142    328.1184    231.3093     2779.794     93.92377  16.3900   0.0367     2.38    0.341  63.29   3      57.21     2205.336     54.52649
      1143     69.1853    235.5433     3467.335     111.7737  16.1500   0.0350     2.64    0.399  28.02   0       49.6     2842.155     57.31488
      1144    168.4129    233.6907     3048.293     109.6492  16.2899   0.0391     5.98    0.506 -36.87   0      57.09     2448.508      55.4299
      1145   1002.2032    230.2867     2091.755     98.12569  16.6987   0.0509     5.31    0.412  59.47   0      41.63     1661.632     52.42513
      1146    665.3364    227.9328     7002.923     310.4836  15.3868   0.0481     7.03    0.338   0.68   2      33.61     833.5142      48.4725
      1147    585.5460    228.6041     6391.867     123.3789  15.4859   0.0210     6.31    0.552 -54.00   0      91.66     5078.949      65.5875
      1148    159.6768    230.0183     1268.473     82.06739  17.2418   0.0703     1.90    0.138  -0.86   0      32.25     1217.498     50.46301
      1149    136.7421    228.0588     5917.078     306.9641  15.5697   0.0563     9.10    0.357   2.67   0      32.19     755.4523     48.45299
      1150      4.4858    229.0705     1407.419     108.7978  17.1289   0.0840     5.14    0.529 -61.27  16      17.06      745.519     47.94151
      1151    738.9608    223.8962     4827.132     262.3312  15.7908   0.0590    10.62    0.163 -29.68   0      30.29     954.4218     48.69239
      1152     37.0116    223.7408     11598.26     282.3712  14.8390   0.0264    13.01    0.395   0.25   2      63.76     1676.171     52.48812
      1153    748.2870    224.1350     2300.957     94.25471  16.5952   0.0445     2.55    0.330  25.29   0      52.39     1889.661      53.0891
      1154    578.3044    223.5179     1738.504     126.1209  16.8996   0.0788     4.27    0.587 -31.63   0      28.34     1115.706     49.66543
      1155    114.0048    224.8942     9168.473     102.9849  15.0943   0.0122     0.00    0.219 -89.73   0      134.6     8788.823     77.30996
      1156    393.9474    220.7050     16377.31     301.8999  14.4644   0.0200    14.45    0.433  10.68   0      83.99     2392.587     55.09862
      1157    332.4820    223.4644     2691.998     230.2408  16.4248   0.0929     7.49    0.550   2.70   0      17.08     460.2807     46.68974
      1158     17.0367    223.7549     8900.373     109.0123  15.1265   0.0133     4.97    0.258 -81.55   0      125.8     7949.932     74.80318
      1159    801.2111    221.5121     7629.969     265.8036  15.2937   0.0378     7.24    0.412   2.28   0      47.87     1350.627      50.8393
      1160    566.9822    221.0068      8248.02     98.12057  15.2091   0.0129     4.24    0.035 -28.69   0      128.2     8062.772     75.14524
      1161    877.2009    218.8332     5622.212     202.2525  15.6252   0.0391     8.09    0.407  -2.95   0      37.43     933.7424     49.28218
      1162    463.0435    219.7428     2176.692     171.0626  16.6555   0.0853     7.25    0.460   0.35   0      17.15     467.6697     46.84536
      1163    509.0021    218.9786     2410.593     190.7013  16.5447   0.0859     6.25    0.564  11.76   2      18.46     676.7932     47.84917
      1164    290.2737    217.6221     1207.364     98.92683  17.2954   0.0890     3.21    0.419  63.98   0      24.69     978.7005     49.37582
      1165    676.9097    217.9502     2722.684     86.00036  16.4125   0.0343     4.38    0.124  29.80   0      63.59     2536.459     55.78935
      1166    119.1206    215.3442     17093.63     251.3884  14.4179   0.0160    13.56    0.490 -12.06   2      91.53     2574.784     55.94526
      1167    659.2709    214.0903     3380.274     99.67152  16.1776   0.0320    -0.99    0.386  18.70   0      73.84     3042.308      57.9101
      1168    578.1326    211.9838     4965.794     241.3366  15.7600   0.0528     5.82    0.232  39.31   2      32.05     1500.094     51.61174
      1169    828.0227    213.4830     845.9642      110.189  17.6816   0.1415     2.30    0.542 -26.46   0      13.27     686.1628     47.77662
      1170    905.7815    210.0118      2946.25     94.32569  16.3268   0.0348     4.78    0.238  -1.33   0      67.06     2634.416     56.38592
      1171    129.9520    207.1503      8955.49      107.837  15.1198   0.0131     0.00    0.285 -71.74   0      125.5     7764.767     74.38914
      1172   1020.3616    204.3276     18135.31     288.5564  14.3537   0.0173    17.57    0.460  34.20  27      92.13     2516.421      55.9083
      1173   1019.0644    193.4933     13925.68     242.2332  14.6405   0.0189    14.17    0.402 -14.23  27      75.66     1912.669     53.29266
      1174     84.1539    207.0447     1269.142      155.213  17.2412   0.1328     5.82    0.713  46.08   0      10.75      384.288     46.55946
      1175     45.1349    208.9309     4791.681     101.4694  15.7988   0.0230     0.00    0.275 -30.76   3      86.02     4126.765     62.02028
      1176     51.8493    207.6548     2016.516     214.4422  16.7385   0.1155     6.68    0.565   9.29   3      15.56     579.3694     47.50218
      1177    699.0140    208.0004     20938.88     124.0815  14.1976   0.0064     4.21    0.011   1.96   0      209.7     20878.78     107.1087
      1178    666.1097    205.0163     9956.791     265.6868  15.0047   0.0290    12.07    0.338 -16.87   0      59.96     1551.577     51.62149
      1179    491.7425    206.4087     3733.671     242.4933  16.0697   0.0705     9.58    0.356  19.02   2      21.57     496.9347     47.10612
      1180    486.3723    202.6392     6012.112      104.167  15.5524   0.0188     1.49    0.283 -45.43   2      87.39     5897.126     68.44572
      1181    441.6206    203.2880     72145.54     306.7544  12.8545   0.0046     7.65    0.288   3.00   0      283.9      11375.4     84.44022
      1182    940.2950    213.8213     5746.335     223.4285  15.6015   0.0422     7.26    0.404   1.58   0      38.65     1024.275     49.13144
      1183    104.2149    202.0552     5044.501     256.0416  15.7430   0.0551     1.85    0.087 -41.87   2      33.64     895.3833     48.99081
      1184     28.7282    204.1111     5495.786     101.6668  15.6499   0.0201     5.13    0.332 -22.15   2      94.09     4733.467     64.20506
      1185    537.2721    205.0036     3403.714     99.72495  16.1701   0.0318     5.19    0.362  -0.07   0       73.3      3040.83     58.00091
      1186    711.4645    202.8874     5103.649     290.8943  15.7303   0.0619     0.00    0.581 -41.95   2      27.05     594.9185     47.22217
      1187    717.3295    201.3254     1393.643     153.5832  17.1396   0.1197     2.47    0.337 -55.79   3      15.49     649.8162      47.6034
      1188    365.2968    198.7237     4159.536     219.9073  15.9524   0.0574     8.92    0.432  -3.57   0      27.28     734.5889     47.88966
      1189    355.9110    199.9010     5959.166       97.093  15.5620   0.0177     4.80    0.246  47.31   0      104.7     5540.265     66.83279
      1190    292.5041    197.3926       3229.8     250.5453  16.2271   0.0842     8.44    0.584  -2.09   0      17.63     445.8988     46.73961
      1191    123.5734    196.5286      1265.98     105.8906  17.2439   0.0908     3.94    0.499 -43.72   0      25.59      911.785     48.95261
      1192    389.0718    196.3368      1175.94     88.38959  17.3240   0.0816     3.70    0.316  64.63   0      28.89     944.1807     49.10278
      1193    781.2415    193.4624      1294.67     96.26183  17.2196   0.0807     2.97    0.418  63.26   0      33.84     1085.421     49.75222
      1194    146.0292    191.0495     41423.39     274.5448  13.4569   0.0072     7.57    0.323  -1.25   0      193.2      6857.56      71.5638
      1195    640.0504    191.6402     8444.331     243.4433  15.1836   0.0313     7.93    0.411  -1.02   0      53.95     1426.974     51.39778
      1196    278.1364    192.8842     2532.967     88.71126  16.4909   0.0380     1.63    0.261 -50.87   0      54.21       2208.3     54.43609
      1197    802.2050    191.7396     1622.879     159.2846  16.9743   0.1066     6.81    0.629  24.93   0      16.47     528.3359     47.25738
      1198    198.9879    190.7705     2784.279     101.1107  16.3882   0.0394     5.36    0.413  89.71   3      44.18     2374.849      55.4309
      1199    195.8063    183.5521     59459.25     298.6161  13.0645   0.0055     7.41    0.290   1.47   2      248.7     9453.349     79.31005
      1200    809.1717    189.3004     2497.635     108.5019  16.5062   0.0472     5.33    0.398  58.03   0      50.82     1829.302      52.6177
      1201    995.3505    185.4661     18320.84     308.3929  14.3426   0.0183    14.75    0.384   8.71   0      94.88     2538.141     55.99652
      1202     35.0201    186.6376     1891.282     90.21017  16.8081   0.0518     2.13    0.186  86.82   2      44.24     1985.712     54.01942
      1203    894.0583    186.9088     1639.984     128.1467  16.9629   0.0849     6.51    0.529 -34.92   2      16.15     552.2723     47.01647
      1204    849.1989    186.3976     2584.067     227.6885  16.4692   0.0957     5.80    0.385   5.98   2       16.8     409.5712     46.56263
      1205    370.5644    182.1937     14306.47     267.2955  14.6112   0.0203    13.73    0.383  -3.12   0      78.38      2220.53      54.8966
      1206   1022.3641    181.6675     2720.194     170.1458  16.4135   0.0679     5.25    0.095 -88.50  24      21.47     663.1671     47.78441
      1207    661.6636    181.1687     11302.14     259.3877  14.8671   0.0249    12.13    0.417  -2.71   0      66.34     1709.191     52.52443
      1208    165.5877    177.8968     9846.153     394.8646  15.0168   0.0436    12.23    0.603  -8.21   0      36.82     975.0784     49.24559
      1209    752.0841    178.8669     1246.549     82.00665  17.2607   0.0714     2.69    0.193 -61.43   0      39.65     1068.982     49.45115
      1210    477.9817    178.8079     2824.509     84.63105  16.3726   0.0325     0.93    0.130  78.61   0      63.33     2849.111     57.24474
      1211     39.0067    177.9877     37260.09     151.0462  13.5719   0.0044     0.00    0.034 -62.61   0      282.9     37133.93     137.3353
      1212     21.8156    177.9092     984.0434     82.98012  17.5175   0.0916     2.73    0.232  29.90   0      32.75     852.2723     48.44494
      1213    628.6647    176.3341     2490.436     96.17697  16.5093   0.0419     1.55    0.258 -44.52   0      50.01     2386.188     55.27517
      1214    618.5259    175.1336     11769.95     264.0721  14.8231   0.0244     7.08    0.368   0.25   0      70.28     1927.719      53.3568
      1215    537.1700    176.4504     4526.482     179.6942  15.8606   0.0431     7.55    0.242   7.97   0      49.35     2308.953     55.16005
      1216    511.1400    175.9872     25331.56     136.0611  13.9908   0.0058     4.80    0.231  -7.20   0      227.5     24336.07     114.2583
      1217    498.0838    175.0636     5127.321     93.64298  15.7253   0.0198     4.61    0.162  35.12   0       93.9     4738.348     64.13509
      1218    256.0013    174.1437     12271.29     136.8744  14.7778   0.0121     3.39    0.563 -89.99   0      113.4     6584.758     70.53355
      1219    563.8589    174.4700     2508.543     197.3092  16.5014   0.0854     2.41    0.091   3.39   0      16.73     584.9003     47.41069
      1220    224.3320    174.3236     3568.336     108.1641  16.1188   0.0329     2.43    0.447 -63.45   0      57.84     2935.898     57.39351
      1221    589.6020    170.9891     4341.156     108.4935  15.9060   0.0271     5.69    0.337   6.24   0      78.15     3464.653     59.63852
      1222    600.8798    170.3271     1027.974     111.8226  17.4700   0.1181     5.10    0.669 -19.79   0      15.52     470.2502      46.6183
      1223    457.0025    170.6116     3489.585     98.50974  16.1431   0.0307     2.27    0.337 -87.29   2      67.54     3022.368     57.92852
      1224    375.1214    170.9752     1333.471     80.52745  17.1875   0.0656     4.39    0.122  -6.60   0      40.69     1192.743     50.24009
      1225    790.9116    169.3171     3550.268     259.0706  16.1243   0.0792     8.35    0.431 -24.25   0      20.64     474.4239     46.75853
      1226    272.9412    169.9134      8223.41     102.2558  15.2124   0.0135     0.00    0.244  53.10   0        129     8170.253     75.32109
      1227    439.6176    167.3049      1262.23      99.0528  17.2472   0.0852     3.81    0.593 -43.57   0      19.67     774.1168     47.96029
      1228    987.0027    166.9953     29129.02     138.2715  13.8392   0.0052     0.00    0.007 -86.31   0      248.6     28834.39     122.8351
      1229     95.3616    166.1970     3678.697     261.3344  16.0858   0.0771     8.44    0.523   1.40   2      20.69     537.9881     47.42199
      1230    699.9334    164.9272     2030.346     85.79797  16.7311   0.0459     0.00    0.197  44.76   0      52.22     1742.067     52.56008
      1231    808.7678    159.0231     3809.264     263.5806  16.0479   0.0751     5.41    0.366 -10.17   2      21.89     579.7451     47.62169
      1232     20.0848    162.9492     2109.101     84.36326  16.6898   0.0434     4.41    0.143 -29.18   0      56.46     1909.218     53.17276
      1233   1008.0873    158.8085     3305.865     185.0799  16.2018   0.0608     8.29    0.315  -3.64   0      22.88     582.8505     47.40087
      1234    829.1163    159.9504     2317.169     201.9986  16.5876   0.0947     3.66    0.542  -1.96   0      15.47     493.0362     46.72925
      1235    391.7016    150.4170     66565.52     378.6147  12.9419   0.0062    18.06    0.327  36.00   2      237.4     7923.054     74.57147
      1236    324.5356    156.4887     4773.725     168.7702  15.8029   0.0384     0.32    0.361  53.29   3      45.95     2202.299     54.41103
      1237    181.3166    158.5556     2098.219     117.6034  16.6954   0.0609     5.42    0.552  72.22   0      23.14     894.9493     48.64474
      1238    630.6652    158.5784     1255.271     134.9304  17.2532   0.1167     2.87    0.413 -16.68   0      19.53     814.3854     48.61361
      1239    439.8798    156.1723     6851.557     223.9257  15.4105   0.0355    11.58    0.215   2.76   0      42.55     970.1019     49.22261
      1240     81.0047    155.9936     5322.021     91.09142  15.6848   0.0186     4.18    0.004 -45.91   2      103.5     5448.497       66.772
      1241    706.6021    152.5683     101365.3     333.6151  12.4853   0.0036     7.51    0.276  -2.87   0      352.2     15635.89     95.45432
      1242    216.7312    153.8385     16028.04     242.4721  14.4878   0.0164    13.16    0.356   0.04   0      91.42     2528.401     55.95698
      1243    928.7870    179.5956     1174.883      108.311  17.3250   0.1001     4.44    0.165   1.26   0      19.37     768.6851     48.28367
      1244    523.8914    152.0993     13775.81     300.8669  14.6522   0.0237    13.06    0.291  -5.78   0      76.19     1851.898      52.8213
      1245    458.2474    153.7029     3305.531     278.1434  16.2019   0.0914     6.11    0.243 -41.37   0      19.91     345.9294     45.88637
      1246    912.7623    151.4001     6706.675     281.4066  15.4337   0.0456    10.98    0.502  -3.86   2      35.89     902.0101     49.13562
      1247    846.9953    152.8549     8405.167     106.6708  15.1886   0.0138     0.00    0.272 -89.73   0      125.2     7745.538     74.25501
      1248    618.1279    152.1184     2307.609     205.4233  16.5921   0.0967     4.36    0.222  25.21   2      15.62     417.3731      46.3598
      1249    931.4906    150.0706     1010.242      107.965  17.4889   0.1161     4.61    0.529 -62.25   0      14.48     727.7467     47.97402
      1250    801.1379    149.6716     29206.66     150.9748  13.8363   0.0056     5.68    0.395 -72.46   0      233.2     25536.27     116.5732
      1251    346.9388    149.9329     2110.698     86.01056  16.6889   0.0443     0.00    0.175  43.97   0      55.59     1851.142      53.1351
      1252    139.8109    148.7283     5327.341     311.0598  15.6837   0.0634     7.90    0.364   6.20   0      20.83     426.7916     46.64661
      1253    687.3016    147.8676     3696.064     97.56071  16.0807   0.0287     2.39    0.339 -22.61   0       73.8     3139.965     58.19598
      1254    932.0957    157.6876     3851.705     204.4037  16.0359   0.0576     9.83    0.353  -5.87   0      25.51     649.3483     47.60117
      1255    285.8871    142.1428     2159.063     86.13826  16.6643   0.0433     1.61    0.217 -45.32   2      51.96     2008.213     53.59422
      1256    920.5169    142.9100     5908.973     290.0789  15.5712   0.0533    11.04    0.520  -1.75   0      31.11     763.4526     48.14288
      1257    834.2468    143.5347     2347.303     186.9187  16.5736   0.0865     5.66    0.451  17.29   0      17.64     446.4896     46.74249
      1258    274.1631    140.9458     36953.05     434.3666  13.5809   0.0128     8.40    0.318   3.29   3      132.2     3079.108     58.24691
      1259    837.9898    156.4996     1606.484     92.56502  16.9853   0.0626     2.24    0.345  89.38   0      36.12     1318.638     50.80641
      1260    950.0276    141.9516        13276     109.1471  14.6923   0.0089     4.38    0.070 -71.21   0      162.6     12910.02     88.72707
      1261    321.2896    158.6723     4892.816      193.637  15.7761   0.0430     2.15    0.276  48.60   3      38.64     1538.669     51.56463
      1262    504.0068    141.0002     2123.462     109.0069  16.6824   0.0557     4.97    0.562 -14.53   2      49.16     1473.924     51.49636
      1263    506.0010    137.0004     13350.43      109.302  14.6863   0.0089     4.23    0.024  64.38   3      166.8     13325.72     89.66079
      1264    480.5466    139.6685     1637.491     193.4302  16.9646   0.1283     5.22    0.650  70.82   0      13.06     385.2882     46.32325
      1265     33.2322    139.9693     5372.477     305.6461  15.6746   0.0618     9.96    0.500  -8.79   3      28.96     659.7668     48.00207
      1266     35.8898    135.8807     6104.592     286.3481  15.5359   0.0509     6.42    0.050 -63.57   3      32.11      746.504      48.0628
      1267    810.0862    139.0112     19624.86      122.796  14.2680   0.0068     4.63    0.181   7.13   0      201.3     19157.73     103.3382
      1268    299.4349    138.3757     8156.634     258.7893  15.2212   0.0345     5.37    0.517 -23.46   0      58.71      715.488     48.26517
      1269    180.0482    137.9246     4403.073     90.33202  15.8906   0.0223     4.48    0.146 -53.18   0      86.38     4036.864     61.68996
      1270     61.0135    137.4609     1968.372     90.40417  16.7647   0.0499     1.04    0.179 -88.97   0      45.93     2036.437     53.92183
      1271    492.4777    133.2640     7701.013     344.7201  15.2836   0.0486    11.63    0.557   6.94   2      32.69     509.1411     46.92697
      1272     76.0012    141.9962     56840.02     178.0868  13.1134   0.0034  -108.71    0.005 -89.52   0      350.4     56548.33     166.3902
      1273    795.2113    133.0631     3004.812     95.93688  16.3055   0.0347     1.73    0.276  62.98   0      56.48     2746.896     56.83748
      1274    662.1514    132.8785     864.2855     116.4028  17.6584   0.1463     3.68    0.239 -46.48   2      14.03     432.2575     46.55313
      1275    275.8042    131.3926     29165.46     487.0335  13.8378   0.0181    11.83    0.461 -11.66   3      87.92     1529.041     51.73904
      1276    281.9562    128.9786       4295.2     88.49243  15.9175   0.0224     4.56    0.143  87.47   3       80.2      4131.08     62.30625
      1277    748.4086    129.1582     14971.11     169.2325  14.5619   0.0123     0.00    0.360   1.55   0      151.2     11587.09     85.33675
      1278    980.4645    126.5827     7067.812     287.1116  15.3768   0.0441    12.98    0.544 -22.01   0      37.62     942.0497     49.09292
      1279    895.7180    130.0066     2752.794     93.85841  16.4006   0.0370     4.91    0.278   0.37   0      60.14     2291.454     55.08791
      1280      8.0198    129.0217      5456.53     91.42641  15.6577   0.0182     0.00    0.063  44.80   0      102.6     5344.339     66.58491
      1281    805.9824    126.9587     8999.619     102.6116  15.1144   0.0124     4.62    0.182  68.11   2      131.8     8475.853     76.53081
      1282    809.8139    126.3980     1202.393     96.04372  17.2999   0.0867     5.49    0.440 -14.46   3      21.75     1011.145     49.41175
      1283    185.2416    124.6040      5356.34     221.1407  15.6778   0.0448    11.59    0.574  -0.23   3      30.15     737.8785     48.37049
      1284    179.7839    119.1715     6589.734     275.7848  15.4528   0.0454    12.63    0.298   0.64   3      41.72      998.818     49.58138
      1285    637.9435    124.1187     2892.699     242.8592  16.3467   0.0912     8.19    0.385  -7.88   0      18.23     463.4978     46.58537
      1286    237.2170    123.7907     1772.061     92.97066  16.8788   0.0570     2.99    0.295 -69.77   0       40.3     1227.696     50.39795
      1287     96.1123    124.8918     1446.644     80.84622  17.0991   0.0607     2.18    0.128   3.03   0      37.59     1327.828     50.73727
      1288    589.2043    121.7592     5956.527     217.9368  15.5625   0.0397    10.23    0.423   0.87   0      39.41     986.6766     49.52569
      1289    744.8911    121.0627     4750.058     309.2831  15.8083   0.0707    10.38    0.339 -13.22   0      24.73     521.1236     46.86566
      1290    922.9861    120.6417     4517.005     253.3729  15.8629   0.0609     9.50    0.459  -3.34   0      27.55     570.3406     47.69431
      1291    774.3145    117.5270     1506.074       126.81  17.0554   0.0914     2.91    0.401 -67.49   0         23     871.1788     48.41806
      1292    270.4164    117.1464     2830.572     235.1877  16.3703   0.0902     7.64    0.510  -7.99   0      18.07     483.9328     47.04335
      1293    733.3271    115.3074     2085.738      102.302  16.7019   0.0533     3.20    0.448  45.07   0      43.82      1647.01     52.03995
      1294    128.0194    115.2665     5426.156     237.6827  15.6638   0.0476     0.00    0.480 -16.07   0      34.41     1940.564     53.62072
      1295   1018.2248    114.0181     3540.034     204.7416  16.1275   0.0628    10.24    0.256 -20.02  16      24.43     585.0125     47.64682
      1296    877.9313    115.9052     1990.658     112.5253  16.7525   0.0614     0.00    0.170  43.67   0      40.41     1290.084       50.346
      1297    217.7601    115.1477     2750.684     223.5135  16.4014   0.0882     8.01    0.508  22.16   0         19     406.7672     46.66907
      1298    740.5131    109.4503     3321.581     234.4709  16.1966   0.0767     7.91    0.517   4.69   3      21.82     757.2212     47.99695
      1299    736.0168    109.5068      3153.59      241.949  16.2530   0.0833     8.64    0.408  68.98   3      23.46     706.4532     47.63857
      1300    354.9492    126.0718     5800.927     113.9922  15.5913   0.0213     0.00    0.386 -20.82   0      87.45     4436.281     63.14431
      1301     34.9966    111.9009     2758.963     84.45484  16.3981   0.0332     4.35    0.067 -85.80   0      61.74     2562.964     56.09718
      1302    965.6376    110.8297     1976.306     93.46862  16.7604   0.0514     2.68    0.364  25.68   0      45.97     1542.496     51.90609
      1303    209.0446    106.7283        12716      292.028  14.7391   0.0249    11.06    0.297   6.04   0      71.11     1826.725     53.03056
      1304    140.6024    109.5968     4250.596     261.2962  15.9289   0.0668     9.20    0.433   3.14   0      25.57     614.2694     47.55127
      1305    996.8529    108.0670     4819.667     95.85941  15.7925   0.0216     0.00    0.222 -26.08   0      92.87     4441.605     63.25205
      1306    945.9857    109.0000     2953.025     278.3585  16.3243   0.1024     7.75    0.677   6.23   2      19.72     495.3081     46.97925
      1307    637.9827    109.0015     7843.558     97.17921  15.2637   0.0135     0.00    0.027  -0.69   0      125.4     7711.169      74.0742
      1308    698.6669    108.0302     1529.506     89.29407  17.0386   0.0634     2.41    0.329  -6.10   0      43.36      1358.43      50.9841
      1309    256.8492    107.2040     1534.507     98.26133  17.0351   0.0695     4.80    0.268 -51.63   0      36.77     1118.131     49.90142
      1310    153.3500    106.5602     3661.784     237.1728  16.0908   0.0703     8.92    0.360  -9.26   0       22.6     657.8526     47.87621
      1311    339.1114    103.0846     7154.968     259.5311  15.3635   0.0394    12.80    0.326   1.29   0      43.11     965.1762     49.08594
      1312    301.0029    103.7001     1417.803     170.8725  17.1210   0.1309     3.92    0.614  23.00   2      14.97     640.8833     47.67831
      1313     88.4320    103.5244     12866.73     338.3218  14.7263   0.0286    13.69    0.195 -11.26   0      66.28     1411.723     51.22111
      1314    948.0119    100.9829     6216.324     93.29602  15.5162   0.0163     0.00    0.047 -61.76   0      110.1       6082.4     68.89584
      1315    553.2991     99.4711      3850.49     259.3338  16.0362   0.0731     9.47    0.581 -15.15   2      23.57     502.9724     46.41711
      1316    441.0451    100.0259     4083.387     87.94675  15.9724   0.0234     4.31    0.080  27.79   0      86.23     3920.376     61.53287
      1317    447.7211     97.7697     2265.244      108.014  16.6122   0.0518     3.99    0.207 -47.55   0      44.09     1529.357     51.74044
      1318    784.0452     95.0588     13034.91     116.1167  14.7122   0.0097     0.00    0.195 -18.21   0      158.4     12055.28     86.38046
      1319     75.3871     94.7941      6536.49     288.6369  15.4616   0.0480    11.14    0.410  -4.62   0      37.94     876.3279     48.78771
      1320    958.1768     92.8499     7720.036     229.7323  15.2810   0.0323     7.40    0.336  -3.86   0       48.7     1274.285     50.82839
      1321    992.9785     93.9273     1675.441     83.18679  16.9397   0.0539     0.00    0.127  59.93   0      45.91     1343.746     51.02843
      1322      2.3862     90.2667      3865.89     182.7277  16.0319   0.0513     8.02    0.438 -80.70  24      28.43     855.4398     48.69031
      1323    371.2993     91.3943     3018.438     244.1262  16.3005   0.0878     8.21    0.515  -4.93   0      19.13     479.8845     46.90458
      1324     44.9848     91.9886     16011.55     114.7019  14.4889   0.0078     0.00    0.026  34.69   0      181.8     15873.94     95.90276
      1325    756.0797     89.1622      4639.74     95.43187  15.8338   0.0223     4.77    0.244  64.38   0      86.78     4044.566     61.80898
      1326    678.9872     87.2082     19354.62     307.7926  14.2830   0.0173    14.59    0.204 -25.19   0      96.94     2353.889     55.24364
      1327    929.3409     89.3205      1099.53     94.32767  17.3970   0.0932     5.40    0.503  20.12   0      16.41     639.7605      47.4375
      1328    657.6458     87.6135     7948.098     314.3076  15.2493   0.0429     8.16    0.362   0.42   0       40.6     1049.306     49.81226
      1329    967.0007     85.0241     12756.21     108.0593  14.7357   0.0092     4.23    0.020 -89.34   0      159.8     12623.85     87.86367
      1330    609.2381     88.4569     3281.096     270.9864  16.2100   0.0897     9.84    0.315   8.79   0      21.01     508.7317     47.04415
      1331    667.9246     82.1624     4978.929     139.0645  15.7572   0.0303     5.52    0.390 -50.94   2      76.21     3289.448     58.96706
      1332    774.9276     84.0396     1598.185     160.1259  16.9909   0.1088     1.56    0.353   0.06   0       16.8     826.8279     48.55658
      1333    290.7160     82.6242     2056.328     189.5417  16.7173   0.1001     4.19    0.317 -13.92   0      19.15     863.5034      48.4976
      1334    223.9851     80.0845     2105.063      115.212  16.6918   0.0594     6.21    0.565 -89.98   0      40.92     1562.239     51.77665
      1335    832.8809     79.2384     15186.83     272.1884  14.5463   0.0195    13.57    0.379   6.46   0      84.32     2312.491     55.07306
      1336    895.0175     80.9892     18857.99     120.2096  14.3113   0.0069     0.00    0.036 -44.04   2      197.9     18662.69     102.2983
      1337    349.6418     78.2618     3584.443     109.4839  16.1139   0.0332     5.85    0.480 -36.20   0      70.34     3061.244     58.08085
      1338     32.9350     79.5885     7959.914     117.0284  15.2477   0.0160     0.00    0.356 -88.97   0      111.8     6534.861     70.37259
      1339    968.3245     79.0566     1077.613     94.27485  17.4188   0.0950     2.69    0.401   8.17   0      23.14     902.3149     48.79402
      1340    941.5049     78.9580     1596.792     160.1239  16.9919   0.1089     4.79    0.350  30.62   0      15.44     641.4348     47.20892
      1341    861.5732     78.4926     1741.218     106.9057  16.8979   0.0667     3.73    0.488  44.59   0      14.23     1217.725      50.0183
      1342    502.0202     78.0137       2221.5     208.0368  16.6334   0.1017     7.55    0.330  -6.04   0      17.09     472.2925     46.98708
      1343    542.4630     75.3599     2440.129     166.4409  16.5315   0.0741     3.54    0.356 -23.10   0      19.51     523.9335     47.11753
      1344    407.3434     76.3884     1314.479     97.75109  17.2031   0.0808     3.07    0.390 -60.19   0      23.88     977.7092     49.37125
      1345    215.6037     74.8548     3363.271      228.465  16.1831   0.0738     9.46    0.418  -3.74   0      22.32      526.848     47.25023
      1346      4.4883     73.2839     2336.225     116.8709  16.5787   0.0543     2.35    0.353 -45.31  19      35.77     1658.937     52.19938
      1347      2.2597     66.6195     17307.12     191.5718  14.4044   0.0120     8.27    0.446 -83.30  26        120     5535.604     67.06783
      1348     16.7673     70.8879     12846.37     337.8942  14.7280   0.0286    11.11    0.098  -6.29   2      57.17     3416.062     59.35881
      1349    282.9819     78.9847      2227.05     123.6478  16.6307   0.0603     0.00    0.018  54.90   2       54.6     1892.814     53.31304
      1350    376.0305     71.1658     2218.391     210.7075  16.6349   0.1032     3.50    0.355  79.22   0       14.7     478.4859     47.13596
      1351    205.9792     64.1099     5814.199     95.29546  15.5888   0.0178     4.63    0.196 -77.77   2      102.2     5363.528     66.22904
      1352    246.0982     68.0941     3553.201     88.16785  16.1235   0.0269     0.00    0.146  44.85   0      75.09     3446.291     59.28587
      1353    182.3721     67.7184     1327.863     130.8415  17.1921   0.1070     7.55    0.633 -39.22   0      12.24     499.8262     47.00111
      1354    145.0181     67.9781     7017.984     95.22888  15.3845   0.0147     4.27    0.043 -63.52   0      116.5     6733.113     71.16748
      1355    338.8979     63.0971     5551.541     282.9563  15.6390   0.0554    11.26    0.374  30.01   0      29.81     635.0384      47.0593
      1356    993.8372     65.1599     4520.708     128.8847  15.8620   0.0310     2.65    0.383  82.80   0      62.02     2808.073     57.08158
      1357    229.9885     65.8169     1030.952     91.14097  17.4669   0.0960     2.76    0.209 -88.96   0      27.83     774.2314     48.30977
      1358    641.2994     62.3641     21933.44     367.5579  14.1472   0.0182     8.67    0.341   5.50   2      89.72     2271.283     54.49332
      1359   1019.3854     61.4988     1198.059     128.4548  17.3038   0.1164     4.25    0.452   4.33  16      18.11     705.1459     47.86683
      1360     71.9254     59.9178     5340.733     271.6799  15.6810   0.0552     3.54    0.245   5.18   0      30.53     1374.885     50.72737
      1361    139.3768     60.4706     1144.486     102.9453  17.3535   0.0977     5.71    0.743  40.92   0      13.07     563.1514     47.42452
      1362    498.9436     58.9914     7725.082     147.3326  15.2802   0.0207     0.00    0.627  -0.33   0      98.85     6014.766     68.75385
      1363    434.8506     59.6939     15388.14     121.7895  14.5320   0.0086     0.00    0.338  63.74   0      163.9     13168.37     89.07266
      1364    887.1079     58.9717     14367.05     117.5103  14.6066   0.0089     0.00    0.224 -14.97   0      169.4     13676.91     90.29895
      1365    957.1158     57.1015     2409.858     207.5693  16.5450   0.0935     5.47    0.233 -58.71   2      16.48     449.3882     46.39597
      1366    580.2170     62.8934      9390.08      108.749  15.0683   0.0126     4.98    0.284 -26.99   0      129.8     8334.904      75.7424
      1367    245.9802     57.9933     8303.367     98.24869  15.2019   0.0128     0.00    0.037  26.92   0      128.1         8060     75.13685
      1368    770.8436     53.8404     6675.552     261.7979  15.4388   0.0426     5.00    0.067 -76.72   3      44.73     1110.319     49.64077
      1369    775.5309     53.4429     5032.181     215.6767  15.7456   0.0465     3.80    0.096  40.35   3      37.19     1248.059      50.4897
      1370    619.8337     56.1076     2314.093     88.14874  16.5890   0.0414     4.62    0.244 -37.38   0      57.12     2091.919     53.74006
      1371    227.5192     55.4291     9399.889     356.2055  15.0672   0.0412     9.00    0.426  -1.05   2      39.72     750.8511     48.19965
      1372    199.8493     54.8354     17623.64     128.0963  14.3848   0.0079     5.20    0.346  46.44   0      180.6     15589.73     95.22684
      1373    737.0080     52.9965     2381.719     95.91972  16.5578   0.0437     0.00    0.094  27.56   3      51.39     1870.234     53.21669
      1374    591.0417     54.0277     6702.021     94.47179  15.4345   0.0153     0.00    0.107  40.53   0      115.7     6683.521     71.00893
      1375    333.7265     54.0421     2711.542     93.75847  16.4170   0.0376     2.32    0.296  -6.20   0      49.46     2265.798     54.88004
      1376    297.1634     53.4913     3130.674     282.4954  16.2609   0.0980     2.25    0.512 -14.92   0      18.52     271.4829     45.39298
      1377    239.1794     53.3070     2971.408     242.9329  16.3176   0.0888     7.48    0.579  -9.62   1      16.59     379.2532     46.05113
      1378    706.4578     50.0717     19731.26     328.7313  14.2621   0.0181    13.86    0.368   2.36   3      96.84     2471.149      55.6234
      1379    716.7327     48.3636     27612.66     326.5087  13.8972   0.0128     7.54    0.320   2.73   3      132.8       3912.3      61.3207
      1380    452.0705     48.7839     4236.827     100.2189  15.9324   0.0257     0.00    0.352 -70.60   0      84.58     3794.766     60.97541
      1381    269.9113     47.7304       5939.6     105.3458  15.5656   0.0193     5.38    0.377  72.61   0      100.1     5233.349     65.86585
      1382    986.0469     50.0021     3644.123     86.80418  16.0960   0.0259     0.00    0.060   2.78   0      81.77     3527.991      59.8794
      1383    741.7360     55.0233     2954.864     138.7757  16.3237   0.0510     0.66    0.277   1.34   2      37.48     1556.245     51.96626
      1384    118.7549     45.6090     2826.627     152.0508  16.3718   0.0584     5.16    0.441  -2.30   0      22.45     632.9446     47.87491
      1385    891.0141     45.4244     1778.835     122.8211  16.8747   0.0750     0.69    0.142  88.21   2      36.32     1305.396     50.85734
      1386    915.1495     43.1720     1658.077     105.4093  16.9510   0.0690     1.93    0.689  45.50   3      24.61       996.35     49.57006
      1387    908.3253     41.1160     4480.097     253.8917  15.8718   0.0615    11.07    0.345   6.61   2      32.07     793.6629     48.05283
      1388    830.8120     42.6285      2173.29     145.4059  16.6572   0.0727     3.74    0.542  79.86   2      22.24     859.9905     48.82635
      1389    832.5731   1022.0012     2501.552     103.2217  16.5045   0.0448     3.32    0.445   0.28  16      53.79     1977.304     53.88023
      1390    932.9999     19.9998     58199.25     179.8131  13.0877   0.0034     4.19    0.001  42.09   3      354.7     58088.32     168.4805
      1391    522.2324     41.9830     2828.163     259.5172  16.3712   0.0997     8.17    0.645 -16.95   0      18.44     477.5377     47.13138
      1392    999.4493     38.2859     18028.75     160.7188  14.3601   0.0097     0.00    0.574 -25.15   0        178     15876.65     95.79234
      1393    202.8697     41.7408     2386.963     92.96835  16.5554   0.0423     2.45    0.313  63.47   0      56.46     2044.438     53.95554
      1394    769.2697     40.4328     3980.596      133.287  16.0001   0.0364     7.24    0.675  35.71   0      54.41     2522.867     55.93449
      1395    648.6660     40.2168     2133.025     160.0108  16.6775   0.0815     7.14    0.613  -2.45   0      25.85     1050.546     49.59265
      1396    554.1565     40.3254     3333.544     233.8848  16.1927   0.0762     9.26    0.463   1.54   0      23.85     608.6256     47.52429
      1397    589.8612     38.4903     4050.391     251.8449  15.9813   0.0675     8.99    0.271  19.84   0      26.35     699.9183     47.72484
      1398     10.4432     38.2265     2244.433     114.2682  16.6222   0.0553     4.10    0.413 -68.52   1      32.02     1625.427     52.37495
      1399      1.6216     37.3230     1687.826     104.1379  16.9317   0.0670     6.35    0.698 -82.37  24      18.28     649.2123     46.28866
      1400    940.9576     36.0725     8066.297     99.12102  15.2333   0.0133     4.50    0.150 -59.58   0        125     7650.963     73.88924
      1401    389.9456     38.3007     3578.711        229.9  16.1157   0.0698     5.33    0.612  13.15   0      16.13     328.5451     45.80019
      1402    721.7335     34.7354     2645.482      176.508  16.4437   0.0725     3.59    0.432  48.37   2      20.03     1099.318     49.70315
      1403    670.1649     33.9384     1489.066     143.3595  17.0677   0.1046     3.86    0.394  68.34   0       16.2     585.3574     47.41289
      1404    462.8105     33.4571     1440.906     96.60648  17.1034   0.0728     3.11    0.406 -62.70   0      31.92     1082.007     49.84906
      1405   1023.4402     32.9557     1930.373     150.7052  16.7859   0.0848     3.71    0.554  83.43  24      17.91     667.3385     45.89216
      1406    824.0009     33.0021     11682.95      105.778  14.8311   0.0098     0.00    0.002  37.69   3      155.6     11660.09     85.33435
      1407    815.9395     29.7170      32824.7     431.8772  13.7095   0.0143     6.27    0.493  -8.89   2      137.8     1045.236      49.3419
      1408    491.4845     33.5202     2591.623     211.1096  16.4661   0.0885     5.14    0.229   0.40   2       16.6     419.0168     46.36785
      1409     16.9472     32.0956     6209.179     216.2672  15.5174   0.0378    12.18    0.425  18.84  16      40.59     1027.135     49.14466
      1410    916.1238     30.9527     5997.753     307.0238  15.5550   0.0556    10.73    0.314 -23.59   1      28.48     622.9843     47.47513
      1411    557.6225     31.2218      4302.62     325.2846  15.9157   0.0821     9.04    0.192 -16.08   0      20.07      385.285     46.68441
      1412    471.8940     32.9026      1208.16      83.5917  17.2947   0.0751     0.00    0.233  45.45   0      39.38     1085.987     49.41608
      1413   1015.1849     31.6141     2761.375     204.5608  16.3972   0.0805     2.99    0.571  27.37  18      18.57      722.382     48.06522
      1414    834.6075     30.6982     1349.278     97.83196  17.1747   0.0787     2.87    0.455 -26.85   0      24.87     969.2313     49.21859
      1415    591.0158     30.0058     46363.39     164.1731  13.3346   0.0038   -19.21    0.032  23.83   0        315      45827.4     151.0382
      1416    727.9907   1021.0236     5564.408     91.69418  15.6365   0.0179     0.00    0.042 -62.31  16      102.1      5317.75     66.40984
      1417    231.7542     29.0657     1186.478     135.8487  17.3144   0.1243     5.16    0.461   9.01   0      15.54     625.7585     47.60616
      1418    155.2524     27.6531     1641.883     105.3743  16.9616   0.0697     2.85    0.296 -75.48   0       32.3     1112.539     50.09994
      1419    424.9792   1021.7702     1250.146     82.01662  17.2576   0.0712     1.04    0.129  89.36  16      33.14     1141.126     50.22946
      1420     81.3571     24.8324     2734.841     257.2684  16.4077   0.1022     7.15    0.566 -66.80   0      15.08     309.3431     46.31323
      1421    604.8772     22.9256     1538.401     171.0328  17.0323   0.1207     5.00    0.392 -89.64   2      15.51     780.7556     47.99174
      1422    803.8179   1019.3764     2944.114     206.8042  16.3276   0.0763     7.59    0.473  82.44  18      20.98     537.7744     47.42096
      1423    478.1271     22.5452     1116.791     86.63661  17.3801   0.0842     2.49    0.527  26.49   0      18.56     879.4649     48.68747
      1424    370.1947     22.1815     1121.856     89.82241  17.3752   0.0870     4.04    0.369  45.15   0      30.23     785.7704     48.36402
      1425     65.3060     23.0004     2695.118     185.0862  16.4236   0.0746     4.58    0.409   0.94   0      19.87     886.9871     48.83735
      1426   1007.2414     19.0843     2087.491      173.383  16.7009   0.0902     4.35    0.577 -16.13   0      17.39     505.4603     46.78964
      1427    216.9172     19.9912      2183.25     82.89109  16.6522   0.0412     0.00    0.104  -3.80   1      54.12     1842.563     53.09839
      1428    740.0292     18.9949     6028.138     92.83646  15.5495   0.0167     0.00    0.044  -0.25   0      105.6     5730.059     67.88871
      1429    696.4328     18.0716     2042.457     165.0511  16.7246   0.0878     7.11    0.286   3.16   0       20.4     737.4828     48.13657
      1430    487.0354     22.9657     2667.334      84.2079  16.4348   0.0343     0.00    0.116 -45.53   0         70      2698.21     56.83981
      1431    791.8841   1020.8549     1430.969     127.7754  17.1109   0.0970     5.09    0.522 -39.36  16      15.31     597.4296     47.23425
      1432    958.7715     17.5435     2724.309     247.8375  16.4119   0.0988     7.81    0.337 -13.76   0      17.06     350.4371      46.2731
      1433     14.8579   1019.4551     2354.387     204.7928  16.5703   0.0945     5.28    0.227  85.00  17      16.02     551.2079      47.4853
      1434     76.8077   1016.2853     4752.335     216.6774  15.8077   0.0495     8.42    0.334   4.29  16      30.61      790.363     48.50117
      1435    608.0302     15.0396     2965.087     85.00773  16.3199   0.0311     0.00    0.105  44.34   0      72.77     2925.611     57.74191
      1436    502.5969   1015.0410     2596.247     197.4102  16.4641   0.0826     7.67    0.630 -28.59  16      17.51     783.5275      48.5845
      1437    203.8922     13.9745     5709.286     96.50632  15.6085   0.0184     4.69    0.216  15.10   2      100.6     5174.016     65.57549
      1438    466.0554     25.0551      11913.2     108.8738  14.8099   0.0099     4.57    0.163  45.30   0      154.1     11410.31     84.79863
      1439      9.1691   1016.5701     3350.658      248.974  16.1872   0.0807     7.56    0.525 -20.92  17      17.04     451.3439      47.0049
      1440    970.1036   1015.3885     10114.67      108.976  14.9876   0.0117     1.29    0.108 -81.88   0      122.8     9898.035     80.50476
      1441    746.2398   1015.0611      5051.32     104.7564  15.7415   0.0225     5.34    0.328  10.94   0      94.37     4673.154     64.07863
      1442    732.9318   1014.9597     5141.286     93.67687  15.7223   0.0198     0.00    0.207  29.66   0      94.45     4616.329     63.87677
      1443    476.4405   1014.2344     1761.953     162.0944  16.8850   0.0999     4.86    0.486   0.02  16      14.55     414.8488     46.58839
      1444    557.6442   1013.0286     1155.846      155.047  17.3428   0.1457     4.47    0.640  58.76   0       10.3     503.8986     47.25833
      1445    188.9766   1011.6035     17643.27     251.8848  14.3836   0.0155    12.64    0.440 -19.02  16      105.6     1512.614     51.66684
      1446    790.0616   1010.3585     2348.728     92.87483  16.5729   0.0429     2.15    0.296 -87.97   0      48.02     1941.261     53.51917
      1447    941.0114   1010.4741     989.3461     84.66429  17.5116   0.0929     4.95    0.534 -24.74   0      15.23     779.5822     48.45062
      1448    438.6949   1010.0388     5093.328     242.6132  15.7325   0.0517     6.63    0.427   2.20   0      34.63     998.8268     48.89922
      1449    309.9697   1023.0217     5302.054      86.3063  15.6889   0.0177     4.30    0.066 -29.16  24      97.83     5031.574     65.50866
      1450    165.9869   1007.8525     2608.814     161.5539  16.4589   0.0673     3.22    0.531  87.49   8      31.19     1340.862     51.01559
      1451    399.0110   1007.9957     51385.58     170.9843  13.2229   0.0036     4.40    0.091  13.07   0      330.5     50532.35     157.9594
      1452    824.1520   1006.8314     2242.924     210.0687  16.6230   0.1017     6.02    0.590   7.22   0      14.64     348.9695     46.50728
      1453    766.8876   1004.9764     7958.217     267.1341  15.2480   0.0365    11.35    0.500  -0.68   1      46.99     1214.925      50.1174
      1454    753.9047   1005.1227     5755.387     296.1673  15.5998   0.0559    10.60    0.431  -1.00   9      33.67     845.6835     48.41402
      1455    915.7331   1004.6342     1347.012     83.96836  17.1766   0.0677     4.51    0.195 -48.94   0      31.52      1298.72     50.71723
      1456    901.0126   1001.5234     11632.52     233.5708  14.8358   0.0218     8.08    0.300   0.44   0      71.65       1953.3     53.67468
      1457    567.1406   1004.8596     1379.365      87.3227  17.1508   0.0688     3.73    0.278 -45.40   0      39.54     1145.131     50.24758
      1458    553.2050   1004.3041     2956.907     232.9184  16.3229   0.0855     8.41    0.547   1.60   0      19.85     487.8615     46.94321
      1459     18.4497   1003.7361      1034.57     113.0806  17.4631   0.1187     2.94    0.481  68.23   0      19.23     858.0944      48.7027
      1460   1008.0954   1002.9337     6597.375      95.6937  15.4516   0.0158     4.54    0.150 -35.33   0      108.7     6091.108     68.76192
      1461    608.0816   1000.8100     3721.446     164.8189  16.0732   0.0481     7.38    0.438  -5.70   8      28.52     820.8347     48.52851
      1462    240.7344    998.2350      9540.53     307.3668  15.0511   0.0350    12.06    0.470  15.95   2      44.93     1084.677     49.74882
