#   1 NUMBER                 Running object number                                     
#   2 X_IMAGE                Object position along x                                    [pixel]
#   3 Y_IMAGE                Object position along y                                    [pixel]
#   4 FLUX_AUTO              Flux within a Kron-like elliptical aperture                [count]
#   5 FLUXERR_AUTO           RMS error for AUTO flux                                    [count]
#   6 MAG_AUTO               Kron-like elliptical aperture magnitude                    [mag]
#   7 MAGERR_AUTO            RMS error for AUTO magnitude                               [mag]
#   8 FWHM_IMAGE             FWHM assuming a gaussian core                              [pixel]
#   9 ELLIPTICITY            1 - B_IMAGE/A_IMAGE                                       
#  10 THETA_IMAGE            Position angle (CCW/x)                                     [deg]
#  11 FLAGS                  Extraction flags                                          
#  12 SNR_WIN                Gaussian-weighted SNR                                     
#  13 FLUX_APER              Flux vector within fixed circular aperture(s)              [count]
#  14 FLUXERR_APER           RMS error vector for aperture flux(es)                     [count]
         1    729.9121     49.8372     232508.6     992.1373  11.5839   0.0046    13.12    0.601  -3.35   0      394.7     25192.71     140.7408
         2    213.4406     46.2997       155904     713.4402  12.0179   0.0050     6.56    0.192 -26.95   2      328.4     20633.74     132.6365
         3    352.3422     43.1624     25072.98     757.4202  14.0020   0.0328     6.58    0.240  -7.48   0      55.88     2940.265     98.93797
         4     16.9931     30.6465     222032.2     873.7809  11.6340   0.0043    12.13    0.504 -26.03  19      362.4     23014.97     137.8735
         5     19.4397     22.3228     113952.2     655.9245  12.3582   0.0063     6.81    0.267  -8.14   3      252.2     14413.24     122.4896
         6    594.7702     22.1051     92371.92     899.7848  12.5862   0.0106    13.81    0.318  -4.99  18      184.1     10335.09     113.8376
         7    775.2278     28.9116     23477.08     732.0872  14.0734   0.0339     8.14    0.126 -12.08   0      55.73     2798.198     98.12563
         8    710.9939     24.6557     26361.32     887.6737  13.9476   0.0366    13.07    0.313  -3.63   3      39.77      2018.14     97.04291
         9    721.3351     17.6208     24440.21     719.2276  14.0297   0.0320    14.64    0.317 -12.75  19       57.6     2796.247     98.84843
        10    327.7896     20.3948     153020.2     723.3297  12.0381   0.0051     6.46    0.247 -24.30  18      319.1     20265.04     132.9045
        11    341.5564     12.8187     13945.08       544.46  14.6389   0.0424     6.87    0.295 -12.27  19      36.92     1919.557     97.05807
        12    683.5637     22.0590     26763.06     671.0414  13.9312   0.0272    10.81    0.200 -16.37   0       70.8     3666.437     100.5922
        13    205.7224     20.5724     36837.69     680.6119  13.5843   0.0201    14.70    0.144   9.41   2      85.04     4042.042     101.4373
        14    653.2052     20.5183     12995.16     484.8918  14.7155   0.0405     6.43    0.196  -6.33   0       39.1     2032.841     97.07733
        15    769.7227     20.0018      32628.3      242.904  13.7160   0.0081     0.00    0.364   0.18   0      243.9     30190.68     148.9137
        16   1020.1514      9.1142     69013.45     603.6929  12.9027   0.0095    10.31    0.089  68.09  24      171.3     9623.705     112.8324
        17    696.3539     16.6514     9856.588     644.3244  15.0157   0.0710     8.95    0.149 -89.60   0      23.48     987.3774     94.59808
        18    172.7230     11.0962     179695.2      738.969  11.8637   0.0045    18.14    0.206  -4.58  24      360.4     23401.41     137.8178
        19     51.4443     15.4348     10545.38     484.9746  14.9423   0.0499    11.04    0.430 -11.87  16      29.23      1382.32     95.54223
        20    132.6333     11.4185     19669.52     950.9494  14.2655   0.0525    14.20    0.479 -10.11  19       31.6     1401.487     95.83727
        21    143.6726     12.3939     33321.17      676.796  13.6932   0.0221     8.09    0.152  -7.00  19      81.28     3948.488     101.2275
        22    145.2200      3.5073     100870.3     661.3794  12.4906   0.0071     7.30    0.533   6.57  27      227.1     13187.27      119.596
        23    389.8232     12.5021     14460.94     586.8763  14.5995   0.0441    12.11    0.233 -34.02  19      38.79     1721.021     95.09737
        24    388.4751      7.1890     12392.87     567.4461  14.7671   0.0497     4.50    0.005  62.77  19       32.2     1817.654     96.57224
        25    617.0457     13.0684     3780.195     163.6718  16.0562   0.0470     0.00    0.123  64.55   0      65.34     3466.625     100.1398
        26    768.0037     12.9476      7159.26     168.2986  15.3628   0.0255     0.00    0.066 -86.48   0      103.8     6783.223     107.6256
        27    876.8984     10.9010     28271.99     411.3893  13.8716   0.0158     0.16    0.439 -46.86  16      141.4     10349.73     113.6569
        28    623.9965      8.2225     9684.466     577.8373  15.0348   0.0648     5.88    0.169 -12.99  16      25.83      1345.55     95.20426
        29    303.3803      7.9208     8357.913     504.4809  15.1948   0.0656     6.12    0.096 -36.92  16      25.48       1350.4     95.46627
        30    808.2093      3.3660     43181.02     517.6312  13.4118   0.0130     7.04    0.391  -2.26  24      126.6     7370.005     109.0768
        31    949.7418      3.3505     9434.868     414.0328  15.0632   0.0477    10.55    0.350  33.43  24         28     1124.875     94.92785
        32    596.6245      3.0139     33983.23     540.7521  13.6718   0.0173     8.06    0.425  -3.04  24      100.4     5451.307     104.7753
        33    522.2844      2.6811     25132.61     471.9426  13.9994   0.0204     9.53    0.534   4.55  24      77.71     4005.738     100.8837
        34    275.0012      2.9945     57608.64     226.3977  13.0988   0.0043     0.00    0.006 -87.22  24      344.9     56867.89     185.2061
        35     10.6932      2.2184      4365.09     304.4903  15.9000   0.0758     6.92    0.342 -16.33  24      18.12     941.1544     93.47073
        36    481.4829      8.0062      3683.91     393.0436  16.0842   0.1159     5.03    0.378  26.39  16      13.59     753.3998     94.03427
        37    699.9569    989.7158     15404.85     622.7603  14.5309   0.0439     6.26    0.166 -11.96   0      42.87     2265.709     96.88447
        38    931.8624   1021.6785     38752.56     533.8822  13.5292   0.0150    11.17    0.281 -26.05  24      109.5     4199.941     101.5556
        39    749.0710   1022.0120     38694.62     487.0843  13.5309   0.0137     8.47    0.468  -0.50  24      113.6     5780.089     105.2594
        40    607.1303   1010.1746     301663.2     979.0132  11.3012   0.0035    12.30    0.191 -52.11  24      479.5     27286.45     144.4132
        41     25.8293   1020.0154     17058.42     591.9289  14.4202   0.0377    11.16    0.107 -88.44  18      46.31     1194.494     95.34514
        42    856.6896    990.1017     7585.428     572.8583  15.3000   0.0820     8.54    0.404  -8.63   0      20.15     936.1179     93.45848
        43    473.4510    988.1820     19697.17     650.5447  14.2640   0.0359    12.29    0.294 -11.43   0      50.29     2460.933     98.07444
        44    440.2575    984.7770     65510.75     709.7349  12.9592   0.0118     6.29    0.178 -15.08   0      159.8     9137.133     112.2741
        45    616.8184    987.8981     7754.874     531.8633  15.2761   0.0745     7.56    0.220 -16.58   0      18.86     912.5571     93.40117
        46    585.3412    985.8149     18705.99     491.2203  14.3200   0.0285     6.85    0.189  -0.13   2      48.09     2354.926     97.82848
        47    393.0199    983.1100     35335.93     643.1201  13.6295   0.0198     9.40    0.263 -69.45   0         85     4025.208     100.6907
        48    414.9904    983.3948        22759       544.85  14.1071   0.0260     9.60    0.158  -2.41   0      63.46     3308.411     99.78006
        49    934.0694    986.0056     5765.374     385.0539  15.5979   0.0725     3.56    0.523   1.22   0      23.78     2130.046     97.05895
        50    662.3658    980.5964     26073.72      501.806  13.9595   0.0209     0.00    0.191  32.84   0      89.64     2308.896     97.96551
        51    819.5327    981.1087     17878.74     766.2433  14.3692   0.0465    12.64    0.337 -28.67   0      38.68     1817.913      96.0771
        52    803.8942    988.8617     8121.541     534.2592  15.2259   0.0714     7.03    0.303 -13.62   0      23.88      1248.09     94.21408
        53    169.8609    981.8586     4330.005     376.3575  15.9088   0.0944     1.99    0.607  45.74   0      15.56     1172.455      95.0417
        54    520.3309    979.5684     23368.01     709.6964  14.0784   0.0330     3.86    0.219  -2.19   0      55.33     3248.942     99.64452
        55    738.1123    978.7463      13543.1     470.1524  14.6707   0.0377     6.21    0.145 -14.31   0      41.64     2155.083     96.62461
        56    386.9086   1023.0124      14299.8      332.208  14.6117   0.0252     6.76    0.604  -0.59  24      59.85      4088.82     101.0707
        57    537.9043    973.1448      44779.2     939.9389  13.3723   0.0228    14.64    0.142  64.59   2      88.77      1246.37     94.20993
        58    432.3055    975.7186     9170.955      573.487  15.0940   0.0679     7.87    0.334  13.91   1      20.11     866.2902       93.799
        59    123.6612    975.9671     5678.187     400.2063  15.6145   0.0765     7.85    0.331 -27.85   0      19.15      943.735     94.24016
        60    607.6815    973.1143     15537.62     554.8918  14.5215   0.0388    12.64    0.198  -8.80   0      42.99      2069.76     96.67101
        61     89.8925    969.9847      99914.7     602.4712  12.5009   0.0065     6.40    0.127 -21.43   0        239     14259.21     121.8121
        62     22.9582    974.0873     6982.721      171.575  15.3899   0.0267     0.00    0.182 -66.06   0        101     6447.169     106.2415
        63    994.0280    971.5501     14719.41     594.0522  14.5803   0.0438     7.41    0.156 -19.78   0       39.1     1834.337     96.85831
        64    651.6605    971.4519     14572.89     518.9067  14.5911   0.0387    12.47    0.145  37.62   0      43.71     2390.753     97.66751
        65    970.9999    972.3475     20408.13     200.7877  14.2255   0.0107     0.96    0.172 -89.99   0      164.7     20224.66     132.8355
        66    801.7515    962.2469     269083.3     786.7269  11.4253   0.0032     8.63    0.218 -31.76   0      487.4     35293.34     156.6602
        67    693.1212    971.4763      13518.5     688.5649  14.6727   0.0553     8.21    0.262  12.24   2      28.19     980.2455     93.56573
        68    380.5926    970.2021     13919.14     205.2838  14.6410   0.0160     2.38    0.381 -26.82   0      132.6     11575.38     117.1058
        69    847.6816    964.6131     124738.1     784.4784  12.2600   0.0068     6.82    0.180 -16.37   0      264.4      16001.7     125.4023
        70    626.7145    967.1522     9848.531     448.8393  15.0166   0.0495    10.34    0.209 -22.26   0      30.14     1399.196     94.83001
        71    133.0834    967.9452     3349.038     166.6922  16.1877   0.0541     0.00    0.154 -29.39   0      59.71     3117.956     98.86346
        72   1011.1269    964.1047     6169.391     469.1261  15.5244   0.0826     4.78    0.505  34.77   0      20.15     877.3596     93.31548
        73    764.0037    964.5126     5982.265     482.8315  15.5578   0.0877     6.84    0.284 -23.69   0      17.91      892.267     94.11596
        74    263.1183    960.1891     34598.75     229.6412  13.6523   0.0072     5.34    0.373  58.10   0      255.4     32443.89     152.3137
        75     75.9000    961.9278     11532.78     568.1531  14.8452   0.0535     8.31    0.220  -8.92   0      33.87     1581.617     94.51132
        76    968.2728    955.6572     152376.8     658.3137  12.0427   0.0047     7.24    0.166  -6.13   0      328.8     21575.72     134.9505
        77    585.3071    962.1696     4203.634     220.1583  15.9409   0.0569     5.47    0.421  32.56   0      51.06     2819.006      97.6862
        78    376.7601    961.7662     5682.915     328.0841  15.6136   0.0627     5.74    0.062  14.30   0      22.58     1244.339     95.21344
        79    871.9739    957.3306        52588     953.1649  13.1978   0.0197    18.62    0.442 -22.58   0      96.78     4719.014     102.9429
        80     46.1232    957.2979     19983.18      468.183  14.2483   0.0254     6.49    0.153 -18.15   0      59.26     2996.623     98.58414
        81    289.0214    957.1094     2369.744     204.1249  16.5632   0.0935     5.67    0.586 -47.94   0      15.84     1235.111     94.18277
        82    282.7619    956.0884      32383.9      219.424  13.7242   0.0074     0.00    0.279 -21.63   0      238.8      28786.6     146.4293
        83    202.7923    956.7127     5115.487     176.0025  15.7278   0.0374     1.53    0.221  54.39   0      66.06     4795.486     103.1116
        84    228.5165    955.8214     3966.936     388.6264  16.0039   0.1064     4.18    0.337 -40.23   0      15.79      869.188     93.80602
        85    185.7124    955.4293     4577.938     382.7962  15.8483   0.0908     6.80    0.392 -23.65   0      16.46     814.1284     93.41729
        86     16.3541    949.4784     91130.77     759.1139  12.6008   0.0090    17.74    0.270 -26.51  16      199.2     10990.33     115.7588
        87    768.9969    954.7117     2541.711     165.5878  16.4872   0.0708     1.63    0.131  83.85   0      37.65     2574.343      98.0938
        88    141.4042    953.4279     51526.86      282.012  13.2199   0.0059     3.87    0.535 -56.03   0      273.4     40724.11     164.4953
        89    852.9337    950.1913     21910.35     802.4194  14.1484   0.0398    11.70    0.060 -38.54   1      41.71     1906.814     96.53482
        90    708.0638    950.9463     24923.36     817.2693  14.0085   0.0356    10.66    0.366  11.34   2       55.8     1377.412     95.28029
        91    788.2392    950.9178     6946.573     416.9815  15.3956   0.0652     0.00    0.551   3.27   0      24.51     2713.065     97.92826
        92    689.5873    949.1066     7112.603     505.1027  15.3699   0.0771     7.22    0.134 -56.81   0      22.09     1038.767     94.21598
        93    174.8830    950.0736     9952.895     592.2259  15.0051   0.0646     8.37    0.274  15.78   0      22.88     1154.673     93.98846
        94    333.2157    944.5302     52690.11     802.2107  13.1957   0.0165     7.78    0.173 -22.03   2      114.6     5653.347     105.2126
        95     93.8574    945.3661     9585.928     652.5146  15.0459   0.0739     9.95    0.396 -56.90   2      23.36     896.2804     94.12565
        96    826.0028    945.7614     11207.81     180.4225  14.8762   0.0175     0.84    0.151 -89.05   0      118.4     10620.19     115.6508
        97    235.9148    945.1112     4040.152     396.2737  15.9840   0.1065     1.80    0.609 -45.64   0      14.24     1041.926      94.2236
        98    625.6315    937.2540     160595.9     693.7465  11.9857   0.0047    17.20    0.131 -18.07   0      337.6     20943.99     134.0606
        99    613.0040    943.0087     33721.88     200.9933  13.6802   0.0065     4.21    0.012  87.73   0      258.7     33017.52     153.1672
       100    649.2769    940.4849     11174.17     619.2897  14.8795   0.0602     6.79    0.042  -5.03   0      28.86     1363.951     94.49316
       101    389.9549    934.7778     92671.77     685.2084  12.5826   0.0080     6.60    0.086  -7.93   3      211.5     12481.66     119.2528
       102    388.6470    924.1508      46637.7      802.728  13.3282   0.0187     6.94    0.170 -12.44   3      95.99     4948.294     103.6784
       103    276.3966    938.1058     28019.87     624.4862  13.8813   0.0242     8.98    0.186 -18.07   0      73.65     3558.614     100.3483
       104    175.4202    938.2719     40614.92       712.69  13.4783   0.0191     8.45    0.139 -19.91   0      102.2     5268.928     104.3789
       105    756.0650    939.3370     9840.838     382.8022  15.0174   0.0422     9.21    0.096   1.92   0      32.38     1668.056     95.72195
       106    667.7247    935.2142     100320.7     753.9847  12.4965   0.0082    10.08    0.285 -19.47   0      215.6     12306.48     118.7175
       107    794.1173    931.7712     226348.8     755.5546  11.6131   0.0036    18.48    0.120 -43.61   0      425.9     29071.06     147.0327
       108    732.3173    937.8909      8878.59     184.0684  15.1291   0.0225     0.71    0.086 -36.35   0      91.93     8171.655     110.0858
       109   1020.0920    935.2078      19382.8     639.3275  14.2815   0.0358     8.50    0.255 -17.08  18      54.24     1216.929     94.89672
       110    457.7191    933.6595     15250.23     706.2473  14.5418   0.0503     7.35    0.198  -6.09   0      30.21     1377.488     94.77796
       111    483.3539    933.7267     6648.464     497.7498  15.4432   0.0813     8.04    0.236 -43.34   0      20.83     1092.435     94.59809
       112    408.0694    934.9880     4918.027     165.2442  15.7705   0.0365     4.31    0.084  -1.53   0      82.34     4716.521     102.9374
       113    154.6210    927.8010       128525     719.7504  12.2275   0.0061     8.31    0.099 -17.58   2      283.9     17785.09     128.5938
       114    989.2001    933.9534     5076.068     175.9516  15.7362   0.0376     0.00    0.205 -16.06   3      72.46     4254.216     101.9116
       115    993.2377    929.1615     12025.34     429.5799  14.7998   0.0388     6.10    0.196 -16.59   2      39.28      2043.93     96.85709
       116    607.8586    930.2712     34061.51     618.0493  13.6693   0.0197     6.53    0.150  -6.56   0      91.19     4843.615     103.2176
       117    976.0361    929.4096     17254.67     616.6964  14.4077   0.0388    13.57    0.208  -6.15   2      47.48     2355.828     98.07433
       118    967.1139    930.2313     7458.431     523.8196  15.3184   0.0763     8.20    0.447  24.92   3      22.25     978.0702     94.06946
       119     75.3090    931.2028     8593.974     508.1237  15.1645   0.0642     6.58    0.122 -28.26   0      26.69     1378.426     95.28271
       120    315.8574    930.1128     15421.71     198.0984  14.5297   0.0140     5.14    0.167 -41.85   0      153.9     13695.68     120.7561
       121    101.1321    928.8104     11543.07     578.5679  14.8442   0.0544    10.63    0.362 -32.45   0      33.93     1445.149     95.44173
       122    543.9203    927.8311     28601.59     586.2495  13.8590   0.0223    11.58    0.226  12.72   2      72.23     3570.791     100.3759
       123    540.9178    918.2534      12042.2     203.1952  14.7982   0.0183     5.28    0.381 -71.60   2      136.6      10614.3     114.8103
       124    295.1372    931.0908     2116.028     165.0025  16.6862   0.0847     2.68    0.198  26.29   0      36.68     1696.107     95.53895
       125    217.4110    929.3596      23475.9     788.6102  14.0734   0.0365    12.08    0.223 -32.09   2       49.6     1744.828     96.89478
       126    121.0047    926.0024     35412.04     328.6646  13.6271   0.0101  -108.71    0.254  87.05   2      191.7      19204.1     131.0777
       127     86.2276    927.1024     11863.61     586.8876  14.8145   0.0537    10.69    0.228 -25.93   0      31.75     1651.645     94.93142
       128    434.1434    925.8115     7937.763     489.8818  15.2508   0.0670     6.18    0.041  52.23   0      25.01     1327.822     95.41251
       129      7.9723    923.4263     15804.07     709.7974  14.5031   0.0488    10.99    0.164  -1.03  17      27.68     1076.665     95.06385
       130    281.7276    919.2024     24190.37     590.6321  14.0409   0.0265     7.32    0.128   0.73   0      67.99     3384.937     99.95422
       131    870.5038    917.8178     9510.443     461.7805  15.0545   0.0527    10.82    0.176 -13.94   0      28.48     1214.389     94.13275
       132   1014.0601    917.2927     10197.33     521.5847  14.9788   0.0555    10.70    0.373 -38.73  16      30.36     1318.747       94.637
       133    524.4744    917.6274     6732.378       513.14  15.4296   0.0828     5.91    0.071 -10.72   0      20.28     991.6252     94.35558
       134    365.9824    915.8727     11455.46     577.5008  14.8525   0.0547     7.73    0.077 -64.89   0      30.54     1527.734     95.88751
       135      5.8276    895.0547     20553.13     655.4133  14.2178   0.0346     0.00    0.496  79.26  19      50.47      1441.69     95.43349
       136      3.3233    910.1778     97478.72     521.8505  12.5277   0.0058    11.95    0.316 -88.14  27      258.3     16265.23     126.0685
       137     21.0878    909.0808     136639.6     705.5868  12.1611   0.0056     6.50    0.182 -14.18   3      292.4     17786.61     128.4107
       138    405.2322    910.9084     94126.91     1180.252  12.5657   0.0136     9.91    0.398 -61.83   3      94.63     6973.889     106.9167
       139    401.4714    911.4351     25164.49     538.1432  13.9980   0.0232     2.07    0.187 -31.49   3      79.24     6527.015       106.86
       140    814.7873    915.7522     3896.788     391.6456  16.0232   0.1091     5.21    0.428  71.52   0      14.56     886.6202     94.60841
       141    719.7109    905.5557     24911.32     931.2848  14.0090   0.0406    12.25    0.388  84.24   2       37.9     1158.751     94.25198
       142    797.8125    910.4260     30503.29     771.5276  13.7891   0.0275     6.77    0.118  -3.07   0      69.57     3571.155     100.6143
       143    737.0779    909.0679     57510.99     1108.295  13.1006   0.0209    12.59    0.317 -18.32   0      81.85     3500.864     99.73983
       144    633.9534    911.1146     19215.02     199.4327  14.2909   0.0113     4.83    0.226 -72.25   0      186.7     18348.02     129.2159
       145   1000.1768    906.6526     19447.69     502.3733  14.2778   0.0281     8.00    0.273 -13.62   2       57.4     3035.034     99.39593
       146    678.5934    904.5024     18534.42     667.3548  14.3301   0.0391    11.80    0.214 -29.56   2      45.22     1955.179     96.64861
       147    636.8510    901.9900     36087.59     965.4338  13.6066   0.0291    16.68    0.583 -24.18   2      57.54     2929.899     99.15524
       148    645.5503    900.7112     12825.58     618.9318  14.7298   0.0524     7.48    0.232 -12.70   3      33.91     1559.779     95.21409
       149    452.5955    905.4211     12277.25     628.3036  14.7772   0.0556     6.67    0.356 -48.20   2      26.05     897.0265     94.12745
       150    304.2223    905.2778     4022.412      358.292  15.9888   0.0967     4.21    0.222  -3.37   0      17.18     1039.344     94.47045
       151    483.2701    903.0892     14778.44      542.612  14.5759   0.0399    11.20    0.217 -12.83   0      44.07     2018.414     96.30261
       152    167.5263    902.7451     13242.24     533.0844  14.6951   0.0437     8.18    0.257   0.93   2      40.03     1962.613     96.41878
       153    944.2524    897.4608     38420.72     517.8474  13.5386   0.0146     9.99    0.200  -0.42   0      106.6     5824.466     105.3552
       154    768.2731    898.1235     12039.17     604.9839  14.7985   0.0546     6.79    0.421  16.85   2      22.19     836.0194     93.47054
       155    413.6721    890.1293     241260.5     1000.126  11.5438   0.0045     7.16    0.321 -50.46   2      385.4     23900.84      138.811
       156    324.0093    894.0908     52953.85     545.3938  13.1903   0.0112     6.73    0.142  -8.86   0      141.3     7892.991     109.7268
       157    352.5542    896.8903     23252.89     233.9675  14.0838   0.0109     2.50    0.465 -63.69   0      143.5     19915.48      131.944
       158    626.8730    893.5577     18152.71     773.3031  14.3526   0.0463    10.57    0.283 -21.74   0      32.07     1446.557     95.44508
       159    172.8949    893.1714     7495.511     431.3483  15.3130   0.0625     2.99    0.307  70.88   0       26.8     1133.573     93.68291
       160    223.7890    891.6913     8117.405     520.6776  15.2265   0.0697     9.21    0.247 -37.14   0      25.39     1115.616     94.40118
       161    460.1833    888.9768      12395.1     655.3165  14.7669   0.0574    10.14    0.280 -12.53   2       29.5     1303.475     95.60456
       162    799.1852    888.2938      10398.1     576.0493  14.9576   0.0602    10.55    0.422  -3.56   0      29.53     1268.428     94.51608
       163    742.7189    885.8375     36758.54     869.9862  13.5866   0.0257     5.72    0.189 -17.22   1      61.27      3364.94     99.66947
       164    105.2484    887.8627     5687.726     476.4696  15.6127   0.0910     7.80    0.239 -13.01   0      17.71     745.7432     93.76146
       165    515.4998    881.8038     11919.26     631.9636  14.8094   0.0576     6.50    0.182 -83.17   2      27.34     1330.804     95.16905
       166   1020.2473    885.0815      8012.99      349.042  15.2405   0.0473     9.20    0.213  17.61  16      26.63     1316.128     94.63071
       167    250.8821    883.3050      23122.9     689.1342  14.0899   0.0324    14.93    0.414   4.18   0      54.43     2200.761     96.97851
       168     20.0988    883.0198      36492.2     756.1171  13.5945   0.0225     7.66    0.264 -11.31   0       81.7     4166.248     101.0086
       169    983.3828    880.5612      14106.5     693.0787  14.6265   0.0534    13.41    0.468 -15.11   3      34.71     1602.444     96.56023
       170    996.4594    875.0272     61834.07     699.2285  13.0219   0.0123     6.53    0.207  -8.30   2      146.4     8184.555     110.5452
       171    612.3502    877.0720     95038.78     753.9759  12.5552   0.0086     7.27    0.128 -13.97   2      200.2     11127.31     116.0274
       172    360.6190    880.4510     12852.82     586.2532  14.7275   0.0495     6.65    0.167 -11.19   0      36.06     1880.341     96.71965
       173    896.0356    881.0101     7996.506     169.4254  15.2427   0.0230     0.00    0.066  28.20   0      109.1     7491.341     109.3293
       174    657.2791    877.9849     19369.17      719.285  14.2822   0.0403    12.82    0.277 -13.74   0      47.63     2450.615     97.80672
       175    501.9197    877.2151      30357.8     823.1417  13.7943   0.0294    13.88    0.203 -13.54   0      62.48      3129.32     99.37131
       176    162.0017    880.7666     28060.35     197.5316  13.8798   0.0076     0.89    0.141 -89.50   0      209.2     28028.08     145.9033
       177    482.0792    876.3365      30653.5     782.3277  13.7838   0.0277     7.01    0.093  -3.00   0      67.71     3322.291     99.57217
       178    741.0479    872.2250     53123.95     1248.759  13.1868   0.0255    20.63    0.463 -26.24   0      68.38     2121.014     97.52866
       179    380.7092    877.3120     7657.054     514.7104  15.2898   0.0730     5.75    0.059 -29.31   2      22.26     1078.303      94.3113
       180    911.9860    872.3790     75743.72     652.6879  12.8016   0.0094     6.71    0.122 -18.22   1      183.5        10628     115.4595
       181    299.0119    877.9838     16175.16     180.0626  14.4779   0.0121     4.24    0.031 -61.35   0      172.1     15828.32     125.0877
       182    608.0894    864.1142     38337.17      990.975  13.5409   0.0281    12.24    0.173  32.75   3      63.16     3162.693     99.20722
       183    880.7958    867.0170      20998.5     804.3904  14.1945   0.0416     8.64    0.315 -21.70   3      34.66     1688.071     96.01845
       184    874.5429    874.3076     26010.02     921.2435  13.9621   0.0385    14.23    0.341  -4.89   2      42.34     1890.193     95.99953
       185    327.0729    876.9670     3568.148     163.3771  16.1189   0.0497     0.00    0.102   5.05   0      62.81     3272.042     99.69719
       186    125.1529    872.6235     16189.75     608.5063  14.4769   0.0408    13.08    0.243 -24.31   2      41.35     1862.307     96.92392
       187    209.5366    871.5056     35260.29     656.8686  13.6318   0.0202     6.76    0.236 -26.74   0      89.14     4496.897     101.9842
       188    237.0109    874.2462     9742.465     631.1803  15.0283   0.0704     8.21    0.587  16.06   0      20.96     878.1148     94.58798
       189     99.1515    868.9695     23862.92     717.3829  14.0557   0.0326    15.76    0.368 -73.54   0      53.38     2390.372     98.15435
       190    315.7688    871.9531     8924.474     553.2565  15.1235   0.0673    10.02    0.269  13.91   0       26.1     1442.845      95.9353
       191    945.2249    869.2202     30801.67     635.9084  13.7786   0.0224     8.35    0.272  16.73   0      75.97      3455.82     100.5911
       192    893.9984    871.1483     16117.33       764.16  14.4818   0.0515    10.20    0.304 -29.89   1      25.76     1129.497      94.6871
       193    341.0797    868.5941     24587.49     767.4532  14.0232   0.0339    11.97    0.120 -77.06   2      50.87     2120.425     97.28217
       194    245.0902    868.5886     13325.28     582.3507  14.6883   0.0475     6.99    0.200 -36.09   0      39.27     1925.601     96.08332
       195    972.2325    868.9788       6139.8      489.047  15.5296   0.0865     4.19    0.197  -1.40   0      19.23     1122.232     95.17273
       196     13.1060    867.8271     10071.63     623.6887  14.9923   0.0673     9.87    0.337 -18.00  16       25.3     1087.988     93.57225
       197    416.1358    864.1451     18759.21     567.8919  14.3170   0.0329     8.92    0.025  56.03   0      56.49      2886.81      98.8151
       198    984.8678    863.5922     13215.07     659.2327  14.6973   0.0542     7.18    0.211 -18.81   0      33.14      1669.64     95.97482
       199    581.1816    864.7674     5412.116     450.5792  15.6666   0.0904     5.91    0.148  73.23   0       17.5     928.2965     94.70848
       200    329.0582    862.7038     20416.71     615.9254  14.2250   0.0328     6.67    0.196 -13.92   0      57.85     2939.129     98.20869
       201      6.0224    865.9870      12175.1     174.9409  14.7863   0.0156     0.00    0.059 -46.09   0      142.8     11605.19     117.3673
       202    959.3957    862.1292      11998.4     578.7468  14.8022   0.0524     9.99    0.303 -29.18   0      32.77     1658.949     95.94949
       203    905.2335    858.6594     46101.08     751.8885  13.3407   0.0177    15.60    0.188   6.67   1      107.6     5162.766      103.918
       204    834.8475    857.8781      52761.9     604.4955  13.1942   0.0124    11.84    0.186  -9.18   0      135.6     7349.998     108.3762
       205     79.9760    859.6415     3083.413     218.9988  16.2774   0.0771     3.77    0.519 -89.79   0      19.79     2376.949     98.12326
       206    355.0169    859.3792     15222.03     570.6739  14.5438   0.0407     7.13    0.214 -58.55   0      36.38     1068.563     95.04448
       207      5.3147    856.5543     43503.24     556.6616  13.4037   0.0139     7.63    0.103 -18.14  24      118.4      6144.14     105.5913
       208    217.4346    860.1973     5406.497     434.3883  15.6677   0.0873     5.11    0.269  -1.48   0      16.13     810.9725     94.42651
       209    298.0353    851.4061     179558.4     711.7703  11.8645   0.0043     6.41    0.146 -26.07   0        365     24344.16     140.0474
       210    809.6373    858.1143     2020.451     188.5182  16.7364   0.1013     5.06    0.454  -2.32   0      32.44     1632.056     95.38645
       211    774.2458    849.8354     106269.9     956.5651  12.4340   0.0098    24.43    0.217  20.91   2      166.3      4725.38     103.1886
       212    751.6677    853.7779     20623.27     659.9754  14.2141   0.0348    11.64    0.122   1.16   0      54.52     2533.694     98.24291
       213    567.3959    852.2537     21206.36     712.3634  14.1838   0.0365     6.85    0.200 -15.47   0       51.4     2537.431     98.25156
       214    407.8161    850.9779     7072.708     327.2264  15.3760   0.0502     4.21    0.070   3.51   0      27.68     1701.304     96.54565
       215    355.7057    850.1271     7852.409     539.7032  15.2625   0.0746     9.32    0.297 -28.75   0      23.87     1125.605     94.17203
       216    173.2696    842.5031     20728.71     589.2986  14.2086   0.0309    10.66    0.234 -24.75   0       55.5     2781.002     97.84207
       217    373.7607    843.2003     13173.62      599.465  14.7007   0.0494     6.45    0.150  -7.99   0      33.73     1572.601      96.2422
       218    554.0239    843.9961     26820.87     193.0324  13.9288   0.0078     4.25    0.030 -13.91   0      227.4     26478.52     143.3028
       219     77.9584    835.4568     132414.2     760.4641  12.1952   0.0062    10.24    0.236  -0.68   0      261.7     13441.31     120.6728
       220    232.8940    836.6304     27272.15     566.0403  13.9107   0.0225     6.47    0.147 -22.71   0      75.63      3834.61     100.0211
       221    443.3347    834.0980     67490.11     665.2404  12.9269   0.0107     9.11    0.172  -8.31   3      161.1     8589.369     110.7294
       222    430.7347    829.4178     84218.04     626.7736  12.6865   0.0081     6.37    0.124  -8.28   3      201.5     11537.76     117.0328
       223    684.2925    836.8784     4820.016     438.1873  15.7924   0.0987     5.38    0.640  58.20   0      15.15     743.3122     93.50056
       224    498.3809    833.1166     21657.87     506.9171  14.1610   0.0254     7.17    0.157 -12.75   0         64     3224.841     99.58953
       225    373.9337    833.7825     12949.95     637.9729  14.7193   0.0535    10.32    0.104 -29.77   0      31.56     1519.341     95.61824
       226    704.5297    826.5805     273102.6     740.2319  11.4092   0.0029     6.43    0.130  -8.89   0      498.5     36774.82     158.7949
       227    299.6821    822.1202     699494.4     911.0984  10.3880   0.0014    14.09    0.191 -18.14   3        925     91508.94     223.3919
       228    295.1480    806.2870     194351.9     809.5713  11.7785   0.0045     6.37    0.151 -10.05   3      336.1     20284.67     132.5784
       229    995.1901    830.8867     8215.608     536.5289  15.2134   0.0709     7.16    0.242  -6.53   1      24.19     1146.072     94.22141
       230    983.6224    828.1031     38084.81     774.5287  13.5481   0.0221    11.07    0.186  -4.81   0       92.7     4893.201     102.6312
       231    965.3688    828.1571     11556.31     632.7771  14.8430   0.0595    11.19    0.296   0.51   2      28.65     1430.373     95.90575
       232    107.4171    827.0091     42885.25     612.5776  13.4192   0.0155     8.96    0.145  -9.06   0        109     5560.052     104.7833
       233    359.2637    826.2611     8503.882     542.1839  15.1760   0.0692     7.47    0.108 -11.46   0      24.11      1176.22     94.79917
       234   1011.0502    825.9229     6146.294     509.3769  15.5285   0.0900     7.15    0.371 -45.00   0      17.27     902.2988     93.88622
       235    945.4181    817.8273     25277.56     700.1508  13.9932   0.0301     7.24    0.095  -6.68   2         60     3020.328      99.6023
       236    998.1325    826.0370     2596.309     192.3401  16.4641   0.0805     2.54    0.186  -2.62   0      37.64     1795.025     96.27127
       237    637.9257    829.9382     19576.01     746.2312  14.2707   0.0414    11.76    0.212   2.38   0       43.5     2102.886     96.99534
       238    594.3633    820.3165      31467.2     977.8682  13.7554   0.0337    16.56    0.314  34.03   0       54.5     2063.643     96.65663
       239    474.1470    820.2808      25753.5     565.4302  13.9729   0.0238    13.88    0.220 -16.88   2      68.03      3221.73     99.10174
       240    460.7982    812.6064     57683.21     764.8051  13.0974   0.0144    18.81    0.493 -10.69   2      104.3      3155.78      99.4318
       241    931.0515    822.9652     7701.125      172.524  15.2836   0.0243    -6.76    0.128 -45.07   0      104.9     6977.446     107.8137
       242    566.8442    819.8256      12409.3     484.6172  14.7656   0.0424     6.30    0.201 -15.37   0      38.16     2017.114     97.28624
       243    140.9848    818.5959     12141.83     675.8569  14.7893   0.0605     8.24    0.090 -43.84   3      26.81     1129.847     94.68793
       244    142.5928    809.1938     46203.92     909.3016  13.3383   0.0214     8.09    0.178 -30.19   3      86.89     4496.269       102.45
       245    141.5215    800.2250     15046.15      751.234  14.5564   0.0542    12.46    0.302 -42.10   3      33.65     1290.711     95.07326
       246    264.7925    818.0697      6008.03     504.6055  15.5532   0.0912     4.87    0.115  87.84   0      18.93     1041.974     94.47678
       247     86.8410    818.1306     6788.303     509.6632  15.4206   0.0815     8.22    0.352 -32.25   0      20.97      1022.67     94.43034
       248    522.8343    815.2222     10893.98      386.528  14.9070   0.0385     6.45    0.187 -20.00   0      35.79     1890.572     96.99017
       249    648.1686    806.2169     19360.39     719.2822  14.2827   0.0403     8.42    0.457  35.38   3      31.57     851.7514     94.52461
       250    653.7661    812.5592     26503.84     830.7444  13.9417   0.0340     6.92    0.195 -24.20   3      44.79     2170.429     97.39892
       251    664.9972    803.5576     24996.57     859.3007  14.0053   0.0373     7.27    0.153 -14.67   2      42.82     1903.675     97.02087
       252    920.0347    813.8269     5240.542     442.4711  15.7016   0.0917     5.71    0.150   2.17   0      16.41     848.6787     94.51723
       253    198.3901    809.0852     10930.56     597.6161  14.9034   0.0594    10.74    0.244 -36.70   0      28.59     1314.977     95.13125
       254    113.7418    806.4834     16376.21     636.3846  14.4645   0.0422    11.31    0.423   7.09   0      43.71     1151.106     94.23355
       255    881.2914    827.3246     3406.897     193.2955  16.1691   0.0616     3.39    0.465 -26.48   0      37.41     3036.124     98.67516
       256     80.8390    803.8028     62943.11     1500.102  13.0026   0.0259    19.03    0.400  56.43   0      60.79     1065.916     95.03815
       257    830.2595    796.4510     20842.48     799.1347  14.2026   0.0416     9.01    0.300 -46.68   3      43.91     1502.467     95.57812
       258    827.3904    804.3937     18603.07     673.6099  14.3260   0.0393     7.04    0.146   5.44   2      52.29     2061.487     96.89828
       259    720.0086    803.4695     6073.447     446.9236  15.5414   0.0799     3.46    0.379 -63.12   2      16.28     816.9866     93.93399
       260    769.7531    805.7867     4892.079       401.25  15.7763   0.0891     2.08    0.122  18.96   0      17.95     1195.268     95.34698
       261    177.6903    803.6871     10030.52     584.1371  14.9967   0.0632     7.96    0.213 -24.97   3      26.43     1158.056      94.5033
       262    185.6230    797.8729     17622.98     688.1859  14.3848   0.0424     7.69    0.226 -28.67   3      42.69     2053.402     97.12546
       263    878.6343    801.7621     25735.05     705.3949  13.9737   0.0298     8.52    0.346 -37.85   2      54.21     2598.492      98.3927
       264    332.0719    800.8843     12092.21     620.5891  14.7937   0.0557    10.71    0.096 -57.54   0      33.58      1713.86     95.58117
       265    979.3188    801.0493     16206.46     767.3046  14.4758   0.0514    11.08    0.145  -0.22   0      30.71     1333.132     94.67154
       266    634.0143    802.6359     5332.347     182.9292  15.6827   0.0373     1.02    0.170  88.35   0      67.51     5162.398     104.6042
       267     54.3567    790.6757     597085.9     864.0269  10.5599   0.0016     6.40    0.133 -17.43   2      840.6     78278.04     209.8408
       268     43.5758    786.4745     10960.63     199.0046  14.9004   0.0197     1.71    0.279 -45.58   3      94.56     9517.104     113.0407
       269    704.9114    798.9966     10163.99     172.3084  14.9823   0.0184     0.00    0.131  -3.75   0      124.8     9504.914     113.0162
       270    811.9800    796.8640     7546.847      523.858  15.3056   0.0754     7.53    0.622  46.63   0      21.07     1096.432      94.6077
       271    859.8058    794.6210     12470.67     664.3887  14.7603   0.0579    11.04    0.238 -62.87   3      29.46     1326.286     95.15826
       272    862.8936    787.5830     8354.342     524.2083  15.1952   0.0681     7.54    0.186   8.27   3      24.19     1086.402     93.82323
       273    322.8295    788.9493     26906.08     725.7864  13.9254   0.0293     6.63    0.064 -12.97   2      59.63     3011.795     99.34278
       274    950.2321    794.7354     6040.202     470.3343  15.5474   0.0846     7.34    0.061  40.40   0      17.93     819.7119     93.94059
       275    740.5965    790.9985     6508.488      540.243  15.4663   0.0901     7.13    0.617  24.91   0      17.72     756.6252     93.78783
       276    402.1067    791.8832     2200.606     168.6953  16.6436   0.0833     3.53    0.298 -44.61   0      39.95     1796.758     96.02705
       277    105.0234    790.0051     11897.56       174.58  14.8114   0.0159   -19.21    0.038  -1.32   0      142.9     11522.09     117.2063
       278    806.0984    787.6417     10304.08     189.0052  14.9675   0.0199     0.58    0.154 -81.87   0      104.9     9495.545     112.1489
       279    420.6690    786.1424     16718.02     697.3668  14.4420   0.0453     8.81    0.144 -43.45   2      47.14     1072.091      94.5492
       280   1022.8771    784.7481     5797.012       335.36  15.5920   0.0628     6.67    0.341 -83.45  24       24.7     1623.813     95.61685
       281    830.3179    783.8203     11660.05     570.3012  14.8332   0.0531     6.75    0.244 -22.48   0       33.2     1730.129     96.11795
       282    149.9128    783.2834     10634.64     420.4091  14.9332   0.0429     0.00    0.382  -6.35   0      38.15     3630.039     100.2721
       283    980.2296    781.1612     7498.533     524.9753  15.3126   0.0760     8.83    0.210 -46.68   0      21.58     1022.203     94.93356
       284      2.8341    796.3162     35094.27     427.8862  13.6369   0.0132     7.05    0.345 -86.58  24      122.6     7181.803     108.0229
       285    971.9634    781.0434     17926.87     182.2602  14.3662   0.0110     4.32    0.074 -45.95   0        177     17352.49     128.0136
       286    490.2437    780.1488     6928.262     508.5533  15.3984   0.0797     9.10    0.313 -51.55   0       22.7     1059.341     94.77082
       287    442.1317    779.7347     13572.95      517.316  14.6683   0.0414    11.78    0.234 -19.00   0      38.65     1747.814     95.91113
       288    178.7386    774.6070     12468.26     715.4345  14.7605   0.0623    12.22    0.376 -50.98   1      27.31     1102.817     94.87502
       289    232.6266    775.4778     8822.172     480.4536  15.1361   0.0591    10.14    0.186 -38.26   0      27.83     1315.463     95.13241
       290    758.6609    774.7299     8145.655     540.9313  15.2227   0.0721     7.45    0.123 -13.98   0         21     976.7742      94.3198
       291    709.3292    774.2874     8294.898     593.6038  15.2030   0.0777     8.67    0.204  -5.09   0      22.05     978.1654     93.81552
       292    118.5566    773.2727     18686.83     629.6707  14.3212   0.0366    12.58    0.268 -30.54   0      52.14     2490.382     97.89908
       293   1012.9410    770.7060      22332.8     841.0359  14.1276   0.0409    13.98    0.225 -36.68  19      42.31     1883.829     95.73539
       294   1012.9036    765.1376     11095.87     189.9549  14.8871   0.0186     4.92    0.295 -51.35   3      124.7     9338.938     112.2573
       295    613.4574    769.7181     21115.25     720.6653  14.1885   0.0371    15.01    0.432 -35.91   0      45.12     1803.669     95.79447
       296    545.0021    773.9153     41382.49     209.4765  13.4580   0.0055     0.00    0.068  88.94   0      280.3     41425.66     165.4617
       297    302.0110    769.3463     56138.22     616.5075  13.1269   0.0119     6.86    0.148 -11.73   0      141.7     7671.416     109.4851
       298    991.0676    766.8404     28535.45     719.6916  13.8615   0.0274     7.76    0.147  -8.06   0       66.4     3385.693     99.95593
       299    142.4010    765.4314     29297.96     743.5881  13.8329   0.0276    10.57    0.182 -21.75   0      68.41     3394.642     100.4528
       300    194.4603    765.9276     6324.951     219.6363  15.4974   0.0377     2.45    0.467  63.10   0      49.65     5402.087     104.4401
       301      6.9310    766.0186     55279.36     229.3138  13.1436   0.0045    -6.76    0.189 -13.05   0      338.4     54849.79     182.8434
       302    792.4127    750.8019     541282.7     915.5172  10.6664   0.0018    21.57    0.100  -9.67   0      783.1     70886.14      201.676
       303    328.1690    759.6331     26432.11     639.9658  13.9447   0.0263    13.89    0.094 -39.09   0      71.15     3681.142     101.0989
       304    175.3698    761.1975       110549     959.4495  12.3911   0.0094    16.91    0.529  -0.98   2      185.1     7318.899     108.9702
       305     31.7000    762.6500     14964.61     630.2228  14.5623   0.0457     8.31    0.187 -17.80   0      42.25     2041.649     95.61117
       306    846.1525    757.5137     43624.63     823.9037  13.4007   0.0205    12.33    0.310  85.85   0      85.15     2760.134     98.03743
       307    343.7724    763.2470     11205.31     671.9982  14.8764   0.0651     8.08    0.225 -20.60   0      23.51     1153.991     95.24854
       308   1018.6381    759.8093     21247.58     757.0604  14.1817   0.0387    14.28    0.294  39.47  16      40.05      1641.06     96.65108
       309    819.6093    762.9009     8244.257     578.3037  15.2096   0.0762     7.98    0.131 -63.08   0      21.06     980.9006     94.32975
       310    695.0013    756.0001     56274.16     225.0541  13.1242   0.0043     0.00    0.001  37.29   3      342.6     56100.04     184.2614
       311    699.3716    761.2542     18352.19     477.4982  14.3408   0.0283    12.24    0.185   6.70   2         49     2357.032     97.58901
       312    355.3594    759.7322     7735.154     458.3084  15.2788   0.0643     0.00    0.547  67.92   0      24.66      2097.89     96.98363
       313    602.1713    760.3365     17795.49     765.4391  14.3742   0.0467    10.29    0.230 -48.88   0      28.28     1150.866     94.73837
       314    365.0703    761.5469     7528.346     464.6738  15.3083   0.0670     2.12    0.471 -22.77   0      21.93     1470.495     95.25172
       315     58.6661    760.0900     12047.18     670.5047  14.7978   0.0604     9.02    0.348 -21.61   0      28.64     1370.705      94.7617
       316    756.2723    759.8147     7452.599     493.3002  15.3192   0.0719     6.01    0.089  23.33   0      23.16     1137.821     94.95884
       317    569.3035    757.5472     15793.96     517.1378  14.5038   0.0356     8.34    0.255  11.86   0      44.34     1987.533     95.98126
       318    130.5325    759.3361     6661.942     245.6246  15.4410   0.0400     3.82    0.557  32.25   0      66.81     5413.076     104.2352
       319    529.9969    756.3458     16374.57      196.169  14.4646   0.0130     0.98    0.173 -89.91   0        144     16120.05     125.8065
       320    137.2817    752.4645     43739.45      814.463  13.3978   0.0202     7.16    0.150 -18.76   2      87.79     3837.566     100.7414
       321    664.9799    754.2136     5536.981     336.9599  15.6418   0.0661     8.02    0.235  36.35   0       19.8     1101.263     94.87131
       322    971.7097    747.3412     17053.96     793.5562  14.4204   0.0505     8.01    0.175 -55.80   2      29.94      1303.61     94.60064
       323    507.2920    752.8578     5259.445     445.1707  15.6976   0.0919     7.48    0.419 -16.20   0      17.69     855.5933     93.51811
       324    488.3728    748.2304     80138.28     713.5676  12.7404   0.0097     7.01    0.149 -26.80   0        186     10752.96     115.9114
       325    623.3896    745.9585     59669.69     1160.813  13.0606   0.0211    19.94    0.420 -33.58   0      80.63      2338.77     98.27804
       326    268.4550    747.8856     19483.71     524.4786  14.2758   0.0292     7.85    0.187  -3.45   0      56.93      2837.86     98.21745
       327    676.6212    747.8141     8358.906     435.9303  15.1946   0.0566     6.74    0.104  32.43   0      25.81     1172.585     95.04201
       328    549.3928    748.0005      13132.7     662.8164  14.7041   0.0548     7.24    0.182   4.62   0      30.75     1460.411     95.47807
       329    246.4972    749.0705     6949.257     448.7011  15.3952   0.0701     7.14    0.213 -23.96   0      23.12     1118.696     93.64681
       330    535.7270    746.9480     9387.288     633.8837  15.0686   0.0733     8.66    0.195  35.01   0       19.9     776.5942     93.58142
       331    348.7219    742.8787      9126.93     495.2777  15.0992   0.0589    10.02    0.202 -53.02   0      27.48       1267.1     94.25993
       332    191.7182    741.6859     12854.57     620.8682  14.7274   0.0525     2.96    0.535  13.75   2      36.89     2876.402     98.54918
       333   1004.5922    740.9963     34946.52     783.5739  13.6415   0.0244    15.06    0.412  -5.26  16      76.23     3735.439      100.748
       334    658.6833    741.3534     6389.421     494.0199  15.4863   0.0840     8.70    0.303 -80.36   0      22.11     1067.344     94.03131
       335    928.7366    741.0679     8597.589     581.5301  15.1641   0.0735     8.42    0.205  -6.63   0      23.09     952.2841     94.00713
       336    435.6660    739.3640     8007.598     535.3268  15.2412   0.0726     5.87    0.077  45.00   0      23.91     1241.653     94.95591
       337    893.0020    737.7138     10793.87     661.1117  14.9171   0.0665     8.06    0.284  -0.24   0      20.83     758.7197     94.30067
       338    599.2915    746.9178     38545.69     963.5375  13.5351   0.0271     8.52    0.160 -23.38   0      60.27     3163.735     99.20961
       339    591.2802    738.9912     7604.705      179.188  15.2973   0.0256     0.97    0.158  -2.19   0      89.75      7355.19     108.6071
       340    478.5836    735.7108     23660.73     607.3718  14.0649   0.0279     9.75    0.146  -6.83   0       63.4     3075.776     98.76645
       341    299.8349    734.2356     25301.45     907.3574  13.9921   0.0389    11.23    0.451  58.93   2      56.34     825.3605     94.20804
       342    373.5306    770.6120     8889.598       554.32  15.1278   0.0677     9.41    0.190 -42.80   0      24.58     1060.293     94.52084
       343    953.8820    732.5007     35180.45     887.2418  13.6342   0.0274    10.19    0.294 -28.38   3       66.1     2346.275       96.827
       344    949.1238    722.9396      69724.7     757.4211  12.8915   0.0118    16.76    0.120  -9.01   3      156.7     8395.595     110.5471
       345    555.4364    734.5970     10922.55     640.0542  14.9042   0.0636     7.58    0.084  20.74   0      23.27     1054.999     95.01204
       346    187.5418    733.5484     4908.045     191.9679  15.7727   0.0425     1.70    0.297  44.09   0      56.78     5037.144      103.873
       347    171.9339    730.9009     16372.61     692.9605  14.4647   0.0460    12.03    0.143 -68.47   2      40.09     1587.307     95.02885
       348    801.3647    727.5536     60238.35     843.4686  13.0503   0.0152     7.81    0.270 -56.17   1      122.6     6402.106      106.594
       349    861.5873    728.2023     5206.897     420.3145  15.7086   0.0877     7.58    0.353 -73.76   0      18.53     1031.936     94.45263
       350    763.1442    729.4937      6305.17     482.9834  15.5008   0.0832     6.73    0.267  -3.18   0      17.94     910.5588      93.3963
       351    543.0477    729.1903     2525.734     165.5659  16.4940   0.0712     2.66    0.133  66.16   0      38.51     2138.302     97.56894
       352    983.4680    727.0580     25306.32     888.7478  13.9919   0.0381    11.84    0.368  11.59   2      36.96     1752.057     96.16978
       353    622.4672    719.4899     75152.27     674.0803  12.8101   0.0097     7.86    0.183 -18.75   0      179.9     10026.48     113.6408
       354    189.9709    744.7917     9012.451     354.7761  15.1129   0.0428     7.47    0.624  21.83   3      51.78     4521.463     102.9706
       355    879.2916    721.6978     12150.12     439.2634  14.7885   0.0393     5.60    0.116 -13.03   0      39.43     2081.184     96.20277
       356    581.0335    724.0161     10103.34     172.2284  14.9888   0.0185     4.30    0.059  26.66   0      126.9     9495.062     113.6285
       357    843.2975    720.0317     17173.83     483.1542  14.4128   0.0306    13.17    0.162 -41.80   0      50.39     2571.177     97.10789
       358    555.3924    721.8380     13915.94     671.1378  14.6412   0.0524     6.50    0.139 -25.12   0      25.33     1067.872     95.04283
       359     49.9011    718.5757     39755.45      701.439  13.5015   0.0192     6.68    0.190 -13.29   3      96.62     4809.062     102.2114
       360     38.7748    712.4177     24171.12     663.8988  14.0418   0.0298    13.65    0.030 -17.07   3      58.72     2627.811      98.7026
       361     19.3422    722.0083     7532.757     568.6541  15.3076   0.0820     8.18    0.209  26.14   0       21.1     987.7982      94.5991
       362    472.7740    718.8304     15948.84     567.8183  14.4932   0.0387     7.41    0.111 -21.96   0      45.29     2237.651     97.80009
       363    132.8943    717.2023     19529.64     569.2498  14.2733   0.0317     8.31    0.247 -48.83   0      49.21     2276.485     97.40125
       364    390.8474    719.0377     9416.884     559.8923  15.0652   0.0646     9.30    0.360  18.53   0      25.51     1224.524     94.91491
       365    748.5005    717.3798     8305.852     581.4161  15.2015   0.0760     8.82    0.489   6.49   0      21.62     1016.227     93.65308
       366    110.4028    730.2346     11918.28     574.5747  14.8095   0.0524    11.49    0.473 -16.53   0      32.73     1472.467     96.00545
       367    711.0851    714.5203     8981.389     603.8342  15.1166   0.0730     7.65    0.448 -26.22   2      23.94     1016.151      93.9075
       368    330.9137    713.5119     16225.92     556.2477  14.4745   0.0372     5.86    0.249 -14.00   0      47.45     2662.611     98.05489
       369    578.4280    712.8757     12712.63     686.5623  14.7394   0.0587     7.92    0.355  20.85   0      22.82     872.6368     94.06854
       370   1017.6717    707.1251     25151.88     747.9274  13.9986   0.0323    13.07    0.117  55.22  18      47.03     2017.452     96.54796
       371    557.8775    711.8941     11598.54     592.8571  14.8390   0.0555     3.36    0.025  87.13   0      23.71     1302.402     94.84981
       372    289.1012    712.1155     2644.464     169.2922  16.4442   0.0695     3.45    0.258  44.04   0      45.24     2184.031     96.44543
       373    968.7002    708.8936     9375.918     543.6484  15.0700   0.0630    10.18    0.272 -57.80   0      25.91     1132.976     93.93598
       374    458.0031    711.9532     8680.574     170.3406  15.1536   0.0213     0.00    0.057  88.13   0      115.8     8147.607     110.2529
       375     79.1546    708.6615      23281.4     874.6862  14.0825   0.0408     7.85    0.077  52.22   0      47.76     1486.615     95.54042
       376     89.5286    707.0049     18972.29     698.1011  14.3047   0.0400     8.43    0.263 -14.26   3      46.82     1155.609     94.74975
       377    639.8808    708.3765     13065.35      680.567  14.7097   0.0566     9.62    0.388 -19.92   0      29.67     1310.575     95.12073
       378    350.8395    707.3075     21246.98     546.4081  14.1818   0.0279     8.99    0.061 -27.42   0      67.95     3136.362     98.66407
       379    264.8922    706.7363     7981.721     443.8769  15.2448   0.0604     4.74    0.235 -25.50   0      25.75     1621.749     95.36189
       380    200.3241    705.5733     13109.91     674.4145  14.7060   0.0559    11.20    0.150  13.50   3      30.92     1253.607     94.98452
       381    191.1446    702.6536     9405.564     576.6935  15.0665   0.0666     7.36    0.271  24.01   3      26.22     1210.055     95.38222
       382    892.4700    706.4807     6368.384     453.7002  15.4899   0.0774     7.93    0.332  -0.46   0      20.26     989.7121     93.84349
       383    666.6817    706.0342     7940.528     534.1821  15.2504   0.0731     8.94    0.299  21.44   2      22.42     1099.099      94.3614
       384    504.8346    705.5479     10891.25      630.648  14.9073   0.0629     9.46    0.331 -21.21   2      27.19     1304.539     95.10631
       385    394.5976    706.0414     10213.15     589.2947  14.9771   0.0627     7.47    0.109  89.68   1         21     897.4266     94.63437
       386    167.7255    704.9946     8165.928     388.0096  15.2200   0.0516     9.77    0.252 -23.87   0      26.67     1308.685     94.86486
       387    713.8725    705.7316     13823.88     199.2749  14.6484   0.0157     0.00    0.313  64.29   0      142.5     11905.74     117.5423
       388    594.4351    700.1921     130669.8      847.575  12.2096   0.0070     8.73    0.250  -6.59   2      240.5     13533.55     121.2409
       389    721.9953    704.9744     15741.06      437.039  14.5074   0.0302    10.21    0.497  40.57   3       66.5     7196.448     108.4947
       390    723.9794    697.0231     30852.73     269.2974  13.7768   0.0095     0.00    0.451 -32.75   3      235.7     28300.96     146.3278
       391    564.5696    698.8440     53575.15     813.5426  13.1776   0.0165     6.50    0.232 -22.65   3      116.9     6388.203     107.0116
       392    574.9307    692.4932     27163.26     1035.019  13.9150   0.0414    15.87    0.408  35.45   3      39.75     1234.233     94.43382
       393    391.3919    695.2281     53059.73      757.149  13.1881   0.0155     6.84    0.146 -19.18   1      119.2     6351.691     106.7105
       394    417.1437    691.5603     113029.6     1043.458  12.3670   0.0100     6.54    0.554 -22.44   2      223.2     8549.673     111.0786
       395    203.0924    696.0689     8095.145     551.8351  15.2294   0.0740     8.37    0.219  15.67   0      22.04     1061.377     94.01689
       396    920.6270    694.1824     9917.508     402.6065  15.0090   0.0441    11.25    0.248   3.59   0      33.12     1557.927     96.20754
       397      5.4582    694.4765     4211.766     368.2691  15.9388   0.0950     5.98    0.285  45.92  16      16.82     955.3358     94.01451
       398    985.8937    689.0976     13839.98     608.6096  14.6472   0.0478     6.72    0.382 -12.50   2      34.84     2247.499     96.59487
       399    849.6310    687.5430     126900.8     619.3502  12.2413   0.0053     6.49    0.185  -9.08   2      285.7     15879.57     125.1808
       400     76.0301    687.2777     214437.8     797.4233  11.6717   0.0040    10.97    0.234  10.84   2      405.9     27048.49     144.0382
       401     81.5713    670.2479     89639.23      834.357  12.6188   0.0101    12.19    0.451 -24.64   3      181.7     9742.688     113.9133
       402    729.5835    687.6473      21360.4     780.3885  14.1760   0.0397    10.03    0.115 -16.10   0      41.65     1963.527     97.16097
       403    612.8227    686.4753     111963.7     946.6342  12.3773   0.0092     7.12    0.156 -12.10   2      205.4     11817.91     117.7785
       404    961.9404    689.8994     9396.078     178.1257  15.0676   0.0206     0.00    0.184  60.39   0      122.9     8906.015     111.1628
       405    764.7804    686.6140     14520.98     644.1168  14.5950   0.0482     9.08    0.176 -72.67   0      31.61     1177.319     95.05333
       406    481.0835    685.5782     22977.62     656.2534  14.0967   0.0310     9.60    0.213 -33.84   0      59.31     2742.294     97.99607
       407    336.2861    683.9904     16632.16     503.4747  14.4476   0.0329     6.66    0.103 -15.47   0      48.75     2377.897     97.39275
       408     40.9098    683.4278     33160.96      681.138  13.6984   0.0223    13.49    0.121 -19.34   0      85.13     3938.579      100.495
       409    924.1287    684.1794     7294.975     531.6667  15.3424   0.0791     5.31    0.293 -21.74   0      21.47     1177.719     95.05428
       410    680.9982    683.0753      10673.3     172.9789  14.9293   0.0176     4.29    0.057 -88.66   0      127.9     10476.13     114.9527
       411    120.0287    671.9177     83091.96     748.7734  12.7011   0.0098     6.64    0.311  -0.15   2      184.7     10205.04     114.4154
       412   1014.4158    671.4742     12454.37     273.6833  14.7617   0.0239     0.00    0.492  57.16  18      106.1     8679.604     111.5583
       413   1016.9692    665.3776     9030.606     550.0541  15.1107   0.0661     9.47    0.232  11.26  18      24.31      1229.41     95.42833
       414    923.0614    675.0107      4835.59     165.1308  15.7889   0.0371     4.32    0.078   1.40   0      78.74     4506.665     102.7058
       415    461.0805    672.6341     10092.94     641.6229  14.9900   0.0690    10.48    0.104   0.02   0      26.56     1237.271     94.94543
       416    395.1686    672.5768     11952.64     645.0633  14.8063   0.0586    10.38    0.192 -31.40   0      30.72     1633.881      96.3868
       417    205.4967    672.9874     5477.354     491.1756  15.6536   0.0974     8.15    0.383  45.61   0         19     877.9124     94.08128
       418     22.0537    672.7621     7721.445      569.778  15.2808   0.0801     7.32    0.100  31.50   0       17.4     734.4705     93.98852
       419    788.8057    672.1205     4058.968     312.0104  15.9790   0.0835     7.00    0.295  30.03   0      16.06     864.0392      94.3013
       420    243.3905    671.3546     8679.902     585.6534  15.1537   0.0733     8.15    0.271 -48.10   0      20.69      951.759     94.76476
       421    838.7791    666.6453     109828.6     665.3484  12.3982   0.0066     6.59    0.199  -9.39   0      247.6     15016.94     123.9904
       422    530.5404    670.5468      10450.1     229.1349  14.9522   0.0238     3.13    0.511  45.36   1       93.5     7592.451     109.3211
       423    594.0540    668.2302     24540.71     694.7757  14.0253   0.0307     6.95    0.163 -40.68   0      59.06     3075.218     99.00662
       424    367.0996    693.7834      94534.8     658.2925  12.5610   0.0076     8.26    0.119 -33.85   0      221.2     12794.75     119.0484
       425    375.9189    669.0918     16123.69     757.8871  14.4813   0.0510    10.97    0.123   5.60   0      29.93     1412.535     95.11333
       426    696.9949    664.4159     28724.15      881.533  13.8544   0.0333    11.71    0.083  53.01   3       55.2      2245.81     97.32965
       427    685.1889    663.2123     30771.14     932.0735  13.7796   0.0329    12.43    0.146  -8.51   3       43.9     1731.501     96.12119
       428    522.9394    665.4786     22065.11     696.5411  14.1407   0.0343     8.91    0.213 -39.00   3      51.81     2482.543     97.39179
       429    513.7631    667.2198     13605.42     688.5936  14.6657   0.0550    11.09    0.230 -27.25   3      29.61       1359.3     95.98624
       430    361.9536    664.3469     52802.24      706.499  13.1934   0.0145     6.69    0.137 -16.25   0      127.6     6707.374     107.4653
       431    305.9987    666.4411     3277.177     265.9532  16.2113   0.0881     2.96    0.338  61.14   0       21.4     1659.682     96.44762
       432    979.2608    660.0418     83653.33     631.3141  12.6938   0.0082     7.22    0.162 -15.58   2      198.7     11630.75     117.2132
       433    793.1891    664.0957     13219.23     189.3521  14.6970   0.0156     4.82    0.260  28.78   0      146.4     11920.13      117.773
       434    387.2076    664.9026     7296.161     206.6699  15.3423   0.0308     5.08    0.304 -28.76   0      84.51     5426.174     104.4925
       435    107.9308    664.0792      17404.6     797.4082  14.3983   0.0498    11.90    0.119  79.27   3      40.61     1742.326     95.64883
       436    246.1524    660.5282     25977.62     880.1467  13.9635   0.0368     7.01    0.066 -21.04   0      39.02     1897.295     96.51241
       437    290.3157    655.4166     184906.1     797.9889  11.8326   0.0047     6.41    0.126 -16.06   2        354     22443.83     136.4046
       438     68.1430    652.4771     73308.37     604.3207  12.8371   0.0090     7.04    0.163 -26.19   0      179.9     10034.29     113.8663
       439    563.9232    657.0975     2753.779     169.4389  16.4002   0.0668     0.00    0.216 -44.53   0      52.18     2502.214     97.43768
       440    963.5366    655.8282     12579.77     682.1571  14.7508   0.0589     7.84    0.259   3.56   3      27.38     1248.535     94.72064
       441    958.2034    648.5474     8197.237     510.2911  15.2158   0.0676     7.47    0.288  13.81   2      23.55      1008.99      94.3974
       442    862.5179    653.3687     15144.63     601.2055  14.5494   0.0431    12.20    0.149 -20.31   0      41.48     2045.952     96.61502
       443    769.9454    655.4091     3948.279     181.2014  16.0090   0.0498     1.06    0.172  85.43   0      52.45     3900.976     101.3566
       444    167.8382    650.8135      75358.2      633.053  12.8072   0.0091    16.37    0.237  -7.81   0      180.3     10167.27     114.9651
       445    913.2098    653.6180     5546.623     445.3173  15.6399   0.0872     7.33    0.442  86.05   0      19.41     990.5227     94.35293
       446    672.0134    655.0001     39530.43     207.4574  13.5077   0.0057   -27.17    0.016   0.84   0      283.6     39224.54     162.1159
       447    665.6822    652.5917     7798.009     514.7726  15.2700   0.0717     9.28    0.292 -24.28   0      23.28     1114.791     94.65179
       448    370.3401    648.7822     17437.27     832.5731  14.3963   0.0519    12.19    0.552 -56.17   1      24.67     798.0023     93.88805
       449    830.5020    645.5036     16718.53     703.3331  14.4420   0.0457    10.01    0.254  28.52   2      44.81     1183.005     94.05694
       450    349.2231    648.9705     4808.305     175.6054  15.7950   0.0397    -1.55    0.184  -3.86   0      73.59     4327.391     102.5414
       451    221.6562    646.8767     13181.83     610.3229  14.7001   0.0503    11.23    0.296 -19.30   0      33.55     1539.377     95.41594
       452    234.2090    646.9483     8336.496     566.8731  15.1975   0.0738     7.30    0.190  10.62   0      18.99     860.8229     94.29355
       453    760.5316    643.8690     12298.27      635.866  14.7754   0.0562     6.54    0.210  -5.61   0      31.81     1675.984     95.74077
       454    735.4118    644.5367     7539.872     486.0266  15.3066   0.0700     7.08    0.138 -29.22   0      22.76     1107.288     94.63377
       455    186.0369    643.6990     13722.18     664.8167  14.6564   0.0526    10.32    0.369 -13.17   0      33.84     1387.664     94.29731
       456    932.2901    639.6013     86173.89     617.8964  12.6616   0.0078     6.42    0.156 -13.74   0      204.7     11978.66     117.8859
       457    245.2429    634.3010     52098.62     1351.424  13.2079   0.0282    19.24    0.504 -84.19   3      53.34     1514.265     94.60195
       458    472.5823    659.8654     6481.862     217.0659  15.4708   0.0364     2.60    0.463 -63.86   0      54.35     5425.325     104.4906
       459    124.3011    640.0382     17917.86     487.1937  14.3668   0.0295    12.15    0.136 -19.85   0      52.68     2427.919     96.77203
       460    698.9960    639.8170     9366.054     609.8799  15.0711   0.0707     8.25    0.175 -52.42   0      23.44     1064.988     94.53213
       461    636.3796    637.3978     64314.15     737.4073  12.9792   0.0125     7.07    0.187 -14.45   0      151.6     8307.988      110.583
       462    973.0455    639.5528     5992.921     491.4141  15.5559   0.0891     6.66    0.343 -25.25   0      17.07     889.9154     94.36364
       463    382.2313    638.0535        10026     625.5834  14.9972   0.0678     9.70    0.440  33.01   0      24.06     996.8186      94.3681
       464    606.0289    636.0849     30161.56     743.0491  13.8014   0.0268     6.46    0.201 -10.95   2       68.8     2650.178     98.02608
       465    802.9012    632.0700     21604.31     711.6521  14.1636   0.0358    12.90    0.192 -61.78   0      49.11     2613.448     96.96085
       466    908.1657    626.5635     14244.07     644.0191  14.6159   0.0491     0.00    0.404 -66.49   2      34.27       1262.6     95.25702
       467    229.0413    630.7873     26980.53     997.3849  13.9224   0.0401    12.15    0.265   8.47   0      37.85     1729.482     96.85879
       468    454.9937    631.0683     9093.129     170.8901  15.1032   0.0204    -6.76    0.052  88.02   0      115.8     8937.882     111.8701
       469    381.7064    630.4682     6510.058     534.6907  15.4660   0.0892     7.90    0.205  48.38   1      17.62     844.7778     93.74686
       470    662.8683    630.9540     13503.11     195.8849  14.6739   0.0158     0.00    0.269  18.59   0      152.9     12799.77     119.4584
       471    557.5060    626.2827     51849.66     784.6669  13.2131   0.0164     6.87    0.172  -4.80   2      121.6     3531.605     100.0488
       472    409.2780    621.7506     48295.86     1298.973  13.2902   0.0292     1.34    0.395 -74.51   2       52.3     1054.939     94.25499
       473    171.0956    628.6334     14722.34     721.9611  14.5801   0.0533     7.51    0.243 -11.62   0      28.98     1182.803     93.80226
       474    877.8018    622.6331      34369.5     652.9136  13.6596   0.0206    14.81    0.154 -27.32   0      88.09     4626.627     103.2025
       475    203.5456    628.5545     11729.65     225.1594  14.8268   0.0208     3.01    0.489  44.91   0      109.3     8978.574     112.1658
       476    467.4208    624.4549     16011.37     687.6534  14.4889   0.0466     7.02    0.241 -20.09   2      39.17     1917.621     96.80721
       477    445.6940    621.5601     97612.87      693.763  12.5262   0.0077     6.35    0.163 -21.59   0      227.2     13090.82     119.2124
       478    258.1490    623.7959     13018.04     799.1503  14.7136   0.0667    11.04    0.577  38.19   2      23.91     774.4422     94.08512
       479    189.0072    625.8107     2745.162     165.8669  16.4036   0.0656     2.62    0.180  89.19   0      44.91     2269.355     97.38461
       480    613.8987    624.1357     3618.948     219.5539  16.1035   0.0659     1.34    0.129  79.71   3       41.8     2786.536     97.85493
       481    617.7266    611.4123     75245.55     1325.475  12.8088   0.0191    18.99    0.596 -50.51   2      87.57     4767.245     103.2808
       482    580.3105    623.3718     7169.521      533.854  15.3613   0.0809     8.06    0.124 -18.55   0      20.86     1020.344     93.91765
       483    678.8301    622.9233     5953.072     479.0945  15.5631   0.0874     7.52    0.312 -49.42   0      18.13      807.827     93.91183
       484   1016.2810    616.2072     31091.28     521.5336  13.7684   0.0182     9.88    0.100  -0.20  16      85.04     4496.563     102.6834
       485    567.5869    622.0708     33447.48     536.0915  13.6891   0.0174     2.10    0.378   4.94   1      175.4     4115.152     101.8357
       486     23.8160    617.1873     19057.66     712.5158  14.2998   0.0406     6.99    0.173 -33.66   0      46.71     2428.487     97.75529
       487    901.3784    619.6763     13605.35     677.2308  14.6657   0.0541     8.78    0.552 -12.36   2      25.35     944.2508     94.49442
       488    302.7404    615.5860      20343.9     643.3909  14.2289   0.0343     7.38    0.228 -18.14   2      47.96     2192.746     97.45097
       489     82.8934    611.5591     156342.6     687.1593  12.0148   0.0048     7.59    0.149 -13.19   0      329.3      20279.2     132.3888
       490    923.6293    615.6093     7943.712     497.1416  15.2499   0.0680     5.04    0.122  74.82   2       25.9     1354.652     95.72614
       491    750.7997    613.4686     8361.186      529.874  15.1943   0.0688     8.60    0.219 -31.97   0       23.9     1274.422     95.53547
       492    426.8743    612.7809     13529.89     684.2206  14.6718   0.0549     7.84    0.142 -21.15   0      29.89      1349.21       95.213
       493    510.3034    607.5268      9732.16     579.9184  15.0295   0.0647     0.00    0.358  40.48   0      28.46     913.6099     93.40372
       494    982.9955    604.8300     19493.87     462.8149  14.2753   0.0258     7.96    0.135 -12.93   0      58.74     2901.304     99.33035
       495    359.3665    607.5590      2273.75      218.157  16.6081   0.1042     4.84    0.656 -18.25   0      15.22     869.4606     94.56718
       496    770.0654    603.2191     16467.91      643.877  14.4584   0.0425     9.26    0.556  47.24   0      34.27     1908.633     96.78611
       497    245.4622    606.5024     9297.899     629.1255  15.0790   0.0735     8.11    0.312 -25.33   0      19.39     809.2035      93.4053
       498     41.2291    606.5283     5813.993     477.7808  15.5888   0.0892     6.06    0.236 -45.25   2      17.36     872.5284     94.06828
       499    418.5956    602.4209      76707.8     1076.775  12.7879   0.0152     7.27    0.235 -24.56   3      76.97     3143.279     99.40322
       500    427.4099    595.9468     41973.54     1261.956  13.4426   0.0327    18.99    0.555 -82.41   3      50.41     1801.224     96.53356
       501    915.9636    603.9734      14506.4     184.5309  14.5961   0.0138     4.70    0.221  32.48   0      155.4     13592.48     121.3513
       502     62.3117    599.7588     33818.05     575.9634  13.6771   0.0185     7.02    0.119 -26.60   0      89.25      4455.33     101.8915
       503    199.6515    600.6641     5107.259     192.2036  15.7295   0.0409     1.90    0.341  48.51   0      55.62     4633.935     102.7549
       504    724.5377    599.2747     28140.86     823.2547  13.8767   0.0318     4.90    0.308 -87.15   0      65.98     1162.654     94.76664
       505    660.4312    597.5280     18745.51     646.5296  14.3178   0.0375    11.75    0.526  -8.30   0      47.63     4602.881     102.6862
       506    855.8657    598.1261     2470.651     175.9787  16.5180   0.0774     3.49    0.274 -45.40   0      41.79     1943.946     96.37477
       507    781.1916    596.2998     15433.58     624.6848  14.5288   0.0440     6.22    0.136 -14.06   0      40.73     2068.563     96.91488
       508    252.3966    597.0015      20291.1     871.1724  14.2317   0.0466    11.40    0.270 -32.59   0      29.43     1267.004     95.01657
       509    223.0961    597.7118     7538.019     411.5424  15.3069   0.0593     7.44    0.156 -14.73   0      24.72     1224.804     94.41113
       510    758.4501    594.7363     11647.69     731.6761  14.8344   0.0682    10.45    0.216 -78.01   0      24.15     956.6129     94.27121
       511   1013.2313    590.9921     35526.46      660.585  13.6236   0.0202     6.63    0.151 -13.66  16      93.12      5040.37     104.1097
       512     28.5297    590.8971     24251.31     1090.013  14.0382   0.0488    14.76    0.482 -11.81   3      29.27     967.6011      93.2794
       513     38.9833    591.4010     17791.79      654.455  14.3745   0.0399     7.70    0.257 -32.22   3      45.68     2114.746     97.02312
       514     39.8304    584.7606     18484.05     614.2408  14.3330   0.0361     9.77    0.249 -22.80   3      49.79     2208.358     97.73199
       515     84.1873    589.5142     21520.06     313.2482  14.1679   0.0158     0.00    0.523 -30.83   0      149.5     15484.52     124.2695
       516     16.3232    592.5712     8103.386     513.7469  15.2283   0.0689     4.96    0.410 -44.09   2         21     1167.622     94.77856
       517    719.6107    585.4299     39653.75     845.7036  13.5043   0.0232     9.04    0.022  26.64   2       77.1     3233.863     99.84953
       518    637.4781    589.3358     6932.934     549.1867  15.3977   0.0860     7.86    0.322 -49.06   0      19.03     829.3912     93.70956
       519    933.8894    587.4344     11618.15     498.8186  14.8372   0.0466     7.22    0.256 -10.10   0      36.47     1850.035     95.90441
       520    301.7552    588.9646     6298.826     489.1208  15.5019   0.0843     7.42    0.126 -35.91   0      19.32     892.8928     94.37082
       521    145.0978    589.0040     13297.77     176.3934  14.6906   0.0144     0.00    0.137  -0.04   0        152     12680.75     119.2318
       522    974.7610    584.9799     38494.74     634.9024  13.5365   0.0179     9.65    0.243  -5.64   2      94.19     3220.017     100.2953
       523    806.5496    584.9825     26688.25     554.0797  13.9342   0.0225     9.35    0.175   0.08   0      70.68     3663.459     100.8226
       524    561.4377    578.3798     358726.5     888.0419  11.1131   0.0027     9.28    0.019  43.99   0      565.3      38782.5      161.938
       525    209.9621    583.4160     22961.39     648.9304  14.0975   0.0307     7.36    0.198 -12.16   0      60.11     2956.613     99.69659
       526    880.2505    584.0518     15875.35     499.5611  14.4982   0.0342     0.00    0.409 -63.00   3      49.39     5993.841     106.1707
       527    880.6129    571.4127     127706.7     721.9766  12.2345   0.0061     6.40    0.082 -12.36   2        280     17311.36     127.7538
       528    190.1778    580.8381     14511.98     805.5252  14.5957   0.0603    12.02    0.413 -64.86   0      27.21     807.2666     94.67014
       529    528.5026    581.9967     7366.295     501.6599  15.3319   0.0740     5.95    0.203 -67.42   2      21.99     1046.278     94.48714
       530    767.1934    578.2265     37057.36     728.9583  13.5778   0.0214    10.96    0.204  -1.45   2      87.03     4340.579     102.3376
       531    760.5264    569.0747     16392.76     676.4029  14.4634   0.0448    11.90    0.249 -34.59   2      38.37     1698.023     95.79308
       532    416.3997    578.3876     30327.62     921.0128  13.7954   0.0330    12.27    0.106  26.50   0      50.55     2217.313     97.26308
       533    153.8017    574.1997     51401.26     725.2323  13.2226   0.0153     7.19    0.135 -39.78   2      120.3     5196.573     103.9919
       534    397.2676    574.4427     42831.23     720.8875  13.4206   0.0183     8.28    0.141 -38.75   0      101.2     5014.112     103.5924
       535     13.3967    577.1600     8036.838     354.1505  15.2373   0.0479     6.81    0.342 -33.81   0      35.92     3307.609     100.2557
       536   1002.4390    576.2703     7146.895     537.1883  15.3647   0.0816     8.92    0.149  50.37   0      20.03     925.9176     94.19718
       537    344.8829    571.6812     26354.05      790.195  13.9479   0.0326     8.13    0.156 -65.63   0      55.24     2403.251     96.96064
       538    251.1967    570.9755     59985.65     844.8148  13.0549   0.0153    10.34    0.150 -38.67   0      126.2     6330.467     106.6653
       539    788.7252    569.5277      10067.7     424.3437  14.9927   0.0458    10.73    0.281 -21.82   0       30.7     1550.885     95.44334
       540    473.0815    570.0234      13094.5     549.5626  14.7073   0.0456    11.54    0.350 -11.44   0      40.46     2149.095     97.10355
       541      4.6476    552.9634      1653265      1053.39   9.4541   0.0007    19.34    0.180 -84.74  24       1563       234959     339.4875
       542    192.8403    566.4828     8755.092       572.28  15.1443   0.0710     9.01    0.151  -4.27   0      24.92     1164.363     94.26552
       543    128.4534    565.5205     4094.458     385.6175  15.9695   0.1023     6.57    0.496 -21.16   2      16.25     851.7399     93.50875
       544    938.0421    561.8641     16979.86     749.4331  14.4252   0.0479    11.52    0.235  17.92   0      34.33     1502.986     95.57935
       545    666.3102    561.1367     34551.62     669.2291  13.6538   0.0210     7.76    0.165   9.96   0      84.57     4003.974     100.8797
       546    742.1733    561.1621     5549.394     446.6571  15.6394   0.0874     5.14    0.188 -88.69   2       16.7     817.4116     94.69449
       547    630.6058    563.0637     15385.14     744.9537  14.5322   0.0526     4.92    0.498 -22.16   2       26.3     853.3185     94.27546
       548    185.8376    562.0001     13094.26      176.131  14.7073   0.0146     0.86    0.113   0.22   0      141.5     13283.46     120.7712
       549     90.9317    560.1137     9518.727     588.0126  15.0536   0.0671     9.32    0.277 -50.49   0      25.42      1015.82      93.9067
       550    422.5844    559.8021     6066.826     452.2311  15.5426   0.0810     1.90    0.555  70.67   0      20.13     1317.731     95.13783
       551    275.6433    560.6979     13647.31     244.7962  14.6624   0.0195     0.00    0.415  40.00   0      132.6     11085.33     115.3257
       552    724.7534    559.0958     7227.371     212.2942  15.3525   0.0319     0.00    0.315 -15.24   0      85.16     5513.162      103.995
       553    704.9986    582.9507     5697.234     237.3004  15.6108   0.0452     3.50    0.551 -89.73   0      53.91     4040.651     101.4342
       554    544.0560    552.5432     160561.5     742.7677  11.9859   0.0050    12.65    0.213 -37.38   0      321.8     19667.66     132.2406
       555    248.3356    555.0036     21578.63     753.2077  14.1649   0.0379     6.99    0.138 -16.85   0       47.3     2217.934      97.5097
       556    570.7929    557.2657      13215.3     661.9436  14.6973   0.0544     8.93    0.411   8.88   0      24.27     1083.989      94.5778
       557    448.9180    552.0326     25082.61     703.4897  14.0016   0.0305    13.83    0.143 -11.14   0      68.29     3450.526     99.86443
       558   1022.3423    552.6525     9468.782     447.3145  15.0593   0.0513     6.02    0.048 -85.46  26      30.96     1714.222     96.57606
       559    581.2867    552.8474     15324.12     744.1334  14.5366   0.0527     7.47    0.276 -46.91   0      27.12     1338.484     94.68439
       560    474.0584    554.1581     8647.359     573.2794  15.1578   0.0720     7.87    0.232  69.74   3      22.21     1025.693     94.43761
       561    471.3875    547.9429     12540.95     660.8093  14.7542   0.0572     6.62    0.056 -79.57   3      25.49     1053.257     94.75623
       562    140.9007    551.6987      2863.04     293.3641  16.3579   0.1113     0.00    0.382 -83.08   0      15.03      1201.69     93.59325
       563     88.8355    549.6078      19220.5     698.1818  14.2906   0.0394     6.30    0.116 -14.98   1       45.2     2408.466     98.19624
       564     75.7725    549.3324      37795.4     729.1883  13.5564   0.0210    15.48    0.197  12.35   1      87.45     4630.848     102.7481
       565    397.4427    549.5367     7934.253     557.1516  15.2512   0.0763     8.74    0.119  27.06   0      20.94     906.5198     94.15037
       566    626.0612    546.7878     7337.286     576.9135  15.3362   0.0854     8.43    0.393 -21.55   0      19.81     845.6475     94.00331
       567    280.5742    545.5789     14480.53     628.1506  14.5980   0.0471     6.89    0.180  -5.74   0      36.85     1804.723      96.7888
       568    120.6206    545.8688      15590.6     503.0043  14.5178   0.0350     6.65    0.240 -37.90   2      36.32     1717.019     96.33511
       569    230.1872    545.3091     9347.457     579.7676  15.0733   0.0674     8.46    0.197 -45.24   0      23.16     1011.261     93.89567
       570    992.2080    544.3280     11959.16      815.854  14.8057   0.0741     9.59    0.218  51.92   2      22.89     963.7859     94.28851
       571    992.0302    539.6298     8130.794      291.334  15.2247   0.0389     1.84    0.203 -76.60   3      33.68     3640.503     101.0075
       572    249.3665    540.0866     11537.89     631.8265  14.8447   0.0595    11.20    0.277 -67.65   0      28.89     1241.109     94.70283
       573    151.0506    543.8592     34678.24     219.0798  13.6499   0.0069     0.00    0.276 -71.55   0      255.8     32665.22     152.6436
       574     60.5973    539.6338     25975.78     730.4149  13.9636   0.0305    13.55    0.098  37.69   0      56.92     2521.266     98.45695
       575    213.8953    540.8220     2238.599     226.1812  16.6251   0.1097     2.92    0.219  62.82   0      32.08     1497.114      94.8129
       576    732.2557    538.2585     5525.102     401.6084  15.6441   0.0789     6.38    0.188  -5.29   0      19.96     1029.417     94.95083
       577    915.8757    536.6699     7966.745     481.2906  15.2468   0.0656     6.57    0.132  -1.73   0      26.41     1344.371     94.69852
       578    711.0127    532.9795     35172.05     586.7601  13.6345   0.0181     9.36    0.089 -21.42   2      91.83     3932.446     101.4271
       579    598.8823    535.3065     10402.79     664.5797  14.9571   0.0694     8.10    0.371   6.63   0      23.37      1110.42     94.38867
       580    438.0134    532.7787     3506.011     219.4369  16.1380   0.0680     3.94    0.541 -89.65   0      38.46     2599.014     98.39391
       581    220.0983    531.5574      10848.7     649.2873  14.9116   0.0650     7.05    0.191 -18.72   0      25.95     1185.956      93.8099
       582    164.7073    529.9863     14560.25     751.8813  14.5921   0.0561    11.85    0.319 -48.81   0         30     1152.569     94.23708
       583    977.9582    526.8546     56483.62     1195.162  13.1202   0.0230    21.11    0.602  -5.72   0      85.81     3384.868     100.1926
       584     53.0474    528.4292     18950.59     743.6365  14.3059   0.0426    12.56    0.195   5.82   0      40.03      1825.75     96.83816
       585    508.8962    525.1892     19703.02      468.047  14.2637   0.0258     6.70    0.159 -17.18   0      57.52     2948.829     98.95764
       586    349.7073    525.2270     5472.372     480.1113  15.6546   0.0953     5.98    0.405 -22.55   0      16.17      767.153     93.04668
       587    943.6128    519.7565     56057.34     644.8716  13.1284   0.0125     6.64    0.170  -7.20   0      139.3     7691.621     109.7449
       588    388.9808    520.0156     10702.88     665.5798  14.9262   0.0675    10.69    0.505   3.70   2      27.38     1204.932     95.11933
       589    785.9653    522.7178     5226.143     450.4854  15.7045   0.0936     5.40    0.228 -15.16   0      16.28     944.5194     93.98836
       590    437.1411    519.8033     7612.979     393.7962  15.2961   0.0562     8.84    0.290 -82.48   0      26.33     1314.312     95.38032
       591     69.6547    519.5079     11621.08     593.8716  14.8369   0.0555    10.30    0.318  17.41   0      29.05     1300.825     94.59396
       592    605.4651    518.9044     16888.46     680.0894  14.4310   0.0437     9.15    0.497 -17.41   2      29.11     1049.492     93.98816
       593     95.3932    517.2842      9070.57     601.8875  15.1059   0.0721    11.00    0.255   7.64   3      23.49     911.2897     94.41511
       594    108.9765    510.9771     56696.39     748.7335  13.1161   0.0143    18.48    0.251 -35.57   2      118.2     5623.594     105.3752
       595     44.9481    518.8865     7703.342     570.8174  15.2833   0.0805     3.69    0.527 -36.92   0      18.91     760.9619     93.28786
       596    751.4077    515.9467     9745.451     591.1373  15.0280   0.0659    10.35    0.071 -52.61   0      27.43     1181.858     95.06418
       597    978.0613    513.5743     18368.87     605.3884  14.3398   0.0358     5.33    0.224 -11.45   0      51.91     3119.916     99.58983
       598    623.0550    511.1665     57380.88     612.1089  13.1031   0.0116     6.66    0.175 -17.26   0      147.8     8224.113      110.194
       599    471.4384    514.2796     11565.77      366.319  14.8421   0.0344     0.16    0.207 -31.86   0      51.17     4763.049     103.0401
       600     26.5191    506.3437     321478.2     762.0213  11.2321   0.0026     6.42    0.156 -14.76   0      560.6     42165.41     165.9001
       601    268.8800    508.7080     8478.898     578.3959  15.1792   0.0741     8.66    0.117 -22.89   2       22.7     1055.852     94.25719
       602    149.6426    510.9654     7142.039     542.7137  15.3654   0.0825     7.44    0.248   7.99   0      19.52     975.0417     94.56844
       603    727.3388    509.3494     10436.99     212.9176  14.9536   0.0222    -0.55    0.456  45.08   0      108.4     8522.863     111.0237
       604    947.7261    508.6210      16065.6     309.2655  14.4853   0.0209     7.21    0.176  19.84   0      114.6      9775.39     113.7688
       605    570.8036    505.6856     15120.36     544.9503  14.5511   0.0391    13.05    0.332   0.40   0      39.37     1773.397     96.71521
       606    852.0004    497.0264     387566.1     820.2408  11.0291   0.0023     6.39    0.157 -15.65   3      607.2     48711.29     175.1834
       607    845.7750    484.0630     263119.7     869.4281  11.4496   0.0036     6.41    0.153 -54.47   3      447.7     30590.75     149.6826
       608    752.9502    504.8994     13233.84     646.4386  14.6958   0.0530     6.50    0.192 -14.15   0      33.03     1666.917     94.71622
       609    372.1861    504.7003     7518.824     550.5145  15.3096   0.0795     7.07    0.268 -54.78   0      18.29     755.8613     93.78598
       610    290.2541    504.4233     10691.63     612.3264  14.9274   0.0622    10.20    0.357 -28.47   0      26.86      1075.34     94.55701
       611    894.8596    494.3108     33416.48     615.8766  13.6901   0.0200     8.60    0.104 -12.58   2      79.99     4150.558     101.2094
       612    186.7782    483.0151     330669.1      858.873  11.2015   0.0028    14.02    0.032 -80.06   0      557.7     41733.95     165.7407
       613    972.2940    498.4885      7932.03     416.0862  15.2515   0.0570     0.00    0.288  29.02   0      27.99     2402.242     97.44954
       614    727.2087    496.8559     9452.923     672.2937  15.0611   0.0772     9.54    0.355 -27.94   0      22.76     916.9783      94.4288
       615    638.4795    498.1600     5912.503     490.1606  15.5706   0.0900     4.87    0.231 -77.20   0      18.56     1059.565     94.51909
       616    343.6185    496.2531     13790.51     662.1411  14.6510   0.0521     8.12    0.060 -73.02   2      34.63     1044.305     94.73476
       617    108.0019    498.0219     16923.34     181.0045  14.4288   0.0116     4.23    0.028 -88.75   0      177.1     16594.96     126.4729
       618    958.7265    496.6156        17734     772.4077  14.3780   0.0473     8.58    0.614  16.65   3      33.16     864.9594     94.30352
       619    153.0302    493.4591     8840.564     577.5053  15.1338   0.0709     6.43    0.124  82.87   2      22.14     1055.369     94.25603
       620    425.7784    494.0858     18820.34      580.392  14.3134   0.0335     8.91    0.144  20.98   0      50.67     2355.257     97.09431
       621    389.5080    496.2054      8101.83     563.6107  15.2285   0.0755     8.37    0.285 -14.10   0       21.8     1003.163     94.38337
       622    364.1182    494.2260     21332.07     843.6005  14.1774   0.0429    12.55    0.058  -6.33   1      36.34     1546.199     95.68205
       623    999.7418    491.6013      11458.2     643.0352  14.8522   0.0609    11.26    0.428  61.09   2      26.92     1075.275     94.55685
       624    376.1408    490.3625     26457.84     953.8228  13.9436   0.0392    14.90    0.159  29.20   1      45.38     1708.459      96.0667
       625    214.9790    493.9532      50070.3     218.6994  13.2510   0.0047     0.00    0.125  65.72   0      323.7      50305.3     177.2394
       626    714.7807    485.9906     10158.43     581.1135  14.9829   0.0621    10.36    0.102  77.79   0      29.15     1390.425     95.31133
       627    517.0177    488.0073     22248.41     187.5716  14.1318   0.0092     4.22    0.025  26.02   0      208.1     22004.96     135.8473
       628    760.4468    485.6919      9644.18     617.7625  15.0393   0.0696     8.13    0.218 -12.04   1      21.36     849.8951     93.50426
       629    967.4517    481.5823     65337.53     844.8414  12.9621   0.0140    10.03    0.252 -20.80   2      130.7     7030.636     108.1468
       630    769.3535    482.1680     23882.87     847.1107  14.0548   0.0385     8.43    0.268 -12.77   2      35.28     1460.524     95.72807
       631    325.9495    481.0821      11989.1     178.0831  14.8030   0.0161    -3.32    0.169 -60.29   0      141.4     11306.07     116.1717
       632    563.6293    477.9850     22310.25     732.5402  14.1287   0.0357     7.38    0.224   1.91   0      50.74     2412.907     98.20651
       633    397.2617    476.6718     9246.771     598.9718  15.0850   0.0703    10.42    0.399 -42.78   0      23.96     1007.423     94.39362
       634    955.9956    477.9179     7043.745     185.0432  15.3805   0.0285     1.05    0.091  89.53   2      91.11     6798.445     107.6578
       635    489.2931    472.9442     51192.89     611.7615  13.2270   0.0130     6.47    0.162 -15.81   0      131.1     7132.307     107.4753
       636    887.3876    470.9756     77912.46      629.244  12.7710   0.0088    11.63    0.169  -5.65   0        190     10945.79     116.0834
       637      4.2490    469.2190     33867.25     535.1552  13.6756   0.0172     7.40    0.175 -65.93  24      95.28     5004.489     104.0313
       638    699.5353    471.9270     6251.862     481.7208  15.5100   0.0837     5.61    0.255 -24.86   0      19.36       1081.2     94.31828
       639    576.5248    470.0189     11787.36     544.6555  14.8215   0.0502     8.26    0.080 -38.85   0      34.72     1742.629      96.1475
       640    249.5946    468.2719     33493.53     807.1739  13.6876   0.0262    16.87    0.491 -22.16   2      73.21     3560.771     100.3532
       641    248.0019    461.7556     73085.41     243.8948  12.8404   0.0036     0.90    0.146  89.91   3      345.6     72493.89     203.7143
       642    939.6472    468.2287     6860.489     528.1009  15.4091   0.0836     6.94    0.557  76.49   0      17.95     698.8755     94.15633
       643    212.3902    463.2296     159128.3     769.1828  11.9956   0.0052     6.55    0.167 -12.88   2        315     19468.97     131.8987
       644     46.9057    469.0469     7317.563     544.9822  15.3391   0.0809     8.06    0.225 -69.07   2      20.92     899.2842     93.36887
       645    459.6976    468.6917      5534.82     428.9246  15.6422   0.0842     2.21    0.144   9.94   2      18.01     922.2983     93.42487
       646    402.0014    468.6448     2532.724     165.5755  16.4910   0.0710     3.62    0.153 -89.42   0      36.65     2217.321     97.75283
       647    740.7444    467.7527     2706.171      213.076  16.4191   0.0855     2.88    0.325 -26.68   0      22.27     1928.969     96.83385
       648    102.5801    461.6141     57651.39     670.8285  13.0980   0.0126     8.00    0.159 -19.81   0      139.5     7481.003     109.0892
       649    963.9747    460.2659     62583.91      323.808  13.0088   0.0056    -1.55    0.471 -48.41   0      346.8     58111.96     186.7264
       650    301.3143    475.9915     6351.963     211.3549  15.4927   0.0361     1.92    0.438   4.59   0      59.87     4892.429     103.3251
       651    871.4700    464.9903     5306.834     383.2287  15.6879   0.0784     2.94    0.567   0.19   0      24.66      1727.57     96.11189
       652    607.6191    461.9261     7879.367     251.5402  15.2588   0.0347     4.09    0.610  56.83   1      62.25     4909.863     103.3634
       653    682.7383    461.4313     11804.85     647.7816  14.8198   0.0596     8.60    0.237  -2.49   0      28.06     1333.501     95.17549
       654    646.8057    456.4007     27983.11     588.0434  13.8828   0.0228    14.04    0.201   4.90   0       76.4     3849.608     101.0052
       655    144.1177    459.1967     2173.446     314.4536  16.6571   0.1571     5.65    0.779  47.54   0      11.59     618.0495     93.70657
       656    354.4514    458.2168     8783.325     572.2913  15.1409   0.0708     6.62    0.138 -48.00   0      20.24     973.0566     94.56367
       657    321.9373    455.3087     28100.29     705.3107  13.8782   0.0273     7.00    0.156  -6.52   0       72.2     3520.492     99.78455
       658    521.4082    457.9996     60363.78     274.2095  13.0481   0.0049     3.20    0.491   0.03   0      304.7     48292.21     174.3653
       659    472.0244    454.6360     22322.61     623.3676  14.1281   0.0303    11.63    0.191  -8.33   2      58.14     3451.768     100.5819
       660    391.5715    452.9622     13705.91     485.2249  14.6577   0.0384    13.35    0.152 -50.89   0      35.99     1473.781     95.75954
       661    717.9968    456.0178     12245.72     175.0327  14.7800   0.0155     4.26    0.037  86.70   0      141.1     12119.69     118.1575
       662    562.9040    454.8950     6756.661     533.6782  15.4257   0.0858     6.60    0.450 -75.23   0      18.18     731.6668     93.47224
       663    865.6805    454.9947     29747.03     247.5361  13.8164   0.0090     3.22    0.507  -0.39   0      190.5     23191.56     137.9913
       664    792.4996    443.9973     299991.2     775.8537  11.3072   0.0028     6.32    0.123  -8.43   2      523.4      38454.3     161.0325
       665    603.1773    452.7950     10335.53      495.832  14.9642   0.0521    10.85    0.370   3.53   0      30.81      1468.77     95.49796
       666    934.6332    449.5124     23943.73     776.5421  14.0520   0.0352     7.30    0.256   8.22   0      50.11     2432.446     97.27481
       667    251.0015    450.8678     7170.928     168.3143  15.3611   0.0255     0.00    0.076  89.18   0      98.83     7320.805     108.9742
       668    227.8384    439.0486     102441.4     728.0528  12.4738   0.0077     7.34    0.171  -6.54   2      225.1     12967.09     119.5768
       669    236.9634    428.4567     24699.25     727.5605  14.0183   0.0320     7.41    0.135 -20.85   3      55.91     2673.072     98.32228
       670    670.7639    443.5134     3014.783     195.9049  16.3019   0.0706     2.91    0.415 -63.79   0      39.82     2434.123     97.27873
       671    415.4170    438.6631     40427.88      710.113  13.4833   0.0191     7.56    0.221 -12.79   0      95.96     4969.023     103.4934
       672    176.5639    441.7782      4682.69     500.4426  15.8238   0.1161     7.75    0.377  78.54   0      15.66      629.454      94.2423
       673    253.5318    433.7922     33845.46     907.5239  13.6762   0.0291     9.17    0.137 -60.48   0      66.12     3168.642      99.4612
       674    776.9601    431.5429     6379.476     504.7727  15.4880   0.0859     6.87    0.299 -24.37   0      18.21     820.3315     93.94209
       675    592.9180    429.5641     13685.68     694.6614  14.6593   0.0551    10.79    0.352   0.94   0      30.89     1391.445     95.06293
       676    417.0029    430.2915      17674.8     197.6696  14.3816   0.0121     0.89    0.163 -89.53   1      153.4     17066.51     127.3175
       677    973.3751    427.5322     11613.01      674.795  14.8376   0.0631    11.37    0.375   6.04   0      28.27     1328.753     95.41472
       678    888.1096    428.5520     7910.731     484.9707  15.2545   0.0666     5.58    0.293 -24.96   0      25.91     1497.729     95.06586
       679    120.9277    428.8438     8266.271     583.4503  15.2067   0.0767    10.27    0.521  13.24   0       21.3     776.8016     93.83672
       680    730.7076    423.0770     77808.02     694.1581  12.7724   0.0097    16.38    0.109 -26.97   0      180.2      9841.09     113.2694
       681    569.6903    426.6339     8170.547     496.0434  15.2194   0.0659     8.90    0.374  67.04   0      29.23     1232.315     94.17602
       682    333.5419    427.9941     6010.408     485.3109  15.5527   0.0877     3.66    0.104 -23.22   0      17.04     1013.888     94.66176
       683    526.8179    425.5974     18771.64     823.5684  14.3162   0.0476    12.08    0.224 -30.58   2      33.64     1396.825     95.32658
       684     98.7885    425.8521     12310.37      659.826  14.7743   0.0582     9.49    0.260 -53.94   0      27.57     1228.478     95.17557
       685    638.4628    424.0502     11673.59     613.6642  14.8320   0.0571     8.27    0.207 -20.56   0      30.41     1433.123     95.41309
       686    399.6712    424.7235     6259.989     514.0931  15.5086   0.0892     5.78    0.169  24.81   0      19.42     1012.056     93.89759
       687    988.8818    422.5544     8771.525     571.2426  15.1423   0.0707     6.93    0.166 -19.22   0      22.88     1164.142     94.26498
       688    688.8875    420.1199     9398.078     539.2479  15.0674   0.0623     0.00    0.473 -32.58   2      22.57     1310.347     94.86884
       689    428.4899    418.6375      49769.6     797.6499  13.2576   0.0174     7.96    0.187 -12.31   0      113.4     5764.548     104.7711
       690    171.8726    420.1029     11682.06     561.8745  14.8312   0.0522    10.98    0.378  26.14   2      33.27     1440.453     94.67698
       691   1012.0189    417.0132     13052.74     176.0774  14.7107   0.0146     4.32    0.069  45.67   0      152.7     12874.95     119.6014
       692    748.8483    414.4089      21624.5     650.3004  14.1626   0.0327    13.25    0.314  -0.63   0      57.83     2933.694     99.16394
       693    261.4901    407.3343     511961.7     892.9648  10.7269   0.0019     6.51    0.163 -12.73   2      714.9     57883.97     186.1924
       694    926.2838    415.1283     4784.499     185.4936  15.8004   0.0421     0.00    0.326  26.40   0      67.73     3893.584     100.6307
       695    143.1611    409.1978     193712.8     721.2584  11.7821   0.0040    17.36    0.182 -22.35   2      376.7     24546.62     140.3756
       696     74.5117    415.2908      4160.58     238.3418  15.9521   0.0622     4.40    0.584 -54.33   0      41.05     2963.659     98.75021
       697    318.5825    408.9688     80849.58     634.0807  12.7308   0.0085     6.52    0.156  -7.35   0      194.5     11056.28     116.5046
       698    113.1693    411.0062      33604.1     899.5355  13.6840   0.0291    14.14    0.280 -10.03   0      61.02     3054.701     99.68071
       699    728.9622    409.0618     7460.144     555.8854  15.3181   0.0809     8.15    0.328  -4.85   0       19.4     886.2211     94.10136
       700    650.5903    406.6495     29971.49     814.2855  13.8082   0.0295    14.22    0.270   8.76   2      58.22     1781.441     96.48697
       701    446.0363    406.7254     29171.44      891.746  13.8376   0.0332    14.81    0.476 -17.29   2      48.13     2005.102     96.76594
       702   1012.3261    404.2968     20482.69     648.9821  14.2215   0.0344    16.14    0.406  43.62  16      41.94     1321.309     94.39054
       703    517.1993    405.2826     23415.37     806.5545  14.0762   0.0374    15.43    0.438   0.10   0      43.11     1600.655     96.30843
       704    915.0199    404.0244     57524.66     669.8951  13.1004   0.0126     0.00    0.044  20.63   0      141.4     3722.155     101.1911
       705    833.5719    405.1645      18290.2       660.98  14.3445   0.0392     8.76    0.244  -4.37   0      47.99     2379.766     98.12978
       706     33.8074    402.1794     64634.32     978.2517  12.9738   0.0164    12.63    0.419 -29.34   0      113.9     4040.395     101.4336
       707    821.5364    405.5266      14224.6     682.7049  14.6174   0.0521     7.27    0.269  -6.96   1      30.51     1411.593     95.36179
       708    743.4667    402.7523     11159.77     279.0978  14.8809   0.0272     4.84    0.515  56.99   3      73.53     6934.055     107.7222
       709    747.1849    396.1150      72917.2     717.9464  12.8429   0.0107     6.83    0.136  -9.80   2      153.4     8423.774      110.605
       710    622.6965    402.4571     11023.05     648.4284  14.8942   0.0639    10.79    0.031  83.90   0      28.47     1329.592     94.41048
       711    546.3279    405.6481     6339.517     497.6087  15.4949   0.0852     6.41    0.166  10.74   0      17.16     789.3751     93.86716
       712    418.1813    400.3383     33809.12     792.3363  13.6774   0.0255     9.02    0.316 -22.13   0      71.29     3249.666     99.64616
       713    984.4181    397.4245     19931.25     595.0406  14.2512   0.0324    13.43    0.152 -48.39   0      52.25     2587.943     98.61075
       714    578.0609    412.6046     4442.566     200.5531  15.8809   0.0490     5.32    0.371 -81.26   0      60.68      3510.16     100.4765
       715     20.9168    400.3758      8480.28     252.0826  15.1790   0.0323     3.66    0.578 -18.45   0      59.45     4577.788     102.3977
       716    474.2266    397.3510     2874.258     195.7418  16.3537   0.0740     5.14    0.639 -28.59   0      19.79     1806.606     96.79322
       717    199.0845    395.8158     13265.97     527.4662  14.6932   0.0432    11.67    0.192 -38.47   0      39.78     1900.895     96.27319
       718    805.1807    396.8742     12348.48      188.304  14.7710   0.0166     4.92    0.141 -25.74   0      133.8     11560.51      117.077
       719    372.4617    392.9432     26906.25     769.6921  13.9254   0.0311     1.51    0.145  -7.93   2      59.65     1887.917     96.73745
       720    954.1567    391.0655     22885.67     621.6555  14.1011   0.0295     9.52    0.409   7.17   0      49.51     1759.785     96.18805
       721    640.6246    392.1508     22256.75     643.1387  14.1313   0.0314     7.13    0.157  -2.02   0      56.52     2718.275     98.91068
       722    396.0610    393.8253     7154.507     472.1384  15.3636   0.0717     8.84    0.345  -9.51   0      24.66     1237.006     95.19594
       723      8.0803    384.2300     241083.8     758.4015  11.5446   0.0034    12.39    0.174  26.25  24      438.8     28830.74     146.8234
       724    460.0655    391.7836      7440.05     549.3965  15.3211   0.0802     4.65    0.304  82.34   0      19.97     1042.992     94.47923
       725    155.0283    388.7596     7939.615     543.0476  15.2505   0.0743     3.22    0.297  67.88   2      23.27     1332.941     95.67458
       726    863.6936    387.4110     39596.79     697.9752  13.5058   0.0191    10.42    0.210 -12.68   3      97.85     5043.746     103.6574
       727    877.0208    380.6239     25638.72     775.5001  13.9778   0.0328     9.33    0.164 -23.08   2      53.65     2661.287     98.77965
       728    228.4802    388.3531     10957.23     550.8495  14.9007   0.0546     7.18    0.311 -20.47   0      30.79     1440.323     94.92852
       729    472.8837    389.0284     1883.848     181.9049  16.8124   0.1049     2.18    0.385   0.02   0      20.61     1816.474     96.07369
       730    190.4267    384.9507     4546.267     440.7622  15.8559   0.1053     6.73    0.462  12.62   2      17.69     781.4895     94.35553
       731    341.2083    382.9920     28815.84     453.1037  13.8509   0.0171     0.00    0.247  12.20   0      93.92     3142.705     99.40191
       732    590.3703    379.5142     28196.15     574.7802  13.8745   0.0221    14.07    0.115   4.30   0      77.45     4078.108     101.2826
       733     33.6763    377.7639      52763.4     707.3309  13.1942   0.0146     8.38    0.175  -3.06   0      126.2     6612.355     107.0414
       734    846.5825    379.2337     24515.73     811.2911  14.0264   0.0359    15.97    0.558   3.15   0       50.7     1846.127      97.1321
       735    721.1041    377.9648       6444.2     491.6227  15.4771   0.0829     7.96    0.097  53.85   0      20.09     910.7167     93.14069
       736    910.1481    372.8966     8076.449     550.7446  15.2319   0.0741     5.90    0.206  22.48   0      21.64     1106.388     93.87163
       737    599.6355    369.7984     26062.44     706.3459  13.9600   0.0294    12.00    0.282 -13.75   1      68.29     3463.027     100.6074
       738    155.8692    367.3769     45806.75     881.1972  13.3477   0.0209    13.53    0.548   1.77   0      85.25     3958.626     101.2503
       739    448.7503    368.3060     15179.06     756.8155  14.5469   0.0541    11.40    0.293 -21.78   0      31.15      1368.99     94.50528
       740    670.6490    367.7018     3885.075     208.6854  16.0265   0.0583     3.02    0.423 -65.87   0      38.25      3104.93     98.59164
       741    252.0287    368.0967     5981.179     475.3555  15.5580   0.0863     5.07    0.432  -5.41   0      18.43     1095.584     93.59071
       742    513.1796    366.4128     9378.289     262.1623  15.0697   0.0304    -0.55    0.509 -67.54   0      90.36     6747.091     107.5493
       743    762.4958    364.7134     7916.089     435.6994  15.2537   0.0598     8.33    0.462 -67.14   0      31.82     2277.996     96.91328
       744    463.8784    365.9423     3788.526     167.2904  16.0538   0.0480     0.00    0.186  27.57   0      63.14       3199.4     99.05051
       745    666.8121    360.6169      10838.6     620.1298  14.9126   0.0621     8.55    0.118 -36.25   2      24.85     1172.701     94.79073
       746    746.4532    359.4472     50940.46     702.5093  13.2323   0.0150     7.31    0.232 -16.26   3      124.1     6488.843     107.0022
       747    226.8258    362.4575     8632.145     516.2982  15.1597   0.0650     9.72    0.344 -17.36   0      25.76     1283.849     95.05685
       748    380.5971    357.3882     46103.41     647.8361  13.3407   0.0153     8.78    0.157 -14.74   2      107.7      5439.19     104.5208
       749    964.2215    357.8189     25881.31     880.7997  13.9675   0.0370    12.84    0.410 -22.09   2      43.23     2275.415     97.88781
       750    825.2925    358.9103     5658.287     481.4407  15.6183   0.0924     5.86    0.082 -28.95   0      17.63     904.7499     93.89214
       751    754.0693    350.4131     172474.4     745.6038  11.9082   0.0047     0.00    0.217 -39.58   3        246      9043.35     112.0841
       752    291.3405    369.2424     13677.63     576.3069  14.6600   0.0458     6.43    0.368 -11.57   0       36.5     1446.278     95.44442
       753   1021.3073    352.0479     10069.44     398.2206  14.9925   0.0429    11.56    0.299  85.98  24      33.48     1982.056     95.96829
       754    798.3978    353.5203     18205.36     590.3503  14.3495   0.0352    12.36    0.179  30.95   0      51.18     2486.702     97.89053
       755    654.3774    348.0580     136391.6     867.8809  12.1630   0.0069     6.88    0.132  -7.61   0      260.8     15804.24     125.0439
       756    885.0088    350.0166     17858.26     182.1746  14.3704   0.0111     4.24    0.032  59.03   0      182.8     17524.05     128.1316
       757    923.9985    347.2847     17027.54     501.2772  14.4221   0.0320     6.97    0.286 -17.58   2      61.05     1663.505     96.45663
       758    833.7050    346.6760     6186.856     461.4372  15.5213   0.0810     5.18    0.216 -43.04   0      16.99      782.517     93.34035
       759    472.2707    343.8124     14132.77     643.0522  14.6244   0.0494    12.82    0.196  -8.31   0      37.56     1690.986     96.02534
       760    793.0994    345.8867      3760.24     167.2519  16.0620   0.0483     1.51    0.150 -56.71   0      61.25     3629.145     99.79274
       761    608.4439    336.7160      92815.2     732.4136  12.5810   0.0086     8.32    0.154 -16.98   0      211.4     12062.83     117.6428
       762    408.1616    342.6204     9646.973     695.9167  15.0390   0.0783     9.30    0.588   7.06   0      20.09     665.9568     94.33029
       763    977.1686    338.7695     20561.31     639.7463  14.2174   0.0338     7.12    0.204  -2.80   0      54.36     2741.826     98.96478
       764    805.3157    335.4310     143811.3     764.6436  12.1055   0.0058     8.07    0.370 -25.24   0      295.2     17811.36     128.4545
       765    201.7673    336.5768     71813.42     795.6967  12.8595   0.0120     8.14    0.235   2.72   0        157      8222.64     110.8391
       766    847.1366    335.7382     24413.63      741.289  14.0309   0.0330     8.27    0.202  -8.31   0      58.04     2767.787     98.29837
       767    722.4436    337.5509     6739.126     494.1808  15.4285   0.0796     7.57    0.363 -11.06   0      20.23     945.0992     94.49646
       768    684.5054    334.1470     18301.23     608.3139  14.3438   0.0361     6.78    0.125 -17.59   0      50.81     2516.499     97.22573
       769    270.8378    335.0398     9836.941     517.9819  15.0178   0.0572     6.03    0.128 -18.35   0      30.94     1688.125     96.01858
       770    130.2973    350.8568     14253.89     647.7193  14.6152   0.0493    11.83    0.281 -10.70   0      35.38     1646.728      95.4214
       771    647.1712    332.1793     21894.73     664.0186  14.1492   0.0329     0.00    0.410  63.88   2      97.44     1913.648     97.04424
       772    314.8293    333.9900     11308.12     517.4748  14.8665   0.0497     8.84    0.222  -5.28   0      31.31     1414.447     95.61862
       773    747.5854    328.9830     52348.82     637.0376  13.2027   0.0132    10.70    0.188 -21.48   0      132.8     7367.159     108.6322
       774   1012.8293    330.3319     4577.334     415.6882  15.8485   0.0986     3.41    0.464  34.38   0       14.9     916.4555     94.17435
       775    882.3569    330.4629     6683.106     553.4146  15.4376   0.0899     7.63    0.633  -9.95   0      17.86     774.2936     93.83064
       776    546.6848    338.9859     24712.49     763.5916  14.0177   0.0336     7.68    0.197 -12.19   0      55.55     2680.095     98.09541
       777    385.6794    326.6867     14978.46     513.3025  14.5613   0.0372     6.57    0.211  -9.27   0       43.9     2152.269     96.61799
       778    829.6854    320.5518      79214.8     1143.948  12.7530   0.0157    15.10    0.392  12.06   3      113.8     6005.877     105.2933
       779    825.3414    310.0683     67589.13     1209.178  12.9253   0.0194    12.82    0.355 -40.55   3      85.25     3212.625     99.56165
       780    248.9105    318.7585     161132.6     710.0779  11.9820   0.0048     6.55    0.210  -5.99   2      323.2     19880.75     131.8842
       781    985.4368    319.9320     93456.48     680.2238  12.5735   0.0079     6.49    0.172   3.72   0      220.4     13434.18     120.6594
       782    472.9772    320.6354     41179.39     647.9514  13.4633   0.0171     6.56    0.115  -9.23   2      99.24     5257.733     104.8111
       783    299.6189    322.3552     16440.78     571.1591  14.4602   0.0377    13.51    0.370   5.76   2      41.68     1856.669      96.9107
       784     50.7629    322.5566     4819.499     460.7632  15.7925   0.1038     6.19    0.347 -41.50   0      16.15     760.9845      94.0526
       785    950.2086    318.0186     36519.98      763.979  13.5937   0.0227    12.14    0.318 -20.74   0      82.04     4237.385      101.874
       786    850.9818    319.9785     13867.24     696.4371  14.6450   0.0545    10.36    0.132 -21.08   0       29.4     1378.177     95.78197
       787    140.1266    338.8245     11738.52     592.9107  14.8260   0.0549     6.25    0.150 -13.78   0      31.47     1614.859       95.845
       788    609.7318    318.5435     2997.064     195.8844  16.3083   0.0710     2.92    0.430 -63.07   0       35.9     2336.428     97.29593
       789    521.5735    316.4436     13672.15     648.4363  14.6604   0.0515     7.74    0.139 -19.56   0      33.84     1588.219     96.27908
       790     28.2648    317.0954     7228.672     501.5975  15.3524   0.0754     7.19    0.187 -43.72   0       23.2     1225.924     94.41383
       791    916.6181    317.6179     4831.762     474.8056  15.7897   0.1067     5.80    0.141  44.63   0      16.64     896.3978      94.6319
       792    100.0748    312.8369     100197.2     686.8315  12.4979   0.0074     6.80    0.187 -10.84   0      229.4     13514.98     120.8115
       793    600.7943    314.1941     7755.063     201.3291  15.2760   0.0282     0.00    0.363 -44.68   0      98.02     6463.315     106.7244
       794    510.7379    330.7695     5818.182     232.3335  15.5880   0.0434     3.49    0.545 -71.19   0      54.68     4335.075     102.0918
       795    559.4606    310.3362     8808.715     490.2857  15.1377   0.0604    10.34    0.408  -0.16   0      25.24     1133.075     94.69568
       796    142.1154    308.5988     5729.813     517.3318  15.6046   0.0981     7.21    0.559 -67.41   0      16.96      720.608     94.20877
       797    446.7700    307.0178     24432.25     630.7954  14.0301   0.0280    14.01    0.221 -15.05   0      63.39     3145.242     99.88693
       798      4.4981    298.9999     311356.2     645.9858  11.2669   0.0023     7.85    0.134 -65.95  24      589.3     47506.18     173.3377
       799    930.0432    306.2059     7064.016     337.9883  15.3774   0.0520     7.37    0.240  -5.39   0       24.9     1335.071     95.67964
       800    841.6537    306.0138     14516.22      706.011  14.5954   0.0528     9.38    0.384 -14.39   1      31.28     1454.514     95.71381
       801    709.2397    305.7748     10826.72     636.2786  14.9138   0.0638    11.00    0.317 -18.21   2      29.46     1654.771     96.43605
       802    709.9764    300.9840     54481.12     223.2361  13.1594   0.0044     0.00    0.037  37.04   3      331.7     53727.06     181.5741
       803    172.8516    313.9672     28289.43      684.761  13.8709   0.0263     7.09    0.245 -20.05   0         68     3273.712       99.701
       804    802.5054    301.0004     56195.93     870.9468  13.1257   0.0168     9.63    0.158  -2.74   0      110.5     5772.492      105.243
       805    328.1254    305.0945     6012.374     177.1568  15.5524   0.0320     4.87    0.290  37.99   0      92.16     5688.726     104.6065
       806    216.4137    303.4391     16926.06      746.224  14.4286   0.0479    14.44    0.594  -2.79   2      30.93      1111.96      95.3988
       807    274.8474    304.0010     10229.09     172.3943  14.9754   0.0183    -2.30    0.112  -1.35   0      120.5     9891.536      113.791
       808    178.3855    297.6396     129327.5     725.7838  12.2208   0.0061     6.89    0.150 -13.07   0      276.4     16749.21     127.3137
       809    658.0248    301.3845     9226.895     593.9605  15.0874   0.0699     7.58    0.195  -8.85   0      21.78     999.6211     94.87949
       810    387.7639    295.0074     270643.6     853.3967  11.4190   0.0034    12.06    0.334   7.30   0      474.9     32550.08     152.7849
       811     38.3036    301.7131     7819.585     482.4599  15.2670   0.0670     9.18    0.376  -6.81   0      23.48     1154.187     94.24098
       812    539.6132    301.5658     5661.104     441.3367  15.6177   0.0847     6.33    0.435 -23.17   0      16.79     879.7964      94.8441
       813    544.9811    300.8665     10037.23     182.2471  14.9960   0.0197    -3.32    0.173  62.99   0      112.1     9549.484     113.3167
       814    468.7745    296.5597     59409.92     592.0552  13.0654   0.0108     6.54    0.175 -16.18   0      152.1     8436.743     111.2773
       815    831.2224    297.2480     25052.51     677.5467  14.0029   0.0294     6.78    0.227  -5.00   1      60.73     3104.274     99.79367
       816    914.7046    293.9497     20393.68     647.1087  14.2263   0.0345    12.51    0.156   4.23   0      53.23     2746.406     97.76168
       817    425.7579    290.8516     31719.15     666.4777  13.7467   0.0228     7.36    0.180 -22.34   0       81.9     4338.025     102.3319
       818    344.4138    291.2513     22423.34     712.7516  14.1232   0.0345     2.36    0.266  22.60   2      54.41     1802.201     96.53586
       819    343.7581    281.7411     10552.06     612.2746  14.9417   0.0630     7.51    0.092  16.22   3      28.08     1190.471     94.83333
       820    308.1769    291.7487     5847.031     509.2433  15.5827   0.0946     7.47    0.111 -67.62   0      16.97     745.5032     94.26881
       821    158.5982    290.0037     4985.796     201.1678  15.7557   0.0438     2.17    0.387  -0.16   0      59.63     4497.832     102.4534
       822    875.4836    286.7898     4295.918     433.8069  15.9174   0.1097     5.97    0.431  89.53   0      14.57     717.0736     93.69194
       823    597.8847    285.9294     12911.81     616.0635  14.7225   0.0518    11.67    0.331   1.46   0      32.45     1401.991     94.83671
       824    513.8837    267.9865      1103222     1033.119   9.8933   0.0010     7.09    0.131 -12.42   0       1209     147723.6     274.9533
       825     75.2754    282.6789     5808.187     479.0257  15.5899   0.0896     8.32    0.263  -8.77   0      19.63     959.2519     93.51472
       826    659.9481    281.6051     5143.148     467.3532  15.7219   0.0987     5.91    0.237  35.59   0       15.2     814.9435      94.1829
       827    199.8355    266.7678     267394.9     848.3197  11.4321   0.0034     8.75    0.236  46.62   2      450.5     28183.93     146.1459
       828    924.3449    275.2560     25994.54     561.2893  13.9628   0.0234     9.86    0.187 -16.32   0      70.41      3604.34     100.9261
       829    948.7222    276.0634     7254.757     535.0071  15.3484   0.0801     5.78    0.150  -6.89   0      20.54     1074.041     94.30103
       830    815.1364    274.0997     23554.61     487.3727  14.0698   0.0225     9.51    0.234  -4.97   0      67.62      3308.71     99.06028
       831    739.5558    272.9016     31601.41     862.4312  13.7507   0.0296    13.78    0.195 -23.01   0      61.59     3055.329     98.23447
       832    635.2897    274.4328     12837.11     702.0777  14.7288   0.0594    10.68    0.236  12.15   0      29.53     1298.195     94.33487
       833    129.8949    273.3732     43397.86     702.6182  13.4063   0.0176     6.73    0.193 -15.67   2      97.93     4419.177     101.3407
       834    615.3852    274.7385     9381.248     556.6703  15.0693   0.0644     8.59    0.327 -17.81   2      26.19     1182.517     94.81426
       835     23.6538    269.2737     192863.7     699.9873  11.7869   0.0039     6.42    0.160 -15.43   0      388.2     25899.24     142.0453
       836    330.2178    267.6778     37849.94     784.4155  13.5548   0.0225    11.08    0.430 -28.67   0      85.97      4331.12     102.3166
       837    278.3901    271.4902     5953.841     477.8473  15.5630   0.0872     7.05    0.453 -23.38   2      18.79     909.6578     93.90402
       838    246.8968    271.3121     15811.46     567.7633  14.5026   0.0390     8.87    0.124   2.91   0      44.46     2228.105     96.79621
       839     65.5293    270.4863       4779.5     405.6252  15.8015   0.0922     6.81    0.392  11.14   0      17.47      967.413     93.78947
       840    721.1600    266.1620     32327.88     802.3945  13.7261   0.0270    14.07    0.154   1.46   3      64.57     3201.429     99.53609
       841    728.2409    258.4758     50272.21     934.9031  13.2467   0.0202     7.69    0.039  39.62   3      91.71     4795.077     103.1107
       842    265.1002    267.9334      14709.7     587.9887  14.5810   0.0434     6.89    0.181  -4.22   0      41.62     2013.673     96.04314
       843    426.1186    267.5241     13025.27     633.3045  14.7130   0.0528    11.34    0.370  -0.72   0      30.46     1368.659     94.50448
       844    113.1078    283.7293     6039.402     481.6206  15.5475   0.0866     5.43    0.168  -9.09   0      18.29     974.5431     94.06093
       845    688.7054    261.9846     7670.955     514.7166  15.2879   0.0729     6.42    0.143   5.10   0       18.3     788.1871     93.35416
       846   1013.2528    258.7111        17854     763.8953  14.3707   0.0465    11.94    0.330 -52.03  16      36.32     1866.183     95.94268
       847    809.9720    261.9439     6905.207     167.9551  15.4021   0.0264     4.37    0.117  61.68   3      100.1     6457.811     106.7127
       848    804.9310    257.3141     11195.27     553.1104  14.8774   0.0537    12.40    0.093  52.66   2      30.06     1297.062     94.58491
       849     77.4191    232.6719     32242.69     890.5198  13.7289   0.0300    11.08    0.363  23.18   3      51.93     2867.004     99.01098
       850     84.5489    246.3502     77291.45     845.9368  12.7797   0.0119     7.53    0.168 -58.43   3      147.6     8000.259     110.3822
       851     81.5230    256.4662     51795.68      682.097  13.2143   0.0143     8.03    0.199 -20.51   3      115.4     5921.586     105.1112
       852    948.8676    259.0766     2590.981     165.6555  16.4663   0.0694     2.71    0.207 -29.33   0      45.41     2106.762     96.51089
       853    641.3488    258.2764     7325.995     444.8848  15.3378   0.0659     4.24    0.260   3.60   0      24.07     1319.599       94.891
       854    270.5677    253.0954     12892.27      554.884  14.7242   0.0467     5.77    0.462  63.30   2      44.05     4595.215     101.7348
       855    299.7211    249.9092     41531.42     748.9136  13.4541   0.0196    15.50    0.255  10.22   0      96.03     8467.232     110.6943
       856    425.8152    252.9059     4165.223     405.2809  15.9509   0.1057     5.58    0.396  10.12   0      14.78      807.733     93.40173
       857    936.0128    250.0315     7438.394     168.6751  15.3213   0.0246     0.00    0.067  61.59   0      108.4     7333.104     109.2187
       858    247.1658    249.0060     8487.221     496.1885  15.1781   0.0635     9.71    0.237 -34.80   0      23.95     1046.379     94.99142
       859    116.8097    248.1324     44898.98     249.3838  13.3694   0.0060     5.73    0.382 -30.59   0      295.6      42903.4     167.1938
       860    983.6006    247.6854     5496.761     466.2466  15.6497   0.0921     7.30    0.377 -40.40   0      17.05     889.6761     94.61575
       861    554.6528    244.3276     31826.73     907.0182  13.7430   0.0309    15.11    0.178 -39.96   3      57.52     2402.583     97.45033
       862    552.1315    236.9434     23843.69     764.8953  14.0566   0.0348    13.47    0.199   6.56   3      52.11     2504.574     97.68791
       863    163.7134    240.8310     15641.27     572.9283  14.5143   0.0398     7.13    0.143 -29.02   2      41.07     1931.409      96.3452
       864    870.9651    241.2672     11549.23     476.7598  14.8436   0.0448     7.84    0.278 -35.98   0      33.39      1614.44     95.84401
       865    789.6399    240.9247     33847.23     327.5807  13.6762   0.0105     0.00    0.307   2.28   0      208.9     23914.33      139.005
       866    844.7240    239.9322     8238.695     394.1571  15.2104   0.0520     0.00    0.540  25.53   0      34.72     886.1038     93.59223
       867    730.6710    235.7200     28107.82     692.5023  13.8779   0.0268    12.26    0.431 -30.61   2      65.59     2739.766      97.9902
       868    626.9929    241.0090     4585.125     164.7857  15.8466   0.0390     4.22    0.024 -43.10   2      74.95     4439.102     102.3231
       869    445.7031    239.2607     6224.374     412.2668  15.5148   0.0719     8.25    0.132 -25.53   0      20.41     1056.686     94.00555
       870    427.3468    238.6616     7017.939     491.8879  15.3845   0.0761     7.39    0.288 -40.16   0      21.86     1092.372     94.59794
       871    395.9963    237.2533     18372.64     614.1996  14.3396   0.0363     7.57    0.218 -14.74   0      48.86     2423.859     97.98849
       872   1014.7571    233.7543     88445.32     634.9199  12.6333   0.0078     6.44    0.171 -11.04  16      215.7     13460.48     120.9065
       873    602.9623    236.6531     5974.516     482.8278  15.5592   0.0878     6.85    0.215  -0.26   0      17.59     897.9026     94.38288
       874     69.2412    235.5509     5331.416      333.258  15.6829   0.0679     3.01    0.475  29.97   0      29.35     2781.524     98.81457
       875    683.6349    230.1351     14275.31     725.9434  14.6135   0.0552    12.04    0.222 -60.69   2         33     1308.349     95.11541
       876     25.3918    230.9963     35876.53     754.3511  13.6130   0.0228     9.50    0.259 -11.30   3      83.22     4458.658     102.3665
       877     16.5289    222.7095     42352.02     617.2341  13.4328   0.0158     0.16    0.087   2.01   3        122     9453.948      112.702
       878    337.0002    231.0557     9401.325     632.9464  15.0670   0.0731     8.44    0.319 -12.64   0      20.48     933.7938     94.21619
       879    328.0679    231.1682     2766.658     165.8963  16.3951   0.0651     2.62    0.202  60.97   0      45.62     2264.763     97.37389
       880    826.6636    228.7803     16021.83     459.8105  14.4882   0.0312     7.50    0.214 -14.48   0      50.74      2478.16      97.8707
       881     60.0783    224.0820     114670.1     714.5272  12.3514   0.0068     7.93    0.142  -7.91   0        255     14951.86     122.9035
       882    145.9009    218.3929     708030.3     899.3942  10.3749   0.0014     6.43    0.155 -12.77   0      933.9     95620.84     227.8514
       883    544.3080    224.5197     14844.95     698.4673  14.5711   0.0511    10.82    0.239 -19.70   0      32.63     1420.377     95.13206
       884    754.9102    224.0946     8438.279     479.0275  15.1844   0.0617     6.77    0.292 -19.52   2      27.45     1344.971     94.95175
       885    748.0601    224.0233        15491      179.197  14.5248   0.0126     0.00    0.121  22.20   3      167.4     15050.44     123.6663
       886     38.9245    223.5177     11581.34     690.5234  14.8406   0.0648     8.30    0.218  49.72   2      23.74     928.8787     93.44087
       887     27.8878    222.9146     6643.987     328.7492  15.4439   0.0537     4.81    0.347  -4.22   1      33.95     3149.721      99.1775
       888    926.1442    220.8290     3878.066     298.1804  16.0285   0.0835     0.00    0.235 -44.18   0      21.36     1820.203      96.3307
       889    676.8750    217.9317     3604.923     205.4956  16.1078   0.0619     4.49    0.145  29.32   0      51.18     2895.254     98.59264
       890   1010.5109    213.0071     12030.28     484.4394  14.7993   0.0437     8.75    0.058  -0.77   2      35.68     1674.243     95.98571
       891    360.9290    214.5525     8585.674     550.9547  15.1656   0.0697    10.43    0.257 -12.34   0      24.73     1005.402     94.38876
       892    316.4751    215.4349     4731.806     424.2992  15.8124   0.0974     2.60    0.154  38.45   0      16.79     1116.179     94.65511
       893    905.0123    207.5877     40974.23     762.9594  13.4687   0.0202    15.60    0.185  64.25   3      87.87     3942.106     101.2132
       894    559.2231    212.7685     11789.32     644.0797  14.8213   0.0593     7.35    0.281  -9.86   0      29.77     1439.221     95.92671
       895    708.9041    209.7802     8831.457     446.9906  15.1349   0.0550    10.09    0.219  29.79   0      27.14     1291.068      94.3177
       896    764.9203    208.1551     21675.47      643.861  14.1601   0.0323    13.58    0.322  -8.03   0      59.32     3051.945     98.95319
       897    485.4127    202.8044     248396.5     769.1741  11.5121   0.0034     5.73    0.264   1.20   2        456     34208.93      154.925
       898    464.8408    203.0965     44445.24     571.8512  13.3804   0.0140    15.53    0.316 -15.79   3      113.3     5471.748     103.6744
       899    548.5632    206.5611     6890.535     391.8587  15.4044   0.0618     0.00    0.573  38.98   3      35.92     3311.744     99.78765
       900    554.9139    202.5573     13464.65      775.011  14.6770   0.0625     6.76    0.508 -39.53   2      25.85     1140.086     94.20697
       901    179.1160    206.5360     18813.59     584.4887  14.3138   0.0337    10.13    0.236  -7.88   0      51.23     2453.629      97.3243
       902    699.0195    207.9985     21989.36     187.2575  14.1445   0.0092     4.23    0.019  -5.39   0        203     21633.41     135.2243
       903    855.4961    206.2755     6226.426     502.3329  15.5144   0.0876     7.81    0.272  -2.65   0      18.88     887.6065     93.59589
       904    416.9323    203.6596        19890     511.9868  14.2534   0.0280     6.73    0.193 -24.69   0      57.56     2936.043     98.92827
       905    396.0225    204.2085     11255.42     593.7317  14.8716   0.0573     7.65    0.087 -35.25   3      30.54     1418.697     95.62872
       906    391.1771    198.9545     11639.78     697.4236  14.8351   0.0651    11.17    0.454  49.84   2      30.72     1395.101     95.82213
       907    878.0154    202.4072     14036.32      664.924  14.6319   0.0514     9.90    0.179  41.70   0      34.29     1439.751     95.42887
       908    954.8988    198.1111     10827.52     532.0539  14.9137   0.0534     7.02    0.244 -14.22   2      31.11     1609.446     95.08179
       909    903.1454    194.4599     39405.61     1026.135  13.5111   0.0283    15.34    0.377  29.17   3      54.03     2141.749     97.33197
       910    896.8022    187.9127     28287.96      942.299  13.8710   0.0362    13.51    0.147   6.49   3      42.83     1811.062     96.30913
       911     84.8951    197.3604     12007.85     602.9956  14.8013   0.0545     7.65    0.174   2.86   2      31.18     1345.615     94.19591
       912    639.7315    194.4715     36094.99      699.399  13.6064   0.0210     8.66    0.265 -20.06   0      88.36     4715.441     102.7028
       913    747.4639    194.3721     8424.774     559.4895  15.1861   0.0721     0.00    0.300  35.76   0      25.05     995.3952      94.1113
       914    309.8483    193.1258     15268.86     616.9324  14.5405   0.0439    11.32    0.153   8.74   2      38.96     1805.477     96.04768
       915    997.2562    191.5188     12631.83     468.4392  14.7463   0.0403     6.36    0.215  -5.60   0      40.41     2278.508     96.91448
       916    350.8084    189.8956      18324.2     992.4077  14.3424   0.0588    12.28    0.143 -11.42   0      32.68     1445.477     95.44251
       917     22.7885    190.1414     20080.81     519.0184  14.2430   0.0281    14.26    0.299   5.12   0      52.89     2481.618     98.12237
       918    594.8389    191.4677     7443.655     527.2208  15.3205   0.0769     5.65    0.421 -27.80   0       19.2      954.512     94.26614
       919    414.8144    189.5539     6954.677     300.5162  15.3943   0.0469     7.49    0.590 -54.73   0      38.62     2759.938     99.00636
       920    198.9570    191.0547     3191.943     274.7137  16.2399   0.0935     5.18    0.416 -84.18   0       22.4     2312.463     97.72978
       921    184.0770    187.3542     9239.791     517.7198  15.0858   0.0609    10.24    0.061 -73.55   0      27.28      1325.33     94.90472
       922    535.9904    181.7781     9030.459     510.6621  15.1107   0.0614     9.93    0.048 -46.37   2      29.22     1301.839     95.35059
       923    448.5100    177.7140     77669.53     743.9232  12.7744   0.0104     6.55    0.205 -22.71   2      180.7     10180.62      114.158
       924    456.9823    170.5480     5875.092     265.9289  15.5775   0.0492     2.23    0.341  89.70   3      43.66     3335.278     100.0801
       925    413.7560    179.7193     8389.784     329.9539  15.1906   0.0427     6.69    0.574 -68.04   0      65.75     5109.245     103.3398
       926    147.3054    179.5364      21900.6     549.9458  14.1489   0.0273    11.44    0.374  29.99   0      52.09     2145.945     96.60311
       927    903.0649    178.0254     19816.24     823.8566  14.2574   0.0452     8.47    0.157  28.77   1      36.63     1702.321     96.30043
       928    867.4644    179.8502     7190.316     424.2093  15.3581   0.0641     5.88    0.076 -45.60   0      23.45     1187.514     94.82624
       929    333.5203    179.7517     11222.98     491.4036  14.8747   0.0476     6.42    0.149 -11.98   0      33.27     1706.047     95.56258
       930    462.7318    180.0268     11946.87     208.8842  14.8069   0.0190     5.41    0.286  -7.83   0      127.4     10037.56     114.0823
       931    852.9734    178.3585     5382.521     514.8657  15.6725   0.1039     7.89    0.652 -20.39   0      16.31     773.7166      94.3368
       932    478.0164    178.8779     4066.705     214.5222  15.9769   0.0573     1.14    0.113 -86.82   0      49.52      3167.48     99.45854
       933    628.7576    176.3671      2491.71     176.0059  16.5088   0.0767     1.71    0.356 -41.61   0      33.39      2346.36     98.05238
       934   1008.0964    173.7785     14183.64     656.8459  14.6205   0.0503     7.65    0.262   1.55   0      35.89      1897.65      95.7682
       935    511.0977    175.9887     28315.29     197.8247  13.8699   0.0076     4.57    0.164  -7.20   0      233.7     27282.43     144.4069
       936    310.1817    174.3224      12343.1     668.8224  14.7714   0.0588     8.51    0.333 -18.75   0       29.2     1415.758     95.62173
       937    255.9982    174.1339     11447.44     247.6143  14.8532   0.0235     3.39    0.562  89.99   0      80.79     6482.094     106.9878
       938    103.1642    169.6390     19265.45     770.5376  14.2881   0.0434    13.43    0.326 -55.12   2      42.65     1443.502     95.43781
       939    224.2415    174.4990     3621.405     196.6074  16.1028   0.0590     2.99    0.426 -63.76   0      43.45     2710.669     97.43382
       940    765.5841    172.3491     7404.527     540.6199  15.3263   0.0793     6.25    0.223   1.01   0      21.48     1128.735      94.9371
       941    579.8846    168.6957     78081.69     786.9365  12.7686   0.0109     8.19    0.255 -28.86   2      164.3     8758.506      111.076
       942    431.9811    173.6388     4872.667     182.3572  15.7806   0.0406     1.01    0.165 -87.92   0      63.39     4984.332     104.2166
       943     34.7577    170.9434     16657.36     496.3217  14.4460   0.0324     8.66    0.242  -3.48   3      46.84     2392.643     97.91606
       944     45.1808    169.3990     11228.78     599.7234  14.8742   0.0580     7.65    0.335 -18.96   3      29.53     1415.066     95.37006
       945    547.0037    170.7452     11066.24      709.121  14.8900   0.0696    10.89    0.476  11.80   0      23.06     871.3334     94.31888
       946    484.4387    170.1246     9175.726     522.2834  15.0934   0.0618    10.27    0.240  22.12   0      27.41     1353.265     95.22267
       947   1021.0193    163.7325     77760.69     587.9954  12.7731   0.0082    17.06    0.062  -5.32  24      201.3     8008.646      110.183
       948    910.4484    166.4876     24749.62     766.7231  14.0161   0.0336     0.00    0.538   9.62   0      52.25      1279.65     94.54306
       949    523.8312    163.7182     62517.64     833.4074  13.0100   0.0145    10.40    0.116  30.88   3      135.6     7370.252     108.6386
       950    513.6422    165.0826     39609.18     697.1235  13.5055   0.0191     7.64    0.156 -52.83   3      95.62     4881.677     102.8381
       951    842.8845    165.7090     5395.917     470.0229  15.6698   0.0946     6.18    0.345   8.19   0      16.15     768.1744     93.56097
       952    325.8971    162.9751     29540.12     962.6519  13.8240   0.0354    17.21    0.613 -56.35   2      50.84     1911.912     95.55248
       953    541.1891    161.1743      5859.74     492.5658  15.5803   0.0913     7.39    0.222 -26.30   0      17.76     996.2678     94.61945
       954    459.8962    160.3962     7870.237      438.407  15.2600   0.0605     0.00    0.499  29.34   0      28.93     2471.568     97.85539
       955    995.4772    158.5919     9137.323     533.5735  15.0980   0.0634    10.15    0.302  -2.01   0      27.92     1388.061     95.30569
       956      3.1503    159.1180     3659.125     349.6268  16.0916   0.1038     6.72    0.243 -85.76  16      15.35     791.4492      93.3621
       957    716.3129    155.8008      55250.8     1088.261  13.1442   0.0214    12.74    0.330 -28.56   3      80.17     4537.973     102.5424
       958    723.6762    146.2400     44153.71     765.4672  13.3876   0.0188     5.97    0.153 -12.94   3      111.5      3516.04     100.2519
       959    735.4362    141.0651     217889.6     959.3685  11.6544   0.0048     8.01    0.302  61.63   2      369.6     24090.98     139.2935
       960    397.4713    154.0761     24237.51     526.5345  14.0388   0.0236     9.90    0.195 -10.06   0      67.83     3339.994     99.37259
       961    361.4570    155.3633     30416.74     552.3745  13.7922   0.0197     8.02    0.201  -9.78   0      83.26     4406.705     102.2511
       962    802.0910    155.2250     26837.96     699.8047  13.9281   0.0283    15.56    0.067 -37.95   2      68.33     3399.168      99.2676
       963    801.0822    149.7780     38069.75      227.871  13.5485   0.0065     5.21    0.359 -71.74   3      247.9     30805.22     149.8486
       964    197.9675    153.4687     9940.496     656.2863  15.0065   0.0717     8.50    0.400 -16.58   2      22.75     1080.196     94.56868
       965     95.1553    153.1700     13714.83      686.894  14.6570   0.0544    10.97    0.125 -18.89   0      30.68     1541.601     96.16897
       966    587.4479    136.3388     706879.7     941.2679  10.3766   0.0014     6.41    0.196 -17.79   0      927.6     95491.95     227.7228
       967    298.6707    148.9013     23761.04     665.5546  14.0603   0.0304    12.45    0.507  -4.47   0      58.02      1550.02     94.43531
       968    830.0554    149.3626     5726.774     467.6369  15.6052   0.0887     4.22    0.212  11.71   0      17.33     986.0306     94.59485
       969    622.2260    145.6582     54050.57     612.8223  13.1680   0.0123     6.88    0.167  -6.52   0      139.3     7697.724     109.3216
       970    996.1829    145.7658     24116.37     701.4777  14.0442   0.0316     8.74    0.235  10.18   3      61.18     3301.708     100.4802
       971    985.1083    145.2842     12719.16     683.0779  14.7389   0.0583    10.36    0.476   3.05   3      27.35     1066.125     94.28195
       972    480.0974    140.0578     8260.848     573.1262  15.2074   0.0753     7.65    0.318  89.99   3      22.68     1189.225     94.32544
       973    687.3174    147.8377     4376.226     200.4779  15.8973   0.0498     2.35    0.328 -25.34   0      57.88      3266.44     99.44461
       974    366.8679    144.1745      12546.7     701.9837  14.7537   0.0608    12.32    0.557 -33.80   1       28.1     904.0985     94.14452
       975    854.3451    143.8831     8669.682     530.0063  15.1550   0.0664     6.05    0.123 -19.92   0      26.62      1391.67     94.81197
       976    316.9971    136.4809     330866.7     775.6658  11.2009   0.0025     6.78    0.170 -15.35   2        569     44801.13     169.8945
       977     18.4202    139.9588     71749.32     603.7341  12.8605   0.0091    15.98    0.138 -30.13   0      176.6     10338.83     115.0965
       978    464.0090    143.3056     5584.351      487.566  15.6326   0.0948     4.76    0.455 -55.44   0      18.28      798.342     93.88887
       979     42.8530    144.0877     7280.359     506.3584  15.3446   0.0755     3.69    0.130 -42.68   0      21.97     1327.274     94.65748
       980    101.9050    139.0113     65595.78     617.0891  12.9578   0.0102     8.65    0.259 -10.38   0      155.9     8263.621     110.4918
       981    479.3025    147.0724     9530.139      609.941  15.0523   0.0695     9.36    0.174  74.10   3      24.87     1115.288     93.89317
       982    895.9282    134.5151     29438.89     916.2444  13.8277   0.0338    15.62    0.378 -51.09   2      54.03     2430.366     97.26995
       983    765.8458    133.1454     13686.97     645.6741  14.6592   0.0512     6.57    0.214 -17.14   0      33.71     1759.567     96.43544
       984    795.1324    133.0650     3173.245     166.4524  16.2462   0.0570     1.85    0.210  59.67   0      42.12     2943.926     98.70477
       985    695.6434    132.4890     6759.849     545.8442  15.4252   0.0877     7.15    0.235  87.54   0      16.81     694.4128     93.12558
       986    852.1739    127.2284     28481.77     810.9305  13.8636   0.0309    12.18    0.164   7.46   2      57.15     2464.915      98.3268
       987    684.9337    125.2784     19552.12     513.0016  14.2720   0.0285     9.49    0.178  50.16   0      71.35     7528.928      108.531
       988   1002.8768    125.8524     11530.64     643.0608  14.8454   0.0606    10.82    0.399  -8.02   2      27.39     1260.433     94.74919
       989    435.9344    127.5331     4406.959     393.4615  15.8897   0.0970     4.43    0.291 -24.40   0       16.5     911.2298     93.90783
       990    422.9283    127.2011     8461.863     543.2661  15.1813   0.0697     6.20    0.334 -10.78   0      23.01     1210.916     94.88232
       991    361.0471    124.3275     33440.16     762.2796  13.6893   0.0248    14.77    0.350 -37.14   2      68.03     2910.687        98.87
       992    805.9836    126.9671     9141.202      170.954  15.0975   0.0203    -9.58    0.064  60.47   0        121     8690.727     112.0082
       993    549.9467    121.7446      74555.8     619.4174  12.8188   0.0090     6.63    0.165 -10.99   0      184.3     10574.83     115.5616
       994    530.5680    126.9691     4488.328     200.6049  15.8698   0.0485     1.26    0.053 -30.42   3      47.48     3704.796     101.1521
       995    527.2235    122.6483     17812.77      795.276  14.3732   0.0485    11.38    0.274  -7.08   2      32.42     1266.822     95.51739
       996    706.9547    124.7729     21542.08     219.0755  14.1668   0.0110     5.59    0.224  68.02   0      188.3     19217.76     131.4652
       997    673.5862    122.5402     15552.35     692.6915  14.5205   0.0484    11.02    0.373 -10.03   0      34.86     1670.474     96.22523
       998    131.3687    124.0004     4698.841     418.6162  15.8200   0.0968     5.50    0.213 -61.03   0      16.82     964.4515      94.7952
       999     96.1168    124.9401     2651.325     218.5499  16.4413   0.0895     2.21    0.138  -1.24   0      25.19     1707.999     95.56723
      1000     62.5835    122.6504     16219.65     594.6259  14.4749   0.0398     6.45    0.220 -17.21   0      44.99      2277.02     97.64732
      1001    910.7562    122.2757     16774.81     648.6033  14.4384   0.0420    11.76    0.426  29.99   3       38.1     1724.198     96.10393
      1002    917.0901    116.8998     20080.24     838.2935  14.2431   0.0453    12.51    0.146  11.16   3      34.38     1535.331     94.90446
      1003    745.7911    122.4764     10439.06      638.949  14.9533   0.0665    10.30    0.240 -35.02   0      26.72     1213.672     94.88892
      1004    253.6704    118.1056      30419.8     884.6731  13.7921   0.0316     7.11    0.155 -38.34   2       51.1     2454.283     97.08018
      1005    271.1662    114.2159      40599.3     817.9764  13.4787   0.0219    10.73    0.244 -41.43   0      87.21     4617.769     103.4141
      1006    513.4445    117.8655     18069.85     784.7722  14.3576   0.0472     9.98    0.512 -33.94   0      30.05     1160.557     94.76161
      1007    645.2800    113.9140     13222.67     591.4644  14.6967   0.0486     8.47    0.181   6.45   0      34.88     1749.936     95.66691
      1008    616.4403    113.0474     22027.22     626.1265  14.1426   0.0309     6.91    0.217 -17.11   0      59.78     3028.932     99.14144
      1009    370.5870    104.7752     52768.02      979.765  13.1941   0.0202    10.33    0.337 -59.71   3       85.6     4298.454      102.244
      1010    381.1714    100.9012     15739.14     628.6058  14.5075   0.0434     7.60    0.341  -8.59   3      40.45     1981.046     95.71678
      1011     68.9657    112.4152      12961.3      650.944  14.7184   0.0545     6.60    0.265  -0.37   0      28.92     1511.394      96.3457
      1012    187.6678    110.0623     6700.761     439.1617  15.4347   0.0712     8.10    0.285 -16.69   0      21.27      1095.19     94.60471
      1013    832.0681    107.7600     10314.72     612.1865  14.9664   0.0645     5.96    0.263   4.30   0      25.01     1383.033      95.2937
      1014    779.4106    106.4975     16656.22     766.6596  14.4461   0.0500    11.97    0.359 -31.97   0      34.97     1678.739     95.99635
      1015    996.9202    108.0459     5172.736     169.1604  15.7157   0.0355     0.00    0.128 -27.57   0      80.29     4613.308     102.2433
      1016    698.2429    108.0058     2762.884     254.0241  16.3966   0.0998     1.42    0.435 -12.94   0      23.12     1844.227     96.88152
      1017    522.7326    108.0707     7980.214     558.2406  15.2450   0.0760     7.82    0.182 -10.54   0      20.26     877.4827     93.82612
      1018    357.7566    102.3779     18391.63     805.1377  14.3384   0.0475    10.89    0.251  75.18   1      35.97     1257.231     95.49456
      1019    681.6362    103.3882     6144.173     493.9071  15.5288   0.0873     5.47    0.148 -44.56   0      16.87     802.9951     94.65988
      1020    608.5128    100.6091     13228.27     656.5153  14.6962   0.0539     8.17    0.275 -16.99   3       31.7       1520.9     95.62194
      1021    620.0394     95.3310     36900.07     757.0286  13.5824   0.0223     7.83    0.257 -20.44   2      87.63     4459.312      102.368
      1022    446.8061     98.2060     19258.69     604.7361  14.2884   0.0341     6.29    0.234 -32.98   2      50.61     3426.762     100.0493
      1023    490.7361     98.9246      7515.01     561.2509  15.3102   0.0811     9.84    0.590   8.75   2      20.78     998.2385     94.37151
      1024    484.0286     96.0672     5930.239     166.6306  15.5673   0.0305     4.36    0.074  63.76   2      87.62      5414.81     104.4678
      1025     36.7139     94.3220     85400.93     828.1717  12.6713   0.0105     6.69    0.165 -21.91   2      155.8     7590.294     108.6594
      1026    574.6519     96.5926     7685.855     462.1749  15.2858   0.0653     9.65    0.407 -13.42   0      25.11      1320.26     95.39449
      1027    891.7719     96.5828     4659.923     428.4607  15.8291   0.0999     6.59    0.301   2.84   0      16.62     937.4147     94.73035
      1028    740.5386     96.2769     6636.742     502.5185  15.4451   0.0822     7.71    0.389 -12.09   0      18.76     843.6943     93.74424
      1029    783.9819     95.0183     12306.44     175.1115  14.7747   0.0155     0.00    0.064 -44.66   0      150.1     12466.88     119.2246
      1030     13.4045     91.4181     17798.66     880.0693  14.3740   0.0537    13.80    0.558 -51.51  18      30.87     1267.232     95.01711
      1031    130.4579     93.6601     5553.952     453.2921  15.6385   0.0886     3.70    0.181 -23.57   0      18.26     1123.588     95.17596
      1032    369.7552     90.5020     26204.97      763.254  13.9540   0.0316     6.52    0.170  -6.25   0      56.49     2842.856     97.74167
      1033    291.2000     87.4502     104011.9      890.068  12.4573   0.0093    21.66    0.416 -12.53   2      183.4     7193.339     108.2679
      1034    636.8708     90.0474     7689.355     536.3059  15.2853   0.0757     8.53    0.344 -14.18   0      22.79     1101.898     94.62083
      1035    756.0350     89.0598     4345.797     164.4553  15.9048   0.0411     4.39    0.115  61.81   0      71.14     3938.473      101.205
      1036    770.8848     84.5034     21634.27     625.0295  14.1621   0.0314    14.85    0.133  76.87   0      49.89     1837.596     95.87493
      1037    201.0164     88.1760     9714.647     570.5725  15.0314   0.0638     3.99    0.193 -14.62   0      23.24      1434.77     95.91617
      1038    865.2804     84.4966     36269.58     815.3096  13.6011   0.0244    15.99    0.197  56.15   2      76.59     3719.455     100.2367
      1039    869.9653     69.6313     62129.63     750.3809  13.0168   0.0131     6.24    0.144 -12.82   2      139.3     7871.961     110.1177
      1040    239.9192     86.1936     5943.885       534.45  15.5648   0.0976     7.83    0.569 -36.20   0      17.93     875.8951     94.32987
      1041    141.4170     83.4309      70616.8     703.7757  12.8777   0.0108     6.95    0.196 -10.39   2      166.1     9418.575     113.2648
      1042   1021.6235     79.8743     23303.69     446.3361  14.0814   0.0208    12.42    0.286 -86.28  24      75.33     4196.668     101.7832
      1043    104.5662     80.2362     8898.393     396.0474  15.1267   0.0483     6.81    0.205  -5.62   0      29.93       1576.4     96.00279
      1044    738.7126     79.6301     6857.162     542.5944  15.4096   0.0859     7.24    0.251   0.87   0      18.79     902.7897     93.63274
      1045     32.9974     78.5778     12467.37     246.1354  14.7606   0.0214     4.04    0.575 -89.99   0      72.79     6175.851     106.1105
      1046    900.8682     71.1944     30440.47     773.0549  13.7914   0.0276     6.86    0.176 -10.01   2      66.01     2784.068     98.57851
      1047    197.4756     73.5028      17107.1     686.2781  14.4171   0.0436    11.23    0.459 -14.12   2      45.51     1693.118     95.53183
      1048    988.3943     72.0449     22154.13     1119.834  14.1364   0.0549    15.61    0.534 -52.66   2      42.89     1885.138     96.73092
      1049    997.6219     69.4993     23907.39     782.6568  14.0537   0.0356    10.41    0.361 -17.64   3      53.21     1322.983     94.14129
      1050    993.9239     65.9659     5030.634     185.7949  15.7459   0.0401     3.60    0.284  58.23   3      59.23     3447.013     100.0953
      1051    555.4816     71.6883     6661.785     447.2227  15.4410   0.0729     4.68    0.236 -20.98   0      22.39     1192.732     94.58665
      1052    248.9022     67.6824     64036.27      962.115  12.9839   0.0163    19.76    0.297  37.72   2      111.6     4162.084     100.9992
      1053    246.2097     57.9891     13085.77     251.4983  14.7080   0.0209     0.00    0.262 -13.95   3      115.3     8980.572     111.9568
      1054    721.8914     69.0720     7943.869     533.0649  15.2499   0.0729     7.91    0.338 -15.04   0      23.09     1111.166     94.13718
      1055    423.7135     88.4428     6112.324     482.8927  15.5345   0.0858     7.75    0.412 -10.57   0      18.94     883.7371     93.58649
      1056    660.2777     62.4950     17621.33     555.7446  14.3849   0.0343    12.70    0.164   7.59   0      50.73     2794.808     98.36082
      1057    887.4283     59.1082     20946.54     289.0293  14.1972   0.0150    -0.99    0.189  26.96   2      161.3     15431.27     123.7869
      1058    580.1846     62.9127     9559.721     184.9075  15.0489   0.0210     0.00    0.257 -26.18   0      117.2     8346.012     110.4451
      1059    639.3582     61.3782     4610.531     411.3761  15.8406   0.0969     6.53    0.290 -45.46   0      16.76     901.7532     94.64476
      1060    264.4654     57.6043     34229.27     683.2439  13.6640   0.0217     7.04    0.214  -0.16   0      87.99     4671.561       103.07
      1061    434.7369     59.4681     17911.62     223.4397  14.3672   0.0135     2.46    0.417  63.47   0      147.1     14433.78     122.3327
      1062    190.6883     59.0887     8825.018     568.1205  15.1357   0.0699     6.69    0.314  -9.28   0       24.7     1179.205     94.55415
      1063     50.5972     57.3325      14981.2     551.4259  14.5611   0.0400     6.75    0.289 -20.39   0      41.12     2151.473     97.10911
      1064    486.6665     56.5740     14647.51     667.8198  14.5856   0.0495     6.29    0.155 -20.14   0       36.1     1808.766      96.3037
      1065    453.6141     51.0426     40860.02     792.8519  13.4718   0.0211     0.00    0.214  85.22   0      96.48     2426.408     98.23775
      1066     50.8218   1018.3690     6804.965     497.8213  15.4179   0.0794     6.45    0.416  54.20  16      19.18     846.3616     94.51166
      1067    616.5007     53.9949     14323.96     514.1748  14.6098   0.0390     7.06    0.231 -21.62   2      43.21     2210.751     97.24775
      1068    535.1088     52.2000     11165.05     538.8856  14.8803   0.0524     6.90    0.077  78.82   2      32.11     1415.849     95.37193
      1069    199.8491     54.8318     17285.49     206.1014  14.4058   0.0129     0.00    0.323  46.98   0      168.4     15351.34      124.218
      1070     83.2870     54.7209     4583.735     355.3036  15.8470   0.0842     0.60    0.135 -48.10   0       19.7     1480.661     95.02505
      1071    333.7122     54.0578     2198.227     172.1942  16.6448   0.0851     2.37    0.253 -13.28   0      28.92     1986.553     96.22739
      1072     35.2295     51.1096     7187.294      482.162  15.3586   0.0729     3.87    0.360 -50.47   0      21.95     1349.968     94.45952
      1073      5.1394   1018.3500     14269.96     558.6627  14.6139   0.0425    12.10    0.168  -2.88  26      34.03     1536.752     95.65961
      1074    963.2286     44.7690     33401.12     695.0966  13.6906   0.0226     9.34    0.241  10.64   0      81.86     4300.837     102.4825
      1075    501.3637     48.1210     6964.863     499.0917  15.3927   0.0778     7.13    0.392 -20.50   0      17.65     888.9346     94.10791
      1076    466.4779     45.4151     10540.97     639.9186  14.9428   0.0659     6.93    0.129 -31.08   1      21.86     1081.254     94.82336
      1077    428.3279     46.2111      9434.94     608.9261  15.0632   0.0701     8.70    0.383 -17.65   0      22.58     950.4121     94.25626
      1078    846.6830     41.6627     37422.04      907.104  13.5672   0.0263    17.42    0.496 -21.14   0      67.74     2409.394     97.22094
      1079    986.9298   1012.9312     22597.79     651.5573  14.1148   0.0313     6.57    0.208 -22.19  18      57.12     2845.776     98.47852
      1080    785.1320     41.1329      14081.1     537.8992  14.6284   0.0415     6.89    0.236  -9.48   0      43.49     2225.951     97.03752
      1081    564.2259     39.0545     7896.957     613.2381  15.2564   0.0843     9.05    0.271 -35.23   0      19.32     748.3324     93.76774
      1082    733.0048   1014.9939      6056.85      173.813  15.5444   0.0312     0.00    0.182  28.09   0      82.82     5013.238     103.5905
      1083    581.3324   1012.1107     10355.15     590.3615  14.9621   0.0619    10.50    0.337 -65.07  16      26.29      940.966     93.47027
      1084    925.6774     38.1085     3964.117     399.2317  16.0046   0.1094     6.15    0.269  -7.53   0      15.82     845.4427     93.49345
      1085    664.7966     37.7479     6791.359     475.7427  15.4201   0.0761     8.45    0.330   8.09   0      21.51     1033.963     94.45751
      1086    475.4920     36.0126     14396.68     601.9152  14.6043   0.0454     6.74    0.192  -5.39   2      38.48     1827.702     95.85148
      1087    940.9942     36.0294     8265.306     169.7856  15.2069   0.0223     0.00    0.065 -60.86   0      114.6     7995.401     110.3722
      1088    339.5191     34.5666     28711.68     821.9612  13.8549   0.0311     7.63    0.195  -4.18   0      52.29      2686.07     98.35232
      1089    599.1631     34.4667     12699.64     636.9473  14.7405   0.0545     7.94    0.210   6.99   1      30.23     1451.745     95.45744
      1090    388.6699     35.6598      4098.66     400.8004  15.9684   0.1062     5.63    0.452 -44.90   0      15.23     758.2856     93.79185
      1091    143.1659     34.2187     12999.91     540.7639  14.7151   0.0452     6.39    0.281  -6.60   0      37.34     2044.104     97.59423
      1092    590.6453     30.1608     51308.59     283.9461  13.2245   0.0060     6.69    0.547 -23.02   3      308.9     46721.77     172.1675
      1093    689.1453   1013.0559     5657.541     478.9543  15.6184   0.0919     6.93    0.109  17.48   0      17.15     937.4988     94.73056
      1094    619.7567     55.9676     4015.991     174.5769  15.9905   0.0472     4.57    0.099 -79.81   3      57.06     3488.307     100.6645
      1095    686.5163     31.4653     9434.915      598.046  15.0632   0.0688     7.20    0.361 -32.20   0      19.71     875.2896      93.8208
      1096    557.4724   1011.2260      8075.45     555.0626  15.2321   0.0746     4.72    0.213  82.46   3       23.1     1296.992     95.08827
      1097    830.8381     42.6811      5716.12     416.3104  15.6072   0.0791     3.91    0.415  77.33   0      23.31     1514.567     95.35683
      1098    354.4183     28.4246     9464.682      565.217  15.0597   0.0649     7.80    0.498 -63.48   0       23.4     1277.083     95.54179
      1099    496.5902     26.5500     24526.27     564.9368  14.0259   0.0250    11.82    0.451 -12.55   0      73.29     2254.278     97.59438
      1100    551.6432   1005.0143     16452.38      716.699  14.4594   0.0473     7.00    0.266  21.55   2       38.4     1726.969     96.60605
      1101    187.8972   1008.4402     42505.92     710.7778  13.4289   0.0182     4.24    0.212   4.01  18      103.7     5218.483     103.1177
      1102    163.3259   1010.4177      11675.1     645.8903  14.8318   0.0601     9.05    0.446 -27.87  18      23.36     936.1731     94.47499
      1103    790.0848   1010.1450      2268.78     165.2128  16.6105   0.0791     2.43    0.157 -85.76   0      35.07     1965.297     96.17718
      1104    698.0140     25.8025     9462.908     530.3464  15.0599   0.0609     4.64    0.244  -7.27   0      27.22     1927.721     96.58403
      1105    466.0359     25.0323     5287.273     165.7513  15.6919   0.0340     4.40    0.120  45.17   0      90.86     5445.785      104.991
      1106    401.1682     25.8145     4792.363     451.5902  15.7986   0.1023     6.03    0.489   2.13   0      15.93      907.671     94.91087
      1107     90.2620     24.8270     7221.185     513.3564  15.3535   0.0772     7.71    0.363 -17.02   0      20.19     1135.838     94.95409
      1108    398.9951   1007.9971     53707.55     222.4471  13.1749   0.0045   -76.87    0.012  28.82   0      333.5     53309.87     180.7872
      1109    283.7750   1022.7891     22051.85     400.5555  14.1414   0.0197     7.60    0.560  -0.38  24      79.43     4971.612     103.7295
      1110    817.6457     20.4386     9729.794     255.5531  15.0297   0.0285     0.00    0.511 -49.28   0       96.7     7246.309      108.379
      1111    142.6058   1005.6885     5997.466     484.0733  15.5551   0.0877     6.38    0.363  50.87   0      16.19     788.2692     93.86449
      1112    772.8030   1002.6966     9725.523     595.1551  15.0302   0.0665     8.20    0.261 -34.70   3      20.87      913.762     94.16785
      1113    932.9968     19.9962     60019.93     228.8056  13.0543   0.0041     0.00    0.013  29.02   4      353.9     59642.09     188.5796
      1114    342.0458     18.9242     4443.483     164.5903  15.8807   0.0402     4.43    0.103 -27.68   1      64.62     3822.651     100.7078
      1115    763.8152    997.3234      29055.4     985.8212  13.8419   0.0368    16.57    0.415  73.52   2      48.17     1616.459     96.09758
      1116    570.2083   1003.4955     7423.027     590.2438  15.3235   0.0864    10.41    0.597 -21.90   0      19.12      754.986     93.78386
      1117   1008.0649   1002.9570      6676.73     167.6457  15.4386   0.0273     4.34    0.094 -30.32   0      97.69     6299.036      106.374
      1118    674.2316    999.2266     23610.84     633.3332  14.0672   0.0291    13.51    0.165   2.23   0      63.81      3404.03      100.474
      1119    414.4320   1001.1604     9238.466     444.5199  15.0860   0.0523     9.88    0.226 -48.39   0      28.25     1417.278     95.62535
      1120     69.0005   1001.3423     10906.58     586.5169  14.9058   0.0584     6.56    0.038  -7.60   0      30.37     1410.394     95.35893
      1121    433.3611    999.7380       8940.6     576.5103  15.1216   0.0700     7.14    0.133 -39.94   0      24.42     1182.237      94.8136
      1122    289.4420   1000.1345     7381.114     513.4272  15.3297   0.0755     9.37    0.357  19.66   2       19.9      895.851     94.12461
      1123    720.0370    996.4651     18546.56     858.2888  14.3293   0.0503    13.23    0.339 -70.72   2      34.18     1375.149     95.27489
      1124    213.8022    997.7118     13945.63     706.6725  14.6389   0.0550     8.43    0.302 -21.97   3      26.81      1211.82     94.88448
      1125     70.5009     33.4952     3990.583     408.1187  15.9974   0.1111     4.38    0.043  -4.46   0      15.35     903.5317      93.3792
      1126    515.1534   1021.9894     36260.64     796.0442  13.6014   0.0238    18.58    0.716  -5.46  24      63.85     1730.679     96.61478
      1127    910.8931    994.9836     15930.83     561.4682  14.4944   0.0383     6.35    0.180  -9.88   0      48.33     2548.859     97.54642
      1128    222.5942    991.7612     23061.71     928.2647  14.0928   0.0437    15.15    0.346  22.72   0      39.54     1515.582     96.10746
      1129   1002.8678    989.2701     36127.36     540.5494  13.6054   0.0162     0.00    0.518  35.24   0      129.3     2324.177      97.2673
      1130    956.5926    992.9408     10388.99     525.0897  14.9586   0.0549     7.25    0.219 -20.35   0      32.12     1644.258      96.1633
      1131    606.4742    993.2246      14175.4     724.2656  14.6212   0.0555     7.44    0.315   2.29   1      30.84     1405.888     95.34819
      1132    349.0838    982.8220      1143880     1083.586   9.8540   0.0010    12.28    0.278 -14.33   0       1238     151387.3     277.7934
      1133    519.3129    992.2836     9476.542     586.9803  15.0584   0.0673     7.24    0.185  81.03   0      23.09     1170.993     94.53441
      1134    889.7363    986.9755     43603.05     752.7208  13.4012   0.0187    13.26    0.235 -38.97   0      97.28      4906.18     103.5861
      1135     59.5911    988.1357      71756.5      681.747  12.8603   0.0103     6.22    0.178 -10.30   0      172.7     9948.143      113.904
