#   1 NUMBER                 Running object number                                     
#   2 X_IMAGE                Object position along x                                    [pixel]
#   3 Y_IMAGE                Object position along y                                    [pixel]
#   4 FLUX_AUTO              Flux within a Kron-like elliptical aperture                [count]
#   5 FLUXERR_AUTO           RMS error for AUTO flux                                    [count]
#   6 MAG_AUTO               Kron-like elliptical aperture magnitude                    [mag]
#   7 MAGERR_AUTO            RMS error for AUTO magnitude                               [mag]
#   8 FWHM_IMAGE             FWHM assuming a gaussian core                              [pixel]
#   9 ELLIPTICITY            1 - B_IMAGE/A_IMAGE                                       
#  10 THETA_IMAGE            Position angle (CCW/x)                                     [deg]
#  11 FLAGS                  Extraction flags                                          
#  12 SNR_WIN                Gaussian-weighted SNR                                     
#  13 FLUX_APER              Flux vector within fixed circular aperture(s)              [count]
#  14 FLUXERR_APER           RMS error vector for aperture flux(es)                     [count]
         1    739.3776     49.9544     237766.8     980.8196  11.5596   0.0045     9.64    0.624  -2.41   2        381     22806.36     137.9822
         2     26.0919     30.6062     214755.9     867.6996  11.6701   0.0044    22.50    0.566 -21.89  19      344.7     19556.34     132.1548
         3     28.7222     22.2326     112361.2     709.1329  12.3735   0.0069     8.67    0.388  -3.45  19      235.6     12689.93     119.7656
         4    337.3172     20.3416       161562      751.801  11.9792   0.0051    19.07    0.348  -4.69  18      310.6     18031.03     129.1304
         5    350.4747     12.6511     12532.47      533.183  14.7549   0.0462    12.67    0.503  -6.32  19      33.75     1536.834     96.05083
         6    730.0142     17.7159     25503.58     657.1882  13.9835   0.0280    15.36    0.401   0.49  19      56.14     2511.112     98.57518
         7    603.9948     22.0583     90753.15     845.4031  12.6053   0.0101     9.41    0.384  -4.25   3      178.7     9735.171      114.233
         8    693.1035     21.9040     36463.32     932.3595  13.5954   0.0278    15.33    0.296   2.28   0      67.92     3291.661     99.87473
         9    215.2701     20.3086     35343.76     625.7418  13.6292   0.0192     0.00    0.351  -3.06   0      94.19     4326.613     102.4395
        10    662.6055     20.5691     12216.93     431.3112  14.7826   0.0383    11.75    0.442   1.36   0      36.15     1849.016     97.53468
        11    182.0691     11.0514     176797.3     741.0237  11.8813   0.0046     8.61    0.332  -4.76  16      343.8     20722.94     134.1461
        12     59.6235     15.7333     8699.464     540.5847  15.1513   0.0675    10.37    0.412  -6.99   0      25.44     1200.327     95.75857
        13    153.2261     12.3667     46324.87     907.8081  13.3355   0.0213    18.34    0.644  -3.86  19      76.28     3447.579     101.1911
        14    154.5548      3.2666     107533.8     760.3915  12.4211   0.0077    22.60    0.551  -4.94  27      220.2     11979.21     118.4092
        15    399.5259     12.1143     12807.73     474.4027  14.7313   0.0402    12.96    0.424 -18.55  18      34.26     1377.628     95.16562
        16    398.2074      6.2885     7445.364     411.4918  15.3203   0.0600     9.44    0.549  -5.80  19      22.73     867.3503     94.45343
        17    617.0461     13.0702     4300.682     169.1223  15.9162   0.0427     0.00    0.116  61.44   0      66.28     3623.894     101.1082
        18    768.0098     12.9452     6967.956     169.1257  15.3922   0.0264     0.00    0.064 -85.75   0        102     6769.142     108.1711
        19    888.3655      8.7547     16955.59     632.5757  14.4267   0.0405    12.96    0.463 -11.63  16      41.37      1861.43     97.31498
        20    634.0052      8.3782     10712.99     606.8315  14.9252   0.0615     8.90    0.404  22.67  18      27.16     1311.723     95.76998
        21   1023.1863      8.5361     6503.376     343.5474  15.4672   0.0574     5.54    0.509  84.47  24      24.11     1637.283     95.27655
        22    313.3340      8.0179     8872.082     562.6147  15.1299   0.0689     9.60    0.380  -6.61  16      24.75     1158.116     95.40475
        23    817.2222      3.1478     44655.21     533.2451  13.3753   0.0130     9.82    0.527  -1.54  24      119.8     6152.326     106.8673
        24    605.6384      2.8289      34523.6     560.0536  13.6547   0.0176    13.35    0.579  -2.09  24      95.25     4870.609     104.3382
        25    958.8459      2.7766     9732.283     474.2059  15.0295   0.0529    10.67    0.475  11.18  24      26.71     1132.281     95.85001
        26    531.4568      2.5193     25520.94     512.1808  13.9828   0.0218     9.65    0.604   2.67  24      73.77     3942.643     101.3453
        27     20.7298      2.0072     3907.067     321.7467  16.0204   0.0894     6.82    0.498  -7.99  24      15.62     921.2394     94.83879
        28   1013.1633    990.4980     21985.34      726.917  14.1447   0.0359    16.06    0.499  22.07  16      48.55      2153.37     96.75048
        29    940.9164   1021.7216     38758.14     551.9815  13.5291   0.0155    13.45    0.386 -15.47  24      100.4     3328.963     99.71693
        30    758.2195   1022.0912     38249.45     490.1593  13.5434   0.0139    10.59    0.560   0.73  24      105.6     4723.382      102.846
        31    616.1247   1009.7153     305520.7     1046.207  11.2874   0.0037    18.14    0.205 -55.72  24      462.3     23418.93     138.1133
        32    524.4892   1021.9684     31343.02     770.2106  13.7596   0.0267    18.13    0.738  -7.24  24      56.33     1393.844     95.20434
        33    396.1813   1023.0778     14817.68     378.9546  14.5730   0.0278    10.17    0.712  -0.32  24      52.53     3124.784      100.222
        34    292.9818   1022.9556     21656.04     451.2689  14.1611   0.0226    10.06    0.687  -0.90  24      70.22     4322.275     103.1369
        35      2.2362   1022.5261     3926.075     221.4121  16.0151   0.0612     6.59    0.313  59.64  24      21.01     1473.248     96.15253
        36    966.3696    992.2736     11236.39     485.0206  14.8734   0.0469    11.70    0.350 -17.31   0      32.43     1379.143     95.92984
        37    358.0558    982.7434      1149136     1096.287   9.8491   0.0010     8.88    0.367 -11.78   0       1226     128079.5      258.632
        38    528.5385    991.9090      7575.72     546.7984  15.3014   0.0784     8.29    0.186 -11.00   0      20.35     913.9481     94.30897
        39    482.2546    988.4886     18776.28     664.0414  14.3160   0.0384    13.95    0.344 -22.21   2       46.4     1910.942     96.68175
        40    709.3629    989.6672     19337.05     776.8612  14.2840   0.0436    12.91    0.534 -11.02   2      39.92      1879.76     97.10863
        41     68.6424    988.0926      70940.7     692.2406  12.8728   0.0106     8.84    0.357  -4.95   0      161.4     8203.746     110.2691
        42    594.7092    985.6910     18046.65     552.2312  14.3590   0.0332     8.61    0.346  -1.89   2      46.68     2136.204     97.45872
        43    898.9835    986.8085     40602.64      772.938  13.4786   0.0207    11.59    0.358  -4.49   0      87.74     4143.011     102.2685
        44    865.6680    990.0318     7742.351      547.974  15.2778   0.0769     7.43    0.646  -7.04   0      19.19     795.0206     94.53584
        45    812.7642    988.1550     9933.086     654.5629  15.0073   0.0716    10.23    0.355 -13.83   0      22.74     975.8059     95.22421
        46    449.3216    984.7574     64202.79     737.5394  12.9811   0.0125     9.67    0.355  -5.40   0      144.8     7116.351     108.4523
        47    401.9866    982.9469     38111.62     737.7108  13.5474   0.0210    10.57    0.164 -44.65   0      81.73      3216.87     100.4306
        48    934.0699    986.0586     3666.807     348.6839  16.0893   0.1033     3.63    0.543  -1.28   0      23.75     1928.514     97.22268
        49    423.8394    983.3867     22782.15     691.3017  14.1060   0.0330    11.02    0.380 -10.14   0      59.29     2788.801     99.94317
        50    671.3008    981.4750     19363.47     619.9105  14.2825   0.0348    13.94    0.375  -3.76   0      49.26     2464.678     97.72722
        51    828.7563    981.4129     18678.35     786.7402  14.3217   0.0457    12.84    0.424   6.15   0      38.25      2094.09     98.10408
        52    180.3853    983.0872     5628.766     356.8155  15.6240   0.0688     0.00    0.381  11.63   0      22.43     2064.725     97.29189
        53    529.2722    979.2635     23787.26     853.1544  14.0591   0.0390    14.62    0.442  -8.21   2       46.7     2069.604     97.55193
        54    747.4588    978.6000     14628.26     470.1494  14.5870   0.0349    11.85    0.497  -7.52   0      41.61     1946.368      97.2644
        55    617.2837    973.3437     14932.77     621.2156  14.5646   0.0452     9.53    0.382  -4.63   0      37.79       1661.5     96.09359
        56    547.4371    972.2681     18841.89     856.7983  14.3122   0.0494    14.71    0.077  84.11   0      34.81     1058.789     95.16785
        57    441.3471    975.8011     9337.628     608.3107  15.0744   0.0707     8.07    0.488  -7.00   0      20.36     877.6445     94.73426
        58    134.8805    975.8827     5296.737     461.6981  15.6900   0.0947     3.70    0.458   0.31   2       17.8     1031.611     94.33566
        59     98.9361    969.9890     100771.5     654.6451  12.4917   0.0071    12.02    0.346  -5.55   0      222.7     11988.39     118.4268
        60     22.9717    974.0425     6742.854     168.8229  15.4279   0.0272     4.32    0.099 -60.33   0      100.8     6505.609     107.8408
        61   1003.3431    971.7685     17425.91     731.3102  14.3970   0.0456    11.05    0.450  -4.11   0      37.47     1699.077     96.43396
        62    702.0604    971.8439     10357.28      663.896  14.9619   0.0696     8.86    0.152  26.57   0      21.23     850.8123     94.66987
        63    971.0035    972.3447     19738.74     201.1583  14.2617   0.0111     0.96    0.171  88.99   0      161.4     19577.93     132.3751
        64    660.9199    970.9658      14245.9     478.9002  14.6158   0.0365    11.04    0.281  -4.15   0      41.54     1804.686     96.93278
        65    380.5882    970.2071     14098.08     209.6592  14.6271   0.0162     2.35    0.389 -26.84   0      134.2     11597.28     117.6739
        66    856.7468    964.5024     123280.2     815.6563  12.2728   0.0072     8.32    0.331  -3.09   0      249.2     13226.58     120.1765
        67    810.7930    962.2089       269170     814.7262  11.4249   0.0033     8.43    0.275 -11.20   0      468.1     29503.54      148.278
        68    636.2039    967.5593     10355.19     627.3102  14.9621   0.0658    10.44    0.535  -5.32   0      24.88      1130.03     95.84467
        69    133.0777    967.9729     3267.761      164.078  16.2144   0.0545     4.38    0.131 -28.76   0      61.32     3119.694     99.96847
        70    774.0029    964.6330       8794.7      624.809  15.1394   0.0772     8.82    0.555 -11.78   0      19.36     806.9013     95.07536
        71    572.0461    963.9164     4088.897     165.2115  15.9710   0.0439     4.37    0.131 -62.04   0      74.09     4116.521     101.7344
        72    263.1144    960.1805     34113.75     230.3367  13.6677   0.0073     0.00    0.367  57.98   0      254.8     32128.53     151.9297
        73     84.6970    961.9526     10691.67     470.8223  14.9274   0.0478    12.17    0.445   0.84   0      29.82     1339.344     95.07415
        74    977.3425    955.6027     153390.4     682.4966  12.0355   0.0048     8.39    0.307  -5.99   0      314.5     18545.04     130.5897
        75    880.0857    957.2717     49396.53     864.1646  13.2658   0.0190    12.58    0.530 -16.03   3      87.33      4142.39     101.7922
        76    386.5383    961.7067     6087.691     482.6019  15.5389   0.0861     7.41    0.465 -19.87   0      18.92     1029.198      94.5863
        77      2.5826    961.2872     3675.709     315.8829  16.0866   0.0933     5.72    0.159 -47.43  24      15.94     1000.737     94.77384
        78     55.2312    957.4360     19061.73     483.6909  14.2996   0.0276     8.73    0.387  -6.69   0      51.38     2421.321     98.85925
        79    574.0259    957.9371     4995.521      166.454  15.7535   0.0362     4.39    0.121 -60.28   0      78.35     4532.866     103.3658
        80    288.9616    957.0362     2253.315      266.977  16.6179   0.1287     5.36    0.623 -44.60   0      16.53     1295.709     95.73196
        81    282.7682    956.0864     32432.53     220.5835  13.7225   0.0074     4.99    0.273 -21.99   0      237.8     28678.12     146.8425
        82    202.8014    956.7331     4877.895      176.882  15.7794   0.0394     1.56    0.224  51.56   0      65.83      4638.98     103.8325
        83    768.9702    954.6731     2690.735     166.9448  16.4253   0.0674     1.48    0.138 -88.93   0       39.5     2764.623     99.15794
        84     25.2093    949.5421     100883.9     788.1625  12.4904   0.0085     9.95    0.311  -8.57   2      195.1     9466.196     113.6966
        85    141.3879    953.4222     50094.28     275.7991  13.2505   0.0060     3.86    0.555 -56.33   0      264.1     40296.65     164.1364
        86    862.3582    950.6056     19069.22     730.9927  14.2992   0.0416     5.21    0.380  -5.03   0      40.27     2159.071      98.2545
        87    716.8072    951.3267     13036.85     673.8608  14.7121   0.0561    10.64    0.500 -11.12   0      29.36     1290.655     95.71997
        88    185.7613    950.5363     10484.47     652.9017  14.9486   0.0676     8.19    0.490 -15.09   0      20.98     847.1558     94.66109
        89    698.7914    948.8832     7909.733     530.0675  15.2546   0.0728     7.19    0.528  -7.93   0      18.93     880.9564     94.74221
        90    342.3462    944.3371     50230.31     791.2234  13.2476   0.0171     9.94    0.348  -7.99   0      106.6     4888.491     103.9119
        91    103.8284    945.4598     9393.472     609.3263  15.0679   0.0704     9.62    0.322  -9.53   2      24.44     909.5793     94.81084
        92    825.9985    945.7721     10900.56     177.7704  14.9064   0.0177     0.88    0.141  89.32   0      118.3     10642.62      116.233
        93    634.4606    937.1483     160973.8      739.438  11.9831   0.0050    18.10    0.313  -6.18   0      315.3     17441.08     128.4656
        94    613.0015    943.0086     33615.41      201.782  13.6837   0.0065     4.21    0.014 -87.94   0      259.1     33123.32     153.7261
        95    602.0590    943.1104     3574.209     168.1432  16.1171   0.0511     4.43    0.143  60.29   0      59.86     3241.576     99.76069
        96    658.9644    939.9532     14474.48      712.767  14.5985   0.0535    11.27    0.398 -11.90   3      30.48     1313.528     95.77426
        97    184.2183    938.3188     54266.99     895.7061  13.1637   0.0179    17.05    0.489   1.40   2      96.24     4487.981     103.0322
        98    400.6091    935.6273     139734.5     644.9724  12.1367   0.0050     0.00    0.379  13.81   3        312     9381.088     113.5263
        99    397.8876    924.1633     61364.71     1138.983  13.0302   0.0202    17.09    0.267 -18.41   3      87.68      4033.47     101.5487
       100    285.7166    937.9938     32171.34     788.3271  13.7313   0.0266     9.58    0.369  -7.62   0      67.85      3202.28     100.3976
       101    765.6790    939.0464     9355.521     520.3148  15.0723   0.0604    10.15    0.493  -8.02   0      26.22     1203.198     95.25812
       102    676.7975    935.0961     98905.56     751.3876  12.5119   0.0083    10.35    0.387  -9.37   0      203.8     10592.55     115.7171
       103    803.0460    932.1144     226360.5      801.185  11.6130   0.0038     8.64    0.307  -4.94   2        408     24778.39      140.505
       104    466.7681    933.7744      17550.3     786.4142  14.3893   0.0487    10.87    0.579  -3.08   0      26.91     1129.343     95.84304
       105    163.6740    927.8154       128303     732.6413  12.2294   0.0062     8.65    0.331  -5.06   0      267.3     14592.07     123.5187
       106    985.0870    929.7299     29701.65     911.6439  13.8180   0.0333    16.02    0.601  -0.02   3      50.86     2031.205     96.96404
       107    616.9648    930.2702     34273.43     676.5243  13.6626   0.0214     8.30    0.359  -3.77   1      81.67     4011.881     101.9766
       108    492.4512    933.6227     6928.336     531.9286  15.3984   0.0834     6.47    0.451 -13.34   0      19.11     1035.802     95.62097
       109     84.9675    931.1971      8290.92     445.8474  15.2035   0.0584    10.15    0.467 -12.41   3      24.19     1130.857     95.84663
       110     96.1678    927.8762     15575.55     737.3354  14.5189   0.0514    12.17    0.387   8.17   3      31.02     1234.073     95.58553
       111   1003.1487    930.1417     23727.21     845.2936  14.0619   0.0387     0.00    0.287  -1.11   0      53.29     1300.374     95.99573
       112    553.2968    927.9911     27956.42     656.1926  13.8838   0.0255     8.74    0.355   0.93   0      66.27     3150.407     100.0383
       113    324.8121    930.2048     6154.893     504.7155  15.5269   0.0891     6.52    0.588  -7.77   0      17.12     702.0463     94.31205
       114    226.7253    928.4590     13871.09     689.2451  14.6447   0.0540    11.74    0.420 -16.04   0      30.57     1250.884     95.37182
       115    110.8688    928.5314     29338.01     797.4446  13.8314   0.0295    11.00    0.405 -10.19   0      59.39     1230.386     95.32296
       116    443.1743    925.8472     9418.604     587.0626  15.0650   0.0677     8.98    0.524  -6.37   0      23.06     1114.102     95.80689
       117    121.0019    926.0002     35748.45     341.7354  13.6169   0.0104     0.00    0.227 -89.32   2      187.7     18597.59     130.4956
       118      9.9239    910.3470     186824.8     886.6984  11.8214   0.0052    12.58    0.106 -84.12  27      329.2     18529.03     130.1902
       119     30.1859    909.0646     131883.5     689.4968  12.1995   0.0057     8.72    0.353  -4.62   3      273.3     15123.26     124.2975
       120    290.9016    919.1271     24825.79     563.6761  14.0127   0.0247    10.16    0.368  -1.07   0      64.17     2892.394     98.47119
       121    540.8837    918.2831     12028.56     207.4037  14.7995   0.0187     0.00    0.405 -68.20   0      136.2     10766.37     115.8491
       122   1021.6812    917.9993     8209.734     395.4102  15.2142   0.0523     9.30    0.067  30.58  24       27.8     1798.822     96.91903
       123    880.2117    917.6249     8512.679     444.6003  15.1748   0.0567     7.29    0.126 -17.14   0      23.71     891.2381     95.02215
       124    534.4412    916.9510     8352.407     601.9357  15.1955   0.0783     7.97    0.371 -45.77   0      19.15     851.0324     94.92594
       125    807.4850    910.6917     34238.85     925.9492  13.6637   0.0294    16.11    0.372  12.44   0      64.58     2807.194      99.0111
       126    375.4172    915.5486      11729.9       662.54  14.8268   0.0613    10.13    0.302  -7.96   0       26.8     1160.516     95.66403
       127    412.9633    911.8012     83234.81     1254.954  12.6992   0.0164    16.48    0.435   1.17   2      99.56     4858.069     104.3109
       128    729.0637    906.8515      22780.5     1000.578  14.1061   0.0477    15.89    0.407  62.62   2      36.61     1052.147     95.15199
       129    746.1447    909.5122     69570.24     1216.667  12.8939   0.0190    20.40    0.541 -11.33   2      99.68     3336.768     99.97732
       130   1008.9750    906.4232     19956.09     539.7149  14.2498   0.0294    13.30    0.349   2.07  16       55.5     2573.381     99.20821
       131    463.5317    905.7708     13426.47     726.7405  14.6801   0.0588     8.24    0.401  72.34   2      22.42     693.7734     94.29211
       132    647.4303    902.1553     40350.56     1035.436  13.4854   0.0279    20.12    0.657 -11.90   0      61.95     2452.867     98.93175
       133    492.0725    902.6102     21649.69     675.8639  14.1614   0.0339    12.50    0.392  -0.25   2      41.71     1534.283     96.29669
       134    687.7447    903.9094     15151.39     660.0527  14.5489   0.0473    11.29    0.479  -3.32   0       37.4     1775.738      96.3634
       135    177.8106    902.8121     17844.38     760.6641  14.3712   0.0463    12.45    0.360   5.52   2      39.13      1769.64     96.85057
       136    953.2448    897.4025     40000.46     578.2026  13.4948   0.0157     8.76    0.389  -2.75   0       98.6     4978.594     104.5732
       137    422.8206    889.8699     246001.7     1076.262  11.5227   0.0048     9.14    0.282 -38.59   2      371.2     20447.53     133.8598
       138     15.5063    896.9241     18382.21      806.423  14.3390   0.0476    12.97    0.435  -5.75  17      34.79     1388.841     95.44654
       139    352.5680    896.8735     23078.02     235.1728  14.0920   0.0111     2.71    0.463 -63.60   0      143.7     19999.71     132.9151
       140    333.0606    893.9230        52946     590.4925  13.1904   0.0121     8.69    0.355  -4.11   0      130.4     6406.736     106.9549
       141    635.5120    893.3718      21515.6     887.3569  14.1681   0.0448    12.32    0.372  -0.97   0      32.48     1246.513     95.10703
       142    183.4764    892.7972     9063.342     561.6146  15.1068   0.0673     8.17    0.471   1.47   2      29.23     1023.749     95.08413
       143    232.7797    892.4430     7056.752     472.9219  15.3785   0.0728     8.72    0.512   2.21   0      21.62     970.6586     95.46601
       144    469.0605    889.2596     7957.772     581.3107  15.2480   0.0793     8.93    0.446 -25.51   0      21.17     976.1655     95.47912
       145    808.2947    888.3240     10835.84     558.0068  14.9128   0.0559    11.19    0.516   1.87   2      26.78     1219.097      95.0415
       146    751.7166    885.7690     35913.46     911.1994  13.6119   0.0276     7.71    0.370  -4.11   0      60.24      3036.31     99.53563
       147    674.8195    888.7663     6022.404     477.5248  15.5506   0.0861     6.16    0.440 -20.09   0       17.3     885.6722     95.26347
       148     29.7769    883.0618     33113.04     640.2491  13.7000   0.0210     9.54    0.355  -3.63   2       83.1     3579.408     101.2477
       149    259.6476    883.3622     24461.54     731.8402  14.0288   0.0325    13.75    0.536   4.77   0      53.21     2110.991     97.39991
       150    525.1144    882.2415     11544.99     714.3801  14.8440   0.0672    10.43    0.214   7.49   0      23.27     875.5356     94.21635
       151    183.9754    883.9716     5350.639     166.9382  15.6790   0.0339     4.40    0.116  45.18   0      91.67     5625.553     105.9699
       152    993.1323    880.2471     13408.18     596.7796  14.6816   0.0483    11.91    0.425 -19.45   3      33.13     1405.521     95.99232
       153   1005.4896    874.9758     65621.96     816.6674  12.9574   0.0135     9.79    0.428  -2.38  18        136     6731.286     107.4171
       154    621.5931    876.9949     95048.06     736.3686  12.5551   0.0084     8.99    0.334  -4.54   2      200.6     9779.854     114.1098
       155    370.1540    880.0078     13284.47     653.8757  14.6916   0.0535    12.66    0.386  -5.25   0      33.59     1591.393     96.93251
       156    896.0493    881.0355     7743.563     170.1648  15.2776   0.0239     0.00    0.082  28.86   0      109.1     7357.062     109.1777
       157    162.0003    880.7653     23979.53     193.7712  14.0504   0.0088     0.86    0.143 -89.94   0      191.7     23847.53     139.6866
       158    666.1022    878.0187     24315.58     851.8745  14.0353   0.0380    13.58    0.498  -7.34   0      44.68     2024.699      96.6986
       159    510.5013    877.4100     29461.02      828.762  13.8269   0.0306    10.38    0.405   2.49   0      58.16     2661.664     98.92168
       160    750.3559    871.5798     53836.05      1311.11  13.1723   0.0264    21.97    0.597 -22.19   2      65.18     2290.163     98.55727
       161    491.0467    876.1594     31555.03     821.2639  13.7523   0.0283     9.28    0.322  -8.44   0      62.94     2679.288     98.71706
       162    617.3727    864.1446      40783.8     1013.064  13.4738   0.0270    12.24    0.221  41.90   3      76.42     2792.128     99.22096
       163    388.0491    877.9507     59774.15     249.5923  13.0587   0.0045     5.02    0.182  -1.32   0      344.9     57519.38     186.5951
       164    299.0123    877.9788     16119.86     181.0068  14.4816   0.0122     4.24    0.041 -59.29   0        173     15957.52      126.006
       165    921.1765    872.4421     93092.41     771.9171  12.5777   0.0090     9.14    0.313  -2.30   3      175.5     9057.472      113.091
       166    883.1517    874.5078     23830.29     872.8156  14.0572   0.0398    10.45    0.457  -4.67   3      39.56     1674.817     96.12508
       167    889.4260    866.9960     18982.68     843.2992  14.3041   0.0482    13.26    0.499   7.29   3      33.63     1414.448     96.26543
       168    325.5790    872.0182      11747.6     638.3375  14.8251   0.0590    10.82    0.276   4.96   2      30.77     1105.513     95.78651
       169    954.3129    869.0647     35655.96     761.2086  13.6197   0.0232    10.57    0.418   5.02   2      74.34     3021.966     99.25912
       170    867.3084    874.3024     8034.013     211.7412  15.2377   0.0286     5.45    0.439  44.67   0      90.14     6667.426     107.0558
       171    218.4345    871.6074     33866.64     691.4416  13.6756   0.0222     8.93    0.382  -5.55   0      78.88     3803.599     101.9875
       172    108.5732    868.8356     25772.59     702.7036  13.9721   0.0296     7.45    0.146 -65.84   0      54.35     2679.761     99.45161
       173    252.7206    869.5268     19601.31     801.4945  14.2693   0.0444    15.01    0.647 -25.68   0      36.26     1394.924     95.46102
       174    134.4520    871.7504     16203.92     483.6002  14.4760   0.0324     4.56    0.348  -1.52   0      47.23     1592.465     96.93502
       175    903.2422    871.8389     16080.73     761.7288  14.4842   0.0514     6.12    0.413  -4.29   1      26.66     1110.637     95.29159
       176    981.0281    869.0868     7379.507     518.2838  15.3299   0.0763     4.74    0.490  -1.58   0      19.49     1134.577     94.83917
       177    552.8784    869.8439     7029.582     359.3957  15.3827   0.0555     0.00    0.457 -12.30   0      35.75     3260.889     100.0471
       178    338.3761    862.7380     28308.53     699.2058  13.8702   0.0268     7.66    0.373  -1.05   3       57.5      2853.01     99.60383
       179    350.1645    868.1505     22446.63     768.3696  14.1221   0.0372     9.11    0.379  -0.35   3      55.91     1794.659     96.90926
       180     23.2371    867.2288     8882.713     610.1292  15.1286   0.0746     9.32    0.430 -25.08   0      22.24     1213.491     96.04237
       181    425.2961    864.2310      18289.1     468.0499  14.3445   0.0278     8.92    0.431  -5.32   0      50.81     2372.862     97.26471
       182    994.5300    863.4873      14821.3     736.2808  14.5728   0.0539    10.58    0.455  -8.22   0      28.75     1477.969     95.65853
       183    589.8281    864.9559     5556.088     495.9705  15.6381   0.0969     7.05    0.592  -5.77   0      16.76     811.2893     95.08585
       184    968.0393    862.1983     11854.67     638.3757  14.8153   0.0585     9.71    0.510  -6.97   0      30.27     1524.486     96.77551
       185    914.3539    858.7123     50373.03     828.6506  13.2445   0.0179    16.57    0.430   7.61   0      98.59     4287.481     102.1156
       186    844.1089    857.9235     55511.99     701.1162  13.1390   0.0137     9.78    0.368  -4.85   2      125.7      6315.67     106.5341
       187     79.9568    859.7334     4577.844     290.5957  15.8483   0.0689     3.59    0.514 -87.55   0      35.28     2507.131       98.566
       188     14.0538    856.6098     49039.96     700.7458  13.2736   0.0155    16.21    0.317   1.64  16      114.1      5668.09     105.8324
       189    925.0107    860.9883     15439.17     180.1501  14.5284   0.0127     4.30    0.054 -44.45   0        166     14966.28     124.0101
       190    307.1260    851.4807     180871.8     754.4117  11.8566   0.0045     9.97    0.239  -6.06   0      347.7     19665.02     131.7913
       191    363.9082    859.1096     6026.349     474.9834  15.5499   0.0856     6.91    0.602 -12.88   0      17.84     851.2505     94.41469
       192    809.3836    858.0978     2153.576     193.1745  16.6671   0.0974     4.70    0.534 -11.32   0    -0.1279     1604.408     95.95847
       193    760.8065    854.1390     21876.99      710.024  14.1500   0.0352    13.37    0.407  -5.09   2      48.11     2170.162     98.03336
       194    783.6365    849.6232       101271     913.5403  12.4863   0.0098    15.21    0.225  13.23   0      165.8     4727.502     104.2586
       195    576.8214    851.8482     20391.07     720.5588  14.2264   0.0384    13.87    0.460 -13.68   0      48.78     2178.335     98.29905
       196    417.0069    850.9013     7733.321     444.2017  15.2791   0.0624     7.95    0.415 -11.76   0      23.09     1237.025     95.59255
       197    365.4387    850.2325     7709.284     543.5214  15.2825   0.0766     7.40    0.374  -3.41   0       20.7     993.0493     95.26535
       198    383.0818    843.1751     12692.36     635.8227  14.7411   0.0544    10.79    0.396  -7.40   0      31.09     1335.247     95.82579
       199    183.2778    842.4407     16429.11     551.5651  14.4610   0.0365     6.18    0.212 -20.59   3      46.96     2680.522       98.965
       200    177.9858    840.9019     11129.72     350.0717  14.8838   0.0342     3.34    0.207 -85.06   3      54.23     4677.503      103.215
       201    989.7037    842.1660     9538.844     534.1777  15.0513   0.0608     0.87    0.508  11.50   2      22.29     1916.928     96.19346
       202     86.9640    835.3991     131203.1     771.3691  12.2051   0.0064     9.99    0.343   1.05   0        253     12914.58     120.5936
       203    241.9656    836.6413     27439.96     589.9059  13.9040   0.0233     9.48    0.425  -4.57   0       70.3     3402.028     100.8488
       204    452.2628    834.0172     67176.52     659.6152  12.9320   0.0107     9.74    0.372  -6.15   3      150.3     7665.419     109.8177
       205    439.8913    829.3575      86075.3     663.3618  12.6628   0.0084     8.50    0.352  -3.50   3      190.6     9715.289     113.5552
       206    380.9886    836.7087      5316.46     335.6193  15.6859   0.0686     1.56    0.177  25.57   3      19.83     1717.033     96.22485
       207    383.5983    833.3809     11800.12     665.3007  14.8203   0.0612    11.23    0.405   5.04   2      29.48     1286.608     95.71036
       208    507.6481    832.9765     21037.74     518.4304  14.1925   0.0268     8.50    0.378  -4.07   0       58.8     2787.176     99.69678
       209    713.5216    826.5129     273799.4     774.1216  11.4064   0.0031     8.56    0.289  -3.11   0      481.7     30778.79      149.897
       210    646.8584    829.8820     18554.83     736.6107  14.3289   0.0431    13.11    0.388  -5.39   0      42.11     1801.292     96.42365
       211    994.2457    828.3652     47966.62     960.0842  13.2977   0.0217    18.69    0.585   8.16  16      88.54     4104.546     102.4197
       212    308.7597    822.0485     703196.1      924.666  10.3823   0.0014     8.87    0.266  -6.20   3      909.6     78888.36     210.7937
       213    116.8830    827.1010     42165.66     652.7988  13.4376   0.0168     9.14    0.333  -3.28   0      102.4     4877.587     103.1862
       214    974.6580    828.2926     12649.72     663.7685  14.7448   0.0570    10.30    0.532   0.71   0      26.01     1202.056     95.00074
       215    881.2376    827.3792     3346.359     209.5586  16.1886   0.0680     3.14    0.433 -24.56   0      35.94     3228.292     100.9376
       216    368.4562    825.9872     9143.099     580.7321  15.0973   0.0690     9.23    0.411 -18.13   0      23.82     1132.599     95.59769
       217   1020.2241    825.5792     5503.346     423.4903  15.6484   0.0836     7.90    0.584   0.41  16      17.19     831.0465     95.13306
       218    954.1418    818.1486     25161.28     691.2078  13.9982   0.0298    11.36    0.105  11.97   0      54.43     2397.684     98.55941
       219    931.0308    822.9599     6953.694     169.1065  15.3945   0.0264     4.40    0.121 -45.01   0      106.8     7063.687     109.0106
       220    483.3084    820.3573     23383.53     556.6036  14.0777   0.0259     8.52    0.340   1.19   3      59.03     2700.885     98.52119
       221    469.6527    812.5607     58002.84     775.6989  13.0914   0.0145    19.33    0.578  -7.29   2      102.7     4043.449     102.2841
       222    575.8925    819.7767     14673.89     615.2428  14.5836   0.0455     9.56    0.401  -6.30   0      37.66     1716.801     95.97221
       223    304.1006    806.2551     163669.6     769.9417  11.9651   0.0051    18.74    0.336   0.53   3      315.1     17435.78     127.8892
       224     96.3573    818.7357     7968.248     565.4716  15.2466   0.0771     8.55    0.501   1.29   0      20.41      936.372     94.87505
       225    663.2568    812.2627     44070.17     1335.066  13.3896   0.0329    18.83    0.507  31.00   2      49.29     1688.175     96.90951
       226   1020.0395    815.0034     7198.109     169.4347  15.3570   0.0256     4.34    0.054  -5.20  16       93.5     6299.783     107.4062
       227    151.3779    809.2023     59142.21      1063.74  13.0703   0.0195    10.71    0.261  -3.23   2      84.69     3707.528     101.2961
       228    152.1209    800.3688     27911.04     933.5219  13.8856   0.0363    12.40    0.554  -8.43   3      43.71      1205.87     95.51845
       229    207.6045    810.9009     11889.76     704.2448  14.8121   0.0643     9.57    0.252 -87.65   2      27.69     1021.639     95.07909
       230     91.5807    806.4364     45477.28     641.7985  13.3555   0.0153     0.00    0.581  50.81   0      149.3     2295.365     98.81471
       231    422.9977    815.0087     36077.14     204.5359  13.6069   0.0062     0.00    0.016 -61.58   0      270.2     35740.32     157.5476
       232    121.8022    806.0284     17924.07     773.3215  14.3664   0.0469     8.40    0.406   9.10   2      38.78     1362.728     96.39488
       233    888.0192    801.7603     20808.39     527.5944  14.2044   0.0275    14.37    0.372  -9.47   0      51.44     2317.681     98.86604
       234    839.1037    796.2310     24076.35     911.5701  14.0460   0.0411    11.47    0.374  -0.37   3      33.02     1159.982     94.38811
       235    836.7321    804.1451     22165.64     809.7355  14.1358   0.0397     9.07    0.417  -8.38   2      43.47     1850.033     96.78908
       236    674.3054    803.6678     24468.75     858.2896  14.0285   0.0381    10.19    0.417  -5.79   2      39.21     1541.587     95.80956
       237    187.6004    803.3273     13260.14     696.9091  14.6936   0.0571    11.04    0.490 -14.20   3       29.2     1258.348     95.64323
       238    195.4663    797.6889     18011.69     785.7772  14.3611   0.0474    13.19    0.530 -10.43   2      39.52     1690.265      96.1616
       239    993.3646    802.7495     47743.48     326.3267  13.3027   0.0074     8.08    0.602  18.67   0      285.5     43094.42     167.8214
       240    634.0057    802.6047     4801.246     183.5072  15.7966   0.0415     0.88    0.177 -89.81   0      65.62     5009.077     104.1754
       241    341.6955    800.8802     14501.33     714.4729  14.5965   0.0535     9.10    0.321  -1.46   0      31.25     1410.295     95.49761
       242      9.0890    796.5765     83459.67     635.4005  12.6963   0.0083     9.36    0.336  -3.53  24      186.9       9384.9     112.8921
       243     63.4189    790.6558     597521.1     890.1899  10.5591   0.0016     8.53    0.257  -5.50   0      822.3     66615.51     197.2406
       244    532.2868    815.2659     10940.62     401.5274  14.9024   0.0399    10.97    0.405  -4.80   0      32.24     1567.812     95.87175
       245    603.8384    820.4708     35123.61     1066.007  13.6360   0.0330    12.52    0.292  16.39   0      52.48     1788.193      96.8941
       246    960.1949    794.1074      8990.63     558.3405  15.1155   0.0674     6.83    0.411   4.37   2      23.83     828.2483     94.61568
       247    868.5469    795.1414     10152.71     598.5815  14.9835   0.0640    10.76    0.440 -12.94   0      26.31     1206.795     96.02653
       248    884.3746    793.9421     7726.459     255.5108  15.2800   0.0359     4.06    0.608 -56.55   0      59.37     4628.962     103.3428
       249    402.1129    791.8968      2273.99     169.9776  16.6080   0.0812     3.44    0.257 -45.28   0      40.08     1886.992     96.62543
       250    332.1736    789.0592     21172.72     666.6804  14.1856   0.0342    13.40    0.420  -5.79   0      52.86     2402.273     98.56999
       251    105.0311    790.0051     11695.87     175.3641  14.8299   0.0163     4.25    0.037  -1.76   0      141.6     11302.96     117.5171
       252    871.9572    787.2324      8710.32     586.7883  15.1499   0.0732     8.77    0.439   6.17   2      22.73     870.0475     95.22619
       253    429.9537    785.8331      8108.35     557.9813  15.2277   0.0747     8.47    0.313  -9.61   0      21.28     928.8342     95.11203
       254     43.5492    786.4493     9473.213     198.5756  15.0588   0.0228     1.76    0.296 -45.68   0      88.45     8858.409     112.6903
       255    701.6123    784.9561     2370.099     230.5668  16.5631   0.1056     4.09    0.572  72.93   0      18.76     1339.918     96.34109
       256    453.8697    785.9867     9166.717     172.0551  15.0945   0.0204     4.39    0.102  12.49   0      115.3     9101.745     112.7511
       257    839.7154    783.6907     13858.88     710.8688  14.6457   0.0557    10.72    0.476  -7.85   0      29.61     1354.123     95.61752
       258    976.4641    783.4977     2886.694     187.6889  16.3490   0.0706     4.98    0.043 -44.60   0      28.23     2301.541     97.59562
       259    159.7848    783.5154     8900.292      562.626  15.1265   0.0687     6.28    0.578  -7.81   0      22.88     1234.347     95.33241
       260    989.8107    781.6131     7652.069     495.7098  15.2906   0.0704     6.40    0.345  21.88   2      22.03     989.8956     95.00317
       261    971.9405    781.0655     16063.49     184.2528  14.4854   0.0125     0.00    0.123 -45.95   0      166.3     15638.28     125.2356
       262    451.8339    779.7520     14223.58     601.1335  14.6175   0.0459     8.72    0.459  -8.35   0      34.92     1713.799     96.71944
       263    499.1144    779.9199         6548     516.7484  15.4597   0.0857     7.93    0.490  -3.28   0      18.47     1008.825     94.53734
       264    128.3161    773.3158     22171.99     723.6354  14.1355   0.0354     9.67    0.343 -10.00   2      48.67     2299.737     97.83934
       265    242.0615    775.5519     8554.183     503.3943  15.1696   0.0639     7.17    0.369  -2.02   0      24.59     1291.145     95.72113
       266    718.4490    774.0077     8742.713      541.722  15.1459   0.0673     9.21    0.449  -3.89   0      23.47     1158.556     95.65938
       267    188.7537    774.0502     10748.86     399.9073  14.9216   0.0404     0.00    0.251 -26.74   0      45.05     4253.349     102.7494
       268    545.0021    773.9157     41194.29      210.145  13.4629   0.0055     0.00    0.068 -89.93   0      280.4     41432.14     165.8474
       269    311.0036    769.2964     58806.46     696.9892  13.0764   0.0129     8.89    0.332  -6.04   0        134     6505.503     107.3904
       270   1020.7955    770.8553     13354.39     577.1548  14.6859   0.0469    11.51    0.345  -1.25  24      32.29     1524.976     96.52602
       271    623.3019    769.4501     23068.39     706.1299  14.0925   0.0332    10.79    0.503 -23.88   2      50.63     1793.405     96.15344
       272    383.8126    770.8266     10299.78     634.0124  14.9679   0.0668     9.51    0.362   4.50   2      23.23     929.1142      95.1127
       273      5.7210    765.6922     98904.09     437.6273  12.5120   0.0048     0.00    0.236  15.70  24      328.2     42310.96     166.6117
       274   1000.4206    766.7023     27295.56      730.236  13.9098   0.0291    11.71    0.459  -7.96   0      63.29     2997.134     98.95774
       275    151.6939    765.4296     30587.27     803.8506  13.7861   0.0285    13.25    0.383  -3.69   0      64.32     2764.905     98.17651
       276   1012.7816    765.1938     10762.92     208.9312  14.9202   0.0211     0.00    0.379 -41.88   0      123.5     9291.832     113.1336
       277    185.2681    761.0163     111011.8     971.1597  12.3866   0.0095    14.87    0.545   0.51   2        180     7505.783     109.7079
       278    373.6942    762.2068     8825.179     516.5779  15.1357   0.0636     2.54    0.049 -88.94   2      22.32     1339.612     95.83614
       279     41.4945    762.8105     15421.43     642.4784  14.5297   0.0452     5.90    0.385 -11.33   0      39.52     2159.213     97.76048
       280    829.0170    763.0718     9394.835     632.7315  15.0678   0.0731     7.88    0.308  -3.37   0      18.96     762.1351     94.71286
       281    708.8933    760.6927     18461.39     478.3712  14.3343   0.0281    10.41    0.423 -10.95   2      48.42       1863.5     96.82069
       282    611.5691    760.6085     14510.11     705.9483  14.5958   0.0528     9.83    0.194  12.95   0      26.81     1124.041     95.83047
       283    353.8484    763.0137     11241.17     620.8398  14.8730   0.0600     7.32    0.584   2.76   1      19.31     814.3535     95.09318
       284    765.3181    759.5876     8685.502     502.2491  15.1530   0.0628     5.15    0.468   8.00   0      25.31       977.04     94.97241
       285    337.4730    759.4302     25413.38     716.2465  13.9873   0.0306     9.00    0.399  -3.78   0      60.62     2932.923     99.54295
       286     67.8829    760.4801     13734.92     714.2291  14.6554   0.0565    11.52    0.407  -7.57   0      30.53     1352.365     95.10527
       287    801.5181    750.6418     532496.2      881.025  10.6842   0.0018     8.47    0.241  -3.10   0      763.2     59840.88     188.8893
       288    365.8816    760.7530     7982.686     452.4334  15.2446   0.0616     0.00    0.237 -13.65   0      21.43      1378.23     95.42127
       289    130.3932    759.2583     6234.477     215.4968  15.5130   0.0375     4.07    0.507  34.11   0      78.57     5340.591     105.1268
       290    578.8563    757.4205     17003.51     616.1028  14.4237   0.0393     9.55    0.467   3.47   0      41.87     1883.675      97.1178
       291    779.0312    755.1427     6411.401     175.4224  15.4826   0.0297     0.00    0.170 -88.23   0       90.2     5575.734     105.1743
       292    739.0441    756.9387     4622.374     165.9438  15.8378   0.0390     0.00    0.094 -63.16   0      78.19     4442.773     102.9325
       293    530.0015    756.3546      16104.5     197.0095  14.4826   0.0133     0.95    0.175 -89.87   0      142.9     15995.22      126.074
       294    146.3559    752.4064     30994.66     752.6078  13.7718   0.0264     9.23    0.421  -7.54   0      70.93     3271.387     100.5539
       295    673.8518    753.9474     5104.708     448.2916  15.7301   0.0954     6.92    0.571   3.54   0      16.23     753.5751      94.9478
       296    516.6913    753.1692     5353.504     459.0952  15.6784   0.0931     6.57    0.458 -12.59   0      16.51     863.6166     93.67179
       297    497.3300    748.2841     80842.98     712.6872  12.7309   0.0096     8.86    0.324  -2.81   0      176.8     9002.509     112.1196
       298    609.2435    747.6366     59999.76     1178.952  13.0546   0.0213    14.56    0.398  11.29   1      77.95     2567.351     98.94987
       299    558.1586    748.7626     17661.03     823.3159  14.3825   0.0506    12.42    0.311 -14.49   0      32.21     1270.043     95.67101
       300    632.1146    745.6301     51902.66     1132.825  13.2120   0.0237    21.96    0.422 -25.58   0      73.78     2349.645      97.9552
       301      2.1960    750.0047     5739.957     379.9017  15.6027   0.0719     6.37    0.123 -54.50  26      19.24     1026.149     95.08987
       302    277.6673    747.9073     20048.06     617.2249  14.2448   0.0334     9.57    0.403  -4.27   0      51.52     2369.586     98.00146
       303    255.3040    749.2164     6511.814     467.5066  15.4657   0.0780     8.67    0.519 -14.71   0      19.83     926.8499     94.08292
       304    981.8578    747.1402     15581.45     781.9822  14.5185   0.0545    10.87    0.419 -25.69   0       28.1     1076.642     95.71799
       305    855.3019    757.3629     44472.81     942.0562  13.3798   0.0230    13.08    0.105  73.14   2      79.09     2025.011     96.44849
       306    685.5225    747.1539     9317.482     629.8256  15.0768   0.0734     9.65    0.469  -6.98   0         23     1014.042     94.80575
       307    198.5065    741.9540     20678.05     821.2036  14.2112   0.0431     9.85    0.565  -3.90   2      38.95     1298.843     94.97728
       308   1014.1685    740.8320     31576.95     695.0589  13.7516   0.0239    13.59    0.543  -7.13  26      68.33     3358.374     100.9905
       309    358.5923    742.1241     7457.461     489.4727  15.3185   0.0713     8.65    0.353  19.45   0      23.91     1171.015     95.43548
       310    937.3254    740.9086     9416.471     685.1279  15.0653   0.0790     8.97    0.332   7.50   0      20.25     848.2752     94.15057
       311    667.3758    740.7065     5318.318     413.2568  15.6856   0.0844     8.17    0.603   2.89   0      17.88     787.4592      93.7456
       312    444.5268    739.3956     7524.083     516.0051  15.3089   0.0745     8.22    0.428  -8.61   0      21.33     1077.886     95.21344
       313    901.2624    738.2772     9319.436     554.1197  15.0765   0.0646     3.19    0.451 -41.46   0      22.43     1418.752     95.77102
       314    591.2900    739.0079     7333.084     183.3425  15.3368   0.0272     0.94    0.162  -2.05   0      89.25     7312.269     109.0844
       315    569.6854    751.6765     8313.691      197.244  15.2005   0.0258     1.39    0.240  45.01   0      88.58      7951.88     109.7488
       316    487.6963    735.5490     22185.57     641.0991  14.1348   0.0314    14.28    0.403   0.37   0      55.18     2560.002     97.94865
       317    310.6536    736.0428     8541.972     581.5391  15.1711   0.0739     6.89    0.331  42.08   0      20.62     814.3156     94.83799
       318    963.5285    733.0150     35060.62      922.219  13.6380   0.0286    17.05    0.278 -12.70   3      67.31      2248.07     98.21381
       319    957.8466    722.8282     67219.76     789.9791  12.9313   0.0128    16.79    0.372  -4.66   3      144.5     7177.667      109.248
       320    564.8237    734.5928     9238.512     583.8894  15.0860   0.0686     6.93    0.408 -24.55   0      21.21     945.4183     95.15165
       321    187.5038    733.5419      5973.36     197.6175  15.5595   0.0359     0.96    0.296  44.10   3       60.4     5412.421     104.3575
       322    181.6713    729.9457      16276.3      757.002  14.4711   0.0505    12.49    0.419   0.13   2      34.36     1346.116      95.5985
       323    810.0293    728.1823     51563.03      717.778  13.2192   0.0151     9.60    0.383 -11.26   2      115.5     5707.897     106.1464
       324    815.1521    717.0104     9668.713     646.0891  15.0366   0.0726    10.44    0.644 -22.56   2      23.97     798.9091     95.05626
       325    121.9205    728.9710     17769.13     431.4286  14.3758   0.0264    10.08    0.463 -30.04   0      76.02     4891.449     103.9184
       326    773.1263    729.3814     7333.886      524.074  15.3367   0.0776     7.49    0.462  -2.81   0      18.93     876.7349     94.98746
       327    542.9888    729.1874      2693.68     166.9488  16.4241   0.0673     2.40    0.133  65.09   0      43.25     2284.604     98.05156
       328    992.7178    726.8914     25883.91     907.3604  13.9674   0.0381    12.14    0.577 -11.34   0      33.81      1514.65     95.99832
       329    581.0422    724.0277     7976.222     170.4752  15.2455   0.0232     0.00    0.077  28.45   0      112.6     7738.883     110.4094
       330    888.4506    721.4809     12804.38     513.6306  14.7316   0.0436     9.56    0.460  -7.48   0      35.65     1599.114     95.94592
       331    852.3508    720.2057     16260.43     459.2179  14.4722   0.0307     9.04    0.358 -11.87   0       46.1     2133.427     97.94815
       332    631.5958    719.2934     74984.19     683.8942  12.8126   0.0099     9.63    0.382  -8.09   0      167.9     8618.805     111.7734
       333    562.9932    722.7148     10198.57      543.448  14.9787   0.0579     4.28    0.230  16.01   2      23.74     1035.545     95.36668
       334    142.3583    717.2023     19052.21     582.5215  14.3001   0.0332     9.46    0.175 -19.57   0      45.84     1989.249     97.86089
       335     48.0708    711.6937     22088.93     701.5112  14.1396   0.0345     9.52    0.412   0.20   3      48.65     2134.151     97.45393
       336     27.4251    721.5752     7122.741     523.9824  15.3684   0.0799     8.85    0.568   1.30   0      18.95     773.9051     94.99645
       337    482.1841    718.7954     16497.44     515.2621  14.4565   0.0339    13.19    0.443  -1.45   0       42.9     1921.906     97.20723
       338    400.1425    718.8291     9268.696     581.8231  15.0825   0.0682     7.47    0.361  -2.77   2      23.93     1176.162     95.44774
       339    759.3121    716.8412     6410.035      472.611  15.4828   0.0801     8.33    0.482  -4.82   0      20.35     978.4526     94.46429
       340    722.2667    714.5959     8669.865     623.7935  15.1550   0.0781     7.77    0.637  -2.00   2      22.21     888.8822     94.76122
       341    340.0996    713.3655     18645.43     712.3975  14.3236   0.0415     9.38    0.469  -7.84   2      38.89     1779.301     95.61472
       342    289.1460    712.1733     2239.085     176.9153  16.6248   0.0858     3.51    0.307  44.63   0      43.95     2009.608     97.41206
       343    458.0018    711.9707     8391.012     171.0273  15.1905   0.0221   -13.57    0.049 -86.67   0      115.3     8063.205      111.075
       344    649.4046    708.1926     14129.51     749.9242  14.6247   0.0576    11.95    0.473 -21.98   0      29.13     1069.406     95.19319
       345     90.4400    708.8299     27630.81     945.7005  13.8965   0.0372     0.00    0.649 -13.66   0      53.92     1349.724     96.36421
       346    977.7150    709.1987     10058.46     621.3821  14.9937   0.0671     9.34    0.376  -2.84   2      25.16     1105.078     95.78548
       347   1022.4904    706.7556     5540.183     414.8412  15.6412   0.0813     7.49    0.162   0.67  26      18.07     965.0517     94.43204
       348    360.1471    707.2643      18449.6     704.6417  14.3350   0.0415    10.67    0.433   1.05   0      40.59      1971.44     97.32297
       349    349.8239    705.7325     8169.795     416.2794  15.2195   0.0553     3.42    0.476 -60.07   2      30.38     2371.606     98.25301
       350    587.0316    713.0028     13754.64     667.7843  14.6539   0.0527     8.07    0.667  -3.34   0      22.99     857.1729     95.19546
       351    903.0367    706.0191     7435.074     349.4025  15.3218   0.0510     5.76    0.523 -20.36   0      25.47     975.2217     95.73026
       352    273.1769    705.3574     10559.72     501.8913  14.9409   0.0516     0.00    0.515  43.61   0      35.98     1106.638     95.78918
       353    201.7518    702.8669     15852.03      842.455  14.4998   0.0577    11.40    0.422  11.26   3      32.27     1160.194     95.40971
       354    208.5486    705.4521     15149.73     711.2814  14.5490   0.0510     7.20    0.429 -10.38   3         35     1360.668     96.39002
       355   1010.2327    706.0023      3252.42     167.7077  16.2195   0.0560     1.26    0.116   3.86   0      44.27     2957.116     100.0834
       356    713.8027    705.6196     8902.637     200.9581  15.1262   0.0245     2.38    0.372  62.81   0      95.26     7408.059     109.2838
       357    512.8339    705.0093     9292.094     605.2994  15.0797   0.0707     9.53    0.617  17.72   0      23.28     912.4003     95.32722
       358    177.3692    705.0909     7054.218     371.0192  15.3789   0.0571     9.49    0.465  -9.69   0      23.55     1160.946     94.39043
       359    603.2804    699.5848     134312.9     796.9842  12.1797   0.0064     0.00    0.297   2.21   2        262     11147.14     116.8013
       360    433.2486    703.6263     7172.478     483.1125  15.3608   0.0731     3.26    0.324  51.23   0      21.52     1413.791      96.5152
       361    729.9786    701.5170     15325.75     791.1479  14.5364   0.0561    12.86    0.493  12.10   2       31.4     1257.557     95.38773
       362    723.9960    697.0082      28474.5     195.9061  13.8639   0.0075     0.00    0.030 -62.97   3      234.2     27857.55     145.7332
       363    573.5847    698.7950     56833.86      943.751  13.1135   0.0180    11.35    0.418  -9.02   3      106.3      5158.25     104.5003
       364    584.9518    692.3689     17171.85     831.2343  14.4130   0.0526    13.92    0.333  25.59   3      33.19     954.6719     95.42795
       365    400.4466    695.1390     143688.6     1439.147  12.1064   0.0109     9.33    0.380  -5.80   1      100.2     5363.104     104.9449
       366     59.0030    718.6119     39796.17     730.8089  13.5004   0.0199     9.54    0.371  -2.85   3       90.6     4269.558     102.5493
       367    376.2104    693.8038     92962.18     676.5458  12.5792   0.0079     8.45    0.347  -4.81   0        207     11149.46     116.8058
       368    212.6687    696.1149     7496.054     547.8718  15.3129   0.0794     8.41    0.353 -13.31   0      20.88     911.5082     94.30309
       369    929.2860    694.1417     9735.751     405.3521  15.0291   0.0452    10.92    0.549  -4.14   0      29.86     1464.669     95.62693
       370     85.2734    687.4214     212281.2      806.246  11.6827   0.0041     8.85    0.350   6.55   0      388.1     23373.29     138.7383
       371    858.6055    687.5965     127295.2     693.2443  12.2380   0.0059     8.88    0.324  -2.64   2      248.4     13660.91     121.5942
       372    738.6686    687.4917     28347.06      866.335  13.8687   0.0332    13.22    0.419 -10.75   2      56.61      1665.94     96.10409
       373    995.8256    688.9477     11235.18     632.4353  14.8736   0.0611    10.96    0.446  -1.43   0       28.9     1285.647     96.21297
       374    774.2344    686.7713     14134.09     698.9293  14.6243   0.0537    10.93    0.349 -20.07   2      31.36     1147.708     95.88658
       375    621.8705    686.3439     86402.73     664.3862  12.6587   0.0084     8.45    0.345  -5.40   0      194.9     10236.44     114.8047
       376    961.9693    689.8879     5538.143     170.7772  15.6416   0.0335     4.51    0.151  71.19   0      80.53     4750.841     103.1418
       377    675.0085    706.0258     7878.792     526.6154  15.2589   0.0726     4.70    0.154 -28.97   2      22.48     1069.337     95.44717
       378    490.3685    685.3435     23536.55      697.653  14.0706   0.0322     9.40    0.382 -12.96   0      53.66     2275.542     97.78312
       379    345.4903    684.0182     17346.04     534.0981  14.4020   0.0334     8.32    0.399  -4.00   2      45.62     2148.999      96.9903
       380     50.2434    683.2838     29502.82     697.8604  13.8253   0.0257     9.02    0.397  -5.16   0      71.25     3326.584     99.95416
       381    929.9597    683.9540     10006.38     501.6407  14.9993   0.0544     3.25    0.310  -3.58   2      23.44     1555.402     96.09476
       382    426.2047    691.6471     110096.4      924.291  12.3956   0.0091     9.03    0.522 -17.82   2      187.8     7069.396     108.5772
       383    681.0007    683.0807     10448.24     173.7396  14.9524   0.0181     0.00    0.054 -88.79   0      128.1      10533.5     115.6011
       384    735.7287    676.6765     5563.847     399.9894  15.6366   0.0781     0.00    0.455  52.31   0      17.68     1497.945     95.70598
       385    128.8605    671.7876     83509.68     761.1752  12.6957   0.0099     9.50    0.422  -0.27   2      173.7     8402.218     111.5495
       386    117.3077    664.1493     18350.89     775.0114  14.3409   0.0459    12.28    0.320   4.40   3      39.51     1614.764     95.98299
       387     90.7712    670.0960     92736.59     881.6926  12.5819   0.0103     9.61    0.511 -19.28   1      175.3     9247.288     112.1836
       388    923.0872    675.0054     5137.822     166.6482  15.7231   0.0352     4.35    0.099   2.94   0      79.24     4611.904     103.5395
       389    471.2656    672.1420     10605.06     373.1879  14.9362   0.0382     0.00    0.224 -10.34   0      42.22     3785.107       101.47
       390    404.2153    672.5248     11678.36     694.6516  14.8315   0.0646    11.73    0.444   1.22   0       28.6     1225.514     95.81833
       391    253.4414    670.8971     10142.96       624.33  14.9846   0.0668     7.81    0.317  -5.93   2      21.83      795.598     93.50661
       392    216.1318    672.7996     6935.548     454.5795  15.3973   0.0712     1.87    0.203  -7.57   0       23.1     1841.815      97.5179
       393    847.9515    666.6733     112455.3     714.2687  12.3726   0.0069    11.00    0.329   1.34   0      234.9     12634.98     119.4587
       394     32.2939    672.8873     4999.908     478.3058  15.7526   0.1039     6.40    0.358 -24.83   0      14.93     627.5121     93.87457
       395    530.5447    670.5343     11802.73     231.9803  14.8200   0.0213     3.16    0.508  45.66   3      97.92     7995.173     110.4981
       396    532.1340    665.5668     38771.07     1208.897  13.5287   0.0339    18.90    0.723  -9.76   2      49.64     2054.015     97.51561
       397    384.8265    668.9995     21370.47     792.1183  14.1755   0.0403    10.63    0.504 -15.66   2       39.4     1218.722     96.05476
       398    706.4278    664.3586     33262.38     778.5944  13.6951   0.0254     3.43    0.212  37.96   3      73.41     2057.336     98.01889
       399    694.9816    663.5094        38492     1125.836  13.5366   0.0318    14.29    0.564  -2.38   3      51.06     1713.876     95.96529
       400    371.2503    664.1689      59884.8     857.7888  13.0567   0.0156    12.52    0.326  -9.82   0      118.6     5730.946     105.7385
       401    299.6670    655.4560     180522.7     763.0872  11.8587   0.0046    18.94    0.219  -0.51   0      352.1     19467.48     131.8183
       402    793.2278    664.1155     13857.53      200.534  14.6458   0.0157    -1.55    0.298  26.66   0        147     12153.91     118.5399
       403    988.3677    659.8566     80668.58     696.2974  12.7332   0.0094     8.36    0.337  -6.56   0      184.3      9891.54     114.1199
       404    255.4070    660.4082     17201.77     755.6786  14.4111   0.0477     9.26    0.412  -8.57   0      36.03     1658.007     96.58825
       405    472.5826    659.8535     7390.762     224.9404  15.3283   0.0331     2.55    0.466 -63.52   0      56.01     5763.825     106.0378
       406    973.2584    655.4346     19636.95     850.6253  14.2673   0.0470    11.45    0.424  21.12   3      31.59     1038.929     95.12041
       407    603.3302    668.4431     22357.39     696.3997  14.1264   0.0338     9.25    0.381  -6.86   0      52.56     2415.271     98.35396
       408     77.1912    652.3991     75590.88     730.3386  12.8038   0.0105     8.84    0.327  -4.31   0        170     8573.748     111.6817
       409    769.9629    655.3823     4514.225     183.1514  15.8635   0.0441     1.10    0.176  85.17   0      55.82     4192.218     103.0852
       410    672.1660    654.8108     42828.53     267.4907  13.4207   0.0068     0.00    0.262 -26.94   0      283.5     39760.25     163.5402
       411    176.7740    650.7747     74524.26     651.0739  12.8193   0.0095     7.19    0.354  -5.45   0        174     10295.09     115.5514
       412    380.1050    647.8640     19353.95     866.0729  14.2831   0.0486    11.30    0.544 -41.38   1      37.54     775.4776     93.97469
       413    871.7352    653.3680     29123.84     813.9214  13.8394   0.0304    14.71    0.422  -2.83   2      71.03     1702.967     96.69398
       414    349.2374    648.9692     4705.452     180.0558  15.8185   0.0416     4.74    0.249  -7.14   0      71.66     4258.345     102.7605
       415    230.2113    646.8926     16546.79     797.5964  14.4532   0.0523    12.02    0.497  -3.89   0      31.13     1408.026     95.99825
       416    840.4846    645.5710     9005.618     536.2145  15.1137   0.0647     5.55    0.282  -4.58   0      24.82     1371.019     95.65768
       417    769.8719    643.8270     13063.99     702.9025  14.7098   0.0584     8.74    0.450 -11.15   0      29.84     1471.312     96.14796
       418    744.4211    644.2305     7335.428     464.0076  15.3364   0.0687     9.04    0.480  -0.10   0      23.88     1060.657     95.68002
       419    195.4430    643.4381     13109.94     644.4855  14.7060   0.0534     9.83    0.422  -7.64   0      31.61     1342.853     96.09624
       420    941.3187    639.5052     87779.55     646.3821  12.6415   0.0080     8.32    0.319  -7.31   0        194     10113.62     114.5613
       421    133.1518    640.0054     20246.63     542.0764  14.2341   0.0291    14.92    0.359   6.39   0      49.84     2054.574     97.76501
       422    708.7417    639.7462     7862.978     590.5763  15.2610   0.0816     8.41    0.269  11.21   0      20.38      914.715     95.33273
       423    397.5254    636.2796      11369.5     307.8968  14.8606   0.0294     0.00    0.575 -27.79   0      106.5      8499.54     110.8771
       424    254.8048    633.7255     31806.22     964.4493  13.7437   0.0329    14.04    0.215  18.50   0      40.99      1382.71     95.93829
       425    236.5796    630.7019     23809.52     925.3513  14.0581   0.0422    12.54    0.544  -8.68   2      48.04      1380.54     95.17258
       426    812.1196    632.2006      19134.9     680.3796  14.2954   0.0386    10.23    0.398  -9.02   0      45.37     2276.646     98.03311
       427    513.8881    632.8356     2462.377     269.4124  16.5216   0.1188     1.61    0.411 -83.48   0      14.85     1340.335     95.33097
       428    454.9983    631.0643     9322.084     172.2602  15.0762   0.0201     0.00    0.053  88.43   0      115.4     8983.163     112.7269
       429    615.5682    636.1738      22211.6      732.796  14.1336   0.0358     9.38    0.459   0.21   2      47.31     2204.075     98.35854
       430    419.3385    623.1761     26675.44     963.2394  13.9347   0.0392    12.49    0.649 -84.33   2      41.84     827.6077     94.86983
       431    917.1299    628.8960     17497.53     207.5564  14.3926   0.0129     0.00    0.119 -35.73   0      166.1      15445.3     124.3016
       432    180.6000    627.7794     18007.76     817.5063  14.3614   0.0493    11.06    0.261 -23.60   0      31.09     1090.166     95.24274
       433    567.4410    622.3043     34904.45     484.8731  13.6428   0.0151     2.59    0.419  -1.60   3      117.9      4605.04     102.3477
       434    454.8590    621.6046     101080.8     767.9825  12.4883   0.0083    10.91    0.324  -3.49   0        214     11423.38     117.5438
       435    203.5540    628.5547     11678.85     226.5746  14.8315   0.0211     2.98    0.486  45.12   0      103.2     9027.953     112.8172
       436    476.3634    624.2451     15300.35     666.4953  14.5382   0.0473    11.68    0.441  -0.32   0      37.68     1641.181     96.54865
       437    567.1215    626.0833     53640.07     774.4196  13.1763   0.0157    11.23    0.470  -5.86   2      130.6     2944.419      98.8366
       438    887.4385    622.2544     36436.04     723.0936  13.5962   0.0216     9.51    0.392  -5.97   0       81.5     3916.928     102.0026
       439    626.8809    611.5001     37140.32      748.012  13.5754   0.0219    10.55    0.267  -2.29   2      85.78     4041.084      101.327
       440    620.5522    619.6494     25445.98     720.4722  13.9860   0.0307     0.00    0.243 -54.58   3      52.27     2459.249     98.70127
       441    266.6881    624.2072     8429.482     588.7405  15.1855   0.0758     8.03    0.394 -16.25   0      20.83      912.526     94.56207
       442    589.2437    623.5629     6851.536     503.8284  15.4105   0.0799     6.57    0.428 -12.61   0      19.95     1059.631     95.42406
       443    801.9775    621.9718     16987.53      182.093  14.4247   0.0116     0.00    0.058  43.50   0      171.7     16211.76     126.6552
       444    689.2938    621.0537     5262.691     484.7186  15.6970   0.1000     5.17    0.543  -9.66   0      17.96      976.073     94.20175
       445    911.6123    619.2194     8865.408     567.9688  15.1308   0.0696     6.53    0.313  11.65   0      19.28     956.4882     94.92323
       446     33.1280    617.3866     17343.02     706.0024  14.4022   0.0442     9.72    0.404 -14.42   0      41.74     1735.874     97.02131
       447   1022.0435    616.3030     12214.52      386.899  14.7828   0.0344     6.42    0.163  89.24  24      45.67     2379.117     97.27933
       448     91.8984    611.5807     158065.4      726.139  12.0029   0.0050     8.48    0.344 -11.18   0      317.4     17441.35     127.8991
       449    311.5888    615.5079      16663.6      608.061  14.4456   0.0396     9.72    0.487  -4.61   0      40.95     1859.399     96.81107
       450    932.8456    615.4542      8774.89     574.2951  15.1419   0.0711     5.04    0.425   0.55   0      21.88     1231.874     95.83341
       451    436.3267    612.8149     17569.75     811.4355  14.3881   0.0502     9.06    0.333  -3.10   0      30.57     1222.966     95.81229
       452    645.4460    637.3994     83054.52     1038.372  12.7016   0.0136     9.80    0.375  -0.72   0      140.1     7043.842     108.5237
       453    760.3013    613.1400     7307.057     530.9509  15.3406   0.0789     8.56    0.485 -25.30   0      21.18     935.2227     94.36022
       454    521.2733    608.8325     7595.677     544.5871  15.2986   0.0779     7.72    0.386   7.44   2      22.29     1012.403     95.05701
       455    359.3674    607.5363     2090.422     216.7434  16.6994   0.1126     3.91    0.652 -18.63   0      15.77     952.4276      94.9135
       456    255.8489    607.1781     9092.297     619.0752  15.1033   0.0739     8.04    0.419  -0.30   0      18.86     783.6194     95.01969
       457    992.7070    604.9151     21655.13     533.6638  14.1611   0.0268    14.66    0.529  -0.37   2      53.72     2446.619     98.17994
       458    437.9758    589.6469     23018.01     904.6361  14.0948   0.0427    12.04    0.372  29.61   3      35.51      968.155     95.46005
       459    428.3185    602.3484     56185.47     1045.878  13.1259   0.0202    15.17    0.409  -8.44   3      54.81     2726.963     98.58133
       460    436.6100    596.1386     28097.01     1006.008  13.8784   0.0389    12.09    0.355   4.73   3      36.15      1416.71     96.27076
       461     72.7285    599.5472     42464.79     692.5151  13.4299   0.0177    14.37    0.461  -7.45   0      106.7      4033.14     101.7863
       462    199.6269    600.6879     4781.052     193.1307  15.8012   0.0439     2.00    0.346  47.94   0      55.31     4651.839     102.9234
       463    790.1763    596.4736     18579.92     757.6933  14.3274   0.0443    12.40    0.405  -2.60   0      38.97     1767.203     96.84485
       464    855.8535    598.1210     2742.188     193.8658  16.4048   0.0768     3.45    0.294 -45.99   0      43.01     2093.089     97.10899
       465    668.9430    597.3935     19866.45      761.268  14.2547   0.0416    12.40    0.502  -8.00   2      34.77     1244.386     95.86308
       466    233.2047    598.0107     6102.543     401.8055  15.5362   0.0715     7.16    0.358 -15.51   0      20.92     1190.825     95.48264
       467    262.7602    596.5590     12832.27     695.8998  14.7292   0.0589     9.79    0.409 -12.94   0      26.37     1069.292     95.19292
       468    767.9224    594.3402     12806.74     694.1487  14.7314   0.0589     5.77    0.259 -15.36   0      27.63     1235.738     95.08128
       469   1020.8091    591.0883     24424.24     515.2324  14.0304   0.0229     8.61    0.189  -3.59  24      74.25     3691.024     101.0195
       470     47.5774    591.5736     28288.24     1011.455  13.8710   0.0388    16.17    0.646   2.48   3      43.61     1867.731     97.57827
       471     49.1776    584.6940     18919.98     737.5449  14.3077   0.0423    13.64    0.389  -2.16   3      43.68      1937.11     96.49252
       472     90.6790    591.0722     26641.25      822.116  13.9361   0.0335     9.51    0.288 -21.06   2      63.56     933.6984     94.35655
       473    943.1248    587.4996     13391.01     550.3118  14.6830   0.0446     9.05    0.442  -5.88   0      35.44     1762.186     96.07963
       474    729.0342    585.3311     29531.04     775.9451  13.8243   0.0285     8.92    0.301   6.08   0      62.48     2589.989     98.75687
       475    145.0588    589.0118     13740.84     177.9946  14.6550   0.0141     0.00    0.078  10.10   0      152.7     12922.88     120.4082
       476    984.0886    585.2048     37490.98     843.2601  13.5652   0.0244    13.81    0.433 -14.91   2      82.96     2507.335     98.56647
       477    815.8786    585.0568     27219.66     666.0162  13.9128   0.0266     8.91    0.391   2.13   0      67.46     3227.954     99.72965
       478    570.5784    578.2869     411311.5     1104.058  10.9646   0.0029     8.85    0.122   4.93   2      554.5     31670.88     151.2435
       479      5.1422    586.3734     7289.237     441.2378  15.3433   0.0657     5.34    0.369  -8.01  16      23.23     1357.894     95.87949
       480    219.1797    583.3999     21592.53     713.3371  14.1642   0.0359    10.48    0.435  -5.99   0      51.52     2433.527     98.39613
       481    705.0016    582.9627     6158.625     241.9026  15.5263   0.0427     3.38    0.550  89.91   0      52.77     4171.451      102.804
       482    537.6570    581.7233     7983.307     568.6816  15.2445   0.0774     8.08    0.503  -6.96   2       20.2     792.8199     94.27393
       483    425.6978    578.5533     38454.56     1081.938  13.5376   0.0306    15.71    0.224  15.04   1      47.43     1954.949     96.28325
       484    198.9303    579.8762     14267.98     754.7958  14.6141   0.0575     8.92    0.196 -36.80   0       26.3     846.9446     94.14736
       485    776.4697    578.2226     35433.94     764.3184  13.6265   0.0234     9.52    0.364  -1.87   2      78.85     3634.302     101.1316
       486    770.2482    569.0315     19483.01     831.1376  14.2759   0.0463    10.59    0.266  -6.89   3      34.94      1256.53     95.89188
       487   1011.0450    577.9017     25866.78     202.0585  13.9681   0.0085     4.76    0.124 -66.12   0      216.9     24402.32     139.5486
       488    889.6648    571.2530     127558.3     774.2156  12.2357   0.0066    10.74    0.335  -1.22   0      262.9     14671.13      123.468
       489    406.0819    574.1714     48852.76     839.1302  13.2778   0.0187    14.09    0.143  -9.20   0      97.87     4197.676     102.3899
       490    162.7998    574.2059     42940.61     756.2066  13.4178   0.0191     8.71    0.350  -3.74   0      94.99     4585.436      103.247
       491    354.3612    571.7889     25595.95     786.4291  13.9796   0.0334     9.32    0.156 -21.50   0      52.13     2078.814     98.31539
       492    260.1127    570.9755     56819.84     812.7252  13.1138   0.0155    10.07    0.241 -10.23   0      118.6     5346.344     104.4457
       493    455.3997    573.5430      4955.85     385.7641  15.7622   0.0845     5.23    0.251  40.07   0      17.88     1525.409     96.27574
       494    483.6089    569.7532     14132.87     642.0224  14.6244   0.0493    12.43    0.482   0.45   2      37.93       1677.3     97.13372
       495    734.2326    570.7958     8077.383     592.7059  15.2318   0.0797     0.00    0.415 -20.84   0      18.84     815.2747     95.09538
       496    797.8047    569.5115     10386.71     517.2644  14.9588   0.0541    11.80    0.469 -10.81   0      28.87     1317.699     95.78416
       497    201.5979    566.8597     9348.035     438.1699  15.0732   0.0509     3.35    0.535 -10.48   2      28.35      1824.92     97.22968
       498     12.2146    552.8442      2040710     1234.804   9.2255   0.0007    16.44    0.213  -9.42  26       1688     221761.7     330.8676
       499    946.7087    561.8106     17824.85     827.7626  14.3724   0.0504    12.83    0.519  -0.23   0      32.07     1327.723     95.55476
       500    641.0698    562.0669     7276.086     485.6617  15.3453   0.0725     5.59    0.521 -18.57   0      17.88     790.3925     94.26807
       501    185.8317    561.9951     13216.22     177.3235  14.6972   0.0146     0.00    0.114  -0.49   0      142.3     13304.74     121.3267
       502     20.8111    577.7699     6599.161     517.9415  15.4513   0.0852     7.79    0.459 -13.89   0      19.47     998.3533     95.27801
       503    100.4408    559.9181     9733.584     583.0443  15.0293   0.0651     4.65    0.350 -25.46   0      24.39     1187.814     94.96666
       504    283.5116    559.0776      5763.95     473.5807  15.5982   0.0892     7.40    0.500 -19.37   0      17.61     839.4348     94.12923
       505    553.3769    552.4751       172408     789.5757  11.9086   0.0050    20.45    0.298 -13.03   0      314.9     16532.27     126.8476
       506    580.6603    557.4777     11400.42     614.0323  14.8577   0.0585     7.13    0.408 -11.95   0      23.03     991.1044     94.49472
       507    257.7957    554.8015     18897.98     707.3595  14.3090   0.0406    13.73    0.398 -14.65   0      43.43     1868.023     97.08116
       508    458.5683    552.1155     26750.67      748.903  13.9317   0.0304    12.94    0.425  -2.75   0       62.3     2972.287     99.38934
       509    809.0153    554.0093      15884.9     180.7115  14.4975   0.0124     0.00    0.035  29.84   0      172.5     15695.38     125.3392
       510    590.1905    552.8770     16212.58     772.8183  14.4754   0.0518     9.90    0.290  -8.60   0      26.82     997.0062     95.02019
       511     85.1927    549.7239     37659.43     766.5616  13.5603   0.0221    16.59    0.525   1.24   3      76.34     3468.363      100.758
       512     98.2239    549.4849     17333.93     719.5939  14.4028   0.0451     8.98    0.417  -5.08   3      37.11     1668.529     96.11021
       513    484.9020    546.3565     23709.75     349.5886  14.0627   0.0160     0.00    0.662 -16.90   0      157.4     15192.92     123.6435
       514    406.7251    549.2854     7401.863     553.3326  15.3266   0.0812     8.35    0.525  -0.76   0      19.75     880.8572     93.97176
       515   1005.9341    545.0605     4603.844     165.9184  15.8422   0.0391    -4.75    0.108 -61.40   3      70.78     4110.773     102.1968
       516   1000.1698    542.8612     17845.32     901.9938  14.3712   0.0549    11.91    0.614  56.64  19       22.8     843.0345     94.65119
       517    651.9960    547.0157     18195.47     183.5944  14.3501   0.0110     4.24    0.028 -62.64   0      182.8     17759.66      129.028
       518    635.2198    546.2939     6466.916     514.3632  15.4733   0.0864     6.38    0.235 -18.58   0      16.88     803.6324      93.7848
       519    289.8635    545.5109     14092.22     634.4165  14.6276   0.0489     9.22    0.428  -4.96   0       34.1     1624.092     96.00507
       520    131.1942    545.2621     13320.11     434.6877  14.6887   0.0354     0.00    0.497 -16.08   0      39.21     1520.854     96.51631
       521    239.9454    545.0605     7952.075     570.7951  15.2488   0.0780     8.41    0.438 -10.42   0      19.87     927.3214     95.10841
       522     69.9975    539.9728      24744.4     688.4366  14.0163   0.0302    15.21    0.081   8.93   1      54.67     2275.447     98.52332
       523    151.0494    543.8687     33509.09      218.941  13.6871   0.0071     0.00    0.271 -71.57   0      254.2     32068.73      152.159
       524    675.5275    561.0953     33672.92     660.9243  13.6818   0.0213     9.41    0.374   5.85   0      78.73     3612.188     100.3604
       525    991.9887    539.6436     6162.318     306.0144  15.5256   0.0539     1.81    0.189  88.41   2      48.58     3622.121     101.5823
       526    259.1523    538.9507     8913.119     481.4212  15.1249   0.0587     4.05    0.306  -6.35   0       26.4     1579.604     96.65456
       527    924.6031    536.8681     8713.902     543.9413  15.1495   0.0678     9.61    0.378 -16.92   0      23.95     1164.776     95.42062
       528    741.2269    538.5395     6340.474     496.3298  15.4947   0.0850     7.69    0.525  -8.86   0      18.74     903.7553     95.05209
       529    606.9933    535.4655     12789.12     750.3254  14.7329   0.0637    13.24    0.465  14.17   2      26.32     851.0754      94.6705
       530    720.9832    532.6226     34628.72     671.2519  13.6514   0.0211     9.51    0.318  -4.23   2      80.35      3566.85     101.4586
       531    437.9929    532.7760     3407.869     218.1205  16.1688   0.0695     3.96    0.546 -89.91   0      36.14     2501.443     98.79839
       532    230.5634    532.1560     10471.94     597.6903  14.9499   0.0620    10.44    0.484  11.79   0      25.52     1071.336     95.45193
       533    581.4052    532.1650     3390.799     328.8332  16.1742   0.1053     5.81    0.568 -38.23   0      16.23     1329.008     96.31535
       534    174.0329    530.4573     10156.24     619.4657  14.9832   0.0662    10.00    0.522 -25.53   0      24.34     1055.479     94.90503
       535     62.6725    528.2827     18694.57     761.7136  14.3207   0.0442    12.73    0.420   2.52   0      38.62     1513.689     95.74336
       536    986.6101    526.5542     56711.57      1132.72  13.1158   0.0217    15.52    0.615  -5.83   0      84.22     3778.377     101.9313
       537    518.2144    525.3406     20483.95     565.1468  14.2215   0.0300     8.72    0.336  -2.69   0      53.35     2357.583      98.4669
       538    359.1096    525.6981     6469.185     495.1672  15.4729   0.0831     6.15    0.333  -8.45   0      16.64     805.2594     93.78874
       539    952.9886    519.7242     69087.66     930.5669  12.9015   0.0146    10.37    0.348  -6.50   0      129.5     6404.808     107.4029
       540    399.2743    521.1710     10862.68     614.8192  14.9102   0.0615     2.54    0.330  18.36   2      27.33     1596.479     96.44337
       541    615.4810    518.6262     7016.222     523.9362  15.3847   0.0811     3.88    0.260  14.68   2      20.58     1149.888     95.38515
       542     79.5056    519.5872     9289.064     541.9512  15.0801   0.0634     9.97    0.497   2.10   0      24.18     1137.191      95.1005
       543    446.5167    518.8343     8784.211      560.422  15.1407   0.0693     9.82    0.468 -10.38   0      23.46     1141.892     95.11174
       544    760.8138    516.5856      12315.8     722.2123  14.7738   0.0637    10.12    0.222   3.38   0       25.2      1074.78     95.20602
       545    117.3587    511.8037     57573.04     801.6831  13.0995   0.0151    17.63    0.539 -24.50   0      108.6     4278.098     103.0395
       546    987.1203    513.4636     19077.46     687.4448  14.2987   0.0391    12.95    0.434  -1.95   0      45.56     2230.248     97.67779
       547    632.0406    511.1813     59663.73     687.6481  13.0607   0.0125     9.91    0.361   0.47   0      139.3     6974.082     108.8237
       548     35.5967    506.3003     321955.2     780.4106  11.2305   0.0026     8.59    0.284  -4.15   0      543.3     36605.14     158.7903
       549    727.3615    509.3551     9883.254     219.3112  15.0127   0.0241     2.89    0.466  45.27   0      102.3     8301.347      111.126
       550    279.1583    508.5995     9949.475      587.268  15.0055   0.0641     8.31    0.409  -3.93   2      24.49     1057.316     95.67209
       551    957.1354    507.8036     22828.47     828.4045  14.1038   0.0394    10.44    0.457  -2.21   2      39.86     1158.124     95.65836
       552    795.2515    522.9096     5274.418     399.8249  15.6946   0.0823     1.70    0.261 -14.41   0      17.56     1188.275     94.96777
       553    761.9707    504.9807     15599.06     743.8846  14.5173   0.0518     8.98    0.350   0.17   0      32.01     1439.672     96.57612
       554    580.1121    505.8458     14031.29     656.9069  14.6323   0.0508    11.47    0.450  -5.65   0       32.9     1357.012     95.37072
       555    298.4931    505.0967     9927.648     586.2274  15.0079   0.0641     9.82    0.439  -0.13   2      23.88     1078.427     94.70451
       556    861.2010    497.1985     376739.9     826.8036  11.0599   0.0024    19.90    0.254  -4.17   3      597.6     40647.86     164.4748
       557    854.9155    483.9519     245608.6     821.5057  11.5244   0.0036     8.71    0.302  -3.26   3      424.8     24957.42     140.7943
       558    481.1271    514.1774     8729.314     439.2299  15.1475   0.0546     8.91    0.359 -15.36   0      26.02     1104.806     95.53159
       559    353.4938    495.6677     15319.32     746.2378  14.5369   0.0529     9.56    0.376  -9.48   2       31.2     993.4591     94.75639
       560    107.9994    498.0174     16757.32     181.8054  14.4395   0.0118     0.00    0.023 -88.80   0      176.8     16529.79     126.8432
       561    971.8285    497.5685      6874.72     383.7494  15.4069   0.0606     0.00    0.333  73.31   0      24.66     2211.508     98.37572
       562    435.5678    494.4394      19428.1     677.8023  14.2789   0.0379    13.89    0.339   5.53   0      46.29      2074.25     97.81075
       563    195.8246    482.7888     321731.8      829.989  11.2313   0.0028     8.63    0.158  -1.03   0      537.7     35850.59     157.8602
       564    903.8595    493.9533     29098.25      592.592  13.8403   0.0221     9.19    0.388  -5.20   0      72.98     3587.531     101.0265
       565    737.1417    496.9603     6047.702     502.2614  15.5460   0.0902     7.22    0.513   6.23   0      18.51     843.9395     94.65337
       566    398.7331    496.0910     6863.366     531.9008  15.4087   0.0842     8.32    0.401  -3.23   0      18.94     908.6849     94.29629
       567    373.1964    494.4023     26688.21     958.8312  13.9342   0.0390    13.24    0.338   2.70   1      33.46     1232.621     95.58208
       568    214.9830    493.9083     52411.61     235.1935  13.2014   0.0049     0.00    0.209  80.15   0      323.5     50421.51     177.1937
       569    960.2919    493.2044     6912.236     264.1225  15.4010   0.0415     0.00    0.344  31.34   1      64.81     4070.607     102.1074
       570    385.4470    490.7322     28959.02     966.9149  13.8455   0.0363    15.11    0.292  16.93   1      47.55     1676.093      96.6308
       571    163.7575    491.9882     8912.906     406.3835  15.1250   0.0495     0.16    0.327 -69.62   0      40.77     3907.399     102.2186
       572   1006.5847    490.7549     11234.83     679.5204  14.8736   0.0657    11.92    0.459  33.32   2      24.55     814.5519     95.09364
       573    724.8876    486.3446     11278.56     670.5635  14.8694   0.0646    10.39    0.443   1.27   0      25.39     1087.078     94.72527
       574    517.0126    488.0094     22197.97      188.484  14.1342   0.0092     4.23    0.026  27.84   0      207.4     21970.56     136.2434
       575    780.6141    481.7854     27951.28     1144.003  13.8840   0.0444    19.84    0.791 -19.31   2       39.6     1557.606     96.35172
       576    976.5234    481.3669     54384.02     727.8813  13.1613   0.0145    11.32    0.358  -9.48   0      121.1     5841.896     105.9767
       577    572.6710    478.0619     19458.57     705.8256  14.2772   0.0394     9.63    0.440   1.47   0      46.77     2163.261     97.76989
       578    956.7334    477.4099     8884.687     249.3562  15.1284   0.0305     4.59    0.562 -33.17   0      75.42     6465.235     107.3051
       579    498.5922    473.1949     54705.37     652.5258  13.1549   0.0130    16.12    0.293   2.59   0      127.3     5980.679     106.2739
       580    406.2926    475.7011     8058.475     571.8975  15.2344   0.0771     8.28    0.322  -2.23   0      20.39      748.745      93.6517
       581    301.3181    475.9709     5608.895     211.9982  15.6278   0.0410     1.93    0.431   4.30   0      58.94     4679.064     103.4529
       582    896.1611    470.8657     81420.63     707.7557  12.7232   0.0094    17.06    0.382  -6.24   0      176.2     8918.881     112.3819
       583    258.9503    468.0993     38205.58      899.062  13.5447   0.0256    14.94    0.522 -14.34   2      70.51     3211.683     98.96088
       584    585.9706    469.7608     11277.15     577.3861  14.8695   0.0556    11.32    0.447  -8.23   0      29.62     1446.123      96.5913
       585     12.8785    469.1244     39503.52     698.5135  13.5084   0.0192     8.98    0.366  -5.41  16      91.92     4263.273     101.8241
       586    859.6306    468.7537     15396.54     634.8836  14.5314   0.0448     4.85    0.389  -0.41   2      31.67     1862.373      97.5658
       587    709.9912    470.0791     11741.24     178.8419  14.8257   0.0165     4.63    0.085 -35.78   0      133.2     10662.83      115.855
       588     59.7066    469.4556     8717.897     587.8224  15.1490   0.0732     8.83    0.712  20.81   0      19.18     956.2068     94.15381
       589    402.1052    468.7115     2624.658     173.9627  16.4523   0.0720     3.52    0.320  70.06   0      37.13     2276.499     97.78534
       590    221.3812    463.1528     152332.2     821.5028  12.0430   0.0059     8.84    0.279  -5.71   2      296.3     16371.81      126.942
       591    325.9531    481.0934      12152.3     179.3635  14.7884   0.0160    -4.75    0.174 -64.91   0      141.6     11364.37     116.6016
       592    607.6311    461.9463     7539.352     252.9614  15.3067   0.0364     4.00    0.610  56.42   0      61.79      4906.79      103.952
       593    692.3597    461.1739     13464.58     734.2141  14.6770   0.0592    10.80    0.483   8.55   0      27.53     1145.117     95.88044
       594    248.0007    461.7593      72047.2     243.7134  12.8560   0.0037     0.90    0.144  89.71   0      345.2      71986.3     203.4542
       595    111.7436    461.4246     57736.23     687.0107  13.0964   0.0129     8.95    0.353  -4.59   0      132.1     6293.124       106.94
       596    656.3740    456.4401     27680.94     609.1898  13.8945   0.0239     8.41    0.391  -2.90   0      70.15     3429.775     101.1511
       597    362.7518    458.5195     6612.425     527.2186  15.4491   0.0866     8.02    0.572  -8.95   0      18.61     828.0447     94.10172
       598    521.4260    458.0003     61861.78     272.2985  13.0214   0.0048     3.19    0.486   0.05   0      312.1     50178.85     177.4292
       599    331.0852    455.1931     28836.11     726.5594  13.8502   0.0274    10.77    0.342  -1.36   0      66.52     3016.596      99.9764
       600    480.6069    455.0342     17176.64     589.0311  14.4127   0.0372    10.69    0.487  -0.54   2      40.31     1879.107     97.60477
       601    401.3211    452.7864     14686.97     546.4313  14.5827   0.0404    13.08    0.329 -20.77   0      35.08     1332.471     95.81921
       602    865.6829    454.9964     29917.25     249.0959  13.8102   0.0090     3.23    0.510  -0.34   0      191.9     23073.59     138.2465
       603      4.0626    450.3529     63320.12     314.6973  12.9961   0.0054     7.36    0.275  78.25  27      339.6      56271.5     184.8069
       604      3.9519    442.5340     13390.83     503.1717  14.6830   0.0408    12.46    0.237 -19.50  27      37.95     1763.676     96.83657
       605    612.7679    452.4359     11097.95     554.8486  14.8869   0.0543     9.92    0.350  -5.22   2      29.66     1358.813     96.38565
       606    801.5331    443.8293     292682.9     796.5521  11.3340   0.0030    14.47    0.234  -4.54   2      494.2     32272.57     152.4631
       607    945.9487    449.3929     25911.17     787.2899  13.9663   0.0330    16.22    0.564  -0.46   0      50.28     2127.173     97.93364
       608    236.9580    438.9412     104084.2     772.7991  12.4565   0.0081    10.81    0.336  -3.50   2      215.2     11384.17     117.2616
       609    246.1190    428.1532     26058.35     821.2177  13.9601   0.0342     8.79    0.394 -10.78   3      50.84      2372.65     97.76108
       610    670.7368    443.5382     2406.396     196.5771  16.5466   0.0887     2.79    0.435 -63.16   0      31.58     2249.154     97.72176
       611    425.0009    444.9979      55103.7     224.6851  13.1470   0.0044     0.00    0.001 -63.46   3        338     54790.23     182.9762
       612    424.4923    438.5987     40406.18      750.619  13.4839   0.0202     8.74    0.404  -7.25   2       89.5     4282.569     102.5781
       613    250.9973    450.8666     7080.769     169.2772  15.3748   0.0260     0.92    0.081 -87.95   0       97.5     7285.826     109.2513
       614    184.0201    438.1721     13566.02     200.2033  14.6689   0.0160     4.96    0.278  84.45   0      148.4     12541.77     119.8889
       615    262.7006    433.7180     35845.19     947.6725  13.6139   0.0287    10.77    0.163  -8.63   0       63.5     2536.441     97.89397
       616    602.9050    429.5150     19507.51     840.5635  14.2745   0.0468    12.34    0.367  22.32   2      36.36      1360.23     95.63204
       617    416.9976    430.2918     17368.89     195.3873  14.4006   0.0122     0.89    0.161 -88.36   0      151.5     16740.23     127.2197
       618    983.0677    426.9733     12233.93     754.9857  14.7811   0.0670    11.33    0.541 -19.59   2      24.41     1132.945     95.34477
       619    898.2254    428.3827     11775.72     599.1974  14.8225   0.0553     8.98    0.472  -2.56   2      34.45     1218.558     96.05437
       620    580.0700    427.8446     6246.925     468.6718  15.5108   0.0815     4.47    0.374 -21.09   0      19.67     1182.891     95.46376
       621    342.4856    427.5522     7420.459     524.1116  15.3239   0.0767     6.70    0.197 -28.71   0      17.83     737.6292      93.8831
       622    739.7538    423.2102     76448.53     722.2686  12.7916   0.0103     8.56    0.364  -3.64   2      168.8     8831.195     112.6354
       623    108.2291    425.5812     9580.154     589.1845  15.0466   0.0668     7.94    0.373  -2.98   0      22.98     1131.967     95.84927
       624    648.4656    424.0406     11090.96      567.793  14.8876   0.0556    11.15    0.301  -8.63   0      27.83      1187.61     95.47499
       625    536.6495    425.1170     16148.75     741.6066  14.4797   0.0499     9.79    0.471  -2.34   0      31.09     1210.924     95.02195
       626    999.0756    422.8188     12993.99     684.5464  14.7156   0.0572     9.17    0.462   9.46   0      24.23      891.479     95.02273
       627    438.1967    418.5761     72237.68     879.1525  12.8531   0.0132    10.70    0.406   0.27   2      141.9     5111.917     104.6313
       628    179.6447    420.3113     10912.91     472.2133  14.9051   0.0470    11.60    0.546  -4.90   0      28.74     1222.623     95.04993
       629    696.9896    420.7354     8158.631     593.7579  15.2210   0.0790     9.42    0.628  -4.38   0      20.49     767.1073      94.4687
       630    409.1379    424.7324      6112.36     490.0851  15.5345   0.0871     7.57    0.487  -6.01   0      18.42     870.7014     94.71761
       631   1012.0264    417.0185      12758.8     176.7363  14.7355   0.0150     0.00    0.074  44.89   0      152.4     12839.63     120.4522
       632    758.5109    414.1815     19703.17     627.8005  14.2637   0.0346     9.80    0.372  -2.22   0      51.18     2276.488     97.28858
       633    270.5986    407.2724     460730.5     951.1469  10.8414   0.0022     8.58    0.276  -3.43   2      684.7     50400.22     177.4397
       634    152.0457    409.1554     185915.2     723.1732  11.8267   0.0042    18.34    0.294  -1.19   0        357     20726.79     134.3331
       635     12.7631    414.6269     7871.772     550.2335  15.2598   0.0759     7.06    0.549  15.14  16       16.2     866.6848     95.21816
       636    122.1548    410.9394     33908.15     888.4827  13.6742   0.0285     9.33    0.412  -6.41   0      59.77     2606.585     98.79505
       637    578.0731    412.5656      4871.79     205.3916  15.7808   0.0458     0.00    0.392 -81.85   0      20.31     3590.318     101.0327
       638    327.6886    408.9012     81683.43     652.6409  12.7197   0.0087     8.51    0.343  -1.60   0      184.3     9222.255     112.3487
       639    659.1324    407.3457     26716.25      510.343  13.9331   0.0207     0.00    0.460  -9.70   0        103     8730.522     111.7838
       640    439.6943    407.2776     8010.363     379.6657  15.2409   0.0515     5.83    0.492 -40.45   0      186.5     3064.482     99.59994
       641   1020.6912    404.0363     14813.91     642.2634  14.5733   0.0471    13.70    0.452  53.92  24      33.08     944.3592     93.86749
       642    842.1978    404.9944     21886.43      833.976  14.1496   0.0414    14.21    0.526  -3.77   3      44.85     1933.507     97.23434
       643    830.9290    405.2069     15988.63     792.1033  14.4905   0.0538    11.70    0.350   0.54   3      29.61     1236.579     95.59149
       644    454.3707    406.3631     21736.78     673.1997  14.1570   0.0336    11.80    0.544  -0.96   0      51.35     1606.807     96.96864
       645     42.8250    401.9883     61755.06     968.3591  13.0233   0.0170    20.19    0.474 -23.89   0      108.9     3628.934     101.3588
       646    922.9619    403.6464     57081.62     856.3388  13.1088   0.0163     9.71    0.288 -29.16   2      112.9     3982.592     101.9113
       647    526.5831    404.9455     21179.17     792.0634  14.1852   0.0406    14.23    0.588  -1.46   0      41.19      1676.02       96.881
       648    631.9745    402.1762     9828.172     598.4583  15.0188   0.0661     8.74    0.361  -5.29   0      25.52     1217.132     96.05099
       649    427.4327    400.1393     36310.45     853.6508  13.5999   0.0255    10.60    0.421 -13.53   0      67.66     2755.825     99.13778
       650    756.4605    396.0355     73430.33     696.5441  12.8353   0.0103    11.18    0.380  -0.83   2      160.1     7254.905     108.9648
       651     20.6393    400.4578     9430.246     244.9571  15.0637   0.0282     3.77    0.589 -18.24   0      56.75      3706.62      101.294
       652    993.6218    397.2602     18851.58     636.1192  14.3116   0.0366     9.61    0.375  -7.13   0      48.59     2309.074     98.10825
       653    805.3194    396.9285     13343.81     222.8685  14.6868   0.0181     0.00    0.299  14.08   0      133.9     11873.14     117.7949
       654    473.9187    397.5735     3192.735     215.0988  16.2396   0.0732     4.90    0.568 -28.14   0      23.48     2237.124     97.94144
       655    208.0948    395.9647     12678.74     478.1559  14.7423   0.0410    12.15    0.300  -6.17   0      36.42     1736.463     95.76614
       656    382.5788    393.4906     26670.82     868.6883  13.9349   0.0354    14.43    0.447 -20.65   2      47.33     1733.993     96.01291
       657    405.6107    394.0041     7874.698     487.1865  15.2594   0.0672    10.07    0.342  16.83   0      22.56     1062.027     95.17558
       658    961.9460    390.9794     23438.82     719.8387  14.0752   0.0334    15.57    0.376  11.37   0       51.3     1789.249     97.14626
       659    649.8760    392.0553     21526.71     694.3864  14.1676   0.0350     8.49    0.407  -2.77   0      52.45     2433.521     98.14961
       660     16.7344    384.1282     246189.5     837.7249  11.5218   0.0037     8.95    0.263   9.29  16      424.3     25614.54     142.0217
       661    472.6836    389.0422     7262.249     423.0039  15.3473   0.0633     4.53    0.387  -1.31   2       23.2     1967.105     96.81368
       662    873.1313    387.2804     41270.29     775.4808  13.4609   0.0204     8.64    0.379  -1.26   1      90.34     4386.431     102.3356
       663    165.5421    390.5552     6793.446     531.8709  15.4198   0.0850     6.83    0.393   5.47   0         17     794.6797     94.53501
       664    238.1190    388.1215     13992.93      757.916  14.6352   0.0588    12.03    0.220 -19.63   0      28.67     1168.926     94.66589
       665    349.7961    382.7023     28803.54     586.3137  13.8514   0.0221     8.95    0.359  -5.11   2      66.06     2791.878     99.22039
       666    886.1392    380.7059     24023.96     773.5479  14.0484   0.0350     8.85    0.344  -4.75   1      50.67      2321.86     97.39452
       667    599.7737    379.6565     28740.02      678.244  13.8538   0.0256     8.20    0.384  -3.01   0      70.67     3665.861     101.2025
       668    856.1174    379.2104     24286.21     749.7719  14.0366   0.0335    14.95    0.572   0.88   0      48.06      1802.29     96.92715
       669    322.3120    382.6061     5751.704     439.0679  15.6005   0.0829     3.70    0.611  25.66   2      16.62     986.8012     94.99577
       670     43.1196    377.7234     52511.93     753.4722  13.1994   0.0156     9.69    0.386  -1.13   0      116.8     5580.643     104.7232
       671    731.3691    377.9130      5235.52     464.2841  15.7026   0.0963     6.34    0.438  -1.65   0      16.94     895.6139     94.52142
       672    919.0675    372.8001     8609.469     601.0259  15.1626   0.0758     8.41    0.474  17.99   0      20.36     953.0887     95.42418
       673    608.9830    369.7480     28117.44     700.0094  13.8776   0.0270    14.03    0.351  -8.06   0       71.4     3188.493     100.3664
       674    733.8470    372.0106     9179.594     188.8519  15.0929   0.0223     0.00    0.284  -3.68   0      120.9     8626.106     112.2208
       675    458.2678    368.7439     14758.25     765.3011  14.5774   0.0563    12.54    0.269  -4.37   2      29.53     1259.902     95.39331
       676    463.6675    365.9070     4581.952     192.8962  15.8474   0.0457     2.37    0.344  18.76   3      59.93     3442.511     100.4588
       677    163.8393    367.1705     45078.54     778.1542  13.3651   0.0187    18.14    0.584   1.65   2      82.61     4111.533     102.6715
       678    670.6936    367.7383     3496.208     206.8132  16.1410   0.0642     2.95    0.448 -67.77   0      36.07     3032.521     99.28328
       679    236.1703    362.1529     9433.639     582.9273  15.0633   0.0671    10.11    0.399  19.42   0      25.45     1084.104     95.73571
       680    755.7894    359.3374     78048.77     1118.195  12.7691   0.0156     9.39    0.394  -8.44   3      316.4     5690.728      105.652
       681    762.5452    351.4864     125492.5     1143.264  12.2535   0.0099    10.34    0.389  -2.25   3      204.2     4662.206     102.9463
       682    677.3362    360.9225      10763.1     592.7139  14.9202   0.0598     8.81    0.397   6.88   2      25.16     1526.607     96.02663
       683    389.5724    357.1816     40034.68     594.7385  13.4939   0.0161    12.07    0.376  -2.29   0      95.92     4522.794     103.5778
       684    715.9846    359.9735     5208.521     228.0981  15.7082   0.0476     0.00    0.092  23.06   2      62.83     3731.883     101.8276
       685    301.5268    371.7910     22261.44     644.8935  14.1311   0.0315     0.00    0.273  55.43   2      62.53     6519.263     107.4195
       686    973.4905    357.6793     20829.74     791.9631  14.2033   0.0413     9.49    0.460   0.08   2      35.19     1684.418     96.39941
       687    976.7868    355.7503     8348.537     478.6306  15.1960   0.0623     7.47    0.425  38.58   3      26.27     1782.927     97.13147
       688    807.3049    353.2128     18467.65      570.738  14.3340   0.0336    11.32    0.465  -3.96   2      45.81     2237.978     97.69577
       689    663.4834    348.0401     119060.9     771.7171  12.3106   0.0070     8.62    0.305  -3.51   0      247.9     13480.06     120.8555
       690    139.6021    350.6392     15718.71     749.5981  14.5090   0.0518    10.22    0.486 -10.56   0      31.28     1330.352     96.31851
       691    885.0089    350.0187      17960.7     183.3036  14.3642   0.0111     0.00    0.036  60.09   0      183.4     17620.02     128.7818
       692    934.3021    347.1101     5333.917     436.0829  15.6824   0.0888     7.87    0.334 -22.27   0      18.49     866.5599     93.93717
       693    482.2041    342.6356     15548.89     675.6045  14.5208   0.0472    13.17    0.082 -35.24   2      36.56     1520.583     96.76634
       694    845.5961    344.6082     7906.029     320.8055  15.2551   0.0441     0.00    0.553 -55.62   0      58.68     4472.125     102.9973
       695    617.9229    336.5884     148079.6     806.9271  12.0738   0.0059    17.67    0.372   1.66   2      317.6     10716.48     115.9602
       696    416.7158    342.4335     8924.059      627.757  15.1236   0.0764     8.64    0.567  12.04   0      20.75     847.2468     94.40504
       697    555.6826    338.9601     23830.89     767.2017  14.0571   0.0350     9.83    0.364 -13.09   0      52.75     2466.563     97.97916
       698    986.6215    338.5805     18529.14     632.1836  14.3304   0.0371     8.90    0.388  -4.51   0      48.63     2257.503     98.48192
       699    814.3441    335.3776     144099.2     806.5565  12.1033   0.0061     9.07    0.417 -16.41   0      279.5     15929.43     125.7629
       700    210.8087    336.4685     72013.52     787.5212  12.8565   0.0119    10.04    0.345  -5.08   0      149.6     6834.408     108.0842
       701    856.1526    335.8892     26925.36     855.4071  13.9246   0.0345    14.38    0.438  -2.37   0      53.17     2494.757     98.04454
       702    732.0116    337.7548     7137.956     445.2592  15.3661   0.0677     8.93    0.307 -33.97   0      23.74     1288.658     96.22009
       703    149.2988    338.7378      12225.3     631.8332  14.7819   0.0561     9.00    0.453   2.71   0      30.84     1470.142     95.38631
       704    249.9988    353.9710     20589.55     186.5345  14.2159   0.0098     4.22    0.022 -88.81   0      197.7     20781.36     134.6054
       705    324.3496    334.3661     10434.86     582.2784  14.9538   0.0606    11.51    0.393  17.15   0      27.91     1189.187     95.47874
       706    693.1511    334.1080     23447.52     798.8025  14.0748   0.0370    13.56    0.511  -1.18   0      42.97     1938.322     96.74609
       707    279.9852    334.9833     9097.192     460.9448  15.1027   0.0550     9.88    0.472  -0.83   0      28.36     1390.479      95.9567
       708    756.8497    328.9136     51698.05     643.9976  13.2163   0.0135     8.64    0.344  -2.34   0      123.3     6328.646     106.5618
       709    510.7815    330.7279     5741.402      225.964  15.6025   0.0427     3.67    0.529 -72.95   0      54.78     4315.044     102.8858
       710    598.0741    329.0450     5462.268     170.6761  15.6566   0.0339     0.00    0.135  28.77   0      83.16     4882.584      103.899
       711    395.2105    326.6966     14426.27     535.1226  14.6021   0.0403     8.59    0.425  -3.07   0      40.98     1993.757     97.37507
       712    257.9341    318.6439     162234.7     737.3656  11.9746   0.0049     8.67    0.344  -3.83   2        309     17248.84     128.1251
       713    838.9653    320.3650     75417.88     1120.907  12.8063   0.0161    18.46    0.530   8.89   3      109.1     5395.655     105.4757
       714    835.1509    309.6106     81247.34     1493.893  12.7255   0.0200    13.79    0.365 -31.64   3      80.08     3081.402     100.1236
       715    994.5466    319.8003     99910.49     706.8469  12.5010   0.0077     9.53    0.348  -7.79   2      207.8     11194.56     116.8935
       716    309.7760    323.5567      23557.7     521.8602  14.0697   0.0241     0.00    0.426  19.99   0      76.65     2380.986     98.76648
       717    482.2830    320.6096      39919.5     623.5284  13.4970   0.0170    11.14    0.353  -5.64   2      93.57     4330.831      102.685
       718    959.2208    318.1927     35674.29     792.3994  13.6191   0.0241     9.65    0.428  -4.63   0      77.02     3508.501     100.8485
       719    220.3375    320.5811     8086.298     599.8192  15.2306   0.0806     8.22    0.685  -5.92   0      19.04     837.4112     94.63769
       720    860.7219    319.2508     11459.53      642.962  14.8521   0.0609     6.69    0.452  -2.61   0      25.16     1271.733     95.42149
       721    609.7230    318.6036     2826.988     200.1125  16.3717   0.0769     3.16    0.445 -64.06   0      32.96     2286.187     98.05522
       722    530.4627    316.8226     11865.64     561.6702  14.8143   0.0514     9.06    0.469  -1.43   0       31.3     1511.836     96.49507
       723    109.1913    312.7352     99639.37     677.8924  12.5039   0.0074     8.79    0.349  -6.94   0      217.5     11436.58     117.3631
       724     37.6765    317.4111     6639.405     359.1489  15.4447   0.0587     9.80    0.519  -7.70   0      20.68     976.0233     94.96999
       725    181.8526    313.9898     30393.38     820.9424  13.7931   0.0293     9.63    0.392  -6.67   0      62.93       2667.7      99.1801
       726    600.7861    314.2042     7459.252      199.319  15.3183   0.0290     5.21    0.370 -45.50   0      98.07     6382.068     107.1289
       727    566.6692    310.9588     8843.678     588.9003  15.1334   0.0723    11.18    0.414 -13.38   0      24.18     999.4498     95.02603
       728    652.3958    311.8314     3847.745     207.1991  16.0370   0.0585     4.09    0.436 -17.20   0      47.79     2741.385     99.59235
       729    850.4661    306.2840     13936.81      813.401  14.6396   0.0634    12.79    0.580 -11.24   1      28.99     1103.126     95.01906
       730    455.7780    307.0034     26758.91     468.2808  13.9313   0.0190     0.00    0.384   2.68   2      85.38     8524.352     111.5812
       731    461.7027    305.2657      3823.49     242.2121  16.0438   0.0688     0.00    0.087  29.73   3      40.76     2550.399     98.17344
       732    939.0839    306.4514      8799.53     409.2903  15.1389   0.0505    10.17    0.454 -14.39   0      26.71     1388.442     95.44559
       733    811.5212    301.0023     66261.95       1005.6  12.9468   0.0165    11.15    0.349   0.97   2      105.4     4988.701     104.1309
       734    719.5606    305.6192     12842.35     707.9821  14.7284   0.0599    10.45    0.455 -16.58   2      26.38     1240.403     96.35777
       735    328.0953    305.0677     8695.159     181.7205  15.1518   0.0227    -3.32    0.234  38.34   0      116.3     8200.562      110.482
       736    225.0689    303.8116     15093.85     623.2211  14.5530   0.0448     5.09    0.419  -9.64   0       36.3     1091.411     95.24572
       737    187.4382    297.5787     130181.7     762.3793  12.2136   0.0064     8.56    0.299  -3.55   0      265.7     14547.79      123.829
       738     12.0136    299.1033       393802     815.2988  11.0118   0.0022    10.93    0.300 -10.46  24      617.2     43307.12      167.965
       739    396.6754    294.9545     268899.5     856.6845  11.4260   0.0035    10.20    0.423   9.67   0      458.2     26561.05     143.6971
       740    274.9053    303.9955      9828.52      172.927  15.0188   0.0191     0.00    0.067  -0.24   0      120.2     9801.699     114.1533
       741    667.5793    301.3592     10526.28     632.1805  14.9443   0.0652     8.36    0.562 -10.30   0      19.79     869.5168     95.22492
       742     47.5262    301.0226     6599.052     500.0946  15.4513   0.0823     8.02    0.138 -17.80   0       20.1     1015.276     95.31836
       743    709.9788    300.9817     53650.93     223.2107  13.1761   0.0045     4.26    0.035  39.00   0      330.6     53195.66     181.2523
       744    477.9899    296.4966     61073.41     618.5927  13.0354   0.0110    10.67    0.381  -7.90   0      142.4     7353.451     109.1702
       745    840.5783    297.0034     26521.47     758.4764  13.9410   0.0311    14.21    0.406 -11.84   0      58.92     2803.858     99.24783
       746    923.1345    293.8381     23786.17     759.2534  14.0592   0.0347    14.39    0.476  -8.77   0       51.1     2293.791     98.07285
       747    435.1426    290.5629     30487.13     620.0809  13.7897   0.0221     9.92    0.360  -5.54   0      77.12     3600.705     101.0561
       748    352.5186    281.5527      15225.8      685.287  14.5435   0.0489     7.58    0.306  -6.61   3      40.08     1341.652     95.33411
       749    353.7327    291.1994     25727.25     903.9776  13.9740   0.0382    14.56    0.456   1.29   3      47.61     1823.729     97.47574
       750    342.5156    291.7604     3602.475     231.7784  16.1085   0.0699     4.34    0.590  57.06   1      33.96     2461.296     97.96694
       751    158.6254    289.9747     7368.981     288.6036  15.3315   0.0425     2.18    0.395  -0.37   0      55.63     4706.341     103.9798
       752    606.4849    285.8317     11650.92     481.4557  14.8341   0.0449    11.75    0.509  -8.78   0      29.43     1218.549     95.29474
       753    342.0000    284.5032     5241.135     255.6704  15.7014   0.0530     5.10    0.639 -80.76   3      29.59     2287.609     98.05852
       754    341.1614    278.4492     7005.606     284.0851  15.3864   0.0440     7.52    0.714  85.42   3      28.76     2099.264     97.62101
       755    669.9819    281.0000     5495.951     486.0755  15.6499   0.0960     6.67    0.522  -2.86   2      15.46     843.7441      94.6529
       756     85.5736    282.4356     4610.822     446.6873  15.8406   0.1052     5.98    0.376 -16.43   0      15.65     822.0981     95.11168
       757    522.8726    267.8462      1104029      1050.63   9.8925   0.0010    10.66    0.257  -0.94   0       1198     126220.6     256.8047
       758    208.8794    266.6995     267764.9      876.652  11.4306   0.0036     9.96    0.227  32.82   2      435.7     24380.78     139.6871
       759    748.5011    272.8209     23783.99     734.9334  14.0593   0.0336    14.60    0.325 -11.05   0      55.77     2495.977     97.79998
       760    824.5236    274.0137     23244.11     548.8766  14.0842   0.0256     8.54    0.353  -6.87   0      62.67     3037.396     100.0237
       761    645.1859    274.9002      15381.9     745.4448  14.5325   0.0526     9.46    0.428 -10.21   2      29.04     1418.165     96.02225
       762    958.0497    275.7473     6792.799     480.4192  15.4199   0.0768     5.50    0.313 -27.50   0      18.22     943.3408     95.40096
       763    624.7128    274.7423      8451.68     576.2729  15.1826   0.0740     9.01    0.437   0.15   2       21.6     992.8054     94.49882
       764    618.9131    272.2254     2971.703     276.4928  16.3175   0.1010     2.76    0.223  57.10   3      22.53     1685.448     96.15022
       765    139.0356    273.2393     32783.03     660.6182  13.7109   0.0219     8.93    0.413  -5.41   0      81.11     3931.392     101.7971
       766     32.6660    269.1798     191317.6      723.196  11.7956   0.0041     8.80    0.337  -4.06   0      369.7     22079.21      136.602
       767    256.1272    271.3798     16604.01      601.026  14.4495   0.0393     9.49    0.446  -4.11   0      41.52     1989.296     97.36465
       768    339.5039    267.3214     39386.14     829.2913  13.5116   0.0229    11.84    0.423 -13.61   0      77.82     3550.819     100.4627
       769    289.4217    271.6844     8694.713     621.8578  15.1519   0.0777     9.43    0.600  11.44   0      20.09     864.6754     94.19016
       770    737.4717    258.2446     49121.98     1005.942  13.2718   0.0222    15.78    0.394 -17.77   3      82.82     3827.445     101.5648
       771    730.8779    266.1563     35128.95     754.6581  13.6358   0.0233     9.85    0.543   0.45   3      69.94     2763.843     98.91154
       772    274.4354    267.9806     15817.48     686.3661  14.5022   0.0471    10.24    0.428  -4.27   0      36.15     1827.901     97.73364
       773    436.8402    267.0102     19613.19     804.5146  14.2686   0.0445    10.97    0.485  -8.63   2      40.24     1324.328     96.55552
       774    470.7829    265.3104     3676.945     215.6098  16.0863   0.0637     3.97    0.553  71.38   0      31.17     2729.926     98.58817
       775    809.9673    261.8733      7474.84     180.1878  15.3160   0.0262     4.62    0.198  70.94   3      101.1     6736.713     107.8786
       776    813.6007    256.9042     9893.897     592.3806  15.0116   0.0650    10.69    0.471   2.56   2      24.79     1013.101     95.05867
       777    696.5397    260.5461     9124.654     409.4708  15.0995   0.0487     6.69    0.413  38.13   0      38.49     4027.557     102.2488
       778     90.7516    256.3526     47382.44     712.2139  13.3110   0.0163    10.14    0.322  -3.58   3      105.4     5163.562     104.9744
       779     93.5499    246.1369     71014.02     818.9065  12.8716   0.0125    10.62    0.234 -31.50   3      139.5     6753.192     107.9133
       780   1021.4546    258.8407     10120.82     507.6924  14.9870   0.0545     6.81    0.287   1.13  24      25.62     1260.808     95.90201
       781    650.4579    257.7572      8207.98      540.378  15.2144   0.0715     6.82    0.370  17.23   0       23.5     885.9497     94.75418
       782   1013.9681    256.2787     6002.292     415.0943  15.5542   0.0751     5.58    0.390  88.86   0      19.46     1478.871     96.16582
       783    270.5049    252.9292     5055.294     217.0578  15.7406   0.0466     5.77    0.467  62.98   2      40.35       4352.6     102.0233
       784    309.2960    249.5152     47611.79     1142.084  13.3057   0.0261    18.64    0.373   8.11   2      66.05     1602.319     95.95352
       785    257.1493    248.8849     9350.021     619.1698  15.0730   0.0719     8.81    0.363 -30.93   2      21.74     934.0055     94.35729
       786    936.0233    250.0314     7376.518     169.6738  15.3304   0.0250     4.28    0.060  63.24   0      108.6     7291.656     109.4849
       787    563.9326    244.2330      50052.7     964.3534  13.2514   0.0209    10.34    0.325  -5.18   3      80.15     1971.992     97.32426
       788    561.6023    236.7167     21743.25     786.8558  14.1567   0.0393    13.92    0.341  -8.49   3      48.65     2169.086     98.03086
       789    124.3241    249.1961     7234.193     538.8455  15.3515   0.0809     6.90    0.551 -16.95   0      18.38     864.4327     94.70256
       790    993.4574    247.5502     7148.223     523.9935  15.3645   0.0796     3.96    0.451 -17.12   0      18.26      989.295     95.25639
       791      3.4599    239.5480      34324.7       607.69  13.6610   0.0192    14.93    0.415  78.50  26      87.17     3280.303     100.3329
       792    880.6497    240.9083     12901.22     557.7626  14.7234   0.0470    11.57    0.327 -27.01   0       32.6     1360.431     95.37887
       793    797.6878    241.9456     25327.79     549.7387  13.9910   0.0236    11.35    0.400 -19.88   2      85.05     7841.767     109.7415
       794    790.0078    240.9985     22606.97     188.9766  14.1144   0.0091     4.20    0.001  -2.48   3      208.5     22409.17     136.9731
       795    172.5127    241.0177     13086.67     567.5251  14.7079   0.0471    11.21    0.465  -8.69   0      35.73     1545.897     96.07227
       796    454.7195    238.8608     7833.914     535.7177  15.2651   0.0743     4.20    0.299  -7.83   2      23.94     1314.627     95.26966
       797    856.1801    241.3728     6384.368      443.511  15.4872   0.0754     6.25    0.400  -5.70   2      22.34     956.0304     95.43118
       798    739.2326    236.1212     21972.72     561.4469  14.1453   0.0277    11.28    0.426 -23.80   0      50.85     2145.753     97.72919
       799    626.9763    241.0006     4766.498      166.141  15.8045   0.0379     4.23    0.028 -43.36   2      75.35     4445.829     102.9392
       800    933.2472    275.2656     25355.73     625.0173  13.9898   0.0268    11.31    0.425  -1.93   2      62.41     2954.979     99.59329
       801    436.7372    238.7870     8660.905     579.4991  15.1561   0.0727     9.25    0.571 -14.43   0      22.25     960.7656     94.93346
       802    405.4263    237.1643      17147.4     554.0515  14.4145   0.0351     9.16    0.426  -5.05   0      45.78     2193.143     98.33328
       803   1021.3122    233.8197     47967.95     460.4019  13.2976   0.0104     8.55    0.058  87.96  24      148.4     8240.844     110.5649
       804     69.1821    235.5546     3313.368      226.202  16.1993   0.0741     2.81    0.490  31.01   0      27.46     2573.277     99.20798
       805     86.8312    232.6892     26949.63     835.3546  13.9236   0.0337    13.13    0.430  -6.06   1      49.49     2350.484     97.70953
       806     34.4387    230.8477     35253.49     775.2794  13.6320   0.0239     9.94    0.334  -0.83   3      79.14     3727.225     101.1009
       807     25.6283    222.3229      35041.4     786.8484  13.6385   0.0244     9.22    0.465  -1.24   3       75.6     3744.608     101.3792
       808     17.0466    223.8492     9512.351     179.3949  15.0543   0.0205     4.58    0.179 -72.98   3      112.3     8039.653     110.8083
       809    328.0711    231.1089     2391.857     166.5374  16.5532   0.0756     4.48    0.178  62.33   0      44.34     2041.999     97.23879
       810    836.0063    228.6913     17017.31     529.4019  14.4228   0.0338     9.10    0.402  -1.97   2      45.38      2313.12     98.11763
       811    691.0900    228.4215     16115.74     736.6803  14.4819   0.0496    13.59    0.527  36.61   0       33.9     986.7997     94.22763
       812    348.0980    230.7254     8869.576     432.3545  15.1302   0.0529     0.00    0.409 -14.57   0      28.52     2757.565     98.65186
       813    154.9640    218.3635     711064.9     932.4619  10.3702   0.0014    11.04    0.240  -3.35   0      918.3     81784.32     213.8933
       814     68.9217    223.9983     113373.3     735.4443  12.3637   0.0070    17.86    0.388   0.96   0      237.1     12873.44     120.1133
       815    553.4542    224.2947     14889.12     738.7652  14.5678   0.0539    10.21    0.417   5.05   0      30.83     1210.993     94.76683
       816    763.9908    223.9653     8631.869     515.3189  15.1597   0.0648     9.77    0.446  -6.73   0       25.1     1209.347     96.03257
       817    748.0241    224.0090        15202     179.8506  14.5452   0.0128     0.00    0.032  27.42   0      167.2     14999.78     124.2666
       818     49.3113    222.5191     13292.09     723.3572  14.6910   0.0591     9.31    0.283 -37.31   1       23.1     903.3099     94.53992
       819    370.2581    214.4782     8373.909     562.4134  15.1927   0.0729     9.14    0.492  -1.56   0      22.29     1081.445     94.71175
       820   1021.0025    212.9927        11883     418.3018  14.8127   0.0382    11.68    0.502   9.43  26      34.26     1549.045     96.33152
       821    568.3877    212.8878     14496.34     717.0098  14.5969   0.0537    10.67    0.481  -9.03   0      30.87     1219.788     95.29769
       822    474.3595    203.0839     50457.46     741.5045  13.2427   0.0160    17.93    0.470  -1.36   3      101.2     4598.319     102.8051
       823    718.3524    209.4054     8618.963      545.014  15.1614   0.0687     5.83    0.282   9.21   0      24.72     1063.951     95.18017
       824    914.0264    206.9903     40885.27     906.4453  13.4711   0.0241    15.78    0.414   6.89   2       72.6     3372.332     100.7818
       825    774.3505    208.0792     22420.73      600.202  14.1234   0.0291     9.60    0.467  -4.58   0      56.15     2587.149     98.25848
       826    188.5617    206.5034     18589.53     578.1661  14.3268   0.0338    13.71    0.512  -7.20   0      48.63     2244.622      96.9646
       827    494.3518    202.6759     253041.3     809.4667  11.4920   0.0035    20.47    0.379   1.67   2      433.7     24677.06     140.5135
       828    405.8058    205.0208     9608.349     629.9305  15.0434   0.0712    11.38    0.509   2.42   3      26.61     1310.945     95.76814
       829    401.0598    200.1420     11846.25     696.4479  14.8160   0.0638    10.66    0.326   5.42   3       25.7     1104.302     95.78365
       830    426.2320    203.6042     20734.27     662.8864  14.2083   0.0347     8.77    0.390  -7.76   0       52.8       2445.4     98.91459
       831    886.0612    202.2201     14185.27     660.6373  14.6204   0.0506    12.37    0.423  21.58   2      33.37     1223.863     95.56125
       832    963.2418    197.7327     11485.01     584.7632  14.8497   0.0553     0.00    0.423  12.29   0      30.94     1260.378     95.64806
       833     94.5371    197.2369     13570.15     526.7715  14.6685   0.0422     0.00    0.373  -8.77   0      38.71     2562.513     98.69361
       834    912.5466    193.9389      47720.6     1136.258  13.3032   0.0259    15.92    0.327  18.52   3      55.37     2039.223     97.48112
       835    907.3364    188.5009     28424.14     927.1375  13.8658   0.0354    12.70    0.441 -12.00   3      41.77     1710.833     95.95808
       836    649.0711    194.3180     34337.05     657.4783  13.6606   0.0208     8.65    0.368  -2.57   0      83.49     4018.352     101.5149
       837    758.2614    194.8741     6167.605     473.7744  15.5247   0.0834     6.49    0.539  -8.60   0      18.18     901.3593     94.79114
       838    318.9981    192.9820     11070.14     518.7335  14.8896   0.0509    11.65    0.500  -0.73   0      31.05     1407.727     95.99754
       839   1006.5591    191.6449     13437.79     580.3269  14.6792   0.0469    11.65    0.475  -2.41   0      37.33     1751.922     96.55842
       840     31.6125    190.2162     24168.13     664.0627  14.0419   0.0298    13.57    0.443  -4.12   2      56.89     2385.978     98.28625
       841    360.3468    190.0109     10226.93     571.7002  14.9756   0.0607    10.32    0.440  -5.69   0      28.28     1365.526     96.14986
       842    198.9420    190.8388      4211.26     300.5586  15.9390   0.0775     5.39    0.447  78.95   3      23.89     2242.067     97.95291
       843    194.1742    187.2049     10213.21     640.6334  14.9771   0.0681    11.73    0.426  -3.62   2       25.4     1140.314     95.61604
       844    156.2771    179.3896      21662.7     581.4597  14.1607   0.0291    15.94    0.400  13.44   0      49.08     2000.351     97.39046
       845    545.4777    181.0059     7698.223     536.7895  15.2840   0.0757     9.59    0.316   6.26   0       23.3     1064.157     95.43484
       846    457.0184    170.8782     5249.059     199.8367  15.6998   0.0413     2.66    0.318 -89.18   3      54.21      3087.82     100.1382
       847    458.1898    177.8952     92808.62     816.0757  12.5810   0.0095    10.40    0.389  -5.27   2      182.8     9118.606     112.7851
       848    342.5142    179.8903     10548.87     464.2762  14.9420   0.0478    11.86    0.395  -3.85   0      29.84      1317.44      95.5303
       849    912.0021    177.6787     21318.21     870.7712  14.1781   0.0444    10.80    0.372   4.55   1      35.08     1348.904     95.85817
       850    876.3677    180.0448     7985.086     579.2341  15.2443   0.0788     9.15    0.398  10.89   0      20.99     950.7694     95.41865
       851    511.1716    175.9836     29868.13     217.9253  13.8120   0.0079     4.98    0.278  -8.31   0        234     28105.79      146.451
       852    255.9954    174.1092     11543.59     249.3508  14.8441   0.0235     3.46    0.562 -89.79   0      81.17     6137.674     106.6091
       853   1017.7352    173.6417     13757.91     550.4633  14.6536   0.0435    12.39    0.451  -9.14  16      36.43     1585.087     96.41652
       854    319.8237    174.1640     11013.18     578.3303  14.8952   0.0570     8.51    0.478  -9.00   0      27.81     1427.568     96.79822
       855    224.3545    174.3986     3521.991     203.8925  16.1330   0.0629     2.73    0.419 -61.30   0      38.37     2869.239     99.64085
       856    775.7491    171.7287     7268.652     522.8888  15.3464   0.0781     7.64    0.345 -17.04   0      19.54     889.6776     94.50714
       857    589.1131    168.6131     76570.77     768.6147  12.7898   0.0109    17.36    0.307 -17.17   0      165.6     7642.065     109.5485
       858     44.6614    170.6038     20074.28      669.027  14.2434   0.0362    13.99    0.552  -8.57   3      45.06      2057.18     97.77107
       859     55.2534    169.0251     10072.56     597.5385  14.9922   0.0644     8.42    0.293 -16.76   3      26.45     1148.665     95.38224
       860    112.4172    169.6233      10652.4       587.54  14.9314   0.0599    11.01    0.283   8.30   0      28.84     1281.829     96.20395
       861    555.4971    170.9806       8818.4     576.4175  15.1365   0.0710     8.39    0.501  -1.69   2      21.62     1032.506     94.33781
       862    494.1115    170.2851     8638.942     542.7953  15.1588   0.0682     9.67    0.496  -2.70   0      24.29       1122.6     95.06563
       863    375.5700    171.0074     2707.237     211.7441  16.4187   0.0849     1.72    0.412 -13.82   0      20.23      1533.27     96.79613
       864    921.3702    167.2471     20113.46     849.3276  14.2413   0.0459    12.83    0.646   1.03   0      32.76     1336.389     96.33276
       865    528.6967    163.6952     99159.22     1120.317  12.5092   0.0123    24.21    0.551  -4.39   0      137.7     4268.247     102.0728
       866    338.0885    157.5911      14294.3     685.8616  14.6121   0.0521    11.27    0.499  -3.67   3      32.29     1303.752     95.49773
       867    725.3651    156.0828     44046.46     952.1849  13.3902   0.0235    18.09    0.322 -36.22   3      84.21     3943.076      101.585
       868    744.6666    141.1042     212237.8     994.5667  11.6829   0.0051     8.66    0.189  44.44   2      354.5     20459.15     133.3355
       869   1022.7988    164.1851     8552.107     381.5804  15.1698   0.0485     1.63    0.351 -84.40  24      29.21     2354.326     98.21303
       870    335.2855    163.3972     17642.39     806.9653  14.3836   0.0497    13.14    0.446  -6.55   3      36.32     1743.672     97.28889
       871   1005.2153    158.3718     7931.425     538.0151  15.2516   0.0737     9.08    0.521   0.16   0      23.14     1114.823      95.8086
       872    404.5070    158.8403     5278.948     184.0979  15.6936   0.0379    -0.50    0.209   1.53   3      62.54     4827.413     103.0756
       873    406.7812    153.9891     25183.58     528.3307  13.9972   0.0228    10.76    0.366  -0.65   2      65.68     3134.921     100.0031
       874    370.7434    155.3792     30029.09     583.6841  13.8061   0.0211     9.11    0.395  -2.43   0      77.32     3771.761     101.4401
       875    811.5122    155.1696     25703.79     622.2307  13.9750   0.0263    13.44    0.405  -6.50   0      62.96     3051.897     99.32762
       876    104.5773    153.0023     9902.626     494.2962  15.0106   0.0542    10.60    0.507  -4.00   0      26.75     1225.312      95.5647
       877    205.7503    153.3112     9183.281     590.0587  15.0925   0.0698    10.16    0.697   2.58   0      20.51     743.6564     93.89769
       878   1005.3419    145.4255     29933.76     795.3333  13.8096   0.0289    14.36    0.464 -10.59  19      57.06     2590.938     98.75905
       879    991.8068    144.8711     11886.51     719.5566  14.8124   0.0657    11.30    0.660   0.00   3      23.89     986.4199     94.99487
       880    801.1099    149.6984     34797.68     233.6175  13.6461   0.0073     5.49    0.392 -71.95   0        247     30744.24     149.6828
       881    310.3769    148.5053     20402.29     800.2094  14.2258   0.0426    10.04    0.432  -0.93   0      35.01     1527.669     95.52327
       882    631.2316    145.5916     53799.95     653.1382  13.1730   0.0132     8.78    0.370  -5.24   0        129     6669.217     108.1851
       883    687.2708    147.8392     3854.171     185.6223  16.0352   0.0523     2.41    0.355 -29.74   0      59.99     3258.821     100.2843
       884    596.5231    136.2380     707644.3      954.109  10.3755   0.0015    10.16    0.276  -5.58   0      911.8     81616.01     213.7144
       885    491.2346    147.1748     8226.798     533.6192  15.2119   0.0704     3.11    0.402  12.95   2      22.72     1771.248     97.35329
       886    375.9615    144.1127     13357.88     754.5217  14.6857   0.0613     9.97    0.375 -39.37   1       29.5     954.3905     94.40638
       887    863.8599    143.9068     8515.551     574.1924  15.1745   0.0732     8.93    0.495  -6.02   0      22.79     1181.177     94.95078
       888     52.3160    144.7984     7924.711     518.5228  15.2525   0.0711     6.79    0.595   4.20   0      19.56     1016.601     95.57533
       889    326.1145    136.2527     331197.7     810.4609  11.1998   0.0027    14.72    0.246  -8.39   0      551.8      37481.8     159.7371
       890     27.6347    139.6622     71554.34     659.2873  12.8634   0.0100     8.67    0.342  -6.03   0      167.2     8738.839     112.0172
       891    111.0164    138.9265     64400.84      614.909  12.9778   0.0104     9.43    0.394  -4.01   0        148     7355.105     109.3953
       892    488.7424    140.6752     7280.623     515.8979  15.3446   0.0770     7.12    0.425  -1.38   0      20.04     870.3684     94.46069
       893    905.5162    133.8371     25283.17     805.3632  13.9929   0.0346    15.11    0.363 -25.20   0      49.99     1960.329     96.79778
       894    774.8110    132.9739     16321.59     759.4119  14.4681   0.0505    13.20    0.363 -17.57   0      35.25     1542.483     96.56723
       895    860.9235    127.3315     17591.25      689.593  14.3868   0.0426    11.45    0.507  -1.46   0      43.47     2077.202      97.0718
       896    694.1145    125.0448     21817.46     868.8129  14.1530   0.0432    12.13    0.325   8.96   3      31.86     1365.481      95.3909
       897    684.2320    123.9782     23976.26     722.5273  14.0505   0.0327     0.00    0.500  21.32   3       56.1     5458.548     105.6111
       898    445.8168    127.3633     4934.744     424.6137  15.7668   0.0934     4.63    0.258 -22.05   0      17.04     1113.249      96.0574
       899    433.2597    127.2265     9577.495     628.9572  15.0469   0.0713     6.70    0.295  -1.04   0      23.22     1107.379     95.53772
       900   1011.5406    126.2048     10422.87     611.6935  14.9550   0.0637     9.42    0.522  -4.91  16      24.27     1035.361     95.36624
       901    795.1215    133.0585      2935.49     167.2776  16.3308   0.0619     1.79    0.211  61.43   0      41.11     2846.219     98.85589
       902    559.1706    121.5759     83005.08     735.1179  12.7022   0.0096    14.64    0.368  -7.81   2      175.9     9286.188     113.5498
       903    370.7625    123.6780     37020.83     963.1654  13.5789   0.0283    13.88    0.458 -26.30   0      59.62     2499.956     98.54945
       904     72.3785    122.7732     15547.74     578.0179  14.5208   0.0404    12.99    0.395  -3.41   0      41.26     2087.295     98.08833
       905    920.3043    121.9967     25393.01     1006.601  13.9882   0.0430    13.84    0.444 -19.83   3      35.37     1784.589     96.88564
       906    927.1519    116.6714     17696.75     765.3824  14.3803   0.0470     9.34    0.362 -10.03   3      30.68     1470.677     96.14645
       907    754.4983    122.5869     9213.355     567.0409  15.0890   0.0668    10.23    0.444 -11.97   0      24.25     1126.045     95.32832
       908    730.5565    146.1261     30621.43     450.4152  13.7849   0.0160     0.00    0.612   4.89   3      112.4     6632.033     107.6578
       909    536.3429    122.4687     17176.01     800.0499  14.4127   0.0506    11.31    0.423  -5.45   0      30.23     1300.336     95.48959
       910    262.8980    118.2250      34307.3     1013.404  13.6615   0.0321    14.74    0.411   1.94   1         46     1952.389     96.27721
       911    523.4561    117.2656      17355.1     811.3753  14.4014   0.0508     9.56    0.485 -20.70   0      27.35       953.87     94.91695
       912    280.4647    113.6573      37900.8     781.4987  13.5534   0.0224     9.39    0.355  -5.14   0      82.53      3963.36     101.8684
       913    733.1477    115.1865     2696.691     220.1466  16.4229   0.0887     4.04    0.328  43.99   0      31.56     1594.382      96.6893
       914    654.5565    114.0502     11635.79     570.1395  14.8355   0.0532    11.10    0.437  -3.56   0      30.69     1448.171     96.34501
       915    625.7887    112.9266     22247.61     667.0467  14.1318   0.0326    14.00    0.445  -2.78   0      56.32      2721.26     99.30276
       916     78.8796    112.7252     15148.62     648.9478  14.5491   0.0465    13.42    0.669   8.09   2      31.98     1282.742     94.93874
       917    379.1905    103.3900      79112.2     1335.587  12.7544   0.0183    25.64    0.615  -4.90   2      91.25     2926.043     99.52724
       918    788.8792    106.5979     15599.17     640.6534  14.5172   0.0446    13.87    0.569  -5.30   2      33.78     1458.991     96.11883
       919    197.3180    109.8598     6911.864     535.3263  15.4010   0.0841     7.84    0.597  -9.27   0      18.51     848.8779     94.15203
       920    841.6404    107.9543     10914.86     621.6953  14.9050   0.0619    10.18    0.491   4.19   0      27.06     1297.336     95.48245
       921    531.5670    108.1141     8689.625     622.8291  15.1525   0.0778     7.95    0.571  -3.36   0      19.24     716.6523     94.09013
       922    996.9366    108.0288     5117.042     166.6199  15.7275   0.0354     4.38    0.116 -27.70   0      80.39     4705.651     103.5113
       923      3.9837     99.0925      11801.3     455.6786  14.8202   0.0419    10.96    0.078 -55.12  24      37.15     1812.009     96.44891
       924    618.0147    100.2553     13796.22     686.5792  14.6506   0.0540    11.23    0.538  -4.72   3      29.85      1386.39     96.19916
       925    629.4330     95.1820     36440.78     742.9243  13.5960   0.0221    12.01    0.442  -5.14   3      80.62     3990.292     102.4027
       926    499.2798     98.7434      7394.67     557.6905  15.3277   0.0819     9.09    0.470  -1.56   0      18.56     777.1635     93.97876
       927    456.1298     98.3507     19800.95     733.7007  14.2583   0.0402    13.77    0.537   6.53   2      36.85     1796.252     96.91299
       928    441.0911    100.0046     3400.693     167.9085  16.1711   0.0536     0.00    0.149  30.12   0      57.52     3063.182      99.8399
       929    582.7872     96.5258     7604.366     384.1813  15.2973   0.0549    10.70    0.522   3.12   0      23.11     1127.743     95.58614
       930     45.6172     93.6096     72102.63     590.6862  12.8551   0.0089     0.00    0.247  -2.47   0      190.8     10240.01     115.0226
       931    783.9749     95.0384      12619.8     176.5574  14.7474   0.0152    -6.76    0.090 -51.25   0      149.6      12369.8     119.7649
       932    750.3412     96.0702     5383.492     444.3628  15.6723   0.0896     5.30    0.282  14.23   0      15.81     844.5054     94.65472
       933    378.8114     90.4340     29034.83     837.3695  13.8427   0.0313    13.87    0.427  -8.98   0      57.32     2801.923     99.97301
       934     23.0596     91.0553     17734.42     857.2112  14.3780   0.0525    11.91    0.387  -2.93   0      29.05     1063.544     95.68689
       935    300.1798     87.4169     98021.33     832.2103  12.5217   0.0092    16.71    0.563 -12.34   0      174.8     7121.603     109.1313
       936    646.3710     89.8817     6550.071     543.0364  15.4594   0.0900     8.79    0.485  14.58   0      17.74     874.6548     94.72709
       937    779.8383     84.9590     20718.53     592.4441  14.2091   0.0311    16.26    0.198  19.21   0       45.7      1462.18     96.12637
       938    756.0276     89.0679     4002.591     165.0927  15.9941   0.0448     4.37    0.118  61.06   0      69.94     3653.184     101.1741
       939    433.7861     88.5866     6377.617     493.9005  15.4884   0.0841     7.64    0.321   8.28   2      19.57     864.6974     94.70319
       940    209.5224     87.4622     9686.996     500.2868  15.0345   0.0561     3.88    0.275 -22.18   2       25.3     1649.678     96.31746
       941    874.6545     84.9278     28816.02     609.6132  13.8509   0.0230     8.87    0.334  -4.38   0      71.07     3335.514     100.2165
       942    150.6321     83.3157     70757.76     767.6833  12.8756   0.0118     8.56    0.387  -5.05   2      156.2      8195.12     110.6899
       943    114.1135     79.8583     8987.813     375.4419  15.1159   0.0454     9.51    0.356 -10.82   0      28.54     1703.401     96.19264
       944     33.0044     78.5645      12887.6     243.2139  14.7246   0.0205     3.73    0.572 -89.95   0      73.66     6364.376     107.5428
       945    206.3654     73.2251     12401.05     613.4161  14.7664   0.0537    12.24    0.215 -22.48   0      33.99     1569.828     96.88194
       946    879.1135     69.4580     66646.25     841.0604  12.9406   0.0137    13.08    0.317 -10.75   2      130.2      6524.17      106.978
       947   1001.0356     72.1036     33347.32     932.8989  13.6923   0.0304    19.11    0.715 -10.48  16      56.88     1197.728     94.47896
       948    909.3974     71.2180     18783.25     591.7012  14.3156   0.0342    12.97    0.497  -6.23   0      46.23      2278.45     98.03729
       949    565.1922     71.5178     6857.027     463.7732  15.4097   0.0735     8.44    0.451   6.34   0      20.14     935.7579     95.12857
       950    257.8583     66.5329     69155.47     1129.867  12.9004   0.0177    15.54    0.269  40.25   2      104.3     2689.499     98.98561
       951    730.7331     69.1025     8034.666     569.7661  15.2376   0.0770     8.08    0.619  -5.08   0      20.77     902.5797     94.28157
       952    993.9105     65.2101     6215.065     339.8106  15.5164   0.0594     2.84    0.414  89.46   1      36.47      3053.75     99.57545
       953    205.9800     64.0720     10105.77      173.291  14.9886   0.0186     0.00    0.133 -84.15   0      124.5     9382.006     113.5282
       954    669.8851     62.7456     15630.55     563.1916  14.5151   0.0391     8.61    0.436   0.97   0      42.01      2087.23     97.09528
       955    580.1656     62.9315     9372.135     185.8529  15.0704   0.0215     0.00    0.239 -25.91   0      117.1     8431.239     111.3913
       956    648.9255     61.0220     5115.985      401.247  15.7277   0.0852     7.76    0.222 -40.90   0      17.09     835.2566     94.88816
       957    273.6414     57.6417     37118.29     734.1122  13.5760   0.0215    12.13    0.390   0.15   1      79.72     3818.093     101.5438
       958     59.3926     56.5240     33100.68     662.5581  13.7004   0.0217    10.85    0.432 -10.39   2      86.16     10106.11     114.7577
       959    898.0568     59.1353     9280.353     611.2689  15.0811   0.0715     8.69    0.400  10.76   0      21.78     1065.172     95.18309
       960    434.7212     59.4342     19338.37     228.8999  14.2840   0.0129     2.41    0.421  63.14   0      144.9     14832.31     123.7643
       961    496.7092     57.5062     19659.23     643.9758  14.2661   0.0356     0.53    0.336  20.13   0      58.52     1648.198     96.31397
       962    463.8830     51.7988     33718.44     930.3892  13.6803   0.0300    10.76    0.189 -41.53   0      59.89     2181.054      98.0586
       963     35.3601   1018.8630     12202.31     682.5112  14.7839   0.0607    11.07    0.468 -17.71  18      25.47     1116.894      95.3065
       964    333.7758     54.0303      2284.24     166.3905  16.6031   0.0791     2.08    0.173  -0.46   0      29.86     2085.566     98.08433
       965    199.8453     55.7099     23605.78     377.8308  14.0675   0.0174    -0.18    0.405  86.17   0      151.2     15894.67      125.314
       966    544.8720     51.9808     8174.537     558.0082  15.2188   0.0741     7.79    0.279  -3.23   0      21.93     933.9471     95.12424
       967    222.4880     46.2615     159790.2     745.6009  11.9911   0.0051    11.08    0.298 -10.17   0      315.2     17926.51     128.9464
       968     45.9551     51.0147     5863.312     469.7767  15.5796   0.0870     6.25    0.571 -16.45   0      16.71      926.131     95.35995
       969    971.8584     44.7914     35635.62     761.2025  13.6203   0.0232    12.03    0.282  -1.14   0      76.04     3452.744      100.963
       970    511.7916     48.4995     6701.977     566.0334  15.4345   0.0917     7.76    0.417  24.90   0      16.77     816.5546     94.58759
       971    435.7990     46.4503     9154.147     598.2023  15.0960   0.0710     9.51    0.595   7.20   0         22     907.1508     94.80502
       972    475.3756     44.9461     9852.838     592.3648  15.0161   0.0653     9.38    0.471 -20.04   1      22.27      980.716     94.98122
       973    855.5515     41.6785     33182.61     828.3209  13.6977   0.0271    13.59    0.476 -23.28   0      60.46     2638.996     98.62426
       974    361.6124     43.0097      30779.2     878.7679  13.7794   0.0310    14.51    0.390   3.87   2      54.53      2586.36     98.74851
       975    794.6340     41.0234     16934.91     596.0927  14.4280   0.0382     9.03    0.430  -5.94   2      40.97     2134.835     98.19843
       976    573.0807     39.4997     7907.971     576.0584  15.2548   0.0791     4.87    0.353  18.29   0      19.99     987.7745     94.22998
       977     32.0009   1015.0078     12059.25     175.8344  14.7967   0.0158     4.21    0.001 -67.27   3        142     11569.69     117.6206
       978    854.0303   1021.0106     3950.393     281.6303  16.0084   0.0774     4.43    0.013  -7.45  18      19.77     1597.805     96.94754
       979    672.8475     37.3699     6781.219     476.6169  15.4217   0.0763     8.66    0.373  18.37   2      20.01     943.4379     95.40118
       980    484.8073     35.8731     13839.85     610.9825  14.6472   0.0479     7.85    0.368  -5.23   0      35.88     1769.209     96.84956
       981    940.9438     36.0721      8755.79     175.0069  15.1443   0.0217     0.00    0.152 -52.56   0      115.1     8146.496       110.59
       982    626.4277     54.0220     17429.78     579.8029  14.3968   0.0361    12.16    0.398  -1.77   2      42.94     2082.838     98.07801
       983    608.3286     33.8659     14298.27     754.0021  14.6118   0.0573    11.04    0.415   1.76   1      28.54     1074.829     94.95135
       984    348.7264     34.3826     31623.68       874.15  13.7500   0.0300     8.21    0.450  -2.45   0      45.93     2528.841     98.86139
       985    397.8066     35.0331     4427.756     393.2303  15.8845   0.0964     4.04    0.199  -0.05   0      14.24     834.8299     95.14211
       986    591.2655     30.1851     49381.18     275.2108  13.2661   0.0061     6.29    0.440  30.26   0      310.7     47029.84     173.0689
       987     80.4377     33.1179     5196.919     437.3983  15.7106   0.0914     4.32    0.491   0.35   0       16.1     948.0087     94.64732
       988    784.3706     28.8818      22039.8     750.7059  14.1420   0.0370    10.60    0.479  -2.89   0      48.08     2417.314     98.35868
       989    152.5644     34.0517     12951.22     611.6428  14.7192   0.0513     9.72    0.434  -9.96   0      33.69      1544.67      96.3212
       990    505.1021     26.8787     27591.01     697.2375  13.8981   0.0274    12.64    0.360  -5.41   2      61.82     2401.717     97.82863
       991     59.4359   1018.3571     7811.921     551.3083  15.2681   0.0766     7.57    0.357 -10.69  18      20.26     869.2496     94.96954
       992     14.4014   1018.3087     19526.08     745.0834  14.2735   0.0414     9.87    0.346  -7.60  16      32.75     1367.129     95.90137
       993    720.3912     24.9322     26409.19     914.1412  13.9456   0.0376    13.58    0.521   0.03   3       38.2     1666.203     96.60754
       994    996.0895   1013.0803      21914.7     666.9333  14.1482   0.0331    10.93    0.395 -10.87  16      51.96      2345.29      97.9451
       995    707.0371     25.3509      15671.2     724.1043  14.5122   0.0502     9.77    0.262  20.36   1      27.05     1192.374     95.23229
       996    732.9371   1014.9681     5493.599     167.1327  15.6504   0.0330     0.00    0.127  30.93   0      82.57     4870.464     103.8725
       997    591.2224   1012.5397      13250.7     729.1814  14.6944   0.0598    10.56    0.340 -77.60  16      24.83     835.0866      94.6321
       998    698.4540   1012.8408     5038.091     442.8206  15.7443   0.0955     7.08    0.395  -9.96   0      17.01     878.4874     94.99165
       999    824.8986     21.5478     6771.654     325.6291  15.4233   0.0522     6.27    0.240 -69.32   0      43.79     3532.983     100.1808
      1000    197.0023   1008.3871     37096.49     787.4418  13.5767   0.0231     9.03    0.333   2.52  18      78.22     3423.677     100.6572
      1001    776.3700     19.9854     8358.141      566.698  15.1947   0.0736     7.11    0.470 -18.45   1      20.19     826.7711     95.12285
      1002    932.9973     19.9972     60218.33     229.8004  13.0507   0.0041     0.00    0.010  26.44   4      353.7     59711.57     188.9901
      1003    561.4319   1004.9385     17210.09     636.4847  14.4105   0.0402    16.25    0.451  33.79  18       37.3     1635.364     96.53496
      1004    398.9964   1007.9969     57085.78     226.6811  13.1087   0.0043     0.00    0.011  27.12   0      343.5     56440.09     185.0142
      1005    787.7525    999.9772     8047.513     619.6696  15.2358   0.0836     2.55    0.660 -29.94   2      19.29     741.7751     94.91956
      1006    774.3959   1000.9796     19371.79      805.199  14.2821   0.0451     9.38    0.399  14.58   3      33.96     1561.536     96.36099
      1007     99.3538     24.8293     8710.746     576.3751  15.1499   0.0719     7.80    0.464 -10.41   0      19.59     915.5701     95.33477
      1008    772.9947    995.0906     19948.07     807.6144  14.2502   0.0440    12.86    0.391 -10.17   3      41.29     1759.315     96.82634
      1009   1008.0630   1002.9538     6606.688     168.6395  15.4500   0.0277     4.34    0.109 -30.25   0      96.89     6376.146     107.1163
      1010    581.9362   1002.8671     5189.256     461.6452  15.7122   0.0966     5.82    0.197  13.43   0      15.91        879.1      94.4817
      1011     78.6378   1001.3430     10431.15     610.7057  14.9542   0.0636    10.33    0.507   5.24   0      27.05     1157.263     95.40273
      1012    424.2542   1000.7947     8449.293     558.1201  15.1829   0.0717     8.18    0.357  -6.16   0      21.96     1097.976     95.51534
      1013    683.5894    998.9432     24195.96     696.1299  14.0406   0.0312     8.55    0.404  -5.66   0      55.51     2717.584     99.29434
      1014    299.4684   1000.3511     7999.179     619.6519  15.2424   0.0841     8.22    0.587  -9.90   0      18.13     754.1116     94.43743
      1015    729.8389    996.7379     18393.01     865.1209  14.3384   0.0511    12.05    0.213 -83.74   2      29.57     1043.687     95.13177
      1016    443.4515    999.3522     6825.387     528.4576  15.4147   0.0841     8.86    0.513   1.47   0      21.05     1008.438     95.30206
      1017    222.9836    997.5307     12631.66     737.2494  14.7463   0.0634    11.05    0.575 -22.99   3      24.89     1000.021     95.28198
      1018    232.0752    992.1653     20369.75     852.9538  14.2275   0.0455    10.42    0.432   4.98   2      37.22     1473.247     96.15253
      1019    920.8140    994.3860     17922.36     685.2976  14.3665   0.0415    12.63    0.463 -19.94   0       44.1     1921.011     97.20513
